id,price,sqm,bedrooms,bathrooms,floor,year_built,energy_class,suburb,area,latitude,longitude,elevator,renovated,furnished,heating_type,price_per_sqm,property_age,metro_distance_m,uni_distance_m,hospital_distance_m,park_distance_m
1220098544,2000,86,3,1,6,1974.0,8,Άλιμος (Αθήνα - Νότια Προάστια),Αθήνα - Νότια Προάστια (Αττική),37.911819,23.71162,1,1,1,2.0,23.26,52.0,3290,5401,6293,3476
1220507179,950,110,2,1,8,2000.0,2,Πετρούπολη (Αθήνα - Δυτικά Προάστια),Αθήνα - Δυτικά Προάστια (Αττική),38.048141,23.67893,1,0,0,1.0,8.64,26.0,3287,6230,3948,3024
1220506771,600,55,1,1,3,1975.0,6,Ζωγράφου (Αθήνα - Νότια Προάστια),Αθήνα - Νότια Προάστια (Αττική),37.977215,23.776119,0,1,1,1.0,10.91,51.0,1822,586,1152,2766
1216177219,1200,90,2,1,6,2010.0,7,Γλυφάδα (Αθήνα - Νότια Προάστια),Αθήνα - Νότια Προάστια (Αττική),37.872681,23.773144,0,0,0,1.0,13.33,16.0,3403,10681,11713,9608
1220430682,700,85,1,1,3,1972.0,4,Νέα Σμύρνη (Αθήνα - Νότια Προάστια),Αθήνα - Νότια Προάστια (Αττική),37.9492,23.714279,0,1,0,2.0,8.24,54.0,1585,1248,4142,411
1219481411,1800,100,1,1,9,1967.0,6,Κολωνάκι - Λυκαβηττός (Αθήνα - Κέντρο),Αθήνα - Κέντρο (Αττική),37.978561,23.743891,1,1,0,2.0,18.0,59.0,374,2014,400,367
1220132993,1200,58,1,1,9,1960.0,8,Κολωνάκι - Λυκαβηττός (Αθήνα - Κέντρο),Αθήνα - Κέντρο (Αττική),37.981411,23.73774,1,1,0,2.0,20.69,66.0,450,1500,1017,472
1220409644,630,33,1,1,6,1970.0,7,Αττική (Αθήνα - Κέντρο),Αθήνα - Κέντρο (Αττική),37.998516,23.726299,1,1,1,4.0,19.09,56.0,324,712,3097,1054
1219818462,950,100,2,1,9,1990.0,5,Νέος Κόσμος (Αθήνα - Κέντρο),Αθήνα - Κέντρο (Αττική),37.954468,23.716585,1,0,0,2.0,9.5,36.0,1125,639,3590,1019
1220141089,1600,135,2,1,6,1988.0,6,Νέα Ερυθραία (Αθήνα - Βόρεια Προάστια),Αθήνα - Βόρεια Προάστια (Αττική),38.090473,23.829016,1,0,0,2.0,11.85,38.0,2639,13230,7468,3892
1220342301,700,72,2,1,9,1985.0,9,Νέος Κόσμος (Αθήνα - Κέντρο),Αθήνα - Κέντρο (Αττική),37.95414,23.725655,1,0,0,1.0,9.72,41.0,487,1008,3073,1390
1220432356,680,120,2,1,6,1980.0,9,Νέος Κόσμος (Αθήνα - Κέντρο),Αθήνα - Κέντρο (Αττική),37.960106,23.731133,1,0,0,1.0,5.67,46.0,334,1230,2254,1558
1220243604,790,95,3,1,6,1982.0,6,Πατήσια (Αθήνα - Κέντρο),Αθήνα - Κέντρο (Αττική),38.015881,23.739389,1,1,0,2.0,8.32,44.0,935,2490,3578,2621
1220350182,700,83,2,1,6,1995.0,8,Ίλιον (Αθήνα - Δυτικά Προάστια),Αθήνα - Δυτικά Προάστια (Αττική),38.022327,23.703981,0,0,0,4.0,8.43,31.0,1298,3992,3753,1418
1220450211,1700,168,3,2,9,1975.0,6,Παλαιό Φάληρο (Αθήνα - Νότια Προάστια),Αθήνα - Νότια Προάστια (Αττική),37.928703,23.693804,1,1,0,2.0,10.12,51.0,4304,3863,4169,1173
1220392539,850,97,3,2,9,1972.0,8,Νέος Κόσμος (Αθήνα - Κέντρο),Αθήνα - Κέντρο (Αττική),37.95108,23.724579,1,0,0,Άγνωστο,8.76,54.0,830,1208,3402,1101
1220496635,400,34,1,1,3,1980.0,4,Λεωφόρος Πατησίων - Λεωφόρος Αχαρνών (Αθήνα - Κέντρο),Αθήνα - Κέντρο (Αττική),38.014954,23.721027,1,1,0,Άγνωστο,11.76,46.0,742,2510,4793,2423
1220505048,600,47,1,1,2,2025.0,2,Δάφνη (Αθήνα - Νότια Προάστια),Αθήνα - Νότια Προάστια (Αττική),37.946323,23.729605,0,0,0,1.0,12.77,1.0,831,1893,3639,1354
1220340185,1950,130,3,2,3,2006.0,5,Κηφισιά (Αθήνα - Βόρεια Προάστια),Αθήνα - Βόρεια Προάστια (Αττική),38.093597,23.788843,0,1,0,13.0,15.0,20.0,2822,12111,6905,4397
1220143843,1300,134,3,2,6,2004.0,6,Βριλήσσια (Αθήνα - Βόρεια Προάστια),Αθήνα - Βόρεια Προάστια (Αττική),38.048241,23.84577,1,1,1,1.0,9.7,22.0,2942,9635,5374,3202
1220333837,750,86,2,1,4,1985.0,5,Γαλάτσι (Αθήνα - Δυτικά Προάστια),Αθήνα - Δυτικά Προάστια (Αττική),38.017296,23.747227,0,1,0,1.0,8.72,41.0,1235,2882,3262,2939
1220488534,500,46,1,1,3,1970.0,7,Κολωνάκι - Λυκαβηττός (Αθήνα - Κέντρο),Αθήνα - Κέντρο (Αττική),37.983456,23.738012,0,1,0,Άγνωστο,10.87,56.0,576,1295,1150,482
1220213399,1350,102,3,1,9,2025.0,1,Πετρούπολη (Αθήνα - Δυτικά Προάστια),Αθήνα - Δυτικά Προάστια (Αττική),38.044102,23.677877,1,0,0,2.0,13.24,1.0,2860,5777,3498,2911
1220341551,550,35,1,1,6,1978.0,4,Βύρωνας (Αθήνα - Νότια Προάστια),Αθήνα - Νότια Προάστια (Αττική),37.963081,23.74976,1,1,1,Άγνωστο,15.71,48.0,1471,1599,1455,817
1220271181,750,85,2,1,6,2025.0,3,Αρτέμιδα (Λούτσα) (Αθήνα - Ανατολικά Προάστια),Αθήνα - Ανατολικά Προάστια (Αττική),37.973518,24.006737,0,0,0,1.0,8.82,1.0,16226,19633,20204,19530
1220335702,1460,100,2,1,8,1984.0,5,Κηφισιά (Αθήνα - Βόρεια Προάστια),Αθήνα - Βόρεια Προάστια (Αττική),38.085781,23.803595,1,1,1,2.0,14.6,42.0,1445,11945,6184,3133
1219582887,1850,112,2,1,6,1975.0,9,Κηφισιά (Αθήνα - Βόρεια Προάστια),Αθήνα - Βόρεια Προάστια (Αττική),38.078876,23.81814,1,1,1,2.0,16.52,51.0,1068,11722,5884,2361
1220342058,1600,75,2,1,8,1970.0,10,Κολωνάκι - Λυκαβηττός (Αθήνα - Κέντρο),Αθήνα - Κέντρο (Αττική),37.976929,23.745251,1,1,1,2.0,21.33,56.0,164,2088,192,574
1220425458,1000,100,1,1,0,2000.0,10,Βάρη - Βάρκιζα (Αθήνα - Νότια Προάστια),Αθήνα - Νότια Προάστια (Αττική),37.847679,23.839216,0,0,1,Άγνωστο,10.0,26.0,9759,14879,16398,15448
1220425271,800,45,1,1,3,2005.0,1,Καλλιθέα (Αθήνα - Νότια Προάστια),Αθήνα - Νότια Προάστια (Αττική),37.959251,23.71357,1,1,1,Άγνωστο,17.78,21.0,1291,327,3480,1530
1220310318,525,40,1,1,3,1973.0,6,Λεωφόρος Πατησίων - Λεωφόρος Αχαρνών (Αθήνα - Κέντρο),Αθήνα - Κέντρο (Αττική),37.998829,23.732269,1,1,1,Άγνωστο,13.12,53.0,839,515,2852,762
1220272719,750,63,1,1,7,1962.0,6,Παγκράτι (Αθήνα - Κέντρο),Αθήνα - Κέντρο (Αττική),37.972736,23.744822,1,1,0,2.0,11.9,64.0,412,1964,414,342
1220310286,550,40,1,1,3,1980.0,7,Πετρούπολη (Αθήνα - Δυτικά Προάστια),Αθήνα - Δυτικά Προάστια (Αττική),38.046112,23.683746,0,0,0,1.0,13.75,46.0,3026,6044,3925,2546
1220109896,680,63,1,1,8,2000.0,6,Περιστέρι (Αθήνα - Δυτικά Προάστια),Αθήνα - Δυτικά Προάστια (Αττική),38.010258,23.699934,1,0,0,1.0,10.79,26.0,442,2931,3360,2805
1220482669,650,45,1,0,7,1968.0,5,Εξάρχεια - Νεάπολη (Αθήνα - Κέντρο),Αθήνα - Κέντρο (Αττική),37.986885,23.733072,1,0,0,Άγνωστο,14.44,58.0,535,816,1725,662
1220406979,550,54,1,1,6,1957.0,4,Λεωφόρος Πατησίων - Λεωφόρος Αχαρνών (Αθήνα - Κέντρο),Αθήνα - Κέντρο (Αττική),38.010551,23.731609,1,1,0,Άγνωστο,10.19,69.0,321,1819,3746,2037
1219918464,1500,160,3,2,3,2006.5,5,Αχαρνές (Αθήνα - Δυτικά Προάστια),Αθήνα - Δυτικά Προάστια (Αττική),38.145588,23.755386,0,0,0,1.0,9.38,19.5,9272,16954,13007,10877
1220090248,1700,95,3,2,7,2023.0,2,Κηφισιά (Αθήνα - Βόρεια Προάστια),Αθήνα - Βόρεια Προάστια (Αττική),38.068256,23.815012,1,0,0,13.0,17.89,3.0,515,10511,4713,1149
1220320826,2000,72,2,1,8,2026.0,1,Βούλα (Αθήνα - Νότια Προάστια),Αθήνα - Νότια Προάστια (Αττική),37.849705,23.761009,1,0,1,4.0,27.78,0.0,5006,12876,13923,11416
1220321914,1400,100,2,1,7,1963.0,5,Παγκράτι (Αθήνα - Κέντρο),Αθήνα - Κέντρο (Αττική),37.973141,23.747049,1,1,0,2.0,14.0,63.0,330,1787,318,383
1220144649,850,63,2,1,6,1975.0,2,Καλλιθέα (Αθήνα - Νότια Προάστια),Αθήνα - Νότια Προάστια (Αττική),37.952972,23.699455,1,1,1,1.0,13.49,51.0,2620,1743,4882,1537
1219888049,850,83,2,1,3,1976.0,2,Παγκράτι (Αθήνα - Κέντρο),Αθήνα - Κέντρο (Αττική),37.958786,23.744514,0,1,0,2.0,10.24,50.0,1187,2223,1927,1232
1220295983,1000,90,2,1,6,1965.0,3,Εξάρχεια - Νεάπολη (Αθήνα - Κέντρο),Αθήνα - Κέντρο (Αττική),37.988186,23.741123,1,1,0,2.0,11.11,61.0,1141,1022,1453,681
1220295953,1050,90,2,1,7,1970.0,6,Άλιμος (Αθήνα - Νότια Προάστια),Αθήνα - Νότια Προάστια (Αττική),37.917461,23.706146,1,1,0,4.0,11.67,56.0,3698,4848,5593,2697
1220313328,1350,65,1,1,3,2020.0,2,Γλυφάδα (Αθήνα - Νότια Προάστια),Αθήνα - Νότια Προάστια (Αττική),37.861439,23.765263,1,0,1,13.0,20.77,6.0,3948,11767,12838,10365
1220331522,1100,70,1,1,6,1961.0,8,Κολωνάκι - Λυκαβηττός (Αθήνα - Κέντρο),Αθήνα - Κέντρο (Αττική),37.982155,23.75102,0,1,0,1.0,15.71,65.0,350,2034,766,695
1220431494,1300,120,3,2,6,1970.0,2,Ελληνικό (Αθήνα - Νότια Προάστια),Αθήνα - Νότια Προάστια (Αττική),37.891296,23.760714,0,1,1,2.0,10.83,56.0,1500,8564,9494,7278
1220262844,1200,95,2,1,10,1978.0,6,Χολαργός (Αθήνα - Βόρεια Προάστια),Αθήνα - Βόρεια Προάστια (Αττική),38.003895,23.804707,1,1,0,2.0,12.63,48.0,693,3535,3118,5931
1220262510,1300,86,1,1,8,2000.0,6,Μαρούσι (Αθήνα - Βόρεια Προάστια),Αθήνα - Βόρεια Προάστια (Αττική),38.028732,23.7843,1,1,0,2.0,15.12,26.0,1694,5732,460,4060
1220195068,1600,74,2,1,6,2023.0,1,Γλυφάδα (Αθήνα - Νότια Προάστια),Αθήνα - Νότια Προάστια (Αττική),37.883316,23.765944,1,0,0,2.0,21.62,3.0,2208,9483,10438,8271
1220503865,700,50,1,1,9,1988.0,3,Νέα Σμύρνη (Αθήνα - Νότια Προάστια),Αθήνα - Νότια Προάστια (Αττική),37.946278,23.705954,1,1,0,13.0,14.0,38.0,2370,1831,4892,728
1220500669,1450,220,3,2,3,1990.0,5,Διόνυσος (Αθήνα - Βόρεια Προάστια),Αθήνα - Βόρεια Προάστια (Αττική),38.105801,23.876551,0,0,0,1.0,6.59,36.0,6989,16489,11317,7766
1220274874,550,56,1,1,8,1980.0,7,Σεπόλια - Σκουζέ (Αθήνα - Κέντρο),Αθήνα - Κέντρο (Αττική),37.99971,23.71431,1,0,0,1.0,9.82,46.0,737,1691,3900,2031
1217980372,750,95,2,1,8,1972.0,5,Λεωφόρος Πατησίων - Λεωφόρος Αχαρνών (Αθήνα - Κέντρο),Αθήνα - Κέντρο (Αττική),38.004913,23.732389,1,1,0,Άγνωστο,7.89,54.0,469,1191,3398,1409
1220469657,580,55,1,1,3,1975.0,7,Χαϊδάρι (Αθήνα - Δυτικά Προάστια),Αθήνα - Δυτικά Προάστια (Αττική),38.002258,23.66507,0,1,0,Άγνωστο,10.55,51.0,593,1417,1462,5247
1220451891,480,30,1,1,7,1978.0,7,Αιγάλεω (Αθήνα - Δυτικά Προάστια),Αθήνα - Δυτικά Προάστια (Αττική),37.996319,23.672449,0,1,0,Άγνωστο,16.0,48.0,470,510,2287,5307
1220212691,1100,95,3,1,9,1991.0,5,Αμπελόκηποι - Πεντάγωνο (Αθήνα - Κέντρο),Αθήνα - Κέντρο (Αττική),37.989498,23.758789,1,1,0,Άγνωστο,11.58,35.0,286,2379,703,1620
1220492138,700,50,1,1,9,1978.0,7,Γκύζη - Πεδίον Άρεως (Αθήνα - Κέντρο),Αθήνα - Κέντρο (Αττική),37.993149,23.742769,1,1,0,2.0,14.0,48.0,1414,925,1944,632
1220396285,1000,125,3,1,7,1995.0,6,Ζωγράφου (Αθήνα - Νότια Προάστια),Αθήνα - Νότια Προάστια (Αττική),37.974548,23.770969,1,1,0,1.0,8.0,31.0,1686,764,1138,2251
1220358595,650,50,1,1,7,2005.0,5,Πολύγωνο - Τουρκοβούνια (Αθήνα - Κέντρο),Αθήνα - Κέντρο (Αττική),38.003639,23.75128,1,0,0,1.0,13.0,21.0,1573,1967,1890,1850
1220291922,600,50,1,1,8,1972.0,8,Ζωγράφου (Αθήνα - Νότια Προάστια),Αθήνα - Νότια Προάστια (Αττική),37.972759,23.76783,0,1,0,Άγνωστο,12.0,54.0,1513,475,1268,1942
1219599331,1100,80,2,1,7,1980.0,6,Εξάρχεια - Νεάπολη (Αθήνα - Κέντρο),Αθήνα - Κέντρο (Αττική),37.990211,23.740191,0,1,0,2.0,13.75,46.0,1259,822,1692,476
1220158584,580,78,2,1,3,1978.0,7,Ζωγράφου (Αθήνα - Νότια Προάστια),Αθήνα - Νότια Προάστια (Αττική),37.973091,23.77388,0,1,0,1.0,7.44,48.0,1981,810,1393,2471
1219736922,750,65,2,1,11,2010.0,5,Αμπελόκηποι - Πεντάγωνο (Αθήνα - Κέντρο),Αθήνα - Κέντρο (Αττική),37.991959,23.77323,1,0,0,Άγνωστο,11.54,16.0,311,1843,323,2872
1220362240,550,75,2,1,3,1975.0,7,Αμπελόκηποι - Πεντάγωνο (Αθήνα - Κέντρο),Αθήνα - Κέντρο (Αττική),37.992119,23.756359,0,0,0,1.0,7.33,51.0,540,2121,1034,1633
1220432426,800,100,2,1,6,1980.0,7,Παγκράτι (Αθήνα - Κέντρο),Αθήνα - Κέντρο (Αττική),37.966251,23.74898,1,0,0,2.0,8.0,46.0,1112,1567,1096,473
1220429356,450,30,1,1,8,1979.0,8,Ζωγράφου (Αθήνα - Νότια Προάστια),Αθήνα - Νότια Προάστια (Αττική),37.979439,23.769541,1,1,0,1.0,15.0,47.0,1397,1189,591,2325
1220116873,700,70,2,1,6,1980.0,8,Αμπελόκηποι - Πεντάγωνο (Αθήνα - Κέντρο),Αθήνα - Κέντρο (Αττική),37.998619,23.77594,1,1,0,1.0,10.0,46.0,558,2456,929,3432
1220343423,430,30,1,1,6,1971.0,9,Αμπελόκηποι - Πεντάγωνο (Αθήνα - Κέντρο),Αθήνα - Κέντρο (Αττική),37.992119,23.756359,1,0,0,1.0,14.33,55.0,540,2121,1034,1633
1220062408,500,25,1,1,2,1975.0,7,Αμπελόκηποι - Πεντάγωνο (Αθήνα - Κέντρο),Αθήνα - Κέντρο (Αττική),37.98658,23.759239,0,1,0,1.0,20.0,51.0,204,2101,525,1511
1220010508,400,30,1,0,6,1975.0,7,Αμπελόκηποι - Πεντάγωνο (Αθήνα - Κέντρο),Αθήνα - Κέντρο (Αττική),37.991329,23.75716,1,1,0,1.0,13.33,51.0,448,2202,943,1625
1219606027,620,44,1,1,6,1973.0,7,Εξάρχεια - Νεάπολη (Αθήνα - Κέντρο),Αθήνα - Κέντρο (Αττική),37.986149,23.74118,1,1,0,1.0,14.09,53.0,981,1186,1242,512
1220343448,550,50,1,1,6,1975.0,9,Αμπελόκηποι - Πεντάγωνο (Αθήνα - Κέντρο),Αθήνα - Κέντρο (Αττική),37.98679,23.75581,1,0,0,1.0,11.0,51.0,126,2219,825,1244
1220146430,600,48,1,1,6,1985.0,7,Αμπελόκηποι - Πεντάγωνο (Αθήνα - Κέντρο),Αθήνα - Κέντρο (Αττική),37.991299,23.75885,1,1,0,Άγνωστο,12.5,41.0,451,2349,832,1738
1220499394,370,20,1,1,10,1975.0,8,Αμπελόκηποι - Πεντάγωνο (Αθήνα - Κέντρο),Αθήνα - Κέντρο (Αττική),37.987679,23.75947,1,1,0,Άγνωστο,18.5,51.0,212,2212,545,1577
1219438039,1700,86,2,1,7,2026.0,1,Γλυφάδα (Αθήνα - Νότια Προάστια),Αθήνα - Νότια Προάστια (Αττική),37.898399,23.771063,1,0,0,2.0,19.77,0.0,2486,7816,8881,7232
1219685645,950,51,1,1,11,2024.0,4,Μαρούσι (Αθήνα - Βόρεια Προάστια),Αθήνα - Βόρεια Προάστια (Αττική),38.033051,23.787374,1,0,1,2.0,18.63,2.0,1335,6223,187,3514
1219798643,700,55,1,1,8,2007.0,4,Ηράκλειο (Αθήνα - Βόρεια Προάστια),Αθήνα - Βόρεια Προάστια (Αττική),38.052872,23.762012,1,0,1,2.0,12.73,19.0,814,7024,3303,4375
1220368695,660,58,1,1,6,1975.0,7,Καλλιθέα (Αθήνα - Νότια Προάστια),Αθήνα - Νότια Προάστια (Αττική),37.958748,23.716425,0,0,0,4.0,11.38,51.0,1081,172,3303,1486
1220258552,1800,105,2,2,7,1980.0,4,Γλυφάδα (Αθήνα - Νότια Προάστια),Αθήνα - Νότια Προάστια (Αττική),37.880737,23.76964,1,1,1,Άγνωστο,17.14,46.0,2631,9774,10776,8690
1220004545,1580,100,2,1,6,1993.0,4,Βούλα (Αθήνα - Νότια Προάστια),Αθήνα - Νότια Προάστια (Αττική),37.841343,23.770222,1,1,1,1.0,15.8,33.0,6157,14014,15110,12582
1220223995,800,46,1,1,9,2003.0,5,Άλιμος (Αθήνα - Νότια Προάστια),Αθήνα - Νότια Προάστια (Αττική),37.914028,23.721655,1,1,1,4.0,17.39,23.0,2379,5150,6996,3560
1220306651,600,58,2,1,3,1987.0,6,Πετρούπολη (Αθήνα - Δυτικά Προάστια),Αθήνα - Δυτικά Προάστια (Αττική),38.040539,23.668274,0,1,0,1.0,10.34,39.0,2790,5407,2869,3612
1220482590,450,36,1,1,6,1970.0,5,Άγιος Δημήτριος (Αθήνα - Νότια Προάστια),Αθήνα - Νότια Προάστια (Αττική),37.937618,23.726892,1,0,0,1.0,12.5,56.0,1239,2654,4621,1417
1219986969,1200,70,2,1,6,1994.0,5,Βούλα (Αθήνα - Νότια Προάστια),Αθήνα - Νότια Προάστια (Αττική),37.844509,23.766294,1,0,1,2.0,17.14,32.0,5703,13569,14659,12124
1220141497,1800,105,2,1,7,1980.0,7,Γλυφάδα (Αθήνα - Νότια Προάστια),Αθήνα - Νότια Προάστια (Αττική),37.861122,23.75215,1,0,0,1.0,17.14,46.0,3578,11438,12485,9956
1220243535,900,75,2,1,6,1938.0,2,Αττική (Αθήνα - Κέντρο),Αθήνα - Κέντρο (Αττική),37.99472,23.72431,0,1,1,Άγνωστο,12.0,88.0,401,703,2885,1020
1220333689,1400,105,2,1,6,1992.0,6,Αγία Παρασκευή (Αθήνα - Βόρεια Προάστια),Αθήνα - Βόρεια Προάστια (Αττική),38.007801,23.83094,1,1,0,2.0,13.33,34.0,1773,5420,4578,5868
1220123159,1500,120,3,1,6,2000.0,6,Μαρούσι (Αθήνα - Βόρεια Προάστια),Αθήνα - Βόρεια Προάστια (Αττική),38.047424,23.807887582524273,0,0,0,1.0,12.5,26.0,954,8112,2471,1250
1219841632,1800,260,4,3,3,1998.0,6,Κορωπί (Αθήνα - Ανατολικά Προάστια),Αθήνα - Ανατολικά Προάστια (Αττική),37.81345,23.845093,0,0,0,1.0,6.92,28.0,12518,18576,20016,18643
1220376981,1400,110,2,1,8,1982.0,4,Γλυφάδα (Αθήνα - Νότια Προάστια),Αθήνα - Νότια Προάστια (Αττική),37.874268,23.751619,1,1,0,2.0,12.73,44.0,2154,10024,11319,8574
1220497070,650,32,1,1,10,1975.0,7,Παγκράτι (Αθήνα - Κέντρο),Αθήνα - Κέντρο (Αττική),37.971291,23.749096,1,0,0,1.0,20.31,51.0,571,1563,552,318
1220268562,650,62,0,0,8,1972.5,4,Κυψέλη (Αθήνα - Κέντρο),Αθήνα - Κέντρο (Αττική),38.00465,23.742741,1,1,0,Άγνωστο,10.48,53.5,1348,1479,2572,1489
1219954810,1500,100,3,2,7,2010.0,4,Ηλιούπολη (Αθήνα - Νότια Προάστια),Αθήνα - Νότια Προάστια (Αττική),37.922482,23.7633,1,1,0,1.0,15.0,16.0,1407,5136,6118,5009
1220396162,1100,71,2,1,13,2024.0,2,Παλαιό Φάληρο (Αθήνα - Νότια Προάστια),Αθήνα - Νότια Προάστια (Αττική),37.929798,23.696421,1,0,1,2.0,15.49,2.0,4048,3836,4369,1101
1220279879,1200,126,4,2,7,1980.0,5,Αργυρούπολη (Αθήνα - Νότια Προάστια),Αθήνα - Νότια Προάστια (Αττική),37.91188,23.753256,1,1,0,2.0,9.52,46.0,808,6239,7150,5070
1220187735,550,32,1,1,8,1990.0,6,Καλλιθέα (Αθήνα - Νότια Προάστια),Αθήνα - Νότια Προάστια (Αττική),37.948689,23.696939,1,0,1,Άγνωστο,17.19,36.0,2963,2182,4520,1125
1220378285,1300,117,2,1,6,1970.0,7,Εξάρχεια - Νεάπολη (Αθήνα - Κέντρο),Αθήνα - Κέντρο (Αττική),37.986423,23.734894,1,1,1,2.0,11.11,56.0,649,894,1577,679
1220010425,600,48,1,1,9,1978.0,5,Κέντρο (Αθήνα - Κέντρο),Αθήνα - Κέντρο (Αττική),37.986889,23.727373,1,0,0,4.0,12.5,48.0,317,920,2111,953
1219354573,1780,85,2,2,7,2022.0,2,Χαλάνδρι (Αθήνα - Βόρεια Προάστια),Αθήνα - Βόρεια Προάστια (Αττική),38.022919,23.803881,1,0,1,2.0,20.94,4.0,987,5409,1672,3990
1219661036,1690,102,3,2,9,2024.0,1,Πεύκη (Αθήνα - Βόρεια Προάστια),Αθήνα - Βόρεια Προάστια (Αττική),38.055653,23.786179,1,0,1,Άγνωστο,16.57,2.0,1262,8305,2692,2236
1220462265,950,100,3,2,9,1998.0,5,Καισαριανή (Αθήνα - Νότια Προάστια),Αθήνα - Νότια Προάστια (Αττική),37.964104,23.757605,1,0,0,1.0,9.5,28.0,1636,934,1612,1198
1220369163,650,75,1,1,7,1975.0,6,Παγκράτι (Αθήνα - Κέντρο),Αθήνα - Κέντρο (Αττική),37.96838,23.748611,1,0,1,2.0,8.67,51.0,873,1577,858,278
1219990359,750,60,1,1,3,1977.0,5,Παγκράτι (Αθήνα - Κέντρο),Αθήνα - Κέντρο (Αττική),37.96447,23.743549,1,1,1,4.0,12.5,49.0,1324,2072,1319,630
1220391188,650,92,2,1,7,1975.0,7,Ηλιούπολη (Αθήνα - Νότια Προάστια),Αθήνα - Νότια Προάστια (Αττική),37.927067,23.74579,1,0,0,2.0,7.07,51.0,379,4461,5442,3446
1220124590,1000,75,2,1,9,1970.0,10,Βύρωνας (Αθήνα - Νότια Προάστια),Αθήνα - Νότια Προάστια (Αττική),37.960548,23.75848,1,1,0,1.0,13.33,56.0,2010,1144,1987,1502
1220123732,650,66,2,1,4,1974.0,10,Ζωγράφου (Αθήνα - Νότια Προάστια),Αθήνα - Νότια Προάστια (Αττική),37.970409,23.769819,1,1,1,4.0,9.85,52.0,1797,347,1553,2089
1219393322,1500,120,3,1,7,1970.0,10,Κολωνάκι - Λυκαβηττός (Αθήνα - Κέντρο),Αθήνα - Κέντρο (Αττική),37.985294,23.753048,1,1,0,1.0,12.5,56.0,419,2070,1057,955
1220389043,1050,85,2,1,8,2008.0,2,Καισαριανή (Αθήνα - Νότια Προάστια),Αθήνα - Νότια Προάστια (Αττική),37.970825,23.755596,1,1,0,2.0,12.35,18.0,969,996,941,849
1211637757,1400,106,2,1,8,1980.0,5,Κηφισιά (Αθήνα - Βόρεια Προάστια),Αθήνα - Βόρεια Προάστια (Αττική),38.069641,23.812201,1,1,0,2.0,13.21,46.0,446,10597,4733,1263
1220203124,1800,105,2,1,7,1980.0,6,Γλυφάδα (Αθήνα - Νότια Προάστια),Αθήνα - Νότια Προάστια (Αττική),37.862495,23.75074,1,0,0,1.0,17.14,46.0,3404,11258,12291,9771
1214866292,1100,75,2,2,11,2023.0,2,Αμπελόκηποι - Πεντάγωνο (Αθήνα - Κέντρο),Αθήνα - Κέντρο (Αττική),37.985577,23.763781,1,0,0,2.0,14.67,3.0,616,1904,116,1861
1219986524,1600,130,3,2,6,1998.0,5,Κηφισιά (Αθήνα - Βόρεια Προάστια),Αθήνα - Βόρεια Προάστια (Αττική),38.073879,23.811781,1,1,0,1.0,12.31,28.0,320,11046,5145,1732
1219969862,850,75,0,0,6,1975.0,7,Ιστορικό Κέντρο (Αθήνα - Κέντρο),Αθήνα - Κέντρο (Αττική),37.975258,23.717024,1,1,0,Άγνωστο,11.33,51.0,555,1581,2638,1773
1219851553,2000,160,2,2,3,1970.0,3,Κηφισιά (Αθήνα - Βόρεια Προάστια),Αθήνα - Βόρεια Προάστια (Αττική),38.091042,23.799423,0,1,0,13.0,12.5,56.0,2117,12268,6693,3791
1220400584,550,54,1,1,7,1975.0,8,Κυψέλη (Αθήνα - Κέντρο),Αθήνα - Κέντρο (Αττική),37.996319,23.735525,1,0,0,1.0,10.19,51.0,1169,368,2477,425
1220144132,1200,75,2,2,9,1990.0,5,Παλαιό Φάληρο (Αθήνα - Νότια Προάστια),Αθήνα - Νότια Προάστια (Αττική),37.926266,23.692108,1,1,1,2.0,16.0,36.0,4392,3838,4097,1439
1220392117,950,100,2,1,7,2005.0,2,Γλυφάδα (Αθήνα - Νότια Προάστια),Αθήνα - Νότια Προάστια (Αττική),37.886852,23.775154,0,1,0,1.0,9.5,21.0,2833,9121,10214,8433
1211580490,1400,106,2,1,8,1980.0,5,Κηφισιά (Αθήνα - Βόρεια Προάστια),Αθήνα - Βόρεια Προάστια (Αττική),38.069565,23.812094,1,1,0,2.0,13.21,46.0,434,10586,4722,1254
1220003391,1500,142,3,1,6,1980.0,6,Παλαιό Φάληρο (Αθήνα - Νότια Προάστια),Αθήνα - Νότια Προάστια (Αττική),37.927479,23.692804,1,0,0,2.0,10.56,46.0,4393,3836,4118,1304
1220490740,950,62,1,1,8,2009.0,2,Άλιμος (Αθήνα - Νότια Προάστια),Αθήνα - Νότια Προάστια (Αττική),37.904697,23.732786,1,0,0,1.0,15.32,17.0,1651,6323,8027,4821
1220376304,1000,75,2,1,9,2009.0,2,Χαλάνδρι (Αθήνα - Βόρεια Προάστια),Αθήνα - Βόρεια Προάστια (Αττική),38.021294,23.796122,0,0,0,1.0,13.33,17.0,1491,5040,1330,4330
1220280410,850,50,1,1,8,1960.0,7,Κολωνάκι - Λυκαβηττός (Αθήνα - Κέντρο),Αθήνα - Κέντρο (Αττική),37.977718,23.746235,1,0,1,2.0,17.0,66.0,187,2053,206,531
1219993925,1600,160,3,1,3,2025.0,1,Μαρούσι (Αθήνα - Βόρεια Προάστια),Αθήνα - Βόρεια Προάστια (Αττική),38.042809,23.826395,0,0,0,2.0,10.0,1.0,2179,8235,3574,2161
1220439061,900,90,2,1,6,2005.0,2,Περιστέρι (Αθήνα - Δυτικά Προάστια),Αθήνα - Δυτικά Προάστια (Αττική),38.023201,23.677008,0,0,0,1.0,10.0,21.0,805,3452,1580,3055
1220338713,900,60,1,1,3,1973.0,8,Παλαιό Φάληρο (Αθήνα - Νότια Προάστια),Αθήνα - Νότια Προάστια (Αττική),37.928288,23.691244,1,1,1,4.0,15.0,53.0,4231,3674,3962,1218
1220481666,1300,120,3,1,7,1980.0,3,Κηφισιά (Αθήνα - Βόρεια Προάστια),Αθήνα - Βόρεια Προάστια (Αττική),38.071278,23.797882,1,1,0,2.0,10.83,46.0,931,10317,4504,1872
1220422819,900,80,2,1,9,1984.0,5,Σεπόλια - Σκουζέ (Αθήνα - Κέντρο),Αθήνα - Κέντρο (Αττική),38.002758,23.712791,1,1,1,4.0,11.25,42.0,954,1956,4230,2301
1220478050,1100,73,2,1,10,2023.0,1,Παλαιό Φάληρο (Αθήνα - Νότια Προάστια),Αθήνα - Νότια Προάστια (Αττική),37.932819,23.697557,1,0,1,Άγνωστο,15.07,3.0,3864,3494,4417,837
1220495414,1600,150,3,2,12,2010.0,2,Παλαιό Φάληρο (Αθήνα - Νότια Προάστια),Αθήνα - Νότια Προάστια (Αττική),37.92173,23.702169,1,1,0,2.0,10.67,16.0,3963,4474,5094,2120
1220353172,850,102,3,1,4,1980.0,6,Περιστέρι (Αθήνα - Δυτικά Προάστια),Αθήνα - Δυτικά Προάστια (Αττική),38.009205,23.69453,0,1,0,2.0,8.33,46.0,480,2550,2918,3078
1220311068,750,47,1,1,10,1970.0,6,Γκύζη - Πεδίον Άρεως (Αθήνα - Κέντρο),Αθήνα - Κέντρο (Αττική),37.990391,23.747467,1,1,0,2.0,15.96,56.0,911,1395,1601,1029
1219704708,1950,100,2,2,8,1975.0,6,Κουκάκι - Μακρυγιάννη (Αθήνα - Κέντρο),Αθήνα - Κέντρο (Αττική),37.963764,23.72204,1,1,1,Άγνωστο,19.5,51.0,417,587,2584,1693
1220490742,950,65,1,1,3,2004.0,5,Νέο Ψυχικό (Αθήνα - Βόρεια Προάστια),Αθήνα - Βόρεια Προάστια (Αττική),38.003323,23.78112,0,1,0,1.0,14.62,22.0,635,2908,1618,4102
1220313652,1000,90,2,2,8,2014.0,4,Άγιος Δημήτριος (Αθήνα - Νότια Προάστια),Αθήνα - Νότια Προάστια (Αττική),37.920506,23.730854,1,0,0,1.0,11.11,12.0,1556,4576,6333,3140
1220495494,800,50,1,1,10,2006.0,3,Νέος Κόσμος (Αθήνα - Κέντρο),Αθήνα - Κέντρο (Αττική),37.957195,23.735712,1,1,1,2.0,16.0,20.0,618,1666,2317,1667
1220426483,1300,156,3,1,6,1975.0,6,Βριλήσσια (Αθήνα - Βόρεια Προάστια),Αθήνα - Βόρεια Προάστια (Αττική),38.034367,23.82552,0,1,0,2.0,8.33,51.0,1341,7377,3284,2931
1220379071,900,85,2,2,6,1990.0,7,Παλαιό Φάληρο (Αθήνα - Νότια Προάστια),Αθήνα - Νότια Προάστια (Αττική),37.926327,23.710859,1,1,0,2.0,10.59,36.0,3046,3806,5687,2152
1220316239,850,50,1,1,8,2010.0,5,Νέος Κόσμος (Αθήνα - Κέντρο),Αθήνα - Κέντρο (Αττική),37.96072,23.727283,1,1,1,2.0,17.0,16.0,348,895,2430,1642
1220331619,690,45,1,1,9,2005.0,1,Νέος Κόσμος (Αθήνα - Κέντρο),Αθήνα - Κέντρο (Αττική),37.957447,23.72439,1,0,0,1.0,15.33,21.0,380,709,2867,1601
1220448002,630,94,2,1,3,1980.0,6,Περιστέρι (Αθήνα - Δυτικά Προάστια),Αθήνα - Δυτικά Προάστια (Αττική),38.009468,23.685936,0,1,0,4.0,6.7,46.0,866,2146,2183,3429
1220429711,875,93,2,1,9,1977.0,7,Νέα Σμύρνη (Αθήνα - Νότια Προάστια),Αθήνα - Νότια Προάστια (Αττική),37.945503,23.715618,1,1,0,2.0,9.41,49.0,1785,1639,4372,124
1220252469,720,65,2,1,7,1985.0,7,Άγιος Δημήτριος (Αθήνα - Νότια Προάστια),Αθήνα - Νότια Προάστια (Αττική),37.923656,23.726486,0,0,0,4.0,11.08,41.0,2014,4146,6095,2657
1220469493,700,75,2,1,9,1981.0,6,Καλλιθέα (Αθήνα - Νότια Προάστια),Αθήνα - Νότια Προάστια (Αττική),37.949036,23.701628,1,1,0,2.0,9.33,45.0,2566,1839,4926,1170
1220185297,680,50,1,1,3,1983.0,2,Νέα Σμύρνη (Αθήνα - Νότια Προάστια),Αθήνα - Νότια Προάστια (Αττική),37.944565,23.718946,0,1,1,1.0,13.6,43.0,1702,1746,4279,429
1220495269,600,30,1,1,6,1970.0,7,Νέος Κόσμος (Αθήνα - Κέντρο),Αθήνα - Κέντρο (Αττική),37.962105,23.727217,1,1,1,4.0,20.0,56.0,270,912,2329,1517
1220490446,700,31,1,1,7,1980.0,1,Άγιος Δημήτριος (Αθήνα - Νότια Προάστια),Αθήνα - Νότια Προάστια (Αττική),37.925415,23.727352,0,1,0,Άγνωστο,22.58,46.0,1881,3971,5885,2514
1220495165,470,30,1,1,6,1982.0,6,Άγιος Δημήτριος (Αθήνα - Νότια Προάστια),Αθήνα - Νότια Προάστια (Αττική),37.942093,23.730095,0,1,0,1.0,15.67,44.0,927,2313,4054,1444
1220499155,650,51,1,1,8,1975.0,6,Άγιος Δημήτριος (Αθήνα - Νότια Προάστια),Αθήνα - Νότια Προάστια (Αττική),37.943096,23.738579,1,1,0,1.0,12.75,51.0,325,2677,3734,2154
1220321500,600,57,1,1,6,1985.0,6,Άνω Πατήσια (Αθήνα - Κέντρο),Αθήνα - Κέντρο (Αττική),38.017513,23.73369,1,1,0,2.0,10.53,41.0,698,2595,4064,2786
1219448841,1600,295,4,2,3,1992.0,6,Κορωπί (Αθήνα - Ανατολικά Προάστια),Αθήνα - Ανατολικά Προάστια (Αττική),37.8965,23.859709,0,0,1,1.0,5.42,34.0,10062,11226,12727,12880
1220506993,1850,76,2,1,6,1980.0,4,Γλυφάδα (Αθήνα - Νότια Προάστια),Αθήνα - Νότια Προάστια (Αττική),37.86433,23.750534,1,1,1,2.0,24.34,46.0,3200,11056,12140,9572
1220124335,1200,165,2,1,3,1972.0,4,Κορωπί (Αθήνα - Ανατολικά Προάστια),Αθήνα - Ανατολικά Προάστια (Αττική),37.808022,23.848915,0,1,0,13.0,7.27,54.0,13183,19261,20705,19326
1217680867,900,50,1,1,6,2002.0,4,Μαρούσι (Αθήνα - Βόρεια Προάστια),Αθήνα - Βόρεια Προάστια (Αττική),38.047668,23.813641,1,1,1,2.0,18.0,24.0,1050,8288,2863,1197
1220506884,1760,125,3,2,6,1980.0,5,Κηφισιά (Αθήνα - Βόρεια Προάστια),Αθήνα - Βόρεια Προάστια (Αττική),38.074455,23.803476,0,0,1,Άγνωστο,14.08,46.0,433,10886,4960,1929
1220399104,1110,67,2,1,10,1980.0,5,Παλαιό Φάληρο (Αθήνα - Νότια Προάστια),Αθήνα - Νότια Προάστια (Αττική),37.931427,23.689737,1,0,1,2.0,16.57,46.0,3983,3423,3759,898
1220480558,1740,140,4,2,6,2006.0,6,Γλυφάδα (Αθήνα - Νότια Προάστια),Αθήνα - Νότια Προάστια (Αττική),37.87809,23.752337,1,0,1,2.0,12.43,20.0,1783,9639,10897,8208
1219907638,920,63,1,1,9,1978.0,4,Γουδή (Αθήνα - Κέντρο),Αθήνα - Κέντρο (Αττική),37.983707,23.763849,1,0,1,2.0,14.6,48.0,714,1697,219,1831
1219886631,900,45,1,1,7,1990.0,7,Παλαιό Φάληρο (Αθήνα - Νότια Προάστια),Αθήνα - Νότια Προάστια (Αττική),37.922813,23.697128,1,0,1,1.0,20.0,36.0,4287,4406,4637,1867
1218905796,950,55,1,1,3,1960.0,6,Κολωνάκι - Λυκαβηττός (Αθήνα - Κέντρο),Αθήνα - Κέντρο (Αττική),37.977909,23.746113,1,0,1,1.0,17.27,66.0,210,2073,229,507
1219585139,1000,50,1,1,6,2011.0,5,Ιστορικό Κέντρο (Αθήνα - Κέντρο),Αθήνα - Κέντρο (Αττική),37.967121,23.726669,1,0,1,2.0,20.0,15.0,224,1138,2045,1144
1220500268,1400,115,3,1,6,1991.0,5,Κηφισιά (Αθήνα - Βόρεια Προάστια),Αθήνα - Βόρεια Προάστια (Αττική),38.076721,23.79636,0,0,1,2.0,12.17,35.0,1104,10755,5079,2440
1220426791,1990,160,3,1,7,2002.0,6,Γλυφάδα (Αθήνα - Νότια Προάστια),Αθήνα - Νότια Προάστια (Αττική),37.887569,23.755512,1,0,1,1.0,12.44,24.0,1178,8751,9861,7391
1219723550,1300,82,2,2,6,2004.0,5,Βριλήσσια (Αθήνα - Βόρεια Προάστια),Αθήνα - Βόρεια Προάστια (Αττική),38.039406,23.832722,1,1,1,2.0,15.85,22.0,1735,8184,3997,2805
1220313405,1540,95,2,2,7,2009.0,4,Παλαιό Φάληρο (Αθήνα - Νότια Προάστια),Αθήνα - Νότια Προάστια (Αττική),37.929066,23.691212,1,0,1,2.0,16.21,17.0,4196,3638,3939,1132
1219685005,1260,200,3,1,7,1999.0,5,Βριλήσσια (Αθήνα - Βόρεια Προάστια),Αθήνα - Βόρεια Προάστια (Αττική),38.044754,23.84351,0,0,1,2.0,6.3,27.0,2508,9204,5063,3182
1219741500,1450,75,2,1,6,1990.0,8,Γλυφάδα (Αθήνα - Νότια Προάστια),Αθήνα - Νότια Προάστια (Αττική),37.85825,23.761494,1,0,1,2.0,19.33,36.0,4127,11987,13154,10552
1220229301,1180,55,1,1,10,1969.0,9,Παλαιό Φάληρο (Αθήνα - Νότια Προάστια),Αθήνα - Νότια Προάστια (Αττική),37.920826,23.70125,1,1,1,1.0,21.45,57.0,4085,4594,5054,2182
1220450205,1230,85,2,1,12,1990.0,7,Παλαιό Φάληρο (Αθήνα - Νότια Προάστια),Αθήνα - Νότια Προάστια (Αττική),37.922565,23.702084,1,1,1,1.0,14.47,36.0,3921,4387,5056,2032
1219949425,990,79,2,1,6,1964.0,4,Κολωνάκι - Λυκαβηττός (Αθήνα - Κέντρο),Αθήνα - Κέντρο (Αττική),37.985531,23.742359,1,1,1,2.0,12.53,62.0,1020,1306,1138,420
1220426882,1630,115,3,1,7,1987.0,5,Κηφισιά (Αθήνα - Βόρεια Προάστια),Αθήνα - Βόρεια Προάστια (Αττική),38.088585,23.796013,1,1,1,2.0,14.17,39.0,2007,11886,6384,3630
1220424662,1290,67,2,1,7,2025.0,1,Κολωνάκι - Λυκαβηττός (Αθήνα - Κέντρο),Αθήνα - Κέντρο (Αττική),37.986588,23.746662,1,0,1,Άγνωστο,19.25,1.0,918,1517,1178,617
1220381616,1230,105,3,2,7,1977.0,7,Παγκράτι (Αθήνα - Κέντρο),Αθήνα - Κέντρο (Αττική),37.973091,23.748537,1,0,1,2.0,11.71,49.0,368,1660,347,428
1220312462,1460,105,2,1,6,1960.0,9,Κουκάκι - Μακρυγιάννη (Αθήνα - Κέντρο),Αθήνα - Κέντρο (Αττική),37.968891,23.730515,1,0,1,Άγνωστο,13.9,66.0,188,1522,1655,757
1220242302,610,30,1,1,8,2026.0,1,Καισαριανή (Αθήνα - Νότια Προάστια),Αθήνα - Νότια Προάστια (Αττική),37.96381,23.75882,1,1,1,Άγνωστο,20.33,0.0,1726,865,1701,1306
1220422486,1060,57,1,1,7,1980.0,7,Γλυφάδα (Αθήνα - Νότια Προάστια),Αθήνα - Νότια Προάστια (Αττική),37.856182,23.753916,1,0,1,Άγνωστο,18.6,46.0,4148,12009,12975,10525
1220506597,1500,100,3,1,8,2012.0,2,Αμπελόκηποι - Πεντάγωνο (Αθήνα - Κέντρο),Αθήνα - Κέντρο (Αττική),37.99831,23.760481,1,0,1,1.0,15.0,14.0,623,2511,891,2274
1219748326,1310,75,2,1,6,2010.0,5,Μαρούσι (Αθήνα - Βόρεια Προάστια),Αθήνα - Βόρεια Προάστια (Αττική),38.059689,23.830374,1,0,1,2.0,17.47,16.0,1937,10075,4844,1660
1219909340,1320,108,3,1,7,1976.0,6,Αμπελόκηποι - Πεντάγωνο (Αθήνα - Κέντρο),Αθήνα - Κέντρο (Αττική),37.991432,23.760517,1,1,1,1.0,12.22,50.0,320,2492,687,1865
1220478359,1100,55,1,1,7,1979.0,8,Κηφισιά (Αθήνα - Βόρεια Προάστια),Αθήνα - Βόρεια Προάστια (Αττική),38.071003,23.813358,1,1,1,2.0,20.0,47.0,519,10768,4914,1422
1219888090,1060,52,1,1,6,2006.0,4,Χαλάνδρι (Αθήνα - Βόρεια Προάστια),Αθήνα - Βόρεια Προάστια (Αττική),38.018909,23.79884,1,0,1,Άγνωστο,20.38,20.0,1140,4846,1682,4518
1219366496,1750,83,2,1,9,1934.0,6,Κολωνάκι - Λυκαβηττός (Αθήνα - Κέντρο),Αθήνα - Κέντρο (Αττική),37.977753,23.743145,1,1,0,1.0,21.08,92.0,369,2061,398,450
1220255682,1500,70,1,1,8,1960.0,7,Κέντρο (Αθήνα - Κέντρο),Αθήνα - Κέντρο (Αττική),37.979439,23.724579,0,1,1,4.0,21.43,66.0,363,1775,2011,1292
1220323691,550,70,0,0,0,1970.0,7,Κορωπί (Αθήνα - Ανατολικά Προάστια),Αθήνα - Ανατολικά Προάστια (Αττική),37.909081,23.90826,0,0,1,Άγνωστο,7.86,56.0,14068,13357,14735,15750
1219919493,1800,110,2,1,11,1974.0,4,Παγκράτι (Αθήνα - Κέντρο),Αθήνα - Κέντρο (Αττική),37.95715,23.747295,1,0,1,Άγνωστο,16.36,52.0,1176,2118,2096,1411
1219741178,1800,70,1,1,7,1970.0,6,Κολωνάκι - Λυκαβηττός (Αθήνα - Κέντρο),Αθήνα - Κέντρο (Αττική),37.979061,23.741049,1,1,0,2.0,25.71,56.0,602,1850,630,354
1219944676,1000,85,2,1,11,1981.0,5,Παλαιό Φάληρο (Αθήνα - Νότια Προάστια),Αθήνα - Νότια Προάστια (Αττική),37.931011,23.69149,1,1,0,2.0,11.76,45.0,4143,3583,3919,915
1220506389,1310,110,2,2,8,1981.0,6,Αγία Παρασκευή (Αθήνα - Βόρεια Προάστια),Αθήνα - Βόρεια Προάστια (Αττική),38.004875,23.814308,1,1,1,2.0,11.91,45.0,966,4134,3741,5946
1219658453,1000,70,2,2,3,1956.0,6,Κολωνάκι - Λυκαβηττός (Αθήνα - Κέντρο),Αθήνα - Κέντρο (Αττική),37.976089,23.745562,0,1,0,4.0,14.29,70.0,109,2023,135,671
1220494990,700,68,2,1,3,1981.0,5,Ίλιον (Αθήνα - Δυτικά Προάστια),Αθήνα - Δυτικά Προάστια (Αττική),38.030499,23.69018,0,1,0,Άγνωστο,10.29,45.0,1386,4461,2991,1690
1220424484,780,70,2,1,6,1975.0,7,Χολαργός (Αθήνα - Βόρεια Προάστια),Αθήνα - Βόρεια Προάστια (Αττική),38.007168,23.801908,1,1,0,4.0,11.14,51.0,453,3729,2960,5747
1220506493,1200,111,3,2,3,2026.0,2,Γέρακας (Αθήνα - Ανατολικά Προάστια),Αθήνα - Ανατολικά Προάστια (Αττική),38.025589,23.845631,0,0,0,13.0,10.81,0.0,1133,7698,5073,4708
1213620184,750,70,2,1,4,1970.0,5,Αμπελόκηποι - Πεντάγωνο (Αθήνα - Κέντρο),Αθήνα - Κέντρο (Αττική),37.991573,23.763523,1,1,0,1.0,10.71,56.0,181,2326,431,2094
1216158836,650,30,1,1,6,1962.0,7,Παγκράτι (Αθήνα - Κέντρο),Αθήνα - Κέντρο (Αττική),37.972061,23.74719,1,1,1,1.0,21.67,64.0,450,1744,438,272
1220362863,1500,188,4,3,6,2005.0,5,Μαρούσι (Αθήνα - Βόρεια Προάστια),Αθήνα - Βόρεια Προάστια (Αττική),38.043934,23.812138,0,1,1,1.0,7.98,21.0,1390,7853,2511,1598
1220347635,1900,100,2,1,6,1980.0,7,Γλυφάδα (Αθήνα - Νότια Προάστια),Αθήνα - Νότια Προάστια (Αττική),37.866684,23.753565,1,0,1,1.0,19.0,46.0,3009,10879,12169,9420
1219362370,1250,188,4,2,8,1971.0,7,Παγκράτι (Αθήνα - Κέντρο),Αθήνα - Κέντρο (Αττική),37.965775,23.748695,1,1,0,1.0,6.65,55.0,1160,1601,1146,506
129439150,1800,65,1,1,8,1967.0,7,Κολωνάκι - Λυκαβηττός (Αθήνα - Κέντρο),Αθήνα - Κέντρο (Αττική),37.97858,23.74436,1,1,1,2.0,27.69,59.0,349,2033,374,375
1220498757,1100,167,3,2,3,2008.0,6,Αχαρνές (Αθήνα - Δυτικά Προάστια),Αθήνα - Δυτικά Προάστια (Αττική),38.110676,23.734871,0,0,0,1.0,6.59,18.0,7645,12953,9965,8772
1220366779,1100,125,3,1,7,2026.0,2,Αχαρνές (Αθήνα - Δυτικά Προάστια),Αθήνα - Δυτικά Προάστια (Αττική),38.083542,23.732458,1,0,0,1.0,8.8,0.0,5051,9934,7570,5833
1220497783,650,49,1,1,6,1977.0,6,Γουδή (Αθήνα - Κέντρο),Αθήνα - Κέντρο (Αττική),37.98872,23.770201,1,0,0,2.0,13.27,49.0,749,1691,119,2497
1219814058,1100,118,3,1,7,1975.0,6,Αμπελόκηποι - Πεντάγωνο (Αθήνα - Κέντρο),Αθήνα - Κέντρο (Αττική),37.988487,23.761946,1,0,0,1.0,9.32,51.0,445,2217,424,1811
1220478537,1150,90,3,1,6,1975.0,4,Παγκράτι (Αθήνα - Κέντρο),Αθήνα - Κέντρο (Αττική),37.966431,23.742399,1,1,0,4.0,12.78,51.0,1142,2135,1141,490
1220437926,550,52,1,1,6,1975.0,2,Κολωνός - Κολοκυνθούς (Αθήνα - Κέντρο),Αθήνα - Κέντρο (Αττική),37.992802,23.710119,1,0,1,Άγνωστο,10.58,51.0,937,1170,3741,2233
1220184933,1500,118,3,1,9,1978.0,7,Χαλάνδρι (Αθήνα - Βόρεια Προάστια),Αθήνα - Βόρεια Προάστια (Αττική),38.022339,23.800659,1,0,0,1.0,12.71,48.0,1187,5258,1493,4110
1219826056,700,70,2,1,6,1960.0,5,Νέος Κόσμος (Αθήνα - Κέντρο),Αθήνα - Κέντρο (Αττική),37.961491,23.732378,1,0,0,2.0,10.0,66.0,522,1347,2066,1377
1220481809,550,56,1,1,3,1985.0,8,Περιστέρι (Αθήνα - Δυτικά Προάστια),Αθήνα - Δυτικά Προάστια (Αττική),38.018833,23.699347,0,0,1,1.0,9.82,41.0,750,3650,3288,1929
1220330263,1300,61,1,1,6,1983.0,2,Χαλάνδρι (Αθήνα - Βόρεια Προάστια),Αθήνα - Βόρεια Προάστια (Αττική),38.010391,23.787741,1,1,1,Άγνωστο,21.31,43.0,857,3716,2348,4983
1220496343,390,30,1,1,4,1980.0,8,Πατήσια (Αθήνα - Κέντρο),Αθήνα - Κέντρο (Αττική),38.012131,23.73822,0,0,0,Άγνωστο,13.0,46.0,818,2060,3373,2195
1220269962,1100,78,2,1,11,2007.0,7,Αμπελόκηποι - Πεντάγωνο (Αθήνα - Κέντρο),Αθήνα - Κέντρο (Αττική),37.993862,23.768507,1,0,1,1.0,14.1,19.0,454,2236,102,2599
1219633166,1200,95,3,2,7,1978.0,10,Γλυφάδα (Αθήνα - Νότια Προάστια),Αθήνα - Νότια Προάστια (Αττική),37.85825,23.76713,1,0,0,4.0,12.63,48.0,4338,12156,13211,10756
1220109869,1400,108,3,1,9,1977.0,10,Ιλίσια (Αθήνα - Κέντρο),Αθήνα - Κέντρο (Αττική),37.977211,23.75769,1,1,0,2.0,12.96,49.0,495,1236,938,1315
1220135869,2000,103,2,1,8,2009.0,5,Κουκάκι - Μακρυγιάννη (Αθήνα - Κέντρο),Αθήνα - Κέντρο (Αττική),37.968628,23.729944,1,1,0,2.0,19.42,17.0,135,1465,1713,814
1220486046,1100,120,3,1,6,1981.0,6,Μαρούσι (Αθήνα - Βόρεια Προάστια),Αθήνα - Βόρεια Προάστια (Αττική),38.05328,23.798809,0,1,0,2.0,9.17,45.0,860,8575,2594,1244
1219724974,1180,90,1,1,3,1990.0,4,Κηφισιά (Αθήνα - Βόρεια Προάστια),Αθήνα - Βόρεια Προάστια (Αττική),38.083698,23.831345,0,1,0,1.0,13.11,36.0,2333,12582,6925,3316
1220319863,1800,150,3,2,8,2007.0,5,Μαρούσι (Αθήνα - Βόρεια Προάστια),Αθήνα - Βόρεια Προάστια (Αττική),38.051315,23.796934,1,0,0,2.0,12.0,19.0,893,8334,2332,1493
1219446728,1500,138,3,2,9,1980.0,7,Μαρούσι (Αθήνα - Βόρεια Προάστια),Αθήνα - Βόρεια Προάστια (Αττική),38.033352,23.800323,1,1,0,2.0,10.87,46.0,1531,6430,1082,2942
1220505848,1100,97,2,1,8,1992.0,10,Αγία Παρασκευή (Αθήνα - Βόρεια Προάστια),Αθήνα - Βόρεια Προάστια (Αττική),37.998775,23.814116,1,0,0,2.0,11.34,34.0,1468,3645,3640,6503
1219826499,1100,96,2,1,6,2026.0,1,Πολύγωνο - Τουρκοβούνια (Αθήνα - Κέντρο),Αθήνα - Κέντρο (Αττική),37.994015,23.749897,1,0,0,13.0,11.46,0.0,978,1542,1599,1264
1220232163,1850,117,2,2,6,1901.0,6,Κηφισιά (Αθήνα - Βόρεια Προάστια),Αθήνα - Βόρεια Προάστια (Αττική),38.073345,23.82185,1,1,0,2.0,15.81,125.0,1195,11225,5507,1903
1220142708,1500,95,2,1,6,2007.0,5,Αγία Παρασκευή (Αθήνα - Βόρεια Προάστια),Αθήνα - Βόρεια Προάστια (Αττική),38.011162,23.835119,1,0,1,2.0,15.79,19.0,1419,5940,4691,5635
1217530143,1600,110,2,2,3,1980.0,2,Εκάλη (Αθήνα - Βόρεια Προάστια),Αθήνα - Βόρεια Προάστια (Αττική),38.111458,23.844738,0,1,0,13.0,14.55,46.0,5313,15884,10176,6588
1219931988,750,55,1,1,7,1980.0,9,Μαρούσι (Αθήνα - Βόρεια Προάστια),Αθήνα - Βόρεια Προάστια (Αττική),38.060047,23.80394,1,0,1,1.0,13.64,46.0,573,9396,3461,690
1219996794,2000,108,3,1,9,2024.0,1,Μαρούσι (Αθήνα - Βόρεια Προάστια),Αθήνα - Βόρεια Προάστια (Αττική),38.057369,23.799479,1,0,0,13.0,18.52,2.0,761,9033,3041,1058
1220391146,1820,147,3,2,2,2004.0,6,Κηφισιά (Αθήνα - Βόρεια Προάστια),Αθήνα - Βόρεια Προάστια (Αττική),38.074421,23.802769,0,0,1,1.0,12.38,22.0,491,10847,4940,1949
1219956560,1050,80,2,1,6,1970.0,9,Αμπελόκηποι - Πεντάγωνο (Αθήνα - Κέντρο),Αθήνα - Κέντρο (Αττική),37.983311,23.761435,0,0,1,2.0,13.12,56.0,584,1697,410,1616
1219866296,1420,80,2,1,7,1959.0,8,Κουκάκι - Μακρυγιάννη (Αθήνα - Κέντρο),Αθήνα - Κέντρο (Αττική),37.967007,23.727182,1,0,1,1.0,17.75,67.0,207,1164,2012,1116
1219478793,1930,95,2,2,8,1966.0,5,Κολωνάκι - Λυκαβηττός (Αθήνα - Κέντρο),Αθήνα - Κέντρο (Αττική),37.982372,23.752388,1,0,1,2.0,20.32,60.0,343,1974,847,817
1220425555,1700,100,2,1,7,1990.0,5,Κηφισιά (Αθήνα - Βόρεια Προάστια),Αθήνα - Βόρεια Προάστια (Αττική),38.085476,23.822136,1,1,1,2.0,17.0,36.0,1822,12523,6697,3162
1219880340,920,60,2,1,9,1970.0,9,Παγκράτι (Αθήνα - Κέντρο),Αθήνα - Κέντρο (Αττική),37.972839,23.749861,1,1,1,2.0,15.33,56.0,451,1541,427,478
1219706678,1960,85,2,1,9,1970.0,8,Κολωνάκι - Λυκαβηττός (Αθήνα - Κέντρο),Αθήνα - Κέντρο (Αττική),37.980595,23.746801,1,1,1,2.0,23.06,56.0,500,1976,512,351
1219687768,1450,110,3,1,6,1999.0,6,Χαλάνδρι (Αθήνα - Βόρεια Προάστια),Αθήνα - Βόρεια Προάστια (Αττική),38.025013,23.82493,1,1,1,2.0,13.18,27.0,524,6472,3297,3884
1220505787,720,54,1,1,7,1969.0,5,Εξάρχεια - Νεάπολη (Αθήνα - Κέντρο),Αθήνα - Κέντρο (Αττική),37.98761,23.740749,1,1,0,Άγνωστο,13.33,57.0,1071,1042,1406,678
1220295316,860,45,0,1,7,1980.0,9,Κολωνάκι - Λυκαβηττός (Αθήνα - Κέντρο),Αθήνα - Κέντρο (Αττική),37.986702,23.749052,1,0,1,Άγνωστο,19.11,46.0,708,1688,1202,754
1220281732,1800,100,3,1,10,1960.0,3,Παγκράτι (Αθήνα - Κέντρο),Αθήνα - Κέντρο (Αττική),37.973289,23.749687,1,1,1,Άγνωστο,18.0,66.0,402,1572,377,505
1219945656,1500,150,2,0,6,1980.0,8,Αγία Παρασκευή (Αθήνα - Βόρεια Προάστια),Αθήνα - Βόρεια Προάστια (Αττική),38.005936,23.818678,1,0,0,2.0,10.0,46.0,1244,4483,3900,5856
1219861363,1400,75,2,1,3,2005.0,5,Κολωνάκι - Λυκαβηττός (Αθήνα - Κέντρο),Αθήνα - Κέντρο (Αττική),37.983353,23.741282,1,0,1,1.0,18.67,21.0,817,1440,964,235
1220465906,1070,70,2,1,7,1967.0,7,Παγκράτι (Αθήνα - Κέντρο),Αθήνα - Κέντρο (Αττική),37.974487,23.749512,1,1,1,1.0,15.29,59.0,298,1635,270,605
1220479779,2000,120,3,2,7,2023.0,4,Βριλήσσια (Αθήνα - Βόρεια Προάστια),Αθήνα - Βόρεια Προάστια (Αττική),38.033672,23.835503,1,0,0,2.0,16.67,3.0,1121,7794,4150,3452
1219461448,990,85,2,1,10,1987.0,6,Παλαιό Φάληρο (Αθήνα - Νότια Προάστια),Αθήνα - Νότια Προάστια (Αττική),37.931591,23.705359,1,1,1,1.0,11.65,39.0,3241,3344,5112,1410
1219535249,1100,86,2,1,7,2000.0,4,Βριλήσσια (Αθήνα - Βόρεια Προάστια),Αθήνα - Βόρεια Προάστια (Αττική),38.025658,23.83338,0,0,0,1.0,12.79,26.0,211,6977,4010,4104
1219673820,650,110,2,1,6,1975.0,10,Υμηττός (Αθήνα - Νότια Προάστια),Αθήνα - Νότια Προάστια (Αττική),37.9482,23.746765,0,0,0,1.0,5.91,51.0,752,2858,3091,2403
1220500197,400,38,1,1,6,1980.0,7,Ζωγράφου (Αθήνα - Νότια Προάστια),Αθήνα - Νότια Προάστια (Αττική),37.97118,23.779125,1,1,1,Άγνωστο,10.53,46.0,2486,743,1824,2908
1220423973,1200,60,1,1,3,2000.0,10,Βούλα (Αθήνα - Νότια Προάστια),Αθήνα - Νότια Προάστια (Αττική),37.85265,23.764427,1,0,1,1.0,20.0,26.0,4800,12659,13800,11226
1220431174,1600,130,3,1,6,1975.0,6,Βούλα (Αθήνα - Νότια Προάστια),Αθήνα - Νότια Προάστια (Αττική),37.835445,23.778425,0,1,0,1.0,12.31,51.0,7049,14842,15869,13473
1220430280,1150,86,2,1,9,2004.0,4,Γλυφάδα (Αθήνα - Νότια Προάστια),Αθήνα - Νότια Προάστια (Αττική),37.893383,23.761583,1,0,0,1.0,13.37,22.0,1572,8375,9274,7132
1220469865,650,56,2,1,4,1971.0,4,Νέος Κόσμος (Αθήνα - Κέντρο),Αθήνα - Κέντρο (Αττική),37.955582,23.71911,1,1,1,4.0,11.61,55.0,876,543,3343,1201
1220313709,1500,160,3,2,6,1995.0,5,Βάρη - Βάρκιζα (Αθήνα - Νότια Προάστια),Αθήνα - Νότια Προάστια (Αττική),37.834694,23.80969,0,1,0,1.0,9.38,31.0,8661,15362,16644,14901
1220185841,1700,170,3,1,6,1990.0,4,Βούλα (Αθήνα - Νότια Προάστια),Αθήνα - Νότια Προάστια (Αττική),37.83968,23.783766,1,1,0,1.0,10.0,36.0,6855,14414,15496,13256
1220505478,780,112,2,2,8,2004.0,4,Καλλιθέα (Αθήνα - Νότια Προάστια),Αθήνα - Νότια Προάστια (Αττική),37.956802,23.701288,1,0,0,4.0,6.96,22.0,2387,1437,4548,1691
1220178851,1580,100,2,1,6,1991.0,2,Βούλα (Αθήνα - Νότια Προάστια),Αθήνα - Νότια Προάστια (Αττική),37.84177,23.767212,1,1,1,1.0,15.8,35.0,6017,13883,14932,12437
1219671989,1400,80,2,2,9,1995.0,5,Βούλα (Αθήνα - Νότια Προάστια),Αθήνα - Νότια Προάστια (Αττική),37.843563,23.764906,1,1,1,4.0,17.5,31.0,5762,13631,14648,12177
1220498153,1300,90,2,1,7,1997.0,7,Βάρη - Βάρκιζα (Αθήνα - Νότια Προάστια),Αθήνα - Νότια Προάστια (Αττική),37.819149,23.802671,1,1,0,1.0,14.44,29.0,9670,16917,18110,16052
1219927732,800,53,1,1,3,2015.0,5,Γλυφάδα (Αθήνα - Νότια Προάστια),Αθήνα - Νότια Προάστια (Αττική),37.867165,23.752285,0,0,1,1.0,15.09,11.0,2927,10796,12049,9329
1220496009,1600,145,3,1,8,2015.0,5,Βούλα (Αθήνα - Νότια Προάστια),Αθήνα - Νότια Προάστια (Αττική),37.853645,23.780102,1,0,0,1.0,11.03,11.0,5383,12837,13910,11737
1220430330,900,90,2,1,4,1990.0,8,Γλυφάδα (Αθήνα - Νότια Προάστια),Αθήνα - Νότια Προάστια (Αττική),37.90181,23.773054,0,1,1,4.0,10.0,36.0,2772,7448,8558,7089
1220331718,1800,170,4,3,6,2006.0,5,Γλυφάδα (Αθήνα - Νότια Προάστια),Αθήνα - Νότια Προάστια (Αττική),37.875145,23.771276,0,0,0,1.0,10.59,20.0,3102,10400,11413,9288
1220424050,1450,90,2,1,6,2010.0,1,Γλυφάδα (Αθήνα - Νότια Προάστια),Αθήνα - Νότια Προάστια (Αττική),37.884914,23.751253,1,1,1,2.0,16.11,16.0,1082,8891,10135,7480
1220290214,1500,150,4,2,8,1990.0,6,Νέα Σμύρνη (Αθήνα - Νότια Προάστια),Αθήνα - Νότια Προάστια (Αττική),37.943462,23.725721,1,0,0,1.0,10.0,36.0,1280,2009,4075,1035
1220501253,1000,94,2,1,7,1965.0,1,Εξάρχεια - Νεάπολη (Αθήνα - Κέντρο),Αθήνα - Κέντρο (Αττική),37.986725,23.739588,1,1,0,2.0,10.64,61.0,930,1048,1362,628
1220005600,1200,105,2,1,6,2005.0,4,Γλυφάδα (Αθήνα - Νότια Προάστια),Αθήνα - Νότια Προάστια (Αττική),37.883293,23.770802,1,1,0,1.0,11.43,21.0,2594,9493,10516,8515
1220357199,530,39,1,1,9,1980.0,7,Κολωνός - Κολοκυνθούς (Αθήνα - Κέντρο),Αθήνα - Κέντρο (Αττική),37.990864,23.713663,1,1,0,1.0,13.59,46.0,648,1220,3364,1931
1219820061,1200,95,2,1,6,2000.0,4,Γλυφάδα (Αθήνα - Νότια Προάστια),Αθήνα - Νότια Προάστια (Αττική),37.879108,23.74703,1,0,0,2.0,12.63,26.0,1528,9391,10774,7924
1219643913,750,75,1,1,3,1990.0,6,Κηφισιά (Αθήνα - Βόρεια Προάστια),Αθήνα - Βόρεια Προάστια (Αττική),38.08897,23.802271,0,1,0,1.0,10.0,36.0,1818,12190,6508,3505
1220421561,650,31,1,1,8,1970.0,6,Εξάρχεια - Νεάπολη (Αθήνα - Κέντρο),Αθήνα - Κέντρο (Αττική),37.986698,23.73321,1,1,1,Άγνωστο,20.97,56.0,533,838,1702,678
1219783391,700,46,1,1,7,1970.0,6,Εξάρχεια - Νεάπολη (Αθήνα - Κέντρο),Αθήνα - Κέντρο (Αττική),37.986923,23.733685,1,1,1,Άγνωστο,15.22,56.0,581,818,1690,642
1220423810,650,85,2,1,10,1970.0,6,Αττική (Αθήνα - Κέντρο),Αθήνα - Κέντρο (Αττική),38.001152,23.726574,1,1,0,Άγνωστο,7.65,56.0,403,922,3325,1245
1218682816,1600,125,3,1,7,2005.0,4,Μελίσσια (Αθήνα - Βόρεια Προάστια),Αθήνα - Βόρεια Προάστια (Αττική),38.060703,23.849258,1,1,0,2.0,12.8,21.0,3506,10959,6256,3317
1218882088,2000,130,3,2,8,1980.0,8,Κηφισιά (Αθήνα - Βόρεια Προάστια),Αθήνα - Βόρεια Προάστια (Αττική),38.067062,23.811581,1,1,0,13.0,15.38,46.0,189,10305,4453,974
1219997278,700,42,1,1,7,1970.0,6,Εξάρχεια - Νεάπολη (Αθήνα - Κέντρο),Αθήνα - Κέντρο (Αττική),37.986698,23.73321,1,1,1,Άγνωστο,16.67,56.0,533,838,1702,678
1220339893,800,91,2,1,9,1980.0,6,Παγκράτι (Αθήνα - Κέντρο),Αθήνα - Κέντρο (Αττική),37.963188,23.745338,1,1,0,2.0,8.79,46.0,1441,1959,1433,738
1219792448,1440,70,2,1,7,1960.0,8,Κολωνάκι - Λυκαβηττός (Αθήνα - Κέντρο),Αθήνα - Κέντρο (Αττική),37.978367,23.740362,1,0,1,1.0,20.57,66.0,582,1897,647,451
1219944644,940,55,1,1,6,1976.0,6,Παγκράτι (Αθήνα - Κέντρο),Αθήνα - Κέντρο (Αττική),37.968857,23.745008,1,1,1,2.0,17.09,50.0,821,1893,815,136
1218971701,990,75,2,1,8,1970.0,7,Καισαριανή (Αθήνα - Νότια Προάστια),Αθήνα - Νότια Προάστια (Αττική),37.97184,23.752224,1,1,1,2.0,13.2,56.0,671,1311,645,591
1218198424,1540,60,1,1,6,2022.0,4,Μαρούσι (Αθήνα - Βόρεια Προάστια),Αθήνα - Βόρεια Προάστια (Αττική),38.046013,23.802839,1,0,1,2.0,25.67,4.0,1061,7850,2061,1563
1220374762,1260,89,2,1,8,1990.0,4,Άλιμος (Αθήνα - Νότια Προάστια),Αθήνα - Νότια Προάστια (Αττική),37.920338,23.703835,1,1,1,2.0,14.16,36.0,3909,4583,5285,2321
1219325438,1000,83,2,1,7,1966.0,4,Άλιμος (Αθήνα - Νότια Προάστια),Αθήνα - Νότια Προάστια (Αττική),37.916424,23.705542,1,0,1,2.0,12.05,60.0,3755,4972,5591,2779
1219362509,1140,74,2,1,8,2024.0,9,Αγία Παρασκευή (Αθήνα - Βόρεια Προάστια),Αθήνα - Βόρεια Προάστια (Αττική),38.015396,23.826012,1,0,1,2.0,15.41,2.0,827,5690,3765,4937
1220480258,1040,80,2,1,8,1974.0,7,Παγκράτι (Αθήνα - Κέντρο),Αθήνα - Κέντρο (Αττική),37.96397,23.748604,1,1,1,2.0,13.0,52.0,1358,1659,1344,687
1219959370,1320,83,2,1,7,2024.0,9,Αγία Παρασκευή (Αθήνα - Βόρεια Προάστια),Αθήνα - Βόρεια Προάστια (Αττική),38.015396,23.826012,1,0,1,2.0,15.9,2.0,827,5690,3765,4937
1220392890,1020,65,2,1,7,1998.0,7,Μετς - Καλλιμάρμαρο (Αθήνα - Κέντρο),Αθήνα - Κέντρο (Αττική),37.966103,23.733572,1,0,1,2.0,15.69,28.0,532,1586,1618,858
1219714629,1080,75,2,1,6,1972.0,7,Χολαργός (Αθήνα - Βόρεια Προάστια),Αθήνα - Βόρεια Προάστια (Αττική),38.001228,23.791996,1,1,1,2.0,14.4,54.0,468,2791,2041,4799
1220505172,850,86,2,1,8,1980.0,7,Αμπελόκηποι - Πεντάγωνο (Αθήνα - Κέντρο),Αθήνα - Κέντρο (Αττική),37.98793,23.765289,1,1,0,2.0,9.88,46.0,609,1944,260,2061
1218204016,1350,100,3,1,8,1990.0,5,Άλιμος (Αθήνα - Νότια Προάστια),Αθήνα - Νότια Προάστια (Αττική),37.915951,23.714216,1,0,1,Άγνωστο,13.5,36.0,2999,4927,6311,3211
1220084938,900,92,2,2,6,1990.0,6,Κηφισιά (Αθήνα - Βόρεια Προάστια),Αθήνα - Βόρεια Προάστια (Αττική),38.077927,23.827103,0,0,0,1.0,9.78,36.0,1733,11854,6185,2575
1220149037,1780,170,3,2,9,1979.0,6,Αγία Παρασκευή (Αθήνα - Βόρεια Προάστια),Αθήνα - Βόρεια Προάστια (Αττική),38.007771,23.81518,1,0,0,2.0,10.47,47.0,887,4428,3542,5628
1219956563,1780,128,3,2,8,2007.0,5,Χαλάνδρι (Αθήνα - Βόρεια Προάστια),Αθήνα - Βόρεια Προάστια (Αττική),38.024769,23.826845,1,1,1,2.0,13.91,19.0,541,6548,3467,3963
1220275049,1450,80,2,1,9,1960.0,5,Κολωνάκι - Λυκαβηττός (Αθήνα - Κέντρο),Αθήνα - Κέντρο (Αττική),37.979523,23.749266,1,1,1,2.0,18.12,66.0,302,1945,435,597
1219961895,1200,103,3,2,3,1980.0,5,Ηράκλειο (Αθήνα - Βόρεια Προάστια),Αθήνα - Βόρεια Προάστια (Αττική),38.044922,23.767033,0,1,0,9.0,11.65,46.0,174,6408,2380,4168
1220331731,360,30,1,1,4,1978.0,7,Ζωγράφου (Αθήνα - Νότια Προάστια),Αθήνα - Νότια Προάστια (Αττική),37.972908,23.775734,0,0,1,Άγνωστο,12.0,48.0,2140,782,1494,2629
1220273044,1800,85,2,2,9,1978.0,6,Γλυφάδα (Αθήνα - Νότια Προάστια),Αθήνα - Νότια Προάστια (Αττική),37.861866,23.760138,1,1,1,Άγνωστο,21.18,48.0,3710,11568,12743,10136
1219457042,950,115,2,2,6,1958.0,5,Λεωφόρος Πατησίων - Λεωφόρος Αχαρνών (Αθήνα - Κέντρο),Αθήνα - Κέντρο (Αττική),37.991131,23.730072,1,1,0,13.0,8.26,68.0,801,393,2249,508
1220495553,580,80,2,1,3,1970.0,6,Αργυρούπολη (Αθήνα - Νότια Προάστια),Αθήνα - Νότια Προάστια (Αττική),37.909882,23.753845,0,0,0,1.0,7.25,56.0,1025,6457,7376,5270
1220186475,720,63,1,1,8,1993.0,5,Αγία Παρασκευή (Αθήνα - Βόρεια Προάστια),Αθήνα - Βόρεια Προάστια (Αττική),38.011917,23.827616,1,1,0,2.0,11.43,33.0,1231,5507,4082,5347
1219990510,1950,187,3,3,3,2000.0,5,Μαρούσι (Αθήνα - Βόρεια Προάστια),Αθήνα - Βόρεια Προάστια (Αττική),38.04686,23.81531,0,0,1,1.0,10.43,26.0,1201,8253,2925,1315
1219567584,1950,103,3,1,6,1960.0,5,Κολωνάκι - Λυκαβηττός (Αθήνα - Κέντρο),Αθήνα - Κέντρο (Αττική),37.978451,23.744699,1,1,0,2.0,18.93,66.0,320,2061,344,398
1219553361,1580,115,3,1,7,1975.0,5,Κηφισιά (Αθήνα - Βόρεια Προάστια),Αθήνα - Βόρεια Προάστια (Αττική),38.070091,23.81422,1,1,1,2.0,13.74,51.0,589,10689,4858,1333
1219369107,680,76,2,1,7,1975.0,7,Ζωγράφου (Αθήνα - Νότια Προάστια),Αθήνα - Νότια Προάστια (Αττική),37.97588,23.777031,1,0,1,Άγνωστο,8.95,51.0,1972,527,1312,2803
1220391074,650,43,1,1,3,1970.0,7,Ζωγράφου (Αθήνα - Νότια Προάστια),Αθήνα - Νότια Προάστια (Αττική),37.975018,23.766468,1,1,1,2.0,15.12,56.0,1297,714,1010,1886
1220079469,850,52,1,1,3,1980.0,4,Παγκράτι (Αθήνα - Κέντρο),Αθήνα - Κέντρο (Αττική),37.971897,23.74745,1,1,1,2.0,16.35,46.0,471,1718,457,266
1219878945,1000,56,1,1,9,2025.0,1,Γλυφάδα (Αθήνα - Νότια Προάστια),Αθήνα - Νότια Προάστια (Αττική),37.894032,23.77236,1,0,1,13.0,17.86,1.0,2520,8307,9380,7667
1217782131,750,47,1,1,3,1901.0,5,Ιστορικό Κέντρο (Αθήνα - Κέντρο),Αθήνα - Κέντρο (Αττική),37.973999,23.72937,0,1,0,4.0,15.96,125.0,411,1874,1570,682
1220458513,350,37,1,1,3,1975.0,8,Δάφνη (Αθήνα - Νότια Προάστια),Αθήνα - Νότια Προάστια (Αττική),37.955452,23.736715,0,0,0,4.0,9.46,51.0,698,1799,2460,1791
1217723783,1600,100,2,2,6,1901.0,7,Ιστορικό Κέντρο (Αθήνα - Κέντρο),Αθήνα - Κέντρο (Αττική),37.973999,23.72937,0,1,0,2.0,16.0,125.0,411,1874,1570,682
1219513785,700,60,1,1,4,1980.0,2,Κυψέλη (Αθήνα - Κέντρο),Αθήνα - Κέντρο (Αττική),38.0061,23.738529,1,1,1,Άγνωστο,11.67,46.0,961,1431,2972,1534
1219513730,700,52,1,1,6,1980.0,2,Εξάρχεια - Νεάπολη (Αθήνα - Κέντρο),Αθήνα - Κέντρο (Αττική),37.988781,23.730169,1,1,1,13.0,13.46,46.0,551,631,2055,630
1220428567,650,64,2,1,6,1970.0,7,Εξάρχεια - Νεάπολη (Αθήνα - Κέντρο),Αθήνα - Κέντρο (Αττική),37.989689,23.74078,1,1,0,2.0,10.16,56.0,1257,897,1620,551
1220388597,650,53,1,1,8,1971.0,8,Παγκράτι (Αθήνα - Κέντρο),Αθήνα - Κέντρο (Αττική),37.969131,23.752724,1,1,0,2.0,12.26,55.0,933,1218,909,594
1220304068,1800,146,3,1,3,1975.0,7,Χαλάνδρι (Αθήνα - Βόρεια Προάστια),Αθήνα - Βόρεια Προάστια (Αττική),38.010036,23.79118,0,1,0,2.0,12.33,51.0,645,3724,2401,5246
1220482232,1300,67,2,1,8,1968.0,5,Παγκράτι (Αθήνα - Κέντρο),Αθήνα - Κέντρο (Αττική),37.972496,23.748518,1,1,1,2.0,19.4,58.0,428,1643,409,372
1220481361,1300,73,2,1,9,1969.0,6,Παγκράτι (Αθήνα - Κέντρο),Αθήνα - Κέντρο (Αττική),37.971584,23.74544,1,0,1,4.0,17.81,57.0,516,1884,512,204
1219757199,1200,85,2,1,8,1975.0,5,Κολωνάκι - Λυκαβηττός (Αθήνα - Κέντρο),Αθήνα - Κέντρο (Αττική),37.976631,23.742443,1,1,0,2.0,14.12,51.0,386,2146,414,578
1220494968,550,35,1,1,7,1981.0,5,Γουδή (Αθήνα - Κέντρο),Αθήνα - Κέντρο (Αττική),37.986443,23.765818,1,1,1,1.0,15.71,45.0,770,1809,113,2057
1220504392,950,65,2,1,4,1970.0,6,Γλυφάδα (Αθήνα - Νότια Προάστια),Αθήνα - Νότια Προάστια (Αττική),37.882225,23.765902,0,1,0,2.0,14.62,56.0,2264,9605,10557,8371
1220430371,700,70,2,1,8,1970.0,6,Ζωγράφου (Αθήνα - Νότια Προάστια),Αθήνα - Νότια Προάστια (Αττική),37.977589,23.76824,1,1,0,1.0,10.0,56.0,1375,1010,744,2133
1220461129,900,90,2,1,6,2005.0,2,Περιστέρι (Αθήνα - Δυτικά Προάστια),Αθήνα - Δυτικά Προάστια (Αττική),38.023533,23.675581,0,0,0,1.0,10.0,21.0,929,3484,1501,3155
1220371210,1300,105,3,2,6,2022.0,4,Δροσιά (Αθήνα - Βόρεια Προάστια),Αθήνα - Βόρεια Προάστια (Αττική),38.120754,23.869751,1,0,0,1.0,12.38,4.0,7540,17685,12225,8615
1220469698,750,49,1,1,3,1973.0,7,Άγιος Δημήτριος (Αθήνα - Νότια Προάστια),Αθήνα - Νότια Προάστια (Αττική),37.933651,23.742001,0,1,1,4.0,15.31,53.0,665,3672,4730,2771
1220385047,850,93,2,1,6,1979.0,8,Χαϊδάρι (Αθήνα - Δυτικά Προάστια),Αθήνα - Δυτικά Προάστια (Αττική),38.020126,23.649069,0,0,0,1.0,9.14,47.0,3004,3848,1266,5471
1220130063,2000,114,2,1,8,2002.0,5,Βούλα (Αθήνα - Νότια Προάστια),Αθήνα - Νότια Προάστια (Αττική),37.827473,23.775288,1,1,0,1.0,17.54,24.0,7755,15617,16572,14177
1220136654,500,52,1,1,6,1984.0,5,Άνω Πατήσια (Αθήνα - Κέντρο),Αθήνα - Κέντρο (Αττική),38.024063,23.734491,0,0,1,4.0,9.62,42.0,118,3326,4539,2532
1220319755,1400,112,3,2,8,2020.0,4,Μεταμόρφωση (Αθήνα - Δυτικά Προάστια),Αθήνα - Δυτικά Προάστια (Αττική),38.062664,23.758696,1,0,0,2.0,12.5,6.0,1932,7956,4322,4648
1220323636,700,80,2,1,3,1970.0,5,Χαϊδάρι (Αθήνα - Δυτικά Προάστια),Αθήνα - Δυτικά Προάστια (Αττική),38.008167,23.660217,0,0,0,1.0,8.75,56.0,1364,2198,799,5166
1219875782,1100,55,0,1,7,1970.0,8,Κηφισιά (Αθήνα - Βόρεια Προάστια),Αθήνα - Βόρεια Προάστια (Αττική),38.072678,23.813696,1,1,1,4.0,20.0,56.0,486,10956,5094,1610
1219903949,1050,62,2,1,3,2024.0,4,Αγία Παρασκευή (Αθήνα - Βόρεια Προάστια),Αθήνα - Βόρεια Προάστια (Αττική),38.0056,23.821844,1,0,1,2.0,16.94,2.0,1517,4656,4121,5930
1220155912,1550,105,2,1,9,2005.0,4,Μετς - Καλλιμάρμαρο (Αθήνα - Κέντρο),Αθήνα - Κέντρο (Αττική),37.96664,23.733559,1,0,1,2.0,14.76,21.0,502,1611,1579,803
1219758123,790,50,1,1,8,1980.0,7,Αγία Παρασκευή (Αθήνα - Βόρεια Προάστια),Αθήνα - Βόρεια Προάστια (Αττική),38.00491,23.813831,1,1,1,1.0,15.8,46.0,930,4110,3713,5940
1220449866,1140,69,2,1,7,1970.0,8,Παγκράτι (Αθήνα - Κέντρο),Αθήνα - Κέντρο (Αττική),37.97131,23.746078,1,1,1,2.0,16.52,56.0,536,1824,529,168
1220229512,1020,75,2,1,7,1973.0,8,Παγκράτι (Αθήνα - Κέντρο),Αθήνα - Κέντρο (Αττική),37.965809,23.754581,1,1,1,2.0,13.6,53.0,1332,1098,1309,873
1220090970,1510,100,3,1,9,1979.0,6,Παγκράτι (Αθήνα - Κέντρο),Αθήνα - Κέντρο (Αττική),37.966995,23.753706,1,1,1,2.0,15.1,47.0,1180,1144,1157,744
1219829666,1230,81,2,1,7,1965.0,5,Παγκράτι (Αθήνα - Κέντρο),Αθήνα - Κέντρο (Αττική),37.968044,23.749502,1,1,1,2.0,15.19,61.0,927,1500,909,364
1219444063,1180,95,2,1,9,1960.0,9,Παγκράτι (Αθήνα - Κέντρο),Αθήνα - Κέντρο (Αττική),37.968204,23.749632,1,1,1,2.0,12.42,66.0,912,1488,895,365
1220186408,1290,90,2,1,10,1980.0,5,Μαρούσι (Αθήνα - Βόρεια Προάστια),Αθήνα - Βόρεια Προάστια (Αττική),38.056534,23.816912,1,0,1,2.0,14.33,46.0,783,9314,3751,513
1219848517,1470,110,3,2,6,1983.0,5,Χαλάνδρι (Αθήνα - Βόρεια Προάστια),Αθήνα - Βόρεια Προάστια (Αττική),38.030159,23.824511,1,1,1,1.0,13.36,43.0,1006,6931,3184,3330
1219553802,1390,70,2,1,6,1966.0,9,Κολωνάκι - Λυκαβηττός (Αθήνα - Κέντρο),Αθήνα - Κέντρο (Αττική),37.977779,23.74922,1,1,1,1.0,19.86,60.0,283,1834,271,698
1219747298,1170,80,2,2,6,1970.0,7,Παγκράτι (Αθήνα - Κέντρο),Αθήνα - Κέντρο (Αττική),37.97226,23.74865,1,1,1,Άγνωστο,14.62,56.0,457,1625,437,359
1219491527,1150,75,2,1,9,2007.0,6,Βριλήσσια (Αθήνα - Βόρεια Προάστια),Αθήνα - Βόρεια Προάστια (Αττική),38.040161,23.83,1,1,0,1.0,15.33,19.0,1837,8131,3785,2587
1220304274,1450,110,3,1,6,2012.0,5,Γλυφάδα (Αθήνα - Νότια Προάστια),Αθήνα - Νότια Προάστια (Αττική),37.879711,23.746607,1,0,0,2.0,13.18,14.0,1456,9317,10707,7848
1220196906,980,45,1,1,9,2026.0,1,Αμπελόκηποι - Πεντάγωνο (Αθήνα - Κέντρο),Αθήνα - Κέντρο (Αττική),37.992779,23.772097,1,0,0,13.0,21.78,0.0,362,1970,351,2819
1219456606,1620,100,2,1,6,2000.0,6,Ελληνικό (Αθήνα - Νότια Προάστια),Αθήνα - Νότια Προάστια (Αττική),37.89135,23.74461,1,1,1,1.0,16.2,26.0,160,8027,9415,6586
1219782043,1880,115,3,1,10,1992.0,6,Χαλάνδρι (Αθήνα - Βόρεια Προάστια),Αθήνα - Βόρεια Προάστια (Αττική),38.022427,23.814798,1,1,1,1.0,16.35,34.0,534,5758,2539,3999
1220504324,550,54,1,1,7,1977.0,4,Νέος Κόσμος (Αθήνα - Κέντρο),Αθήνα - Κέντρο (Αττική),37.954399,23.722822,1,0,0,1.0,10.19,49.0,639,817,3209,1245
1220461138,1200,112,3,1,10,2005.0,5,Καλλιθέα (Αθήνα - Νότια Προάστια),Αθήνα - Νότια Προάστια (Αττική),37.95311,23.690044,1,1,1,1.0,10.71,21.0,3413,2500,4129,1562
1220423286,850,64,2,1,3,1980.0,5,Άλιμος (Αθήνα - Νότια Προάστια),Αθήνα - Νότια Προάστια (Αττική),37.923363,23.737974,0,1,0,4.0,13.28,46.0,1084,4486,5907,3226
1219644305,1580,110,3,2,10,2008.0,6,Μαρούσι (Αθήνα - Βόρεια Προάστια),Αθήνα - Βόρεια Προάστια (Αττική),38.041309,23.808159,1,0,1,1.0,14.36,18.0,1572,7467,2060,1912
1219797642,550,53,1,1,6,1980.0,4,Βύρωνας (Αθήνα - Νότια Προάστια),Αθήνα - Νότια Προάστια (Αττική),37.963081,23.74976,1,1,0,1.0,10.38,46.0,1471,1599,1455,817
1220480052,650,52,1,0,3,1975.0,4,Περιστέρι (Αθήνα - Δυτικά Προάστια),Αθήνα - Δυτικά Προάστια (Αττική),38.008625,23.674381,0,1,1,Άγνωστο,12.5,51.0,1418,1827,1301,4168
1220468586,750,80,2,1,6,1992.0,6,Πετρούπολη (Αθήνα - Δυτικά Προάστια),Αθήνα - Δυτικά Προάστια (Αττική),38.040585,23.680851,1,0,0,1.0,9.38,34.0,2431,5405,3266,2540
1219817189,1600,110,3,1,7,2026.0,1,Γέρακας (Αθήνα - Ανατολικά Προάστια),Αθήνα - Ανατολικά Προάστια (Αττική),38.029888,23.853014,1,0,0,Άγνωστο,14.55,0.0,1887,8495,5680,4816
1218279340,1800,100,2,1,8,1975.0,8,Παλαιό Φάληρο (Αθήνα - Νότια Προάστια),Αθήνα - Νότια Προάστια (Αττική),37.92672,23.69067,1,1,0,Άγνωστο,18.0,51.0,4257,3703,3961,1397
1220496324,500,46,1,1,3,1970.0,5,Νέος Κόσμος (Αθήνα - Κέντρο),Αθήνα - Κέντρο (Αττική),37.961666,23.729006,0,1,0,Άγνωστο,10.87,56.0,374,1056,2249,1475
1218971876,850,57,2,1,10,1980.0,7,Αττική (Αθήνα - Κέντρο),Αθήνα - Κέντρο (Αττική),37.990761,23.72529,1,1,1,Άγνωστο,14.91,46.0,434,724,2519,924
1220479383,600,55,1,1,6,2007.0,5,Αιγάλεω (Αθήνα - Δυτικά Προάστια),Αθήνα - Δυτικά Προάστια (Αττική),38.007122,23.669964,1,0,0,1.0,10.91,19.0,1130,1717,1132,4565
1220433694,650,50,1,0,4,1960.0,2,Αιγάλεω (Αθήνα - Δυτικά Προάστια),Αθήνα - Δυτικά Προάστια (Αττική),38.000572,23.682468,0,1,0,Άγνωστο,13.0,66.0,1037,1138,2415,4422
1220433795,550,50,1,1,4,1980.0,2,Αιγάλεω (Αθήνα - Δυτικά Προάστια),Αθήνα - Δυτικά Προάστια (Αττική),38.001717,23.68284,0,0,0,Άγνωστο,11.0,46.0,1167,1262,2356,4296
1220343131,800,100,3,0,3,1975.0,6,Περιστέρι (Αθήνα - Δυτικά Προάστια),Αθήνα - Δυτικά Προάστια (Αττική),38.004486,23.691774,0,1,0,Άγνωστο,8.0,51.0,643,2007,2860,3656
1220409639,1000,113,3,2,7,1990.0,6,Πετρούπολη (Αθήνα - Δυτικά Προάστια),Αθήνα - Δυτικά Προάστια (Αττική),38.039909,23.679371,0,0,0,1.0,8.85,36.0,2377,5319,3136,2647
1220217150,700,136,3,1,8,1983.0,6,Γαλάτσι (Αθήνα - Δυτικά Προάστια),Αθήνα - Δυτικά Προάστια (Αττική),38.011356,23.750746,1,0,0,Άγνωστο,5.15,43.0,1905,2500,2545,2481
1220408219,880,119,3,1,6,2004.0,6,Καματερό (Αθήνα - Δυτικά Προάστια),Αθήνα - Δυτικά Προάστια (Αττική),38.05109,23.693272,0,0,0,1.0,7.39,22.0,3663,6741,4835,2292
1220388311,620,87,2,1,6,1968.0,6,Περιστέρι (Αθήνα - Δυτικά Προάστια),Αθήνα - Δυτικά Προάστια (Αττική),38.016426,23.708937,0,0,0,1.0,7.13,58.0,1431,3209,4105,2010
1220347755,750,98,1,1,3,1978.0,2,Περιστέρι (Αθήνα - Δυτικά Προάστια),Αθήνα - Δυτικά Προάστια (Αττική),38.013992,23.704802,0,1,0,Άγνωστο,7.65,48.0,999,3263,3743,2307
1219891416,500,46,1,1,3,1960.0,5,Περιστέρι (Αθήνα - Δυτικά Προάστια),Αθήνα - Δυτικά Προάστια (Αττική),38.007244,23.687145,0,0,0,Άγνωστο,10.87,66.0,1017,1983,2366,3575
1220362285,400,34,1,1,3,1975.0,6,Αιγάλεω (Αθήνα - Δυτικά Προάστια),Αθήνα - Δυτικά Προάστια (Αττική),37.983749,23.6775,0,1,0,Άγνωστο,11.76,51.0,900,965,3748,5125
1219823950,930,105,2,2,3,2000.0,6,Μεταμόρφωση (Αθήνα - Δυτικά Προάστια),Αθήνα - Δυτικά Προάστια (Αττική),38.054443,23.755854,0,1,0,1.0,8.86,26.0,1275,7009,3812,4679
1220319291,600,85,2,1,3,1979.0,6,Χαϊδάρι (Αθήνα - Δυτικά Προάστια),Αθήνα - Δυτικά Προάστια (Αττική),38.00634,23.661831,0,1,0,1.0,7.06,47.0,1120,1950,985,5170
1220410777,680,98,2,1,7,1978.0,4,Ίλιον (Αθήνα - Δυτικά Προάστια),Αθήνα - Δυτικά Προάστια (Αττική),38.03931,23.69986,0,1,0,13.0,6.94,48.0,2643,5673,4257,948
1220487704,850,93,2,1,8,2016.0,5,Νέα Φιλαδέλφεια (Αθήνα - Δυτικά Προάστια),Αθήνα - Δυτικά Προάστια (Αττική),38.045204,23.734138,1,1,0,1.0,9.14,10.0,1663,5674,4974,2518
1220432837,850,105,2,1,9,1990.0,6,Χαϊδάρι (Αθήνα - Δυτικά Προάστια),Αθήνα - Δυτικά Προάστια (Αττική),38.01482,23.646534,1,0,0,1.0,8.1,36.0,2668,3542,1364,5877
1220508972,420,54,1,1,3,1970.0,5,Γαλάτσι (Αθήνα - Δυτικά Προάστια),Αθήνα - Δυτικά Προάστια (Αττική),38.019661,23.751297,0,1,0,Άγνωστο,7.78,56.0,1433,3284,3310,3319
1220480045,650,55,1,0,3,1975.0,4,Περιστέρι (Αθήνα - Δυτικά Προάστια),Αθήνα - Δυτικά Προάστια (Αττική),38.008625,23.674381,0,1,1,Άγνωστο,11.82,51.0,1418,1827,1301,4168
1220397532,600,47,1,1,7,1974.0,5,Γαλάτσι (Αθήνα - Δυτικά Προάστια),Αθήνα - Δυτικά Προάστια (Αττική),38.022102,23.752396,1,0,0,1.0,12.77,52.0,1356,3567,3306,3606
1220423284,500,50,1,1,7,1977.0,6,Περιστέρι (Αθήνα - Δυτικά Προάστια),Αθήνα - Δυτικά Προάστια (Αττική),38.033016,23.677364,0,0,0,1.0,10.0,49.0,1686,4543,2390,2758
1220123978,780,110,3,1,8,1990.0,5,Νέα Ιωνία (Αθήνα - Δυτικά Προάστια),Αθήνα - Δυτικά Προάστια (Αττική),38.046013,23.749641,0,0,0,Άγνωστο,7.09,36.0,676,5958,3743,3799
1220432810,750,105,2,1,6,1987.0,4,Ίλιον (Αθήνα - Δυτικά Προάστια),Αθήνα - Δυτικά Προάστια (Αττική),38.028175,23.689034,0,1,0,Άγνωστο,7.14,39.0,1108,4185,2766,1869
1220351673,550,60,1,1,3,1980.0,6,Ίλιον (Αθήνα - Δυτικά Προάστια),Αθήνα - Δυτικά Προάστια (Αττική),38.018444,23.708475,0,0,1,1.0,9.17,46.0,1499,3410,4079,1786
1220312841,450,30,1,1,3,1980.0,2,Ίλιον (Αθήνα - Δυτικά Προάστια),Αθήνα - Δυτικά Προάστια (Αττική),38.032352,23.698229,0,1,1,Άγνωστο,15.0,46.0,1925,4907,3695,956
1220440711,550,55,2,0,7,1970.0,5,Αιγάλεω (Αθήνα - Δυτικά Προάστια),Αθήνα - Δυτικά Προάστια (Αττική),37.989811,23.676218,0,0,0,Άγνωστο,10.0,56.0,467,286,3082,5212
1219978576,650,75,2,1,8,1980.0,7,Γαλάτσι (Αθήνα - Δυτικά Προάστια),Αθήνα - Δυτικά Προάστια (Αττική),38.016281,23.751829,1,0,0,1.0,8.67,46.0,1634,2993,2955,3002
1220464910,700,76,2,1,3,1980.0,3,Γαλάτσι (Αθήνα - Δυτικά Προάστια),Αθήνα - Δυτικά Προάστια (Αττική),38.019131,23.75972,0,0,0,2.0,9.21,46.0,2016,3668,2849,3638
1220256527,650,70,2,1,10,1980.0,4,Γαλάτσι (Αθήνα - Δυτικά Προάστια),Αθήνα - Δυτικά Προάστια (Αττική),38.015305,23.757591,1,1,0,2.0,9.29,46.0,2130,3228,2646,3185
1219940709,500,50,1,1,6,1990.0,4,Γαλάτσι (Αθήνα - Δυτικά Προάστια),Αθήνα - Δυτικά Προάστια (Αττική),38.016848781250005,23.753953875,1,1,0,4.0,10.0,36.0,1768,3153,2927,3149
1219024121,1000,98,3,1,7,2010.0,3,Νέα Ιωνία (Αθήνα - Δυτικά Προάστια),Αθήνα - Δυτικά Προάστια (Αττική),38.037220777777776,23.761958166666666,1,1,0,1.0,10.2,16.0,781,5444,2385,4665
1220462355,550,55,1,1,3,2003.5,3,Νέα Ιωνία (Αθήνα - Δυτικά Προάστια),Αθήνα - Δυτικά Προάστια (Αττική),38.037220777777776,23.761958166666666,0,1,0,4.0,10.0,22.5,781,5444,2385,4665
1220488602,600,38,1,1,6,1980.0,4,Αιγάλεω (Αθήνα - Δυτικά Προάστια),Αθήνα - Δυτικά Προάστια (Αττική),37.999241,23.682461,0,0,0,4.0,15.79,46.0,890,1020,2516,4549
1220277552,820,100,2,1,7,1998.0,4,Αιγάλεω (Αθήνα - Δυτικά Προάστια),Αθήνα - Δυτικά Προάστια (Αττική),37.997223,23.68434,0,0,0,2.0,8.2,28.0,714,991,2792,4522
1220480075,620,65,1,1,3,1980.0,4,Πετρούπολη (Αθήνα - Δυτικά Προάστια),Αθήνα - Δυτικά Προάστια (Αττική),38.046005,23.680912,0,1,0,1.0,9.54,46.0,3029,6005,3801,2757
1220496231,400,48,1,1,6,1975.0,5,Πετρούπολη (Αθήνα - Δυτικά Προάστια),Αθήνα - Δυτικά Προάστια (Αττική),38.042103,23.672319,0,0,0,Άγνωστο,8.33,51.0,2789,5554,3123,3305
1219970351,750,80,2,1,3,1970.0,9,Αιγάλεω (Αθήνα - Δυτικά Προάστια),Αθήνα - Δυτικά Προάστια (Αττική),37.985611,23.68,0,1,0,Άγνωστο,9.38,56.0,641,854,3645,4932
1220430265,500,50,1,1,6,1975.0,5,Χαϊδάρι (Αθήνα - Δυτικά Προάστια),Αθήνα - Δυτικά Προάστια (Αττική),38.001942,23.666431,0,0,0,1.0,10.0,51.0,532,1318,1522,5185
1220320670,850,107,3,2,6,1995.0,6,Χαϊδάρι (Αθήνα - Δυτικά Προάστια),Αθήνα - Δυτικά Προάστια (Αττική),38.013081,23.644981,0,0,0,1.0,7.94,31.0,2628,3508,1518,6076
1220136286,820,100,2,1,7,1982.0,3,Αιγάλεω (Αθήνα - Δυτικά Προάστια),Αθήνα - Δυτικά Προάστια (Αττική),37.996326,23.682493,0,0,0,2.0,8.2,44.0,570,801,2756,4673
1220350647,500,60,1,1,3,1982.0,7,Χαϊδάρι (Αθήνα - Δυτικά Προάστια),Αθήνα - Δυτικά Προάστια (Αττική),38.013504,23.651373,0,0,0,Άγνωστο,8.33,44.0,2282,3146,958,5546
1219026802,850,115,3,1,7,2006.0,6,Χαϊδάρι (Αθήνα - Δυτικά Προάστια),Αθήνα - Δυτικά Προάστια (Αττική),38.013939,23.66526,0,1,0,4.0,7.39,20.0,1765,2563,310,4447
1220242705,520,80,2,1,7,1978.0,7,Χαϊδάρι (Αθήνα - Δυτικά Προάστια),Αθήνα - Δυτικά Προάστια (Αττική),38.006397,23.664349,0,0,0,4.0,6.5,48.0,1053,1834,998,4993
1220343570,700,80,2,1,3,2023.0,5,Χαϊδάρι (Αθήνα - Δυτικά Προάστια),Αθήνα - Δυτικά Προάστια (Αττική),38.006851,23.66213,0,0,1,1.0,8.75,3.0,1161,1981,928,5115
1220338937,650,103,2,1,6,1975.0,6,Αιγάλεω (Αθήνα - Δυτικά Προάστια),Αθήνα - Δυτικά Προάστια (Αττική),37.986488,23.670511,0,1,0,1.0,6.31,51.0,1079,747,3277,5600
1220450544,750,85,2,1,6,2004.0,4,Αχαρνές (Αθήνα - Δυτικά Προάστια),Αθήνα - Δυτικά Προάστια (Αττική),38.081406,23.729696,0,1,0,1.0,8.82,22.0,4938,9700,7552,5527
1219559673,850,100,2,1,6,1980.0,8,Πετρούπολη (Αθήνα - Δυτικά Προάστια),Αθήνα - Δυτικά Προάστια (Αττική),38.039181,23.68836,0,0,1,6.0,8.5,46.0,2282,5354,3522,1864
1219559624,700,100,2,1,6,1980.0,8,Πετρούπολη (Αθήνα - Δυτικά Προάστια),Αθήνα - Δυτικά Προάστια (Αττική),38.040249,23.68465,0,0,0,6.0,7.0,46.0,2374,5409,3415,2210
1220212431,550,60,1,1,8,2010.0,7,Περιστέρι (Αθήνα - Δυτικά Προάστια),Αθήνα - Δυτικά Προάστια (Αττική),38.0144,23.68466,0,1,0,2.0,9.17,16.0,501,2610,1978,3077
1220338859,650,78,2,1,7,1982.0,6,Περιστέρι (Αθήνα - Δυτικά Προάστια),Αθήνα - Δυτικά Προάστια (Αττική),38.00267,23.689257,0,1,1,1.0,8.33,44.0,926,1708,2757,3932
1220164575,800,55,1,1,3,1990.0,2,Πετρούπολη (Αθήνα - Δυτικά Προάστια),Αθήνα - Δυτικά Προάστια (Αττική),38.037079,23.674471,0,1,0,13.0,14.55,36.0,2201,4991,2663,3020
1220485759,580,54,2,1,6,1978.0,10,Αιγάλεω (Αθήνα - Δυτικά Προάστια),Αθήνα - Δυτικά Προάστια (Αττική),37.9945645,23.677609894736847,0,1,0,Άγνωστο,10.74,48.0,480,348,2667,5087
1220502681,860,51,1,1,3,2026.0,1,Αιγάλεω (Αθήνα - Δυτικά Προάστια),Αθήνα - Δυτικά Προάστια (Αττική),37.99667,23.67123,0,1,0,4.0,16.86,0.0,358,597,2210,5341
1220480456,600,43,1,1,6,1965.0,9,Αιγάλεω (Αθήνα - Δυτικά Προάστια),Αθήνα - Δυτικά Προάστια (Αττική),38.000187,23.67277,0,1,1,4.0,13.95,61.0,590,909,1913,4952
1220396019,750,101,2,1,7,1990.0,6,Γαλάτσι (Αθήνα - Δυτικά Προάστια),Αθήνα - Δυτικά Προάστια (Αττική),38.01862,23.760099,1,1,0,1.0,7.43,36.0,2080,3648,2848,3612
1220493159,400,30,0,1,7,1980.0,10,Αιγάλεω (Αθήνα - Δυτικά Προάστια),Αθήνα - Δυτικά Προάστια (Αττική),38.000019,23.680773,0,1,1,Άγνωστο,13.33,46.0,970,1006,2351,4553
1220196839,1250,145,3,2,7,1980.0,4,Γαλάτσι (Αθήνα - Δυτικά Προάστια),Αθήνα - Δυτικά Προάστια (Αττική),38.018139,23.758739,1,1,0,1.0,8.62,46.0,2042,3529,2913,3498
1217988685,500,31,0,0,3,2020.0,2,Νέα Ιωνία (Αθήνα - Δυτικά Προάστια),Αθήνα - Δυτικά Προάστια (Αττική),38.039551,23.75458,0,0,1,2.0,16.13,6.0,256,5407,3078,4048
1220124076,850,85,2,1,8,2005.0,5,Αχαρνές (Αθήνα - Δυτικά Προάστια),Αθήνα - Δυτικά Προάστια (Αττική),38.080063,23.742893,1,0,1,13.0,10.0,21.0,4269,9592,6700,5880
1220137361,490,52,1,1,6,1985.0,7,Γαλάτσι (Αθήνα - Δυτικά Προάστια),Αθήνα - Δυτικά Προάστια (Αττική),38.010685,23.746857,1,0,1,Άγνωστο,9.42,41.0,1586,2233,2708,2250
1219680804,480,30,1,1,3,1990.0,4,Αιγάλεω (Αθήνα - Δυτικά Προάστια),Αθήνα - Δυτικά Προάστια (Αττική),38.003738,23.675039,0,1,1,4.0,16.0,36.0,1000,1283,1706,4522
1220451162,620,65,2,1,3,1985.0,5,Αιγάλεω (Αθήνα - Δυτικά Προάστια),Αθήνα - Δυτικά Προάστια (Αττική),38.001366,23.68334,0,1,1,Άγνωστο,9.54,41.0,1135,1254,2414,4307
1219762385,500,34,1,1,3,2026.0,1,Περιστέρι (Αθήνα - Δυτικά Προάστια),Αθήνα - Δυτικά Προάστια (Αττική),38.009399,23.704807,0,0,0,Άγνωστο,14.71,0.0,630,2830,3797,2813
1220388215,1000,100,3,2,6,1998.0,2,Αιγάλεω (Αθήνα - Δυτικά Προάστια),Αθήνα - Δυτικά Προάστια (Αττική),37.987255,23.685081,0,0,0,9.0,10.0,28.0,564,1041,3703,4465
1219814169,850,86,2,1,8,1997.0,6,Μεταμόρφωση (Αθήνα - Δυτικά Προάστια),Αθήνα - Δυτικά Προάστια (Αττική),38.063301,23.768961,1,0,0,2.0,9.88,29.0,1907,8328,3917,3766
1220319319,380,25,1,1,6,1980.0,6,Νέα Ιωνία (Αθήνα - Δυτικά Προάστια),Αθήνα - Δυτικά Προάστια (Αττική),38.033279,23.758493,1,1,0,1.0,15.2,46.0,849,4914,2609,4354
1219797689,950,50,1,1,6,1980.0,2,Χαϊδάρι (Αθήνα - Δυτικά Προάστια),Αθήνα - Δυτικά Προάστια (Αττική),38.011009,23.651541,1,1,1,Άγνωστο,19.0,46.0,2059,2932,1036,5655
1220417623,700,55,1,1,7,2026.0,2,Αιγάλεω (Αθήνα - Δυτικά Προάστια),Αθήνα - Δυτικά Προάστια (Αττική),37.994141,23.67301,1,1,1,2.0,12.73,0.0,612,277,2529,5475
1220334917,600,30,1,1,6,1990.0,3,Αιγάλεω (Αθήνα - Δυτικά Προάστια),Αθήνα - Δυτικά Προάστια (Αττική),37.992378,23.68812,0,1,1,4.0,20.0,36.0,618,1150,3411,4161
1213677328,700,55,1,1,0,2021.0,1,Αιγάλεω (Αθήνα - Δυτικά Προάστια),Αθήνα - Δυτικά Προάστια (Αττική),37.992378,23.68812,0,1,1,4.0,12.73,5.0,618,1150,3411,4161
1220290346,950,92,3,1,7,1960.0,3,Αιγάλεω (Αθήνα - Δυτικά Προάστια),Αθήνα - Δυτικά Προάστια (Αττική),37.991039,23.681332,0,1,0,2.0,10.33,66.0,31,570,3171,4758
1220352970,1400,95,3,1,8,2021.0,3,Νέα Ιωνία (Αθήνα - Δυτικά Προάστια),Αθήνα - Δυτικά Προάστια (Αττική),38.035423,23.776245,1,0,0,2.0,14.74,5.0,970,5986,1134,4000
1219114988,650,42,0,1,3,2025.0,1,Περιστέρι (Αθήνα - Δυτικά Προάστια),Αθήνα - Δυτικά Προάστια (Αττική),38.019932,23.6894,1,0,0,Άγνωστο,15.48,1.0,453,3332,2449,2348
1220222394,850,110,1,1,7,1979.0,7,Νέα Φιλαδέλφεια (Αθήνα - Δυτικά Προάστια),Αθήνα - Δυτικά Προάστια (Αττική),38.049267,23.73843,1,1,0,1.0,7.73,47.0,1687,6147,4785,3071
1219995450,1250,165,3,1,6,2010.0,5,Αχαρνές (Αθήνα - Δυτικά Προάστια),Αθήνα - Δυτικά Προάστια (Αττική),38.123657,23.759369,0,0,0,1.0,7.58,16.0,7044,14589,10554,8581
1217650225,1300,127,3,2,8,2025.0,1,Πετρούπολη (Αθήνα - Δυτικά Προάστια),Αθήνα - Δυτικά Προάστια (Αττική),38.041279,23.676849,1,0,1,4.0,10.24,1.0,2575,5460,3175,2898
1220352932,450,62,1,1,3,1973.0,5,Ίλιον (Αθήνα - Δυτικά Προάστια),Αθήνα - Δυτικά Προάστια (Αττική),38.030922,23.69632,0,0,0,1.0,7.26,53.0,1696,4693,3470,1163
1220223367,890,106,2,2,6,1994.0,6,Αχαρνές (Αθήνα - Δυτικά Προάστια),Αθήνα - Δυτικά Προάστια (Αττική),38.056675,23.730448,0,0,0,1.0,8.4,32.0,2726,6949,5780,3110
1220310876,650,55,1,0,3,1992.0,5,Ίλιον (Αθήνα - Δυτικά Προάστια),Αθήνα - Δυτικά Προάστια (Αττική),38.021126,23.70163,0,0,1,Άγνωστο,11.82,34.0,1052,3974,3525,1614
1220007186,550,53,1,1,3,1973.0,7,Γαλάτσι (Αθήνα - Δυτικά Προάστια),Αθήνα - Δυτικά Προάστια (Αττική),38.013569,23.744619,0,1,0,Άγνωστο,10.38,53.0,1375,2409,3076,2472
1220371358,780,94,2,1,6,1960.0,7,Χαϊδάρι (Αθήνα - Δυτικά Προάστια),Αθήνα - Δυτικά Προάστια (Αττική),38.003857,23.660667,0,1,0,4.0,8.3,66.0,936,1805,1268,5421
1220365886,750,77,2,1,6,1989.0,7,Περιστέρι (Αθήνα - Δυτικά Προάστια),Αθήνα - Δυτικά Προάστια (Αττική),38.02211,23.670179,0,0,0,1.0,9.74,37.0,1296,3353,1045,3653
1219978316,1300,127,3,2,8,2023.0,1,Πετρούπολη (Αθήνα - Δυτικά Προάστια),Αθήνα - Δυτικά Προάστια (Αττική),38.044308,23.681431,1,0,0,Άγνωστο,10.24,3.0,2837,5821,3653,2633
1220372214,950,59,2,1,10,2025.0,2,Αιγάλεω (Αθήνα - Δυτικά Προάστια),Αθήνα - Δυτικά Προάστια (Αττική),38.003139,23.67944,1,0,1,9.0,16.1,1.0,1260,1277,2026,4333
1220310593,1000,150,3,2,7,1990.0,7,Μεταμόρφωση (Αθήνα - Δυτικά Προάστια),Αθήνα - Δυτικά Προάστια (Αττική),38.066463,23.772461,1,0,0,2.0,6.67,36.0,2310,8771,4125,3536
1220067731,400,30,1,1,3,1975.0,8,Γαλάτσι (Αθήνα - Δυτικά Προάστια),Αθήνα - Δυτικά Προάστια (Αττική),38.017872,23.757778,0,0,0,2.0,13.33,51.0,2013,3451,2910,3426
1220464482,570,70,2,1,7,1981.0,7,Αγιοι Ανάργυροι (Αθήνα - Δυτικά Προάστια),Αθήνα - Δυτικά Προάστια (Αττική),38.01968,23.713449,0,0,0,1.0,8.14,45.0,1571,3280,4526,1697
1220119629,550,56,1,1,3,1980.0,4,Πετρούπολη (Αθήνα - Δυτικά Προάστια),Αθήνα - Δυτικά Προάστια (Αττική),38.033897,23.685923,1,1,0,1.0,9.82,46.0,1673,4734,2946,2005
1219886696,1400,101,3,1,8,2007.0,8,Ίλιον (Αθήνα - Δυτικά Προάστια),Αθήνα - Δυτικά Προάστια (Αττική),38.035465,23.696249,1,0,0,2.0,13.86,19.0,2114,5158,3745,1104
1220477374,680,75,2,1,6,1980.0,6,Χαϊδάρι (Αθήνα - Δυτικά Προάστια),Αθήνα - Δυτικά Προάστια (Αττική),38.015263,23.665979,0,0,1,4.0,9.07,46.0,1664,2684,340,4318
1220478400,450,30,1,1,3,2016.0,4,Αγιοι Ανάργυροι (Αθήνα - Δυτικά Προάστια),Αθήνα - Δυτικά Προάστια (Αττική),38.048912,23.732679,0,0,1,2.0,15.0,10.0,2013,6084,5234,2635
1220193187,750,100,3,1,6,1982.0,5,Ίλιον (Αθήνα - Δυτικά Προάστια),Αθήνα - Δυτικά Προάστια (Αττική),38.042549,23.708807,0,0,0,1.0,7.5,44.0,3152,5757,5097,895
1220066248,1300,175,3,1,3,2005.0,5,Αχαρνές (Αθήνα - Δυτικά Προάστια),Αθήνα - Δυτικά Προάστια (Αττική),38.144272,23.75762,0,0,0,Άγνωστο,7.43,21.0,9048,16834,12822,10659
1220372046,680,66,1,0,3,1990.0,5,Αιγάλεω (Αθήνα - Δυτικά Προάστια),Αθήνα - Δυτικά Προάστια (Αττική),37.994728,23.680992,0,0,0,1.0,10.3,36.0,382,596,2815,4792
1219566777,390,40,1,1,2,1975.0,3,Αγία Βαρβάρα (Αθήνα - Δυτικά Προάστια),Αθήνα - Δυτικά Προάστια (Αττική),37.993469,23.659691,0,0,0,4.0,9.75,51.0,778,1349,2426,6271
1219066244,1950,250,4,4,3,2011.0,6,Αχαρνές (Αθήνα - Δυτικά Προάστια),Αθήνα - Δυτικά Προάστια (Αττική),38.139957,23.757193,1,0,0,1.0,7.8,15.0,8652,16353,12361,10248
1220495965,580,55,1,1,3,1975.0,4,Χαϊδάρι (Αθήνα - Δυτικά Προάστια),Αθήνα - Δυτικά Προάστια (Αττική),38.004154,23.667194,0,0,0,4.0,10.55,51.0,773,1495,1307,4967
1219984460,790,90,2,1,8,1986.0,4,Γαλάτσι (Αθήνα - Δυτικά Προάστια),Αθήνα - Δυτικά Προάστια (Αττική),38.017414,23.754742,1,1,0,2.0,8.78,40.0,1805,3245,2956,3238
1220377426,520,50,1,1,7,1975.0,7,Ίλιον (Αθήνα - Δυτικά Προάστια),Αθήνα - Δυτικά Προάστια (Αττική),38.019711,23.705704,0,1,1,Άγνωστο,10.4,51.0,1302,3671,3853,1667
1220424071,800,75,1,1,3,2026.0,1,Αιγάλεω (Αθήνα - Δυτικά Προάστια),Αθήνα - Δυτικά Προάστια (Αττική),37.986248,23.684347,0,0,1,6.0,10.67,0.0,626,1053,3763,4545
1220346254,670,90,2,1,6,1980.0,7,Γαλάτσι (Αθήνα - Δυτικά Προάστια),Αθήνα - Δυτικά Προάστια (Αττική),38.016848781250005,23.753953875,1,0,0,Άγνωστο,7.44,46.0,1768,3153,2927,3149
1220482513,850,66,1,0,8,2025.0,4,Αιγάλεω (Αθήνα - Δυτικά Προάστια),Αθήνα - Δυτικά Προάστια (Αττική),37.989098,23.671381,1,0,0,9.0,12.88,1.0,895,469,3014,5640
1220305514,1100,90,2,2,6,1970.0,2,Πετρούπολη (Αθήνα - Δυτικά Προάστια),Αθήνα - Δυτικά Προάστια (Αττική),38.041012,23.678692,0,1,0,9.0,12.22,56.0,2509,5437,3217,2734
1220139314,850,60,1,0,7,1980.0,6,Αιγάλεω (Αθήνα - Δυτικά Προάστια),Αθήνα - Δυτικά Προάστια (Αττική),37.993092,23.679411,1,0,0,2.0,14.17,46.0,254,399,2889,4924
1220311513,450,50,1,1,3,1965.0,7,Αιγάλεω (Αθήνα - Δυτικά Προάστια),Αθήνα - Δυτικά Προάστια (Αττική),37.9945645,23.677609894736847,0,1,0,Άγνωστο,9.0,61.0,480,348,2667,5087
1220415438,750,86,2,1,6,2004.0,4,Αχαρνές (Αθήνα - Δυτικά Προάστια),Αθήνα - Δυτικά Προάστια (Αττική),38.08181,23.731895,1,1,0,1.0,8.72,22.0,4894,9742,7456,5636
1220402783,580,100,2,1,3,1982.0,6,Ίλιον (Αθήνα - Δυτικά Προάστια),Αθήνα - Δυτικά Προάστια (Αττική),38.041611,23.699671,0,0,0,1.0,5.8,44.0,2858,5904,4411,1124
1216560533,480,55,1,1,7,1989.0,1,Αιγάλεω (Αθήνα - Δυτικά Προάστια),Αθήνα - Δυτικά Προάστια (Αττική),37.992378,23.68812,0,1,1,4.0,8.73,37.0,618,1150,3411,4161
1220300653,750,46,1,1,6,1980.0,4,Αιγάλεω (Αθήνα - Δυτικά Προάστια),Αθήνα - Δυτικά Προάστια (Αττική),38.000481,23.675064,0,1,1,4.0,16.3,46.0,780,921,1992,4800
1220308415,480,31,1,1,7,1985.0,6,Γαλάτσι (Αθήνα - Δυτικά Προάστια),Αθήνα - Δυτικά Προάστια (Αττική),38.022873,23.755821,1,1,1,4.0,15.48,41.0,1480,3796,2994,3814
1220170002,580,54,1,1,6,2010.0,3,Περιστέρι (Αθήνα - Δυτικά Προάστια),Αθήνα - Δυτικά Προάστια (Αττική),38.005219,23.677111,0,1,0,4.0,10.74,16.0,1245,1459,1721,4279
1220177962,850,75,2,1,7,1990.0,6,Περιστέρι (Αθήνα - Δυτικά Προάστια),Αθήνα - Δυτικά Προάστια (Αττική),38.014736,23.701456,0,1,0,1.0,11.33,36.0,863,3414,3448,2290
1220333017,600,33,0,0,3,1980.0,3,Αιγάλεω (Αθήνα - Δυτικά Προάστια),Αθήνα - Δυτικά Προάστια (Αττική),37.989567,23.677189,0,1,1,4.0,18.18,46.0,401,350,3142,5129
1220152973,850,100,2,1,6,1983.0,2,Ίλιον (Αθήνα - Δυτικά Προάστια),Αθήνα - Δυτικά Προάστια (Αττική),38.031216,23.715548,0,0,0,1.0,8.5,43.0,1956,4370,5009,695
1220158227,900,120,3,1,6,1975.0,6,Αχαρνές (Αθήνα - Δυτικά Προάστια),Αθήνα - Δυτικά Προάστια (Αττική),38.132313,23.761477,0,1,0,1.0,7.5,51.0,7731,15568,11451,9322
1219989562,850,110,2,1,7,1980.0,9,Νέα Ιωνία (Αθήνα - Δυτικά Προάστια),Αθήνα - Δυτικά Προάστια (Αττική),38.035492,23.763288,0,0,0,6.0,7.73,46.0,997,5334,2227,4773
1220407577,600,42,1,1,6,1980.0,3,Αιγάλεω (Αθήνα - Δυτικά Προάστια),Αθήνα - Δυτικά Προάστια (Αττική),37.995483,23.671656,0,1,1,Άγνωστο,14.29,46.0,435,468,2347,5423
1220504694,850,90,2,1,6,2004.0,2,Πετρούπολη (Αθήνα - Δυτικά Προάστια),Αθήνα - Δυτικά Προάστια (Αττική),38.038467,23.669544,1,0,0,1.0,9.44,22.0,2535,5167,2668,3466
1220177337,720,61,1,1,10,1971.0,6,Γαλάτσι (Αθήνα - Δυτικά Προάστια),Αθήνα - Δυτικά Προάστια (Αττική),38.014469,23.753706,1,1,1,4.0,11.8,55.0,1881,2932,2700,2913
1220378873,900,95,2,1,7,2005.0,4,Περιστέρι (Αθήνα - Δυτικά Προάστια),Αθήνα - Δυτικά Προάστια (Αττική),38.018116,23.672417,1,0,0,1.0,9.47,21.0,1053,2891,960,3671
1219778801,600,55,0,0,6,1997.0,6,Περιστέρι (Αθήνα - Δυτικά Προάστια),Αθήνα - Δυτικά Προάστια (Αττική),38.012722,23.70653,0,1,0,1.0,10.91,29.0,982,3056,3902,2430
1220479210,580,55,1,1,3,1975.0,4,Χαϊδάρι (Αθήνα - Δυτικά Προάστια),Αθήνα - Δυτικά Προάστια (Αττική),38.001553,23.66713,0,0,0,4.0,10.55,51.0,484,1248,1580,5172
1220481422,830,70,2,1,9,1988.5,2,Περιστέρι (Αθήνα - Δυτικά Προάστια),Αθήνα - Δυτικά Προάστια (Αττική),38.023811,23.676653,1,0,0,Άγνωστο,11.86,37.5,871,3518,1594,3056
1220304379,620,76,2,1,3,1990.0,5,Χαϊδάρι (Αθήνα - Δυτικά Προάστια),Αθήνα - Δυτικά Προάστια (Αττική),38.005119,23.666851,0,0,1,Άγνωστο,8.16,36.0,881,1604,1196,4917
1220489960,580,38,1,1,7,1978.0,7,Χαϊδάρι (Αθήνα - Δυτικά Προάστια),Αθήνα - Δυτικά Προάστια (Αττική),38.009087,23.655895,0,1,0,4.0,15.26,48.0,1652,2516,870,5428
1217559773,800,50,1,1,10,2020.0,1,Γαλάτσι (Αθήνα - Δυτικά Προάστια),Αθήνα - Δυτικά Προάστια (Αττική),38.02652,23.752163,1,1,1,Άγνωστο,16.0,6.0,968,3993,3205,3900
1220491112,800,70,2,1,6,1995.0,4,Περιστέρι (Αθήνα - Δυτικά Προάστια),Αθήνα - Δυτικά Προάστια (Αττική),38.014168,23.681782,0,1,0,4.0,11.43,31.0,574,2514,1728,3273
1220491183,680,55,1,1,6,2005.0,6,Αιγάλεω (Αθήνα - Δυτικά Προάστια),Αθήνα - Δυτικά Προάστια (Αττική),38.005699,23.67284,1,0,0,2.0,12.36,21.0,1066,1513,1415,4492
1219583667,900,56,2,1,9,1981.0,3,Ίλιον (Αθήνα - Δυτικά Προάστια),Αθήνα - Δυτικά Προάστια (Αττική),38.031799,23.704189,1,1,1,4.0,16.07,45.0,2088,4852,4123,503
1220477795,850,107,3,1,6,1995.0,7,Χαϊδάρι (Αθήνα - Δυτικά Προάστια),Αθήνα - Δυτικά Προάστια (Αττική),38.013493,23.644842,0,0,0,1.0,7.94,31.0,2668,3548,1524,6070
1220430665,1300,130,3,1,7,2010.0,2,Χαϊδάρι (Αθήνα - Δυτικά Προάστια),Αθήνα - Δυτικά Προάστια (Αττική),38.020962,23.650436,1,0,0,1.0,10.0,16.0,2984,3855,1206,5329
1220373309,820,106,3,1,7,1978.0,5,Πετρούπολη (Αθήνα - Δυτικά Προάστια),Αθήνα - Δυτικά Προάστια (Αττική),38.038002,23.685862,0,1,0,2.0,7.74,48.0,2128,5181,3280,2046
1219583744,900,61,2,1,9,1981.0,3,Ίλιον (Αθήνα - Δυτικά Προάστια),Αθήνα - Δυτικά Προάστια (Αττική),38.031799,23.704189,1,1,1,4.0,14.75,45.0,2088,4852,4123,503
1219914092,1150,90,2,2,8,2025.0,2,Περιστέρι (Αθήνα - Δυτικά Προάστια),Αθήνα - Δυτικά Προάστια (Αττική),38.031338,23.676283,1,0,0,13.0,12.78,1.0,1555,4353,2183,2870
1212785122,900,90,2,1,7,1975.0,1,Περιστέρι (Αθήνα - Δυτικά Προάστια),Αθήνα - Δυτικά Προάστια (Αττική),38.006618,23.69566,0,1,0,Άγνωστο,10.0,51.0,267,2418,3091,3307
1219775991,900,80,1,1,3,1966.0,5,Περιστέρι (Αθήνα - Δυτικά Προάστια),Αθήνα - Δυτικά Προάστια (Αττική),38.017147,23.704617,0,1,1,2.0,11.25,60.0,1141,3520,3731,1964
1220404015,1400,95,3,1,8,2021.0,3,Νέα Ιωνία (Αθήνα - Δυτικά Προάστια),Αθήνα - Δυτικά Προάστια (Αττική),38.035595,23.775078,1,0,0,2.0,14.74,5.0,993,5936,1236,4068
1219583175,830,49,1,1,7,1981.0,3,Ίλιον (Αθήνα - Δυτικά Προάστια),Αθήνα - Δυτικά Προάστια (Αττική),38.031799,23.704189,1,1,1,4.0,16.94,45.0,2088,4852,4123,503
1220499442,700,84,2,1,6,1980.0,6,Γαλάτσι (Αθήνα - Δυτικά Προάστια),Αθήνα - Δυτικά Προάστια (Αττική),38.015728,23.757875,0,1,0,1.0,8.33,46.0,2132,3279,2681,3237
1220135204,950,90,2,1,10,2008.0,3,Νέα Ιωνία (Αθήνα - Δυτικά Προάστια),Αθήνα - Δυτικά Προάστια (Αττική),38.032482,23.749987,1,0,0,1.0,10.56,18.0,514,4530,3349,3614
1220290533,1300,165,4,2,6,2010.0,5,Αχαρνές (Αθήνα - Δυτικά Προάστια),Αθήνα - Δυτικά Προάστια (Αττική),38.125328,23.757311,0,0,0,1.0,7.88,16.0,7301,14744,10778,8834
1220166584,830,90,2,1,8,1986.0,4,Γαλάτσι (Αθήνα - Δυτικά Προάστια),Αθήνα - Δυτικά Προάστια (Αττική),38.01767,23.754299,1,1,0,2.0,9.22,40.0,1758,3244,2998,3243
1220082084,600,72,2,1,6,1973.0,5,Ίλιον (Αθήνα - Δυτικά Προάστια),Αθήνα - Δυτικά Προάστια (Αττική),38.026348,23.71118,0,1,0,1.0,8.33,53.0,2071,4025,4474,930
1219956101,700,77,2,1,6,2000.0,5,Ίλιον (Αθήνα - Δυτικά Προάστια),Αθήνα - Δυτικά Προάστια (Αττική),38.037888,23.698404,0,0,1,1.0,9.09,26.0,2442,5478,4059,985
1220458226,720,80,2,1,6,1975.0,5,Γαλάτσι (Αθήνα - Δυτικά Προάστια),Αθήνα - Δυτικά Προάστια (Αττική),38.015556,23.758556,0,1,0,1.0,9.0,51.0,2194,3306,2644,3259
1220399541,800,81,2,1,8,1975.0,7,Γαλάτσι (Αθήνα - Δυτικά Προάστια),Αθήνα - Δυτικά Προάστια (Αττική),38.013142,23.754717,1,0,0,2.0,9.88,51.0,2037,2880,2528,2841
1220398955,850,86,2,1,3,1978.0,5,Νέα Ιωνία (Αθήνα - Δυτικά Προάστια),Αθήνα - Δυτικά Προάστια (Αττική),38.047073,23.753843,0,1,0,2.0,9.88,48.0,598,6175,3472,4185
1220320529,1100,100,2,1,7,1990.0,2,Αιγάλεω (Αθήνα - Δυτικά Προάστια),Αθήνα - Δυτικά Προάστια (Αττική),37.999672,23.678782,1,1,1,1.0,11.0,36.0,955,895,2262,4681
1217999370,2000,225,3,2,3,2010.0,2,Αχαρνές (Αθήνα - Δυτικά Προάστια),Αθήνα - Δυτικά Προάστια (Αττική),38.130573,23.789822,0,0,0,1.0,8.89,16.0,6568,15978,11017,8257
1220294634,900,95,2,1,7,2022.0,4,Πετρούπολη (Αθήνα - Δυτικά Προάστια),Αθήνα - Δυτικά Προάστια (Αττική),38.047985,23.676241,1,0,0,2.0,9.47,4.0,3312,6204,3850,3222
1219464067,850,95,3,1,7,1970.0,6,Γαλάτσι (Αθήνα - Δυτικά Προάστια),Αθήνα - Δυτικά Προάστια (Αττική),38.018391,23.754887,1,1,0,1.0,8.95,56.0,1777,3339,3051,3338
1218014090,1950,250,4,2,4,2011.0,4,Αχαρνές (Αθήνα - Δυτικά Προάστια),Αθήνα - Δυτικά Προάστια (Αττική),38.140991,23.75642,1,1,0,1.0,7.8,15.0,8785,16458,12489,10381
1220311540,700,80,2,1,3,1970.0,5,Χαϊδάρι (Αθήνα - Δυτικά Προάστια),Αθήνα - Δυτικά Προάστια (Αττική),38.007774,23.662912,0,0,1,1.0,8.75,56.0,1234,2030,829,4999
1220397696,850,77,2,1,6,1999.0,6,Περιστέρι (Αθήνα - Δυτικά Προάστια),Αθήνα - Δυτικά Προάστια (Αττική),38.002094,23.695911,0,1,0,1.0,11.04,27.0,538,2101,3301,3638
1220499299,700,73,2,1,8,1980.0,8,Γαλάτσι (Αθήνα - Δυτικά Προάστια),Αθήνα - Δυτικά Προάστια (Αττική),38.013763,23.755728,1,1,0,4.0,9.59,46.0,2072,2991,2551,2950
1220477750,820,102,2,1,7,1980.0,7,Αιγάλεω (Αθήνα - Δυτικά Προάστια),Αθήνα - Δυτικά Προάστια (Αττική),37.996632,23.682266,1,0,0,2.0,8.04,46.0,600,805,2717,4696
1220367839,950,81,2,1,6,1980.0,5,Ίλιον (Αθήνα - Δυτικά Προάστια),Αθήνα - Δυτικά Προάστια (Αττική),38.023472,23.711004,0,1,1,Άγνωστο,11.73,46.0,1894,3752,4382,1241
1219583372,880,49,2,1,8,1981.0,3,Ίλιον (Αθήνα - Δυτικά Προάστια),Αθήνα - Δυτικά Προάστια (Αττική),38.031799,23.704189,1,1,1,4.0,17.96,45.0,2088,4852,4123,503
1219583347,880,49,1,1,8,1981.0,3,Ίλιον (Αθήνα - Δυτικά Προάστια),Αθήνα - Δυτικά Προάστια (Αττική),38.031799,23.704189,1,1,1,4.0,17.96,45.0,2088,4852,4123,503
1219583218,830,49,1,1,7,1981.0,3,Ίλιον (Αθήνα - Δυτικά Προάστια),Αθήνα - Δυτικά Προάστια (Αττική),38.031799,23.704189,1,1,1,4.0,16.94,45.0,2088,4852,4123,503
1219459408,2000,270,3,3,3,1991.0,5,Αχαρνές (Αθήνα - Δυτικά Προάστια),Αθήνα - Δυτικά Προάστια (Αττική),38.137039,23.754436,0,1,0,2.0,7.41,35.0,8507,16001,12102,10079
1218749072,750,92,2,1,7,1978.0,5,Αιγάλεω (Αθήνα - Δυτικά Προάστια),Αθήνα - Δυτικά Προάστια (Αττική),37.995857,23.675117,1,0,0,1.0,8.15,48.0,710,407,2435,5213
1219796937,900,88,2,1,3,1998.0,6,Αιγάλεω (Αθήνα - Δυτικά Προάστια),Αθήνα - Δυτικά Προάστια (Αττική),37.986191,23.678328,0,1,1,2.0,10.23,28.0,621,729,3525,5068
1220430299,900,90,2,1,6,2005.0,4,Περιστέρι (Αθήνα - Δυτικά Προάστια),Αθήνα - Δυτικά Προάστια (Αττική),38.023781,23.676546,0,1,0,1.0,10.0,21.0,876,3514,1585,3066
1220433167,870,120,4,1,6,1978.0,6,Νέα Ιωνία (Αθήνα - Δυτικά Προάστια),Αθήνα - Δυτικά Προάστια (Αττική),38.031307,23.755497,0,1,1,1.0,7.25,48.0,799,4599,2864,4105
1220353456,600,67,2,1,3,1965.0,6,Ίλιον (Αθήνα - Δυτικά Προάστια),Αθήνα - Δυτικά Προάστια (Αττική),38.025127,23.709003,0,0,0,Άγνωστο,8.96,61.0,1837,3999,4254,1042
1220482561,580,55,1,1,3,1975.0,9,Χαϊδάρι (Αθήνα - Δυτικά Προάστια),Αθήνα - Δυτικά Προάστια (Αττική),38.000385,23.665329,0,1,0,4.0,10.55,51.0,390,1244,1671,5375
1220134125,850,126,2,1,7,1975.0,8,Γαλάτσι (Αθήνα - Δυτικά Προάστια),Αθήνα - Δυτικά Προάστια (Αττική),38.016281,23.751175,0,1,0,1.0,6.75,51.0,1585,2960,2983,2976
1220434659,1000,165,3,1,8,1983.0,8,Νέα Φιλαδέλφεια (Αθήνα - Δυτικά Προάστια),Αθήνα - Δυτικά Προάστια (Αττική),38.038754,23.736906,1,0,0,4.0,6.06,43.0,944,4971,4564,2507
1219582802,780,49,1,1,6,1981.0,3,Ίλιον (Αθήνα - Δυτικά Προάστια),Αθήνα - Δυτικά Προάστια (Αττική),38.031799,23.704189,1,1,1,4.0,15.92,45.0,2088,4852,4123,503
1220414321,720,61,1,1,10,1971.0,6,Γαλάτσι (Αθήνα - Δυτικά Προάστια),Αθήνα - Δυτικά Προάστια (Αττική),38.012047,23.752628,1,1,1,1.0,11.8,55.0,1970,2667,2515,2636
1220376374,750,100,2,1,7,1990.0,6,Γαλάτσι (Αθήνα - Δυτικά Προάστια),Αθήνα - Δυτικά Προάστια (Αττική),38.017967,23.760431,1,1,0,1.0,7.5,36.0,2153,3614,2856,3571
1220333617,800,90,2,1,8,1986.0,4,Γαλάτσι (Αθήνα - Δυτικά Προάστια),Αθήνα - Δυτικά Προάστια (Αττική),38.015472,23.753515,1,0,0,2.0,8.89,40.0,1807,3008,2807,2998
1220322861,700,75,2,1,6,1994.0,5,Περιστέρι (Αθήνα - Δυτικά Προάστια),Αθήνα - Δυτικά Προάστια (Αττική),38.017139,23.682217,0,1,0,1.0,9.33,32.0,274,2844,1775,3025
1220319090,800,72,2,1,3,1980.0,2,Γαλάτσι (Αθήνα - Δυτικά Προάστια),Αθήνα - Δυτικά Προάστια (Αττική),38.013889,23.755974,0,1,0,1.0,11.11,46.0,2083,3016,2554,2974
1220155526,650,83,2,1,3,1985.0,2,Ίλιον (Αθήνα - Δυτικά Προάστια),Αθήνα - Δυτικά Προάστια (Αττική),38.043938,23.697023,0,0,0,1.0,7.83,41.0,2996,6068,4424,1471
1215767414,770,156,3,1,7,1982.0,5,Γαλάτσι (Αθήνα - Δυτικά Προάστια),Αθήνα - Δυτικά Προάστια (Αττική),38.022335,23.751703,0,0,0,Άγνωστο,4.94,44.0,1302,3561,3355,3605
1220461035,630,90,2,1,3,1985.0,4,Περιστέρι (Αθήνα - Δυτικά Προάστια),Αθήνα - Δυτικά Προάστια (Αττική),38.014271,23.71534,0,1,0,2.0,7.0,41.0,1204,2681,4665,2321
1220374979,590,59,1,1,7,1974.0,9,Γαλάτσι (Αθήνα - Δυτικά Προάστια),Αθήνα - Δυτικά Προάστια (Αττική),38.021168,23.753397,1,0,0,1.0,10.0,52.0,1491,3523,3258,3549
1220503597,550,60,1,1,3,1980.0,10,Περιστέρι (Αθήνα - Δυτικά Προάστια),Αθήνα - Δυτικά Προάστια (Αττική),38.001911,23.695385,0,0,1,4.0,9.17,46.0,578,2087,3269,3676
1220402381,850,93,2,1,6,1979.0,7,Χαϊδάρι (Αθήνα - Δυτικά Προάστια),Αθήνα - Δυτικά Προάστια (Αττική),38.018799,23.651371,0,0,0,1.0,9.14,47.0,2773,3610,1022,5325
1219624885,700,72,2,1,6,1970.0,4,Γαλάτσι (Αθήνα - Δυτικά Προάστια),Αθήνα - Δυτικά Προάστια (Αττική),38.012794,23.750151,1,1,0,1.0,9.72,56.0,1754,2593,2705,2592
1219582210,750,58,1,1,4,1981.0,3,Ίλιον (Αθήνα - Δυτικά Προάστια),Αθήνα - Δυτικά Προάστια (Αττική),38.031799,23.704189,1,1,1,4.0,12.93,45.0,2088,4852,4123,503
1220300497,970,100,3,1,7,2012.0,5,Γαλάτσι (Αθήνα - Δυτικά Προάστια),Αθήνα - Δυτικά Προάστια (Αττική),38.009502,23.75242,1,0,0,1.0,9.7,14.0,2052,2450,2292,2397
1220418338,670,82,2,1,6,1974.0,7,Γαλάτσι (Αθήνα - Δυτικά Προάστια),Αθήνα - Δυτικά Προάστια (Αττική),38.022163,23.753738,0,1,0,Άγνωστο,8.17,52.0,1419,3633,3192,3661
1219924215,750,82,2,1,7,1985.0,6,Περιστέρι (Αθήνα - Δυτικά Προάστια),Αθήνα - Δυτικά Προάστια (Αττική),38.00634,23.676374,0,0,0,1.0,9.15,41.0,1296,1577,1592,4228
1220194247,1400,198,2,2,7,1989.0,9,Νέα Ιωνία (Αθήνα - Δυτικά Προάστια),Αθήνα - Δυτικά Προάστια (Αττική),38.03627,23.756819,1,0,1,1.0,7.07,37.0,596,5148,2799,4210
1220121247,1500,122,3,1,9,2026.0,1,Αιγάλεω (Αθήνα - Δυτικά Προάστια),Αθήνα - Δυτικά Προάστια (Αττική),37.996559,23.686653,1,0,0,9.0,12.3,0.0,755,1130,2987,4313
1220296255,800,77,2,1,9,1964.0,6,Κυψέλη (Αθήνα - Κέντρο),Αθήνα - Κέντρο (Αττική),38.001591,23.743019,1,1,0,4.0,10.39,62.0,1470,1248,2396,1202
1220324626,750,75,2,1,0,1960.0,4,Κυψέλη (Αθήνα - Κέντρο),Αθήνα - Κέντρο (Αττική),38.002682,23.74375,1,1,1,Άγνωστο,10.0,66.0,1487,1377,2390,1339
1220091391,800,81,2,1,0,1993.0,6,Κυψέλη (Αθήνα - Κέντρο),Αθήνα - Κέντρο (Αττική),38.005573,23.741423,1,1,0,2.0,9.88,33.0,1219,1496,2724,1541
1220392053,500,71,1,1,7,1960.0,5,Κυψέλη (Αθήνα - Κέντρο),Αθήνα - Κέντρο (Αττική),37.999989,23.740339,1,0,0,Άγνωστο,7.04,66.0,1349,954,2554,931
1220419947,520,32,1,1,6,1980.0,5,Κυψέλη (Αθήνα - Κέντρο),Αθήνα - Κέντρο (Αττική),38.0065,23.744596,1,1,0,4.0,16.25,46.0,1489,1741,2549,1745
1220313166,600,77,2,1,3,1985.0,6,Κυψέλη (Αθήνα - Κέντρο),Αθήνα - Κέντρο (Αττική),37.995884,23.737659,0,0,0,1.0,7.79,41.0,1362,506,2361,417
1220315777,800,100,2,1,6,1968.0,8,Κυψέλη (Αθήνα - Κέντρο),Αθήνα - Κέντρο (Αττική),37.996632,23.73419,1,0,0,2.0,8.0,58.0,1047,317,2558,476
1220384625,530,50,1,1,6,1967.0,6,Κυψέλη (Αθήνα - Κέντρο),Αθήνα - Κέντρο (Αττική),38.00507,23.740141,1,1,0,Άγνωστο,10.6,59.0,1116,1390,2793,1453
1220289293,450,52,1,1,3,1980.0,6,Κυψέλη (Αθήνα - Κέντρο),Αθήνα - Κέντρο (Αττική),37.998253,23.745373,0,1,0,1.0,8.65,46.0,1594,1231,2075,1069
1220006260,800,57,1,1,10,1972.5,6,Κυψέλη (Αθήνα - Κέντρο),Αθήνα - Κέντρο (Αττική),37.996422,23.733971,1,1,0,13.0,14.04,53.5,1035,287,2546,459
1219486254,1000,108,3,1,4,1965.0,7,Κυψέλη (Αθήνα - Κέντρο),Αθήνα - Κέντρο (Αττική),38.002533,23.745764,1,1,0,1.0,9.26,61.0,1661,1500,2226,1428
1220111341,630,54,1,1,7,1980.0,5,Κυψέλη (Αθήνα - Κέντρο),Αθήνα - Κέντρο (Αττική),38.003601,23.738569,1,1,0,2.0,11.67,46.0,1025,1181,2843,1261
1220486323,650,76,2,0,10,1973.0,5,Κυψέλη (Αθήνα - Κέντρο),Αθήνα - Κέντρο (Αττική),38.002041,23.746473,1,1,0,1.0,8.55,53.0,1736,1517,2145,1426
1220123352,650,82,2,1,4,1970.0,4,Κυψέλη (Αθήνα - Κέντρο),Αθήνα - Κέντρο (Αττική),38.008324,23.737629,0,1,0,2.0,7.93,56.0,895,1638,3167,1769
1220056152,680,95,1,1,9,1970.0,8,Κυψέλη (Αθήνα - Κέντρο),Αθήνα - Κέντρο (Αττική),37.998295,23.734846,1,0,0,4.0,7.16,56.0,1069,507,2702,648
1219776805,700,100,3,1,6,1973.0,6,Κυψέλη (Αθήνα - Κέντρο),Αθήνα - Κέντρο (Αττική),37.996071,23.733841,1,0,0,2.0,7.0,53.0,1036,248,2516,426
1220462433,390,32,1,1,0,1968.0,7,Κυψέλη (Αθήνα - Κέντρο),Αθήνα - Κέντρο (Αττική),38.00238,23.74671,1,1,1,Άγνωστο,12.19,58.0,1745,1556,2145,1468
1211494466,520,78,1,1,4,1967.0,7,Κυψέλη (Αθήνα - Κέντρο),Αθήνα - Κέντρο (Αττική),37.998062,23.742971,0,0,1,2.0,6.67,59.0,1661,1029,2273,894
1220495276,750,65,1,1,10,2005.0,10,Κυψέλη (Αθήνα - Κέντρο),Αθήνα - Κέντρο (Αττική),37.99791,23.74062,1,0,0,1.0,11.54,21.0,1510,838,2469,745
1220424979,600,85,2,1,3,1972.0,6,Κυψέλη (Αθήνα - Κέντρο),Αθήνα - Κέντρο (Αττική),38.004093,23.740511,1,1,0,Άγνωστο,7.06,54.0,1171,1314,2714,1359
1219873637,800,54,1,1,9,1979.0,7,Κυψέλη (Αθήνα - Κέντρο),Αθήνα - Κέντρο (Αττική),37.999928,23.740768,1,1,1,4.0,14.81,47.0,1384,978,2516,942
1218400791,650,76,2,1,7,1968.0,9,Κυψέλη (Αθήνα - Κέντρο),Αθήνα - Κέντρο (Αττική),38.001591,23.73814,1,1,0,1.0,8.55,58.0,1090,968,2794,1035
1220499346,380,40,1,1,8,1975.0,7,Κυψέλη (Αθήνα - Κέντρο),Αθήνα - Κέντρο (Αττική),38.002892,23.743589,1,0,0,Άγνωστο,9.5,51.0,1467,1383,2413,1351
1220115035,420,40,0,1,2,1970.0,6,Κυψέλη (Αθήνα - Κέντρο),Αθήνα - Κέντρο (Αττική),37.999935,23.735641,0,1,0,Άγνωστο,10.5,56.0,1039,702,2845,827
1219868469,1300,109,3,1,7,2005.0,6,Κυψέλη (Αθήνα - Κέντρο),Αθήνα - Κέντρο (Αττική),38.007839,23.745726,1,1,1,1.0,11.93,21.0,1563,1919,2562,1923
1218523438,400,23,1,1,2,1955.0,9,Κυψέλη (Αθήνα - Κέντρο),Αθήνα - Κέντρο (Αττική),38.001339,23.734051,0,1,1,4.0,17.39,71.0,830,809,3041,992
1213028081,600,68,2,1,8,1980.0,10,Κυψέλη (Αθήνα - Κέντρο),Αθήνα - Κέντρο (Αττική),38.000771,23.739159,1,1,0,Άγνωστο,8.82,46.0,1215,946,2679,971
1220321749,650,80,2,1,6,1975.0,10,Κυψέλη (Αθήνα - Κέντρο),Αθήνα - Κέντρο (Αττική),38.000809,23.74342,1,0,1,Άγνωστο,8.12,51.0,1538,1220,2330,1150
1220389514,550,47,1,1,6,1972.5,10,Κυψέλη (Αθήνα - Κέντρο),Αθήνα - Κέντρο (Αττική),38.00716,23.747009,1,0,1,Άγνωστο,11.7,53.5,1694,1933,2428,1912
1220310486,700,90,2,1,7,1975.0,7,Κυψέλη (Αθήνα - Κέντρο),Αθήνα - Κέντρο (Αττική),38.005116,23.736696,1,1,0,2.0,7.78,51.0,819,1273,3064,1406
1213780620,750,35,1,1,7,1972.5,2,Κυψέλη (Αθήνα - Κέντρο),Αθήνα - Κέντρο (Αττική),37.998989,23.733561,1,1,1,Άγνωστο,21.43,53.5,952,544,2818,743
1220255918,1200,117,3,2,9,1975.0,2,Κυψέλη (Αθήνα - Κέντρο),Αθήνα - Κέντρο (Αττική),38.00137637857143,23.74021876428571,1,1,0,2.0,10.26,51.0,1259,1057,2615,1067
1220154143,2000,144,3,2,11,1970.0,5,Κυψέλη (Αθήνα - Κέντρο),Αθήνα - Κέντρο (Αττική),38.003551,23.734619,1,1,1,Άγνωστο,13.89,56.0,713,1059,3160,1232
1220097888,1500,182,3,1,10,1980.0,6,Κυψέλη (Αθήνα - Κέντρο),Αθήνα - Κέντρο (Αττική),37.997341,23.742048,1,0,0,2.0,8.24,46.0,1646,923,2333,780
1219989890,750,97,2,1,6,1970.0,7,Κυψέλη (Αθήνα - Κέντρο),Αθήνα - Κέντρο (Αττική),38.001381,23.741051,1,0,0,1.0,7.73,56.0,1324,1107,2547,1097
1220109506,850,135,3,1,7,1972.5,6,Κυψέλη (Αθήνα - Κέντρο),Αθήνα - Κέντρο (Αττική),38.002071,23.735769,1,1,1,1.0,6.3,53.5,888,926,3007,1064
1219458002,500,50,1,1,7,1972.5,8,Κυψέλη (Αθήνα - Κέντρο),Αθήνα - Κέντρο (Αττική),38.00502,23.738831,1,1,0,1.0,10.0,53.5,1004,1332,2892,1421
1220283626,680,75,2,1,8,2005.0,7,Κυψέλη (Αθήνα - Κέντρο),Αθήνα - Κέντρο (Αττική),38.007351,23.73571,0,0,0,1.0,9.07,21.0,713,1493,3256,1651
1220402652,1400,185,4,2,10,1975.0,5,Κυψέλη (Αθήνα - Κέντρο),Αθήνα - Κέντρο (Αττική),37.996704,23.740528,1,1,0,2.0,7.57,51.0,1587,773,2373,636
1220290139,450,36,1,1,3,1968.0,5,Κυψέλη (Αθήνα - Κέντρο),Αθήνα - Κέντρο (Αττική),38.00436,23.735571,1,1,1,4.0,12.5,58.0,749,1166,3118,1319
1220143501,630,51,0,1,10,1955.0,8,Κυψέλη (Αθήνα - Κέντρο),Αθήνα - Κέντρο (Αττική),37.999573,23.736166,1,0,0,Άγνωστο,12.35,71.0,1100,687,2791,788
1220479545,500,55,1,1,2,1973.0,6,Κυψέλη (Αθήνα - Κέντρο),Αθήνα - Κέντρο (Αττική),38.004501,23.738581,1,1,0,4.0,9.09,53.0,995,1271,2885,1360
1220439040,700,117,3,1,8,1974.0,7,Κυψέλη (Αθήνα - Κέντρο),Αθήνα - Κέντρο (Αττική),38.00137637857143,23.74021876428571,1,1,0,Άγνωστο,5.98,52.0,1259,1057,2615,1067
1219880871,1400,120,2,1,7,1960.0,7,Κυψέλη (Αθήνα - Κέντρο),Αθήνα - Κέντρο (Αττική),37.99604,23.73365,0,1,1,2.0,11.67,66.0,1022,236,2521,429
1220247659,520,52,2,2,3,1960.0,9,Κυψέλη (Αθήνα - Κέντρο),Αθήνα - Κέντρο (Αττική),37.995457,23.734705,0,0,0,4.0,10.0,66.0,1131,253,2421,338
1220357329,680,62,1,1,3,1960.0,5,Κυψέλη (Αθήνα - Κέντρο),Αθήνα - Κέντρο (Αττική),37.998562,23.74456,0,1,0,2.0,10.97,66.0,1666,1179,2153,1035
1219968669,1250,105,2,2,6,1963.0,6,Κυψέλη (Αθήνα - Κέντρο),Αθήνα - Κέντρο (Αττική),38.002781,23.73678,1,1,1,2.0,11.9,63.0,920,1032,2952,1148
1219968359,1000,105,2,2,6,1963.0,6,Κυψέλη (Αθήνα - Κέντρο),Αθήνα - Κέντρο (Αττική),38.002781,23.73678,1,1,0,2.0,9.52,63.0,920,1032,2952,1148
1220274610,450,30,1,1,3,1970.0,7,Κυψέλη (Αθήνα - Κέντρο),Αθήνα - Κέντρο (Αττική),37.997044,23.739996,1,1,1,1.0,15.0,56.0,1534,745,2421,635
1220221885,550,25,1,1,6,1967.0,7,Κυψέλη (Αθήνα - Κέντρο),Αθήνα - Κέντρο (Αττική),38.005871,23.740089,1,1,1,4.0,22.0,59.0,1099,1466,2841,1538
1220369250,530,55,1,1,2,1977.0,7,Κυψέλη (Αθήνα - Κέντρο),Αθήνα - Κέντρο (Αττική),38.004501,23.738581,1,1,1,4.0,9.64,49.0,995,1271,2885,1360
1220174102,1000,98,2,2,8,1982.0,3,Κυψέλη (Αθήνα - Κέντρο),Αθήνα - Κέντρο (Αττική),37.998402,23.737289,1,1,0,2.0,10.2,44.0,1262,640,2635,673
1212982627,430,49,1,1,2,1972.5,8,Κυψέλη (Αθήνα - Κέντρο),Αθήνα - Κέντρο (Αττική),37.996201,23.73387,0,1,0,4.0,8.78,53.5,1034,262,2528,439
1219596228,600,80,2,1,6,1972.5,10,Κυψέλη (Αθήνα - Κέντρο),Αθήνα - Κέντρο (Αττική),38.001259,23.740089,0,0,0,4.0,7.5,53.5,1256,1040,2621,1050
1220099419,1100,66,2,1,6,2026.0,2,Κυψέλη (Αθήνα - Κέντρο),Αθήνα - Κέντρο (Αττική),38.006493,23.737463,1,0,1,13.0,16.67,0.0,865,1440,3075,1564
1219684651,1400,143,3,2,6,1993.0,4,Κυψέλη (Αθήνα - Κέντρο),Αθήνα - Κέντρο (Αττική),38.00172,23.749741,1,0,0,1.0,9.79,33.0,1526,1742,1878,1608
1219518904,1100,114,2,1,8,1974.0,8,Κυψέλη (Αθήνα - Κέντρο),Αθήνα - Κέντρο (Αττική),38.002312,23.74124,1,1,0,4.0,9.65,52.0,1295,1195,2571,1198
1220508830,620,80,2,1,10,1968.0,7,Κυψέλη (Αθήνα - Κέντρο),Αθήνα - Κέντρο (Αττική),37.998669,23.742558,1,0,0,1.0,7.75,58.0,1592,1027,2325,918
1220186114,550,45,1,1,7,1975.0,7,Κυψέλη (Αθήνα - Κέντρο),Αθήνα - Κέντρο (Αττική),37.999622,23.742941,1,1,0,Άγνωστο,12.22,51.0,1563,1110,2324,1020
1220415216,380,46,1,1,4,1970.0,5,Κυψέλη (Αθήνα - Κέντρο),Αθήνα - Κέντρο (Αττική),38.001694,23.738216,1,0,0,4.0,8.26,56.0,1090,981,2791,1048
1219840973,700,98,2,1,6,1972.5,10,Κυψέλη (Αθήνα - Κέντρο),Αθήνα - Κέντρο (Αττική),37.995975,23.733662,1,0,0,Άγνωστο,7.14,53.5,1025,231,2514,422
1219040953,1100,110,3,1,10,1970.0,7,Κυψέλη (Αθήνα - Κέντρο),Αθήνα - Κέντρο (Αττική),37.998089,23.7465,1,1,0,1.0,10.0,56.0,1517,1317,1976,1140
1220400669,730,70,2,1,7,1966.0,6,Κυψέλη (Αθήνα - Κέντρο),Αθήνα - Κέντρο (Αττική),38.004742,23.739773,1,1,0,2.0,10.43,60.0,1091,1343,2805,1410
1220426290,450,46,1,0,3,1972.5,10,Κυψέλη (Αθήνα - Κέντρο),Αθήνα - Κέντρο (Αττική),38.00029,23.740391,0,1,1,4.0,9.78,53.5,1334,980,2560,963
1220439126,800,85,1,1,8,1972.5,7,Κυψέλη (Αθήνα - Κέντρο),Αθήνα - Κέντρο (Αττική),38.001911,23.741123,1,0,1,4.0,9.41,53.5,1304,1155,2563,1153
1218435240,800,85,2,1,8,1963.0,8,Κυψέλη (Αθήνα - Κέντρο),Αθήνα - Κέντρο (Αττική),37.996635,23.743801,1,0,0,2.0,9.41,63.0,1561,1044,2167,853
1220258174,420,46,1,1,2,1972.5,9,Κυψέλη (Αθήνα - Κέντρο),Αθήνα - Κέντρο (Αττική),38.00137637857143,23.74021876428571,0,1,1,Άγνωστο,9.13,53.5,1259,1057,2615,1067
1220413343,780,75,2,1,8,1972.0,6,Κυψέλη (Αθήνα - Κέντρο),Αθήνα - Κέντρο (Αττική),38.001911,23.741123,1,1,1,1.0,10.4,54.0,1304,1155,2563,1153
1220481418,485,55,1,1,1,1975.0,6,Κυψέλη (Αθήνα - Κέντρο),Αθήνα - Κέντρο (Αττική),38.00713,23.740219,0,1,0,4.0,8.82,51.0,1106,1596,2905,1676
1219491316,800,145,2,1,3,1980.0,6,Κυψέλη (Αθήνα - Κέντρο),Αθήνα - Κέντρο (Αττική),38.00137637857143,23.74021876428571,1,0,0,Άγνωστο,5.52,46.0,1259,1057,2615,1067
1216190959,1200,130,4,1,10,1972.5,6,Κυψέλη (Αθήνα - Κέντρο),Αθήνα - Κέντρο (Αττική),38.008099,23.737329,1,1,1,1.0,9.23,53.5,865,1607,3176,1741
1220407970,550,31,1,1,8,2026.0,5,Κυψέλη (Αθήνα - Κέντρο),Αθήνα - Κέντρο (Αττική),38.005535,23.740629,1,0,0,4.0,17.74,0.0,1150,1456,2782,1515
1220313362,570,32,0,1,10,1967.0,4,Κυψέλη (Αθήνα - Κέντρο),Αθήνα - Κέντρο (Αττική),38.001709,23.74325,1,1,0,2.0,17.81,59.0,1483,1272,2383,1224
1220342428,750,93,2,1,7,1990.0,2,Κυψέλη (Αθήνα - Κέντρο),Αθήνα - Κέντρο (Αττική),38.004425,23.744518,1,1,0,4.0,8.06,36.0,1506,1562,2426,1539
1220300694,750,98,2,1,10,1975.0,3,Κυψέλη (Αθήνα - Κέντρο),Αθήνα - Κέντρο (Αττική),38.006073,23.741917,1,1,1,4.0,7.65,51.0,1257,1566,2716,1608
1219945200,580,75,2,1,3,1978.0,8,Κυψέλη (Αθήνα - Κέντρο),Αθήνα - Κέντρο (Αττική),38.001961,23.743395,1,0,0,Άγνωστο,7.73,48.0,1485,1300,2383,1254
1220363173,520,45,1,1,9,1961.0,6,Κυψέλη (Αθήνα - Κέντρο),Αθήνα - Κέντρο (Αττική),38.001141,23.74044,0,1,1,4.0,11.56,65.0,1289,1051,2587,1050
1220416203,530,53,1,1,6,1970.0,8,Κυψέλη (Αθήνα - Κέντρο),Αθήνα - Κέντρο (Αττική),38.001041,23.735399,1,0,0,Άγνωστο,10.0,56.0,936,808,2967,950
1220401939,650,70,1,1,9,1975.0,4,Κυψέλη (Αθήνα - Κέντρο),Αθήνα - Κέντρο (Αττική),38.006645,23.736113,1,1,0,1.0,9.29,51.0,746,1424,3187,1573
1220431280,750,75,2,1,7,1965.0,8,Κυψέλη (Αθήνα - Κέντρο),Αθήνα - Κέντρο (Αττική),38.001629,23.742329,1,1,1,Άγνωστο,10.0,61.0,1413,1206,2454,1174
1219502806,750,72,2,1,6,1975.0,5,Κυψέλη (Αθήνα - Κέντρο),Αθήνα - Κέντρο (Αττική),37.99831,23.74156,1,1,0,Άγνωστο,10.42,51.0,1545,931,2399,831
1220423016,460,45,1,1,6,1979.0,8,Κυψέλη (Αθήνα - Κέντρο),Αθήνα - Κέντρο (Αττική),37.996262,23.736919,1,1,0,Άγνωστο,10.22,47.0,1288,465,2423,434
1219940733,500,50,1,1,6,1990.0,4,Κυψέλη (Αθήνα - Κέντρο),Αθήνα - Κέντρο (Αττική),38.00137637857143,23.74021876428571,1,1,0,4.0,10.0,36.0,1259,1057,2615,1067
1220356822,600,70,2,1,3,1970.0,5,Κυψέλη (Αθήνα - Κέντρο),Αθήνα - Κέντρο (Αττική),38.00137637857143,23.74021876428571,1,1,1,2.0,8.57,56.0,1259,1057,2615,1067
1220118956,650,50,1,1,4,2026.0,1,Κυψέλη (Αθήνα - Κέντρο),Αθήνα - Κέντρο (Αττική),37.996662,23.73313,0,1,1,4.0,13.0,0.0,957,283,2603,511
1220367990,750,110,2,1,9,1982.0,5,Κυψέλη (Αθήνα - Κέντρο),Αθήνα - Κέντρο (Αττική),37.996933,23.742805,1,0,0,4.0,6.82,44.0,1648,969,2259,801
1220334787,650,45,1,1,8,1970.0,5,Κυψέλη (Αθήνα - Κέντρο),Αθήνα - Κέντρο (Αττική),37.999596,23.740128,1,1,0,Άγνωστο,14.44,56.0,1359,911,2558,883
1220197606,450,35,1,1,4,1970.0,4,Κυψέλη (Αθήνα - Κέντρο),Αθήνα - Κέντρο (Αττική),38.001209,23.73608,1,1,1,4.0,12.86,56.0,969,847,2951,969
1219110445,500,60,1,0,2,1970.0,7,Κυψέλη (Αθήνα - Κέντρο),Αθήνα - Κέντρο (Αττική),37.998428,23.735231,0,0,0,4.0,8.33,56.0,1101,536,2702,660
1220395935,450,30,1,1,11,1972.5,5,Κυψέλη (Αθήνα - Κέντρο),Αθήνα - Κέντρο (Αττική),38.00219,23.738892,1,1,1,4.0,15.0,53.5,1114,1060,2756,1115
1220379397,450,30,0,1,3,1985.0,6,Κυψέλη (Αθήνα - Κέντρο),Αθήνα - Κέντρο (Αττική),38.000568,23.74151,0,1,1,4.0,15.0,41.0,1402,1074,2477,1036
1220384960,470,33,1,1,7,1980.0,9,Κυψέλη (Αθήνα - Κέντρο),Αθήνα - Κέντρο (Αττική),38.003784,23.74733,1,1,0,2.0,14.24,46.0,1761,1694,2179,1622
1220475739,470,53,1,1,6,1970.0,5,Κυψέλη (Αθήνα - Κέντρο),Αθήνα - Κέντρο (Αττική),38.005669,23.740601,1,1,0,4.0,8.87,56.0,1146,1468,2791,1528
1220477153,450,30,1,1,6,1972.5,7,Κυψέλη (Αθήνα - Κέντρο),Αθήνα - Κέντρο (Αττική),38.006783,23.739208,1,0,0,Άγνωστο,15.0,53.5,1017,1524,2959,1619
1219668973,500,48,1,1,4,1970.0,8,Κυψέλη (Αθήνα - Κέντρο),Αθήνα - Κέντρο (Αττική),38.003185,23.745686,1,1,0,1.0,10.42,56.0,1635,1541,2267,1481
1220390728,450,30,0,1,3,1972.5,7,Κυψέλη (Αθήνα - Κέντρο),Αθήνα - Κέντρο (Αττική),38.00246,23.742886,0,1,0,4.0,15.0,53.5,1424,1305,2447,1278
1219904614,500,46,1,1,6,1970.0,7,Κυψέλη (Αθήνα - Κέντρο),Αθήνα - Κέντρο (Αττική),38.005997,23.745758,1,1,0,Άγνωστο,10.87,56.0,1593,1764,2433,1745
1220390464,470,25,0,1,2,1980.0,5,Κυψέλη (Αθήνα - Κέντρο),Αθήνα - Κέντρο (Αττική),38.002354,23.74143,0,1,1,4.0,18.8,46.0,1309,1209,2558,1209
1220329796,450,31,1,1,3,1970.0,7,Κυψέλη (Αθήνα - Κέντρο),Αθήνα - Κέντρο (Αττική),38.000648,23.74341,1,1,0,2.0,14.52,56.0,1545,1209,2325,1135
1220439965,450,30,1,1,9,1975.0,7,Κυψέλη (Αθήνα - Κέντρο),Αθήνα - Κέντρο (Αττική),37.999981,23.741661,1,0,0,2.0,15.0,51.0,1447,1042,2443,987
1219998509,420,36,0,1,4,1975.0,6,Κυψέλη (Αθήνα - Κέντρο),Αθήνα - Κέντρο (Αττική),37.998119,23.736969,0,0,0,2.0,11.67,51.0,1256,598,2615,636
1218655305,430,50,1,1,2,1952.0,6,Κυψέλη (Αθήνα - Κέντρο),Αθήνα - Κέντρο (Αττική),37.996201,23.73387,1,1,0,5.0,8.6,74.0,1034,262,2528,439
1220410608,450,30,1,1,3,1980.0,6,Κυψέλη (Αθήνα - Κέντρο),Αθήνα - Κέντρο (Αττική),38.000511,23.742289,1,1,1,4.0,15.0,46.0,1465,1122,2411,1066
1220429086,430,43,1,1,6,1975.0,7,Κυψέλη (Αθήνα - Κέντρο),Αθήνα - Κέντρο (Αττική),37.997749,23.74638,0,0,0,4.0,10.0,51.0,1494,1295,1975,1110
1220498065,470,27,1,1,3,1966.0,8,Κυψέλη (Αθήνα - Κέντρο),Αθήνα - Κέντρο (Αττική),37.996384,23.734032,0,1,1,4.0,17.41,60.0,1041,286,2540,453
1220112471,500,50,1,1,7,1975.0,7,Κυψέλη (Αθήνα - Κέντρο),Αθήνα - Κέντρο (Αττική),37.998348,23.744268,1,0,0,4.0,10.0,51.0,1665,1146,2171,1000
1220006133,430,44,2,1,2,1957.0,8,Κυψέλη (Αθήνα - Κέντρο),Αθήνα - Κέντρο (Αττική),38.004032,23.742561,0,1,1,4.0,9.77,69.0,1346,1415,2552,1420
1220451605,350,25,1,1,11,1970.0,5,Κυψέλη (Αθήνα - Κέντρο),Αθήνα - Κέντρο (Αττική),38.001434,23.746647,1,1,0,Άγνωστο,14.0,56.0,1730,1492,2101,1387
1220119237,490,30,1,1,9,1977.0,8,Κυψέλη (Αθήνα - Κέντρο),Αθήνα - Κέντρο (Αττική),38.00137637857143,23.74021876428571,1,1,0,1.0,16.33,49.0,1259,1057,2615,1067
1220431199,500,65,1,1,4,1975.0,7,Κυψέλη (Αθήνα - Κέντρο),Αθήνα - Κέντρο (Αττική),38.002174,23.741049,0,0,0,1.0,7.69,51.0,1286,1172,2581,1177
1220253859,450,52,1,1,2,1965.0,5,Κυψέλη (Αθήνα - Κέντρο),Αθήνα - Κέντρο (Αττική),38.006321,23.73971,0,1,1,Άγνωστο,8.65,61.0,1062,1496,2895,1578
1219996707,480,50,1,1,3,1972.5,5,Κυψέλη (Αθήνα - Κέντρο),Αθήνα - Κέντρο (Αττική),38.002209,23.74399,0,1,0,Άγνωστο,9.6,53.5,1524,1357,2348,1306
1219703726,500,25,1,1,11,1972.5,7,Κυψέλη (Αθήνα - Κέντρο),Αθήνα - Κέντρο (Αττική),37.99696,23.743311,1,1,1,2.0,20.0,53.5,1617,1013,2216,838
1220310342,500,44,0,0,4,1901.0,6,Κυψέλη (Αθήνα - Κέντρο),Αθήνα - Κέντρο (Αττική),37.998161,23.741554,0,0,0,Άγνωστο,11.36,125.0,1555,923,2396,818
1220141270,470,25,1,1,2,1960.0,6,Κυψέλη (Αθήνα - Κέντρο),Αθήνα - Κέντρο (Αττική),38.00206,23.743027,0,1,1,Άγνωστο,18.8,66.0,1451,1284,2417,1246
1220108906,450,50,1,1,3,1925.0,7,Κυψέλη (Αθήνα - Κέντρο),Αθήνα - Κέντρο (Αττική),38.00106,23.739639,0,1,0,1.0,9.0,101.0,1233,998,2650,1015
1220182408,500,50,1,1,6,1974.0,7,Κυψέλη (Αθήνα - Κέντρο),Αθήνα - Κέντρο (Αττική),37.996891,23.74543,1,1,0,2.0,10.0,52.0,1478,1189,2033,990
1219740364,450,53,1,1,3,1960.0,6,Κυψέλη (Αθήνα - Κέντρο),Αθήνα - Κέντρο (Αττική),38.001003,23.741768,0,0,0,1.0,8.49,66.0,1399,1123,2473,1089
1220495482,500,43,1,1,4,1975.0,8,Κυψέλη (Αθήνα - Κέντρο),Αθήνα - Κέντρο (Αττική),37.999912,23.74408,1,1,0,2.0,11.63,51.0,1635,1212,2241,1110
1220198339,500,36,1,1,3,1972.5,5,Κυψέλη (Αθήνα - Κέντρο),Αθήνα - Κέντρο (Αττική),37.997337,23.73827,0,1,1,4.0,13.89,53.5,1380,629,2496,587
1220426374,450,47,1,1,3,1970.0,8,Κυψέλη (Αθήνα - Κέντρο),Αθήνα - Κέντρο (Αττική),37.996948,23.736059,0,0,0,Άγνωστο,9.57,56.0,1197,449,2522,496
1220369995,450,37,1,1,3,1968.0,9,Κυψέλη (Αθήνα - Κέντρο),Αθήνα - Κέντρο (Αττική),38.004059,23.739031,1,0,1,1.0,12.16,58.0,1047,1245,2828,1320
1220083374,480,45,1,1,3,1965.0,5,Κυψέλη (Αθήνα - Κέντρο),Αθήνα - Κέντρο (Αττική),38.002121,23.73774,0,1,1,4.0,10.67,61.0,1030,1001,2847,1086
1220304414,500,50,1,1,6,1978.0,7,Κυψέλη (Αθήνα - Κέντρο),Αθήνα - Κέντρο (Αττική),37.997425,23.744141,1,0,0,Άγνωστο,10.0,48.0,1599,1098,2156,927
1219517317,380,27,1,1,8,1978.0,7,Κυψέλη (Αθήνα - Κέντρο),Αθήνα - Κέντρο (Αττική),38.001595,23.742649,1,0,0,1.0,14.07,48.0,1440,1224,2426,1185
1220310458,450,26,1,1,7,2000.0,3,Κυψέλη (Αθήνα - Κέντρο),Αθήνα - Κέντρο (Αττική),37.99789,23.733589,1,0,0,1.0,17.31,26.0,965,426,2707,625
1220394374,450,30,1,1,3,1972.5,6,Κυψέλη (Αθήνα - Κέντρο),Αθήνα - Κέντρο (Αττική),38.000465,23.742008,0,1,1,4.0,15.0,53.5,1446,1100,2432,1049
1220320624,500,50,1,1,3,1990.0,6,Κυψέλη (Αθήνα - Κέντρο),Αθήνα - Κέντρο (Αττική),38.005665,23.746235,0,1,0,Άγνωστο,10.0,36.0,1638,1765,2378,1735
1220496935,470,50,1,1,6,1972.0,8,Κυψέλη (Αθήνα - Κέντρο),Αθήνα - Κέντρο (Αττική),37.996658,23.736328,1,0,0,Άγνωστο,9.4,54.0,1227,446,2483,467
1220437601,500,25,0,1,11,1970.0,6,Κυψέλη (Αθήνα - Κέντρο),Αθήνα - Κέντρο (Αττική),38.00137637857143,23.74021876428571,1,1,1,Άγνωστο,20.0,56.0,1259,1057,2615,1067
1220260667,500,50,1,1,6,1972.5,9,Κυψέλη (Αθήνα - Κέντρο),Αθήνα - Κέντρο (Αττική),38.005878,23.740511,1,0,0,1.0,10.0,53.5,1136,1485,2810,1549
1219906024,350,32,1,1,3,1974.0,5,Κυψέλη (Αθήνα - Κέντρο),Αθήνα - Κέντρο (Αττική),38.009022,23.740671,0,0,1,Άγνωστο,10.94,52.0,1101,1804,2992,1890
1220505320,400,34,1,1,2,1960.0,8,Κυψέλη (Αθήνα - Κέντρο),Αθήνα - Κέντρο (Αττική),37.998051,23.740078,0,1,0,1.0,11.76,66.0,1463,805,2519,731
1220503388,450,27,1,1,9,1978.0,6,Κυψέλη (Αθήνα - Κέντρο),Αθήνα - Κέντρο (Αττική),38.000931,23.742632,1,1,0,4.0,16.67,48.0,1470,1175,2400,1122
1214974108,370,22,1,1,9,1965.0,7,Κυψέλη (Αθήνα - Κέντρο),Αθήνα - Κέντρο (Αττική),37.998402,23.74654,0,1,0,Άγνωστο,16.82,61.0,1543,1332,1982,1162
1220248393,450,26,1,1,7,2000.0,3,Κυψέλη (Αθήνα - Κέντρο),Αθήνα - Κέντρο (Αττική),37.997993,23.735424,1,1,0,1.0,17.31,26.0,1123,503,2651,611
1219380583,480,51,1,1,7,1965.0,9,Κυψέλη (Αθήνα - Κέντρο),Αθήνα - Κέντρο (Αττική),38.00137637857143,23.74021876428571,1,0,0,1.0,9.41,61.0,1259,1057,2615,1067
1220507639,300,30,1,1,2,1975.0,8,Κυψέλη (Αθήνα - Κέντρο),Αθήνα - Κέντρο (Αττική),38.00552,23.739943,0,0,0,Άγνωστο,10.0,51.0,1091,1426,2833,1497
1219963721,500,26,1,1,11,1975.0,8,Κυψέλη (Αθήνα - Κέντρο),Αθήνα - Κέντρο (Αττική),38.00407,23.740829,1,0,0,4.0,19.23,51.0,1198,1328,2688,1366
1220429920,500,64,1,1,4,1972.0,9,Κυψέλη (Αθήνα - Κέντρο),Αθήνα - Κέντρο (Αττική),38.00137637857143,23.74021876428571,0,0,0,1.0,7.81,54.0,1259,1057,2615,1067
1220493076,460,36,1,1,6,1972.0,6,Κυψέλη (Αθήνα - Κέντρο),Αθήνα - Κέντρο (Αττική),37.999531,23.745674,1,1,0,4.0,12.78,54.0,1689,1313,2095,1179
1220425164,490,36,1,1,3,1975.0,4,Κυψέλη (Αθήνα - Κέντρο),Αθήνα - Κέντρο (Αττική),38.005589,23.738461,0,1,1,Άγνωστο,13.61,51.0,961,1377,2950,1477
1220318727,500,43,1,1,7,1972.5,6,Κυψέλη (Αθήνα - Κέντρο),Αθήνα - Κέντρο (Αττική),38.007671,23.735901,1,1,0,4.0,11.63,53.5,734,1531,3259,1687
1211483551,500,28,1,1,7,1972.5,9,Κυψέλη (Αθήνα - Κέντρο),Αθήνα - Κέντρο (Αττική),38.003189,23.739799,1,1,0,1.0,17.86,53.5,1142,1196,2726,1244
1219506308,400,35,1,1,3,1972.5,8,Κυψέλη (Αθήνα - Κέντρο),Αθήνα - Κέντρο (Αττική),38.000011,23.734961,0,0,0,2.0,11.43,53.5,993,687,2874,837
1219738674,480,47,1,1,6,1972.5,7,Κυψέλη (Αθήνα - Κέντρο),Αθήνα - Κέντρο (Αττική),38.004669,23.740061,1,0,0,Άγνωστο,10.21,53.5,1117,1348,2778,1408
1220086231,400,42,1,1,6,1972.5,9,Κυψέλη (Αθήνα - Κέντρο),Αθήνα - Κέντρο (Αττική),37.999908,23.74201,0,0,0,Άγνωστο,9.52,53.5,1477,1062,2412,997
1220499386,550,48,1,1,4,1964.0,7,Λεωφόρος Πατησίων - Λεωφόρος Αχαρνών (Αθήνα - Κέντρο),Αθήνα - Κέντρο (Αττική),38.013565,23.727804,0,1,0,4.0,11.46,62.0,152,2189,4207,2440
1220200039,600,80,2,1,7,1970.0,6,Λεωφόρος Πατησίων - Λεωφόρος Αχαρνών (Αθήνα - Κέντρο),Αθήνα - Κέντρο (Αττική),38.013809,23.730841,1,1,1,7.0,7.5,56.0,224,2184,4001,2406
1220502988,950,105,2,1,6,1999.0,5,Άνω Πατήσια (Αθήνα - Κέντρο),Αθήνα - Κέντρο (Αττική),38.018665,23.738274,1,0,0,1.0,9.05,27.0,611,2770,3870,2919
1220433201,650,86,2,1,3,1960.0,6,Λεωφόρος Πατησίων - Λεωφόρος Αχαρνών (Αθήνα - Κέντρο),Αθήνα - Κέντρο (Αττική),38.014736,23.728048,0,0,0,4.0,7.56,66.0,260,2314,4261,2560
1219602420,500,76,2,1,6,1979.0,9,Λεωφόρος Πατησίων - Λεωφόρος Αχαρνών (Αθήνα - Κέντρο),Αθήνα - Κέντρο (Αττική),38.014774,23.723579,1,0,0,Άγνωστο,6.58,47.0,530,2412,4591,2547
1220390543,500,54,1,1,8,1980.0,6,Λεωφόρος Πατησίων - Λεωφόρος Αχαρνών (Αθήνα - Κέντρο),Αθήνα - Κέντρο (Αττική),38.015915,23.723673,1,0,0,1.0,9.26,46.0,595,2530,4652,2443
1220397295,550,67,2,1,7,1970.0,7,Λεωφόρος Πατησίων - Λεωφόρος Αχαρνών (Αθήνα - Κέντρο),Αθήνα - Κέντρο (Αττική),38.012196,23.721853,1,1,0,Άγνωστο,8.21,56.0,618,2200,4580,2499
1220480983,480,47,1,1,3,1968.0,5,Άνω Πατήσια (Αθήνα - Κέντρο),Αθήνα - Κέντρο (Αττική),38.01907,23.740179,1,1,1,Άγνωστο,10.21,58.0,651,2850,3793,2982
1220263253,600,55,1,1,6,2005.0,6,Λεωφόρος Πατησίων - Λεωφόρος Αχαρνών (Αθήνα - Κέντρο),Αθήνα - Κέντρο (Αττική),38.010101,23.732479,1,0,1,2.0,10.91,21.0,412,1768,3655,1976
1220289405,400,31,0,0,12,2007.0,6,Λεωφόρος Πατησίων - Λεωφόρος Αχαρνών (Αθήνα - Κέντρο),Αθήνα - Κέντρο (Αττική),38.011719,23.73102,1,0,0,Άγνωστο,12.9,19.0,205,1951,3859,2174
1220425213,580,105,3,1,9,1973.0,9,Άνω Πατήσια (Αθήνα - Κέντρο),Αθήνα - Κέντρο (Αττική),38.024609,23.73694,1,0,0,1.0,5.52,53.0,134,3406,4450,2699
1220304397,500,77,2,1,6,1970.0,7,Λεωφόρος Πατησίων - Λεωφόρος Αχαρνών (Αθήνα - Κέντρο),Αθήνα - Κέντρο (Αττική),38.015659,23.723709,1,0,0,1.0,6.49,56.0,575,2502,4634,2469
1220155774,450,37,1,1,4,1970.0,4,Λεωφόρος Πατησίων - Λεωφόρος Αχαρνών (Αθήνα - Κέντρο),Αθήνα - Κέντρο (Αττική),38.009739,23.73365,1,1,0,1.0,12.16,56.0,517,1732,3546,1924
1220304343,750,76,2,1,4,1961.0,7,Άνω Πατήσια (Αθήνα - Κέντρο),Αθήνα - Κέντρο (Αττική),38.02277,23.736771,0,1,0,1.0,9.87,65.0,143,3201,4300,2776
1219751730,950,135,3,2,7,2000.0,4,Λεωφόρος Πατησίων - Λεωφόρος Αχαρνών (Αθήνα - Κέντρο),Αθήνα - Κέντρο (Αττική),38.012096,23.727182,0,0,0,1.0,7.04,26.0,157,2040,4167,2300
1220312310,400,37,1,1,3,1958.0,8,Λεωφόρος Πατησίων - Λεωφόρος Αχαρνών (Αθήνα - Κέντρο),Αθήνα - Κέντρο (Αττική),38.011997,23.730259,1,1,1,4.0,10.81,68.0,132,1987,3931,2218
1220274050,600,52,1,1,6,1975.0,3,Άνω Πατήσια (Αθήνα - Κέντρο),Αθήνα - Κέντρο (Αττική),38.025154,23.735811,1,1,1,1.0,11.54,51.0,151,3456,4559,2584
1220393004,800,115,2,1,6,1975.0,6,Άνω Πατήσια (Αθήνα - Κέντρο),Αθήνα - Κέντρο (Αττική),38.024609,23.744089,0,1,0,2.0,6.96,51.0,732,3536,3939,3281
1220407784,750,54,1,1,7,1985.0,8,Άνω Πατήσια (Αθήνα - Κέντρο),Αθήνα - Κέντρο (Αττική),38.019527,23.743347,1,1,1,1.0,13.89,41.0,814,2978,3661,3081
1220251607,680,61,2,1,7,1970.0,8,Άνω Πατήσια (Αθήνα - Κέντρο),Αθήνα - Κέντρο (Αττική),38.016731,23.745317,1,1,0,Άγνωστο,11.15,56.0,1146,2753,3309,2826
1220459708,450,44,1,1,8,1980.0,8,Λεωφόρος Πατησίων - Λεωφόρος Αχαρνών (Αθήνα - Κέντρο),Αθήνα - Κέντρο (Αττική),38.014786,23.727051,0,1,0,4.0,10.23,46.0,301,2335,4336,2589
1220429564,600,35,1,1,9,1980.0,6,Λεωφόρος Πατησίων - Λεωφόρος Αχαρνών (Αθήνα - Κέντρο),Αθήνα - Κέντρο (Αττική),38.009808,23.732719,1,1,0,1.0,17.14,46.0,449,1736,3620,1941
1220187425,550,80,2,1,9,1966.0,7,Λεωφόρος Πατησίων - Λεωφόρος Αχαρνών (Αθήνα - Κέντρο),Αθήνα - Κέντρο (Αττική),38.01392,23.73213,1,0,0,4.0,6.88,60.0,324,2193,3917,2401
1220465572,580,81,2,1,7,1975.0,7,Άνω Πατήσια (Αθήνα - Κέντρο),Αθήνα - Κέντρο (Αττική),38.018341,23.7362,1,0,0,Άγνωστο,7.16,51.0,608,2706,3969,2874
1220281807,650,55,1,1,6,1979.0,6,Λεωφόρος Πατησίων - Λεωφόρος Αχαρνών (Αθήνα - Κέντρο),Αθήνα - Κέντρο (Αττική),38.010738,23.73073,1,0,1,2.0,11.82,47.0,253,1844,3823,2072
1219800099,700,50,1,1,9,1975.0,6,Άνω Πατήσια (Αθήνα - Κέντρο),Αθήνα - Κέντρο (Αττική),38.019039,23.74543,1,1,0,Άγνωστο,14.0,51.0,996,2992,3511,3074
1220146607,600,120,3,1,4,1955.0,8,Άνω Πατήσια (Αθήνα - Κέντρο),Αθήνα - Κέντρο (Αττική),38.018158,23.73419,0,1,0,2.0,5.0,71.0,643,2669,4081,2856
1220092175,600,120,3,1,4,1955.0,8,Άνω Πατήσια (Αθήνα - Κέντρο),Αθήνα - Κέντρο (Αττική),38.018158,23.73419,0,1,0,2.0,5.0,71.0,643,2669,4081,2856
1218730152,850,105,2,1,7,1975.0,5,Λεωφόρος Πατησίων - Λεωφόρος Αχαρνών (Αθήνα - Κέντρο),Αθήνα - Κέντρο (Αττική),38.015018,23.732718,1,1,1,4.0,8.1,51.0,436,2315,3950,2517
1220098871,600,80,2,1,6,1970.0,7,Άνω Πατήσια (Αθήνα - Κέντρο),Αθήνα - Κέντρο (Αττική),38.018124,23.735872,1,0,0,1.0,7.5,56.0,631,2679,3972,2849
1219850800,750,87,1,1,8,1970.0,5,Λεωφόρος Πατησίων - Λεωφόρος Αχαρνών (Αθήνα - Κέντρο),Αθήνα - Κέντρο (Αττική),38.012039,23.732849,1,1,0,Άγνωστο,8.62,56.0,350,1984,3745,2186
1220271640,650,75,2,1,9,1980.0,5,Λεωφόρος Πατησίων - Λεωφόρος Αχαρνών (Αθήνα - Κέντρο),Αθήνα - Κέντρο (Αττική),38.01152,23.72728,1,0,0,4.0,8.67,46.0,179,1975,4127,2237
1220193621,600,85,2,1,3,1970.0,10,Άνω Πατήσια (Αθήνα - Κέντρο),Αθήνα - Κέντρο (Αττική),38.016399,23.73806,0,0,0,1.0,7.06,56.0,846,2519,3701,2666
1220214022,450,37,1,1,3,1980.0,5,Άνω Πατήσια (Αθήνα - Κέντρο),Αθήνα - Κέντρο (Αττική),38.01749,23.737904,0,0,0,4.0,12.16,46.0,725,2636,3797,2786
1220196796,800,100,3,1,7,1975.0,7,Λεωφόρος Πατησίων - Λεωφόρος Αχαρνών (Αθήνα - Κέντρο),Αθήνα - Κέντρο (Αττική),38.009743,23.730564,1,1,0,1.0,8.0,51.0,339,1735,3779,1967
1219962702,790,65,2,1,3,1960.0,8,Λεωφόρος Πατησίων - Λεωφόρος Αχαρνών (Αθήνα - Κέντρο),Αθήνα - Κέντρο (Αττική),38.016571,23.725683,0,1,1,1.0,12.15,66.0,533,2554,4548,2482
1219581585,470,23,0,1,4,1970.0,6,Λεωφόρος Πατησίων - Λεωφόρος Αχαρνών (Αθήνα - Κέντρο),Αθήνα - Κέντρο (Αττική),38.015045,23.722694,0,0,0,1.0,20.43,56.0,613,2466,4673,2482
1220417273,900,107,3,1,4,1996.0,6,Άνω Πατήσια (Αθήνα - Κέντρο),Αθήνα - Κέντρο (Αττική),38.017776,23.743824,0,1,0,1.0,8.41,30.0,971,2809,3480,2901
1220175254,700,96,2,1,7,1970.0,6,Άνω Πατήσια (Αθήνα - Κέντρο),Αθήνα - Κέντρο (Αττική),38.021076,23.740395,0,0,0,1.0,7.29,56.0,504,3071,3955,3144
1220158862,700,83,2,1,9,1998.0,10,Λεωφόρος Πατησίων - Λεωφόρος Αχαρνών (Αθήνα - Κέντρο),Αθήνα - Κέντρο (Αττική),38.016315,23.726257,1,0,0,1.0,8.43,28.0,483,2515,4490,2535
1220421961,850,110,2,1,6,1976.0,8,Άνω Πατήσια (Αθήνα - Κέντρο),Αθήνα - Κέντρο (Αττική),38.020493,23.745323,0,0,0,1.0,7.73,50.0,912,3138,3651,3227
1219457101,450,35,1,1,3,1970.0,7,Λεωφόρος Πατησίων - Λεωφόρος Αχαρνών (Αθήνα - Κέντρο),Αθήνα - Κέντρο (Αττική),38.010586,23.733387,0,0,0,Άγνωστο,12.86,56.0,447,1825,3616,2020
1220504933,550,50,1,0,4,1975.0,7,Άνω Πατήσια (Αθήνα - Κέντρο),Αθήνα - Κέντρο (Αττική),38.022594,23.737709,0,1,1,4.0,11.0,51.0,214,3193,4233,2857
1220451303,625,73,2,1,7,1975.0,6,Άνω Πατήσια (Αθήνα - Κέντρο),Αθήνα - Κέντρο (Αττική),38.015999,23.734375,1,1,0,4.0,8.56,51.0,618,2431,3908,2615
1219990168,850,75,2,1,6,1966.0,3,Άνω Πατήσια (Αθήνα - Κέντρο),Αθήνα - Κέντρο (Αττική),38.021553,23.73423,1,1,0,3.0,11.33,60.0,285,3046,4346,2652
1219582077,470,30,1,1,8,1968.0,6,Άνω Πατήσια (Αθήνα - Κέντρο),Αθήνα - Κέντρο (Αττική),38.019283,23.735964,0,0,1,Άγνωστο,15.67,58.0,502,2808,4058,2920
1220168944,600,54,2,1,6,1978.0,5,Λεωφόρος Πατησίων - Λεωφόρος Αχαρνών (Αθήνα - Κέντρο),Αθήνα - Κέντρο (Αττική),38.012604,23.726755,1,0,0,4.0,11.11,48.0,188,2103,4228,2366
1220505582,580,52,1,1,6,1980.0,7,Άνω Πατήσια (Αθήνα - Κέντρο),Αθήνα - Κέντρο (Αττική),38.024849,23.735735,1,1,1,1.0,11.15,46.0,117,3421,4537,2592
1220478845,750,53,1,1,8,1980.0,8,Άνω Πατήσια (Αθήνα - Κέντρο),Αθήνα - Κέντρο (Αττική),38.019798,23.740532,1,1,1,1.0,14.15,46.0,608,2936,3836,3066
1220505105,450,25,1,1,3,1975.0,6,Λεωφόρος Πατησίων - Λεωφόρος Αχαρνών (Αθήνα - Κέντρο),Αθήνα - Κέντρο (Αττική),38.015919,23.733334,1,1,1,2.0,18.0,51.0,544,2417,3972,2612
1219931620,750,45,1,1,8,2026.0,2,Άνω Πατήσια (Αθήνα - Κέντρο),Αθήνα - Κέντρο (Αττική),38.02446,23.734619,1,0,0,Άγνωστο,16.67,0.0,127,3371,4565,2522
1220398429,500,54,1,1,8,1980.0,10,Λεωφόρος Πατησίων - Λεωφόρος Αχαρνών (Αθήνα - Κέντρο),Αθήνα - Κέντρο (Αττική),38.016281,23.72451,1,0,0,1.0,9.26,46.0,570,2548,4614,2449
1220338706,550,57,1,1,6,1972.0,4,Λεωφόρος Πατησίων - Λεωφόρος Αχαρνών (Αθήνα - Κέντρο),Αθήνα - Κέντρο (Αττική),38.01432,23.731134,1,0,1,4.0,9.65,54.0,282,2240,4014,2458
1220293910,480,45,1,1,6,1967.0,10,Άνω Πατήσια (Αθήνα - Κέντρο),Αθήνα - Κέντρο (Αττική),38.02475,23.734245,1,0,0,2.0,10.67,59.0,172,3401,4611,2478
1218887068,450,31,1,1,7,1971.0,10,Λεωφόρος Πατησίων - Λεωφόρος Αχαρνών (Αθήνα - Κέντρο),Αθήνα - Κέντρο (Αττική),38.012169,23.733713,1,0,0,2.0,14.52,55.0,423,2002,3691,2193
1220076718,500,50,1,1,6,1970.0,8,Άνω Πατήσια (Αθήνα - Κέντρο),Αθήνα - Κέντρο (Αττική),38.017151,23.735817,1,0,0,1.0,10.0,56.0,739,2571,3900,2741
1219569204,400,35,1,1,7,1970.0,8,Λεωφόρος Πατησίων - Λεωφόρος Αχαρνών (Αθήνα - Κέντρο),Αθήνα - Κέντρο (Αττική),38.013142,23.728539,1,0,1,Άγνωστο,11.43,56.0,78,2132,4127,2377
1220504875,400,35,1,0,3,1975.0,6,Λεωφόρος Πατησίων - Λεωφόρος Αχαρνών (Αθήνα - Κέντρο),Αθήνα - Κέντρο (Αττική),38.012325,23.730486,1,1,1,4.0,11.43,51.0,140,2022,3934,2250
1220450978,790,115,3,1,6,1975.0,8,Λεωφόρος Πατησίων - Λεωφόρος Αχαρνών (Αθήνα - Κέντρο),Αθήνα - Κέντρο (Αττική),38.013161,23.72419,0,0,1,1.0,6.87,51.0,419,2225,4453,2505
1220319712,430,57,1,1,7,1973.0,8,Άνω Πατήσια (Αθήνα - Κέντρο),Αθήνα - Κέντρο (Αττική),38.016682,23.733442,1,0,0,2.0,7.54,53.0,612,2502,4019,2696
1220080082,990,105,2,2,7,1970.0,4,Άνω Πατήσια (Αθήνα - Κέντρο),Αθήνα - Κέντρο (Αττική),38.020329,23.741255,0,1,0,13.0,9.43,56.0,614,3009,3843,3134
1219948856,750,98,1,1,4,1989.0,6,Άνω Πατήσια (Αθήνα - Κέντρο),Αθήνα - Κέντρο (Αττική),38.015522,23.744909,1,0,0,Άγνωστο,7.65,37.0,1218,2616,3225,2687
1220262665,500,39,1,1,3,1960.0,6,Άνω Πατήσια (Αθήνα - Κέντρο),Αθήνα - Κέντρο (Αττική),38.018429,23.735481,1,1,0,2.0,12.82,66.0,598,2709,4020,2883
1220247849,500,62,1,1,7,1975.0,7,Άνω Πατήσια (Αθήνα - Κέντρο),Αθήνα - Κέντρο (Αττική),38.025242,23.745533,0,0,1,1.0,8.06,51.0,798,3641,3801,3378
1220429287,600,80,2,1,7,1970.0,8,Λεωφόρος Πατησίων - Λεωφόρος Αχαρνών (Αθήνα - Κέντρο),Αθήνα - Κέντρο (Αττική),38.014347,23.730953,1,0,1,1.0,7.5,56.0,273,2243,4028,2463
1219400722,630,76,2,1,8,1970.0,7,Άνω Πατήσια (Αθήνα - Κέντρο),Αθήνα - Κέντρο (Αττική),38.021236,23.736101,1,0,0,1.0,8.29,56.0,286,3025,4209,2810
1219574137,850,65,2,1,3,1960.0,9,Λεωφόρος Πατησίων - Λεωφόρος Αχαρνών (Αθήνα - Κέντρο),Αθήνα - Κέντρο (Αττική),38.016155,23.723932,0,1,1,1.0,13.08,66.0,595,2549,4648,2433
1220424228,700,80,2,1,6,2006.0,6,Λεωφόρος Πατησίων - Λεωφόρος Αχαρνών (Αθήνα - Κέντρο),Αθήνα - Κέντρο (Αττική),38.011005,23.730379,1,1,0,2.0,8.75,20.0,211,1876,3864,2108
1220451580,750,53,1,1,8,1980.0,8,Άνω Πατήσια (Αθήνα - Κέντρο),Αθήνα - Κέντρο (Αττική),38.019844,23.741863,1,1,1,1.0,14.15,46.0,690,2972,3767,3090
1220414350,500,35,1,1,9,1970.0,6,Λεωφόρος Πατησίων - Λεωφόρος Αχαρνών (Αθήνα - Κέντρο),Αθήνα - Κέντρο (Αττική),38.010212,23.733913,1,1,1,1.0,14.29,56.0,508,1786,3555,1975
1220431328,500,65,1,1,3,1979.0,7,Λεωφόρος Πατησίων - Λεωφόρος Αχαρνών (Αθήνα - Κέντρο),Αθήνα - Κέντρο (Αττική),38.011707,23.727989,0,1,1,1.0,7.69,47.0,119,1983,4084,2237
1220509249,400,35,1,1,7,1975.0,7,Άνω Πατήσια (Αθήνα - Κέντρο),Αθήνα - Κέντρο (Αττική),38.021412,23.737425,1,1,0,1.0,11.43,51.0,301,3059,4148,2899
1220423795,700,80,2,1,3,1937.0,7,Άνω Πατήσια (Αθήνα - Κέντρο),Αθήνα - Κέντρο (Αττική),38.018581,23.736118,0,0,0,1.0,8.75,89.0,581,2732,3993,2900
1216048221,550,55,1,1,10,1980.0,11,Λεωφόρος Πατησίων - Λεωφόρος Αχαρνών (Αθήνα - Κέντρο),Αθήνα - Κέντρο (Αττική),38.01503,23.722719,1,0,0,1.0,10.0,46.0,610,2464,4670,2485
1220287938,450,48,1,1,4,1998.0,8,Λεωφόρος Πατησίων - Λεωφόρος Αχαρνών (Αθήνα - Κέντρο),Αθήνα - Κέντρο (Αττική),38.01133,23.724289,0,0,0,Άγνωστο,9.38,28.0,424,2030,4346,2317
1220505833,450,44,1,1,6,1970.0,6,Άνω Πατήσια (Αθήνα - Κέντρο),Αθήνα - Κέντρο (Αττική),38.017151,23.735817,1,0,0,2.0,10.23,56.0,739,2571,3900,2741
1220322000,600,70,2,1,6,1960.0,7,Άνω Πατήσια (Αθήνα - Κέντρο),Αθήνα - Κέντρο (Αττική),38.020329,23.736986,1,1,0,1.0,8.57,66.0,400,2934,4082,2929
1219832823,700,86,1,1,7,1970.0,4,Λεωφόρος Πατησίων - Λεωφόρος Αχαρνών (Αθήνα - Κέντρο),Αθήνα - Κέντρο (Αττική),38.012726,23.726316,0,1,0,Άγνωστο,8.14,56.0,228,2126,4268,2392
1219528720,400,36,1,1,6,1960.0,9,Λεωφόρος Πατησίων - Λεωφόρος Αχαρνών (Αθήνα - Κέντρο),Αθήνα - Κέντρο (Αττική),38.011856,23.725937,0,0,0,4.0,11.11,66.0,269,2041,4248,2313
1220428420,700,83,2,1,9,1995.0,6,Λεωφόρος Πατησίων - Λεωφόρος Αχαρνών (Αθήνα - Κέντρο),Αθήνα - Κέντρο (Αττική),38.016144,23.72764,1,0,0,1.0,8.43,31.0,420,2474,4381,2625
1220383943,580,52,1,1,6,1974.0,9,Άνω Πατήσια (Αθήνα - Κέντρο),Αθήνα - Κέντρο (Αττική),38.023872,23.747616,0,1,0,1.0,11.15,52.0,992,3562,3655,3599
1219556324,500,32,0,1,8,1980.0,5,Λεωφόρος Πατησίων - Λεωφόρος Αχαρνών (Αθήνα - Κέντρο),Αθήνα - Κέντρο (Αττική),38.011234,23.726324,1,0,1,4.0,15.62,46.0,266,1965,4184,2236
1220393799,900,111,3,2,10,1992.0,6,Λεωφόρος Πατησίων - Λεωφόρος Αχαρνών (Αθήνα - Κέντρο),Αθήνα - Κέντρο (Αττική),38.014507,23.732204,1,0,0,1.0,8.11,34.0,365,2258,3951,2465
1219487077,450,30,1,1,3,1980.0,4,Λεωφόρος Πατησίων - Λεωφόρος Αχαρνών (Αθήνα - Κέντρο),Αθήνα - Κέντρο (Αττική),38.015759,23.723475,0,1,0,Άγνωστο,15.0,46.0,598,2519,4657,2448
1220383756,1100,50,1,1,8,1980.0,9,Λεωφόρος Πατησίων - Λεωφόρος Αχαρνών (Αθήνα - Κέντρο),Αθήνα - Κέντρο (Αττική),38.015991,23.73061,1,1,1,Άγνωστο,22.0,46.0,416,2428,4162,2648
1220495274,680,41,1,1,13,2006.0,7,Άνω Πατήσια (Αθήνα - Κέντρο),Αθήνα - Κέντρο (Αττική),38.02047,23.733339,1,0,1,1.0,16.59,20.0,428,2923,4313,2656
1220447716,750,53,1,1,8,1975.0,8,Άνω Πατήσια (Αθήνα - Κέντρο),Αθήνα - Κέντρο (Αττική),38.019783,23.74205,1,1,1,4.0,14.15,51.0,707,2970,3752,3086
1220187447,700,96,2,1,7,1975.0,6,Άνω Πατήσια (Αθήνα - Κέντρο),Αθήνα - Κέντρο (Αττική),38.020874,23.740673,0,0,1,4.0,7.29,51.0,537,3055,3922,3176
1220366831,800,60,1,0,3,1995.0,4,Άνω Πατήσια (Αθήνα - Κέντρο),Αθήνα - Κέντρο (Αττική),38.023548,23.736225,0,0,0,Άγνωστο,13.33,31.0,47,3281,4397,2693
1220240958,640,95,2,1,7,1970.0,7,Άνω Πατήσια (Αθήνα - Κέντρο),Αθήνα - Κέντρο (Αττική),38.024414,23.743635,0,0,0,Άγνωστο,6.74,56.0,690,3503,3982,3251
1220482020,900,70,2,1,6,1973.0,9,Άνω Πατήσια (Αθήνα - Κέντρο),Αθήνα - Κέντρο (Αττική),38.02013,23.734621,1,0,0,1.0,12.86,53.0,421,2890,4208,2769
1220421879,710,70,2,1,6,1973.0,9,Άνω Πατήσια (Αθήνα - Κέντρο),Αθήνα - Κέντρο (Αττική),38.02013,23.734621,1,0,0,1.0,10.14,53.0,421,2890,4208,2769
1220480648,850,87,3,1,8,1998.0,5,Άνω Πατήσια (Αθήνα - Κέντρο),Αθήνα - Κέντρο (Αττική),38.020641,23.746723,1,1,0,1.0,9.77,28.0,1019,3200,3599,3277
1219945483,700,85,2,1,4,1970.0,7,Άνω Πατήσια (Αθήνα - Κέντρο),Αθήνα - Κέντρο (Αττική),38.016003,23.738632,0,1,0,1.0,8.24,56.0,902,2487,3634,2627
1220504960,700,60,2,1,7,1980.0,5,Άνω Πατήσια (Αθήνα - Κέντρο),Αθήνα - Κέντρο (Αττική),38.017189,23.736629,1,1,1,1.0,11.67,46.0,739,2584,3852,2747
1219823779,900,107,3,1,6,1980.0,7,Λεωφόρος Πατησίων - Λεωφόρος Αχαρνών (Αθήνα - Κέντρο),Αθήνα - Κέντρο (Αττική),38.014217,23.726091,1,0,0,1.0,8.41,46.0,311,2291,4372,2555
1219945879,800,100,2,1,6,1975.0,6,Άνω Πατήσια (Αθήνα - Κέντρο),Αθήνα - Κέντρο (Αττική),38.02256,23.736668,1,1,1,1.0,8.0,51.0,157,3177,4288,2779
1219751183,650,72,2,1,7,1970.0,3,Λεωφόρος Πατησίων - Λεωφόρος Αχαρνών (Αθήνα - Κέντρο),Αθήνα - Κέντρο (Αττική),38.014381,23.730627,1,0,0,1.0,9.03,56.0,258,2249,4054,2472
1219926416,700,83,2,1,10,1980.0,8,Λεωφόρος Πατησίων - Λεωφόρος Αχαρνών (Αθήνα - Κέντρο),Αθήνα - Κέντρο (Αττική),38.012695,23.72784,1,0,0,1.0,8.43,46.0,95,2093,4152,2346
1219772000,600,60,1,1,10,1965.0,6,Λεωφόρος Πατησίων - Λεωφόρος Αχαρνών (Αθήνα - Κέντρο),Αθήνα - Κέντρο (Αττική),38.010384,23.731585,1,1,1,2.0,10.0,61.0,333,1801,3738,2019
1220466041,550,38,1,1,6,1965.0,5,Λεωφόρος Πατησίων - Λεωφόρος Αχαρνών (Αθήνα - Κέντρο),Αθήνα - Κέντρο (Αττική),38.011238,23.72538,0,1,0,4.0,14.47,61.0,339,1989,4257,2268
1220466033,600,48,1,1,6,1965.0,6,Λεωφόρος Πατησίων - Λεωφόρος Αχαρνών (Αθήνα - Κέντρο),Αθήνα - Κέντρο (Αττική),38.011238,23.72538,0,1,0,4.0,12.5,61.0,339,1989,4257,2268
1220466022,700,65,1,1,3,1965.0,5,Λεωφόρος Πατησίων - Λεωφόρος Αχαρνών (Αθήνα - Κέντρο),Αθήνα - Κέντρο (Αττική),38.011238,23.72538,0,1,0,4.0,10.77,61.0,339,1989,4257,2268
1220179848,420,50,0,0,7,1962.0,9,Λεωφόρος Πατησίων - Λεωφόρος Αχαρνών (Αθήνα - Κέντρο),Αθήνα - Κέντρο (Αττική),38.014736,23.731091,0,0,0,Άγνωστο,8.4,64.0,314,2286,4044,2504
1220302952,590,37,1,1,8,1973.0,9,Λεωφόρος Πατησίων - Λεωφόρος Αχαρνών (Αθήνα - Κέντρο),Αθήνα - Κέντρο (Αττική),38.012711,23.723829,0,1,1,Άγνωστο,15.95,53.0,445,2188,4455,2473
1215422466,600,92,2,1,7,1985.0,5,Λεωφόρος Πατησίων - Λεωφόρος Αχαρνών (Αθήνα - Κέντρο),Αθήνα - Κέντρο (Αττική),38.014297,23.729023,0,1,0,1.0,6.52,41.0,200,2253,4163,2491
1220351801,390,28,1,1,3,1975.0,6,Άνω Πατήσια (Αθήνα - Κέντρο),Αθήνα - Κέντρο (Αττική),38.024963,23.742516,0,1,0,2.0,13.93,51.0,602,3536,4067,3138
1217816659,650,60,1,1,10,1980.0,7,Λεωφόρος Πατησίων - Λεωφόρος Αχαρνών (Αθήνα - Κέντρο),Αθήνα - Κέντρο (Αττική),38.009521,23.733387,1,0,1,1.0,10.83,46.0,514,1706,3553,1903
1220250286,470,38,0,1,3,1978.0,5,Λεωφόρος Πατησίων - Λεωφόρος Αχαρνών (Αθήνα - Κέντρο),Αθήνα - Κέντρο (Αττική),38.011856,23.733774,0,1,1,4.0,12.37,48.0,433,1968,3666,2158
1220503604,450,33,0,1,9,1972.0,6,Λεωφόρος Πατησίων - Λεωφόρος Αχαρνών (Αθήνα - Κέντρο),Αθήνα - Κέντρο (Αττική),38.01091,23.726498,1,1,0,1.0,13.64,54.0,275,1926,4154,2197
1217713748,600,116,3,1,8,1974.0,5,Λεωφόρος Πατησίων - Λεωφόρος Αχαρνών (Αθήνα - Κέντρο),Αθήνα - Κέντρο (Αττική),38.015949,23.73052,1,0,0,1.0,5.17,52.0,409,2423,4166,2645
1218321849,700,81,2,1,7,1978.0,5,Λεωφόρος Πατησίων - Λεωφόρος Αχαρνών (Αθήνα - Κέντρο),Αθήνα - Κέντρο (Αττική),38.012684,23.723217,1,1,0,1.0,8.64,48.0,498,2204,4501,2493
1220475741,450,28,0,1,4,1980.0,1,Λεωφόρος Πατησίων - Λεωφόρος Αχαρνών (Αθήνα - Κέντρο),Αθήνα - Κέντρο (Αττική),38.01326,23.732426,1,1,1,2.0,16.07,46.0,320,2119,3853,2325
1218410769,800,85,2,1,7,1975.0,6,Λεωφόρος Πατησίων - Λεωφόρος Αχαρνών (Αθήνα - Κέντρο),Αθήνα - Κέντρο (Αττική),38.010208,23.731316,1,1,0,Άγνωστο,9.41,51.0,331,1782,3748,2004
1219530770,700,72,2,1,7,1970.0,4,Λεωφόρος Πατησίων - Λεωφόρος Αχαρνών (Αθήνα - Κέντρο),Αθήνα - Κέντρο (Αττική),38.012939,23.731012,1,1,0,4.0,9.72,56.0,191,2087,3934,2308
1220466026,650,55,1,1,3,1965.0,5,Λεωφόρος Πατησίων - Λεωφόρος Αχαρνών (Αθήνα - Κέντρο),Αθήνα - Κέντρο (Αττική),38.011238,23.72538,0,1,0,4.0,11.82,61.0,339,1989,4257,2268
1219309839,950,117,3,1,7,1974.0,4,Λεωφόρος Πατησίων - Λεωφόρος Αχαρνών (Αθήνα - Κέντρο),Αθήνα - Κέντρο (Αττική),38.012177,23.725483,1,1,0,2.0,8.12,52.0,302,2086,4300,2361
1220494530,710,78,2,1,6,1970.0,6,Άνω Πατήσια (Αθήνα - Κέντρο),Αθήνα - Κέντρο (Αττική),38.020313,23.734118,1,1,0,2.0,9.1,56.0,415,2908,4253,2721
1219856418,850,72,1,1,6,1978.0,5,Άνω Πατήσια (Αθήνα - Κέντρο),Αθήνα - Κέντρο (Αττική),38.0204223298969,23.73881031958763,0,1,1,2.0,11.81,48.0,459,2971,3985,3059
1220507136,450,44,1,1,6,1970.0,4,Άνω Πατήσια (Αθήνα - Κέντρο),Αθήνα - Κέντρο (Αττική),38.019936,23.734905,1,0,0,2.0,10.23,56.0,437,2871,4175,2802
1220502995,530,50,1,1,7,1978.0,7,Άνω Πατήσια (Αθήνα - Κέντρο),Αθήνα - Κέντρο (Αττική),38.023129,23.737764,1,0,1,1.0,10.6,48.0,188,3252,4276,2835
1220425278,600,50,1,1,3,1973.0,7,Λεωφόρος Πατησίων - Λεωφόρος Αχαρνών (Αθήνα - Κέντρο),Αθήνα - Κέντρο (Αττική),38.011093,23.733807,0,1,0,Άγνωστο,12.0,53.0,457,1883,3616,2073
1220377551,700,60,2,1,7,1980.0,6,Άνω Πατήσια (Αθήνα - Κέντρο),Αθήνα - Κέντρο (Αττική),38.018246,23.73991,1,0,0,1.0,11.67,46.0,715,2756,3739,2888
1219935201,680,50,1,1,8,1977.0,5,Λεωφόρος Πατησίων - Λεωφόρος Αχαρνών (Αθήνα - Κέντρο),Αθήνα - Κέντρο (Αττική),38.009739,23.731804,1,0,1,2.0,13.6,49.0,399,1728,3685,1946
1220287278,650,80,2,1,9,1980.0,7,Λεωφόρος Πατησίων - Λεωφόρος Αχαρνών (Αθήνα - Κέντρο),Αθήνα - Κέντρο (Αττική),38.014397,23.733244,1,1,0,1.0,8.12,46.0,435,2247,3871,2444
1220503629,550,35,0,1,4,1982.0,6,Άνω Πατήσια (Αθήνα - Κέντρο),Αθήνα - Κέντρο (Αττική),38.018005,23.735983,0,1,1,1.0,15.71,44.0,645,2667,3956,2836
1220283152,450,55,1,1,6,1970.0,6,Λεωφόρος Πατησίων - Λεωφόρος Αχαρνών (Αθήνα - Κέντρο),Αθήνα - Κέντρο (Αττική),38.014599,23.730009,1,0,0,1.0,8.18,56.0,253,2277,4112,2506
1220378744,750,66,3,1,6,2008.0,6,Λεωφόρος Πατησίων - Λεωφόρος Αχαρνών (Αθήνα - Κέντρο),Αθήνα - Κέντρο (Αττική),38.01149,23.727476,1,0,1,2.0,11.36,18.0,168,1968,4111,2228
1219964938,500,40,1,1,3,1970.0,6,Άνω Πατήσια (Αθήνα - Κέντρο),Αθήνα - Κέντρο (Αττική),38.023956,23.74633,0,0,0,4.0,12.5,56.0,923,3530,3762,3490
1220261700,750,125,2,1,9,1961.0,9,Άνω Πατήσια (Αθήνα - Κέντρο),Αθήνα - Κέντρο (Αττική),38.017376,23.733469,1,0,0,Άγνωστο,6.0,65.0,674,2579,4069,2772
1220311883,330,25,1,1,4,1970.0,9,Λεωφόρος Πατησίων - Λεωφόρος Αχαρνών (Αθήνα - Κέντρο),Αθήνα - Κέντρο (Αττική),38.012589,23.722048,0,0,0,Άγνωστο,13.2,56.0,600,2233,4585,2530
1219299001,900,95,2,1,10,2002.0,4,Λεωφόρος Πατησίων - Λεωφόρος Αχαρνών (Αθήνα - Κέντρο),Αθήνα - Κέντρο (Αττική),38.011654,23.729868,1,0,1,1.0,9.47,24.0,127,1952,3940,2188
1220498849,520,50,2,1,6,1970.0,9,Λεωφόρος Πατησίων - Λεωφόρος Αχαρνών (Αθήνα - Κέντρο),Αθήνα - Κέντρο (Αττική),38.010796,23.731262,1,0,1,4.0,10.4,56.0,281,1848,3786,2070
1220314177,470,38,0,0,3,1980.0,5,Λεωφόρος Πατησίων - Λεωφόρος Αχαρνών (Αθήνα - Κέντρο),Αθήνα - Κέντρο (Αττική),38.0121,23.733688,0,0,1,4.0,12.37,46.0,422,1994,3688,2186
1220291218,470,32,1,1,9,1978.0,5,Λεωφόρος Πατησίων - Λεωφόρος Αχαρνών (Αθήνα - Κέντρο),Αθήνα - Κέντρο (Αττική),38.011139,23.728245,1,0,0,1.0,14.69,48.0,162,1917,4033,2170
1219765766,770,82,2,1,7,1982.0,10,Άνω Πατήσια (Αθήνα - Κέντρο),Αθήνα - Κέντρο (Αττική),38.020905,23.742916,1,0,1,1.0,9.39,44.0,702,3112,3807,3223
1220009969,450,25,1,0,3,1965.0,7,Λεωφόρος Πατησίων - Λεωφόρος Αχαρνών (Αθήνα - Κέντρο),Αθήνα - Κέντρο (Αττική),38.012291,23.728939,0,1,1,4.0,18.0,61.0,23,2033,4047,2277
1218784905,900,86,3,1,12,2012.0,6,Λεωφόρος Πατησίων - Λεωφόρος Αχαρνών (Αθήνα - Κέντρο),Αθήνα - Κέντρο (Αττική),38.011211,23.729658,1,0,0,2.0,10.47,14.0,158,1906,3930,2145
1220503537,480,50,1,1,7,1975.0,7,Άνω Πατήσια (Αθήνα - Κέντρο),Αθήνα - Κέντρο (Αττική),38.019135,23.733349,1,1,1,4.0,9.6,51.0,561,2774,4209,2746
1219977181,650,42,1,1,4,1976.0,8,Λεωφόρος Πατησίων - Λεωφόρος Αχαρνών (Αθήνα - Κέντρο),Αθήνα - Κέντρο (Αττική),38.012291,23.725651,0,1,1,4.0,15.48,50.0,286,2094,4294,2367
1218427329,700,72,1,1,8,1982.0,5,Λεωφόρος Πατησίων - Λεωφόρος Αχαρνών (Αθήνα - Κέντρο),Αθήνα - Κέντρο (Αττική),38.01495,23.732756,1,0,0,2.0,9.72,44.0,434,2308,3943,2509
1220110054,600,80,2,1,8,1974.0,9,Λεωφόρος Πατησίων - Λεωφόρος Αχαρνών (Αθήνα - Κέντρο),Αθήνα - Κέντρο (Αττική),38.012859,23.72764,1,0,0,4.0,7.5,52.0,117,2115,4177,2369
1219643101,480,24,1,1,10,1970.0,6,Λεωφόρος Πατησίων - Λεωφόρος Αχαρνών (Αθήνα - Κέντρο),Αθήνα - Κέντρο (Αττική),38.011902,23.72411,1,1,1,4.0,20.0,56.0,425,2095,4390,2381
1220291426,800,107,3,1,6,1980.0,8,Λεωφόρος Πατησίων - Λεωφόρος Αχαρνών (Αθήνα - Κέντρο),Αθήνα - Κέντρο (Αττική),38.014568,23.726477,1,0,0,1.0,7.48,46.0,313,2322,4365,2581
1219643513,980,105,2,1,6,1970.0,5,Άνω Πατήσια (Αθήνα - Κέντρο),Αθήνα - Κέντρο (Αττική),38.01973,23.740318,0,1,0,Άγνωστο,9.33,56.0,601,2924,3842,3056
1220260406,600,52,1,1,6,1975.0,6,Άνω Πατήσια (Αθήνα - Κέντρο),Αθήνα - Κέντρο (Αττική),38.022877,23.744083,1,1,0,1.0,11.54,51.0,733,3352,3932,3350
1220497407,400,35,1,1,7,1975.0,7,Άνω Πατήσια (Αθήνα - Κέντρο),Αθήνα - Κέντρο (Αττική),38.020348,23.738497,1,1,0,1.0,11.43,51.0,451,2958,3997,3040
1218846357,700,100,2,1,7,1973.0,7,Άνω Πατήσια (Αθήνα - Κέντρο),Αθήνα - Κέντρο (Αττική),38.021263,23.740282,0,0,1,Άγνωστο,7.0,53.0,483,3089,3977,3126
1220329241,650,55,0,1,6,1979.0,9,Λεωφόρος Πατησίων - Λεωφόρος Αχαρνών (Αθήνα - Κέντρο),Αθήνα - Κέντρο (Αττική),38.010689,23.732634,1,0,1,1.0,11.82,47.0,384,1834,3678,2039
1220362366,520,30,1,1,7,1978.0,6,Άνω Πατήσια (Αθήνα - Κέντρο),Αθήνα - Κέντρο (Αττική),38.017593,23.733704,1,1,1,Άγνωστο,17.33,48.0,706,2604,4069,2795
1220321764,450,35,1,1,7,1968.0,7,Λεωφόρος Πατησίων - Λεωφόρος Αχαρνών (Αθήνα - Κέντρο),Αθήνα - Κέντρο (Αττική),38.013599,23.727053,1,1,0,1.0,12.86,58.0,203,2206,4264,2463
1220503525,450,42,1,1,6,1978.0,8,Άνω Πατήσια (Αθήνα - Κέντρο),Αθήνα - Κέντρο (Αττική),38.023296,23.744925,0,1,0,1.0,10.71,48.0,801,3419,3899,3401
1220481377,530,75,2,1,6,1980.0,6,Λεωφόρος Πατησίων - Λεωφόρος Αχαρνών (Αθήνα - Κέντρο),Αθήνα - Κέντρο (Αττική),38.011135,23.730101,1,0,1,Άγνωστο,7.07,46.0,185,1893,3893,2127
1220503626,450,45,1,1,9,1970.0,8,Λεωφόρος Πατησίων - Λεωφόρος Αχαρνών (Αθήνα - Κέντρο),Αθήνα - Κέντρο (Αττική),38.011066,23.73181,1,1,0,4.0,10.0,56.0,301,1876,3761,2091
1220499858,850,85,3,1,8,1975.0,5,Άνω Πατήσια (Αθήνα - Κέντρο),Αθήνα - Κέντρο (Αττική),38.019844,23.746626,1,1,0,1.0,10.0,51.0,1045,3116,3528,3190
1219568692,500,40,0,1,7,2004.0,6,Λεωφόρος Πατησίων - Λεωφόρος Αχαρνών (Αθήνα - Κέντρο),Αθήνα - Κέντρο (Αττική),38.011948,23.732111,0,0,0,Άγνωστο,12.5,22.0,288,1974,3792,2184
1220433071,650,50,1,1,8,1970.0,7,Άνω Πατήσια (Αθήνα - Κέντρο),Αθήνα - Κέντρο (Αττική),38.022259,23.735687,0,0,1,6.0,13.0,56.0,172,3134,4319,2720
1220073543,550,35,1,1,9,1970.0,8,Λεωφόρος Πατησίων - Λεωφόρος Αχαρνών (Αθήνα - Κέντρο),Αθήνα - Κέντρο (Αττική),38.009796,23.7327,1,0,1,Άγνωστο,15.71,56.0,449,1735,3621,1940
1220292928,580,35,0,0,8,1978.0,5,Άνω Πατήσια (Αθήνα - Κέντρο),Αθήνα - Κέντρο (Αττική),38.0204223298969,23.73881031958763,1,1,1,Άγνωστο,16.57,48.0,459,2971,3985,3059
1219482418,900,57,1,1,3,1979.0,6,Άνω Πατήσια (Αθήνα - Κέντρο),Αθήνα - Κέντρο (Αττική),38.019131,23.740351,0,1,1,4.0,15.79,47.0,655,2861,3789,2990
1220503649,400,36,1,1,7,1976.0,7,Άνω Πατήσια (Αθήνα - Κέντρο),Αθήνα - Κέντρο (Αττική),38.020123,23.738758,1,0,0,1.0,11.11,50.0,484,2938,3963,3073
1220451727,620,85,2,1,4,1975.0,6,Άνω Πατήσια (Αθήνα - Κέντρο),Αθήνα - Κέντρο (Αττική),38.016045,23.738235,0,1,0,Άγνωστο,7.29,51.0,888,2484,3662,2628
1220331767,480,50,1,1,3,1965.0,8,Άνω Πατήσια (Αθήνα - Κέντρο),Αθήνα - Κέντρο (Αττική),38.016689,23.741594,0,0,0,Άγνωστο,9.6,61.0,940,2630,3512,2740
1219393714,480,30,1,0,6,1978.0,6,Άνω Πατήσια (Αθήνα - Κέντρο),Αθήνα - Κέντρο (Αττική),38.0204223298969,23.73881031958763,1,0,1,4.0,16.0,48.0,459,2971,3985,3059
1220418028,550,55,1,1,3,1975.0,8,Άνω Πατήσια (Αθήνα - Κέντρο),Αθήνα - Κέντρο (Αττική),38.022148,23.73912,0,1,0,4.0,10.0,51.0,344,3165,4117,2990
1217422276,700,100,2,1,7,1965.0,7,Λεωφόρος Πατησίων - Λεωφόρος Αχαρνών (Αθήνα - Κέντρο),Αθήνα - Κέντρο (Αττική),38.00890437857144,23.72913434285714,0,1,0,1.0,7.0,61.0,270,1658,3845,1910
1214472779,700,60,2,1,0,1973.0,3,Λεωφόρος Πατησίων - Λεωφόρος Αχαρνών (Αθήνα - Κέντρο),Αθήνα - Κέντρο (Αττική),38.014778,23.724871,0,0,0,1.0,11.67,53.0,434,2379,4496,2606
1219469148,750,95,3,2,4,1975.0,9,Άνω Πατήσια (Αθήνα - Κέντρο),Αθήνα - Κέντρο (Αττική),38.019386,23.740719,1,0,0,4.0,7.89,51.0,653,2896,3790,3023
1219255801,700,80,2,1,6,1985.0,8,Άνω Πατήσια (Αθήνα - Κέντρο),Αθήνα - Κέντρο (Αττική),38.018776,23.74538,1,1,1,1.0,8.75,41.0,1008,2963,3490,3045
1219917714,800,126,2,1,3,1965.0,7,Άνω Πατήσια (Αθήνα - Κέντρο),Αθήνα - Κέντρο (Αττική),38.018318,23.73316,0,1,0,2.0,6.35,61.0,652,2683,4159,2791
1218384606,550,49,1,1,10,1985.0,8,Άνω Πατήσια (Αθήνα - Κέντρο),Αθήνα - Κέντρο (Αττική),38.017365,23.74486,1,1,1,4.0,11.22,41.0,1069,2801,3389,2881
1220503631,500,80,2,1,6,1975.0,7,Λεωφόρος Πατησίων - Λεωφόρος Αχαρνών (Αθήνα - Κέντρο),Αθήνα - Κέντρο (Αττική),38.01479,23.725927,1,1,0,1.0,6.25,51.0,364,2357,4419,2619
1218477742,660,99,2,2,9,1972.0,9,Λεωφόρος Πατησίων - Λεωφόρος Αχαρνών (Αθήνα - Κέντρο),Αθήνα - Κέντρο (Αττική),38.011677,23.730953,1,0,0,Άγνωστο,6.67,54.0,202,1947,3861,2171
1220286131,530,30,1,1,8,1973.0,5,Λεωφόρος Πατησίων - Λεωφόρος Αχαρνών (Αθήνα - Κέντρο),Αθήνα - Κέντρο (Αττική),38.012966,23.723581,1,1,1,2.0,17.67,53.0,469,2222,4488,2508
1218766121,790,80,2,1,7,1973.0,1,Άνω Πατήσια (Αθήνα - Κέντρο),Αθήνα - Κέντρο (Αττική),38.022274,23.738182,0,1,0,Άγνωστο,9.88,53.0,269,3164,4179,2911
1219564268,500,51,1,1,7,1975.0,3,Άνω Πατήσια (Αθήνα - Κέντρο),Αθήνα - Κέντρο (Αττική),38.016071,23.73568,1,1,0,4.0,9.8,51.0,714,2450,3828,2621
1219493432,650,70,2,1,7,1973.0,7,Λεωφόρος Πατησίων - Λεωφόρος Αχαρνών (Αθήνα - Κέντρο),Αθήνα - Κέντρο (Αττική),38.015739,23.72646,1,0,0,1.0,9.29,53.0,419,2449,4439,2597
1220154309,450,40,1,1,7,1980.0,5,Άνω Πατήσια (Αθήνα - Κέντρο),Αθήνα - Κέντρο (Αττική),38.025539,23.74346,1,0,0,Άγνωστο,11.25,46.0,698,3619,3974,3195
1219838145,680,70,2,1,8,1973.0,6,Λεωφόρος Πατησίων - Λεωφόρος Αχαρνών (Αθήνα - Κέντρο),Αθήνα - Κέντρο (Αττική),38.013939,23.73101,1,1,0,1.0,9.71,53.0,244,2198,3998,2418
1219923911,500,55,1,1,9,1980.0,7,Λεωφόρος Πατησίων - Λεωφόρος Αχαρνών (Αθήνα - Κέντρο),Αθήνα - Κέντρο (Αττική),38.01152,23.72788,1,0,0,1.0,9.09,46.0,141,1964,4082,2220
1220410295,480,45,1,0,4,1965.0,7,Άνω Πατήσια (Αθήνα - Κέντρο),Αθήνα - Κέντρο (Αττική),38.021111,23.73653,0,0,0,Άγνωστο,10.67,61.0,306,3015,4174,2849
1219836046,560,114,2,1,9,1968.0,8,Λεωφόρος Πατησίων - Λεωφόρος Αχαρνών (Αθήνα - Κέντρο),Αθήνα - Κέντρο (Αττική),38.01144,23.73291,0,0,0,Άγνωστο,4.91,58.0,371,1918,3703,2119
1220082275,450,35,1,1,7,1985.0,8,Λεωφόρος Πατησίων - Λεωφόρος Αχαρνών (Αθήνα - Κέντρο),Αθήνα - Κέντρο (Αττική),38.01263,23.728924,0,0,0,1.0,12.86,41.0,15,2071,4068,2314
1217542882,600,58,0,0,7,1975.0,6,Άνω Πατήσια (Αθήνα - Κέντρο),Αθήνα - Κέντρο (Αττική),38.021729,23.73875,0,0,0,Άγνωστο,10.34,51.0,346,3113,4101,2983
1219773706,470,35,0,0,3,1973.0,8,Λεωφόρος Πατησίων - Λεωφόρος Αχαρνών (Αθήνα - Κέντρο),Αθήνα - Κέντρο (Αττική),38.015423,23.73151,0,1,0,4.0,13.43,53.0,397,2361,4061,2574
1220286620,750,76,2,1,8,1983.0,6,Άνω Πατήσια (Αθήνα - Κέντρο),Αθήνα - Κέντρο (Αττική),38.022163,23.74456,1,1,1,1.0,9.87,43.0,789,3290,3843,3391
1220423568,480,50,1,1,3,1965.0,9,Άνω Πατήσια (Αθήνα - Κέντρο),Αθήνα - Κέντρο (Αττική),38.016891,23.741301,0,0,0,Άγνωστο,9.6,61.0,907,2644,3546,2758
1220108264,450,55,1,1,0,1975.0,7,Λεωφόρος Πατησίων - Λεωφόρος Αχαρνών (Αθήνα - Κέντρο),Αθήνα - Κέντρο (Αττική),38.01305,23.729839,0,1,0,Άγνωστο,8.18,51.0,103,2107,4026,2340
1220256430,780,80,3,1,9,1977.0,7,Λεωφόρος Πατησίων - Λεωφόρος Αχαρνών (Αθήνα - Κέντρο),Αθήνα - Κέντρο (Αττική),38.01498,23.72718,1,0,0,2.0,9.75,49.0,314,2354,4339,2606
1218656229,700,50,1,1,8,1977.0,5,Λεωφόρος Πατησίων - Λεωφόρος Αχαρνών (Αθήνα - Κέντρο),Αθήνα - Κέντρο (Αττική),38.009926,23.72999,1,1,1,2.0,14.0,49.0,302,1760,3833,1999
1219934903,750,100,3,1,7,2025.0,3,Λεωφόρος Πατησίων - Λεωφόρος Αχαρνών (Αθήνα - Κέντρο),Αθήνα - Κέντρο (Αττική),38.011681,23.72963,1,1,0,2.0,7.5,1.0,111,1958,3959,2196
1220277845,550,46,1,1,0,1975.0,8,Άνω Πατήσια (Αθήνα - Κέντρο),Αθήνα - Κέντρο (Αττική),38.023602,23.734686,0,0,0,1.0,11.96,51.0,100,3276,4489,2571
1210791432,900,94,4,1,6,1973.0,6,Άνω Πατήσια (Αθήνα - Κέντρο),Αθήνα - Κέντρο (Αττική),38.025791,23.733521,1,1,1,2.0,9.57,53.0,298,3514,4741,2372
1219478360,750,65,2,1,3,1960.0,9,Λεωφόρος Πατησίων - Λεωφόρος Αχαρνών (Αθήνα - Κέντρο),Αθήνα - Κέντρο (Αττική),38.01635,23.72662,0,1,1,1.0,11.54,66.0,472,2513,4467,2551
1218210277,680,96,2,1,8,1976.0,6,Άνω Πατήσια (Αθήνα - Κέντρο),Αθήνα - Κέντρο (Αττική),38.0219,23.73703,1,1,1,2.0,7.08,50.0,237,3108,4212,2842
1220324177,580,52,1,1,6,1974.0,7,Άνω Πατήσια (Αθήνα - Κέντρο),Αθήνα - Κέντρο (Αττική),38.022919,23.743679,1,1,0,1.0,11.15,52.0,697,3345,3955,3315
1219996502,600,55,1,1,6,2005.0,4,Λεωφόρος Πατησίων - Λεωφόρος Αχαρνών (Αθήνα - Κέντρο),Αθήνα - Κέντρο (Αττική),38.010296,23.732277,1,1,1,2.0,10.91,21.0,384,1790,3681,2000
1219746787,650,57,2,1,8,1975.0,5,Άνω Πατήσια (Αθήνα - Κέντρο),Αθήνα - Κέντρο (Αττική),38.02301,23.737532,1,1,0,1.0,11.4,51.0,175,3236,4279,2822
1214448609,850,87,3,1,8,1975.0,5,Άνω Πατήσια (Αθήνα - Κέντρο),Αθήνα - Κέντρο (Αττική),38.020451,23.746759,1,1,0,1.0,9.77,51.0,1030,3182,3580,3258
1219696486,740,97,2,1,7,1986.0,8,Άνω Πατήσια (Αθήνα - Κέντρο),Αθήνα - Κέντρο (Αττική),38.022469,23.73727,1,0,0,Άγνωστο,7.63,40.0,196,3173,4247,2830
1219593020,580,50,1,1,9,1973.0,7,Λεωφόρος Πατησίων - Λεωφόρος Αχαρνών (Αθήνα - Κέντρο),Αθήνα - Κέντρο (Αττική),38.009838,23.734818,1,1,0,2.0,11.6,53.0,597,1753,3466,1929
1219900449,750,45,1,1,8,2026.0,2,Άνω Πατήσια (Αθήνα - Κέντρο),Αθήνα - Κέντρο (Αττική),38.02478,23.735559,1,0,0,9.0,16.67,0.0,111,3412,4540,2581
1219706657,680,58,1,1,7,2001.0,5,Άνω Πατήσια (Αθήνα - Κέντρο),Αθήνα - Κέντρο (Αττική),38.021641,23.73971,1,0,0,1.0,11.72,25.0,418,3120,4041,3062
1220418418,800,70,2,1,10,1973.0,10,Άνω Πατήσια (Αθήνα - Κέντρο),Αθήνα - Κέντρο (Αττική),38.01865,23.739321,1,1,0,2.0,11.43,53.0,650,2787,3807,2926
1220195395,580,36,0,0,8,2023.0,6,Άνω Πατήσια (Αθήνα - Κέντρο),Αθήνα - Κέντρο (Αττική),38.016247,23.733627,1,1,1,4.0,16.11,3.0,587,2454,3976,2646
1219638307,650,92,2,1,9,1969.0,6,Λεωφόρος Πατησίων - Λεωφόρος Αχαρνών (Αθήνα - Κέντρο),Αθήνα - Κέντρο (Αττική),38.011822,23.733629,1,1,0,2.0,7.07,57.0,421,1963,3675,2155
1220304285,450,32,0,0,9,2005.0,5,Λεωφόρος Πατησίων - Λεωφόρος Αχαρνών (Αθήνα - Κέντρο),Αθήνα - Κέντρο (Αττική),38.010101,23.732479,1,0,1,2.0,14.06,21.0,412,1768,3655,1976
1220129152,690,52,1,1,9,1973.0,7,Γκύζη - Πεδίον Άρεως (Αθήνα - Κέντρο),Αθήνα - Κέντρο (Αττική),37.993752,23.749201,1,1,0,1.0,13.27,53.0,997,1482,1658,1200
1220002109,900,80,2,1,4,2025.0,5,Γκύζη - Πεδίον Άρεως (Αθήνα - Κέντρο),Αθήνα - Κέντρο (Αττική),37.99131,23.741144,0,1,0,2.0,11.25,1.0,1396,839,1781,504
1220499405,690,50,1,1,9,1960.0,8,Γκύζη - Πεδίον Άρεως (Αθήνα - Κέντρο),Αθήνα - Κέντρο (Αττική),37.993279,23.749306,1,1,0,4.0,13.8,66.0,953,1494,1626,1204
1220072926,800,80,2,1,4,1973.0,7,Γκύζη - Πεδίον Άρεως (Αθήνα - Κέντρο),Αθήνα - Κέντρο (Αττική),37.991169,23.74172,0,1,0,2.0,10.0,53.0,1415,892,1751,556
1220440071,1100,98,3,1,8,1975.0,5,Γκύζη - Πεδίον Άρεως (Αθήνα - Κέντρο),Αθήνα - Κέντρο (Αττική),37.990707,23.74765,1,1,1,4.0,11.22,51.0,911,1400,1631,1068
1218285787,590,22,0,1,9,2025.0,1,Γκύζη - Πεδίον Άρεως (Αθήνα - Κέντρο),Αθήνα - Κέντρο (Αττική),37.989891,23.74964,1,0,1,4.0,26.82,1.0,714,1593,1436,1067
1220274811,530,72,2,1,7,1970.0,9,Γκύζη - Πεδίον Άρεως (Αθήνα - Κέντρο),Αθήνα - Κέντρο (Αττική),37.99271,23.74699,1,0,0,Άγνωστο,7.36,56.0,1071,1298,1773,998
1219978957,490,40,1,1,1,1970.0,7,Γκύζη - Πεδίον Άρεως (Αθήνα - Κέντρο),Αθήνα - Κέντρο (Αττική),37.992493,23.743397,0,1,0,4.0,12.25,56.0,1332,991,1862,683
1219850236,400,25,1,1,4,1965.0,8,Γκύζη - Πεδίον Άρεως (Αθήνα - Κέντρο),Αθήνα - Κέντρο (Αττική),37.989273,23.750555,1,1,0,4.0,16.0,61.0,614,1691,1339,1057
1218393131,760,50,1,1,4,2024.0,2,Γκύζη - Πεδίον Άρεως (Αθήνα - Κέντρο),Αθήνα - Κέντρο (Αττική),37.995113,23.746756,1,1,0,13.0,15.2,2.0,1256,1271,1885,1020
1220463809,950,82,2,1,11,2008.0,4,Γκύζη - Πεδίον Άρεως (Αθήνα - Κέντρο),Αθήνα - Κέντρο (Αττική),37.991108,23.750519,1,0,0,2.0,11.59,18.0,715,1633,1417,1222
1219517507,550,27,1,1,4,1975.0,5,Γκύζη - Πεδίον Άρεως (Αθήνα - Κέντρο),Αθήνα - Κέντρο (Αττική),37.991241,23.750748,1,1,1,4.0,20.37,51.0,708,1650,1405,1246
1219932878,600,85,2,1,4,1967.0,8,Γκύζη - Πεδίον Άρεως (Αθήνα - Κέντρο),Αθήνα - Κέντρο (Αττική),37.990398,23.748949,1,0,0,Άγνωστο,7.06,59.0,793,1519,1513,1085
1220406345,980,76,2,1,6,2025.0,2,Γκύζη - Πεδίον Άρεως (Αθήνα - Κέντρο),Αθήνα - Κέντρο (Αττική),37.991005,23.75227,1,0,0,2.0,12.89,1.0,591,1786,1275,1301
1220413559,650,90,2,1,6,1970.0,7,Γκύζη - Πεδίον Άρεως (Αθήνα - Κέντρο),Αθήνα - Κέντρο (Αττική),37.993183,23.744854,1,0,0,4.0,7.22,56.0,1257,1106,1921,814
1218004973,780,78,2,1,6,1987.0,6,Γκύζη - Πεδίον Άρεως (Αθήνα - Κέντρο),Αθήνα - Κέντρο (Αττική),37.990761,23.745251,1,1,1,1.0,10.0,39.0,1107,1198,1649,868
1219788265,1000,96,3,1,3,1970.0,4,Γκύζη - Πεδίον Άρεως (Αθήνα - Κέντρο),Αθήνα - Κέντρο (Αττική),37.992702,23.748678,0,1,0,4.0,10.42,56.0,952,1445,1642,1146
1219253999,750,75,1,1,6,1970.0,8,Γκύζη - Πεδίον Άρεως (Αθήνα - Κέντρο),Αθήνα - Κέντρο (Αττική),37.989952,23.747702,1,0,0,1.0,10.0,56.0,875,1430,1552,992
1220451290,600,55,1,1,11,1980.0,5,Γκύζη - Πεδίον Άρεως (Αθήνα - Κέντρο),Αθήνα - Κέντρο (Αττική),37.99153537068965,23.746245982758623,1,1,0,Άγνωστο,10.91,46.0,1061,1258,1729,939
1219569339,1100,139,3,1,9,1975.0,5,Γκύζη - Πεδίον Άρεως (Αθήνα - Κέντρο),Αθήνα - Κέντρο (Αττική),37.991245,23.752539,1,1,1,Άγνωστο,7.91,51.0,593,1804,1267,1337
1220295765,650,78,2,1,10,1976.0,8,Γκύζη - Πεδίον Άρεως (Αθήνα - Κέντρο),Αθήνα - Κέντρο (Αττική),37.992016,23.749641,1,1,0,1.0,8.33,50.0,838,1539,1531,1232
1220121901,680,88,2,1,6,1970.0,8,Γκύζη - Πεδίον Άρεως (Αθήνα - Κέντρο),Αθήνα - Κέντρο (Αττική),37.991081,23.747225,1,0,1,4.0,7.73,56.0,962,1353,1677,1031
1220292968,600,30,1,1,9,1967.0,6,Γκύζη - Πεδίον Άρεως (Αθήνα - Κέντρο),Αθήνα - Κέντρο (Αττική),37.992439,23.742716,1,0,0,1.0,20.0,59.0,1384,934,1868,624
1220429099,1000,107,2,1,8,1981.0,5,Γκύζη - Πεδίον Άρεως (Αθήνα - Κέντρο),Αθήνα - Κέντρο (Αττική),37.990074,23.745947,1,1,0,1.0,9.35,45.0,1025,1281,1568,946
1216310308,430,34,1,1,4,1970.0,6,Γκύζη - Πεδίον Άρεως (Αθήνα - Κέντρο),Αθήνα - Κέντρο (Αττική),37.993359,23.74634,1,1,0,1.0,12.65,56.0,1159,1234,1857,946
1220414143,530,55,1,1,4,1970.0,7,Γκύζη - Πεδίον Άρεως (Αθήνα - Κέντρο),Αθήνα - Κέντρο (Αττική),37.99004,23.744385,1,1,0,2.0,9.64,56.0,1155,1156,1579,817
1220271726,650,77,2,1,7,1970.0,6,Γκύζη - Πεδίον Άρεως (Αθήνα - Κέντρο),Αθήνα - Κέντρο (Αττική),37.994591,23.746494,1,1,0,1.0,8.44,56.0,1233,1245,1902,983
1220143870,800,85,2,1,10,1970.0,6,Γκύζη - Πεδίον Άρεως (Αθήνα - Κέντρο),Αθήνα - Κέντρο (Αττική),37.992821,23.74786,1,1,0,1.0,9.41,56.0,1016,1372,1711,1075
1219798902,650,28,1,1,8,1970.0,7,Γκύζη - Πεδίον Άρεως (Αθήνα - Κέντρο),Αθήνα - Κέντρο (Αττική),37.992569,23.747356,1,1,0,4.0,23.21,56.0,1036,1332,1737,1030
1220311292,430,34,1,1,7,1964.0,9,Γκύζη - Πεδίον Άρεως (Αθήνα - Κέντρο),Αθήνα - Κέντρο (Αττική),37.992744,23.74785,1,1,1,2.0,12.65,62.0,1012,1372,1708,1074
1219833898,730,77,2,1,4,1970.0,4,Γκύζη - Πεδίον Άρεως (Αθήνα - Κέντρο),Αθήνα - Κέντρο (Αττική),37.988972,23.750299,1,1,0,2.0,9.48,56.0,624,1681,1350,1017
1219556135,800,88,2,1,7,1967.0,9,Γκύζη - Πεδίον Άρεως (Αθήνα - Κέντρο),Αθήνα - Κέντρο (Αττική),37.990383,23.74367,1,1,1,1.0,9.09,59.0,1226,1083,1627,745
1220498556,850,60,2,1,9,1975.0,10,Γκύζη - Πεδίον Άρεως (Αθήνα - Κέντρο),Αθήνα - Κέντρο (Αττική),37.991299,23.751432,1,1,1,4.0,14.17,51.0,667,1707,1355,1284
1220329581,800,51,1,1,7,1980.0,3,Γκύζη - Πεδίον Άρεως (Αθήνα - Κέντρο),Αθήνα - Κέντρο (Αττική),37.990303,23.746557,1,1,0,1.0,15.69,46.0,982,1322,1591,991
1220476371,600,50,1,1,7,1970.0,10,Γκύζη - Πεδίον Άρεως (Αθήνα - Κέντρο),Αθήνα - Κέντρο (Αττική),37.989929,23.744932,1,1,0,Άγνωστο,12.0,56.0,1106,1205,1560,866
1219799555,650,28,1,1,8,1970.0,6,Γκύζη - Πεδίον Άρεως (Αθήνα - Κέντρο),Αθήνα - Κέντρο (Αττική),37.992561,23.747883,1,1,0,2.0,23.21,56.0,997,1378,1696,1076
1220334030,1000,100,3,1,10,1994.0,5,Γκύζη - Πεδίον Άρεως (Αθήνα - Κέντρο),Αθήνα - Κέντρο (Αττική),37.991726,23.747551,1,1,0,1.0,10.0,32.0,971,1364,1682,1051
1216757010,680,65,1,1,3,1967.0,6,Γκύζη - Πεδίον Άρεως (Αθήνα - Κέντρο),Αθήνα - Κέντρο (Αττική),37.991901,23.741079,0,0,0,1.0,10.46,59.0,1430,811,1845,485
1220109280,800,80,2,2,3,1970.0,8,Γκύζη - Πεδίον Άρεως (Αθήνα - Κέντρο),Αθήνα - Κέντρο (Αττική),37.991405,23.744211,0,1,0,2.0,10.0,56.0,1218,1089,1732,764
1219996372,520,48,1,1,6,1965.0,9,Γκύζη - Πεδίον Άρεως (Αθήνα - Κέντρο),Αθήνα - Κέντρο (Αττική),37.991783,23.748236,1,0,0,2.0,10.83,61.0,923,1422,1630,1110
1219945866,850,77,2,1,6,1980.0,2,Γκύζη - Πεδίον Άρεως (Αθήνα - Κέντρο),Αθήνα - Κέντρο (Αττική),37.990093,23.750072,1,1,1,1.0,11.04,46.0,690,1623,1409,1106
1218700989,750,90,2,1,4,1950.0,8,Γκύζη - Πεδίον Άρεως (Αθήνα - Κέντρο),Αθήνα - Κέντρο (Αττική),37.989979,23.745712,0,1,0,4.0,8.33,76.0,1042,1266,1559,929
1220379025,750,92,2,1,8,1970.0,2,Γκύζη - Πεδίον Άρεως (Αθήνα - Κέντρο),Αθήνα - Κέντρο (Αττική),37.99329,23.747833,1,0,0,1.0,8.15,56.0,1050,1365,1738,1076
1220342438,890,104,5,1,8,1971.0,4,Γκύζη - Πεδίον Άρεως (Αθήνα - Κέντρο),Αθήνα - Κέντρο (Αττική),37.992428,23.750399,1,1,1,2.0,8.56,55.0,819,1598,1495,1297
1220433223,950,77,2,1,6,2024.0,1,Γκύζη - Πεδίον Άρεως (Αθήνα - Κέντρο),Αθήνα - Κέντρο (Αττική),37.989536,23.751289,1,0,0,2.0,12.34,2.0,567,1743,1287,1120
1220392246,880,90,2,1,6,2007.0,4,Γκύζη - Πεδίον Άρεως (Αθήνα - Κέντρο),Αθήνα - Κέντρο (Αττική),37.991001,23.75131,1,0,1,2.0,9.78,19.0,653,1703,1350,1251
1219675159,600,56,1,1,7,1979.0,7,Γκύζη - Πεδίον Άρεως (Αθήνα - Κέντρο),Αθήνα - Κέντρο (Αττική),37.994965,23.746286,1,0,0,1.0,10.71,47.0,1275,1229,1924,976
1218302132,850,78,2,1,6,1995.0,7,Γκύζη - Πεδίον Άρεως (Αθήνα - Κέντρο),Αθήνα - Κέντρο (Αττική),37.989433,23.749363,1,1,0,1.0,10.9,31.0,718,1586,1444,1011
1220480179,750,92,2,1,8,1970.0,2,Γκύζη - Πεδίον Άρεως (Αθήνα - Κέντρο),Αθήνα - Κέντρο (Αττική),37.992874,23.746822,1,0,0,1.0,8.15,56.0,1093,1281,1794,984
1220324050,480,49,1,1,8,1973.0,7,Γκύζη - Πεδίον Άρεως (Αθήνα - Κέντρο),Αθήνα - Κέντρο (Αττική),37.99136,23.744661,0,0,0,2.0,9.8,53.0,1180,1128,1721,804
1220152149,1000,86,2,1,8,1955.0,6,Γκύζη - Πεδίον Άρεως (Αθήνα - Κέντρο),Αθήνα - Κέντρο (Αττική),37.991634,23.732677,1,1,0,2.0,11.63,71.0,929,287,2149,274
1219935024,800,64,1,1,6,1967.0,7,Γκύζη - Πεδίον Άρεως (Αθήνα - Κέντρο),Αθήνα - Κέντρο (Αττική),37.990204,23.746986,1,1,1,1.0,12.5,59.0,943,1362,1579,995
1218905963,900,68,1,1,9,2007.0,5,Γκύζη - Πεδίον Άρεως (Αθήνα - Κέντρο),Αθήνα - Κέντρο (Αττική),37.992958,23.751251,1,0,1,1.0,13.24,19.0,812,1666,1464,1372
1220460478,950,75,2,0,6,2024.0,3,Γκύζη - Πεδίον Άρεως (Αθήνα - Κέντρο),Αθήνα - Κέντρο (Αττική),37.990189,23.750853,1,0,0,2.0,12.67,2.0,635,1686,1349,1154
1219092839,700,102,2,2,3,1937.0,7,Γκύζη - Πεδίον Άρεως (Αθήνα - Κέντρο),Αθήνα - Κέντρο (Αττική),37.991219,23.734737,1,0,0,2.0,6.86,89.0,982,394,2009,161
1220274219,680,65,1,1,3,1967.0,10,Γκύζη - Πεδίον Άρεως (Αθήνα - Κέντρο),Αθήνα - Κέντρο (Αττική),37.991474,23.740496,0,0,0,2.0,10.46,59.0,1361,780,1815,444
1220396346,880,90,2,1,6,2007.0,8,Γκύζη - Πεδίον Άρεως (Αθήνα - Κέντρο),Αθήνα - Κέντρο (Αττική),37.991196,23.751348,1,0,0,2.0,9.78,19.0,665,1702,1356,1270
1220261713,880,85,2,1,10,1980.0,7,Γκύζη - Πεδίον Άρεως (Αθήνα - Κέντρο),Αθήνα - Κέντρο (Αττική),37.992847,23.746038,1,1,0,Άγνωστο,10.35,46.0,1149,1213,1855,916
1220216110,700,40,1,1,3,1950.0,8,Γκύζη - Πεδίον Άρεως (Αθήνα - Κέντρο),Αθήνα - Κέντρο (Αττική),37.991917,23.747957,0,1,1,Άγνωστο,17.5,76.0,952,1395,1658,1085
1220216055,700,42,1,1,3,1950.0,8,Γκύζη - Πεδίον Άρεως (Αθήνα - Κέντρο),Αθήνα - Κέντρο (Αττική),37.991917,23.747957,1,1,1,Άγνωστο,16.67,76.0,952,1395,1658,1085
1220428976,650,82,4,1,3,1963.0,7,Γκύζη - Πεδίον Άρεως (Αθήνα - Κέντρο),Αθήνα - Κέντρο (Αττική),37.991039,23.749073,0,0,0,4.0,7.93,63.0,817,1511,1529,1153
1220135251,1050,100,2,1,6,1936.0,9,Γκύζη - Πεδίον Άρεως (Αθήνα - Κέντρο),Αθήνα - Κέντρο (Αττική),37.995487,23.732571,1,0,0,2.0,10.5,90.0,958,145,2513,425
1219624361,650,77,2,2,7,1980.0,6,Γκύζη - Πεδίον Άρεως (Αθήνα - Κέντρο),Αθήνα - Κέντρο (Αττική),37.99358,23.745115,1,0,0,1.0,8.44,46.0,1261,1125,1963,842
1220286824,900,72,2,2,8,1970.0,5,Γκύζη - Πεδίον Άρεως (Αθήνα - Κέντρο),Αθήνα - Κέντρο (Αττική),37.99152,23.739513,1,1,1,2.0,12.5,56.0,1297,699,1849,360
1219891282,1100,70,1,1,8,1962.0,8,Γκύζη - Πεδίον Άρεως (Αθήνα - Κέντρο),Αθήνα - Κέντρο (Αττική),37.99091,23.740688,1,1,0,1.0,15.71,64.0,1338,821,1751,480
1220389250,600,50,1,1,8,1975.0,8,Γκύζη - Πεδίον Άρεως (Αθήνα - Κέντρο),Αθήνα - Κέντρο (Αττική),37.991852,23.742714,1,0,1,1.0,12.0,51.0,1359,949,1804,628
1219635467,650,77,2,2,7,1980.0,6,Γκύζη - Πεδίον Άρεως (Αθήνα - Κέντρο),Αθήνα - Κέντρο (Αττική),37.993404,23.74596,1,1,0,1.0,8.44,46.0,1189,1200,1889,913
1220293676,730,49,1,1,9,1970.0,7,Γκύζη - Πεδίον Άρεως (Αθήνα - Κέντρο),Αθήνα - Κέντρο (Αττική),37.990742,23.738525,1,1,1,2.0,14.9,56.0,1175,667,1803,322
1220215443,650,37,1,1,3,1950.0,8,Γκύζη - Πεδίον Άρεως (Αθήνα - Κέντρο),Αθήνα - Κέντρο (Αττική),37.991917,23.747957,0,1,1,Άγνωστο,17.57,76.0,952,1395,1658,1085
1219332569,650,66,0,1,3,1975.0,6,Γκύζη - Πεδίον Άρεως (Αθήνα - Κέντρο),Αθήνα - Κέντρο (Αττική),37.990997,23.739462,0,0,1,2.0,9.85,51.0,1257,722,1797,377
1220379220,950,99,2,1,8,1970.0,6,Γκύζη - Πεδίον Άρεως (Αθήνα - Κέντρο),Αθήνα - Κέντρο (Αττική),37.990093,23.742573,0,0,0,2.0,9.6,56.0,1310,1009,1617,667
1220389686,750,92,2,1,8,1970.0,2,Γκύζη - Πεδίον Άρεως (Αθήνα - Κέντρο),Αθήνα - Κέντρο (Αττική),37.993347,23.746346,1,1,0,1.0,8.15,56.0,1158,1235,1856,946
1220215791,650,37,1,1,3,1950.0,8,Γκύζη - Πεδίον Άρεως (Αθήνα - Κέντρο),Αθήνα - Κέντρο (Αττική),37.991917,23.747957,0,1,1,Άγνωστο,17.57,76.0,952,1395,1658,1085
1220402410,1100,100,3,1,9,1975.0,8,Γκύζη - Πεδίον Άρεως (Αθήνα - Κέντρο),Αθήνα - Κέντρο (Αττική),37.990891,23.750946,1,0,0,Άγνωστο,11.0,51.0,671,1675,1373,1223
1220439134,600,38,1,1,8,2010.0,2,Γκύζη - Πεδίον Άρεως (Αθήνα - Κέντρο),Αθήνα - Κέντρο (Αττική),37.990231,23.74604,1,1,0,2.0,15.79,16.0,1023,1282,1585,949
1220068174,690,53,1,1,6,1981.0,5,Γκύζη - Πεδίον Άρεως (Αθήνα - Κέντρο),Αθήνα - Κέντρο (Αττική),37.991428,23.748976,1,1,0,Άγνωστο,13.02,45.0,847,1493,1555,1178
1220061796,750,94,2,1,7,1970.0,8,Γκύζη - Πεδίον Άρεως (Αθήνα - Κέντρο),Αθήνα - Κέντρο (Αττική),37.991344,23.746687,1,0,0,2.0,7.98,56.0,1017,1300,1707,980
1220374830,600,55,1,1,7,1975.0,8,Γκύζη - Πεδίον Άρεως (Αθήνα - Κέντρο),Αθήνα - Κέντρο (Αττική),37.989025,23.749449,1,0,0,1.0,10.91,51.0,697,1609,1424,977
1218952237,700,89,2,1,7,1970.0,8,Γκύζη - Πεδίον Άρεως (Αθήνα - Κέντρο),Αθήνα - Κέντρο (Αττική),37.990784,23.742113,1,0,0,1.0,7.87,56.0,1369,940,1701,602
1220099021,650,77,2,1,7,1980.0,6,Γκύζη - Πεδίον Άρεως (Αθήνα - Κέντρο),Αθήνα - Κέντρο (Αττική),37.994232,23.745874,1,0,0,1.0,8.44,46.0,1250,1189,1939,921
1220291045,590,61,1,1,3,1970.0,6,Γκύζη - Πεδίον Άρεως (Αθήνα - Κέντρο),Αθήνα - Κέντρο (Αττική),37.993446,23.745882,0,1,0,4.0,9.67,56.0,1197,1193,1897,907
1218074299,800,100,2,1,8,1970.0,9,Γκύζη - Πεδίον Άρεως (Αθήνα - Κέντρο),Αθήνα - Κέντρο (Αττική),37.992558,23.748579,1,0,0,1.0,8.0,56.0,948,1438,1642,1137
1220296325,750,94,2,1,7,1970.0,7,Γκύζη - Πεδίον Άρεως (Αθήνα - Κέντρο),Αθήνα - Κέντρο (Αττική),37.99044,23.745754,1,1,0,2.0,7.98,56.0,1054,1251,1610,919
1220135157,750,72,2,1,9,1976.0,8,Γκύζη - Πεδίον Άρεως (Αθήνα - Κέντρο),Αθήνα - Κέντρο (Αττική),37.989902,23.749287,1,0,1,Άγνωστο,10.42,50.0,743,1563,1466,1051
1220433450,1100,80,2,1,7,1975.0,6,Γκύζη - Πεδίον Άρεως (Αθήνα - Κέντρο),Αθήνα - Κέντρο (Αττική),37.9902,23.74218,1,1,1,2.0,13.75,51.0,1347,973,1637,631
1219829163,800,72,1,1,8,1965.0,10,Γκύζη - Πεδίον Άρεως (Αθήνα - Κέντρο),Αθήνα - Κέντρο (Αττική),37.990509,23.741898,1,0,1,1.0,11.11,61.0,1379,936,1677,595
1218477090,500,40,1,1,3,1975.0,9,Γκύζη - Πεδίον Άρεως (Αθήνα - Κέντρο),Αθήνα - Κέντρο (Αττική),37.99131,23.738344,1,0,0,2.0,12.5,51.0,1204,620,1867,274
1220296680,600,50,1,1,8,1975.0,8,Γκύζη - Πεδίον Άρεως (Αθήνα - Κέντρο),Αθήνα - Κέντρο (Αττική),37.990822,23.741692,1,1,1,1.0,12.0,51.0,1406,905,1715,566
1219806609,800,72,1,1,8,1960.0,8,Γκύζη - Πεδίον Άρεως (Αθήνα - Κέντρο),Αθήνα - Κέντρο (Αττική),37.990925,23.741373,1,0,1,1.0,11.11,66.0,1389,875,1734,535
1219568420,800,105,2,1,6,1970.0,6,Γκύζη - Πεδίον Άρεως (Αθήνα - Κέντρο),Αθήνα - Κέντρο (Αττική),37.993835,23.752451,0,0,0,1.0,7.62,56.0,833,1766,1374,1484
1220047241,800,70,2,1,8,1975.0,5,Γκύζη - Πεδίον Άρεως (Αθήνα - Κέντρο),Αθήνα - Κέντρο (Αττική),37.992195,23.734169,1,1,0,4.0,11.43,51.0,1046,277,2128,130
1220317011,750,50,1,1,3,1980.0,10,Γκύζη - Πεδίον Άρεως (Αθήνα - Κέντρο),Αθήνα - Κέντρο (Αττική),37.990723,23.746607,0,1,0,Άγνωστο,15.0,46.0,995,1312,1638,985
1219519748,750,75,2,1,6,1970.0,7,Γκύζη - Πεδίον Άρεως (Αθήνα - Κέντρο),Αθήνα - Κέντρο (Αττική),37.990135,23.751022,0,0,0,1.0,10.0,56.0,619,1702,1333,1158
1219657560,650,55,1,1,3,1975.0,6,Γκύζη - Πεδίον Άρεως (Αθήνα - Κέντρο),Αθήνα - Κέντρο (Αττική),37.991848,23.750935,0,0,1,1.0,11.82,51.0,740,1654,1423,1311
1219926876,640,53,1,1,7,1978.0,6,Γκύζη - Πεδίον Άρεως (Αθήνα - Κέντρο),Αθήνα - Κέντρο (Αττική),37.992191,23.74658,1,1,0,2.0,12.08,48.0,1070,1271,1781,963
1220287837,680,65,1,1,4,1975.0,6,Γκύζη - Πεδίον Άρεως (Αθήνα - Κέντρο),Αθήνα - Κέντρο (Αττική),37.99118,23.739012,0,1,0,2.0,10.46,51.0,1239,677,1831,333
1220491044,500,48,1,1,7,1968.0,2,Γκύζη - Πεδίον Άρεως (Αθήνα - Κέντρο),Αθήνα - Κέντρο (Αττική),37.991772,23.74856,1,1,0,2.0,10.42,58.0,899,1450,1604,1139
1220487051,550,51,1,1,3,1955.0,6,Γκύζη - Πεδίον Άρεως (Αθήνα - Κέντρο),Αθήνα - Κέντρο (Αττική),37.990803,23.749811,0,1,0,4.0,10.78,71.0,748,1580,1459,1161
1220265946,550,30,1,1,11,1975.0,8,Γκύζη - Πεδίον Άρεως (Αθήνα - Κέντρο),Αθήνα - Κέντρο (Αττική),37.989342,23.749468,1,1,0,4.0,18.33,51.0,706,1599,1432,1007
1220437566,450,30,1,1,10,1970.0,9,Γκύζη - Πεδίον Άρεως (Αθήνα - Κέντρο),Αθήνα - Κέντρο (Αττική),37.992748,23.750601,1,0,1,4.0,15.0,56.0,831,1612,1499,1315
1220240801,900,70,2,1,7,2008.0,6,Γκύζη - Πεδίον Άρεως (Αθήνα - Κέντρο),Αθήνα - Κέντρο (Αττική),37.989487,23.751612,1,0,0,1.0,12.86,18.0,539,1772,1259,1135
1220351631,700,62,0,1,3,1970.0,9,Γκύζη - Πεδίον Άρεως (Αθήνα - Κέντρο),Αθήνα - Κέντρο (Αττική),37.990921,23.740654,1,0,0,2.0,11.29,56.0,1336,818,1753,476
1220504606,500,35,1,1,3,2004.0,5,Γκύζη - Πεδίον Άρεως (Αθήνα - Κέντρο),Αθήνα - Κέντρο (Αττική),37.993874,23.753754,0,0,0,2.0,14.29,22.0,788,1880,1261,1598
1219892645,600,65,1,1,9,1968.0,8,Γκύζη - Πεδίον Άρεως (Αθήνα - Κέντρο),Αθήνα - Κέντρο (Αττική),37.991882,23.75028,1,0,0,Άγνωστο,9.23,58.0,785,1597,1475,1286
1219649937,680,65,1,1,4,1968.0,6,Γκύζη - Πεδίον Άρεως (Αθήνα - Κέντρο),Αθήνα - Κέντρο (Αττική),37.992004,23.740179,0,1,0,2.0,10.46,58.0,1376,732,1880,405
1220182641,750,72,2,1,9,1980.0,8,Γκύζη - Πεδίον Άρεως (Αθήνα - Κέντρο),Αθήνα - Κέντρο (Αττική),37.990074,23.748747,0,1,1,4.0,10.42,46.0,794,1513,1517,1045
1219673987,600,43,1,1,8,1970.0,5,Γκύζη - Πεδίον Άρεως (Αθήνα - Κέντρο),Αθήνα - Κέντρο (Αττική),37.991268,23.748816,1,0,0,2.0,13.95,56.0,850,1484,1560,1166
1220156282,690,60,1,1,7,2002.0,5,Γκύζη - Πεδίον Άρεως (Αθήνα - Κέντρο),Αθήνα - Κέντρο (Αττική),37.990543,23.743681,1,0,1,4.0,11.5,24.0,1230,1077,1645,741
1220259495,650,53,1,1,6,1981.0,5,Γκύζη - Πεδίον Άρεως (Αθήνα - Κέντρο),Αθήνα - Κέντρο (Αττική),37.991116,23.745871,1,1,0,4.0,12.26,45.0,1072,1238,1684,913
1220342261,500,23,1,1,2,1970.0,9,Γκύζη - Πεδίον Άρεως (Αθήνα - Κέντρο),Αθήνα - Κέντρο (Αττική),37.990219,23.749224,1,1,1,2.0,21.74,56.0,763,1548,1483,1079
1219934664,1000,90,2,1,7,1967.0,9,Γκύζη - Πεδίον Άρεως (Αθήνα - Κέντρο),Αθήνα - Κέντρο (Αττική),37.992035,23.745651,1,0,0,2.0,11.11,59.0,1133,1194,1788,882
1220480047,820,75,0,0,7,1976.0,9,Γκύζη - Πεδίον Άρεως (Αθήνα - Κέντρο),Αθήνα - Κέντρο (Αττική),37.989342,23.751328,1,1,0,2.0,10.93,50.0,554,1753,1277,1106
1220290006,850,78,2,1,8,1966.0,8,Γκύζη - Πεδίον Άρεως (Αθήνα - Κέντρο),Αθήνα - Κέντρο (Αττική),37.992062,23.743231,1,1,1,2.0,10.9,60.0,1326,987,1818,670
1219823885,800,96,2,1,10,1966.0,8,Γκύζη - Πεδίον Άρεως (Αθήνα - Κέντρο),Αθήνα - Κέντρο (Αττική),37.99284,23.732178,1,0,1,4.0,8.33,60.0,998,152,2284,302
1220349149,740,89,2,1,7,1970.0,7,Γκύζη - Πεδίον Άρεως (Αθήνα - Κέντρο),Αθήνα - Κέντρο (Αττική),37.99147,23.752768,1,0,0,1.0,8.31,56.0,599,1819,1263,1369
1220499356,950,73,2,1,7,1975.0,7,Νέος Κόσμος (Αθήνα - Κέντρο),Αθήνα - Κέντρο (Αττική),37.960808,23.728085,1,1,0,4.0,13.01,51.0,339,965,2373,1598
1220507697,790,83,2,1,7,1963.0,8,Δάφνη (Αθήνα - Νότια Προάστια),Αθήνα - Νότια Προάστια (Αττική),37.947258,23.729658,0,1,0,1.0,9.52,63.0,791,1812,3543,1369
1219806813,690,73,2,1,8,1970.0,9,Νέος Κόσμος (Αθήνα - Κέντρο),Αθήνα - Κέντρο (Αττική),37.965889,23.732185,1,0,0,2.0,9.45,56.0,448,1466,1724,930
1220085629,700,95,2,1,6,1965.0,5,Δάφνη (Αθήνα - Νότια Προάστια),Αθήνα - Νότια Προάστια (Αττική),37.948795,23.73324,0,1,0,1.0,7.37,61.0,447,1900,3260,1709
1220425573,540,42,1,1,6,1977.0,9,Νέος Κόσμος (Αθήνα - Κέντρο),Αθήνα - Κέντρο (Αττική),37.959171,23.73024,1,0,1,2.0,12.86,49.0,204,1158,2385,1682
1218386259,700,60,1,1,4,1978.0,7,Νέος Κόσμος (Αθήνα - Κέντρο),Αθήνα - Κέντρο (Αττική),37.959221,23.732809,0,1,0,2.0,11.67,48.0,393,1382,2247,1610
1220469774,750,60,2,1,10,2014.0,1,Νέος Κόσμος (Αθήνα - Κέντρο),Αθήνα - Κέντρο (Αττική),37.963291,23.729971,1,1,0,2.0,12.5,12.0,317,1180,2062,1276
1220419102,700,50,1,1,8,1978.0,1,Νέος Κόσμος (Αθήνα - Κέντρο),Αθήνα - Κέντρο (Αττική),37.958939,23.730881,1,1,1,Άγνωστο,14.0,48.0,229,1216,2371,1687
1220290745,950,82,2,2,8,1973.0,2,Δάφνη (Αθήνα - Νότια Προάστια),Αθήνα - Νότια Προάστια (Αττική),37.954189,23.738997,1,1,0,13.0,11.59,53.0,547,2033,2527,1841
1220183654,900,76,2,1,3,1970.0,5,Νέος Κόσμος (Αθήνα - Κέντρο),Αθήνα - Κέντρο (Αττική),37.95784,23.726505,0,0,0,4.0,11.84,56.0,192,865,2709,1746
1219813456,700,85,2,1,3,1980.0,7,Δάφνη (Αθήνα - Νότια Προάστια),Αθήνα - Νότια Προάστια (Αττική),37.951382,23.73624,0,0,0,Άγνωστο,8.24,46.0,294,1944,2898,2040
1220278149,750,70,2,1,6,1970.0,4,Νέος Κόσμος (Αθήνα - Κέντρο),Αθήνα - Κέντρο (Αττική),37.959171,23.735661,1,1,0,Άγνωστο,10.71,56.0,629,1631,2123,1489
1217402702,640,28,0,1,10,2023.0,1,Νέος Κόσμος (Αθήνα - Κέντρο),Αθήνα - Κέντρο (Αττική),37.957409,23.726681,1,0,1,4.0,22.86,3.0,182,895,2734,1718
1219946035,1000,80,2,2,3,1985.0,6,Δάφνη (Αθήνα - Νότια Προάστια),Αθήνα - Νότια Προάστια (Αττική),37.953369,23.736868,0,0,1,Άγνωστο,12.5,41.0,470,1892,2672,1995
1220279582,880,88,2,1,12,2004.0,5,Νέος Κόσμος (Αθήνα - Κέντρο),Αθήνα - Κέντρο (Αττική),37.954903,23.715855,1,0,0,1.0,10.0,22.0,1171,599,3606,1056
1215663739,550,31,1,1,2,1978.0,10,Νέος Κόσμος (Αθήνα - Κέντρο),Αθήνα - Κέντρο (Αττική),37.958839,23.7321,0,1,1,4.0,17.74,48.0,320,1324,2317,1667
1220488420,500,38,1,1,11,1978.0,3,Νέος Κόσμος (Αθήνα - Κέντρο),Αθήνα - Κέντρο (Αττική),37.958981,23.72312,0,1,1,Άγνωστο,13.16,48.0,507,545,2828,1691
1218367468,850,70,2,1,8,1978.0,10,Νέος Κόσμος (Αθήνα - Κέντρο),Αθήνα - Κέντρο (Αττική),37.962181,23.725121,1,1,1,Άγνωστο,12.14,48.0,293,737,2464,1622
1218063085,680,38,1,0,9,1975.0,10,Νέος Κόσμος (Αθήνα - Κέντρο),Αθήνα - Κέντρο (Αττική),37.960529,23.731291,0,0,1,Άγνωστο,17.89,51.0,379,1245,2209,1509
1220271573,650,40,1,1,3,2005.0,7,Δάφνη (Αθήνα - Νότια Προάστια),Αθήνα - Νότια Προάστια (Αττική),37.954189,23.73707,1,1,1,Άγνωστο,16.25,21.0,554,1874,2580,1904
1220311995,980,80,2,1,8,2008.0,6,Νέος Κόσμος (Αθήνα - Κέντρο),Αθήνα - Κέντρο (Αττική),37.955723,23.720125,1,0,0,1.0,12.25,18.0,786,564,3267,1250
1220358134,900,73,2,0,7,1977.0,5,Νέος Κόσμος (Αθήνα - Κέντρο),Αθήνα - Κέντρο (Αττική),37.960388,23.731365,1,1,1,2.0,12.33,49.0,371,1251,2217,1521
1219836358,440,40,1,1,8,1985.0,6,Νέος Κόσμος (Αθήνα - Κέντρο),Αθήνα - Κέντρο (Αττική),37.958977,23.724924,1,0,0,1.0,11.0,41.0,356,699,2713,1769
1219752160,780,114,2,1,6,1995.0,6,Δάφνη (Αθήνα - Νότια Προάστια),Αθήνα - Νότια Προάστια (Αττική),37.951252,23.728943,0,0,0,1.0,6.84,31.0,728,1438,3179,1442
1219861424,950,100,2,1,9,1985.0,5,Νέος Κόσμος (Αθήνα - Κέντρο),Αθήνα - Κέντρο (Αττική),37.956242,23.71744,1,1,0,2.0,9.5,41.0,1002,441,3404,1228
1220319910,450,29,1,1,7,1975.0,6,Νέος Κόσμος (Αθήνα - Κέντρο),Αθήνα - Κέντρο (Αττική),37.953487,23.720566,1,1,0,Άγνωστο,15.52,51.0,859,806,3417,1049
1220147729,750,68,2,1,9,1978.0,7,Νέος Κόσμος (Αθήνα - Κέντρο),Αθήνα - Κέντρο (Αττική),37.953697,23.71854,1,0,0,Άγνωστο,11.03,48.0,1001,734,3524,988
1219452221,530,50,1,1,4,1980.0,6,Δάφνη (Αθήνα - Νότια Προάστια),Αθήνα - Νότια Προάστια (Αττική),37.955322,23.73827,0,1,1,2.0,10.6,46.0,670,1934,2426,1747
1219790546,900,64,2,2,8,1970.0,8,Νέος Κόσμος (Αθήνα - Κέντρο),Αθήνα - Κέντρο (Αττική),37.953739,23.72279,1,1,0,1.0,14.06,56.0,687,875,3266,1186
1219683268,800,64,2,2,4,1967.0,8,Νέος Κόσμος (Αθήνα - Κέντρο),Αθήνα - Κέντρο (Αττική),37.96204,23.72967,1,1,1,1.0,12.5,59.0,378,1121,2178,1411
1220491886,600,80,2,1,4,1978.0,6,Νέος Κόσμος (Αθήνα - Κέντρο),Αθήνα - Κέντρο (Αττική),37.954739,23.728388,0,0,1,1.0,7.5,48.0,341,1161,2877,1613
1220421784,900,65,2,1,3,2024.0,1,Νέος Κόσμος (Αθήνα - Κέντρο),Αθήνα - Κέντρο (Αττική),37.956379,23.727892,0,0,1,2.0,13.85,2.0,173,1037,2756,1704
1220362767,600,80,2,1,4,1978.0,6,Δάφνη (Αθήνα - Νότια Προάστια),Αθήνα - Νότια Προάστια (Αττική),37.954098,23.731478,0,0,1,Άγνωστο,7.5,48.0,478,1432,2794,1791
1220505656,550,35,1,1,3,1978.0,5,Νέος Κόσμος (Αθήνα - Κέντρο),Αθήνα - Κέντρο (Αττική),37.963276,23.72868,0,1,1,4.0,15.71,48.0,221,1071,2147,1337
1220430000,700,69,2,1,9,1978.0,6,Νέος Κόσμος (Αθήνα - Κέντρο),Αθήνα - Κέντρο (Αττική),37.952187,23.719362,1,0,0,1.0,10.14,48.0,1029,913,3595,870
1220397508,530,43,1,1,11,1975.0,8,Νέος Κόσμος (Αθήνα - Κέντρο),Αθήνα - Κέντρο (Αττική),37.95195,23.720106,1,0,1,2.0,12.33,51.0,995,954,3571,885
1219992649,800,116,3,0,6,2008.0,8,Νέος Κόσμος (Αθήνα - Κέντρο),Αθήνα - Κέντρο (Αττική),37.961452,23.726316,1,0,0,4.0,6.9,18.0,341,820,2436,1622
1220465703,800,110,2,1,8,1984.0,7,Νέος Κόσμος (Αθήνα - Κέντρο),Αθήνα - Κέντρο (Αττική),37.96516,23.732023,1,0,1,2.0,7.27,42.0,472,1420,1789,1009
1220446193,450,38,1,1,3,1975.0,2,Νέος Κόσμος (Αθήνα - Κέντρο),Αθήνα - Κέντρο (Αττική),37.956821,23.738173,0,1,0,4.0,11.84,51.0,836,1885,2272,1598
1220296745,700,67,2,1,6,1968.0,6,Νέος Κόσμος (Αθήνα - Κέντρο),Αθήνα - Κέντρο (Αττική),37.955055,23.719135,1,1,0,2.0,10.45,58.0,892,599,3381,1147
1220349214,1050,78,2,1,9,2022.0,3,Νέος Κόσμος (Αθήνα - Κέντρο),Αθήνα - Κέντρο (Αττική),37.957966,23.732849,1,0,0,2.0,13.46,4.0,364,1403,2363,1745
1220153776,500,37,1,1,3,1978.0,2,Νέος Κόσμος (Αθήνα - Κέντρο),Αθήνα - Κέντρο (Αττική),37.958981,23.72312,0,0,1,Άγνωστο,13.51,48.0,507,545,2828,1691
1220397333,850,97,3,1,9,1972.0,7,Νέος Κόσμος (Αθήνα - Κέντρο),Αθήνα - Κέντρο (Αττική),37.951126,23.722218,1,1,0,Άγνωστο,8.76,54.0,935,1104,3523,941
1220331279,660,45,1,1,9,2005.0,6,Νέος Κόσμος (Αθήνα - Κέντρο),Αθήνα - Κέντρο (Αττική),37.957912,23.724674,1,0,0,Άγνωστο,14.67,21.0,353,711,2812,1658
1220013012,750,82,2,1,7,1970.0,8,Νέος Κόσμος (Αθήνα - Κέντρο),Αθήνα - Κέντρο (Αττική),37.967236,23.730846,1,1,0,2.0,9.15,56.0,263,1437,1726,869
1220332628,1100,110,2,1,8,1960.0,5,Νέος Κόσμος (Αθήνα - Κέντρο),Αθήνα - Κέντρο (Αττική),37.955219,23.71538,0,1,1,13.0,10.0,66.0,1203,574,3615,1086
1220323669,900,100,2,1,10,1978.0,6,Νέος Κόσμος (Αθήνα - Κέντρο),Αθήνα - Κέντρο (Αττική),37.959583,23.728258,1,1,0,2.0,9.0,48.0,202,981,2462,1711
1220462425,1100,42,1,1,9,2026.0,1,Νέος Κόσμος (Αθήνα - Κέντρο),Αθήνα - Κέντρο (Αττική),37.963799,23.730133,1,0,1,4.0,26.19,0.0,311,1211,2013,1220
1220506515,1000,38,1,1,10,2026.0,1,Νέος Κόσμος (Αθήνα - Κέντρο),Αθήνα - Κέντρο (Αττική),37.963634,23.73015,1,0,1,4.0,26.32,0.0,317,1206,2024,1235
1220431411,640,42,1,1,9,1984.0,4,Νέος Κόσμος (Αθήνα - Κέντρο),Αθήνα - Κέντρο (Αττική),37.958141,23.735317,1,1,0,2.0,15.24,42.0,581,1613,2238,1599
1220315672,650,57,1,1,6,1978.0,6,Νέος Κόσμος (Αθήνα - Κέντρο),Αθήνα - Κέντρο (Αττική),37.960503,23.722795,0,1,1,4.0,11.4,48.0,561,500,2740,1831
1219549333,590,55,1,1,0,1973.0,7,Νέος Κόσμος (Αθήνα - Κέντρο),Αθήνα - Κέντρο (Αττική),37.960678,23.729067,1,0,1,4.0,10.73,53.0,322,1050,2324,1570
1220429647,850,92,0,1,6,1970.0,7,Νέος Κόσμος (Αθήνα - Κέντρο),Αθήνα - Κέντρο (Αττική),37.96022,23.726665,1,1,0,4.0,9.24,56.0,323,839,2508,1718
1220429697,530,55,1,1,4,1987.0,5,Δάφνη (Αθήνα - Νότια Προάστια),Αθήνα - Νότια Προάστια (Αττική),37.954319,23.739519,1,1,0,2.0,9.64,39.0,568,2071,2501,1813
1220429686,999,100,3,1,10,1991.0,4,Νέος Κόσμος (Αθήνα - Κέντρο),Αθήνα - Κέντρο (Αττική),37.95546,23.716179,0,1,0,Άγνωστο,9.99,35.0,1128,533,3545,1121
1220375830,700,85,2,1,3,1978.0,7,Δάφνη (Αθήνα - Νότια Προάστια),Αθήνα - Νότια Προάστια (Αττική),37.95129,23.734449,0,1,0,1.0,8.24,48.0,404,1815,2963,1889
1220485620,950,73,2,1,7,1978.0,4,Νέος Κόσμος (Αθήνα - Κέντρο),Αθήνα - Κέντρο (Αττική),37.961098,23.727427,1,1,0,Άγνωστο,13.01,48.0,383,911,2392,1600
1220435797,650,32,1,1,3,1962.0,9,Δάφνη (Αθήνα - Νότια Προάστια),Αθήνα - Νότια Προάστια (Αττική),37.952129,23.73704,0,1,1,4.0,20.31,64.0,333,1965,2797,2116
1212800416,690,45,1,1,9,2005.0,1,Νέος Κόσμος (Αθήνα - Κέντρο),Αθήνα - Κέντρο (Αττική),37.95715,23.724529,1,0,0,1.0,15.33,21.0,373,734,2882,1581
1220091184,650,56,2,1,4,1971.0,5,Νέος Κόσμος (Αθήνα - Κέντρο),Αθήνα - Κέντρο (Αττική),37.955509,23.719431,0,1,1,4.0,11.61,55.0,852,560,3328,1204
1220073544,890,110,2,1,9,2000.0,5,Νέος Κόσμος (Αθήνα - Κέντρο),Αθήνα - Κέντρο (Αττική),37.9576,23.737577,1,0,0,1.0,8.09,26.0,779,1818,2210,1545
1220362236,1050,105,3,1,7,1995.0,5,Δάφνη (Αθήνα - Νότια Προάστια),Αθήνα - Νότια Προάστια (Αττική),37.94978,23.72769,1,0,0,2.0,10.0,31.0,896,1485,3376,1275
1219963083,770,74,2,1,7,1980.0,8,Νέος Κόσμος (Αθήνα - Κέντρο),Αθήνα - Κέντρο (Αττική),37.955177,23.72225,1,0,0,1.0,10.41,46.0,636,718,3179,1287
1220421353,900,65,2,1,3,2024.0,1,Νέος Κόσμος (Αθήνα - Κέντρο),Αθήνα - Κέντρο (Αττική),37.956402,23.727909,0,1,1,2.0,13.85,2.0,170,1037,2753,1707
1220426191,750,60,0,0,7,1978.0,6,Νέος Κόσμος (Αθήνα - Κέντρο),Αθήνα - Κέντρο (Αττική),37.959499,23.73402,1,0,0,4.0,12.5,48.0,503,1485,2164,1554
1220258265,1000,67,2,1,6,2004.0,3,Νέος Κόσμος (Αθήνα - Κέντρο),Αθήνα - Κέντρο (Αττική),37.964722,23.72924,1,1,1,2.0,14.93,22.0,224,1177,2006,1177
1220351573,650,46,1,1,8,1978.0,9,Νέος Κόσμος (Αθήνα - Κέντρο),Αθήνα - Κέντρο (Αττική),37.960781,23.73085,1,1,0,2.0,14.13,48.0,381,1207,2212,1496
1220372478,850,98,2,1,9,1972.0,5,Νέος Κόσμος (Αθήνα - Κέντρο),Αθήνα - Κέντρο (Αττική),37.95108,23.724579,1,1,0,1.0,8.67,54.0,830,1208,3402,1101
1220352620,800,76,2,1,7,1980.0,9,Νέος Κόσμος (Αθήνα - Κέντρο),Αθήνα - Κέντρο (Αττική),37.955441,23.725037,1,1,0,1.0,10.53,46.0,415,874,2994,1458
1218895706,750,76,2,1,8,1982.0,5,Νέος Κόσμος (Αθήνα - Κέντρο),Αθήνα - Κέντρο (Αττική),37.957802,23.736389,1,1,1,Άγνωστο,9.87,44.0,674,1712,2231,1578
1217612676,750,69,1,1,3,1974.0,7,Νέος Κόσμος (Αθήνα - Κέντρο),Αθήνα - Κέντρο (Αττική),37.95451,23.721052,0,1,1,4.0,10.87,52.0,764,721,3305,1168
1220432163,390,25,1,1,9,1980.0,5,Νέος Κόσμος (Αθήνα - Κέντρο),Αθήνα - Κέντρο (Αττική),37.952251,23.72093,1,1,1,1.0,15.6,46.0,919,946,3498,955
1216895296,600,40,1,1,3,2024.0,1,Νέος Κόσμος (Αθήνα - Κέντρο),Αθήνα - Κέντρο (Αττική),37.961182,23.728821,0,1,1,4.0,15.0,2.0,376,1033,2298,1530
1218383788,1100,82,2,1,10,2023.0,4,Νέος Κόσμος (Αθήνα - Κέντρο),Αθήνα - Κέντρο (Αττική),37.957966,23.721037,1,0,0,2.0,13.41,3.0,672,425,3040,1510
1214445918,800,50,1,1,8,1985.0,5,Νέος Κόσμος (Αθήνα - Κέντρο),Αθήνα - Κέντρο (Αττική),37.956295,23.722851,1,1,1,2.0,16.0,41.0,539,665,3053,1420
1218310997,800,73,2,1,9,1973.0,6,Νέος Κόσμος (Αθήνα - Κέντρο),Αθήνα - Κέντρο (Αττική),37.963333,23.73358,1,0,0,2.0,10.96,53.0,617,1486,1841,1150
1217612669,650,53,1,1,3,1974.0,7,Νέος Κόσμος (Αθήνα - Κέντρο),Αθήνα - Κέντρο (Αττική),37.950329,23.721527,0,1,1,4.0,12.26,52.0,1042,1164,3630,837
1219826757,1100,120,3,1,8,1980.0,6,Δάφνη (Αθήνα - Νότια Προάστια),Αθήνα - Νότια Προάστια (Αττική),37.945858,23.740807,0,1,0,6.0,9.17,46.0,441,2620,3397,2333
1219964494,700,55,1,1,7,1970.0,7,Νέος Κόσμος (Αθήνα - Κέντρο),Αθήνα - Κέντρο (Αττική),37.965824,23.732143,1,1,0,4.0,12.73,56.0,450,1460,1732,938
1219954880,800,68,2,1,7,1980.0,7,Νέος Κόσμος (Αθήνα - Κέντρο),Αθήνα - Κέντρο (Αττική),37.953556,23.724157,1,0,0,1.0,11.76,46.0,618,964,3205,1251
1219906348,650,40,1,1,9,1978.0,6,Νέος Κόσμος (Αθήνα - Κέντρο),Αθήνα - Κέντρο (Αττική),37.957508,23.735533,1,1,0,3.0,16.25,48.0,600,1644,2293,1646
1219736455,680,45,1,1,2,1965.0,7,Νέος Κόσμος (Αθήνα - Κέντρο),Αθήνα - Κέντρο (Αττική),37.961578,23.727455,0,1,1,4.0,15.11,61.0,332,921,2353,1554
1219733503,950,75,2,2,6,2010.0,6,Νέος Κόσμος (Αθήνα - Κέντρο),Αθήνα - Κέντρο (Αττική),37.954815,23.722658,1,0,1,2.0,12.67,16.0,625,772,3184,1274
1219703898,600,65,2,1,8,1980.0,8,Νέος Κόσμος (Αθήνα - Κέντρο),Αθήνα - Κέντρο (Αττική),37.956764,23.730312,0,1,0,4.0,9.23,46.0,182,1220,2596,1888
1219675067,700,67,2,1,8,1966.0,9,Νέος Κόσμος (Αθήνα - Κέντρο),Αθήνα - Κέντρο (Αττική),37.967548,23.731514,1,1,0,4.0,10.45,60.0,297,1505,1658,806
1219424071,750,110,2,2,6,1968.0,8,Νέος Κόσμος (Αθήνα - Κέντρο),Αθήνα - Κέντρο (Αττική),37.955101,23.717636,1,1,0,4.0,6.82,58.0,1015,569,3474,1109
1218802785,850,78,2,1,6,1972.0,7,Νέος Κόσμος (Αθήνα - Κέντρο),Αθήνα - Κέντρο (Αττική),37.966629,23.732313,1,1,0,1.0,10.9,54.0,407,1513,1663,852
1219618385,750,110,3,1,8,1987.0,6,Δάφνη (Αθήνα - Νότια Προάστια),Αθήνα - Νότια Προάστια (Αττική),37.946667,23.741556,0,0,0,4.0,6.82,39.0,409,2620,3298,2402
1220509504,850,41,1,1,8,1998.0,5,Νέος Κόσμος (Αθήνα - Κέντρο),Αθήνα - Κέντρο (Αττική),37.96273,23.727194,0,0,0,2.0,20.73,28.0,202,929,2285,1461
1219954851,770,75,2,1,7,1980.0,8,Νέος Κόσμος (Αθήνα - Κέντρο),Αθήνα - Κέντρο (Αττική),37.95472,23.722897,1,1,0,1.0,10.27,46.0,613,793,3178,1278
1219733493,700,56,1,1,6,1994.0,6,Νέος Κόσμος (Αθήνα - Κέντρο),Αθήνα - Κέντρο (Αττική),37.951927,23.722132,1,0,0,1.0,12.5,32.0,871,1020,3458,997
1219520945,850,82,2,1,7,1970.0,6,Νέος Κόσμος (Αθήνα - Κέντρο),Αθήνα - Κέντρο (Αττική),37.967293,23.731619,1,1,0,2.0,10.37,56.0,317,1497,1667,823
1219295525,1100,95,2,2,9,1968.0,5,Νέος Κόσμος (Αθήνα - Κέντρο),Αθήνα - Κέντρο (Αττική),37.96283,23.727316,1,1,1,4.0,11.58,58.0,193,942,2270,1446
1220425028,800,75,2,2,1,1970.0,6,Νέος Κόσμος (Αθήνα - Κέντρο),Αθήνα - Κέντρο (Αττική),37.954914,23.719015,0,1,0,1.0,10.67,56.0,908,611,3400,1129
1220271179,680,66,2,1,7,1974.0,5,Δάφνη (Αθήνα - Νότια Προάστια),Αθήνα - Νότια Προάστια (Αττική),37.953724,23.74036,1,1,1,4.0,10.3,52.0,524,2163,2546,1855
1220160347,700,95,2,1,7,1976.0,6,Δάφνη (Αθήνα - Νότια Προάστια),Αθήνα - Νότια Προάστια (Αττική),37.951305,23.729269,1,1,0,1.0,7.37,50.0,724,1455,3160,1471
1219954352,770,74,2,1,7,1980.0,6,Νέος Κόσμος (Αθήνα - Κέντρο),Αθήνα - Κέντρο (Αττική),37.955223,23.723312,1,0,0,1.0,10.41,46.0,553,776,3112,1344
1220506625,800,60,1,1,8,2010.0,1,Νέος Κόσμος (Αθήνα - Κέντρο),Αθήνα - Κέντρο (Αττική),37.96447,23.728415,1,1,1,2.0,13.33,16.0,150,1100,2080,1242
1220431568,650,70,1,1,8,1970.0,7,Νέος Κόσμος (Αθήνα - Κέντρο),Αθήνα - Κέντρο (Αττική),37.958252,23.719791,1,0,0,Άγνωστο,9.29,56.0,783,320,3103,1500
1220322300,700,50,1,1,7,1980.0,6,Νέος Κόσμος (Αθήνα - Κέντρο),Αθήνα - Κέντρο (Αττική),37.959919,23.728989,0,0,0,4.0,14.0,46.0,237,1043,2391,1649
1220498135,640,60,1,1,8,1980.0,9,Νέος Κόσμος (Αθήνα - Κέντρο),Αθήνα - Κέντρο (Αττική),37.960663,23.73391,1,0,0,1.0,10.67,46.0,557,1475,2060,1433
1220132143,650,62,2,1,7,1965.0,4,Νέος Κόσμος (Αθήνα - Κέντρο),Αθήνα - Κέντρο (Αττική),37.960449,23.730318,0,0,1,1.0,10.48,61.0,327,1159,2270,1548
1220286647,600,45,1,1,2,1970.0,6,Νέος Κόσμος (Αθήνα - Κέντρο),Αθήνα - Κέντρο (Αττική),37.961208,23.732496,1,1,1,4.0,13.33,56.0,504,1354,2084,1404
1220146121,850,56,1,1,9,1985.0,7,Νέος Κόσμος (Αθήνα - Κέντρο),Αθήνα - Κέντρο (Αττική),37.955307,23.724007,1,1,0,4.0,15.18,41.0,496,814,3065,1389
1220116038,550,30,1,1,3,1975.0,2,Νέος Κόσμος (Αθήνα - Κέντρο),Αθήνα - Κέντρο (Αττική),37.956001,23.720734,1,1,0,2.0,18.33,51.0,726,565,3207,1301
1220428581,520,40,1,1,3,1975.0,6,Νέος Κόσμος (Αθήνα - Κέντρο),Αθήνα - Κέντρο (Αττική),37.963402,23.730591,0,1,1,2.0,13.0,51.0,362,1235,2014,1240
1219577213,750,120,3,2,8,1980.0,7,Νέος Κόσμος (Αθήνα - Κέντρο),Αθήνα - Κέντρο (Αττική),37.95203,23.725283,1,1,0,1.0,6.25,46.0,708,1158,3281,1213
1220054395,700,50,1,1,7,1967.0,7,Νέος Κόσμος (Αθήνα - Κέντρο),Αθήνα - Κέντρο (Αττική),37.960686,23.730757,1,1,1,4.0,14.0,59.0,368,1199,2225,1509
1218608709,1100,95,2,1,9,1970.0,5,Νέος Κόσμος (Αθήνα - Κέντρο),Αθήνα - Κέντρο (Αττική),37.964989,23.728354,1,1,1,4.0,11.58,56.0,155,1121,2049,1201
1219811169,700,75,2,1,7,1978.0,5,Νέος Κόσμος (Αθήνα - Κέντρο),Αθήνα - Κέντρο (Αττική),37.962727,23.73131,1,0,0,2.0,9.33,48.0,450,1277,2023,1281
1219825698,1000,120,3,1,9,1980.0,7,Δάφνη (Αθήνα - Νότια Προάστια),Αθήνα - Νότια Προάστια (Αττική),37.955559,23.738611,1,0,0,1.0,8.33,46.0,697,1955,2392,1711
1219598789,950,93,2,2,6,1988.0,7,Νέος Κόσμος (Αθήνα - Κέντρο),Αθήνα - Κέντρο (Αττική),37.953495,23.724874,0,1,0,1.0,10.22,38.0,585,1010,3172,1291
1219912091,1100,95,2,1,9,1968.0,4,Νέος Κόσμος (Αθήνα - Κέντρο),Αθήνα - Κέντρο (Αττική),37.962097,23.726105,1,1,1,Άγνωστο,11.58,58.0,272,817,2404,1575
1219435459,850,115,3,1,6,1970.0,6,Δάφνη (Αθήνα - Νότια Προάστια),Αθήνα - Νότια Προάστια (Αττική),37.945934,23.743263,0,0,0,4.0,7.39,56.0,574,2789,3360,2549
1220384136,870,72,2,1,6,1980.0,8,Νέος Κόσμος (Αθήνα - Κέντρο),Αθήνα - Κέντρο (Αττική),37.962196,23.731022,1,1,0,2.0,12.08,46.0,457,1241,2084,1345
1220322835,650,57,1,1,6,1970.0,8,Νέος Κόσμος (Αθήνα - Κέντρο),Αθήνα - Κέντρο (Αττική),37.959663,23.722521,0,1,1,4.0,11.4,56.0,580,479,2818,1736
1220320403,700,90,2,1,7,1985.0,7,Δάφνη (Αθήνα - Νότια Προάστια),Αθήνα - Νότια Προάστια (Αττική),37.945438,23.743332,0,0,1,1.0,7.78,41.0,593,2826,3414,2555
1220264653,850,45,1,1,9,1969.0,7,Νέος Κόσμος (Αθήνα - Κέντρο),Αθήνα - Κέντρο (Αττική),37.954407,23.716333,1,1,1,2.0,18.89,57.0,1148,648,3611,1008
1219865282,750,61,2,1,8,1970.0,7,Νέος Κόσμος (Αθήνα - Κέντρο),Αθήνα - Κέντρο (Αττική),37.958073,23.733606,1,1,1,4.0,12.3,56.0,431,1466,2318,1697
1219243116,700,55,1,1,3,1970.0,6,Νέος Κόσμος (Αθήνα - Κέντρο),Αθήνα - Κέντρο (Αττική),37.950581,23.72205,1,1,1,4.0,12.73,56.0,992,1154,3579,891
1220458614,700,65,1,1,4,1970.0,5,Δάφνη (Αθήνα - Νότια Προάστια),Αθήνα - Νότια Προάστια (Αττική),37.945175,23.729031,0,1,0,2.0,10.77,56.0,933,1971,3776,1301
1218624744,1100,95,2,1,9,1968.0,5,Νέος Κόσμος (Αθήνα - Κέντρο),Αθήνα - Κέντρο (Αττική),37.962513,23.728432,1,1,1,4.0,11.58,58.0,268,1026,2220,1420
1220497567,800,50,1,1,10,2006.0,5,Νέος Κόσμος (Αθήνα - Κέντρο),Αθήνα - Κέντρο (Αττική),37.956783,23.736589,1,1,1,2.0,16.0,20.0,701,1750,2327,1666
1220150263,680,29,1,1,7,1981.0,6,Δάφνη (Αθήνα - Νότια Προάστια),Αθήνα - Νότια Προάστια (Αττική),37.955448,23.737335,1,1,1,4.0,23.45,45.0,689,1851,2440,1767
1220486937,1000,87,2,2,9,2004.0,6,Νέος Κόσμος (Αθήνα - Κέντρο),Αθήνα - Κέντρο (Αττική),37.953465,23.724422,1,0,1,1.0,11.49,22.0,611,986,3199,1260
1220468982,750,80,2,1,8,1980.0,7,Νέος Κόσμος (Αθήνα - Κέντρο),Αθήνα - Κέντρο (Αττική),37.960083,23.730398,1,1,0,1.0,9.38,46.0,294,1166,2297,1583
1220352846,900,100,2,1,10,1980.0,6,Νέος Κόσμος (Αθήνα - Κέντρο),Αθήνα - Κέντρο (Αττική),37.958408,23.728168,1,0,0,2.0,9.0,46.0,82,991,2565,1832
1220508256,790,83,2,1,7,1975.0,4,Δάφνη (Αθήνα - Νότια Προάστια),Αθήνα - Νότια Προάστια (Αττική),37.947933,23.732182,0,1,0,1.0,9.52,51.0,558,1900,3384,1600
1219750022,750,85,2,1,3,1978.0,3,Νέος Κόσμος (Αθήνα - Κέντρο),Αθήνα - Κέντρο (Αττική),37.954563,23.724955,0,1,1,1.0,8.82,48.0,487,931,3074,1380
1220173219,1100,110,3,1,7,2010.0,6,Νέος Κόσμος (Αθήνα - Κέντρο),Αθήνα - Κέντρο (Αττική),37.952499,23.723969,1,0,0,2.0,10.0,16.0,721,1047,3308,1157
1219827034,680,40,1,1,2,1975.0,7,Νέος Κόσμος (Αθήνα - Κέντρο),Αθήνα - Κέντρο (Αττική),37.962494,23.729713,0,1,1,4.0,17.0,51.0,346,1135,2140,1365
1219389126,750,77,2,1,7,1965.0,6,Νέος Κόσμος (Αθήνα - Κέντρο),Αθήνα - Κέντρο (Αττική),37.960938,23.732298,1,1,0,Άγνωστο,9.74,61.0,470,1335,2119,1438
1217681265,750,40,1,1,7,1970.0,2,Νέος Κόσμος (Αθήνα - Κέντρο),Αθήνα - Κέντρο (Αττική),37.964085,23.728889,1,1,1,4.0,18.75,56.0,197,1120,2075,1252
1219822535,1100,95,2,1,9,1968.0,4,Νέος Κόσμος (Αθήνα - Κέντρο),Αθήνα - Κέντρο (Αττική),37.964367,23.72768,1,1,1,Άγνωστο,11.58,58.0,87,1037,2138,1292
1220369164,870,72,2,1,6,1980.0,6,Νέος Κόσμος (Αθήνα - Κέντρο),Αθήνα - Κέντρο (Αττική),37.963547,23.731993,1,1,0,2.0,12.08,46.0,476,1358,1916,1173
1219818432,1100,82,2,1,10,2024.0,3,Νέος Κόσμος (Αθήνα - Κέντρο),Αθήνα - Κέντρο (Αττική),37.956581,23.720795,1,0,0,2.0,13.41,2.0,706,517,3159,1361
1220153623,1100,95,2,1,9,1968.0,4,Νέος Κόσμος (Αθήνα - Κέντρο),Αθήνα - Κέντρο (Αττική),37.963001,23.727791,1,1,1,4.0,11.58,58.0,192,988,2226,1406
1219096064,890,50,1,1,6,1976.0,7,Νέος Κόσμος (Αθήνα - Κέντρο),Αθήνα - Κέντρο (Αττική),37.959705,23.726479,1,1,1,4.0,17.8,50.0,288,824,2559,1775
1220334466,900,85,2,1,10,2007.0,5,Δάφνη (Αθήνα - Νότια Προάστια),Αθήνα - Νότια Προάστια (Αττική),37.953026,23.735445,1,0,0,2.0,10.59,19.0,484,1795,2751,2042
1220378230,850,97,2,1,9,1977.0,7,Νέος Κόσμος (Αθήνα - Κέντρο),Αθήνα - Κέντρο (Αττική),37.951279,23.722778,1,1,0,1.0,8.76,49.0,892,1110,3479,989
1220367140,870,72,2,1,6,1970.0,5,Νέος Κόσμος (Αθήνα - Κέντρο),Αθήνα - Κέντρο (Αττική),37.963486,23.731735,1,1,0,2.0,12.08,56.0,456,1334,1937,1188
1220295536,850,50,2,1,3,1975.0,6,Νέος Κόσμος (Αθήνα - Κέντρο),Αθήνα - Κέντρο (Αττική),37.965908,23.732145,1,1,1,Άγνωστο,17.0,51.0,444,1464,1726,930
1220282365,550,34,1,1,6,1977.0,5,Νέος Κόσμος (Αθήνα - Κέντρο),Αθήνα - Κέντρο (Αττική),37.956215,23.72506,1,1,0,Άγνωστο,16.18,49.0,365,827,2928,1525
1219725011,700,85,2,1,4,1972.0,6,Δάφνη (Αθήνα - Νότια Προάστια),Αθήνα - Νότια Προάστια (Αττική),37.950516,23.734831,0,0,0,1.0,8.24,54.0,333,1891,3031,1893
1219747686,900,93,2,1,6,1982.0,6,Νέος Κόσμος (Αθήνα - Κέντρο),Αθήνα - Κέντρο (Αττική),37.956547,23.726473,0,1,0,1.0,9.68,44.0,240,917,2819,1633
1220321397,1100,63,2,1,3,2004.0,5,Νέος Κόσμος (Αθήνα - Κέντρο),Αθήνα - Κέντρο (Αττική),37.963238,23.72814,1,1,1,Άγνωστο,17.46,22.0,189,1025,2185,1367
1220197378,850,43,1,1,3,2022.0,2,Νέος Κόσμος (Αθήνα - Κέντρο),Αθήνα - Κέντρο (Αττική),37.955101,23.727057,0,0,1,2.0,19.77,4.0,333,1041,2913,1553
1220465726,900,88,2,1,13,2005.0,5,Νέος Κόσμος (Αθήνα - Κέντρο),Αθήνα - Κέντρο (Αττική),37.956749,23.717497,1,1,0,1.0,10.23,21.0,989,385,3364,1284
1220129645,750,85,2,1,3,1978.0,3,Νέος Κόσμος (Αθήνα - Κέντρο),Αθήνα - Κέντρο (Αττική),37.954659,23.725643,0,1,0,1.0,8.82,48.0,440,970,3028,1430
1220479697,800,90,3,1,6,2002.0,7,Δάφνη (Αθήνα - Νότια Προάστια),Αθήνα - Νότια Προάστια (Αττική),37.946976,23.730139,0,0,0,1.0,8.89,24.0,761,1863,3553,1407
1219945609,650,39,1,1,3,1985.0,5,Νέος Κόσμος (Αθήνα - Κέντρο),Αθήνα - Κέντρο (Αττική),37.966084,23.730747,1,0,1,4.0,16.67,41.0,347,1364,1808,977
1220431463,800,45,1,1,9,1969.0,6,Νέος Κόσμος (Αθήνα - Κέντρο),Αθήνα - Κέντρο (Αττική),37.955078,23.716354,1,1,1,2.0,17.78,57.0,1124,573,3560,1082
1220313989,550,38,1,1,10,1976.0,5,Νέος Κόσμος (Αθήνα - Κέντρο),Αθήνα - Κέντρο (Αττική),37.958309,23.733311,1,1,0,1.0,14.47,50.0,408,1437,2309,1694
1220182336,750,69,2,1,9,1978.0,5,Νέος Κόσμος (Αθήνα - Κέντρο),Αθήνα - Κέντρο (Αττική),37.952644,23.718439,0,0,0,4.0,10.87,48.0,1067,848,3614,877
1220111304,720,35,1,1,9,2025.0,1,Νέος Κόσμος (Αθήνα - Κέντρο),Αθήνα - Κέντρο (Αττική),37.961243,23.725687,1,0,1,4.0,20.57,1.0,373,762,2493,1673
1219844886,990,100,3,1,10,1995.0,4,Νέος Κόσμος (Αθήνα - Κέντρο),Αθήνα - Κέντρο (Αττική),37.956123,23.719086,1,0,1,2.0,9.9,31.0,863,486,3304,1257
1219493604,850,43,1,1,3,2022.0,6,Νέος Κόσμος (Αθήνα - Κέντρο),Αθήνα - Κέντρο (Αττική),37.955376,23.726889,1,0,1,2.0,19.77,4.0,313,1012,2898,1563
1219864873,750,61,2,1,8,1970.0,6,Νέος Κόσμος (Αθήνα - Κέντρο),Αθήνα - Κέντρο (Αττική),37.957584,23.736088,1,1,0,4.0,12.3,56.0,648,1690,2264,1613
1219961900,800,73,2,1,6,1978.0,7,Νέος Κόσμος (Αθήνα - Κέντρο),Αθήνα - Κέντρο (Αττική),37.962017,23.730263,1,1,0,1.0,10.96,48.0,417,1172,2144,1390
1219805443,1100,70,2,1,8,2006.0,5,Νέος Κόσμος (Αθήνα - Κέντρο),Αθήνα - Κέντρο (Αττική),37.957272,23.728725,1,0,0,1.0,15.71,20.0,59,1070,2633,1826
1219405379,1100,72,2,1,6,1975.0,6,Νέος Κόσμος (Αθήνα - Κέντρο),Αθήνα - Κέντρο (Αττική),37.964191,23.728731,1,1,1,4.0,15.28,51.0,181,1112,2078,1251
1220398423,750,105,2,1,7,1971.0,10,Δάφνη (Αθήνα - Νότια Προάστια),Αθήνα - Νότια Προάστια (Αττική),37.956181,23.738516,1,0,1,Άγνωστο,7.14,55.0,765,1930,2329,1650
1220372553,750,85,2,1,3,1978.0,3,Νέος Κόσμος (Αθήνα - Κέντρο),Αθήνα - Κέντρο (Αττική),37.953182,23.725433,0,1,0,1.0,8.82,48.0,588,1069,3169,1304
1219977386,700,69,2,1,9,1978.0,4,Νέος Κόσμος (Αθήνα - Κέντρο),Αθήνα - Κέντρο (Αττική),37.956623,23.720608,1,1,0,4.0,10.14,48.0,721,503,3168,1358
1220298168,790,65,2,1,6,1972.0,7,Δάφνη (Αθήνα - Νότια Προάστια),Αθήνα - Νότια Προάστια (Αττική),37.944965,23.743633,0,1,1,1.0,12.15,54.0,558,2878,3464,2582
1218369903,1100,82,2,1,10,2015.0,3,Νέος Κόσμος (Αθήνα - Κέντρο),Αθήνα - Κέντρο (Αττική),37.957027,23.722857,1,0,0,2.0,13.41,11.0,519,616,2995,1490
1220481859,850,97,3,2,9,1972.0,5,Νέος Κόσμος (Αθήνα - Κέντρο),Αθήνα - Κέντρο (Αττική),37.951038,23.72254,1,1,0,1.0,8.76,54.0,926,1125,3513,956
1220365230,850,97,3,2,9,1972.0,5,Νέος Κόσμος (Αθήνα - Κέντρο),Αθήνα - Κέντρο (Αττική),37.951748,23.724298,1,0,0,1.0,8.76,54.0,776,1132,3357,1125
1219623543,480,28,0,1,6,1969.0,8,Νέος Κόσμος (Αθήνα - Κέντρο),Αθήνα - Κέντρο (Αττική),37.955353,23.722364,1,0,1,1.0,17.14,57.0,619,710,3158,1309
1220379100,870,72,2,1,6,1980.0,6,Νέος Κόσμος (Αθήνα - Κέντρο),Αθήνα - Κέντρο (Αττική),37.962723,23.729391,1,1,0,2.0,12.08,46.0,308,1113,2142,1356
1220339126,690,45,1,1,9,2005.0,1,Νέος Κόσμος (Αθήνα - Κέντρο),Αθήνα - Κέντρο (Αττική),37.957302,23.726027,1,0,0,1.0,15.33,21.0,241,846,2781,1673
1220161962,800,66,1,1,6,1985.0,2,Νέος Κόσμος (Αθήνα - Κέντρο),Αθήνα - Κέντρο (Αττική),37.956532,23.72665,0,1,1,2.0,12.12,41.0,228,931,2811,1642
1218116675,850,40,1,1,7,1978.0,2,Νέος Κόσμος (Αθήνα - Κέντρο),Αθήνα - Κέντρο (Αττική),37.963577,23.727934,1,1,0,4.0,21.25,48.0,149,1021,2175,1347
1219240776,950,50,1,1,6,1973.0,5,Νέος Κόσμος (Αθήνα - Κέντρο),Αθήνα - Κέντρο (Αττική),37.958977,23.72924,1,0,1,4.0,19.0,53.0,139,1073,2456,1735
1220333728,850,50,1,0,8,2010.0,5,Νέος Κόσμος (Αθήνα - Κέντρο),Αθήνα - Κέντρο (Αττική),37.961082,23.728746,1,0,1,4.0,17.0,16.0,365,1026,2311,1543
1220054405,750,48,1,1,4,1976.0,6,Νέος Κόσμος (Αθήνα - Κέντρο),Αθήνα - Κέντρο (Αττική),37.960526,23.730808,0,1,0,4.0,15.62,50.0,355,1202,2236,1524
1219766534,800,72,2,1,8,1974.0,7,Νέος Κόσμος (Αθήνα - Κέντρο),Αθήνα - Κέντρο (Αττική),37.964603,23.732647,1,1,1,2.0,11.11,52.0,521,1448,1792,1043
1220376504,700,51,1,1,6,1973.0,7,Νέος Κόσμος (Αθήνα - Κέντρο),Αθήνα - Κέντρο (Αττική),37.956795,23.727184,1,1,0,1.0,13.73,53.0,174,962,2758,1695
1219870488,750,70,2,1,7,1985.0,6,Δάφνη (Αθήνα - Νότια Προάστια),Αθήνα - Νότια Προάστια (Αττική),37.950844,23.738274,0,1,1,1.0,10.71,41.0,172,2128,2902,2193
1220391364,900,110,3,1,6,1975.0,6,Δάφνη (Αθήνα - Νότια Προάστια),Αθήνα - Νότια Προάστια (Αττική),37.951286,23.733664,0,1,0,13.0,8.18,51.0,463,1758,2990,1824
1220469629,480,48,1,1,3,1970.0,7,Δάφνη (Αθήνα - Νότια Προάστια),Αθήνα - Νότια Προάστια (Αττική),37.948734,23.729994,0,1,0,Άγνωστο,10.0,56.0,731,1704,3382,1431
1220176089,750,61,2,1,8,1970.0,6,Νέος Κόσμος (Αθήνα - Κέντρο),Αθήνα - Κέντρο (Αττική),37.957535,23.733047,1,0,0,Άγνωστο,12.3,56.0,382,1429,2394,1775
1220496424,1100,95,2,1,9,1968.0,5,Νέος Κόσμος (Αθήνα - Κέντρο),Αθήνα - Κέντρο (Αττική),37.963276,23.727121,0,1,1,4.0,11.58,58.0,141,943,2251,1417
1220288955,660,45,1,1,9,2005.0,1,Νέος Κόσμος (Αθήνα - Κέντρο),Αθήνα - Κέντρο (Αττική),37.956253,23.725212,1,0,0,1.0,14.67,21.0,351,836,2916,1537
1219887415,600,27,1,1,3,1978.0,5,Νέος Κόσμος (Αθήνα - Κέντρο),Αθήνα - Κέντρο (Αττική),37.961609,23.729486,0,0,1,4.0,22.22,48.0,404,1097,2224,1461
1220407156,680,52,1,1,7,1973.0,7,Νέος Κόσμος (Αθήνα - Κέντρο),Αθήνα - Κέντρο (Αττική),37.962368,23.727657,1,0,0,4.0,13.08,53.0,251,956,2281,1471
1220390328,900,100,2,1,10,1977.0,7,Νέος Κόσμος (Αθήνα - Κέντρο),Αθήνα - Κέντρο (Αττική),37.958397,23.727903,1,1,0,2.0,9.0,49.0,96,968,2581,1843
1220373269,850,50,1,1,8,2015.0,5,Νέος Κόσμος (Αθήνα - Κέντρο),Αθήνα - Κέντρο (Αττική),37.961945,23.725815,1,0,1,2.0,17.0,11.0,295,788,2434,1604
1220316649,550,42,1,1,4,1985.0,4,Νέος Κόσμος (Αθήνα - Κέντρο),Αθήνα - Κέντρο (Αττική),37.960541,23.730871,1,1,1,2.0,13.1,41.0,359,1208,2231,1520
1220315199,800,79,2,1,9,1979.0,6,Νέος Κόσμος (Αθήνα - Κέντρο),Αθήνα - Κέντρο (Αττική),37.960995,23.730667,1,1,0,4.0,10.13,47.0,395,1193,2204,1480
1220271019,850,103,2,1,6,1980.0,4,Δάφνη (Αθήνα - Νότια Προάστια),Αθήνα - Νότια Προάστια (Αττική),37.952946,23.731173,0,1,0,1.0,8.25,46.0,582,1474,2919,1703
1220198420,750,120,3,2,4,1979.0,8,Δάφνη (Αθήνα - Νότια Προάστια),Αθήνα - Νότια Προάστια (Αττική),37.955292,23.736727,0,1,0,4.0,6.25,47.0,680,1805,2476,1806
1219593123,800,93,2,1,6,1985.0,7,Νέος Κόσμος (Αθήνα - Κέντρο),Αθήνα - Κέντρο (Αττική),37.954426,23.724913,0,1,0,1.0,8.6,41.0,501,939,3088,1367
1220175427,1000,87,2,1,3,1976.0,7,Δάφνη (Αθήνα - Νότια Προάστια),Αθήνα - Νότια Προάστια (Αττική),37.955399,23.735189,0,0,1,1.0,11.49,50.0,628,1673,2517,1861
1220031428,750,95,3,1,6,1978.0,6,Δάφνη (Αθήνα - Νότια Προάστια),Αθήνα - Νότια Προάστια (Αττική),37.949074,23.73225,0,1,0,1.0,7.89,48.0,531,1815,3265,1632
1216855934,950,125,3,1,8,1995.0,4,Νέος Κόσμος (Αθήνα - Κέντρο),Αθήνα - Κέντρο (Αττική),37.950275,23.722889,1,1,0,2.0,7.6,31.0,980,1215,3562,929
1220321335,850,50,1,1,8,2010.0,5,Νέος Κόσμος (Αθήνα - Κέντρο),Αθήνα - Κέντρο (Αττική),37.960693,23.727592,1,0,1,2.0,17.0,16.0,336,921,2413,1631
1219896673,1100,95,2,1,9,1968.0,5,Νέος Κόσμος (Αθήνα - Κέντρο),Αθήνα - Κέντρο (Αττική),37.963562,23.726788,1,0,1,4.0,11.58,58.0,105,928,2255,1411
1220506596,850,55,2,1,9,2023.0,3,Νέος Κόσμος (Αθήνα - Κέντρο),Αθήνα - Κέντρο (Αττική),37.958092,23.73398,1,0,0,2.0,15.45,3.0,464,1498,2300,1675
1220413422,600,68,1,1,3,1990.0,7,Δάφνη (Αθήνα - Νότια Προάστια),Αθήνα - Νότια Προάστια (Αττική),37.945438,23.744555,0,0,0,1.0,8.82,36.0,645,2914,3406,2662
1220368328,850,97,3,2,9,1972.0,5,Νέος Κόσμος (Αθήνα - Κέντρο),Αθήνα - Κέντρο (Αττική),37.951344,23.721729,1,0,0,1.0,8.76,54.0,943,1065,3530,926
1220365831,850,97,3,2,9,1972.0,5,Νέος Κόσμος (Αθήνα - Κέντρο),Αθήνα - Κέντρο (Αττική),37.951416,23.722389,1,1,0,1.0,8.76,54.0,900,1081,3488,974
1220434197,650,80,2,1,6,1965.0,7,Δάφνη (Αθήνα - Νότια Προάστια),Αθήνα - Νότια Προάστια (Αττική),37.953571,23.738222,1,0,0,Άγνωστο,8.12,61.0,475,1993,2613,1929
1220310725,680,80,2,1,6,1972.0,6,Δάφνη (Αθήνα - Νότια Προάστια),Αθήνα - Νότια Προάστια (Αττική),37.955193,23.737984,0,0,0,2.0,8.5,54.0,656,1914,2448,1770
1220212186,430,50,1,1,4,1970.0,8,Δάφνη (Αθήνα - Νότια Προάστια),Αθήνα - Νότια Προάστια (Αττική),37.953701,23.737072,0,0,0,1.0,8.6,56.0,501,1894,2631,1954
1220184545,1100,50,1,1,8,1965.0,5,Νέος Κόσμος (Αθήνα - Κέντρο),Αθήνα - Κέντρο (Αττική),37.962608,23.727974,1,0,1,Άγνωστο,22.0,61.0,238,990,2242,1433
1219797705,1100,70,2,1,10,2006.0,2,Νέος Κόσμος (Αθήνα - Κέντρο),Αθήνα - Κέντρο (Αττική),37.956398,23.730146,1,0,0,1.0,15.71,20.0,201,1219,2638,1850
1220461418,700,82,2,1,6,1965.0,7,Δάφνη (Αθήνα - Νότια Προάστια),Αθήνα - Νότια Προάστια (Αττική),37.953625,23.738291,1,0,0,Άγνωστο,8.54,61.0,481,1997,2605,1921
1219730916,900,100,2,1,10,1985.0,6,Νέος Κόσμος (Αθήνα - Κέντρο),Αθήνα - Κέντρο (Αττική),37.958801,23.728956,1,1,0,2.0,9.0,41.0,114,1051,2487,1763
1220451094,650,80,2,1,7,1967.0,5,Δάφνη (Αθήνα - Νότια Προάστια),Αθήνα - Νότια Προάστια (Αττική),37.953743,23.737391,1,0,0,1.0,8.12,59.0,500,1918,2617,1938
1220175416,800,66,1,1,6,1985.0,2,Νέος Κόσμος (Αθήνα - Κέντρο),Αθήνα - Κέντρο (Αττική),37.958782,23.721815,0,1,1,2.0,12.12,41.0,613,442,2929,1621
1220320923,800,79,2,1,9,1979.0,8,Νέος Κόσμος (Αθήνα - Κέντρο),Αθήνα - Κέντρο (Αττική),37.961468,23.732334,1,1,0,1.0,10.13,47.0,518,1343,2070,1380
1220384146,750,80,2,1,6,1987.0,7,Νέος Κόσμος (Αθήνα - Κέντρο),Αθήνα - Κέντρο (Αττική),37.953339,23.723831,1,0,0,1.0,9.38,39.0,654,965,3242,1214
1220319793,650,57,1,1,6,1970.0,6,Νέος Κόσμος (Αθήνα - Κέντρο),Αθήνα - Κέντρο (Αττική),37.961109,23.72451,0,1,1,Άγνωστο,11.4,56.0,423,657,2581,1748
1220324345,680,60,1,1,8,1985.0,7,Νέος Κόσμος (Αθήνα - Κέντρο),Αθήνα - Κέντρο (Αττική),37.959259,23.730345,1,0,1,2.0,11.33,41.0,217,1166,2371,1670
1219833516,700,70,2,1,6,1960.0,1,Νέος Κόσμος (Αθήνα - Κέντρο),Αθήνα - Κέντρο (Αττική),37.961994,23.730125,1,1,0,2.0,10.0,66.0,410,1159,2154,1398
1220376014,850,97,3,2,9,1972.0,6,Νέος Κόσμος (Αθήνα - Κέντρο),Αθήνα - Κέντρο (Αττική),37.95108,23.724579,1,1,0,1.0,8.76,54.0,830,1208,3402,1101
1220054276,750,48,1,1,4,1975.0,5,Νέος Κόσμος (Αθήνα - Κέντρο),Αθήνα - Κέντρο (Αττική),37.960228,23.730125,0,1,1,4.0,15.62,51.0,297,1142,2300,1577
1220151862,500,55,1,1,2,1975.0,8,Νέος Κόσμος (Αθήνα - Κέντρο),Αθήνα - Κέντρο (Αττική),37.962643,23.730497,0,1,0,4.0,9.09,51.0,392,1206,2079,1319
1218703324,1100,95,2,1,9,1968.0,5,Νέος Κόσμος (Αθήνα - Κέντρο),Αθήνα - Κέντρο (Αττική),37.963032,23.726419,1,1,1,4.0,11.58,58.0,165,876,2316,1477
1220491614,600,65,1,1,6,1970.0,9,Νέος Κόσμος (Αθήνα - Κέντρο),Αθήνα - Κέντρο (Αττική),37.962841,23.729292,1,0,1,Άγνωστο,9.23,56.0,293,1108,2140,1349
1220469813,560,64,2,1,7,1970.0,8,Δάφνη (Αθήνα - Νότια Προάστια),Αθήνα - Νότια Προάστια (Αττική),37.952057,23.738422,1,0,0,4.0,8.75,56.0,307,2077,2769,2082
1220329753,550,34,1,1,6,1977.0,5,Νέος Κόσμος (Αθήνα - Κέντρο),Αθήνα - Κέντρο (Αττική),37.956577,23.725334,1,1,0,Άγνωστο,16.18,49.0,325,827,2882,1572
1220324435,650,64,1,1,3,1985.0,6,Νέος Κόσμος (Αθήνα - Κέντρο),Αθήνα - Κέντρο (Αττική),37.955219,23.732498,1,1,1,4.0,10.16,41.0,440,1459,2642,1934
1220056890,850,82,2,1,7,1970.0,8,Νέος Κόσμος (Αθήνα - Κέντρο),Αθήνα - Κέντρο (Αττική),37.966343,23.729906,1,1,0,2.0,10.37,56.0,284,1314,1851,998
1219996958,850,82,1,1,7,1970.0,8,Νέος Κόσμος (Αθήνα - Κέντρο),Αθήνα - Κέντρο (Αττική),37.96595,23.730368,1,1,0,2.0,10.37,56.0,341,1327,1844,1008
1220481615,700,55,1,1,8,1975.0,8,Κουκάκι - Μακρυγιάννη (Αθήνα - Κέντρο),Αθήνα - Κέντρο (Αττική),37.964844,23.722582,1,1,1,2.0,12.73,51.0,363,705,2482,1582
1220009158,850,41,1,1,10,1970.0,6,Κουκάκι - Μακρυγιάννη (Αθήνα - Κέντρο),Αθήνα - Κέντρο (Αττική),37.962742,23.72164,1,1,1,2.0,20.73,56.0,485,488,2675,1793
1219731752,1400,75,2,1,8,1970.0,10,Κουκάκι - Μακρυγιάννη (Αθήνα - Κέντρο),Αθήνα - Κέντρο (Αττική),37.96236,23.722078,1,1,0,4.0,18.67,56.0,470,498,2667,1793
1220498187,600,37,1,1,3,1970.0,6,Κουκάκι - Μακρυγιάννη (Αθήνα - Κέντρο),Αθήνα - Κέντρο (Αττική),37.966618,23.726013,0,1,1,2.0,16.22,56.0,243,1058,2122,1223
1218757370,900,71,2,1,8,1965.0,5,Κουκάκι - Μακρυγιάννη (Αθήνα - Κέντρο),Αθήνα - Κέντρο (Αττική),37.963226,23.720406,1,0,1,Άγνωστο,12.68,61.0,570,444,2737,1843
1220115051,590,54,1,1,2,1963.0,5,Κουκάκι - Μακρυγιάννη (Αθήνα - Κέντρο),Αθήνα - Κέντρο (Αττική),37.966511,23.726709,0,1,0,6.0,10.93,63.0,224,1096,2076,1183
1219053224,800,40,0,1,0,2026.0,1,Κουκάκι - Μακρυγιάννη (Αθήνα - Κέντρο),Αθήνα - Κέντρο (Αττική),37.964619,23.72493,1,0,1,4.0,20.0,0.0,156,844,2319,1439
1220193508,700,55,2,1,8,2007.0,6,Κουκάκι - Μακρυγιάννη (Αθήνα - Κέντρο),Αθήνα - Κέντρο (Αττική),37.964424,23.725473,1,0,0,Άγνωστο,12.73,19.0,108,871,2291,1419
1220303231,1300,92,2,1,8,2005.0,5,Κουκάκι - Μακρυγιάννη (Αθήνα - Κέντρο),Αθήνα - Κέντρο (Αττική),37.965965,23.724413,1,0,0,2.0,14.13,21.0,258,907,2280,1379
1220247675,650,68,1,1,10,1970.0,8,Κουκάκι - Μακρυγιάννη (Αθήνα - Κέντρο),Αθήνα - Κέντρο (Αττική),37.964458,23.725611,1,0,0,Άγνωστο,9.56,56.0,96,884,2279,1407
1220418040,660,45,1,1,6,1975.0,8,Κουκάκι - Μακρυγιάννη (Αθήνα - Κέντρο),Αθήνα - Κέντρο (Αττική),37.961914,23.721392,1,1,1,4.0,14.67,51.0,547,422,2744,1871
1220433914,650,35,1,1,3,1970.0,9,Κουκάκι - Μακρυγιάννη (Αθήνα - Κέντρο),Αθήνα - Κέντρο (Αττική),37.96516,23.725061,0,1,1,1.0,18.57,56.0,161,890,2277,1390
1220499812,950,52,2,1,6,1969.0,7,Κουκάκι - Μακρυγιάννη (Αθήνα - Κέντρο),Αθήνα - Κέντρο (Αττική),37.96447,23.72295,1,0,1,4.0,18.27,57.0,329,699,2475,1582
1220498506,1200,70,2,1,10,1968.0,3,Κουκάκι - Μακρυγιάννη (Αθήνα - Κέντρο),Αθήνα - Κέντρο (Αττική),37.96838,23.730177,1,0,0,Άγνωστο,17.14,58.0,158,1463,1708,817
1219689649,1400,100,3,1,8,1975.0,7,Κουκάκι - Μακρυγιάννη (Αθήνα - Κέντρο),Αθήνα - Κέντρο (Αττική),37.962261,23.721512,1,0,0,2.0,14.0,51.0,518,450,2714,1837
1217296161,1000,65,1,1,8,1970.0,2,Κουκάκι - Μακρυγιάννη (Αθήνα - Κέντρο),Αθήνα - Κέντρο (Αττική),37.965408,23.72365,1,1,1,Άγνωστο,15.38,56.0,286,816,2369,1470
1220423607,920,85,2,1,3,1939.0,4,Κουκάκι - Μακρυγιάννη (Αθήνα - Κέντρο),Αθήνα - Κέντρο (Αττική),37.963757,23.717197,0,1,1,1.0,10.82,87.0,837,396,2954,2042
1220151334,1000,80,2,1,10,1975.0,6,Κουκάκι - Μακρυγιάννη (Αθήνα - Κέντρο),Αθήνα - Κέντρο (Αττική),37.960915,23.719999,1,1,0,9.0,12.5,51.0,710,266,2908,1788
1220369830,950,52,2,1,8,1968.0,7,Κουκάκι - Μακρυγιάννη (Αθήνα - Κέντρο),Αθήνα - Κέντρο (Αττική),37.963619,23.721809,1,1,1,1.0,18.27,58.0,440,561,2610,1719
1219536334,900,65,2,1,6,1971.0,6,Κουκάκι - Μακρυγιάννη (Αθήνα - Κέντρο),Αθήνα - Κέντρο (Αττική),37.966648,23.727558,1,1,1,2.0,13.85,55.0,229,1164,2004,1117
1220497037,1200,70,1,1,7,1980.0,1,Κουκάκι - Μακρυγιάννη (Αθήνα - Κέντρο),Αθήνα - Κέντρο (Αττική),37.963718,23.72333,1,1,1,4.0,17.14,46.0,308,672,2491,1610
1219935382,820,45,1,1,9,1970.0,6,Κουκάκι - Μακρυγιάννη (Αθήνα - Κέντρο),Αθήνα - Κέντρο (Αττική),37.964649,23.724489,1,1,1,2.0,18.22,56.0,195,815,2350,1465
1220430790,860,55,1,1,8,1972.0,7,Κουκάκι - Μακρυγιάννη (Αθήνα - Κέντρο),Αθήνα - Κέντρο (Αττική),37.964493,23.722338,1,0,1,2.0,15.64,54.0,382,662,2520,1623
1218140065,1120,95,2,1,6,1972.0,5,Κουκάκι - Μακρυγιάννη (Αθήνα - Κέντρο),Αθήνα - Κέντρο (Αττική),37.962727,23.721514,1,0,1,Άγνωστο,11.79,54.0,496,478,2685,1802
1220077308,1390,82,2,1,7,1975.0,10,Κουκάκι - Μακρυγιάννη (Αθήνα - Κέντρο),Αθήνα - Κέντρο (Αττική),37.967541,23.729271,1,1,1,2.0,16.95,51.0,140,1343,1824,939
1220508846,1180,75,2,1,6,2006.0,7,Κουκάκι - Μακρυγιάννη (Αθήνα - Κέντρο),Αθήνα - Κέντρο (Αττική),37.9641,23.717955,1,0,1,2.0,15.73,20.0,768,440,2877,1965
1219316374,1150,80,2,1,10,1983.0,6,Κουκάκι - Μακρυγιάννη (Αθήνα - Κέντρο),Αθήνα - Κέντρο (Αττική),37.961708,23.719479,1,1,0,4.0,14.38,43.0,705,268,2896,1861
1220451025,900,101,2,1,6,1975.0,9,Κουκάκι - Μακρυγιάννη (Αθήνα - Κέντρο),Αθήνα - Κέντρο (Αττική),37.965988,23.726427,1,1,0,2.0,8.91,51.0,167,1041,2127,1240
1219993501,750,45,1,1,10,1965.0,8,Κουκάκι - Μακρυγιάννη (Αθήνα - Κέντρο),Αθήνα - Κέντρο (Αττική),37.961987,23.718767,1,1,0,2.0,16.67,61.0,749,247,2932,1876
1219948184,720,71,2,1,7,1972.0,8,Κουκάκι - Μακρυγιάννη (Αθήνα - Κέντρο),Αθήνα - Κέντρο (Αττική),37.965096,23.726379,1,0,0,1.0,10.14,54.0,72,979,2184,1310
1218385726,1000,75,2,1,10,1970.0,8,Κουκάκι - Μακρυγιάννη (Αθήνα - Κέντρο),Αθήνα - Κέντρο (Αττική),37.960026,23.720169,1,0,1,1.0,13.33,56.0,758,270,2954,1698
1219703698,1400,75,2,1,8,1968.0,9,Κουκάκι - Μακρυγιάννη (Αθήνα - Κέντρο),Αθήνα - Κέντρο (Αττική),37.962078,23.720329,1,1,1,4.0,18.67,58.0,620,352,2811,1920
1220000397,620,30,1,1,2,1969.0,6,Κουκάκι - Μακρυγιάννη (Αθήνα - Κέντρο),Αθήνα - Κέντρο (Αττική),37.96212,23.72208,0,1,1,2.0,20.67,57.0,484,486,2682,1811
1220423632,950,52,2,1,6,1968.0,7,Κουκάκι - Μακρυγιάννη (Αθήνα - Κέντρο),Αθήνα - Κέντρο (Αττική),37.965229,23.723291,1,1,1,4.0,18.27,58.0,310,779,2406,1507
1219295524,1100,75,2,1,6,1970.0,7,Κουκάκι - Μακρυγιάννη (Αθήνα - Κέντρο),Αθήνα - Κέντρο (Αττική),37.963169,23.720253,1,1,1,4.0,14.67,56.0,584,431,2752,1857
1219585002,1250,80,2,1,6,1980.0,6,Κουκάκι - Μακρυγιάννη (Αθήνα - Κέντρο),Αθήνα - Κέντρο (Αττική),37.96389,23.719254,1,1,1,1.0,15.62,46.0,656,452,2788,1882
1218532559,900,80,2,1,8,1972.0,4,Κουκάκι - Μακρυγιάννη (Αθήνα - Κέντρο),Αθήνα - Κέντρο (Αττική),37.964981,23.724709,1,1,0,2.0,11.25,54.0,183,853,2314,1427
1220391848,530,28,1,1,3,1970.0,9,Κουκάκι - Μακρυγιάννη (Αθήνα - Κέντρο),Αθήνα - Κέντρο (Αττική),37.9641,23.720686,0,1,1,4.0,18.93,56.0,529,536,2667,1765
1219732463,950,53,1,1,9,1970.0,7,Κουκάκι - Μακρυγιάννη (Αθήνα - Κέντρο),Αθήνα - Κέντρο (Αττική),37.962578,23.719852,1,1,0,Άγνωστο,17.92,56.0,637,358,2816,1925
1220278843,690,24,1,1,11,1965.0,7,Κουκάκι - Μακρυγιάννη (Αθήνα - Κέντρο),Αθήνα - Κέντρο (Αττική),37.962349,23.72191,1,1,1,Άγνωστο,28.75,61.0,483,485,2680,1804
1220312839,980,76,2,1,10,1965.0,8,Κουκάκι - Μακρυγιάννη (Αθήνα - Κέντρο),Αθήνα - Κέντρο (Αττική),37.962955,23.721895,1,1,0,4.0,12.89,61.0,455,520,2643,1761
1219999276,850,55,2,1,7,1970.0,8,Κουκάκι - Μακρυγιάννη (Αθήνα - Κέντρο),Αθήνα - Κέντρο (Αττική),37.963741,23.719141,1,1,1,4.0,15.45,56.0,668,432,2804,1900
1219731175,700,63,0,0,4,1965.0,7,Κουκάκι - Μακρυγιάννη (Αθήνα - Κέντρο),Αθήνα - Κέντρο (Αττική),37.962242,23.723087,1,1,1,1.0,11.11,61.0,404,572,2602,1738
1220255424,700,50,1,1,9,1968.0,6,Κουκάκι - Μακρυγιάννη (Αθήνα - Κέντρο),Αθήνα - Κέντρο (Αττική),37.966377,23.72753,1,1,0,4.0,14.0,58.0,221,1144,2022,1139
1218629313,870,82,3,1,7,1963.0,6,Κουκάκι - Μακρυγιάννη (Αθήνα - Κέντρο),Αθήνα - Κέντρο (Αττική),37.963341,23.723251,1,1,0,2.0,10.61,63.0,329,642,2520,1643
1218615058,1000,75,2,1,10,1970.0,7,Κουκάκι - Μακρυγιάννη (Αθήνα - Κέντρο),Αθήνα - Κέντρο (Αττική),37.96077,23.719784,1,0,0,1.0,13.33,56.0,735,244,2933,1767
1220315134,920,90,2,2,4,1939.0,7,Κουκάκι - Μακρυγιάννη (Αθήνα - Κέντρο),Αθήνα - Κέντρο (Αττική),37.964016,23.7181,0,1,1,1.0,10.22,87.0,756,433,2870,1960
1219234285,950,50,1,1,4,1970.0,7,Κουκάκι - Μακρυγιάννη (Αθήνα - Κέντρο),Αθήνα - Κέντρο (Αττική),37.964108,23.723045,0,1,0,4.0,19.0,56.0,323,679,2489,1601
1219948132,750,51,1,1,6,1969.0,7,Κουκάκι - Μακρυγιάννη (Αθήνα - Κέντρο),Αθήνα - Κέντρο (Αττική),37.964539,23.725925,1,1,0,2.0,14.71,57.0,68,912,2252,1382
1219991267,850,55,2,1,7,1980.0,6,Κουκάκι - Μακρυγιάννη (Αθήνα - Κέντρο),Αθήνα - Κέντρο (Αττική),37.963604,23.720652,1,1,1,4.0,15.45,46.0,539,490,2697,1800
1219360665,800,33,1,1,4,1980.0,4,Κουκάκι - Μακρυγιάννη (Αθήνα - Κέντρο),Αθήνα - Κέντρο (Αττική),37.963943,23.721134,0,1,0,Άγνωστο,24.24,46.0,492,546,2642,1744
1219690894,1300,80,2,1,6,1980.0,6,Κουκάκι - Μακρυγιάννη (Αθήνα - Κέντρο),Αθήνα - Κέντρο (Αττική),37.963902,23.721022,1,1,1,2.0,16.25,46.0,502,536,2652,1755
1220320215,850,52,1,1,9,1970.0,6,Κουκάκι - Μακρυγιάννη (Αθήνα - Κέντρο),Αθήνα - Κέντρο (Αττική),37.963501,23.719343,1,1,0,1.0,16.35,56.0,654,416,2802,1900
1220329618,1100,66,2,1,6,1966.0,5,Κουκάκι - Μακρυγιάννη (Αθήνα - Κέντρο),Αθήνα - Κέντρο (Αττική),37.966274,23.72481,1,0,0,1.0,16.67,60.0,258,956,2233,1331
1220335708,680,50,1,1,9,1967.0,7,Κουκάκι - Μακρυγιάννη (Αθήνα - Κέντρο),Αθήνα - Κέντρο (Αττική),37.96492,23.724516,1,0,1,4.0,13.6,59.0,197,836,2332,1444
1219893654,900,82,3,1,7,1963.0,4,Κουκάκι - Μακρυγιάννη (Αθήνα - Κέντρο),Αθήνα - Κέντρο (Αττική),37.964104,23.724342,1,1,0,2.0,10.98,63.0,211,769,2394,1515
1219310988,800,33,1,1,4,2020.0,4,Κουκάκι - Μακρυγιάννη (Αθήνα - Κέντρο),Αθήνα - Κέντρο (Αττική),37.963882,23.719318,0,1,1,4.0,24.24,6.0,651,453,2783,1878
1218147104,1000,75,2,1,10,1970.0,8,Κουκάκι - Μακρυγιάννη (Αθήνα - Κέντρο),Αθήνα - Κέντρο (Αττική),37.96059,23.721622,1,1,1,1.0,13.33,56.0,622,399,2815,1800
1218301749,900,82,3,1,7,1963.0,4,Κουκάκι - Μακρυγιάννη (Αθήνα - Κέντρο),Αθήνα - Κέντρο (Αττική),37.964146,23.723806,0,0,0,2.0,10.98,63.0,257,734,2430,1547
1218782033,1400,75,2,1,6,1970.0,8,Κουκάκι - Μακρυγιάννη (Αθήνα - Κέντρο),Αθήνα - Κέντρο (Αττική),37.963097,23.719912,1,1,1,4.0,18.67,56.0,615,406,2782,1886
1219845920,800,55,1,1,7,1970.0,7,Κουκάκι - Μακρυγιάννη (Αθήνα - Κέντρο),Αθήνα - Κέντρο (Αττική),37.963737,23.723066,1,1,1,2.0,14.55,56.0,330,654,2510,1626
1219436163,875,82,3,1,6,1970.0,8,Κουκάκι - Μακρυγιάννη (Αθήνα - Κέντρο),Αθήνα - Κέντρο (Αττική),37.964455,23.724148,1,0,0,2.0,10.67,56.0,224,778,2387,1502
1219747639,1400,75,2,1,8,1968.0,7,Κουκάκι - Μακρυγιάννη (Αθήνα - Κέντρο),Αθήνα - Κέντρο (Αττική),37.962425,23.722521,1,1,1,4.0,18.67,58.0,433,536,2631,1759
1219377217,700,33,0,1,4,1978.0,7,Κουκάκι - Μακρυγιάννη (Αθήνα - Κέντρο),Αθήνα - Κέντρο (Αττική),37.962399,23.720863,0,1,0,Άγνωστο,21.21,48.0,563,411,2753,1870
1220452064,650,39,1,1,6,1980.0,7,Κουκάκι - Μακρυγιάννη (Αθήνα - Κέντρο),Αθήνα - Κέντρο (Αττική),37.96656,23.725155,1,0,1,Άγνωστο,16.67,46.0,266,999,2191,1288
1220137269,1400,75,2,1,9,1965.0,5,Κουκάκι - Μακρυγιάννη (Αθήνα - Κέντρο),Αθήνα - Κέντρο (Αττική),37.9678,23.73031,1,1,1,4.0,18.67,61.0,190,1434,1731,853
1220422047,550,35,1,1,10,1975.0,5,Κουκάκι - Μακρυγιάννη (Αθήνα - Κέντρο),Αθήνα - Κέντρο (Αττική),37.964008,23.724806,1,0,1,1.0,15.71,51.0,175,797,2366,1493
1218762938,1300,81,2,1,8,1970.0,5,Κουκάκι - Μακρυγιάννη (Αθήνα - Κέντρο),Αθήνα - Κέντρο (Αττική),37.967453,23.728981,1,0,1,1.0,16.05,56.0,137,1317,1851,964
1220399662,500,30,1,1,4,1977.0,5,Κουκάκι - Μακρυγιάννη (Αθήνα - Κέντρο),Αθήνα - Κέντρο (Αττική),37.964428,23.723925,1,1,1,1.0,16.67,49.0,243,761,2405,1519
1220363273,460,30,1,1,6,1974.0,5,Κουκάκι - Μακρυγιάννη (Αθήνα - Κέντρο),Αθήνα - Κέντρο (Αττική),37.963722,23.721415,0,0,1,1.0,15.33,52.0,471,544,2633,1739
1219876420,1000,75,2,1,10,1970.0,7,Κουκάκι - Μακρυγιάννη (Αθήνα - Κέντρο),Αθήνα - Κέντρο (Αττική),37.960712,23.718861,1,1,1,4.0,13.33,56.0,806,165,3003,1740
1220506201,700,60,1,1,3,1979.0,6,Κουκάκι - Μακρυγιάννη (Αθήνα - Κέντρο),Αθήνα - Κέντρο (Αττική),37.963303,23.72007,1,1,0,2.0,11.67,47.0,596,432,2758,1861
1220061557,690,58,1,1,7,1980.0,9,Κουκάκι - Μακρυγιάννη (Αθήνα - Κέντρο),Αθήνα - Κέντρο (Αττική),37.965534,23.725012,1,0,1,1.0,11.9,46.0,187,913,2259,1367
1219861724,570,25,0,1,2,1976.0,6,Κουκάκι - Μακρυγιάννη (Αθήνα - Κέντρο),Αθήνα - Κέντρο (Αττική),37.963371,23.719999,1,1,1,1.0,22.8,50.0,601,435,2760,1862
1220095269,1300,116,2,1,9,1978.0,7,Κουκάκι - Μακρυγιάννη (Αθήνα - Κέντρο),Αθήνα - Κέντρο (Αττική),37.96212,23.72208,1,1,0,2.0,11.21,48.0,484,486,2682,1811
1219664608,1150,81,2,1,10,1970.0,6,Κουκάκι - Μακρυγιάννη (Αθήνα - Κέντρο),Αθήνα - Κέντρο (Αττική),37.960915,23.719999,1,1,0,4.0,14.2,56.0,710,266,2908,1788
1220141277,850,55,2,1,7,1970.0,10,Κουκάκι - Μακρυγιάννη (Αθήνα - Κέντρο),Αθήνα - Κέντρο (Αττική),37.963242,23.72121,1,1,1,Άγνωστο,15.45,56.0,501,494,2676,1786
1219776421,690,46,1,1,7,1970.0,6,Κουκάκι - Μακρυγιάννη (Αθήνα - Κέντρο),Αθήνα - Κέντρο (Αττική),37.962223,23.718008,1,0,1,4.0,15.0,56.0,803,239,2975,1889
1219299880,1000,75,2,1,10,1975.0,6,Κουκάκι - Μακρυγιάννη (Αθήνα - Κέντρο),Αθήνα - Κέντρο (Αττική),37.960564,23.719582,0,0,1,1.0,13.33,51.0,762,221,2961,1740
1219022498,850,71,2,1,8,1965.0,7,Κουκάκι - Μακρυγιάννη (Αθήνα - Κέντρο),Αθήνα - Κέντρο (Αττική),37.962849,23.723003,1,1,0,2.0,11.97,61.0,372,595,2569,1696
1219873166,640,54,1,1,1,1963.0,7,Κουκάκι - Μακρυγιάννη (Αθήνα - Κέντρο),Αθήνα - Κέντρο (Αττική),37.965931,23.725494,0,1,0,6.0,11.85,63.0,191,973,2200,1306
1219315282,980,59,1,1,7,2000.0,5,Κουκάκι - Μακρυγιάννη (Αθήνα - Κέντρο),Αθήνα - Κέντρο (Αττική),37.964931,23.723129,1,1,1,1.0,16.61,26.0,317,746,2435,1538
1220503231,875,84,3,1,7,1965.0,6,Κουκάκι - Μακρυγιάννη (Αθήνα - Κέντρο),Αθήνα - Κέντρο (Αττική),37.965351,23.72537,1,1,0,1.0,10.42,61.0,150,924,2243,1356
1219990204,850,55,2,1,7,1980.0,6,Κουκάκι - Μακρυγιάννη (Αθήνα - Κέντρο),Αθήνα - Κέντρο (Αττική),37.963234,23.722073,1,1,1,1.0,15.45,46.0,429,551,2613,1729
1219488735,1100,75,2,1,6,1970.0,6,Κουκάκι - Μακρυγιάννη (Αθήνα - Κέντρο),Αθήνα - Κέντρο (Αττική),37.964108,23.718102,1,1,1,4.0,14.67,56.0,755,443,2865,1954
1219315402,500,30,1,1,9,1988.0,6,Κουκάκι - Μακρυγιάννη (Αθήνα - Κέντρο),Αθήνα - Κέντρο (Αττική),37.961666,23.720636,1,0,0,1.0,16.67,38.0,618,350,2815,1884
1219409240,1000,75,2,1,10,1970.0,6,Κουκάκι - Μακρυγιάννη (Αθήνα - Κέντρο),Αθήνα - Κέντρο (Αττική),37.960793,23.719822,1,0,0,4.0,13.33,56.0,730,248,2929,1771
1219762727,1000,50,1,1,8,1970.0,10,Κουκάκι - Μακρυγιάννη (Αθήνα - Κέντρο),Αθήνα - Κέντρο (Αττική),37.963814,23.722609,1,1,1,4.0,20.0,56.0,367,628,2539,1651
1219770763,1400,75,2,1,8,1968.0,4,Κουκάκι - Μακρυγιάννη (Αθήνα - Κέντρο),Αθήνα - Κέντρο (Αττική),37.962402,23.721916,1,0,1,Άγνωστο,18.67,58.0,480,488,2676,1800
1216838994,950,72,2,1,7,1969.0,8,Κουκάκι - Μακρυγιάννη (Αθήνα - Κέντρο),Αθήνα - Κέντρο (Αττική),37.964859,23.722618,1,0,1,Άγνωστο,13.19,57.0,360,709,2478,1579
1219555141,1300,81,2,1,8,1970.0,9,Κουκάκι - Μακρυγιάννη (Αθήνα - Κέντρο),Αθήνα - Κέντρο (Αττική),37.966461,23.72423,1,0,1,Άγνωστο,16.05,56.0,307,936,2268,1361
1218701639,1100,75,2,1,6,1970.0,4,Κουκάκι - Μακρυγιάννη (Αθήνα - Κέντρο),Αθήνα - Κέντρο (Αττική),37.964134,23.72122,1,1,1,4.0,14.67,56.0,482,567,2624,1725
1220278552,630,43,1,1,9,1973.0,6,Κουκάκι - Μακρυγιάννη (Αθήνα - Κέντρο),Αθήνα - Κέντρο (Αττική),37.963749,23.725241,1,1,1,4.0,14.65,53.0,153,816,2351,1486
1220187212,750,34,1,1,1,1966.0,7,Κουκάκι - Μακρυγιάννη (Αθήνα - Κέντρο),Αθήνα - Κέντρο (Αττική),37.96965,23.731359,0,1,1,4.0,22.06,60.0,284,1633,1550,647
1218839713,1100,75,2,1,6,1970.0,4,Κουκάκι - Μακρυγιάννη (Αθήνα - Κέντρο),Αθήνα - Κέντρο (Αττική),37.963673,23.721003,1,0,0,Άγνωστο,14.67,56.0,508,516,2667,1771
1219982623,750,50,2,1,7,1965.0,9,Κουκάκι - Μακρυγιάννη (Αθήνα - Κέντρο),Αθήνα - Κέντρο (Αττική),37.961224,23.720081,1,1,1,4.0,15.0,61.0,685,285,2883,1823
1218697222,1100,75,2,1,6,1970.0,4,Κουκάκι - Μακρυγιάννη (Αθήνα - Κέντρο),Αθήνα - Κέντρο (Αττική),37.963577,23.719654,1,1,1,Άγνωστο,14.67,56.0,626,437,2774,1873
1219624362,450,34,1,1,2,1972.0,8,Κουκάκι - Μακρυγιάννη (Αθήνα - Κέντρο),Αθήνα - Κέντρο (Αττική),37.963997,23.72139,1,1,0,4.0,13.24,54.0,469,565,2619,1722
1220135050,750,45,1,1,10,1965.0,6,Κουκάκι - Μακρυγιάννη (Αθήνα - Κέντρο),Αθήνα - Κέντρο (Αττική),37.961979,23.721207,1,0,0,2.0,16.67,61.0,557,411,2754,1878
1219910356,690,56,1,1,7,1978.0,5,Κουκάκι - Μακρυγιάννη (Αθήνα - Κέντρο),Αθήνα - Κέντρο (Αττική),37.965954,23.724344,1,0,1,1.0,12.32,48.0,262,901,2286,1385
1219712811,650,30,1,1,8,1970.0,5,Κουκάκι - Μακρυγιάννη (Αθήνα - Κέντρο),Αθήνα - Κέντρο (Αττική),37.966446,23.727974,1,0,1,2.0,21.67,56.0,242,1179,1985,1105
1219999317,820,55,1,1,7,1970.0,3,Κουκάκι - Μακρυγιάννη (Αθήνα - Κέντρο),Αθήνα - Κέντρο (Αττική),37.967918,23.728001,1,1,0,1.0,14.91,56.0,84,1284,1900,997
1220495988,1100,75,2,1,6,1970.0,6,Κουκάκι - Μακρυγιάννη (Αθήνα - Κέντρο),Αθήνα - Κέντρο (Αττική),37.963871,23.719202,1,1,1,4.0,14.67,56.0,661,448,2793,1887
1220384559,1000,75,2,1,10,1970.0,7,Κουκάκι - Μακρυγιάννη (Αθήνα - Κέντρο),Αθήνα - Κέντρο (Αττική),37.960743,23.718956,1,0,0,1.0,13.33,56.0,797,174,2994,1745
1219503400,1100,75,2,1,6,1970.0,4,Κουκάκι - Μακρυγιάννη (Αθήνα - Κέντρο),Αθήνα - Κέντρο (Αττική),37.963871,23.719202,1,0,1,Άγνωστο,14.67,56.0,661,448,2793,1887
1219326828,800,33,1,1,3,1975.0,8,Κουκάκι - Μακρυγιάννη (Αθήνα - Κέντρο),Αθήνα - Κέντρο (Αττική),37.963955,23.72031,0,0,1,4.0,24.24,51.0,563,504,2703,1802
1220060865,1050,79,1,1,6,1965.0,9,Κουκάκι - Μακρυγιάννη (Αθήνα - Κέντρο),Αθήνα - Κέντρο (Αττική),37.968109,23.730507,1,0,0,4.0,13.29,61.0,193,1468,1699,817
1220362051,750,60,2,1,4,1965.0,5,Κουκάκι - Μακρυγιάννη (Αθήνα - Κέντρο),Αθήνα - Κέντρο (Αττική),37.963371,23.71879,0,1,0,Άγνωστο,12.5,61.0,705,382,2851,1948
1220300785,600,40,1,1,9,1967.0,7,Κουκάκι - Μακρυγιάννη (Αθήνα - Κέντρο),Αθήνα - Κέντρο (Αττική),37.96492,23.724516,1,0,0,4.0,15.0,59.0,197,836,2332,1444
1219995556,850,55,2,1,7,1970.0,6,Κουκάκι - Μακρυγιάννη (Αθήνα - Κέντρο),Αθήνα - Κέντρο (Αττική),37.964092,23.721355,1,1,1,Άγνωστο,15.45,56.0,471,571,2617,1719
1219982092,800,78,1,1,7,1970.0,5,Κουκάκι - Μακρυγιάννη (Αθήνα - Κέντρο),Αθήνα - Κέντρο (Αττική),37.96357,23.722776,0,0,0,1.0,10.26,56.0,359,623,2541,1657
1213156215,550,60,1,1,11,1980.0,1,Κουκάκι - Μακρυγιάννη (Αθήνα - Κέντρο),Αθήνα - Κέντρο (Αττική),37.963631,23.717369,1,1,1,Άγνωστο,9.17,46.0,824,382,2947,2035
1219092829,980,59,1,1,7,1970.0,5,Κουκάκι - Μακρυγιάννη (Αθήνα - Κέντρο),Αθήνα - Κέντρο (Αττική),37.965103,23.723873,1,0,1,1.0,16.61,56.0,257,806,2369,1475
1216767921,800,50,1,1,9,1972.0,4,Κουκάκι - Μακρυγιάννη (Αθήνα - Κέντρο),Αθήνα - Κέντρο (Αττική),37.96336,23.72064,1,1,1,Άγνωστο,16.0,54.0,546,469,2712,1818
1220341769,1350,100,2,1,8,1975.0,5,Κουκάκι - Μακρυγιάννη (Αθήνα - Κέντρο),Αθήνα - Κέντρο (Αττική),37.962551,23.721291,1,1,0,2.0,13.5,51.0,521,451,2712,1830
1219119300,875,80,2,1,7,1963.0,4,Κουκάκι - Μακρυγιάννη (Αθήνα - Κέντρο),Αθήνα - Κέντρο (Αττική),37.964046,23.723774,1,1,0,2.0,10.94,63.0,261,725,2439,1557
1218585690,900,52,2,1,3,1970.0,10,Κουκάκι - Μακρυγιάννη (Αθήνα - Κέντρο),Αθήνα - Κέντρο (Αττική),37.962742,23.719851,0,0,1,Άγνωστο,17.31,56.0,631,372,2807,1914
1219332599,800,33,1,1,3,1975.0,8,Κουκάκι - Μακρυγιάννη (Αθήνα - Κέντρο),Αθήνα - Κέντρο (Αττική),37.963955,23.72031,0,0,1,4.0,24.24,51.0,563,504,2703,1802
1220482997,750,60,2,1,3,1965.0,7,Κουκάκι - Μακρυγιάννη (Αθήνα - Κέντρο),Αθήνα - Κέντρο (Αττική),37.963367,23.720791,0,1,0,Άγνωστο,12.5,61.0,533,478,2700,1807
1220154730,800,40,1,1,13,2012.0,5,Κουκάκι - Μακρυγιάννη (Αθήνα - Κέντρο),Αθήνα - Κέντρο (Αττική),37.962662,23.723677,1,0,1,Άγνωστο,20.0,14.0,335,638,2533,1668
1220357255,580,60,2,1,6,1962.0,7,Ζωγράφου (Αθήνα - Νότια Προάστια),Αθήνα - Νότια Προάστια (Αττική),37.980518,23.769175,0,1,0,4.0,9.67,64.0,1299,1250,471,2290
1220260968,950,50,1,1,8,2026.0,6,Ζωγράφου (Αθήνα - Νότια Προάστια),Αθήνα - Νότια Προάστια (Αττική),37.982422,23.771557,1,0,1,2.0,19.0,0.0,1305,1144,497,2495
1220384125,580,36,1,1,3,1971.0,8,Ζωγράφου (Αθήνα - Νότια Προάστια),Αθήνα - Νότια Προάστια (Αττική),37.977299,23.772795,0,1,1,4.0,16.11,55.0,1769,877,947,2492
1220462202,700,70,2,1,8,1970.0,9,Ζωγράφου (Αθήνα - Νότια Προάστια),Αθήνα - Νότια Προάστια (Αττική),37.976494,23.768259,1,1,0,1.0,10.0,56.0,1399,890,863,2088
1220462306,600,35,1,1,6,1970.0,7,Ζωγράφου (Αθήνα - Νότια Προάστια),Αθήνα - Νότια Προάστια (Αττική),37.976128,23.762558,1,1,0,1.0,17.14,56.0,933,909,945,1613
1220499416,600,31,1,1,9,1980.0,7,Ζωγράφου (Αθήνα - Νότια Προάστια),Αθήνα - Νότια Προάστια (Αττική),37.972679,23.777332,1,1,1,1.0,19.35,46.0,2281,695,1596,2765
1220479405,650,50,1,1,9,1974.0,8,Ζωγράφου (Αθήνα - Νότια Προάστια),Αθήνα - Νότια Προάστια (Αττική),37.977898,23.767044,1,1,0,4.0,13.0,52.0,1267,1035,693,2053
1220499330,950,81,2,1,10,1975.0,5,Ζωγράφου (Αθήνα - Νότια Προάστια),Αθήνα - Νότια Προάστια (Αττική),37.979279,23.771301,1,1,0,2.0,11.73,51.0,1531,1034,692,2455
1220500095,400,27,1,1,9,1975.0,7,Ζωγράφου (Αθήνα - Νότια Προάστια),Αθήνα - Νότια Προάστια (Αττική),37.97266,23.778774,1,1,0,1.0,14.81,51.0,2340,616,1677,2890
1220295670,750,53,1,1,8,1968.0,4,Ζωγράφου (Αθήνα - Νότια Προάστια),Αθήνα - Νότια Προάστια (Αττική),37.983501,23.769001,1,1,1,2.0,14.15,58.0,1125,1398,246,2278
1220450506,900,100,2,2,10,1972.0,6,Ζωγράφου (Αθήνα - Νότια Προάστια),Αθήνα - Νότια Προάστια (Αττική),37.975426,23.776037,1,1,1,1.0,9.0,54.0,2021,625,1288,2706
1220371387,600,34,1,1,7,1970.0,6,Ζωγράφου (Αθήνα - Νότια Προάστια),Αθήνα - Νότια Προάστια (Αττική),37.970734,23.768496,1,1,1,1.0,17.65,56.0,1681,290,1499,1975
1220486942,650,58,1,1,6,1965.0,8,Ζωγράφου (Αθήνα - Νότια Προάστια),Αθήνα - Νότια Προάστια (Αττική),37.971901,23.779757,0,1,1,4.0,11.21,61.0,2434,647,1798,2968
1220409588,470,29,1,1,6,2004.0,6,Ζωγράφου (Αθήνα - Νότια Προάστια),Αθήνα - Νότια Προάστια (Αττική),37.979332,23.768661,1,0,0,1.0,16.21,22.0,1346,1207,569,2251
1220432279,510,55,1,1,4,1975.0,7,Ζωγράφου (Αθήνα - Νότια Προάστια),Αθήνα - Νότια Προάστια (Αττική),37.984081,23.770109,1,1,1,2.0,9.27,51.0,1172,1350,334,2381
1220167561,1120,123,4,1,9,1981.0,8,Ζωγράφου (Αθήνα - Νότια Προάστια),Αθήνα - Νότια Προάστια (Αττική),37.976158,23.76877,1,1,0,1.0,9.11,45.0,1451,862,909,2117
1220443696,1000,100,3,1,8,1975.0,5,Ζωγράφου (Αθήνα - Νότια Προάστια),Αθήνα - Νότια Προάστια (Αττική),37.975388,23.762819,1,0,0,2.0,10.0,51.0,988,824,1016,1600
1220129135,400,35,1,1,2,1983.0,7,Ζωγράφου (Αθήνα - Νότια Προάστια),Αθήνα - Νότια Προάστια (Αττική),37.974651,23.77107,1,1,0,4.0,11.43,43.0,1691,779,1131,2263
1220482612,550,80,2,1,4,1960.0,5,Ζωγράφου (Αθήνα - Νότια Προάστια),Αθήνα - Νότια Προάστια (Αττική),37.980644,23.770506,0,0,0,1.0,6.88,66.0,1389,1144,533,2405
1220166587,550,55,1,1,7,1983.0,5,Ζωγράφου (Αθήνα - Νότια Προάστια),Αθήνα - Νότια Προάστια (Αττική),37.974079,23.776333,1,0,0,1.0,10.0,43.0,2151,665,1419,2701
1220179058,400,27,1,1,11,1970.0,7,Ζωγράφου (Αθήνα - Νότια Προάστια),Αθήνα - Νότια Προάστια (Αττική),37.981407,23.765404,1,1,0,1.0,14.81,56.0,979,1428,310,1955
1214282891,635,40,1,1,10,2007.0,6,Ζωγράφου (Αθήνα - Νότια Προάστια),Αθήνα - Νότια Προάστια (Αττική),37.981548,23.773729,1,0,0,1.0,15.88,19.0,1356,931,710,2685
1220464110,600,55,1,1,4,1975.0,7,Ζωγράφου (Αθήνα - Νότια Προάστια),Αθήνα - Νότια Προάστια (Αττική),37.97627496330275,23.771053642201835,0,1,0,Άγνωστο,10.91,51.0,1643,938,965,2311
1220354118,600,46,1,1,3,1970.0,9,Ζωγράφου (Αθήνα - Νότια Προάστια),Αθήνα - Νότια Προάστια (Αττική),37.981339,23.772718,1,1,1,2.0,13.04,56.0,1395,996,641,2596
1219066723,1050,100,2,2,6,2009.0,6,Νέα Σμύρνη (Αθήνα - Νότια Προάστια),Αθήνα - Νότια Προάστια (Αττική),37.947247,23.710478,1,1,1,2.0,10.5,17.0,1982,1553,4531,380
1219488677,1140,100,3,1,6,2003.0,4,Νέα Σμύρνη (Αθήνα - Νότια Προάστια),Αθήνα - Νότια Προάστια (Αττική),37.94894,23.719219,1,0,1,1.0,11.4,23.0,1289,1266,3877,583
1220333889,1100,95,2,1,7,1969.0,8,Νέα Σμύρνη (Αθήνα - Νότια Προάστια),Αθήνα - Νότια Προάστια (Αττική),37.94109,23.713474,0,1,1,Άγνωστο,11.58,57.0,2288,2149,4874,494
1220384493,670,95,2,1,6,1970.0,10,Νέα Σμύρνη (Αθήνα - Νότια Προάστια),Αθήνα - Νότια Προάστια (Αττική),37.953571,23.713436,1,0,0,Άγνωστο,7.05,56.0,1418,804,3864,900
1220377705,550,50,1,1,10,1975.0,4,Νέα Σμύρνη (Αθήνα - Νότια Προάστια),Αθήνα - Νότια Προάστια (Αττική),37.941677,23.707998,1,1,0,1.0,11.0,51.0,2551,2209,5130,690
1219644245,950,104,3,1,6,1981.0,5,Νέα Σμύρνη (Αθήνα - Νότια Προάστια),Αθήνα - Νότια Προάστια (Αττική),37.940945,23.710546,1,1,0,1.0,9.13,45.0,2459,2217,5046,599
1220491654,550,32,1,1,4,1979.0,7,Νέα Σμύρνη (Αθήνα - Νότια Προάστια),Αθήνα - Νότια Προάστια (Αττική),37.94418,23.72016,1,1,1,2.0,17.19,47.0,1689,1801,4254,543
1219974657,650,40,1,1,3,1980.0,5,Νέα Σμύρνη (Αθήνα - Νότια Προάστια),Αθήνα - Νότια Προάστια (Αττική),37.943325,23.703873,0,1,1,1.0,16.25,46.0,2707,2206,4990,937
1220107812,800,110,2,1,7,1990.0,9,Νέα Σμύρνη (Αθήνα - Νότια Προάστια),Αθήνα - Νότια Προάστια (Αττική),37.947239,23.715357,1,0,0,4.0,7.27,36.0,1658,1449,4239,218
1220006235,1000,75,2,1,8,1977.0,2,Νέα Σμύρνη (Αθήνα - Νότια Προάστια),Αθήνα - Νότια Προάστια (Αττική),37.945213,23.715443,0,1,1,4.0,13.33,49.0,1819,1673,4407,114
1219969370,590,30,1,1,3,1975.0,6,Νέα Σμύρνη (Αθήνα - Νότια Προάστια),Αθήνα - Νότια Προάστια (Αττική),37.950363,23.718939,0,1,1,1.0,19.67,51.0,1190,1106,3771,682
1220252581,700,70,2,1,9,1978.0,5,Νέα Σμύρνη (Αθήνα - Νότια Προάστια),Αθήνα - Νότια Προάστια (Αττική),37.951134,23.718559,1,0,0,Άγνωστο,10.0,48.0,1158,1016,3729,734
1220466554,890,92,2,1,7,1970.0,6,Νέα Σμύρνη (Αθήνα - Νότια Προάστια),Αθήνα - Νότια Προάστια (Αττική),37.945137,23.703421,1,0,0,4.0,9.67,56.0,2626,2060,4983,946
1220153973,1280,115,2,1,10,1975.0,6,Νέα Σμύρνη (Αθήνα - Νότια Προάστια),Αθήνα - Νότια Προάστια (Αττική),37.943581,23.71427,1,1,0,2.0,11.13,51.0,2025,1865,4613,213
1220343919,680,67,2,1,7,1990.0,6,Νέα Σμύρνη (Αθήνα - Νότια Προάστια),Αθήνα - Νότια Προάστια (Αττική),37.942684,23.706791,1,0,0,4.0,10.15,36.0,2553,2147,5120,721
1219991753,680,30,1,1,6,1971.0,6,Νέα Σμύρνη (Αθήνα - Νότια Προάστια),Αθήνα - Νότια Προάστια (Αττική),37.94582,23.712654,1,1,1,1.0,22.67,55.0,1938,1646,4515,140
1220186275,930,87,2,1,8,1975.0,9,Νέα Σμύρνη (Αθήνα - Νότια Προάστια),Αθήνα - Νότια Προάστια (Αττική),37.950111,23.714075,1,0,0,2.0,10.69,51.0,1541,1153,4083,513
1220142947,900,120,3,1,7,1983.0,7,Νέα Σμύρνη (Αθήνα - Νότια Προάστια),Αθήνα - Νότια Προάστια (Αττική),37.950085,23.70974,0,0,0,Άγνωστο,7.5,43.0,1871,1297,4362,643
1219701235,1100,75,2,1,9,1970.0,5,Νέα Σμύρνη (Αθήνα - Νότια Προάστια),Αθήνα - Νότια Προάστια (Αττική),37.946308,23.706598,1,1,1,4.0,14.67,56.0,2321,1798,4849,673
1220247025,1250,160,3,1,6,1975.0,5,Νέα Σμύρνη (Αθήνα - Νότια Προάστια),Αθήνα - Νότια Προάστια (Αττική),37.9506,23.720493,1,1,0,Άγνωστο,7.81,51.0,1076,1108,3663,791
1220256579,950,86,2,1,8,1979.0,8,Νέα Σμύρνη (Αθήνα - Νότια Προάστια),Αθήνα - Νότια Προάστια (Αττική),37.950806,23.717405,1,1,0,2.0,11.05,47.0,1259,1045,3824,654
1220423308,400,36,1,1,3,1985.0,6,Νέα Σμύρνη (Αθήνα - Νότια Προάστια),Αθήνα - Νότια Προάστια (Αττική),37.940128,23.716045,1,0,0,2.0,11.11,41.0,2145,2234,4829,619
1220498725,800,75,2,2,7,1989.0,6,Νέα Σμύρνη (Αθήνα - Νότια Προάστια),Αθήνα - Νότια Προάστια (Αττική),37.952667,23.714079,1,1,0,2.0,10.67,37.0,1403,879,3887,797
1220397262,730,58,1,1,6,1998.0,4,Νέα Σμύρνη (Αθήνα - Νότια Προάστια),Αθήνα - Νότια Προάστια (Αττική),37.942368,23.723475,1,0,0,1.0,12.59,28.0,1506,2060,4275,885
1220434130,650,74,2,1,6,1977.0,3,Νέα Σμύρνη (Αθήνα - Νότια Προάστια),Αθήνα - Νότια Προάστια (Αττική),37.95269,23.713659,0,1,0,Άγνωστο,8.78,49.0,1436,888,3913,801
1219925507,450,40,1,1,0,1977.0,10,Νέα Σμύρνη (Αθήνα - Νότια Προάστια),Αθήνα - Νότια Προάστια (Αττική),37.940941,23.722071,0,1,0,1.0,11.25,49.0,1617,2185,4474,856
1219993818,1000,80,2,2,9,2006.0,5,Νέα Σμύρνη (Αθήνα - Νότια Προάστια),Αθήνα - Νότια Προάστια (Αττική),37.943493,23.723703,1,0,1,1.0,12.5,20.0,1434,1946,4156,863
1220241803,1150,125,3,2,10,1977.0,5,Νέα Σμύρνη (Αθήνα - Νότια Προάστια),Αθήνα - Νότια Προάστια (Αττική),37.942451,23.711653,1,1,0,1.0,9.2,49.0,2269,2031,4855,406
1220402226,1000,118,2,1,11,1975.0,7,Νέα Σμύρνη (Αθήνα - Νότια Προάστια),Αθήνα - Νότια Προάστια (Αττική),37.946621,23.70623,1,0,0,2.0,8.47,51.0,2330,1786,4849,710
1220420998,550,50,1,2,0,1965.0,10,Νέα Σμύρνη (Αθήνα - Νότια Προάστια),Αθήνα - Νότια Προάστια (Αττική),37.945473191666665,23.71422833333333,0,0,1,1.0,11.0,61.0,1868,1657,4453,4
1220366689,520,24,0,1,9,1998.0,5,Νέα Σμύρνη (Αθήνα - Νότια Προάστια),Αθήνα - Νότια Προάστια (Αττική),37.931717,23.712181,1,1,1,1.0,21.67,28.0,2673,3196,5705,1543
1220401586,800,87,2,1,6,1978.0,6,Νέα Σμύρνη (Αθήνα - Νότια Προάστια),Αθήνα - Νότια Προάστια (Αττική),37.944881,23.715519,1,1,0,2.0,9.2,48.0,1844,1709,4432,135
1220490737,950,140,3,2,7,2003.0,4,Νέα Σμύρνη (Αθήνα - Νότια Προάστια),Αθήνα - Νότια Προάστια (Αττική),37.939106,23.719669,1,1,0,2.0,6.79,23.0,1834,2356,4755,858
1220148129,460,27,1,1,10,1975.0,3,Νέα Σμύρνη (Αθήνα - Νότια Προάστια),Αθήνα - Νότια Προάστια (Αττική),37.94574,23.71207,1,1,0,4.0,17.04,51.0,1981,1667,4556,189
1220384359,500,34,1,1,3,1980.0,8,Νέα Σμύρνη (Αθήνα - Νότια Προάστια),Αθήνα - Νότια Προάστια (Αττική),37.951588,23.71483,0,0,1,2.0,14.71,46.0,1399,978,3921,679
1220247029,1350,160,3,1,6,1975.0,6,Νέα Σμύρνη (Αθήνα - Νότια Προάστια),Αθήνα - Νότια Προάστια (Αττική),37.9506,23.720493,1,1,0,Άγνωστο,8.44,51.0,1076,1108,3663,791
1220037215,600,63,2,1,3,1977.0,5,Νέα Σμύρνη (Αθήνα - Νότια Προάστια),Αθήνα - Νότια Προάστια (Αττική),37.942886,23.703009,0,0,1,2.0,9.52,49.0,2797,2288,4909,1009
1220252730,700,69,2,1,9,1979.0,5,Νέα Σμύρνη (Αθήνα - Νότια Προάστια),Αθήνα - Νότια Προάστια (Αττική),37.952007,23.716881,1,0,0,Άγνωστο,10.14,47.0,1220,911,3760,761
1212187843,1200,140,3,1,7,1982.0,2,Νέα Σμύρνη (Αθήνα - Νότια Προάστια),Αθήνα - Νότια Προάστια (Αττική),37.943859,23.70393,1,1,0,2.0,8.57,44.0,2668,2153,5004,919
1219919998,1150,75,2,2,9,1970.0,6,Νέα Σμύρνη (Αθήνα - Νότια Προάστια),Αθήνα - Νότια Προάστια (Αττική),37.94865,23.707373,1,0,1,4.0,15.33,56.0,2129,1542,4624,694
1220274971,900,97,2,1,3,1977.0,7,Νέα Σμύρνη (Αθήνα - Νότια Προάστια),Αθήνα - Νότια Προάστια (Αττική),37.944168,23.715927,1,0,0,4.0,9.28,49.0,1885,1786,4472,212
1220418349,420,49,1,1,3,1973.0,8,Νέα Σμύρνη (Αθήνα - Νότια Προάστια),Αθήνα - Νότια Προάστια (Αττική),37.953987,23.714975,0,0,0,1.0,8.57,53.0,1276,716,3731,946
1220366736,500,30,0,0,12,1975.0,7,Νέα Σμύρνη (Αθήνα - Νότια Προάστια),Αθήνα - Νότια Προάστια (Αττική),37.946621,23.70623,1,1,0,Άγνωστο,16.67,51.0,2330,1786,4849,710
1220429815,850,90,2,1,10,1974.0,6,Νέα Σμύρνη (Αθήνα - Νότια Προάστια),Αθήνα - Νότια Προάστια (Αττική),37.950329,23.711658,1,1,0,2.0,9.44,52.0,1710,1197,4219,581
1220391637,800,77,2,1,6,1975.0,3,Νέα Σμύρνη (Αθήνα - Νότια Προάστια),Αθήνα - Νότια Προάστια (Αττική),37.942585,23.713076,1,1,0,1.0,10.39,51.0,2177,1990,4765,339
1220391670,400,20,1,1,11,1978.0,7,Νέα Σμύρνη (Αθήνα - Νότια Προάστια),Αθήνα - Νότια Προάστια (Αττική),37.945461,23.715801,1,1,0,4.0,20.0,48.0,1778,1643,4366,140
1220242066,600,50,1,1,8,2007.0,5,Νέα Σμύρνη (Αθήνα - Νότια Προάστια),Αθήνα - Νότια Προάστια (Αττική),37.950756,23.715258,1,0,0,2.0,12.0,19.0,1415,1062,3959,592
1220469317,580,45,1,1,7,1990.0,7,Νέα Σμύρνη (Αθήνα - Νότια Προάστια),Αθήνα - Νότια Προάστια (Αττική),37.942589,23.707226,1,0,1,1.0,12.89,36.0,2531,2141,5101,692
1213867950,550,50,1,1,2,1980.0,7,Νέα Σμύρνη (Αθήνα - Νότια Προάστια),Αθήνα - Νότια Προάστια (Αττική),37.94751,23.713612,0,0,0,2.0,11.0,46.0,1749,1444,4319,229
1219737840,1050,120,3,1,6,1977.0,5,Νέα Σμύρνη (Αθήνα - Νότια Προάστια),Αθήνα - Νότια Προάστια (Αττική),37.94017,23.712021,1,1,0,2.0,8.75,49.0,2446,2271,5033,623
1218393197,1300,140,3,1,6,1992.0,5,Νέα Σμύρνη (Αθήνα - Νότια Προάστια),Αθήνα - Νότια Προάστια (Αττική),37.939369,23.715586,1,1,0,2.0,9.29,34.0,2189,2320,4922,692
1220414114,700,65,2,1,3,1974.0,2,Νέα Σμύρνη (Αθήνα - Νότια Προάστια),Αθήνα - Νότια Προάστια (Αττική),37.952538,23.716335,1,1,1,2.0,10.77,52.0,1232,855,3752,805
1212727828,670,40,1,1,3,2021.0,2,Νέα Σμύρνη (Αθήνα - Νότια Προάστια),Αθήνα - Νότια Προάστια (Αττική),37.942768,23.71678,0,0,1,2.0,16.75,5.0,1971,1939,4552,379
1220340593,900,70,2,1,6,1977.0,3,Νέα Σμύρνη (Αθήνα - Νότια Προάστια),Αθήνα - Νότια Προάστια (Αττική),37.943081,23.702787,1,1,1,2.0,12.86,49.0,2800,2280,4892,1000
1220415337,730,74,2,1,8,1979.0,7,Νέα Σμύρνη (Αθήνα - Νότια Προάστια),Αθήνα - Νότια Προάστια (Αττική),37.945717,23.721066,1,1,0,2.0,9.86,47.0,1501,1648,4068,603
1220370889,970,92,2,1,6,2004.0,5,Νέα Σμύρνη (Αθήνα - Νότια Προάστια),Αθήνα - Νότια Προάστια (Αττική),37.948177,23.722742,1,1,0,1.0,10.54,22.0,1191,1425,3759,806
1220335949,900,71,2,1,6,1972.0,3,Νέα Σμύρνη (Αθήνα - Νότια Προάστια),Αθήνα - Νότια Προάστια (Αττική),37.942879,23.704588,1,1,0,4.0,12.68,54.0,2687,2217,5046,892
1220364637,730,58,1,1,6,1998.0,4,Νέα Σμύρνη (Αθήνα - Νότια Προάστια),Αθήνα - Νότια Προάστια (Αττική),37.94244,23.722254,1,0,0,1.0,12.59,28.0,1600,2026,4321,784
1219919955,1050,120,4,1,6,1979.0,5,Νέα Σμύρνη (Αθήνα - Νότια Προάστια),Αθήνα - Νότια Προάστια (Αττική),37.94223,23.712982,1,1,0,2.0,8.75,47.0,2213,2031,4801,379
1220371399,1380,85,2,2,7,2024.0,2,Νέα Σμύρνη (Αθήνα - Νότια Προάστια),Αθήνα - Νότια Προάστια (Αττική),37.942368,23.714893,1,0,1,2.0,16.24,2.0,2100,1992,4686,354
1219928754,1220,78,2,1,6,1980.0,9,Νέα Σμύρνη (Αθήνα - Νότια Προάστια),Αθήνα - Νότια Προάστια (Αττική),37.946369,23.70624,1,1,1,2.0,15.64,46.0,2344,1809,4867,705
1218917036,900,89,2,1,8,1980.0,9,Νέα Σμύρνη (Αθήνα - Νότια Προάστια),Αθήνα - Νότια Προάστια (Αττική),37.946114,23.721216,1,1,1,1.0,10.11,46.0,1456,1607,4024,619
1220133947,1000,102,2,1,9,1971.0,7,Νέα Σμύρνη (Αθήνα - Νότια Προάστια),Αθήνα - Νότια Προάστια (Αττική),37.944965,23.711573,0,1,0,1.0,9.8,55.0,2072,1762,4649,238
1220372487,750,70,2,1,7,1988.0,7,Νέα Σμύρνη (Αθήνα - Νότια Προάστια),Αθήνα - Νότια Προάστια (Αττική),37.941254,23.704847,1,0,0,4.0,10.71,38.0,2786,2365,5049,946
1218899344,1300,105,2,2,10,1974.0,6,Νέα Σμύρνη (Αθήνα - Νότια Προάστια),Αθήνα - Νότια Προάστια (Αττική),37.942085,23.704988,1,0,1,1.0,12.38,52.0,2716,2277,5071,893
1219962287,900,75,2,1,6,1972.0,5,Νέα Σμύρνη (Αθήνα - Νότια Προάστια),Αθήνα - Νότια Προάστια (Αττική),37.943607,23.705734,1,1,1,2.0,12.0,54.0,2558,2097,5111,772
1220278399,1200,165,4,2,10,1975.0,7,Νέα Σμύρνη (Αθήνα - Νότια Προάστια),Αθήνα - Νότια Προάστια (Αττική),37.950897,23.714268,1,0,0,2.0,7.27,51.0,1480,1064,4009,600
1218622772,1350,97,3,1,7,2011.0,5,Νέα Σμύρνη (Αθήνα - Νότια Προάστια),Αθήνα - Νότια Προάστια (Αττική),37.936714,23.715065,1,0,0,2.0,13.92,15.0,2272,2618,5193,980
1219570050,1150,90,3,2,6,1979.0,8,Νέα Σμύρνη (Αθήνα - Νότια Προάστια),Αθήνα - Νότια Προάστια (Αττική),37.951653,23.713234,1,1,1,4.0,12.78,47.0,1519,1009,4018,689
1220425011,700,64,2,1,4,1973.0,7,Νέα Σμύρνη (Αθήνα - Νότια Προάστια),Αθήνα - Νότια Προάστια (Αττική),37.951569,23.716854,0,1,1,2.0,10.94,53.0,1249,960,3796,714
1220322896,900,70,2,1,6,1972.0,7,Νέα Σμύρνη (Αθήνα - Νότια Προάστια),Αθήνα - Νότια Προάστια (Αττική),37.943035,23.704075,1,1,1,2.0,12.86,54.0,2712,2224,5004,929
1220384201,750,71,2,1,8,1964.0,8,Νέα Σμύρνη (Αθήνα - Νότια Προάστια),Αθήνα - Νότια Προάστια (Αττική),37.945507,23.710897,1,1,0,1.0,10.56,62.0,2075,1722,4644,290
1220298912,750,70,2,1,3,1980.0,6,Νέα Σμύρνη (Αθήνα - Νότια Προάστια),Αθήνα - Νότια Προάστια (Αττική),37.949551,23.711107,0,0,1,2.0,10.71,46.0,1795,1295,4313,526
1220298843,1100,95,2,1,7,1965.0,9,Νέα Σμύρνη (Αθήνα - Νότια Προάστια),Αθήνα - Νότια Προάστια (Αττική),37.941933,23.714869,0,1,1,4.0,11.58,61.0,2141,2041,4726,401
1219927585,650,45,1,1,9,1973.0,8,Νέα Σμύρνη (Αθήνα - Νότια Προάστια),Αθήνα - Νότια Προάστια (Αττική),37.949272,23.712751,1,1,1,1.0,14.44,53.0,1690,1274,4231,438
1219424097,850,86,2,1,9,1972.0,7,Νέα Σμύρνη (Αθήνα - Νότια Προάστια),Αθήνα - Νότια Προάστια (Αττική),37.945774,23.712257,1,1,0,4.0,9.88,54.0,1966,1659,4542,173
1218840557,1000,114,2,2,8,1976.0,7,Νέα Σμύρνη (Αθήνα - Νότια Προάστια),Αθήνα - Νότια Προάστια (Αττική),37.951359,23.712864,1,1,0,2.0,8.77,50.0,1562,1051,4064,662
1219689380,1050,120,3,1,6,1978.0,5,Νέα Σμύρνη (Αθήνα - Νότια Προάστια),Αθήνα - Νότια Προάστια (Αττική),37.939308,23.711563,1,1,0,2.0,8.75,48.0,2542,2373,5134,726
1219904736,1100,112,3,1,6,1965.0,4,Νέα Σμύρνη (Αθήνα - Νότια Προάστια),Αθήνα - Νότια Προάστια (Αττική),37.933723,23.711929,0,1,0,2.0,9.82,61.0,2620,2979,5622,1325
1220316315,650,85,2,1,7,1983.0,10,Νέα Σμύρνη (Αθήνα - Νότια Προάστια),Αθήνα - Νότια Προάστια (Αττική),37.946239,23.726921,0,1,0,1.0,7.65,43.0,1054,1775,3752,1118
1220136059,930,87,2,1,8,1975.0,9,Νέα Σμύρνη (Αθήνα - Νότια Προάστια),Αθήνα - Νότια Προάστια (Αττική),37.949711,23.715544,1,1,1,2.0,10.69,51.0,1463,1174,4025,483
1216037930,850,110,2,1,7,1970.0,9,Νέα Σμύρνη (Αθήνα - Νότια Προάστια),Αθήνα - Νότια Προάστια (Αττική),37.947353,23.713581,1,0,0,4.0,7.73,56.0,1763,1461,4334,213
1220282661,490,49,2,1,2,1965.0,6,Νέα Σμύρνη (Αθήνα - Νότια Προάστια),Αθήνα - Νότια Προάστια (Αττική),37.951832,23.71604,0,1,0,4.0,10.0,61.0,1293,935,3826,722
1220111456,720,58,1,1,8,1975.0,8,Νέα Σμύρνη (Αθήνα - Νότια Προάστια),Αθήνα - Νότια Προάστια (Αττική),37.943321,23.713072,1,1,0,1.0,12.41,51.0,2114,1910,4701,262
1220136521,850,90,2,1,10,1990.0,7,Νέα Σμύρνη (Αθήνα - Νότια Προάστια),Αθήνα - Νότια Προάστια (Αττική),37.951996,23.713905,1,1,0,1.0,9.44,36.0,1449,954,3949,723
1220414988,1050,85,2,0,4,1985.0,3,Νέα Σμύρνη (Αθήνα - Νότια Προάστια),Αθήνα - Νότια Προάστια (Αττική),37.945724,23.718889,0,1,0,2.0,12.35,41.0,1595,1617,4177,412
1219799626,1100,75,2,2,9,1970.0,5,Νέα Σμύρνη (Αθήνα - Νότια Προάστια),Αθήνα - Νότια Προάστια (Αττική),37.947159,23.707541,1,1,1,4.0,14.67,56.0,2200,1675,4724,612
1220178538,930,87,2,1,8,1975.0,7,Νέα Σμύρνη (Αθήνα - Νότια Προάστια),Αθήνα - Νότια Προάστια (Αττική),37.950958,23.714472,1,1,1,2.0,10.69,51.0,1461,1053,3992,607
1219367518,550,30,1,1,11,1990.0,5,Νέα Σμύρνη (Αθήνα - Νότια Προάστια),Αθήνα - Νότια Προάστια (Αττική),37.943291,23.706026,1,1,1,1.0,18.33,36.0,2560,2116,5118,758
1220476573,1050,85,2,1,4,1982.0,4,Νέα Σμύρνη (Αθήνα - Νότια Προάστια),Αθήνα - Νότια Προάστια (Αττική),37.945076,23.717852,1,1,0,2.0,12.35,44.0,1705,1683,4289,324
1220221760,720,70,2,1,7,1975.0,6,Νέα Σμύρνη (Αθήνα - Νότια Προάστια),Αθήνα - Νότια Προάστια (Αττική),37.942661,23.712217,1,0,0,1.0,10.29,51.0,2219,1997,4806,360
1220414942,1050,85,2,1,4,1985.0,6,Νέα Σμύρνη (Αθήνα - Νότια Προάστια),Αθήνα - Νότια Προάστια (Αττική),37.946285,23.718658,0,1,0,2.0,12.35,41.0,1554,1553,4139,401
1220367575,730,58,1,1,6,1998.0,4,Νέα Σμύρνη (Αθήνα - Νότια Προάστια),Αθήνα - Νότια Προάστια (Αττική),37.941483,23.721785,1,0,0,1.0,12.59,28.0,1644,2121,4434,801
1220348520,800,115,3,1,8,1967.0,9,Νέα Σμύρνη (Αθήνα - Νότια Προάστια),Αθήνα - Νότια Προάστια (Αττική),37.949608,23.709475,1,0,0,1.0,6.96,59.0,1916,1354,4415,617
1220409463,1200,85,0,1,4,1985.0,3,Νέα Σμύρνη (Αθήνα - Νότια Προάστια),Αθήνα - Νότια Προάστια (Αττική),37.94614,23.714996,1,1,0,2.0,14.12,41.0,1768,1574,4353,100
1220402261,850,70,2,1,0,1971.0,7,Νέα Σμύρνη (Αθήνα - Νότια Προάστια),Αθήνα - Νότια Προάστια (Αττική),37.94664,23.71106,1,1,1,2.0,12.14,55.0,1983,1598,4543,303
1220334482,780,52,2,1,7,1971.0,6,Νέα Σμύρνη (Αθήνα - Νότια Προάστια),Αθήνα - Νότια Προάστια (Αττική),37.943039,23.715466,1,1,0,2.0,15.0,55.0,2010,1914,4596,295
1219974619,1250,112,3,1,6,1965.0,4,Νέα Σμύρνη (Αθήνα - Νότια Προάστια),Αθήνα - Νότια Προάστια (Αττική),37.93338,23.713987,0,1,0,2.0,11.16,61.0,2460,2995,5558,1348
1218041813,1200,45,1,1,6,2008.0,5,Νέα Σμύρνη (Αθήνα - Νότια Προάστια),Αθήνα - Νότια Προάστια (Αττική),37.940647,23.709362,1,1,1,2.0,26.67,18.0,2552,2278,5138,686
1219597427,850,90,2,1,8,1982.0,5,Νέα Σμύρνη (Αθήνα - Νότια Προάστια),Αθήνα - Νότια Προάστια (Αττική),37.947903,23.722294,1,0,0,2.0,9.44,44.0,1236,1441,3807,758
1220433308,700,85,1,1,3,1972.0,6,Νέα Σμύρνη (Αθήνα - Νότια Προάστια),Αθήνα - Νότια Προάστια (Αττική),37.949326,23.712395,0,1,0,2.0,8.24,54.0,1712,1278,4249,454
1220371520,970,90,2,2,6,2004.0,5,Νέα Σμύρνη (Αθήνα - Νότια Προάστια),Αθήνα - Νότια Προάστια (Αττική),37.946301,23.719673,1,0,0,1.0,10.78,22.0,1504,1562,4085,488
1220322837,1300,130,3,1,8,2000.0,4,Νέα Σμύρνη (Αθήνα - Νότια Προάστια),Αθήνα - Νότια Προάστια (Αττική),37.945221,23.72328,1,0,0,2.0,10.0,26.0,1393,1752,4009,797
1219494305,800,75,1,1,7,1975.0,8,Νέα Σμύρνη (Αθήνα - Νότια Προάστια),Αθήνα - Νότια Προάστια (Αττική),37.940895,23.717781,1,0,1,1.0,10.67,51.0,1993,2147,4674,601
1220409461,700,64,2,1,4,1975.0,6,Νέα Σμύρνη (Αθήνα - Νότια Προάστια),Αθήνα - Νότια Προάστια (Αττική),37.95182,23.719158,1,1,1,2.0,10.94,51.0,1069,949,3637,826
1219968222,850,67,2,1,6,1961.0,9,Νέα Σμύρνη (Αθήνα - Νότια Προάστια),Αθήνα - Νότια Προάστια (Αττική),37.948368,23.713924,1,0,0,1.0,12.69,65.0,1667,1345,4231,320
1220293865,900,70,2,1,6,1970.0,4,Νέα Σμύρνη (Αθήνα - Νότια Προάστια),Αθήνα - Νότια Προάστια (Αττική),37.944408,23.728216,0,1,0,2.0,12.86,56.0,1038,2008,3883,1235
1220187091,900,69,1,1,6,1968.0,7,Νέα Σμύρνη (Αθήνα - Νότια Προάστια),Αθήνα - Νότια Προάστια (Αττική),37.946022,23.727262,0,1,1,2.0,13.04,58.0,1034,1811,3760,1147
1219906376,1250,112,3,2,6,1965.0,7,Νέα Σμύρνη (Αθήνα - Νότια Προάστια),Αθήνα - Νότια Προάστια (Αττική),37.933002,23.711416,0,1,0,2.0,11.16,61.0,2687,3065,5625,1411
1218981531,1100,122,3,1,6,1995.0,6,Νέα Σμύρνη (Αθήνα - Νότια Προάστια),Αθήνα - Νότια Προάστια (Αττική),37.942234,23.719397,1,0,0,2.0,9.02,31.0,1834,2008,4472,583
1220367786,970,90,2,1,6,2004.0,5,Νέα Σμύρνη (Αθήνα - Νότια Προάστια),Αθήνα - Νότια Προάστια (Αττική),37.948601,23.721317,1,0,0,1.0,10.78,22.0,1211,1342,3794,713
1220185624,1100,130,3,1,6,1980.0,6,Νέα Σμύρνη (Αθήνα - Νότια Προάστια),Αθήνα - Νότια Προάστια (Αττική),37.93227,23.71209,0,1,0,2.0,8.46,46.0,2658,3137,5691,1483
1220405104,600,80,2,1,6,1977.0,6,Νέα Σμύρνη (Αθήνα - Νότια Προάστια),Αθήνα - Νότια Προάστια (Αττική),37.94352,23.710684,1,0,0,1.0,7.5,49.0,2240,1938,4820,379
1220358268,850,135,3,2,6,1970.0,7,Νέα Σμύρνη (Αθήνα - Νότια Προάστια),Αθήνα - Νότια Προάστια (Αττική),37.941711,23.725752,1,1,1,1.0,6.3,56.0,1299,2191,4247,1097
1219969526,1050,67,2,1,6,1961.0,7,Νέα Σμύρνη (Αθήνα - Νότια Προάστια),Αθήνα - Νότια Προάστια (Αττική),37.948833,23.711945,1,1,0,1.0,15.67,65.0,1775,1342,4316,420
1219542486,1000,113,2,1,8,1980.0,6,Νέα Σμύρνη (Αθήνα - Νότια Προάστια),Αθήνα - Νότια Προάστια (Αττική),37.951916,23.717522,1,0,0,2.0,8.85,46.0,1178,922,3728,771
1220371549,750,70,2,1,8,1965.0,7,Καλλιθέα (Αθήνα - Νότια Προάστια),Αθήνα - Νότια Προάστια (Αττική),37.954147,23.697048,1,1,0,1.0,10.71,61.0,2805,1882,4736,1709
1220507707,590,55,1,1,2,1970.0,8,Καλλιθέα (Αθήνα - Νότια Προάστια),Αθήνα - Νότια Προάστια (Αττική),37.956455,23.712498,0,1,0,4.0,10.73,56.0,1428,580,3732,1227
1220433238,650,45,1,1,6,2006.0,7,Καλλιθέα (Αθήνα - Νότια Προάστια),Αθήνα - Νότια Προάστια (Αττική),37.962215,23.705561,1,1,0,1.0,14.44,20.0,1871,1036,3951,2007
1220458601,650,35,1,1,6,1965.0,8,Καλλιθέα (Αθήνα - Νότια Προάστια),Αθήνα - Νότια Προάστια (Αττική),37.953674,23.70833,1,1,1,4.0,18.57,61.0,1844,1057,4209,1045
1220351893,550,25,1,1,7,1980.0,6,Καλλιθέα (Αθήνα - Νότια Προάστια),Αθήνα - Νότια Προάστια (Αττική),37.949951,23.688953,1,1,1,4.0,22.0,46.0,3593,2718,3902,1235
1220460930,600,57,1,1,6,1970.0,7,Καλλιθέα (Αθήνα - Νότια Προάστια),Αθήνα - Νότια Προάστια (Αττική),37.960728,23.715549,1,1,1,1.0,10.53,56.0,1064,148,3246,1697
1220509331,1090,53,2,1,7,2026.0,4,Καλλιθέα (Αθήνα - Νότια Προάστια),Αθήνα - Νότια Προάστια (Αττική),37.95417,23.706011,0,0,1,Άγνωστο,20.57,0.0,2030,1181,4344,1202
1220459295,750,45,1,1,6,1965.0,8,Καλλιθέα (Αθήνα - Νότια Προάστια),Αθήνα - Νότια Προάστια (Αττική),37.951855,23.707138,1,1,1,4.0,16.67,61.0,2003,1274,4414,940
1220450635,800,38,1,1,6,1998.0,8,Καλλιθέα (Αθήνα - Νότια Προάστια),Αθήνα - Νότια Προάστια (Αττική),37.946049,23.692991,1,1,1,1.0,21.05,28.0,3393,2635,4109,763
1220374183,800,52,1,1,6,2026.0,4,Καλλιθέα (Αθήνα - Νότια Προάστια),Αθήνα - Νότια Προάστια (Αττική),37.95417,23.706011,1,0,1,4.0,15.38,0.0,2030,1181,4344,1202
1220505474,650,48,1,1,6,1970.0,8,Καλλιθέα (Αθήνα - Νότια Προάστια),Αθήνα - Νότια Προάστια (Αττική),37.95578,23.710802,1,1,1,4.0,13.54,56.0,1585,739,3896,1181
1220347440,950,62,2,2,8,1975.0,3,Καλλιθέα (Αθήνα - Νότια Προάστια),Αθήνα - Νότια Προάστια (Αττική),37.956089,23.70101,1,1,1,Άγνωστο,15.32,51.0,2435,1483,4607,1650
1220368246,650,53,1,1,6,1975.0,5,Καλλιθέα (Αθήνα - Νότια Προάστια),Αθήνα - Νότια Προάστια (Αττική),37.956676,23.705448,1,1,1,Άγνωστο,12.26,51.0,2042,1094,4237,1461
1219851193,600,43,1,1,3,1972.0,3,Καλλιθέα (Αθήνα - Νότια Προάστια),Αθήνα - Νότια Προάστια (Αττική),37.962601,23.708891,0,1,1,4.0,13.95,54.0,1575,768,3666,1958
1220368593,1250,100,3,1,12,2006.0,4,Καλλιθέα (Αθήνα - Νότια Προάστια),Αθήνα - Νότια Προάστια (Αττική),37.952053,23.706055,1,0,0,2.0,12.5,20.0,2086,1326,4476,1020
1220430482,650,45,1,1,6,2006.0,3,Καλλιθέα (Αθήνα - Νότια Προάστια),Αθήνα - Νότια Προάστια (Αττική),37.96262,23.708309,1,1,0,1.0,14.44,20.0,1626,816,3712,1972
1220497395,800,103,3,1,6,1975.0,2,Καλλιθέα (Αθήνα - Νότια Προάστια),Αθήνα - Νότια Προάστια (Αττική),37.952991,23.702824,1,1,0,4.0,7.77,51.0,2331,1486,4649,1300
1219962698,550,48,1,1,3,1978.0,9,Καλλιθέα (Αθήνα - Νότια Προάστια),Αθήνα - Νότια Προάστια (Αττική),37.948868,23.704258,1,1,0,1.0,11.46,48.0,2362,1690,4818,949
1220243655,600,45,0,1,3,1990.0,6,Καλλιθέα (Αθήνα - Νότια Προάστια),Αθήνα - Νότια Προάστια (Αττική),37.948689,23.696939,1,0,1,Άγνωστο,13.33,36.0,2963,2182,4520,1125
1220430243,500,55,1,1,8,1975.0,6,Καλλιθέα (Αθήνα - Νότια Προάστια),Αθήνα - Νότια Προάστια (Αττική),37.957355,23.710728,1,1,0,1.0,9.09,51.0,1576,642,3803,1353
1220171928,1000,47,1,1,8,2024.0,1,Καλλιθέα (Αθήνα - Νότια Προάστια),Αθήνα - Νότια Προάστια (Αττική),37.945789,23.699688,1,0,0,2.0,21.28,2.0,2873,2213,4675,966
1220397556,700,71,2,1,6,1971.0,5,Καλλιθέα (Αθήνα - Νότια Προάστια),Αθήνα - Νότια Προάστια (Αττική),37.952084,23.708946,1,1,0,1.0,9.86,55.0,1845,1151,4273,865
1220429259,1400,130,2,2,3,1998.0,4,Καλλιθέα (Αθήνα - Νότια Προάστια),Αθήνα - Νότια Προάστια (Αττική),37.962116,23.707294,0,1,1,4.0,10.77,28.0,1722,886,3816,1944
1220498708,570,54,1,1,8,1979.0,6,Καλλιθέα (Αθήνα - Νότια Προάστια),Αθήνα - Νότια Προάστια (Αττική),37.95956,23.7015,1,0,0,Άγνωστο,10.56,47.0,2277,1370,4396,1919
1219656306,1100,76,1,1,6,2025.0,1,Καλλιθέα (Αθήνα - Νότια Προάστια),Αθήνα - Νότια Προάστια (Αττική),37.95145,23.700491,1,0,0,4.0,14.47,1.0,2572,1751,4909,1372
1220289499,640,75,2,1,8,1975.0,9,Καλλιθέα (Αθήνα - Νότια Προάστια),Αθήνα - Νότια Προάστια (Αττική),37.954769,23.70837,1,0,1,Άγνωστο,8.53,51.0,1814,975,4135,1150
1220497401,650,49,1,0,6,1970.0,3,Καλλιθέα (Αθήνα - Νότια Προάστια),Αθήνα - Νότια Προάστια (Αττική),37.955387,23.712053,1,0,1,Άγνωστο,13.27,56.0,1484,694,3833,1115
1220432634,700,65,1,0,8,1988.0,6,Καλλιθέα (Αθήνα - Νότια Προάστια),Αθήνα - Νότια Προάστια (Αττική),37.952354,23.710207,1,0,1,Άγνωστο,10.77,38.0,1731,1061,4168,839
1220348985,1020,58,2,1,6,2025.0,1,Καλλιθέα (Αθήνα - Νότια Προάστια),Αθήνα - Νότια Προάστια (Αττική),37.9431,23.697149,1,0,1,2.0,17.59,1.0,3213,2584,4403,595
1220503951,590,60,1,1,10,1980.0,4,Καλλιθέα (Αθήνα - Νότια Προάστια),Αθήνα - Νότια Προάστια (Αττική),37.954121,23.71035,1,1,0,2.0,9.83,46.0,1660,898,4037,1016
1220217891,800,50,1,1,6,1981.0,5,Καλλιθέα (Αθήνα - Νότια Προάστια),Αθήνα - Νότια Προάστια (Αττική),37.943027,23.688755,1,1,1,4.0,16.0,45.0,3679,3134,3675,538
1220480931,750,73,2,1,9,1979.0,7,Καλλιθέα (Αθήνα - Νότια Προάστια),Αθήνα - Νότια Προάστια (Αττική),37.96217,23.70899,1,1,0,1.0,10.27,47.0,1574,744,3678,1909
1220199273,400,31,1,1,2,1978.0,8,Καλλιθέα (Αθήνα - Νότια Προάστια),Αθήνα - Νότια Προάστια (Αττική),37.957516,23.701988,0,1,0,Άγνωστο,12.9,48.0,2301,1358,4457,1712
1220349242,520,30,0,1,3,1972.0,8,Καλλιθέα (Αθήνα - Νότια Προάστια),Αθήνα - Νότια Προάστια (Αττική),37.96286,23.706961,1,1,0,Άγνωστο,17.33,54.0,1740,937,3810,2032
1220413567,1000,63,2,1,7,1978.0,6,Καλλιθέα (Αθήνα - Νότια Προάστια),Αθήνα - Νότια Προάστια (Αττική),37.957809,23.708509,1,1,1,2.0,15.87,48.0,1760,799,3942,1457
1220388773,650,85,2,1,6,1979.0,6,Καλλιθέα (Αθήνα - Νότια Προάστια),Αθήνα - Νότια Προάστια (Αττική),37.958656,23.698832,1,1,0,1.0,7.65,47.0,2484,1611,4650,1989
1220149729,580,48,1,1,9,1970.0,8,Καλλιθέα (Αθήνα - Νότια Προάστια),Αθήνα - Νότια Προάστια (Αττική),37.942356,23.684629,1,0,0,Άγνωστο,12.08,56.0,3318,2784,3306,774
1220384549,530,48,1,1,3,1978.0,9,Καλλιθέα (Αθήνα - Νότια Προάστια),Αθήνα - Νότια Προάστια (Αττική),37.949799,23.703754,1,0,0,1.0,11.04,48.0,2361,1645,4788,1033
1218137514,700,39,1,1,7,1979.0,3,Καλλιθέα (Αθήνα - Νότια Προάστια),Αθήνα - Νότια Προάστια (Αττική),37.962601,23.708891,1,1,1,Άγνωστο,17.95,47.0,1575,768,3666,1958
1220497021,510,32,0,1,3,1983.0,6,Καλλιθέα (Αθήνα - Νότια Προάστια),Αθήνα - Νότια Προάστια (Αττική),37.958439,23.69849,1,1,1,2.0,15.94,43.0,2520,1643,4687,1992
1220402067,930,60,1,1,9,1980.0,1,Καλλιθέα (Αθήνα - Νότια Προάστια),Αθήνα - Νότια Προάστια (Αττική),37.946442,23.689274,1,1,1,2.0,15.5,46.0,3680,2880,3805,854
1219954353,1100,60,1,1,10,2025.0,1,Καλλιθέα (Αθήνα - Νότια Προάστια),Αθήνα - Νότια Προάστια (Αττική),37.960697,23.698195,1,0,0,9.0,18.33,1.0,2315,1658,4612,2197
1220366856,480,31,0,1,3,1979.0,5,Καλλιθέα (Αθήνα - Νότια Προάστια),Αθήνα - Νότια Προάστια (Αττική),37.959534,23.711367,0,1,0,4.0,15.48,47.0,1453,508,3628,1580
1220496253,650,75,2,1,8,1975.0,4,Καλλιθέα (Αθήνα - Νότια Προάστια),Αθήνα - Νότια Προάστια (Αττική),37.958302,23.700069,1,1,0,1.0,8.67,51.0,2434,1508,4568,1887
1220290712,800,90,2,1,3,1975.0,7,Καλλιθέα (Αθήνα - Νότια Προάστια),Αθήνα - Νότια Προάστια (Αττική),37.957851,23.712879,0,0,1,1.0,8.89,51.0,1387,453,3616,1378
1220272366,1200,65,2,1,7,1985.0,5,Καλλιθέα (Αθήνα - Νότια Προάστια),Αθήνα - Νότια Προάστια (Αττική),37.963467,23.705498,1,1,1,Άγνωστο,18.46,41.0,1758,1080,3904,2139
1219958309,490,30,1,1,2,1970.0,7,Καλλιθέα (Αθήνα - Νότια Προάστια),Αθήνα - Νότια Προάστια (Αττική),37.96286,23.706961,0,1,1,4.0,16.33,56.0,1740,937,3810,2032
1219822958,800,46,2,2,3,1970.0,5,Καλλιθέα (Αθήνα - Νότια Προάστια),Αθήνα - Νότια Προάστια (Αττική),37.95887,23.706511,1,1,1,1.0,17.39,56.0,1877,940,4036,1632
1219920517,950,60,1,2,10,2025.0,1,Καλλιθέα (Αθήνα - Νότια Προάστια),Αθήνα - Νότια Προάστια (Αττική),37.942829,23.69603,1,0,0,2.0,15.83,1.0,3313,2673,4302,509
1219736681,470,30,1,1,6,1970.0,9,Καλλιθέα (Αθήνα - Νότια Προάστια),Αθήνα - Νότια Προάστια (Αττική),37.958683,23.70973,1,0,0,Άγνωστο,15.67,56.0,1622,668,3800,1517
1220481337,650,45,1,1,6,2006.0,3,Καλλιθέα (Αθήνα - Νότια Προάστια),Αθήνα - Νότια Προάστια (Αττική),37.96262,23.708309,1,1,0,1.0,14.44,20.0,1626,816,3712,1972
1220318834,520,56,1,1,9,1970.0,8,Καλλιθέα (Αθήνα - Νότια Προάστια),Αθήνα - Νότια Προάστια (Αττική),37.958141,23.698925,0,0,0,1.0,9.29,56.0,2532,1610,4667,1942
1214974606,750,116,2,1,3,1982.0,2,Καλλιθέα (Αθήνα - Νότια Προάστια),Αθήνα - Νότια Προάστια (Αττική),37.956669,23.69664,0,1,0,2.0,6.47,44.0,2770,1836,4822,1976
1219687866,920,70,2,2,7,1972.0,5,Καλλιθέα (Αθήνα - Νότια Προάστια),Αθήνα - Νότια Προάστια (Αττική),37.95473853020135,23.70357302684564,0,1,0,Άγνωστο,13.14,54.0,2229,1332,4489,1387
1220221175,850,63,2,1,6,1979.0,1,Καλλιθέα (Αθήνα - Νότια Προάστια),Αθήνα - Νότια Προάστια (Αττική),37.947689,23.70261,0,0,1,1.0,13.49,47.0,2549,1884,4971,1045
1219677363,850,70,2,1,6,1975.0,8,Καλλιθέα (Αθήνα - Νότια Προάστια),Αθήνα - Νότια Προάστια (Αττική),37.952744,23.701172,0,1,1,Άγνωστο,12.14,51.0,2478,1624,4785,1398
1219073103,500,50,1,1,6,1979.0,10,Καλλιθέα (Αθήνα - Νότια Προάστια),Αθήνα - Νότια Προάστια (Αττική),37.956459,23.713301,1,0,0,Άγνωστο,10.0,47.0,1358,533,3674,1221
1220316395,490,34,1,1,8,1980.0,9,Καλλιθέα (Αθήνα - Νότια Προάστια),Αθήνα - Νότια Προάστια (Αττική),37.950237,23.700352,1,0,0,Άγνωστο,14.41,46.0,2624,1839,4856,1324
1220452063,770,54,1,1,8,1960.0,4,Καλλιθέα (Αθήνα - Νότια Προάστια),Αθήνα - Νότια Προάστια (Αττική),37.958065,23.713604,1,1,1,9.0,14.26,66.0,1324,388,3550,1398
1220371157,750,70,2,1,8,1960.0,8,Καλλιθέα (Αθήνα - Νότια Προάστια),Αθήνα - Νότια Προάστια (Αττική),37.955158,23.698112,1,1,0,1.0,10.71,66.0,2698,1757,4867,1773
1220368258,1250,100,3,1,12,2006.0,1,Καλλιθέα (Αθήνα - Νότια Προάστια),Αθήνα - Νότια Προάστια (Αττική),37.952648,23.704935,1,0,0,2.0,12.5,20.0,2161,1357,4517,1137
1220162636,650,40,1,1,7,1965.0,2,Καλλιθέα (Αθήνα - Νότια Προάστια),Αθήνα - Νότια Προάστια (Αττική),37.950863,23.698828,0,1,0,4.0,16.25,61.0,2730,1909,4750,1411
1220264966,500,25,1,1,3,1975.0,1,Καλλιθέα (Αθήνα - Νότια Προάστια),Αθήνα - Νότια Προάστια (Αττική),37.95546,23.708017,0,1,0,1.0,20.0,51.0,1832,955,4118,1233
1219871782,630,73,2,1,4,1952.0,7,Καλλιθέα (Αθήνα - Νότια Προάστια),Αθήνα - Νότια Προάστια (Αττική),37.95927,23.701691,0,1,0,Άγνωστο,8.63,74.0,2268,1355,4394,1883
1220431734,780,80,2,1,7,1978.0,4,Καλλιθέα (Αθήνα - Νότια Προάστια),Αθήνα - Νότια Προάστια (Αττική),37.962109,23.70702,1,1,0,1.0,9.75,48.0,1746,909,3838,1951
1220504720,500,60,2,1,3,1980.0,2,Καλλιθέα (Αθήνα - Νότια Προάστια),Αθήνα - Νότια Προάστια (Αττική),37.958611,23.69803,0,1,0,4.0,8.33,46.0,2523,1681,4716,2034
1220432650,800,52,1,1,6,1988.0,7,Καλλιθέα (Αθήνα - Νότια Προάστια),Αθήνα - Νότια Προάστια (Αττική),37.953762,23.70409,1,1,1,4.0,15.38,38.0,2204,1347,4509,1277
1219919851,1350,74,2,2,6,1972.0,6,Καλλιθέα (Αθήνα - Νότια Προάστια),Αθήνα - Νότια Προάστια (Αττική),37.9604,23.712606,1,0,1,1.0,18.24,54.0,1317,395,3486,1663
1220459126,680,54,1,1,6,1970.0,4,Καλλιθέα (Αθήνα - Νότια Προάστια),Αθήνα - Νότια Προάστια (Αττική),37.950409,23.700588,1,1,0,Άγνωστο,12.59,56.0,2598,1811,4881,1312
1220268677,650,30,0,1,6,2025.0,2,Καλλιθέα (Αθήνα - Νότια Προάστια),Αθήνα - Νότια Προάστια (Αττική),37.960697,23.698195,1,0,0,9.0,21.67,1.0,2315,1658,4612,2197
1220412133,590,50,1,1,10,1975.0,7,Καλλιθέα (Αθήνα - Νότια Προάστια),Αθήνα - Νότια Προάστια (Αττική),37.960548,23.71299,1,0,0,Άγνωστο,11.8,51.0,1280,362,3449,1677
1214624111,900,60,1,1,6,2021.0,2,Καλλιθέα (Αθήνα - Νότια Προάστια),Αθήνα - Νότια Προάστια (Αττική),37.945229,23.698151,1,0,1,9.0,15.0,5.0,3021,2352,4531,834
1220278016,1200,75,2,1,9,2025.0,1,Καλλιθέα (Αθήνα - Νότια Προάστια),Αθήνα - Νότια Προάστια (Αττική),37.960651,23.698177,1,0,0,4.0,16.0,1.0,2320,1660,4616,2194
1219993026,700,70,2,1,7,1985.0,5,Καλλιθέα (Αθήνα - Νότια Προάστια),Αθήνα - Νότια Προάστια (Αττική),37.957638,23.717775,1,0,0,2.0,10.0,41.0,958,291,3283,1386
1220323103,600,35,1,1,9,1980.0,4,Καλλιθέα (Αθήνα - Νότια Προάστια),Αθήνα - Νότια Προάστια (Αττική),37.946873,23.703106,1,0,1,4.0,17.14,46.0,2552,1924,4993,985
1219856382,750,72,2,1,9,1998.0,6,Καλλιθέα (Αθήνα - Νότια Προάστια),Αθήνα - Νότια Προάστια (Αττική),37.956898,23.711811,1,0,0,4.0,10.42,28.0,1484,591,3753,1285
1219749111,650,70,2,1,9,1979.0,9,Καλλιθέα (Αθήνα - Νότια Προάστια),Αθήνα - Νότια Προάστια (Αττική),37.947842,23.698484,1,0,0,1.0,9.29,47.0,2871,2134,4625,1095
1220300576,740,55,1,1,6,1979.0,6,Καλλιθέα (Αθήνα - Νότια Προάστια),Αθήνα - Νότια Προάστια (Αττική),37.950409,23.702589,0,1,0,4.0,13.45,47.0,2432,1675,4829,1155
1219948912,750,80,3,1,6,1960.0,6,Καλλιθέα (Αθήνα - Νότια Προάστια),Αθήνα - Νότια Προάστια (Αττική),37.961136,23.705421,0,1,0,4.0,9.38,66.0,1903,1029,4010,1901
1220482330,480,50,1,0,6,1975.0,9,Καλλιθέα (Αθήνα - Νότια Προάστια),Αθήνα - Νότια Προάστια (Αττική),37.957401,23.698637,1,0,0,Άγνωστο,9.6,51.0,2584,1648,4725,1901
1220387224,600,65,2,1,7,1971.0,9,Καλλιθέα (Αθήνα - Νότια Προάστια),Αθήνα - Νότια Προάστια (Αττική),37.95393,23.695539,1,1,0,1.0,9.23,55.0,2939,2015,4605,1659
1220430950,1100,93,3,1,10,1977.0,6,Καλλιθέα (Αθήνα - Νότια Προάστια),Αθήνα - Νότια Προάστια (Αττική),37.955418,23.696198,1,1,1,1.0,11.83,49.0,2858,1908,4726,1832
1219594423,1250,115,3,1,11,2006.0,6,Καλλιθέα (Αθήνα - Νότια Προάστια),Αθήνα - Νότια Προάστια (Αττική),37.950157,23.705091,1,1,0,2.0,10.87,20.0,2238,1535,4671,952
1220123115,700,95,2,1,6,1981.0,8,Καλλιθέα (Αθήνα - Νότια Προάστια),Αθήνα - Νότια Προάστια (Αττική),37.944614,23.687006,1,1,0,4.0,7.37,45.0,3530,3009,3561,771
1214308209,920,93,3,1,6,2006.0,5,Καλλιθέα (Αθήνα - Νότια Προάστια),Αθήνα - Νότια Προάστια (Αττική),37.954781,23.712509,1,0,1,2.0,9.89,20.0,1459,725,3842,1043
1220430649,580,60,1,1,8,1970.0,6,Καλλιθέα (Αθήνα - Νότια Προάστια),Αθήνα - Νότια Προάστια (Αττική),37.953411,23.706404,1,0,0,Άγνωστο,9.67,56.0,2015,1204,4363,1114
1220431915,1000,65,1,1,6,2025.0,2,Καλλιθέα (Αθήνα - Νότια Προάστια),Αθήνα - Νότια Προάστια (Αττική),37.951683,23.700674,1,0,0,9.0,15.38,1.0,2550,1724,4886,1371
1220477803,480,55,1,1,3,1976.0,6,Καλλιθέα (Αθήνα - Νότια Προάστια),Αθήνα - Νότια Προάστια (Αττική),37.960705,23.709352,1,0,0,1.0,8.73,50.0,1578,682,3720,1743
1220355913,500,55,1,1,8,1979.0,1,Καλλιθέα (Αθήνα - Νότια Προάστια),Αθήνα - Νότια Προάστια (Αττική),37.957649,23.708599,1,1,0,Άγνωστο,9.09,47.0,1760,797,3944,1437
1220500141,650,48,1,1,6,1970.0,3,Καλλιθέα (Αθήνα - Νότια Προάστια),Αθήνα - Νότια Προάστια (Αττική),37.95565,23.712299,1,1,1,Άγνωστο,13.54,56.0,1458,658,3798,1141
1220277766,570,53,1,1,3,1979.0,5,Καλλιθέα (Αθήνα - Νότια Προάστια),Αθήνα - Νότια Προάστια (Αττική),37.95052,23.702089,1,1,0,4.0,10.75,47.0,2470,1700,4858,1200
1219578028,790,75,2,1,6,1969.0,8,Καλλιθέα (Αθήνα - Νότια Προάστια),Αθήνα - Νότια Προάστια (Αττική),37.94936,23.69936,1,1,1,1.0,10.53,57.0,2738,1968,4744,1280
1220393940,500,55,1,1,8,1973.0,1,Καλλιθέα (Αθήνα - Νότια Προάστια),Αθήνα - Νότια Προάστια (Αττική),37.957253,23.707981,0,0,0,4.0,9.09,53.0,1818,864,4013,1416
1220441372,650,46,1,1,6,2006.0,3,Καλλιθέα (Αθήνα - Νότια Προάστια),Αθήνα - Νότια Προάστια (Αττική),37.962574,23.710236,1,1,0,1.0,14.13,20.0,1459,657,3560,1930
1220262107,650,74,2,1,8,1979.0,2,Καλλιθέα (Αθήνα - Νότια Προάστια),Αθήνα - Νότια Προάστια (Αττική),37.955742,23.71242,0,1,0,4.0,8.78,47.0,1446,643,3784,1150
1220418931,650,45,1,1,6,2006.0,3,Καλλιθέα (Αθήνα - Νότια Προάστια),Αθήνα - Νότια Προάστια (Αττική),37.96262,23.708309,1,1,0,1.0,14.44,20.0,1626,816,3712,1972
1220271932,580,69,1,1,8,1987.0,7,Καλλιθέα (Αθήνα - Νότια Προάστια),Αθήνα - Νότια Προάστια (Αττική),37.953526,23.711565,1,0,1,1.0,8.41,39.0,1576,887,3994,922
1217485627,400,30,1,1,4,1975.0,6,Καλλιθέα (Αθήνα - Νότια Προάστια),Αθήνα - Νότια Προάστια (Αττική),37.95179,23.69784,0,0,0,Άγνωστο,13.33,51.0,2787,1930,4703,1476
1220152829,1300,130,2,1,3,1975.0,3,Καλλιθέα (Αθήνα - Νότια Προάστια),Αθήνα - Νότια Προάστια (Αττική),37.96138,23.70603,1,1,1,Άγνωστο,10.0,51.0,1845,979,3950,1906
1219876213,480,52,1,1,7,1969.0,9,Καλλιθέα (Αθήνα - Νότια Προάστια),Αθήνα - Νότια Προάστια (Αττική),37.961555,23.709999,0,0,0,Άγνωστο,9.23,57.0,1500,641,3627,1823
1220256053,550,60,1,1,3,1969.0,6,Καλλιθέα (Αθήνα - Νότια Προάστια),Αθήνα - Νότια Προάστια (Αττική),37.960171,23.709579,0,1,1,1.0,9.17,57.0,1576,659,3730,1681
1220335937,600,51,1,1,10,1973.0,2,Καλλιθέα (Αθήνα - Νότια Προάστια),Αθήνα - Νότια Προάστια (Αττική),37.95937,23.706146,1,1,1,2.0,11.76,53.0,1890,965,4038,1696
1220158218,1300,73,2,1,8,2025.0,4,Καλλιθέα (Αθήνα - Νότια Προάστια),Αθήνα - Νότια Προάστια (Αττική),37.942169,23.69627,1,0,1,2.0,17.81,1.0,3333,2712,4312,467
1219725080,700,110,2,2,3,1978.0,7,Καλλιθέα (Αθήνα - Νότια Προάστια),Αθήνα - Νότια Προάστια (Αττική),37.956692,23.713169,0,1,0,1.0,6.36,48.0,1367,521,3668,1248
1219480793,760,100,2,2,8,1972.0,6,Καλλιθέα (Αθήνα - Νότια Προάστια),Αθήνα - Νότια Προάστια (Αττική),37.956936,23.699486,1,1,1,1.0,7.6,54.0,2530,1586,4681,1811
1219913583,530,40,1,1,4,1970.0,6,Καλλιθέα (Αθήνα - Νότια Προάστια),Αθήνα - Νότια Προάστια (Αττική),37.957352,23.707371,0,1,0,1.0,13.25,56.0,1871,910,4053,1448
1219930565,800,93,2,1,8,1965.0,4,Καλλιθέα (Αθήνα - Νότια Προάστια),Αθήνα - Νότια Προάστια (Αττική),37.949535,23.703688,0,1,0,1.0,8.6,61.0,2378,1670,4811,1025
1219733234,1250,100,3,1,12,2006.0,5,Καλλιθέα (Αθήνα - Νότια Προάστια),Αθήνα - Νότια Προάστια (Αττική),37.951401,23.70647,1,1,0,2.0,12.5,20.0,2075,1351,4491,943
1219967269,750,90,2,1,9,1974.0,7,Καλλιθέα (Αθήνα - Νότια Προάστια),Αθήνα - Νότια Προάστια (Αττική),37.960823,23.70944,1,0,0,2.0,8.33,52.0,1567,675,3708,1754
1220150536,640,58,2,1,3,1972.0,6,Καλλιθέα (Αθήνα - Νότια Προάστια),Αθήνα - Νότια Προάστια (Αττική),37.946327,23.695396,0,1,1,1.0,11.03,54.0,3187,2450,4321,832
1218880708,950,75,2,1,8,1987.0,7,Καλλιθέα (Αθήνα - Νότια Προάστια),Αθήνα - Νότια Προάστια (Αττική),37.953403,23.710228,1,1,1,Άγνωστο,12.67,39.0,1692,967,4094,945
1219170288,750,40,1,0,11,1979.0,8,Καλλιθέα (Αθήνα - Νότια Προάστια),Αθήνα - Νότια Προάστια (Αττική),37.950527,23.696907,1,1,1,2.0,18.75,47.0,2902,2072,4579,1317
1217901789,1300,108,3,1,10,2007.0,5,Καλλιθέα (Αθήνα - Νότια Προάστια),Αθήνα - Νότια Προάστια (Αττική),37.946335,23.70244,0,0,1,1.0,12.04,19.0,2632,2007,4924,1035
1220122231,1200,60,1,2,8,2026.0,1,Καλλιθέα (Αθήνα - Νότια Προάστια),Αθήνα - Νότια Προάστια (Αττική),37.942829,23.69603,1,0,1,2.0,20.0,0.0,3313,2673,4302,509
1220425472,1300,88,2,1,9,2026.0,2,Καλλιθέα (Αθήνα - Νότια Προάστια),Αθήνα - Νότια Προάστια (Αττική),37.94643,23.692091,1,0,0,2.0,14.77,0.0,3450,2674,4043,805
1220399037,1200,112,3,2,10,2005.0,5,Καλλιθέα (Αθήνα - Νότια Προάστια),Αθήνα - Νότια Προάστια (Αττική),37.95372,23.691174,1,1,1,1.0,10.71,21.0,3301,2385,4247,1619
1220341999,850,63,2,1,6,1975.0,6,Καλλιθέα (Αθήνα - Νότια Προάστια),Αθήνα - Νότια Προάστια (Αττική),37.952423,23.699648,1,1,1,1.0,13.49,51.0,2616,1758,4876,1490
1219964433,700,75,2,1,7,1967.0,8,Καλλιθέα (Αθήνα - Νότια Προάστια),Αθήνα - Νότια Προάστια (Αττική),37.954071,23.702211,1,1,0,4.0,9.33,59.0,2359,1473,4629,1419
1219948127,800,89,3,1,7,1967.0,8,Καλλιθέα (Αθήνα - Νότια Προάστια),Αθήνα - Νότια Προάστια (Αττική),37.956837,23.712744,1,1,0,1.0,8.99,59.0,1403,534,3689,1267
1219856745,750,74,2,1,8,1980.0,7,Καλλιθέα (Αθήνα - Νότια Προάστια),Αθήνα - Νότια Προάστια (Αττική),37.957352,23.706846,1,1,0,4.0,10.14,46.0,1913,953,4093,1467
1219606230,690,50,1,1,8,1970.0,7,Καλλιθέα (Αθήνα - Νότια Προάστια),Αθήνα - Νότια Προάστια (Αττική),37.954426,23.712454,1,1,1,4.0,13.8,56.0,1473,760,3870,1004
1219505998,690,88,2,1,9,1975.0,7,Καλλιθέα (Αθήνα - Νότια Προάστια),Αθήνα - Νότια Προάστια (Αττική),37.946514,23.689322,1,1,0,6.0,7.84,51.0,3674,2872,3811,860
1219904146,550,50,1,1,3,2005.0,6,Καλλιθέα (Αθήνα - Νότια Προάστια),Αθήνα - Νότια Προάστια (Αττική),37.955784,23.69599,0,0,1,2.0,11.0,21.0,2861,1915,4727,1869
1220344011,580,32,1,1,3,2001.0,6,Καλλιθέα (Αθήνα - Νότια Προάστια),Αθήνα - Νότια Προάστια (Αττική),37.961262,23.704554,0,1,1,4.0,18.12,25.0,1975,1106,4074,1946
1220247467,700,70,2,1,7,1977.0,7,Καλλιθέα (Αθήνα - Νότια Προάστια),Αθήνα - Νότια Προάστια (Αττική),37.95731,23.698765,1,1,0,1.0,10.0,49.0,2576,1639,4719,1886
1219333736,900,47,1,1,7,2026.0,2,Καλλιθέα (Αθήνα - Νότια Προάστια),Αθήνα - Νότια Προάστια (Αττική),37.946503,23.697449,1,0,0,2.0,19.15,0.0,3014,2300,4501,921
1220298834,800,75,1,1,9,1974.0,7,Καλλιθέα (Αθήνα - Νότια Προάστια),Αθήνα - Νότια Προάστια (Αττική),37.950691,23.700012,1,1,1,2.0,10.67,52.0,2637,1834,4843,1371
1220198448,550,56,1,1,4,1960.0,8,Καλλιθέα (Αθήνα - Νότια Προάστια),Αθήνα - Νότια Προάστια (Αττική),37.951065,23.696394,0,1,0,4.0,9.82,66.0,2930,2080,4556,1363
1220417981,550,56,1,1,3,2006.0,7,Καλλιθέα (Αθήνα - Νότια Προάστια),Αθήνα - Νότια Προάστια (Αττική),37.962307,23.708725,0,0,0,4.0,9.82,20.0,1595,771,3692,1930
1219863971,800,44,1,1,6,2021.0,1,Καλλιθέα (Αθήνα - Νότια Προάστια),Αθήνα - Νότια Προάστια (Αττική),37.962269,23.716339,0,0,1,2.0,18.18,5.0,942,240,3099,1874
1220347033,650,60,1,1,8,1980.0,9,Καλλιθέα (Αθήνα - Νότια Προάστια),Αθήνα - Νότια Προάστια (Αττική),37.951862,23.708296,1,0,0,1.0,10.83,46.0,1907,1206,4333,877
1220265283,720,90,2,1,7,1990.0,7,Καλλιθέα (Αθήνα - Νότια Προάστια),Αθήνα - Νότια Προάστια (Αττική),37.951744,23.705523,1,0,0,Άγνωστο,8.0,36.0,2141,1384,4534,1030
1220397656,1200,112,3,2,10,2005.0,5,Καλλιθέα (Αθήνα - Νότια Προάστια),Αθήνα - Νότια Προάστια (Αττική),37.952026,23.688847,1,1,1,1.0,10.71,21.0,3553,2639,3983,1462
1219577963,890,155,2,2,3,1989.0,4,Καλλιθέα (Αθήνα - Νότια Προάστια),Αθήνα - Νότια Προάστια (Αττική),37.960739,23.711651,0,1,1,Άγνωστο,5.74,37.0,1384,481,3541,1709
1220462245,550,30,1,1,6,1970.0,6,Καλλιθέα (Αθήνα - Νότια Προάστια),Αθήνα - Νότια Προάστια (Αττική),37.952744,23.699516,1,1,1,2.0,18.33,56.0,2620,1750,4878,1519
1220339255,700,60,1,1,7,1975.0,9,Καλλιθέα (Αθήνα - Νότια Προάστια),Αθήνα - Νότια Προάστια (Αττική),37.950653,23.707048,1,0,0,4.0,11.67,51.0,2058,1380,4502,849
1220272999,400,35,1,1,3,1990.0,9,Καλλιθέα (Αθήνα - Νότια Προάστια),Αθήνα - Νότια Προάστια (Αττική),37.953621,23.693357,0,0,0,1.0,11.43,36.0,3133,2206,4416,1605
1220422832,1200,112,3,2,10,2005.0,6,Καλλιθέα (Αθήνα - Νότια Προάστια),Αθήνα - Νότια Προάστια (Αττική),37.951691,23.689157,1,0,1,1.0,10.71,21.0,3533,2626,3992,1420
1220421615,650,45,1,1,6,2006.0,3,Καλλιθέα (Αθήνα - Νότια Προάστια),Αθήνα - Νότια Προάστια (Αττική),37.962692,23.70653,1,0,0,1.0,14.44,20.0,1780,967,3852,2026
1220393033,750,60,1,1,7,2007.0,5,Καλλιθέα (Αθήνα - Νότια Προάστια),Αθήνα - Νότια Προάστια (Αττική),37.951801,23.69952,1,0,0,1.0,12.5,19.0,2644,1802,4842,1466
1218873400,800,105,2,1,10,1980.0,5,Καλλιθέα (Αθήνα - Νότια Προάστια),Αθήνα - Νότια Προάστια (Αττική),37.957554,23.712833,1,0,1,2.0,7.62,46.0,1391,476,3637,1346
1220431692,650,45,1,1,6,2006.0,3,Καλλιθέα (Αθήνα - Νότια Προάστια),Αθήνα - Νότια Προάστια (Αττική),37.962212,23.706938,1,0,0,1.0,14.44,20.0,1751,919,3840,1964
1220107849,750,98,2,1,6,1978.0,6,Καλλιθέα (Αθήνα - Νότια Προάστια),Αθήνα - Νότια Προάστια (Αττική),37.951672,23.695097,1,1,1,2.0,7.65,48.0,3024,2150,4473,1405
1219805278,600,75,2,1,4,1978.0,7,Κέντρο - Λιμάνι (Πειραιάς),Πειραιάς (Αττική),37.944214,23.649916,1,1,0,1.0,8.0,48.0,300,391,808,3776
1220507688,1000,101,1,2,9,1990.0,7,Καλλίπολη – Φρεαττύδα (Πειραιάς),Πειραιάς (Αττική),37.933586,23.645651,1,1,0,1.0,9.9,36.0,1063,1095,433,4156
1220424989,650,72,2,1,6,2004.0,6,Καμίνια – Παλαιά Κοκκινιά (Πειραιάς),Πειραιάς (Αττική),37.951561,23.658638,0,0,0,1.0,9.03,22.0,1401,1217,1872,3272
1220499369,600,45,1,1,8,1980.0,7,Πειραϊκή - Χατζηκυριάκειο (Πειραιάς),Πειραιάς (Αττική),37.931694,23.629885,1,1,0,4.0,13.33,46.0,1952,2299,1662,5554
1220463167,550,30,1,1,4,1980.0,6,Καλλίπολη – Φρεαττύδα (Πειραιάς),Πειραιάς (Αττική),37.933422,23.646025,0,1,1,1.0,18.33,46.0,1078,1091,440,4126
1219574757,750,40,1,1,8,1980.0,2,Καλλίπολη – Φρεαττύδα (Πειραιάς),Πειραιάς (Αττική),37.930328,23.637974,1,1,1,Άγνωστο,18.75,46.0,1617,1812,1132,4883
1220423871,540,48,1,1,3,1970.0,6,Ταμπούρια – Αγία Σοφία (Πειραιάς),Πειραιάς (Αττική),37.962086,23.644964,0,1,1,4.0,11.25,56.0,1081,2382,2776,4884
1220373266,820,52,1,1,10,1976.0,4,Καλλίπολη – Φρεαττύδα (Πειραιάς),Πειραιάς (Αττική),37.931293,23.643503,1,1,1,4.0,15.77,50.0,1344,1412,745,4386
1219952456,800,101,2,2,11,2005.0,5,Καμίνια – Παλαιά Κοκκινιά (Πειραιάς),Πειραιάς (Αττική),37.96014,23.656847,1,0,0,Άγνωστο,7.92,21.0,1844,2090,2679,3898
1220390997,1100,110,2,1,9,1974.0,7,Κέντρο - Λιμάνι (Πειραιάς),Πειραιάς (Αττική),37.943756,23.648712,1,1,0,2.0,10.0,52.0,183,439,737,3873
1218792251,1000,60,2,1,9,1974.0,6,Καλλίπολη – Φρεαττύδα (Πειραιάς),Πειραιάς (Αττική),37.934238,23.647562,1,1,1,Άγνωστο,16.67,52.0,988,943,329,3979
1218506470,1300,68,2,1,10,1975.0,5,Καστέλλα - Πασαλιμάνι (Πειραιάς),Πειραιάς (Αττική),37.938156,23.651596,0,1,1,Άγνωστο,19.12,51.0,692,400,375,3589
1219906280,950,65,2,2,10,1975.0,2,Κέντρο - Λιμάνι (Πειραιάς),Πειραιάς (Αττική),37.948681,23.649567,1,1,1,Άγνωστο,14.62,51.0,601,840,1289,3910
1219906286,800,40,1,1,7,1975.0,2,Κέντρο - Λιμάνι (Πειραιάς),Πειραιάς (Αττική),37.948681,23.649567,1,1,1,Άγνωστο,20.0,51.0,601,840,1289,3910
1219906288,750,36,1,1,9,1975.0,2,Κέντρο - Λιμάνι (Πειραιάς),Πειραιάς (Αττική),37.948681,23.649567,1,1,1,Άγνωστο,20.83,51.0,601,840,1289,3910
1220409347,1250,90,2,1,3,1970.0,2,Καστέλλα - Πασαλιμάνι (Πειραιάς),Πειραιάς (Αττική),37.942066,23.656353,0,1,0,9.0,13.89,56.0,846,307,946,3186
1220499841,600,80,2,1,7,1970.0,2,Πειραϊκή - Χατζηκυριάκειο (Πειραιάς),Πειραιάς (Αττική),37.929829,23.62834,0,1,0,1.0,7.5,56.0,2191,2520,1870,5723
1220339534,750,75,2,1,8,1980.0,5,Καλλίπολη – Φρεαττύδα (Πειραιάς),Πειραιάς (Αττική),37.928631,23.634602,1,1,0,Άγνωστο,10.0,46.0,1932,2157,1479,5212
1220450326,1000,107,3,2,3,1980.0,4,Καμίνια – Παλαιά Κοκκινιά (Πειραιάς),Πειραιάς (Αττική),37.95224,23.655643,0,1,1,4.0,9.35,46.0,1230,1207,1818,3542
1219780864,830,60,2,1,10,2009.0,4,Κέντρο - Λιμάνι (Πειραιάς),Πειραιάς (Αττική),37.949215,23.651552,1,1,1,4.0,13.83,17.0,783,855,1382,3759
1219671867,1030,75,2,1,7,1960.0,8,Κέντρο - Λιμάνι (Πειραιάς),Πειραιάς (Αττική),37.94025,23.648525,1,0,1,Άγνωστο,13.73,66.0,351,412,351,3858
1220433935,540,45,1,1,8,1967.0,9,Κέντρο - Λιμάνι (Πειραιάς),Πειραιάς (Αττική),37.942036,23.645491,1,1,0,4.0,12.0,59.0,165,652,566,4134
1220509262,1000,84,2,1,8,1980.0,2,Καλλίπολη – Φρεαττύδα (Πειραιάς),Πειραιάς (Αττική),37.93047,23.645039,1,1,0,1.0,11.9,46.0,1413,1417,779,4274
1219771978,1200,82,2,1,8,2000.0,4,Νέο Φάληρο (Πειραιάς),Πειραιάς (Αττική),37.948269,23.658714,1,1,1,1.0,14.63,26.0,1192,900,1575,3130
1220507561,490,20,1,1,9,1980.0,1,Κέντρο - Λιμάνι (Πειραιάς),Πειραιάς (Αττική),37.946682,23.648458,0,1,1,Άγνωστο,24.5,46.0,424,686,1058,3951
1218792254,1100,95,2,1,8,1976.0,6,Κέντρο - Λιμάνι (Πειραιάς),Πειραιάς (Αττική),37.936699,23.644854,1,0,0,Άγνωστο,11.58,50.0,732,892,239,4188
1219745006,500,44,1,1,3,2000.5,4,Καμίνια – Παλαιά Κοκκινιά (Πειραιάς),Πειραιάς (Αττική),37.95648361538462,23.65750161538461,0,1,1,Άγνωστο,11.36,25.5,1611,1703,2317,3621
1220121807,1300,78,2,2,11,1970.0,6,Πειραϊκή - Χατζηκυριάκειο (Πειραιάς),Πειραιάς (Αττική),37.937416,23.630405,1,1,0,1.0,16.67,56.0,1571,2027,1499,5449
1220388677,730,65,2,1,7,2024.0,4,Ταμπούρια – Αγία Σοφία (Πειραιάς),Πειραιάς (Αττική),37.961445,23.634008,1,0,0,1.0,11.23,2.0,310,2759,2944,5694
1220495496,500,21,0,1,7,2024.0,2,Ταμπούρια – Αγία Σοφία (Πειραιάς),Πειραιάς (Αττική),37.95636,23.639587,1,0,1,4.0,23.81,2.0,602,2014,2241,5017
1220406117,450,35,1,1,3,2001.5,6,Ταμπούρια – Αγία Σοφία (Πειραιάς),Πειραιάς (Αττική),37.957829,23.64546,0,1,1,4.0,12.86,24.5,1062,1919,2301,4616
1220419267,480,24,1,1,9,1980.0,4,Καλλίπολη – Φρεαττύδα (Πειραιάς),Πειραιάς (Αττική),37.927818,23.636875,1,1,1,4.0,20.0,46.0,1909,2079,1399,5040
1220359256,600,60,1,1,8,2005.0,4,Καμίνια – Παλαιά Κοκκινιά (Πειραιάς),Πειραιάς (Αττική),37.964073,23.658091,1,0,0,4.0,10.0,21.0,1707,2540,3129,4093
1220419842,750,94,2,1,7,1985.0,4,Καλλίπολη – Φρεαττύδα (Πειραιάς),Πειραιάς (Αττική),37.929619,23.64205,1,1,0,4.0,7.98,41.0,1556,1637,969,4551
1220377055,750,54,1,1,6,2006.0,4,Κέντρο - Λιμάνι (Πειραιάς),Πειραιάς (Αττική),37.946125,23.654722,1,0,1,1.0,13.89,20.0,772,528,1177,3401
1220347531,1200,110,3,1,10,1980.0,8,Καλλίπολη – Φρεαττύδα (Πειραιάς),Πειραιάς (Αττική),37.929806,23.643476,1,1,0,2.0,10.91,46.0,1507,1550,895,4425
1219866570,1200,93,2,1,9,1970.0,2,Καστέλλα - Πασαλιμάνι (Πειραιάς),Πειραιάς (Αττική),37.941021,23.65064,1,1,1,2.0,12.9,56.0,408,208,506,3676
1220353033,1100,100,3,1,8,1980.0,5,Καλλίπολη – Φρεαττύδα (Πειραιάς),Πειραιάς (Αττική),37.935692,23.646399,1,0,0,1.0,11.0,46.0,824,870,193,4062
1220438916,1100,96,2,2,7,1970.0,2,Καλλίπολη – Φρεαττύδα (Πειραιάς),Πειραιάς (Αττική),37.933113,23.646015,1,1,0,1.0,11.46,56.0,1113,1120,473,4132
1220509567,750,102,2,1,3,1966.0,9,Καλλίπολη – Φρεαττύδα (Πειραιάς),Πειραιάς (Αττική),37.934731,23.645878,0,0,0,1.0,7.35,60.0,934,981,309,4119
1220054271,700,55,1,1,10,1975.0,7,Πειραϊκή - Χατζηκυριάκειο (Πειραιάς),Πειραιάς (Αττική),37.929726,23.628006,1,0,1,Άγνωστο,12.73,51.0,2220,2551,1901,5753
1220352775,850,58,2,1,8,2025.0,1,Ταμπούρια – Αγία Σοφία (Πειραιάς),Πειραιάς (Αττική),37.95825029411764,23.63711570588235,1,0,0,Άγνωστο,14.66,1.0,330,2312,2512,5298
1219732965,900,57,2,1,8,2025.0,1,Ταμπούρια – Αγία Σοφία (Πειραιάς),Πειραιάς (Αττική),37.95825029411764,23.63711570588235,1,0,1,Άγνωστο,15.79,1.0,330,2312,2512,5298
1220407661,850,52,1,1,10,1974.0,6,Καλλίπολη – Φρεαττύδα (Πειραιάς),Πειραιάς (Αττική),37.931438,23.644857,1,0,1,4.0,16.35,52.0,1308,1332,681,4267
1220461911,740,52,1,1,10,1974.0,5,Καλλίπολη – Φρεαττύδα (Πειραιάς),Πειραιάς (Αττική),37.931221,23.640425,1,1,1,Άγνωστο,14.23,52.0,1434,1590,909,4652
1220461717,670,51,1,1,8,2000.0,5,Πειραϊκή - Χατζηκυριάκειο (Πειραιάς),Πειραιάς (Αττική),37.936573,23.635653,0,0,1,Άγνωστο,13.14,26.0,1218,1612,1041,4994
1220426065,750,49,1,1,9,1978.0,6,Κέντρο - Λιμάνι (Πειραιάς),Πειραιάς (Αττική),37.9426,23.649075,1,1,1,4.0,15.31,48.0,207,353,616,3827
1220490358,650,89,2,1,7,2007.0,3,Κέντρο - Λιμάνι (Πειραιάς),Πειραιάς (Αττική),37.950005,23.654625,1,0,0,3.0,7.3,19.0,1030,947,1555,3532
1220398148,1000,40,1,2,12,1975.0,10,Κέντρο - Λιμάνι (Πειραιάς),Πειραιάς (Αττική),37.942554,23.644928,1,1,1,4.0,25.0,51.0,175,707,637,4188
1216129995,900,100,3,1,9,2001.5,5,Ταμπούρια – Αγία Σοφία (Πειραιάς),Πειραιάς (Αττική),37.957901,23.64163,1,0,1,Άγνωστο,9.0,24.5,727,2064,2359,4921
1220122202,800,50,1,1,3,1980.0,2,Καλλίπολη – Φρεαττύδα (Πειραιάς),Πειραιάς (Αττική),37.934849,23.643457,1,1,1,Άγνωστο,16.0,46.0,963,1118,441,4328
1220122228,800,50,1,1,6,1980.0,2,Καλλίπολη – Φρεαττύδα (Πειραιάς),Πειραιάς (Αττική),37.934849,23.643457,1,1,1,Άγνωστο,16.0,46.0,963,1118,441,4328
1220261586,800,95,3,1,7,1997.0,6,Καλλίπολη – Φρεαττύδα (Πειραιάς),Πειραιάς (Αττική),37.931622,23.635132,0,0,1,4.0,8.42,29.0,1636,1913,1250,5101
1220372785,800,55,1,1,7,2000.0,8,Καλλίπολη – Φρεαττύδα (Πειραιάς),Πειραιάς (Αττική),37.93137,23.640409,1,1,1,4.0,14.55,26.0,1420,1579,898,4651
1220469567,980,70,2,1,7,1970.0,8,Κέντρο - Λιμάνι (Πειραιάς),Πειραιάς (Αττική),37.94561,23.65312,1,1,1,4.0,14.0,56.0,621,446,1057,3526
1220425118,800,70,2,1,6,1988.0,5,Πειραϊκή - Χατζηκυριάκειο (Πειραιάς),Πειραιάς (Αττική),37.935413,23.634134,1,1,0,Άγνωστο,11.43,38.0,1402,1784,1189,5136
1220352690,600,70,2,1,7,1978.0,4,Ταμπούρια – Αγία Σοφία (Πειραιάς),Πειραιάς (Αττική),37.961292,23.632891,1,0,0,1.0,8.57,48.0,292,2806,2969,5775
1219976204,580,56,1,1,8,1973.0,6,Ταμπούρια – Αγία Σοφία (Πειραιάς),Πειραιάς (Αττική),37.955326,23.630772,1,1,0,2.0,10.36,53.0,440,2469,2493,5702
1220425195,1400,102,3,2,3,1983.0,2,Καλλίπολη – Φρεαττύδα (Πειραιάς),Πειραιάς (Αττική),37.928692,23.643785,0,1,1,2.0,13.73,43.0,1624,1643,1001,4429
1220423029,1000,84,2,1,8,1980.0,5,Καλλίπολη – Φρεαττύδα (Πειραιάς),Πειραιάς (Αττική),37.93074,23.644943,1,1,1,1.0,11.9,46.0,1384,1395,753,4276
1220423055,600,80,2,1,7,1975.0,6,Πειραϊκή - Χατζηκυριάκειο (Πειραιάς),Πειραιάς (Αττική),37.930431,23.628443,0,1,0,1.0,7.5,51.0,2139,2478,1833,5702
1220503924,600,46,1,1,6,1980.0,1,Κέντρο - Λιμάνι (Πειραιάς),Πειραιάς (Αττική),37.942368,23.645395,0,1,1,4.0,13.04,46.0,148,664,604,4146
1220500385,850,49,2,1,9,1975.0,5,Κέντρο - Λιμάνι (Πειραιάς),Πειραιάς (Αττική),37.939453,23.641407,1,1,1,Άγνωστο,17.35,51.0,623,1036,590,4481
1220408120,700,45,1,1,8,1975.0,2,Κέντρο - Λιμάνι (Πειραιάς),Πειραιάς (Αττική),37.943893,23.654009,1,1,1,4.0,15.56,51.0,638,273,938,3415
1219959409,980,40,1,1,9,1935.0,1,Κέντρο - Λιμάνι (Πειραιάς),Πειραιάς (Αττική),37.941132,23.64587,1,1,1,Άγνωστο,24.5,91.0,234,619,460,4095
1220402979,980,75,2,2,7,1988.0,6,Πειραϊκή - Χατζηκυριάκειο (Πειραιάς),Πειραιάς (Αττική),37.936615,23.64011,1,1,1,4.0,13.07,38.0,930,1251,651,4603
1220268857,700,72,2,1,10,1970.0,4,Κέντρο - Λιμάνι (Πειραιάς),Πειραιάς (Αττική),37.945347,23.654415,0,1,0,1.0,9.72,56.0,713,437,1090,3409
1220385116,490,21,0,1,8,2024.0,2,Ταμπούρια – Αγία Σοφία (Πειραιάς),Πειραιάς (Αττική),37.95636,23.639587,1,0,1,4.0,23.33,2.0,602,2014,2241,5017
1220497419,650,89,2,1,6,2007.0,3,Κέντρο - Λιμάνι (Πειραιάς),Πειραιάς (Αττική),37.949413,23.654236,1,0,0,3.0,7.3,19.0,958,877,1481,3542
1220378402,850,52,1,1,10,1980.0,4,Καλλίπολη – Φρεαττύδα (Πειραιάς),Πειραιάς (Αττική),37.931633,23.643595,1,1,1,4.0,16.35,46.0,1306,1376,707,4371
1220407145,970,75,2,2,6,1990.0,4,Καστέλλα - Πασαλιμάνι (Πειραιάς),Πειραιάς (Αττική),37.941101,23.651903,1,1,1,1.0,12.93,36.0,500,104,581,3566
1220180097,700,77,2,1,10,1975.0,5,Κέντρο - Λιμάνι (Πειραιάς),Πειραιάς (Αττική),37.946388,23.65416,1,0,0,1.0,9.09,51.0,742,544,1177,3456
1219780279,600,68,1,1,3,1975.0,6,Καμίνια – Παλαιά Κοκκινιά (Πειραιάς),Πειραιάς (Αττική),37.958767,23.661417,0,1,0,4.0,8.82,51.0,2038,2050,2691,3487
1219562999,1200,77,2,2,3,1980.0,5,Καλλίπολη – Φρεαττύδα (Πειραιάς),Πειραιάς (Αττική),37.93045,23.638084,0,1,0,Άγνωστο,15.58,46.0,1601,1796,1116,4870
1220290583,950,70,2,1,9,1980.0,9,Καλλίπολη – Φρεαττύδα (Πειραιάς),Πειραιάς (Αττική),37.934132,23.642824,1,1,1,1.0,13.57,46.0,1056,1213,533,4393
1219838234,700,100,2,1,6,1970.0,7,Ταμπούρια – Αγία Σοφία (Πειραιάς),Πειραιάς (Αττική),37.959099,23.63908,0,0,1,Άγνωστο,7.0,56.0,500,2292,2545,5180
1219573633,850,75,2,1,9,1982.0,6,Κέντρο - Λιμάνι (Πειραιάς),Πειραιάς (Αττική),37.949429,23.647631,1,1,1,Άγνωστο,11.33,44.0,461,986,1360,4096
1220500899,630,74,2,1,7,1980.0,8,Ταμπούρια – Αγία Σοφία (Πειραιάς),Πειραιάς (Αττική),37.953938,23.635166,1,0,0,1.0,8.51,46.0,552,2074,2153,5288
1220374895,850,52,1,1,10,1974.0,3,Καλλίπολη – Φρεαττύδα (Πειραιάς),Πειραιάς (Αττική),37.931328,23.643242,1,1,1,Άγνωστο,16.35,52.0,1346,1422,752,4408
1219652577,600,32,1,1,3,1976.0,3,Καμίνια – Παλαιά Κοκκινιά (Πειραιάς),Πειραιάς (Αττική),37.962059,23.64794,0,1,1,4.0,18.75,50.0,1328,2316,2764,4661
1220500897,650,74,2,1,3,1986.0,5,Πειραϊκή - Χατζηκυριάκειο (Πειραιάς),Πειραιάς (Αττική),37.930969,23.630751,0,1,0,1.0,8.78,40.0,1949,2274,1624,5492
1220499075,850,52,1,1,10,1974.0,6,Καλλίπολη – Φρεαττύδα (Πειραιάς),Πειραιάς (Αττική),37.93153,23.643442,1,1,1,2.0,16.35,52.0,1320,1393,724,4386
1220374793,450,60,1,1,2,1970.0,9,Καστέλλα - Πασαλιμάνι (Πειραιάς),Πειραιάς (Αττική),37.939781,23.651148,0,1,1,1.0,7.5,56.0,531,254,430,3627
1220500386,700,75,2,1,8,1985.0,5,Κέντρο - Λιμάνι (Πειραιάς),Πειραιάς (Αττική),37.944996,23.653166,1,1,1,Άγνωστο,9.33,41.0,597,378,999,3509
1220066109,550,39,1,1,7,2008.0,6,Κέντρο - Λιμάνι (Πειραιάς),Πειραιάς (Αττική),37.944035,23.651201,1,0,1,2.0,14.1,18.0,400,309,826,3661
1220486958,650,73,2,1,7,1990.0,10,Ταμπούρια – Αγία Σοφία (Πειραιάς),Πειραιάς (Αττική),37.960079,23.634899,1,0,1,1.0,8.9,36.0,202,2591,2774,5559
1219435303,600,70,2,1,3,1975.0,7,Κέντρο - Λιμάνι (Πειραιάς),Πειραιάς (Αττική),37.945442,23.653957,0,1,1,Άγνωστο,8.57,51.0,679,437,1077,3450
1220242079,1400,110,2,1,6,1981.0,5,Κέντρο - Λιμάνι (Πειραιάς),Πειραιάς (Αττική),37.938667,23.646711,1,1,0,13.0,12.73,45.0,493,633,177,4016
1220005477,950,75,2,1,8,2021.0,2,Καστέλλα - Πασαλιμάνι (Πειραιάς),Πειραιάς (Αττική),37.943542,23.654938,1,0,0,2.0,12.67,5.0,715,280,961,3329
1220119489,700,79,2,1,3,1991.0,4,Ταμπούρια – Αγία Σοφία (Πειραιάς),Πειραιάς (Αττική),37.955677,23.631462,0,0,0,2.0,8.86,35.0,377,2446,2490,5657
1219574902,630,45,1,1,7,1970.0,6,Πειραϊκή - Χατζηκυριάκειο (Πειραιάς),Πειραιάς (Αττική),37.935894,23.64135,0,1,1,Άγνωστο,14.0,56.0,933,1195,559,4501
1220409948,1100,72,2,1,6,1980.0,5,Καστέλλα - Πασαλιμάνι (Πειραιάς),Πειραιάς (Αττική),37.935612,23.650681,1,1,1,4.0,15.28,46.0,900,694,330,3689
1219648903,900,75,1,1,11,1996.0,6,Πειραϊκή - Χατζηκυριάκειο (Πειραιάς),Πειραιάς (Αττική),37.931114,23.628159,1,0,1,1.0,12.0,30.0,2109,2463,1826,5714
1220316252,800,93,3,1,7,2026.0,2,Καμίνια – Παλαιά Κοκκινιά (Πειραιάς),Πειραιάς (Αττική),37.952221,23.656891,1,0,0,13.0,8.6,0.0,1330,1232,1862,3442
1220072839,850,107,2,1,10,1977.0,10,Κέντρο - Λιμάνι (Πειραιάς),Πειραιάς (Αττική),37.939213,23.646641,1,1,0,1.0,7.94,49.0,432,610,236,4022
1220392095,540,50,2,1,8,1997.0,9,Καμίνια – Παλαιά Κοκκινιά (Πειραιάς),Πειραιάς (Αττική),37.95615,23.65748,1,1,0,Άγνωστο,10.8,29.0,1587,1667,2282,3603
1220432551,800,71,2,2,9,1975.0,3,Νέο Φάληρο (Πειραιάς),Πειραιάς (Αττική),37.948086,23.658455,1,1,0,2.0,11.27,51.0,1163,870,1545,3145
1220303161,780,67,2,1,11,1975.0,6,Κέντρο - Λιμάνι (Πειραιάς),Πειραιάς (Αττική),37.940002,23.648462,1,0,1,2.0,11.64,51.0,374,428,323,3863
1219502536,680,67,2,1,7,2000.0,4,Καλλίπολη – Φρεαττύδα (Πειραιάς),Πειραιάς (Αττική),37.930389,23.64135,0,0,0,2.0,10.15,26.0,1492,1606,930,4592
1214153224,800,64,2,1,10,2012.0,5,Ταμπούρια – Αγία Σοφία (Πειραιάς),Πειραιάς (Αττική),37.954342,23.63653,1,0,0,1.0,12.5,14.0,557,2017,2135,5189
1220271479,1000,130,3,1,10,1975.0,7,Καλλίπολη – Φρεαττύδα (Πειραιάς),Πειραιάς (Αττική),37.935726,23.643143,1,0,1,1.0,7.69,51.0,880,1076,416,4346
1219935092,800,55,1,1,10,1975.0,10,Κέντρο - Λιμάνι (Πειραιάς),Πειραιάς (Αττική),37.948124,23.643673,0,0,0,Άγνωστο,14.55,51.0,85,1087,1260,4395
1220134205,750,74,2,1,10,1972.0,6,Καστέλλα - Πασαλιμάνι (Πειραιάς),Πειραιάς (Αττική),37.943169,23.654144,1,0,1,2.0,10.14,54.0,644,206,883,3392
1219970117,850,88,2,1,6,1981.0,5,Καστέλλα - Πασαλιμάνι (Πειραιάς),Πειραιάς (Αττική),37.942226,23.653343,1,1,1,Άγνωστο,9.66,45.0,582,80,758,3450
1219034298,950,97,2,2,12,2021.0,1,Καμίνια – Παλαιά Κοκκινιά (Πειραιάς),Πειραιάς (Αττική),37.958328,23.654421,1,0,0,1.0,9.79,5.0,1552,1865,2426,3959
1220507805,420,55,1,1,4,1975.0,8,Καμίνια – Παλαιά Κοκκινιά (Πειραιάς),Πειραιάς (Αττική),37.957588,23.658291,0,0,0,Άγνωστο,7.64,51.0,1741,1840,2457,3630
1220069691,850,52,1,1,10,1970.0,6,Καλλίπολη – Φρεαττύδα (Πειραιάς),Πειραιάς (Αττική),37.93092,23.643801,1,1,1,4.0,16.35,56.0,1380,1431,770,4369
1220176295,750,110,2,1,8,1980.0,8,Πειραϊκή - Χατζηκυριάκειο (Πειραιάς),Πειραιάς (Αττική),37.932739,23.63023,1,0,0,Άγνωστο,6.82,46.0,1854,2219,1594,5508
1220451373,1100,97,2,2,7,1998.0,2,Καλλίπολη – Φρεαττύδα (Πειραιάς),Πειραιάς (Αττική),37.933537,23.644981,0,0,0,1.0,11.34,28.0,1075,1134,463,4215
1220224355,1150,90,3,1,9,1979.0,2,Καστέλλα - Πασαλιμάνι (Πειραιάς),Πειραιάς (Αττική),37.935616,23.65155,1,1,0,2.0,12.78,47.0,931,676,396,3613
1218703579,750,58,1,1,6,1975.0,4,Κέντρο - Λιμάνι (Πειραιάς),Πειραιάς (Αττική),37.943657,23.64682,1,1,0,2.0,12.93,51.0,62,580,720,4036
1218703578,900,70,2,1,6,1975.0,4,Κέντρο - Λιμάνι (Πειραιάς),Πειραιάς (Αττική),37.943657,23.64682,1,1,0,2.0,12.86,51.0,62,580,720,4036
1218809942,550,32,1,1,7,1975.0,4,Κέντρο - Λιμάνι (Πειραιάς),Πειραιάς (Αττική),37.943657,23.64682,1,1,0,Άγνωστο,17.19,51.0,62,580,720,4036
1220398273,750,70,2,1,6,1977.0,6,Καστέλλα - Πασαλιμάνι (Πειραιάς),Πειραιάς (Αττική),37.941025,23.650711,1,1,1,1.0,10.71,49.0,413,202,510,3670
1220503472,425,52,1,1,3,1980.0,6,Καλλίπολη – Φρεαττύδα (Πειραιάς),Πειραιάς (Αττική),37.934639,23.64625,1,0,1,1.0,8.17,46.0,942,969,305,4088
1220424369,800,56,1,1,7,1975.0,7,Καλλίπολη – Φρεαττύδα (Πειραιάς),Πειραιάς (Αττική),37.931156,23.642576,1,1,1,4.0,14.29,51.0,1379,1473,799,4469
1220391008,600,45,1,1,3,1980.0,6,Ταμπούρια – Αγία Σοφία (Πειραιάς),Πειραιάς (Αττική),37.961445,23.634008,0,1,0,1.0,13.33,46.0,310,2759,2944,5694
1219113569,1100,95,2,1,7,1970.0,6,Κέντρο - Λιμάνι (Πειραιάς),Πειραιάς (Αττική),37.939541,23.645885,1,0,0,2.0,11.58,56.0,404,656,296,4088
1219723794,999,81,2,2,8,1977.0,6,Κέντρο - Λιμάνι (Πειραιάς),Πειραιάς (Αττική),37.949429,23.647631,1,1,0,Άγνωστο,12.33,49.0,461,986,1360,4096
1220477714,850,98,3,1,9,1980.0,7,Καστέλλα - Πασαλιμάνι (Πειραιάς),Πειραιάς (Αττική),37.943176,23.655848,1,1,1,1.0,8.67,46.0,793,312,989,3244
1220480982,600,70,2,1,6,1978.0,7,Καλλίπολη – Φρεαττύδα (Πειραιάς),Πειραιάς (Αττική),37.931129,23.640465,1,0,1,Άγνωστο,8.57,48.0,1442,1595,915,4651
1220495234,1000,101,2,1,9,1990.0,1,Καλλίπολη – Φρεαττύδα (Πειραιάς),Πειραιάς (Αττική),37.934448,23.646999,1,0,0,1.0,9.9,36.0,962,949,309,4025
1220291967,700,73,2,1,4,1972.0,7,Καλλίπολη – Φρεαττύδα (Πειραιάς),Πειραιάς (Αττική),37.931129,23.640465,0,0,1,Άγνωστο,9.59,54.0,1442,1595,915,4651
1219949230,650,75,2,1,10,1985.0,5,Πειραϊκή - Χατζηκυριάκειο (Πειραιάς),Πειραιάς (Αττική),37.934093,23.637577,1,0,0,1.0,8.67,41.0,1287,1582,936,4850
1220122209,420,30,1,1,3,1970.0,7,Ταμπούρια – Αγία Σοφία (Πειραιάς),Πειραιάς (Αττική),37.960598,23.638483,0,1,0,4.0,14.0,56.0,493,2462,2719,5300
1219982485,600,45,1,1,6,2021.0,2,Καστέλλα - Πασαλιμάνι (Πειραιάς),Πειραιάς (Αττική),37.943542,23.654938,1,0,0,2.0,13.33,5.0,715,280,961,3329
1219732115,890,107,3,1,6,1960.0,7,Κέντρο - Λιμάνι (Πειραιάς),Πειραιάς (Αττική),37.94202,23.649483,0,1,1,1.0,8.32,66.0,264,303,563,3785
1220078964,800,59,2,1,6,2026.0,1,Ταμπούρια – Αγία Σοφία (Πειραιάς),Πειραιάς (Αττική),37.955029,23.642651,1,0,1,13.0,13.56,0.0,804,1743,2028,4712
1218630178,700,80,2,1,8,1978.0,6,Πειραϊκή - Χατζηκυριάκειο (Πειραιάς),Πειραιάς (Αττική),37.933441,23.639959,1,1,0,1.0,8.75,48.0,1230,1453,782,4652
1220097894,650,71,2,1,9,1979.0,6,Καστέλλα - Πασαλιμάνι (Πειραιάς),Πειραιάς (Αττική),37.945164,23.656799,1,0,0,1.0,9.15,47.0,906,523,1204,3200
1218707646,680,67,2,1,8,1980.0,8,Καλλίπολη – Φρεαττύδα (Πειραιάς),Πειραιάς (Αττική),37.930279,23.644489,0,0,0,1.0,10.15,46.0,1440,1459,814,4326
1220133850,550,52,1,1,7,1967.0,6,Πειραϊκή - Χατζηκυριάκειο (Πειραιάς),Πειραιάς (Αττική),37.931759,23.634039,1,1,0,Άγνωστο,10.58,59.0,1686,1983,1327,5193
1220429775,1000,147,3,1,6,1975.0,6,Καλλίπολη – Φρεαττύδα (Πειραιάς),Πειραιάς (Αττική),37.930443,23.635685,1,0,0,1.0,6.8,51.0,1712,1954,1280,5077
1220429656,600,65,1,2,6,1980.0,5,Καμίνια – Παλαιά Κοκκινιά (Πειραιάς),Πειραιάς (Αττική),37.951588,23.65741,0,0,1,4.0,9.23,46.0,1325,1179,1821,3371
1219464945,650,85,2,1,8,1975.0,4,Πειραϊκή - Χατζηκυριάκειο (Πειραιάς),Πειραιάς (Αττική),37.93552,23.634478,1,1,0,Άγνωστο,7.65,51.0,1370,1751,1157,5105
1220181041,780,67,2,1,7,1985.0,2,Καστέλλα - Πασαλιμάνι (Πειραιάς),Πειραιάς (Αττική),37.943283,23.659958,1,1,0,1.0,11.64,41.0,1154,647,1285,2890
1220352953,720,70,2,1,6,1977.0,5,Καστέλλα - Πασαλιμάνι (Πειραιάς),Πειραιάς (Αττική),37.941082,23.651302,1,0,1,1.0,10.29,49.0,454,152,545,3619
1220508781,600,45,1,1,8,1980.0,2,Πειραϊκή - Χατζηκυριάκειο (Πειραιάς),Πειραιάς (Αττική),37.932072,23.628469,1,1,0,4.0,13.33,46.0,2022,2390,1764,5671
1219732718,750,57,2,1,7,2025.0,1,Ταμπούρια – Αγία Σοφία (Πειραιάς),Πειραιάς (Αττική),37.95825029411764,23.63711570588235,1,0,0,Άγνωστο,13.16,1.0,330,2312,2512,5298
1220426560,750,51,1,1,9,1998.0,9,Κέντρο - Λιμάνι (Πειραιάς),Πειραιάς (Αττική),37.942795,23.649338,0,0,1,11.0,14.71,28.0,225,339,643,3806
1220202927,680,67,2,1,7,2002.0,5,Καλλίπολη – Φρεαττύδα (Πειραιάς),Πειραιάς (Αττική),37.930767,23.640366,1,1,0,2.0,10.15,24.0,1483,1631,950,4667
1220505647,380,40,1,1,6,2000.5,6,Καμίνια – Παλαιά Κοκκινιά (Πειραιάς),Πειραιάς (Αττική),37.955421,23.667601,0,0,0,1.0,9.5,25.5,2281,2006,2685,2832
1219418240,990,117,3,1,7,1978.0,4,Καλλίπολη – Φρεαττύδα (Πειραιάς),Πειραιάς (Αττική),37.935684,23.644169,1,1,0,2.0,8.46,48.0,856,1009,337,4257
1220469688,450,35,1,1,6,1985.0,7,Νέο Φάληρο (Πειραιάς),Πειραιάς (Αττική),37.947285,23.669888,1,1,0,1.0,12.86,41.0,2077,1618,2261,2177
1219692977,800,61,2,1,7,2025.0,1,Ταμπούρια – Αγία Σοφία (Πειραιάς),Πειραιάς (Αττική),37.961449,23.629789,1,0,0,13.0,13.11,1.0,440,2996,3112,6030
1220483320,550,30,1,1,3,1980.0,7,Καλλίπολη – Φρεαττύδα (Πειραιάς),Πειραιάς (Αττική),37.932716,23.64296,1,1,1,1.0,18.33,46.0,1203,1317,638,4404
1220437275,850,80,2,1,7,2025.0,1,Καμίνια – Παλαιά Κοκκινιά (Πειραιάς),Πειραιάς (Αττική),37.954151,23.656851,1,0,0,13.0,10.62,1.0,1420,1438,2055,3541
1220341360,450,25,1,1,10,2014.0,4,Καστέλλα - Πασαλιμάνι (Πειραιάς),Πειραιάς (Αττική),37.943409,23.654409,1,1,0,2.0,18.0,12.0,668,241,919,3373
1220450379,950,114,2,1,6,2000.0,7,Μαρούσι (Αθήνα - Βόρεια Προάστια),Αθήνα - Βόρεια Προάστια (Αττική),38.037762,23.820139,0,0,0,13.0,8.33,26.0,1798,7487,2883,2406
1220496040,2500,152,3,2,7,2004.0,4,Μαρούσι (Αθήνα - Βόρεια Προάστια),Αθήνα - Βόρεια Προάστια (Αττική),38.04187,23.792147,1,1,0,2.0,16.45,22.0,357,7237,1204,2492
1220439496,1050,86,2,1,9,2002.0,4,Μαρούσι (Αθήνα - Βόρεια Προάστια),Αθήνα - Βόρεια Προάστια (Αττική),38.05302,23.81255,1,0,0,2.0,12.21,24.0,518,8824,3205,594
1220426252,720,91,2,1,3,2003.0,6,Μαρούσι (Αθήνα - Βόρεια Προάστια),Αθήνα - Βόρεια Προάστια (Αττική),38.051861,23.79896,0,1,0,Άγνωστο,7.91,23.0,916,8422,2452,1311
1219887572,1540,85,3,1,6,2006.0,4,Μαρούσι (Αθήνα - Βόρεια Προάστια),Αθήνα - Βόρεια Προάστια (Αττική),38.032654,23.799784,1,0,1,1.0,18.12,20.0,1573,6343,1023,3031
1219707338,1020,55,1,1,7,1980.0,7,Μαρούσι (Αθήνα - Βόρεια Προάστια),Αθήνα - Βόρεια Προάστια (Αττική),38.057587,23.804995,1,1,1,1.0,18.55,46.0,317,9148,3252,575
1220000726,1830,145,3,2,10,2003.0,5,Μαρούσι (Αθήνα - Βόρεια Προάστια),Αθήνα - Βόρεια Προάστια (Αττική),38.032532,23.804817,1,0,1,1.0,12.62,23.0,1826,6448,1460,2924
1219888849,1290,60,2,1,6,2004.0,6,Μαρούσι (Αθήνα - Βόρεια Προάστια),Αθήνα - Βόρεια Προάστια (Αττική),38.047523,23.799637,1,1,1,1.0,21.5,22.0,827,7957,2044,1586
1219573813,1400,85,2,1,7,2001.0,6,Μαρούσι (Αθήνα - Βόρεια Προάστια),Αθήνα - Βόρεια Προάστια (Αττική),38.053158,23.802441,1,0,1,2.0,16.47,25.0,580,8620,2712,978
1220119294,2020,110,3,1,9,2012.0,5,Χαλάνδρι (Αθήνα - Βόρεια Προάστια),Αθήνα - Βόρεια Προάστια (Αττική),38.024303,23.798895,1,0,1,2.0,18.36,14.0,1431,5424,1232,3938
1219949427,2040,200,4,1,8,2001.0,7,Χαλάνδρι (Αθήνα - Βόρεια Προάστια),Αθήνα - Βόρεια Προάστια (Αττική),38.028339,23.792425,0,0,1,1.0,10.2,25.0,1847,5749,510,3727
1219935376,1350,116,3,1,9,1985.0,6,Χαλάνδρι (Αθήνα - Βόρεια Προάστια),Αθήνα - Βόρεια Προάστια (Αττική),38.01405,23.80426,1,0,1,1.0,11.64,41.0,452,4508,2397,4961
1219889119,1230,95,3,1,12,1970.0,7,Χαλάνδρι (Αθήνα - Βόρεια Προάστια),Αθήνα - Βόρεια Προάστια (Αττική),38.013554,23.795195,1,1,1,2.0,12.95,56.0,964,4186,2087,5176
1219873004,1830,80,2,1,7,2019.0,2,Μαρούσι (Αθήνα - Βόρεια Προάστια),Αθήνα - Βόρεια Προάστια (Αττική),38.042519,23.795805,1,0,1,2.0,22.88,7.0,512,7352,1395,2229
1218891519,1470,105,3,1,10,1980.0,9,Μαρούσι (Αθήνα - Βόρεια Προάστια),Αθήνα - Βόρεια Προάστια (Αττική),38.05051,23.80125,1,0,1,2.0,14.0,46.0,850,8310,2403,1247
1220450831,850,55,1,1,6,2009.0,4,Μαρούσι (Αθήνα - Βόρεια Προάστια),Αθήνα - Βόρεια Προάστια (Αττική),38.03854,23.802931,1,0,0,Άγνωστο,15.45,17.0,1276,7045,1509,2322
1218179385,1380,82,2,1,7,2009.0,5,Χαλάνδρι (Αθήνα - Βόρεια Προάστια),Αθήνα - Βόρεια Προάστια (Αττική),38.020168,23.798901,1,0,1,1.0,16.83,17.0,1242,4982,1570,4381
1220129427,1370,120,3,2,3,1980.0,4,Χαλάνδρι (Αθήνα - Βόρεια Προάστια),Αθήνα - Βόρεια Προάστια (Αττική),38.031464,23.801151,1,1,1,2.0,11.42,46.0,1748,6244,1134,3119
1211477232,1580,87,2,1,6,2014.0,6,Μαρούσι (Αθήνα - Βόρεια Προάστια),Αθήνα - Βόρεια Προάστια (Αττική),38.041145,23.79974,1,0,0,1.0,18.16,12.0,887,7264,1474,2168
129319486,1480,109,3,1,7,2004.0,2,Μαρούσι (Αθήνα - Βόρεια Προάστια),Αθήνα - Βόρεια Προάστια (Αττική),38.056049,23.816948,1,0,0,2.0,13.58,22.0,783,9264,3713,539
127777439,1740,98,3,2,6,2010.0,2,Μαρούσι (Αθήνα - Βόρεια Προάστια),Αθήνα - Βόρεια Προάστια (Αττική),38.044273,23.799294,1,0,1,1.0,17.76,16.0,747,7597,1721,1891
1220091444,2100,150,3,2,9,1979.0,5,Μαρούσι (Αθήνα - Βόρεια Προάστια),Αθήνα - Βόρεια Προάστια (Αττική),38.03487,23.814583,1,1,1,1.0,14.0,47.0,1573,6991,2341,2619
1220313963,2100,150,3,1,12,1993.5,6,Χαλάνδρι (Αθήνα - Βόρεια Προάστια),Αθήνα - Βόρεια Προάστια (Αττική),38.012524,23.789402,1,1,0,2.0,14.0,32.5,962,3970,2113,5213
1220320097,1170,90,2,1,8,2008.0,6,Μαρούσι (Αθήνα - Βόρεια Προάστια),Αθήνα - Βόρεια Προάστια (Αττική),38.054352,23.826345,1,0,1,1.0,13.0,18.0,1617,9389,4197,1372
1220127383,2300,184,3,3,7,1980.0,9,Χαλάνδρι (Αθήνα - Βόρεια Προάστια),Αθήνα - Βόρεια Προάστια (Αττική),38.019077,23.788445,1,1,0,13.0,12.5,46.0,1666,4683,1382,4806
1219990551,2300,184,4,3,7,1988.0,6,Χαλάνδρι (Αθήνα - Βόρεια Προάστια),Αθήνα - Βόρεια Προάστια (Αττική),38.017429,23.7885,1,0,0,4.0,12.5,38.0,1492,4501,1565,4971
1220421230,980,45,1,1,6,2022.0,1,Χαλάνδρι (Αθήνα - Βόρεια Προάστια),Αθήνα - Βόρεια Προάστια (Αττική),38.010044,23.800169,1,0,0,13.0,21.78,4.0,467,3957,2606,5457
1220392857,1480,87,3,1,8,2009.0,5,Χαλάνδρι (Αθήνα - Βόρεια Προάστια),Αθήνα - Βόρεια Προάστια (Αττική),38.018661,23.797569,1,0,1,1.0,17.01,17.0,1179,4788,1647,4573
1220295785,1100,120,3,1,7,2003.0,2,Μαρούσι (Αθήνα - Βόρεια Προάστια),Αθήνα - Βόρεια Προάστια (Αττική),38.03566,23.816343,0,0,0,1.0,9.17,23.0,1611,7134,2508,2553
1220158859,1000,125,3,1,9,1980.0,6,Μαρούσι (Αθήνα - Βόρεια Προάστια),Αθήνα - Βόρεια Προάστια (Αττική),38.057365,23.799618,1,1,0,2.0,8.0,46.0,749,9035,3045,1045
125212291,1540,120,3,2,3,2012.0,5,Μαρούσι (Αθήνα - Βόρεια Προάστια),Αθήνα - Βόρεια Προάστια (Αττική),38.02832,23.786945,1,0,1,1.0,12.83,14.0,1802,5696,370,3967
1220270221,2500,220,5,4,3,2002.0,2,Μαρούσι (Αθήνα - Βόρεια Προάστια),Αθήνα - Βόρεια Προάστια (Αττική),38.051472,23.824368,1,0,0,2.0,11.36,24.0,1519,9026,3868,1359
1220423972,1540,100,2,1,8,2008.0,5,Μαρούσι (Αθήνα - Βόρεια Προάστια),Αθήνα - Βόρεια Προάστια (Αττική),38.050236,23.803431,1,0,1,2.0,15.4,18.0,756,8320,2474,1142
1216098383,1620,107,3,1,9,2011.0,5,Μαρούσι (Αθήνα - Βόρεια Προάστια),Αθήνα - Βόρεια Προάστια (Αττική),38.041325,23.810163,1,1,1,1.0,15.14,15.0,1643,7523,2212,1891
129346208,1580,109,3,1,7,2004.0,2,Μαρούσι (Αθήνα - Βόρεια Προάστια),Αθήνα - Βόρεια Προάστια (Αττική),38.056,23.815598,1,0,1,1.0,14.5,22.0,665,9221,3630,441
1220135171,2100,150,3,2,9,1979.0,5,Μαρούσι (Αθήνα - Βόρεια Προάστια),Αθήνα - Βόρεια Προάστια (Αττική),38.034657,23.816488,1,1,1,1.0,14.0,47.0,1500,7038,2502,2665
1220424028,2100,150,3,1,12,1985.0,5,Χαλάνδρι (Αθήνα - Βόρεια Προάστια),Αθήνα - Βόρεια Προάστια (Αττική),38.01255,23.79059,1,1,1,1.0,14.0,41.0,920,3990,2118,5309
1219997534,2500,153,3,2,9,2002.0,2,Μαρούσι (Αθήνα - Βόρεια Προάστια),Αθήνα - Βόρεια Προάστια (Αττική),38.051208,23.807814,1,1,1,1.0,16.34,24.0,533,8516,2784,852
1220353200,950,74,2,1,10,1995.0,7,Μαρούσι (Αθήνα - Βόρεια Προάστια),Αθήνα - Βόρεια Προάστια (Αττική),38.046902,23.814709,1,0,0,2.0,12.84,31.0,1170,8239,2885,1298
1220485817,2000,140,3,1,6,1990.0,5,Χαλάνδρι (Αθήνα - Βόρεια Προάστια),Αθήνα - Βόρεια Προάστια (Αττική),38.018669,23.813869,0,0,0,1.0,14.29,36.0,188,5355,2663,4412
1218832529,1600,160,3,3,6,2025.0,4,Μαρούσι (Αθήνα - Βόρεια Προάστια),Αθήνα - Βόρεια Προάστια (Αττική),38.043159,23.827402,0,0,0,2.0,10.0,1.0,2206,8310,3670,2185
1220430557,1800,100,2,1,6,1995.0,5,Χαλάνδρι (Αθήνα - Βόρεια Προάστια),Αθήνα - Βόρεια Προάστια (Αττική),38.029858,23.802137,1,1,1,2.0,18.0,31.0,1670,6096,1234,3267
1220476516,850,70,2,1,6,1998.0,6,Χαλάνδρι (Αθήνα - Βόρεια Προάστια),Αθήνα - Βόρεια Προάστια (Αττική),38.019608,23.797462,0,0,0,1.0,12.14,28.0,1270,4887,1551,4475
1220442396,3500,156,3,2,3,2021.0,4,Μαρούσι (Αθήνα - Βόρεια Προάστια),Αθήνα - Βόρεια Προάστια (Αττική),38.036179,23.819521,0,0,1,13.0,22.44,5.0,1625,7305,2792,2558
1220252480,1900,170,4,2,7,2022.0,1,Μαρούσι (Αθήνα - Βόρεια Προάστια),Αθήνα - Βόρεια Προάστια (Αττική),38.050888,23.82723,1,0,0,2.0,11.18,4.0,1777,9071,4041,1605
1220006934,2900,170,4,3,3,2002.0,6,Χαλάνδρι (Αθήνα - Βόρεια Προάστια),Αθήνα - Βόρεια Προάστια (Αττική),38.013824,23.788649,0,1,1,2.0,17.06,24.0,1121,4105,1966,5218
1219933177,850,90,2,1,3,1975.0,6,Χαλάνδρι (Αθήνα - Βόρεια Προάστια),Αθήνα - Βόρεια Προάστια (Αττική),38.0298,23.79413,0,1,0,1.0,9.44,51.0,1704,5933,553,3515
1219898061,1100,80,2,1,10,2003.0,5,Μαρούσι (Αθήνα - Βόρεια Προάστια),Αθήνα - Βόρεια Προάστια (Αττική),38.049866,23.800821,1,1,1,2.0,13.75,23.0,928,8233,2322,1324
1220500762,1200,130,3,2,3,2003.0,4,Μαρούσι (Αθήνα - Βόρεια Προάστια),Αθήνα - Βόρεια Προάστια (Αττική),38.051922,23.79657,0,1,0,1.0,9.23,23.0,930,8396,2386,1487
1220450684,1250,127,3,1,10,1982.0,5,Μαρούσι (Αθήνα - Βόρεια Προάστια),Αθήνα - Βόρεια Προάστια (Αττική),38.055481,23.816879,1,0,0,2.0,9.84,44.0,780,9202,3663,566
1220003352,1950,130,3,2,7,1990.0,6,Μαρούσι (Αθήνα - Βόρεια Προάστια),Αθήνα - Βόρεια Προάστια (Αττική),38.034149,23.815506,1,1,1,2.0,15.0,36.0,1470,6951,2410,2708
1219754966,1500,78,1,1,6,2026.0,1,Μαρούσι (Αθήνα - Βόρεια Προάστια),Αθήνα - Βόρεια Προάστια (Αττική),38.051121,23.804979,0,0,0,13.0,19.23,0.0,604,8446,2630,981
1219848250,2200,180,2,2,8,2010.0,3,Χαλάνδρι (Αθήνα - Βόρεια Προάστια),Αθήνα - Βόρεια Προάστια (Αττική),38.01664,23.79711,1,0,1,2.0,12.22,16.0,1034,4561,1827,4801
1220482158,1400,115,3,1,7,2011.0,2,Μαρούσι (Αθήνα - Βόρεια Προάστια),Αθήνα - Βόρεια Προάστια (Αττική),38.051308,23.803295,1,0,0,2.0,12.17,15.0,665,8434,2569,1059
1220487796,1200,91,2,1,6,2026.0,1,Χαλάνδρι (Αθήνα - Βόρεια Προάστια),Αθήνα - Βόρεια Προάστια (Αττική),38.02483,23.813974,1,0,0,2.0,13.19,0.0,698,5959,2376,3728
1220488360,1700,98,3,1,8,2026.0,1,Χαλάνδρι (Αθήνα - Βόρεια Προάστια),Αθήνα - Βόρεια Προάστια (Αττική),38.027309,23.79982,1,0,0,2.0,17.35,0.0,1579,5768,1119,3595
1215260170,800,100,2,1,8,1976.0,7,Μαρούσι (Αθήνα - Βόρεια Προάστια),Αθήνα - Βόρεια Προάστια (Αττική),38.049519,23.804489,1,0,0,2.0,8.0,50.0,783,8263,2460,1153
1220077982,2500,155,3,2,9,2002.0,2,Μαρούσι (Αθήνα - Βόρεια Προάστια),Αθήνα - Βόρεια Προάστια (Αττική),38.051407,23.806015,1,1,1,1.0,16.13,24.0,539,8498,2708,904
1220441988,1100,110,3,1,9,2000.0,5,Μαρούσι (Αθήνα - Βόρεια Προάστια),Αθήνα - Βόρεια Προάστια (Αττική),38.040958,23.819368,1,0,0,1.0,10.0,26.0,1946,7780,2925,2048
127784081,1520,120,3,1,8,1995.0,8,Μαρούσι (Αθήνα - Βόρεια Προάστια),Αθήνα - Βόρεια Προάστια (Αττική),38.047012,23.81357,1,1,1,1.0,12.67,31.0,1112,8217,2813,1268
1213083071,800,60,1,1,9,1975.0,8,Μαρούσι (Αθήνα - Βόρεια Προάστια),Αθήνα - Βόρεια Προάστια (Αττική),38.064556,23.802147,1,1,1,2.0,13.33,51.0,692,9860,3873,1074
1216485493,1500,70,2,1,3,2008.0,10,Μαρούσι (Αθήνα - Βόρεια Προάστια),Αθήνα - Βόρεια Προάστια (Αττική),38.050228,23.81353,1,1,1,2.0,21.43,18.0,804,8555,3043,915
1219633951,1400,160,4,1,8,1973.0,4,Χαλάνδρι (Αθήνα - Βόρεια Προάστια),Αθήνα - Βόρεια Προάστια (Αττική),38.028839,23.81624,1,1,0,2.0,8.75,53.0,899,6446,2474,3302
1220377836,1600,130,3,1,8,2007.0,3,Χαλάνδρι (Αθήνα - Βόρεια Προάστια),Αθήνα - Βόρεια Προάστια (Αττική),38.017887,23.789993,1,0,0,2.0,12.31,19.0,1499,4568,1522,4872
1220219075,1880,135,3,2,9,1989.0,5,Χαλάνδρι (Αθήνα - Βόρεια Προάστια),Αθήνα - Βόρεια Προάστια (Αττική),38.027,23.798372,1,1,0,2.0,13.93,37.0,1648,5703,1022,3665
127784170,1280,65,2,1,7,2009.0,1,Μαρούσι (Αθήνα - Βόρεια Προάστια),Αθήνα - Βόρεια Προάστια (Αττική),38.040817,23.814451,1,0,1,1.0,19.69,17.0,1780,7598,2522,1961
1216467576,1100,100,1,1,7,2003.0,6,Μαρούσι (Αθήνα - Βόρεια Προάστια),Αθήνα - Βόρεια Προάστια (Αττική),38.064976,23.804047,0,0,0,2.0,11.0,23.0,519,9936,3973,988
1215925540,1620,108,3,1,9,2011.0,5,Μαρούσι (Αθήνα - Βόρεια Προάστια),Αθήνα - Βόρεια Προάστια (Αττική),38.041325,23.808163,1,1,0,1.0,15.0,15.0,1572,7469,2062,1910
1216637159,990,52,1,1,6,1996.0,5,Χαλάνδρι (Αθήνα - Βόρεια Προάστια),Αθήνα - Βόρεια Προάστια (Αττική),38.021255,23.804525,1,1,1,1.0,19.04,30.0,833,5256,1828,4164
1215750772,1550,85,2,2,6,2003.0,1,Μαρούσι (Αθήνα - Βόρεια Προάστια),Αθήνα - Βόρεια Προάστια (Αττική),38.048801,23.804678,1,1,1,2.0,18.24,23.0,852,8189,2405,1213
127784116,1420,80,2,1,6,2008.0,8,Μαρούσι (Αθήνα - Βόρεια Προάστια),Αθήνα - Βόρεια Προάστια (Αττική),38.035721,23.805882,1,0,1,2.0,17.75,18.0,1669,6814,1618,2558
127798393,1680,104,3,1,7,2008.0,1,Μαρούσι (Αθήνα - Βόρεια Προάστια),Αθήνα - Βόρεια Προάστια (Αττική),38.045975,23.799339,1,0,1,1.0,16.15,18.0,757,7783,1882,1736
1217015045,2200,139,3,2,6,2004.0,4,Μαρούσι (Αθήνα - Βόρεια Προάστια),Αθήνα - Βόρεια Προάστια (Αττική),38.039921,23.794224,1,1,1,2.0,15.83,22.0,630,7046,1075,2543
1220415530,800,107,2,1,7,2000.0,4,Μαρούσι (Αθήνα - Βόρεια Προάστια),Αθήνα - Βόρεια Προάστια (Αττική),38.045715,23.819296,0,1,0,1.0,7.48,26.0,1512,8262,3149,1557
1220461074,750,98,2,1,3,1975.0,6,Χαλάνδρι (Αθήνα - Βόρεια Προάστια),Αθήνα - Βόρεια Προάστια (Αττική),38.021599,23.808523,0,0,0,2.0,7.65,51.0,597,5427,2093,4089
1220339481,1200,75,2,1,7,2007.0,4,Μαρούσι (Αθήνα - Βόρεια Προάστια),Αθήνα - Βόρεια Προάστια (Αττική),38.033115,23.815924,1,0,1,2.0,16.0,19.0,1350,6861,2435,2827
1220432520,900,106,2,1,7,1980.0,7,Μαρούσι (Αθήνα - Βόρεια Προάστια),Αθήνα - Βόρεια Προάστια (Αττική),38.062771,23.80238,1,1,0,2.0,8.49,46.0,748,9668,3692,941
126038522,1740,100,3,2,6,2012.0,2,Μαρούσι (Αθήνα - Βόρεια Προάστια),Αθήνα - Βόρεια Προάστια (Αττική),38.044601,23.800596,1,0,1,1.0,17.4,14.0,858,7655,1817,1798
1220397710,1100,90,2,1,7,1991.0,5,Μαρούσι (Αθήνα - Βόρεια Προάστια),Αθήνα - Βόρεια Προάστια (Αττική),38.048813,23.819391,1,1,0,1.0,12.22,35.0,1278,8584,3342,1261
1218486079,1450,119,3,1,9,1980.0,6,Μαρούσι (Αθήνα - Βόρεια Προάστια),Αθήνα - Βόρεια Προάστια (Αττική),38.052601,23.795958,1,0,1,2.0,12.18,46.0,968,8463,2443,1501
1219529436,2800,270,4,3,3,1988.0,6,Χαλάνδρι (Αθήνα - Βόρεια Προάστια),Αθήνα - Βόρεια Προάστια (Αττική),38.028217,23.796038,0,0,0,2.0,10.37,38.0,1892,5790,778,3609
1220495625,1050,85,2,1,9,2002.0,4,Μαρούσι (Αθήνα - Βόρεια Προάστια),Αθήνα - Βόρεια Προάστια (Αττική),38.052441,23.812405,1,0,0,2.0,12.35,24.0,553,8759,3149,656
1220109463,1200,59,1,1,7,2026.0,1,Χαλάνδρι (Αθήνα - Βόρεια Προάστια),Αθήνα - Βόρεια Προάστια (Αττική),38.032028,23.80389,1,0,0,2.0,20.34,0.0,1807,6370,1375,2996
1220245569,1500,122,0,4,7,2006.0,6,Μαρούσι (Αθήνα - Βόρεια Προάστια),Αθήνα - Βόρεια Προάστια (Αττική),38.041878,23.813555,1,0,0,1.0,12.3,20.0,1644,7680,2503,1835
1220140278,820,90,2,1,10,2003.0,9,Μαρούσι (Αθήνα - Βόρεια Προάστια),Αθήνα - Βόρεια Προάστια (Αττική),38.05566,23.81744,1,0,1,2.0,9.11,23.0,827,9237,3711,597
1220432952,1400,115,3,1,7,2011.0,4,Μαρούσι (Αθήνα - Βόρεια Προάστια),Αθήνα - Βόρεια Προάστια (Αττική),38.053684,23.805269,1,0,0,2.0,12.17,15.0,351,8729,2884,749
1220160457,1900,170,3,2,7,2022.0,1,Μαρούσι (Αθήνα - Βόρεια Προάστια),Αθήνα - Βόρεια Προάστια (Αττική),38.051708,23.82593,1,0,0,2.0,11.18,4.0,1641,9106,3996,1461
1219474624,3900,283,4,3,3,1980.0,5,Χαλάνδρι (Αθήνα - Βόρεια Προάστια),Αθήνα - Βόρεια Προάστια (Αττική),38.009502,23.784061,0,0,0,2.0,13.78,46.0,1056,3594,2307,4648
1220085609,1500,80,1,1,6,2026.0,2,Μαρούσι (Αθήνα - Βόρεια Προάστια),Αθήνα - Βόρεια Προάστια (Αττική),38.052322,23.797592,0,0,0,13.0,18.75,0.0,999,8453,2457,1387
1219871588,1550,127,3,1,6,1952.0,1,Χαλάνδρι (Αθήνα - Βόρεια Προάστια),Αθήνα - Βόρεια Προάστια (Αττική),38.027592,23.804831,0,1,0,13.0,12.2,74.0,1331,5927,1520,3464
1220372612,1000,117,3,1,6,2003.0,5,Μαρούσι (Αθήνα - Βόρεια Προάστια),Αθήνα - Βόρεια Προάστια (Αττική),38.053162,23.79928,0,1,0,2.0,8.55,23.0,826,8569,2597,1213
1217088508,2500,245,4,2,8,1980.0,4,Μαρούσι (Αθήνα - Βόρεια Προάστια),Αθήνα - Βόρεια Προάστια (Αττική),38.058186,23.826771,1,1,0,1.0,10.2,46.0,1661,9794,4496,1337
1220322637,2000,140,3,2,7,1980.0,6,Μαρούσι (Αθήνα - Βόρεια Προάστια),Αθήνα - Βόρεια Προάστια (Αττική),38.048279,23.817682,0,0,0,1.0,14.29,46.0,1207,8474,3185,1239
1220366627,950,92,2,1,9,1978.0,7,Μαρούσι (Αθήνα - Βόρεια Προάστια),Αθήνα - Βόρεια Προάστια (Αττική),38.050873,23.806665,1,1,0,Άγνωστο,10.33,48.0,582,8455,2694,928
1219773550,1200,65,1,1,9,2023.0,1,Χαλάνδρι (Αθήνα - Βόρεια Προάστια),Αθήνα - Βόρεια Προάστια (Αττική),38.010849,23.79265,1,1,1,13.0,18.46,3.0,683,3840,2329,5399
1219944202,850,80,2,1,6,2010.0,5,Μαρούσι (Αθήνα - Βόρεια Προάστια),Αθήνα - Βόρεια Προάστια (Αττική),38.045055,23.827942,0,0,0,2.0,10.62,16.0,2128,8519,3793,2060
126645982,1520,120,3,1,8,1995.0,8,Μαρούσι (Αθήνα - Βόρεια Προάστια),Αθήνα - Βόρεια Προάστια (Αττική),38.046127,23.81381,1,1,1,1.0,12.67,31.0,1210,8132,2770,1369
1220469663,1100,115,2,1,8,2003.0,5,Μαρούσι (Αθήνα - Βόρεια Προάστια),Αθήνα - Βόρεια Προάστια (Αττική),38.050659,23.794661,1,1,0,2.0,9.57,23.0,724,8234,2204,1702
1219962988,1750,111,3,1,3,1993.5,5,Χαλάνδρι (Αθήνα - Βόρεια Προάστια),Αθήνα - Βόρεια Προάστια (Αττική),38.032269,23.84206,0,1,0,Άγνωστο,15.77,32.5,1237,8028,4718,3942
1220469643,1000,100,2,1,9,2003.0,5,Μαρούσι (Αθήνα - Βόρεια Προάστια),Αθήνα - Βόρεια Προάστια (Αττική),38.050751,23.795074,1,0,0,2.0,10.0,23.0,751,8249,2224,1665
1219827680,1100,102,2,1,10,1985.0,7,Χαλάνδρι (Αθήνα - Βόρεια Προάστια),Αθήνα - Βόρεια Προάστια (Αττική),38.027481,23.800104,1,1,0,Άγνωστο,10.78,41.0,1575,5793,1134,3569
1220433440,1500,130,4,2,9,2009.0,5,Μαρούσι (Αθήνα - Βόρεια Προάστια),Αθήνα - Βόρεια Προάστια (Αττική),38.06514,23.802509,0,0,0,1.0,11.54,17.0,647,9930,3945,1095
1220315088,1050,110,3,1,6,2001.0,5,Μαρούσι (Αθήνα - Βόρεια Προάστια),Αθήνα - Βόρεια Προάστια (Αττική),38.048923,23.79155,0,1,0,1.0,9.55,25.0,452,7998,1959,2034
1220477822,780,60,1,1,6,1980.0,5,Μαρούσι (Αθήνα - Βόρεια Προάστια),Αθήνα - Βόρεια Προάστια (Αττική),38.050659,23.794661,1,0,0,2.0,13.0,46.0,724,8234,2204,1702
1220434209,630,26,1,1,10,1980.0,6,Μαρούσι (Αθήνα - Βόρεια Προάστια),Αθήνα - Βόρεια Προάστια (Αττική),38.055012,23.797983,1,1,1,2.0,24.23,46.0,884,8754,2751,1239
1219779434,900,120,2,1,4,1985.0,4,Μαρούσι (Αθήνα - Βόρεια Προάστια),Αθήνα - Βόρεια Προάστια (Αττική),38.032967,23.808939,0,1,0,2.0,7.5,41.0,1636,6610,1824,2826
1219689809,1350,75,2,1,7,2013.0,4,Μαρούσι (Αθήνα - Βόρεια Προάστια),Αθήνα - Βόρεια Προάστια (Αττική),38.046612,23.803305,1,0,1,2.0,18.0,13.0,1111,7925,2139,1485
1220345531,1260,95,3,1,6,2001.0,6,Μαρούσι (Αθήνα - Βόρεια Προάστια),Αθήνα - Βόρεια Προάστια (Αττική),38.047676,23.811934,1,1,0,2.0,13.26,25.0,988,8242,2749,1182
1220371029,1000,109,2,1,7,1980.0,6,Μαρούσι (Αθήνα - Βόρεια Προάστια),Αθήνα - Βόρεια Προάστια (Αττική),38.050728,23.804016,1,1,0,2.0,9.17,46.0,682,8385,2547,1067
1220356838,1000,107,0,0,7,1980.0,6,Μαρούσι (Αθήνα - Βόρεια Προάστια),Αθήνα - Βόρεια Προάστια (Αττική),38.050732,23.802,1,0,0,2.0,9.35,46.0,787,8348,2456,1183
1220352335,800,91,2,1,7,1990.0,6,Μαρούσι (Αθήνα - Βόρεια Προάστια),Αθήνα - Βόρεια Προάστια (Αττική),38.031788,23.781824,1,1,0,6.0,8.79,36.0,1322,6024,559,3930
1220332429,1100,120,3,1,7,2004.0,4,Μαρούσι (Αθήνα - Βόρεια Προάστια),Αθήνα - Βόρεια Προάστια (Αττική),38.034809,23.818666,0,0,0,1.0,9.17,22.0,1481,7135,2694,2686
1219755179,1800,140,3,1,8,1999.0,6,Μαρούσι (Αθήνα - Βόρεια Προάστια),Αθήνα - Βόρεια Προάστια (Αττική),38.062855,23.807205,1,1,1,2.0,12.86,27.0,426,9761,3863,631
1220111447,950,98,2,2,3,2010.0,5,Μαρούσι (Αθήνα - Βόρεια Προάστια),Αθήνα - Βόρεια Προάστια (Αττική),38.056438,23.823982,0,0,1,1.0,9.69,16.0,1400,9521,4184,1112
1219769342,700,45,1,1,0,1995.0,10,Μαρούσι (Αθήνα - Βόρεια Προάστια),Αθήνα - Βόρεια Προάστια (Αττική),38.046539,23.80628,0,1,0,4.0,15.56,31.0,1063,7980,2303,1385
1216915894,1250,110,2,1,8,2003.0,2,Μαρούσι (Αθήνα - Βόρεια Προάστια),Αθήνα - Βόρεια Προάστια (Αττική),38.05669,23.79631,1,1,1,2.0,11.36,23.0,1026,8918,2890,1342
1220499895,780,45,1,1,6,2010.0,5,Χαλάνδρι (Αθήνα - Βόρεια Προάστια),Αθήνα - Βόρεια Προάστια (Αττική),38.027634,23.806368,1,0,1,2.0,17.33,16.0,1272,5976,1648,3439
1220352837,1760,105,3,1,8,1990.0,5,Μαρούσι (Αθήνα - Βόρεια Προάστια),Αθήνα - Βόρεια Προάστια (Αττική),38.048851,23.815474,1,0,1,2.0,16.76,36.0,1030,8466,3070,1107
1219993892,1640,110,3,2,7,2005.0,6,Μαρούσι (Αθήνα - Βόρεια Προάστια),Αθήνα - Βόρεια Προάστια (Αττική),38.049946,23.812649,1,0,1,2.0,14.91,21.0,787,8501,2965,934
1219540872,2100,180,3,3,2,2008.0,6,Μαρούσι (Αθήνα - Βόρεια Προάστια),Αθήνα - Βόρεια Προάστια (Αττική),38.042786,23.824251,0,0,1,1.0,11.67,18.0,2045,8147,3398,2055
1220258926,2080,98,3,2,6,2025.0,1,Μαρούσι (Αθήνα - Βόρεια Προάστια),Αθήνα - Βόρεια Προάστια (Αττική),38.036499,23.814386,1,0,1,2.0,21.22,1.0,1749,7151,2360,2437
1220229551,1120,65,1,1,8,2010.0,4,Χαλάνδρι (Αθήνα - Βόρεια Προάστια),Αθήνα - Βόρεια Προάστια (Αττική),38.029282,23.81039,1,0,1,1.0,17.23,16.0,1249,6276,1959,3228
1220263969,1680,100,2,2,3,2026.0,1,Αγία Παρασκευή (Αθήνα - Βόρεια Προάστια),Αθήνα - Βόρεια Προάστια (Αττική),38.012562,23.812653,1,0,0,13.0,16.8,0.0,527,4723,3004,5087
1219503391,1000,140,3,1,3,1994.0,5,Αγία Παρασκευή (Αθήνα - Βόρεια Προάστια),Αθήνα - Βόρεια Προάστια (Αττική),38.009476,23.827549,0,0,1,Άγνωστο,7.14,32.0,1472,5316,4228,5608
1219886640,1300,130,3,2,8,1995.0,5,Αγία Παρασκευή (Αθήνα - Βόρεια Προάστια),Αθήνα - Βόρεια Προάστια (Αττική),38.011089,23.83123,1,1,0,2.0,10.0,31.0,1421,5675,4400,5527
1220397217,1200,130,3,1,7,1985.0,5,Αγία Παρασκευή (Αθήνα - Βόρεια Προάστια),Αθήνα - Βόρεια Προάστια (Αττική),38.004398,23.818457,1,1,0,1.0,9.23,41.0,1300,4349,4013,6025
1219993315,1400,150,3,1,9,1992.0,5,Αγία Παρασκευή (Αθήνα - Βόρεια Προάστια),Αθήνα - Βόρεια Προάστια (Αττική),38.015789,23.824209,1,1,0,1.0,9.33,34.0,712,5619,3606,4856
1220347619,1650,115,2,2,9,1983.0,4,Αγία Παρασκευή (Αθήνα - Βόρεια Προάστια),Αθήνα - Βόρεια Προάστια (Αττική),38.006817,23.824797,1,1,0,2.0,14.35,43.0,1581,4939,4220,5842
1220377969,2000,120,3,2,9,2026.0,6,Αγία Παρασκευή (Αθήνα - Βόρεια Προάστια),Αθήνα - Βόρεια Προάστια (Αττική),38.00964,23.824604,1,0,0,13.0,16.67,0.0,1353,5141,4010,5531
1220507741,450,40,1,1,3,2004.0,6,Αγία Παρασκευή (Αθήνα - Βόρεια Προάστια),Αθήνα - Βόρεια Προάστια (Αττική),38.02047,23.824369,1,1,0,Άγνωστο,11.25,22.0,337,6035,3397,4355
1220371224,1250,147,4,1,7,1979.0,6,Αγία Παρασκευή (Αθήνα - Βόρεια Προάστια),Αθήνα - Βόρεια Προάστια (Αττική),38.01194,23.819429,1,1,0,2.0,8.5,47.0,844,5022,3495,5202
1220409090,1500,132,3,2,7,2003.0,6,Αγία Παρασκευή (Αθήνα - Βόρεια Προάστια),Αθήνα - Βόρεια Προάστια (Αττική),38.005619,23.818527,1,0,0,2.0,11.36,23.0,1245,4448,3917,5890
1219239937,1300,105,2,1,6,1980.0,7,Αγία Παρασκευή (Αθήνα - Βόρεια Προάστια),Αθήνα - Βόρεια Προάστια (Αττική),38.005039,23.83012,1,1,1,2.0,12.38,46.0,2014,5175,4706,6143
1220069653,1500,95,2,1,6,2000.0,5,Αγία Παρασκευή (Αθήνα - Βόρεια Προάστια),Αθήνα - Βόρεια Προάστια (Αττική),38.007515,23.830793,1,0,1,2.0,15.79,26.0,1794,5390,4586,5894
1219796702,1400,108,2,2,6,2000.0,5,Αγία Παρασκευή (Αθήνα - Βόρεια Προάστια),Αθήνα - Βόρεια Προάστια (Αττική),38.005341,23.83009,1,0,0,2.0,12.96,26.0,1983,5193,4683,6110
1220341270,850,80,2,1,6,1978.0,8,Χολαργός (Αθήνα - Βόρεια Προάστια),Αθήνα - Βόρεια Προάστια (Αττική),38.001389,23.791542,1,1,0,2.0,10.62,48.0,474,2797,2023,4771
1220401504,1200,130,3,1,7,1985.0,6,Αγία Παρασκευή (Αθήνα - Βόρεια Προάστια),Αθήνα - Βόρεια Προάστια (Αττική),38.004539,23.814943,1,1,0,1.0,9.23,41.0,1033,4144,3805,5986
1220352869,870,81,2,1,7,1986.0,5,Αγία Παρασκευή (Αθήνα - Βόρεια Προάστια),Αθήνα - Βόρεια Προάστια (Αττική),38.001793,23.818195,1,0,0,2.0,10.74,40.0,1446,4135,4085,6311
1220080323,1500,152,2,1,6,1980.0,5,Αγία Παρασκευή (Αθήνα - Βόρεια Προάστια),Αθήνα - Βόρεια Προάστια (Αττική),38.007431,23.808844,1,1,0,2.0,9.87,46.0,417,4063,3230,5661
1220171881,1500,95,2,1,6,2005.0,4,Αγία Παρασκευή (Αθήνα - Βόρεια Προάστια),Αθήνα - Βόρεια Προάστια (Αττική),38.010632,23.83087,1,0,1,2.0,15.79,21.0,1475,5618,4399,5565
1220149055,2100,107,3,2,9,2025.0,1,Αγία Παρασκευή (Αθήνα - Βόρεια Προάστια),Αθήνα - Βόρεια Προάστια (Αττική),38.012779,23.82897,1,0,0,2.0,19.63,1.0,1214,5659,4134,5288
1219605023,2000,106,3,2,8,2025.0,1,Αγία Παρασκευή (Αθήνα - Βόρεια Προάστια),Αθήνα - Βόρεια Προάστια (Αττική),38.012779,23.82897,1,0,0,2.0,18.87,1.0,1214,5659,4134,5288
1219879422,1290,90,2,1,6,2010.0,6,Αγία Παρασκευή (Αθήνα - Βόρεια Προάστια),Αθήνα - Βόρεια Προάστια (Αττική),38.008667,23.809231,1,0,1,2.0,14.33,16.0,364,4196,3137,5523
1219300683,1620,110,3,1,8,1980.0,8,Αγία Παρασκευή (Αθήνα - Βόρεια Προάστια),Αθήνα - Βόρεια Προάστια (Αττική),38.00491,23.813831,1,1,1,1.0,14.73,46.0,930,4110,3713,5940
1218803544,1330,80,2,1,6,1980.0,6,Αγία Παρασκευή (Αθήνα - Βόρεια Προάστια),Αθήνα - Βόρεια Προάστια (Αττική),38.008255,23.813366,1,1,1,2.0,16.62,46.0,719,4370,3397,5567
1219846356,1080,75,2,1,8,1975.0,3,Χολαργός (Αθήνα - Βόρεια Προάστια),Αθήνα - Βόρεια Προάστια (Αττική),38.002819,23.792713,1,1,1,2.0,14.4,51.0,284,2978,2206,4936
1220387213,850,50,1,1,3,1992.0,10,Αγία Παρασκευή (Αθήνα - Βόρεια Προάστια),Αθήνα - Βόρεια Προάστια (Αττική),38.012005,23.822086,0,1,1,Άγνωστο,17.0,34.0,1018,5180,3676,5231
1220406419,2000,200,3,2,9,1995.0,7,Αγία Παρασκευή (Αθήνα - Βόρεια Προάστια),Αθήνα - Βόρεια Προάστια (Αττική),38.006294,23.827118,1,1,0,1.0,10.0,31.0,1765,5055,4413,5942
1220452371,1600,175,5,1,8,1978.0,6,Αγία Παρασκευή (Αθήνα - Βόρεια Προάστια),Αθήνα - Βόρεια Προάστια (Αττική),38.008751,23.825552,1,0,0,1.0,9.14,48.0,1480,5133,4136,5645
1220090812,1500,152,2,1,6,1980.0,5,Αγία Παρασκευή (Αθήνα - Βόρεια Προάστια),Αθήνα - Βόρεια Προάστια (Αττική),38.00848,23.810287,1,1,0,2.0,9.87,46.0,456,4231,3209,5541
1219898739,1350,143,3,1,10,1991.0,6,Αγία Παρασκευή (Αθήνα - Βόρεια Προάστια),Αθήνα - Βόρεια Προάστια (Αττική),38.006344,23.824862,1,0,0,2.0,9.44,35.0,1624,4908,4259,5895
1220439971,1400,105,2,1,6,1992.0,6,Αγία Παρασκευή (Αθήνα - Βόρεια Προάστια),Αθήνα - Βόρεια Προάστια (Αττική),38.008026,23.831091,1,1,0,2.0,13.33,34.0,1758,5446,4575,5848
1220469521,3000,140,2,1,9,1975.0,6,Χολαργός (Αθήνα - Βόρεια Προάστια),Αθήνα - Βόρεια Προάστια (Αττική),37.995941,23.800879,1,1,1,Άγνωστο,21.43,51.0,1138,2618,2438,5302
1220145609,1500,157,3,2,6,1995.0,4,Αγία Παρασκευή (Αθήνα - Βόρεια Προάστια),Αθήνα - Βόρεια Προάστια (Αττική),38.008568293478255,23.822942043478264,1,1,0,Άγνωστο,9.55,31.0,1328,4954,3970,5620
1220353335,3500,270,3,3,3,1990.0,6,Χολαργός (Αθήνα - Βόρεια Προάστια),Αθήνα - Βόρεια Προάστια (Αττική),38.005661,23.803869,0,1,0,1.0,12.96,36.0,514,3664,3165,5891
1218476629,1000,120,3,1,8,1985.0,6,Αγία Παρασκευή (Αθήνα - Βόρεια Προάστια),Αθήνα - Βόρεια Προάστια (Αττική),38.022537,23.8332,1,0,0,Άγνωστο,8.33,41.0,143,6702,4066,4407
1220347584,1200,104,3,1,6,2011.0,4,Αγία Παρασκευή (Αθήνα - Βόρεια Προάστια),Αθήνα - Βόρεια Προάστια (Αττική),38.016865,23.839033,0,0,0,2.0,11.54,15.0,940,6613,4741,5200
1220061905,1100,104,2,1,6,1980.0,4,Αγία Παρασκευή (Αθήνα - Βόρεια Προάστια),Αθήνα - Βόρεια Προάστια (Αττική),38.011909,23.83691,1,1,0,1.0,10.58,46.0,1368,6114,4791,5618
1220500474,880,69,2,1,6,1997.0,5,Αγία Παρασκευή (Αθήνα - Βόρεια Προάστια),Αθήνα - Βόρεια Προάστια (Αττική),38.012947,23.82896,1,0,0,2.0,12.75,29.0,1199,5671,4124,5270
1220368278,1350,105,3,1,6,2026.0,1,Αγία Παρασκευή (Αθήνα - Βόρεια Προάστια),Αθήνα - Βόρεια Προάστια (Αττική),38.021111,23.84553,1,0,0,13.0,12.86,0.0,1146,7352,5153,5097
1220392886,1100,90,2,1,7,1978.0,10,Χολαργός (Αθήνα - Βόρεια Προάστια),Αθήνα - Βόρεια Προάστια (Αττική),38.000149,23.789062,1,1,0,2.0,12.22,48.0,421,2610,1770,4515
1219967762,950,114,2,0,3,1978.0,8,Χολαργός (Αθήνα - Βόρεια Προάστια),Αθήνα - Βόρεια Προάστια (Αττική),37.996704,23.803759,0,1,0,Άγνωστο,8.33,48.0,1214,2842,2705,5568
1220268744,1500,210,4,3,3,2010.0,2,Αγία Παρασκευή (Αθήνα - Βόρεια Προάστια),Αθήνα - Βόρεια Προάστια (Αττική),38.008568293478255,23.822942043478264,1,0,0,1.0,7.14,16.0,1328,4954,3970,5620
1220438759,750,70,1,1,3,2008.0,6,Αγία Παρασκευή (Αθήνα - Βόρεια Προάστια),Αθήνα - Βόρεια Προάστια (Αττική),38.012104,23.837284,0,0,0,2.0,10.71,18.0,1356,6153,4810,5611
1220312204,2000,135,3,1,6,1972.0,8,Χολαργός (Αθήνα - Βόρεια Προάστια),Αθήνα - Βόρεια Προάστια (Αττική),37.994972,23.795938,0,1,0,6.0,14.81,54.0,1048,2287,1994,4857
1220409304,1100,90,2,1,6,1982.0,5,Αγία Παρασκευή (Αθήνα - Βόρεια Προάστια),Αθήνα - Βόρεια Προάστια (Αττική),38.008461,23.81896,0,0,0,2.0,12.22,44.0,1130,4704,3718,5580
1219910689,720,65,1,1,3,2015.0,5,Χολαργός (Αθήνα - Βόρεια Προάστια),Αθήνα - Βόρεια Προάστια (Αττική),37.99366,23.803833,0,0,0,4.0,11.08,11.0,1489,2598,2627,5483
1219525771,1700,180,3,1,9,1980.0,6,Αγία Παρασκευή (Αθήνα - Βόρεια Προάστια),Αθήνα - Βόρεια Προάστια (Αττική),38.004852,23.828529,1,1,0,2.0,9.44,46.0,1966,5051,4611,6127
1220117761,1500,96,2,1,6,2005.0,5,Αγία Παρασκευή (Αθήνα - Βόρεια Προάστια),Αθήνα - Βόρεια Προάστια (Αττική),38.004498,23.830547,1,0,1,2.0,15.62,21.0,2085,5169,4772,6211
1219999087,750,75,2,1,7,1972.0,8,Χολαργός (Αθήνα - Βόρεια Προάστια),Αθήνα - Βόρεια Προάστια (Αττική),38.001419,23.794741,1,0,0,1.0,10.0,54.0,387,2889,2241,5024
1220486868,1100,110,3,1,7,1985.0,5,Αγία Παρασκευή (Αθήνα - Βόρεια Προάστια),Αθήνα - Βόρεια Προάστια (Αττική),38.006577,23.817186,1,0,0,2.0,10.0,41.0,1096,4444,3759,5773
1220394090,1200,95,2,1,10,1978.0,6,Χολαργός (Αθήνα - Βόρεια Προάστια),Αθήνα - Βόρεια Προάστια (Αττική),38.004044,23.806759,1,1,0,2.0,12.63,48.0,682,3649,3281,6047
1220100154,1050,114,2,1,4,1978.0,6,Χολαργός (Αθήνα - Βόρεια Προάστια),Αθήνα - Βόρεια Προάστια (Αττική),37.994884,23.805925,0,0,0,4.0,9.21,48.0,1492,2824,2834,5695
1220444628,1950,105,3,1,3,1992.0,2,Αγία Παρασκευή (Αθήνα - Βόρεια Προάστια),Αθήνα - Βόρεια Προάστια (Αττική),38.013039,23.830694,0,1,0,2.0,18.57,34.0,1212,5787,4251,5306
1220445838,1200,130,3,1,7,1985.0,3,Αγία Παρασκευή (Αθήνα - Βόρεια Προάστια),Αθήνα - Βόρεια Προάστια (Αττική),38.004543,23.818298,1,1,0,1.0,9.23,41.0,1280,4350,3992,6007
1219933187,1300,125,2,1,6,1978.0,6,Αγία Παρασκευή (Αθήνα - Βόρεια Προάστια),Αθήνα - Βόρεια Προάστια (Αττική),38.013172,23.826963,0,0,0,2.0,10.4,48.0,1082,5566,3960,5198
1219934947,800,64,2,1,6,1980.0,6,Αγία Παρασκευή (Αθήνα - Βόρεια Προάστια),Αθήνα - Βόρεια Προάστια (Αττική),38.004211,23.829689,0,0,0,Άγνωστο,12.5,46.0,2084,5090,4735,6222
1220467661,740,60,1,1,7,1975.0,6,Αγία Παρασκευή (Αθήνα - Βόρεια Προάστια),Αθήνα - Βόρεια Προάστια (Αττική),38.001369,23.8197,1,1,0,2.0,12.33,51.0,1578,4205,4194,6371
1220333929,950,58,1,1,6,2008.0,4,Χολαργός (Αθήνα - Βόρεια Προάστια),Αθήνα - Βόρεια Προάστια (Αττική),37.999416,23.79726,1,0,0,2.0,16.38,18.0,653,2776,2303,5135
1220359586,850,82,2,1,6,1982.0,6,Αγία Παρασκευή (Αθήνα - Βόρεια Προάστια),Αθήνα - Βόρεια Προάστια (Αττική),38.003902,23.831009,1,1,0,2.0,10.37,44.0,2162,5164,4846,6285
1212978651,1800,120,3,2,7,1992.0,2,Αγία Παρασκευή (Αθήνα - Βόρεια Προάστια),Αθήνα - Βόρεια Προάστια (Αττική),38.007351,23.80908,0,1,1,2.0,15.0,34.0,438,4067,3249,5669
1217363026,1020,61,1,1,7,1978.0,7,Αγία Παρασκευή (Αθήνα - Βόρεια Προάστια),Αθήνα - Βόρεια Προάστια (Αττική),38.00724,23.81702,1,1,1,1.0,16.72,48.0,1058,4489,3695,5698
1220119096,1320,132,3,2,3,1996.0,7,Αγία Παρασκευή (Αθήνα - Βόρεια Προάστια),Αθήνα - Βόρεια Προάστια (Αττική),38.000572,23.81246,0,0,1,2.0,10.0,30.0,1222,3676,3567,6420
1220196472,2150,146,3,1,8,1981.0,1,Αγία Παρασκευή (Αθήνα - Βόρεια Προάστια),Αθήνα - Βόρεια Προάστια (Αττική),38.00803,23.826969,1,1,0,2.0,14.73,45.0,1603,5170,4283,5752
1220439784,810,60,1,1,6,2003.0,5,Αγία Παρασκευή (Αθήνα - Βόρεια Προάστια),Αθήνα - Βόρεια Προάστια (Αττική),38.008984,23.812147,1,0,1,2.0,13.5,23.0,595,4371,3266,5484
1220491003,2250,130,3,2,7,1990.0,6,Αγία Παρασκευή (Αθήνα - Βόρεια Προάστια),Αθήνα - Βόρεια Προάστια (Αττική),38.004257,23.830744,1,1,1,2.0,17.31,36.0,2116,5168,4803,6241
1220259948,1650,70,2,1,6,2024.0,2,Χολαργός (Αθήνα - Βόρεια Προάστια),Αθήνα - Βόρεια Προάστια (Αττική),37.999596,23.791056,1,0,1,2.0,23.57,2.0,564,2593,1862,4645
1220112788,1260,66,2,1,7,1980.0,4,Αγία Παρασκευή (Αθήνα - Βόρεια Προάστια),Αθήνα - Βόρεια Προάστια (Αττική),38.009789,23.816044,1,1,1,2.0,19.09,46.0,888,4650,3432,5409
1220373763,1410,125,3,1,9,2002.0,4,Χολαργός (Αθήνα - Βόρεια Προάστια),Αθήνα - Βόρεια Προάστια (Αττική),37.998192,23.796701,1,1,1,1.0,11.28,24.0,768,2633,2195,5039
1219750714,1700,150,3,2,6,1995.0,5,Αγία Παρασκευή (Αθήνα - Βόρεια Προάστια),Αθήνα - Βόρεια Προάστια (Αττική),38.005947,23.820044,0,0,0,2.0,11.33,31.0,1355,4568,3982,5869
1219812808,1350,118,2,1,9,1997.0,6,Αγία Παρασκευή (Αθήνα - Βόρεια Προάστια),Αθήνα - Βόρεια Προάστια (Αττική),38.005863,23.816193,1,0,0,2.0,11.44,29.0,1049,4327,3760,5845
1219731434,1200,126,3,1,6,1994.0,5,Αγία Παρασκευή (Αθήνα - Βόρεια Προάστια),Αθήνα - Βόρεια Προάστια (Αττική),38.004196,23.817959,1,0,0,2.0,9.52,32.0,1274,4302,4002,6043
1219661216,1100,87,2,1,7,1973.0,6,Χολαργός (Αθήνα - Βόρεια Προάστια),Αθήνα - Βόρεια Προάστια (Αττική),38.001511,23.794889,1,0,0,2.0,12.64,53.0,378,2903,2258,5040
1220369774,1800,133,3,1,7,1989.0,6,Αγία Παρασκευή (Αθήνα - Βόρεια Προάστια),Αθήνα - Βόρεια Προάστια (Αττική),38.009995,23.82799,1,0,1,2.0,13.53,37.0,1436,5383,4227,5562
1220145750,840,120,2,2,6,1979.0,6,Χολαργός (Αθήνα - Βόρεια Προάστια),Αθήνα - Βόρεια Προάστια (Αττική),38.005726,23.803516,0,1,1,4.0,7.0,47.0,516,3655,3144,5888
1220246894,1500,95,2,1,6,2005.0,5,Αγία Παρασκευή (Αθήνα - Βόρεια Προάστια),Αθήνα - Βόρεια Προάστια (Αττική),38.005566,23.829174,0,0,1,Άγνωστο,15.79,21.0,1928,5144,4604,6065
1219817936,1500,140,3,1,6,1980.0,5,Αγία Παρασκευή (Αθήνα - Βόρεια Προάστια),Αθήνα - Βόρεια Προάστια (Αττική),38.008076,23.810911,1,1,0,2.0,10.71,46.0,525,4226,3278,5585
1220290593,1600,90,2,1,7,2026.0,1,Αγία Παρασκευή (Αθήνα - Βόρεια Προάστια),Αθήνα - Βόρεια Προάστια (Αττική),38.00964,23.824066,1,0,0,13.0,17.78,0.0,1317,5108,3972,5522
1219444471,1450,130,2,1,3,1980.0,5,Αγία Παρασκευή (Αθήνα - Βόρεια Προάστια),Αθήνα - Βόρεια Προάστια (Αττική),38.008221,23.807373,1,1,0,2.0,11.15,46.0,266,4066,3086,5580
1220211082,1200,95,2,1,10,1978.0,6,Χολαργός (Αθήνα - Βόρεια Προάστια),Αθήνα - Βόρεια Προάστια (Αττική),38.004887,23.806412,1,0,0,2.0,12.63,48.0,585,3709,3303,5956
1220437524,2700,300,4,4,6,2021.0,2,Αγία Παρασκευή (Αθήνα - Βόρεια Προάστια),Αθήνα - Βόρεια Προάστια (Αττική),38.016144,23.842731,1,0,0,1.0,9.0,5.0,1211,6807,5073,5427
1220304454,800,85,2,1,6,1992.0,6,Χολαργός (Αθήνα - Βόρεια Προάστια),Αθήνα - Βόρεια Προάστια (Αττική),38.005074,23.800871,1,0,0,1.0,9.41,34.0,550,3481,2915,5686
1220392881,1300,100,3,2,9,1992.0,6,Αγία Παρασκευή (Αθήνα - Βόρεια Προάστια),Αθήνα - Βόρεια Προάστια (Αττική),38.007854,23.813522,1,1,0,2.0,13.0,34.0,746,4344,3440,5612
1220407270,1200,130,3,1,7,1985.0,6,Αγία Παρασκευή (Αθήνα - Βόρεια Προάστια),Αθήνα - Βόρεια Προάστια (Αττική),38.004086,23.816515,1,1,0,1.0,9.23,41.0,1174,4203,3930,6044
1220146014,1780,170,3,2,9,1979.0,10,Αγία Παρασκευή (Αθήνα - Βόρεια Προάστια),Αθήνα - Βόρεια Προάστια (Αττική),38.007946,23.815578,1,0,0,2.0,10.47,47.0,915,4465,3551,5610
1219985747,1100,87,2,1,7,1973.0,7,Χολαργός (Αθήνα - Βόρεια Προάστια),Αθήνα - Βόρεια Προάστια (Αττική),37.999489,23.794704,0,1,0,1.0,12.64,53.0,602,2689,2115,4931
1220273605,2150,146,2,1,8,1981.0,1,Αγία Παρασκευή (Αθήνα - Βόρεια Προάστια),Αθήνα - Βόρεια Προάστια (Αττική),38.007507,23.827606,1,1,0,2.0,14.73,45.0,1677,5174,4363,5821
1219417178,1730,124,3,3,8,1977.0,6,Αγία Παρασκευή (Αθήνα - Βόρεια Προάστια),Αθήνα - Βόρεια Προάστια (Αττική),38.006618,23.823137,1,1,0,2.0,13.95,49.0,1504,4816,4126,5836
1220295229,1600,150,3,1,6,1989.0,8,Αγία Παρασκευή (Αθήνα - Βόρεια Προάστια),Αθήνα - Βόρεια Προάστια (Αττική),38.006657,23.81834,1,1,0,2.0,10.67,37.0,1188,4520,3821,5774
1220494763,1000,160,4,1,6,1980.0,7,Αγία Παρασκευή (Αθήνα - Βόρεια Προάστια),Αθήνα - Βόρεια Προάστια (Αττική),38.019394,23.836061,0,0,0,1.0,6.25,46.0,563,6618,4403,4831
1220154207,1500,95,2,1,6,2005.0,2,Αγία Παρασκευή (Αθήνα - Βόρεια Προάστια),Αθήνα - Βόρεια Προάστια (Αττική),38.006672,23.829565,1,1,1,Άγνωστο,15.79,21.0,1829,5247,4555,5955
1220491838,1000,108,2,1,7,1980.0,4,Χολαργός (Αθήνα - Βόρεια Προάστια),Αθήνα - Βόρεια Προάστια (Αττική),37.994854,23.803545,1,1,0,2.0,9.26,46.0,1365,2676,2630,5492
1220406057,1200,100,3,1,6,1992.0,5,Αγία Παρασκευή (Αθήνα - Βόρεια Προάστια),Αθήνα - Βόρεια Προάστια (Αττική),38.003922,23.817904,1,1,0,1.0,12.0,34.0,1286,4277,4022,6073
1219401347,2500,150,3,1,9,2004.0,6,Χολαργός (Αθήνα - Βόρεια Προάστια),Αθήνα - Βόρεια Προάστια (Αττική),37.995396,23.804523,1,0,0,2.0,16.67,22.0,1369,2778,2728,5591
1220321491,1400,105,2,1,6,1992.0,6,Αγία Παρασκευή (Αθήνα - Βόρεια Προάστια),Αθήνα - Βόρεια Προάστια (Αττική),38.008633,23.829281,1,1,0,2.0,13.33,34.0,1622,5367,4406,5738
1220133859,1500,135,3,1,9,1980.0,5,Αγία Παρασκευή (Αθήνα - Βόρεια Προάστια),Αθήνα - Βόρεια Προάστια (Αττική),38.005665,23.822521,1,1,0,1.0,11.11,46.0,1559,4705,4158,5932
1219741621,2000,162,3,2,9,2001.0,4,Αγία Παρασκευή (Αθήνα - Βόρεια Προάστια),Αθήνα - Βόρεια Προάστια (Αττική),38.004486,23.81683,1,0,1,2.0,12.35,25.0,1173,4254,3913,6002
1220006116,1500,152,2,1,6,1980.0,5,Αγία Παρασκευή (Αθήνα - Βόρεια Προάστια),Αθήνα - Βόρεια Προάστια (Αττική),38.008812,23.808874,1,1,0,2.0,9.87,46.0,328,4192,3106,5508
1219394601,2800,150,3,1,9,2004.0,1,Χολαργός (Αθήνα - Βόρεια Προάστια),Αθήνα - Βόρεια Προάστια (Αττική),37.998772,23.798485,1,0,0,2.0,18.67,22.0,762,2765,2364,5208
1220421873,1150,100,2,1,6,1992.0,5,Αγία Παρασκευή (Αθήνα - Βόρεια Προάστια),Αθήνα - Βόρεια Προάστια (Αττική),38.003319,23.813375,0,1,0,2.0,11.5,34.0,1022,3951,3759,6116
1220192395,1500,200,2,1,6,2013.0,5,Αγία Παρασκευή (Αθήνα - Βόρεια Προάστια),Αθήνα - Βόρεια Προάστια (Αττική),38.004578,23.808483,1,0,1,2.0,7.5,13.0,667,3786,3441,5979
1220437407,2150,146,3,1,8,1981.0,2,Αγία Παρασκευή (Αθήνα - Βόρεια Προάστια),Αθήνα - Βόρεια Προάστια (Αττική),38.009029,23.827324,1,1,0,2.0,14.73,45.0,1510,5268,4241,5651
1220014825,1350,142,4,1,10,1991.0,5,Αγία Παρασκευή (Αθήνα - Βόρεια Προάστια),Αθήνα - Βόρεια Προάστια (Αττική),38.006763,23.823757,1,0,0,2.0,9.51,35.0,1526,4867,4155,5830
1219386364,1200,125,3,1,6,1992.0,6,Αγία Παρασκευή (Αθήνα - Βόρεια Προάστια),Αθήνα - Βόρεια Προάστια (Αττική),38.004391,23.818119,1,1,0,2.0,9.6,34.0,1275,4327,3994,6022
1212252776,1750,105,3,2,7,2010.0,4,Αγία Παρασκευή (Αθήνα - Βόρεια Προάστια),Αθήνα - Βόρεια Προάστια (Αττική),38.018936,23.827211,1,0,0,1.0,16.67,16.0,635,6057,3692,4588
1219713058,1750,96,3,1,7,2006.0,5,Αγία Παρασκευή (Αθήνα - Βόρεια Προάστια),Αθήνα - Βόρεια Προάστια (Αττική),38.004326,23.825542,1,0,1,2.0,18.23,20.0,1835,4809,4453,6126
1220294003,1050,120,3,1,7,1982.0,4,Αγία Παρασκευή (Αθήνα - Βόρεια Προάστια),Αθήνα - Βόρεια Προάστια (Αττική),38.019802,23.829027,0,0,0,2.0,8.75,44.0,559,6233,3805,4548
1220495949,780,85,2,1,3,1982.5,5,Ηράκλειο (Αθήνα - Βόρεια Προάστια),Αθήνα - Βόρεια Προάστια (Αττική),38.0532,23.76667,0,1,0,1.0,9.18,43.5,769,7218,3062,3966
1219918866,1000,130,2,1,6,1989.0,4,Ηράκλειο (Αθήνα - Βόρεια Προάστια),Αθήνα - Βόρεια Προάστια (Αττική),38.050438,23.754269,1,0,0,13.0,7.69,37.0,964,6543,3642,4358
1219518143,2500,295,4,3,3,2007.0,5,Ηράκλειο (Αθήνα - Βόρεια Προάστια),Αθήνα - Βόρεια Προάστια (Αττική),38.063313,23.772783,1,0,0,1.0,8.47,19.0,1980,8464,3786,3435
1220305425,450,30,0,1,8,1982.5,2,Ηράκλειο (Αθήνα - Βόρεια Προάστια),Αθήνα - Βόρεια Προάστια (Αττική),38.05209017241379,23.767682379310347,0,1,0,Άγνωστο,15.0,43.5,659,7144,2910,3898
1220179013,950,90,2,1,9,2005.0,5,Ηράκλειο (Αθήνα - Βόρεια Προάστια),Αθήνα - Βόρεια Προάστια (Αττική),38.061905,23.773357,1,0,0,1.0,10.56,21.0,1848,8343,3622,3363
1220479506,500,45,1,1,8,1970.0,7,Ηράκλειο (Αθήνα - Βόρεια Προάστια),Αθήνα - Βόρεια Προάστια (Αττική),38.04813,23.767361,1,1,0,2.0,11.11,56.0,232,6737,2598,4027
1220142811,900,105,2,1,3,1980.0,8,Ηράκλειο (Αθήνα - Βόρεια Προάστια),Αθήνα - Βόρεια Προάστια (Αττική),38.053989,23.766939,0,1,1,1.0,8.57,46.0,858,7308,3118,3931
1220158459,850,81,2,1,3,1972.0,5,Ηράκλειο (Αθήνα - Βόρεια Προάστια),Αθήνα - Βόρεια Προάστια (Αττική),38.043549,23.76906,0,1,0,2.0,10.49,54.0,401,6362,2146,4062
1219989419,1150,93,3,1,7,2012.0,4,Ηράκλειο (Αθήνα - Βόρεια Προάστια),Αθήνα - Βόρεια Προάστια (Αττική),38.050785,23.762663,1,0,1,1.0,12.37,14.0,582,6831,3098,4357
1220388774,1250,105,3,2,3,1982.5,5,Ηράκλειο (Αθήνα - Βόρεια Προάστια),Αθήνα - Βόρεια Προάστια (Αττική),38.044846,23.767729,0,1,0,9.0,11.9,43.5,216,6430,2327,4114
1220283660,1100,87,3,1,8,1978.0,10,Ηράκλειο (Αθήνα - Βόρεια Προάστια),Αθήνα - Βόρεια Προάστια (Αττική),38.05965,23.780346,1,1,0,1.0,12.64,48.0,1785,8407,3205,2732
1217798145,950,130,4,1,6,1980.0,9,Ηράκλειο (Αθήνα - Βόρεια Προάστια),Αθήνα - Βόρεια Προάστια (Αττική),38.063267,23.778345,0,0,0,1.0,7.31,46.0,2170,8674,3636,2955
1220421651,1000,86,3,1,8,1978.0,7,Ηράκλειο (Αθήνα - Βόρεια Προάστια),Αθήνα - Βόρεια Προάστια (Αττική),38.059505,23.778433,1,1,0,1.0,11.63,48.0,1775,8310,3229,2898
1220312578,1350,107,3,1,3,1966.0,4,Ηράκλειο (Αθήνα - Βόρεια Προάστια),Αθήνα - Βόρεια Προάστια (Αττική),38.050327,23.769035,0,1,0,13.0,12.62,60.0,516,7022,2683,3822
1220351702,2500,230,5,4,3,1993.0,5,Ηράκλειο (Αθήνα - Βόρεια Προάστια),Αθήνα - Βόρεια Προάστια (Αττική),38.064091,23.775276,0,1,1,2.0,10.87,33.0,2135,8635,3797,3236
1219981242,1200,103,3,2,3,1990.0,5,Ηράκλειο (Αθήνα - Βόρεια Προάστια),Αθήνα - Βόρεια Προάστια (Αττική),38.04422,23.768728,0,1,0,9.0,11.65,36.0,326,6412,2216,4059
1220348563,1200,128,3,1,3,1969.0,4,Ηράκλειο (Αθήνα - Βόρεια Προάστια),Αθήνα - Βόρεια Προάστια (Αττική),38.051624,23.762238,1,0,0,1.0,9.38,57.0,682,6903,3190,4377
1220111057,750,58,1,1,3,1975.0,6,Ηράκλειο (Αθήνα - Βόρεια Προάστια),Αθήνα - Βόρεια Προάστια (Αττική),38.04607,23.761894,0,1,0,2.0,12.93,51.0,369,6324,2816,4551
1219891532,1000,130,2,1,6,1990.0,2,Ηράκλειο (Αθήνα - Βόρεια Προάστια),Αθήνα - Βόρεια Προάστια (Αττική),38.0499,23.755144,1,1,0,13.0,7.69,36.0,901,6509,3545,4405
1219587400,1000,130,2,1,6,2002.0,1,Ηράκλειο (Αθήνα - Βόρεια Προάστια),Αθήνα - Βόρεια Προάστια (Αττική),38.051605,23.755299,1,1,0,12.0,7.69,24.0,1090,6694,3647,4494
1219987428,1200,103,3,2,3,1980.0,5,Ηράκλειο (Αθήνα - Βόρεια Προάστια),Αθήνα - Βόρεια Προάστια (Αττική),38.04533,23.768513,0,1,0,9.0,11.65,46.0,237,6511,2310,4031
1220440209,2000,158,4,1,10,1982.0,6,Ηράκλειο (Αθήνα - Βόρεια Προάστια),Αθήνα - Βόρεια Προάστια (Αττική),38.052387,23.768948,1,1,0,1.0,12.66,44.0,721,7223,2870,3783
1220290558,900,92,2,1,7,2001.0,1,Ηράκλειο (Αθήνα - Βόρεια Προάστια),Αθήνα - Βόρεια Προάστια (Αττική),38.053192,23.769028,0,0,0,1.0,9.78,25.0,808,7306,2939,3762
1220480277,1100,120,3,1,7,1995.0,4,Ηράκλειο (Αθήνα - Βόρεια Προάστια),Αθήνα - Βόρεια Προάστια (Αττική),38.041431,23.76733,1,0,0,1.0,9.17,31.0,552,6083,2135,4299
1219368815,1500,90,1,1,3,1998.0,6,Ηράκλειο (Αθήνα - Βόρεια Προάστια),Αθήνα - Βόρεια Προάστια (Αττική),38.063751,23.775692,0,0,0,1.0,16.67,28.0,2114,8617,3750,3193
1220477703,1000,150,3,2,6,1983.0,6,Ηράκλειο (Αθήνα - Βόρεια Προάστια),Αθήνα - Βόρεια Προάστια (Αττική),38.050903,23.771143,0,1,0,Άγνωστο,6.67,43.0,676,7165,2624,3628
1220069381,1000,130,2,1,6,1982.5,3,Ηράκλειο (Αθήνα - Βόρεια Προάστια),Αθήνα - Βόρεια Προάστια (Αττική),38.049427,23.754951,1,1,0,13.0,7.69,43.5,848,6454,3529,4369
1219755741,1100,120,3,1,9,1980.0,9,Ηράκλειο (Αθήνα - Βόρεια Προάστια),Αθήνα - Βόρεια Προάστια (Αττική),38.045986,23.77257,0,0,0,Άγνωστο,9.17,46.0,568,6753,2114,3673
1220509121,1100,86,2,2,3,1995.0,5,Ηλιούπολη (Αθήνα - Νότια Προάστια),Αθήνα - Νότια Προάστια (Αττική),37.936417,23.74341,0,1,1,1.0,12.79,31.0,531,3509,4413,2753
1220469057,650,33,1,1,3,1971.0,5,Ηλιούπολη (Αθήνα - Νότια Προάστια),Αθήνα - Νότια Προάστια (Αττική),37.93322,23.747355,0,1,1,4.0,19.7,55.0,362,4005,4757,3212
1219815706,800,125,3,1,4,1975.0,5,Ηλιούπολη (Αθήνα - Νότια Προάστια),Αθήνα - Νότια Προάστια (Αττική),37.9436,23.756334,1,0,0,1.0,6.4,51.0,1428,2922,3693,3051
1220343292,550,58,2,1,7,1977.0,7,Ηλιούπολη (Αθήνα - Νότια Προάστια),Αθήνα - Νότια Προάστια (Αττική),37.946613,23.751261,0,0,0,1.0,9.48,49.0,1156,2790,3288,2619
1220409573,1300,155,4,2,6,2003.0,5,Αργυρούπολη (Αθήνα - Νότια Προάστια),Αθήνα - Νότια Προάστια (Αττική),37.911404,23.751457,1,0,0,1.0,8.39,23.0,784,6206,7193,5005
1220508210,2200,150,4,2,8,1986.0,3,Αργυρούπολη (Αθήνα - Νότια Προάστια),Αθήνα - Νότια Προάστια (Αττική),37.912991,23.75111,1,1,0,9.0,14.67,40.0,609,6038,7015,4853
1220482234,700,54,1,1,3,1980.0,6,Ηλιούπολη (Αθήνα - Νότια Προάστια),Αθήνα - Νότια Προάστια (Αττική),37.937222,23.75905,0,1,1,1.0,12.96,46.0,1259,3551,4437,3799
1220179475,620,53,1,1,8,1980.0,6,Ηλιούπολη (Αθήνα - Νότια Προάστια),Αθήνα - Νότια Προάστια (Αττική),37.935688,23.751415,1,0,0,1.0,11.7,46.0,700,3894,4498,3441
1220313631,950,75,2,1,8,2007.0,5,Ηλιούπολη (Αθήνα - Νότια Προάστια),Αθήνα - Νότια Προάστια (Αττική),37.932739,23.748707,1,0,0,1.0,12.67,19.0,311,4124,4812,3342
1220486284,350,30,1,1,6,1975.0,5,Ηλιούπολη (Αθήνα - Νότια Προάστια),Αθήνα - Νότια Προάστια (Αττική),37.942501,23.74448,0,0,0,1.0,11.67,51.0,408,3104,3732,2676
1220272115,1200,126,4,1,7,1980.0,5,Αργυρούπολη (Αθήνα - Νότια Προάστια),Αθήνα - Νότια Προάστια (Αττική),37.911762,23.751867,1,1,0,2.0,9.52,46.0,761,6189,7155,4999
1220498513,650,55,1,1,6,1978.0,5,Ηλιούπολη (Αθήνα - Νότια Προάστια),Αθήνα - Νότια Προάστια (Αττική),37.925747,23.745605,1,0,0,1.0,11.82,48.0,517,4574,5589,3523
1219952613,800,120,3,1,3,1980.0,5,Ηλιούπολη (Αθήνα - Νότια Προάστια),Αθήνα - Νότια Προάστια (Αττική),37.9436,23.756334,0,1,0,13.0,6.67,46.0,1428,2922,3693,3051
1219948865,1100,115,2,2,7,1980.0,2,Αργυρούπολη (Αθήνα - Νότια Προάστια),Αθήνα - Νότια Προάστια (Αττική),37.91674,23.750759,1,1,0,2.0,9.57,46.0,257,5663,6597,4529
1220343653,1600,110,3,1,10,1992.0,5,Αργυρούπολη (Αθήνα - Νότια Προάστια),Αθήνα - Νότια Προάστια (Αττική),37.903461,23.747015,1,1,1,2.0,14.55,34.0,1242,6833,8066,5490
1220477894,700,68,2,1,4,1964.0,5,Αργυρούπολη (Αθήνα - Νότια Προάστια),Αθήνα - Νότια Προάστια (Αττική),37.910179,23.74605,0,0,0,1.0,10.29,62.0,892,6114,7320,4820
1219912023,1350,126,3,2,6,1990.0,6,Ηλιούπολη (Αθήνα - Νότια Προάστια),Αθήνα - Νότια Προάστια (Αττική),37.942883,23.757408,0,0,1,1.0,10.71,36.0,1504,2971,3792,3156
1220295262,700,62,1,1,6,1984.0,6,Αργυρούπολη (Αθήνα - Νότια Προάστια),Αθήνα - Νότια Προάστια (Αττική),37.905453,23.757214,1,0,0,1.0,11.29,42.0,1599,7031,7894,5836
1220255382,1100,75,2,2,9,2007.0,4,Αργυρούπολη (Αθήνα - Νότια Προάστια),Αθήνα - Νότια Προάστια (Αττική),37.904762,23.749123,1,1,0,1.0,14.67,19.0,1434,6774,7923,5468
1220317451,900,92,3,1,7,1988.0,5,Αργυρούπολη (Αθήνα - Νότια Προάστια),Αθήνα - Νότια Προάστια (Αττική),37.909779,23.75388,0,1,0,2.0,9.78,38.0,1037,6468,7387,5281
1219872443,800,120,3,1,3,1970.0,6,Ηλιούπολη (Αθήνα - Νότια Προάστια),Αθήνα - Νότια Προάστια (Αττική),37.943344,23.757471,0,1,0,13.0,6.67,56.0,1519,2920,3743,3109
1220081341,850,70,2,1,3,1980.0,2,Αργυρούπολη (Αθήνα - Νότια Προάστια),Αθήνα - Νότια Προάστια (Αττική),37.911461,23.745903,0,1,0,4.0,12.14,46.0,757,5979,7177,4697
1220315866,770,93,3,1,3,1975.0,7,Ηλιούπολη (Αθήνα - Νότια Προάστια),Αθήνα - Νότια Προάστια (Αττική),37.93026,23.754061,0,1,0,2.0,8.28,51.0,532,4403,5123,3885
1220308108,850,97,2,1,8,1975.0,7,Ηλιούπολη (Αθήνα - Νότια Προάστια),Αθήνα - Νότια Προάστια (Αττική),37.936749,23.763657,1,1,0,1.0,8.76,51.0,1565,3551,4600,3988
1220461393,900,100,2,1,6,1970.0,5,Ηλιούπολη (Αθήνα - Νότια Προάστια),Αθήνα - Νότια Προάστια (Αττική),37.947983,23.757561,0,1,0,1.0,9.0,56.0,1695,2426,3248,2629
1219985646,1000,101,2,1,6,1985.0,6,Αργυρούπολη (Αθήνα - Νότια Προάστια),Αθήνα - Νότια Προάστια (Αττική),37.899235,23.757505,0,1,0,1.0,9.9,41.0,1418,7649,8585,6395
1219934362,900,140,3,1,3,1990.0,5,Ηλιούπολη (Αθήνα - Νότια Προάστια),Αθήνα - Νότια Προάστια (Αττική),37.93663935294118,23.754572352941175,0,1,0,1.0,6.43,36.0,937,3707,4425,3675
1220339265,900,66,1,1,10,2010.0,4,Αργυρούπολη (Αθήνα - Νότια Προάστια),Αθήνα - Νότια Προάστια (Αττική),37.900501,23.749189,1,0,0,2.0,13.64,16.0,1002,7210,8397,5870
1220082307,650,36,1,1,3,2008.0,2,Αργυρούπολη (Αθήνα - Νότια Προάστια),Αθήνα - Νότια Προάστια (Αττική),37.898487,23.751341,0,0,0,1.0,18.06,18.0,937,7491,8627,6160
1220399633,1700,153,3,1,3,1963.0,6,Αργυρούπολη (Αθήνα - Νότια Προάστια),Αθήνα - Νότια Προάστια (Αττική),37.916885,23.746929,0,1,0,1.0,11.11,63.0,173,5481,6573,4285
1219968056,850,70,2,1,3,1970.0,5,Αργυρούπολη (Αθήνα - Νότια Προάστια),Αθήνα - Νότια Προάστια (Αττική),37.912163,23.746296,0,0,0,Άγνωστο,12.14,56.0,672,5923,7099,4655
1220173153,900,84,2,1,3,1998.0,4,Ηλιούπολη (Αθήνα - Νότια Προάστια),Αθήνα - Νότια Προάστια (Αττική),37.94207,23.75699,1,1,0,6.0,10.71,28.0,1455,3068,3871,3230
1220173152,870,67,2,1,3,1985.0,5,Ηλιούπολη (Αθήνα - Νότια Προάστια),Αθήνα - Νότια Προάστια (Αττική),37.929192,23.749615,0,0,1,1.0,12.99,41.0,168,4474,5209,3596
1220398097,550,30,0,1,7,2004.0,4,Ηλιούπολη (Αθήνα - Νότια Προάστια),Αθήνα - Νότια Προάστια (Αττική),37.945858,23.755857,0,0,1,4.0,18.33,22.0,1468,2699,3438,2799
1219367525,2000,150,3,2,6,2004.0,6,Ηλιούπολη (Αθήνα - Νότια Προάστια),Αθήνα - Νότια Προάστια (Αττική),37.918606,23.753138,1,0,0,1.0,13.33,22.0,430,5602,6404,4539
1219953433,1100,98,2,1,7,1990.0,4,Αργυρούπολη (Αθήνα - Νότια Προάστια),Αθήνα - Νότια Προάστια (Αττική),37.904602,23.747032,0,1,0,1.0,11.22,36.0,1366,6716,7939,5383
1220332237,820,87,2,1,3,1962.0,5,Ηλιούπολη (Αθήνα - Νότια Προάστια),Αθήνα - Νότια Προάστια (Αττική),37.937542,23.744652,0,1,0,1.0,9.43,64.0,498,3491,4282,2813
1220149235,1100,110,2,1,7,1994.0,6,Αργυρούπολη (Αθήνα - Νότια Προάστια),Αθήνα - Νότια Προάστια (Αττική),37.912022,23.755295,1,1,0,1.0,10.0,32.0,905,6318,7150,5182
1220421108,900,100,0,0,6,1970.0,5,Ηλιούπολη (Αθήνα - Νότια Προάστια),Αθήνα - Νότια Προάστια (Αττική),37.94796,23.755569,1,1,0,1.0,9.0,56.0,1522,2491,3205,2569
1220283243,800,86,2,1,8,1984.0,4,Ηλιούπολη (Αθήνα - Νότια Προάστια),Αθήνα - Νότια Προάστια (Αττική),37.930702,23.749451,1,1,0,1.0,9.3,42.0,149,4337,5041,3502
1220251550,800,65,2,1,6,1989.0,6,Ηλιούπολη (Αθήνα - Νότια Προάστια),Αθήνα - Νότια Προάστια (Αττική),37.945469,23.75074,1,1,0,1.0,12.31,37.0,1049,2924,3410,2737
1219879455,2000,120,3,2,3,1980.0,5,Ηλιούπολη (Αθήνα - Νότια Προάστια),Αθήνα - Νότια Προάστια (Αττική),37.945889,23.75382,0,1,1,Άγνωστο,16.67,46.0,1308,2763,3400,2746
1220391947,1300,118,4,1,7,1975.0,6,Ηλιούπολη (Αθήνα - Νότια Προάστια),Αθήνα - Νότια Προάστια (Αττική),37.933247,23.756325,0,1,0,Άγνωστο,11.02,51.0,815,4033,4822,3937
1219698485,1000,67,2,1,3,2003.0,3,Αργυρούπολη (Αθήνα - Νότια Προάστια),Αθήνα - Νότια Προάστια (Αττική),37.904621,23.75647,1,1,1,1.0,14.93,23.0,1651,7079,7979,5866
1220264964,800,85,2,1,8,1986.0,4,Ηλιούπολη (Αθήνα - Νότια Προάστια),Αθήνα - Νότια Προάστια (Αττική),37.930622,23.748409,0,0,0,1.0,9.41,40.0,78,4284,5047,3426
1220131930,1000,75,2,1,8,1972.0,5,Αργυρούπολη (Αθήνα - Νότια Προάστια),Αθήνα - Νότια Προάστια (Αττική),37.900421,23.748507,1,0,0,2.0,13.33,54.0,967,7195,8405,5846
1220391955,800,118,4,1,7,1975.0,9,Ηλιούπολη (Αθήνα - Νότια Προάστια),Αθήνα - Νότια Προάστια (Αττική),37.933247,23.756325,0,0,0,Άγνωστο,6.78,51.0,815,4033,4822,3937
1220216468,1200,95,2,1,6,1968.0,7,Αργυρούπολη (Αθήνα - Νότια Προάστια),Αθήνα - Νότια Προάστια (Αττική),37.903515,23.752165,0,1,0,2.0,12.63,58.0,1423,7013,8072,5734
1220262226,1200,95,2,1,6,1975.0,7,Αργυρούπολη (Αθήνα - Νότια Προάστια),Αθήνα - Νότια Προάστια (Αττική),37.903305,23.754944,0,0,0,2.0,12.63,51.0,1546,7144,8113,5898
1219981846,875,78,3,1,3,1978.0,7,Αργυρούπολη (Αθήνα - Νότια Προάστια),Αθήνα - Νότια Προάστια (Αττική),37.907135,23.750504,0,1,1,4.0,11.22,48.0,1224,6588,7663,5323
1220428695,1150,100,2,1,8,1985.0,5,Αργυρούπολη (Αθήνα - Νότια Προάστια),Αθήνα - Νότια Προάστια (Αττική),37.909973,23.751179,1,1,0,1.0,11.5,41.0,928,6334,7351,5111
1219981844,875,73,2,1,6,1978.0,8,Αργυρούπολη (Αθήνα - Νότια Προάστια),Αθήνα - Νότια Προάστια (Αττική),37.906662,23.751614,0,1,1,1.0,11.99,48.0,1294,6679,7720,5424
1220151780,700,86,2,1,6,1980.0,6,Ηλιούπολη (Αθήνα - Νότια Προάστια),Αθήνα - Νότια Προάστια (Αττική),37.939003,23.764839,1,0,0,1.0,8.14,46.0,1784,3295,4398,3802
1220432957,900,110,2,1,6,1970.0,7,Ηλιούπολη (Αθήνα - Νότια Προάστια),Αθήνα - Νότια Προάστια (Αττική),37.942432,23.763216,0,1,0,1.0,8.18,56.0,1921,2925,3991,3397
1220477484,870,65,2,1,3,1985.0,7,Ηλιούπολη (Αθήνα - Νότια Προάστια),Αθήνα - Νότια Προάστια (Αττική),37.931057,23.749079,0,0,1,1.0,13.38,41.0,151,4285,5000,3455
1220438714,1750,100,2,2,3,2025.0,1,Ηλιούπολη (Αθήνα - Νότια Προάστια),Αθήνα - Νότια Προάστια (Αττική),37.941387,23.764915,1,0,0,2.0,17.5,1.0,1950,3030,4154,3568
1219981606,875,78,3,1,3,1981.0,5,Αργυρούπολη (Αθήνα - Νότια Προάστια),Αθήνα - Νότια Προάστια (Αττική),37.906612,23.753372,0,1,1,1.0,11.22,45.0,1342,6755,7735,5523
1219470312,3500,150,3,4,10,2025.0,1,Αργυρούπολη (Αθήνα - Νότια Προάστια),Αθήνα - Νότια Προάστια (Αττική),37.903053,23.749002,1,0,0,13.0,23.33,1.0,1252,6943,8113,5621
1220135444,1100,115,2,2,7,1998.0,5,Αργυρούπολη (Αθήνα - Νότια Προάστια),Αθήνα - Νότια Προάστια (Αττική),37.915813,23.750423,1,1,0,2.0,9.57,28.0,306,5736,6699,4581
1219799404,1500,200,4,3,3,1980.0,6,Ηλιούπολη (Αθήνα - Νότια Προάστια),Αθήνα - Νότια Προάστια (Αττική),37.942554,23.763067,0,1,1,1.0,7.5,46.0,1922,2913,3974,3379
1220071799,1200,120,3,1,3,2000.0,5,Ηλιούπολη (Αθήνα - Νότια Προάστια),Αθήνα - Νότια Προάστια (Αττική),37.942543,23.768312,1,0,0,1.0,10.0,26.0,2262,2901,4159,3607
1218905717,1400,165,3,2,9,1985.0,8,Ηλιούπολη (Αθήνα - Νότια Προάστια),Αθήνα - Νότια Προάστια (Αττική),37.936279,23.745689,1,0,0,1.0,8.48,41.0,662,3655,4419,2946
1217494084,1180,110,3,1,6,2011.0,6,Ηλιούπολη (Αθήνα - Νότια Προάστια),Αθήνα - Νότια Προάστια (Αττική),37.924782,23.764074,1,0,0,1.0,10.73,15.0,1525,4877,5886,4944
1219981615,875,73,2,1,6,1981.0,5,Αργυρούπολη (Αθήνα - Νότια Προάστια),Αθήνα - Νότια Προάστια (Αττική),37.906612,23.753372,0,1,1,1.0,11.99,45.0,1342,6755,7735,5523
1219834419,950,98,2,1,6,1990.0,7,Ηλιούπολη (Αθήνα - Νότια Προάστια),Αθήνα - Νότια Προάστια (Αττική),37.931538,23.750853,0,0,0,1.0,9.69,36.0,303,4346,4955,3570
1218497094,2000,130,2,3,3,2022.0,7,Ηλιούπολη (Αθήνα - Νότια Προάστια),Αθήνα - Νότια Προάστια (Αττική),37.939274,23.764297,0,0,0,13.0,15.38,4.0,1762,3267,4353,3754
1220460835,1550,80,2,2,8,2026.0,1,Αργυρούπολη (Αθήνα - Νότια Προάστια),Αθήνα - Νότια Προάστια (Αττική),37.904846,23.748907,1,0,0,9.0,19.38,0.0,1436,6758,7914,5450
1220241154,900,56,2,1,7,1973.0,8,Ηλιούπολη (Αθήνα - Νότια Προάστια),Αθήνα - Νότια Προάστια (Αττική),37.934742,23.758089,0,0,0,1.0,16.07,53.0,1030,3838,4688,4030
1220270102,700,52,1,1,3,2010.0,6,Αργυρούπολη (Αθήνα - Νότια Προάστια),Αθήνα - Νότια Προάστια (Αττική),37.917599,23.74992,0,0,0,1.0,13.46,16.0,149,5543,6499,4409
1218821731,1300,120,2,1,3,1965.0,9,Αργυρούπολη (Αθήνα - Νότια Προάστια),Αθήνα - Νότια Προάστια (Αττική),37.905231,23.748735,0,0,0,1.0,10.83,61.0,1420,6713,7870,5406
1220294568,800,85,2,1,8,1986.0,4,Ηλιούπολη (Αθήνα - Νότια Προάστια),Αθήνα - Νότια Προάστια (Αττική),37.93148,23.749241,0,1,0,1.0,9.41,40.0,197,4259,4954,3446
1219955910,1500,117,3,1,8,1985.0,7,Ηλιούπολη (Αθήνα - Νότια Προάστια),Αθήνα - Νότια Προάστια (Αττική),37.934116,23.748522,1,1,1,1.0,12.82,41.0,460,4000,4659,3265
1220361621,2000,90,2,2,9,2010.0,1,Ηλιούπολη (Αθήνα - Νότια Προάστια),Αθήνα - Νότια Προάστια (Αττική),37.937405,23.768179,1,0,1,2.0,22.22,16.0,1952,3471,4673,4094
1220368644,700,62,1,1,6,1982.0,4,Αργυρούπολη (Αθήνα - Νότια Προάστια),Αθήνα - Νότια Προάστια (Αττική),37.904999,23.757307,0,0,0,1.0,11.29,44.0,1648,7079,7946,5880
1220360009,850,110,2,1,6,1988.0,7,Ηλιούπολη (Αθήνα - Νότια Προάστια),Αθήνα - Νότια Προάστια (Αττική),37.940334,23.763361,0,0,0,1.0,7.73,38.0,1771,3156,4214,3613
1219869910,900,90,2,1,8,1985.0,6,Αργυρούπολη (Αθήνα - Νότια Προάστια),Αθήνα - Νότια Προάστια (Αττική),37.905426,23.748428,1,0,0,2.0,10.0,41.0,1398,6682,7848,5373
1220135429,900,84,2,1,3,1965.0,4,Ηλιούπολη (Αθήνα - Νότια Προάστια),Αθήνα - Νότια Προάστια (Αττική),37.940639,23.752375,0,0,0,6.0,10.71,61.0,1041,3350,3959,3290
1219227971,2100,220,4,3,3,2004.0,4,Ηλιούπολη (Αθήνα - Νότια Προάστια),Αθήνα - Νότια Προάστια (Αττική),37.919456,23.749538,0,1,0,1.0,9.55,22.0,195,5350,6291,4242
1220335633,1200,126,4,1,7,1980.0,5,Αργυρούπολη (Αθήνα - Νότια Προάστια),Αθήνα - Νότια Προάστια (Αττική),37.912895,23.752764,1,1,0,2.0,9.52,46.0,690,6120,7035,4958
1218881302,1050,160,2,2,6,1975.0,8,Ηλιούπολη (Αθήνα - Νότια Προάστια),Αθήνα - Νότια Προάστια (Αττική),37.922333,23.759716,0,0,0,1.0,6.56,51.0,1111,5180,6069,4751
1218408642,1250,120,3,2,6,2006.0,4,Ηλιούπολη (Αθήνα - Νότια Προάστια),Αθήνα - Νότια Προάστια (Αττική),37.949036,23.751383,0,1,1,1.0,10.42,20.0,1148,2552,3022,2357
1219843093,2000,120,3,2,3,2004.0,5,Ηλιούπολη (Αθήνα - Νότια Προάστια),Αθήνα - Νότια Προάστια (Αττική),37.943237,23.750059,0,0,1,4.0,16.67,22.0,888,3171,3652,2975
1220215516,1200,95,2,1,6,1980.0,5,Αργυρούπολη (Αθήνα - Νότια Προάστια),Αθήνα - Νότια Προάστια (Αττική),37.903603,23.752249,0,1,0,2.0,12.63,46.0,1435,7008,8063,5731
1219850861,1050,98,1,1,6,1970.0,6,Ηλιούπολη (Αθήνα - Νότια Προάστια),Αθήνα - Νότια Προάστια (Αττική),37.927719,23.747124,1,1,1,6.0,10.71,56.0,265,4469,5369,3499
1217786865,720,82,2,1,6,1990.0,7,Ηλιούπολη (Αθήνα - Νότια Προάστια),Αθήνα - Νότια Προάστια (Αττική),37.948742,23.753172,1,0,0,1.0,8.78,36.0,1306,2502,3077,2424
1219806852,490,58,1,1,6,1977.0,9,Κολωνός - Κολοκυνθούς (Αθήνα - Κέντρο),Αθήνα - Κέντρο (Αττική),38.000347,23.706619,0,0,0,Άγνωστο,8.45,49.0,967,1848,4236,2685
1220479414,550,23,1,1,8,1975.0,8,Σεπόλια - Σκουζέ (Αθήνα - Κέντρο),Αθήνα - Κέντρο (Αττική),38.002872,23.715281,1,1,1,4.0,23.91,51.0,768,1776,4087,2121
1220322610,470,48,1,1,6,1975.0,6,Κολωνός - Κολοκυνθούς (Αθήνα - Κέντρο),Αθήνα - Κέντρο (Αττική),37.990448,23.717133,1,1,0,Άγνωστο,9.79,51.0,388,1393,3079,1634
1219989761,700,80,2,1,7,2006.0,5,Κολωνός - Κολοκυνθούς (Αθήνα - Κέντρο),Αθήνα - Κέντρο (Αττική),37.994225,23.708271,1,0,1,1.0,8.75,20.0,1117,1234,3961,2403
1220343743,550,55,1,1,6,1970.0,7,Κολωνός - Κολοκυνθούς (Αθήνα - Κέντρο),Αθήνα - Κέντρο (Αττική),37.997353,23.707438,1,0,0,1.0,10.0,56.0,1264,1539,4209,2526
1220212331,490,51,1,1,7,1970.0,8,Σεπόλια - Σκουζέ (Αθήνα - Κέντρο),Αθήνα - Κέντρο (Αττική),38.001122,23.718719,1,1,0,1.0,9.61,56.0,409,1417,3740,1763
1220303028,550,60,1,1,9,1972.0,6,Σεπόλια - Σκουζέ (Αθήνα - Κέντρο),Αθήνα - Κέντρο (Αττική),38.008926,23.718517,1,1,0,1.0,9.17,54.0,830,2035,4436,2361
1220347398,580,50,1,1,1,1970.0,10,Σεπόλια - Σκουζέ (Αθήνα - Κέντρο),Αθήνα - Κέντρο (Αττική),37.999142,23.717331,0,1,1,4.0,11.6,56.0,470,1422,3664,1763
1220259297,450,35,1,1,3,1975.0,7,Κολωνός - Κολοκυνθούς (Αθήνα - Κέντρο),Αθήνα - Κέντρο (Αττική),37.990135,23.710133,0,0,1,1.0,12.86,51.0,968,937,3601,2247
1220289767,450,60,1,1,7,1975.0,7,Κολωνός - Κολοκυνθούς (Αθήνα - Κέντρο),Αθήνα - Κέντρο (Αττική),37.996853,23.718273,0,0,0,4.0,7.5,51.0,468,1264,3429,1594
1220482499,420,50,1,1,8,1980.0,7,Κολωνός - Κολοκυνθούς (Αθήνα - Κέντρο),Αθήνα - Κέντρο (Αττική),37.9925,23.712635,1,0,0,4.0,8.4,46.0,716,1279,3534,2012
1220394028,750,88,2,1,8,1981.0,9,Σεπόλια - Σκουζέ (Αθήνα - Κέντρο),Αθήνα - Κέντρο (Αττική),38.005333,23.718212,1,0,0,Άγνωστο,8.52,45.0,787,1748,4129,2087
1220313463,850,57,2,1,6,2026.0,2,Κολωνός - Κολοκυνθούς (Αθήνα - Κέντρο),Αθήνα - Κέντρο (Αττική),37.986382,23.711262,1,0,1,9.0,14.91,0.0,891,787,3346,2239
1220371235,500,52,1,1,4,1975.0,7,Κολωνός - Κολοκυνθούς (Αθήνα - Κέντρο),Αθήνα - Κέντρο (Αττική),37.990326,23.723267,0,1,0,Άγνωστο,9.62,51.0,316,901,2627,1107
1220432264,490,37,1,1,7,1970.0,7,Κολωνός - Κολοκυνθούς (Αθήνα - Κέντρο),Αθήνα - Κέντρο (Αττική),37.992306,23.722475,1,1,1,1.0,13.24,56.0,147,886,2819,1150
1219549978,500,67,1,1,3,1980.0,7,Σεπόλια - Σκουζέ (Αθήνα - Κέντρο),Αθήνα - Κέντρο (Αττική),37.999081,23.718897,0,1,1,1.0,7.46,46.0,333,1294,3563,1636
1220137644,750,80,2,1,9,1972.0,9,Κολωνός - Κολοκυνθούς (Αθήνα - Κέντρο),Αθήνα - Κέντρο (Αττική),37.991734,23.718195,1,1,0,4.0,9.38,54.0,240,1266,3079,1528
1219982015,450,41,1,1,11,2006.0,6,Κολωνός - Κολοκυνθούς (Αθήνα - Κέντρο),Αθήνα - Κέντρο (Αττική),37.990429,23.714701,1,1,1,1.0,10.98,20.0,578,1264,3261,1846
1220378867,650,70,2,1,8,2006.0,6,Κολωνός - Κολοκυνθούς (Αθήνα - Κέντρο),Αθήνα - Κέντρο (Αττική),37.994118,23.721916,1,0,0,1.0,9.29,20.0,215,910,2988,1213
1220340556,450,48,1,1,3,2006.0,6,Σεπόλια - Σκουζέ (Αθήνα - Κέντρο),Αθήνα - Κέντρο (Αττική),37.999443,23.713699,0,0,0,1.0,9.38,20.0,789,1731,3920,2069
1219993652,350,30,1,1,4,1975.0,7,Κολωνός - Κολοκυνθούς (Αθήνα - Κέντρο),Αθήνα - Κέντρο (Αττική),37.991791,23.715059,0,1,0,Άγνωστο,11.67,51.0,508,1380,3312,1802
1219859447,800,114,2,1,6,1956.0,9,Κολωνός - Κολοκυνθούς (Αθήνα - Κέντρο),Αθήνα - Κέντρο (Αττική),37.997135,23.718779,0,1,1,1.0,7.02,70.0,413,1229,3418,1562
1220353156,650,72,2,1,8,2006.0,6,Κολωνός - Κολοκυνθούς (Αθήνα - Κέντρο),Αθήνα - Κέντρο (Αττική),37.993923,23.722294,0,0,0,1.0,9.03,20.0,214,877,2949,1177
1220385352,400,38,1,1,3,1998.0,10,Σεπόλια - Σκουζέ (Αθήνα - Κέντρο),Αθήνα - Κέντρο (Αττική),38.004238,23.716351,0,0,0,Άγνωστο,10.53,28.0,789,1789,4138,2133
1219437713,2500,220,3,3,3,1918.0,5,Κολωνός - Κολοκυνθούς (Αθήνα - Κέντρο),Αθήνα - Κέντρο (Αττική),37.990498,23.723537,0,0,0,2.0,11.36,108.0,320,871,2620,1080
1220509722,700,87,2,1,11,2007.0,4,Κολωνός - Κολοκυνθούς (Αθήνα - Κέντρο),Αθήνα - Κέντρο (Αττική),37.98933,23.71286,1,0,1,2.0,8.05,19.0,775,1062,3347,2024
1220102967,670,50,1,1,3,1970.0,7,Σεπόλια - Σκουζέ (Αθήνα - Κέντρο),Αθήνα - Κέντρο (Αττική),38.003353,23.716162,0,1,1,4.0,13.4,56.0,736,1742,4075,2087
1220446128,850,80,2,1,8,1975.0,7,Κολωνός - Κολοκυνθούς (Αθήνα - Κέντρο),Αθήνα - Κέντρο (Αττική),37.991978,23.71855,1,1,1,1.0,10.62,51.0,203,1230,3069,1495
1216844039,1500,180,10,2,3,1953.0,8,Σεπόλια - Σκουζέ (Αθήνα - Κέντρο),Αθήνα - Κέντρο (Αττική),38.012386,23.71991,0,0,0,Άγνωστο,8.33,73.0,788,2295,4695,2604
1220479349,800,114,2,1,6,1956.0,9,Σεπόλια - Σκουζέ (Αθήνα - Κέντρο),Αθήνα - Κέντρο (Αττική),38.001614,23.715624,0,1,0,1.0,7.02,70.0,676,1678,3965,2023
1220242611,570,61,2,1,7,1960.0,5,Σεπόλια - Σκουζέ (Αθήνα - Κέντρο),Αθήνα - Κέντρο (Αττική),38.001827,23.720173,1,0,0,1.0,9.34,66.0,367,1360,3717,1704
1220329752,700,92,2,1,9,1985.0,3,Κολωνός - Κολοκυνθούς (Αθήνα - Κέντρο),Αθήνα - Κέντρο (Αττική),37.990219,23.715635,1,0,0,2.0,7.61,41.0,514,1320,3179,1768
1220508350,600,60,1,1,4,1974.0,6,Κολωνός - Κολοκυνθούς (Αθήνα - Κέντρο),Αθήνα - Κέντρο (Αττική),37.988045,23.71039,1,1,1,Άγνωστο,10.0,52.0,1033,803,3485,2264
1220067681,740,65,2,1,6,2010.0,1,Σεπόλια - Σκουζέ (Αθήνα - Κέντρο),Αθήνα - Κέντρο (Αττική),38.003143,23.719225,0,1,0,2.0,11.38,16.0,534,1517,3883,1860
1219511086,650,68,2,1,3,1980.0,9,Σεπόλια - Σκουζέ (Αθήνα - Κέντρο),Αθήνα - Κέντρο (Αττική),38.001049,23.715075,0,1,0,Άγνωστο,9.56,46.0,699,1691,3954,2034
1218873036,700,56,1,1,6,1980.0,7,Κολωνός - Κολοκυνθούς (Αθήνα - Κέντρο),Αθήνα - Κέντρο (Αττική),37.992699,23.710835,1,0,1,Άγνωστο,12.5,46.0,874,1196,3681,2170
1220274213,1250,85,2,2,6,2025.0,1,Κολωνός - Κολοκυνθούς (Αθήνα - Κέντρο),Αθήνα - Κέντρο (Αττική),37.993542,23.711994,1,0,1,2.0,14.71,1.0,782,1332,3643,2072
1214332538,750,85,2,1,6,1960.0,8,Κολωνός - Κολοκυνθούς (Αθήνα - Κέντρο),Αθήνα - Κέντρο (Αττική),37.98856,23.712429,0,1,1,4.0,8.82,66.0,849,984,3344,2077
1220422435,750,51,1,1,6,2026.0,1,Σεπόλια - Σκουζέ (Αθήνα - Κέντρο),Αθήνα - Κέντρο (Αττική),38.001263,23.71681,1,0,0,2.0,14.71,0.0,565,1568,3865,1913
1220506283,520,57,1,1,6,1972.0,8,Κολωνός - Κολοκυνθούς (Αθήνα - Κέντρο),Αθήνα - Κέντρο (Αττική),37.992443,23.71504,1,0,1,1.0,9.12,54.0,505,1425,3352,1802
1220492282,420,37,1,1,6,1998.0,5,Σεπόλια - Σκουζέ (Αθήνα - Κέντρο),Αθήνα - Κέντρο (Αττική),38.006268,23.720448,0,0,0,1.0,11.35,28.0,629,1697,4097,2026
1219742441,1050,100,2,1,6,1980.0,5,Κολωνός - Κολοκυνθούς (Αθήνα - Κέντρο),Αθήνα - Κέντρο (Αττική),37.995731,23.718828,0,1,0,4.0,10.5,46.0,409,1193,3310,1513
1219556754,700,85,3,1,6,1963.0,2,Σεπόλια - Σκουζέ (Αθήνα - Κέντρο),Αθήνα - Κέντρο (Αττική),38.00494,23.721693,0,1,0,4.0,8.24,63.0,557,1513,3913,1843
1220406411,590,41,1,1,6,2006.0,5,Σεπόλια - Σκουζέ (Αθήνα - Κέντρο),Αθήνα - Κέντρο (Αττική),38.006691,23.71863,1,0,1,1.0,14.39,20.0,786,1834,4227,2168
1220390280,700,87,2,1,11,2007.0,3,Κολωνός - Κολοκυνθούς (Αθήνα - Κέντρο),Αθήνα - Κέντρο (Αττική),37.989594,23.713303,1,0,1,2.0,8.05,19.0,727,1111,3325,1981
1220322120,1100,51,1,1,8,2025.0,1,Κολωνός - Κολοκυνθούς (Αθήνα - Κέντρο),Αθήνα - Κέντρο (Αττική),37.991138,23.71298,1,0,1,Άγνωστο,21.57,1.0,700,1194,3432,1988
1219835789,570,48,1,1,3,1978.0,6,Κολωνός - Κολοκυνθούς (Αθήνα - Κέντρο),Αθήνα - Κέντρο (Αττική),37.992569,23.717754,1,1,0,Άγνωστο,11.88,48.0,268,1288,3164,1564
1218420772,900,75,2,1,3,1990.0,10,Κολωνός - Κολοκυνθούς (Αθήνα - Κέντρο),Αθήνα - Κέντρο (Αττική),37.9953,23.719761,0,1,0,4.0,12.0,36.0,335,1106,3217,1422
1220500320,750,40,1,1,7,2006.0,6,Σεπόλια - Σκουζέ (Αθήνα - Κέντρο),Αθήνα - Κέντρο (Αττική),38.002876,23.715282,1,1,1,4.0,18.75,20.0,768,1776,4087,2122
1220319337,700,87,2,1,8,1976.0,5,Κολωνός - Κολοκυνθούς (Αθήνα - Κέντρο),Αθήνα - Κέντρο (Αττική),37.989197,23.7157,1,1,0,1.0,8.05,50.0,571,1270,3119,1782
1219723802,530,48,1,1,4,1975.0,6,Κολωνός - Κολοκυνθούς (Αθήνα - Κέντρο),Αθήνα - Κέντρο (Αττική),37.992683,23.722023,1,1,0,4.0,11.04,51.0,112,916,2876,1190
1219555802,1100,52,1,1,7,2009.0,5,Κολωνός - Κολοκυνθούς (Αθήνα - Κέντρο),Αθήνα - Κέντρο (Αττική),37.988754,23.710943,0,1,0,2.0,21.15,17.0,954,888,3472,2201
1220437706,800,114,2,1,6,1956.0,9,Σεπόλια - Σκουζέ (Αθήνα - Κέντρο),Αθήνα - Κέντρο (Αττική),37.998585,23.717251,0,0,0,1.0,7.02,70.0,482,1406,3626,1744
1220406044,400,55,1,1,7,1975.0,6,Κολωνός - Κολοκυνθούς (Αθήνα - Κέντρο),Αθήνα - Κέντρο (Αττική),37.991451,23.703266,0,1,0,1.0,7.27,51.0,866,830,4208,2836
1219623826,900,80,2,1,9,1984.0,5,Κολωνός - Κολοκυνθούς (Αθήνα - Κέντρο),Αθήνα - Κέντρο (Αττική),37.999962,23.705658,0,1,1,Άγνωστο,11.25,42.0,940,1792,4176,2752
1219536942,900,80,2,1,9,1984.0,7,Σεπόλια - Σκουζέ (Αθήνα - Κέντρο),Αθήνα - Κέντρο (Αττική),38.004768,23.716291,1,1,1,Άγνωστο,11.25,42.0,836,1830,4186,2173
1220507456,750,90,2,1,10,1976.0,6,Κολωνός - Κολοκυνθούς (Αθήνα - Κέντρο),Αθήνα - Κέντρο (Αττική),37.996059,23.719891,1,1,0,2.0,8.33,50.0,415,1107,3265,1432
1220315786,450,52,1,1,3,1970.0,6,Σεπόλια - Σκουζέ (Αθήνα - Κέντρο),Αθήνα - Κέντρο (Αττική),38.001064,23.713255,0,1,0,1.0,8.65,56.0,853,1835,4070,2177
1219398582,360,25,1,1,3,1978.0,8,Κολωνός - Κολοκυνθούς (Αθήνα - Κέντρο),Αθήνα - Κέντρο (Αττική),37.994743,23.715351,1,1,0,1.0,14.4,48.0,544,1486,3476,1792
1220066188,600,30,0,1,7,1979.0,2,Σεπόλια - Σκουζέ (Αθήνα - Κέντρο),Αθήνα - Κέντρο (Αττική),38.001919,23.718657,1,0,1,Άγνωστο,20.0,47.0,466,1472,3810,1817
1219834997,580,48,1,1,4,1975.0,6,Κολωνός - Κολοκυνθούς (Αθήνα - Κέντρο),Αθήνα - Κέντρο (Αττική),37.991512,23.72015,0,0,0,4.0,12.08,51.0,114,1106,2925,1358
1220433219,450,40,1,1,6,1970.0,6,Κολωνός - Κολοκυνθούς (Αθήνα - Κέντρο),Αθήνα - Κέντρο (Αττική),37.996189,23.711355,1,1,0,Άγνωστο,11.25,56.0,929,1549,3854,2164
1220158222,400,35,1,1,4,1980.0,6,Κολωνός - Κολοκυνθούς (Αθήνα - Κέντρο),Αθήνα - Κέντρο (Αττική),37.99041,23.7181,0,1,0,2.0,11.43,46.0,324,1314,3005,1551
1219903724,480,35,1,1,6,1985.0,6,Κολωνός - Κολοκυνθούς (Αθήνα - Κέντρο),Αθήνα - Κέντρο (Αττική),37.992538,23.718712,1,1,1,2.0,13.71,41.0,184,1205,3094,1480
1220503554,850,105,3,1,9,2008.0,5,Κολωνός - Κολοκυνθούς (Αθήνα - Κέντρο),Αθήνα - Κέντρο (Αττική),37.99654,23.71747,1,0,0,1.0,8.1,18.0,545,1325,3458,1651
1220430671,800,95,3,1,6,1960.0,7,Κολωνός - Κολοκυνθούς (Αθήνα - Κέντρο),Αθήνα - Κέντρο (Αττική),37.988911,23.71512,0,1,1,1.0,8.42,66.0,631,1210,3149,1839
1219521287,550,42,1,1,8,1988.0,6,Κολωνός - Κολοκυνθούς (Αθήνα - Κέντρο),Αθήνα - Κέντρο (Αττική),37.995552,23.718849,0,0,0,Άγνωστο,13.1,38.0,390,1188,3295,1507
1219332419,500,54,1,0,6,1965.0,7,Σεπόλια - Σκουζέ (Αθήνα - Κέντρο),Αθήνα - Κέντρο (Αττική),38.000622,23.71781,0,0,0,2.0,9.26,61.0,457,1457,3753,1802
1220342237,650,55,1,1,7,1969.0,7,Κολωνός - Κολοκυνθούς (Αθήνα - Κέντρο),Αθήνα - Κέντρο (Αττική),37.992779,23.712299,1,1,1,1.0,11.82,57.0,746,1283,3575,2042
1219526431,1100,52,1,1,7,2009.0,5,Κολωνός - Κολοκυνθούς (Αθήνα - Κέντρο),Αθήνα - Κέντρο (Αττική),37.989166,23.711271,1,0,1,2.0,21.15,17.0,909,939,3465,2164
1220405953,1100,51,1,1,8,2025.0,1,Κολωνός - Κολοκυνθούς (Αθήνα - Κέντρο),Αθήνα - Κέντρο (Αττική),37.994442,23.712151,0,0,1,2.0,21.57,1.0,791,1421,3686,2066
1220396065,480,34,1,1,4,1970.0,6,Κολωνός - Κολοκυνθούς (Αθήνα - Κέντρο),Αθήνα - Κέντρο (Αττική),37.994118,23.718168,0,1,1,4.0,14.12,56.0,299,1238,3239,1538
1220300925,450,48,1,1,4,2006.0,3,Σεπόλια - Σκουζέ (Αθήνα - Κέντρο),Αθήνα - Κέντρο (Αττική),38.000313,23.713139,0,1,0,Άγνωστο,9.38,20.0,847,1811,4021,2151
1220494534,550,50,1,1,4,1972.0,7,Κολωνός - Κολοκυνθούς (Αθήνα - Κέντρο),Αθήνα - Κέντρο (Αττική),37.998287,23.714191,0,1,1,1.0,11.0,54.0,752,1651,3803,1983
1220368787,460,44,1,0,10,1980.0,7,Κολωνός - Κολοκυνθούς (Αθήνα - Κέντρο),Αθήνα - Κέντρο (Αττική),37.993183,23.720787,1,1,0,Άγνωστο,10.45,46.0,87,1015,2995,1300
1219543816,900,80,2,1,9,1984.0,5,Σεπόλια - Σκουζέ (Αθήνα - Κέντρο),Αθήνα - Κέντρο (Αττική),38.002251,23.713003,1,1,1,4.0,11.25,42.0,915,1913,4177,2258
1220141659,550,56,2,1,8,1990.0,6,Κολωνός - Κολοκυνθούς (Αθήνα - Κέντρο),Αθήνα - Κέντρο (Αττική),37.990772,23.722593,0,1,0,6.0,9.82,36.0,240,932,2704,1156
1220278250,470,78,1,1,6,1970.0,9,Κολωνός - Κολοκυνθούς (Αθήνα - Κέντρο),Αθήνα - Κέντρο (Αττική),37.989002,23.709707,0,0,0,Άγνωστο,6.03,56.0,1043,822,3582,2302
1220322066,800,90,2,1,6,1980.0,5,Σεπόλια - Σκουζέ (Αθήνα - Κέντρο),Αθήνα - Κέντρο (Αττική),38.00243,23.714396,1,0,1,Άγνωστο,8.89,46.0,811,1816,4105,2161
1219583015,550,42,1,1,3,1980.0,4,Κολωνός - Κολοκυνθούς (Αθήνα - Κέντρο),Αθήνα - Κέντρο (Αττική),37.994564,23.718184,0,0,0,Άγνωστο,13.1,46.0,332,1238,3269,1543
1220424178,750,51,1,1,6,2026.0,1,Σεπόλια - Σκουζέ (Αθήνα - Κέντρο),Αθήνα - Κέντρο (Αττική),38.000774,23.718235,1,0,0,2.0,14.71,0.0,429,1433,3740,1778
1219605911,1000,80,2,1,9,1984.0,5,Σεπόλια - Σκουζέ (Αθήνα - Κέντρο),Αθήνα - Κέντρο (Αττική),38.001289,23.711174,1,1,1,4.0,12.5,42.0,1036,2012,4221,2353
1219556906,500,60,1,1,3,1963.0,2,Σεπόλια - Σκουζέ (Αθήνα - Κέντρο),Αθήνα - Κέντρο (Αττική),38.00494,23.721693,0,1,0,4.0,8.33,63.0,557,1513,3913,1843
1219891558,380,25,1,1,3,1970.0,6,Κολωνός - Κολοκυνθούς (Αθήνα - Κέντρο),Αθήνα - Κέντρο (Αττική),37.998596,23.719376,0,1,1,4.0,15.2,56.0,299,1233,3495,1575
1220493123,600,110,2,1,6,1976.0,8,Κολωνός - Κολοκυνθούς (Αθήνα - Κέντρο),Αθήνα - Κέντρο (Αττική),37.994652,23.710234,1,0,0,2.0,5.45,50.0,959,1352,3839,2236
1219832941,380,25,1,1,3,1970.0,6,Κολωνός - Κολοκυνθούς (Αθήνα - Κέντρο),Αθήνα - Κέντρο (Αττική),37.997379,23.71987,0,1,1,4.0,15.2,56.0,320,1145,3368,1481
1220507657,800,71,2,1,6,1972.0,7,Βύρωνας (Αθήνα - Νότια Προάστια),Αθήνα - Νότια Προάστια (Αττική),37.961895,23.746899,1,1,0,1.0,11.27,54.0,1580,1881,1569,883
1220401472,750,52,1,1,8,1970.0,6,Βύρωνας (Αθήνα - Νότια Προάστια),Αθήνα - Νότια Προάστια (Αττική),37.962551,23.756111,1,1,0,4.0,14.42,56.0,1713,1139,1691,1198
1220443912,600,48,1,1,6,1980.0,7,Βύρωνας (Αθήνα - Νότια Προάστια),Αθήνα - Νότια Προάστια (Αττική),37.961418,23.758394,0,0,0,1.0,12.5,46.0,1923,1075,1900,1431
1220450651,700,45,1,1,6,2012.0,7,Βύρωνας (Αθήνα - Νότια Προάστια),Αθήνα - Νότια Προάστια (Αττική),37.962624,23.748199,1,0,1,2.0,15.56,14.0,1503,1745,1490,821
1219902924,620,73,2,1,6,1978.0,8,Βύρωνας (Αθήνα - Νότια Προάστια),Αθήνα - Νότια Προάστια (Αττική),37.962284,23.75845,0,0,0,1.0,8.49,48.0,1845,1002,1821,1375
1220079505,750,52,1,1,8,1970.0,7,Βύρωνας (Αθήνα - Νότια Προάστια),Αθήνα - Νότια Προάστια (Αττική),37.961346,23.755789,1,1,0,4.0,14.42,56.0,1820,1245,1799,1273
1220071795,600,72,2,1,6,1976.0,6,Βύρωνας (Αθήνα - Νότια Προάστια),Αθήνα - Νότια Προάστια (Αττική),37.960667,23.76421,0,0,0,Άγνωστο,8.33,50.0,2297,907,2271,1892
1219904762,1200,112,3,2,7,1991.0,5,Βύρωνας (Αθήνα - Νότια Προάστια),Αθήνα - Νότια Προάστια (Αττική),37.94511,23.768538,1,1,0,2.0,10.71,35.0,2463,2617,3915,3383
1219601865,1400,140,3,1,10,1978.0,3,Βύρωνας (Αθήνα - Νότια Προάστια),Αθήνα - Νότια Προάστια (Αττική),37.96492,23.756479,1,1,0,2.0,10.0,48.0,1505,977,1481,1067
1220118003,660,42,1,1,3,1970.0,7,Βύρωνας (Αθήνα - Νότια Προάστια),Αθήνα - Νότια Προάστια (Αττική),37.961624,23.75507,0,1,0,4.0,15.71,56.0,1765,1274,1745,1208
1218214251,670,41,1,1,2,1970.0,7,Βύρωνας (Αθήνα - Νότια Προάστια),Αθήνα - Νότια Προάστια (Αττική),37.961735,23.755253,1,1,0,4.0,16.34,56.0,1761,1254,1740,1209
1220496386,700,55,2,1,6,1980.0,10,Βύρωνας (Αθήνα - Νότια Προάστια),Αθήνα - Νότια Προάστια (Αττική),37.964035,23.750088,1,1,0,4.0,12.73,46.0,1372,1534,1356,734
1220271487,1000,78,2,1,6,1995.0,2,Βύρωνας (Αθήνα - Νότια Προάστια),Αθήνα - Νότια Προάστια (Αττική),37.946419,23.770487,1,1,0,Άγνωστο,12.82,31.0,2687,2490,3876,3372
1220117849,660,43,1,1,3,1970.0,7,Βύρωνας (Αθήνα - Νότια Προάστια),Αθήνα - Νότια Προάστια (Αττική),37.961548,23.755199,0,1,0,4.0,15.35,56.0,1778,1270,1757,1222
1219687590,1000,93,2,2,8,1975.0,4,Βύρωνας (Αθήνα - Νότια Προάστια),Αθήνα - Νότια Προάστια (Αττική),37.963451,23.749849,1,1,1,4.0,10.75,51.0,1432,1576,1416,782
1220442287,800,63,2,1,10,2005.0,5,Βύρωνας (Αθήνα - Νότια Προάστια),Αθήνα - Νότια Προάστια (Αττική),37.964722,23.75437,1,0,0,1.0,12.7,21.0,1429,1156,1407,926
1220378563,1000,100,2,2,6,1959.0,2,Βύρωνας (Αθήνα - Νότια Προάστια),Αθήνα - Νότια Προάστια (Αττική),37.959492,23.74745,0,1,1,4.0,10.0,67.0,1389,1961,1836,1153
1218446701,1200,110,2,1,11,1980.0,6,Βύρωνας (Αθήνα - Νότια Προάστια),Αθήνα - Νότια Προάστια (Αττική),37.961731,23.74824,1,1,1,1.0,10.91,46.0,1603,1782,1590,918
1220353171,950,115,3,1,6,1980.0,6,Βύρωνας (Αθήνα - Νότια Προάστια),Αθήνα - Νότια Προάστια (Αττική),37.956692,23.766624,0,1,0,13.0,8.26,46.0,2616,1324,2746,2322
1220410076,650,33,1,1,6,2026.0,2,Βύρωνας (Αθήνα - Νότια Προάστια),Αθήνα - Νότια Προάστια (Αττική),37.956051,23.752666,1,0,0,2.0,19.7,0.0,1466,1855,2271,1637
1220261902,1100,108,3,1,9,2012.0,6,Βύρωνας (Αθήνα - Νότια Προάστια),Αθήνα - Νότια Προάστια (Αττική),37.964741,23.754471,0,0,0,1.0,10.19,14.0,1431,1147,1409,932
1220247845,600,34,1,1,7,1978.0,1,Βύρωνας (Αθήνα - Νότια Προάστια),Αθήνα - Νότια Προάστια (Αττική),37.959137,23.754812,1,0,0,4.0,17.65,48.0,1814,1475,1993,1415
1220107580,600,45,1,1,4,2000.0,8,Βύρωνας (Αθήνα - Νότια Προάστια),Αθήνα - Νότια Προάστια (Αττική),37.961109,23.75771,0,1,0,1.0,13.33,26.0,1922,1141,1899,1410
1220446556,950,100,3,2,9,1996.0,5,Βύρωνας (Αθήνα - Νότια Προάστια),Αθήνα - Νότια Προάστια (Αττική),37.964169,23.756863,1,1,0,1.0,9.5,30.0,1593,986,1569,1140
1211489257,650,50,1,1,6,1960.0,8,Βύρωνας (Αθήνα - Νότια Προάστια),Αθήνα - Νότια Προάστια (Αττική),37.962429,23.74951,0,1,1,Άγνωστο,13.0,66.0,1539,1648,1524,875
1220295480,750,90,2,1,3,1970.0,4,Βύρωνας (Αθήνα - Νότια Προάστια),Αθήνα - Νότια Προάστια (Αττική),37.952423,23.753874,0,1,0,13.0,8.33,56.0,1409,2117,2688,2052
1220275010,850,100,3,1,6,1976.0,6,Βύρωνας (Αθήνα - Νότια Προάστια),Αθήνα - Νότια Προάστια (Αττική),37.962811,23.752283,1,1,0,Άγνωστο,8.5,50.0,1554,1411,1535,953
1220451893,570,45,1,1,4,1995.0,3,Βύρωνας (Αθήνα - Νότια Προάστια),Αθήνα - Νότια Προάστια (Αττική),37.961948,23.76074,1,1,1,4.0,12.67,31.0,1992,901,1968,1559
1219987227,480,35,1,1,8,1978.0,6,Βύρωνας (Αθήνα - Νότια Προάστια),Αθήνα - Νότια Προάστια (Αττική),37.955303,23.762754,0,1,0,Άγνωστο,13.71,48.0,2246,1517,2679,2181
1220270983,450,39,1,1,6,1997.0,7,Βύρωνας (Αθήνα - Νότια Προάστια),Αθήνα - Νότια Προάστια (Αττική),37.960182,23.75725,1,0,0,1.0,11.54,29.0,1993,1244,1971,1455
1219799752,900,110,2,1,3,1978.0,10,Βύρωνας (Αθήνα - Νότια Προάστια),Αθήνα - Νότια Προάστια (Αττική),37.957111,23.75942,0,1,0,Άγνωστο,8.18,48.0,2045,1424,2362,1837
1219910777,900,80,2,1,8,1989.0,6,Βύρωνας (Αθήνα - Νότια Προάστια),Αθήνα - Νότια Προάστια (Αττική),37.95956,23.747152,1,0,1,1.0,11.25,37.0,1380,1979,1828,1143
1218209304,650,38,1,1,2,1970.0,7,Βύρωνας (Αθήνα - Νότια Προάστια),Αθήνα - Νότια Προάστια (Αττική),37.960831,23.757656,1,1,0,4.0,17.11,56.0,1946,1167,1924,1428
1218194655,790,52,1,1,9,1970.0,7,Βύρωνας (Αθήνα - Νότια Προάστια),Αθήνα - Νότια Προάστια (Αττική),37.961609,23.755543,1,1,0,4.0,15.19,56.0,1784,1243,1763,1237
1220481341,790,50,1,1,9,1970.0,6,Βύρωνας (Αθήνα - Νότια Προάστια),Αθήνα - Νότια Προάστια (Αττική),37.962551,23.756111,1,1,0,4.0,15.8,56.0,1713,1139,1691,1198
1219842457,660,42,1,1,4,1970.0,6,Βύρωνας (Αθήνα - Νότια Προάστια),Αθήνα - Νότια Προάστια (Αττική),37.962582,23.756084,0,1,0,4.0,15.71,56.0,1709,1139,1687,1194
1219842437,660,43,1,1,4,1970.0,7,Βύρωνας (Αθήνα - Νότια Προάστια),Αθήνα - Νότια Προάστια (Αττική),37.962566,23.756392,0,1,0,4.0,15.35,56.0,1724,1118,1701,1215
1218730438,650,38,1,1,2,1970.0,6,Βύρωνας (Αθήνα - Νότια Προάστια),Αθήνα - Νότια Προάστια (Αττική),37.962498,23.756157,0,1,0,4.0,17.11,56.0,1721,1140,1698,1205
1218730422,670,41,1,1,2,1970.0,6,Βύρωνας (Αθήνα - Νότια Προάστια),Αθήνα - Νότια Προάστια (Αττική),37.962498,23.756157,0,1,0,4.0,16.34,56.0,1721,1140,1698,1205
1220478300,750,78,2,1,7,1971.0,5,Βύρωνας (Αθήνα - Νότια Προάστια),Αθήνα - Νότια Προάστια (Αττική),37.955719,23.754158,0,1,0,1.0,9.62,55.0,1563,1800,2338,1721
1219898453,740,75,2,1,9,1978.0,4,Βύρωνας (Αθήνα - Νότια Προάστια),Αθήνα - Νότια Προάστια (Αττική),37.961361,23.745449,1,1,1,1.0,9.87,48.0,1480,2021,1634,940
1220273166,860,98,2,1,6,1975.0,6,Βύρωνας (Αθήνα - Νότια Προάστια),Αθήνα - Νότια Προάστια (Αττική),37.942745,23.769207,0,1,0,2.0,8.78,51.0,2338,2884,4175,3632
1220450501,580,65,1,1,3,1981.0,6,Βύρωνας (Αθήνα - Νότια Προάστια),Αθήνα - Νότια Προάστια (Αττική),37.961571,23.748627,0,1,0,4.0,8.92,45.0,1623,1759,1610,944
1220414935,800,120,3,2,7,1981.0,6,Βύρωνας (Αθήνα - Νότια Προάστια),Αθήνα - Νότια Προάστια (Αττική),37.961361,23.747589,0,1,0,2.0,6.67,45.0,1569,1851,1628,949
1220290994,750,75,2,1,6,1970.0,6,Βύρωνας (Αθήνα - Νότια Προάστια),Αθήνα - Νότια Προάστια (Αττική),37.96035,23.758898,0,1,0,1.0,10.0,56.0,2047,1139,2024,1544
1220176656,720,50,1,1,7,1970.0,6,Βύρωνας (Αθήνα - Νότια Προάστια),Αθήνα - Νότια Προάστια (Αττική),37.962765,23.755928,1,1,1,2.0,14.4,56.0,1685,1139,1663,1170
1220005381,750,105,2,1,7,1978.0,7,Βύρωνας (Αθήνα - Νότια Προάστια),Αθήνα - Νότια Προάστια (Αττική),37.962524,23.747759,1,1,0,1.0,7.14,48.0,1512,1785,1500,824
1219955124,1200,108,2,2,6,2005.0,5,Βύρωνας (Αθήνα - Νότια Προάστια),Αθήνα - Νότια Προάστια (Αττική),37.946476,23.770294,1,1,0,1.0,11.11,21.0,2679,2481,3862,3356
1219940305,480,28,1,1,4,1978.0,1,Βύρωνας (Αθήνα - Νότια Προάστια),Αθήνα - Νότια Προάστια (Αττική),37.960274,23.758268,0,1,1,4.0,17.14,48.0,2027,1179,2004,1510
1219927520,600,45,1,1,3,2000.0,5,Βύρωνας (Αθήνα - Νότια Προάστια),Αθήνα - Νότια Προάστια (Αττική),37.960297,23.758167,0,1,0,1.0,13.33,26.0,2020,1183,1998,1501
1219887998,1200,112,3,2,7,1990.0,7,Βύρωνας (Αθήνα - Νότια Προάστια),Αθήνα - Νότια Προάστια (Αττική),37.94495,23.76634,1,1,0,2.0,10.71,36.0,2313,2630,3843,3289
1219842468,850,98,2,1,6,1975.0,8,Βύρωνας (Αθήνα - Νότια Προάστια),Αθήνα - Νότια Προάστια (Αττική),37.964104,23.751558,1,1,0,2.0,8.67,51.0,1398,1410,1379,799
1219537075,850,110,3,1,6,1965.0,6,Βύρωνας (Αθήνα - Νότια Προάστια),Αθήνα - Νότια Προάστια (Αττική),37.962948,23.754129,0,1,1,2.0,7.73,61.0,1597,1261,1577,1043
1220291044,750,94,2,1,3,1955.0,5,Βύρωνας (Αθήνα - Νότια Προάστια),Αθήνα - Νότια Προάστια (Αττική),37.953537,23.753338,0,1,0,4.0,7.98,71.0,1400,2039,2557,1919
1220341916,950,115,4,1,6,1975.0,4,Βύρωνας (Αθήνα - Νότια Προάστια),Αθήνα - Νότια Προάστια (Αττική),37.955551,23.768169,0,1,0,13.0,8.26,51.0,2710,1457,2929,2508
1220487044,750,78,2,1,6,1985.0,6,Βύρωνας (Αθήνα - Νότια Προάστια),Αθήνα - Νότια Προάστια (Αττική),37.960754,23.761303,1,1,0,3.0,9.62,41.0,2128,988,2103,1677
1219324671,1100,95,3,1,9,1993.0,4,Βύρωνας (Αθήνα - Νότια Προάστια),Αθήνα - Νότια Προάστια (Αττική),37.961292,23.753759,1,1,1,1.0,11.58,33.0,1756,1388,1737,1165
1220279276,1100,135,1,2,3,1960.0,9,Βύρωνας (Αθήνα - Νότια Προάστια),Αθήνα - Νότια Προάστια (Αττική),37.954967,23.756187,0,0,0,Άγνωστο,8.15,66.0,1690,1770,2471,1876
1220133108,770,92,2,1,6,1985.0,5,Βύρωνας (Αθήνα - Νότια Προάστια),Αθήνα - Νότια Προάστια (Αττική),37.952808,23.766361,1,1,0,4.0,8.37,41.0,2491,1756,3082,2599
1220504238,950,100,3,2,9,1997.0,5,Βύρωνας (Αθήνα - Νότια Προάστια),Αθήνα - Νότια Προάστια (Αττική),37.961754,23.759388,1,1,0,1.0,9.5,29.0,1940,990,1916,1476
1220122556,850,101,2,1,9,1982.0,8,Βύρωνας (Αθήνα - Νότια Προάστια),Αθήνα - Νότια Προάστια (Αττική),37.960846,23.753641,1,1,0,1.0,8.42,44.0,1799,1426,1780,1200
1219997930,1400,120,3,1,3,2002.0,5,Βύρωνας (Αθήνα - Νότια Προάστια),Αθήνα - Νότια Προάστια (Αττική),37.942989,23.769829,0,0,0,1.0,11.67,24.0,2398,2862,4177,3640
1220506319,900,115,4,1,6,1975.0,6,Βύρωνας (Αθήνα - Νότια Προάστια),Αθήνα - Νότια Προάστια (Αττική),37.955803,23.767723,0,1,0,4.0,7.83,51.0,2679,1426,2883,2459
1220249540,850,110,2,1,7,1983.0,6,Νέα Φιλαδέλφεια (Αθήνα - Δυτικά Προάστια),Αθήνα - Δυτικά Προάστια (Αττική),38.049885,23.745745,1,0,0,1.0,7.73,43.0,1222,6303,4243,3660
1220333693,590,65,2,1,4,1982.0,5,Βύρωνας (Αθήνα - Νότια Προάστια),Αθήνα - Νότια Προάστια (Αττική),37.954098,23.762388,0,1,0,2.0,9.08,44.0,2178,1654,2780,2261
1220290695,800,120,3,1,7,1978.0,5,Βύρωνας (Αθήνα - Νότια Προάστια),Αθήνα - Νότια Προάστια (Αττική),37.96035,23.74699,0,0,0,1.0,6.67,48.0,1446,1949,1740,1054
1220125494,450,35,1,1,1,1978.0,6,Βύρωνας (Αθήνα - Νότια Προάστια),Αθήνα - Νότια Προάστια (Αττική),37.964878,23.756294,0,0,1,4.0,12.86,48.0,1500,994,1476,1055
1220076268,700,65,1,1,7,1990.0,5,Βύρωνας (Αθήνα - Νότια Προάστια),Αθήνα - Νότια Προάστια (Αττική),37.96199,23.755913,1,1,0,1.0,10.77,36.0,1761,1191,1739,1229
1216090180,850,121,3,1,6,2005.0,6,Βύρωνας (Αθήνα - Νότια Προάστια),Αθήνα - Νότια Προάστια (Αττική),37.954857,23.758286,1,0,0,1.0,7.02,21.0,1858,1693,2547,1980
1219528524,680,80,2,1,6,1970.0,6,Βύρωνας (Αθήνα - Νότια Προάστια),Αθήνα - Νότια Προάστια (Αττική),37.963871,23.757595,0,1,0,4.0,8.5,56.0,1657,949,1633,1212
1219932976,550,45,1,1,3,2000.0,4,Βύρωνας (Αθήνα - Νότια Προάστια),Αθήνα - Νότια Προάστια (Αττική),37.96093,23.757704,0,0,0,1.0,12.22,26.0,1939,1156,1916,1423
1220433799,1300,150,2,2,7,1980.0,6,Βύρωνας (Αθήνα - Νότια Προάστια),Αθήνα - Νότια Προάστια (Αττική),37.959492,23.750845,1,1,1,6.0,8.67,46.0,1579,1713,1865,1222
1220271949,750,105,2,1,3,1979.0,7,Βύρωνας (Αθήνα - Νότια Προάστια),Αθήνα - Νότια Προάστια (Αττική),37.96154,23.747187,1,0,0,1.0,7.14,47.0,1568,1874,1608,924
1220320607,800,105,3,1,9,1970.0,6,Βύρωνας (Αθήνα - Νότια Προάστια),Αθήνα - Νότια Προάστια (Αττική),37.964108,23.755619,1,1,0,1.0,7.62,56.0,1541,1084,1519,1054
1218353673,1300,124,3,1,10,1977.0,8,Βύρωνας (Αθήνα - Νότια Προάστια),Αθήνα - Νότια Προάστια (Αττική),37.958786,23.749285,1,1,0,1.0,10.48,49.0,1428,1869,1924,1258
1219884551,850,98,2,1,6,1975.0,6,Βύρωνας (Αθήνα - Νότια Προάστια),Αθήνα - Νότια Προάστια (Αττική),37.964188,23.75037,1,1,0,2.0,8.67,51.0,1361,1505,1344,732
1219817942,850,122,3,1,6,2005.0,5,Βύρωνας (Αθήνα - Νότια Προάστια),Αθήνα - Νότια Προάστια (Αττική),37.956066,23.764917,1,1,0,1.0,6.97,21.0,2452,1402,2712,2254
1217939992,735,109,2,1,7,1994.0,9,Βύρωνας (Αθήνα - Νότια Προάστια),Αθήνα - Νότια Προάστια (Αττική),37.957359,23.754269,1,0,0,Άγνωστο,6.74,32.0,1662,1653,2166,1562
1219967966,1400,120,3,1,3,2002.0,5,Βύρωνας (Αθήνα - Νότια Προάστια),Αθήνα - Νότια Προάστια (Αττική),37.943893,23.770792,1,0,0,1.0,11.67,24.0,2526,2772,4130,3609
1220152564,1200,70,2,1,3,1975.0,6,Βύρωνας (Αθήνα - Νότια Προάστια),Αθήνα - Νότια Προάστια (Αττική),37.963005,23.749022,1,1,1,Άγνωστο,17.14,51.0,1469,1662,1455,801
1217332176,1200,155,3,1,8,1980.0,8,Βύρωνας (Αθήνα - Νότια Προάστια),Αθήνα - Νότια Προάστια (Αττική),37.946903,23.769957,1,0,0,Άγνωστο,7.74,46.0,2676,2430,3806,3301
1219853752,600,50,1,1,6,1975.0,6,Βύρωνας (Αθήνα - Νότια Προάστια),Αθήνα - Νότια Προάστια (Αττική),37.957855,23.754677,1,0,1,1.0,12.0,51.0,1722,1587,2124,1531
1219975333,750,80,2,1,9,1977.0,8,Βύρωνας (Αθήνα - Νότια Προάστια),Αθήνα - Νότια Προάστια (Αττική),37.962811,23.749723,1,1,0,1.0,9.38,49.0,1500,1613,1484,843
1218540313,1000,56,1,1,7,1970.0,5,Εξάρχεια - Νεάπολη (Αθήνα - Κέντρο),Αθήνα - Κέντρο (Αττική),37.985786,23.73872,1,1,1,1.0,17.86,56.0,801,1092,1313,586
1219997764,1600,120,2,1,7,1970.0,5,Εξάρχεια - Νεάπολη (Αθήνα - Κέντρο),Αθήνα - Κέντρο (Αττική),37.985424,23.736572,1,1,1,2.0,13.33,56.0,659,1045,1396,700
1220378491,1800,120,2,1,6,1970.0,6,Εξάρχεια - Νεάπολη (Αθήνα - Κέντρο),Αθήνα - Κέντρο (Αττική),37.986702,23.734743,1,1,1,2.0,15.0,56.0,650,861,1609,649
1220255329,720,46,1,1,8,1970.0,6,Εξάρχεια - Νεάπολη (Αθήνα - Κέντρο),Αθήνα - Κέντρο (Αττική),37.986092,23.732487,1,1,1,4.0,15.65,56.0,444,902,1703,763
1218270132,600,50,1,1,7,1985.0,7,Εξάρχεια - Νεάπολη (Αθήνα - Κέντρο),Αθήνα - Κέντρο (Αττική),37.987343,23.73387,1,1,0,4.0,12.0,41.0,621,775,1713,593
1214712454,770,35,1,1,8,1970.0,2,Εξάρχεια - Νεάπολη (Αθήνα - Κέντρο),Αθήνα - Κέντρο (Αττική),37.985691,23.73402,1,0,1,Άγνωστο,22.0,56.0,548,958,1573,770
1216602916,800,40,1,1,0,1970.0,2,Εξάρχεια - Νεάπολη (Αθήνα - Κέντρο),Αθήνα - Κέντρο (Αττική),37.987148,23.734541,1,1,1,4.0,20.0,56.0,658,808,1658,602
1220479982,700,47,1,1,8,1970.0,6,Εξάρχεια - Νεάπολη (Αθήνα - Κέντρο),Αθήνα - Κέντρο (Αττική),37.985271,23.732491,1,1,1,4.0,14.89,56.0,406,993,1644,849
1220306793,1300,117,2,1,6,1970.0,7,Εξάρχεια - Νεάπολη (Αθήνα - Κέντρο),Αθήνα - Κέντρο (Αττική),37.986561,23.734489,1,1,0,2.0,11.11,56.0,623,871,1613,668
1219826558,650,65,1,1,7,1930.0,10,Εξάρχεια - Νεάπολη (Αθήνα - Κέντρο),Αθήνα - Κέντρο (Αττική),37.984756,23.731863,0,1,0,4.0,10.0,96.0,338,1051,1653,921
1217972344,1500,104,3,1,9,1970.0,5,Εξάρχεια - Νεάπολη (Αθήνα - Κέντρο),Αθήνα - Κέντρο (Αττική),37.985939,23.732059,1,1,0,2.0,14.42,56.0,403,919,1720,793
1220430238,800,110,1,1,7,1975.0,5,Εξάρχεια - Νεάπολη (Αθήνα - Κέντρο),Αθήνα - Κέντρο (Αττική),37.984337,23.736149,1,1,0,1.0,7.27,51.0,536,1147,1334,671
1219943885,1300,115,2,1,10,1965.0,7,Εξάρχεια - Νεάπολη (Αθήνα - Κέντρο),Αθήνα - Κέντρο (Αττική),37.983749,23.734909,1,0,0,1.0,11.3,61.0,426,1184,1373,750
1220296696,1050,71,2,1,9,1987.0,4,Εξάρχεια - Νεάπολη (Αθήνα - Κέντρο),Αθήνα - Κέντρο (Αττική),37.984749,23.732714,1,1,1,4.0,14.79,39.0,411,1052,1593,898
1220446949,750,47,1,2,3,1971.0,5,Εξάρχεια - Νεάπολη (Αθήνα - Κέντρο),Αθήνα - Κέντρο (Αττική),37.984783,23.737339,0,1,1,4.0,15.96,55.0,638,1136,1298,604
1215897495,700,62,1,0,8,1970.0,2,Εξάρχεια - Νεάπολη (Αθήνα - Κέντρο),Αθήνα - Κέντρο (Αττική),37.98484,23.731993,1,1,1,Άγνωστο,11.29,56.0,351,1041,1649,909
1220432011,880,67,1,1,7,1980.0,8,Εξάρχεια - Νεάπολη (Αθήνα - Κέντρο),Αθήνα - Κέντρο (Αττική),37.984333,23.737459,1,0,0,2.0,13.13,46.0,607,1187,1254,569
1220369166,480,30,1,1,6,1980.0,8,Εξάρχεια - Νεάπολη (Αθήνα - Κέντρο),Αθήνα - Κέντρο (Αττική),37.984333,23.737459,1,0,0,2.0,16.0,46.0,607,1187,1254,569
1220119422,950,70,1,1,9,2003.5,1,Νέα Ιωνία (Αθήνα - Δυτικά Προάστια),Αθήνα - Δυτικά Προάστια (Αττική),38.03846,23.762913,1,1,0,2.0,13.57,22.5,771,5605,2346,4760
1220330907,550,40,1,1,3,1970.0,5,Εξάρχεια - Νεάπολη (Αθήνα - Κέντρο),Αθήνα - Κέντρο (Αττική),37.982693,23.733906,0,1,0,2.0,13.75,56.0,283,1287,1375,812
1218026142,800,96,2,1,6,1966.0,9,Νέα Ιωνία (Αθήνα - Δυτικά Προάστια),Αθήνα - Δυτικά Προάστια (Αττική),38.038479,23.770029,0,0,0,Άγνωστο,8.33,60.0,935,5930,1771,4248
1220311325,1100,97,2,1,6,1972.0,6,Εξάρχεια - Νεάπολη (Αθήνα - Κέντρο),Αθήνα - Κέντρο (Αττική),37.986557,23.736958,1,1,0,Άγνωστο,11.34,54.0,785,943,1472,671
1219993802,1200,100,2,1,6,1970.0,2,Εξάρχεια - Νεάπολη (Αθήνα - Κέντρο),Αθήνα - Κέντρο (Αττική),37.98587,23.738161,1,1,0,2.0,12.0,56.0,777,1059,1348,626
1220056400,800,51,1,1,6,2024.0,3,Νέα Ιωνία (Αθήνα - Δυτικά Προάστια),Αθήνα - Δυτικά Προάστια (Αττική),38.044128,23.757383,1,0,0,Άγνωστο,15.69,2.0,322,5971,3042,4387
1220293940,580,50,2,1,7,1970.0,9,Εξάρχεια - Νεάπολη (Αθήνα - Κέντρο),Αθήνα - Κέντρο (Αττική),37.98653,23.733789,1,0,1,Άγνωστο,11.6,56.0,567,863,1653,683
1219959503,620,107,2,1,4,1970.0,9,Εξάρχεια - Νεάπολη (Αθήνα - Κέντρο),Αθήνα - Κέντρο (Αττική),37.987064,23.734825,1,0,0,2.0,5.79,56.0,675,824,1634,608
1218881743,1250,80,2,1,6,1973.0,9,Νέα Ιωνία (Αθήνα - Δυτικά Προάστια),Αθήνα - Δυτικά Προάστια (Αττική),38.033409,23.779699,1,1,1,2.0,15.62,53.0,1134,6021,774,3926
1216504004,1250,110,2,1,7,1968.0,6,Εξάρχεια - Νεάπολη (Αθήνα - Κέντρο),Αθήνα - Κέντρο (Αττική),37.985931,23.734713,1,1,1,2.0,11.36,58.0,614,943,1549,735
1220390824,1400,95,3,1,8,2021.0,1,Νέα Ιωνία (Αθήνα - Δυτικά Προάστια),Αθήνα - Δυτικά Προάστια (Αττική),38.03421,23.774851,1,0,0,2.0,14.74,5.0,1141,5804,1207,4180
1220353276,700,61,1,1,8,1970.0,7,Εξάρχεια - Νεάπολη (Αθήνα - Κέντρο),Αθήνα - Κέντρο (Αττική),37.985886,23.732864,1,1,1,4.0,11.48,56.0,462,926,1663,774
1217901847,1000,56,1,1,6,1970.0,5,Εξάρχεια - Νεάπολη (Αθήνα - Κέντρο),Αθήνα - Κέντρο (Αττική),37.985729,23.737602,1,1,1,4.0,17.86,56.0,736,1050,1365,650
1220353269,700,65,1,1,8,1970.0,7,Εξάρχεια - Νεάπολη (Αθήνα - Κέντρο),Αθήνα - Κέντρο (Αττική),37.985886,23.732864,1,1,0,4.0,10.77,56.0,462,926,1663,774
1218899456,780,30,1,1,12,1970.0,6,Εξάρχεια - Νεάπολη (Αθήνα - Κέντρο),Αθήνα - Κέντρο (Αττική),37.984322,23.733358,1,0,1,4.0,26.0,56.0,450,1102,1519,899
1219829656,1200,106,2,1,10,1970.0,6,Εξάρχεια - Νεάπολη (Αθήνα - Κέντρο),Αθήνα - Κέντρο (Αττική),37.985161,23.73403,1,1,1,4.0,11.32,56.0,533,1016,1533,828
1218396574,600,42,1,1,6,1974.0,5,Εξάρχεια - Νεάπολη (Αθήνα - Κέντρο),Αθήνα - Κέντρο (Αττική),37.98555,23.731787,1,0,0,4.0,14.29,52.0,361,963,1711,842
1220431850,1200,87,2,2,10,2007.0,6,Νέα Ιωνία (Αθήνα - Δυτικά Προάστια),Αθήνα - Δυτικά Προάστια (Αττική),38.035011,23.765186,1,1,1,4.0,13.79,19.0,1155,5375,2053,4812
1219877931,1200,125,2,2,10,2002.0,5,Νέα Ιωνία (Αθήνα - Δυτικά Προάστια),Αθήνα - Δυτικά Προάστια (Αττική),38.037491,23.764338,1,1,0,1.0,9.6,24.0,933,5572,2193,4734
1220186267,1000,107,2,1,3,2005.0,5,Νέα Ιωνία (Αθήνα - Δυτικά Προάστια),Αθήνα - Δυτικά Προάστια (Αττική),38.036301,23.747377,0,0,0,1.0,9.35,21.0,254,4864,3615,3385
1220376009,700,50,1,1,3,1967.0,3,Εξάρχεια - Νεάπολη (Αθήνα - Κέντρο),Αθήνα - Κέντρο (Αττική),37.987743,23.734573,1,1,0,13.0,14.0,59.0,697,745,1706,537
1220185913,750,44,1,1,6,1988.0,3,Εξάρχεια - Νεάπολη (Αθήνα - Κέντρο),Αθήνα - Κέντρο (Αττική),37.985825,23.734098,0,1,0,4.0,17.05,38.0,560,944,1579,754
1220396922,950,80,2,1,6,1973.0,2,Εξάρχεια - Νεάπολη (Αθήνα - Κέντρο),Αθήνα - Κέντρο (Αττική),37.985806,23.734766,1,1,0,2.0,11.88,53.0,614,958,1535,748
1219429650,1700,80,2,1,8,1980.0,6,Εξάρχεια - Νεάπολη (Αθήνα - Κέντρο),Αθήνα - Κέντρο (Αττική),37.983952,23.735243,0,1,1,Άγνωστο,21.25,46.0,459,1168,1364,729
1218205590,1200,118,3,1,6,1964.0,9,Εξάρχεια - Νεάπολη (Αθήνα - Κέντρο),Αθήνα - Κέντρο (Αττική),37.986176,23.733936,1,0,0,2.0,10.17,62.0,561,904,1616,718
1219458851,830,60,1,1,3,1965.0,4,Εξάρχεια - Νεάπολη (Αθήνα - Κέντρο),Αθήνα - Κέντρο (Αττική),37.986805,23.734791,0,1,1,Άγνωστο,13.83,61.0,659,851,1615,637
1213520229,800,46,1,1,10,1969.0,5,Εξάρχεια - Νεάπολη (Αθήνα - Κέντρο),Αθήνα - Κέντρο (Αττική),37.984558,23.736679,1,1,1,1.0,17.39,57.0,583,1139,1319,641
1218526498,1000,96,2,1,6,1960.0,7,Εξάρχεια - Νεάπολη (Αθήνα - Κέντρο),Αθήνα - Κέντρο (Αττική),37.985306,23.737564,1,1,0,4.0,10.42,66.0,696,1091,1330,622
1219711753,1200,105,4,1,12,1970.0,7,Εξάρχεια - Νεάπολη (Αθήνα - Κέντρο),Αθήνα - Κέντρο (Αττική),37.98399,23.733021,1,1,0,1.0,11.43,56.0,411,1137,1521,916
1220054595,850,80,2,1,6,1967.0,7,Εξάρχεια - Νεάπολη (Αθήνα - Κέντρο),Αθήνα - Κέντρο (Αττική),37.985371,23.739111,1,1,1,1.0,10.62,59.0,790,1149,1255,529
1220115939,800,55,1,1,3,1970.0,5,Παγκράτι (Αθήνα - Κέντρο),Αθήνα - Κέντρο (Αττική),37.967339,23.744196,0,1,1,1.0,14.55,56.0,1001,1969,996,316
1219932165,750,105,2,0,6,1980.0,5,Παγκράτι (Αθήνα - Κέντρο),Αθήνα - Κέντρο (Αττική),37.959309,23.742764,1,0,0,2.0,7.14,46.0,1180,2252,1894,1201
1219910848,590,51,1,1,6,1970.0,6,Παγκράτι (Αθήνα - Κέντρο),Αθήνα - Κέντρο (Αττική),37.969337,23.750532,1,0,0,2.0,11.57,56.0,820,1411,800,401
1219924674,1600,75,1,1,10,1970.0,4,Παγκράτι (Αθήνα - Κέντρο),Αθήνα - Κέντρο (Αττική),37.966328,23.74588,1,1,0,13.0,21.33,56.0,1090,1834,1081,386
1220487060,1000,91,2,1,9,1968.0,9,Παγκράτι (Αθήνα - Κέντρο),Αθήνα - Κέντρο (Αττική),37.969742,23.74885,1,0,0,2.0,10.99,58.0,729,1561,713,250
1220486232,550,32,0,1,3,1972.0,7,Παγκράτι (Αθήνα - Κέντρο),Αθήνα - Κέντρο (Αττική),37.968941,23.744301,0,1,0,Άγνωστο,17.19,54.0,826,1955,822,177
1220283324,730,58,1,1,7,1994.0,4,Παγκράτι (Αθήνα - Κέντρο),Αθήνα - Κέντρο (Αττική),37.959499,23.743378,1,1,1,2.0,12.59,32.0,1218,2273,1864,1168
1219927557,550,40,1,1,3,1970.0,9,Αμπελόκηποι - Πεντάγωνο (Αθήνα - Κέντρο),Αθήνα - Κέντρο (Αττική),37.986313,23.762695,1,1,0,1.0,13.75,56.0,502,1999,225,1789
1219906222,1200,148,2,1,8,1972.0,5,Παγκράτι (Αθήνα - Κέντρο),Αθήνα - Κέντρο (Αττική),37.969559,23.75005,1,1,0,Άγνωστο,8.11,54.0,781,1455,761,356
1216967693,860,40,1,1,11,2024.0,1,Αμπελόκηποι - Πεντάγωνο (Αθήνα - Κέντρο),Αθήνα - Κέντρο (Αττική),37.995789,23.7782,1,0,1,4.0,21.5,2.0,305,2106,805,3447
1219493679,640,28,2,1,8,2024.0,1,Παγκράτι (Αθήνα - Κέντρο),Αθήνα - Κέντρο (Αττική),37.96064,23.744329,1,0,1,4.0,22.86,2.0,1367,2144,1725,1029
1220480309,1100,60,1,1,10,1975.0,1,Αμπελόκηποι - Πεντάγωνο (Αθήνα - Κέντρο),Αθήνα - Κέντρο (Αττική),38.000072,23.775318,1,1,1,2.0,18.33,51.0,723,2626,1009,3478
1220479811,1200,68,2,1,10,1975.0,1,Αμπελόκηποι - Πεντάγωνο (Αθήνα - Κέντρο),Αθήνα - Κέντρο (Αττική),38.000072,23.775318,1,1,0,2.0,17.65,51.0,723,2626,1009,3478
1220242104,1240,75,2,1,8,1967.0,7,Παγκράτι (Αθήνα - Κέντρο),Αθήνα - Κέντρο (Αττική),37.967003,23.746389,1,1,1,2.0,16.53,59.0,1012,1781,1002,313
1219791454,1000,60,1,1,10,1957.0,7,Παγκράτι (Αθήνα - Κέντρο),Αθήνα - Κέντρο (Αττική),37.970383,23.742826,1,0,0,2.0,16.67,69.0,725,2093,728,286
1220502905,850,67,2,1,9,1970.0,6,Αμπελόκηποι - Πεντάγωνο (Αθήνα - Κέντρο),Αθήνα - Κέντρο (Αττική),37.987415,23.763599,1,1,0,Άγνωστο,12.69,56.0,570,2030,241,1902
1220438301,690,47,1,1,1,1970.0,7,Παγκράτι (Αθήνα - Κέντρο),Αθήνα - Κέντρο (Αττική),37.968529,23.747892,0,1,0,2.0,14.68,56.0,847,1640,834,218
1220129607,560,27,1,1,3,1970.0,7,Παγκράτι (Αθήνα - Κέντρο),Αθήνα - Κέντρο (Αττική),37.967201,23.752045,0,1,1,4.0,20.74,56.0,1091,1285,1070,604
1220179051,590,30,1,1,1,1970.0,7,Αμπελόκηποι - Πεντάγωνο (Αθήνα - Κέντρο),Αθήνα - Κέντρο (Αττική),37.991409,23.763502,0,1,0,1.0,19.67,56.0,199,2314,440,2083
1220295729,550,35,1,1,3,1970.0,5,Αμπελόκηποι - Πεντάγωνο (Αθήνα - Κέντρο),Αθήνα - Κέντρο (Αττική),37.987301,23.760695,0,1,0,2.0,15.71,56.0,315,2143,430,1659
1220197944,4000,185,4,3,11,1970.0,5,Αμπελόκηποι - Πεντάγωνο (Αθήνα - Κέντρο),Αθήνα - Κέντρο (Αττική),37.985603,23.759338,1,1,0,2.0,21.62,56.0,272,1995,505,1485
1220384117,950,92,2,1,8,1972.0,7,Παγκράτι (Αθήνα - Κέντρο),Αθήνα - Κέντρο (Αττική),37.964687,23.750061,1,1,0,2.0,10.33,54.0,1301,1514,1284,671
1220500053,440,24,1,1,4,1974.0,8,Παγκράτι (Αθήνα - Κέντρο),Αθήνα - Κέντρο (Αττική),37.971889,23.74947,1,0,1,1.0,18.33,52.0,523,1545,502,383
1220315488,760,93,2,1,7,1974.0,7,Παγκράτι (Αθήνα - Κέντρο),Αθήνα - Κέντρο (Αττική),37.968895,23.750471,1,0,0,2.0,8.17,52.0,863,1414,843,405
1220182155,1100,115,2,1,7,1980.0,5,Παγκράτι (Αθήνα - Κέντρο),Αθήνα - Κέντρο (Αττική),37.971172,23.749079,1,0,0,2.0,9.57,46.0,583,1562,564,310
1220405663,1000,115,3,1,9,1982.0,6,Παγκράτι (Αθήνα - Κέντρο),Αθήνα - Κέντρο (Αττική),37.965397,23.752485,1,1,1,1.0,8.7,44.0,1290,1288,1270,750
1220311264,550,30,1,1,8,1975.0,6,Παγκράτι (Αθήνα - Κέντρο),Αθήνα - Κέντρο (Αττική),37.966686,23.749357,1,1,0,2.0,18.33,51.0,1071,1526,1054,454
1220340297,800,72,2,1,7,1993.0,7,Αμπελόκηποι - Πεντάγωνο (Αθήνα - Κέντρο),Αθήνα - Κέντρο (Αττική),37.990311,23.768961,1,1,0,1.0,11.11,33.0,584,1896,308,2456
1220406149,900,110,2,1,7,1972.0,7,Παγκράτι (Αθήνα - Κέντρο),Αθήνα - Κέντρο (Αττική),37.966782,23.743469,1,0,0,2.0,8.18,54.0,1076,2038,1073,402
1220214584,850,92,2,1,3,1960.0,5,Παγκράτι (Αθήνα - Κέντρο),Αθήνα - Κέντρο (Αττική),37.971272,23.745958,0,1,1,4.0,9.24,66.0,542,1834,535,164
1211355218,660,53,1,1,10,1970.0,10,Αμπελόκηποι - Πεντάγωνο (Αθήνα - Κέντρο),Αθήνα - Κέντρο (Αττική),37.99329,23.76967,1,1,0,1.0,12.45,56.0,550,2127,141,2656
1220273171,680,55,1,1,4,1975.0,7,Αμπελόκηποι - Πεντάγωνο (Αθήνα - Κέντρο),Αθήνα - Κέντρο (Αττική),37.990131,23.756559,1,1,1,4.0,12.36,51.0,318,2173,902,1500
1220451786,800,76,2,1,8,1974.0,8,Αμπελόκηποι - Πεντάγωνο (Αθήνα - Κέντρο),Αθήνα - Κέντρο (Αττική),37.98827,23.765654,1,1,0,4.0,10.53,52.0,583,1943,301,2104
1220443376,480,28,1,1,2,1995.0,3,Παγκράτι (Αθήνα - Κέντρο),Αθήνα - Κέντρο (Αττική),37.966629,23.746731,1,1,1,2.0,17.14,31.0,1053,1755,1043,358
1220295751,1200,75,1,1,10,1970.0,10,Παγκράτι (Αθήνα - Κέντρο),Αθήνα - Κέντρο (Αττική),37.970345,23.748268,1,1,1,1.0,16.0,56.0,653,1619,637,208
1220289305,820,115,3,1,8,1978.0,7,Παγκράτι (Αθήνα - Κέντρο),Αθήνα - Κέντρο (Αττική),37.962879,23.744022,1,1,0,1.0,7.13,48.0,1457,2079,1484,789
1219996749,500,35,1,1,4,1964.0,4,Αμπελόκηποι - Πεντάγωνο (Αθήνα - Κέντρο),Αθήνα - Κέντρο (Αττική),37.98999,23.756729,1,1,0,1.0,14.29,62.0,301,2191,881,1502
1219455589,880,145,3,1,7,1990.0,10,Αμπελόκηποι - Πεντάγωνο (Αθήνα - Κέντρο),Αθήνα - Κέντρο (Αττική),37.994404,23.760939,0,1,0,7.0,6.07,36.0,254,2510,647,2100
1218372918,2400,128,2,1,9,1956.0,7,Παγκράτι (Αθήνα - Κέντρο),Αθήνα - Κέντρο (Αττική),37.972576,23.744108,1,0,1,2.0,18.75,70.0,457,2021,462,350
1220337983,1400,100,2,1,7,1963.0,5,Παγκράτι (Αθήνα - Κέντρο),Αθήνα - Κέντρο (Αττική),37.974274,23.747425,1,1,0,2.0,14.0,63.0,210,1795,194,513
1220349642,600,50,1,1,4,1975.0,8,Παγκράτι (Αθήνα - Κέντρο),Αθήνα - Κέντρο (Αττική),37.971943,23.744974,1,0,0,1.0,12.0,51.0,489,1932,488,255
1220413415,750,124,3,1,6,1980.0,6,Αμπελόκηποι - Πεντάγωνο (Αθήνα - Κέντρο),Αθήνα - Κέντρο (Αττική),37.995655,23.758438,1,0,0,1.0,6.05,46.0,513,2296,897,2032
1220269445,600,58,1,1,8,1972.0,10,Παγκράτι (Αθήνα - Κέντρο),Αθήνα - Κέντρο (Αττική),37.962742,23.74579,1,1,0,2.0,10.34,54.0,1488,1937,1479,785
1220433715,570,45,1,1,4,1987.0,3,Παγκράτι (Αθήνα - Κέντρο),Αθήνα - Κέντρο (Αττική),37.966629,23.75437,1,1,1,2.0,12.67,39.0,1245,1094,1221,814
1219527287,1600,193,3,2,7,1975.0,10,Αμπελόκηποι - Πεντάγωνο (Αθήνα - Κέντρο),Αθήνα - Κέντρο (Αττική),37.9995,23.76609,1,0,0,Άγνωστο,8.29,51.0,739,2880,744,2783
1219485818,450,32,1,1,2,1970.0,6,Παγκράτι (Αθήνα - Κέντρο),Αθήνα - Κέντρο (Αττική),37.96796,23.752991,0,1,1,Άγνωστο,14.06,56.0,1055,1195,1032,646
1219905887,1000,70,2,1,7,1970.0,6,Αμπελόκηποι - Πεντάγωνο (Αθήνα - Κέντρο),Αθήνα - Κέντρο (Αττική),37.991196,23.756693,1,1,0,Άγνωστο,14.29,56.0,435,2164,964,1585
1220339251,1200,116,2,1,8,1980.0,6,Αμπελόκηποι - Πεντάγωνο (Αθήνα - Κέντρο),Αθήνα - Κέντρο (Αττική),37.994282,23.771152,1,1,0,1.0,10.34,46.0,440,2156,303,2823
1220305142,1100,110,3,1,6,1985.0,6,Αμπελόκηποι - Πεντάγωνο (Αθήνα - Κέντρο),Αθήνα - Κέντρο (Αττική),38.002403,23.760391,0,1,0,4.0,10.0,41.0,1057,2625,1245,2435
1219834602,450,30,1,1,3,1980.0,5,Παγκράτι (Αθήνα - Κέντρο),Αθήνα - Κέντρο (Αττική),37.963837,23.746857,0,0,0,1.0,15.0,46.0,1364,1810,1353,667
1213108019,1140,57,1,1,7,1972.0,7,Αμπελόκηποι - Πεντάγωνο (Αθήνα - Κέντρο),Αθήνα - Κέντρο (Αττική),37.984085,23.757225,1,1,0,2.0,20.0,54.0,358,1908,710,1264
1220394738,840,102,2,1,3,1965.0,6,Αμπελόκηποι - Πεντάγωνο (Αθήνα - Κέντρο),Αθήνα - Κέντρο (Αττική),37.988224,23.756712,0,0,0,4.0,8.24,61.0,108,2240,791,1390
1220213234,675,44,1,1,10,1977.0,7,Παγκράτι (Αθήνα - Κέντρο),Αθήνα - Κέντρο (Αττική),37.957615,23.74243,1,0,0,3.0,15.34,49.0,993,2239,2085,1391
1220314789,1950,87,2,2,7,1980.0,3,Παγκράτι (Αθήνα - Κέντρο),Αθήνα - Κέντρο (Αττική),37.963848,23.74522,1,1,1,Άγνωστο,22.41,46.0,1369,1947,1361,665
1220320507,500,47,1,1,4,1970.0,6,Παγκράτι (Αθήνα - Κέντρο),Αθήνα - Κέντρο (Αττική),37.966106,23.751175,0,1,0,1.0,10.64,56.0,1176,1380,1157,612
1216277249,1200,170,3,1,8,1970.0,10,Αμπελόκηποι - Πεντάγωνο (Αθήνα - Κέντρο),Αθήνα - Κέντρο (Αττική),37.987541,23.764111,1,1,1,2.0,7.06,56.0,615,2001,233,1949
1219991660,1000,78,2,1,9,1960.0,4,Παγκράτι (Αθήνα - Κέντρο),Αθήνα - Κέντρο (Αττική),37.973839,23.747517,1,0,1,2.0,12.82,66.0,259,1771,243,468
1220342879,550,50,1,1,7,1966.0,8,Παγκράτι (Αθήνα - Κέντρο),Αθήνα - Κέντρο (Αττική),37.965179,23.743769,0,0,0,2.0,11.0,60.0,1243,2037,1238,550
1220407587,900,75,1,1,7,1978.0,7,Αμπελόκηποι - Πεντάγωνο (Αθήνα - Κέντρο),Αθήνα - Κέντρο (Αττική),37.997292,23.77634,1,1,0,1.0,12.0,48.0,411,2305,866,3384
1219925702,1100,75,1,2,11,2007.0,2,Παγκράτι (Αθήνα - Κέντρο),Αθήνα - Κέντρο (Αττική),37.960148,23.739567,1,0,1,1.0,14.67,19.0,988,1970,1882,1212
1214357859,1059,72,1,1,6,1980.0,7,Αμπελόκηποι - Πεντάγωνο (Αθήνα - Κέντρο),Αθήνα - Κέντρο (Αττική),37.989254,23.764839,1,1,1,1.0,14.71,46.0,457,2067,407,2078
1220320722,650,85,2,1,6,1975.0,8,Παγκράτι (Αθήνα - Κέντρο),Αθήνα - Κέντρο (Αττική),37.958652,23.741619,1,1,0,2.0,7.65,51.0,1080,2156,1988,1298
1220173818,1150,43,1,1,10,1974.0,5,Παγκράτι (Αθήνα - Κέντρο),Αθήνα - Κέντρο (Αττική),37.97084,23.74369,1,1,1,2.0,26.74,52.0,645,2024,647,233
1220361373,850,75,1,1,7,1964.0,7,Αμπελόκηποι - Πεντάγωνο (Αθήνα - Κέντρο),Αθήνα - Κέντρο (Αττική),37.98735,23.763824,1,1,0,2.0,11.33,62.0,589,2010,224,1918
1220435821,630,35,1,1,7,1978.0,5,Αμπελόκηποι - Πεντάγωνο (Αθήνα - Κέντρο),Αθήνα - Κέντρο (Αττική),37.996597,23.763498,1,1,1,2.0,18.0,48.0,378,2741,568,2430
1219241838,1200,100,2,1,13,1901.0,6,Αμπελόκηποι - Πεντάγωνο (Αθήνα - Κέντρο),Αθήνα - Κέντρο (Αττική),37.989086,23.75635,1,1,0,2.0,12.0,125.0,209,2183,859,1416
1218157715,980,90,2,1,6,1975.0,9,Παγκράτι (Αθήνα - Κέντρο),Αθήνα - Κέντρο (Αττική),37.970181,23.75173,1,1,1,2.0,10.89,51.0,787,1315,764,504
1217945977,650,60,1,1,8,1979.0,9,Παγκράτι (Αθήνα - Κέντρο),Αθήνα - Κέντρο (Αττική),37.968472,23.748529,1,1,1,2.0,10.83,47.0,862,1584,846,266
1220290983,650,66,2,1,3,1970.0,6,Αμπελόκηποι - Πεντάγωνο (Αθήνα - Κέντρο),Αθήνα - Κέντρο (Αττική),37.996597,23.760328,0,0,0,1.0,9.85,56.0,464,2470,790,2214
1220015182,800,46,1,1,9,1967.0,6,Αμπελόκηποι - Πεντάγωνο (Αθήνα - Κέντρο),Αθήνα - Κέντρο (Αττική),37.986168,23.752377,1,1,0,2.0,17.39,59.0,433,1973,1117,947
1220398544,900,65,2,1,8,2000.0,3,Παγκράτι (Αθήνα - Κέντρο),Αθήνα - Κέντρο (Αττική),37.964512,23.75259,1,0,0,2.0,13.85,26.0,1385,1310,1365,824
1220174462,800,73,2,1,9,1966.0,3,Παγκράτι (Αθήνα - Κέντρο),Αθήνα - Κέντρο (Αττική),37.967316,23.753559,1,1,0,1.0,10.96,60.0,1142,1152,1119,718
1220283811,1950,100,2,2,10,1975.0,5,Παγκράτι (Αθήνα - Κέντρο),Αθήνα - Κέντρο (Αττική),37.968227,23.744837,1,1,0,2.0,19.5,51.0,892,1908,887,202
1220496536,1100,78,2,1,8,1971.0,2,Παγκράτι (Αθήνα - Κέντρο),Αθήνα - Κέντρο (Αττική),37.967079,23.75197,1,1,1,2.0,14.1,55.0,1101,1294,1080,605
1220372170,900,72,2,1,8,1973.0,5,Αμπελόκηποι - Πεντάγωνο (Αθήνα - Κέντρο),Αθήνα - Κέντρο (Αττική),37.996872,23.771029,1,1,0,2.0,12.5,53.0,574,2418,501,2966
1220341040,600,46,1,1,6,1985.0,6,Αμπελόκηποι - Πεντάγωνο (Αθήνα - Κέντρο),Αθήνα - Κέντρο (Αττική),37.991528,23.759092,1,0,0,4.0,13.04,41.0,421,2367,806,1770
1219925502,1250,96,1,1,11,1963.0,4,Αμπελόκηποι - Πεντάγωνο (Αθήνα - Κέντρο),Αθήνα - Κέντρο (Αττική),37.991772,23.76586,1,1,1,2.0,13.02,63.0,268,2198,239,2282
1220477778,600,50,1,1,4,1980.0,5,Αμπελόκηποι - Πεντάγωνο (Αθήνα - Κέντρο),Αθήνα - Κέντρο (Αττική),37.988625,23.767633,1,1,0,1.0,12.0,46.0,630,1839,320,2280
1219799499,1200,110,2,1,7,1960.0,6,Παγκράτι (Αθήνα - Κέντρο),Αθήνα - Κέντρο (Αττική),37.968781,23.74794,0,0,0,2.0,10.91,66.0,820,1636,806,204
1219947614,2000,125,3,2,8,1960.0,6,Αμπελόκηποι - Πεντάγωνο (Αθήνα - Κέντρο),Αθήνα - Κέντρο (Αττική),37.984535,23.759159,1,0,0,2.0,16.0,66.0,356,1888,534,1440
1220319919,460,37,1,1,6,1978.0,7,Αμπελόκηποι - Πεντάγωνο (Αθήνα - Κέντρο),Αθήνα - Κέντρο (Αττική),37.998566,23.763527,1,0,0,1.0,12.43,48.0,597,2779,737,2538
1220416225,950,92,2,1,9,1978.0,6,Παγκράτι (Αθήνα - Κέντρο),Αθήνα - Κέντρο (Αττική),37.961739,23.74156,1,1,0,1.0,10.33,48.0,1210,2151,1658,977
1220368491,680,60,1,1,24,1972.0,6,Αμπελόκηποι - Πεντάγωνο (Αθήνα - Κέντρο),Αθήνα - Κέντρο (Αττική),37.991679000000005,23.763605380281692,1,0,0,1.0,11.33,54.0,170,2329,420,2106
1220293395,1100,68,1,1,10,1972.0,2,Αμπελόκηποι - Πεντάγωνο (Αθήνα - Κέντρο),Αθήνα - Κέντρο (Αττική),38.000309,23.77475,1,1,1,2.0,16.18,54.0,755,2665,1000,3454
1219474622,600,34,1,1,3,1970.0,6,Παγκράτι (Αθήνα - Κέντρο),Αθήνα - Κέντρο (Αττική),37.969265,23.7498,0,1,0,4.0,17.65,56.0,804,1475,785,338
1220421891,530,58,2,1,3,1963.0,8,Αμπελόκηποι - Πεντάγωνο (Αθήνα - Κέντρο),Αθήνα - Κέντρο (Αττική),38.000698,23.761614,0,1,0,Άγνωστο,9.14,63.0,848,2668,1027,2455
1220481300,1900,124,3,2,10,1974.0,4,Αμπελόκηποι - Πεντάγωνο (Αθήνα - Κέντρο),Αθήνα - Κέντρο (Αττική),37.992058,23.762186,1,1,0,4.0,15.32,52.0,166,2448,529,2025
1219993690,1150,75,2,1,8,1960.0,6,Παγκράτι (Αθήνα - Κέντρο),Αθήνα - Κέντρο (Αττική),37.973763,23.747801,1,1,1,2.0,15.33,66.0,274,1745,256,468
1220288861,750,92,2,1,7,1978.0,3,Αμπελόκηποι - Πεντάγωνο (Αθήνα - Κέντρο),Αθήνα - Κέντρο (Αττική),37.991679000000005,23.763605380281692,0,0,0,Άγνωστο,8.15,48.0,170,2329,420,2106
1220354072,650,56,1,1,7,1968.0,8,Παγκράτι (Αθήνα - Κέντρο),Αθήνα - Κέντρο (Αττική),37.966171,23.746181,1,0,0,4.0,11.61,58.0,1105,1810,1096,404
1219519415,450,24,0,1,3,1975.0,6,Παγκράτι (Αθήνα - Κέντρο),Αθήνα - Κέντρο (Αττική),37.966381,23.750498,1,1,1,2.0,18.75,51.0,1128,1433,1110,548
1220270297,550,50,1,1,7,1975.0,9,Αμπελόκηποι - Πεντάγωνο (Αθήνα - Κέντρο),Αθήνα - Κέντρο (Αττική),37.995655,23.764021,1,0,1,Άγνωστο,11.0,51.0,278,2631,464,2395
1219765309,700,80,2,1,4,1972.0,6,Αμπελόκηποι - Πεντάγωνο (Αθήνα - Κέντρο),Αθήνα - Κέντρο (Αττική),37.998665,23.774961,0,0,0,1.0,8.75,54.0,572,2484,871,3363
1213697934,680,60,1,1,8,1974.0,7,Παγκράτι (Αθήνα - Κέντρο),Αθήνα - Κέντρο (Αττική),37.968861,23.75103,1,1,0,2.0,11.33,52.0,886,1365,865,453
1220311291,2500,132,2,1,6,1975.0,8,Αμπελόκηποι - Πεντάγωνο (Αθήνα - Κέντρο),Αθήνα - Κέντρο (Αττική),37.982826,23.756672,1,0,0,1.0,18.94,51.0,499,1805,800,1195
1219971274,700,106,2,1,4,2000.0,5,Αμπελόκηποι - Πεντάγωνο (Αθήνα - Κέντρο),Αθήνα - Κέντρο (Αττική),37.991679000000005,23.763605380281692,1,0,0,2.0,6.6,26.0,170,2329,420,2106
1220340286,470,52,1,1,6,1978.0,7,Αμπελόκηποι - Πεντάγωνο (Αθήνα - Κέντρο),Αθήνα - Κέντρο (Αττική),37.991276,23.754223,1,0,0,Άγνωστο,9.04,48.0,509,1948,1143,1435
1220429763,850,52,1,1,6,1980.0,2,Αμπελόκηποι - Πεντάγωνο (Αθήνα - Κέντρο),Αθήνα - Κέντρο (Αττική),37.992649,23.766981,1,1,0,1.0,16.35,46.0,320,2208,106,2416
1219431596,1800,125,3,1,8,1996.0,5,Παγκράτι (Αθήνα - Κέντρο),Αθήνα - Κέντρο (Αττική),37.964478,23.741362,1,1,0,1.0,14.4,30.0,1225,2180,1376,718
1220460492,750,55,1,1,10,1979.0,4,Αμπελόκηποι - Πεντάγωνο (Αθήνα - Κέντρο),Αθήνα - Κέντρο (Αττική),37.993492,23.76992,1,1,0,1.0,13.64,47.0,542,2134,169,2686
1219234903,2200,120,3,2,10,1974.0,4,Παγκράτι (Αθήνα - Κέντρο),Αθήνα - Κέντρο (Αττική),37.969494,23.750166,1,1,1,2.0,18.33,52.0,792,1444,772,367
1218436200,700,50,1,1,6,1978.0,7,Αμπελόκηποι - Πεντάγωνο (Αθήνα - Κέντρο),Αθήνα - Κέντρο (Αττική),37.98494,23.75956,1,1,0,1.0,14.0,48.0,340,1919,491,1484
1219257631,800,46,1,1,9,1967.0,6,Αμπελόκηποι - Πεντάγωνο (Αθήνα - Κέντρο),Αθήνα - Κέντρο (Αττική),37.987007,23.752548,1,1,0,2.0,17.39,59.0,400,1946,1111,1010
1220097855,450,40,1,1,3,1975.0,6,Παγκράτι (Αθήνα - Κέντρο),Αθήνα - Κέντρο (Αττική),37.967899,23.752527,0,0,0,2.0,11.25,51.0,1041,1236,1019,610
1219940133,1200,75,2,1,6,1962.0,8,Αμπελόκηποι - Πεντάγωνο (Αθήνα - Κέντρο),Αθήνα - Κέντρο (Αττική),37.983978,23.757481,1,1,0,2.0,16.0,64.0,371,1888,692,1283
1220502627,950,50,1,1,6,1981.0,1,Παγκράτι (Αθήνα - Κέντρο),Αθήνα - Κέντρο (Αττική),37.96727,23.7537,1,1,0,2.0,19.0,45.0,1153,1140,1130,731
1220377076,950,72,2,0,7,1975.0,7,Αμπελόκηποι - Πεντάγωνο (Αθήνα - Κέντρο),Αθήνα - Κέντρο (Αττική),37.992607,23.771391,1,1,1,Άγνωστο,13.19,51.0,427,1984,292,2755
1219944708,1700,68,2,1,7,1960.0,2,Παγκράτι (Αθήνα - Κέντρο),Αθήνα - Κέντρο (Αττική),37.969875,23.748102,1,1,1,2.0,25.0,66.0,702,1628,687,184
1219999204,1200,94,2,1,7,1974.0,9,Παγκράτι (Αθήνα - Κέντρο),Αθήνα - Κέντρο (Αττική),37.967129,23.74301,0,1,0,Άγνωστο,12.77,52.0,1051,2074,1050,396
1220488045,850,45,1,1,8,1975.0,6,Αμπελόκηποι - Πεντάγωνο (Αθήνα - Κέντρο),Αθήνα - Κέντρο (Αττική),37.989471,23.76055,1,1,1,Άγνωστο,18.89,51.0,387,2380,587,1751
1220451756,400,27,1,1,3,1966.0,8,Αμπελόκηποι - Πεντάγωνο (Αθήνα - Κέντρο),Αθήνα - Κέντρο (Αττική),37.991615,23.759529,0,0,1,Άγνωστο,14.81,60.0,382,2403,767,1807
1220305350,880,105,0,0,7,1997.0,5,Παγκράτι (Αθήνα - Κέντρο),Αθήνα - Κέντρο (Αττική),37.958618,23.74354,1,1,0,1.0,8.38,29.0,1133,2306,1958,1262
1220109770,1200,74,1,1,11,2007.0,6,Παγκράτι (Αθήνα - Κέντρο),Αθήνα - Κέντρο (Αττική),37.960766,23.738661,1,1,1,Άγνωστο,16.22,19.0,933,1891,1848,1193
1220064744,750,72,2,1,6,1975.0,7,Αμπελόκηποι - Πεντάγωνο (Αθήνα - Κέντρο),Αθήνα - Κέντρο (Αττική),37.996078,23.774382,1,1,0,Άγνωστο,10.42,51.0,314,2225,648,3168
1220480291,600,51,1,1,4,1998.0,8,Αμπελόκηποι - Πεντάγωνο (Αθήνα - Κέντρο),Αθήνα - Κέντρο (Αττική),37.997135,23.774586,0,0,0,4.0,11.76,28.0,415,2331,731,3244
1220490982,440,30,1,1,3,1975.0,7,Ζωγράφου (Αθήνα - Νότια Προάστια),Αθήνα - Νότια Προάστια (Αττική),37.97797,23.76359,1,1,0,1.0,14.67,51.0,966,1075,722,1790
1212919110,600,54,1,1,3,1976.0,6,Ζωγράφου (Αθήνα - Νότια Προάστια),Αθήνα - Νότια Προάστια (Αττική),37.974178,23.78013,0,1,0,4.0,11.11,50.0,2188,409,1639,3031
1220487331,900,80,2,1,8,1975.0,3,Ζωγράφου (Αθήνα - Νότια Προάστια),Αθήνα - Νότια Προάστια (Αττική),37.980492,23.767559,1,1,0,2.0,11.25,51.0,1189,1325,416,2149
1220476226,650,50,1,1,9,1974.0,5,Ζωγράφου (Αθήνα - Νότια Προάστια),Αθήνα - Νότια Προάστια (Αττική),37.977581,23.76576,1,1,0,Άγνωστο,13.0,52.0,1161,1001,726,1936
1220372858,750,125,3,1,7,1975.0,6,Ζωγράφου (Αθήνα - Νότια Προάστια),Αθήνα - Νότια Προάστια (Αττική),37.980057,23.770781,1,1,0,1.0,6.0,51.0,1444,1100,597,2434
1220272001,500,25,1,1,2,1970.0,6,Ζωγράφου (Αθήνα - Νότια Προάστια),Αθήνα - Νότια Προάστια (Αττική),37.977211,23.769922,1,1,1,Άγνωστο,20.0,56.0,1527,1001,829,2253
1220372570,950,85,0,0,6,1975.0,5,Ζωγράφου (Αθήνα - Νότια Προάστια),Αθήνα - Νότια Προάστια (Αττική),37.97596,23.762407,1,1,1,2.0,11.18,51.0,928,897,967,1593
1220362745,920,75,2,1,8,1975.0,5,Ζωγράφου (Αθήνα - Νότια Προάστια),Αθήνα - Νότια Προάστια (Αττική),37.977367,23.767403,1,0,1,1.0,12.27,51.0,1307,977,755,2056
1219028143,880,70,1,1,8,2004.0,2,Ζωγράφου (Αθήνα - Νότια Προάστια),Αθήνα - Νότια Προάστια (Αττική),37.9809,23.763081,1,1,1,2.0,12.57,22.0,884,1402,454,1754
1220378044,600,63,1,1,9,1966.0,9,Ζωγράφου (Αθήνα - Νότια Προάστια),Αθήνα - Νότια Προάστια (Αττική),37.975502,23.776714,1,0,0,1.0,9.52,60.0,2013,566,1322,2766
1220298878,480,49,1,1,3,1975.0,9,Ζωγράφου (Αθήνα - Νότια Προάστια),Αθήνα - Νότια Προάστια (Αττική),37.972153,23.772379,1,0,0,1.0,9.8,51.0,1899,642,1431,2327
1219608903,500,47,1,1,6,1985.0,8,Ζωγράφου (Αθήνα - Νότια Προάστια),Αθήνα - Νότια Προάστια (Αττική),37.977051,23.7745,0,0,0,1.0,10.64,41.0,1845,728,1063,2625
1219829394,600,65,2,1,6,1978.0,9,Ζωγράφου (Αθήνα - Νότια Προάστια),Αθήνα - Νότια Προάστια (Αττική),37.975826,23.769361,1,0,0,1.0,9.23,48.0,1511,839,958,2155
1219909604,380,30,1,1,4,1982.0,9,Ζωγράφου (Αθήνα - Νότια Προάστια),Αθήνα - Νότια Προάστια (Αττική),37.983852,23.771662,1,1,0,2.0,12.67,44.0,1152,1225,463,2514
1219911469,420,27,1,1,4,1969.0,9,Ζωγράφου (Αθήνα - Νότια Προάστια),Αθήνα - Νότια Προάστια (Αττική),37.979652,23.769634,1,1,0,1.0,15.56,57.0,1389,1186,574,2338
1220315710,580,62,2,1,6,1965.0,5,Ζωγράφου (Αθήνα - Νότια Προάστια),Αθήνα - Νότια Προάστια (Αττική),37.980053,23.771852,0,1,0,4.0,9.35,61.0,1523,1011,663,2527
1220179959,800,81,2,1,6,1985.0,7,Ζωγράφου (Αθήνα - Νότια Προάστια),Αθήνα - Νότια Προάστια (Αττική),37.976524,23.771124,0,1,0,1.0,9.88,41.0,1644,966,943,2326
1219532983,480,28,0,1,7,1968.0,9,Ζωγράφου (Αθήνα - Νότια Προάστια),Αθήνα - Νότια Προάστια (Αττική),37.980446,23.76808,1,1,1,Άγνωστο,17.14,58.0,1228,1324,435,2195
1219744517,1200,120,3,1,4,1990.0,3,Δάφνη (Αθήνα - Νότια Προάστια),Αθήνα - Νότια Προάστια (Αττική),37.949406,23.734024,0,1,0,1.0,10.0,36.0,375,1908,3172,1792
1219521393,550,54,1,1,7,1980.0,5,Ζωγράφου (Αθήνα - Νότια Προάστια),Αθήνα - Νότια Προάστια (Αττική),37.977154,23.774452,1,1,1,1.0,10.19,46.0,1834,732,1052,2625
1220333697,700,51,1,1,6,1996.0,5,Ζωγράφου (Αθήνα - Νότια Προάστια),Αθήνα - Νότια Προάστια (Αττική),37.973221,23.772079,1,1,0,1.0,13.73,30.0,1828,703,1311,2317
1219689524,1100,75,2,2,10,1980.0,6,Ζωγράφου (Αθήνα - Νότια Προάστια),Αθήνα - Νότια Προάστια (Αττική),37.981998,23.766167,1,1,1,1.0,14.67,46.0,989,1490,234,2022
1220333436,550,59,2,1,6,1975.0,7,Ζωγράφου (Αθήνα - Νότια Προάστια),Αθήνα - Νότια Προάστια (Αττική),37.97361,23.76553,1,1,0,4.0,9.32,51.0,1290,565,1168,1764
1220333098,550,58,1,1,6,1980.0,6,Ζωγράφου (Αθήνα - Νότια Προάστια),Αθήνα - Νότια Προάστια (Αττική),37.974159,23.76524,1,1,0,4.0,9.48,46.0,1239,630,1109,1755
1220295699,680,46,1,1,6,1976.0,7,Ζωγράφου (Αθήνα - Νότια Προάστια),Αθήνα - Νότια Προάστια (Αττική),37.973671,23.77247,0,1,0,4.0,14.78,50.0,1842,763,1280,2360
1220295081,680,50,1,1,6,1976.0,7,Ζωγράφου (Αθήνα - Νότια Προάστια),Αθήνα - Νότια Προάστια (Αττική),37.973778,23.772488,0,1,0,4.0,13.6,50.0,1840,773,1269,2364
1219675245,2500,245,4,2,3,1990.0,5,Ζωγράφου (Αθήνα - Νότια Προάστια),Αθήνα - Νότια Προάστια (Αττική),37.971706,23.772655,1,0,0,2.0,10.2,36.0,1942,633,1486,2346
1218713736,1100,110,2,1,10,1975.0,7,Ζωγράφου (Αθήνα - Νότια Προάστια),Αθήνα - Νότια Προάστια (Αττική),37.981346,23.763966,1,1,0,1.0,10.0,51.0,895,1436,368,1829
1220371312,450,36,1,1,4,1970.0,9,Ζωγράφου (Αθήνα - Νότια Προάστια),Αθήνα - Νότια Προάστια (Αττική),37.977283,23.767612,0,1,0,4.0,12.5,56.0,1326,970,767,2069
1220333777,500,40,1,1,9,1970.0,8,Ζωγράφου (Αθήνα - Νότια Προάστια),Αθήνα - Νότια Προάστια (Αττική),37.976597,23.770422,1,0,1,4.0,12.5,56.0,1582,950,909,2270
1220322911,1000,125,3,2,7,1975.0,7,Ζωγράφου (Αθήνα - Νότια Προάστια),Αθήνα - Νότια Προάστια (Αττική),37.973473,23.771523,1,1,0,1.0,8.0,51.0,1773,693,1267,2274
1220322812,500,55,1,1,3,1975.0,9,Ζωγράφου (Αθήνα - Νότια Προάστια),Αθήνα - Νότια Προάστια (Αττική),37.97488,23.771769,0,0,0,4.0,9.09,51.0,1742,832,1132,2328
1220282594,480,48,1,1,4,1975.0,9,Ζωγράφου (Αθήνα - Νότια Προάστια),Αθήνα - Νότια Προάστια (Αττική),37.972069,23.771067,0,0,0,1.0,10.0,51.0,1800,550,1402,2212
1220273209,970,85,2,1,8,1974.0,6,Ζωγράφου (Αθήνα - Νότια Προάστια),Αθήνα - Νότια Προάστια (Αττική),37.971188,23.778028,1,1,0,1.0,11.41,52.0,2396,789,1766,2812
1220199017,400,41,1,1,3,1977.0,9,Ζωγράφου (Αθήνα - Νότια Προάστια),Αθήνα - Νότια Προάστια (Αττική),37.970737,23.768148,0,0,0,1.0,9.76,49.0,1655,274,1495,1944
1220102892,900,150,4,2,6,1980.0,9,Ζωγράφου (Αθήνα - Νότια Προάστια),Αθήνα - Νότια Προάστια (Αττική),37.976131,23.769253,1,0,1,1.0,6.0,46.0,1493,869,923,2156
1220069731,400,37,1,1,3,1975.0,7,Ζωγράφου (Αθήνα - Νότια Προάστια),Αθήνα - Νότια Προάστια (Αττική),37.982441,23.769804,0,0,0,1.0,10.81,51.0,1238,1279,358,2342
1219975455,600,32,1,1,6,2000.0,5,Ζωγράφου (Αθήνα - Νότια Προάστια),Αθήνα - Νότια Προάστια (Αττική),37.9744,23.764181,1,1,1,4.0,18.75,26.0,1144,679,1094,1674
1219777121,650,70,2,1,7,1970.0,8,Ζωγράφου (Αθήνα - Νότια Προάστια),Αθήνα - Νότια Προάστια (Αττική),37.975075,23.776087,1,1,0,1.0,9.29,56.0,2060,634,1320,2702
1219437115,850,86,2,1,10,1986.0,7,Ζωγράφου (Αθήνα - Νότια Προάστια),Αθήνα - Νότια Προάστια (Αττική),37.9729,23.771761,1,1,0,1.0,9.88,40.0,1816,658,1334,2284
1220068499,750,100,2,1,8,1983.0,6,Ζωγράφου (Αθήνα - Νότια Προάστια),Αθήνα - Νότια Προάστια (Αττική),37.979393,23.771254,1,0,0,1.0,7.5,43.0,1520,1041,680,2457
1219873102,550,75,2,1,3,1950.0,9,Ζωγράφου (Αθήνα - Νότια Προάστια),Αθήνα - Νότια Προάστια (Αττική),37.979725,23.768364,0,1,0,4.0,7.33,76.0,1298,1247,519,2226
1218288663,1100,150,3,1,8,2000.0,6,Ζωγράφου (Αθήνα - Νότια Προάστια),Αθήνα - Νότια Προάστια (Αττική),37.970554,23.777168,1,0,0,1.0,7.33,26.0,2355,889,1782,2733
1220145735,970,80,2,1,6,1969.0,8,Ζωγράφου (Αθήνα - Νότια Προάστια),Αθήνα - Νότια Προάστια (Αττική),37.97459,23.763758,1,1,1,2.0,12.12,57.0,1102,711,1081,1645
1220497661,900,80,2,1,8,1980.0,5,Ζωγράφου (Αθήνα - Νότια Προάστια),Αθήνα - Νότια Προάστια (Αττική),37.980598,23.76811,1,1,0,2.0,11.25,46.0,1219,1341,420,2196
1220315862,410,38,1,1,3,1978.0,5,Ζωγράφου (Αθήνα - Νότια Προάστια),Αθήνα - Νότια Προάστια (Αττική),37.973614,23.7668,1,1,0,1.0,10.79,48.0,1388,558,1167,1872
1220425022,850,66,1,2,10,2000.0,6,Ζωγράφου (Αθήνα - Νότια Προάστια),Αθήνα - Νότια Προάστια (Αττική),37.97472,23.762636,1,1,0,1.0,12.88,26.0,1009,764,1091,1557
1220434192,1100,101,2,1,10,1980.0,9,Ζωγράφου (Αθήνα - Νότια Προάστια),Αθήνα - Νότια Προάστια (Αττική),37.97179,23.780924,1,0,0,1.0,10.89,46.0,2462,624,1875,3069
1220164157,1200,144,3,2,9,1988.0,5,Ζωγράφου (Αθήνα - Νότια Προάστια),Αθήνα - Νότια Προάστια (Αττική),37.978001,23.773569,1,0,0,1.0,8.33,38.0,1749,814,930,2583
1219747042,1200,130,3,2,3,1990.0,3,Δάφνη (Αθήνα - Νότια Προάστια),Αθήνα - Νότια Προάστια (Αττική),37.951149,23.728745,0,1,0,1.0,9.23,36.0,740,1434,3198,1422
1220092661,750,96,2,1,8,1983.0,4,Ζωγράφου (Αθήνα - Νότια Προάστια),Αθήνα - Νότια Προάστια (Αττική),37.978962,23.770359,1,0,0,1.0,7.81,43.0,1487,1108,673,2366
1220111465,500,50,1,1,4,1969.0,6,Ζωγράφου (Αθήνα - Νότια Προάστια),Αθήνα - Νότια Προάστια (Αττική),37.97628,23.765532,1,1,0,1.0,10.0,57.0,1174,859,872,1858
1219712121,950,125,3,2,7,1995.0,3,Ζωγράφου (Αθήνα - Νότια Προάστια),Αθήνα - Νότια Προάστια (Αττική),37.975056,23.770754,1,0,0,1.0,7.6,31.0,1651,805,1079,2247
1219784952,410,35,1,1,7,1975.0,9,Ζωγράφου (Αθήνα - Νότια Προάστια),Αθήνα - Νότια Προάστια (Αττική),37.978172,23.770998,1,1,0,1.0,11.71,51.0,1586,1040,777,2381
1219641848,500,45,1,1,3,1970.0,6,Ζωγράφου (Αθήνα - Νότια Προάστια),Αθήνα - Νότια Προάστια (Αττική),37.981281,23.764784,0,1,0,1.0,11.11,56.0,949,1419,340,1901
1219480052,750,57,1,1,4,1980.0,6,Ζωγράφου (Αθήνα - Νότια Προάστια),Αθήνα - Νότια Προάστια (Αττική),37.971733,23.77331,0,1,0,2.0,13.16,46.0,1993,684,1506,2404
1220406206,950,81,2,1,10,1975.0,5,Ζωγράφου (Αθήνα - Νότια Προάστια),Αθήνα - Νότια Προάστια (Αττική),37.980629,23.770552,1,0,0,2.0,11.73,51.0,1393,1139,537,2410
1220498175,950,81,2,1,10,1975.0,5,Ζωγράφου (Αθήνα - Νότια Προάστια),Αθήνα - Νότια Προάστια (Αττική),37.979183,23.771019,1,1,0,2.0,11.73,51.0,1517,1056,686,2429
1219749447,1200,120,3,1,4,1990.0,3,Δάφνη (Αθήνα - Νότια Προάστια),Αθήνα - Νότια Προάστια (Αττική),37.949406,23.734024,0,1,0,1.0,10.0,36.0,375,1908,3172,1792
1219999270,750,96,2,2,8,1983.0,6,Ζωγράφου (Αθήνα - Νότια Προάστια),Αθήνα - Νότια Προάστια (Αττική),37.978188,23.770132,1,1,0,1.0,7.81,43.0,1527,1110,738,2312
1219752137,750,71,2,1,9,1981.0,8,Ζωγράφου (Αθήνα - Νότια Προάστια),Αθήνα - Νότια Προάστια (Αττική),37.974327,23.771191,1,0,0,1.0,10.56,45.0,1712,753,1168,2265
1220123741,700,50,2,1,3,1975.0,4,Ζωγράφου (Αθήνα - Νότια Προάστια),Αθήνα - Νότια Προάστια (Αττική),37.974617,23.776424,1,1,0,1.0,14.0,51.0,2111,628,1378,2720
1220270920,500,50,1,1,3,1975.0,5,Ζωγράφου (Αθήνα - Νότια Προάστια),Αθήνα - Νότια Προάστια (Αττική),37.973217,23.778908,1,0,0,1.0,10.0,51.0,2280,559,1639,2910
1220135510,900,117,3,1,6,1980.0,4,Ζωγράφου (Αθήνα - Νότια Προάστια),Αθήνα - Νότια Προάστια (Αττική),37.970619,23.7714,1,0,0,1.0,7.69,46.0,1902,477,1564,2228
1217170602,1800,140,4,1,3,1985.0,6,Δάφνη (Αθήνα - Νότια Προάστια),Αθήνα - Νότια Προάστια (Αττική),37.944801,23.741327,0,1,1,4.0,12.86,41.0,473,2728,3506,2380
1220003076,620,77,2,1,3,1975.0,6,Ζωγράφου (Αθήνα - Νότια Προάστια),Αθήνα - Νότια Προάστια (Αττική),37.972775,23.772173,1,0,0,1.0,8.05,51.0,1855,674,1360,2318
1219814343,500,25,1,1,1,1970.0,6,Ζωγράφου (Αθήνα - Νότια Προάστια),Αθήνα - Νότια Προάστια (Αττική),37.977009,23.771723,1,0,1,4.0,20.0,56.0,1687,971,921,2393
1220321866,740,78,2,1,8,1975.0,5,Ζωγράφου (Αθήνα - Νότια Προάστια),Αθήνα - Νότια Προάστια (Αττική),37.970871,23.778259,0,1,1,1.0,9.49,51.0,2428,809,1806,2830
1219785340,700,75,2,1,6,1970.0,7,Ζωγράφου (Αθήνα - Νότια Προάστια),Αθήνα - Νότια Προάστια (Αττική),37.973263,23.77562,1,1,1,1.0,9.33,56.0,2118,767,1456,2625
1219536477,780,48,1,1,6,1974.0,5,Ζωγράφου (Αθήνα - Νότια Προάστια),Αθήνα - Νότια Προάστια (Αττική),37.973812,23.769972,1,1,1,2.0,16.25,52.0,1632,651,1188,2148
1219879753,650,66,2,1,4,1974.0,6,Ζωγράφου (Αθήνα - Νότια Προάστια),Αθήνα - Νότια Προάστια (Αττική),37.970188,23.7687,0,1,0,4.0,9.85,52.0,1730,255,1561,1990
1219986202,800,76,2,1,9,1980.0,6,Ζωγράφου (Αθήνα - Νότια Προάστια),Αθήνα - Νότια Προάστια (Αττική),37.983345,23.774839,1,1,0,2.0,10.53,46.0,1146,977,608,2787
1220490985,600,50,1,1,9,1972.0,4,Ζωγράφου (Αθήνα - Νότια Προάστια),Αθήνα - Νότια Προάστια (Αττική),37.977715,23.76605,1,0,0,4.0,12.0,54.0,1183,1015,710,1966
1220341612,900,50,1,1,8,1993.0,6,Ζωγράφου (Αθήνα - Νότια Προάστια),Αθήνα - Νότια Προάστια (Αττική),37.980831,23.770523,1,1,1,1.0,18.0,33.0,1379,1149,519,2406
1216362001,1000,85,2,1,11,1992.0,1,Ζωγράφου (Αθήνα - Νότια Προάστια),Αθήνα - Νότια Προάστια (Αττική),37.972214,23.772135,1,0,1,1.0,11.76,34.0,1877,630,1417,2307
1220496617,600,54,1,1,3,1975.0,9,Ζωγράφου (Αθήνα - Νότια Προάστια),Αθήνα - Νότια Προάστια (Αττική),37.973938,23.778994,0,1,0,4.0,11.11,51.0,2201,493,1586,2929
1219537081,600,50,1,1,8,1980.0,7,Ζωγράφου (Αθήνα - Νότια Προάστια),Αθήνα - Νότια Προάστια (Αττική),37.981266,23.772738,1,0,0,1.0,12.0,46.0,1403,991,646,2598
1219502727,900,75,2,1,6,1997.0,6,Ζωγράφου (Αθήνα - Νότια Προάστια),Αθήνα - Νότια Προάστια (Αττική),37.970936,23.779234,1,0,0,1.0,12.0,29.0,2505,763,1851,2916
1219981050,700,75,2,1,3,1980.0,7,Ζωγράφου (Αθήνα - Νότια Προάστια),Αθήνα - Νότια Προάστια (Αττική),37.974365,23.778339,0,1,1,4.0,9.33,46.0,2148,502,1512,2880
1220422796,700,85,2,1,8,1975.0,6,Πετράλωνα (Αθήνα - Κέντρο),Αθήνα - Κέντρο (Αττική),37.969406,23.707508,1,0,0,1.0,8.24,51.0,1078,1325,3547,2630
1220481939,750,75,2,1,6,1970.0,6,Πετράλωνα (Αθήνα - Κέντρο),Αθήνα - Κέντρο (Αττική),37.972786,23.71142,1,1,0,4.0,10.0,56.0,627,1458,3148,2252
1220494129,490,35,1,1,6,2005.0,10,Πετράλωνα (Αθήνα - Κέντρο),Αθήνα - Κέντρο (Αττική),37.973209,23.71147,1,0,0,Άγνωστο,14.0,21.0,580,1420,3138,2247
1220323837,800,80,2,1,7,1997.0,10,Πετράλωνα (Αθήνα - Κέντρο),Αθήνα - Κέντρο (Αττική),37.966125,23.705412,1,0,0,1.0,10.0,29.0,1485,1218,3816,2419
1215055588,850,40,1,1,7,1980.0,2,Πετράλωνα (Αθήνα - Κέντρο),Αθήνα - Κέντρο (Αττική),37.971569,23.71224,1,0,1,4.0,21.25,46.0,760,1334,3095,2188
1220408638,2200,180,5,2,7,1965.0,3,Πετράλωνα (Αθήνα - Κέντρο),Αθήνα - Κέντρο (Αττική),37.966106,23.713234,0,1,0,2.0,12.22,61.0,1194,739,3166,2240
1220375982,400,30,1,1,2,1967.0,10,Πετράλωνα (Αθήνα - Κέντρο),Αθήνα - Κέντρο (Αττική),37.969059,23.704491,0,1,0,Άγνωστο,13.33,59.0,1234,1481,3814,2754
1220286970,790,45,1,1,8,2026.0,2,Πετράλωνα (Αθήνα - Κέντρο),Αθήνα - Κέντρο (Αττική),37.972385,23.709417,0,0,0,13.0,17.56,0.0,709,1416,3327,2429
1220065161,780,55,1,1,7,1971.0,8,Πετράλωνα (Αθήνα - Κέντρο),Αθήνα - Κέντρο (Αττική),37.973118,23.709694,1,1,1,2.0,14.18,55.0,624,1353,3294,2402
1215835816,700,65,2,1,6,1985.0,7,Πετράλωνα (Αθήνα - Κέντρο),Αθήνα - Κέντρο (Αττική),37.965069,23.707615,1,1,0,1.0,10.77,41.0,1534,992,3668,2251
1220068445,800,65,2,1,10,1980.0,5,Πετράλωνα (Αθήνα - Κέντρο),Αθήνα - Κέντρο (Αττική),37.971012,23.706951,0,0,1,2.0,12.31,46.0,937,1489,3563,2655
1220314560,1200,200,3,1,2,1960.0,6,Πετράλωνα (Αθήνα - Κέντρο),Αθήνα - Κέντρο (Αττική),37.966076,23.713661,0,1,0,Άγνωστο,6.0,66.0,1156,720,3132,2206
1220137320,620,50,1,1,8,1980.0,8,Πετράλωνα (Αθήνα - Κέντρο),Αθήνα - Κέντρο (Αττική),37.97184,23.71273,1,1,0,Άγνωστο,12.4,46.0,732,1350,3048,2142
1219627701,700,75,2,1,7,1985.0,8,Πετράλωνα (Αθήνα - Κέντρο),Αθήνα - Κέντρο (Αττική),37.972271,23.712658,1,1,0,1.0,9.33,41.0,683,1398,3047,2146
1219883361,700,74,2,1,7,1996.0,6,Πετράλωνα (Αθήνα - Κέντρο),Αθήνα - Κέντρο (Αττική),37.96933,23.710285,1,0,0,2.0,9.46,30.0,1021,1178,3311,2392
1220290125,1500,200,3,1,3,1960.0,8,Πετράλωνα (Αθήνα - Κέντρο),Αθήνα - Κέντρο (Αττική),37.967312,23.714001,0,0,0,2.0,7.5,66.0,1156,836,3058,2131
1219644029,750,60,2,1,3,1980.0,8,Πετράλωνα (Αθήνα - Κέντρο),Αθήνα - Κέντρο (Αττική),37.968052,23.704893,1,1,1,4.0,12.5,46.0,1313,1381,3804,2637
1219811130,2050,162,4,2,10,2023.0,2,Πετράλωνα (Αθήνα - Κέντρο),Αθήνα - Κέντρο (Αττική),37.966988,23.70558,1,0,0,13.0,12.65,3.0,1392,1261,3775,2506
1219948176,2200,155,2,2,7,1990.0,7,Πετράλωνα (Αθήνα - Κέντρο),Αθήνα - Κέντρο (Αττική),37.972553,23.712917,0,0,0,2.0,14.19,36.0,654,1422,3021,2121
1220009154,750,50,1,1,9,1980.0,5,Πετράλωνα (Αθήνα - Κέντρο),Αθήνα - Κέντρο (Αττική),37.966125,23.7106,1,1,0,1.0,15.0,46.0,1371,871,3383,2315
1219575152,650,60,2,1,3,1980.0,9,Πετράλωνα (Αθήνα - Κέντρο),Αθήνα - Κέντρο (Αττική),37.967911,23.704969,0,1,1,4.0,10.83,46.0,1323,1366,3801,2620
1219999341,630,58,1,1,6,1975.0,8,Πετράλωνα (Αθήνα - Κέντρο),Αθήνα - Κέντρο (Αττική),37.973846,23.713972,1,0,0,4.0,10.86,51.0,532,1495,2914,2028
1219648006,950,55,1,1,6,1990.0,2,Πετράλωνα (Αθήνα - Κέντρο),Αθήνα - Κέντρο (Αττική),37.968689,23.714262,0,1,1,2.0,17.27,36.0,1096,976,2991,2067
1219536401,780,72,1,1,6,2015.0,2,Πετράλωνα (Αθήνα - Κέντρο),Αθήνα - Κέντρο (Αττική),37.969009,23.710192,1,0,0,2.0,10.83,11.0,1058,1152,3327,2406
1220346226,700,85,2,1,8,1980.0,4,Πετράλωνα (Αθήνα - Κέντρο),Αθήνα - Κέντρο (Αττική),37.970558,23.709623,1,0,0,1.0,8.24,46.0,899,1325,3340,2428
1219648654,1000,55,1,1,6,1973.0,2,Πετράλωνα (Αθήνα - Κέντρο),Αθήνα - Κέντρο (Αττική),37.968613,23.712446,0,1,1,2.0,18.18,53.0,1089,1021,3147,2223
1220347010,700,85,2,1,8,1979.0,6,Πετράλωνα (Αθήνα - Κέντρο),Αθήνα - Κέντρο (Αττική),37.97102,23.708443,1,0,0,1.0,8.24,47.0,881,1422,3433,2525
1220433647,1400,119,3,2,8,1979.0,5,Πετράλωνα (Αθήνα - Κέντρο),Αθήνα - Κέντρο (Αττική),37.967468,23.712463,1,1,0,2.0,11.76,47.0,1216,905,3181,2255
1219829302,895,80,2,1,9,2010.0,2,Πετράλωνα (Αθήνα - Κέντρο),Αθήνα - Κέντρο (Αττική),37.971325,23.707603,1,0,1,1.0,11.19,16.0,880,1471,3501,2595
1220343964,700,85,2,1,8,1979.0,2,Πετράλωνα (Αθήνα - Κέντρο),Αθήνα - Κέντρο (Αττική),37.970768,23.709736,1,0,0,1.0,8.24,47.0,874,1341,3326,2415
1220123326,650,75,2,1,6,1985.0,5,Πετράλωνα (Αθήνα - Κέντρο),Αθήνα - Κέντρο (Αττική),37.972687,23.709064,1,1,0,1.0,8.67,41.0,689,1373,3354,2458
1219990020,2200,155,2,1,7,1990.0,2,Πετράλωνα (Αθήνα - Κέντρο),Αθήνα - Κέντρο (Αττική),37.972618,23.715803,0,0,0,2.0,14.19,36.0,720,1385,2769,1868
1220384800,700,85,2,1,8,1979.0,2,Πετράλωνα (Αθήνα - Κέντρο),Αθήνα - Κέντρο (Αττική),37.970627,23.710043,1,0,0,1.0,8.24,47.0,883,1314,3303,2390
1220091828,600,46,1,1,2,1965.0,8,Πετράλωνα (Αθήνα - Κέντρο),Αθήνα - Κέντρο (Αττική),37.96526,23.708658,0,1,1,4.0,13.04,61.0,1492,930,3575,2250
1219467184,780,55,1,1,7,1980.0,4,Πετράλωνα (Αθήνα - Κέντρο),Αθήνα - Κέντρο (Αττική),37.973118,23.709694,1,1,1,1.0,14.18,46.0,624,1353,3294,2402
1220119623,1300,110,3,1,8,2010.0,6,Πετράλωνα (Αθήνα - Κέντρο),Αθήνα - Κέντρο (Αττική),37.968655,23.704863,1,0,0,Άγνωστο,11.82,16.0,1256,1426,3791,2702
1219998674,1250,98,2,1,6,1975.0,8,Πετράλωνα (Αθήνα - Κέντρο),Αθήνα - Κέντρο (Αττική),37.966778,23.710415,0,0,1,Άγνωστο,12.76,51.0,1301,937,3375,2389
1219977217,600,32,1,1,3,1985.0,1,Πετράλωνα (Αθήνα - Κέντρο),Αθήνα - Κέντρο (Αττική),37.969082,23.708275,0,1,1,4.0,18.75,41.0,1089,1255,3489,2570
1220379209,980,62,2,1,7,1967.0,6,Πετράλωνα (Αθήνα - Κέντρο),Αθήνα - Κέντρο (Αττική),37.971352,23.714096,0,1,0,2.0,15.81,59.0,803,1268,2939,2028
1219996547,990,83,2,1,6,1968.0,6,Πετράλωνα (Αθήνα - Κέντρο),Αθήνα - Κέντρο (Αττική),37.965565,23.712658,0,1,1,2.0,11.93,58.0,1237,712,3234,2235
1219581158,670,54,1,1,4,1975.0,2,Πετράλωνα (Αθήνα - Κέντρο),Αθήνα - Κέντρο (Αττική),37.9664,23.706354,1,1,1,1.0,12.41,51.0,1426,1167,3728,2424
1220409764,850,70,1,1,7,2002.0,3,Πετράλωνα (Αθήνα - Κέντρο),Αθήνα - Κέντρο (Αττική),37.973289,23.713629,1,1,0,2.0,12.14,24.0,584,1487,2949,2057
1214351008,1026,51,1,1,8,2000.0,5,Πετράλωνα (Αθήνα - Κέντρο),Αθήνα - Κέντρο (Αττική),37.968834,23.711985,1,0,1,2.0,20.12,26.0,1064,1060,3179,2257
1220214055,630,55,1,1,8,2010.0,5,Πετράλωνα (Αθήνα - Κέντρο),Αθήνα - Κέντρο (Αττική),37.97097,23.708731,1,0,1,1.0,11.45,16.0,877,1404,3409,2500
1220354066,700,65,2,1,4,1985.0,7,Πετράλωνα (Αθήνα - Κέντρο),Αθήνα - Κέντρο (Αττική),37.964462,23.706995,1,1,0,1.0,10.77,41.0,1613,1005,3742,2201
1219717437,650,41,1,1,10,1975.0,7,Πετράλωνα (Αθήνα - Κέντρο),Αθήνα - Κέντρο (Αττική),37.969311,23.70973,1,0,0,Άγνωστο,15.85,51.0,1032,1202,3359,2440
1220186503,950,55,1,1,6,1990.0,2,Πετράλωνα (Αθήνα - Κέντρο),Αθήνα - Κέντρο (Αττική),37.968391,23.71419,0,1,1,2.0,17.27,36.0,1128,946,3006,2081
1220143576,1250,67,1,1,7,1960.0,7,Πετράλωνα (Αθήνα - Κέντρο),Αθήνα - Κέντρο (Αττική),37.96962101851852,23.709964296296295,0,0,1,4.0,18.66,66.0,994,1220,3332,2414
1220102569,550,40,1,1,11,1980.0,8,Πετράλωνα (Αθήνα - Κέντρο),Αθήνα - Κέντρο (Αττική),37.968952,23.706879,1,0,0,Άγνωστο,13.75,46.0,1146,1323,3612,2686
1219436911,750,60,1,1,3,1995.0,5,Πετράλωνα (Αθήνα - Κέντρο),Αθήνα - Κέντρο (Αττική),37.967587,23.707823,0,1,1,4.0,12.5,31.0,1259,1156,3568,2519
1220243445,600,46,1,1,2,1965.0,7,Πετράλωνα (Αθήνα - Κέντρο),Αθήνα - Κέντρο (Αττική),37.965324,23.708696,0,1,1,Άγνωστο,13.04,61.0,1484,931,3570,2257
1217789258,1550,75,2,1,9,1980.0,6,Πετράλωνα (Αθήνα - Κέντρο),Αθήνα - Κέντρο (Αττική),37.96714,23.70513,1,1,1,2.0,20.67,46.0,1393,1303,3809,2534
1220335952,1250,52,1,1,8,1960.0,7,Πετράλωνα (Αθήνα - Κέντρο),Αθήνα - Κέντρο (Αττική),37.96962101851852,23.709964296296295,0,1,1,4.0,24.04,66.0,994,1220,3332,2414
1220177495,750,58,1,1,7,1970.0,6,Πετράλωνα (Αθήνα - Κέντρο),Αθήνα - Κέντρο (Αττική),37.973095,23.71195,1,1,0,Άγνωστο,12.93,56.0,590,1454,3098,2205
1219987886,600,32,1,1,4,1973.0,2,Πετράλωνα (Αθήνα - Κέντρο),Αθήνα - Κέντρο (Αττική),37.975094,23.711119,0,0,0,Άγνωστο,18.75,53.0,378,1230,3155,2286
1219958594,1500,82,2,1,7,2009.0,1,Πετράλωνα (Αθήνα - Κέντρο),Αθήνα - Κέντρο (Αττική),37.975346,23.710806,0,1,0,2.0,18.29,17.0,358,1191,3182,2316
1220402896,430,38,1,1,9,1970.0,6,Λεωφόρος Πατησίων - Λεωφόρος Αχαρνών (Αθήνα - Κέντρο),Αθήνα - Κέντρο (Αττική),37.995869,23.72838,1,1,0,4.0,11.32,56.0,620,390,2752,735
1220108134,650,70,1,1,12,1967.0,3,Λεωφόρος Πατησίων - Λεωφόρος Αχαρνών (Αθήνα - Κέντρο),Αθήνα - Κέντρο (Αττική),37.998676,23.732393,1,1,0,2.0,9.29,59.0,851,498,2832,742
1220419164,550,66,1,1,10,1975.0,4,Λεωφόρος Πατησίων - Λεωφόρος Αχαρνών (Αθήνα - Κέντρο),Αθήνα - Κέντρο (Αττική),37.998375,23.730907,0,0,0,1.0,8.33,51.0,725,480,2864,772
1219782973,900,93,3,2,9,1973.0,6,Λεωφόρος Πατησίων - Λεωφόρος Αχαρνών (Αθήνα - Κέντρο),Αθήνα - Κέντρο (Αττική),37.996059,23.73016,0,0,0,4.0,9.68,53.0,741,279,2679,620
1219261895,530,32,1,1,10,1973.0,5,Λεωφόρος Πατησίων - Λεωφόρος Αχαρνών (Αθήνα - Κέντρο),Αθήνα - Κέντρο (Αττική),37.995934,23.728508,1,1,0,Άγνωστο,16.56,53.0,625,384,2751,729
1218622444,680,50,0,1,7,1970.0,7,Λεωφόρος Πατησίων - Λεωφόρος Αχαρνών (Αθήνα - Κέντρο),Αθήνα - Κέντρο (Αττική),37.999859,23.730742,1,1,0,Άγνωστο,13.6,56.0,708,644,3016,922
1218788169,1200,109,3,2,7,1978.0,3,Λεωφόρος Πατησίων - Λεωφόρος Αχαρνών (Αθήνα - Κέντρο),Αθήνα - Κέντρο (Αττική),37.993118,23.730116,1,1,0,9.0,11.01,48.0,820,226,2416,485
1218890712,900,109,3,2,7,1960.0,6,Λεωφόρος Πατησίων - Λεωφόρος Αχαρνών (Αθήνα - Κέντρο),Αθήνα - Κέντρο (Αττική),37.993576,23.729614,1,0,0,5.0,8.26,66.0,783,245,2484,538
1219054614,2000,156,3,2,7,1968.0,6,Λεωφόρος Πατησίων - Λεωφόρος Αχαρνών (Αθήνα - Κέντρο),Αθήνα - Κέντρο (Αττική),37.989548,23.730299,1,1,0,2.0,12.82,58.0,636,546,2107,569
1219906309,900,75,2,1,6,1970.0,6,Λεωφόρος Πατησίων - Λεωφόρος Αχαρνών (Αθήνα - Κέντρο),Αθήνα - Κέντρο (Αττική),37.989574,23.729784,1,1,1,2.0,12.0,56.0,626,560,2140,605
1220295468,800,71,1,1,11,1967.0,7,Λεωφόρος Πατησίων - Λεωφόρος Αχαρνών (Αθήνα - Κέντρο),Αθήνα - Κέντρο (Αττική),37.995327,23.729614,1,1,1,4.0,11.27,59.0,743,267,2639,612
1219779103,950,120,2,1,6,1968.0,6,Λεωφόρος Πατησίων - Λεωφόρος Αχαρνών (Αθήνα - Κέντρο),Αθήνα - Κέντρο (Αττική),37.991638,23.729019,1,1,0,Άγνωστο,7.92,58.0,725,405,2353,585
1220123064,600,75,2,1,7,1972.0,7,Λεωφόρος Πατησίων - Λεωφόρος Αχαρνών (Αθήνα - Κέντρο),Αθήνα - Κέντρο (Αττική),37.99567,23.72789,1,0,0,2.0,8.0,54.0,601,420,2760,762
1220520699,600,41,1,1,3,1970.0,7,Λεωφόρος Πατησίων - Λεωφόρος Αχαρνών (Αθήνα - Κέντρο),Αθήνα - Κέντρο (Αττική),37.992748,23.731209,1,1,0,2.0,14.63,56.0,913,188,2325,386
1218721386,900,145,3,1,11,1980.0,10,Λεωφόρος Πατησίων - Λεωφόρος Αχαρνών (Αθήνα - Κέντρο),Αθήνα - Κέντρο (Αττική),37.998756,23.7306,1,0,1,2.0,6.21,46.0,694,528,2914,822
1219680358,1200,125,2,1,9,1934.0,9,Λεωφόρος Πατησίων - Λεωφόρος Αχαρνών (Αθήνα - Κέντρο),Αθήνα - Κέντρο (Αττική),37.99493,23.731192,1,0,1,1.0,9.6,92.0,883,127,2525,471
1220409459,700,67,2,1,10,1966.0,7,Λεωφόρος Πατησίων - Λεωφόρος Αχαρνών (Αθήνα - Κέντρο),Αθήνα - Κέντρο (Αττική),37.990131,23.728432,1,1,0,2.0,10.45,60.0,671,565,2268,681
1219833934,780,112,2,1,8,1958.0,5,Λεωφόρος Πατησίων - Λεωφόρος Αχαρνών (Αθήνα - Κέντρο),Αθήνα - Κέντρο (Αττική),37.997684,23.730555,1,0,0,Άγνωστο,6.96,68.0,709,416,2814,726
1219326301,850,82,2,1,11,1960.0,4,Λεωφόρος Πατησίων - Λεωφόρος Αχαρνών (Αθήνα - Κέντρο),Αθήνα - Κέντρο (Αττική),37.990238,23.72868,1,1,0,Άγνωστο,10.37,66.0,684,543,2261,657
1220398189,600,54,1,1,3,1954.0,8,Λεωφόρος Πατησίων - Λεωφόρος Αχαρνών (Αθήνα - Κέντρο),Αθήνα - Κέντρο (Αττική),37.998783,23.731745,0,0,0,2.0,11.11,72.0,794,512,2869,776
128499011,800,65,1,1,9,1980.0,4,Λεωφόρος Πατησίων - Λεωφόρος Αχαρνών (Αθήνα - Κέντρο),Αθήνα - Κέντρο (Αττική),37.99033,23.730074,1,1,1,2.0,12.31,46.0,714,472,2183,541
1218507113,900,120,2,1,10,1965.0,6,Λεωφόρος Πατησίων - Λεωφόρος Αχαρνών (Αθήνα - Κέντρο),Αθήνα - Κέντρο (Αττική),37.991013,23.730743,1,1,1,1.0,7.5,61.0,803,380,2200,457
1219741968,850,111,2,2,8,1955.0,6,Λεωφόρος Πατησίων - Λεωφόρος Αχαρνών (Αθήνα - Κέντρο),Αθήνα - Κέντρο (Αττική),37.998848,23.732561,1,1,0,1.0,7.66,71.0,865,517,2842,754
1220401902,600,90,2,1,4,1960.0,5,Λεωφόρος Πατησίων - Λεωφόρος Αχαρνών (Αθήνα - Κέντρο),Αθήνα - Κέντρο (Αττική),37.995247,23.729918,0,1,0,1.0,6.67,66.0,770,239,2617,584
1220272505,450,50,1,1,9,1975.0,5,Λεωφόρος Πατησίων - Λεωφόρος Αχαρνών (Αθήνα - Κέντρο),Αθήνα - Κέντρο (Αττική),37.990799,23.72896,1,1,0,4.0,9.0,51.0,737,478,2288,612
1215533116,1500,65,1,1,9,1965.0,5,Λεωφόρος Πατησίων - Λεωφόρος Αχαρνών (Αθήνα - Κέντρο),Αθήνα - Κέντρο (Αττική),37.992069,23.729525,1,1,1,2.0,23.08,61.0,765,340,2359,535
1220005205,750,115,3,1,8,1950.0,9,Λεωφόρος Πατησίων - Λεωφόρος Αχαρνών (Αθήνα - Κέντρο),Αθήνα - Κέντρο (Αττική),37.992393,23.729504,1,0,0,2.0,6.52,76.0,763,317,2388,534
1220291013,590,27,1,1,7,1970.0,8,Γκάζι - Μεταξουργείο - Βοτανικός (Αθήνα - Κέντρο),Αθήνα - Κέντρο (Αττική),37.983944,23.710573,1,1,1,4.0,21.85,56.0,631,681,3321,2391
1220406060,750,40,1,1,3,1975.0,1,Γκάζι - Μεταξουργείο - Βοτανικός (Αθήνα - Κέντρο),Αθήνα - Κέντρο (Αττική),37.978321,23.708643,0,1,1,4.0,18.75,51.0,303,813,3381,2556
1220291020,560,38,1,1,3,1970.0,8,Γκάζι - Μεταξουργείο - Βοτανικός (Αθήνα - Κέντρο),Αθήνα - Κέντρο (Αττική),37.981956,23.710745,0,1,1,Άγνωστο,14.74,56.0,413,732,3255,2474
1220459918,1200,80,2,1,8,1965.0,6,Γκάζι - Μεταξουργείο - Βοτανικός (Αθήνα - Κέντρο),Αθήνα - Κέντρο (Αττική),37.982685,23.72061,1,1,1,2.0,15.0,61.0,675,1568,2438,1708
1220406023,530,30,1,1,6,1975.0,2,Γκάζι - Μεταξουργείο - Βοτανικός (Αθήνα - Κέντρο),Αθήνα - Κέντρο (Αττική),37.978321,23.708643,0,1,0,4.0,17.67,51.0,303,813,3381,2556
1220406007,690,30,1,1,7,1975.0,2,Γκάζι - Μεταξουργείο - Βοτανικός (Αθήνα - Κέντρο),Αθήνα - Κέντρο (Αττική),37.978321,23.708643,0,1,1,4.0,23.0,51.0,303,813,3381,2556
1220405967,790,45,1,1,7,1975.0,2,Γκάζι - Μεταξουργείο - Βοτανικός (Αθήνα - Κέντρο),Αθήνα - Κέντρο (Αττική),37.978321,23.708643,0,1,1,4.0,17.56,51.0,303,813,3381,2556
1220174669,1200,50,1,1,10,1975.0,9,Γκάζι - Μεταξουργείο - Βοτανικός (Αθήνα - Κέντρο),Αθήνα - Κέντρο (Αττική),37.983231,23.724091,1,1,1,Άγνωστο,24.0,51.0,364,1416,2171,1442
1220187734,720,55,1,1,9,1975.0,5,Γκάζι - Μεταξουργείο - Βοτανικός (Αθήνα - Κέντρο),Αθήνα - Κέντρο (Αττική),37.977261,23.71501,1,1,0,4.0,13.09,51.0,285,1306,2816,1986
1219334166,1800,100,2,2,8,2020.0,2,Γκάζι - Μεταξουργείο - Βοτανικός (Αθήνα - Κέντρο),Αθήνα - Κέντρο (Αττική),37.976311,23.713026,1,0,1,4.0,18.0,6.0,246,1239,2987,2137
1218757342,950,65,2,1,10,1985.0,3,Γκάζι - Μεταξουργείο - Βοτανικός (Αθήνα - Κέντρο),Αθήνα - Κέντρο (Αττική),37.981525,23.721457,1,1,1,Άγνωστο,14.62,41.0,649,1658,2330,1648
1215391633,750,40,1,1,0,1975.0,1,Γκάζι - Μεταξουργείο - Βοτανικός (Αθήνα - Κέντρο),Αθήνα - Κέντρο (Αττική),37.98222,23.718639,1,1,1,4.0,18.75,51.0,713,1402,2589,1875
1215023751,850,65,2,1,7,1985.0,7,Γκάζι - Μεταξουργείο - Βοτανικός (Αθήνα - Κέντρο),Αθήνα - Κέντρο (Αττική),37.983868,23.720995,1,1,1,2.0,13.08,41.0,623,1517,2450,1600
1211633204,1000,95,2,1,8,1980.0,6,Γκάζι - Μεταξουργείο - Βοτανικός (Αθήνα - Κέντρο),Αθήνα - Κέντρο (Αττική),37.980438,23.716728,1,0,0,2.0,10.53,46.0,465,1283,2707,1954
1220402803,680,47,0,0,4,1965.0,5,Γκάζι - Μεταξουργείο - Βοτανικός (Αθήνα - Κέντρο),Αθήνα - Κέντρο (Αττική),37.976109,23.71307,0,0,1,Άγνωστο,14.47,61.0,269,1257,2983,2129
1219928556,700,75,2,1,8,1974.0,6,Γκάζι - Μεταξουργείο - Βοτανικός (Αθήνα - Κέντρο),Αθήνα - Κέντρο (Αττική),37.987411,23.719526,1,1,0,4.0,9.33,52.0,566,1350,2730,1518
1219763338,500,65,1,1,6,1975.0,7,Γκάζι - Μεταξουργείο - Βοτανικός (Αθήνα - Κέντρο),Αθήνα - Κέντρο (Αττική),37.988384,23.720856,1,0,1,1.0,7.69,51.0,447,1193,2681,1371
1219869714,750,77,2,1,8,1981.0,5,Γκάζι - Μεταξουργείο - Βοτανικός (Αθήνα - Κέντρο),Αθήνα - Κέντρο (Αττική),37.979351,23.709677,1,0,0,1.0,9.74,45.0,237,794,3301,2496
1219368447,1500,90,2,1,12,2004.0,5,Γκάζι - Μεταξουργείο - Βοτανικός (Αθήνα - Κέντρο),Αθήνα - Κέντρο (Αττική),37.985855,23.714525,1,0,0,2.0,16.67,22.0,856,1048,3058,1989
1220488254,600,55,2,1,9,1973.0,2,Γκάζι - Μεταξουργείο - Βοτανικός (Αθήνα - Κέντρο),Αθήνα - Κέντρο (Αττική),37.984928,23.722679,1,1,1,2.0,10.91,53.0,484,1332,2359,1411
1220164356,950,93,3,1,8,2008.0,5,Γκάζι - Μεταξουργείο - Βοτανικός (Αθήνα - Κέντρο),Αθήνα - Κέντρο (Αττική),37.977943,23.70241,0,0,0,2.0,10.22,18.0,851,674,3923,3084
1220173287,1000,65,1,1,10,1975.0,9,Γκάζι - Μεταξουργείο - Βοτανικός (Αθήνα - Κέντρο),Αθήνα - Κέντρο (Αττική),37.986221,23.723141,0,0,0,Άγνωστο,15.38,51.0,494,1196,2388,1296
1218036522,550,65,2,1,4,1975.0,7,Γκάζι - Μεταξουργείο - Βοτανικός (Αθήνα - Κέντρο),Αθήνα - Κέντρο (Αττική),37.987125,23.713078,1,1,0,2.0,8.46,51.0,896,965,3228,2062
1219999279,950,70,2,1,3,2024.0,1,Γκάζι - Μεταξουργείο - Βοτανικός (Αθήνα - Κέντρο),Αθήνα - Κέντρο (Αττική),37.98077,23.715155,0,0,1,2.0,13.57,2.0,376,1141,2850,2095
1218917383,1100,75,1,1,10,1975.0,5,Γκάζι - Μεταξουργείο - Βοτανικός (Αθήνα - Κέντρο),Αθήνα - Κέντρο (Αττική),37.986473,23.720493,1,1,1,4.0,14.67,51.0,660,1345,2607,1484
1220378879,850,80,1,1,6,1970.0,1,Γκάζι - Μεταξουργείο - Βοτανικός (Αθήνα - Κέντρο),Αθήνα - Κέντρο (Αττική),37.982311,23.709784,1,1,1,13.0,10.62,56.0,480,640,3345,2530
1219941987,1000,100,1,1,10,1975.0,6,Γκάζι - Μεταξουργείο - Βοτανικός (Αθήνα - Κέντρο),Αθήνα - Κέντρο (Αττική),37.98637,23.719986,1,1,1,4.0,10.0,51.0,674,1387,2641,1529
1220500662,830,63,3,2,3,1965.0,4,Γκάζι - Μεταξουργείο - Βοτανικός (Αθήνα - Κέντρο),Αθήνα - Κέντρο (Αττική),37.977016,23.709913,0,1,0,4.0,13.17,61.0,246,996,3261,2419
1219428169,800,60,2,2,7,2025.0,2,Γκάζι - Μεταξουργείο - Βοτανικός (Αθήνα - Κέντρο),Αθήνα - Κέντρο (Αττική),37.987431,23.715401,0,0,0,2.0,13.33,1.0,727,1168,3055,1858
1220433301,790,45,1,1,7,1975.0,8,Γκάζι - Μεταξουργείο - Βοτανικός (Αθήνα - Κέντρο),Αθήνα - Κέντρο (Αττική),37.978165,23.705359,1,1,1,4.0,17.56,51.0,591,686,3667,2834
1220433260,750,40,1,1,3,1975.0,8,Γκάζι - Μεταξουργείο - Βοτανικός (Αθήνα - Κέντρο),Αθήνα - Κέντρο (Αττική),37.979431,23.705961,0,1,1,4.0,18.75,51.0,550,579,3626,2813
1220425089,560,30,1,1,8,1975.0,7,Γκάζι - Μεταξουργείο - Βοτανικός (Αθήνα - Κέντρο),Αθήνα - Κέντρο (Αττική),37.977825,23.704884,1,1,0,4.0,18.67,51.0,636,711,3706,2868
1220291005,950,77,2,2,3,1970.0,8,Γκάζι - Μεταξουργείο - Βοτανικός (Αθήνα - Κέντρο),Αθήνα - Κέντρο (Αττική),37.981945,23.710768,0,1,1,4.0,12.34,56.0,411,735,3252,2473
1219527978,1350,88,2,2,6,1975.0,5,Γκάζι - Μεταξουργείο - Βοτανικός (Αθήνα - Κέντρο),Αθήνα - Κέντρο (Αττική),37.983261,23.712799,1,0,1,2.0,15.34,51.0,544,880,3113,2247
1220400820,750,55,2,1,9,1980.0,10,Γκάζι - Μεταξουργείο - Βοτανικός (Αθήνα - Κέντρο),Αθήνα - Κέντρο (Αττική),37.98563,23.7153,1,1,1,4.0,13.64,46.0,851,1110,2986,1936
1220262367,2500,90,2,1,9,2026.0,2,Γκάζι - Μεταξουργείο - Βοτανικός (Αθήνα - Κέντρο),Αθήνα - Κέντρο (Αττική),37.981083,23.713919,1,0,0,9.0,27.78,0.0,338,1027,2963,2208
1219109942,550,35,1,1,9,1987.0,7,Γκάζι - Μεταξουργείο - Βοτανικός (Αθήνα - Κέντρο),Αθήνα - Κέντρο (Αττική),37.979488,23.709526,1,1,1,4.0,15.71,39.0,256,774,3316,2513
1220492213,650,49,1,1,8,1970.0,2,Γκάζι - Μεταξουργείο - Βοτανικός (Αθήνα - Κέντρο),Αθήνα - Κέντρο (Αττική),37.982002,23.719875,1,1,0,4.0,13.27,56.0,758,1513,2478,1793
1220314243,880,75,2,1,9,1980.0,6,Γκάζι - Μεταξουργείο - Βοτανικός (Αθήνα - Κέντρο),Αθήνα - Κέντρο (Αττική),37.98484,23.717091,1,1,1,4.0,11.73,46.0,839,1256,2808,1832
1219624394,1500,82,1,1,7,2006.0,2,Γκάζι - Μεταξουργείο - Βοτανικός (Αθήνα - Κέντρο),Αθήνα - Κέντρο (Αττική),37.976822,23.713043,1,0,0,2.0,18.29,20.0,194,1201,2987,2145
1219560134,800,40,1,1,9,1980.0,4,Γκάζι - Μεταξουργείο - Βοτανικός (Αθήνα - Κέντρο),Αθήνα - Κέντρο (Αττική),37.983158,23.718946,0,1,1,4.0,20.0,46.0,800,1418,2593,1791
1220396210,580,66,1,1,7,1998.0,6,Γκάζι - Μεταξουργείο - Βοτανικός (Αθήνα - Κέντρο),Αθήνα - Κέντρο (Αττική),37.986153,23.715155,0,0,0,1.0,8.79,28.0,853,1109,3019,1926
1219282449,600,32,1,1,9,1983.0,6,Γκάζι - Μεταξουργείο - Βοτανικός (Αθήνα - Κέντρο),Αθήνα - Κέντρο (Αττική),37.980221,23.70686,1,1,0,4.0,18.75,43.0,502,551,3558,2760
1219457612,4000,240,3,2,6,1970.0,3,Γκάζι - Μεταξουργείο - Βοτανικός (Αθήνα - Κέντρο),Αθήνα - Κέντρο (Αττική),37.979126,23.716524,1,1,1,13.0,16.67,56.0,396,1319,2702,1916
1220433189,690,30,1,1,7,1975.0,6,Γκάζι - Μεταξουργείο - Βοτανικός (Αθήνα - Κέντρο),Αθήνα - Κέντρο (Αττική),37.979103,23.706062,1,1,1,4.0,23.0,51.0,535,615,3613,2796
1219577113,1700,194,3,2,3,1947.0,8,Γκάζι - Μεταξουργείο - Βοτανικός (Αθήνα - Κέντρο),Αθήνα - Κέντρο (Αττική),37.981705,23.717274,0,0,0,Άγνωστο,8.76,79.0,584,1294,2690,1973
1219597245,950,75,1,1,11,1975.0,6,Γκάζι - Μεταξουργείο - Βοτανικός (Αθήνα - Κέντρο),Αθήνα - Κέντρο (Αττική),37.986382,23.719145,1,0,1,Άγνωστο,12.67,51.0,685,1444,2708,1594
1220477816,750,80,2,2,7,1976.0,3,Γκάζι - Μεταξουργείο - Βοτανικός (Αθήνα - Κέντρο),Αθήνα - Κέντρο (Αττική),37.986214,23.719082,1,1,1,2.0,9.38,50.0,704,1448,2706,1607
1219731479,850,130,3,1,7,1985.0,5,Γκάζι - Μεταξουργείο - Βοτανικός (Αθήνα - Κέντρο),Αθήνα - Κέντρο (Αττική),37.985657,23.711893,0,1,0,1.0,6.54,41.0,807,818,3267,2213
1220406217,1000,45,1,1,6,1965.0,2,Γκάζι - Μεταξουργείο - Βοτανικός (Αθήνα - Κέντρο),Αθήνα - Κέντρο (Αττική),37.978222,23.706234,0,1,1,4.0,22.22,61.0,515,709,3590,2760
1220160112,750,80,1,1,9,1998.0,10,Γκάζι - Μεταξουργείο - Βοτανικός (Αθήνα - Κέντρο),Αθήνα - Κέντρο (Αττική),37.982788,23.718485,1,0,1,2.0,9.38,28.0,742,1381,2619,1848
1219999234,770,70,2,1,7,1970.0,7,Γκάζι - Μεταξουργείο - Βοτανικός (Αθήνα - Κέντρο),Αθήνα - Κέντρο (Αττική),37.982086,23.718103,1,1,0,4.0,11.0,56.0,667,1358,2630,1922
1220313801,650,54,1,1,11,1980.0,6,Γκάζι - Μεταξουργείο - Βοτανικός (Αθήνα - Κέντρο),Αθήνα - Κέντρο (Αττική),37.98484,23.717091,1,1,1,4.0,12.04,46.0,839,1256,2808,1832
1219946001,640,76,2,2,3,1967.0,6,Γκάζι - Μεταξουργείο - Βοτανικός (Αθήνα - Κέντρο),Αθήνα - Κέντρο (Αττική),37.983875,23.712549,0,1,0,4.0,8.42,59.0,610,855,3152,2236
1219872968,900,55,2,1,9,1972.0,5,Γκάζι - Μεταξουργείο - Βοτανικός (Αθήνα - Κέντρο),Αθήνα - Κέντρο (Αττική),37.986904,23.723387,1,1,1,4.0,16.36,54.0,518,1126,2406,1238
1218775792,800,130,3,2,7,1985.0,6,Γκάζι - Μεταξουργείο - Βοτανικός (Αθήνα - Κέντρο),Αθήνα - Κέντρο (Αττική),37.986404,23.712782,0,1,0,1.0,6.15,41.0,892,915,3223,2111
1219836217,950,93,3,1,8,2008.0,5,Γκάζι - Μεταξουργείο - Βοτανικός (Αθήνα - Κέντρο),Αθήνα - Κέντρο (Αττική),37.9776,23.703705,1,1,0,2.0,10.22,18.0,741,716,3808,2966
1219401830,700,50,1,1,3,1970.0,5,Γκάζι - Μεταξουργείο - Βοτανικός (Αθήνα - Κέντρο),Αθήνα - Κέντρο (Αττική),37.980537,23.715717,0,1,1,2.0,14.0,56.0,396,1196,2797,2040
1219576189,1850,127,3,1,6,1934.0,8,Γκάζι - Μεταξουργείο - Βοτανικός (Αθήνα - Κέντρο),Αθήνα - Κέντρο (Αττική),37.98177,23.717642,0,0,0,Άγνωστο,14.57,92.0,613,1324,2660,1948
1220314559,520,26,1,1,4,1980.0,5,Γκάζι - Μεταξουργείο - Βοτανικός (Αθήνα - Κέντρο),Αθήνα - Κέντρο (Αττική),37.98484,23.717091,1,1,1,4.0,20.0,46.0,839,1256,2808,1832
1220115880,2200,125,3,2,8,2006.0,5,Γλυφάδα (Αθήνα - Νότια Προάστια),Αθήνα - Νότια Προάστια (Αττική),37.857433,23.756765,1,1,0,1.0,17.6,20.0,4075,11945,13061,10481
1219765054,2190,121,3,2,7,2004.0,7,Γλυφάδα (Αθήνα - Νότια Προάστια),Αθήνα - Νότια Προάστια (Αττική),37.853893,23.765352,1,1,0,2.0,18.1,22.0,4705,12556,13672,11131
1218835227,2900,190,3,2,9,1989.0,7,Γλυφάδα (Αθήνα - Νότια Προάστια),Αθήνα - Νότια Προάστια (Αττική),37.855255,23.761248,1,1,0,1.0,15.26,37.0,4429,12295,13483,10851
1217960627,2270,85,1,1,3,2022.0,5,Γλυφάδα (Αθήνα - Νότια Προάστια),Αθήνα - Νότια Προάστια (Αττική),37.86306,23.757366,1,1,1,2.0,26.71,4.0,3497,11364,12591,9918
1220112777,1550,140,3,1,6,1987.0,4,Γλυφάδα (Αθήνα - Νότια Προάστια),Αθήνα - Νότια Προάστια (Αττική),37.873993,23.755552,0,1,1,1.0,11.07,39.0,2316,10162,11367,8740
1220481461,1450,100,2,1,9,1980.0,6,Γλυφάδα (Αθήνα - Νότια Προάστια),Αθήνα - Νότια Προάστια (Αττική),37.862373,23.756958,1,1,1,1.0,14.5,46.0,3557,11426,12664,9976
1220462277,2600,145,3,2,7,2000.0,1,Γλυφάδα (Αθήνα - Νότια Προάστια),Αθήνα - Νότια Προάστια (Αττική),37.875854,23.745035,0,1,1,1.0,17.93,26.0,1866,9694,10943,8203
1220111215,2200,125,2,2,8,1980.0,5,Γλυφάδα (Αθήνα - Νότια Προάστια),Αθήνα - Νότια Προάστια (Αττική),37.857334,23.757698,1,1,0,1.0,17.6,46.0,4109,11980,13129,10520
1220543778,750,54,2,1,7,2002.0,6,Γλυφάδα (Αθήνα - Νότια Προάστια),Αθήνα - Νότια Προάστια (Αττική),37.888584,23.772398,1,0,0,2.0,13.89,24.0,2558,8912,9970,8131
1220091886,3500,142,4,3,8,2022.0,1,Γλυφάδα (Αθήνα - Νότια Προάστια),Αθήνα - Νότια Προάστια (Αττική),37.876522,23.769844,1,0,1,13.0,24.65,4.0,2909,10243,11240,9092
1218444851,2000,96,2,2,8,2006.0,5,Γλυφάδα (Αθήνα - Νότια Προάστια),Αθήνα - Νότια Προάστια (Αττική),37.866482,23.745777,1,0,0,Άγνωστο,20.83,20.0,2910,10720,11670,9213
1220431775,3500,170,3,1,8,2011.0,4,Γλυφάδα (Αθήνα - Νότια Προάστια),Αθήνα - Νότια Προάστια (Αττική),37.871532,23.764645,0,0,1,1.0,20.59,15.0,2978,10705,11718,9340
1219952546,1300,57,2,1,9,2018.0,4,Γλυφάδα (Αθήνα - Νότια Προάστια),Αθήνα - Νότια Προάστια (Αττική),37.889713,23.762379,1,0,1,Άγνωστο,22.81,8.0,1670,8780,9688,7506
1220289345,1400,157,3,2,7,1980.0,6,Γλυφάδα (Αθήνα - Νότια Προάστια),Αθήνα - Νότια Προάστια (Αττική),37.876812,23.75145,0,1,0,1.0,8.92,46.0,1883,9750,11036,8307
1219942386,2570,160,3,2,8,1990.0,4,Γλυφάδα (Αθήνα - Νότια Προάστια),Αθήνα - Νότια Προάστια (Αττική),37.86797,23.758686,1,0,1,Άγνωστο,16.06,36.0,3038,10885,12055,9463
1219863171,1350,115,3,2,9,1990.0,5,Γλυφάδα (Αθήνα - Νότια Προάστια),Αθήνα - Νότια Προάστια (Αττική),37.872025,23.756824,1,1,1,2.0,11.74,36.0,2561,10405,11593,8985
1220213517,1800,105,2,1,7,1980.0,6,Γλυφάδα (Αθήνα - Νότια Προάστια),Αθήνα - Νότια Προάστια (Αττική),37.861122,23.75215,1,0,0,1.0,17.14,46.0,3578,11438,12485,9956
1220522944,3000,253,5,4,3,2011.0,5,Γλυφάδα (Αθήνα - Νότια Προάστια),Αθήνα - Νότια Προάστια (Αττική),37.883778,23.744761,1,1,0,2.0,11.86,15.0,985,8837,10257,7368
1220091306,1800,90,2,1,8,1997.0,9,Γλυφάδα (Αθήνα - Νότια Προάστια),Αθήνα - Νότια Προάστια (Αττική),37.859631,23.75782,1,1,1,2.0,20.0,29.0,3870,11740,12965,10287
1220246218,3700,150,3,2,8,1998.0,6,Γλυφάδα (Αθήνα - Νότια Προάστια),Αθήνα - Νότια Προάστια (Αττική),37.860901,23.755671,1,1,1,1.0,24.67,28.0,3678,11548,12730,10086
1220159533,3500,165,3,2,7,1997.0,4,Γλυφάδα (Αθήνα - Νότια Προάστια),Αθήνα - Νότια Προάστια (Αττική),37.873936,23.752203,1,0,1,2.0,21.21,29.0,2205,10074,11358,8628
1220425793,1350,120,2,1,7,1990.0,4,Γλυφάδα (Αθήνα - Νότια Προάστια),Αθήνα - Νότια Προάστια (Αττική),37.870522,23.7659,1,1,0,1.0,11.25,36.0,3134,10852,11844,9491
1220540424,2000,95,2,1,10,1985.0,7,Γλυφάδα (Αθήνα - Νότια Προάστια),Αθήνα - Νότια Προάστια (Αττική),37.870991,23.756132,1,1,1,4.0,21.05,41.0,2639,10494,11703,9065
1220539314,2600,100,2,1,7,1990.0,4,Γλυφάδα (Αθήνα - Νότια Προάστια),Αθήνα - Νότια Προάστια (Αττική),37.859509,23.76149,1,1,1,13.0,26.0,36.0,3997,11854,13015,10423
1220539174,2800,110,3,1,6,1980.0,6,Γλυφάδα (Αθήνα - Νότια Προάστια),Αθήνα - Νότια Προάστια (Αττική),37.865662,23.74608,1,1,1,1.0,25.45,46.0,3003,10815,11751,9308
1219749436,2150,145,3,2,6,1983.0,6,Γλυφάδα (Αθήνα - Νότια Προάστια),Αθήνα - Νότια Προάστια (Αττική),37.868633,23.753733,0,0,0,2.0,14.83,43.0,2807,10677,11953,9224
1220504951,650,60,2,1,3,2001.0,6,Γλυφάδα (Αθήνα - Νότια Προάστια),Αθήνα - Νότια Προάστια (Αττική),37.87452492222223,23.7589438,0,0,0,2.0,10.83,25.0,2414,10209,11331,8814
1220539025,3300,151,3,3,9,2025.0,1,Γλυφάδα (Αθήνα - Νότια Προάστια),Αθήνα - Νότια Προάστια (Αττική),37.887848,23.755547,1,0,0,4.0,21.85,1.0,1166,8723,9830,7366
1219900211,1700,138,3,2,10,2000.0,5,Γλυφάδα (Αθήνα - Νότια Προάστια),Αθήνα - Νότια Προάστια (Αττική),37.870308,23.765629,1,0,0,1.0,12.32,26.0,3138,10864,11864,9501
1220538400,3300,110,3,2,6,1990.0,5,Γλυφάδα (Αθήνα - Νότια Προάστια),Αθήνα - Νότια Προάστια (Αττική),37.869751,23.747761,1,1,1,1.0,30.0,36.0,2566,10411,11560,8923
1220498081,1500,111,2,2,7,2026.0,1,Γλυφάδα (Αθήνα - Νότια Προάστια),Αθήνα - Νότια Προάστια (Αττική),37.888622,23.76816,1,0,0,4.0,13.51,0.0,2192,8894,9890,7900
1220390407,1150,86,2,1,9,2004.0,4,Γλυφάδα (Αθήνα - Νότια Προάστια),Αθήνα - Νότια Προάστια (Αττική),37.893669,23.762495,1,0,0,1.0,13.37,22.0,1654,8340,9254,7153
1220378869,3200,110,2,2,8,2024.0,1,Γλυφάδα (Αθήνα - Νότια Προάστια),Αθήνα - Νότια Προάστια (Αττική),37.865292,23.759451,1,0,0,13.0,29.09,2.0,3336,11188,12358,9762
1220426465,1400,124,3,1,3,1990.0,6,Γλυφάδα (Αθήνα - Νότια Προάστια),Αθήνα - Νότια Προάστια (Αττική),37.863052,23.770401,0,1,0,1.0,11.29,36.0,4036,11741,12724,10410
1219609809,2800,114,3,1,6,2010.0,5,Γλυφάδα (Αθήνα - Νότια Προάστια),Αθήνα - Νότια Προάστια (Αττική),37.868462,23.7656,1,0,1,2.0,24.56,16.0,3301,11053,12067,9681
1219998922,2150,135,3,2,3,1984.0,5,Γλυφάδα (Αθήνα - Νότια Προάστια),Αθήνα - Νότια Προάστια (Αττική),37.86866,23.753662,0,0,0,2.0,15.93,42.0,2802,10672,11950,9219
1220444282,1050,70,2,1,3,1976.0,10,Γλυφάδα (Αθήνα - Νότια Προάστια),Αθήνα - Νότια Προάστια (Αττική),37.896381,23.760174,1,1,0,4.0,15.0,50.0,1505,8039,8927,6789
1219476024,2050,130,3,2,6,2005.0,6,Γλυφάδα (Αθήνα - Νότια Προάστια),Αθήνα - Νότια Προάστια (Αττική),37.884369,23.744532,1,0,1,1.0,15.77,21.0,918,8769,10191,7300
1220391124,900,50,1,1,6,1972.0,6,Γλυφάδα (Αθήνα - Νότια Προάστια),Αθήνα - Νότια Προάστια (Αττική),37.884789,23.748613,1,1,1,2.0,18.0,54.0,970,8829,10143,7395
1219842346,1750,136,3,1,9,2003.0,5,Γλυφάδα (Αθήνα - Νότια Προάστια),Αθήνα - Νότια Προάστια (Αττική),37.874641,23.764666,1,1,0,1.0,12.87,23.0,2715,10389,11375,9038
1219509494,1750,120,3,1,8,1991.0,5,Γλυφάδα (Αθήνα - Νότια Προάστια),Αθήνα - Νότια Προάστια (Αττική),37.871571,23.76515,1,1,0,1.0,14.58,35.0,3002,10719,11719,9357
1220315773,3750,130,3,2,8,2026.0,1,Γλυφάδα (Αθήνα - Νότια Προάστια),Αθήνα - Νότια Προάστια (Αττική),37.8699,23.740688,1,0,0,4.0,28.85,0.0,2538,10252,11084,8722
1219652283,2160,95,2,1,6,1992.0,5,Γλυφάδα (Αθήνα - Νότια Προάστια),Αθήνα - Νότια Προάστια (Αττική),37.867786,23.746058,1,1,1,2.0,22.74,34.0,2767,10585,11591,9082
1220533847,2170,230,3,2,7,1990.0,8,Γλυφάδα (Αθήνα - Νότια Προάστια),Αθήνα - Νότια Προάστια (Αττική),37.880905,23.746922,0,0,1,2.0,9.43,36.0,1331,9197,10574,7735
1220493450,1140,60,1,1,6,1990.0,8,Γλυφάδα (Αθήνα - Νότια Προάστια),Αθήνα - Νότια Προάστια (Αττική),37.863819,23.757431,1,0,1,Άγνωστο,19.0,36.0,3420,11286,12507,9843
1220240863,1760,85,2,1,9,2010.0,6,Γλυφάδα (Αθήνα - Νότια Προάστια),Αθήνα - Νότια Προάστια (Αττική),37.868103,23.759148,1,0,1,1.0,20.71,16.0,3043,10885,12044,9467
1219865730,1200,95,2,1,6,1987.0,7,Γλυφάδα (Αθήνα - Νότια Προάστια),Αθήνα - Νότια Προάστια (Αττική),37.893398,23.76354,0,1,0,1.0,12.63,39.0,1743,8366,9297,7232
1219989265,1250,105,3,1,7,2003.0,5,Γλυφάδα (Αθήνα - Νότια Προάστια),Αθήνα - Νότια Προάστια (Αττική),37.887478,23.774237,1,0,0,1.0,11.9,23.0,2740,9045,10127,8328
1220340847,1500,125,3,1,7,1984.0,5,Γλυφάδα (Αθήνα - Νότια Προάστια),Αθήνα - Νότια Προάστια (Αττική),37.892086,23.765251,0,0,1,1.0,12.0,42.0,1892,8509,9466,7438
1220530796,1100,120,3,1,6,1980.0,5,Γλυφάδα (Αθήνα - Νότια Προάστια),Αθήνα - Νότια Προάστια (Αττική),37.890759,23.761072,0,1,0,2.0,9.17,46.0,1538,8631,9557,7345
1219989209,950,77,2,1,6,2000.0,5,Γλυφάδα (Αθήνα - Νότια Προάστια),Αθήνα - Νότια Προάστια (Αττική),37.887478,23.774237,0,0,0,1.0,12.34,26.0,2740,9045,10127,8328
1220294207,1780,120,3,2,9,1990.0,6,Γλυφάδα (Αθήνα - Νότια Προάστια),Αθήνα - Νότια Προάστια (Αττική),37.869499,23.754908,1,1,0,2.0,14.83,36.0,2751,10617,11862,9175
1220497508,2500,90,2,2,7,2026.0,1,Γλυφάδα (Αθήνα - Νότια Προάστια),Αθήνα - Νότια Προάστια (Αττική),37.857033,23.757076,1,0,0,13.0,27.78,0.0,4125,11996,13111,10532
1219961996,2000,125,2,2,7,2024.0,2,Γλυφάδα (Αθήνα - Νότια Προάστια),Αθήνα - Νότια Προάστια (Αττική),37.885178,23.775843,1,0,0,1.0,16.0,2.0,2939,9311,10409,8616
1220330996,1250,110,3,1,8,2002.0,5,Γλυφάδα (Αθήνα - Νότια Προάστια),Αθήνα - Νότια Προάστια (Αττική),37.887936,23.753845,1,0,0,1.0,11.36,24.0,1030,8658,9810,7285
1220533523,650,32,0,1,8,1980.0,7,Γλυφάδα (Αθήνα - Νότια Προάστια),Αθήνα - Νότια Προάστια (Αττική),37.880833,23.759779,1,0,0,4.0,20.31,46.0,1924,9586,10640,8228
1220321706,1200,90,2,2,6,1997.0,5,Γλυφάδα (Αθήνα - Νότια Προάστια),Αθήνα - Νότια Προάστια (Αττική),37.89262,23.765169,0,1,1,1.0,13.33,29.0,1884,8450,9406,7387
1220100690,2500,165,3,2,8,1995.0,6,Γλυφάδα (Αθήνα - Νότια Προάστια),Αθήνα - Νότια Προάστια (Αττική),37.865059,23.749836,1,1,0,1.0,15.15,31.0,3109,10962,12040,9475
1220126533,2500,140,2,1,6,1990.0,5,Γλυφάδα (Αθήνα - Νότια Προάστια),Αθήνα - Νότια Προάστια (Αττική),37.864483,23.752573,1,0,1,1.0,17.86,36.0,3222,11089,12263,9617
1220095188,1800,60,1,1,3,1982.0,6,Γλυφάδα (Αθήνα - Νότια Προάστια),Αθήνα - Νότια Προάστια (Αττική),37.869862,23.747423,0,1,0,4.0,30.0,44.0,2549,10391,11529,8901
1220331779,1300,104,2,1,9,1981.0,6,Γλυφάδα (Αθήνα - Νότια Προάστια),Αθήνα - Νότια Προάστια (Αττική),37.877369,23.760942,1,1,0,13.0,12.5,45.0,2271,9981,11034,8614
1218975142,1560,112,2,2,7,1995.0,5,Γλυφάδα (Αθήνα - Νότια Προάστια),Αθήνα - Νότια Προάστια (Αττική),37.880516,23.762035,1,1,1,1.0,13.93,31.0,2096,9698,10698,8356
1219806873,2640,140,3,2,7,2007.0,4,Γλυφάδα (Αθήνα - Νότια Προάστια),Αθήνα - Νότια Προάστια (Αττική),37.871986,23.751623,1,0,1,1.0,18.86,19.0,2395,10266,11573,8809
1220258310,1610,131,4,2,9,2007.0,5,Γλυφάδα (Αθήνα - Νότια Προάστια),Αθήνα - Νότια Προάστια (Αττική),37.878906,23.768053,1,1,1,1.0,12.29,19.0,2624,9974,10952,8784
1220389724,1580,100,2,1,6,1991.0,2,Βούλα (Αθήνα - Νότια Προάστια),Αθήνα - Νότια Προάστια (Αττική),37.842113,23.770277,1,1,1,1.0,15.8,35.0,6079,13935,15026,12505
1220391013,1600,130,3,1,6,1988.0,5,Βούλα (Αθήνα - Νότια Προάστια),Αθήνα - Νότια Προάστια (Αττική),37.854832,23.783735,0,1,0,2.0,12.31,38.0,5476,12739,13851,11784
1220543772,1850,178,3,2,6,2000.0,5,Βούλα (Αθήνα - Νότια Προάστια),Αθήνα - Νότια Προάστια (Αττική),37.848831,23.782204,1,1,0,2.0,10.39,26.0,5925,13388,14472,12294
1220182736,1400,104,2,1,7,2010.0,10,Βούλα (Αθήνα - Νότια Προάστια),Αθήνα - Νότια Προάστια (Αττική),37.8423,23.774441,0,0,0,Άγνωστο,13.46,16.0,6210,14042,15059,12634
1220377381,3800,190,3,3,3,2026.0,2,Βούλα (Αθήνα - Νότια Προάστια),Αθήνα - Νότια Προάστια (Αττική),37.847866,23.775085,0,0,0,13.0,20.0,0.0,5686,13446,14458,12100
1219924960,3000,202,4,3,3,1995.0,6,Βούλα (Αθήνα - Νότια Προάστια),Αθήνα - Νότια Προάστια (Αττική),37.838989,23.763376,1,1,0,1.0,14.85,31.0,6206,14076,14922,12605
1220430902,2800,110,2,2,3,2007.0,2,Βούλα (Αθήνα - Νότια Προάστια),Αθήνα - Νότια Προάστια (Αττική),37.839508,23.766542,0,0,1,Άγνωστο,25.45,19.0,6235,14104,15071,12649
1220539040,3500,160,3,2,7,2000.0,6,Βούλα (Αθήνα - Νότια Προάστια),Αθήνα - Νότια Προάστια (Αττική),37.836361,23.774151,1,1,1,1.0,21.88,26.0,6801,14652,15707,13227
1220000733,1280,75,2,1,7,1979.0,4,Βούλα (Αθήνα - Νότια Προάστια),Αθήνα - Νότια Προάστια (Αττική),37.844803,23.762575,1,1,1,Άγνωστο,17.07,47.0,5567,13438,14406,11975
1220359640,2500,135,3,2,6,1984.0,3,Βούλα (Αθήνα - Νότια Προάστια),Αθήνα - Νότια Προάστια (Αττική),37.841873,23.78042,1,1,0,1.0,18.52,42.0,6497,14143,15198,12905
1220263409,2400,110,2,2,6,2014.0,1,Βούλα (Αθήνα - Νότια Προάστια),Αθήνα - Νότια Προάστια (Αττική),37.850491,23.779945,1,1,1,1.0,21.82,12.0,5661,13185,14250,12037
1220272833,2700,180,3,1,8,1995.0,5,Βούλα (Αθήνα - Νότια Προάστια),Αθήνα - Νότια Προάστια (Αττική),37.85041,23.762266,1,1,0,2.0,15.0,31.0,4966,12835,13948,11384
1219967603,3200,128,3,2,6,2017.0,3,Βούλα (Αθήνα - Νότια Προάστια),Αθήνα - Νότια Προάστια (Αττική),37.845608,23.764811,1,1,1,1.0,25.0,9.0,5544,13412,14481,11962
1220377978,2500,110,2,2,6,2024.0,1,Βούλα (Αθήνα - Νότια Προάστια),Αθήνα - Νότια Προάστια (Αττική),37.856216,23.778307,0,0,0,Άγνωστο,22.73,2.0,5059,12539,13598,11411
1220321531,1000,55,1,1,3,1980.0,5,Βούλα (Αθήνα - Νότια Προάστια),Αθήνα - Νότια Προάστια (Αττική),37.838333,23.763556,0,1,1,Άγνωστο,18.18,46.0,6281,14151,14986,12679
1219976407,3300,145,3,2,8,1992.0,5,Βούλα (Αθήνα - Νότια Προάστια),Αθήνα - Νότια Προάστια (Αττική),37.84024,23.762356,1,0,0,2.0,22.76,34.0,6048,13917,14759,12444
1220270652,1700,160,2,2,3,2020.0,2,Βούλα (Αθήνα - Νότια Προάστια),Αθήνα - Νότια Προάστια (Αττική),37.847744,23.784283,0,0,0,3.0,10.62,6.0,6129,13528,14630,12489
1218372161,2400,80,2,1,9,1995.0,1,Βούλα (Αθήνα - Νότια Προάστια),Αθήνα - Νότια Προάστια (Αττική),37.846157,23.758364,1,1,1,4.0,30.0,31.0,5322,13188,14040,11706
1220533520,1370,75,2,1,7,1972.0,9,Βούλα (Αθήνα - Νότια Προάστια),Αθήνα - Νότια Προάστια (Αττική),37.844788,23.762562,1,1,1,Άγνωστο,18.27,54.0,5568,13439,14406,11976
1220497060,2700,106,3,2,7,2026.0,1,Βούλα (Αθήνα - Νότια Προάστια),Αθήνα - Νότια Προάστια (Αττική),37.844151,23.758261,1,0,0,13.0,25.47,0.0,5537,13400,14196,11914
1220330771,2500,90,2,2,7,2026.0,1,Βούλα (Αθήνα - Νότια Προάστια),Αθήνα - Νότια Προάστια (Αττική),37.846069,23.76096,1,0,0,13.0,27.78,0.0,5391,13261,14206,11793
1218914725,2500,190,4,0,8,1995.0,2,Βούλα (Αθήνα - Νότια Προάστια),Αθήνα - Νότια Προάστια (Αττική),37.838352,23.778877,0,0,0,1.0,13.16,31.0,6777,14523,15558,13197
1220155909,2080,130,3,1,8,1990.0,6,Βούλα (Αθήνα - Νότια Προάστια),Αθήνα - Νότια Προάστια (Αττική),37.845123,23.76897,1,0,1,2.0,16.0,36.0,5726,13581,14679,12152
1220203093,1460,78,2,1,8,1980.0,4,Βούλα (Αθήνα - Νότια Προάστια),Αθήνα - Νότια Προάστια (Αττική),37.852711,23.75717,1,1,1,2.0,18.72,46.0,4590,12459,13449,10985
1220402320,2300,135,2,2,6,1995.0,4,Βούλα (Αθήνα - Νότια Προάστια),Αθήνα - Νότια Προάστια (Αττική),37.829628,23.778963,0,1,0,1.0,17.04,31.0,7656,15491,16514,14082
1214051325,1300,138,3,1,3,1989.0,6,Βούλα (Αθήνα - Νότια Προάστια),Αθήνα - Νότια Προάστια (Αττική),37.840698,23.7696,1,1,0,2.0,9.42,37.0,6203,14064,15164,12627
1219508302,2400,200,4,4,3,2020.0,3,Βούλα (Αθήνα - Νότια Προάστια),Αθήνα - Νότια Προάστια (Αττική),37.845081,23.776463,0,1,0,1.0,12.0,6.0,6016,13762,14784,12431
1220245937,2500,150,3,2,6,2007.0,4,Βούλα (Αθήνα - Νότια Προάστια),Αθήνα - Νότια Προάστια (Αττική),37.854435,23.780514,0,1,0,1.0,16.67,19.0,5334,12753,13832,11679
1220341364,2300,135,2,1,6,1995.0,5,Βούλα (Αθήνα - Νότια Προάστια),Αθήνα - Νότια Προάστια (Αττική),37.830227,23.778015,0,1,0,1.0,17.04,31.0,7562,15409,16435,13988
1220480259,1200,108,3,2,3,1992.0,6,Άλιμος (Αθήνα - Νότια Προάστια),Αθήνα - Νότια Προάστια (Αττική),37.919796,23.721043,0,1,0,1.0,11.11,34.0,2399,4506,6654,2920
1220462323,2500,125,3,1,7,1990.0,1,Άλιμος (Αθήνα - Νότια Προάστια),Αθήνα - Νότια Προάστια (Αττική),37.918087,23.702326,1,1,0,9.0,20.0,36.0,4033,4859,5257,2501
1220539197,1600,75,2,1,8,2014.0,5,Άλιμος (Αθήνα - Νότια Προάστια),Αθήνα - Νότια Προάστια (Αττική),37.914082,23.71583,1,0,1,2.0,21.33,12.0,2881,5129,6521,3462
1220461478,960,75,2,1,6,1985.0,4,Άλιμος (Αθήνα - Νότια Προάστια),Αθήνα - Νότια Προάστια (Αττική),37.916409,23.712084,1,0,1,1.0,12.8,41.0,3182,4889,6118,3062
1220273965,1400,117,2,1,6,1978.0,7,Άλιμος (Αθήνα - Νότια Προάστια),Αθήνα - Νότια Προάστια (Αττική),37.910145,23.712915,1,1,1,4.0,11.97,48.0,3225,5578,6479,3694
1220526350,950,62,1,1,8,2009.0,2,Άλιμος (Αθήνα - Νότια Προάστια),Αθήνα - Νότια Προάστια (Αττική),37.904697,23.732786,1,0,0,1.0,15.32,17.0,1651,6323,8027,4821
1218167597,1650,180,4,1,11,1985.0,5,Άλιμος (Αθήνα - Νότια Προάστια),Αθήνα - Νότια Προάστια (Αττική),37.91959,23.708509,1,1,0,2.0,9.17,41.0,3495,4578,5698,2593
1220155904,1150,100,2,1,6,2000.0,6,Άλιμος (Αθήνα - Νότια Προάστια),Αθήνα - Νότια Προάστια (Αττική),37.910461,23.71641,1,0,0,2.0,11.5,26.0,2920,5531,6736,3822
1216311308,2900,120,3,1,6,2008.0,4,Άλιμος (Αθήνα - Νότια Προάστια),Αθήνα - Νότια Προάστια (Αττική),37.910339,23.724079,1,0,1,2.0,24.17,18.0,2289,5578,7351,4005
1220503932,1500,90,2,1,6,1992.0,3,Άλιμος (Αθήνα - Νότια Προάστια),Αθήνα - Νότια Προάστια (Αττική),37.919369,23.70437,1,1,1,2.0,16.67,34.0,3857,4675,5368,2439
1220461914,1750,80,2,1,7,2026.0,3,Άλιμος (Αθήνα - Νότια Προάστια),Αθήνα - Νότια Προάστια (Αττική),37.913364,23.729023,1,0,0,2.0,21.88,0.0,1768,5312,7143,3803
1220462243,1200,108,3,2,4,2005.0,5,Άλιμος (Αθήνα - Νότια Προάστια),Αθήνα - Νότια Προάστια (Αττική),37.919415,23.720388,0,1,0,1.0,11.11,21.0,2453,4544,6692,2951
1220295999,1000,50,1,1,6,2024.0,1,Άλιμος (Αθήνα - Νότια Προάστια),Αθήνα - Νότια Προάστια (Αττική),37.919491,23.716904,1,0,1,13.0,20.0,2.0,2759,4527,6398,2902
1220314658,1750,80,2,1,7,2026.0,3,Άλιμος (Αθήνα - Νότια Προάστια),Αθήνα - Νότια Προάστια (Αττική),37.91296,23.730034,1,0,0,2.0,21.88,0.0,1698,5374,7168,3876
1220262457,1300,90,2,1,7,2006.0,5,Άλιμος (Αθήνα - Νότια Προάστια),Αθήνα - Νότια Προάστια (Αττική),37.913818,23.721928,1,0,0,1.0,14.44,20.0,2360,5175,7027,3587
1219732128,1340,50,1,1,11,2026.0,1,Άλιμος (Αθήνα - Νότια Προάστια),Αθήνα - Νότια Προάστια (Αττική),37.913971,23.71085,1,0,1,2.0,26.8,0.0,3316,5170,6128,3234
1220539127,1600,75,2,1,8,2014.0,5,Άλιμος (Αθήνα - Νότια Προάστια),Αθήνα - Νότια Προάστια (Αττική),37.913994,23.717642,1,0,1,2.0,21.33,12.0,2726,5138,6671,3516
1219664411,1580,75,2,1,8,2025.0,1,Άλιμος (Αθήνα - Νότια Προάστια),Αθήνα - Νότια Προάστια (Αττική),37.921329,23.705601,1,0,1,2.0,21.07,1.0,3736,4438,5393,2295
1220319132,1750,80,2,1,7,2026.0,3,Άλιμος (Αθήνα - Νότια Προάστια),Αθήνα - Νότια Προάστια (Αττική),37.913364,23.729023,1,1,0,2.0,21.88,0.0,1768,5312,7143,3803
1218741226,1240,113,3,1,10,1980.0,6,Άλιμος (Αθήνα - Νότια Προάστια),Αθήνα - Νότια Προάστια (Αττική),37.917217,23.707561,1,1,1,2.0,10.97,46.0,3575,4852,5717,2779
1220497403,2050,127,2,1,9,2010.0,5,Άλιμος (Αθήνα - Νότια Προάστια),Αθήνα - Νότια Προάστια (Αττική),37.918072,23.708775,1,0,1,1.0,16.14,16.0,3467,4741,5780,2749
1212023384,980,45,1,1,6,2012.0,6,Άλιμος (Αθήνα - Νότια Προάστια),Αθήνα - Νότια Προάστια (Αττική),37.912548,23.718849,1,1,0,6.0,21.78,14.0,2654,5301,6832,3687
1219766276,1350,135,3,2,8,1990.0,4,Άλιμος (Αθήνα - Νότια Προάστια),Αθήνα - Νότια Προάστια (Αττική),37.918312,23.709425,1,1,0,2.0,10.0,36.0,3410,4706,5823,2756
1219973317,2000,96,3,1,6,1976.0,5,Άλιμος (Αθήνα - Νότια Προάστια),Αθήνα - Νότια Προάστια (Αττική),37.911903,23.711157,1,1,1,2.0,20.83,50.0,3328,5396,6252,3448
1219428243,800,80,2,1,7,1992.0,6,Άλιμος (Αθήνα - Νότια Προάστια),Αθήνα - Νότια Προάστια (Αττική),37.916191,23.70598,1,1,0,1.0,10.0,34.0,3718,4990,5636,2818
1219650033,1000,110,3,1,7,1992.0,6,Άλιμος (Αθήνα - Νότια Προάστια),Αθήνα - Νότια Προάστια (Αττική),37.91391,23.71837,1,1,0,2.0,9.09,34.0,2665,5148,6734,3532
1220064235,1000,90,2,1,10,1976.0,7,Άλιμος (Αθήνα - Νότια Προάστια),Αθήνα - Νότια Προάστια (Αττική),37.913044,23.713823,1,1,0,Άγνωστο,11.11,50.0,3074,5251,6408,3458
1219038309,2800,290,3,3,6,1991.0,3,Άλιμος (Αθήνα - Νότια Προάστια),Αθήνα - Νότια Προάστια (Αττική),37.914261,23.7325,1,0,1,1.0,9.66,35.0,1447,5284,6983,3827
1220401378,1000,95,2,1,3,1970.0,6,Άλιμος (Αθήνα - Νότια Προάστια),Αθήνα - Νότια Προάστια (Αττική),37.913795,23.713982,0,0,0,1.0,10.53,56.0,3047,5167,6386,3396
1214737261,1400,103,2,2,6,2022.0,2,Άλιμος (Αθήνα - Νότια Προάστια),Αθήνα - Νότια Προάστια (Αττική),37.921459,23.74198,1,0,0,13.0,13.59,4.0,675,4829,6081,3617
1220095126,3700,130,4,2,11,2012.0,1,Άλιμος (Αθήνα - Νότια Προάστια),Αθήνα - Νότια Προάστια (Αττική),37.909977,23.712868,1,0,1,1.0,28.46,14.0,3234,5597,6484,3708
1215507459,1449,90,2,1,10,1980.0,9,Άλιμος (Αθήνα - Νότια Προάστια),Αθήνα - Νότια Προάστια (Αττική),37.915001,23.708158,1,1,1,4.0,16.1,46.0,3537,5087,5865,3021
1220495504,800,98,2,2,9,1988.0,6,Άλιμος (Αθήνα - Νότια Προάστια),Αθήνα - Νότια Προάστια (Αττική),37.912495,23.715214,1,1,0,1.0,8.16,38.0,2966,5307,6544,3576
1220503977,1500,113,3,1,9,1985.0,1,Άλιμος (Αθήνα - Νότια Προάστια),Αθήνα - Νότια Προάστια (Αττική),37.918251,23.711325,1,1,0,2.0,13.27,41.0,3244,4692,5981,2855
1220077941,490,31,1,1,3,1975.0,8,Άλιμος (Αθήνα - Νότια Προάστια),Αθήνα - Νότια Προάστια (Αττική),37.913181,23.71361,0,0,0,Άγνωστο,15.81,51.0,3090,5237,6384,3435
1220469499,1150,90,3,1,3,1980.0,5,Άλιμος (Αθήνα - Νότια Προάστια),Αθήνα - Νότια Προάστια (Αττική),37.911961,23.722462,0,1,0,2.0,12.78,46.0,2364,5385,7149,3799
1220542138,650,45,1,1,9,1978.0,8,Άλιμος (Αθήνα - Νότια Προάστια),Αθήνα - Νότια Προάστια (Αττική),37.914585,23.708046,1,1,1,Άγνωστο,14.44,48.0,3552,5134,5876,3058
1219969472,1150,120,2,1,8,1980.0,6,Άλιμος (Αθήνα - Νότια Προάστια),Αθήνα - Νότια Προάστια (Αττική),37.918289,23.706778,1,0,0,Άγνωστο,9.58,46.0,3642,4747,5608,2641
1220217388,2000,130,3,2,8,1980.0,6,Άλιμος (Αθήνα - Νότια Προάστια),Αθήνα - Νότια Προάστια (Αττική),37.912853,23.710302,1,0,0,1.0,15.38,46.0,3382,5298,6138,3320
1220185929,2000,132,3,2,8,1993.0,6,Άλιμος (Αθήνα - Νότια Προάστια),Αθήνα - Νότια Προάστια (Αττική),37.917915,23.706947,1,0,1,2.0,15.15,33.0,3628,4785,5638,2685
1220304154,1750,80,2,1,7,2026.0,1,Άλιμος (Αθήνα - Νότια Προάστια),Αθήνα - Νότια Προάστια (Αττική),37.912174,23.729664,1,0,0,2.0,21.88,0.0,1759,5453,7260,3946
1219852260,3700,135,3,3,8,2026.0,1,Άλιμος (Αθήνα - Νότια Προάστια),Αθήνα - Νότια Προάστια (Αττική),37.904964,23.720219,1,0,1,Άγνωστο,27.41,0.0,2477,6148,7317,4517
1220100098,700,68,1,1,8,1975.0,5,Άλιμος (Αθήνα - Νότια Προάστια),Αθήνα - Νότια Προάστια (Αττική),37.913513,23.712734,0,1,0,2.0,10.29,51.0,3160,5205,6299,3363
1220283454,1200,92,2,1,6,1995.0,4,Άλιμος (Αθήνα - Νότια Προάστια),Αθήνα - Νότια Προάστια (Αττική),37.910091,23.720627,0,0,0,2.0,13.04,31.0,2582,5580,7087,3977
1220421787,750,49,1,1,6,1990.0,6,Άλιμος (Αθήνα - Νότια Προάστια),Αθήνα - Νότια Προάστια (Αττική),37.911148,23.713669,1,1,0,4.0,15.31,36.0,3132,5463,6487,3630
1219782791,3200,112,3,2,9,2026.0,1,Άλιμος (Αθήνα - Νότια Προάστια),Αθήνα - Νότια Προάστια (Αττική),37.912571,23.71723,1,1,1,Άγνωστο,28.57,0.0,2792,5296,6701,3671
1216584336,2000,110,3,2,10,2000.0,4,Άλιμος (Αθήνα - Νότια Προάστια),Αθήνα - Νότια Προάστια (Αττική),37.917946,23.712326,1,0,1,Άγνωστο,18.18,26.0,3156,4717,6076,2934
1220469579,1400,72,2,1,8,2024.0,3,Άλιμος (Αθήνα - Νότια Προάστια),Αθήνα - Νότια Προάστια (Αττική),37.913811,23.70904,1,0,0,2.0,19.44,2.0,3475,5206,5992,3174
1219625005,2200,207,3,2,7,1955.0,7,Παλαιό Φάληρο (Αθήνα - Νότια Προάστια),Αθήνα - Νότια Προάστια (Αττική),37.924057,23.693863,1,0,0,2.0,10.63,71.0,4485,4088,4321,1688
1214880300,2800,190,4,2,12,1980.0,4,Παλαιό Φάληρο (Αθήνα - Νότια Προάστια),Αθήνα - Νότια Προάστια (Αττική),37.928711,23.69043,1,1,1,13.0,14.74,46.0,4147,3590,3882,1180
1220452456,1200,125,3,2,10,1971.0,7,Παλαιό Φάληρο (Αθήνα - Νότια Προάστια),Αθήνα - Νότια Προάστια (Αττική),37.926399,23.694214,1,1,1,2.0,9.6,55.0,4356,3998,4269,1431
1218132345,1490,77,0,1,7,2010.0,5,Παλαιό Φάληρο (Αθήνα - Νότια Προάστια),Αθήνα - Νότια Προάστια (Αττική),37.926594,23.696295,1,0,1,2.0,19.35,16.0,4178,4156,4439,1441
1218515382,1500,90,2,2,10,2005.0,6,Παλαιό Φάληρο (Αθήνα - Νότια Προάστια),Αθήνα - Νότια Προάστια (Αττική),37.926788,23.69385,1,0,1,Άγνωστο,16.67,21.0,4370,3951,4227,1385
1220349523,3800,240,3,2,3,1990.0,5,Παλαιό Φάληρο (Αθήνα - Νότια Προάστια),Αθήνα - Νότια Προάστια (Αττική),37.927834,23.695827,0,1,1,2.0,15.83,36.0,4167,4054,4365,1297
1220384326,1800,117,2,2,10,2008.0,4,Παλαιό Φάληρο (Αθήνα - Νότια Προάστια),Αθήνα - Νότια Προάστια (Αττική),37.928291,23.701408,1,0,0,2.0,15.38,18.0,3692,3806,4831,1443
1220324106,1400,130,2,2,8,1989.0,6,Παλαιό Φάληρο (Αθήνα - Νότια Προάστια),Αθήνα - Νότια Προάστια (Αττική),37.923222,23.702799,1,1,0,2.0,10.77,37.0,3830,4299,5093,1993
1220539612,880,90,2,1,7,2005.0,3,Παλαιό Φάληρο (Αθήνα - Νότια Προάστια),Αθήνα - Νότια Προάστια (Αττική),37.925537,23.712927,1,0,0,2.0,9.78,21.0,2942,3872,5883,2223
1220421504,1100,80,2,1,8,1979.0,4,Παλαιό Φάληρο (Αθήνα - Νότια Προάστια),Αθήνα - Νότια Προάστια (Αττική),37.929218,23.696037,1,1,1,1.0,13.75,47.0,4100,3909,4348,1152
1220390250,900,33,1,1,7,2026.0,2,Παλαιό Φάληρο (Αθήνα - Νότια Προάστια),Αθήνα - Νότια Προάστια (Αττική),37.93222,23.697498,1,0,0,2.0,27.27,0.0,3885,3554,4420,891
1220523196,850,96,2,1,11,1972.0,8,Παλαιό Φάληρο (Αθήνα - Νότια Προάστια),Αθήνα - Νότια Προάστια (Αττική),37.923241,23.697788,1,0,0,2.0,8.85,54.0,4214,4435,4676,1834
1218881896,1540,110,2,1,11,1987.0,6,Παλαιό Φάληρο (Αθήνα - Νότια Προάστια),Αθήνα - Νότια Προάστια (Αττική),37.923389,23.698021,1,1,1,2.0,14.0,39.0,4188,4422,4690,1824
1220281574,1330,98,2,1,10,1985.0,9,Παλαιό Φάληρο (Αθήνα - Νότια Προάστια),Αθήνα - Νότια Προάστια (Αττική),37.93187,23.69042,1,1,1,1.0,13.57,41.0,4024,3464,3810,835
1218254923,1700,110,3,1,7,2010.0,5,Παλαιό Φάληρο (Αθήνα - Νότια Προάστια),Αθήνα - Νότια Προάστια (Αττική),37.929932,23.695065,1,0,1,1.0,15.45,16.0,4157,3881,4249,1055
1220273120,1300,130,3,1,8,1985.0,7,Παλαιό Φάληρο (Αθήνα - Νότια Προάστια),Αθήνα - Νότια Προάστια (Αττική),37.930389,23.688583,1,0,1,2.0,10.0,41.0,3927,3369,3682,1038
1219992614,1200,106,3,1,8,1974.0,5,Παλαιό Φάληρο (Αθήνα - Νότια Προάστια),Αθήνα - Νότια Προάστια (Αττική),37.935192,23.70162,1,1,0,1.0,11.32,52.0,3458,3094,4752,916
1220534992,550,30,1,1,8,1985.0,4,Παλαιό Φάληρο (Αθήνα - Νότια Προάστια),Αθήνα - Νότια Προάστια (Αττική),37.933296,23.699362,1,1,0,2.0,18.33,41.0,3698,3372,4569,891
128460198,1240,78,2,1,9,1985.0,5,Παλαιό Φάληρο (Αθήνα - Νότια Προάστια),Αθήνα - Νότια Προάστια (Αττική),37.928272,23.693846,1,1,0,1.0,15.9,41.0,4315,3885,4184,1221
1215311699,1290,100,2,1,8,1990.0,3,Παλαιό Φάληρο (Αθήνα - Νότια Προάστια),Αθήνα - Νότια Προάστια (Αττική),37.92831221649485,23.69761746391753,1,1,1,4.0,12.9,36.0,4001,3936,4505,1291
1220116014,2200,140,3,2,12,1978.0,2,Παλαιό Φάληρο (Αθήνα - Νότια Προάστια),Αθήνα - Νότια Προάστια (Αττική),37.931461,23.688629,1,0,0,2.0,15.71,48.0,3890,3330,3663,925
1218317343,2500,137,2,1,13,1974.0,6,Παλαιό Φάληρο (Αθήνα - Νότια Προάστια),Αθήνα - Νότια Προάστια (Αττική),37.932152,23.697416,1,1,1,1.0,18.25,52.0,3893,3565,4414,894
1216842542,1900,130,2,2,9,1985.0,5,Παλαιό Φάληρο (Αθήνα - Νότια Προάστια),Αθήνα - Νότια Προάστια (Αττική),37.927849,23.68968,1,1,1,2.0,14.62,41.0,4125,3570,3843,1286
1220362304,1300,85,2,1,11,1985.0,5,Παλαιό Φάληρο (Αθήνα - Νότια Προάστια),Αθήνα - Νότια Προάστια (Αττική),37.924278,23.695299,1,1,1,2.0,15.29,41.0,4360,4188,4432,1677
1214527870,1700,110,3,2,7,2008.0,3,Παλαιό Φάληρο (Αθήνα - Νότια Προάστια),Αθήνα - Νότια Προάστια (Αττική),37.930382,23.693701,1,0,1,2.0,15.45,18.0,4259,3789,4122,986
1220287356,1300,125,3,2,8,1995.0,5,Παλαιό Φάληρο (Αθήνα - Νότια Προάστια),Αθήνα - Νότια Προάστια (Αττική),37.930161,23.69121,1,0,1,2.0,10.4,31.0,4152,3592,3913,1011
1220118716,630,30,1,1,3,1980.0,4,Παλαιό Φάληρο (Αθήνα - Νότια Προάστια),Αθήνα - Νότια Προάστια (Αττική),37.92569,23.69442,0,1,0,2.0,21.0,46.0,4368,4048,4310,1512
1220496359,1200,120,2,1,10,1985.0,5,Παλαιό Φάληρο (Αθήνα - Νότια Προάστια),Αθήνα - Νότια Προάστια (Αττική),37.922131,23.70023,1,0,0,2.0,10.0,41.0,4086,4484,4919,2015
1219263454,1380,97,2,1,12,1985.0,6,Παλαιό Φάληρο (Αθήνα - Νότια Προάστια),Αθήνα - Νότια Προάστια (Αττική),37.921547,23.703545,1,1,0,2.0,14.23,41.0,3872,4459,5215,2189
1220251597,2300,180,6,3,6,1995.0,4,Παλαιό Φάληρο (Αθήνα - Νότια Προάστια),Αθήνα - Νότια Προάστια (Αττική),37.928844,23.708694,0,1,1,4.0,12.78,31.0,3081,3564,5447,1828
1220414772,1600,55,1,1,7,2024.0,1,Παλαιό Φάληρο (Αθήνα - Νότια Προάστια),Αθήνα - Νότια Προάστια (Αττική),37.931637,23.694576,1,0,1,2.0,29.09,2.0,4149,3740,4175,860
1220323661,950,110,3,1,6,1975.0,5,Παλαιό Φάληρο (Αθήνα - Νότια Προάστια),Αθήνα - Νότια Προάστια (Αττική),37.939781,23.699366,0,1,0,2.0,8.64,51.0,3260,2752,4557,606
1220430993,1000,90,2,1,12,1985.0,3,Παλαιό Φάληρο (Αθήνα - Νότια Προάστια),Αθήνα - Νότια Προάστια (Αττική),37.931271,23.696951,1,0,0,13.0,11.11,41.0,3958,3670,4387,964
1220346899,800,85,2,1,8,1979.0,6,Παλαιό Φάληρο (Αθήνα - Νότια Προάστια),Αθήνα - Νότια Προάστια (Αττική),37.931381,23.69161,1,1,0,2.0,9.41,47.0,4140,3580,3922,873
1220397856,1000,100,2,1,7,1982.0,6,Παλαιό Φάληρο (Αθήνα - Νότια Προάστια),Αθήνα - Νότια Προάστια (Αττική),37.922939,23.708336,1,0,1,Άγνωστο,10.0,44.0,3437,4214,5566,2280
1219880041,700,50,1,1,0,1970.0,5,Παλαιό Φάληρο (Αθήνα - Νότια Προάστια),Αθήνα - Νότια Προάστια (Αττική),37.92979,23.699089,0,1,1,2.0,14.0,56.0,3826,3732,4599,1195
1219976895,750,62,1,1,9,1980.0,7,Παλαιό Φάληρο (Αθήνα - Νότια Προάστια),Αθήνα - Νότια Προάστια (Αττική),37.922939,23.70405,1,0,0,Άγνωστο,12.1,46.0,3752,4298,5207,2073
1217171465,2500,200,3,2,10,1986.0,4,Παλαιό Φάληρο (Αθήνα - Νότια Προάστια),Αθήνα - Νότια Προάστια (Αττική),37.921169,23.698275,1,1,0,2.0,12.5,40.0,4288,4582,4797,2068
127798053,1130,62,1,1,7,2004.0,6,Παλαιό Φάληρο (Αθήνα - Νότια Προάστια),Αθήνα - Νότια Προάστια (Αττική),37.923317,23.697758,1,0,1,2.0,18.23,22.0,4213,4428,4670,1825
1219616623,2200,206,3,2,7,1955.0,7,Παλαιό Φάληρο (Αθήνα - Νότια Προάστια),Αθήνα - Νότια Προάστια (Αττική),37.925491,23.695375,1,0,0,2.0,10.68,71.0,4299,4133,4396,1545
1219562663,1900,138,3,1,10,1980.0,6,Παλαιό Φάληρο (Αθήνα - Νότια Προάστια),Αθήνα - Νότια Προάστια (Αττική),37.921497,23.698509,1,0,0,2.0,13.77,46.0,4251,4582,4803,2038
1220142848,1100,60,1,1,6,1971.0,6,Παλαιό Φάληρο (Αθήνα - Νότια Προάστια),Αθήνα - Νότια Προάστια (Αττική),37.923378,23.693651,1,1,1,1.0,18.33,55.0,4533,4108,4330,1762
1220349142,1050,86,2,1,11,1975.0,6,Παλαιό Φάληρο (Αθήνα - Νότια Προάστια),Αθήνα - Νότια Προάστια (Αττική),37.930447,23.698298,1,1,0,4.0,12.21,51.0,3869,3696,4518,1098
1220269555,1650,140,3,2,0,1985.0,2,Παλαιό Φάληρο (Αθήνα - Νότια Προάστια),Αθήνα - Νότια Προάστια (Αττική),37.931461,23.688629,1,1,0,2.0,11.79,41.0,3890,3330,3663,925
1220180132,1900,120,3,2,10,2008.0,2,Παλαιό Φάληρο (Αθήνα - Νότια Προάστια),Αθήνα - Νότια Προάστια (Αττική),37.92746,23.700729,1,0,0,2.0,15.83,18.0,3782,3913,4792,1492
1219231723,1300,120,3,2,11,2000.0,5,Παλαιό Φάληρο (Αθήνα - Νότια Προάστια),Αθήνα - Νότια Προάστια (Αττική),37.92831221649485,23.69761746391753,1,0,1,1.0,10.83,26.0,4001,3936,4505,1291
1219793331,800,90,2,1,8,1970.0,6,Παλαιό Φάληρο (Αθήνα - Νότια Προάστια),Αθήνα - Νότια Προάστια (Αττική),37.919563,23.700476,1,0,1,1.0,8.89,56.0,4199,4748,5043,2293
1220412103,950,90,2,1,6,1985.0,5,Παλαιό Φάληρο (Αθήνα - Νότια Προάστια),Αθήνα - Νότια Προάστια (Αττική),37.928932,23.71044,0,1,0,2.0,10.56,41.0,2938,3526,5596,1872
1220430741,1000,90,2,1,4,1980.0,5,Παλαιό Φάληρο (Αθήνα - Νότια Προάστια),Αθήνα - Νότια Προάστια (Αττική),37.931225,23.700638,1,1,1,4.0,11.11,46.0,3648,3530,4707,1138
1218910091,1250,107,2,1,10,1975.0,6,Παλαιό Φάληρο (Αθήνα - Νότια Προάστια),Αθήνα - Νότια Προάστια (Αττική),37.923145,23.697786,1,0,1,2.0,11.68,51.0,4219,4439,4679,1844
1220094761,800,80,2,1,8,1973.0,6,Παλαιό Φάληρο (Αθήνα - Νότια Προάστια),Αθήνα - Νότια Προάστια (Αττική),37.931332,23.699408,1,0,0,2.0,10.0,53.0,3748,3565,4599,1064
1220110256,1200,106,3,1,9,1974.0,5,Παλαιό Φάληρο (Αθήνα - Νότια Προάστια),Αθήνα - Νότια Προάστια (Αττική),37.929951,23.699186,1,1,0,1.0,11.32,52.0,3812,3712,4604,1184
1220076922,650,54,1,1,10,1972.0,9,Παλαιό Φάληρο (Αθήνα - Νότια Προάστια),Αθήνα - Νότια Προάστια (Αττική),37.923115,23.698971,1,0,0,Άγνωστο,12.04,54.0,4129,4420,4778,1876
1219884950,2000,120,2,1,9,1978.0,9,Παλαιό Φάληρο (Αθήνα - Νότια Προάστια),Αθήνα - Νότια Προάστια (Αττική),37.927799,23.689548,1,1,1,1.0,16.67,48.0,4117,3562,3833,1294
1220432485,1680,111,3,1,6,2008.0,5,Παλαιό Φάληρο (Αθήνα - Νότια Προάστια),Αθήνα - Νότια Προάστια (Αττική),37.924118,23.698761,1,0,0,Άγνωστο,15.14,18.0,4094,4322,4725,1765
1220357970,1200,120,2,1,10,1985.0,5,Παλαιό Φάληρο (Αθήνα - Νότια Προάστια),Αθήνα - Νότια Προάστια (Αττική),37.925827,23.693659,1,1,0,2.0,10.0,41.0,4424,3982,4241,1490
1220307484,1400,92,3,1,8,2001.0,8,Παλαιό Φάληρο (Αθήνα - Νότια Προάστια),Αθήνα - Νότια Προάστια (Αττική),37.941036,23.700191,1,1,0,1.0,15.22,25.0,3118,2596,4640,705
1220399644,850,85,2,1,6,1975.0,6,Παλαιό Φάληρο (Αθήνα - Νότια Προάστια),Αθήνα - Νότια Προάστια (Αττική),37.932018,23.695768,0,1,0,2.0,10.0,51.0,4037,3650,4272,848
1219989483,1500,89,3,1,7,2009.0,5,Παλαιό Φάληρο (Αθήνα - Νότια Προάστια),Αθήνα - Νότια Προάστια (Αττική),37.922432,23.707251,1,0,1,2.0,16.85,17.0,3547,4288,5492,2269
1219662237,1550,97,2,2,9,1996.0,6,Παλαιό Φάληρο (Αθήνα - Νότια Προάστια),Αθήνα - Νότια Προάστια (Αττική),37.925632,23.695448,0,0,0,2.0,15.98,30.0,4287,4132,4398,1531
1219662202,2200,206,3,2,7,1955.0,6,Παλαιό Φάληρο (Αθήνα - Νότια Προάστια),Αθήνα - Νότια Προάστια (Αττική),37.924355,23.694958,1,0,0,2.0,10.68,71.0,4384,4157,4401,1665
1220483043,1200,120,2,1,10,1984.0,5,Παλαιό Φάληρο (Αθήνα - Νότια Προάστια),Αθήνα - Νότια Προάστια (Αττική),37.921455,23.70097,1,1,0,2.0,10.0,42.0,4068,4535,5006,2108
1220480785,850,85,2,1,6,1975.0,6,Παλαιό Φάληρο (Αθήνα - Νότια Προάστια),Αθήνα - Νότια Προάστια (Αττική),37.930656,23.695005,0,1,0,2.0,10.0,51.0,4140,3814,4229,975
1220439161,570,50,1,1,4,1965.0,7,Παλαιό Φάληρο (Αθήνα - Νότια Προάστια),Αθήνα - Νότια Προάστια (Αττική),37.927151,23.694174,1,1,0,1.0,11.4,61.0,4329,3960,4243,1348
1220056023,750,75,2,1,4,1970.0,8,Παλαιό Φάληρο (Αθήνα - Νότια Προάστια),Αθήνα - Νότια Προάστια (Αττική),37.940559,23.699602,0,1,0,1.0,10.0,56.0,3191,2669,4584,641
1220388255,1400,115,3,1,9,2008.0,7,Παλαιό Φάληρο (Αθήνα - Νότια Προάστια),Αθήνα - Νότια Προάστια (Αττική),37.935764,23.698418,1,1,0,2.0,12.17,18.0,3613,3173,4468,644
1220310393,1200,110,3,1,6,2004.0,4,Παλαιό Φάληρο (Αθήνα - Νότια Προάστια),Αθήνα - Νότια Προάστια (Αττική),37.941547,23.699821,1,0,0,2.0,10.91,22.0,3111,2569,4614,693
1220525619,700,90,2,1,6,1980.0,7,Παλαιό Φάληρο (Αθήνα - Νότια Προάστια),Αθήνα - Νότια Προάστια (Αττική),37.929005,23.70789,0,1,0,4.0,7.78,46.0,3137,3562,5374,1763
1215651913,1150,100,2,1,6,1990.0,3,Παλαιό Φάληρο (Αθήνα - Νότια Προάστια),Αθήνα - Νότια Προάστια (Αττική),37.92831221649485,23.69761746391753,1,1,1,4.0,11.5,36.0,4001,3936,4505,1291
1220351469,1050,86,2,1,11,1975.0,6,Παλαιό Φάληρο (Αθήνα - Νότια Προάστια),Αθήνα - Νότια Προάστια (Αττική),37.93087,23.69663,1,1,0,Άγνωστο,12.21,51.0,3997,3723,4366,995
1219813128,1850,96,2,1,8,2025.0,1,Παλαιό Φάληρο (Αθήνα - Νότια Προάστια),Αθήνα - Νότια Προάστια (Αττική),37.930145,23.711458,1,0,1,2.0,19.27,1.0,2800,3378,5664,1724
1219933046,1500,114,2,1,9,2015.0,5,Παλαιό Φάληρο (Αθήνα - Νότια Προάστια),Αθήνα - Νότια Προάστια (Αττική),37.935616,23.69821,1,1,0,2.0,13.16,11.0,3638,3196,4451,640
1220401268,1300,125,3,1,8,1985.0,5,Παλαιό Φάληρο (Αθήνα - Νότια Προάστια),Αθήνα - Νότια Προάστια (Αττική),37.931286,23.688892,1,0,1,2.0,10.4,41.0,3918,3358,3689,935
1216285021,720,80,1,1,6,1975.0,5,Παλαιό Φάληρο (Αθήνα - Νότια Προάστια),Αθήνα - Νότια Προάστια (Αττική),37.92186,23.698839,1,1,0,2.0,9.0,51.0,4206,4554,4815,2007
1217770378,1100,120,2,1,10,1974.0,7,Παλαιό Φάληρο (Αθήνα - Νότια Προάστια),Αθήνα - Νότια Προάστια (Αττική),37.928669,23.689939,1,0,0,2.0,9.17,52.0,4109,3552,3841,1192
1219561436,2300,180,3,3,6,1995.0,4,Παλαιό Φάληρο (Αθήνα - Νότια Προάστια),Αθήνα - Νότια Προάστια (Αττική),37.929829,23.710621,0,1,1,4.0,12.78,31.0,2881,3425,5596,1771
1220376485,850,85,2,1,6,1985.0,6,Παλαιό Φάληρο (Αθήνα - Νότια Προάστια),Αθήνα - Νότια Προάστια (Αττική),37.932571,23.695709,0,1,0,2.0,10.0,41.0,4028,3600,4259,789
1220168724,950,120,3,1,6,1985.0,4,Παλαιό Φάληρο (Αθήνα - Νότια Προάστια),Αθήνα - Νότια Προάστια (Αττική),37.92239,23.699659,1,1,0,2.0,7.92,41.0,4115,4474,4862,1972
1219506596,1400,88,2,2,8,2008.0,5,Παλαιό Φάληρο (Αθήνα - Νότια Προάστια),Αθήνα - Νότια Προάστια (Αττική),37.92691,23.693054,1,1,1,1.0,15.91,18.0,4431,3882,4156,1367
1219496060,750,65,1,1,10,1971.0,6,Παλαιό Φάληρο (Αθήνα - Νότια Προάστια),Αθήνα - Νότια Προάστια (Αττική),37.93898,23.69455,1,1,0,1.0,11.54,55.0,3653,3078,4131,181
1219784700,1400,130,3,1,6,2012.0,6,Παλαιό Φάληρο (Αθήνα - Νότια Προάστια),Αθήνα - Νότια Προάστια (Αττική),37.929211,23.70326,1,0,0,1.0,10.77,14.0,3503,3653,4970,1457
1217244148,1590,75,2,1,6,2023.0,3,Παλαιό Φάληρο (Αθήνα - Νότια Προάστια),Αθήνα - Νότια Προάστια (Αττική),37.929798,23.696421,1,0,1,2.0,21.2,3.0,4048,3836,4369,1101
1220141524,1640,78,2,1,9,2024.0,2,Παλαιό Φάληρο (Αθήνα - Νότια Προάστια),Αθήνα - Νότια Προάστια (Αττική),37.939789,23.70171,1,0,1,2.0,21.03,2.0,3100,2640,4763,810
1219971767,3680,125,3,2,13,1970.0,6,Παλαιό Φάληρο (Αθήνα - Νότια Προάστια),Αθήνα - Νότια Προάστια (Αττική),37.92141,23.697798,1,0,1,1.0,29.44,56.0,4310,4533,4748,2032
1220438496,950,55,1,1,3,2000.0,4,Ελληνικό (Αθήνα - Νότια Προάστια),Αθήνα - Νότια Προάστια (Αττική),37.890358,23.751352,0,1,1,1.0,17.27,26.0,716,8327,9530,6944
1220525428,1300,110,3,1,6,2010.0,5,Ελληνικό (Αθήνα - Νότια Προάστια),Αθήνα - Νότια Προάστια (Αττική),37.895031,23.758503,1,0,1,1.0,11.82,16.0,1327,8105,9059,6826
1220460979,1200,110,3,1,6,1995.0,5,Ελληνικό (Αθήνα - Νότια Προάστια),Αθήνα - Νότια Προάστια (Αττική),37.892117,23.754692,0,1,0,1.0,10.91,31.0,966,8257,9351,6917
1220398007,1850,118,3,2,7,2025.0,2,Ελληνικό (Αθήνα - Νότια Προάστια),Αθήνα - Νότια Προάστια (Αττική),37.894009,23.748516,1,0,1,Άγνωστο,15.68,1.0,451,7859,9118,6469
1220391612,1240,124,2,1,6,1963.0,6,Ελληνικό (Αθήνα - Νότια Προάστια),Αθήνα - Νότια Προάστια (Αττική),37.889042,23.751572,0,1,1,1.0,10.0,63.0,796,8470,9677,7082
1219643601,1500,80,2,1,8,1993.0,5,Ελληνικό (Αθήνα - Νότια Προάστια),Αθήνα - Νότια Προάστια (Αττική),37.889801,23.756594,1,1,1,1.0,18.75,33.0,1174,8560,9621,7224
1219952512,1300,63,2,1,6,2026.0,1,Ελληνικό (Αθήνα - Νότια Προάστια),Αθήνα - Νότια Προάστια (Αττική),37.892052,23.753971,1,0,0,2.0,20.63,0.0,903,8239,9354,6891
1218801466,1320,86,2,1,7,1980.0,7,Ελληνικό (Αθήνα - Νότια Προάστια),Αθήνα - Νότια Προάστια (Αττική),37.884342,23.728334,1,1,1,Άγνωστο,15.35,46.0,1631,8492,9211,6862
1219952500,1300,63,2,1,6,2026.0,1,Ελληνικό (Αθήνα - Νότια Προάστια),Αθήνα - Νότια Προάστια (Αττική),37.892052,23.753971,1,0,0,2.0,20.63,0.0,903,8239,9354,6891
1219952492,1500,63,2,1,7,2026.0,1,Ελληνικό (Αθήνα - Νότια Προάστια),Αθήνα - Νότια Προάστια (Αττική),37.892052,23.753971,1,0,1,2.0,23.81,0.0,903,8239,9354,6891
1219952469,1500,63,2,1,7,2026.0,1,Ελληνικό (Αθήνα - Νότια Προάστια),Αθήνα - Νότια Προάστια (Αττική),37.892052,23.753971,1,0,1,2.0,23.81,0.0,903,8239,9354,6891
1220481942,1200,95,3,1,7,1987.0,4,Ελληνικό (Αθήνα - Νότια Προάστια),Αθήνα - Νότια Προάστια (Αττική),37.891468,23.750528,1,1,0,2.0,12.63,39.0,612,8186,9404,6801
1220480891,1450,80,2,1,6,2024.0,1,Ελληνικό (Αθήνα - Νότια Προάστια),Αθήνα - Νότια Προάστια (Αττική),37.89426,23.759901,1,0,1,Άγνωστο,18.12,2.0,1434,8237,9158,6967
1220306712,1350,105,3,1,7,2004.0,5,Ελληνικό (Αθήνα - Νότια Προάστια),Αθήνα - Νότια Προάστια (Αττική),37.893944,23.758591,0,1,1,1.0,12.86,22.0,1315,8217,9180,6930
1220070184,1100,84,2,1,6,1979.0,8,Ελληνικό (Αθήνα - Νότια Προάστια),Αθήνα - Νότια Προάστια (Αττική),37.904831,23.740229,0,1,0,1.0,13.1,47.0,1394,6482,7937,5066
1218261231,1550,61,2,1,6,2025.0,1,Ελληνικό (Αθήνα - Νότια Προάστια),Αθήνα - Νότια Προάστια (Αττική),37.893139,23.748308,1,0,1,9.0,25.41,1.0,409,7943,9214,6546
1220377087,1300,140,3,1,6,2001.0,6,Ελληνικό (Αθήνα - Νότια Προάστια),Αθήνα - Νότια Προάστια (Αττική),37.905762,23.741241,1,0,0,1.0,9.29,25.0,1479,6413,7827,5015
1218252516,1650,140,3,2,7,1980.0,8,Ελληνικό (Αθήνα - Νότια Προάστια),Αθήνα - Νότια Προάστια (Αττική),37.895699,23.75301,1,1,1,1.0,11.79,46.0,887,7833,8944,6500
1220522909,850,75,2,1,4,1980.0,6,Ελληνικό (Αθήνα - Νότια Προάστια),Αθήνα - Νότια Προάστια (Αττική),37.893398,23.751329,0,1,0,4.0,11.33,46.0,675,8012,9192,6646
1220461533,980,140,3,1,6,1995.0,5,Ελληνικό (Αθήνα - Νότια Προάστια),Αθήνα - Νότια Προάστια (Αττική),37.893078,23.748985,0,0,1,1.0,7.0,31.0,467,7970,9222,6579
1219706382,1550,118,3,2,7,2005.0,4,Ελληνικό (Αθήνα - Νότια Προάστια),Αθήνα - Νότια Προάστια (Αττική),37.893616,23.756557,1,0,1,1.0,13.14,21.0,1134,8173,9198,6862
1220442833,1500,110,3,1,7,2025.0,7,Ελληνικό (Αθήνα - Νότια Προάστια),Αθήνα - Νότια Προάστια (Αττική),37.899628,23.748493,0,0,0,2.0,13.64,1.0,887,7276,8493,5922
1220143267,1400,108,3,1,7,2012.0,4,Ελληνικό (Αθήνα - Νότια Προάστια),Αθήνα - Νότια Προάστια (Αττική),37.903854,23.74115,1,0,0,1.0,12.96,14.0,1271,6611,8039,5199
1220071262,710,83,2,0,3,1975.0,8,Ελληνικό (Αθήνα - Νότια Προάστια),Αθήνα - Νότια Προάστια (Αττική),37.906582,23.743572,0,1,0,Άγνωστο,8.55,51.0,1336,6398,7725,5036
1219789294,1050,70,2,1,6,2002.0,5,Ελληνικό (Αθήνα - Νότια Προάστια),Αθήνα - Νότια Προάστια (Αττική),37.890087,23.758286,0,0,0,Άγνωστο,15.0,24.0,1310,8593,9603,7275
1219959581,1500,70,1,1,9,1990.0,3,Ελληνικό (Αθήνα - Νότια Προάστια),Αθήνα - Νότια Προάστια (Αττική),37.893841,23.760019,1,1,1,Άγνωστο,21.43,36.0,1439,8284,9206,7011
1220423738,1690,85,2,2,7,2008.0,3,Ελληνικό (Αθήνα - Νότια Προάστια),Αθήνα - Νότια Προάστια (Αττική),37.888206,23.745796,1,1,0,1.0,19.88,18.0,522,8392,9763,6948
1220335673,1000,94,2,1,3,1985.0,6,Ελληνικό (Αθήνα - Νότια Προάστια),Αθήνα - Νότια Προάστια (Αττική),37.890663,23.75325,1,1,0,Άγνωστο,10.64,41.0,865,8357,9504,6994
1219256179,1480,90,2,1,6,1984.0,7,Ελληνικό (Αθήνα - Νότια Προάστια),Αθήνα - Νότια Προάστια (Αττική),37.892921,23.75247,1,1,1,2.0,16.44,42.0,770,8099,9250,6742
1220322906,1000,65,1,1,3,1963.0,6,Ελληνικό (Αθήνα - Νότια Προάστια),Αθήνα - Νότια Προάστια (Αττική),37.889042,23.751572,0,1,1,1.0,15.38,63.0,796,8470,9677,7082
1219969494,880,50,1,1,3,1985.0,5,Ελληνικό (Αθήνα - Νότια Προάστια),Αθήνα - Νότια Προάστια (Αττική),37.891865,23.75618,0,1,1,2.0,17.6,41.0,1098,8336,9389,7009
1219863485,3600,280,3,3,3,1995.0,4,Ελληνικό (Αθήνα - Νότια Προάστια),Αθήνα - Νότια Προάστια (Αττική),37.877716,23.73218,0,1,0,4.0,12.86,31.0,1939,9267,9947,7672
1215971054,1950,75,1,1,7,1980.0,8,Ελληνικό (Αθήνα - Νότια Προάστια),Αθήνα - Νότια Προάστια (Αττική),37.889408,23.748053,0,0,0,1.0,26.0,46.0,521,8327,9629,6908
1220324448,1200,126,4,2,7,2000.0,5,Ελληνικό (Αθήνα - Νότια Προάστια),Αθήνα - Νότια Προάστια (Αττική),37.895885,23.752956,1,1,0,2.0,9.52,26.0,891,7812,8923,6480
1218491647,1550,118,3,1,7,2005.0,6,Ελληνικό (Αθήνα - Νότια Προάστια),Αθήνα - Νότια Προάστια (Αττική),37.893742,23.753899,1,1,1,1.0,13.14,21.0,904,8064,9166,6727
1219591039,1500,107,3,1,7,2025.0,3,Ελληνικό (Αθήνα - Νότια Προάστια),Αθήνα - Νότια Προάστια (Αττική),37.898357,23.749352,0,0,0,2.0,14.02,1.0,810,7436,8636,6082
1215971004,1200,98,2,1,4,1975.0,9,Ελληνικό (Αθήνα - Νότια Προάστια),Αθήνα - Νότια Προάστια (Αττική),37.896183,23.748718,0,0,1,Άγνωστο,12.24,51.0,594,7639,8876,6264
1219641828,1700,173,3,2,7,1998.0,5,Ελληνικό (Αθήνα - Νότια Προάστια),Αθήνα - Νότια Προάστια (Αττική),37.894539,23.75675,1,0,0,1.0,9.83,28.0,1165,8087,9097,6785
1220349728,1380,108,3,1,7,2012.0,4,Ελληνικό (Αθήνα - Νότια Προάστια),Αθήνα - Νότια Προάστια (Αττική),37.904758,23.742538,1,0,0,1.0,12.78,14.0,1356,6556,7932,5167
1219990947,1100,141,3,2,7,1985.0,9,Ελληνικό (Αθήνα - Νότια Προάστια),Αθήνα - Νότια Προάστια (Αττική),37.892662,23.758331,1,1,0,1.0,7.8,41.0,1284,8335,9319,7036
1219679913,1600,173,3,2,7,1998.0,5,Ελληνικό (Αθήνα - Νότια Προάστια),Αθήνα - Νότια Προάστια (Αττική),37.893944,23.757835,1,0,0,1.0,9.25,28.0,1249,8188,9173,6893
1217079271,1760,88,2,2,6,2022.0,1,Ελληνικό (Αθήνα - Νότια Προάστια),Αθήνα - Νότια Προάστια (Αττική),37.889126,23.745499,1,0,1,Άγνωστο,20.0,4.0,417,8286,9661,6843
1218191916,1600,120,3,1,10,2001.0,4,Ελληνικό (Αθήνα - Νότια Προάστια),Αθήνα - Νότια Προάστια (Αττική),37.907402,23.744574,1,0,0,1.0,13.33,25.0,1223,6346,7631,5004
1220488474,1350,80,1,2,6,2000.0,6,Ελληνικό (Αθήνα - Νότια Προάστια),Αθήνα - Νότια Προάστια (Αττική),37.893158,23.752062,1,1,1,1.0,16.88,26.0,736,8061,9222,6701
1219375088,1400,90,3,1,7,2009.0,2,Ελληνικό (Αθήνα - Νότια Προάστια),Αθήνα - Νότια Προάστια (Αττική),37.890942,23.746046,0,0,0,1.0,15.56,17.0,276,8109,9458,6679
1219958800,950,96,2,1,7,1976.0,6,Ελληνικό (Αθήνα - Νότια Προάστια),Αθήνα - Νότια Προάστια (Αττική),37.888649,23.751482,1,0,0,6.0,9.9,50.0,812,8508,9721,7117
1220295233,980,80,2,1,8,2004.0,2,Ελληνικό (Αθήνα - Νότια Προάστια),Αθήνα - Νότια Προάστια (Αττική),37.891045,23.751534,1,0,0,1.0,12.25,22.0,709,8262,9455,6884
1220054422,850,70,1,1,8,2000.0,5,Ελληνικό (Αθήνα - Νότια Προάστια),Αθήνα - Νότια Προάστια (Αττική),37.881123,23.730959,1,0,1,1.0,12.14,26.0,1697,8877,9617,7286
1220423489,1200,120,3,1,6,1990.0,5,Κηφισιά (Αθήνα - Βόρεια Προάστια),Αθήνα - Βόρεια Προάστια (Αττική),38.065849,23.831671,0,1,0,1.0,10.0,36.0,1915,10747,5392,1955
1217644466,1900,180,3,3,3,1980.0,5,Κηφισιά (Αθήνα - Βόρεια Προάστια),Αθήνα - Βόρεια Προάστια (Αττική),38.076172,23.832861,0,1,0,1.0,10.56,46.0,2182,11847,6322,2729
1220519321,4000,245,4,2,3,2011.0,3,Κηφισιά (Αθήνα - Βόρεια Προάστια),Αθήνα - Βόρεια Προάστια (Αττική),38.069092,23.804831,0,1,0,2.0,16.33,15.0,548,10399,4426,1335
125246673,2200,132,2,1,8,1980.0,4,Κηφισιά (Αθήνα - Βόρεια Προάστια),Αθήνα - Βόρεια Προάστια (Αττική),38.072014,23.816036,1,1,1,1.0,16.67,46.0,701,10937,5122,1576
1219421282,1100,146,3,2,6,2004.0,7,Κηφισιά (Αθήνα - Βόρεια Προάστια),Αθήνα - Βόρεια Προάστια (Αττική),38.075733,23.804026,0,0,0,1.0,7.53,22.0,455,11030,5110,2046
1220338762,2500,300,3,3,3,1983.0,5,Κηφισιά (Αθήνα - Βόρεια Προάστια),Αθήνα - Βόρεια Προάστια (Αττική),38.083309,23.819908,0,1,0,2.0,8.33,43.0,1513,12238,6395,2877
1219992400,1950,130,2,2,3,2006.0,2,Κηφισιά (Αθήνα - Βόρεια Προάστια),Αθήνα - Βόρεια Προάστια (Αττική),38.093102,23.78931,0,1,0,13.0,15.0,20.0,2753,12078,6851,4330
1220212673,2000,160,3,2,7,2001.0,5,Κηφισιά (Αθήνα - Βόρεια Προάστια),Αθήνα - Βόρεια Προάστια (Αττική),38.079735,23.812481,1,1,0,1.0,12.5,25.0,808,11694,5769,2385
1220212353,2000,160,3,2,7,2001.0,5,Κηφισιά (Αθήνα - Βόρεια Προάστια),Αθήνα - Βόρεια Προάστια (Αττική),38.07901,23.809942,1,0,0,1.0,12.5,25.0,653,11568,5615,2307
1220368827,3500,205,4,2,3,1995.0,3,Κηφισιά (Αθήνα - Βόρεια Προάστια),Αθήνα - Βόρεια Προάστια (Αττική),38.07696317948718,23.813961294871795,1,0,1,1.0,17.07,31.0,648,11424,5536,2086
1215416241,3500,180,3,2,7,2008.0,3,Κηφισιά (Αθήνα - Βόρεια Προάστια),Αθήνα - Βόρεια Προάστια (Αττική),38.070934,23.813852,1,1,0,2.0,19.44,18.0,560,10772,4927,1420
1220007708,2610,135,3,2,7,1984.0,6,Κηφισιά (Αθήνα - Βόρεια Προάστια),Αθήνα - Βόρεια Προάστια (Αττική),38.07312,23.823427,1,0,1,2.0,19.33,42.0,1333,11244,5562,1951
1220000732,1030,62,2,1,7,1978.0,8,Κηφισιά (Αθήνα - Βόρεια Προάστια),Αθήνα - Βόρεια Προάστια (Αττική),38.07085,23.804785,1,0,1,2.0,16.61,48.0,404,10590,4610,1514
1220521582,1790,110,2,2,6,1990.0,8,Κηφισιά (Αθήνα - Βόρεια Προάστια),Αθήνα - Βόρεια Προάστια (Αττική),38.085037,23.815947,1,1,1,2.0,16.27,36.0,1471,12337,6430,2998
1220089855,1770,100,3,1,6,1980.0,6,Κηφισιά (Αθήνα - Βόρεια Προάστια),Αθήνα - Βόρεια Προάστια (Αττική),38.083439,23.816946,1,1,1,2.0,17.7,46.0,1363,12186,6300,2836
1219850062,1350,100,2,1,3,1990.0,9,Κηφισιά (Αθήνα - Βόρεια Προάστια),Αθήνα - Βόρεια Προάστια (Αττική),38.068878,23.814064,0,1,1,2.0,13.5,36.0,485,10556,4733,1197
1220269683,1190,70,1,1,3,1981.0,8,Κηφισιά (Αθήνα - Βόρεια Προάστια),Αθήνα - Βόρεια Προάστια (Αττική),38.070301,23.813715,1,1,1,2.0,17.0,45.0,579,10701,4859,1348
1219935375,1850,100,2,1,8,1981.0,8,Κηφισιά (Αθήνα - Βόρεια Προάστια),Αθήνα - Βόρεια Προάστια (Αττική),38.070389,23.813734,1,0,1,2.0,18.5,45.0,583,10711,4868,1358
1219851499,2500,160,2,2,3,1970.0,3,Κηφισιά (Αθήνα - Βόρεια Προάστια),Αθήνα - Βόρεια Προάστια (Αττική),38.090862,23.798973,0,1,1,13.0,15.62,56.0,2113,12232,6668,3783
1220283136,4000,220,4,2,3,1990.0,10,Κηφισιά (Αθήνα - Βόρεια Προάστια),Αθήνα - Βόρεια Προάστια (Αττική),38.075638,23.824314,0,0,0,Άγνωστο,18.18,36.0,1434,11534,5838,2231
1219964902,2150,267,4,2,3,1994.0,5,Κηφισιά (Αθήνα - Βόρεια Προάστια),Αθήνα - Βόρεια Προάστια (Αττική),38.064919,23.832657,0,0,0,13.0,8.05,32.0,2005,10687,5382,1993
1219820357,4000,150,3,2,6,2026.0,1,Κηφισιά (Αθήνα - Βόρεια Προάστια),Αθήνα - Βόρεια Προάστια (Αττική),38.07696317948718,23.813961294871795,1,0,0,13.0,26.67,0.0,648,11424,5536,2086
1220082010,2500,191,4,2,8,1975.0,5,Κηφισιά (Αθήνα - Βόρεια Προάστια),Αθήνα - Βόρεια Προάστια (Αττική),38.074871,23.821791,1,1,0,13.0,13.09,51.0,1202,11385,5649,2051
1220176798,1900,180,5,3,3,1985.0,5,Κηφισιά (Αθήνα - Βόρεια Προάστια),Αθήνα - Βόρεια Προάστια (Αττική),38.088417,23.792925,0,1,0,1.0,10.56,41.0,2148,11745,6342,3723
1220278351,1450,110,2,1,4,1975.0,7,Κηφισιά (Αθήνα - Βόρεια Προάστια),Αθήνα - Βόρεια Προάστια (Αττική),38.070309,23.816267,0,1,0,1.0,13.18,51.0,735,10760,4966,1399
1220529820,2300,125,2,1,0,1990.0,5,Κηφισιά (Αθήνα - Βόρεια Προάστια),Αθήνα - Βόρεια Προάστια (Αττική),38.071991,23.816191,0,1,0,1.0,18.4,36.0,714,10939,5126,1577
1220259857,1900,170,3,3,3,1982.0,8,Κηφισιά (Αθήνα - Βόρεια Προάστια),Αθήνα - Βόρεια Προάστια (Αττική),38.076,23.832546,0,1,0,1.0,11.18,44.0,2152,11819,6290,2696
1219242301,2000,180,3,2,3,2010.0,4,Κηφισιά (Αθήνα - Βόρεια Προάστια),Αθήνα - Βόρεια Προάστια (Αττική),38.083382,23.799669,1,0,0,2.0,11.11,16.0,1347,11539,5856,2975
1219365536,3500,216,3,2,7,1984.0,6,Κηφισιά (Αθήνα - Βόρεια Προάστια),Αθήνα - Βόρεια Προάστια (Αττική),38.07637,23.823179,1,0,0,2.0,16.2,42.0,1355,11581,5854,2254
124155427,2500,170,4,2,7,2011.0,5,Κηφισιά (Αθήνα - Βόρεια Προάστια),Αθήνα - Βόρεια Προάστια (Αττική),38.07696317948718,23.813961294871795,1,0,0,1.0,14.71,15.0,648,11424,5536,2086
1218193539,3000,300,5,3,3,1990.0,5,Κηφισιά (Αθήνα - Βόρεια Προάστια),Αθήνα - Βόρεια Προάστια (Αττική),38.083,23.831202,0,1,0,2.0,10.0,36.0,2284,12505,6853,3243
1220343439,1200,106,2,1,6,2007.0,4,Κηφισιά (Αθήνα - Βόρεια Προάστια),Αθήνα - Βόρεια Προάστια (Αττική),38.080933,23.798941,1,1,1,2.0,11.32,19.0,1174,11273,5577,2746
1220081928,800,75,2,1,6,1975.0,5,Κηφισιά (Αθήνα - Βόρεια Προάστια),Αθήνα - Βόρεια Προάστια (Αττική),38.071144,23.804529,1,1,0,Άγνωστο,10.67,51.0,401,10618,4634,1553
1219925782,2100,160,2,2,3,2010.0,3,Κηφισιά (Αθήνα - Βόρεια Προάστια),Αθήνα - Βόρεια Προάστια (Αττική),38.089752,23.794598,0,0,0,13.0,13.12,16.0,2183,11944,6502,3797
1220418956,3000,184,3,2,7,2001.0,6,Κηφισιά (Αθήνα - Βόρεια Προάστια),Αθήνα - Βόρεια Προάστια (Αττική),38.076374,23.809927,1,1,0,Άγνωστο,16.3,25.0,374,11281,5340,2014
121452431,4000,245,4,2,3,2011.0,4,Κηφισιά (Αθήνα - Βόρεια Προάστια),Αθήνα - Βόρεια Προάστια (Αττική),38.07696317948718,23.813961294871795,0,0,0,2.0,16.33,15.0,648,11424,5536,2086
1219766779,3800,248,2,3,3,2008.0,4,Κηφισιά (Αθήνα - Βόρεια Προάστια),Αθήνα - Βόρεια Προάστια (Αττική),38.071526,23.82799,0,0,0,Άγνωστο,15.32,18.0,1703,11211,5652,2061
1219822944,1500,170,3,2,3,1981.0,6,Κηφισιά (Αθήνα - Βόρεια Προάστια),Αθήνα - Βόρεια Προάστια (Αττική),38.066639,23.81731,0,1,0,1.0,8.82,45.0,660,10394,4665,1058
1220461084,1800,160,3,1,6,1980.0,5,Κηφισιά (Αθήνα - Βόρεια Προάστια),Αθήνα - Βόρεια Προάστια (Αττική),38.07885,23.815994,0,0,0,2.0,11.25,46.0,920,11671,5800,2319
1219464261,2500,135,3,2,7,1985.0,5,Κηφισιά (Αθήνα - Βόρεια Προάστια),Αθήνα - Βόρεια Προάστια (Αττική),38.07696317948718,23.813961294871795,1,1,0,2.0,18.52,41.0,648,11424,5536,2086
1219551984,3800,260,5,3,3,1980.0,6,Κηφισιά (Αθήνα - Βόρεια Προάστια),Αθήνα - Βόρεια Προάστια (Αττική),38.082657,23.832714,0,1,0,2.0,14.62,46.0,2385,12515,6895,3284
1218093342,2200,132,2,1,8,1980.0,4,Κηφισιά (Αθήνα - Βόρεια Προάστια),Αθήνα - Βόρεια Προάστια (Αττική),38.071899,23.813547,1,1,1,1.0,16.67,46.0,493,10869,5011,1523
1212942805,3900,250,2,3,3,2008.0,3,Κηφισιά (Αθήνα - Βόρεια Προάστια),Αθήνα - Βόρεια Προάστια (Αττική),38.07209,23.82884,0,1,0,1.0,15.6,18.0,1795,11296,5747,2158
1218259130,3500,231,4,3,3,1993.0,5,Κηφισιά (Αθήνα - Βόρεια Προάστια),Αθήνα - Βόρεια Προάστια (Αττική),38.082985,23.806406,0,1,0,2.0,15.15,33.0,1088,11815,5943,2781
1220508166,3000,184,3,2,7,2001.0,6,Κηφισιά (Αθήνα - Βόρεια Προάστια),Αθήνα - Βόρεια Προάστια (Αττική),38.078316,23.809669,0,1,0,1.0,16.3,25.0,572,11487,5535,2231
1220461431,3500,172,3,2,6,2018.0,5,Κηφισιά (Αθήνα - Βόρεια Προάστια),Αθήνα - Βόρεια Προάστια (Αττική),38.07696317948718,23.813961294871795,0,0,0,1.0,20.35,8.0,648,11424,5536,2086
1219934818,2200,150,2,1,10,1970.0,9,Κηφισιά (Αθήνα - Βόρεια Προάστια),Αθήνα - Βόρεια Προάστια (Αττική),38.073372,23.80291,1,0,0,Άγνωστο,14.67,56.0,463,10759,4831,1837
1219917254,1750,130,3,2,7,1995.0,9,Κηφισιά (Αθήνα - Βόρεια Προάστια),Αθήνα - Βόρεια Προάστια (Αττική),38.07696317948718,23.813961294871795,1,1,0,1.0,13.46,31.0,648,11424,5536,2086
1220341837,3000,184,3,2,7,2001.0,6,Κηφισιά (Αθήνα - Βόρεια Προάστια),Αθήνα - Βόρεια Προάστια (Αττική),38.07696317948718,23.813961294871795,0,1,0,Άγνωστο,16.3,25.0,648,11424,5536,2086
1219918738,800,60,0,0,2,1967.0,6,Κηφισιά (Αθήνα - Βόρεια Προάστια),Αθήνα - Βόρεια Προάστια (Αττική),38.069592,23.823484,0,0,0,Άγνωστο,13.33,59.0,1259,10874,5243,1636
1220355228,1900,255,4,2,3,1990.0,6,Κηφισιά (Αθήνα - Βόρεια Προάστια),Αθήνα - Βόρεια Προάστια (Αττική),38.073769,23.80147,0,0,0,1.0,7.45,36.0,591,10723,4842,1931
1214600414,1900,130,3,1,9,1990.0,5,Κηφισιά (Αθήνα - Βόρεια Προάστια),Αθήνα - Βόρεια Προάστια (Αττική),38.071392,23.82151,1,1,1,2.0,14.62,36.0,1182,11009,5309,1699
1219871659,2750,147,2,2,3,2011.0,4,Κηφισιά (Αθήνα - Βόρεια Προάστια),Αθήνα - Βόρεια Προάστια (Αττική),38.08234,23.833187,1,0,0,1.0,18.71,15.0,2407,12496,6890,3279
1220100532,2300,200,3,2,3,1990.0,7,Κηφισιά (Αθήνα - Βόρεια Προάστια),Αθήνα - Βόρεια Προάστια (Αττική),38.086765,23.833818,0,1,0,1.0,11.5,36.0,2696,12977,7329,3720
1220295791,1350,124,2,1,7,1991.0,8,Κηφισιά (Αθήνα - Βόρεια Προάστια),Αθήνα - Βόρεια Προάστια (Αττική),38.07696317948718,23.813961294871795,1,0,0,2.0,10.89,35.0,648,11424,5536,2086
1219953359,1300,120,3,1,7,1980.0,3,Κηφισιά (Αθήνα - Βόρεια Προάστια),Αθήνα - Βόρεια Προάστια (Αττική),38.07696317948718,23.813961294871795,1,0,0,2.0,10.83,46.0,648,11424,5536,2086
1220155163,2500,175,4,3,3,2005.0,5,Κηφισιά (Αθήνα - Βόρεια Προάστια),Αθήνα - Βόρεια Προάστια (Αττική),38.06852,23.82617,0,0,0,1.0,14.29,21.0,1458,10842,5291,1715
1220003049,1600,150,2,1,7,1990.0,6,Κηφισιά (Αθήνα - Βόρεια Προάστια),Αθήνα - Βόρεια Προάστια (Αττική),38.077164,23.818829,0,1,0,1.0,10.67,36.0,1025,11555,5742,2194
1220003527,2850,145,2,2,7,1985.0,5,Κηφισιά (Αθήνα - Βόρεια Προάστια),Αθήνα - Βόρεια Προάστια (Αττική),38.074932,23.824539,1,1,1,2.0,19.66,41.0,1442,11466,5783,2173
1220211991,4000,245,4,3,3,2007.0,5,Κηφισιά (Αθήνα - Βόρεια Προάστια),Αθήνα - Βόρεια Προάστια (Αττική),38.070343,23.806236,0,0,0,2.0,16.33,19.0,371,10559,4599,1416
1220406081,3500,170,3,3,6,2018.0,2,Κηφισιά (Αθήνα - Βόρεια Προάστια),Αθήνα - Βόρεια Προάστια (Αττική),38.076427,23.831856,1,0,0,1.0,20.59,8.0,2100,11841,6290,2690
1220384535,3500,204,5,2,3,1995.0,4,Κηφισιά (Αθήνα - Βόρεια Προάστια),Αθήνα - Βόρεια Προάστια (Αττική),38.077003,23.830172,1,0,1,1.0,17.16,31.0,1967,11848,6253,2645
1220538222,2200,200,3,2,3,1990.0,5,Κηφισιά (Αθήνα - Βόρεια Προάστια),Αθήνα - Βόρεια Προάστια (Αττική),38.083054,23.802166,0,0,0,2.0,11.0,36.0,1206,11621,5862,2871
1219804092,1600,138,2,1,7,2008.0,5,Κηφισιά (Αθήνα - Βόρεια Προάστια),Αθήνα - Βόρεια Προάστια (Αττική),38.078529,23.81304,1,0,0,2.0,11.59,18.0,719,11574,5664,2253
1218614370,1900,186,3,2,8,1990.0,7,Κηφισιά (Αθήνα - Βόρεια Προάστια),Αθήνα - Βόρεια Προάστια (Αττική),38.08408,23.818951,1,1,0,2.0,10.22,36.0,1524,12299,6437,2940
1219917820,820,70,1,1,3,2000.0,5,Κηφισιά (Αθήνα - Βόρεια Προάστια),Αθήνα - Βόρεια Προάστια (Αττική),38.07696317948718,23.813961294871795,0,1,1,1.0,11.71,26.0,648,11424,5536,2086
1220490187,1800,180,3,2,3,2008.0,4,Κηφισιά (Αθήνα - Βόρεια Προάστια),Αθήνα - Βόρεια Προάστια (Αττική),38.083611,23.797779,1,1,0,1.0,10.0,18.0,1465,11477,5855,3060
1219892705,1370,95,2,2,7,2008.0,5,Χαλάνδρι (Αθήνα - Βόρεια Προάστια),Αθήνα - Βόρεια Προάστια (Αττική),38.020218,23.793041,1,0,1,1.0,14.42,18.0,1568,4867,1324,4533
1220533836,1100,92,2,1,9,2000.0,6,Χαλάνδρι (Αθήνα - Βόρεια Προάστια),Αθήνα - Βόρεια Προάστια (Αττική),38.015759,23.806343,1,0,0,1.0,11.96,26.0,574,4758,2364,4752
1220519211,1500,106,3,1,9,2005.0,6,Χαλάνδρι (Αθήνα - Βόρεια Προάστια),Αθήνα - Βόρεια Προάστια (Αττική),38.023621,23.819666,1,0,1,1.0,14.15,21.0,246,6089,2892,3922
1220464641,1140,55,1,1,8,2008.0,5,Χαλάνδρι (Αθήνα - Βόρεια Προάστια),Αθήνα - Βόρεια Προάστια (Αττική),38.020485,23.803648,1,0,1,2.0,20.73,18.0,860,5148,1825,4261
1220468550,940,50,1,1,6,1970.0,6,Χαλάνδρι (Αθήνα - Βόρεια Προάστια),Αθήνα - Βόρεια Προάστια (Αττική),38.027676,23.801495,1,1,1,2.0,18.8,56.0,1509,5847,1240,3516
1220479382,1210,70,2,1,6,2007.0,4,Χαλάνδρι (Αθήνα - Βόρεια Προάστια),Αθήνα - Βόρεια Προάστια (Αττική),38.014183,23.792219,1,0,1,2.0,17.29,19.0,1053,4194,1957,5188
1220006939,1200,90,3,1,7,1970.0,4,Χαλάνδρι (Αθήνα - Βόρεια Προάστια),Αθήνα - Βόρεια Προάστια (Αττική),38.026535,23.796516,0,1,0,1.0,13.33,56.0,1743,5616,914,3768
1220536105,1530,115,3,2,7,2011.0,5,Χαλάνδρι (Αθήνα - Βόρεια Προάστια),Αθήνα - Βόρεια Προάστια (Αττική),38.015125,23.794312,1,1,1,1.0,13.3,15.0,1128,4336,1898,5031
1220532231,950,85,2,1,6,1978.0,5,Χαλάνδρι (Αθήνα - Βόρεια Προάστια),Αθήνα - Βόρεια Προάστια (Αττική),38.007549,23.789822,0,0,0,2.0,11.18,48.0,512,3430,2447,4996
1220195384,1200,100,2,1,3,2019.0,5,Χαλάνδρι (Αθήνα - Βόρεια Προάστια),Αθήνα - Βόρεια Προάστια (Αττική),38.013699,23.794411,0,0,1,2.0,12.0,7.0,979,4184,2053,5180
1220541966,750,60,1,1,3,1980.0,6,Χαλάνδρι (Αθήνα - Βόρεια Προάστια),Αθήνα - Βόρεια Προάστια (Αττική),38.021622,23.798967,0,0,0,Άγνωστο,12.5,46.0,1287,5139,1448,4224
1220541890,680,98,2,1,3,1975.0,6,Χαλάνδρι (Αθήνα - Βόρεια Προάστια),Αθήνα - Βόρεια Προάστια (Αττική),38.021599,23.808523,0,0,0,2.0,6.94,51.0,597,5427,2093,4089
1220541395,1620,85,2,1,9,1978.0,4,Χαλάνδρι (Αθήνα - Βόρεια Προάστια),Αθήνα - Βόρεια Προάστια (Αττική),38.029106,23.794462,1,1,1,2.0,19.06,48.0,1785,5861,610,3573
1219414846,2800,150,3,3,7,1993.5,1,Χαλάνδρι (Αθήνα - Βόρεια Προάστια),Αθήνα - Βόρεια Προάστια (Αττική),38.021927,23.808338,1,1,0,Άγνωστο,18.67,32.5,636,5454,2060,4054
1219569291,2400,194,3,3,3,2004.0,3,Χαλάνδρι (Αθήνα - Βόρεια Προάστια),Αθήνα - Βόρεια Προάστια (Αττική),38.026283,23.839077,0,0,0,2.0,12.37,22.0,607,7355,4494,4302
1220488087,1350,70,2,1,8,2026.0,1,Χαλάνδρι (Αθήνα - Βόρεια Προάστια),Αθήνα - Βόρεια Προάστια (Αττική),38.026367,23.79352,1,0,0,2.0,19.29,0.0,1952,5547,737,3884
1220478876,600,39,1,1,6,2007.0,6,Χαλάνδρι (Αθήνα - Βόρεια Προάστια),Αθήνα - Βόρεια Προάστια (Αττική),38.009632,23.794861,1,0,1,1.0,15.38,19.0,527,3758,2501,5491
1220533724,2260,190,4,3,2,2003.0,5,Χαλάνδρι (Αθήνα - Βόρεια Προάστια),Αθήνα - Βόρεια Προάστια (Αττική),38.03326,23.845339,0,1,1,1.0,11.89,23.0,1514,8300,5008,4066
1220315646,2330,160,3,2,6,2005.0,5,Χαλάνδρι (Αθήνα - Βόρεια Προάστια),Αθήνα - Βόρεια Προάστια (Αττική),38.024662,23.792065,1,0,1,1.0,14.56,21.0,1976,5340,832,4109
1219732942,1650,110,3,1,7,2010.0,6,Χαλάνδρι (Αθήνα - Βόρεια Προάστια),Αθήνα - Βόρεια Προάστια (Αττική),38.020947,23.812592,1,1,1,2.0,15.0,16.0,406,5521,2438,4155
1220290516,1210,90,2,1,9,2005.0,5,Χαλάνδρι (Αθήνα - Βόρεια Προάστια),Αθήνα - Βόρεια Προάστια (Αττική),38.031528,23.811237,1,0,1,2.0,13.44,21.0,1386,6535,2018,2977
1220366696,1180,61,1,1,6,2020.0,4,Χαλάνδρι (Αθήνα - Βόρεια Προάστια),Αθήνα - Βόρεια Προάστια (Αττική),38.019451,23.801239,1,0,1,Άγνωστο,19.34,6.0,1024,4968,1761,4412
1215568281,2500,300,4,3,3,1985.0,5,Χαλάνδρι (Αθήνα - Βόρεια Προάστια),Αθήνα - Βόρεια Προάστια (Αττική),38.01836,23.787933,1,1,0,1.0,8.33,41.0,1607,4599,1461,4897
1220316616,1500,75,2,1,9,1983.0,7,Χαλάνδρι (Αθήνα - Βόρεια Προάστια),Αθήνα - Βόρεια Προάστια (Αττική),38.015549,23.800125,1,0,1,1.0,20.0,43.0,767,4526,2058,4857
1220358804,1450,70,2,1,8,2026.0,1,Χαλάνδρι (Αθήνα - Βόρεια Προάστια),Αθήνα - Βόρεια Προάστια (Αττική),38.026085,23.796015,1,0,0,2.0,20.71,0.0,1751,5558,912,3830
1219319065,2800,238,4,2,3,1990.0,5,Χαλάνδρι (Αθήνα - Βόρεια Προάστια),Αθήνα - Βόρεια Προάστια (Αττική),38.028831,23.794607,0,0,0,2.0,11.76,36.0,1818,5834,635,3595
1220293956,1150,90,3,1,6,1976.0,9,Χαλάνδρι (Αθήνα - Βόρεια Προάστια),Αθήνα - Βόρεια Προάστια (Αττική),38.0271,23.790813,1,1,1,1.0,12.78,50.0,1979,5593,540,3914
1219449030,1300,130,3,1,8,1980.0,5,Χαλάνδρι (Αθήνα - Βόρεια Προάστια),Αθήνα - Βόρεια Προάστια (Αττική),38.026726,23.79887,1,1,0,2.0,10.0,46.0,1595,5684,1075,3681
1215163601,1500,120,2,1,10,1999.0,3,Χαλάνδρι (Αθήνα - Βόρεια Προάστια),Αθήνα - Βόρεια Προάστια (Αττική),38.025009,23.814859,1,1,1,2.0,12.5,27.0,644,6013,2444,3713
1219651392,1570,115,3,2,7,2014.0,5,Χαλάνδρι (Αθήνα - Βόρεια Προάστια),Αθήνα - Βόρεια Προάστια (Αττική),38.030766,23.796171,1,0,1,2.0,13.65,12.0,1641,6070,703,3343
1220422442,1900,230,4,2,6,1996.0,6,Χαλάνδρι (Αθήνα - Βόρεια Προάστια),Αθήνα - Βόρεια Προάστια (Αττική),38.024693,23.791248,0,0,0,1.0,8.26,30.0,2043,5333,803,4136
1218972440,900,84,2,1,8,1975.0,7,Χαλάνδρι (Αθήνα - Βόρεια Προάστια),Αθήνα - Βόρεια Προάστια (Αττική),38.019741,23.797674,1,0,0,1.0,10.71,51.0,1273,4907,1549,4455
1220367849,1800,164,3,1,4,1978.0,7,Χαλάνδρι (Αθήνα - Βόρεια Προάστια),Αθήνα - Βόρεια Προάστια (Αττική),38.009926,23.791636,1,1,0,2.0,10.98,48.0,616,3720,2418,5278
1220348656,1730,65,2,1,6,2022.0,3,Χαλάνδρι (Αθήνα - Βόρεια Προάστια),Αθήνα - Βόρεια Προάστια (Αττική),38.007366,23.789309,1,0,1,2.0,26.62,4.0,539,3402,2406,4948
1220312466,850,90,1,1,6,2006.0,4,Χαλάνδρι (Αθήνα - Βόρεια Προάστια),Αθήνα - Βόρεια Προάστια (Αττική),38.025291,23.81263,0,1,1,2.0,9.44,20.0,825,5952,2248,3672
1214021943,1477,105,3,1,3,2005.0,5,Χαλάνδρι (Αθήνα - Βόρεια Προάστια),Αθήνα - Βόρεια Προάστια (Αττική),38.024734,23.840851,0,1,1,2.0,14.07,21.0,704,7336,4673,4532
1219990172,1000,80,2,1,7,1985.0,5,Χαλάνδρι (Αθήνα - Βόρεια Προάστια),Αθήνα - Βόρεια Προάστια (Αττική),38.018082,23.797245,0,1,1,1.0,12.5,41.0,1145,4719,1689,4643
1220503718,700,70,2,1,7,1974.0,7,Χαλάνδρι (Αθήνα - Βόρεια Προάστια),Αθήνα - Βόρεια Προάστια (Αττική),38.018253,23.800016,1,0,0,1.0,10.0,52.0,1026,4808,1800,4565
1220426156,1480,105,3,1,6,2017.0,5,Χαλάνδρι (Αθήνα - Βόρεια Προάστια),Αθήνα - Βόρεια Προάστια (Αττική),38.013828,23.803812,1,0,1,2.0,14.1,9.0,440,4470,2394,4991
1220060736,1750,110,3,1,3,1996.0,5,Χαλάνδρι (Αθήνα - Βόρεια Προάστια),Αθήνα - Βόρεια Προάστια (Αττική),38.032082,23.841002,1,1,0,1.0,15.91,30.0,1163,7953,4625,3895
1219333642,900,84,2,1,8,1975.0,7,Χαλάνδρι (Αθήνα - Βόρεια Προάστια),Αθήνα - Βόρεια Προάστια (Αττική),38.021267,23.799263,0,0,0,1.0,10.71,51.0,1249,5108,1495,4255
1220392689,1340,100,2,1,8,1980.0,6,Χαλάνδρι (Αθήνα - Βόρεια Προάστια),Αθήνα - Βόρεια Προάστια (Αττική),38.026711,23.797859,1,1,1,2.0,13.4,46.0,1662,5661,1000,3710
1219327037,900,84,2,1,8,1975.0,7,Χαλάνδρι (Αθήνα - Βόρεια Προάστια),Αθήνα - Βόρεια Προάστια (Αττική),38.02121,23.799011,1,0,0,1.0,10.71,51.0,1267,5096,1485,4267
1219650817,1500,64,1,1,9,2023.0,1,Χαλάνδρι (Αθήνα - Βόρεια Προάστια),Αθήνα - Βόρεια Προάστια (Αττική),38.010849,23.79265,1,0,1,2.0,23.44,3.0,683,3840,2329,5399
1220402616,2900,170,4,2,3,2002.0,6,Χαλάνδρι (Αθήνα - Βόρεια Προάστια),Αθήνα - Βόρεια Προάστια (Αττική),38.012421,23.784513,0,1,0,2.0,17.06,24.0,1217,3919,2146,4824
1220031913,2900,170,4,2,3,2002.0,6,Χαλάνδρι (Αθήνα - Βόρεια Προάστια),Αθήνα - Βόρεια Προάστια (Αττική),38.014988,23.787836,0,1,0,2.0,17.06,24.0,1269,4225,1836,5215
1219871950,1100,102,2,0,10,1985.0,5,Χαλάνδρι (Αθήνα - Βόρεια Προάστια),Αθήνα - Βόρεια Προάστια (Αττική),38.028355,23.800213,1,0,0,1.0,10.78,41.0,1640,5889,1109,3473
1220482156,1000,86,2,1,9,2009.0,2,Χαλάνδρι (Αθήνα - Βόρεια Προάστια),Αθήνα - Βόρεια Προάστια (Αττική),38.021889,23.795572,0,0,0,1.0,11.63,17.0,1573,5094,1249,4282
1219569558,1720,121,3,1,8,1983.0,9,Χαλάνδρι (Αθήνα - Βόρεια Προάστια),Αθήνα - Βόρεια Προάστια (Αττική),38.022762,23.80209,1,0,1,Άγνωστο,14.21,43.0,1103,5341,1557,4037
1219869408,1250,130,3,2,9,1980.0,7,Χαλάνδρι (Αθήνα - Βόρεια Προάστια),Αθήνα - Βόρεια Προάστια (Αττική),38.010078,23.786581,1,1,0,2.0,9.62,46.0,908,3671,2386,4876
1219649118,2400,194,3,3,3,2004.0,4,Χαλάνδρι (Αθήνα - Βόρεια Προάστια),Αθήνα - Βόρεια Προάστια (Αττική),38.026333,23.839314,0,0,0,2.0,12.37,22.0,628,7373,4514,4309
1219468718,2400,194,3,3,3,2004.0,3,Χαλάνδρι (Αθήνα - Βόρεια Προάστια),Αθήνα - Βόρεια Προάστια (Αττική),38.025997,23.836971,0,1,0,2.0,12.37,22.0,432,7209,4315,4228
1217819561,1800,101,2,1,7,1984.0,5,Χαλάνδρι (Αθήνα - Βόρεια Προάστια),Αθήνα - Βόρεια Προάστια (Αττική),38.031528,23.805674,1,1,1,Άγνωστο,17.82,42.0,1694,6365,1530,3020
1219993327,1800,175,3,2,7,1980.0,6,Χαλάνδρι (Αθήνα - Βόρεια Προάστια),Αθήνα - Βόρεια Προάστια (Αττική),38.030064,23.805391,1,0,1,1.0,10.29,46.0,1553,6203,1514,3185
1219620983,1450,110,3,2,6,1980.0,4,Χαλάνδρι (Αθήνα - Βόρεια Προάστια),Αθήνα - Βόρεια Προάστια (Αττική),38.012962,23.785788,0,1,1,4.0,13.18,46.0,1183,3985,2072,4951
1214979019,950,124,2,1,7,1975.0,9,Χαλάνδρι (Αθήνα - Βόρεια Προάστια),Αθήνα - Βόρεια Προάστια (Αττική),38.019268,23.812174,1,0,0,1.0,7.66,51.0,222,5339,2502,4341
1219891576,1300,120,2,1,6,1998.0,6,Χαλάνδρι (Αθήνα - Βόρεια Προάστια),Αθήνα - Βόρεια Προάστια (Αττική),38.008167,23.79821,1,0,0,1.0,10.83,28.0,482,3699,2739,5650
1219784746,1500,104,2,1,9,1974.0,6,Χαλάνδρι (Αθήνα - Βόρεια Προάστια),Αθήνα - Βόρεια Προάστια (Αττική),38.011993,23.791327,1,1,1,Άγνωστο,14.42,52.0,839,3940,2186,5342
1218857321,1480,104,3,1,8,1980.0,8,Χαλάνδρι (Αθήνα - Βόρεια Προάστια),Αθήνα - Βόρεια Προάστια (Αττική),38.014927,23.797396,1,0,1,2.0,14.23,46.0,890,4386,2011,4979
1215356674,2000,100,2,2,6,1995.0,6,Χαλάνδρι (Αθήνα - Βόρεια Προάστια),Αθήνα - Βόρεια Προάστια (Αττική),38.031212,23.805922,0,1,1,2.0,20.0,31.0,1654,6338,1553,3051
1220311095,2900,170,3,3,3,2002.0,6,Χαλάνδρι (Αθήνα - Βόρεια Προάστια),Αθήνα - Βόρεια Προάστια (Αττική),38.014275,23.786242,0,1,0,2.0,17.06,24.0,1274,4134,1923,5055
1220341328,850,70,2,1,6,1970.0,6,Χαλάνδρι (Αθήνα - Βόρεια Προάστια),Αθήνα - Βόρεια Προάστια (Αττική),38.020744,23.79829,0,1,0,1.0,12.14,56.0,1311,5029,1487,4333
1220339971,1300,110,2,2,6,1997.0,6,Χαλάνδρι (Αθήνα - Βόρεια Προάστια),Αθήνα - Βόρεια Προάστια (Αττική),38.041439,23.84833,1,1,0,2.0,11.82,29.0,2382,9164,5381,3730
1219876974,1300,115,3,2,6,1989.0,6,Χαλάνδρι (Αθήνα - Βόρεια Προάστια),Αθήνα - Βόρεια Προάστια (Αττική),38.023441,23.820934,0,1,0,1.0,11.3,37.0,205,6132,3004,3963
1219776766,750,60,1,1,3,1980.0,5,Χαλάνδρι (Αθήνα - Βόρεια Προάστια),Αθήνα - Βόρεια Προάστια (Αττική),38.007149,23.791792,0,1,1,4.0,12.5,46.0,351,3422,2511,5114
1217644808,2000,240,6,2,3,1990.0,7,Χαλάνδρι (Αθήνα - Βόρεια Προάστια),Αθήνα - Βόρεια Προάστια (Αττική),38.017639,23.78953,1,0,0,1.0,8.33,36.0,1485,4535,1546,4914
1219437372,1500,100,2,1,6,2004.0,6,Χαλάνδρι (Αθήνα - Βόρεια Προάστια),Αθήνα - Βόρεια Προάστια (Αττική),38.019588,23.797903,1,1,1,1.0,15.0,22.0,1247,4896,1574,4466
1220542802,1400,118,3,1,6,2005.0,5,Χαλάνδρι (Αθήνα - Βόρεια Προάστια),Αθήνα - Βόρεια Προάστια (Αττική),38.030853,23.842413,0,0,0,2.0,11.86,21.0,1144,7929,4749,4080
1219537274,900,84,2,1,8,1975.0,7,Χαλάνδρι (Αθήνα - Βόρεια Προάστια),Αθήνα - Βόρεια Προάστια (Αττική),38.020065,23.796389,1,1,1,1.0,10.71,51.0,1366,4913,1460,4453
1217605825,1800,105,1,1,8,1980.0,2,Χαλάνδρι (Αθήνα - Βόρεια Προάστια),Αθήνα - Βόρεια Προάστια (Αττική),38.019474,23.80195,1,1,1,2.0,17.14,46.0,964,4991,1800,4398
1220365655,1600,137,3,2,6,1972.0,6,Χαλάνδρι (Αθήνα - Βόρεια Προάστια),Αθήνα - Βόρεια Προάστια (Αττική),38.016312,23.788757,1,1,0,1.0,11.68,54.0,1368,4380,1690,5076
1220072304,2900,170,4,1,3,2002.0,6,Χαλάνδρι (Αθήνα - Βόρεια Προάστια),Αθήνα - Βόρεια Προάστια (Αττική),38.015697,23.789417,1,1,0,2.0,17.06,24.0,1284,4320,1760,5117
1219962951,1300,114,2,2,6,1976.0,4,Χαλάνδρι (Αθήνα - Βόρεια Προάστια),Αθήνα - Βόρεια Προάστια (Αττική),38.009163,23.788296,1,1,1,Άγνωστο,11.4,50.0,728,3587,2484,4975
1219819801,1250,110,3,1,3,2000.0,1,Χαλάνδρι (Αθήνα - Βόρεια Προάστια),Αθήνα - Βόρεια Προάστια (Αττική),38.016613,23.788952,1,1,1,1.0,11.36,26.0,1393,4416,1657,5038
1215054329,1240,73,2,1,9,1990.0,5,Χαλάνδρι (Αθήνα - Βόρεια Προάστια),Αθήνα - Βόρεια Προάστια (Αττική),38.029797,23.80545,1,1,0,2.0,16.99,36.0,1524,6176,1523,3213
1220168747,900,80,2,1,6,2000.0,4,Χαλάνδρι (Αθήνα - Βόρεια Προάστια),Αθήνα - Βόρεια Προάστια (Αττική),38.017086,23.800554,0,0,0,1.0,11.25,26.0,889,4700,1934,4682
1220145489,1850,93,2,1,8,2000.0,5,Χαλάνδρι (Αθήνα - Βόρεια Προάστια),Αθήνα - Βόρεια Προάστια (Αττική),38.029552,23.807695,1,1,1,4.0,19.89,26.0,1429,6217,1721,3214
1219893053,1500,85,2,1,3,1990.0,6,Χαλάνδρι (Αθήνα - Βόρεια Προάστια),Αθήνα - Βόρεια Προάστια (Αττική),38.011524,23.799294,0,1,1,Άγνωστο,17.65,36.0,566,4081,2425,5310
1213894413,1550,86,2,1,6,1955.0,4,Χαλάνδρι (Αθήνα - Βόρεια Προάστια),Αθήνα - Βόρεια Προάστια (Αττική),38.028351,23.79269,0,1,0,1.0,18.02,71.0,1848,5753,527,3715
1219399201,1200,105,2,1,6,1979.0,7,Χαλάνδρι (Αθήνα - Βόρεια Προάστια),Αθήνα - Βόρεια Προάστια (Αττική),38.013165,23.792826,1,1,0,2.0,11.43,47.0,932,4094,2079,5279
1219469237,1200,90,3,1,7,1980.0,4,Χαλάνδρι (Αθήνα - Βόρεια Προάστια),Αθήνα - Βόρεια Προάστια (Αττική),38.029514,23.803267,0,1,0,1.0,13.33,46.0,1585,6087,1338,3281
1219235015,900,84,1,1,8,1975.0,7,Χαλάνδρι (Αθήνα - Βόρεια Προάστια),Αθήνα - Βόρεια Προάστια (Αττική),38.020031,23.796368,1,1,1,1.0,10.71,51.0,1364,4909,1462,4457
1219060700,900,84,2,1,8,1975.0,7,Χαλάνδρι (Αθήνα - Βόρεια Προάστια),Αθήνα - Βόρεια Προάστια (Αττική),38.020683,23.795565,1,0,1,1.0,10.71,51.0,1464,4963,1365,4409
1220461496,1000,86,2,1,9,2009.0,2,Χαλάνδρι (Αθήνα - Βόρεια Προάστια),Αθήνα - Βόρεια Προάστια (Αττική),38.021049,23.794167,0,0,0,1.0,11.63,17.0,1571,4976,1274,4411
1219562913,1750,155,4,1,9,2006.0,6,Χαλάνδρι (Αθήνα - Βόρεια Προάστια),Αθήνα - Βόρεια Προάστια (Αττική),38.01572,23.788927,1,1,0,1.0,11.29,20.0,1302,4317,1756,5131
1219897148,800,90,2,1,3,1965.0,7,Χαλάνδρι (Αθήνα - Βόρεια Προάστια),Αθήνα - Βόρεια Προάστια (Αττική),38.015327,23.79314,0,1,0,2.0,8.89,61.0,1166,4335,1850,5042
1215509356,1450,60,2,1,6,2023.0,1,Χαλάνδρι (Αθήνα - Βόρεια Προάστια),Αθήνα - Βόρεια Προάστια (Αττική),38.02998,23.79586,1,0,1,2.0,24.17,3.0,1717,5979,692,3434
1220495586,2000,136,4,1,9,1996.0,5,Χαλάνδρι (Αθήνα - Βόρεια Προάστια),Αθήνα - Βόρεια Προάστια (Αττική),38.012497,23.791645,1,0,1,1.0,14.71,30.0,884,4001,2134,5382
1219360954,2800,150,3,2,7,1990.0,1,Χαλάνδρι (Αθήνα - Βόρεια Προάστια),Αθήνα - Βόρεια Προάστια (Αττική),38.022942,23.814531,1,1,0,13.0,18.67,36.0,569,5797,2495,3941
1213830391,1740,162,3,1,7,1990.0,4,Χαλάνδρι (Αθήνα - Βόρεια Προάστια),Αθήνα - Βόρεια Προάστια (Αττική),38.028858,23.815735,1,1,1,1.0,10.74,36.0,921,6428,2430,3295
1218539273,1800,105,1,1,8,1980.0,6,Χαλάνδρι (Αθήνα - Βόρεια Προάστια),Αθήνα - Βόρεια Προάστια (Αττική),38.016361,23.804897,1,1,1,2.0,17.14,46.0,683,4766,2230,4699
1218103455,1600,100,3,1,9,2010.0,1,Χαλάνδρι (Αθήνα - Βόρεια Προάστια),Αθήνα - Βόρεια Προάστια (Αττική),38.027843,23.827265,1,0,1,2.0,16.0,16.0,668,6848,3446,3657
1213927744,1500,135,2,1,7,1973.0,5,Χαλάνδρι (Αθήνα - Βόρεια Προάστια),Αθήνα - Βόρεια Προάστια (Αττική),38.022594,23.806423,1,0,0,1.0,11.11,53.0,800,5456,1878,3995
1220407503,1550,140,3,1,7,1995.0,4,Βριλήσσια (Αθήνα - Βόρεια Προάστια),Αθήνα - Βόρεια Προάστια (Αττική),38.030392,23.836239,1,0,0,1.0,11.07,31.0,789,7544,4209,3785
1220409307,1300,168,3,1,3,2000.0,5,Βριλήσσια (Αθήνα - Βόρεια Προάστια),Αθήνα - Βόρεια Προάστια (Αττική),38.046959,23.84811,0,0,0,1.0,7.74,26.0,2899,9639,5521,3445
1220320119,1400,105,2,2,7,2007.0,6,Βριλήσσια (Αθήνα - Βόρεια Προάστια),Αθήνα - Βόρεια Προάστια (Αττική),38.043823,23.836914,1,1,0,13.0,13.33,19.0,2254,8795,4481,2747
1220465388,1250,130,3,1,8,1995.0,4,Βριλήσσια (Αθήνα - Βόρεια Προάστια),Αθήνα - Βόρεια Προάστια (Αττική),38.035339,23.843672,1,1,0,2.0,9.62,31.0,1593,8381,4877,3802
1219578123,2600,170,3,2,7,1996.0,5,Βριλήσσια (Αθήνα - Βόρεια Προάστια),Αθήνα - Βόρεια Προάστια (Αττική),38.047974,23.848249,0,1,1,2.0,15.29,30.0,3005,9737,5569,3416
1220363072,1400,143,3,1,7,1995.0,5,Βριλήσσια (Αθήνα - Βόρεια Προάστια),Αθήνα - Βόρεια Προάστια (Αττική),38.03933,23.82633,1,0,0,2.0,9.79,31.0,1820,7891,3451,2477
1220398140,2300,133,3,2,9,1991.0,5,Βριλήσσια (Αθήνα - Βόρεια Προάστια),Αθήνα - Βόρεια Προάστια (Αττική),38.042061,23.83375,1,0,1,2.0,17.29,35.0,2032,8482,4158,2656
1220401169,1500,140,3,1,7,2006.0,4,Βριλήσσια (Αθήνα - Βόρεια Προάστια),Αθήνα - Βόρεια Προάστια (Αττική),38.02948,23.835529,1,0,0,1.0,10.71,20.0,672,7426,4151,3834
1220330027,3500,144,3,2,8,2026.0,1,Βριλήσσια (Αθήνα - Βόρεια Προάστια),Αθήνα - Βόρεια Προάστια (Αττική),38.030746,23.833664,1,0,0,2.0,24.31,0.0,775,7437,3983,3627
1217194815,1520,78,2,1,7,2013.0,4,Βριλήσσια (Αθήνα - Βόρεια Προάστια),Αθήνα - Βόρεια Προάστια (Αττική),38.030506,23.828453,1,1,1,1.0,19.49,13.0,841,7151,3527,3429
1219945315,1850,127,3,2,6,1994.0,4,Βριλήσσια (Αθήνα - Βόρεια Προάστια),Αθήνα - Βόρεια Προάστια (Αττική),38.037132,23.843809,1,1,1,2.0,14.57,32.0,1764,8543,4910,3680
1220315950,2800,133,3,2,9,1991.0,5,Βριλήσσια (Αθήνα - Βόρεια Προάστια),Αθήνα - Βόρεια Προάστια (Αττική),38.042854,23.836506,1,0,1,2.0,21.05,35.0,2142,8685,4415,2783
1218720061,1780,109,3,1,9,1993.0,5,Βριλήσσια (Αθήνα - Βόρεια Προάστια),Αθήνα - Βόρεια Προάστια (Αττική),38.028767,23.836349,1,1,1,2.0,16.33,33.0,630,7409,4228,3939
1220362736,1050,98,2,1,9,1990.0,5,Βριλήσσια (Αθήνα - Βόρεια Προάστια),Αθήνα - Βόρεια Προάστια (Αττική),38.033096,23.829081,1,1,0,2.0,10.71,36.0,1086,7421,3585,3198
1220396987,1300,155,3,1,6,1975.0,7,Βριλήσσια (Αθήνα - Βόρεια Προάστια),Αθήνα - Βόρεια Προάστια (Αττική),38.034565,23.82572,0,1,0,2.0,8.39,51.0,1352,7405,3304,2918
1220405945,2300,135,3,2,9,1995.0,5,Βριλήσσια (Αθήνα - Βόρεια Προάστια),Αθήνα - Βόρεια Προάστια (Αττική),38.042263,23.833954,1,0,1,2.0,17.04,31.0,2055,8510,4182,2654
1220508179,1300,156,3,1,6,1975.0,7,Βριλήσσια (Αθήνα - Βόρεια Προάστια),Αθήνα - Βόρεια Προάστια (Αττική),38.034119,23.825569,0,0,0,2.0,8.33,51.0,1315,7355,3286,2958
1218300947,2800,170,3,3,6,1991.0,5,Βριλήσσια (Αθήνα - Βόρεια Προάστια),Αθήνα - Βόρεια Προάστια (Αττική),38.046452,23.848598,0,0,1,2.0,16.47,35.0,2870,9619,5545,3505
1220315951,2800,133,3,2,9,1991.0,5,Βριλήσσια (Αθήνα - Βόρεια Προάστια),Αθήνα - Βόρεια Προάστια (Αττική),38.042854,23.836506,1,0,1,2.0,21.05,35.0,2142,8685,4415,2783
1219887418,1450,114,3,2,8,1981.0,8,Βριλήσσια (Αθήνα - Βόρεια Προάστια),Αθήνα - Βόρεια Προάστια (Αττική),38.037918,23.825443,1,1,0,2.0,12.72,45.0,1700,7716,3339,2574
1220374962,1200,130,3,1,6,1995.0,5,Βριλήσσια (Αθήνα - Βόρεια Προάστια),Αθήνα - Βόρεια Προάστια (Αττική),38.032509,23.828402,1,1,0,1.0,9.23,31.0,1045,7334,3523,3227
1220415526,1050,76,2,1,3,1995.0,4,Βριλήσσια (Αθήνα - Βόρεια Προάστια),Αθήνα - Βόρεια Προάστια (Αττική),38.03677,23.835827,0,1,0,2.0,13.82,31.0,1465,8091,4212,3205
1214802825,1400,124,3,1,9,1995.0,5,Βριλήσσια (Αθήνα - Βόρεια Προάστια),Αθήνα - Βόρεια Προάστια (Αττική),38.027802,23.832729,1,1,0,2.0,11.29,31.0,445,7127,3922,3867
1220336073,790,83,2,1,7,1987.0,5,Βριλήσσια (Αθήνα - Βόρεια Προάστια),Αθήνα - Βόρεια Προάστια (Αττική),38.029518,23.826998,0,1,0,2.0,9.52,39.0,819,6989,3405,3476
1219749146,1750,100,3,1,7,2020.0,4,Βριλήσσια (Αθήνα - Βόρεια Προάστια),Αθήνα - Βόρεια Προάστια (Αττική),38.041691,23.83427,1,0,0,2.0,17.5,6.0,1993,8471,4191,2718
1220350069,2090,112,3,2,6,2005.0,5,Βριλήσσια (Αθήνα - Βόρεια Προάστια),Αθήνα - Βόρεια Προάστια (Αττική),38.046192,23.848179,1,1,1,2.0,18.66,21.0,2827,9574,5501,3482
1213077584,1500,107,3,1,7,2000.0,6,Βριλήσσια (Αθήνα - Βόρεια Προάστια),Αθήνα - Βόρεια Προάστια (Αττική),38.037361,23.825338,1,1,0,2.0,14.02,26.0,1647,7658,3317,2625
1219945359,1800,188,3,1,3,1995.0,9,Βριλήσσια (Αθήνα - Βόρεια Προάστια),Αθήνα - Βόρεια Προάστια (Αττική),38.035576,23.841518,0,0,0,1.0,9.57,31.0,1511,8283,4692,3646
1219830817,1500,116,3,1,7,2010.0,5,Βριλήσσια (Αθήνα - Βόρεια Προάστια),Αθήνα - Βόρεια Προάστια (Αττική),38.042454,23.832399,1,0,0,2.0,12.93,16.0,2075,8458,4058,2540
1220497101,2300,133,3,2,9,1991.0,5,Βριλήσσια (Αθήνα - Βόρεια Προάστια),Αθήνα - Βόρεια Προάστια (Αττική),38.041431,23.832918,1,0,0,2.0,17.29,35.0,1960,8384,4069,2652
1220269629,1500,140,3,2,7,2004.0,4,Βριλήσσια (Αθήνα - Βόρεια Προάστια),Αθήνα - Βόρεια Προάστια (Αττική),38.030407,23.834324,0,0,0,1.0,10.71,22.0,745,7442,4042,3690
1220430875,1500,140,3,2,7,2004.0,4,Βριλήσσια (Αθήνα - Βόρεια Προάστια),Αθήνα - Βόρεια Προάστια (Αττική),38.030277,23.837221,1,0,0,1.0,10.71,22.0,814,7587,4296,3845
1219848588,1000,84,2,1,7,1995.0,6,Βριλήσσια (Αθήνα - Βόρεια Προάστια),Αθήνα - Βόρεια Προάστια (Αττική),38.037907,23.825735,1,0,0,1.0,11.9,31.0,1690,7728,3364,2588
1219848699,1000,84,2,1,3,1995.0,6,Βριλήσσια (Αθήνα - Βόρεια Προάστια),Αθήνα - Βόρεια Προάστια (Αττική),38.037907,23.825735,1,0,0,1.0,11.9,31.0,1690,7728,3364,2588
1220175160,1500,140,3,2,7,2004.0,9,Βριλήσσια (Αθήνα - Βόρεια Προάστια),Αθήνα - Βόρεια Προάστια (Αττική),38.031422,23.834114,1,0,0,1.0,10.71,22.0,854,7521,4021,3585
1220481776,2200,264,3,2,3,1992.0,9,Βριλήσσια (Αθήνα - Βόρεια Προάστια),Αθήνα - Βόρεια Προάστια (Αττική),38.042595,23.842081,0,0,0,1.0,8.33,34.0,2239,8936,4877,3197
1219892729,1150,96,2,1,9,1990.0,4,Βριλήσσια (Αθήνα - Βόρεια Προάστια),Αθήνα - Βόρεια Προάστια (Αττική),38.030457,23.831083,1,0,1,2.0,11.98,36.0,757,7278,3758,3539
1220313545,1050,84,2,1,7,1994.0,6,Βριλήσσια (Αθήνα - Βόρεια Προάστια),Αθήνα - Βόρεια Προάστια (Αττική),38.039253,23.827061,1,0,0,1.0,12.5,32.0,1793,7915,3511,2518
1220506108,1550,140,3,2,7,2004.0,3,Βριλήσσια (Αθήνα - Βόρεια Προάστια),Αθήνα - Βόρεια Προάστια (Αττική),38.029675,23.829502,1,1,0,1.0,11.07,22.0,718,7127,3623,3552
1220331446,800,62,2,1,7,1981.0,4,Βριλήσσια (Αθήνα - Βόρεια Προάστια),Αθήνα - Βόρεια Προάστια (Αττική),38.035149,23.82704,0,1,0,4.0,12.9,45.0,1362,7520,3426,2912
1220433226,1700,130,3,1,6,2000.0,5,Βριλήσσια (Αθήνα - Βόρεια Προάστια),Αθήνα - Βόρεια Προάστια (Αττική),38.033913,23.839041,0,0,0,1.0,13.08,26.0,1247,8003,4461,3629
1220392544,800,62,2,1,7,1981.0,4,Βριλήσσια (Αθήνα - Βόρεια Προάστια),Αθήνα - Βόρεια Προάστια (Αττική),38.03545,23.827789,0,0,0,Άγνωστο,12.9,45.0,1371,7582,3495,2914
1220178899,1500,130,3,1,6,1988.0,6,Βριλήσσια (Αθήνα - Βόρεια Προάστια),Αθήνα - Βόρεια Προάστια (Αττική),38.033337,23.829067,1,0,1,1.0,11.54,38.0,1112,7443,3585,3174
1220424197,1760,130,3,2,6,1995.0,8,Βριλήσσια (Αθήνα - Βόρεια Προάστια),Αθήνα - Βόρεια Προάστια (Αττική),38.03252,23.826839,1,1,1,2.0,13.54,31.0,1105,7261,3386,3166
1220399281,2800,231,4,1,3,2000.0,5,Βριλήσσια (Αθήνα - Βόρεια Προάστια),Αθήνα - Βόρεια Προάστια (Αττική),38.043701,23.842264,1,0,0,1.0,12.12,26.0,2360,9045,4925,3145
1220121570,1450,114,3,1,8,1980.0,6,Βριλήσσια (Αθήνα - Βόρεια Προάστια),Αθήνα - Βόρεια Προάστια (Αττική),38.039104,23.825859,1,1,0,2.0,12.72,46.0,1810,7849,3405,2477
1220340621,2800,231,5,2,6,2000.0,2,Βριλήσσια (Αθήνα - Βόρεια Προάστια),Αθήνα - Βόρεια Προάστια (Αττική),38.043594,23.8428,1,0,0,1.0,12.12,26.0,2366,9063,4967,3191
1220178902,1200,130,3,1,6,1988.0,6,Βριλήσσια (Αθήνα - Βόρεια Προάστια),Αθήνα - Βόρεια Προάστια (Αττική),38.033337,23.829067,1,0,0,1.0,9.23,38.0,1112,7443,3585,3174
1220445116,2300,133,3,2,9,1991.0,5,Βριλήσσια (Αθήνα - Βόρεια Προάστια),Αθήνα - Βόρεια Προάστια (Αττική),38.041367,23.835827,1,1,1,2.0,17.29,35.0,1970,8514,4313,2843
1219996048,1200,110,2,1,6,1995.0,6,Βριλήσσια (Αθήνα - Βόρεια Προάστια),Αθήνα - Βόρεια Προάστια (Αττική),38.042313,23.842478,0,0,0,2.0,10.91,31.0,2223,8931,4903,3243
1220339261,1500,156,4,1,7,1995.0,4,Βριλήσσια (Αθήνα - Βόρεια Προάστια),Αθήνα - Βόρεια Προάστια (Αττική),38.036037,23.840706,1,1,0,1.0,9.62,31.0,1523,8279,4626,3559
1220141558,3500,140,3,2,3,1985.0,4,Παλαιό Ψυχικό (Αθήνα - Βόρεια Προάστια),Αθήνα - Βόρεια Προάστια (Αττική),38.013039,23.772312,0,0,0,Άγνωστο,25.0,41.0,1961,4084,2259,3945
1220141503,3800,200,3,3,0,2005.0,5,Παλαιό Ψυχικό (Αθήνα - Βόρεια Προάστια),Αθήνα - Βόρεια Προάστια (Αττική),38.004639,23.771681,1,1,0,2.0,19.0,21.0,1287,3203,1332,3438
1220481471,2700,120,3,2,7,2026.0,1,Νέο Ψυχικό (Αθήνα - Βόρεια Προάστια),Αθήνα - Βόρεια Προάστια (Αττική),38.007744,23.780508,1,0,0,13.0,22.5,0.0,1105,3402,1967,4285
1217528954,1850,110,3,2,7,2017.0,6,Παλαιό Ψυχικό (Αθήνα - Βόρεια Προάστια),Αθήνα - Βόρεια Προάστια (Αττική),37.999172,23.769884,1,0,1,2.0,16.82,9.0,825,2693,704,3040
1219294223,3900,283,4,3,0,1963.0,5,Νέο Ψυχικό (Αθήνα - Βόρεια Προάστια),Αθήνα - Βόρεια Προάστια (Αττική),38.009441,23.7838,0,1,0,2.0,13.78,63.0,1073,3586,2288,4624
1219814014,2500,113,3,2,8,2024.0,1,Νέο Ψυχικό (Αθήνα - Βόρεια Προάστια),Αθήνα - Βόρεια Προάστια (Αττική),38.007141,23.784088,1,0,0,Άγνωστο,22.12,2.0,954,3331,2106,4550
1220161325,1400,115,3,2,3,1977.0,6,Παλαιό Ψυχικό (Αθήνα - Βόρεια Προάστια),Αθήνα - Βόρεια Προάστια (Αττική),38.00066,23.766787,0,1,0,2.0,12.17,49.0,881,2962,859,2880
1219987666,3800,200,3,3,6,2007.0,1,Παλαιό Ψυχικό (Αθήνα - Βόρεια Προάστια),Αθήνα - Βόρεια Προάστια (Αττική),38.004646,23.770809,1,0,0,2.0,19.0,19.0,1313,3228,1317,3368
1220540617,600,38,1,1,3,1970.0,8,Παλαιό Ψυχικό (Αθήνα - Βόρεια Προάστια),Αθήνα - Βόρεια Προάστια (Αττική),38.005005,23.765402,0,1,0,Άγνωστο,15.79,56.0,1324,3139,1356,2959
1220064635,2150,154,3,1,3,1980.0,8,Παλαιό Ψυχικό (Αθήνα - Βόρεια Προάστια),Αθήνα - Βόρεια Προάστια (Αττική),38.012012,23.778017,0,0,0,1.0,13.96,46.0,1626,3894,2286,4304
1220526347,950,65,1,1,3,2004.0,5,Νέο Ψυχικό (Αθήνα - Βόρεια Προάστια),Αθήνα - Βόρεια Προάστια (Αττική),38.003323,23.78112,0,1,0,1.0,14.62,22.0,635,2908,1618,4102
1220000401,3800,200,3,3,6,2005.0,4,Παλαιό Ψυχικό (Αθήνα - Βόρεια Προάστια),Αθήνα - Βόρεια Προάστια (Αττική),38.004581,23.773085,1,0,0,2.0,19.0,21.0,1235,3161,1360,3549
1220343308,3500,190,3,2,3,1975.0,7,Παλαιό Ψυχικό (Αθήνα - Βόρεια Προάστια),Αθήνα - Βόρεια Προάστια (Αττική),38.00973609090909,23.771486090909093,0,1,0,2.0,18.42,51.0,1717,3751,1884,3682
1219712829,1500,95,2,2,3,1989.0,4,Παλαιό Ψυχικό (Αθήνα - Βόρεια Προάστια),Αθήνα - Βόρεια Προάστια (Αττική),38.00973609090909,23.771486090909093,0,1,1,Άγνωστο,15.79,37.0,1717,3751,1884,3682
1220271816,2500,115,3,2,8,2026.0,1,Νέο Ψυχικό (Αθήνα - Βόρεια Προάστια),Αθήνα - Βόρεια Προάστια (Αττική),38.005733,23.783327,1,0,0,13.0,21.74,0.0,826,3173,1945,4417
1220541488,1200,90,2,1,3,1993.0,7,Νέο Ψυχικό (Αθήνα - Βόρεια Προάστια),Αθήνα - Βόρεια Προάστια (Αττική),38.005505,23.785877,0,0,1,1.0,13.33,33.0,767,3159,2073,4583
1219879429,3500,140,3,2,3,1901.0,4,Παλαιό Ψυχικό (Αθήνα - Βόρεια Προάστια),Αθήνα - Βόρεια Προάστια (Αττική),38.014812,23.771,1,1,0,2.0,25.0,125.0,2189,4093,2390,3972
1220393531,3500,140,3,3,9,2024.0,1,Νέο Ψυχικό (Αθήνα - Βόρεια Προάστια),Αθήνα - Βόρεια Προάστια (Αττική),38.003929,23.782639,1,0,0,13.0,25.0,2.0,643,2972,1761,4250
1219926985,3500,140,3,3,3,1985.0,2,Παλαιό Ψυχικό (Αθήνα - Βόρεια Προάστια),Αθήνα - Βόρεια Προάστια (Αττική),38.013447,23.77424,0,0,0,2.0,25.0,41.0,1912,4100,2336,4109
1219878974,2490,125,3,1,6,1974.0,4,Παλαιό Ψυχικό (Αθήνα - Βόρεια Προάστια),Αθήνα - Βόρεια Προάστια (Αττική),38.013977,23.781347,0,1,1,2.0,19.92,52.0,1538,4091,2039,4666
1219278033,1440,85,2,2,6,2017.0,6,Παλαιό Ψυχικό (Αθήνα - Βόρεια Προάστια),Αθήνα - Βόρεια Προάστια (Αττική),37.998699,23.769474,1,0,1,2.0,16.94,9.0,811,2661,645,2979
1220346238,1000,72,2,1,6,1990.0,7,Νέο Ψυχικό (Αθήνα - Βόρεια Προάστια),Αθήνα - Βόρεια Προάστια (Αττική),38.005321,23.782203526315786,1,0,0,1.0,13.89,36.0,803,3127,1845,4311
1220261172,400,50,1,1,2,2004.0,7,Νέο Ψυχικό (Αθήνα - Βόρεια Προάστια),Αθήνα - Βόρεια Προάστια (Αττική),38.001541,23.779261,0,0,0,Άγνωστο,8.0,22.0,598,2724,1363,3855
1219093191,3800,220,3,3,7,2011.0,4,Νέο Ψυχικό (Αθήνα - Βόρεια Προάστια),Αθήνα - Βόρεια Προάστια (Αττική),38.005299,23.777285,1,1,0,Άγνωστο,17.27,15.0,1011,3162,1587,3920
1220333903,3100,178,3,2,6,1985.0,5,Παλαιό Ψυχικό (Αθήνα - Βόρεια Προάστια),Αθήνα - Βόρεια Προάστια (Αττική),38.013531,23.772881,1,0,0,1.0,17.42,41.0,1980,4132,2321,4017
1220397796,1400,165,3,2,8,2011.0,5,Νέο Ψυχικό (Αθήνα - Βόρεια Προάστια),Αθήνα - Βόρεια Προάστια (Αττική),38.007202,23.782375,0,1,0,1.0,8.48,15.0,1002,3336,2015,4413
1219440945,1150,100,3,1,6,1960.0,7,Νέο Ψυχικό (Αθήνα - Βόρεια Προάστια),Αθήνα - Βόρεια Προάστια (Αττική),38.007088,23.782734,0,0,0,1.0,11.5,66.0,983,3323,2024,4437
1220396986,3800,220,3,3,7,2011.0,4,Παλαιό Ψυχικό (Αθήνα - Βόρεια Προάστια),Αθήνα - Βόρεια Προάστια (Αττική),38.017273,23.765671,0,0,0,13.0,17.27,15.0,2535,3890,2529,3812
1219487108,2400,150,3,2,9,2004.0,6,Νέο Ψυχικό (Αθήνα - Βόρεια Προάστια),Αθήνα - Βόρεια Προάστια (Αττική),38.004475,23.790298,1,0,1,2.0,16.0,22.0,380,3103,2197,4844
1219046969,2100,123,3,2,8,1972.0,5,Παλαιό Ψυχικό (Αθήνα - Βόρεια Προάστια),Αθήνα - Βόρεια Προάστια (Αττική),38.002838,23.767525,0,0,0,2.0,17.07,54.0,1131,3149,1095,3024
1220438313,950,85,2,1,8,1977.0,7,Νέο Ψυχικό (Αθήνα - Βόρεια Προάστια),Αθήνα - Βόρεια Προάστια (Αττική),38.004761,23.781725,1,0,0,2.0,11.18,49.0,757,3066,1771,4240
1211675672,4000,170,3,1,3,1980.0,5,Παλαιό Ψυχικό (Αθήνα - Βόρεια Προάστια),Αθήνα - Βόρεια Προάστια (Αττική),38.013206,23.772289,0,1,0,2.0,23.53,46.0,1978,4092,2277,3954
1220432744,1050,65,1,1,3,2004.0,6,Νέο Ψυχικό (Αθήνα - Βόρεια Προάστια),Αθήνα - Βόρεια Προάστια (Αττική),38.003273,23.781391,1,1,0,1.0,16.15,22.0,619,2902,1631,4118
1219993016,950,65,1,1,3,2004.0,5,Νέο Ψυχικό (Αθήνα - Βόρεια Προάστια),Αθήνα - Βόρεια Προάστια (Αττική),38.006081,23.783577,0,1,0,1.0,14.62,22.0,861,3212,1989,4458
1220439981,2500,155,3,2,7,1980.0,4,Παλαιό Ψυχικό (Αθήνα - Βόρεια Προάστια),Αθήνα - Βόρεια Προάστια (Αττική),38.015522,23.766315,1,1,0,2.0,16.13,46.0,2495,3808,2509,3714
1219962183,1900,116,2,1,6,1959.0,7,Παλαιό Ψυχικό (Αθήνα - Βόρεια Προάστια),Αθήνα - Βόρεια Προάστια (Αττική),38.006409,23.774855,0,1,0,1.0,16.38,67.0,1246,3322,1604,3771
1220532125,4000,170,4,3,3,1976.0,4,Παλαιό Ψυχικό (Αθήνα - Βόρεια Προάστια),Αθήνα - Βόρεια Προάστια (Αττική),38.014332,23.773319,0,1,0,2.0,23.53,50.0,2037,4212,2312,4101
1219994003,800,50,0,0,6,1980.0,5,Παλαιό Ψυχικό (Αθήνα - Βόρεια Προάστια),Αθήνα - Βόρεια Προάστια (Αττική),38.013653,23.781239,0,1,0,4.0,16.0,46.0,1522,4056,2076,4639
1220437270,2500,155,3,2,7,1980.0,4,Παλαιό Ψυχικό (Αθήνα - Βόρεια Προάστια),Αθήνα - Βόρεια Προάστια (Αττική),38.01535,23.766171,1,1,0,2.0,16.13,46.0,2475,3787,2491,3692
1220179344,2200,142,2,1,6,1980.0,8,Παλαιό Ψυχικό (Αθήνα - Βόρεια Προάστια),Αθήνα - Βόρεια Προάστια (Αττική),38.017391,23.768391,0,1,0,4.0,15.49,46.0,2555,4080,2339,3989
1218117544,2700,132,3,3,7,2012.0,10,Νέο Ψυχικό (Αθήνα - Βόρεια Προάστια),Αθήνα - Βόρεια Προάστια (Αττική),38.003216,23.778608,1,0,0,1.0,20.45,14.0,762,2916,1462,3918
1219833563,2400,115,3,2,7,1989.0,7,Νέο Ψυχικό (Αθήνα - Βόρεια Προάστια),Αθήνα - Βόρεια Προάστια (Αττική),38.005493,23.777973,1,1,1,1.0,20.87,37.0,990,3174,1637,3984
1218702300,1580,92,2,0,6,1980.0,6,Νέο Ψυχικό (Αθήνα - Βόρεια Προάστια),Αθήνα - Βόρεια Προάστια (Αττική),38.006531,23.784161,1,1,1,2.0,17.17,46.0,906,3264,2060,4529
1219934882,3500,140,3,2,7,2026.0,1,Πεύκη (Αθήνα - Βόρεια Προάστια),Αθήνα - Βόρεια Προάστια (Αττική),38.061779,23.793959,1,0,1,13.0,25.0,0.0,1387,9254,3404,1584
1219878257,3500,140,3,2,7,2005.0,1,Πεύκη (Αθήνα - Βόρεια Προάστια),Αθήνα - Βόρεια Προάστια (Αττική),38.065544,23.792439,1,0,1,13.0,25.0,21.0,1521,9523,3804,1853
1219878709,3500,140,3,2,7,2026.0,1,Πεύκη (Αθήνα - Βόρεια Προάστια),Αθήνα - Βόρεια Προάστια (Αττική),38.062164,23.793131,1,0,1,9.0,25.0,0.0,1471,9247,3437,1665
1219927712,1000,125,3,1,7,1976.0,5,Πεύκη (Αθήνα - Βόρεια Προάστια),Αθήνα - Βόρεια Προάστια (Αττική),38.057171,23.79529,1,0,0,2.0,8.0,50.0,1120,8915,2921,1425
1220424594,900,95,2,1,8,1980.0,8,Πεύκη (Αθήνα - Βόρεια Προάστια),Αθήνα - Βόρεια Προάστια (Αττική),38.058582,23.791006,1,0,0,2.0,9.47,46.0,1515,8814,3021,1795
1219990189,900,106,2,1,7,1980.0,7,Πεύκη (Αθήνα - Βόρεια Προάστια),Αθήνα - Βόρεια Προάστια (Αττική),38.061008,23.7981,1,1,0,2.0,8.49,46.0,1030,9402,3394,1211
1220460574,1000,125,0,0,6,1976.0,2,Πεύκη (Αθήνα - Βόρεια Προάστια),Αθήνα - Βόρεια Προάστια (Αττική),38.058949,23.795401,0,0,0,2.0,8.0,50.0,1151,9077,3117,1411
1220179418,2500,145,3,2,7,2010.0,4,Πεύκη (Αθήνα - Βόρεια Προάστια),Αθήνα - Βόρεια Προάστια (Αττική),38.052761,23.786062,1,1,1,1.0,17.24,16.0,968,8036,2372,2311
1220363999,1910,136,3,2,6,1981.0,8,Πεύκη (Αθήνα - Βόρεια Προάστια),Αθήνα - Βόρεια Προάστια (Αττική),38.061771,23.799026,1,1,1,2.0,14.04,45.0,1014,9511,3497,1158
1220461618,1200,80,2,1,7,2006.0,5,Πεύκη (Αθήνα - Βόρεια Προάστια),Αθήνα - Βόρεια Προάστια (Αττική),38.057877,23.793962,1,0,1,1.0,15.0,20.0,1247,8905,2976,1536
1219967748,1400,75,2,1,8,1983.0,9,Πεύκη (Αθήνα - Βόρεια Προάστια),Αθήνα - Βόρεια Προάστια (Αττική),38.06546,23.792969,1,1,1,2.0,18.67,43.0,1475,9541,3799,1807
1220296351,3500,147,3,2,10,2025.0,1,Πεύκη (Αθήνα - Βόρεια Προάστια),Αθήνα - Βόρεια Προάστια (Αττική),38.050884,23.785158,1,0,0,13.0,23.81,1.0,829,7821,2172,2449
1220296340,2200,97,3,2,9,2025.0,1,Πεύκη (Αθήνα - Βόρεια Προάστια),Αθήνα - Βόρεια Προάστια (Αττική),38.050884,23.785158,1,0,0,13.0,22.68,1.0,829,7821,2172,2449
1219038526,3000,153,4,2,3,1985.0,6,Πεύκη (Αθήνα - Βόρεια Προάστια),Αθήνα - Βόρεια Προάστια (Αττική),38.050556,23.793085,0,0,0,Άγνωστο,19.61,41.0,660,8206,2162,1828
1220079334,2100,130,3,2,6,2005.0,3,Πεύκη (Αθήνα - Βόρεια Προάστια),Αθήνα - Βόρεια Προάστια (Αττική),38.061691,23.793673,1,1,1,2.0,16.15,21.0,1405,9231,3391,1606
1220079341,1850,130,3,2,6,2005.0,3,Πεύκη (Αθήνα - Βόρεια Προάστια),Αθήνα - Βόρεια Προάστια (Αττική),38.061691,23.793673,1,1,0,2.0,14.23,21.0,1405,9231,3391,1606
1220314548,1100,124,3,1,7,1976.0,6,Πεύκη (Αθήνα - Βόρεια Προάστια),Αθήνα - Βόρεια Προάστια (Αττική),38.058506,23.794758,1,1,0,2.0,8.87,50.0,1192,9003,3057,1466
1220430230,1300,143,3,1,6,1982.0,5,Πεύκη (Αθήνα - Βόρεια Προάστια),Αθήνα - Βόρεια Προάστια (Αττική),38.054108,23.788647,1,1,0,2.0,9.09,44.0,1041,8291,2514,2054
1220295863,1300,143,3,1,6,1982.0,5,Πεύκη (Αθήνα - Βόρεια Προάστια),Αθήνα - Βόρεια Προάστια (Αττική),38.05344,23.787329,0,1,0,2.0,9.09,44.0,997,8162,2441,2184
1220296347,2200,100,3,1,10,2025.0,1,Πεύκη (Αθήνα - Βόρεια Προάστια),Αθήνα - Βόρεια Προάστια (Αττική),38.050884,23.785158,1,0,0,13.0,22.0,1.0,829,7821,2172,2449
1219978042,2500,107,2,2,3,2026.0,1,Πεύκη (Αθήνα - Βόρεια Προάστια),Αθήνα - Βόρεια Προάστια (Αττική),38.063,23.79244,1,0,0,9.0,23.36,0.0,1558,9288,3522,1749
1218171256,1200,110,2,1,3,1975.0,9,Πεύκη (Αθήνα - Βόρεια Προάστια),Αθήνα - Βόρεια Προάστια (Αττική),38.068108,23.799562,0,0,0,2.0,10.91,51.0,924,10112,4190,1511
1218167859,1300,100,2,1,8,1995.0,6,Πεύκη (Αθήνα - Βόρεια Προάστια),Αθήνα - Βόρεια Προάστια (Αττική),38.058945,23.7938,1,1,1,1.0,13.0,31.0,1286,8992,3091,1551
1220287725,1300,143,3,1,6,1982.0,5,Πεύκη (Αθήνα - Βόρεια Προάστια),Αθήνα - Βόρεια Προάστια (Αττική),38.053707,23.788921,1,1,0,2.0,9.09,44.0,993,8269,2470,2042
1220341084,1650,120,3,1,9,2025.0,1,Πεύκη (Αθήνα - Βόρεια Προάστια),Αθήνα - Βόρεια Προάστια (Αττική),38.0574,23.788368,1,0,0,13.0,13.75,1.0,1406,8574,2880,2028
1219820352,1450,110,2,1,8,1998.0,2,Πεύκη (Αθήνα - Βόρεια Προάστια),Αθήνα - Βόρεια Προάστια (Αττική),38.057247,23.795954,1,0,1,2.0,13.18,28.0,1064,8957,2942,1366
1220542062,1200,95,2,2,3,2005.0,5,Πεύκη (Αθήνα - Βόρεια Προάστια),Αθήνα - Βόρεια Προάστια (Αττική),38.055538,23.793297,0,1,0,2.0,12.63,21.0,1203,8664,2710,1623
1219893160,2100,130,3,2,6,2005.0,3,Πεύκη (Αθήνα - Βόρεια Προάστια),Αθήνα - Βόρεια Προάστια (Αττική),38.061279,23.794327,1,1,0,2.0,16.15,21.0,1333,9228,3354,1540
1219631192,1200,127,3,1,3,1982.0,4,Πεύκη (Αθήνα - Βόρεια Προάστια),Αθήνα - Βόρεια Προάστια (Αττική),38.067432,23.797806,0,1,0,2.0,9.45,44.0,1060,9961,4083,1571
1213142930,990,51,1,1,7,2010.0,5,Πεύκη (Αθήνα - Βόρεια Προάστια),Αθήνα - Βόρεια Προάστια (Αττική),38.053696,23.786171,1,0,1,2.0,19.41,16.0,1059,8126,2474,2276
1220329969,1500,120,3,2,7,1988.0,7,Πεύκη (Αθήνα - Βόρεια Προάστια),Αθήνα - Βόρεια Προάστια (Αττική),38.061077,23.797964,0,0,0,2.0,12.5,38.0,1044,9401,3398,1225
1219952190,1850,130,3,2,6,2005.0,3,Πεύκη (Αθήνα - Βόρεια Προάστια),Αθήνα - Βόρεια Προάστια (Αττική),38.060623,23.79245,1,1,0,2.0,14.23,21.0,1455,9072,3260,1688
1219947092,1200,105,2,1,6,1990.0,6,Πεύκη (Αθήνα - Βόρεια Προάστια),Αθήνα - Βόρεια Προάστια (Αττική),38.064487,23.795914,1,1,0,2.0,11.43,36.0,1229,9598,3730,1528
1219765467,1850,130,3,2,6,2005.0,3,Πεύκη (Αθήνα - Βόρεια Προάστια),Αθήνα - Βόρεια Προάστια (Αττική),38.060436,23.792156,1,1,0,Άγνωστο,14.23,21.0,1472,9041,3236,1710
1219765591,2100,130,3,2,6,2005.0,4,Πεύκη (Αθήνα - Βόρεια Προάστια),Αθήνα - Βόρεια Προάστια (Αττική),38.061329,23.793007,1,1,0,2.0,16.15,21.0,1440,9165,3343,1654
1219363559,2600,130,3,2,6,2025.0,1,Πεύκη (Αθήνα - Βόρεια Προάστια),Αθήνα - Βόρεια Προάστια (Αττική),38.06274,23.79446,1,0,0,13.0,20.0,1.0,1394,9366,3517,1571
1219989242,920,75,2,1,7,1982.0,8,Πεύκη (Αθήνα - Βόρεια Προάστια),Αθήνα - Βόρεια Προάστια (Αττική),38.057041,23.787502,1,1,0,1.0,12.27,44.0,1381,8497,2841,2106
1219982688,700,60,1,1,3,1989.0,5,Πεύκη (Αθήνα - Βόρεια Προάστια),Αθήνα - Βόρεια Προάστια (Αττική),38.068314,23.796337,0,0,0,4.0,11.67,37.0,1177,9969,4155,1733
1219834534,1850,130,3,2,6,2005.0,3,Πεύκη (Αθήνα - Βόρεια Προάστια),Αθήνα - Βόρεια Προάστια (Αττική),38.062386,23.791492,1,1,0,2.0,14.23,21.0,1610,9185,3446,1810
1219863477,1850,130,3,2,6,2005.0,3,Πεύκη (Αθήνα - Βόρεια Προάστια),Αθήνα - Βόρεια Προάστια (Αττική),38.06036,23.793463,1,0,0,2.0,14.23,21.0,1362,9101,3242,1596
1220372012,2000,135,3,2,6,1996.0,6,Πεύκη (Αθήνα - Βόρεια Προάστια),Αθήνα - Βόρεια Προάστια (Αττική),38.057102,23.789146,1,1,0,2.0,14.81,30.0,1365,8586,2848,1962
1219846541,1850,130,3,2,6,2005.0,3,Πεύκη (Αθήνα - Βόρεια Προάστια),Αθήνα - Βόρεια Προάστια (Αττική),38.060986,23.794722,1,1,0,2.0,14.23,21.0,1288,9222,3328,1499
1218294957,3000,141,2,1,6,2009.0,4,Πεύκη (Αθήνα - Βόρεια Προάστια),Αθήνα - Βόρεια Προάστια (Αττική),38.067902,23.800604,1,1,1,1.0,21.28,17.0,830,10147,4191,1432
1219876818,1850,130,3,2,6,2005.0,3,Πεύκη (Αθήνα - Βόρεια Προάστια),Αθήνα - Βόρεια Προάστια (Αττική),38.060558,23.791662,1,1,0,2.0,14.23,21.0,1518,9027,3245,1755
1215792002,1800,172,3,2,8,2002.0,5,Πεύκη (Αθήνα - Βόρεια Προάστια),Αθήνα - Βόρεια Προάστια (Αττική),38.060089,23.79159,1,0,0,1.0,10.47,24.0,1507,8980,3193,1754
1219435258,2500,240,3,2,6,1930.0,6,Πεύκη (Αθήνα - Βόρεια Προάστια),Αθήνα - Βόρεια Προάστια (Αττική),38.069008,23.798639,0,0,0,2.0,10.42,96.0,963,10147,4270,1639
1219764439,1900,130,3,2,6,2005.0,3,Πεύκη (Αθήνα - Βόρεια Προάστια),Αθήνα - Βόρεια Προάστια (Αττική),38.061352,23.792803,1,0,0,2.0,14.62,21.0,1458,9156,3344,1672
1219440395,1400,127,3,1,3,1982.0,5,Πεύκη (Αθήνα - Βόρεια Προάστια),Αθήνα - Βόρεια Προάστια (Αττική),38.067116,23.798025,0,0,0,2.0,11.02,44.0,1037,9944,4053,1534
1220158182,1730,157,3,1,10,2004.0,4,Πεύκη (Αθήνα - Βόρεια Προάστια),Αθήνα - Βόρεια Προάστια (Αττική),38.063633,23.798468,1,1,0,2.0,11.02,22.0,1029,9654,3684,1286
1211169715,1600,65,2,2,6,2018.0,4,Πεύκη (Αθήνα - Βόρεια Προάστια),Αθήνα - Βόρεια Προάστια (Αττική),38.06881,23.799801,1,0,1,2.0,24.62,8.0,889,10187,4271,1554
1219946107,3500,140,3,2,8,2026.0,1,Πεύκη (Αθήνα - Βόρεια Προάστια),Αθήνα - Βόρεια Προάστια (Αττική),38.063644,23.792383,1,0,0,13.0,25.0,0.0,1549,9345,3593,1776
1219393848,1200,127,3,1,3,1982.0,6,Πεύκη (Αθήνα - Βόρεια Προάστια),Αθήνα - Βόρεια Προάστια (Αττική),38.066505,23.799952,1,1,0,2.0,9.45,44.0,863,9988,4026,1362
1219962952,1850,130,3,2,6,2005.0,3,Πεύκη (Αθήνα - Βόρεια Προάστια),Αθήνα - Βόρεια Προάστια (Αττική),38.06036,23.793463,1,1,0,2.0,14.23,21.0,1362,9101,3242,1596
1220322664,1300,145,3,1,6,1987.0,5,Πεύκη (Αθήνα - Βόρεια Προάστια),Αθήνα - Βόρεια Προάστια (Αττική),38.053707,23.788921,1,0,0,2.0,8.97,39.0,993,8269,2470,2042
1217149515,1700,92,2,2,3,2017.0,4,Πεύκη (Αθήνα - Βόρεια Προάστια),Αθήνα - Βόρεια Προάστια (Αττική),38.068386,23.800037,1,0,1,2.0,18.48,9.0,892,10161,4230,1505
1217149484,1700,64,1,2,7,2017.0,4,Πεύκη (Αθήνα - Βόρεια Προάστια),Αθήνα - Βόρεια Προάστια (Αττική),38.068386,23.800037,1,0,1,2.0,26.56,9.0,892,10161,4230,1505
1220164197,3500,140,3,2,7,2025.0,1,Πεύκη (Αθήνα - Βόρεια Προάστια),Αθήνα - Βόρεια Προάστια (Αττική),38.061783,23.794525,1,0,1,13.0,25.0,1.0,1344,9283,3413,1536
1220281297,1800,108,3,1,6,2024.0,1,Πεύκη (Αθήνα - Βόρεια Προάστια),Αθήνα - Βόρεια Προάστια (Αττική),38.057316,23.795507,1,0,0,13.0,16.67,2.0,1104,8939,2941,1405
1220397335,1000,72,2,1,6,1993.0,6,Πεύκη (Αθήνα - Βόρεια Προάστια),Αθήνα - Βόρεια Προάστια (Αττική),38.057301,23.794907,1,0,1,1.0,13.89,33.0,1155,8905,2928,1457
1219873325,1000,76,2,1,6,1998.0,6,Πεύκη (Αθήνα - Βόρεια Προάστια),Αθήνα - Βόρεια Προάστια (Αττική),38.055721,23.789103,1,0,0,1.0,13.16,28.0,1212,8459,2694,1982
1220465736,680,45,1,1,7,1969.0,7,Ιλίσια (Αθήνα - Κέντρο),Αθήνα - Κέντρο (Αττική),37.97966,23.758495,1,1,0,2.0,15.11,57.0,509,1420,844,1370
1220415167,470,38,1,1,4,1975.0,6,Ιλίσια (Αθήνα - Κέντρο),Αθήνα - Κέντρο (Αττική),37.97826,23.75948,0,0,1,4.0,12.37,51.0,605,1242,883,1489
1219724584,850,70,1,1,9,2006.0,5,Ιλίσια (Αθήνα - Κέντρο),Αθήνα - Κέντρο (Αττική),37.978298,23.76223,1,1,1,2.0,12.14,20.0,843,1144,737,1708
1220487208,600,45,1,1,3,1970.0,10,Ιλίσια (Αθήνα - Κέντρο),Αθήνα - Κέντρο (Αττική),37.977459,23.75971,1,1,1,Άγνωστο,13.33,56.0,648,1155,938,1473
1216182147,350,25,1,1,6,2000.0,7,Ιλίσια (Αθήνα - Κέντρο),Αθήνα - Κέντρο (Αττική),37.979321,23.76185,0,0,0,1.0,14.0,26.0,802,1263,659,1666
1219563663,550,32,1,1,1,1970.0,7,Ιλίσια (Αθήνα - Κέντρο),Αθήνα - Κέντρο (Αττική),37.979607,23.755404,0,1,0,2.0,17.19,56.0,239,1569,831,1106
1215823211,460,38,1,1,2,1970.0,6,Ιλίσια (Αθήνα - Κέντρο),Αθήνα - Κέντρο (Αττική),37.980118,23.760824,0,1,1,Άγνωστο,12.11,56.0,718,1377,653,1565
1219444183,3000,190,4,2,11,1974.0,7,Ιλίσια (Αθήνα - Κέντρο),Αθήνα - Κέντρο (Αττική),37.976303,23.753618,1,0,1,1.0,15.79,52.0,343,1424,572,984
1220356691,390,20,1,1,6,2015.0,6,Ιλίσια (Αθήνα - Κέντρο),Αθήνα - Κέντρο (Αττική),37.978386,23.757622,1,1,1,1.0,19.5,11.0,443,1343,960,1328
1220061207,1700,135,3,1,8,1967.0,6,Ιλίσια (Αθήνα - Κέντρο),Αθήνα - Κέντρο (Αττική),37.976742,23.755764,1,1,0,2.0,12.59,59.0,391,1312,764,1153
1213382641,1230,77,1,1,6,1968.0,6,Ιλίσια (Αθήνα - Κέντρο),Αθήνα - Κέντρο (Αττική),37.97731,23.752195,1,1,0,2.0,15.97,58.0,226,1591,470,941
1220494810,550,50,1,1,6,1972.0,7,Ιλίσια (Αθήνα - Κέντρο),Αθήνα - Κέντρο (Αττική),37.97773,23.76,1,1,1,2.0,11.0,54.0,663,1168,898,1511
1220384027,500,36,1,1,11,1980.0,7,Ιλίσια (Αθήνα - Κέντρο),Αθήνα - Κέντρο (Αττική),37.97979,23.760212,1,0,0,2.0,13.89,46.0,661,1364,717,1516
1219421712,590,28,1,1,3,1973.0,7,Ιλίσια (Αθήνα - Κέντρο),Αθήνα - Κέντρο (Αττική),37.97887,23.757936,1,1,0,2.0,21.07,53.0,461,1371,936,1341
1218830220,1550,98,2,1,10,1973.0,6,Ιλίσια (Αθήνα - Κέντρο),Αθήνα - Κέντρο (Αττική),37.978062,23.75396,1,1,0,2.0,15.82,53.0,176,1528,644,1039
1217577574,700,66,1,1,7,1974.0,7,Ιλίσια (Αθήνα - Κέντρο),Αθήνα - Κέντρο (Αττική),37.978683,23.757387,1,0,0,2.0,10.61,52.0,416,1382,950,1299
1220531599,1110,90,3,2,8,1978.0,6,Ιλίσια (Αθήνα - Κέντρο),Αθήνα - Κέντρο (Αττική),37.976482,23.756659,1,0,1,2.0,12.33,48.0,468,1236,840,1194
1218500823,1140,51,1,1,8,1967.0,8,Ιλίσια (Αθήνα - Κέντρο),Αθήνα - Κέντρο (Αττική),37.976261,23.75268,1,1,1,2.0,22.35,59.0,338,1488,490,927
1220341708,1100,60,1,1,7,1959.0,7,Ιλίσια (Αθήνα - Κέντρο),Αθήνα - Κέντρο (Αττική),37.978687,23.754053,1,0,1,2.0,18.33,67.0,137,1571,679,1020
1220504104,830,55,1,1,10,1970.0,9,Ιλίσια (Αθήνα - Κέντρο),Αθήνα - Κέντρο (Αττική),37.977562,23.753061,1,1,1,2.0,15.09,56.0,196,1550,551,992
1219910980,1080,75,2,1,7,1975.0,7,Ιλίσια (Αθήνα - Κέντρο),Αθήνα - Κέντρο (Αττική),37.976955,23.753229,1,0,1,Άγνωστο,14.4,51.0,265,1496,548,1017
1219469892,680,96,4,1,7,1975.0,6,Ιλίσια (Αθήνα - Κέντρο),Αθήνα - Κέντρο (Αττική),37.977322,23.76055,1,0,0,6.0,7.08,51.0,722,1105,907,1525
1218802409,1200,67,2,1,4,1967.0,6,Ιλίσια (Αθήνα - Κέντρο),Αθήνα - Κέντρο (Αττική),37.976467,23.756062,1,1,1,2.0,17.91,59.0,431,1272,787,1152
1219862040,1030,45,1,1,6,1965.0,5,Ιλίσια (Αθήνα - Κέντρο),Αθήνα - Κέντρο (Αττική),37.979298,23.757826,1,1,1,2.0,22.89,61.0,449,1417,915,1320
1218774703,1900,110,2,2,6,1970.0,4,Ιλίσια (Αθήνα - Κέντρο),Αθήνα - Κέντρο (Αττική),37.976414,23.753445,1,1,1,2.0,17.27,56.0,327,1444,558,983
1220544060,1070,70,2,1,10,1969.0,9,Ιλίσια (Αθήνα - Κέντρο),Αθήνα - Κέντρο (Αττική),37.978687,23.754053,1,1,1,2.0,15.29,57.0,137,1571,679,1020
1220397646,1280,95,2,1,7,1970.0,6,Ιλίσια (Αθήνα - Κέντρο),Αθήνα - Κέντρο (Αττική),37.977268,23.753609,1,1,1,1.0,13.47,56.0,240,1492,588,1050
1219583362,1170,110,2,1,6,1970.0,9,Ιλίσια (Αθήνα - Κέντρο),Αθήνα - Κέντρο (Αττική),37.97884,23.753841,1,0,1,1.0,10.64,56.0,112,1596,670,997
1219547875,850,78,2,2,3,2024.0,1,Ιλίσια (Αθήνα - Κέντρο),Αθήνα - Κέντρο (Αττική),37.977211,23.7558,1,1,1,2.0,10.9,2.0,357,1346,774,1190
1220264667,850,65,2,1,6,1960.0,7,Ιλίσια (Αθήνα - Κέντρο),Αθήνα - Κέντρο (Αττική),37.977425,23.754047,1,1,0,4.0,13.08,66.0,240,1474,629,1076
1220480153,650,58,1,1,3,1979.0,8,Ιλίσια (Αθήνα - Κέντρο),Αθήνα - Κέντρο (Αττική),37.978455,23.758366,0,1,0,13.0,11.21,47.0,505,1312,937,1389
1217609583,1100,96,2,1,8,1950.0,7,Ιλίσια (Αθήνα - Κέντρο),Αθήνα - Κέντρο (Αττική),37.978088,23.754419,0,0,1,1.0,11.46,76.0,202,1501,682,1075
1220480419,1200,76,2,1,7,1975.0,7,Ιλίσια (Αθήνα - Κέντρο),Αθήνα - Κέντρο (Αττική),37.980122,23.760893,1,1,1,1.0,15.79,51.0,724,1375,648,1571
1220186546,1500,97,2,1,10,1980.0,6,Ιλίσια (Αθήνα - Κέντρο),Αθήνα - Κέντρο (Αττική),37.977642,23.752617,1,1,0,2.0,15.46,46.0,185,1585,517,954
1220304799,650,52,1,1,7,1965.0,8,Ιλίσια (Αθήνα - Κέντρο),Αθήνα - Κέντρο (Αττική),37.976624,23.75824,1,1,0,2.0,12.5,61.0,569,1155,979,1314
1217284044,850,70,2,1,3,1967.0,6,Ιλίσια (Αθήνα - Κέντρο),Αθήνα - Κέντρο (Αττική),37.979053,23.759623,0,1,1,9.0,12.14,59.0,607,1313,811,1480
1219502759,590,50,1,1,4,1975.0,8,Ιλίσια (Αθήνα - Κέντρο),Αθήνα - Κέντρο (Αττική),37.977608,23.75684,0,0,1,6.0,11.8,51.0,409,1317,872,1287
1219376137,850,100,2,1,8,1980.0,9,Ιλίσια (Αθήνα - Κέντρο),Αθήνα - Κέντρο (Αττική),37.977005,23.757439,0,0,0,1.0,8.5,46.0,487,1232,913,1283
1217962152,800,28,1,1,2,1974.0,8,Ιλίσια (Αθήνα - Κέντρο),Αθήνα - Κέντρο (Αττική),37.979244,23.757093,0,1,0,4.0,28.57,52.0,385,1447,947,1259
1220535963,1000,75,2,1,8,1985.0,5,Ιλίσια (Αθήνα - Κέντρο),Αθήνα - Κέντρο (Αττική),37.977146,23.753103,1,1,0,2.0,13.33,41.0,242,1517,541,1018
1220409412,3000,190,5,3,11,1974.0,6,Ιλίσια (Αθήνα - Κέντρο),Αθήνα - Κέντρο (Αττική),37.976089,23.75622,1,1,0,1.0,15.79,52.0,472,1233,799,1136
1219976162,670,74,2,1,3,1976.0,7,Ιλίσια (Αθήνα - Κέντρο),Αθήνα - Κέντρο (Αττική),37.978706,23.760098,0,1,0,1.0,9.05,50.0,652,1260,809,1529
1219494088,650,50,1,1,4,1975.0,4,Ιλίσια (Αθήνα - Κέντρο),Αθήνα - Κέντρο (Αττική),37.979073,23.758297,0,0,1,8.0,13.0,51.0,491,1373,897,1366
1220243754,950,65,2,1,6,1968.0,7,Ιλίσια (Αθήνα - Κέντρο),Αθήνα - Κέντρο (Αττική),37.97707,23.752817,1,1,0,1.0,14.62,58.0,248,1532,515,1001
1219576573,650,50,1,1,3,1975.0,6,Ιλίσια (Αθήνα - Κέντρο),Αθήνα - Κέντρο (Αττική),37.979309,23.758591,1,0,0,Άγνωστο,13.0,51.0,516,1382,860,1386
1218600033,1100,40,1,1,3,1988.0,3,Ιλίσια (Αθήνα - Κέντρο),Αθήνα - Κέντρο (Αττική),37.976646,23.756063,0,1,1,2.0,27.5,38.0,417,1286,789,1165
1218829615,1600,97,2,1,10,1972.0,4,Ιλίσια (Αθήνα - Κέντρο),Αθήνα - Κέντρο (Αττική),37.977932,23.753294,1,0,0,2.0,16.49,54.0,161,1561,584,992
1220081809,1700,95,2,1,6,1965.0,9,Ιλίσια (Αθήνα - Κέντρο),Αθήνα - Κέντρο (Αττική),37.977093,23.751947,1,1,1,4.0,17.89,61.0,254,1594,442,936
1220263669,850,65,1,1,6,1960.0,6,Ιλίσια (Αθήνα - Κέντρο),Αθήνα - Κέντρο (Αττική),37.977291,23.752909,0,0,0,4.0,13.08,66.0,224,1541,529,995
1218869746,1600,97,2,1,10,1972.0,4,Ιλίσια (Αθήνα - Κέντρο),Αθήνα - Κέντρο (Αττική),37.978043,23.755953,1,0,1,2.0,16.49,54.0,318,1405,809,1201
1220519261,900,65,2,1,7,2006.0,5,Ιλίσια (Αθήνα - Κέντρο),Αθήνα - Κέντρο (Αττική),37.978558,23.760195,1,0,1,2.0,13.85,20.0,662,1241,816,1541
1220504863,750,62,1,1,6,1967.0,7,Ιλίσια (Αθήνα - Κέντρο),Αθήνα - Κέντρο (Αττική),37.978218,23.759911,1,1,0,2.0,12.1,59.0,643,1220,861,1526
1219780849,700,60,1,1,8,1970.0,7,Ιλίσια (Αθήνα - Κέντρο),Αθήνα - Κέντρο (Αττική),37.976921,23.757151,1,1,0,2.0,11.67,56.0,471,1242,887,1258
1218765457,1700,114,2,1,6,1981.0,5,Ιλίσια (Αθήνα - Κέντρο),Αθήνα - Κέντρο (Αττική),37.977913,23.7533,1,1,1,2.0,14.91,45.0,163,1559,584,993
1219567672,650,60,1,1,3,1983.0,4,Ιλίσια (Αθήνα - Κέντρο),Αθήνα - Κέντρο (Αττική),37.976974,23.759144,0,1,0,13.0,10.83,43.0,621,1138,1011,1401
1220340664,680,42,1,1,7,1974.0,6,Ιλίσια (Αθήνα - Κέντρο),Αθήνα - Κέντρο (Αττική),37.979733,23.758944,1,1,1,Άγνωστο,16.19,52.0,549,1408,807,1408
1220520937,1200,70,2,1,9,1977.0,5,Ιλίσια (Αθήνα - Κέντρο),Αθήνα - Κέντρο (Αττική),37.976662,23.751713,1,0,0,2.0,17.14,49.0,306,1583,411,913
1220469036,600,52,1,1,2,1975.0,7,Ιλίσια (Αθήνα - Κέντρο),Αθήνα - Κέντρο (Αττική),37.975052,23.752348,0,1,1,4.0,11.54,51.0,473,1441,472,807
1220214900,1500,135,3,1,9,1975.0,7,Ιλίσια (Αθήνα - Κέντρο),Αθήνα - Κέντρο (Αττική),37.977539,23.754139,1,0,0,1.0,11.11,51.0,233,1477,640,1077
1219509540,650,50,1,1,4,1975.0,4,Ιλίσια (Αθήνα - Κέντρο),Αθήνα - Κέντρο (Αττική),37.979023,23.758022,0,0,0,8.0,13.0,51.0,467,1382,919,1344
1220505790,650,30,1,1,4,1980.0,7,Ιλίσια (Αθήνα - Κέντρο),Αθήνα - Κέντρο (Αττική),37.979038,23.753094,0,1,1,1.0,21.67,46.0,45,1658,625,928
1220304789,670,74,2,1,3,1976.0,8,Ιλίσια (Αθήνα - Κέντρο),Αθήνα - Κέντρο (Αττική),37.977894,23.75881,0,1,0,1.0,9.05,50.0,558,1239,952,1439
1219811128,670,74,2,1,3,1976.0,7,Ιλίσια (Αθήνα - Κέντρο),Αθήνα - Κέντρο (Αττική),37.978146,23.758568,0,1,0,1.0,9.05,50.0,530,1274,947,1415
1220412128,550,20,1,1,3,1963.0,7,Ιλίσια (Αθήνα - Κέντρο),Αθήνα - Κέντρο (Αττική),37.977776,23.76095,0,0,1,1.0,27.5,63.0,743,1134,845,1582
1219263543,1200,117,4,1,8,1973.0,6,Ιλίσια (Αθήνα - Κέντρο),Αθήνα - Κέντρο (Αττική),37.978416,23.759815,1,0,1,2.0,10.26,53.0,631,1243,850,1513
1219516920,590,50,1,1,4,1975.0,4,Ιλίσια (Αθήνα - Κέντρο),Αθήνα - Κέντρο (Αττική),37.978691,23.75766,1,1,1,4.0,11.8,51.0,440,1369,967,1322
1220504965,750,50,0,0,10,2004.0,6,Ιλίσια (Αθήνα - Κέντρο),Αθήνα - Κέντρο (Αττική),37.978558,23.757757,0,0,0,1.0,15.0,22.0,451,1352,970,1334
1219360332,550,46,1,1,4,1980.0,7,Ιλίσια (Αθήνα - Κέντρο),Αθήνα - Κέντρο (Αττική),37.976147,23.755037,1,1,0,2.0,11.96,46.0,406,1316,696,1061
1219741904,2000,130,3,2,3,1950.0,5,Ιλίσια (Αθήνα - Κέντρο),Αθήνα - Κέντρο (Αττική),37.979534,23.758583,0,1,1,2.0,15.38,76.0,516,1404,846,1380
1220535135,780,50,1,1,3,1973.0,3,Ιλίσια (Αθήνα - Κέντρο),Αθήνα - Κέντρο (Αττική),37.976814,23.756783,1,1,1,2.0,15.6,53.0,452,1255,854,1225
1220168550,650,74,2,1,3,1976.0,7,Ιλίσια (Αθήνα - Κέντρο),Αθήνα - Κέντρο (Αττική),37.979137,23.759552,0,1,0,1.0,8.78,50.0,601,1325,809,1472
1219664581,500,35,1,1,2,1955.0,7,Ιλίσια (Αθήνα - Κέντρο),Αθήνα - Κέντρο (Αττική),37.979458,23.757572,0,1,0,4.0,14.29,71.0,427,1444,923,1295
1220290582,650,60,1,1,2,1980.0,6,Ιλίσια (Αθήνα - Κέντρο),Αθήνα - Κέντρο (Αττική),37.978317,23.759764,0,1,0,13.0,10.83,46.0,629,1236,861,1511
1219904832,550,48,1,1,3,1974.0,6,Ιλίσια (Αθήνα - Κέντρο),Αθήνα - Κέντρο (Αττική),37.979221,23.758799,0,1,0,2.0,11.46,52.0,535,1365,852,1406
1216864028,1900,116,2,1,8,1950.0,5,Ιλίσια (Αθήνα - Κέντρο),Αθήνα - Κέντρο (Αττική),37.978043,23.752474,1,1,1,2.0,16.38,76.0,141,1623,523,922
1220530592,460,32,1,1,8,1997.0,4,Ιλίσια (Αθήνα - Κέντρο),Αθήνα - Κέντρο (Αττική),37.979462,23.761402,1,1,0,1.0,14.38,29.0,763,1291,671,1625
1220164277,690,63,1,1,9,1990.0,6,Ιλίσια (Αθήνα - Κέντρο),Αθήνα - Κέντρο (Αττική),37.977341,23.7586,1,1,1,1.0,10.95,36.0,561,1199,1010,1387
1220192673,780,50,1,1,3,1973.0,3,Ιλίσια (Αθήνα - Κέντρο),Αθήνα - Κέντρο (Αττική),37.976521,23.75819,0,0,1,2.0,15.6,53.0,572,1149,974,1304
1220214928,380,44,1,1,3,1965.0,9,Ιλίσια (Αθήνα - Κέντρο),Αθήνα - Κέντρο (Αττική),37.977966,23.762194,0,1,1,4.0,8.64,61.0,845,1111,771,1685
1219798824,850,73,1,1,7,1970.0,6,Ιλίσια (Αθήνα - Κέντρο),Αθήνα - Κέντρο (Αττική),37.975346,23.760303,1,0,0,2.0,11.64,56.0,798,931,1106,1397
1217891332,650,70,2,0,9,1978.0,8,Ιλίσια (Αθήνα - Κέντρο),Αθήνα - Κέντρο (Αττική),37.976624,23.759308,1,0,1,Άγνωστο,9.29,48.0,651,1098,1033,1392
1220390893,900,56,1,1,8,1980.0,7,Ιλίσια (Αθήνα - Κέντρο),Αθήνα - Κέντρο (Αττική),37.978062,23.754221,1,1,0,1.0,16.07,46.0,192,1511,665,1060
1220505049,780,50,1,1,3,1973.0,3,Ιλίσια (Αθήνα - Κέντρο),Αθήνα - Κέντρο (Αττική),37.976799,23.75663,1,1,1,2.0,15.6,53.0,443,1263,840,1214
1220110103,750,28,1,1,8,1970.0,1,Ιλίσια (Αθήνα - Κέντρο),Αθήνα - Κέντρο (Αττική),37.976017,23.753256,1,0,1,Άγνωστο,26.79,56.0,368,1431,540,939
1219707020,450,35,1,1,2,1957.0,7,Ιλίσια (Αθήνα - Κέντρο),Αθήνα - Κέντρο (Αττική),37.977257,23.756004,0,1,0,Άγνωστο,12.86,69.0,368,1338,793,1207
1219845794,850,72,2,1,7,1998.0,7,Ιλίσια (Αθήνα - Κέντρο),Αθήνα - Κέντρο (Αττική),37.975994,23.755386,1,0,1,2.0,11.81,28.0,437,1281,726,1073
1220535991,680,45,1,1,7,1969.0,7,Ιλίσια (Αθήνα - Κέντρο),Αθήνα - Κέντρο (Αττική),37.979065,23.758907,1,0,0,2.0,15.11,57.0,545,1345,856,1418
1219499536,590,50,1,1,4,1975.0,4,Ιλίσια (Αθήνα - Κέντρο),Αθήνα - Κέντρο (Αττική),37.978745,23.75712,0,1,1,8.0,11.8,51.0,392,1401,930,1275
1219797386,650,50,1,1,4,1975.0,4,Ιλίσια (Αθήνα - Κέντρο),Αθήνα - Κέντρο (Αττική),37.978668,23.759737,0,0,0,Άγνωστο,13.0,51.0,621,1271,834,1499
1219785338,550,48,1,1,3,1972.0,6,Ιλίσια (Αθήνα - Κέντρο),Αθήνα - Κέντρο (Αττική),37.979118,23.758619,0,0,0,2.0,11.46,54.0,519,1363,872,1392
1220465778,500,28,1,1,9,2010.0,5,Γουδή (Αθήνα - Κέντρο),Αθήνα - Κέντρο (Αττική),37.982105,23.763466,1,0,0,2.0,17.86,16.0,803,1527,333,1785
1220545977,620,31,1,1,10,2015.0,2,Γουδή (Αθήνα - Κέντρο),Αθήνα - Κέντρο (Αττική),37.980598,23.75997,1,1,1,Άγνωστο,20.0,11.0,653,1455,678,1485
1220531918,620,34,1,1,10,2020.0,4,Γουδή (Αθήνα - Κέντρο),Αθήνα - Κέντρο (Αττική),37.982121,23.76314,1,0,1,2.0,18.24,6.0,782,1534,354,1757
1220544163,850,49,1,1,8,1965.0,4,Γουδή (Αθήνα - Κέντρο),Αθήνα - Κέντρο (Αττική),37.98143,23.761469,1,1,0,2.0,17.35,61.0,757,1496,517,1610
1220521033,900,100,2,1,10,1966.0,6,Γουδή (Αθήνα - Κέντρο),Αθήνα - Κέντρο (Αττική),37.98360154444445,23.76309445555556,0,0,0,Άγνωστο,9.0,60.0,667,1696,283,1764
1219294416,1100,104,3,1,7,1958.0,5,Γουδή (Αθήνα - Κέντρο),Αθήνα - Κέντρο (Αττική),37.981133,23.761223,1,1,0,2.0,10.58,68.0,774,1471,554,1590
1218026453,920,104,1,1,7,1976.0,8,Γουδή (Αθήνα - Κέντρο),Αθήνα - Κέντρο (Αττική),37.98053,23.759199,1,1,0,2.0,8.85,50.0,586,1477,738,1418
1219956369,560,58,1,1,7,1975.0,7,Γουδή (Αθήνα - Κέντρο),Αθήνα - Κέντρο (Αττική),37.982441,23.76272,1,0,1,1.0,9.66,51.0,731,1576,364,1721
1214882702,650,60,1,1,6,1985.0,10,Γουδή (Αθήνα - Κέντρο),Αθήνα - Κέντρο (Αττική),37.982441,23.759399,1,1,0,2.0,10.83,41.0,577,1663,611,1430
1220460941,400,40,1,1,6,1980.0,8,Γουδή (Αθήνα - Κέντρο),Αθήνα - Κέντρο (Αττική),37.98735,23.768621,1,1,0,1.0,10.0,46.0,795,1679,237,2320
1215740713,750,85,2,1,6,1965.0,7,Γουδή (Αθήνα - Κέντρο),Αθήνα - Κέντρο (Αττική),37.985062,23.76478,1,1,0,2.0,8.82,61.0,718,1805,66,1934
1220006627,750,76,2,1,7,1972.0,7,Γουδή (Αθήνα - Κέντρο),Αθήνα - Κέντρο (Αττική),37.987877,23.768362,1,1,0,2.0,9.87,54.0,734,1735,249,2315
1219424036,550,46,1,1,4,1970.0,6,Γουδή (Αθήνα - Κέντρο),Αθήνα - Κέντρο (Αττική),37.982277,23.761143,0,0,0,1.0,11.96,56.0,661,1594,495,1582
1220415244,1800,57,1,1,12,2007.0,4,Γουδή (Αθήνα - Κέντρο),Αθήνα - Κέντρο (Αττική),37.983139,23.75967,1,1,1,2.0,31.58,19.0,515,1727,549,1460
1220300710,700,61,1,1,10,1985.0,7,Γουδή (Αθήνα - Κέντρο),Αθήνα - Κέντρο (Αττική),37.987473,23.769335,1,1,0,1.0,11.48,41.0,822,1642,174,2384
1220331674,570,35,1,1,7,1974.0,7,Γουδή (Αθήνα - Κέντρο),Αθήνα - Κέντρο (Αττική),37.98719,23.766485,1,1,1,2.0,16.29,52.0,721,1811,214,2135
1218030420,600,48,1,1,3,1983.0,7,Γουδή (Αθήνα - Κέντρο),Αθήνα - Κέντρο (Αττική),37.98362,23.76358,0,1,0,Άγνωστο,12.5,43.0,700,1691,244,1806
1220439251,480,36,1,1,8,1982.0,6,Γουδή (Αθήνα - Κέντρο),Αθήνα - Κέντρο (Αττική),37.986935,23.766317,1,0,1,1.0,13.33,44.0,742,1805,183,2113
1220508752,650,45,1,0,3,1970.0,7,Γουδή (Αθήνα - Κέντρο),Αθήνα - Κέντρο (Αττική),37.987526,23.767723,0,1,0,1.0,14.44,56.0,736,1751,309,2250
1216076574,860,70,2,1,4,1970.0,1,Γουδή (Αθήνα - Κέντρο),Αθήνα - Κέντρο (Αττική),37.98196,23.76005,0,1,1,2.0,12.29,56.0,648,1593,597,1486
1220480194,750,61,2,1,6,1970.0,1,Γουδή (Αθήνα - Κέντρο),Αθήνα - Κέντρο (Αττική),37.98431,23.765198,1,1,0,Άγνωστο,12.3,56.0,784,1734,99,1957
1220426678,700,45,1,1,7,1974.5,7,Γουδή (Αθήνα - Κέντρο),Αθήνα - Κέντρο (Αττική),37.979698,23.75655,1,1,0,2.0,15.56,51.5,340,1516,925,1202
1220461583,750,61,1,1,10,1980.0,2,Γουδή (Αθήνα - Κέντρο),Αθήνα - Κέντρο (Αττική),37.988243,23.770714,1,1,0,4.0,12.3,46.0,760,1622,50,2524
1219815123,650,47,1,1,3,1974.0,2,Γουδή (Αθήνα - Κέντρο),Αθήνα - Κέντρο (Αττική),37.980591,23.757429,1,1,1,Άγνωστο,13.83,52.0,439,1557,870,1263
1220406342,400,40,1,1,6,1980.0,8,Γουδή (Αθήνα - Κέντρο),Αθήνα - Κέντρο (Αττική),37.98735,23.768621,1,1,0,1.0,10.0,46.0,795,1679,237,2320
1220371259,850,106,2,2,9,1976.0,6,Γουδή (Αθήνα - Κέντρο),Αθήνα - Κέντρο (Αττική),37.988522,23.772001,1,1,0,1.0,8.02,50.0,669,1575,91,2641
123554784,450,38,1,1,3,1970.0,8,Γουδή (Αθήνα - Κέντρο),Αθήνα - Κέντρο (Αττική),37.981411,23.756474,0,1,0,Άγνωστο,11.84,56.0,406,1678,888,1173
1220278946,700,60,1,1,10,1974.5,7,Γουδή (Αθήνα - Κέντρο),Αθήνα - Κέντρο (Αττική),37.987461,23.76733,1,1,0,1.0,11.67,51.5,725,1772,285,2215
1220377146,1210,94,2,1,10,1970.0,7,Γουδή (Αθήνα - Κέντρο),Αθήνα - Κέντρο (Αττική),37.982079,23.760628,1,1,1,1.0,12.87,56.0,658,1588,546,1537
1220001635,1090,55,1,1,8,1990.0,7,Γουδή (Αθήνα - Κέντρο),Αθήνα - Κέντρο (Αττική),37.97974,23.756664,1,1,1,1.0,19.82,36.0,351,1514,936,1211
1219655240,1200,105,3,1,7,1980.0,6,Γουδή (Αθήνα - Κέντρο),Αθήνα - Κέντρο (Αττική),37.982155,23.757967,1,0,1,1.0,11.43,46.0,560,1687,733,1304
1219935381,1090,85,2,1,6,1970.0,9,Γουδή (Αθήνα - Κέντρο),Αθήνα - Κέντρο (Αττική),37.981964,23.763508,1,0,1,1.0,12.82,56.0,817,1511,341,1789
1219535182,1050,54,2,1,7,1978.0,7,Γουδή (Αθήνα - Κέντρο),Αθήνα - Κέντρο (Αττική),37.982227,23.758284,1,1,1,Άγνωστο,19.44,48.0,574,1681,705,1332
1220122410,560,38,1,1,3,1971.0,6,Γουδή (Αθήνα - Κέντρο),Αθήνα - Κέντρο (Αττική),37.98904,23.768948,0,1,1,4.0,14.74,55.0,671,1791,229,2404
1220342039,2000,110,2,2,9,1975.0,6,Γουδή (Αθήνα - Κέντρο),Αθήνα - Κέντρο (Αττική),37.981304,23.756956,1,1,0,4.0,18.18,51.0,435,1646,859,1216
1220115774,740,80,2,1,6,1980.0,8,Γουδή (Αθήνα - Κέντρο),Αθήνα - Κέντρο (Αττική),37.985504,23.767212,1,0,0,1.0,9.25,46.0,908,1649,175,2153
1220260936,450,26,1,1,3,1970.0,8,Γουδή (Αθήνα - Κέντρο),Αθήνα - Κέντρο (Αττική),37.982338,23.763653,0,1,1,4.0,17.31,56.0,796,1549,304,1802
1219906379,500,35,1,1,4,1965.0,7,Γουδή (Αθήνα - Κέντρο),Αθήνα - Κέντρο (Αττική),37.982849,23.762957,0,1,0,2.0,14.29,61.0,713,1616,324,1744
1219562827,550,32,1,1,2,1985.0,7,Γουδή (Αθήνα - Κέντρο),Αθήνα - Κέντρο (Αττική),37.979939,23.757215,0,1,0,2.0,17.19,41.0,402,1505,921,1254
1220371598,880,70,2,1,4,1970.0,8,Γουδή (Αθήνα - Κέντρο),Αθήνα - Κέντρο (Αττική),37.980637,23.758926,0,1,1,2.0,12.57,56.0,566,1498,752,1393
1219971124,700,50,1,1,3,1972.0,8,Γουδή (Αθήνα - Κέντρο),Αθήνα - Κέντρο (Αττική),37.986824,23.76803,0,1,1,4.0,14.0,54.0,817,1680,291,2255
1220378398,880,70,2,1,4,1970.0,1,Γουδή (Αθήνα - Κέντρο),Αθήνα - Κέντρο (Αττική),37.981827,23.759121,0,1,1,2.0,12.57,56.0,629,1610,671,1404
1220072288,650,47,1,1,3,1974.0,7,Γουδή (Αθήνα - Κέντρο),Αθήνα - Κέντρο (Αττική),37.981071,23.760738,0,1,1,4.0,13.83,52.0,732,1479,593,1548
1219954093,2000,112,2,2,10,1977.0,4,Γουδή (Αθήνα - Κέντρο),Αθήνα - Κέντρο (Αττική),37.981441,23.761507,1,1,1,2.0,17.86,49.0,757,1496,514,1614
1220244366,1900,95,2,1,10,1958.0,6,Γουδή (Αθήνα - Κέντρο),Αθήνα - Κέντρο (Αττική),37.982193,23.760294,1,0,0,2.0,20.0,68.0,633,1609,567,1508
1220315190,600,50,2,1,7,1980.0,7,Γουδή (Αθήνα - Κέντρο),Αθήνα - Κέντρο (Αττική),37.9855,23.766479,1,0,0,4.0,12.0,46.0,846,1702,121,2090
1219583370,1300,132,2,1,6,1969.0,7,Γουδή (Αθήνα - Κέντρο),Αθήνα - Κέντρο (Αττική),37.980816,23.755768,1,1,0,2.0,9.85,57.0,317,1657,930,1116
1219906394,700,70,2,1,10,1966.0,9,Γουδή (Αθήνα - Κέντρο),Αθήνα - Κέντρο (Αττική),37.979576,23.756432,1,0,0,2.0,10.0,60.0,329,1511,909,1194
1219059709,1050,67,2,1,2,1965.0,8,Γουδή (Αθήνα - Κέντρο),Αθήνα - Κέντρο (Αττική),37.981323,23.756025,1,1,0,2.0,15.67,61.0,368,1691,927,1134
1219887930,2000,100,2,1,7,1970.0,5,Γουδή (Αθήνα - Κέντρο),Αθήνα - Κέντρο (Αττική),37.983082,23.757917,0,0,1,1.0,20.0,56.0,474,1781,689,1306
1220499737,680,49,1,1,8,1975.0,10,Γουδή (Αθήνα - Κέντρο),Αθήνα - Κέντρο (Αττική),37.9828,23.763006,1,0,0,2.0,13.88,51.0,720,1610,323,1748
1215427822,800,36,1,1,2,1980.0,2,Γουδή (Αθήνα - Κέντρο),Αθήνα - Κέντρο (Αττική),37.982208,23.76433,0,1,1,2.0,22.22,46.0,850,1526,272,1861
1220330119,900,62,2,1,6,2010.0,5,Γουδή (Αθήνα - Κέντρο),Αθήνα - Κέντρο (Αττική),37.98291,23.763435,1,0,0,2.0,14.52,16.0,739,1615,284,1787
1220497575,800,75,2,1,8,1980.0,6,Γουδή (Αθήνα - Κέντρο),Αθήνα - Κέντρο (Αττική),37.987827,23.766764,1,1,0,2.0,10.67,46.0,666,1836,287,2180
1219556057,750,65,2,1,4,1975.0,8,Γουδή (Αθήνα - Κέντρο),Αθήνα - Κέντρο (Αττική),37.986553,23.766369,0,1,0,2.0,11.54,51.0,784,1776,154,2107
1220392941,1000,75,3,2,10,1969.0,7,Γουδή (Αθήνα - Κέντρο),Αθήνα - Κέντρο (Αττική),37.979778,23.75721,1,1,1,Άγνωστο,13.33,57.0,399,1491,930,1257
1219408526,1500,60,1,1,3,1960.0,6,Γουδή (Αθήνα - Κέντρο),Αθήνα - Κέντρο (Αττική),37.981392,23.759159,1,1,0,2.0,25.0,66.0,612,1565,695,1408
1219529829,1300,106,2,1,6,1970.0,8,Γουδή (Αθήνα - Κέντρο),Αθήνα - Κέντρο (Αττική),37.982826,23.763403,1,1,1,2.0,12.26,56.0,743,1606,291,1783
1220497018,850,86,2,1,8,2007.0,4,Καισαριανή (Αθήνα - Νότια Προάστια),Αθήνα - Νότια Προάστια (Αττική),37.967728,23.759983,1,1,0,1.0,9.88,19.0,1436,588,1456,1247
1220542831,1100,76,2,1,6,1978.0,8,Καισαριανή (Αθήνα - Νότια Προάστια),Αθήνα - Νότια Προάστια (Αττική),37.967506,23.759502,1,1,1,2.0,14.47,48.0,1441,634,1440,1211
1220531931,800,53,1,1,3,1975.0,7,Καισαριανή (Αθήνα - Νότια Προάστια),Αθήνα - Νότια Προάστια (Αττική),37.972805,23.754824,0,1,1,4.0,15.09,51.0,746,1133,765,843
1220499187,620,27,1,1,9,2024.0,4,Καισαριανή (Αθήνα - Νότια Προάστια),Αθήνα - Νότια Προάστια (Αττική),37.96994,23.756153,1,0,0,4.0,22.96,2.0,1068,928,1041,890
1220521516,600,54,1,1,7,1980.0,7,Καισαριανή (Αθήνα - Νότια Προάστια),Αθήνα - Νότια Προάστια (Αττική),37.968357,23.755135,1,1,0,Άγνωστο,11.11,46.0,1129,1005,1104,817
1220490911,1300,100,2,1,8,1975.0,6,Καισαριανή (Αθήνα - Νότια Προάστια),Αθήνα - Νότια Προάστια (Αττική),37.97242,23.75371,1,0,1,Άγνωστο,13.0,51.0,731,1207,703,736
1220450538,500,28,1,1,2,1975.0,7,Καισαριανή (Αθήνα - Νότια Προάστια),Αθήνα - Νότια Προάστια (Αττική),37.973263,23.754387,0,1,1,4.0,17.86,51.0,687,1190,708,830
1220497427,950,87,3,1,10,1973.0,6,Καισαριανή (Αθήνα - Νότια Προάστια),Αθήνα - Νότια Προάστια (Αττική),37.968102,23.753904,1,1,0,2.0,10.92,53.0,1086,1114,1062,718
1220212392,900,75,2,1,8,1974.0,4,Καισαριανή (Αθήνα - Νότια Προάστια),Αθήνα - Νότια Προάστια (Αττική),37.967865,23.754097,1,1,0,Άγνωστο,12.0,52.0,1117,1099,1093,742
1220546871,600,48,1,1,7,2006.0,3,Καισαριανή (Αθήνα - Νότια Προάστια),Αθήνα - Νότια Προάστια (Αττική),37.97047,23.757851,1,0,0,2.0,12.5,20.0,1081,795,1125,1042
1220292246,1060,80,2,1,6,1962.0,8,Καισαριανή (Αθήνα - Νότια Προάστια),Αθήνα - Νότια Προάστια (Αττική),37.969612,23.752483,1,1,1,Άγνωστο,13.25,64.0,877,1243,853,569
1220296082,690,52,1,1,6,1961.0,6,Καισαριανή (Αθήνα - Νότια Προάστια),Αθήνα - Νότια Προάστια (Αττική),37.96283,23.758692,1,1,0,1.0,13.27,65.0,1807,945,1782,1356
1220307483,690,49,1,1,6,1970.0,8,Καισαριανή (Αθήνα - Νότια Προάστια),Αθήνα - Νότια Προάστια (Αττική),37.971275,23.752045,1,1,0,4.0,14.08,56.0,707,1310,681,555
1218720729,1290,80,2,1,6,2010.0,5,Καισαριανή (Αθήνα - Νότια Προάστια),Αθήνα - Νότια Προάστια (Αττική),37.972416,23.753761,1,1,1,2.0,16.12,16.0,735,1203,707,740
1220366241,880,60,2,1,10,1975.0,2,Καισαριανή (Αθήνα - Νότια Προάστια),Αθήνα - Νότια Προάστια (Αττική),37.966869,23.758591,1,1,1,9.0,14.67,51.0,1457,728,1430,1151
1219574660,700,78,2,1,7,1970.0,5,Καισαριανή (Αθήνα - Νότια Προάστια),Αθήνα - Νότια Προάστια (Αττική),37.96748,23.754318,1,1,0,2.0,8.97,56.0,1163,1084,1139,773
1218891155,990,50,1,1,6,1987.0,7,Καισαριανή (Αθήνα - Νότια Προάστια),Αθήνα - Νότια Προάστια (Αττική),37.972424,23.751999,1,1,1,2.0,19.8,39.0,612,1349,585,601
1220500921,480,30,1,0,4,1973.0,7,Καισαριανή (Αθήνα - Νότια Προάστια),Αθήνα - Νότια Προάστια (Αττική),37.968338,23.754416,1,1,0,1.0,16.0,53.0,1091,1068,1066,755
1220284176,1200,80,2,1,11,2008.0,2,Καισαριανή (Αθήνα - Νότια Προάστια),Αθήνα - Νότια Προάστια (Αττική),37.970451,23.76046,1,0,0,2.0,15.0,18.0,1196,576,1324,1270
1220271114,600,46,1,1,6,1990.0,7,Καισαριανή (Αθήνα - Νότια Προάστια),Αθήνα - Νότια Προάστια (Αττική),37.966778,23.765251,1,1,1,1.0,13.04,36.0,1775,235,1893,1721
1212772335,1140,80,2,1,7,1960.0,8,Καισαριανή (Αθήνα - Νότια Προάστια),Αθήνα - Νότια Προάστια (Αττική),37.972836,23.750631,1,1,0,2.0,14.25,66.0,494,1477,469,528
1220070240,980,100,2,1,8,1970.0,4,Καισαριανή (Αθήνα - Νότια Προάστια),Αθήνα - Νότια Προάστια (Αττική),37.967834,23.754105,1,1,0,2.0,9.8,56.0,1120,1099,1096,743
1220534226,1100,80,2,1,6,1975.0,5,Καισαριανή (Αθήνα - Νότια Προάστια),Αθήνα - Νότια Προάστια (Αττική),37.967812,23.756994,1,1,1,2.0,13.75,51.0,1284,847,1257,989
1220414403,950,85,3,1,10,1973.0,5,Καισαριανή (Αθήνα - Νότια Προάστια),Αθήνα - Νότια Προάστια (Αττική),37.968102,23.753904,1,1,0,2.0,11.18,53.0,1086,1114,1062,718
123375826,650,50,1,1,7,1975.0,5,Καισαριανή (Αθήνα - Νότια Προάστια),Αθήνα - Νότια Προάστια (Αττική),37.973042,23.751238,1,1,0,Άγνωστο,13.0,51.0,517,1434,490,584
1219563072,1250,80,1,1,8,1988.0,10,Καισαριανή (Αθήνα - Νότια Προάστια),Αθήνα - Νότια Προάστια (Αττική),37.970993,23.755434,1,1,1,2.0,15.62,38.0,946,1014,918,838
1218689794,1100,80,2,1,8,2000.0,9,Καισαριανή (Αθήνα - Νότια Προάστια),Αθήνα - Νότια Προάστια (Αττική),37.965683,23.76531,1,0,1,1.0,13.75,26.0,1875,344,1966,1754
1220358850,920,51,1,1,4,1978.0,7,Καισαριανή (Αθήνα - Νότια Προάστια),Αθήνα - Νότια Προάστια (Αττική),37.966492,23.758238,0,1,1,4.0,18.04,48.0,1465,770,1439,1134
1219975373,450,30,1,1,3,1980.0,6,Καισαριανή (Αθήνα - Νότια Προάστια),Αθήνα - Νότια Προάστια (Αττική),37.966324,23.764505,0,1,0,Άγνωστο,15.0,46.0,1776,313,1867,1668
1219671805,1170,100,3,1,11,1981.0,5,Καισαριανή (Αθήνα - Νότια Προάστια),Αθήνα - Νότια Προάστια (Αττική),37.97319,23.750645,1,1,1,2.0,11.7,45.0,467,1489,441,555
1219955127,1000,121,3,2,9,1999.0,3,Καισαριανή (Αθήνα - Νότια Προάστια),Αθήνα - Νότια Προάστια (Αττική),37.971939,23.75214,1,0,0,1.0,8.26,27.0,658,1321,632,588
1219914774,600,46,1,1,6,1990.0,4,Καισαριανή (Αθήνα - Νότια Προάστια),Αθήνα - Νότια Προάστια (Αττική),37.967258,23.765181,1,1,0,1.0,13.04,36.0,1729,194,1859,1705
1220343360,1020,75,2,1,8,1975.0,4,Καισαριανή (Αθήνα - Νότια Προάστια),Αθήνα - Νότια Προάστια (Αττική),37.967182,23.75465,1,1,1,Άγνωστο,13.6,51.0,1207,1059,1183,812
1220085620,1200,125,3,2,10,1998.0,6,Καισαριανή (Αθήνα - Νότια Προάστια),Αθήνα - Νότια Προάστια (Αττική),37.970463,23.752892,1,0,0,1.0,9.6,28.0,823,1219,798,609
1219888661,1300,122,3,2,9,1999.0,6,Καισαριανή (Αθήνα - Νότια Προάστια),Αθήνα - Νότια Προάστια (Αττική),37.969421,23.753075,1,1,0,1.0,10.66,27.0,924,1189,900,622
1220393392,750,50,1,1,7,1960.0,6,Καισαριανή (Αθήνα - Νότια Προάστια),Αθήνα - Νότια Προάστια (Αττική),37.970482,23.752163,1,1,1,4.0,15.0,66.0,782,1283,757,546
1220073508,850,65,2,1,4,1972.0,5,Καισαριανή (Αθήνα - Νότια Προάστια),Αθήνα - Νότια Προάστια (Αττική),37.971962,23.751165,0,1,1,4.0,13.08,54.0,598,1404,573,513
1220125634,900,97,2,2,6,1965.0,8,Καισαριανή (Αθήνα - Νότια Προάστια),Αθήνα - Νότια Προάστια (Αττική),37.967953,23.759029,0,1,0,1.0,9.28,61.0,1378,668,1376,1160
1220072230,900,80,2,1,7,1977.0,7,Καισαριανή (Αθήνα - Νότια Προάστια),Αθήνα - Νότια Προάστια (Αττική),37.973831,23.754036,1,1,0,1.0,11.25,49.0,619,1245,654,835
1220072248,980,100,2,1,8,1970.0,7,Καισαριανή (Αθήνα - Νότια Προάστια),Αθήνα - Νότια Προάστια (Αττική),37.966579,23.756193,1,1,0,2.0,9.8,56.0,1341,940,1316,963
1219920574,600,46,1,1,6,1990.0,6,Καισαριανή (Αθήνα - Νότια Προάστια),Αθήνα - Νότια Προάστια (Αττική),37.967865,23.76339,1,1,0,1.0,13.04,36.0,1579,293,1690,1540
1219598756,530,52,1,1,4,1970.0,9,Καισαριανή (Αθήνα - Νότια Προάστια),Αθήνα - Νότια Προάστια (Αττική),37.967613,23.756983,0,0,0,4.0,10.19,56.0,1299,850,1273,993
1219555931,1250,80,1,1,8,1970.0,8,Καισαριανή (Αθήνα - Νότια Προάστια),Αθήνα - Νότια Προάστια (Αττική),37.972721,23.753616,1,1,1,2.0,15.62,56.0,706,1227,678,742
1219703651,1100,75,2,1,7,1966.0,8,Καισαριανή (Αθήνα - Νότια Προάστια),Αθήνα - Νότια Προάστια (Αττική),37.967926,23.754869,1,1,1,4.0,14.67,60.0,1152,1031,1127,805
1220394272,680,48,1,1,7,1975.0,8,Καισαριανή (Αθήνα - Νότια Προάστια),Αθήνα - Νότια Προάστια (Αττική),37.969154,23.764103,1,0,1,2.0,14.17,51.0,1507,227,1673,1589
1219981006,500,33,1,1,6,1980.0,6,Καισαριανή (Αθήνα - Νότια Προάστια),Αθήνα - Νότια Προάστια (Αττική),37.96809,23.757086,1,1,0,1.0,15.15,46.0,1267,836,1241,990
1219759259,1200,75,2,1,7,1966.0,8,Καισαριανή (Αθήνα - Νότια Προάστια),Αθήνα - Νότια Προάστια (Αττική),37.967209,23.755352,1,0,1,4.0,16.0,60.0,1241,998,1216,869
1218544957,650,41,1,1,3,1991.0,5,Καισαριανή (Αθήνα - Νότια Προάστια),Αθήνα - Νότια Προάστια (Αττική),37.963852,23.759941,0,1,1,4.0,15.85,35.0,1784,787,1758,1390
1219376165,950,121,3,2,9,1999.0,6,Καισαριανή (Αθήνα - Νότια Προάστια),Αθήνα - Νότια Προάστια (Αττική),37.970669,23.753782,1,1,0,1.0,7.85,27.0,860,1147,833,689
1219749700,2700,220,3,2,10,1972.0,8,Καισαριανή (Αθήνα - Νότια Προάστια),Αθήνα - Νότια Προάστια (Αττική),37.973167,23.751757,1,0,1,9.0,12.27,54.0,543,1397,516,628
1220358260,1350,106,3,2,7,2026.0,1,Καισαριανή (Αθήνα - Νότια Προάστια),Αθήνα - Νότια Προάστια (Αττική),37.969551,23.758171,1,0,0,2.0,12.74,0.0,1185,746,1207,1067
1220086638,980,100,2,1,8,1970.0,4,Καισαριανή (Αθήνα - Νότια Προάστια),Αθήνα - Νότια Προάστια (Αττική),37.968262,23.754505,1,1,0,2.0,9.8,56.0,1103,1061,1078,765
1219375157,950,126,3,2,9,1999.0,3,Καισαριανή (Αθήνα - Νότια Προάστια),Αθήνα - Νότια Προάστια (Αττική),37.971081,23.752625,0,1,0,1.0,7.54,27.0,756,1256,731,598
1220541811,1100,76,2,1,6,1978.0,5,Καισαριανή (Αθήνα - Νότια Προάστια),Αθήνα - Νότια Προάστια (Αττική),37.967163,23.760189,1,1,1,2.0,14.47,48.0,1501,584,1511,1278
1220006157,1100,75,2,1,7,1966.0,6,Καισαριανή (Αθήνα - Νότια Προάστια),Αθήνα - Νότια Προάστια (Αττική),37.967548,23.754713,0,1,1,Άγνωστο,14.67,60.0,1177,1049,1153,804
1219742605,1500,80,2,1,10,1968.0,4,Καισαριανή (Αθήνα - Νότια Προάστια),Αθήνα - Νότια Προάστια (Αττική),37.972702,23.751097,1,1,0,13.0,18.75,58.0,534,1433,507,551
1219631156,1200,74,1,1,9,1969.0,5,Καισαριανή (Αθήνα - Νότια Προάστια),Αθήνα - Νότια Προάστια (Αττική),37.973785,23.754021,1,1,1,4.0,16.22,57.0,624,1244,655,831
1219834670,1100,42,1,1,10,1975.0,8,Καισαριανή (Αθήνα - Νότια Προάστια),Αθήνα - Νότια Προάστια (Αττική),37.971939,23.751181,1,1,1,2.0,26.19,51.0,601,1402,576,513
1220530757,900,70,1,1,9,1980.0,5,Καισαριανή (Αθήνα - Νότια Προάστια),Αθήνα - Νότια Προάστια (Αττική),37.972004,23.751749,1,1,0,1.0,12.86,46.0,629,1356,603,560
1220252416,680,51,1,1,3,2025.0,4,Καισαριανή (Αθήνα - Νότια Προάστια),Αθήνα - Νότια Προάστια (Αττική),37.966988,23.768539,0,0,0,6.0,13.33,1.0,1950,247,1913,2000
1219912205,1050,70,2,2,6,1960.0,4,Καισαριανή (Αθήνα - Νότια Προάστια),Αθήνα - Νότια Προάστια (Αττική),37.970181,23.76,0,1,0,2.0,15.0,66.0,1199,605,1303,1228
1219876634,1200,75,2,1,7,1966.0,8,Καισαριανή (Αθήνα - Νότια Προάστια),Αθήνα - Νότια Προάστια (Αττική),37.967548,23.754713,1,1,1,Άγνωστο,16.0,60.0,1177,1049,1153,804
1219898825,500,50,1,1,4,1973.0,6,Καισαριανή (Αθήνα - Νότια Προάστια),Αθήνα - Νότια Προάστια (Αττική),37.965828,23.768721,0,1,0,4.0,10.0,53.0,2053,360,2043,2040
1217933610,1400,82,2,1,7,1970.0,6,Καισαριανή (Αθήνα - Νότια Προάστια),Αθήνα - Νότια Προάστια (Αττική),37.975971,23.755617,1,1,1,Άγνωστο,17.07,56.0,450,1264,747,1087
1220134124,780,96,2,1,8,1978.0,8,Καισαριανή (Αθήνα - Νότια Προάστια),Αθήνα - Νότια Προάστια (Αττική),37.972473,23.754267,1,0,0,1.0,8.12,48.0,769,1164,741,783
1220252935,1400,150,3,1,9,1972.0,7,Καισαριανή (Αθήνα - Νότια Προάστια),Αθήνα - Νότια Προάστια (Αττική),37.973763,23.751188,1,1,0,1.0,9.33,54.0,464,1468,436,633
1220542954,600,54,1,1,7,1980.0,7,Καισαριανή (Αθήνα - Νότια Προάστια),Αθήνα - Νότια Προάστια (Αττική),37.969208,23.754662,1,0,0,2.0,11.11,46.0,1031,1049,1005,762
1219449865,1200,74,2,1,9,1969.0,4,Καισαριανή (Αθήνα - Νότια Προάστια),Αθήνα - Νότια Προάστια (Αττική),37.972092,23.753901,1,1,1,2.0,16.22,57.0,766,1179,738,738
1220294584,1250,82,1,1,8,1969.0,10,Καισαριανή (Αθήνα - Νότια Προάστια),Αθήνα - Νότια Προάστια (Αττική),37.971867,23.751087,1,1,0,2.0,15.24,57.0,602,1408,577,502
1220378029,600,46,1,1,6,1990.0,4,Καισαριανή (Αθήνα - Νότια Προάστια),Αθήνα - Νότια Προάστια (Αττική),37.967258,23.765181,1,1,0,1.0,13.04,36.0,1729,194,1859,1705
1220125651,480,45,1,1,6,1965.0,9,Καισαριανή (Αθήνα - Νότια Προάστια),Αθήνα - Νότια Προάστια (Αττική),37.967236,23.760189,0,0,0,4.0,10.67,61.0,1493,582,1505,1276
1219730583,600,30,1,1,9,1978.0,6,Καισαριανή (Αθήνα - Νότια Προάστια),Αθήνα - Νότια Προάστια (Αττική),37.970783,23.758699,1,0,1,2.0,20.0,48.0,1083,734,1171,1119
1219665006,630,55,1,1,2,1973.0,4,Καισαριανή (Αθήνα - Νότια Προάστια),Αθήνα - Νότια Προάστια (Αττική),37.971573,23.751402,0,1,1,1.0,11.45,53.0,645,1373,620,513
1220332191,1150,82,2,1,9,2009.0,4,Καισαριανή (Αθήνα - Νότια Προάστια),Αθήνα - Νότια Προάστια (Αττική),37.968796,23.758266,1,0,0,2.0,14.02,17.0,1266,731,1265,1081
1220127597,1200,91,2,1,7,2008.0,6,Καισαριανή (Αθήνα - Νότια Προάστια),Αθήνα - Νότια Προάστια (Αττική),37.969341,23.759359,1,0,0,2.0,13.19,18.0,1252,640,1305,1172
1219833491,880,82,2,1,8,1975.0,7,Καισαριανή (Αθήνα - Νότια Προάστια),Αθήνα - Νότια Προάστια (Αττική),37.973366,23.753761,1,0,0,2.0,10.73,51.0,666,1244,653,787
1220268767,600,52,1,1,6,1965.0,6,Καισαριανή (Αθήνα - Νότια Προάστια),Αθήνα - Νότια Προάστια (Αττική),37.969772,23.758799,0,1,0,Άγνωστο,11.54,61.0,1187,696,1237,1122
1219920513,1200,75,1,1,7,1966.0,8,Καισαριανή (Αθήνα - Νότια Προάστια),Αθήνα - Νότια Προάστια (Αττική),37.967548,23.754713,1,0,1,4.0,16.0,60.0,1177,1049,1153,804
1219397095,1100,80,2,1,8,2007.0,6,Καισαριανή (Αθήνα - Νότια Προάστια),Αθήνα - Νότια Προάστια (Αττική),37.96595,23.767101,1,0,0,1.0,13.75,19.0,1949,298,2019,1899
1219998133,1100,75,2,1,7,1966.0,8,Καισαριανή (Αθήνα - Νότια Προάστια),Αθήνα - Νότια Προάστια (Αττική),37.968548,23.755995,1,1,1,Άγνωστο,14.67,60.0,1164,930,1138,887
1219920698,680,54,1,1,7,2016.0,5,Καισαριανή (Αθήνα - Νότια Προάστια),Αθήνα - Νότια Προάστια (Αττική),37.96471,23.765827,1,0,1,2.0,12.59,10.0,1989,438,2067,1828
1220282434,530,35,1,1,10,1973.0,6,Καισαριανή (Αθήνα - Νότια Προάστια),Αθήνα - Νότια Προάστια (Αττική),37.967831,23.756111,1,0,0,1.0,15.14,53.0,1229,923,1204,913
1220173755,800,73,1,1,9,1966.0,7,Καισαριανή (Αθήνα - Νότια Προάστια),Αθήνα - Νότια Προάστια (Αττική),37.96904,23.754816,1,1,0,1.0,10.96,60.0,1054,1034,1028,777
1219059683,650,30,1,1,10,1970.0,2,Γουδή (Αθήνα - Κέντρο),Αθήνα - Κέντρο (Αττική),37.987194,23.766857,1,1,0,Άγνωστο,21.67,56.0,733,1785,235,2167
1220496033,750,77,2,1,6,1970.0,6,Γουδή (Αθήνα - Κέντρο),Αθήνα - Κέντρο (Αττική),37.986591,23.765503,1,0,0,4.0,9.74,56.0,741,1841,116,2034
1220323368,400,32,1,1,6,1968.0,3,Γουδή (Αθήνα - Κέντρο),Αθήνα - Κέντρο (Αττική),37.982655,23.758167,0,1,1,1.0,12.5,58.0,525,1729,690,1324
1219532887,1300,106,2,1,6,1990.0,8,Γουδή (Αθήνα - Κέντρο),Αθήνα - Κέντρο (Αττική),37.983021,23.7642,1,1,1,1.0,12.26,36.0,783,1617,220,1854
1217351981,2000,112,2,2,10,1977.0,7,Γουδή (Αθήνα - Κέντρο),Αθήνα - Κέντρο (Αττική),37.981178,23.761883,1,1,1,2.0,17.86,49.0,799,1458,505,1648
1219858485,650,49,1,1,6,1977.0,6,Γουδή (Αθήνα - Κέντρο),Αθήνα - Κέντρο (Αττική),37.987923,23.769114,1,0,1,Άγνωστο,13.27,49.0,771,1691,183,2379
1219883124,680,50,1,1,3,1972.0,2,Γουδή (Αθήνα - Κέντρο),Αθήνα - Κέντρο (Αττική),37.987583,23.768152,1,1,1,4.0,13.6,54.0,751,1727,271,2288
1220385140,880,70,2,1,4,1970.0,1,Γουδή (Αθήνα - Κέντρο),Αθήνα - Κέντρο (Αττική),37.981964,23.762039,0,1,1,2.0,12.57,56.0,734,1539,443,1660
1220495160,1300,134,2,1,6,1972.0,5,Γουδή (Αθήνα - Κέντρο),Αθήνα - Κέντρο (Αττική),37.983032,23.759054,1,1,0,2.0,9.7,54.0,505,1736,602,1405
1220431898,700,45,1,1,7,1980.0,7,Γουδή (Αθήνα - Κέντρο),Αθήνα - Κέντρο (Αττική),37.979965,23.757196,1,1,0,2.0,15.56,46.0,401,1509,921,1252
1219892731,750,79,1,1,6,1966.0,9,Γουδή (Αθήνα - Κέντρο),Αθήνα - Κέντρο (Αττική),37.981102,23.761898,1,0,0,4.0,9.49,60.0,807,1450,510,1649
1218043012,900,72,2,1,7,1972.0,9,Γουδή (Αθήνα - Κέντρο),Αθήνα - Κέντρο (Αττική),37.986488,23.76787,1,0,0,1.0,12.5,54.0,843,1667,262,2233
1220265491,450,26,0,1,2,2023.0,1,Γουδή (Αθήνα - Κέντρο),Αθήνα - Κέντρο (Αττική),37.983006,23.76351,1,1,1,4.0,17.31,3.0,737,1625,273,1794
1219815024,900,62,2,1,6,2010.0,4,Γουδή (Αθήνα - Κέντρο),Αθήνα - Κέντρο (Αττική),37.983383,23.764578,1,0,0,2.0,14.52,16.0,787,1653,171,1891
1218205994,700,60,2,1,3,1901.0,10,Γουδή (Αθήνα - Κέντρο),Αθήνα - Κέντρο (Αττική),37.981815,23.759945,0,1,1,2.0,11.67,125.0,659,1581,612,1476
1219913603,600,48,1,1,4,1965.0,7,Γουδή (Αθήνα - Κέντρο),Αθήνα - Κέντρο (Αττική),37.9828,23.76333,0,1,0,4.0,12.5,61.0,741,1605,298,1777
1219657390,650,49,1,1,6,1977.0,6,Γουδή (Αθήνα - Κέντρο),Αθήνα - Κέντρο (Αττική),37.988316,23.769178,1,1,0,2.0,13.27,49.0,743,1718,181,2398
1220509071,550,31,1,1,6,1984.0,7,Γουδή (Αθήνα - Κέντρο),Αθήνα - Κέντρο (Αττική),37.988152,23.77198,1,1,1,2.0,17.74,42.0,705,1543,70,2628
1218187077,650,60,0,1,6,1975.0,6,Γουδή (Αθήνα - Κέντρο),Αθήνα - Κέντρο (Αττική),37.983204,23.763628,1,1,0,1.0,10.83,51.0,731,1645,254,1806
1220498152,390,27,1,1,6,1979.0,9,Γουδή (Αθήνα - Κέντρο),Αθήνα - Κέντρο (Αττική),37.987152,23.767908,1,0,0,Άγνωστο,14.44,47.0,780,1711,301,2254
1220170986,750,60,1,1,10,1972.0,8,Γουδή (Αθήνα - Κέντρο),Αθήνα - Κέντρο (Αττική),37.982426,23.765896,1,1,0,Άγνωστο,12.5,54.0,942,1539,189,1999
1220439015,1170,91,2,1,10,1980.0,6,Γουδή (Αθήνα - Κέντρο),Αθήνα - Κέντρο (Αττική),37.98143,23.763857,1,1,0,2.0,12.86,46.0,881,1447,366,1820
1220476329,900,60,2,1,4,1964.0,1,Γουδή (Αθήνα - Κέντρο),Αθήνα - Κέντρο (Αττική),37.986446,23.76676,0,1,1,4.0,15.0,62.0,807,1742,173,2137
1220468842,1170,90,2,1,10,1970.0,6,Γουδή (Αθήνα - Κέντρο),Αθήνα - Κέντρο (Αττική),37.981632,23.762056,1,1,0,2.0,13.0,56.0,765,1503,462,1661
1220433690,2000,115,3,1,9,1970.0,3,Γουδή (Αθήνα - Κέντρο),Αθήνα - Κέντρο (Αττική),37.980843,23.758089,1,1,1,4.0,17.39,56.0,503,1552,806,1318
1219878172,1300,106,2,1,6,1980.0,8,Γουδή (Αθήνα - Κέντρο),Αθήνα - Κέντρο (Αττική),37.983475,23.765596,1,0,0,Άγνωστο,12.26,46.0,858,1656,93,1980
1220075867,880,70,1,1,8,2004.0,4,Γουδή (Αθήνα - Κέντρο),Αθήνα - Κέντρο (Αττική),37.981525,23.762333,1,0,1,2.0,12.57,22.0,789,1485,450,1686
1220274125,850,65,1,2,3,1974.5,9,Γουδή (Αθήνα - Κέντρο),Αθήνα - Κέντρο (Αττική),37.985947,23.765659,0,1,1,Άγνωστο,13.08,51.5,765,1790,62,2030
1220450249,750,60,2,1,6,1970.0,1,Γουδή (Αθήνα - Κέντρο),Αθήνα - Κέντρο (Αττική),37.984417,23.765184,1,1,0,2.0,12.5,56.0,778,1740,104,1957
1220349427,490,32,1,1,8,1980.0,7,Γουδή (Αθήνα - Κέντρο),Αθήνα - Κέντρο (Αττική),37.980087,23.757339,1,1,0,Άγνωστο,15.31,46.0,416,1513,903,1262
1218016095,3150,127,2,1,9,1980.0,7,Κολωνάκι - Λυκαβηττός (Αθήνα - Κέντρο),Αθήνα - Κέντρο (Αττική),37.977676,23.74139,1,1,1,2.0,24.8,46.0,506,2003,534,482
1220187881,1200,80,1,1,6,1970.0,9,Κολωνάκι - Λυκαβηττός (Αθήνα - Κέντρο),Αθήνα - Κέντρο (Αττική),37.979279,23.73901,1,0,0,2.0,15.0,56.0,556,1760,797,455
1220247564,2000,125,2,1,9,1963.0,6,Κολωνάκι - Λυκαβηττός (Αθήνα - Κέντρο),Αθήνα - Κέντρο (Αττική),37.979179,23.737791,1,1,0,2.0,16.0,63.0,455,1738,889,549
1218432941,750,57,1,1,3,1967.0,8,Κολωνάκι - Λυκαβηττός (Αθήνα - Κέντρο),Αθήνα - Κέντρο (Αττική),37.977573,23.742783,0,0,1,1.0,13.16,59.0,388,2065,417,471
1220126586,2500,136,3,1,6,1972.0,6,Κολωνάκι - Λυκαβηττός (Αθήνα - Κέντρο),Αθήνα - Κέντρο (Αττική),37.976494,23.744991,1,1,0,2.0,18.38,54.0,165,2088,193,613
1215740720,1300,54,1,1,7,1967.0,3,Κολωνάκι - Λυκαβηττός (Αθήνα - Κέντρο),Αθήνα - Κέντρο (Αττική),37.980145,23.740437,1,1,1,2.0,24.07,59.0,670,1718,744,297
1219951257,1300,115,4,1,10,1965.0,9,Κολωνάκι - Λυκαβηττός (Αθήνα - Κέντρο),Αθήνα - Κέντρο (Αττική),37.98026266216216,23.743477702702705,0,0,0,Άγνωστο,11.3,61.0,547,1833,570,174
1220533574,2000,146,1,2,7,2008.0,5,Κολωνάκι - Λυκαβηττός (Αθήνα - Κέντρο),Αθήνα - Κέντρο (Αττική),37.981483,23.740517,1,0,0,2.0,13.7,18.0,689,1587,839,229
1220152604,2200,101,2,2,6,1968.0,6,Κολωνάκι - Λυκαβηττός (Αθήνα - Κέντρο),Αθήνα - Κέντρο (Αττική),37.98008,23.740589,1,1,0,9.0,21.78,58.0,683,1730,729,292
1220496644,1250,62,2,1,8,1967.0,3,Κολωνάκι - Λυκαβηττός (Αθήνα - Κέντρο),Αθήνα - Κέντρο (Αττική),37.987694,23.748116,1,1,1,1.0,20.16,59.0,789,1563,1303,789
1220242088,1800,87,2,1,8,1955.0,6,Κολωνάκι - Λυκαβηττός (Αθήνα - Κέντρο),Αθήνα - Κέντρο (Αττική),37.978462,23.739407,1,1,0,2.0,20.69,71.0,521,1858,728,492
1220338726,1600,67,1,1,10,1968.0,3,Κολωνάκι - Λυκαβηττός (Αθήνα - Κέντρο),Αθήνα - Κέντρο (Αττική),37.976898,23.739656,1,1,1,2.0,23.88,58.0,453,2029,660,459
1220461718,1100,70,2,2,3,1953.0,4,Κολωνάκι - Λυκαβηττός (Αθήνα - Κέντρο),Αθήνα - Κέντρο (Αττική),37.976391,23.746283,0,1,1,4.0,15.71,73.0,56,1980,84,663
1212044725,800,40,0,1,7,2022.0,3,Κολωνάκι - Λυκαβηττός (Αθήνα - Κέντρο),Αθήνα - Κέντρο (Αττική),37.985249,23.741911,1,1,1,4.0,20.0,4.0,970,1304,1125,397
1219785512,1100,62,1,1,9,1970.0,6,Κολωνάκι - Λυκαβηττός (Αθήνα - Κέντρο),Αθήνα - Κέντρο (Αττική),37.980812,23.748117,1,1,0,1.0,17.74,56.0,435,2034,542,453
1212183824,2280,123,3,2,7,1967.0,6,Κολωνάκι - Λυκαβηττός (Αθήνα - Κέντρο),Αθήνα - Κέντρο (Αττική),37.981995,23.738646,1,1,0,2.0,18.54,59.0,546,1467,997,391
1219962302,1400,70,2,1,7,1965.0,2,Κολωνάκι - Λυκαβηττός (Αθήνα - Κέντρο),Αθήνα - Κέντρο (Αττική),37.985798,23.744213,1,1,1,4.0,20.0,61.0,1037,1401,1118,455
1216624019,1040,48,1,1,3,1985.0,1,Κολωνάκι - Λυκαβηττός (Αθήνα - Κέντρο),Αθήνα - Κέντρο (Αττική),37.979675,23.743645,0,1,1,2.0,21.67,41.0,484,1897,509,241
1220088748,1470,73,1,1,6,1975.0,7,Κολωνάκι - Λυκαβηττός (Αθήνα - Κέντρο),Αθήνα - Κέντρο (Αττική),37.979782,23.745043,1,1,1,2.0,20.14,51.0,437,1954,458,282
1220494247,1350,60,1,1,3,1967.0,6,Κολωνάκι - Λυκαβηττός (Αθήνα - Κέντρο),Αθήνα - Κέντρο (Αττική),37.978642,23.742069,0,1,0,2.0,22.5,59.0,502,1930,530,363
1220318361,450,26,1,1,2,1961.0,5,Κολωνάκι - Λυκαβηττός (Αθήνα - Κέντρο),Αθήνα - Κέντρο (Αττική),37.978859,23.750719,1,1,1,Άγνωστο,17.31,65.0,180,1800,449,744
1219331760,670,50,1,1,3,1967.0,8,Κολωνάκι - Λυκαβηττός (Αθήνα - Κέντρο),Αθήνα - Κέντρο (Αττική),37.979549,23.744921,0,1,0,1.0,13.4,59.0,417,1969,438,297
1220450541,3000,155,3,2,9,1965.0,7,Κολωνάκι - Λυκαβηττός (Αθήνα - Κέντρο),Αθήνα - Κέντρο (Αττική),37.978222,23.7397,1,0,1,2.0,19.35,61.0,525,1891,694,497
1220372943,1050,81,2,1,7,1965.0,6,Κολωνάκι - Λυκαβηττός (Αθήνα - Κέντρο),Αθήνα - Κέντρο (Αττική),37.984741,23.742512,1,1,0,2.0,12.96,61.0,984,1381,1052,331
1216560606,3500,174,2,2,6,2025.0,1,Κολωνάκι - Λυκαβηττός (Αθήνα - Κέντρο),Αθήνα - Κέντρο (Αττική),37.970451,23.739874,1,1,0,Άγνωστο,20.11,1.0,716,2299,884,399
1218151571,1700,69,1,1,8,2022.0,4,Κολωνάκι - Λυκαβηττός (Αθήνα - Κέντρο),Αθήνα - Κέντρο (Αττική),37.97863,23.74461,1,0,1,Άγνωστο,24.64,4.0,341,2040,365,377
1219255755,450,30,0,1,3,1975.0,7,Κολωνάκι - Λυκαβηττός (Αθήνα - Κέντρο),Αθήνα - Κέντρο (Αττική),37.985909,23.74222,1,1,0,4.0,15.0,51.0,1035,1267,1182,463
1220270162,1200,62,1,1,10,1967.0,6,Κολωνάκι - Λυκαβηττός (Αθήνα - Κέντρο),Αθήνα - Κέντρο (Αττική),37.978809,23.74296,1,1,0,13.0,19.35,59.0,452,1950,479,333
1220498535,1000,50,1,1,2,1958.0,6,Κολωνάκι - Λυκαβηττός (Αθήνα - Κέντρο),Αθήνα - Κέντρο (Αττική),37.977238,23.740734,0,1,1,4.0,20.0,68.0,547,2026,575,541
1220306541,700,76,2,1,6,1967.0,7,Κολωνάκι - Λυκαβηττός (Αθήνα - Κέντρο),Αθήνα - Κέντρο (Αττική),37.984852,23.740589,1,1,0,2.0,9.21,59.0,850,1268,1138,404
1220478897,700,81,1,1,6,1970.0,8,Κολωνάκι - Λυκαβηττός (Αθήνα - Κέντρο),Αθήνα - Κέντρο (Αττική),37.984871,23.74114,1,0,0,Άγνωστο,8.64,56.0,890,1295,1116,382
1219552872,750,55,1,1,3,1962.0,8,Κολωνάκι - Λυκαβηττός (Αθήνα - Κέντρο),Αθήνα - Κέντρο (Αττική),37.981865,23.739532,0,1,0,2.0,13.64,64.0,615,1511,930,313
1220111838,880,50,1,1,6,1972.0,5,Κολωνάκι - Λυκαβηττός (Αθήνα - Κέντρο),Αθήνα - Κέντρο (Αττική),37.97879,23.745279,1,1,0,1.0,17.6,54.0,327,2057,349,385
1218529939,1600,81,1,1,7,1970.0,6,Κολωνάκι - Λυκαβηττός (Αθήνα - Κέντρο),Αθήνα - Κέντρο (Αττική),37.980373,23.744036,1,1,0,1.0,19.75,56.0,533,1850,555,179
1220316605,900,87,2,1,6,1975.0,7,Κολωνάκι - Λυκαβηττός (Αθήνα - Κέντρο),Αθήνα - Κέντρο (Αττική),37.98473,23.73984,1,1,1,1.0,10.34,51.0,790,1243,1161,433
1220333906,2100,98,2,2,8,1967.0,8,Κολωνάκι - Λυκαβηττός (Αθήνα - Κέντρο),Αθήνα - Κέντρο (Αττική),37.981483,23.738218,0,1,0,2.0,21.43,59.0,493,1506,989,429
1219613537,950,98,2,2,7,1967.0,7,Κολωνάκι - Λυκαβηττός (Αθήνα - Κέντρο),Αθήνα - Κέντρο (Αττική),37.985119,23.743299,1,0,0,2.0,9.69,59.0,1048,1396,1067,369
1219804712,1500,62,0,1,3,1960.0,8,Κολωνάκι - Λυκαβηττός (Αθήνα - Κέντρο),Αθήνα - Κέντρο (Αττική),37.97797,23.749468,0,1,0,2.0,24.19,66.0,313,1828,302,702
1220143629,1350,55,1,1,3,1967.0,7,Κολωνάκι - Λυκαβηττός (Αθήνα - Κέντρο),Αθήνα - Κέντρο (Αττική),37.980949,23.73852,0,0,1,Άγνωστο,24.55,59.0,507,1571,932,412
1215111124,1890,87,2,1,9,1955.0,9,Κολωνάκι - Λυκαβηττός (Αθήνα - Κέντρο),Αθήνα - Κέντρο (Αττική),37.979446,23.746164,1,1,0,1.0,21.72,71.0,376,2042,392,375
1220315185,770,43,1,1,11,1963.0,6,Κολωνάκι - Λυκαβηττός (Αθήνα - Κέντρο),Αθήνα - Κέντρο (Αττική),37.978188,23.743856,1,0,1,1.0,17.91,63.0,347,2048,374,407
1220313808,950,80,2,1,8,1992.0,6,Κολωνάκι - Λυκαβηττός (Αθήνα - Κέντρο),Αθήνα - Κέντρο (Αττική),37.987919,23.751919,1,0,0,2.0,11.88,34.0,459,1856,1184,1030
1219765922,2900,126,2,2,11,1960.0,6,Κολωνάκι - Λυκαβηττός (Αθήνα - Κέντρο),Αθήνα - Κέντρο (Αττική),37.979511,23.744822,0,0,1,2.0,23.02,66.0,417,1968,439,296
1220245712,3000,155,3,2,9,1960.0,7,Κολωνάκι - Λυκαβηττός (Αθήνα - Κέντρο),Αθήνα - Κέντρο (Αττική),37.978271,23.74173,1,1,1,2.0,19.35,66.0,506,1955,534,410
1219924227,1800,87,2,1,10,1958.0,5,Κολωνάκι - Λυκαβηττός (Αθήνα - Κέντρο),Αθήνα - Κέντρο (Αττική),37.976421,23.74074,1,0,0,Άγνωστο,20.69,68.0,531,2111,559,471
1217148280,2100,90,2,1,6,1970.0,6,Κολωνάκι - Λυκαβηττός (Αθήνα - Κέντρο),Αθήνα - Κέντρο (Αττική),37.980438,23.746,1,1,1,2.0,23.33,56.0,487,1945,503,296
127752690,1800,105,2,2,7,1970.0,3,Κολωνάκι - Λυκαβηττός (Αθήνα - Κέντρο),Αθήνα - Κέντρο (Αττική),37.978107,23.73786,1,1,1,6.0,17.14,56.0,395,1855,843,539
1220406289,1400,68,1,1,6,1970.0,5,Κολωνάκι - Λυκαβηττός (Αθήνα - Κέντρο),Αθήνα - Κέντρο (Αττική),37.98026266216216,23.743477702702705,1,0,0,Άγνωστο,20.59,56.0,547,1833,570,174
1219834646,680,50,1,2,3,1965.0,8,Κολωνάκι - Λυκαβηττός (Αθήνα - Κέντρο),Αθήνα - Κέντρο (Αττική),37.979362,23.744728,0,1,0,1.0,13.6,61.0,406,1977,428,306
1219733455,1600,80,1,1,10,1980.0,6,Κολωνάκι - Λυκαβηττός (Αθήνα - Κέντρο),Αθήνα - Κέντρο (Αττική),37.977581,23.74102,1,1,1,4.0,20.0,46.0,533,2000,561,503
1219435789,2500,96,2,2,10,1967.0,6,Κολωνάκι - Λυκαβηττός (Αθήνα - Κέντρο),Αθήνα - Κέντρο (Αττική),37.979465,23.74544,1,0,1,2.0,26.04,59.0,393,2003,412,331
1219835238,2200,88,0,0,3,1970.0,10,Κολωνάκι - Λυκαβηττός (Αθήνα - Κέντρο),Αθήνα - Κέντρο (Αττική),37.981022,23.737658,0,0,0,Άγνωστο,25.0,56.0,433,1539,998,485
1219443639,3000,100,1,2,3,1960.0,6,Κολωνάκι - Λυκαβηττός (Αθήνα - Κέντρο),Αθήνα - Κέντρο (Αττική),37.976181,23.742668,0,0,1,5.0,30.0,66.0,362,2200,389,584
1219342998,700,72,1,1,3,1990.0,5,Ιστορικό Κέντρο (Αθήνα - Κέντρο),Αθήνα - Κέντρο (Αττική),37.975042383333324,23.71726918333333,0,1,1,2.0,9.72,36.0,587,1613,2617,1749
1220194164,700,75,2,1,7,1975.0,7,Ιστορικό Κέντρο (Αθήνα - Κέντρο),Αθήνα - Κέντρο (Αττική),37.975475,23.714621,1,1,0,1.0,9.33,51.0,393,1404,2847,1985
1220107819,1100,67,2,1,8,1965.0,7,Ιστορικό Κέντρο (Αθήνα - Κέντρο),Αθήνα - Κέντρο (Αττική),37.975822,23.717779,0,0,0,4.0,16.42,61.0,574,1597,2570,1717
1220112171,800,50,1,1,7,1975.0,1,Ιστορικό Κέντρο (Αθήνα - Κέντρο),Αθήνα - Κέντρο (Αττική),37.974312,23.717449,0,1,1,2.0,16.0,51.0,653,1569,2606,1726
1220413473,750,79,2,1,6,1980.0,3,Ιστορικό Κέντρο (Αθήνα - Κέντρο),Αθήνα - Κέντρο (Αττική),37.975098,23.715122,1,0,0,2.0,9.49,46.0,453,1465,2805,1937
1220429658,1000,60,0,0,9,1972.0,7,Ιστορικό Κέντρο (Αθήνα - Κέντρο),Αθήνα - Κέντρο (Αττική),37.974934,23.717047,1,1,0,4.0,16.67,54.0,580,1605,2637,1767
1220160123,700,51,1,1,3,1976.0,7,Ιστορικό Κέντρο (Αθήνα - Κέντρο),Αθήνα - Κέντρο (Αττική),37.976467,23.715546,1,1,1,2.0,13.73,50.0,371,1396,2766,1922
1220071597,1500,143,2,1,8,1990.0,5,Ιστορικό Κέντρο (Αθήνα - Κέντρο),Αθήνα - Κέντρο (Αττική),37.973839,23.71489,1,0,0,Άγνωστο,10.49,36.0,563,1529,2834,1948
1220149824,1300,85,1,1,6,2010.0,2,Ιστορικό Κέντρο (Αθήνα - Κέντρο),Αθήνα - Κέντρο (Αττική),37.974079,23.716175,0,1,1,2.0,15.29,16.0,599,1545,2719,1836
1218247824,1600,90,3,2,3,1905.0,8,Ιστορικό Κέντρο (Αθήνα - Κέντρο),Αθήνα - Κέντρο (Αττική),37.975605,23.716257,0,0,0,Άγνωστο,17.78,121.0,479,1504,2704,1845
1220508269,700,74,2,1,7,1975.0,8,Ιστορικό Κέντρο (Αθήνα - Κέντρο),Αθήνα - Κέντρο (Αττική),37.975708,23.714376,1,1,0,4.0,9.46,51.0,360,1371,2868,2010
1219863678,830,50,1,1,7,1975.0,6,Ιστορικό Κέντρο (Αθήνα - Κέντρο),Αθήνα - Κέντρο (Αττική),37.975121,23.718195,1,0,1,4.0,16.6,51.0,647,1662,2535,1669
1219479571,1150,73,1,2,3,2015.0,2,Ιστορικό Κέντρο (Αθήνα - Κέντρο),Αθήνα - Κέντρο (Αττική),37.975494,23.715641,0,0,1,2.0,15.75,11.0,448,1470,2758,1897
1219510390,1300,85,1,1,3,1970.0,4,Ιστορικό Κέντρο (Αθήνα - Κέντρο),Αθήνα - Κέντρο (Αττική),37.974125,23.716179,0,1,1,2.0,15.29,56.0,595,1550,2718,1836
1220186673,1300,85,1,1,7,1998.0,4,Ιστορικό Κέντρο (Αθήνα - Κέντρο),Αθήνα - Κέντρο (Αττική),37.974548,23.716629,0,0,1,2.0,15.29,28.0,584,1596,2676,1800
1219301671,1100,67,2,1,7,1980.0,3,Ιστορικό Κέντρο (Αθήνα - Κέντρο),Αθήνα - Κέντρο (Αττική),37.976166,23.717487,1,1,1,2.0,16.42,46.0,534,1554,2596,1748
1218080649,1600,60,2,1,6,1965.0,6,Ιστορικό Κέντρο (Αθήνα - Κέντρο),Αθήνα - Κέντρο (Αττική),37.97448,23.71693,1,1,1,2.0,26.67,61.0,608,1588,2650,1773
1220180972,1000,60,1,1,6,1972.0,7,Ιστορικό Κέντρο (Αθήνα - Κέντρο),Αθήνα - Κέντρο (Αττική),37.974911,23.717291,1,1,1,4.0,16.67,54.0,598,1623,2616,1746
1219743857,1200,60,1,1,6,1972.0,7,Ιστορικό Κέντρο (Αθήνα - Κέντρο),Αθήνα - Κέντρο (Αττική),37.974575,23.716801,1,1,1,4.0,20.0,54.0,592,1599,2661,1785
1220296352,1200,75,2,1,6,1960.0,6,Ιστορικό Κέντρο (Αθήνα - Κέντρο),Αθήνα - Κέντρο (Αττική),37.976143,23.717581,0,1,1,2.0,16.0,66.0,542,1563,2587,1740
1220442587,1250,70,2,1,6,1970.0,6,Ιστορικό Κέντρο (Αθήνα - Κέντρο),Αθήνα - Κέντρο (Αττική),37.975784,23.716499,0,1,0,13.0,17.86,56.0,483,1509,2682,1827
1219443263,990,78,2,1,6,1968.0,7,Ιστορικό Κέντρο (Αθήνα - Κέντρο),Αθήνα - Κέντρο (Αττική),37.975235,23.71636,0,1,1,2.0,12.69,58.0,513,1537,2696,1831
1219724514,1000,60,2,1,6,1972.0,7,Ιστορικό Κέντρο (Αθήνα - Κέντρο),Αθήνα - Κέντρο (Αττική),37.974678,23.718298,1,1,1,4.0,16.67,54.0,673,1613,2529,1655
1219993471,750,60,1,1,4,1967.0,6,Ιστορικό Κέντρο (Αθήνα - Κέντρο),Αθήνα - Κέντρο (Αττική),37.975452,23.717196,0,1,0,1.0,12.5,59.0,554,1580,2622,1761
1219644443,950,78,2,1,6,1968.0,10,Ιστορικό Κέντρο (Αθήνα - Κέντρο),Αθήνα - Κέντρο (Αττική),37.974545,23.713604,0,1,1,2.0,12.18,58.0,448,1415,2940,2064
1220365986,550,45,1,1,6,1970.0,10,Ιστορικό Κέντρο (Αθήνα - Κέντρο),Αθήνα - Κέντρο (Αττική),37.975239,23.716669,1,1,0,2.0,12.22,56.0,533,1558,2669,1804
1220262771,1000,60,1,1,6,1972.0,7,Ιστορικό Κέντρο (Αθήνα - Κέντρο),Αθήνα - Κέντρο (Αττική),37.973923,23.714903,1,1,1,4.0,16.67,54.0,555,1538,2832,1947
1218474992,2300,130,3,3,3,1975.0,4,Ιστορικό Κέντρο (Αθήνα - Κέντρο),Αθήνα - Κέντρο (Αττική),37.973801,23.714701,0,1,0,2.0,17.69,51.0,560,1527,2850,1964
1220334791,1000,65,1,1,6,2009.0,2,Ιστορικό Κέντρο (Αθήνα - Κέντρο),Αθήνα - Κέντρο (Αττική),37.975784,23.718452,1,0,1,4.0,15.38,17.0,628,1648,2511,1658
1220264246,1600,155,2,1,7,1990.0,2,Ιστορικό Κέντρο (Αθήνα - Κέντρο),Αθήνα - Κέντρο (Αττική),37.974461,23.714289,0,0,0,2.0,10.32,36.0,478,1463,2881,2004
1220423480,600,61,1,1,2,1971.0,2,Ιστορικό Κέντρο (Αθήνα - Κέντρο),Αθήνα - Κέντρο (Αττική),37.97477,23.71442,1,1,0,4.0,9.84,55.0,452,1446,2868,1995
1218241274,1600,100,3,2,3,1910.0,6,Ιστορικό Κέντρο (Αθήνα - Κέντρο),Αθήνα - Κέντρο (Αττική),37.97591,23.719721,0,1,1,2.0,16.0,116.0,526,1735,2400,1551
1219799838,1000,45,1,1,3,1975.0,7,Ιστορικό Κέντρο (Αθήνα - Κέντρο),Αθήνα - Κέντρο (Αττική),37.97596,23.716494,0,1,0,4.0,22.22,51.0,471,1497,2683,1830
1218585680,900,65,2,1,4,1975.0,10,Ιστορικό Κέντρο (Αθήνα - Κέντρο),Αθήνα - Κέντρο (Αττική),37.977459,23.719475,0,0,1,Άγνωστο,13.85,51.0,561,1632,2427,1613
1219920126,750,60,2,1,9,1980.0,7,Ιστορικό Κέντρο (Αθήνα - Κέντρο),Αθήνα - Κέντρο (Αττική),37.975903,23.717405,1,0,0,Άγνωστο,12.5,46.0,542,1565,2603,1750
1219906150,900,60,1,1,6,1975.0,7,Ιστορικό Κέντρο (Αθήνα - Κέντρο),Αθήνα - Κέντρο (Αττική),37.97504,23.71768,1,1,1,4.0,15.0,51.0,615,1641,2581,1713
1220185650,750,75,1,1,9,1970.0,8,Ιστορικό Κέντρο (Αθήνα - Κέντρο),Αθήνα - Κέντρο (Αττική),37.976307,23.717278,1,0,1,Άγνωστο,10.0,56.0,510,1530,2614,1769
1220431472,500,26,1,1,8,1980.0,3,Ιστορικό Κέντρο (Αθήνα - Κέντρο),Αθήνα - Κέντρο (Αττική),37.975212,23.715668,1,1,0,4.0,19.23,46.0,473,1492,2756,1891
1219986583,590,44,1,1,4,1985.0,7,Ιστορικό Κέντρο (Αθήνα - Κέντρο),Αθήνα - Κέντρο (Αττική),37.974686,23.719835,0,1,0,1.0,13.41,41.0,545,1629,2394,1521
1219986573,750,62,1,1,4,1985.0,7,Ιστορικό Κέντρο (Αθήνα - Κέντρο),Αθήνα - Κέντρο (Αττική),37.974686,23.719835,0,1,0,1.0,12.1,41.0,545,1629,2394,1521
1220163096,750,62,1,1,4,1970.0,6,Ιστορικό Κέντρο (Αθήνα - Κέντρο),Αθήνα - Κέντρο (Αττική),37.974686,23.719835,0,1,0,4.0,12.1,56.0,545,1629,2394,1521
1219587777,650,42,1,1,7,1972.0,6,Ιστορικό Κέντρο (Αθήνα - Κέντρο),Αθήνα - Κέντρο (Αττική),37.974483,23.718212,1,1,0,2.0,15.48,54.0,687,1591,2538,1661
1219998740,750,60,1,1,4,1975.0,6,Ιστορικό Κέντρο (Αθήνα - Κέντρο),Αθήνα - Κέντρο (Αττική),37.974762,23.717808,0,1,0,1.0,12.5,51.0,643,1620,2571,1699
1219892644,1300,85,1,1,0,1975.0,2,Ιστορικό Κέντρο (Αθήνα - Κέντρο),Αθήνα - Κέντρο (Αττική),37.97385,23.715981,0,1,1,2.0,15.29,51.0,610,1521,2738,1852
1219300854,400,30,1,1,4,1975.0,6,Ιστορικό Κέντρο (Αθήνα - Κέντρο),Αθήνα - Κέντρο (Αττική),37.9762,23.717745,0,0,0,4.0,13.33,51.0,552,1571,2573,1727
1220254851,750,57,1,1,6,1975.0,4,Ιστορικό Κέντρο (Αθήνα - Κέντρο),Αθήνα - Κέντρο (Αττική),37.976479,23.715811,0,1,1,4.0,13.16,51.0,389,1414,2743,1899
129536782,950,42,1,1,6,1900.0,4,Ιστορικό Κέντρο (Αθήνα - Κέντρο),Αθήνα - Κέντρο (Αττική),37.974171,23.71496,0,1,1,4.0,22.62,126.0,533,1527,2824,1943
1219248071,1200,90,1,1,0,2010.0,2,Ιστορικό Κέντρο (Αθήνα - Κέντρο),Αθήνα - Κέντρο (Αττική),37.97385,23.715981,0,1,1,2.0,13.33,16.0,610,1521,2738,1852
1220221934,990,90,2,1,9,1978.0,8,Ιστορικό Κέντρο (Αθήνα - Κέντρο),Αθήνα - Κέντρο (Αττική),37.976471,23.716999,1,0,1,2.0,11.0,48.0,480,1500,2639,1797
1220255739,920,65,1,1,8,1975.0,7,Ιστορικό Κέντρο (Αθήνα - Κέντρο),Αθήνα - Κέντρο (Αττική),37.97612,23.714911,0,1,0,4.0,14.15,51.0,354,1376,2821,1970
1220390201,1080,60,1,1,3,2026.0,5,Ιστορικό Κέντρο (Αθήνα - Κέντρο),Αθήνα - Κέντρο (Αττική),37.976601,23.716261,1,1,1,Άγνωστο,18.0,0.0,416,1438,2704,1863
1219704495,1000,60,1,1,6,1972.0,7,Ιστορικό Κέντρο (Αθήνα - Κέντρο),Αθήνα - Κέντρο (Αττική),37.97504,23.71768,1,1,1,4.0,16.67,54.0,615,1641,2581,1713
1220321146,520,35,1,1,9,1980.0,5,Ιστορικό Κέντρο (Αθήνα - Κέντρο),Αθήνα - Κέντρο (Αττική),37.97644,23.71451,1,1,1,2.0,14.86,46.0,304,1327,2857,2011
1218219012,770,45,1,1,3,1975.0,7,Ιστορικό Κέντρο (Αθήνα - Κέντρο),Αθήνα - Κέντρο (Αττική),37.97504,23.71768,1,1,1,Άγνωστο,17.11,51.0,615,1641,2581,1713
1219331987,1100,65,0,0,7,1970.0,3,Ιστορικό Κέντρο (Αθήνα - Κέντρο),Αθήνα - Κέντρο (Αττική),37.976147,23.716156,1,1,1,Άγνωστο,16.92,56.0,435,1460,2712,1863
1215576359,600,42,1,1,4,2020.0,10,Ιστορικό Κέντρο (Αθήνα - Κέντρο),Αθήνα - Κέντρο (Αττική),37.974709,23.71785,0,1,0,1.0,14.29,6.0,650,1615,2568,1695
1219387396,750,51,2,1,4,1975.0,2,Ιστορικό Κέντρο (Αθήνα - Κέντρο),Αθήνα - Κέντρο (Αττική),37.97538,23.71456,1,1,0,2.0,14.71,51.0,399,1408,2853,1989
1220521534,1200,64,2,1,8,2022.0,2,Άγιος Δημήτριος (Αθήνα - Νότια Προάστια),Αθήνα - Νότια Προάστια (Αττική),37.919895,23.725336,1,0,1,2.0,18.75,4.0,2025,4540,6524,3010
1220126742,900,123,3,2,3,1984.0,5,Άγιος Δημήτριος (Αθήνα - Νότια Προάστια),Αθήνα - Νότια Προάστια (Αττική),37.94072,23.726852,0,1,0,13.0,7.32,42.0,1197,2329,4306,1230
1220393264,750,100,2,1,6,1980.0,5,Άγιος Δημήτριος (Αθήνα - Νότια Προάστια),Αθήνα - Νότια Προάστια (Αττική),37.924099,23.73221,0,0,1,Άγνωστο,7.5,46.0,1533,4227,5917,2856
1219961323,650,51,1,0,8,1975.0,6,Άγιος Δημήτριος (Αθήνα - Νότια Προάστια),Αθήνα - Νότια Προάστια (Αττική),37.943295,23.738779,1,0,0,1.0,12.75,51.0,336,2673,3709,2169
1220508158,900,123,3,2,6,1990.0,5,Άγιος Δημήτριος (Αθήνα - Νότια Προάστια),Αθήνα - Νότια Προάστια (Αττική),37.940399,23.72633,0,1,0,13.0,7.32,36.0,1243,2346,4357,1205
1220535068,450,38,1,1,3,1984.0,6,Άγιος Δημήτριος (Αθήνα - Νότια Προάστια),Αθήνα - Νότια Προάστια (Αττική),37.930054,23.732452,0,0,0,1.0,11.84,42.0,1364,3612,5268,2348
1220350020,650,72,2,1,8,1979.0,8,Άγιος Δημήτριος (Αθήνα - Νότια Προάστια),Αθήνα - Νότια Προάστια (Αττική),37.928688,23.735329,1,0,0,1.0,9.03,47.0,1121,3851,5361,2632
1220333526,700,40,1,1,8,1980.0,7,Άγιος Δημήτριος (Αθήνα - Νότια Προάστια),Αθήνα - Νότια Προάστια (Αττική),37.92878,23.72646,1,1,1,Άγνωστο,17.5,46.0,1801,3589,5554,2148
1220494389,1300,70,2,1,7,2024.0,1,Άγιος Δημήτριος (Αθήνα - Νότια Προάστια),Αθήνα - Νότια Προάστια (Αττική),37.934315,23.722668,1,0,0,Άγνωστο,18.57,2.0,1713,2919,5106,1449
1220539752,950,53,1,1,10,2026.0,1,Άγιος Δημήτριος (Αθήνα - Νότια Προάστια),Αθήνα - Νότια Προάστια (Αττική),37.929081,23.7248,1,0,1,13.0,17.92,0.0,1881,3526,5572,2049
1220539280,1250,80,2,1,6,2016.0,5,Άγιος Δημήτριος (Αθήνα - Νότια Προάστια),Αθήνα - Νότια Προάστια (Αττική),37.922131,23.730921,1,0,1,1.0,15.62,10.0,1592,4403,6156,2984
1220451615,900,65,1,1,3,2026.0,1,Άγιος Δημήτριος (Αθήνα - Νότια Προάστια),Αθήνα - Νότια Προάστια (Αττική),37.935341,23.736166,0,0,0,2.0,13.85,0.0,697,3230,4622,2233
1219962611,720,90,2,1,6,1970.0,6,Άγιος Δημήτριος (Αθήνα - Νότια Προάστια),Αθήνα - Νότια Προάστια (Αττική),37.940823,23.736431,0,1,0,6.0,8.0,56.0,358,2741,4022,2018
1220391102,650,75,2,1,3,2005.0,6,Άγιος Δημήτριος (Αθήνα - Νότια Προάστια),Αθήνα - Νότια Προάστια (Αττική),37.938087,23.726166,0,0,1,Άγνωστο,8.67,21.0,1288,2584,4598,1334
1220300617,1500,152,3,2,8,1990.0,6,Άγιος Δημήτριος (Αθήνα - Νότια Προάστια),Αθήνα - Νότια Προάστια (Αττική),37.943497,23.729218,1,1,0,1.0,9.87,36.0,1025,2140,3940,1336
1220324470,800,90,2,1,3,1972.0,5,Άγιος Δημήτριος (Αθήνα - Νότια Προάστια),Αθήνα - Νότια Προάστια (Αττική),37.933872,23.741119,0,1,1,1.0,8.89,54.0,741,3606,4714,2692
1220490759,1350,112,3,2,4,1980.0,3,Άγιος Δημήτριος (Αθήνα - Νότια Προάστια),Αθήνα - Νότια Προάστια (Αττική),37.92543,23.727343,0,1,0,Άγνωστο,12.05,46.0,1882,3969,5884,2512
1220144959,1100,140,3,2,7,1983.0,8,Άγιος Δημήτριος (Αθήνα - Νότια Προάστια),Αθήνα - Νότια Προάστια (Αττική),37.929577,23.738235,1,0,0,1.0,7.86,43.0,858,3877,5220,2753
1220504231,680,60,2,1,6,1995.0,6,Άγιος Δημήτριος (Αθήνα - Νότια Προάστια),Αθήνα - Νότια Προάστια (Αττική),37.944828,23.738068,1,1,0,4.0,11.33,31.0,498,2510,3555,2094
1220343660,1000,93,3,1,9,2005.0,4,Άγιος Δημήτριος (Αθήνα - Νότια Προάστια),Αθήνα - Νότια Προάστια (Αττική),37.929871,23.73473,1,1,0,1.0,10.75,21.0,1164,3710,5243,2502
1220534473,750,71,1,1,7,1980.0,4,Άγιος Δημήτριος (Αθήνα - Νότια Προάστια),Αθήνα - Νότια Προάστια (Αττική),37.929169,23.716789,0,0,1,4.0,10.56,46.0,2437,3451,5846,1830
1220204434,1250,70,2,1,8,2024.0,2,Άγιος Δημήτριος (Αθήνα - Νότια Προάστια),Αθήνα - Νότια Προάστια (Αττική),37.944756,23.737957,1,0,0,2.0,17.86,2.0,506,2509,3565,2085
1217842741,950,54,1,1,7,1990.0,3,Άγιος Δημήτριος (Αθήνα - Νότια Προάστια),Αθήνα - Νότια Προάστια (Αττική),37.939034,23.735104,0,1,1,Άγνωστο,17.59,36.0,504,2834,4243,1969
1220106980,1050,100,2,1,10,2001.0,1,Άγιος Δημήτριος (Αθήνα - Νότια Προάστια),Αθήνα - Νότια Προάστια (Αττική),37.927998,23.720755,1,1,0,7.0,10.5,25.0,2228,3595,5816,2029
1220463800,1100,100,2,2,6,2010.0,5,Άγιος Δημήτριος (Αθήνα - Νότια Προάστια),Αθήνα - Νότια Προάστια (Αττική),37.934784,23.730785,1,1,1,1.0,11.0,16.0,1070,3070,4801,1880
1219691160,830,117,3,1,6,1982.0,5,Άγιος Δημήτριος (Αθήνα - Νότια Προάστια),Αθήνα - Νότια Προάστια (Αττική),37.936214,23.737131,1,0,0,1.0,7.09,44.0,570,3194,4510,2261
1220507569,650,60,1,1,7,1984.0,7,Άγιος Δημήτριος (Αθήνα - Νότια Προάστια),Αθήνα - Νότια Προάστια (Αττική),37.926079,23.732035,1,0,1,2.0,10.83,42.0,1467,4014,5706,2666
1219913629,1100,155,3,2,8,1980.0,6,Άγιος Δημήτριος (Αθήνα - Νότια Προάστια),Αθήνα - Νότια Προάστια (Αττική),37.94529,23.738455,0,1,1,4.0,7.1,46.0,446,2501,3498,2127
1218423847,1500,170,3,2,8,1989.0,5,Άγιος Δημήτριος (Αθήνα - Νότια Προάστια),Αθήνα - Νότια Προάστια (Αττική),37.94445,23.735826,1,0,1,1.0,8.82,37.0,581,2401,3645,1900
1220462112,1500,100,3,2,7,2026.0,1,Άγιος Δημήτριος (Αθήνα - Νότια Προάστια),Αθήνα - Νότια Προάστια (Αττική),37.921631,23.720377,1,0,0,9.0,15.0,0.0,2482,4298,6484,2709
1220393054,1500,103,3,2,8,2026.0,1,Άγιος Δημήτριος (Αθήνα - Νότια Προάστια),Αθήνα - Νότια Προάστια (Αττική),37.921631,23.720377,1,0,0,9.0,14.56,0.0,2482,4298,6484,2709
1220332423,1100,87,2,1,3,1993.0,5,Άγιος Δημήτριος (Αθήνα - Νότια Προάστια),Αθήνα - Νότια Προάστια (Αττική),37.936447,23.740038,0,1,1,Άγνωστο,12.64,33.0,464,3320,4441,2479
1220352692,1100,87,2,2,3,1992.0,6,Άγιος Δημήτριος (Αθήνα - Νότια Προάστια),Αθήνα - Νότια Προάστια (Αττική),37.935932,23.741114,0,1,1,1.0,12.64,34.0,522,3423,4486,2589
1220533060,750,71,1,1,7,1980.0,4,Άγιος Δημήτριος (Αθήνα - Νότια Προάστια),Αθήνα - Νότια Προάστια (Αττική),37.928944,23.717865,0,0,1,4.0,10.56,46.0,2371,3476,5827,1869
1219887396,800,74,2,1,7,1976.0,6,Άγιος Δημήτριος (Αθήνα - Νότια Προάστια),Αθήνα - Νότια Προάστια (Αττική),37.942055,23.737928,1,1,0,4.0,10.81,50.0,278,2721,3859,2116
1220070076,1100,100,2,1,6,1980.0,5,Άγιος Δημήτριος (Αθήνα - Νότια Προάστια),Αθήνα - Νότια Προάστια (Αττική),37.934483,23.726477,0,1,0,1.0,11.0,46.0,1405,2975,4958,1631
1220099161,1000,100,3,1,7,1994.0,7,Άγιος Δημήτριος (Αθήνα - Νότια Προάστια),Αθήνα - Νότια Προάστια (Αττική),37.929474,23.716423,0,1,0,4.0,10.0,32.0,2447,3417,5831,1793
1216305824,800,97,2,1,7,1987.0,7,Άγιος Δημήτριος (Αθήνα - Νότια Προάστια),Αθήνα - Νότια Προάστια (Αττική),37.922787,23.731564,0,0,0,Άγνωστο,8.25,39.0,1562,4349,6072,2949
1220092490,1000,100,3,1,7,1994.0,7,Άγιος Δημήτριος (Αθήνα - Νότια Προάστια),Αθήνα - Νότια Προάστια (Αττική),37.929165,23.715309,0,1,0,4.0,10.0,32.0,2549,3455,5907,1819
1218307072,1000,89,2,1,6,1990.0,5,Άγιος Δημήτριος (Αθήνα - Νότια Προάστια),Αθήνα - Νότια Προάστια (Αττική),37.93615,23.725372,0,0,1,1.0,11.24,36.0,1416,2771,4823,1429
1220348749,680,76,2,1,8,1973.0,7,Άγιος Δημήτριος (Αθήνα - Νότια Προάστια),Αθήνα - Νότια Προάστια (Αττική),37.936939,23.728889,0,0,0,1.0,8.95,53.0,1097,2785,4628,1602
1220107990,1050,100,2,1,10,2001.0,1,Άγιος Δημήτριος (Αθήνα - Νότια Προάστια),Αθήνα - Νότια Προάστια (Αττική),37.928528,23.721676,1,0,0,7.0,10.5,25.0,2128,3545,5730,1998
1220110327,1050,100,2,1,10,2001.0,1,Άγιος Δημήτριος (Αθήνα - Νότια Προάστια),Αθήνα - Νότια Προάστια (Αττική),37.928677,23.719772,1,1,1,7.0,10.5,25.0,2250,3513,5782,1933
1220005616,1350,112,3,2,3,1980.0,3,Άγιος Δημήτριος (Αθήνα - Νότια Προάστια),Αθήνα - Νότια Προάστια (Αττική),37.926708,23.72769,0,1,0,13.0,12.05,46.0,1819,3838,5739,2401
1219925661,1600,120,3,2,10,2006.0,5,Άγιος Δημήτριος (Αθήνα - Νότια Προάστια),Αθήνα - Νότια Προάστια (Αττική),37.928967,23.742163,1,1,0,1.0,13.33,20.0,525,4110,5248,3065
1220140691,1350,112,3,2,3,1980.0,3,Άγιος Δημήτριος (Αθήνα - Νότια Προάστια),Αθήνα - Νότια Προάστια (Αττική),37.926903,23.728697,0,1,0,13.0,12.05,46.0,1728,3840,5693,2427
1220282288,900,100,3,1,6,1985.0,5,Άγιος Δημήτριος (Αθήνα - Νότια Προάστια),Αθήνα - Νότια Προάστια (Αττική),37.935009,23.725555,0,0,0,1.0,9.0,41.0,1451,2898,4934,1534
1219986970,1350,112,3,2,3,1980.0,3,Άγιος Δημήτριος (Αθήνα - Νότια Προάστια),Αθήνα - Νότια Προάστια (Αττική),37.925468,23.728397,0,0,0,13.0,12.05,46.0,1792,3987,5853,2552
1215557289,1000,40,1,1,3,1974.0,5,Άγιος Δημήτριος (Αθήνα - Νότια Προάστια),Αθήνα - Νότια Προάστια (Αττική),37.935314,23.718634,0,1,1,4.0,25.0,52.0,2006,2770,5167,1198
1220296052,900,122,3,2,6,1992.0,6,Άγιος Δημήτριος (Αθήνα - Νότια Προάστια),Αθήνα - Νότια Προάστια (Αττική),37.94062,23.726397,0,1,0,13.0,7.38,34.0,1237,2325,4333,1199
1220104538,1250,116,3,2,7,2002.0,5,Άγιος Δημήτριος (Αθήνα - Νότια Προάστια),Αθήνα - Νότια Προάστια (Αττική),37.926262,23.734636,1,1,0,1.0,10.78,24.0,1244,4075,5638,2791
1213088840,850,113,3,1,7,1964.0,8,Άγιος Δημήτριος (Αθήνα - Νότια Προάστια),Αθήνα - Νότια Προάστια (Αττική),37.948841,23.736948,0,1,0,Άγνωστο,7.52,62.0,129,2150,3148,2029
1220371898,650,75,2,1,7,1978.0,7,Άγιος Δημήτριος (Αθήνα - Νότια Προάστια),Αθήνα - Νότια Προάστια (Αττική),37.935505,23.728115,0,0,0,1.0,8.67,48.0,1225,2911,4801,1651
1219664777,1600,120,3,2,10,2006.0,5,Άγιος Δημήτριος (Αθήνα - Νότια Προάστια),Αθήνα - Νότια Προάστια (Αττική),37.929054,23.74151,1,1,0,1.0,13.33,20.0,579,4071,5243,3013
1220338925,1000,93,3,1,9,2005.0,4,Άγιος Δημήτριος (Αθήνα - Νότια Προάστια),Αθήνα - Νότια Προάστια (Αττική),37.929447,23.735264,1,1,0,1.0,10.75,21.0,1119,3772,5279,2569
1220442241,1100,100,2,2,7,2010.0,5,Άγιος Δημήτριος (Αθήνα - Νότια Προάστια),Αθήνα - Νότια Προάστια (Αττική),37.933384,23.732393,1,1,1,1.0,11.0,16.0,1072,3269,4911,2088
1218829819,1500,170,3,2,8,1989.0,5,Άγιος Δημήτριος (Αθήνα - Νότια Προάστια),Αθήνα - Νότια Προάστια (Αττική),37.943459,23.738052,1,1,0,1.0,8.82,37.0,384,2615,3704,2104
1220389185,680,51,1,1,8,1975.0,6,Άγιος Δημήτριος (Αθήνα - Νότια Προάστια),Αθήνα - Νότια Προάστια (Αττική),37.943111,23.73855,1,1,0,1.0,13.33,51.0,327,2674,3733,2152
1219826862,1100,140,3,1,7,2015.0,2,Άγιος Δημήτριος (Αθήνα - Νότια Προάστια),Αθήνα - Νότια Προάστια (Αττική),37.927902,23.73798,1,0,0,1.0,7.86,11.0,909,4031,5408,2860
1220084848,800,90,2,1,3,1990.0,7,Άγιος Δημήτριος (Αθήνα - Νότια Προάστια),Αθήνα - Νότια Προάστια (Αττική),37.933552,23.741207,0,0,1,1.0,8.89,36.0,715,3640,4748,2716
1220540369,1100,100,2,2,7,2010.0,5,Άγιος Δημήτριος (Αθήνα - Νότια Προάστια),Αθήνα - Νότια Προάστια (Αττική),37.935184,23.730785,1,1,1,1.0,11.0,16.0,1043,3029,4759,1852
1220477294,750,90,2,1,8,1993.0,6,Άγιος Δημήτριος (Αθήνα - Νότια Προάστια),Αθήνα - Νότια Προάστια (Αττική),37.945797,23.73122,0,0,0,1.0,8.33,33.0,733,2024,3636,1493
1220140685,1350,91,3,1,6,2026.0,2,Άγιος Δημήτριος (Αθήνα - Νότια Προάστια),Αθήνα - Νότια Προάστια (Αττική),37.924747,23.726332,1,0,0,13.0,14.84,0.0,1988,4024,5983,2541
1219947894,1300,116,3,2,7,2002.0,5,Άγιος Δημήτριος (Αθήνα - Νότια Προάστια),Αθήνα - Νότια Προάστια (Αττική),37.927464,23.734009,1,1,0,1.0,11.21,24.0,1259,3930,5518,2653
1219842568,1100,105,2,1,6,1995.0,4,Άγιος Δημήτριος (Αθήνα - Νότια Προάστια),Αθήνα - Νότια Προάστια (Αττική),37.937889,23.729351,0,1,0,1.0,10.48,31.0,1023,2703,4514,1575
1219712440,1000,125,3,1,6,1989.0,4,Άγιος Δημήτριος (Αθήνα - Νότια Προάστια),Αθήνα - Νότια Προάστια (Αττική),37.928825,23.739206,1,0,0,4.0,8.0,37.0,782,3991,5291,2872
1220410343,1250,76,2,1,9,2004.0,5,Άγιος Δημήτριος (Αθήνα - Νότια Προάστια),Αθήνα - Νότια Προάστια (Αττική),37.92371,23.729971,1,0,0,1.0,16.45,22.0,1729,4212,6005,2790
1220451411,600,40,1,1,4,1975.0,5,Άγιος Δημήτριος (Αθήνα - Νότια Προάστια),Αθήνα - Νότια Προάστια (Αττική),37.939129,23.736341,0,1,0,4.0,15.0,51.0,400,2887,4207,2067
1220383810,650,75,2,1,3,2005.0,6,Άγιος Δημήτριος (Αθήνα - Νότια Προάστια),Αθήνα - Νότια Προάστια (Αττική),37.938309,23.7253,0,0,1,Άγνωστο,8.67,21.0,1357,2538,4606,1260
1220308167,800,90,2,1,6,1980.0,6,Άγιος Δημήτριος (Αθήνα - Νότια Προάστια),Αθήνα - Νότια Προάστια (Αττική),37.933937,23.730387,0,0,0,1.0,8.89,46.0,1156,3144,4901,1915
1219956524,1300,116,3,1,7,2002.0,5,Άγιος Δημήτριος (Αθήνα - Νότια Προάστια),Αθήνα - Νότια Προάστια (Αττική),37.926472,23.734428,1,1,0,1.0,11.21,24.0,1253,4047,5618,2761
1219552570,800,35,1,1,8,1980.0,1,Άγιος Δημήτριος (Αθήνα - Νότια Προάστια),Αθήνα - Νότια Προάστια (Αττική),37.924458,23.727283,1,0,1,1.0,22.86,46.0,1919,4073,5989,2606
1220296482,850,50,1,1,3,1955.0,6,Άγιος Δημήτριος (Αθήνα - Νότια Προάστια),Αθήνα - Νότια Προάστια (Αττική),37.947056,23.735123,0,1,0,4.0,17.0,71.0,374,2152,3385,1843
1220446876,600,40,1,1,4,1980.0,5,Άγιος Δημήτριος (Αθήνα - Νότια Προάστια),Αθήνα - Νότια Προάστια (Αττική),37.939426,23.735447,0,0,0,Άγνωστο,15.0,46.0,462,2815,4193,1982
1220450302,750,95,4,1,6,1967.0,7,Άγιος Δημήτριος (Αθήνα - Νότια Προάστια),Αθήνα - Νότια Προάστια (Αττική),37.931675,23.743088,0,1,0,1.0,7.89,59.0,469,3906,4941,2963
1220140695,700,31,1,1,7,2026.0,1,Άγιος Δημήτριος (Αθήνα - Νότια Προάστια),Αθήνα - Νότια Προάστια (Αττική),37.927814,23.727556,1,0,0,13.0,22.58,0.0,1809,3716,5625,2289
1219920418,1000,90,2,2,8,2014.0,4,Άγιος Δημήτριος (Αθήνα - Νότια Προάστια),Αθήνα - Νότια Προάστια (Αττική),37.921242,23.732281,1,0,0,1.0,11.11,12.0,1451,4532,6226,3129
1220421806,1500,76,2,1,9,2004.0,4,Άγιος Δημήτριος (Αθήνα - Νότια Προάστια),Αθήνα - Νότια Προάστια (Αττική),37.92355,23.73469,1,1,0,1.0,19.74,22.0,1344,4357,5933,3031
1220477278,650,70,1,1,3,1980.0,6,Άγιος Δημήτριος (Αθήνα - Νότια Προάστια),Αθήνα - Νότια Προάστια (Αττική),37.941784,23.731081,0,1,0,1.0,9.29,46.0,836,2387,4056,1537
1220424287,600,40,1,1,4,1990.0,5,Άγιος Δημήτριος (Αθήνα - Νότια Προάστια),Αθήνα - Νότια Προάστια (Αττική),37.937443,23.731823,0,0,0,4.0,15.0,36.0,838,2841,4492,1786
1220421694,1500,76,2,1,9,2003.0,1,Άγιος Δημήτριος (Αθήνα - Νότια Προάστια),Αθήνα - Νότια Προάστια (Αττική),37.922874,23.733845,1,0,0,1.0,19.74,23.0,1379,4403,6021,3049
1220106607,1350,91,3,1,6,2026.0,1,Άγιος Δημήτριος (Αθήνα - Νότια Προάστια),Αθήνα - Νότια Προάστια (Αττική),37.925743,23.728312,0,0,0,13.0,14.84,0.0,1791,3956,5826,2522
1219755558,1300,87,3,1,6,2000.0,4,Άγιος Δημήτριος (Αθήνα - Νότια Προάστια),Αθήνα - Νότια Προάστια (Αττική),37.91967,23.730833,1,0,0,1.0,14.94,26.0,1543,4665,6424,3221
1220080786,1000,100,3,1,7,1994.0,7,Άγιος Δημήτριος (Αθήνα - Νότια Προάστια),Αθήνα - Νότια Προάστια (Αττική),37.929554,23.717949,0,0,0,Άγνωστο,10.0,32.0,2328,3408,5762,1803
1219899991,1000,122,3,2,6,1992.0,5,Άγιος Δημήτριος (Αθήνα - Νότια Προάστια),Αθήνα - Νότια Προάστια (Αττική),37.939842,23.727169,0,0,0,13.0,8.2,34.0,1172,2430,4384,1300
1220543060,550,90,2,2,3,1970.0,8,Άγιος Δημήτριος (Αθήνα - Νότια Προάστια),Αθήνα - Νότια Προάστια (Αττική),37.936985,23.725475,0,0,0,Άγνωστο,6.11,56.0,1378,2684,4734,1369
1218362146,590,40,1,1,6,2006.0,6,Περιστέρι (Αθήνα - Δυτικά Προάστια),Αθήνα - Δυτικά Προάστια (Αττική),38.008907,23.671595,0,1,1,Άγνωστο,14.75,20.0,1358,1882,1087,4327
1220333345,800,90,2,1,7,1989.0,8,Περιστέρι (Αθήνα - Δυτικά Προάστια),Αθήνα - Δυτικά Προάστια (Αττική),38.032249,23.678864,1,0,1,1.0,8.89,37.0,1562,4466,2398,2634
1219932789,700,80,2,1,6,1974.0,6,Περιστέρι (Αθήνα - Δυτικά Προάστια),Αθήνα - Δυτικά Προάστια (Αττική),38.008888,23.701469,0,0,1,1.0,8.75,52.0,368,2770,3520,2919
1220392973,800,123,3,1,6,1975.0,6,Περιστέρι (Αθήνα - Δυτικά Προάστια),Αθήνα - Δυτικά Προάστια (Αττική),38.011749,23.712772,1,0,0,2.0,6.5,51.0,1369,2595,4456,2554
1220098383,500,57,1,0,3,1975.0,6,Περιστέρι (Αθήνα - Δυτικά Προάστια),Αθήνα - Δυτικά Προάστια (Αττική),38.013969,23.712444,0,0,0,4.0,8.77,51.0,1451,2803,4413,2305
1220195431,1300,122,4,1,8,2011.0,2,Περιστέρι (Αθήνα - Δυτικά Προάστια),Αθήνα - Δυτικά Προάστια (Αττική),38.007648,23.69656,1,1,0,2.0,10.66,15.0,233,2553,3134,3172
1218131575,750,82,2,1,7,1985.0,6,Περιστέρι (Αθήνα - Δυτικά Προάστια),Αθήνα - Δυτικά Προάστια (Αττική),38.00835,23.673359,0,1,0,1.0,9.15,41.0,1352,1802,1246,4254
1219960162,1000,98,2,1,3,2009.0,2,Περιστέρι (Αθήνα - Δυτικά Προάστια),Αθήνα - Δυτικά Προάστια (Αττική),38.00243,23.695412,0,0,1,13.0,10.2,17.0,527,2120,3246,3691
1220546154,580,80,1,1,3,1990.0,6,Περιστέρι (Αθήνα - Δυτικά Προάστια),Αθήνα - Δυτικά Προάστια (Αττική),38.005531,23.69733,0,1,1,4.0,7.25,36.0,154,2442,3268,3374
1220107975,1100,80,2,2,9,2016.0,1,Περιστέρι (Αθήνα - Δυτικά Προάστια),Αθήνα - Δυτικά Προάστια (Αττική),38.030941,23.671429,1,0,1,Άγνωστο,13.75,10.0,1756,4319,1932,3297
1220320959,650,60,1,1,6,1985.0,6,Περιστέρι (Αθήνα - Δυτικά Προάστια),Αθήνα - Δυτικά Προάστια (Αττική),38.009216,23.694721,1,0,0,1.0,10.83,41.0,469,2562,2934,3070
1220498865,650,75,2,1,6,1989.0,6,Περιστέρι (Αθήνα - Δυτικά Προάστια),Αθήνα - Δυτικά Προάστια (Αττική),38.006359,23.678705,0,0,0,1.0,8.67,37.0,1433,1608,1756,4092
1220350079,800,100,3,1,6,1968.0,9,Περιστέρι (Αθήνα - Δυτικά Προάστια),Αθήνα - Δυτικά Προάστια (Αττική),38.011429,23.695665,0,0,0,4.0,8.0,58.0,597,2802,2970,2812
1219269961,1000,120,3,1,6,1980.0,7,Περιστέρι (Αθήνα - Δυτικά Προάστια),Αθήνα - Δυτικά Προάστια (Αττική),38.005157,23.698111,0,1,0,1.0,8.33,46.0,148,2388,3347,3394
1219551923,750,85,2,1,3,1980.0,6,Περιστέρι (Αθήνα - Δυτικά Προάστια),Αθήνα - Δυτικά Προάστια (Αττική),38.017616,23.691587,0,0,0,3.0,8.82,46.0,202,3178,2597,2408
1220304026,550,72,2,1,3,1985.0,5,Περιστέρι (Αθήνα - Δυτικά Προάστια),Αθήνα - Δυτικά Προάστια (Αττική),38.005543,23.677042,0,0,1,1.0,7.64,41.0,1267,1494,1693,4255
1220477788,750,90,2,1,7,1990.0,7,Περιστέρι (Αθήνα - Δυτικά Προάστια),Αθήνα - Δυτικά Προάστια (Αττική),38.020084,23.672491,0,0,0,1.0,8.33,36.0,1051,3108,1060,3561
1220293678,750,130,2,1,6,1981.0,7,Περιστέρι (Αθήνα - Δυτικά Προάστια),Αθήνα - Δυτικά Προάστια (Αττική),38.016392,23.700474,1,0,0,Άγνωστο,5.77,45.0,771,3495,3364,2142
1220421682,500,60,1,1,6,1979.0,7,Περιστέρι (Αθήνα - Δυτικά Προάστια),Αθήνα - Δυτικά Προάστια (Αττική),38.019855,23.673424,0,0,0,1.0,8.33,47.0,967,3078,1119,3500
1220321303,600,100,2,1,6,1978.0,6,Περιστέρι (Αθήνα - Δυτικά Προάστια),Αθήνα - Δυτικά Προάστια (Αττική),38.021423,23.681469,0,0,0,1.0,6.0,48.0,380,3299,1832,2801
1220423245,850,102,3,1,3,1980.0,5,Περιστέρι (Αθήνα - Δυτικά Προάστια),Αθήνα - Δυτικά Προάστια (Αττική),38.010281,23.696587,0,1,0,2.0,8.33,46.0,470,2760,3070,2898
1220447049,850,110,2,1,6,2002.0,6,Περιστέρι (Αθήνα - Δυτικά Προάστια),Αθήνα - Δυτικά Προάστια (Αττική),38.009171,23.711372,1,0,1,2.0,7.73,24.0,1152,2477,4368,2818
1219887849,1100,80,2,2,9,2016.0,1,Περιστέρι (Αθήνα - Δυτικά Προάστια),Αθήνα - Δυτικά Προάστια (Αττική),38.030441,23.674366,1,0,1,Άγνωστο,13.75,10.0,1555,4253,2007,3049
1219332981,650,82,2,1,6,1973.0,4,Περιστέρι (Αθήνα - Δυτικά Προάστια),Αθήνα - Δυτικά Προάστια (Αττική),38.015423,23.693676,0,1,1,1.0,7.93,53.0,178,3057,2766,2501
1220291736,800,100,2,1,6,1985.0,4,Περιστέρι (Αθήνα - Δυτικά Προάστια),Αθήνα - Δυτικά Προάστια (Αττική),38.02684,23.687012,0,1,0,4.0,8.0,41.0,912,3993,2537,2090
1219671621,950,92,2,1,6,2010.0,5,Περιστέρι (Αθήνα - Δυτικά Προάστια),Αθήνα - Δυτικά Προάστια (Αττική),38.007523,23.683533,1,0,0,1.0,10.33,16.0,1166,1861,2063,3728
1219672557,850,100,2,1,6,1990.0,8,Περιστέρι (Αθήνα - Δυτικά Προάστια),Αθήνα - Δυτικά Προάστια (Αττική),37.998943,23.692791,0,0,0,2.0,8.5,36.0,978,1730,3240,3819
1220460724,900,87,2,1,6,1988.5,4,Περιστέρι (Αθήνα - Δυτικά Προάστια),Αθήνα - Δυτικά Προάστια (Αττική),38.022476,23.677813,0,0,0,1.0,10.34,37.5,701,3376,1597,3026
1220352005,850,75,2,1,7,1998.0,8,Περιστέρι (Αθήνα - Δυτικά Προάστια),Αθήνα - Δυτικά Προάστια (Αττική),38.014931,23.703768,0,0,0,1.0,11.33,28.0,1047,3400,3650,2220
1219998596,1100,80,2,1,9,2016.0,1,Περιστέρι (Αθήνα - Δυτικά Προάστια),Αθήνα - Δυτικά Προάστια (Αττική),38.032146,23.675282,1,0,1,4.0,13.75,10.0,1675,4442,2210,2947
1220500116,900,90,2,1,7,1974.0,4,Περιστέρι (Αθήνα - Δυτικά Προάστια),Αθήνα - Δυτικά Προάστια (Αττική),38.006813,23.693531,0,1,0,4.0,10.0,52.0,455,2297,2907,3357
1219928046,1100,80,2,2,9,2016.0,1,Περιστέρι (Αθήνα - Δυτικά Προάστια),Αθήνα - Δυτικά Προάστια (Αττική),38.03223,23.677706,1,0,1,4.0,13.75,10.0,1594,4457,2336,2735
1219969642,650,92,2,1,7,1988.5,6,Περιστέρι (Αθήνα - Δυτικά Προάστια),Αθήνα - Δυτικά Προάστια (Αττική),38.014736,23.687222,0,1,0,1.0,7.07,37.5,410,2725,2201,2899
1220459750,600,65,2,1,3,1992.0,7,Περιστέρι (Αθήνα - Δυτικά Προάστια),Αθήνα - Δυτικά Προάστια (Αττική),38.002716,23.689928,0,1,0,1.0,9.23,34.0,871,1755,2806,3902
1220244676,750,80,2,1,7,2002.0,5,Περιστέρι (Αθήνα - Δυτικά Προάστια),Αθήνα - Δυτικά Προάστια (Αττική),38.01173,23.698938,0,0,0,4.0,9.38,24.0,593,3019,3250,2675
1220198766,800,79,2,1,6,1988.5,3,Περιστέρι (Αθήνα - Δυτικά Προάστια),Αθήνα - Δυτικά Προάστια (Αττική),38.005039,23.679871,0,0,0,13.0,10.13,37.5,1412,1490,1924,4142
1220109949,700,89,2,1,7,1997.0,5,Περιστέρι (Αθήνα - Δυτικά Προάστια),Αθήνα - Δυτικά Προάστια (Αττική),38.008965,23.687025,0,0,0,1.0,7.87,29.0,863,2141,2291,3421
1218864109,1200,170,3,1,6,1993.0,5,Περιστέρι (Αθήνα - Δυτικά Προάστια),Αθήνα - Δυτικά Προάστια (Αττική),38.02367,23.679293,0,0,0,1.0,7.06,33.0,694,3519,1776,2851
1220533005,800,100,2,1,3,1975.0,7,Περιστέρι (Αθήνα - Δυτικά Προάστια),Αθήνα - Δυτικά Προάστια (Αττική),38.020687,23.691427,0,0,0,1.0,8.0,51.0,544,3479,2641,2162
1220428872,900,90,2,1,7,1974.0,2,Περιστέρι (Αθήνα - Δυτικά Προάστια),Αθήνα - Δυτικά Προάστια (Αττική),38.018814,23.703234,0,1,0,4.0,10.0,52.0,1065,3738,3626,1811
1220124507,550,73,2,0,3,1970.0,6,Περιστέρι (Αθήνα - Δυτικά Προάστια),Αθήνα - Δυτικά Προάστια (Αττική),38.00296,23.69298,0,1,0,1.0,7.53,56.0,630,1978,3029,3771
1220268785,770,87,2,1,9,2003.0,6,Περιστέρι (Αθήνα - Δυτικά Προάστια),Αθήνα - Δυτικά Προάστια (Αττική),38.00473,23.6821,1,0,0,1.0,8.85,23.0,1466,1526,2104,4053
1220391677,850,80,1,1,3,1988.5,4,Περιστέρι (Αθήνα - Δυτικά Προάστια),Αθήνα - Δυτικά Προάστια (Αττική),38.017246,23.703009,0,1,1,2.0,10.62,37.5,1004,3627,3591,1984
1220442018,900,90,2,1,6,2005.0,2,Περιστέρι (Αθήνα - Δυτικά Προάστια),Αθήνα - Δυτικά Προάστια (Αττική),38.023426,23.676565,0,1,0,1.0,10.0,21.0,851,3475,1563,3080
1220366996,1100,80,2,2,9,2016.0,6,Περιστέρι (Αθήνα - Δυτικά Προάστια),Αθήνα - Δυτικά Προάστια (Αττική),38.032955,23.672913,1,0,1,4.0,13.75,10.0,1859,4535,2190,3148
1220323998,550,50,1,1,3,1971.0,4,Περιστέρι (Αθήνα - Δυτικά Προάστια),Αθήνα - Δυτικά Προάστια (Αττική),38.011238,23.673494,0,1,0,4.0,11.0,55.0,1280,2121,1091,4032
1220376418,520,53,1,1,3,1988.5,7,Περιστέρι (Αθήνα - Δυτικά Προάστια),Αθήνα - Δυτικά Προάστια (Αττική),38.006245,23.691698,0,1,0,4.0,9.81,37.5,614,2140,2778,3481
1216521142,3500,240,3,3,3,1972.0,1,Περιστέρι (Αθήνα - Δυτικά Προάστια),Αθήνα - Δυτικά Προάστια (Αττική),38.013447,23.688187,0,1,0,2.0,14.58,54.0,404,2630,2294,2956
1220433094,600,65,2,1,3,1992.0,6,Περιστέρι (Αθήνα - Δυτικά Προάστια),Αθήνα - Δυτικά Προάστια (Αττική),38.000614,23.69113,0,1,0,1.0,9.23,34.0,924,1695,3017,4000
1220241580,570,64,2,1,3,1965.0,6,Περιστέρι (Αθήνα - Δυτικά Προάστια),Αθήνα - Δυτικά Προάστια (Αττική),38.009758,23.700987,0,1,0,2.0,8.91,61.0,424,2869,3460,2835
1219885552,1100,80,2,2,9,2016.0,1,Περιστέρι (Αθήνα - Δυτικά Προάστια),Αθήνα - Δυτικά Προάστια (Αττική),38.032917,23.673056,1,0,1,4.0,13.75,10.0,1848,4531,2191,3135
1220477002,800,100,2,1,3,1960.0,8,Περιστέρι (Αθήνα - Δυτικά Προάστια),Αθήνα - Δυτικά Προάστια (Αττική),38.021965,23.692093,0,1,0,1.0,8.0,66.0,686,3633,2733,2021
1220124397,700,90,2,1,6,1990.0,4,Περιστέρι (Αθήνα - Δυτικά Προάστια),Αθήνα - Δυτικά Προάστια (Αττική),38.002575,23.687733,0,0,0,1.0,7.78,36.0,1051,1605,2648,4001
1219640710,600,70,1,1,6,1977.0,6,Περιστέρι (Αθήνα - Δυτικά Προάστια),Αθήνα - Δυτικά Προάστια (Αττική),38.00491,23.684782,0,0,0,1.0,8.57,49.0,1231,1653,2293,3905
1220446697,650,55,1,1,6,2002.0,6,Περιστέρι (Αθήνα - Δυτικά Προάστια),Αθήνα - Δυτικά Προάστια (Αττική),38.009033,23.711382,1,0,1,2.0,11.82,24.0,1149,2466,4372,2808
1220507253,450,58,1,1,3,1975.0,8,Περιστέρι (Αθήνα - Δυτικά Προάστια),Αθήνα - Δυτικά Προάστια (Αττική),38.00462,23.696648,0,1,1,4.0,7.76,51.0,267,2346,3247,3489
1220424586,450,42,1,1,7,1980.0,7,Περιστέρι (Αθήνα - Δυτικά Προάστια),Αθήνα - Δυτικά Προάστια (Αττική),38.009464,23.676846,0,0,0,1.0,10.71,46.0,1241,1926,1441,3948
1220342282,750,100,2,1,3,1975.0,4,Περιστέρι (Αθήνα - Δυτικά Προάστια),Αθήνα - Δυτικά Προάστια (Αττική),38.020351,23.675905,0,1,0,1.0,7.5,51.0,761,3131,1338,3283
1219975957,700,90,2,1,7,1988.0,5,Περιστέρι (Αθήνα - Δυτικά Προάστια),Αθήνα - Δυτικά Προάστια (Αττική),38.020679,23.671917,0,0,0,1.0,7.78,38.0,1111,3178,1054,3577
1220547459,750,106,3,1,7,1998.0,5,Περιστέρι (Αθήνα - Δυτικά Προάστια),Αθήνα - Δυτικά Προάστια (Αττική),38.024071,23.669497,0,0,0,4.0,7.08,28.0,1426,3577,1180,3633
1219970341,750,90,2,1,7,2004.0,5,Περιστέρι (Αθήνα - Δυτικά Προάστια),Αθήνα - Δυτικά Προάστια (Αττική),38.00845,23.689871,0,1,0,1.0,8.33,22.0,806,2228,2546,3338
1219841210,700,91,3,1,3,1982.0,7,Περιστέρι (Αθήνα - Δυτικά Προάστια),Αθήνα - Δυτικά Προάστια (Αττική),38.014276087719296,23.688011122807016,0,0,1,1.0,7.69,44.0,365,2707,2272,2894
1220497282,750,105,3,1,3,1975.0,6,Περιστέρι (Αθήνα - Δυτικά Προάστια),Αθήνα - Δυτικά Προάστια (Αττική),38.030602,23.673412,0,1,0,1.0,7.14,51.0,1618,4272,1979,3130
1220342189,650,55,1,1,3,1990.0,5,Περιστέρι (Αθήνα - Δυτικά Προάστια),Αθήνα - Δυτικά Προάστια (Αττική),38.01968,23.70323,0,0,1,4.0,11.82,36.0,1098,3810,3637,1719
1219306180,1500,136,3,2,7,2010.0,1,Περιστέρι (Αθήνα - Δυτικά Προάστια),Αθήνα - Δυτικά Προάστια (Αττική),38.014225,23.702719,0,1,0,1.0,11.03,16.0,939,3361,3560,2317
1220100766,830,70,2,1,9,1988.5,2,Περιστέρι (Αθήνα - Δυτικά Προάστια),Αθήνα - Δυτικά Προάστια (Αττική),38.023979,23.675215,1,0,0,13.0,11.86,37.5,983,3534,1508,3166
1220287130,630,90,2,1,3,1985.0,7,Περιστέρι (Αθήνα - Δυτικά Προάστια),Αθήνα - Δυτικά Προάστια (Αττική),38.021828,23.673006,0,0,0,Άγνωστο,7.0,41.0,1050,3299,1207,3437
1219528686,800,100,2,1,7,1978.0,6,Περιστέρι (Αθήνα - Δυτικά Προάστια),Αθήνα - Δυτικά Προάστια (Αττική),38.033493,23.677465,1,1,1,1.0,8.0,48.0,1733,4597,2439,2747
1220026151,1100,80,2,2,9,2016.0,1,Περιστέρι (Αθήνα - Δυτικά Προάστια),Αθήνα - Δυτικά Προάστια (Αττική),38.030224,23.67383,1,0,1,Άγνωστο,13.75,10.0,1563,4229,1961,3100
1220101017,850,75,1,1,7,1980.0,9,Περιστέρι (Αθήνα - Δυτικά Προάστια),Αθήνα - Δυτικά Προάστια (Αττική),38.014931,23.703768,0,0,0,2.0,11.33,46.0,1047,3400,3650,2220
1220137299,750,92,1,2,6,1976.0,8,Περιστέρι (Αθήνα - Δυτικά Προάστια),Αθήνα - Δυτικά Προάστια (Αττική),38.004845,23.694592,0,0,1,1.0,8.15,50.0,399,2219,3071,3525
1220098685,900,75,2,1,7,1985.0,6,Περιστέρι (Αθήνα - Δυτικά Προάστια),Αθήνα - Δυτικά Προάστια (Αττική),38.015118,23.699903,0,1,0,1.0,12.0,41.0,723,3355,3312,2292
1220293759,1150,78,2,1,7,2025.0,1,Περιστέρι (Αθήνα - Δυτικά Προάστια),Αθήνα - Δυτικά Προάστια (Αττική),38.010559,23.691931,1,0,0,2.0,14.74,1.0,583,2524,2664,3045
1220426176,680,95,2,1,6,1995.0,6,Περιστέρι (Αθήνα - Δυτικά Προάστια),Αθήνα - Δυτικά Προάστια (Αττική),38.022289,23.700735,0,0,0,1.0,7.16,31.0,1071,4035,3475,1531
1219951681,800,80,2,2,6,1970.0,3,Περιστέρι (Αθήνα - Δυτικά Προάστια),Αθήνα - Δυτικά Προάστια (Αττική),38.00206,23.68475,0,1,0,13.0,10.0,56.0,1236,1390,2464,4177
1220547454,700,89,2,1,7,2004.0,5,Περιστέρι (Αθήνα - Δυτικά Προάστια),Αθήνα - Δυτικά Προάστια (Αττική),38.007008,23.687721,0,0,0,1.0,7.87,22.0,964,1988,2422,3571
1219964550,600,65,1,1,3,1960.0,8,Περιστέρι (Αθήνα - Δυτικά Προάστια),Αθήνα - Δυτικά Προάστια (Αττική),38.008541,23.680893,0,0,0,6.0,9.23,66.0,1192,1889,1805,3783
1220546711,700,112,2,1,6,1990.0,6,Περιστέρι (Αθήνα - Δυτικά Προάστια),Αθήνα - Δυτικά Προάστια (Αττική),38.01783,23.680635,0,1,0,1.0,6.25,36.0,351,2892,1650,3086
1220195841,480,27,1,1,3,2000.0,4,Περιστέρι (Αθήνα - Δυτικά Προάστια),Αθήνα - Δυτικά Προάστια (Αττική),38.008221,23.67378,1,1,0,4.0,17.78,26.0,1354,1785,1284,4237
1220010142,850,107,3,1,3,1990.0,2,Περιστέρι (Αθήνα - Δυτικά Προάστια),Αθήνα - Δυτικά Προάστια (Αττική),38.004478,23.691669,0,1,0,4.0,7.94,36.0,652,1999,2852,3660
1220273671,320,25,1,1,3,2001.0,6,Περιστέρι (Αθήνα - Δυτικά Προάστια),Αθήνα - Δυτικά Προάστια (Αττική),38.004841,23.681517,0,0,0,Άγνωστο,12.8,25.0,1506,1517,2054,4073
1220371051,850,105,3,1,3,1980.0,7,Περιστέρι (Αθήνα - Δυτικά Προάστια),Αθήνα - Δυτικά Προάστια (Αττική),38.008923,23.696701,0,0,0,1.0,8.1,46.0,331,2660,3111,3035
1220525811,455,80,3,1,6,1978.0,8,Αιγάλεω (Αθήνα - Δυτικά Προάστια),Αθήνα - Δυτικά Προάστια (Αττική),37.988625,23.678743,0,0,1,Άγνωστο,5.69,48.0,367,515,3295,5001
1220509594,600,52,1,1,3,2010.0,2,Αιγάλεω (Αθήνα - Δυτικά Προάστια),Αθήνα - Δυτικά Προάστια (Αττική),37.98996,23.67305,0,1,1,4.0,11.54,16.0,730,302,2966,5489
1220116783,650,71,2,1,7,1980.0,10,Αιγάλεω (Αθήνα - Δυτικά Προάστια),Αθήνα - Δυτικά Προάστια (Αττική),38.005219,23.668921,1,1,1,1.0,9.15,46.0,904,1543,1260,4775
1218362308,550,30,1,1,7,2006.0,6,Αιγάλεω (Αθήνα - Δυτικά Προάστια),Αθήνα - Δυτικά Προάστια (Αττική),38.00124,23.672791,0,1,1,Άγνωστο,18.33,20.0,665,1024,1813,4861
1220249206,450,42,1,1,3,1975.0,6,Αιγάλεω (Αθήνα - Δυτικά Προάστια),Αθήνα - Δυτικά Προάστια (Αττική),37.992905,23.66997,0,1,0,1.0,10.71,51.0,536,448,2573,5741
1220154840,690,92,2,1,3,1973.0,10,Αιγάλεω (Αθήνα - Δυτικά Προάστια),Αθήνα - Δυτικά Προάστια (Αττική),37.999489,23.680855,0,1,0,1.0,7.5,53.0,911,959,2398,4599
1220412819,650,60,1,1,6,1978.0,5,Αιγάλεω (Αθήνα - Δυτικά Προάστια),Αθήνα - Δυτικά Προάστια (Αττική),37.9888,23.68384,0,0,1,1.0,10.83,48.0,362,862,3499,4555
1220547612,600,62,2,1,8,2022.0,5,Αιγάλεω (Αθήνα - Δυτικά Προάστια),Αθήνα - Δυτικά Προάστια (Αττική),37.99575,23.681135,1,0,0,13.0,9.68,4.0,495,667,2731,4786
1220197171,770,97,3,1,3,1977.0,5,Αιγάλεω (Αθήνα - Δυτικά Προάστια),Αθήνα - Δυτικά Προάστια (Αττική),38.000076,23.672735,0,0,0,1.0,7.94,49.0,581,898,1923,4963
1217780452,500,65,1,1,3,1975.0,6,Αιγάλεω (Αθήνα - Δυτικά Προάστια),Αθήνα - Δυτικά Προάστια (Αττική),37.988232,23.67322,0,1,1,4.0,7.69,51.0,778,468,3153,5487
1220414100,600,42,1,1,6,1980.0,4,Αιγάλεω (Αθήνα - Δυτικά Προάστια),Αθήνα - Δυτικά Προάστια (Αττική),37.996658,23.670336,0,0,0,4.0,14.29,46.0,281,642,2184,5391
1219842913,900,88,2,1,3,1970.0,6,Αιγάλεω (Αθήνα - Δυτικά Προάστια),Αθήνα - Δυτικά Προάστια (Αττική),37.988625,23.680309,0,1,1,2.0,10.23,56.0,308,612,3358,4864
1220482500,850,64,1,0,8,2025.0,4,Αιγάλεω (Αθήνα - Δυτικά Προάστια),Αθήνα - Δυτικά Προάστια (Αττική),37.989098,23.671381,1,0,0,9.0,13.28,1.0,895,469,3014,5640
1220186270,850,106,2,1,7,1998.0,10,Αιγάλεω (Αθήνα - Δυτικά Προάστια),Αθήνα - Δυτικά Προάστια (Αττική),37.991726,23.684467,0,0,0,4.0,8.02,28.0,290,831,3264,4482
1220488482,1100,75,2,1,3,1980.0,1,Αιγάλεω (Αθήνα - Δυτικά Προάστια),Αθήνα - Δυτικά Προάστια (Αττική),37.991405,23.669262,0,1,0,9.0,14.67,46.0,669,511,2719,5815
1220393205,820,100,2,1,7,1980.0,3,Αιγάλεω (Αθήνα - Δυτικά Προάστια),Αθήνα - Δυτικά Προάστια (Αττική),37.996113,23.683048,0,1,0,2.0,8.2,46.0,559,829,2806,4623
1220477776,600,48,1,1,4,1983.0,7,Αιγάλεω (Αθήνα - Δυτικά Προάστια),Αθήνα - Δυτικά Προάστια (Αττική),37.990894,23.679619,0,0,0,1.0,12.5,43.0,146,430,3108,4909
1220486743,1900,77,2,1,10,2025.0,1,Αιγάλεω (Αθήνα - Δυτικά Προάστια),Αθήνα - Δυτικά Προάστια (Αττική),37.99229,23.686283,1,0,1,2.0,24.68,1.0,459,989,3313,4322
1219870994,800,75,1,1,3,1970.0,3,Αιγάλεω (Αθήνα - Δυτικά Προάστια),Αθήνα - Δυτικά Προάστια (Αττική),37.986935,23.682516,0,1,1,13.0,10.67,56.0,499,881,3616,4693
1219945392,650,80,2,1,3,1980.0,8,Αιγάλεω (Αθήνα - Δυτικά Προάστια),Αθήνα - Δυτικά Προάστια (Αττική),37.999439,23.685801,0,1,0,Άγνωστο,8.12,46.0,991,1242,2717,4388
1220303662,480,35,1,1,6,1980.0,6,Αιγάλεω (Αθήνα - Δυτικά Προάστια),Αθήνα - Δυτικά Προάστια (Αττική),37.986092,23.682793,0,1,1,8.0,13.71,46.0,596,963,3710,4682
1220137441,820,100,2,1,7,1980.0,3,Αιγάλεω (Αθήνα - Δυτικά Προάστια),Αθήνα - Δυτικά Προάστια (Αττική),37.996479,23.682436,0,1,0,2.0,8.2,46.0,586,807,2740,4680
1219703491,900,75,1,1,3,2025.0,1,Αιγάλεω (Αθήνα - Δυτικά Προάστια),Αθήνα - Δυτικά Προάστια (Αττική),37.984577,23.681938,0,1,1,6.0,12.0,1.0,750,1043,3823,4785
1220305087,620,79,2,1,3,1985.0,4,Αιγάλεω (Αθήνα - Δυτικά Προάστια),Αθήνα - Δυτικά Προάστια (Αττική),38.004505,23.669933,0,0,1,4.0,7.85,41.0,847,1438,1373,4766
1219791704,900,75,1,1,3,1970.0,4,Αιγάλεω (Αθήνα - Δυτικά Προάστια),Αθήνα - Δυτικά Προάστια (Αττική),37.988201,23.67926,0,1,1,6.0,12.0,56.0,384,581,3358,4960
1220415053,620,60,1,1,3,1980.0,6,Αιγάλεω (Αθήνα - Δυτικά Προάστια),Αθήνα - Δυτικά Προάστια (Αττική),37.998329,23.675386,0,1,1,Άγνωστο,10.33,46.0,728,682,2208,4974
1219995830,430,37,1,1,8,2004.0,5,Αιγάλεω (Αθήνα - Δυτικά Προάστια),Αθήνα - Δυτικά Προάστια (Αττική),38.002094,23.67312,0,0,1,1.0,11.62,22.0,752,1112,1748,4770
1220541212,950,62,2,2,7,2026.0,1,Αιγάλεω (Αθήνα - Δυτικά Προάστια),Αθήνα - Δυτικά Προάστια (Αττική),38.003868,23.673595,1,0,0,2.0,15.32,0.0,929,1303,1613,4595
1220500167,600,38,1,1,6,1970.0,4,Αιγάλεω (Αθήνα - Δυτικά Προάστια),Αθήνα - Δυτικά Προάστια (Αττική),38.000629,23.680445,0,0,0,4.0,15.79,56.0,1039,1052,2282,4512
1220547589,580,50,1,1,3,1985.0,6,Αιγάλεω (Αθήνα - Δυτικά Προάστια),Αθήνα - Δυτικά Προάστια (Αττική),37.995838,23.688345,0,1,1,4.0,11.6,41.0,804,1237,3150,4158
1220533185,450,30,1,1,3,2004.0,6,Αιγάλεω (Αθήνα - Δυτικά Προάστια),Αθήνα - Δυτικά Προάστια (Αττική),38.004505,23.669933,0,0,0,1.0,15.0,22.0,847,1438,1373,4766
1220547755,800,75,1,2,8,2002.0,4,Αιγάλεω (Αθήνα - Δυτικά Προάστια),Αθήνα - Δυτικά Προάστια (Αττική),37.996906,23.672386,0,0,0,4.0,10.67,24.0,456,571,2225,5258
1220321120,580,78,2,1,3,1980.0,6,Αιγάλεω (Αθήνα - Δυτικά Προάστια),Αθήνα - Δυτικά Προάστια (Αττική),37.98502,23.667921,0,0,0,1.0,7.44,46.0,1356,1011,3394,5532
1220496475,850,90,2,2,7,1972.0,6,Αιγάλεω (Αθήνα - Δυτικά Προάστια),Αθήνα - Δυτικά Προάστια (Αττική),37.983097,23.676779,0,1,0,4.0,9.44,54.0,991,1024,3794,5072
1218361432,2000,129,3,1,6,1960.0,9,Αιγάλεω (Αθήνα - Δυτικά Προάστια),Αθήνα - Δυτικά Προάστια (Αττική),37.991768,23.681721,0,0,0,Άγνωστο,15.5,66.0,69,591,3122,4722
1219605700,550,52,1,1,3,1980.0,7,Αιγάλεω (Αθήνα - Δυτικά Προάστια),Αθήνα - Δυτικά Προάστια (Αττική),37.99564,23.690205,0,1,0,Άγνωστο,10.58,46.0,925,1386,3285,3993
1219530606,590,70,2,1,3,1995.0,4,Αιγάλεω (Αθήνα - Δυτικά Προάστια),Αθήνα - Δυτικά Προάστια (Αττική),37.984322,23.681276,0,0,1,2.0,8.43,31.0,776,1034,3823,4847
1220481683,680,65,1,1,4,1990.0,3,Αιγάλεω (Αθήνα - Δυτικά Προάστια),Αθήνα - Δυτικά Προάστια (Αττική),37.994896,23.683613,0,1,1,1.0,10.46,36.0,452,812,2941,4563
1220133452,820,100,2,1,7,1980.0,3,Αιγάλεω (Αθήνα - Δυτικά Προάστια),Αθήνα - Δυτικά Προάστια (Αττική),37.995289,23.682699,0,1,0,4.0,8.2,46.0,463,757,2856,4646
1220247729,780,90,2,1,6,1976.0,7,Αιγάλεω (Αθήνα - Δυτικά Προάστια),Αθήνα - Δυτικά Προάστια (Αττική),37.993801,23.669895,0,0,0,1.0,8.67,50.0,446,481,2476,5665
1219749344,800,60,1,1,3,2025.0,1,Αιγάλεω (Αθήνα - Δυτικά Προάστια),Αθήνα - Δυτικά Προάστια (Αττική),37.987366,23.680756,0,0,1,13.0,13.33,1.0,439,737,3500,4840
1220142287,1000,73,2,1,9,2006.0,4,Αιγάλεω (Αθήνα - Δυτικά Προάστια),Αθήνα - Δυτικά Προάστια (Αττική),37.998016,23.673521,1,0,1,1.0,13.7,20.0,561,660,2157,5100
1220482822,570,40,1,1,3,1970.0,6,Αιγάλεω (Αθήνα - Δυτικά Προάστια),Αθήνα - Δυτικά Προάστια (Αττική),37.989727,23.670982,0,1,0,4.0,14.25,56.0,895,447,2937,5671
1220366632,580,75,2,1,3,1985.0,4,Αιγάλεω (Αθήνα - Δυτικά Προάστια),Αθήνα - Δυτικά Προάστια (Αττική),37.984951,23.668499,0,1,0,4.0,7.73,41.0,1318,987,3410,5505
1219766860,700,68,1,1,3,1988.0,5,Αιγάλεω (Αθήνα - Δυτικά Προάστια),Αθήνα - Δυτικά Προάστια (Αττική),38.003857,23.672544,0,0,1,1.0,10.29,38.0,876,1314,1558,4658
1220366139,600,42,1,1,3,1983.0,8,Αιγάλεω (Αθήνα - Δυτικά Προάστια),Αθήνα - Δυτικά Προάστια (Αττική),37.995922,23.68889,0,0,1,4.0,14.29,43.0,847,1286,3179,4111
1220487158,550,34,1,1,6,1970.0,8,Αιγάλεω (Αθήνα - Δυτικά Προάστια),Αθήνα - Δυτικά Προάστια (Αττική),37.999748,23.668501,1,1,0,4.0,16.18,56.0,305,1014,1807,5234
1220534391,630,77,2,1,3,1978.0,6,Αιγάλεω (Αθήνα - Δυτικά Προάστια),Αθήνα - Δυτικά Προάστια (Αττική),37.98288,23.674152,0,1,0,Άγνωστο,8.18,48.0,1122,1039,3746,5116
1220400843,800,110,3,1,6,1970.0,6,Αιγάλεω (Αθήνα - Δυτικά Προάστια),Αθήνα - Δυτικά Προάστια (Αττική),37.993877,23.678587,0,1,1,2.0,7.27,56.0,367,365,2776,4998
1220481774,550,34,1,1,6,1978.0,6,Αιγάλεω (Αθήνα - Δυτικά Προάστια),Αθήνα - Δυτικά Προάστια (Αττική),37.99929,23.669039,1,0,0,4.0,16.18,48.0,283,946,1871,5240
1219804061,550,54,1,1,4,1972.0,9,Αιγάλεω (Αθήνα - Δυτικά Προάστια),Αθήνα - Δυτικά Προάστια (Αττική),37.99316,23.672529,0,0,1,1.0,10.19,54.0,648,241,2616,5527
1220518565,450,40,1,1,7,1998.0,5,Αιγάλεω (Αθήνα - Δυτικά Προάστια),Αθήνα - Δυτικά Προάστια (Αττική),37.985504,23.669376,0,0,0,1.0,11.25,28.0,1220,893,3363,5533
1220519596,400,67,1,1,6,1980.0,10,Αιγάλεω (Αθήνα - Δυτικά Προάστια),Αθήνα - Δυτικά Προάστια (Αττική),37.987103,23.679522,0,1,0,Άγνωστο,5.97,46.0,489,692,3477,4951
1220422455,620,60,1,1,3,1980.0,6,Αιγάλεω (Αθήνα - Δυτικά Προάστια),Αθήνα - Δυτικά Προάστια (Αττική),37.998146,23.673174,0,1,1,4.0,10.33,46.0,534,680,2130,5107
1220242666,430,35,1,1,3,1980.0,7,Αιγάλεω (Αθήνα - Δυτικά Προάστια),Αθήνα - Δυτικά Προάστια (Αττική),37.985153,23.680771,0,1,0,Άγνωστο,12.29,46.0,685,933,3720,4874
1220547336,580,65,1,1,7,1980.0,2,Αιγάλεω (Αθήνα - Δυτικά Προάστια),Αθήνα - Δυτικά Προάστια (Αττική),37.99884,23.684315,0,0,1,6.0,8.92,46.0,882,1101,2664,4508
1219976229,720,106,2,1,7,1980.0,9,Αιγάλεω (Αθήνα - Δυτικά Προάστια),Αθήνα - Δυτικά Προάστια (Αττική),37.994102,23.671318,0,1,0,Άγνωστο,6.79,46.0,499,386,2481,5564
1219796296,900,88,2,1,3,1970.0,6,Αιγάλεω (Αθήνα - Δυτικά Προάστια),Αθήνα - Δυτικά Προάστια (Αττική),37.986607,23.678778,0,0,1,Άγνωστο,10.23,56.0,563,705,3499,5023
1220071814,850,104,2,1,7,1996.0,6,Αιγάλεω (Αθήνα - Δυτικά Προάστια),Αθήνα - Δυτικά Προάστια (Αττική),37.990894,23.680504,1,0,0,1.0,8.17,30.0,76,504,3147,4832
1220318775,360,25,1,1,3,2000.0,7,Αιγάλεω (Αθήνα - Δυτικά Προάστια),Αθήνα - Δυτικά Προάστια (Αττική),37.987514,23.674158,0,0,0,Άγνωστο,14.4,26.0,747,526,3255,5413
1220346920,620,75,2,1,6,1971.0,6,Αιγάλεω (Αθήνα - Δυτικά Προάστια),Αθήνα - Δυτικά Προάστια (Αττική),37.993111,23.681801,0,1,0,6.0,8.27,55.0,208,605,3002,4715
1219742159,800,120,3,1,6,1980.0,6,Αιγάλεω (Αθήνα - Δυτικά Προάστια),Αθήνα - Δυτικά Προάστια (Αττική),37.998863,23.680811,0,0,0,1.0,6.67,46.0,842,899,2447,4660
1220477809,720,52,1,1,3,2005.0,4,Αιγάλεω (Αθήνα - Δυτικά Προάστια),Αθήνα - Δυτικά Προάστια (Αττική),38.007145,23.672316,0,0,1,1.0,13.85,21.0,1193,1678,1266,4412
1218498736,900,95,3,2,3,1980.0,10,Αιγάλεω (Αθήνα - Δυτικά Προάστια),Αθήνα - Δυτικά Προάστια (Αττική),37.993591,23.686159,0,1,0,2.0,9.47,46.0,504,990,3196,4334
1220521186,580,75,2,1,3,1985.0,4,Αιγάλεω (Αθήνα - Δυτικά Προάστια),Αθήνα - Δυτικά Προάστια (Αττική),37.985188,23.666945,0,1,0,4.0,7.73,41.0,1336,1052,3364,5583
1219848690,750,103,3,1,6,1975.0,6,Αιγάλεω (Αθήνα - Δυτικά Προάστια),Αθήνα - Δυτικά Προάστια (Αττική),38.002491,23.670902,0,0,0,1.0,7.28,51.0,672,1199,1610,4867
1220423888,750,45,1,1,6,1998.0,2,Αιγάλεω (Αθήνα - Δυτικά Προάστια),Αθήνα - Δυτικά Προάστια (Αττική),37.998203,23.673084,0,0,1,4.0,16.67,28.0,528,688,2121,5107
1220547262,600,72,2,1,3,1980.0,6,Αιγάλεω (Αθήνα - Δυτικά Προάστια),Αθήνα - Δυτικά Προάστια (Αττική),38.004505,23.670404,0,1,1,1.0,8.33,46.0,859,1426,1394,4737
1220483085,600,80,2,1,6,1975.0,6,Αιγάλεω (Αθήνα - Δυτικά Προάστια),Αθήνα - Δυτικά Προάστια (Αττική),37.997444,23.687469,0,0,0,4.0,7.5,51.0,877,1239,2973,4253
1220521134,700,91,3,1,4,1975.0,6,Αιγάλεω (Αθήνα - Δυτικά Προάστια),Αθήνα - Δυτικά Προάστια (Αττική),37.994572,23.675579,0,1,0,4.0,7.69,51.0,612,269,2580,5265
1220376352,400,32,0,1,3,1985.0,2,Αιγάλεω (Αθήνα - Δυτικά Προάστια),Αθήνα - Δυτικά Προάστια (Αττική),37.997116,23.688627,0,0,1,4.0,12.5,41.0,918,1313,3073,4148
1219384176,850,106,2,1,7,1980.0,9,Αιγάλεω (Αθήνα - Δυτικά Προάστια),Αθήνα - Δυτικά Προάστια (Αττική),37.993149,23.672005,0,1,0,Άγνωστο,8.02,46.0,617,283,2601,5573
1220356820,600,48,1,1,4,1998.0,6,Αιγάλεω (Αθήνα - Δυτικά Προάστια),Αθήνα - Δυτικά Προάστια (Αττική),37.98801,23.683947,0,0,0,1.0,12.5,28.0,438,912,3578,4554
1220506876,390,26,1,1,3,1980.0,7,Αιγάλεω (Αθήνα - Δυτικά Προάστια),Αθήνα - Δυτικά Προάστια (Αττική),38.001724,23.679415,0,0,1,2.0,15.0,46.0,1170,1127,2132,4462
1220391302,550,67,2,1,3,1983.0,9,Αιγάλεω (Αθήνα - Δυτικά Προάστια),Αθήνα - Δυτικά Προάστια (Αττική),37.993469,23.668764,0,1,0,Άγνωστο,8.21,43.0,437,564,2486,5755
1219842010,700,103,3,1,6,1975.0,4,Αιγάλεω (Αθήνα - Δυτικά Προάστια),Αθήνα - Δυτικά Προάστια (Αττική),38.0014,23.670944,0,0,0,1.0,6.8,51.0,571,1083,1719,4954
1220339756,500,48,1,1,4,1980.0,7,Αιγάλεω (Αθήνα - Δυτικά Προάστια),Αθήνα - Δυτικά Προάστια (Αττική),38.000248,23.670927,0,0,0,Άγνωστο,10.42,46.0,471,963,1834,5051
1220533076,550,35,1,1,3,2023.0,4,Αιγάλεω (Αθήνα - Δυτικά Προάστια),Αθήνα - Δυτικά Προάστια (Αττική),37.9945645,23.677609894736847,0,0,0,2.0,15.71,3.0,480,348,2667,5087
1220314922,550,67,1,1,3,1978.0,6,Αιγάλεω (Αθήνα - Δυτικά Προάστια),Αθήνα - Δυτικά Προάστια (Αττική),37.999958,23.683907,0,0,1,4.0,8.21,48.0,992,1163,2554,4417
1220526104,470,40,1,1,9,2011.0,2,Νέα Φιλαδέλφεια (Αθήνα - Δυτικά Προάστια),Αθήνα - Δυτικά Προάστια (Αττική),38.031868,23.735962,1,1,1,1.0,11.75,15.0,697,4201,4575,2397
1220535647,500,78,1,1,6,1970.0,6,Νέα Φιλαδέλφεια (Αθήνα - Δυτικά Προάστια),Αθήνα - Δυτικά Προάστια (Αττική),38.034603,23.733463,0,1,1,2.0,6.41,56.0,949,4494,4806,2160
1219297117,1500,97,3,1,9,1998.0,2,Νέα Φιλαδέλφεια (Αθήνα - Δυτικά Προάστια),Αθήνα - Δυτικά Προάστια (Αττική),38.037216,23.736172,1,0,0,2.0,15.46,28.0,870,4795,4601,2416
1219458150,1800,260,3,2,6,1979.0,4,Νέα Φιλαδέλφεια (Αθήνα - Δυτικά Προάστια),Αθήνα - Δυτικά Προάστια (Αττική),38.039284,23.735731,0,1,1,13.0,6.92,47.0,1056,5022,4676,2418
1219961924,1000,130,2,1,4,1961.0,4,Νέα Φιλαδέλφεια (Αθήνα - Δυτικά Προάστια),Αθήνα - Δυτικά Προάστια (Αττική),38.044178,23.741013,0,1,0,1.0,7.69,65.0,1119,5609,4366,3019
1219837373,1200,186,4,2,3,2010.0,4,Νέα Φιλαδέλφεια (Αθήνα - Δυτικά Προάστια),Αθήνα - Δυτικά Προάστια (Αττική),38.043961,23.738106,0,0,0,Άγνωστο,6.45,16.0,1298,5556,4601,2774
1220171208,1500,98,3,1,9,1998.0,2,Νέα Φιλαδέλφεια (Αθήνα - Δυτικά Προάστια),Αθήνα - Δυτικά Προάστια (Αττική),38.037018,23.737972,0,1,0,2.0,15.31,28.0,738,4787,4442,2570
1220478221,650,65,1,1,6,1975.0,4,Νέα Φιλαδέλφεια (Αθήνα - Δυτικά Προάστια),Αθήνα - Δυτικά Προάστια (Αττική),38.049629,23.740049,1,1,0,1.0,10.0,51.0,1587,6201,4674,3212
1219967741,850,110,2,1,7,1975.0,3,Νέα Φιλαδέλφεια (Αθήνα - Δυτικά Προάστια),Αθήνα - Δυτικά Προάστια (Αττική),38.049629,23.740049,1,1,0,1.0,7.73,51.0,1587,6201,4674,3212
1220535203,1100,108,3,1,3,2009.0,5,Νέα Φιλαδέλφεια (Αθήνα - Δυτικά Προάστια),Αθήνα - Δυτικά Προάστια (Αττική),38.034378,23.742798,1,0,0,1.0,10.19,17.0,250,4561,3989,2978
1220261844,400,30,1,1,7,1979.0,9,Νέα Φιλαδέλφεια (Αθήνα - Δυτικά Προάστια),Αθήνα - Δυτικά Προάστια (Αττική),38.047829,23.746071,0,0,0,1.0,13.33,47.0,1043,6084,4112,3585
1219637037,550,38,1,1,8,1978.0,9,Νέα Φιλαδέλφεια (Αθήνα - Δυτικά Προάστια),Αθήνα - Δυτικά Προάστια (Αττική),38.036774,23.73527,1,0,1,Άγνωστο,14.47,48.0,905,4741,4673,2332
1220447878,650,50,1,1,3,1970.0,2,Νέα Φιλαδέλφεια (Αθήνα - Δυτικά Προάστια),Αθήνα - Δυτικά Προάστια (Αττική),38.034065,23.73802,0,1,0,Άγνωστο,13.0,56.0,551,4461,4404,2560
1220503912,650,65,1,1,6,1979.0,5,Νέα Φιλαδέλφεια (Αθήνα - Δυτικά Προάστια),Αθήνα - Δυτικά Προάστια (Αττική),38.049866,23.74012,1,0,0,1.0,10.0,47.0,1596,6228,4680,3231
1218677535,1000,169,2,1,6,1975.0,8,Νέα Φιλαδέλφεια (Αθήνα - Δυτικά Προάστια),Αθήνα - Δυτικά Προάστια (Αττική),38.03862,23.738197,1,0,0,1.0,5.92,51.0,862,4966,4450,2615
1220508187,600,50,1,1,3,1930.0,4,Νέα Φιλαδέλφεια (Αθήνα - Δυτικά Προάστια),Αθήνα - Δυτικά Προάστια (Αττική),38.038933,23.73632,0,1,0,4.0,12.0,96.0,992,4987,4618,2460
1220418676,1100,107,3,1,3,2009.0,5,Νέα Φιλαδέλφεια (Αθήνα - Δυτικά Προάστια),Αθήνα - Δυτικά Προάστια (Αττική),38.034485,23.740816,1,1,0,1.0,10.28,17.0,363,4541,4163,2804
1219592378,500,40,0,1,8,1980.0,3,Νέα Φιλαδέλφεια (Αθήνα - Δυτικά Προάστια),Αθήνα - Δυτικά Προάστια (Αττική),38.035885,23.734356,1,0,1,Άγνωστο,12.5,46.0,926,4639,4741,2244
1220534297,650,67,2,1,6,1979.0,3,Νέα Φιλαδέλφεια (Αθήνα - Δυτικά Προάστια),Αθήνα - Δυτικά Προάστια (Αττική),38.052299,23.741798,0,0,0,1.0,9.7,47.0,1655,6514,4676,3502
1213716091,850,115,3,1,3,1970.0,9,Νέα Φιλαδέλφεια (Αθήνα - Δυτικά Προάστια),Αθήνα - Δυτικά Προάστια (Αττική),38.044411,23.739479,0,1,0,1.0,7.39,56.0,1235,5619,4502,2904
1220482989,450,35,1,1,0,1978.0,6,Νέα Φιλαδέλφεια (Αθήνα - Δυτικά Προάστια),Αθήνα - Δυτικά Προάστια (Αττική),38.045078,23.734741,1,0,0,4.0,12.86,48.0,1611,5661,4919,2558
1220431741,650,41,1,1,4,1979.0,8,Νέα Φιλαδέλφεια (Αθήνα - Δυτικά Προάστια),Αθήνα - Δυτικά Προάστια (Αττική),38.052834,23.741949,0,1,0,4.0,15.85,47.0,1689,6574,4694,3547
1220256661,450,33,0,0,3,1960.0,10,Νέα Φιλαδέλφεια (Αθήνα - Δυτικά Προάστια),Αθήνα - Δυτικά Προάστια (Αττική),38.037411,23.7379,0,1,0,Άγνωστο,13.64,66.0,774,4830,4454,2569
1220498812,680,85,0,0,7,1985.0,6,Νέα Φιλαδέλφεια (Αθήνα - Δυτικά Προάστια),Αθήνα - Δυτικά Προάστια (Αττική),38.045101,23.7355,0,0,0,1.0,8.0,41.0,1558,5667,4857,2619
1220283822,440,53,1,1,3,1979.0,4,Νέα Φιλαδέλφεια (Αθήνα - Δυτικά Προάστια),Αθήνα - Δυτικά Προάστια (Αττική),38.051392,23.74213,0,0,1,1.0,8.3,47.0,1564,6417,4601,3471
1220531862,480,36,1,1,6,1984.0,6,Καστέλλα - Πασαλιμάνι (Πειραιάς),Πειραιάς (Αττική),37.938572,23.652288,0,1,0,Άγνωστο,13.33,42.0,697,341,447,3527
1220098481,700,45,1,1,11,1993.0,5,Καστέλλα - Πασαλιμάνι (Πειραιάς),Πειραιάς (Αττική),37.944923,23.660809,1,1,1,Άγνωστο,15.56,33.0,1245,786,1449,2851
1220378762,2500,165,4,2,10,2010.0,2,Καστέλλα - Πασαλιμάνι (Πειραιάς),Πειραιάς (Αττική),37.936954,23.650871,1,0,0,2.0,15.15,16.0,771,546,297,3659
1220405844,750,104,2,1,6,1992.0,5,Καστέλλα - Πασαλιμάνι (Πειραιάς),Πειραιάς (Αττική),37.944614,23.65556,1,0,1,1.0,7.21,34.0,786,408,1086,3295
1218872178,550,65,1,1,3,1984.0,6,Καστέλλα - Πασαλιμάνι (Πειραιάς),Πειραιάς (Αττική),37.938671,23.651337,1,1,0,1.0,8.46,42.0,633,353,374,3610
1220522677,720,70,2,1,6,1977.0,5,Καστέλλα - Πασαλιμάνι (Πειραιάς),Πειραιάς (Αττική),37.941422,23.650682,1,1,1,1.0,10.29,49.0,388,196,546,3676
1220469601,550,42,1,1,4,1980.0,4,Καστέλλα - Πασαλιμάνι (Πειραιάς),Πειραιάς (Αττική),37.935909,23.650551,1,1,1,4.0,13.1,46.0,865,665,304,3697
1220519792,520,33,0,1,7,2011.0,8,Καστέλλα - Πασαλιμάνι (Πειραιάς),Πειραιάς (Αττική),37.942249,23.658974,0,1,1,Άγνωστο,15.76,15.0,1072,538,1152,2959
1220428649,500,60,1,1,3,1990.0,6,Καστέλλα - Πασαλιμάνι (Πειραιάς),Πειραιάς (Αττική),37.93927,23.652731,0,1,1,2.0,8.33,36.0,672,260,513,3488
1220230178,530,50,1,1,6,1970.0,8,Καστέλλα - Πασαλιμάνι (Πειραιάς),Πειραιάς (Αττική),37.94022,23.658754,0,0,0,4.0,10.6,56.0,1096,536,1042,2962
1220350096,720,71,2,1,6,1977.0,5,Καστέλλα - Πασαλιμάνι (Πειραιάς),Πειραιάς (Αττική),37.941399,23.65266,0,1,1,1.0,10.14,49.0,548,31,650,3502
1219318666,700,40,1,1,3,1985.0,6,Καστέλλα - Πασαλιμάνι (Πειραιάς),Πειραιάς (Αττική),37.944672,23.655699,0,1,1,4.0,17.5,41.0,800,421,1099,3284
1219044552,800,60,1,1,8,1966.0,7,Καστέλλα - Πασαλιμάνι (Πειραιάς),Πειραιάς (Αττική),37.937557,23.651142,1,1,1,1.0,13.33,60.0,724,475,322,3632
1220322854,690,45,1,1,8,1971.0,8,Καστέλλα - Πασαλιμάνι (Πειραιάς),Πειραιάς (Αττική),37.942909,23.652718,1,1,1,4.0,15.33,55.0,519,146,783,3513
1220176651,700,92,2,2,7,1980.0,8,Καστέλλα - Πασαλιμάνι (Πειραιάς),Πειραιάς (Αττική),37.937649,23.6541,1,1,0,2.0,7.61,46.0,882,452,581,3372
1219451113,1200,200,3,2,3,1950.0,8,Καστέλλα - Πασαλιμάνι (Πειραιάς),Πειραιάς (Αττική),37.942829,23.660166,0,1,1,4.0,6.0,76.0,1172,652,1275,2864
1220433725,950,70,2,1,8,1973.0,7,Καστέλλα - Πασαλιμάνι (Πειραιάς),Πειραιάς (Αττική),37.944679,23.655369,1,1,1,4.0,13.57,53.0,772,405,1081,3313
1220321518,690,45,1,1,8,1980.0,4,Καστέλλα - Πασαλιμάνι (Πειραιάς),Πειραιάς (Αττική),37.944458,23.654745,1,1,1,4.0,15.33,46.0,713,357,1027,3362
1220070391,2500,120,2,2,6,2024.0,1,Καστέλλα - Πασαλιμάνι (Πειραιάς),Πειραιάς (Αττική),37.940693,23.661461,1,0,0,13.0,20.83,2.0,1313,757,1284,2727
1220431115,950,70,2,1,8,1973.0,7,Καστέλλα - Πασαλιμάνι (Πειραιάς),Πειραιάς (Αττική),37.943661,23.657572,0,1,1,Άγνωστο,13.57,53.0,947,469,1139,3103
1218765623,3500,215,4,3,9,1989.0,4,Καστέλλα - Πασαλιμάνι (Πειραιάς),Πειραιάς (Αττική),37.938087,23.657154,1,0,0,1.0,16.28,37.0,1065,540,852,3102
1220507692,750,105,2,1,3,1985.0,6,Καστέλλα - Πασαλιμάνι (Πειραιάς),Πειραιάς (Αττική),37.944309,23.661589,0,1,1,4.0,7.14,41.0,1304,819,1467,2770
1219975424,850,89,2,2,4,2006.0,4,Καστέλλα - Πασαλιμάνι (Πειραιάς),Πειραιάς (Αττική),37.940811,23.657822,0,0,0,1.0,9.55,20.0,999,440,990,3046
1219729505,990,95,2,1,6,1980.0,9,Καστέλλα - Πασαλιμάνι (Πειραιάς),Πειραιάς (Αττική),37.937168,23.653765,1,1,0,1.0,10.42,46.0,899,499,549,3404
1220431315,600,54,1,1,6,1979.0,6,Καστέλλα - Πασαλιμάνι (Πειραιάς),Πειραιάς (Αττική),37.936527,23.651558,1,1,0,1.0,11.11,47.0,842,576,364,3603
1220430370,750,70,0,0,6,1977.0,7,Καστέλλα - Πασαλιμάνι (Πειραιάς),Πειραιάς (Αττική),37.941559,23.651031,0,0,0,1.0,10.71,49.0,409,164,575,3646
1220252012,1080,91,2,1,9,1970.0,6,Καστέλλα - Πασαλιμάνι (Πειραιάς),Πειραιάς (Αττική),37.937263,23.652975,1,1,0,2.0,11.87,56.0,845,482,480,3473
1220479347,550,52,1,1,3,2002.0,6,Καστέλλα - Πασαλιμάνι (Πειραιάς),Πειραιάς (Αττική),37.944675,23.656172,1,0,0,2.0,10.58,24.0,840,446,1127,3243
1218357557,1500,120,3,1,6,1930.0,7,Καστέλλα - Πασαλιμάνι (Πειραιάς),Πειραιάς (Αττική),37.941246,23.657114,0,1,1,4.0,12.5,96.0,928,372,956,3111
1220350095,550,52,1,1,3,1980.0,5,Καστέλλα - Πασαλιμάνι (Πειραιάς),Πειραιάς (Αττική),37.945499,23.655603,0,0,0,1.0,10.58,46.0,817,494,1165,3311
1219555944,1300,104,2,1,8,1979.0,6,Καστέλλα - Πασαλιμάνι (Πειραιάς),Πειραιάς (Αττική),37.939053,23.650686,1,1,0,2.0,12.5,47.0,564,343,347,3667
1218868989,1200,120,3,1,9,1980.0,6,Καστέλλα - Πασαλιμάνι (Πειραιάς),Πειραιάς (Αττική),37.935917,23.650591,1,1,0,1.0,10.0,46.0,865,664,306,3693
1218451684,850,82,2,1,3,1990.0,2,Καστέλλα - Πασαλιμάνι (Πειραιάς),Πειραιάς (Αττική),37.941525,23.656599,0,0,0,1.0,10.37,36.0,877,324,932,3159
1219711968,850,89,2,1,4,2006.0,4,Καστέλλα - Πασαλιμάνι (Πειραιάς),Πειραιάς (Αττική),37.941467,23.65624,0,0,0,1.0,9.55,20.0,847,293,901,3190
1220431885,1400,117,2,1,3,1972.0,6,Καστέλλα - Πασαλιμάνι (Πειραιάς),Πειραιάς (Αττική),37.936279,23.652599,1,1,0,2.0,11.97,54.0,913,592,459,3514
1220401678,700,30,1,1,8,2024.0,4,Καστέλλα - Πασαλιμάνι (Πειραιάς),Πειραιάς (Αττική),37.944923,23.657019,0,0,0,2.0,23.33,2.0,919,517,1198,3176
1220187214,700,92,0,1,7,1980.0,5,Καστέλλα - Πασαλιμάνι (Πειραιάς),Πειραιάς (Αττική),37.937149,23.65246,1,0,0,2.0,7.61,46.0,827,496,435,3519
1219022132,2900,215,4,3,9,1983.0,4,Καστέλλα - Πασαλιμάνι (Πειραιάς),Πειραιάς (Αττική),37.93906,23.658264,1,1,1,1.0,13.49,43.0,1101,549,966,3002
1220311560,980,91,2,1,9,1972.0,6,Καστέλλα - Πασαλιμάνι (Πειραιάς),Πειραιάς (Αττική),37.938557,23.653608,1,1,0,2.0,10.77,54.0,782,344,557,3411
1219301041,800,56,1,1,10,1980.0,5,Καστέλλα - Πασαλιμάνι (Πειραιάς),Πειραιάς (Αττική),37.94017,23.651783,1,1,0,Άγνωστο,14.29,46.0,545,187,500,3572
1220319147,700,45,1,1,8,1980.0,6,Καστέλλα - Πασαλιμάνι (Πειραιάς),Πειραιάς (Αττική),37.943161,23.652979,1,1,1,Άγνωστο,15.56,46.0,542,174,819,3494
1219981685,900,50,1,1,3,1990.0,7,Καστέλλα - Πασαλιμάνι (Πειραιάς),Πειραιάς (Αττική),37.942303,23.653784,0,1,1,4.0,18.0,36.0,619,110,791,3413
1219603457,800,85,2,1,6,1969.0,7,Καστέλλα - Πασαλιμάνι (Πειραιάς),Πειραιάς (Αττική),37.939003,23.651655,1,0,0,4.0,9.41,57.0,624,309,416,3582
1220340133,980,91,2,1,9,1970.0,6,Καστέλλα - Πασαλιμάνι (Πειραιάς),Πειραιάς (Αττική),37.937828,23.653522,1,1,0,2.0,10.77,56.0,831,423,533,3422
1220526348,690,90,2,1,9,1975.0,9,Καστέλλα - Πασαλιμάνι (Πειραιάς),Πειραιάς (Αττική),37.940807,23.652454,1,0,0,4.0,7.67,51.0,558,96,591,3516
1216807258,950,75,1,1,6,1955.0,6,Καστέλλα - Πασαλιμάνι (Πειραιάς),Πειραιάς (Αττική),37.943558,23.653999,0,1,0,2.0,12.67,71.0,633,238,908,3411
1220431733,950,70,2,1,8,1973.0,7,Καστέλλα - Πασαλιμάνι (Πειραιάς),Πειραιάς (Αττική),37.944386,23.655775,0,1,1,Άγνωστο,13.57,53.0,800,399,1079,3272
1220350407,450,26,1,1,10,1998.0,4,Καστέλλα - Πασαλιμάνι (Πειραιάς),Πειραιάς (Αττική),37.944199,23.654509,1,0,0,2.0,17.31,28.0,687,322,992,3378
1220406187,650,63,1,1,10,1992.0,4,Καστέλλα - Πασαλιμάνι (Πειραιάς),Πειραιάς (Αττική),37.943832,23.65641,1,1,1,2.0,10.32,34.0,847,395,1074,3206
1220221235,1080,91,2,1,9,1970.0,6,Καστέλλα - Πασαλιμάνι (Πειραιάς),Πειραιάς (Αττική),37.940731,23.653086,1,1,0,2.0,11.87,56.0,611,98,628,3461
1219833136,550,50,1,1,8,1972.0,8,Καστέλλα - Πασαλιμάνι (Πειραιάς),Πειραιάς (Αττική),37.939823,23.650246,1,0,0,1.0,11.0,54.0,473,305,378,3706
1218762863,850,85,2,1,9,1975.0,5,Καστέλλα - Πασαλιμάνι (Πειραιάς),Πειραιάς (Αττική),37.936852,23.655216,1,1,0,4.0,10.0,51.0,1014,566,678,3280
1220518861,750,85,2,1,4,1970.0,4,Καστέλλα - Πασαλιμάνι (Πειραιάς),Πειραιάς (Αττική),37.940884,23.653051,1,1,0,2.0,8.82,56.0,601,81,636,3465
1220248287,750,45,1,1,6,2021.0,2,Καστέλλα - Πασαλιμάνι (Πειραιάς),Πειραιάς (Αττική),37.945534,23.655619,1,0,0,2.0,16.67,5.0,819,498,1169,3310
1220123103,750,74,2,1,10,1972.0,6,Καστέλλα - Πασαλιμάνι (Πειραιάς),Πειραιάς (Αττική),37.945244,23.655668,1,1,1,2.0,10.14,54.0,813,472,1146,3299
1219506367,550,36,1,1,3,1990.0,5,Καστέλλα - Πασαλιμάνι (Πειραιάς),Πειραιάς (Αττική),37.938393,23.651182,0,0,1,4.0,15.28,36.0,649,387,349,3625
1220479485,700,50,1,1,10,2010.0,4,Καστέλλα - Πασαλιμάνι (Πειραιάς),Πειραιάς (Αττική),37.942738,23.652443,1,0,1,2.0,14.0,16.0,496,133,753,3535
1219919783,780,68,2,1,7,1980.0,2,Καστέλλα - Πασαλιμάνι (Πειραιάς),Πειραιάς (Αττική),37.943565,23.660452,1,1,0,1.0,11.47,46.0,1198,697,1338,2852
1220314043,1250,103,2,1,9,1978.0,6,Καστέλλα - Πασαλιμάνι (Πειραιάς),Πειραιάς (Αττική),37.937054,23.653229,1,0,0,2.0,12.14,48.0,877,506,503,3452
1220215139,1080,91,2,1,9,1970.0,6,Καστέλλα - Πασαλιμάνι (Πειραιάς),Πειραιάς (Αττική),37.938683,23.653692,1,1,0,2.0,11.87,56.0,779,332,568,3404
1219300609,750,50,1,1,6,1960.0,8,Καστέλλα - Πασαλιμάνι (Πειραιάς),Πειραιάς (Αττική),37.937283,23.65712,0,1,0,2.0,15.0,66.0,1112,606,844,3110
1220391513,550,52,1,1,3,2002.0,7,Καστέλλα - Πασαλιμάνι (Πειραιάς),Πειραιάς (Αττική),37.945145,23.65645,1,0,0,2.0,10.58,24.0,876,502,1182,3230
1214689992,1110,52,1,1,10,1970.0,11,Καστέλλα - Πασαλιμάνι (Πειραιάς),Πειραιάς (Αττική),37.936829,23.651283,1,1,1,1.0,21.35,56.0,800,549,334,3624
1220482563,700,50,1,1,10,2010.0,3,Καστέλλα - Πασαλιμάνι (Πειραιάς),Πειραιάς (Αττική),37.94281,23.652931,1,1,1,2.0,14.0,16.0,539,135,785,3493
1217198561,1200,78,2,1,9,1980.0,7,Καστέλλα - Πασαλιμάνι (Πειραιάς),Πειραιάς (Αττική),37.938869,23.652096,1,1,0,1.0,15.38,46.0,661,312,444,3543
1219989492,750,55,2,1,3,1970.0,6,Καστέλλα - Πασαλιμάνι (Πειραιάς),Πειραιάς (Αττική),37.939701,23.650349,0,1,1,2.0,13.64,56.0,490,308,374,3697
1220431890,980,91,0,0,9,1970.0,7,Καστέλλα - Πασαλιμάνι (Πειραιάς),Πειραιάς (Αττική),37.9389,23.653093,0,0,0,Άγνωστο,10.77,56.0,723,301,526,3456
1219903826,900,90,2,1,8,2009.0,4,Καστέλλα - Πασαλιμάνι (Πειραιάς),Πειραιάς (Αττική),37.946789,23.657537,1,0,0,2.0,10.0,17.0,1027,706,1383,3180
1219982355,700,71,2,1,3,1981.0,4,Καστέλλα - Πασαλιμάνι (Πειραιάς),Πειραιάς (Αττική),37.942314,23.656929,0,1,0,Άγνωστο,9.86,45.0,893,362,1004,3139
1220329940,550,52,1,1,3,2002.0,7,Καστέλλα - Πασαλιμάνι (Πειραιάς),Πειραιάς (Αττική),37.945244,23.655537,0,1,0,2.0,10.58,24.0,802,467,1139,3310
1219858984,650,70,2,1,7,1972.0,8,Καστέλλα - Πασαλιμάνι (Πειραιάς),Πειραιάς (Αττική),37.940193,23.650391,1,1,0,Άγνωστο,9.29,54.0,451,270,418,3694
1215143066,1800,90,2,1,9,1966.0,6,Καστέλλα - Πασαλιμάνι (Πειραιάς),Πειραιάς (Αττική),37.938568,23.652411,1,1,1,1.0,20.0,60.0,704,340,457,3516
1220438136,400,52,1,1,3,1960.0,8,Καστέλλα - Πασαλιμάνι (Πειραιάς),Πειραιάς (Αττική),37.941338,23.656548,0,1,0,1.0,7.69,66.0,877,321,917,3162
1220318858,700,33,1,2,8,2024.0,4,Καστέλλα - Πασαλιμάνι (Πειραιάς),Πειραιάς (Αττική),37.945042,23.657372,0,1,1,2.0,21.21,2.0,952,548,1229,3148
1219093946,750,40,1,1,10,1975.0,6,Καστέλλα - Πασαλιμάνι (Πειραιάς),Πειραιάς (Αττική),37.944611,23.657255,1,1,1,4.0,18.75,51.0,932,508,1188,3149
1217941097,1000,78,2,0,9,1980.0,7,Καστέλλα - Πασαλιμάνι (Πειραιάς),Πειραιάς (Αττική),37.937904,23.653374,1,1,0,1.0,12.82,46.0,816,413,521,3434
1219944576,450,55,2,1,3,1980.0,9,Καστέλλα - Πασαλιμάνι (Πειραιάς),Πειραιάς (Αττική),37.94146,23.652216,1,0,0,2.0,8.18,46.0,509,62,629,3542
1220020577,720,57,1,1,7,1979.0,4,Καστέλλα - Πασαλιμάνι (Πειραιάς),Πειραιάς (Αττική),37.943699,23.66053,1,1,1,4.0,12.63,47.0,1206,709,1352,2848
1218753553,900,112,3,1,10,1967.0,8,Κέντρο - Λιμάνι (Πειραιάς),Πειραιάς (Αττική),37.941292,23.645424,1,0,1,1.0,8.04,59.0,234,656,490,4135
1219990956,1050,135,3,1,8,1987.0,7,Κέντρο - Λιμάνι (Πειραιάς),Πειραιάς (Αττική),37.946667,23.652105,1,0,0,Άγνωστο,7.78,39.0,611,568,1127,3638
1219685655,850,51,1,1,6,1968.0,5,Κέντρο - Λιμάνι (Πειραιάς),Πειραιάς (Αττική),37.93811,23.643742,1,1,1,4.0,16.67,58.0,616,892,345,4278
1220433391,980,70,2,2,7,1969.0,7,Κέντρο - Λιμάνι (Πειραιάς),Πειραιάς (Αττική),37.945076,23.651718,1,1,1,4.0,14.0,57.0,484,400,951,3635
1219959234,1350,63,2,2,9,1935.0,1,Κέντρο - Λιμάνι (Πειραιάς),Πειραιάς (Αττική),37.941132,23.64587,1,1,1,Άγνωστο,21.43,91.0,234,619,460,4095
1220379231,980,70,2,1,7,1970.0,8,Κέντρο - Λιμάνι (Πειραιάς),Πειραιάς (Αττική),37.94561,23.65312,1,1,1,4.0,14.0,56.0,621,446,1057,3526
1220362952,650,54,1,1,10,1970.0,4,Κέντρο - Λιμάνι (Πειραιάς),Πειραιάς (Αττική),37.943787,23.652203,1,1,1,2.0,12.04,56.0,480,251,841,3570
1219094584,950,85,2,2,2,1980.0,5,Κέντρο - Λιμάνι (Πειραιάς),Πειραιάς (Αττική),37.940754,23.646515,0,1,1,4.0,11.18,46.0,262,568,405,4036
1219959362,1230,53,1,1,9,1935.0,1,Κέντρο - Λιμάνι (Πειραιάς),Πειραιάς (Αττική),37.941132,23.64587,1,1,1,Άγνωστο,23.21,91.0,234,619,460,4095
1220410060,650,65,1,1,11,1969.0,8,Κέντρο - Λιμάνι (Πειραιάς),Πειραιάς (Αττική),37.944336,23.649164,1,0,1,1.0,10.0,57.0,249,447,807,3843
1219959312,1420,67,2,2,9,1935.0,1,Κέντρο - Λιμάνι (Πειραιάς),Πειραιάς (Αττική),37.941132,23.64587,1,1,1,Άγνωστο,21.19,91.0,234,619,460,4095
1219820492,700,70,2,1,6,1970.0,8,Κέντρο - Λιμάνι (Πειραιάς),Πειραιάς (Αττική),37.942322,23.645618,1,1,0,4.0,10.0,56.0,135,644,593,4126
1219946409,850,60,2,1,7,1967.0,7,Κέντρο - Λιμάνι (Πειραιάς),Πειραιάς (Αττική),37.945095,23.651848,1,1,1,4.0,14.17,59.0,495,399,957,3625
1219742689,1200,90,2,1,9,1970.0,2,Κέντρο - Λιμάνι (Πειραιάς),Πειραιάς (Αττική),37.943993,23.649515,1,1,1,2.0,13.33,56.0,258,399,776,3807
1217178697,1500,85,2,1,9,1979.0,6,Κέντρο - Λιμάνι (Πειραιάς),Πειραιάς (Αττική),37.939274,23.644768,1,1,0,2.0,17.65,47.0,461,759,333,4186
1218404435,800,45,1,1,9,1990.0,2,Κέντρο - Λιμάνι (Πειραιάς),Πειραιάς (Αττική),37.941406,23.648737,1,1,0,4.0,17.78,36.0,254,366,480,3846
1218808261,700,82,2,1,7,1974.0,7,Κέντρο - Λιμάνι (Πειραιάς),Πειραιάς (Αττική),37.953613,23.645739,0,0,1,4.0,8.54,52.0,696,1476,1832,4402
1219685611,650,41,1,1,4,1970.0,6,Κέντρο - Λιμάνι (Πειραιάς),Πειραιάς (Αττική),37.937386,23.643911,0,1,1,4.0,15.85,56.0,684,917,315,4266
1218506219,750,71,1,1,10,1972.0,7,Κέντρο - Λιμάνι (Πειραιάς),Πειραιάς (Αττική),37.939808,23.646767,1,1,1,2.0,10.56,54.0,366,574,297,4011
1220407561,1200,98,2,1,7,1976.0,3,Κέντρο - Λιμάνι (Πειραιάς),Πειραιάς (Αττική),37.937771,23.645842,1,1,0,2.0,12.24,50.0,598,751,159,4095
1220080071,750,48,1,1,9,1985.0,10,Κέντρο - Λιμάνι (Πειραιάς),Πειραιάς (Αττική),37.9459,23.64403,0,0,0,4.0,15.62,41.0,237,913,1014,4315
1220264630,950,70,2,1,9,1975.0,8,Κέντρο - Λιμάνι (Πειραιάς),Πειραιάς (Αττική),37.93811,23.64374,1,1,1,4.0,13.57,51.0,616,892,345,4278
1220155901,1200,90,2,1,9,1978.0,2,Κέντρο - Λιμάνι (Πειραιάς),Πειραιάς (Αττική),37.939941,23.646049,1,1,1,2.0,13.33,48.0,357,628,330,4074
1219865321,750,30,1,1,7,2010.0,6,Κέντρο - Λιμάνι (Πειραιάς),Πειραιάς (Αττική),37.944382,23.647554,1,1,1,4.0,25.0,16.0,157,562,799,3983
1219652170,1000,47,1,1,7,1970.0,6,Κέντρο - Λιμάνι (Πειραιάς),Πειραιάς (Αττική),37.944981,23.644756,1,1,1,4.0,21.28,56.0,275,807,898,4236
1218404475,1150,73,2,2,7,1980.0,1,Κέντρο - Λιμάνι (Πειραιάς),Πειραιάς (Αττική),37.939651,23.643759,1,1,1,2.0,15.75,46.0,467,830,427,4275
1219862853,780,45,1,1,9,1975.0,4,Κέντρο - Λιμάνι (Πειραιάς),Πειραιάς (Αττική),37.941586,23.645926,1,1,1,4.0,17.33,51.0,185,612,507,4093
1220073817,890,105,3,1,6,1979.0,7,Κέντρο - Λιμάνι (Πειραιάς),Πειραιάς (Αττική),37.944481,23.649605,0,1,1,1.0,8.48,47.0,290,431,830,3807
1218763502,900,50,1,1,6,1970.0,4,Κέντρο - Λιμάνι (Πειραιάς),Πειραιάς (Αττική),37.946079,23.64386,1,1,1,4.0,18.0,56.0,213,936,1038,4333
1220430951,980,70,2,1,7,1970.0,7,Κέντρο - Λιμάνι (Πειραιάς),Πειραιάς (Αττική),37.946064,23.6541,1,1,1,Άγνωστο,14.0,56.0,720,507,1143,3453
1217900411,850,90,2,1,3,1972.0,6,Κέντρο - Λιμάνι (Πειραιάς),Πειραιάς (Αττική),37.937206,23.645607,1,1,0,1.0,9.44,54.0,664,805,166,4118
1220082206,700,77,2,1,6,1981.0,4,Κέντρο - Λιμάνι (Πειραιάς),Πειραιάς (Αττική),37.945652,23.653122,1,1,0,1.0,9.09,45.0,623,451,1061,3527
1217891623,1200,77,2,1,11,2006.0,2,Κέντρο - Λιμάνι (Πειραιάς),Πειραιάς (Αττική),37.950127,23.636976,1,0,1,1.0,15.58,20.0,572,1688,1708,5018
1219543090,1200,70,2,1,9,1980.0,7,Κέντρο - Λιμάνι (Πειραιάς),Πειραιάς (Αττική),37.939289,23.646616,1,1,1,4.0,17.14,46.0,424,608,245,4024
1220487522,650,43,1,1,11,1975.0,7,Κέντρο - Λιμάνι (Πειραιάς),Πειραιάς (Αττική),37.946159,23.648718,1,1,1,4.0,15.12,51.0,379,626,1002,3917
1219741052,1200,90,2,1,9,1970.0,2,Κέντρο - Λιμάνι (Πειραιάς),Πειραιάς (Αττική),37.942207,23.646502,1,1,1,2.0,13.33,56.0,103,565,564,4048
1219918858,1200,75,2,1,10,1975.0,2,Κέντρο - Λιμάνι (Πειραιάς),Πειραιάς (Αττική),37.944046,23.653839,1,1,1,2.0,16.0,51.0,626,284,943,3433
1219606253,1300,90,2,1,9,1990.0,2,Κέντρο - Λιμάνι (Πειραιάς),Πειραιάς (Αττική),37.943146,23.649048,1,1,1,2.0,14.44,36.0,197,379,675,3836
1219481795,1100,45,1,1,9,2010.0,7,Κέντρο - Λιμάνι (Πειραιάς),Πειραιάς (Αττική),37.9445,23.646687,1,1,1,4.0,24.44,16.0,156,633,815,4060
1219061166,1200,74,2,1,10,1975.0,4,Κέντρο - Λιμάνι (Πειραιάς),Πειραιάς (Αττική),37.938004,23.643341,1,1,0,13.0,16.22,51.0,643,929,376,4313
1220531256,650,89,2,1,6,2007.0,4,Κέντρο - Λιμάνι (Πειραιάς),Πειραιάς (Αττική),37.949844,23.653358,1,0,0,2.0,7.3,19.0,945,918,1497,3631
1219596716,1300,90,2,1,9,1970.0,8,Κέντρο - Λιμάνι (Πειραιάς),Πειραιάς (Αττική),37.941631,23.648636,1,0,1,2.0,14.44,56.0,229,374,503,3856
1219668124,1200,75,2,1,10,1975.0,8,Κέντρο - Λιμάνι (Πειραιάς),Πειραιάς (Αττική),37.944546,23.651411,1,1,1,2.0,16.0,51.0,435,353,886,3652
1219922151,850,110,2,1,10,1978.0,5,Κέντρο - Λιμάνι (Πειραιάς),Πειραιάς (Αττική),37.942623,23.650475,1,1,0,1.0,7.73,48.0,327,241,657,3705
1220434498,850,93,3,1,6,1965.0,7,Κέντρο - Λιμάνι (Πειραιάς),Πειραιάς (Αττική),37.938766,23.645388,1,1,0,1.0,9.14,61.0,498,730,254,4132
1219959175,930,37,1,1,7,1935.0,1,Κέντρο - Λιμάνι (Πειραιάς),Πειραιάς (Αττική),37.941132,23.64587,1,1,1,Άγνωστο,25.14,91.0,234,619,460,4095
1219927609,1100,40,1,1,9,1993.0,2,Κέντρο - Λιμάνι (Πειραιάς),Πειραιάς (Αττική),37.944298,23.646109,1,1,1,4.0,27.5,33.0,146,667,799,4107
1219968909,880,120,3,1,6,1970.0,5,Κέντρο - Λιμάνι (Πειραιάς),Πειραιάς (Αττική),37.943741,23.649654,1,1,0,1.0,7.33,56.0,260,371,751,3791
1220500833,1200,98,2,1,7,1976.0,2,Κέντρο - Λιμάνι (Πειραιάς),Πειραιάς (Αττική),37.936871,23.644461,1,1,0,2.0,12.24,50.0,722,908,269,4221
1220491609,890,105,3,1,6,1958.0,7,Κέντρο - Λιμάνι (Πειραιάς),Πειραιάς (Αττική),37.94236,23.64826,0,0,1,1.0,8.48,68.0,152,416,578,3895
1220248058,650,45,1,1,6,2021.0,2,Κέντρο - Λιμάνι (Πειραιάς),Πειραιάς (Αττική),37.945568,23.655533,1,0,0,2.0,14.44,5.0,813,498,1167,3318
1219509724,900,75,1,1,11,1995.0,5,Κέντρο - Λιμάνι (Πειραιάς),Πειραιάς (Αττική),37.942608,23.65111,1,1,0,1.0,12.0,31.0,382,193,680,3649
1220508358,450,25,1,1,4,1975.0,5,Κέντρο - Λιμάνι (Πειραιάς),Πειραιάς (Αττική),37.943432,23.650761,1,1,1,4.0,18.0,51.0,349,277,750,3690
1218517501,800,80,2,1,11,1985.0,6,Κέντρο - Λιμάνι (Πειραιάς),Πειραιάς (Αττική),37.937698,23.642941,1,1,0,Άγνωστο,10.0,41.0,689,975,404,4349
1219561191,850,115,2,1,7,1968.0,6,Κέντρο - Λιμάνι (Πειραιάς),Πειραιάς (Αττική),37.943638,23.651304,1,0,1,4.0,7.39,58.0,399,266,790,3646
1219925158,900,85,2,2,2,1980.0,5,Κέντρο - Λιμάνι (Πειραιάς),Πειραιάς (Αττική),37.940521,23.645662,0,0,1,Άγνωστο,10.59,46.0,304,646,403,4110
1219554509,700,130,2,1,6,1967.0,8,Κέντρο - Λιμάνι (Πειραιάς),Πειραιάς (Αττική),37.944176,23.654125,0,1,0,1.0,5.38,59.0,653,306,969,3410
1220402963,550,52,1,1,3,2002.0,7,Κέντρο - Λιμάνι (Πειραιάς),Πειραιάς (Αττική),37.944786,23.653097,1,1,0,1.0,10.58,24.0,583,355,976,3511
1220154225,1200,93,2,1,9,1970.0,2,Κέντρο - Λιμάνι (Πειραιάς),Πειραιάς (Αττική),37.944561,23.647707,1,1,1,2.0,12.9,56.0,181,562,819,3973
1220076967,620,80,2,1,7,1970.0,9,Κέντρο - Λιμάνι (Πειραιάς),Πειραιάς (Αττική),37.944611,23.650454,1,1,0,2.0,7.75,56.0,362,398,864,3736
1220519962,750,85,2,1,8,1980.0,6,Κέντρο - Λιμάνι (Πειραιάς),Πειραιάς (Αττική),37.94598,23.654509,0,1,1,4.0,8.82,46.0,748,507,1154,3416
1219853315,1200,76,2,1,10,1975.0,2,Κέντρο - Λιμάνι (Πειραιάς),Πειραιάς (Αττική),37.94445,23.650301,1,1,1,4.0,15.79,51.0,342,390,843,3746
1219712870,1500,214,2,1,6,1980.0,7,Κέντρο - Λιμάνι (Πειραιάς),Πειραιάς (Αττική),37.952549,23.639851,1,1,0,4.0,7.01,46.0,588,1671,1834,4849
1217695732,1800,115,2,2,7,1972.0,7,Κέντρο - Λιμάνι (Πειραιάς),Πειραιάς (Αττική),37.939194,23.648382,1,1,1,Άγνωστο,15.65,54.0,456,478,235,3869
1219741276,1200,90,2,1,9,1970.0,4,Κέντρο - Λιμάνι (Πειραιάς),Πειραιάς (Αττική),37.944424,23.647856,1,1,1,2.0,13.33,56.0,174,542,804,3958
1217283450,1050,120,3,2,7,1960.0,6,Κέντρο - Λιμάνι (Πειραιάς),Πειραιάς (Αττική),37.94585,23.65226,1,1,0,2.0,8.75,66.0,568,476,1049,3605
1216875282,1600,220,5,3,7,1960.0,6,Κέντρο - Λιμάνι (Πειραιάς),Πειραιάς (Αττική),37.945763,23.652384,0,1,0,2.0,7.27,66.0,572,465,1044,3593
1220431563,980,70,2,1,7,1970.0,7,Κέντρο - Λιμάνι (Πειραιάς),Πειραιάς (Αττική),37.944592,23.65276,1,1,1,Άγνωστο,14.0,56.0,548,333,943,3536
1219799091,800,103,3,1,6,1970.0,6,Κέντρο - Λιμάνι (Πειραιάς),Πειραιάς (Αττική),37.940582,23.647373,1,1,0,1.0,7.77,56.0,284,498,376,3960
1219858988,850,40,1,1,8,2010.0,7,Κέντρο - Λιμάνι (Πειραιάς),Πειραιάς (Αττική),37.944023,23.646011,1,1,1,4.0,21.25,16.0,124,661,770,4112
1219887284,780,65,1,1,10,1975.0,9,Κέντρο - Λιμάνι (Πειραιάς),Πειραιάς (Αττική),37.947193,23.655767,1,1,1,1.0,12.0,51.0,909,671,1327,3342
1218741610,780,45,1,1,9,1990.0,4,Κέντρο - Λιμάνι (Πειραιάς),Πειραιάς (Αττική),37.942501,23.64642,1,0,1,Άγνωστο,17.33,36.0,74,577,597,4058
1219907507,650,43,1,1,3,1901.0,6,Κέντρο - Λιμάνι (Πειραιάς),Πειραιάς (Αττική),37.937153,23.644598,1,0,1,Άγνωστο,15.12,125.0,689,880,255,4207
1218172117,999,81,2,2,8,1986.0,2,Κέντρο - Λιμάνι (Πειραιάς),Πειραιάς (Αττική),37.941559,23.646605,1,1,0,Άγνωστο,12.33,40.0,172,552,491,4033
1217283626,780,100,2,1,3,1960.0,6,Κέντρο - Λιμάνι (Πειραιάς),Πειραιάς (Αττική),37.94585,23.65226,0,1,0,2.0,7.8,66.0,568,476,1049,3605
1218360285,800,80,2,1,11,1980.0,7,Κέντρο - Λιμάνι (Πειραιάς),Πειραιάς (Αττική),37.938477,23.642746,1,1,0,Άγνωστο,10.0,46.0,625,956,440,4364
1219927588,850,40,1,1,6,1993.0,2,Κέντρο - Λιμάνι (Πειραιάς),Πειραιάς (Αττική),37.944309,23.646231,1,1,1,4.0,21.25,33.0,143,658,798,4097
1219514513,1250,70,2,1,9,1972.0,8,Κέντρο - Λιμάνι (Πειραιάς),Πειραιάς (Αττική),37.938251,23.643482,1,1,1,Άγνωστο,17.86,54.0,613,906,371,4300
1218857149,1100,75,1,1,12,1963.0,3,Κέντρο - Λιμάνι (Πειραιάς),Πειραιάς (Αττική),37.943775,23.650328,1,1,1,2.0,14.67,63.0,318,331,772,3733
1220078910,850,115,3,1,7,1968.0,8,Κέντρο - Λιμάνι (Πειραιάς),Πειραιάς (Αττική),37.942268,23.650368,1,1,0,4.0,7.39,58.0,326,234,617,3710
1219856808,900,85,2,1,2,1970.0,4,Κέντρο - Λιμάνι (Πειραιάς),Πειραιάς (Αττική),37.942772,23.644472,1,1,1,Άγνωστο,10.59,56.0,207,750,674,4230
1219741992,1200,90,2,1,9,1970.0,5,Κέντρο - Λιμάνι (Πειραιάς),Πειραιάς (Αττική),37.942497,23.647921,1,0,1,2.0,13.33,56.0,119,448,590,3926
1219958974,780,39,1,1,6,1935.0,1,Κέντρο - Λιμάνι (Πειραιάς),Πειραιάς (Αττική),37.941128,23.645897,1,1,1,Άγνωστο,20.0,91.0,233,616,459,4092
1219927576,750,28,1,1,8,1993.0,2,Κέντρο - Λιμάνι (Πειραιάς),Πειραιάς (Αττική),37.94426,23.646107,1,1,1,4.0,26.79,33.0,143,665,794,4107
1220508762,760,86,2,1,8,1983.0,7,Κέντρο - Λιμάνι (Πειραιάς),Πειραιάς (Αττική),37.945541,23.64752,1,0,0,6.0,8.84,43.0,279,644,927,4007
1219977653,890,105,3,1,6,1956.0,8,Κέντρο - Λιμάνι (Πειραιάς),Πειραιάς (Αττική),37.942375,23.648859,0,1,1,1.0,8.48,70.0,198,365,588,3843
1219927604,850,40,1,1,7,1991.0,2,Κέντρο - Λιμάνι (Πειραιάς),Πειραιάς (Αττική),37.943947,23.645863,1,1,1,4.0,21.25,35.0,125,670,764,4124
1219927571,600,20,1,1,4,1993.0,2,Κέντρο - Λιμάνι (Πειραιάς),Πειραιάς (Αττική),37.944252,23.646215,1,1,1,4.0,30.0,33.0,138,656,792,4098
1217940025,1250,56,1,1,9,1901.0,2,Κέντρο - Λιμάνι (Πειραιάς),Πειραιάς (Αττική),37.944767,23.650337,1,0,0,4.0,22.32,125.0,361,418,877,3749
1220160662,720,90,2,1,7,1978.0,7,Παγκράτι (Αθήνα - Κέντρο),Αθήνα - Κέντρο (Αττική),37.959656,23.738495,1,1,0,1.0,8.0,48.0,883,1877,1968,1306
1220078632,1100,120,3,1,7,1978.0,6,Παγκράτι (Αθήνα - Κέντρο),Αθήνα - Κέντρο (Αττική),37.965919,23.74453,1,1,1,4.0,9.17,48.0,1149,1958,1143,450
1220006777,650,72,1,1,10,1975.0,7,Παγκράτι (Αθήνα - Κέντρο),Αθήνα - Κέντρο (Αττική),37.969296,23.750168,1,0,1,2.0,9.03,51.0,812,1443,792,370
1219274580,650,51,1,1,7,1969.0,3,Παγκράτι (Αθήνα - Κέντρο),Αθήνα - Κέντρο (Αττική),37.965691,23.749348,1,0,0,2.0,12.75,57.0,1179,1547,1163,543
1220445527,990,66,1,1,11,1972.0,4,Παγκράτι (Αθήνα - Κέντρο),Αθήνα - Κέντρο (Αττική),37.972454,23.744404,1,1,0,Άγνωστο,15.0,54.0,457,1992,460,327
1220545081,750,40,1,1,7,1980.0,1,Παγκράτι (Αθήνα - Κέντρο),Αθήνα - Κέντρο (Αττική),37.96632,23.74612,1,1,1,2.0,18.75,46.0,1089,1813,1080,387
1220541265,450,30,1,1,3,1980.0,6,Παγκράτι (Αθήνα - Κέντρο),Αθήνα - Κέντρο (Αττική),37.963837,23.746857,0,0,0,1.0,15.0,46.0,1364,1810,1353,667
1217471678,530,40,1,1,2,1975.0,9,Παγκράτι (Αθήνα - Κέντρο),Αθήνα - Κέντρο (Αττική),37.9687,23.74523,0,1,1,2.0,13.25,51.0,834,1873,828,140
1218046697,530,35,1,1,2,1986.0,9,Παγκράτι (Αθήνα - Κέντρο),Αθήνα - Κέντρο (Αττική),37.96682,23.74177,0,1,1,1.0,15.14,40.0,1122,2186,1123,497
1220461422,650,66,1,1,10,1981.0,7,Παγκράτι (Αθήνα - Κέντρο),Αθήνα - Κέντρο (Αττική),37.96534,23.74906,0,1,1,Άγνωστο,9.85,45.0,1213,1580,1198,564
1214082174,970,85,2,2,6,1980.0,6,Παγκράτι (Αθήνα - Κέντρο),Αθήνα - Κέντρο (Αττική),37.967049,23.74991,1,1,1,Άγνωστο,11.41,46.0,1043,1473,1025,459
1220525342,1150,78,2,1,9,1960.0,5,Παγκράτι (Αθήνα - Κέντρο),Αθήνα - Κέντρο (Αττική),37.973034,23.747099,1,0,1,2.0,14.74,66.0,342,1779,330,372
1220523905,850,95,2,1,9,1975.0,6,Παγκράτι (Αθήνα - Κέντρο),Αθήνα - Κέντρο (Αττική),37.969627,23.749887,1,1,1,1.0,8.95,51.0,769,1470,750,341
1218126502,1300,165,3,1,7,1982.0,5,Παγκράτι (Αθήνα - Κέντρο),Αθήνα - Κέντρο (Αττική),37.961094,23.73908,1,1,1,1.0,7.88,44.0,981,1930,1800,1142
1219675029,1200,150,3,1,7,1970.0,7,Παγκράτι (Αθήνα - Κέντρο),Αθήνα - Κέντρο (Αττική),37.969009,23.748764,1,1,0,Άγνωστο,8.0,56.0,807,1564,791,258
1218282292,1450,107,2,1,9,1982.0,4,Παγκράτι (Αθήνα - Κέντρο),Αθήνα - Κέντρο (Αττική),37.966892,23.746565,1,1,1,2.0,13.55,44.0,1024,1767,1014,327
1220143683,1400,84,2,2,7,1965.0,7,Παγκράτι (Αθήνα - Κέντρο),Αθήνα - Κέντρο (Αττική),37.970528,23.745485,1,1,1,2.0,16.67,61.0,630,1863,625,93
1220359259,1150,90,3,1,6,1974.0,4,Παγκράτι (Αθήνα - Κέντρο),Αθήνα - Κέντρο (Αττική),37.96843,23.752171,0,1,0,4.0,12.78,52.0,974,1265,952,562
1219071085,900,103,2,1,7,1972.0,8,Παγκράτι (Αθήνα - Κέντρο),Αθήνα - Κέντρο (Αττική),37.968048,23.75062,1,0,1,Άγνωστο,8.74,54.0,956,1402,937,449
1220369178,550,58,1,1,4,1980.0,8,Παγκράτι (Αθήνα - Κέντρο),Αθήνα - Κέντρο (Αττική),37.961193,23.744019,0,0,0,1.0,9.48,46.0,1395,2144,1668,973
1218398556,620,26,1,1,7,2010.0,7,Παγκράτι (Αθήνα - Κέντρο),Αθήνα - Κέντρο (Αττική),37.965881,23.75503,1,1,1,1.0,23.85,16.0,1346,1058,1323,904
1220391441,990,76,2,1,8,2022.0,5,Παγκράτι (Αθήνα - Κέντρο),Αθήνα - Κέντρο (Αττική),37.965599,23.747459,1,1,1,2.0,13.03,4.0,1169,1711,1157,484
1220112378,800,84,2,1,7,1970.0,7,Παγκράτι (Αθήνα - Κέντρο),Αθήνα - Κέντρο (Αττική),37.967167,23.746809,1,0,0,2.0,9.52,56.0,993,1742,983,301
1220350524,900,41,1,1,6,1974.0,4,Παγκράτι (Αθήνα - Κέντρο),Αθήνα - Κέντρο (Αττική),37.965057,23.754179,1,1,0,1.0,21.95,52.0,1388,1158,1366,890
1219805890,710,34,0,0,7,1974.0,4,Παγκράτι (Αθήνα - Κέντρο),Αθήνα - Κέντρο (Αττική),37.968719,23.749969,1,1,1,Άγνωστο,20.88,52.0,866,1458,848,368
1220086225,700,64,1,0,8,1974.0,5,Παγκράτι (Αθήνα - Κέντρο),Αθήνα - Κέντρο (Αττική),37.96896,23.7523,1,1,0,Άγνωστο,10.94,52.0,929,1254,906,560
1219604304,560,39,1,1,6,1967.0,7,Παγκράτι (Αθήνα - Κέντρο),Αθήνα - Κέντρο (Αττική),37.967834,23.747988,1,0,0,Άγνωστο,14.36,59.0,925,1634,911,280
1219764237,700,62,1,1,6,1974.0,5,Παγκράτι (Αθήνα - Κέντρο),Αθήνα - Κέντρο (Αττική),37.96896,23.7523,1,1,0,Άγνωστο,11.29,52.0,929,1254,906,560
1217078224,1000,57,1,1,10,1957.0,7,Παγκράτι (Αθήνα - Κέντρο),Αθήνα - Κέντρο (Αττική),37.970551,23.741961,1,0,0,2.0,17.54,69.0,749,2171,755,364
1219979076,1980,106,2,2,6,1969.0,7,Παγκράτι (Αθήνα - Κέντρο),Αθήνα - Κέντρο (Αττική),37.973679,23.74806,1,1,1,2.0,18.68,57.0,291,1720,271,468
1220547442,500,90,2,1,4,2008.0,6,Ίλιον (Αθήνα - Δυτικά Προάστια),Αθήνα - Δυτικά Προάστια (Αττική),38.029831,23.690914,0,0,0,1.0,5.56,18.0,1343,4411,3003,1650
1220071996,800,112,2,1,7,1975.0,7,Ίλιον (Αθήνα - Δυτικά Προάστια),Αθήνα - Δυτικά Προάστια (Αττική),38.024132,23.703074,1,1,0,4.0,7.14,51.0,1361,4199,3724,1257
1220413400,650,45,1,1,3,1981.0,1,Ίλιον (Αθήνα - Δυτικά Προάστια),Αθήνα - Δυτικά Προάστια (Αττική),38.031055,23.700375,0,0,1,4.0,14.44,45.0,1859,4859,3788,831
1220004333,600,84,1,1,3,1971.0,6,Ίλιον (Αθήνα - Δυτικά Προάστια),Αθήνα - Δυτικά Προάστια (Αττική),38.023205,23.698021,0,1,0,2.0,7.14,55.0,992,3994,3270,1571
1220315741,650,55,1,1,3,1990.0,5,Ίλιον (Αθήνα - Δυτικά Προάστια),Αθήνα - Δυτικά Προάστια (Αττική),38.021236,23.70208,0,1,1,4.0,11.82,36.0,1092,4006,3566,1588
1220525674,950,110,3,2,6,2008.0,6,Ίλιον (Αθήνα - Δυτικά Προάστια),Αθήνα - Δυτικά Προάστια (Αττική),38.023514,23.699646,1,0,0,Άγνωστο,8.64,18.0,1105,4097,3416,1461
1220538489,500,58,1,1,3,1970.0,6,Ίλιον (Αθήνα - Δυτικά Προάστια),Αθήνα - Δυτικά Προάστια (Αττική),38.027496,23.708588,0,1,0,1.0,8.62,56.0,1970,4245,4296,779
1220458494,750,83,2,1,3,1955.0,5,Ίλιον (Αθήνα - Δυτικά Προάστια),Αθήνα - Δυτικά Προάστια (Αττική),38.045765,23.691044,0,1,0,4.0,9.04,71.0,3043,6120,4240,1997
1220279012,500,55,1,1,3,1968.0,9,Ίλιον (Αθήνα - Δυτικά Προάστια),Αθήνα - Δυτικά Προάστια (Αττική),38.030243,23.697477,0,0,0,Άγνωστο,9.09,58.0,1684,4666,3521,1099
1220530506,550,56,1,1,8,1975.0,6,Ίλιον (Αθήνα - Δυτικά Προάστια),Αθήνα - Δυτικά Προάστια (Αττική),38.02903,23.7118,1,1,0,4.0,9.82,51.0,2181,4269,4617,663
1220263305,750,100,3,1,6,1981.0,6,Ίλιον (Αθήνα - Δυτικά Προάστια),Αθήνα - Δυτικά Προάστια (Αττική),38.042397,23.706039,0,0,0,1.0,7.5,45.0,3213,5832,4895,911
1219871366,600,75,1,1,3,1970.0,6,Ίλιον (Αθήνα - Δυτικά Προάστια),Αθήνα - Δυτικά Προάστια (Αττική),38.026459,23.7031,0,1,0,1.0,8.0,56.0,1550,4406,3803,1024
1220258085,530,70,2,1,6,1983.0,8,Ίλιον (Αθήνα - Δυτικά Προάστια),Αθήνα - Δυτικά Προάστια (Αττική),38.036995,23.702188,0,0,0,Άγνωστο,7.57,43.0,2529,5441,4267,642
1220547464,500,59,2,1,4,1996.0,7,Ίλιον (Αθήνα - Δυτικά Προάστια),Αθήνα - Δυτικά Προάστια (Αττική),38.044964,23.693787,0,1,0,1.0,8.47,30.0,3013,6094,4319,1756
1220129648,650,57,1,1,3,1998.0,7,Ίλιον (Αθήνα - Δυτικά Προάστια),Αθήνα - Δυτικά Προάστια (Αττική),38.021202,23.70183,0,0,1,Άγνωστο,11.4,28.0,1072,3991,3544,1600
1219903303,750,93,2,1,7,1983.0,6,Ίλιον (Αθήνα - Δυτικά Προάστια),Αθήνα - Δυτικά Προάστια (Αττική),38.024269,23.71133,0,1,0,1.0,8.06,43.0,1961,3815,4429,1159
1219029799,460,38,1,1,6,1985.0,5,Ίλιον (Αθήνα - Δυτικά Προάστια),Αθήνα - Δυτικά Προάστια (Αττική),38.024323,23.708172,0,0,0,Άγνωστο,12.11,41.0,1726,3961,4161,1133
1220362793,700,118,3,1,6,1978.0,7,Ίλιον (Αθήνα - Δυτικά Προάστια),Αθήνα - Δυτικά Προάστια (Αττική),38.026031,23.70038,0,0,0,1.0,5.93,48.0,1368,4370,3563,1196
1219987097,1050,74,2,1,9,2023.0,2,Ίλιον (Αθήνα - Δυτικά Προάστια),Αθήνα - Δυτικά Προάστια (Αττική),38.046986,23.695406,1,0,0,4.0,14.19,3.0,3268,6349,4583,1818
1220425153,570,55,1,1,8,1981.0,7,Ίλιον (Αθήνα - Δυτικά Προάστια),Αθήνα - Δυτικά Προάστια (Αττική),38.029259,23.711449,1,1,0,Άγνωστο,10.36,45.0,2218,4305,4597,627
1220540819,450,66,2,1,3,1980.0,7,Ίλιον (Αθήνα - Δυτικά Προάστια),Αθήνα - Δυτικά Προάστια (Αττική),38.030506,23.692636,0,1,0,4.0,6.82,46.0,1478,4531,3170,1484
1219980505,1050,64,2,1,9,2023.0,2,Ίλιον (Αθήνα - Δυτικά Προάστια),Αθήνα - Δυτικά Προάστια (Αττική),38.046707,23.700285,1,0,0,Άγνωστο,16.41,3.0,3391,6453,4843,1549
1216576995,450,54,1,1,2,1980.0,7,Ίλιον (Αθήνα - Δυτικά Προάστια),Αθήνα - Δυτικά Προάστια (Αττική),38.02636,23.69409,0,0,0,1.0,8.33,46.0,1187,4150,3065,1575
1220431910,1050,74,2,1,0,1981.0,1,Ίλιον (Αθήνα - Δυτικά Προάστια),Αθήνα - Δυτικά Προάστια (Αττική),38.045391,23.69738,0,0,0,Άγνωστο,14.19,45.0,3157,6231,4563,1571
1220178973,700,100,3,1,6,1981.0,10,Ίλιον (Αθήνα - Δυτικά Προάστια),Αθήνα - Δυτικά Προάστια (Αττική),38.042309,23.70467,0,0,0,1.0,7.0,45.0,3151,5872,4795,941
1219552859,800,112,0,0,7,1976.0,7,Ίλιον (Αθήνα - Δυτικά Προάστια),Αθήνα - Δυτικά Προάστια (Αττική),38.028931,23.70121,0,1,0,4.0,7.14,50.0,1681,4686,3751,909
1219895367,650,78,2,1,9,2017.0,5,Ίλιον (Αθήνα - Δυτικά Προάστια),Αθήνα - Δυτικά Προάστια (Αττική),38.026451,23.697241,1,1,0,4.0,8.33,9.0,1280,4278,3323,1351
1220183207,950,83,2,1,8,2025.0,1,Ίλιον (Αθήνα - Δυτικά Προάστια),Αθήνα - Δυτικά Προάστια (Αττική),38.026249,23.694811,1,0,0,4.0,11.45,1.0,1193,4165,3118,1531
1220402927,650,45,1,1,3,1981.0,1,Ίλιον (Αθήνα - Δυτικά Προάστια),Αθήνα - Δυτικά Προάστια (Αττική),38.030338,23.70013,0,1,1,4.0,14.44,45.0,1777,4778,3732,889
1219862333,600,80,2,1,6,1972.0,6,Ίλιον (Αθήνα - Δυτικά Προάστια),Αθήνα - Δυτικά Προάστια (Αττική),38.02401,23.705013,0,1,0,1.0,7.5,54.0,1481,4087,3885,1213
1219801395,800,95,3,1,7,1977.0,5,Ίλιον (Αθήνα - Δυτικά Προάστια),Αθήνα - Δυτικά Προάστια (Αττική),38.032539,23.706699,0,1,0,4.0,8.42,49.0,2278,4817,4356,285
1219873351,900,122,3,1,6,2004.0,10,Ίλιον (Αθήνα - Δυτικά Προάστια),Αθήνα - Δυτικά Προάστια (Αττική),38.034603,23.709276,1,0,0,1.0,7.38,22.0,2596,4925,4662,43
1220102854,300,20,1,1,3,1970.0,1,Ίλιον (Αθήνα - Δυτικά Προάστια),Αθήνα - Δυτικά Προάστια (Αττική),38.036221,23.70579,0,1,1,4.0,15.0,56.0,2584,5218,4484,326
1219354817,800,95,3,1,7,1981.0,5,Ίλιον (Αθήνα - Δυτικά Προάστια),Αθήνα - Δυτικά Προάστια (Αττική),38.032539,23.706699,0,1,0,4.0,8.42,45.0,2278,4817,4356,285
1219973263,650,51,1,1,3,2026.0,1,Ίλιον (Αθήνα - Δυτικά Προάστια),Αθήνα - Δυτικά Προάστια (Αττική),38.026031,23.70038,0,0,0,Άγνωστο,12.75,0.0,1368,4370,3563,1196
1218781157,650,85,2,1,3,1985.0,2,Ίλιον (Αθήνα - Δυτικά Προάστια),Αθήνα - Δυτικά Προάστια (Αττική),38.044201,23.69689,0,1,0,1.0,7.65,41.0,3019,6092,4437,1501
1220009098,600,75,2,1,7,1985.0,1,Ίλιον (Αθήνα - Δυτικά Προάστια),Αθήνα - Δυτικά Προάστια (Αττική),38.021526,23.710163,0,0,0,4.0,8.0,41.0,1738,3605,4269,1448
1219649062,750,113,3,1,6,1985.0,3,Ίλιον (Αθήνα - Δυτικά Προάστια),Αθήνα - Δυτικά Προάστια (Αττική),38.044651,23.694571,0,1,0,1.0,6.64,41.0,2999,6079,4337,1681
1220503290,950,110,3,2,6,2008.0,6,Ίλιον (Αθήνα - Δυτικά Προάστια),Αθήνα - Δυτικά Προάστια (Αττική),38.025059,23.699909,1,0,0,1.0,8.64,18.0,1256,4256,3489,1307
1220157457,700,100,3,1,6,1981.0,10,Ίλιον (Αθήνα - Δυτικά Προάστια),Αθήνα - Δυτικά Προάστια (Αττική),38.042309,23.70467,0,0,0,1.0,7.0,45.0,3151,5872,4795,941
1219725336,680,120,3,1,6,1990.0,6,Ίλιον (Αθήνα - Δυτικά Προάστια),Αθήνα - Δυτικά Προάστια (Αττική),38.032822,23.703569,0,1,0,1.0,5.67,36.0,2159,4978,4127,495
1219876584,1000,127,2,2,3,1970.0,3,Ίλιον (Αθήνα - Δυτικά Προάστια),Αθήνα - Δυτικά Προάστια (Αττική),38.033409,23.709908,0,1,0,4.0,7.87,56.0,2507,4781,4651,155
1219480484,400,55,1,1,6,1980.0,4,Ίλιον (Αθήνα - Δυτικά Προάστια),Αθήνα - Δυτικά Προάστια (Αττική),38.025162,23.69615,0,0,1,Άγνωστο,7.27,46.0,1112,4107,3182,1518
1219339435,850,93,2,1,6,1975.0,3,Ίλιον (Αθήνα - Δυτικά Προάστια),Αθήνα - Δυτικά Προάστια (Αττική),38.033741,23.690149,0,1,0,1.0,9.14,51.0,1725,4806,3207,1636
1220187987,580,50,0,0,3,1981.0,4,Ίλιον (Αθήνα - Δυτικά Προάστια),Αθήνα - Δυτικά Προάστια (Αττική),38.016045,23.710585,0,1,0,4.0,11.6,45.0,1495,3085,4249,2058
1219993659,750,112,2,1,6,1981.0,4,Ίλιον (Αθήνα - Δυτικά Προάστια),Αθήνα - Δυτικά Προάστια (Αττική),38.023975,23.705692,1,0,0,1.0,6.7,45.0,1526,4049,3941,1202
1219388938,520,65,2,1,6,1974.0,8,Ίλιον (Αθήνα - Δυτικά Προάστια),Αθήνα - Δυτικά Προάστια (Αττική),38.029396,23.703318,0,1,0,Άγνωστο,8.0,52.0,1822,4665,3941,743
1220132125,400,33,0,0,2,1981.0,6,Ίλιον (Αθήνα - Δυτικά Προάστια),Αθήνα - Δυτικά Προάστια (Αττική),38.027367,23.701843,0,1,1,4.0,12.12,45.0,1563,4552,3735,1000
1220311956,450,30,1,1,3,1981.0,2,Ίλιον (Αθήνα - Δυτικά Προάστια),Αθήνα - Δυτικά Προάστια (Αττική),38.032162,23.69787,0,1,1,4.0,15.0,45.0,1889,4874,3657,992
1219487100,700,112,2,1,6,1980.0,4,Ίλιον (Αθήνα - Δυτικά Προάστια),Αθήνα - Δυτικά Προάστια (Αττική),38.023998,23.705681,1,1,0,1.0,6.25,46.0,1527,4052,3941,1199
1219593135,700,77,2,1,8,1976.0,3,Ίλιον (Αθήνα - Δυτικά Προάστια),Αθήνα - Δυτικά Προάστια (Αττική),38.034866,23.709,1,1,0,Άγνωστο,9.09,50.0,2606,4961,4654,44
1219658913,550,55,1,1,3,1983.0,4,Ίλιον (Αθήνα - Δυτικά Προάστια),Αθήνα - Δυτικά Προάστια (Αττική),38.036259,23.69677,0,1,1,Άγνωστο,10.0,43.0,2214,5257,3835,1072
1219638285,750,110,2,1,6,1981.0,3,Ίλιον (Αθήνα - Δυτικά Προάστια),Αθήνα - Δυτικά Προάστια (Αττική),38.023998,23.705681,1,1,0,1.0,6.82,45.0,1527,4052,3941,1199
1219838216,600,105,3,1,7,1975.0,4,Ίλιον (Αθήνα - Δυτικά Προάστια),Αθήνα - Δυτικά Προάστια (Αττική),38.022381,23.703199,0,1,0,1.0,5.71,51.0,1245,4040,3688,1434
1219704664,500,68,2,1,6,1972.0,9,Ίλιον (Αθήνα - Δυτικά Προάστια),Αθήνα - Δυτικά Προάστια (Αττική),38.028168,23.710728,0,0,0,Άγνωστο,7.35,54.0,2161,4224,4497,724
1220076578,350,35,0,0,3,2010.0,10,Ίλιον (Αθήνα - Δυτικά Προάστια),Αθήνα - Δυτικά Προάστια (Αττική),38.033878,23.70083,0,0,1,Άγνωστο,10.0,16.0,2163,5157,3978,701
