"AC","Floor Level","accessibleForDisabled","adType_code","adType_id","agentEmployee_firstName","agentEmployee_id","agentEmployee_lastName","agentEmployee_telephone","airy","alarm","attic","auction","availability","availableForDailyRent","awning","balcony","balconyArea","bright","builtInBBQ","byTheSea","category","caveBuilding","commonExpenses","corner","description","distanceSea","doubleGlass","electricCarChargingFacilities","elevator","energyClass","facade","fireplace","firstPublishDate","floorNumber","floorType","forCommercialUse","furnished","garage","garden","geographiesByLevel_2_fullName","geographiesByLevel_4_fullName","geographyParentIds_0","geographyParentIds_1","geographyParentIds_2","geographyParentIds_4","geographyParentIds_5","glassType","heatingController","heatingMedium","heatingUnderFloor","holidayHome","host_id","id","images/0","images/1","images/2","images/3","images/4","images/5","images/6","images/7","images/8","images/9","images/10","images/11","images/12","images/13","images/14","images/15","images/16","images/17","images/18","images/19","images/20","images/21","images/22","images/23","images/24","internal_stairs","investment","joinery","kitchens","latitude","levels","livingRooms","longitude","lotSize","luxHome","mannedReception","medicalOffice","modified","negotiablePrice","neoclassic","newDevelopment","nightPower","no_of_WC","no_of_bathrooms","orientation","painted","penthouse","pestNet","petsAllowed","playroom","pool","preserved","price","priceChangeDate","priceChangePercentage","priceIncludesInternet","priceIncludesPower","priceIncludesSharedExp","priceIncludesWater","pricePerSqMeters","pricePreReduction","priceReduced","propertyPublishingOptionIds/0","propertyPublishingOptionIds/1","propertyPublishingOptionIds/2","published","renovated","renovationYear","requiresRenovation","road_type","rooms","satelite","secure_door","showOnlyPartnerPhone","solar_heater","sq_meters","storage","storageArea","streetAddress","studentHome","subtype","unfinished","uploaded","url","vTourUrl","view","wholeFloorApartment","year_of_construction","youtubeVideoId","zoning"
"0","1","no","vip","14",,,,,"1","0","0","0","2026-07-16","0","1","0","0","1","0",,"house",,,"0","<br>ΜΑΡΟΥΣΙ - ΔΟΥΚΑ | Σπάνια ευκαιρία: Φρεσκοβαμμένη Μεζονέτα 114 τ.μ. με Ιδιωτικό Κήπο, 6 Μπαλκόνια, Smart Θέρμανση & ΧΩΡΙΣ ΚΟΙΝΟΧΡΗΣΤΑ - 950€ Eλαφρά συζητήσιμη υπό προϋποθέσεις.<br>Σε Αποκλειστική Διαχείριση από το Γραφείο Ultra Home<br>Φωτεινότατη, φροντισμένη μεζονέτα 114 τ.μ. σε έναν από τους πιο ήσυχους δρόμους στο Μαρούσι, λίγα βήματα από τα Εκπαιδευτήρια Δούκα. Πλήρως φρεσκοβαμμένη, έτοιμη να κατοικηθεί.<br>Τι θα λατρέψετε:<br>•  Χωρίς κοινόχρηστα & με ελάχιστο κόστος θέρμανσης<br>•  Ιδιωτικός κήπος για καφέ & pet friendly<br>•  6 μπαλκόνια με απίστευτο φως και ανοιχτή θέα<br>•  Θέση parking με γκαραζόπορτα δίπλα στον κήπο<br>•  Πλήρης αναβάθμιση κουφωμάτων για θερμομόνωση / ηχομόνωση<br>•  Smart θέρμανση με αντλία θερμότητας & έλεγχο μέσω WiFi<br>•  Πόρτα ασφαλείας<br>Διάταξη 3 επιπέδων:<br>Ισόγειο: Σαλόνι<br>Ημιυπόγειο: Κουζίνα και ενιαίος χώρος, W/C και αποθήκη<br>1ος: 2 μεγάλα υπνοδωμάτια με μπαλκόνια & μπάνιο<br>Ιδανική για ζευγάρι ή οικογένεια που θέλει σπίτι με αυτονομία και χαμηλά πάγια.<br>Θα τηρηθεί αυστηρά σειρά προτεραιότητας στα ραντεβού. Η τιμή είναι ελαφρά συζητήσιμη υπό προϋποθέσεις.<br>Τα στοιχεία και τα χαρακτηριστικά του ακινήτου βασίζονται σε πληροφορίες που έχουν παρασχεθεί από τον εκάστοτε ιδιοκτήτη. Η ακριβής θέση στον χάρτη είναι ενδεικτική και ενδέχεται να μην ανταποκρίνεται πλήρως στη γεωγραφική τοποθέτηση του ακινήτου. Η υπόδειξη του Ακινήτου γίνεται με την επίδειξη της Αστυνομικής Ταυτότητας και Α.Φ.Μ του Πελάτη βάσει του Ν.4557/2018 (ΦΕΚ 139/2018) και ΠΟΛ 1200/29.10.2018 (ΦΕΚ Β’ 4869/2018) και όσων ατόμων παραστούν στην υπόδειξη του.<br>Επικοινωνήστε άμεσα για ραντεβού και προσωπική ξενάγηση στο χώρο! Τιμή: 950€ <br>",,,,"0","7","0","0","2026-07-22","6","4","0","no","yes","1","Αθήνα - Βόρεια Προάστια (Αττική)","Μαρούσι (Αθήνα - Βόρεια Προάστια)","1","105103","101","2111","106425","Double","4","13","0","0","1","1220450379","https://m3.spitogatos.gr/362798501_1600x1200.jpg?v=20130730","https://m3.spitogatos.gr/362798516_1600x1200.jpg?v=20130730","https://m1.spitogatos.gr/362798535_1600x1200.jpg?v=20130730","https://m2.spitogatos.gr/362798560_1600x1200.jpg?v=20130730","https://m1.spitogatos.gr/362798583_1600x1200.jpg?v=20130730","https://m1.spitogatos.gr/362798616_1600x1200.jpg?v=20130730","https://m1.spitogatos.gr/362798631_1600x1200.jpg?v=20130730","https://m3.spitogatos.gr/362798648_1600x1200.jpg?v=20130730","https://m3.spitogatos.gr/362798663_1600x1200.jpg?v=20130730","https://m1.spitogatos.gr/362798679_1600x1200.jpg?v=20130730","https://m1.spitogatos.gr/362798697_1600x1200.jpg?v=20130730","https://m2.spitogatos.gr/362798725_1600x1200.jpg?v=20130730","https://m1.spitogatos.gr/362798745_1600x1200.jpg?v=20130730","https://m1.spitogatos.gr/362798760_1600x1200.jpg?v=20130730","https://m3.spitogatos.gr/362798777_1600x1200.jpg?v=20130730","https://m3.spitogatos.gr/362798792_1600x1200.jpg?v=20130730","https://m2.spitogatos.gr/362798800_1600x1200.jpg?v=20130730","https://m3.spitogatos.gr/362798807_1600x1200.jpg?v=20130730","https://m3.spitogatos.gr/362798813_1600x1200.jpg?v=20130730","https://m1.spitogatos.gr/362798817_1600x1200.jpg?v=20130730","https://m1.spitogatos.gr/362798820_1600x1200.jpg?v=20130730","https://m2.spitogatos.gr/362798824_1600x1200.jpg?v=20130730","https://m2.spitogatos.gr/362798845_1600x1200.jpg?v=20130730","https://m2.spitogatos.gr/362798863_1600x1200.jpg?v=20130730","https://m3.spitogatos.gr/362798879_1600x1200.jpg?v=20130730","1","0","2","1","38.037762","3","1","23.820139",,"0",,,"2026-07-26","0","0",,"1","1","1","3","1","0","0","1","0","0","0","950",,,"0","0","0","0","8.33",,,"1","3","6","1","0",,"0","1","2","1","1",,"0","114","1","6","Σαλαμινομάχων 17, 151 26, Μαρούσι","0","3","0","2026-07-22","https://www.spitogatos.gr/en/property/1220450379",,"1","0","2000",,"residential"
"1","3","no","vip","13","Αλέξιος","81463","Κοσμόπουλος","6986109593","0","0","0","0","2026-07-15","0","0","1","0","1","0",,"house","0",,"0","Διατίθεται προς ενοικίαση πλήρως ανακαινισμένη μεζονέτα 86 τ.μ., 3ου και 4ου ορόφου (2 επίπεδα), στην περιοχή Μαρούσι, Νέα Φιλοθέη. Το ακίνητο αποτελείται από ένα υπνοδωμάτιο, ένα μπάνιο, ένα WC, μία σύγχρονη κουζίνα και ένα ευρύχωρο σαλόνι, ενώ διαθέτει μία θέση στάθμευσης στην πιλοτή, προσφέροντας άνεση και λειτουργικότητα. Κατασκευάστηκε το 2000 και ανακαινίστηκε πλήρως το 2026. Διαθέτει αυτόνομη θέρμανση με φυσικό αέριο, τρία κλιματιστικά και ηλιακό θερμοσίφωνα, ενώ τα δάπεδα είναι από ξύλο. Επιπλέον περιλαμβάνει ασανσέρ, αποθήκη, εσωτερική ξύλινη σκάλα, εντοιχισμένες ηλεκτρικές συσκευές στην κουζίνα (επαγωγικές εστίες και πλυντήριο πιάτων), ενώ επιτρέπονται γάτες.<br />
<br />
Στο πρώτο επίπεδο βρίσκεται ο ενιαίος χώρος σαλονιού και κουζίνας με ενεργειακό τζάκι, μεγάλες μπαλκονόπορτες και άμεση πρόσβαση σε μεγάλη βεράντα. Η ολοκαίνουργια κουζίνα, με σύγχρονο σχεδιασμό, νησίδα εργασίας, επαγωγική εστία με ενσωματωμένο απορροφητήρα και εντοιχισμένο πλυντήριο πιάτων, προσφέρει υψηλή λειτουργικότητα και αποτελεί το κεντρικό σημείο του σπιτιού. Στο ίδιο επίπεδο υπάρχει επίσης WC επισκεπτών. Η εσωτερική ξύλινη σκάλα οδηγεί στο επάνω επίπεδο, όπου βρίσκεται το υπνοδωμάτιο, το κυρίως μπάνιο με μπανιέρα και μία μικρή βοηθητική βεράντα. Το υπνοδωμάτιο βρίσκεται στο τελικό στάδιο ανακαίνισης.<br />
<br />
Η μεζονέτα είναι φωτεινή, βρίσκεται σε καταπληκτική κατάσταση και διαθέτει θέα σε αστικό τοπίο. Βρίσκεται σε εξαιρετική τοποθεσία, κοντά σε συγκοινωνίες, το κέντρο της πόλης, την αγορά και χώρους εστίασης.<br />
<br />
Διαθέσιμο από 15/07/2026.<br />
<br />
📍 Η αναφερόμενη τοποθεσία είναι ενδεικτική. Για περισσότερες πληροφορίες ή προγραμματισμό επίσκεψης:<br />
<br />
KOSMOS REAL ESTATE<br />
📞 Υπεύθυνος Ακινήτου: Αλέξης - 6986109593<br />
📧 info@kosmosrealestate.gr<br />
🌐 www.kosmosrealestate.gr",,,"0","1","6","0","1","2026-06-29","8","2","0","no","yes","0","Αθήνα - Βόρεια Προάστια (Αττική)","Μαρούσι (Αθήνα - Βόρεια Προάστια)","1","105103","101","2111","117000",,"1","2","0","0","1","1220262510","https://m3.spitogatos.gr/359798903_1600x1200.jpg?v=20130730","https://m3.spitogatos.gr/359798909_1600x1200.jpg?v=20130730","https://m2.spitogatos.gr/359798917_1600x1200.jpg?v=20130730","https://m3.spitogatos.gr/359798927_1600x1200.jpg?v=20130730","https://m3.spitogatos.gr/359798933_1600x1200.jpg?v=20130730","https://m2.spitogatos.gr/359798938_1600x1200.jpg?v=20130730","https://m2.spitogatos.gr/359798944_1600x1200.jpg?v=20130730","https://m3.spitogatos.gr/359798948_1600x1200.jpg?v=20130730","https://m3.spitogatos.gr/359798960_1600x1200.jpg?v=20130730","https://m1.spitogatos.gr/359798964_1600x1200.jpg?v=20130730",,,,,,,,,,,,,,,,"1","0",,"1","38.028732","2","1","23.7843",,"0","0","0","2026-07-28","0","0",,"0","1","1",,"0","0","0","1","0","0","0","1300",,,"0","0","0","0","15.12",,,"1","3","6","1","1","2026","0","1","1","0","0","1","1","86","1",,,"0","3","0","2026-06-29","https://www.spitogatos.gr/en/property/1220262510",,"1","0","2000",,"residential"
"1","2",,"vip","13",,,,,"0","0","0","0","2026-07-31","0","0","1","0","0",,,"house",,,"1","Ανακάλυψε τα καλύτερα σημεία του Χαλανδρίου , με αυτό το άνετο διαμέρισμα δύο υπνοδωματίων της Blueground. Προσφέρει μια πλήρως εξοπλισμένη κουζίνα, ένα φωτεινό καθιστικό. Επίσης, καθ’όλη τη διάρκεια της διαμονής σου θα έχεις τη δυνατότητα να επικοινωνήσεις εύκολα και άμεσα με την ομάδα υποστήριξης πελατών και να βρεις χρήσιμες πληροφορίες τόσο για το διαμέρισμά σου όσο και για τη γειτονιά μέσω της ειδικής mobile εφαρμογής.<br><br />
<br />
Η διαφημιζόμενη τιμή των €1,780/μήνα είναι η τιμή για 1 έτος, με ημερομηνία έναρξης Ιουλίου 30, 2026.<br />
<br>Οι τιμές διαφέρουν ανάλογα με τη διάρκεια παραμονής, την εποχικότητα και άλλους παράγοντες. Επισκεφθείτε τον ιστότοπό μας και εισάγετε τις ημερομηνίες διαμονής σας για να δείτε ενημερωμένες τιμές για την κράτησή σας. Η τιμή ισχύει μόνο με προκαταβολή· ενδέχεται να είναι υψηλότερη εάν πληρωθεί σε δόσεις.<br />
<br />
<b>Κλείστε αυτό το διαμέρισμα online!</b><br />
<br />
https://www.theblueground.com/p/furnished-apartments/ath-1464?utm_source=classified-4<br />
<br />
Aναβαθμίστε τη διαμονή σας με ένα πλήρως επιπλωμένο διαμέρισμα από τη Blueground:<br />
      – Επιπλωμένα σπίτια σε τιμές αντίστοιχες με τα ανεπίπλωτα<br />
      – Χωρίς κόστη εγκατάστασης ή αγοράς επίπλων - εξοικονομήστε χρόνο και χρήματα<br />
      – Έτοιμα για άμεση μετακόμιση - το μόνο που χρειάζεστε είναι η βαλίτσα σας<br />
<br />
<b>Ο χώρος</b><br><br />
Σε αυτό το ελκυστικό Blueground διαμέρισμα δύο υπνοδωματίων, θα βρεις ένα χώρο προσεκτικά σχεδιασμένο και πλήρως εξοπλισμένο με έπιπλα μοναδικού design και ηλεκτρικές συσκευές τελευταίας τεχνολογίας.<br />
Νιώσε όμορφα και χαλαρά στο νέο σου σπίτι κάθε στιγμή. Και όταν θα θες να διασκεδάσεις, μπορείς να βγεις και να αφεθείς στον παλμό του Χαλανδρίου ή να φέρεις τη διασκέδαση σπίτι, με τα ασύρματα ηχεία ή τη smart TV.<br />
<br />
<b>Διαρρύθμιση δωματίων ύπνου</b><br />
    <br />
        Υπέρδιπλο κρεβάτι: 160 εκ.<br />
<br />
        Διπλό κρεβάτι: 140 εκ.<br />
<br />
<b>Παροχές κτιρίου</b><br />
<br />
      Ασανσέρ<br />
      Πλυντήριο<br />
      Θέση στάθμευσης<br />
<br />
<br />
<b>Άφιξη και συνεχής υποστήριξη πελατών</b><br><br />
Κατά τη διάρκεια της διαμονής σου, η ομάδα μας θα είναι διαθέσιμη για να σε βοηθήσει με οτιδήποτε χρειαστείς. Μέσω της ειδικής mobile εφαρμογής της Blueground έχεις συνεχή υποστήριξη, ενώ μπορείς ακόμη να προγραμματίσεις υπηρεσίες καθαρισμού, συντήρησης ή επισκευής, με το πάτημα ενός κουμπιού.<br />
<br />
<b>Ιδανική τοποθεσία</b><br />
<br />
Το Χαλάνδρι είναι μια ζωντανή γειτονιά, που βρίσκεται στα βόρεια προάστια, μόλις 10 χιλιόμετρα από το κέντρο της Αθήνας. Το Χαλάνδρι είναι γνωστό για τις εμπορικές του συνοικίες και τη ζωντανή σκηνή των μπαρ. Η περιοχή φιλοξενεί πολλές μεγάλες πολυεθνικές εταιρείες, οργανισμούς και πρεσβείες. Εξυπηρετείται από τους σταθμούς του μετρό Χαλάνδρι & Αγία Παρασκευή, καθώς και από συνδέσεις με λεωφορεία, ενώ έχει εύκολη πρόσβαση στην Αττική Οδό.",,"1",,"1","2","0","1","2026-02-10","7",,"0","yes","yes","1","Αθήνα - Βόρεια Προάστια (Αττική)","Χαλάνδρι (Αθήνα - Βόρεια Προάστια)","1","105103","101","2122",,,"1","2","0","0","1","1219354573","https://m2.spitogatos.gr/359909383_1600x1200.jpg?v=20130730","https://m3.spitogatos.gr/359909417_1600x1200.jpg?v=20130730","https://m1.spitogatos.gr/359909430_1600x1200.jpg?v=20130730","https://m2.spitogatos.gr/359909446_1600x1200.jpg?v=20130730","https://m3.spitogatos.gr/359909465_1600x1200.jpg?v=20130730","https://m2.spitogatos.gr/359909485_1600x1200.jpg?v=20130730","https://m2.spitogatos.gr/359909506_1600x1200.jpg?v=20130730","https://m1.spitogatos.gr/359909526_1600x1200.jpg?v=20130730","https://m1.spitogatos.gr/359909544_1600x1200.jpg?v=20130730","https://m2.spitogatos.gr/359909563_1600x1200.jpg?v=20130730","https://m2.spitogatos.gr/359909578_1600x1200.jpg?v=20130730","https://m1.spitogatos.gr/359909589_1600x1200.jpg?v=20130730","https://m2.spitogatos.gr/359909605_1600x1200.jpg?v=20130730","https://m3.spitogatos.gr/359909618_1600x1200.jpg?v=20130730","https://m3.spitogatos.gr/359909633_1600x1200.jpg?v=20130730","https://m3.spitogatos.gr/359909648_1600x1200.jpg?v=20130730","https://m2.spitogatos.gr/359909662_1600x1200.jpg?v=20130730","https://m2.spitogatos.gr/359909674_1600x1200.jpg?v=20130730","https://m2.spitogatos.gr/359909686_1600x1200.jpg?v=20130730","https://m3.spitogatos.gr/359909696_1600x1200.jpg?v=20130730","https://m1.spitogatos.gr/359909709_1600x1200.jpg?v=20130730","https://m2.spitogatos.gr/359909722_1600x1200.jpg?v=20130730","https://m2.spitogatos.gr/359909734_1600x1200.jpg?v=20130730","https://m1.spitogatos.gr/359909751_1600x1200.jpg?v=20130730","https://m2.spitogatos.gr/359909770_1600x1200.jpg?v=20130730","0","0",,"0","38.022919","1","0","23.803881",,"0",,,"2026-07-29","0","0","1","0","0","2",,"1","0","1",,"0","0","0","1780","2026-07-22 10:54:24","5","0","0","0","0","20.94","1870","true","1","3","6","1","0",,,,"2","0","1",,,"85","0",,"Aristotelous 7","1","1","0","2026-02-09","https://www.spitogatos.gr/en/property/1219354573","https://app.nodalview.com/s/2l5m66btH2DvacrmmJ6hAI","0",,"2022",,
"1","6","no","vip","13",,,,,"0","0","0","0","2026-05-15","0","0","0","0","1","1",,"house",,,"0","Κωδικός ακινήτου: 2-1484 - Μαρούσι Νέα Φιλοθέη  ΕΝΟΙΚΙΑΖΕΤΑΙ    επιπλωμένο loft  στον 6 ο όροφο συνολικής επιφάνειας 51.00 τ.μ.  . Αποτελείται από 1 υπνοδωμάτιο,  σαλοκουζίνα, μπάνιο . Είναι κατασκευασμένο το 2024 με ενεργειακή κλάση Β  και διαθέτει θέρμανση αυτόνομη - φυσικού αερίου, θέα σε ανοιχτό ορίζοντα, κουφώματα αλουμινίου συρόμενα,  πόρτα ασφαλείας, εντοιχιζόμενες ντουλάπες, ανελκυστήρα, κήπο, πισίνα, A/C, ηλεκτρικές συσκευές, διπλά τζάμια, ηλιακό θερμοσίφωνα, BBQ, θυροτηλεόραση, νυχτερινό ρεύμα, ανοιχτωσιά      - Τιμή: 950 €  <br><br>Ενοικιάζεται πολύ καλό πλήρως επιπλωμένο και εξοπλισμένο διαμέρισμα. Βρίσκεται σε ωραίο, ήσυχο σημείο, πλησίον ΥΓΕΙΑ- ΟΑΚΑ-Κηφισίας.<br> <br><br />
Για περισσότερα ακίνητα επισκεφτείτε το site μας.<br />
<br />
www.krimpa.gr<br />
<br />
ΜΕΣΙΤΙΚΟ Α.ΚΡΙΜΠΑ<br />
ΤΗΛ.6977244863<br />
210-8051912",,,,"1","4","1","0","2026-04-08","11",,"0","yes","no","1","Αθήνα - Βόρεια Προάστια (Αττική)","Μαρούσι (Αθήνα - Βόρεια Προάστια)","1","105103","101","2111","117000","Double","1","2","0","0","1","1219685645","https://m3.spitogatos.gr/350013275_1600x1200.jpg?v=20130730","https://m2.spitogatos.gr/350013277_1600x1200.jpg?v=20130730","https://m2.spitogatos.gr/350013280_1600x1200.jpg?v=20130730","https://m1.spitogatos.gr/350013282_1600x1200.jpg?v=20130730","https://m1.spitogatos.gr/350013285_1600x1200.jpg?v=20130730","https://m3.spitogatos.gr/350013287_1600x1200.jpg?v=20130730","https://m3.spitogatos.gr/350013290_1600x1200.jpg?v=20130730","https://m2.spitogatos.gr/350013292_1600x1200.jpg?v=20130730","https://m2.spitogatos.gr/350013295_1600x1200.jpg?v=20130730","https://m3.spitogatos.gr/350013296_1600x1200.jpg?v=20130730","https://m1.spitogatos.gr/350013297_1600x1200.jpg?v=20130730","https://m2.spitogatos.gr/350013298_1600x1200.jpg?v=20130730","https://m3.spitogatos.gr/350013299_1600x1200.jpg?v=20130730","https://m1.spitogatos.gr/350013300_1600x1200.jpg?v=20130730","https://m2.spitogatos.gr/350013301_1600x1200.jpg?v=20130730","https://m3.spitogatos.gr/350013302_1600x1200.jpg?v=20130730","https://m2.spitogatos.gr/350013304_1600x1200.jpg?v=20130730",,,,,,,,,"0","0","2","1","38.033051","1","1","23.787374",,"1",,,"2026-07-28","0","0","1","1","0","1",,"1","1","0",,"0","1","0","950",,,"0","0","0","0","18.63",,,"1","3","6","1","0",,"0","1","1","0","1",,"1","51","0",,,"0","11","0","2026-04-08","https://www.spitogatos.gr/en/property/1219685645",,"1","0","2024",,"residential"
"1","2","no","vip","13",,,,,"0","1","0","0","2026-09-15","0","0","0","0","1","0",,"house",,"200","0","Κωδικός ακινήτου: 2-1601 - Μαρούσι Άγιος Θωμάς  ΕΝΟΙΚΙΑΖΕΤΑΙ   ανακαινισμένο  διαμέρισμα  στον 2 ο όροφο συνολικής επιφάνειας 152.00 τ.μ.  . Αποτελείται από 3 υπνοδωμάτια, σαλόνι, κουζίνα, 2 μπάνια και WC. Είναι κατασκευασμένο το 2004 με ενεργειακή κλάση Β και ανακαινίστηκε το 2026. Διαθέτει θέρμανση αυτόνομη - φυσικού αερίου, θέα σε ανοιχτό ορίζοντα, κουφώματα αλουμινίου, ξύλινα πατώματα, πόρτα ασφαλείας, εντοιχιζόμενες ντουλάπες, ανελκυστήρα, πάρκινγκ, αποθήκη , κήπο, τζάκι, A/C, συναγερμό, διπλά τζάμια, θυροτηλεόραση, νυχτερινό ρεύμα, ανοιχτωσιά      - Τιμή: 2.500 €  <br><br>Το διαμέρισμα βρίσκεται πλησίον  ΗΣΑΠ Νερατζιωτίσσης-ΟΑΚΑ- Προαστιακό-Δαχτυλίδι Κηφισίας.<br>Ανακαινίζονται τώρα τα μπάνια. <br><br />
Για περισσότερα ακίνητα επισκεφτείτε το site μας.<br />
<br />
www.krimpa.gr<br />
<br />
ΜΕΣΙΤΙΚΟ Α.ΚΡΙΜΠΑ<br />
ΤΗΛ.6977244863<br />
210-8051912",,,,"1","4","0","1","2026-07-27","7","2","0","no","yes","1","Αθήνα - Βόρεια Προάστια (Αττική)","Μαρούσι (Αθήνα - Βόρεια Προάστια)","1","105103","101","2111","1170123","Double","1","2","0","0","1","1220496040","https://m1.spitogatos.gr/363374103_1600x1200.jpg?v=20130730","https://m1.spitogatos.gr/363374106_1600x1200.jpg?v=20130730","https://m1.spitogatos.gr/363374109_1600x1200.jpg?v=20130730","https://m2.spitogatos.gr/363374113_1600x1200.jpg?v=20130730","https://m3.spitogatos.gr/363374120_1600x1200.jpg?v=20130730","https://m1.spitogatos.gr/363374124_1600x1200.jpg?v=20130730","https://m1.spitogatos.gr/363374127_1600x1200.jpg?v=20130730","https://m1.spitogatos.gr/363374130_1600x1200.jpg?v=20130730","https://m1.spitogatos.gr/363374136_1600x1200.jpg?v=20130730","https://m2.spitogatos.gr/363374140_1600x1200.jpg?v=20130730",,,,,,,,,,,,,,,,"0","0","2","1","38.04187","1","1","23.792147",,"1",,,"2026-07-28","0","0",,"1","1","2",,"1","0","0","1","0","0","0","2500",,,"0","0","0","0","16.45",,,"1","3","6","1","1","2026","0","7","3","0","1",,"0","152","1",,,"0","1","0","2026-07-27","https://www.spitogatos.gr/en/property/1220496040",,"1","0","2004",,"residential"
"0","1",,"vip","13","ΚΙΚΗ","6161","ΝΑΝΟΥΡΗ","","0","0","0","0","2026-06-15","0","0","0","1","0","0",,"house","0","0","0","Μαρούσι Πολύδροσο:Εξαιρετικό Διαμέρισμα Προς Ενοικίαση, 1ου, όρόφου,120 τ.μ.<br><br />
 Αποτελείται από: 3 Υ/Δ, 1 μπάνιο, 1 κουζίνα, 1 σαλόνι. Έχει κατασκευαστεί το 2000. Η θέρμανση του ακινήτου είναι Αυτόνομη με Πετρέλαιο, ενώ επίσης διατίθεται Κλιματισμό, έχει κουφώματα Αλουμινίου με Διπλά τζάμια, ενεργειακό πιστοποιητικό: Γ και τα δάπεδα είναι: Πλακάκια, Ξύλο.<br><br />
 Η κατάστασή του είναι: Ανακαινισμένο, Πολύ καλή. Το ακίνητο είναι Προσόψεως, Φωτεινό, , Διαμπερές και επίσης διαθέτει τα παρακάτω χαρακτηριστικά και πλεονεκτήματα: Τέντες, Ασανσέρ, Πόρτα Ασφαλείας, Ησυχη γειτονιά. <br><br />
 Τιμή 1.500€ | Κωδικός Ακινήτου: #6627<br>",,,"0","0","6","0","0","2026-06-15","6",,"0","no","no","0","Αθήνα - Βόρεια Προάστια (Αττική)","Μαρούσι (Αθήνα - Βόρεια Προάστια)","1","105103","101","2111",,"Single","1","1","0","0","1","1220123159","https://m2.spitogatos.gr/357276124_1600x1200.jpg?v=20130730","https://m3.spitogatos.gr/357276134_1600x1200.jpg?v=20130730","https://m2.spitogatos.gr/357276142_1600x1200.jpg?v=20130730","https://m2.spitogatos.gr/357276151_1600x1200.jpg?v=20130730","https://m1.spitogatos.gr/357276162_1600x1200.jpg?v=20130730","https://m1.spitogatos.gr/357276168_1600x1200.jpg?v=20130730","https://m1.spitogatos.gr/357276180_1600x1200.jpg?v=20130730",,,,,,,,,,,,,,,,,,,"0","0",,"0",,"1","0",,,"0","0","0","2026-07-28","0","0",,"0","0","1","3","0","0","0",,"0","0","0","1500",,,"0","0","0","0","12.5",,,"1","3","6","1","0",,"0",,"3","0","0",,"0","120","0",,,"0","1","0","2026-06-15","https://www.spitogatos.gr/en/property/1220123159",,"1",,"2000",,
"1","4",,"vip","4",,,,,,,,"0","2026-07-22","0","1","1","0","1",,,"house",,,,"Εξαιρετικό διαμέρισμα σε ήσυχη περιοχή κοντά σε σχολεία, αγορά και συγκοινωνίες, με πολύ εύκολη πρόσβαση στην Λεωφόρο Κηφισίας, στο Δαχτυλίδι Αμαρουσίου και στην Αττική Οδό. Αποτελείται από  1 φωτεινότατο σαλόνι με παρκέ, ξεχωριστή άνετη κουζίνα με εντοιχισμένο φούρνο και πλυντήριο πιάτων, 2 ευρύχωρα υπνοδωμάτια και 1 μπάνιο. Διαθέτει κουφώματα αλουμινίου με διπλά τζάμια, μεγάλες βεράντες με ηλεκτρικές τέντες και εξαιρετική θέα, 1 θέση υπογείου πάρκινγκ και 2 αποθήκες. Τηλ επικοινωνίας 6946879906",,,,"1","4",,"0","2026-07-22","9","2",,,"yes",,"Αθήνα - Βόρεια Προάστια (Αττική)","Μαρούσι (Αθήνα - Βόρεια Προάστια)","1","105103","101","2111","106349",,"1","2",,,"1","1220439496","https://m1.spitogatos.gr/362683692_1600x1200.jpg?v=20130730","https://m2.spitogatos.gr/362683693_1600x1200.jpg?v=20130730","https://m3.spitogatos.gr/362683694_1600x1200.jpg?v=20130730","https://m1.spitogatos.gr/362683695_1600x1200.jpg?v=20130730","https://m1.spitogatos.gr/362685078_1600x1200.jpg?v=20130730","https://m1.spitogatos.gr/362683698_1600x1200.jpg?v=20130730","https://m3.spitogatos.gr/362685062_1600x1200.jpg?v=20130730","https://m3.spitogatos.gr/362683700_1600x1200.jpg?v=20130730","https://m1.spitogatos.gr/362685084_1600x1200.jpg?v=20130730","https://m3.spitogatos.gr/362685080_1600x1200.jpg?v=20130730","https://m2.spitogatos.gr/362683702_1600x1200.jpg?v=20130730","https://m3.spitogatos.gr/362683703_1600x1200.jpg?v=20130730","https://m3.spitogatos.gr/362683706_1600x1200.jpg?v=20130730","https://m1.spitogatos.gr/362683707_1600x1200.jpg?v=20130730","https://m3.spitogatos.gr/362683709_1600x1200.jpg?v=20130730",,,,,,,,,,,,,"2","1","38.05302","1","1","23.81255",,,,,"2026-07-29","0",,,"1","0","1",,"1","1",,,,,,"1050",,,"0","0","0","0","12.21",,,"1","3",,"1",,,,,"2",,"1",,"1","86","1",,,,"1",,"2026-07-22","https://www.spitogatos.gr/en/property/1220439496",,"1",,"2002",,
"1","1",,"vip","4",,,,,"0","0","0","0","2026-07-31","0","0","1","0","0",,,"house",,,"1","Ανακάλυψε τα καλύτερα σημεία του Χαλανδρίου , με αυτό το εκλεπτυσμένο διαμέρισμα τριών υπνοδωματίων της Blueground. Προσφέρει μια πλήρως εξοπλισμένη κουζίνα, ένα άνετο καθιστικό. Επίσης, καθ’όλη τη διάρκεια της διαμονής σου θα έχεις τη δυνατότητα να επικοινωνήσεις εύκολα και άμεσα με την ομάδα υποστήριξης πελατών και να βρεις χρήσιμες πληροφορίες τόσο για το διαμέρισμά σου όσο και για τη γειτονιά μέσω της ειδικής mobile εφαρμογής.<br><br />
<br />
Η διαφημιζόμενη τιμή των €1,450/μήνα είναι η τιμή για 1 έτος, με ημερομηνία έναρξης Ιουλίου 30, 2026.<br />
<br>Οι τιμές διαφέρουν ανάλογα με τη διάρκεια παραμονής, την εποχικότητα και άλλους παράγοντες. Επισκεφθείτε τον ιστότοπό μας και εισάγετε τις ημερομηνίες διαμονής σας για να δείτε ενημερωμένες τιμές για την κράτησή σας. Η τιμή ισχύει μόνο με προκαταβολή· ενδέχεται να είναι υψηλότερη εάν πληρωθεί σε δόσεις.<br />
<br />
<b>Κλείστε αυτό το διαμέρισμα online!</b><br />
<br />
https://www.theblueground.com/p/furnished-apartments/ath-1296?utm_source=classified-4<br />
<br />
Aναβαθμίστε τη διαμονή σας με ένα πλήρως επιπλωμένο διαμέρισμα από τη Blueground:<br />
      – Επιπλωμένα σπίτια σε τιμές αντίστοιχες με τα ανεπίπλωτα<br />
      – Χωρίς κόστη εγκατάστασης ή αγοράς επίπλων - εξοικονομήστε χρόνο και χρήματα<br />
      – Έτοιμα για άμεση μετακόμιση - το μόνο που χρειάζεστε είναι η βαλίτσα σας<br />
<br />
<b>Ο χώρος</b><br><br />
Έπιπλα μοναδικού design, πλήρως εξοπλισμένη κουζίνα, smart TV ή/και ασύρματα ηχεία τελευταίας τεχνολογίας, είναι λίγες μόνο από τις ανέσεις που σου προσφέρει αυτό το διαμέρισμα τριών υπνοδωματίων της Blueground. Θα το αγαπήσεις όμως και για τη μοναδική του τοποθεσία, καθώς βρίσκεται σε ένα από τα πιο κεντρικά σημεία του Χαλανδρίου.<br />
<br />
<b>Διαρρύθμιση δωματίων ύπνου</b><br />
    <br />
        Μονό κρεβάτι: 90 εκ.<br />
<br />
        Υπέρδιπλο κρεβάτι: 160 εκ.<br />
<br />
        Διπλό κρεβάτι: 140 εκ.<br />
<br />
<b>Παροχές κτιρίου</b><br />
<br />
      Ασανσέρ<br />
      Πλυντήριο<br />
      Θέση στάθμευσης<br />
<br />
<br />
<b>Άφιξη και συνεχής υποστήριξη πελατών</b><br><br />
Κατά τη διάρκεια της διαμονής σου, η ομάδα μας θα είναι διαθέσιμη για να σε βοηθήσει με οτιδήποτε χρειαστείς. Μέσω της ειδικής mobile εφαρμογής της Blueground έχεις συνεχή υποστήριξη, ενώ μπορείς ακόμη να προγραμματίσεις υπηρεσίες καθαρισμού, συντήρησης ή επισκευής, με το πάτημα ενός κουμπιού.<br />
<br />
<b>Ιδανική τοποθεσία</b><br />
<br />
Το Χαλάνδρι είναι μια ζωντανή γειτονιά, που βρίσκεται στα βόρεια προάστια, μόλις 10 χιλιόμετρα από το κέντρο της Αθήνας. Το Χαλάνδρι είναι γνωστό για τις εμπορικές του συνοικίες και τη ζωντανή σκηνή των μπαρ. Η περιοχή φιλοξενεί πολλές μεγάλες πολυεθνικές εταιρείες, οργανισμούς και πρεσβείες. Εξυπηρετείται από τους σταθμούς του μετρό Χαλάνδρι & Αγία Παρασκευή, καθώς και από συνδέσεις με λεωφορεία, ενώ έχει εύκολη πρόσβαση στην Αττική Οδό.",,"1",,"1","6","0","0","2026-04-09","6",,"0","yes","yes","1","Αθήνα - Βόρεια Προάστια (Αττική)","Χαλάνδρι (Αθήνα - Βόρεια Προάστια)","1","105103","101","2122",,,"1","2","0","0","1","1219687768","https://m3.spitogatos.gr/359907551_1600x1200.jpg?v=20130730","https://m1.spitogatos.gr/359907570_1600x1200.jpg?v=20130730","https://m3.spitogatos.gr/359907587_1600x1200.jpg?v=20130730","https://m2.spitogatos.gr/359907598_1600x1200.jpg?v=20130730","https://m2.spitogatos.gr/359907616_1600x1200.jpg?v=20130730","https://m2.spitogatos.gr/359907631_1600x1200.jpg?v=20130730","https://m3.spitogatos.gr/359907647_1600x1200.jpg?v=20130730","https://m1.spitogatos.gr/359907663_1600x1200.jpg?v=20130730","https://m2.spitogatos.gr/359907682_1600x1200.jpg?v=20130730","https://m3.spitogatos.gr/359907698_1600x1200.jpg?v=20130730","https://m2.spitogatos.gr/359907715_1600x1200.jpg?v=20130730","https://m3.spitogatos.gr/359907731_1600x1200.jpg?v=20130730","https://m3.spitogatos.gr/359907749_1600x1200.jpg?v=20130730","https://m2.spitogatos.gr/359907766_1600x1200.jpg?v=20130730","https://m3.spitogatos.gr/359907785_1600x1200.jpg?v=20130730","https://m1.spitogatos.gr/359907801_1600x1200.jpg?v=20130730","https://m1.spitogatos.gr/359907822_1600x1200.jpg?v=20130730","https://m3.spitogatos.gr/359907842_1600x1200.jpg?v=20130730","https://m1.spitogatos.gr/359907858_1600x1200.jpg?v=20130730","https://m1.spitogatos.gr/359907876_1600x1200.jpg?v=20130730","https://m2.spitogatos.gr/359907889_1600x1200.jpg?v=20130730","https://m3.spitogatos.gr/359907899_1600x1200.jpg?v=20130730","https://m1.spitogatos.gr/359907912_1600x1200.jpg?v=20130730","https://m1.spitogatos.gr/359907924_1600x1200.jpg?v=20130730","https://m3.spitogatos.gr/359907935_1600x1200.jpg?v=20130730","0","0",,"0","38.025013","1","0","23.82493",,"0",,,"2026-07-29","0","0",,"0","1","1",,"1","0","1",,"0","0","0","1450",,,"0","0","0","0","13.18",,,"1","3",,"1","1",,,,"3","0","1",,,"110","1",,"Theodosiou 15","1","1","0","2026-04-09","https://www.spitogatos.gr/en/property/1219687768","https://nodalview.com/s/1nhRVt3kj1nxsf6hl96h23","0",,"1999",,
"1","Ground Floor",,"vip","4",,,,,,,,"0","2026-07-20","0",,"1","0","1",,,"house",,,,"Ενοικιάζεται όμορφο ανακαινισμένο διαμέρισμα κοντα στον ΗΣΑΠ Αμαρουσίου, σε σχολεία και αγορά. Αποτελείται από 1 άνετο σαλονι, ξεχωριστή ανακαινισμένη κουζίνα, 2 ευάερα υπνοδωμάτια και 1 ανακαινισμένο μπάνιο. Διαθέτει κουφώματα αλουμινίου με διπλά τζαμια, μπαλκονι και εσωτερική αυλή. Η θέρμανση με 3 κλιματιστικά. Δεκτά τα μικρά κατοικίδια. Τηλ 6947489984",,,,,"6","1",,"2026-07-20","3",,,,"no","1","Αθήνα - Βόρεια Προάστια (Αττική)","Μαρούσι (Αθήνα - Βόρεια Προάστια)","1","105103","101","2111","106298",,,,,,"1","1220426252","https://m1.spitogatos.gr/362472906_1600x1200.jpg?v=20130730","https://m1.spitogatos.gr/362472909_1600x1200.jpg?v=20130730","https://m3.spitogatos.gr/362472911_1600x1200.jpg?v=20130730","https://m2.spitogatos.gr/362472916_1600x1200.jpg?v=20130730","https://m1.spitogatos.gr/362472918_1600x1200.jpg?v=20130730","https://m2.spitogatos.gr/362472919_1600x1200.jpg?v=20130730","https://m2.spitogatos.gr/362472922_1600x1200.jpg?v=20130730","https://m1.spitogatos.gr/362472924_1600x1200.jpg?v=20130730","https://m3.spitogatos.gr/362472926_1600x1200.jpg?v=20130730","https://m3.spitogatos.gr/362472929_1600x1200.jpg?v=20130730",,,,,,,,,,,,,,,,,,"2","1","38.051861","1","1","23.79896",,,,,"2026-07-29","0",,,,"0","1",,,,,"1",,,,"720",,,"0","0","0","0","7.91",,,"1","3",,"1","1",,,,"2",,"1",,,"91",,,,,"1",,"2026-07-20","https://www.spitogatos.gr/en/property/1220426252",,,,,,
"1","1",,"vip","4",,,,,"0","0","0","0","2026-07-31","0","0","1","0","0",,,"house",,,"1","Ξεκίνα να ζεις από την πρώτη μέρα, σε αυτό το μοντέρνα επιπλωμένο διαμέρισμα δύο υπνοδωματίων της Blueground στο κέντρο του Αμαρουσίου. Πλήρως εξοπλισμένο με έπιπλα μοναδικού design, ηλεκτρικές συσκευές τελευταίας τεχνολογίας.<br><br />
<br />
Η διαφημιζόμενη τιμή των €1,310/μήνα είναι η τιμή για 1 έτος, με ημερομηνία έναρξης Ιουλίου 30, 2026.<br />
<br>Οι τιμές διαφέρουν ανάλογα με τη διάρκεια παραμονής, την εποχικότητα και άλλους παράγοντες. Επισκεφθείτε τον ιστότοπό μας και εισάγετε τις ημερομηνίες διαμονής σας για να δείτε ενημερωμένες τιμές για την κράτησή σας. Η τιμή ισχύει μόνο με προκαταβολή· ενδέχεται να είναι υψηλότερη εάν πληρωθεί σε δόσεις.<br />
<br />
<b>Κλείστε αυτό το διαμέρισμα online!</b><br />
<br />
https://www.theblueground.com/p/furnished-apartments/ath-30?utm_source=classified-4<br />
<br />
Aναβαθμίστε τη διαμονή σας με ένα πλήρως επιπλωμένο διαμέρισμα από τη Blueground:<br />
      – Επιπλωμένα σπίτια σε τιμές αντίστοιχες με τα ανεπίπλωτα<br />
      – Χωρίς κόστη εγκατάστασης ή αγοράς επίπλων - εξοικονομήστε χρόνο και χρήματα<br />
      – Έτοιμα για άμεση μετακόμιση - το μόνο που χρειάζεστε είναι η βαλίτσα σας<br />
<br />
<b>Ο χώρος</b><br><br />
Σε αυτό το υπέροχο Blueground διαμέρισμα δύο υπνοδωματίων, θα βρεις ένα χώρο προσεκτικά σχεδιασμένο και πλήρως εξοπλισμένο με έπιπλα μοναδικού design και ηλεκτρικές συσκευές τελευταίας τεχνολογίας.<br />
Νιώσε όμορφα και χαλαρά στο νέο σου σπίτι κάθε στιγμή. Και όταν θα θες να διασκεδάσεις, μπορείς να βγεις και να αφεθείς στον παλμό του Αμαρουσίου ή να φέρεις τη διασκέδαση σπίτι, με τα ασύρματα ηχεία ή τη smart TV.<br />
<br />
<b>Διαρρύθμιση δωματίων ύπνου</b><br />
    <br />
        Υπέρδιπλο κρεβάτι: 160 εκ.<br />
<br />
        Διπλό κρεβάτι: 140 εκ.<br />
<br />
<b>Παροχές κτιρίου</b><br />
<br />
      Ασανσέρ<br />
      Πλυντήριο<br />
      Θέση στάθμευσης<br />
<br />
<br />
<b>Άφιξη και συνεχής υποστήριξη πελατών</b><br><br />
Κατά τη διάρκεια της διαμονής σου, η ομάδα μας θα είναι διαθέσιμη για να σε βοηθήσει με οτιδήποτε χρειαστείς. Μέσω της ειδικής mobile εφαρμογής της Blueground έχεις συνεχή υποστήριξη, ενώ μπορείς ακόμη να προγραμματίσεις υπηρεσίες καθαρισμού, συντήρησης ή επισκευής, με το πάτημα ενός κουμπιού.<br />
<br />
<b>Ιδανική τοποθεσία</b><br />
<br />
Το Μαρούσι είναι μια καταπράσινη γειτονιά που βρίσκεται στα βόρεια προάστια, 14 χιλιόμετρα από το κέντρο της Αθήνας. Ως ένα από τα σημαντικότερα επιχειρηματικά κέντρα της πόλης, φιλοξενεί πολλές μεγάλες πολυεθνικές εταιρείες και οργανισμούς. Στη γειτονιά βρίσκεται επίσης το μεγαλύτερο δάσος της αστικής Αθήνας, η Δάσος Συγγρού, το Ολυμπιακό Αθλητικό Συγκρότημα της Αθήνας από τους Θερινούς Ολυμπιακούς Αγώνες του 2004. Το Mall Athens, ένα από τα μεγαλύτερα εμπορικά κέντρα της νοτιοανατολικής Ευρώπης, και το εμπορικό κέντρο Golden Hall αποτελούν επίσης το σπίτι του Αμαρουσίου. Η περιοχή εξυπηρετείται από τους σιδηροδρομικούς σταθμούς Μαρούσι και ΚΑΤ και από ένα δίκτυο λεωφορειακών γραμμών.",,"0",,"1","5","0","0","2026-04-21","6",,"0","yes","yes","0","Αθήνα - Βόρεια Προάστια (Αττική)","Μαρούσι (Αθήνα - Βόρεια Προάστια)","1","105103","101","2111",,,"1","2","0","0","1","1219748326","https://m2.spitogatos.gr/362278993_1600x1200.jpg?v=20130730","https://m2.spitogatos.gr/362279005_1600x1200.jpg?v=20130730","https://m3.spitogatos.gr/362279027_1600x1200.jpg?v=20130730","https://m3.spitogatos.gr/362279039_1600x1200.jpg?v=20130730","https://m2.spitogatos.gr/362279044_1600x1200.jpg?v=20130730","https://m1.spitogatos.gr/362279049_1600x1200.jpg?v=20130730","https://m2.spitogatos.gr/362279071_1600x1200.jpg?v=20130730","https://m1.spitogatos.gr/362279091_1600x1200.jpg?v=20130730","https://m1.spitogatos.gr/362279097_1600x1200.jpg?v=20130730","https://m1.spitogatos.gr/362279118_1600x1200.jpg?v=20130730","https://m3.spitogatos.gr/362279123_1600x1200.jpg?v=20130730","https://m1.spitogatos.gr/362279142_1600x1200.jpg?v=20130730","https://m1.spitogatos.gr/362279166_1600x1200.jpg?v=20130730","https://m3.spitogatos.gr/362279174_1600x1200.jpg?v=20130730","https://m3.spitogatos.gr/362279177_1600x1200.jpg?v=20130730","https://m3.spitogatos.gr/362279192_1600x1200.jpg?v=20130730","https://m2.spitogatos.gr/362279218_1600x1200.jpg?v=20130730","https://m1.spitogatos.gr/362279223_1600x1200.jpg?v=20130730","https://m2.spitogatos.gr/362279233_1600x1200.jpg?v=20130730","https://m2.spitogatos.gr/362279257_1600x1200.jpg?v=20130730","https://m2.spitogatos.gr/362279269_1600x1200.jpg?v=20130730","https://m2.spitogatos.gr/362279272_1600x1200.jpg?v=20130730","https://m3.spitogatos.gr/362279297_1600x1200.jpg?v=20130730","https://m2.spitogatos.gr/362279308_1600x1200.jpg?v=20130730","https://m2.spitogatos.gr/362279311_1600x1200.jpg?v=20130730","0","0",,"0","38.059689","1","0","23.830374",,"0",,,"2026-07-29","0","0",,"0","0","1",,"1","0","0",,"0","0","0","1310",,,"0","0","0","0","17.47",,,"1","3",,"1","0",,,,"2","0","0",,,"75","1",,"Petras 11","1","1","0","2026-04-21","https://www.spitogatos.gr/en/property/1219748326",,"0",,"2010",,
"1","3",,"vip","4",,,,,"0","0","0","0","2026-07-31","0","0","1","0","0",,,"house",,,"1","Νιώσε σαν στο σπίτι σου, όπου και αν επιλέξεις να μείνεις με την Blueground. Θα λατρέψεις αυτό το σύγχρονα επιπλωμένο διαμέρισμα τριών υπνοδωματίων, για τη διακόσμησή του, την πλήρως εξοπλισμένη κουζίνα και το άνετο καθιστικό του. Βρίσκεται σε ιδανική τοποθεσία, κοντά σε όλα όσα έχει να σου προσφέρει το Χαλάνδρι!<br><br />
<br />
Η διαφημιζόμενη τιμή των €1,780/μήνα είναι η τιμή για 1 έτος, με ημερομηνία έναρξης Ιουλίου 30, 2026.<br />
<br>Οι τιμές διαφέρουν ανάλογα με τη διάρκεια παραμονής, την εποχικότητα και άλλους παράγοντες. Επισκεφθείτε τον ιστότοπό μας και εισάγετε τις ημερομηνίες διαμονής σας για να δείτε ενημερωμένες τιμές για την κράτησή σας. Η τιμή ισχύει μόνο με προκαταβολή· ενδέχεται να είναι υψηλότερη εάν πληρωθεί σε δόσεις.<br />
<br />
<b>Κλείστε αυτό το διαμέρισμα online!</b><br />
<br />
https://www.theblueground.com/p/furnished-apartments/ath-1228?utm_source=classified-4<br />
<br />
Aναβαθμίστε τη διαμονή σας με ένα πλήρως επιπλωμένο διαμέρισμα από τη Blueground:<br />
      – Επιπλωμένα σπίτια σε τιμές αντίστοιχες με τα ανεπίπλωτα<br />
      – Χωρίς κόστη εγκατάστασης ή αγοράς επίπλων - εξοικονομήστε χρόνο και χρήματα<br />
      – Έτοιμα για άμεση μετακόμιση - το μόνο που χρειάζεστε είναι η βαλίτσα σας<br />
<br />
<b>Ο χώρος</b><br><br />
Σε αυτό το κομψό Blueground διαμέρισμα τριών υπνοδωματίων, θα βρεις ένα χώρο προσεκτικά σχεδιασμένο και πλήρως εξοπλισμένο με έπιπλα μοναδικού design και ηλεκτρικές συσκευές τελευταίας τεχνολογίας.<br />
Νιώσε όμορφα και χαλαρά στο νέο σου σπίτι κάθε στιγμή. Και όταν θα θες να διασκεδάσεις, μπορείς να βγεις και να αφεθείς στον παλμό του Χαλανδρίου ή να φέρεις τη διασκέδαση σπίτι, με τα ασύρματα ηχεία ή τη smart TV.<br />
<br />
<b>Διαρρύθμιση δωματίων ύπνου</b><br />
    <br />
        Υπέρδιπλο κρεβάτι: 160 εκ.<br />
<br />
        Διπλό κρεβάτι: 140 εκ.<br />
<br />
<b>Παροχές κτιρίου</b><br />
<br />
      Ασανσέρ<br />
      Πλυντήριο<br />
      Θέση στάθμευσης<br />
      Επιτρέπονται κατοικίδια<br />
<br />
<br />
<b>Άφιξη και συνεχής υποστήριξη πελατών</b><br><br />
Κατά τη διάρκεια της διαμονής σου, η ομάδα μας θα είναι διαθέσιμη για να σε βοηθήσει με οτιδήποτε χρειαστείς. Μέσω της ειδικής mobile εφαρμογής της Blueground έχεις συνεχή υποστήριξη, ενώ μπορείς ακόμη να προγραμματίσεις υπηρεσίες καθαρισμού, συντήρησης ή επισκευής, με το πάτημα ενός κουμπιού.<br />
<br />
<b>Ιδανική τοποθεσία</b><br />
<br />
Το Χαλάνδρι είναι μια ζωντανή γειτονιά, που βρίσκεται στα βόρεια προάστια, μόλις 10 χιλιόμετρα από το κέντρο της Αθήνας. Το Χαλάνδρι είναι γνωστό για τις εμπορικές του συνοικίες και τη ζωντανή σκηνή των μπαρ. Η περιοχή φιλοξενεί πολλές μεγάλες πολυεθνικές εταιρείες, οργανισμούς και πρεσβείες. Εξυπηρετείται από τους σταθμούς του μετρό Χαλάνδρι & Αγία Παρασκευή, καθώς και από συνδέσεις με λεωφορεία, ενώ έχει εύκολη πρόσβαση στην Αττική Οδό.",,"1",,"1","5","0","1","2026-05-27","8",,"0","yes","yes","1","Αθήνα - Βόρεια Προάστια (Αττική)","Χαλάνδρι (Αθήνα - Βόρεια Προάστια)","1","105103","101","2122",,,"1","2","0","0","1","1219956563","https://m2.spitogatos.gr/359907022_1600x1200.jpg?v=20130730","https://m3.spitogatos.gr/359907038_1600x1200.jpg?v=20130730","https://m3.spitogatos.gr/359907053_1600x1200.jpg?v=20130730","https://m3.spitogatos.gr/359907068_1600x1200.jpg?v=20130730","https://m2.spitogatos.gr/359907082_1600x1200.jpg?v=20130730","https://m2.spitogatos.gr/359907103_1600x1200.jpg?v=20130730","https://m2.spitogatos.gr/359907121_1600x1200.jpg?v=20130730","https://m3.spitogatos.gr/359907140_1600x1200.jpg?v=20130730","https://m1.spitogatos.gr/359907162_1600x1200.jpg?v=20130730","https://m3.spitogatos.gr/359907176_1600x1200.jpg?v=20130730","https://m2.spitogatos.gr/359907202_1600x1200.jpg?v=20130730","https://m1.spitogatos.gr/359907225_1600x1200.jpg?v=20130730","https://m2.spitogatos.gr/359907247_1600x1200.jpg?v=20130730","https://m1.spitogatos.gr/359907267_1600x1200.jpg?v=20130730","https://m1.spitogatos.gr/359907285_1600x1200.jpg?v=20130730","https://m3.spitogatos.gr/359907305_1600x1200.jpg?v=20130730","https://m3.spitogatos.gr/359907326_1600x1200.jpg?v=20130730","https://m3.spitogatos.gr/359907347_1600x1200.jpg?v=20130730","https://m1.spitogatos.gr/359907369_1600x1200.jpg?v=20130730","https://m3.spitogatos.gr/359907389_1600x1200.jpg?v=20130730","https://m1.spitogatos.gr/359907411_1600x1200.jpg?v=20130730","https://m2.spitogatos.gr/359907430_1600x1200.jpg?v=20130730","https://m1.spitogatos.gr/359907447_1600x1200.jpg?v=20130730","https://m2.spitogatos.gr/359907463_1600x1200.jpg?v=20130730","https://m1.spitogatos.gr/359907483_1600x1200.jpg?v=20130730","0","0",,"0","38.024769","1","0","23.826845",,"0",,,"2026-07-29","0","0",,"0","0","2",,"1","0","1","1","0","0","0","1780",,,"0","0","0","0","13.91",,,"1","3",,"1","1",,,,"3","0","1",,,"128","1",,"Vrilission 4","1","1","0","2026-05-27","https://www.spitogatos.gr/en/property/1219956563",,"0",,"2007",,
"1","Ground Floor","no","vip","4",,,,,"1","1","1","0","2026-07-17","0","0","0","0","1","0",,"house",,,"0","Κωδικός ακινήτου: 1-1724 - Χαλάνδρι Πάτημα  ΕΝΟΙΚΙΑΖΕΤΑΙ    επιπλωμένη μεζονέτα  ισόγειο συνολικής επιφάνειας 320.00 τ.μ.  . Αποτελείται από 4 υπνοδωμάτια, 2 σαλόνια, 2 κουζίνες, 3 μπάνια και WC. Είναι κατασκευασμένη το 2006 με ενεργειακή κλάση Γ  και διαθέτει θέρμανση αντλία θερμότητας, θέα σε αστικό τοπίο, κουφώματα αλουμινίου, πατώματα από μάρμαρο και ξύλο, πόρτα ασφαλείας, εντοιχιζόμενες ντουλάπες, ανελκυστήρα, αποθήκη 10 τ.μ., κήπο, τζάκι, πισίνα, A/C, θέρμανση ανα επίπεδο, συναγερμό, ηλεκτρικές συσκευές, διπλά τζάμια, ηλιακό θερμοσίφωνα, σκαλιά εισόδου, σοφίτα, playroom, laundry room, ανοιχτωσιά, εσωτερική σκάλα     απόσταση από μετρό 1800 μέτρα - Τιμή: 4.300 €  <br>Χαλάνδρι-Πάτημα, ενοικιάζεται <strong>πολυτελής ανεξάρτητη διαμπερής μεζονέτα 320τμ</strong>, με 2 σαλόνια, 4 υ/δ, 3 μπάνια & wc, χώρο γραφείου, κελλάρι, κήπο, πισίνα, πάρκινγκ και εσωτερικό ασανσέρ. <br>Πρόκειται για μια κατοικία μια <strong>ιδιαίτερη αρχιτεκτονική και αισθητική. </strong> Αναλυτικά: <strong><br>Στο υπερυψωμένο ισόγειο: </strong>σαλόνι με τζάκι, τραπεζαρία με θέα στην πισίνα, μικρό καθιστικό- tv corner, κουζινάκι - μπαρ. Στην μπροστινή πλευρά υπάρχει βεράντα- κήπος και αυλή με πισίνα στην πίσω πλευρά.<br><strong>Στον 1ο όροφο:</strong> 3 άνετα υπνοδωμάτια (1 master bedroom με δικό του μπάνιο) και ακόμη ένα μπάνιο.<br><strong>Στον 2ο όροφο: </strong>1 μεγάλο υ/δ, 1 μπάνιο, δωμάτιο-γραφείο και laundry room με ντουλάπες.<br><strong>Στο ημιυπόγειο:</strong> Μεγάλη κουζίνα με τραπεζαρία καθημερινής χρήσης, καθιστικό με τζάκι, δωμάτιο - κελλάρι και αποθήκη 9τμ.<br>Η πρόσβαση στη μεζονέτα γίνεται είτε από την εξωτερική είσοδο, είτε από το κλειστό πάρκινγκ. Να σημειωθεί οτι τα επίπεδα επικοινωνούν με ε<strong>σωτερική σκάλα, αλλά και ασανσέρ.</strong><br>Εξαιρετικά χαρακτηριστικά κατασκευής: Δάπεδα με μάρμαρο στο σαλόνι και τις σκάλες, ξύλο στα πάνω επίπεδα (δωμάτια, γραφείο), θέρμανση με αντλία θερμότητας, κεντρικό σύστημα θέρμανσης (κανάλια) και αυτονομία σε κάθε όροφο. Διαθέτει ηλιακό θερμοσίφωνα & ταχυθερμοσίφωνα, συναγερμό, μηχανισμό  καθαρισμού της πισίνας.<br><strong>Βρίσκεται σε ήσυχο αλλά κομβικό σημείο, </strong>με εύκολη πρόσβαση σε Ηρακλείτου, Αναπαύσεως που οδηγούν σε  Βριλήσσια, Κηφισιά, κέντρο Χαλανδρίου, Αγία Παρασκευή, Γέρακα κλπ. <strong><br>Ο κόμβος Πλακεντίας (μετρό, προαστιακός, Αττική οδός)</strong> είναι σε απόσταση 1,7km. Το κέντρο της Αθήνας είναι σε απόσταση 14km, το αεροδρόμιο στα Σπάτα και το λιμάνι της Ραφήνας 22km. <br><strong>Διαθέσιμη μόνο για μακροχρόνια μίσθωση (τουλάχιστον 3ετία). Ζητούνται 2 εγγυήσεις. <br></strong>Διατίθεται και πλήρως επιπλωμένη (με ειδική συμφωνία για την τιμή) <br>|| Οι πληροφορίες και τα χαρακτηριστικά των ακινήτων έχουν καταχωριστεί βάσει των πληροφοριών και στοιχείων που προσκόμισε ο εντολέας. || Το σημείο στο χάρτη δεν ανταποκρίνεται στην πραγματική διεύθυνση του ακινήτου. || Κατά την υπόδειξη του ακινήτου είναι απαραίτητη η αστυνομική ταυτότητα ή ο Α.Φ.Μ, σύμφωνα με τον Νόμο Ν.4072/2012 - ΦΕΚ 86/Α/11-4-2012 ||  Για ψηφιακή υπογραφή εντολής υπόδειξης ακινήτου απαιτείται η αποστολή αντιγράφου ταυτότητας ή διαβατηρίου.",,,,"1","5","1","1","2026-07-19","3","6","0","yes","no","1","Αθήνα - Βόρεια Προάστια (Αττική)","Χαλάνδρι (Αθήνα - Βόρεια Προάστια)","1","105103","101","2122","329485","Double","4","13","0","0","1","1220417436","https://m3.spitogatos.gr/362335319_1600x1200.jpg?v=20130730","https://m1.spitogatos.gr/362335320_1600x1200.jpg?v=20130730","https://m3.spitogatos.gr/362335322_1600x1200.jpg?v=20130730","https://m2.spitogatos.gr/362335324_1600x1200.jpg?v=20130730","https://m1.spitogatos.gr/362335326_1600x1200.jpg?v=20130730","https://m3.spitogatos.gr/362335328_1600x1200.jpg?v=20130730","https://m1.spitogatos.gr/362335329_1600x1200.jpg?v=20130730","https://m2.spitogatos.gr/362335330_1600x1200.jpg?v=20130730","https://m3.spitogatos.gr/362335331_1600x1200.jpg?v=20130730","https://m2.spitogatos.gr/362335333_1600x1200.jpg?v=20130730","https://m3.spitogatos.gr/362335334_1600x1200.jpg?v=20130730","https://m2.spitogatos.gr/362335336_1600x1200.jpg?v=20130730","https://m1.spitogatos.gr/362335338_1600x1200.jpg?v=20130730","https://m2.spitogatos.gr/362335339_1600x1200.jpg?v=20130730","https://m1.spitogatos.gr/362335341_1600x1200.jpg?v=20130730","https://m2.spitogatos.gr/362335342_1600x1200.jpg?v=20130730","https://m1.spitogatos.gr/362335344_1600x1200.jpg?v=20130730","https://m2.spitogatos.gr/362335345_1600x1200.jpg?v=20130730","https://m3.spitogatos.gr/362335346_1600x1200.jpg?v=20130730","https://m1.spitogatos.gr/362335347_1600x1200.jpg?v=20130730","https://m2.spitogatos.gr/362335348_1600x1200.jpg?v=20130730","https://m3.spitogatos.gr/362335349_1600x1200.jpg?v=20130730","https://m1.spitogatos.gr/362335350_1600x1200.jpg?v=20130730","https://m1.spitogatos.gr/362335353_1600x1200.jpg?v=20130730",,"1","0","2","2","38.032799",,"2","23.844948",,"0",,,"2026-07-28","0","0",,"0","1","3","12","0","0","0",,"1","1","0","4300",,,"0","0","0","0","13.44",,,"1","3","6","1","0",,"0","7","4","0","1",,"1","320","1","10",,"0","3","0","2026-07-19","https://www.spitogatos.gr/en/property/1220417436",,"1","0","2006",,"residential"
"1","1",,"vip","4",,,,,"0","0","0","0","2026-09-01","0","0","1","0","0",,,"house",,,"1","Ανακάλυψε τα καλύτερα σημεία του Αμαρουσίου , με αυτό το άνετο διαμέρισμα τριών υπνοδωματίων της Blueground. Προσφέρει μια πλήρως εξοπλισμένη κουζίνα, ένα όμορφο καθιστικό. Επίσης, καθ’όλη τη διάρκεια της διαμονής σου θα έχεις τη δυνατότητα να επικοινωνήσεις εύκολα και άμεσα με την ομάδα υποστήριξης πελατών και να βρεις χρήσιμες πληροφορίες τόσο για το διαμέρισμά σου όσο και για τη γειτονιά μέσω της ειδικής mobile εφαρμογής.<br><br />
<br />
Η διαφημιζόμενη τιμή των €1,540/μήνα είναι η τιμή για 1 έτος, με ημερομηνία έναρξης Αυγούστου 31, 2026.<br />
<br>Οι τιμές διαφέρουν ανάλογα με τη διάρκεια παραμονής, την εποχικότητα και άλλους παράγοντες. Επισκεφθείτε τον ιστότοπό μας και εισάγετε τις ημερομηνίες διαμονής σας για να δείτε ενημερωμένες τιμές για την κράτησή σας. Η τιμή ισχύει μόνο με προκαταβολή· ενδέχεται να είναι υψηλότερη εάν πληρωθεί σε δόσεις.<br />
<br />
<b>Κλείστε αυτό το διαμέρισμα online!</b><br />
<br />
https://www.theblueground.com/p/furnished-apartments/ath-2020?utm_source=classified-4<br />
<br />
Aναβαθμίστε τη διαμονή σας με ένα πλήρως επιπλωμένο διαμέρισμα από τη Blueground:<br />
      – Επιπλωμένα σπίτια σε τιμές αντίστοιχες με τα ανεπίπλωτα<br />
      – Χωρίς κόστη εγκατάστασης ή αγοράς επίπλων - εξοικονομήστε χρόνο και χρήματα<br />
      – Έτοιμα για άμεση μετακόμιση - το μόνο που χρειάζεστε είναι η βαλίτσα σας<br />
<br />
<b>Ο χώρος</b><br><br />
Νιώσε σαν στο σπίτι σου σε αυτό το επιπλωμένο διαμέρισμα της Blueground με το μοναδικό design, τα μοντέρνα έπιπλα και την πλήρως εξοπλισμένη κουζίνα.<br />
Δες τις αγαπημένες σου ταινίες στη smart TV ή άκουσε δυνατά μουσική στα ασύρματα ηχεία τελευταίας τεχνολογίας. Ό,τι και να αποφασίσεις να κάνεις το μόνο σίγουρο είναι πως θα αγαπήσεις όλα όσα σου προσφέρει αυτό το εκλεπτυσμένο διαμέρισμα.<br />
<br />
<b>Διαρρύθμιση δωματίων ύπνου</b><br />
    <br />
        Μονό κρεβάτι: 90 εκ.<br />
<br />
        Υπέρδιπλο κρεβάτι: 160 εκ.<br />
<br />
        Διπλό κρεβάτι: 140 εκ.<br />
<br />
<b>Παροχές κτιρίου</b><br />
<br />
      Ασανσέρ<br />
      Πλυντήριο<br />
      Θέση στάθμευσης<br />
<br />
<br />
<b>Άφιξη και συνεχής υποστήριξη πελατών</b><br><br />
Κατά τη διάρκεια της διαμονής σου, η ομάδα μας θα είναι διαθέσιμη για να σε βοηθήσει με οτιδήποτε χρειαστείς. Μέσω της ειδικής mobile εφαρμογής της Blueground έχεις συνεχή υποστήριξη, ενώ μπορείς ακόμη να προγραμματίσεις υπηρεσίες καθαρισμού, συντήρησης ή επισκευής, με το πάτημα ενός κουμπιού.<br />
<br />
<b>Ιδανική τοποθεσία</b><br />
<br />
Το Μαρούσι είναι μια καταπράσινη γειτονιά που βρίσκεται στα βόρεια προάστια, 14 χιλιόμετρα από το κέντρο της Αθήνας. Ως ένα από τα σημαντικότερα επιχειρηματικά κέντρα της πόλης, φιλοξενεί πολλές μεγάλες πολυεθνικές εταιρείες και οργανισμούς. Στη γειτονιά βρίσκεται επίσης το μεγαλύτερο δάσος της αστικής Αθήνας, η Δάσος Συγγρού, το Ολυμπιακό Αθλητικό Συγκρότημα της Αθήνας από τους Θερινούς Ολυμπιακούς Αγώνες του 2004. Το Mall Athens, ένα από τα μεγαλύτερα εμπορικά κέντρα της νοτιοανατολικής Ευρώπης, και το εμπορικό κέντρο Golden Hall αποτελούν επίσης το σπίτι του Αμαρουσίου. Η περιοχή εξυπηρετείται από τους σιδηροδρομικούς σταθμούς Μαρούσι και ΚΑΤ και από ένα δίκτυο λεωφορειακών γραμμών.",,"1",,"1","4","0","1","2026-05-14","6",,"0","yes","yes","1","Αθήνα - Βόρεια Προάστια (Αττική)","Μαρούσι (Αθήνα - Βόρεια Προάστια)","1","105103","101","2111",,,"1","1","0","0","1","1219887572","https://m1.spitogatos.gr/359921445_1600x1200.jpg?v=20130730","https://m1.spitogatos.gr/359921481_1600x1200.jpg?v=20130730","https://m2.spitogatos.gr/359921494_1600x1200.jpg?v=20130730","https://m1.spitogatos.gr/359921532_1600x1200.jpg?v=20130730","https://m2.spitogatos.gr/359921545_1600x1200.jpg?v=20130730","https://m1.spitogatos.gr/359921559_1600x1200.jpg?v=20130730","https://m2.spitogatos.gr/359921602_1600x1200.jpg?v=20130730","https://m3.spitogatos.gr/359921618_1600x1200.jpg?v=20130730","https://m2.spitogatos.gr/359921641_1600x1200.jpg?v=20130730","https://m1.spitogatos.gr/359921664_1600x1200.jpg?v=20130730","https://m2.spitogatos.gr/359921683_1600x1200.jpg?v=20130730","https://m3.spitogatos.gr/359921693_1600x1200.jpg?v=20130730","https://m2.spitogatos.gr/359921710_1600x1200.jpg?v=20130730","https://m3.spitogatos.gr/359921744_1600x1200.jpg?v=20130730","https://m3.spitogatos.gr/359921765_1600x1200.jpg?v=20130730","https://m3.spitogatos.gr/359921807_1600x1200.jpg?v=20130730","https://m3.spitogatos.gr/359921819_1600x1200.jpg?v=20130730","https://m2.spitogatos.gr/359921833_1600x1200.jpg?v=20130730","https://m1.spitogatos.gr/359921862_1600x1200.jpg?v=20130730","https://m3.spitogatos.gr/359921891_1600x1200.jpg?v=20130730","https://m3.spitogatos.gr/359921900_1600x1200.jpg?v=20130730","https://m3.spitogatos.gr/359921921_1600x1200.jpg?v=20130730","https://m1.spitogatos.gr/359921940_1600x1200.jpg?v=20130730","https://m3.spitogatos.gr/359921951_1600x1200.jpg?v=20130730","https://m2.spitogatos.gr/359921959_1600x1200.jpg?v=20130730","0","0",,"0","38.032654","1","0","23.799784",,"0",,,"2026-07-28","0","0",,"0","1","1",,"1","0","0",,"0","0","0","1540",,,"0","0","0","0","18.12",,,"1","3",,"1","0",,,,"3","0","1",,,"85","1",,"Nikis 14","1","1","0","2026-05-14","https://www.spitogatos.gr/en/property/1219887572","https://nodalview.com/s/3uIquLQ6D6aeD1CJvaVGFk","0",,"2006",,
"1","2",,"vip","4",,,,,"0","0","0","0","2026-09-01","0","0","1","0","0",,,"house",,,"1","Ανακάλυψε τα καλύτερα σημεία του Αμαρουσίου , με αυτό το υπέροχο διαμέρισμα ενός υπνοδωματίου της Blueground. Προσφέρει μια πλήρως εξοπλισμένη κουζίνα, ένα ευρύχωρο καθιστικό. Επίσης, καθ’όλη τη διάρκεια της διαμονής σου θα έχεις τη δυνατότητα να επικοινωνήσεις εύκολα και άμεσα με την ομάδα υποστήριξης πελατών και να βρεις χρήσιμες πληροφορίες τόσο για το διαμέρισμά σου όσο και για τη γειτονιά μέσω της ειδικής mobile εφαρμογής.<br><br />
<br />
Η διαφημιζόμενη τιμή των €1,020/μήνα είναι η τιμή για 1 έτος, με ημερομηνία έναρξης Αυγούστου 31, 2026.<br />
<br>Οι τιμές διαφέρουν ανάλογα με τη διάρκεια παραμονής, την εποχικότητα και άλλους παράγοντες. Επισκεφθείτε τον ιστότοπό μας και εισάγετε τις ημερομηνίες διαμονής σας για να δείτε ενημερωμένες τιμές για την κράτησή σας. Η τιμή ισχύει μόνο με προκαταβολή· ενδέχεται να είναι υψηλότερη εάν πληρωθεί σε δόσεις.<br />
<br />
<b>Κλείστε αυτό το διαμέρισμα online!</b><br />
<br />
https://www.theblueground.com/p/furnished-apartments/ath-1656?utm_source=classified-4<br />
<br />
Aναβαθμίστε τη διαμονή σας με ένα πλήρως επιπλωμένο διαμέρισμα από τη Blueground:<br />
      – Επιπλωμένα σπίτια σε τιμές αντίστοιχες με τα ανεπίπλωτα<br />
      – Χωρίς κόστη εγκατάστασης ή αγοράς επίπλων - εξοικονομήστε χρόνο και χρήματα<br />
      – Έτοιμα για άμεση μετακόμιση - το μόνο που χρειάζεστε είναι η βαλίτσα σας<br />
<br />
<b>Ο χώρος</b><br><br />
Σε αυτό το κομψό Blueground διαμέρισμα ενός υπνοδωματίου, θα βρεις ένα χώρο προσεκτικά σχεδιασμένο και πλήρως εξοπλισμένο με έπιπλα μοναδικού design και ηλεκτρικές συσκευές τελευταίας τεχνολογίας.<br />
Νιώσε όμορφα και χαλαρά στο νέο σου σπίτι κάθε στιγμή. Και όταν θα θες να διασκεδάσεις, μπορείς να βγεις και να αφεθείς στον παλμό του Αμαρουσίου ή να φέρεις τη διασκέδαση σπίτι, με τα ασύρματα ηχεία ή τη smart TV.<br />
<br />
<b>Διαρρύθμιση δωματίων ύπνου</b><br />
    <br />
        Υπέρδιπλο κρεβάτι: 160 εκ.<br />
<br />
<b>Παροχές κτιρίου</b><br />
<br />
      Ασανσέρ<br />
      Πλυντήριο<br />
      Θέση στάθμευσης<br />
<br />
<br />
<b>Άφιξη και συνεχής υποστήριξη πελατών</b><br><br />
Κατά τη διάρκεια της διαμονής σου, η ομάδα μας θα είναι διαθέσιμη για να σε βοηθήσει με οτιδήποτε χρειαστείς. Μέσω της ειδικής mobile εφαρμογής της Blueground έχεις συνεχή υποστήριξη, ενώ μπορείς ακόμη να προγραμματίσεις υπηρεσίες καθαρισμού, συντήρησης ή επισκευής, με το πάτημα ενός κουμπιού.<br />
<br />
<b>Ιδανική τοποθεσία</b><br />
<br />
Το Μαρούσι είναι μια καταπράσινη γειτονιά που βρίσκεται στα βόρεια προάστια, 14 χιλιόμετρα από το κέντρο της Αθήνας. Ως ένα από τα σημαντικότερα επιχειρηματικά κέντρα της πόλης, φιλοξενεί πολλές μεγάλες πολυεθνικές εταιρείες και οργανισμούς. Στη γειτονιά βρίσκεται επίσης το μεγαλύτερο δάσος της αστικής Αθήνας, η Δάσος Συγγρού, το Ολυμπιακό Αθλητικό Συγκρότημα της Αθήνας από τους Θερινούς Ολυμπιακούς Αγώνες του 2004. Το Mall Athens, ένα από τα μεγαλύτερα εμπορικά κέντρα της νοτιοανατολικής Ευρώπης, και το εμπορικό κέντρο Golden Hall αποτελούν επίσης το σπίτι του Αμαρουσίου. Η περιοχή εξυπηρετείται από τους σιδηροδρομικούς σταθμούς Μαρούσι και ΚΑΤ και από ένα δίκτυο λεωφορειακών γραμμών.",,"1",,"1","7","0","0","2026-04-15","7",,"0","yes","yes","0","Αθήνα - Βόρεια Προάστια (Αττική)","Μαρούσι (Αθήνα - Βόρεια Προάστια)","1","105103","101","2111",,,"1","1","0","0","1","1219707338","https://m1.spitogatos.gr/359910891_1600x1200.jpg?v=20130730","https://m2.spitogatos.gr/359910907_1600x1200.jpg?v=20130730","https://m2.spitogatos.gr/359910922_1600x1200.jpg?v=20130730","https://m1.spitogatos.gr/359910933_1600x1200.jpg?v=20130730","https://m2.spitogatos.gr/359910946_1600x1200.jpg?v=20130730","https://m3.spitogatos.gr/359910962_1600x1200.jpg?v=20130730","https://m3.spitogatos.gr/359910977_1600x1200.jpg?v=20130730","https://m3.spitogatos.gr/359910992_1600x1200.jpg?v=20130730","https://m3.spitogatos.gr/359911007_1600x1200.jpg?v=20130730","https://m1.spitogatos.gr/359911026_1600x1200.jpg?v=20130730","https://m3.spitogatos.gr/359911043_1600x1200.jpg?v=20130730","https://m3.spitogatos.gr/359911058_1600x1200.jpg?v=20130730","https://m2.spitogatos.gr/359911078_1600x1200.jpg?v=20130730","https://m3.spitogatos.gr/359911094_1600x1200.jpg?v=20130730","https://m2.spitogatos.gr/359911114_1600x1200.jpg?v=20130730","https://m2.spitogatos.gr/359911132_1600x1200.jpg?v=20130730","https://m2.spitogatos.gr/359911153_1600x1200.jpg?v=20130730","https://m2.spitogatos.gr/359911171_1600x1200.jpg?v=20130730","https://m1.spitogatos.gr/359911185_1600x1200.jpg?v=20130730","https://m1.spitogatos.gr/359911203_1600x1200.jpg?v=20130730","https://m3.spitogatos.gr/359911220_1600x1200.jpg?v=20130730","https://m2.spitogatos.gr/359911237_1600x1200.jpg?v=20130730","https://m1.spitogatos.gr/359911254_1600x1200.jpg?v=20130730","https://m3.spitogatos.gr/359911271_1600x1200.jpg?v=20130730","https://m3.spitogatos.gr/359911286_1600x1200.jpg?v=20130730","0","0",,"0","38.057587","1","0","23.804995",,"0",,,"2026-07-28","0","0",,"0","0","1",,"1","0","1",,"0","0","0","1020",,,"0","0","0","0","18.55",,,"1","3",,"1","1",,,,"1","0","1",,,"55","0",,"Kondili 5","1","1","0","2026-04-15","https://www.spitogatos.gr/en/property/1219707338","https://nodalview.com/s/2R38Drwiz5YeWnDKC0GMVX","0",,"1980",,
"1","5",,"vip","4",,,,,"0","0","0","0","2026-08-13","0","0","1","0","0",,,"house",,,"1","Ξεκίνα να ζεις από την πρώτη μέρα, σε αυτό το σύγχρονα επιπλωμένο διαμέρισμα τριών υπνοδωματίων της Blueground στο κέντρο του Αμαρουσίου. Πλήρως εξοπλισμένο με έπιπλα μοναδικού design, ηλεκτρικές συσκευές τελευταίας τεχνολογίας.<br><br />
<br />
Η διαφημιζόμενη τιμή των €1,830/μήνα είναι η τιμή για 1 έτος, με ημερομηνία έναρξης Αυγούστου 12, 2026. Η χαμηλότερη διαθέσιμη τιμή είναι €2,120/μήνα για μίσθωση 3 μήνα(μηνών) και 25 ημέρας(ημερών) με ημερομηνία έναρξης Αυγούστου 12, 2026.<br />
<br>Οι τιμές διαφέρουν ανάλογα με τη διάρκεια παραμονής, την εποχικότητα και άλλους παράγοντες. Επισκεφθείτε τον ιστότοπό μας και εισάγετε τις ημερομηνίες διαμονής σας για να δείτε ενημερωμένες τιμές για την κράτησή σας. Η τιμή ισχύει μόνο με προκαταβολή· ενδέχεται να είναι υψηλότερη εάν πληρωθεί σε δόσεις.<br />
<br />
<b>Κλείστε αυτό το διαμέρισμα online!</b><br />
<br />
<br />
<br />
Aναβαθμίστε τη διαμονή σας με ένα πλήρως επιπλωμένο διαμέρισμα από τη Blueground:<br />
      – Επιπλωμένα σπίτια σε τιμές αντίστοιχες με τα ανεπίπλωτα<br />
      – Χωρίς κόστη εγκατάστασης ή αγοράς επίπλων - εξοικονομήστε χρόνο και χρήματα<br />
      – Έτοιμα για άμεση μετακόμιση - το μόνο που χρειάζεστε είναι η βαλίτσα σας<br />
<br />
<b>Ο χώρος</b><br><br />
Έπιπλα μοναδικού design, πλήρως εξοπλισμένη κουζίνα, smart TV ή/και ασύρματα ηχεία τελευταίας τεχνολογίας, είναι λίγες μόνο από τις ανέσεις που σου προσφέρει αυτό το διαμέρισμα τριών υπνοδωματίων της Blueground. Θα το αγαπήσεις όμως και για τη μοναδική του τοποθεσία, καθώς βρίσκεται σε ένα από τα πιο κεντρικά σημεία του Αμαρουσίου.<br />
<br />
<b>Διαρρύθμιση δωματίων ύπνου</b><br />
    <br />
        Υπέρδιπλο κρεβάτι: 160 εκ.<br />
<br />
        Διπλό κρεβάτι: 140 εκ.<br />
<br />
<b>Παροχές κτιρίου</b><br />
<br />
      Ασανσέρ<br />
      Πλυντήριο<br />
      Θέση στάθμευσης<br />
      Επιτρέπονται κατοικίδια<br />
<br />
<br />
<b>Άφιξη και συνεχής υποστήριξη πελατών</b><br><br />
Κατά τη διάρκεια της διαμονής σου, η ομάδα μας θα είναι διαθέσιμη για να σε βοηθήσει με οτιδήποτε χρειαστείς. Μέσω της ειδικής mobile εφαρμογής της Blueground έχεις συνεχή υποστήριξη, ενώ μπορείς ακόμη να προγραμματίσεις υπηρεσίες καθαρισμού, συντήρησης ή επισκευής, με το πάτημα ενός κουμπιού.<br />
<br />
<b>Ιδανική τοποθεσία</b><br />
<br />
Το Μαρούσι είναι μια καταπράσινη γειτονιά που βρίσκεται στα βόρεια προάστια, 14 χιλιόμετρα από το κέντρο της Αθήνας. Ως ένα από τα σημαντικότερα επιχειρηματικά κέντρα της πόλης, φιλοξενεί πολλές μεγάλες πολυεθνικές εταιρείες και οργανισμούς. Στη γειτονιά βρίσκεται επίσης το μεγαλύτερο δάσος της αστικής Αθήνας, η Δάσος Συγγρού, το Ολυμπιακό Αθλητικό Συγκρότημα της Αθήνας από τους Θερινούς Ολυμπιακούς Αγώνες του 2004. Το Mall Athens, ένα από τα μεγαλύτερα εμπορικά κέντρα της νοτιοανατολικής Ευρώπης, και το εμπορικό κέντρο Golden Hall αποτελούν επίσης το σπίτι του Αμαρουσίου. Η περιοχή εξυπηρετείται από τους σιδηροδρομικούς σταθμούς Μαρούσι και ΚΑΤ και από ένα δίκτυο λεωφορειακών γραμμών.",,"1",,"1","5","0","1","2026-06-04","10",,"0","yes","yes","0","Αθήνα - Βόρεια Προάστια (Αττική)","Μαρούσι (Αθήνα - Βόρεια Προάστια)","1","105103","101","2111",,,"1","1","0","0","1","1220000726","https://m2.spitogatos.gr/359903623_1600x1200.jpg?v=20130730","https://m2.spitogatos.gr/359903632_1600x1200.jpg?v=20130730","https://m3.spitogatos.gr/359903642_1600x1200.jpg?v=20130730","https://m3.spitogatos.gr/359903654_1600x1200.jpg?v=20130730","https://m2.spitogatos.gr/359903665_1600x1200.jpg?v=20130730","https://m3.spitogatos.gr/359903678_1600x1200.jpg?v=20130730","https://m3.spitogatos.gr/359903690_1600x1200.jpg?v=20130730","https://m3.spitogatos.gr/359903702_1600x1200.jpg?v=20130730","https://m3.spitogatos.gr/359903714_1600x1200.jpg?v=20130730","https://m2.spitogatos.gr/359903728_1600x1200.jpg?v=20130730","https://m1.spitogatos.gr/359903739_1600x1200.jpg?v=20130730","https://m2.spitogatos.gr/359903752_1600x1200.jpg?v=20130730","https://m1.spitogatos.gr/359903763_1600x1200.jpg?v=20130730","https://m1.spitogatos.gr/359903778_1600x1200.jpg?v=20130730","https://m3.spitogatos.gr/359903789_1600x1200.jpg?v=20130730","https://m1.spitogatos.gr/359903802_1600x1200.jpg?v=20130730","https://m3.spitogatos.gr/359903819_1600x1200.jpg?v=20130730","https://m3.spitogatos.gr/359903834_1600x1200.jpg?v=20130730","https://m2.spitogatos.gr/359903851_1600x1200.jpg?v=20130730","https://m2.spitogatos.gr/359903866_1600x1200.jpg?v=20130730","https://m3.spitogatos.gr/359903879_1600x1200.jpg?v=20130730","https://m1.spitogatos.gr/359903895_1600x1200.jpg?v=20130730","https://m2.spitogatos.gr/359903908_1600x1200.jpg?v=20130730","https://m2.spitogatos.gr/359903920_1600x1200.jpg?v=20130730","https://m3.spitogatos.gr/359903933_1600x1200.jpg?v=20130730","0","0",,"0","38.032532","1","0","23.804817",,"0",,,"2026-07-29","0","0",,"0","0","2",,"1","0","0","1","0","0","0","1830",,,"0","0","0","0","12.62",,,"1","3","6","1","0",,,,"3","0","1",,,"145","0",,"Narkissou 4","1","1","0","2026-06-04","https://www.spitogatos.gr/en/property/1220000726","https://www.nodalview.com/RbGZKEMx1e841p16LPAZLgCS","0",,"2003",,
"1","1",,"vip","4",,,,,"0","0","0","0","2026-09-01","0","0","1","0","0",,,"house",,,"1","Ξεκίνα να ζεις από την πρώτη μέρα, σε αυτό το σύγχρονα επιπλωμένο διαμέρισμα δύο υπνοδωματίων της Blueground στο κέντρο του Αμαρουσίου. Πλήρως εξοπλισμένο με έπιπλα μοναδικού design, ηλεκτρικές συσκευές τελευταίας τεχνολογίας.<br><br />
<br />
Η διαφημιζόμενη τιμή των €1,290/μήνα είναι η τιμή για 1 έτος, με ημερομηνία έναρξης Αυγούστου 31, 2026.<br />
<br>Οι τιμές διαφέρουν ανάλογα με τη διάρκεια παραμονής, την εποχικότητα και άλλους παράγοντες. Επισκεφθείτε τον ιστότοπό μας και εισάγετε τις ημερομηνίες διαμονής σας για να δείτε ενημερωμένες τιμές για την κράτησή σας. Η τιμή ισχύει μόνο με προκαταβολή· ενδέχεται να είναι υψηλότερη εάν πληρωθεί σε δόσεις.<br />
<br />
<b>Κλείστε αυτό το διαμέρισμα online!</b><br />
<br />
https://www.theblueground.com/p/furnished-apartments/ath-2136?utm_source=classified-4<br />
<br />
Aναβαθμίστε τη διαμονή σας με ένα πλήρως επιπλωμένο διαμέρισμα από τη Blueground:<br />
      – Επιπλωμένα σπίτια σε τιμές αντίστοιχες με τα ανεπίπλωτα<br />
      – Χωρίς κόστη εγκατάστασης ή αγοράς επίπλων - εξοικονομήστε χρόνο και χρήματα<br />
      – Έτοιμα για άμεση μετακόμιση - το μόνο που χρειάζεστε είναι η βαλίτσα σας<br />
<br />
<b>Ο χώρος</b><br><br />
Νιώσε σαν στο σπίτι σου σε αυτό το επιπλωμένο διαμέρισμα της Blueground με το μοναδικό design, τα μοντέρνα έπιπλα και την πλήρως εξοπλισμένη κουζίνα.<br />
Δες τις αγαπημένες σου ταινίες στη smart TV ή άκουσε δυνατά μουσική στα ασύρματα ηχεία τελευταίας τεχνολογίας. Ό,τι και να αποφασίσεις να κάνεις το μόνο σίγουρο είναι πως θα αγαπήσεις όλα όσα σου προσφέρει αυτό το όμορφο διαμέρισμα.<br />
<br />
<b>Διαρρύθμιση δωματίων ύπνου</b><br />
    <br />
        Μονό κρεβάτι: 90 εκ.<br />
<br />
        Υπέρδιπλο κρεβάτι: 160 εκ.<br />
<br />
<b>Παροχές κτιρίου</b><br />
<br />
      Ασανσέρ<br />
      Πλυντήριο<br />
      Θέση στάθμευσης<br />
<br />
<br />
<b>Άφιξη και συνεχής υποστήριξη πελατών</b><br><br />
Κατά τη διάρκεια της διαμονής σου, η ομάδα μας θα είναι διαθέσιμη για να σε βοηθήσει με οτιδήποτε χρειαστείς. Μέσω της ειδικής mobile εφαρμογής της Blueground έχεις συνεχή υποστήριξη, ενώ μπορείς ακόμη να προγραμματίσεις υπηρεσίες καθαρισμού, συντήρησης ή επισκευής, με το πάτημα ενός κουμπιού.<br />
<br />
<b>Ιδανική τοποθεσία</b><br />
<br />
Το Μαρούσι είναι μια καταπράσινη γειτονιά που βρίσκεται στα βόρεια προάστια, 14 χιλιόμετρα από το κέντρο της Αθήνας. Ως ένα από τα σημαντικότερα επιχειρηματικά κέντρα της πόλης, φιλοξενεί πολλές μεγάλες πολυεθνικές εταιρείες και οργανισμούς. Στη γειτονιά βρίσκεται επίσης το μεγαλύτερο δάσος της αστικής Αθήνας, η Δάσος Συγγρού, το Ολυμπιακό Αθλητικό Συγκρότημα της Αθήνας από τους Θερινούς Ολυμπιακούς Αγώνες του 2004. Το Mall Athens, ένα από τα μεγαλύτερα εμπορικά κέντρα της νοτιοανατολικής Ευρώπης, και το εμπορικό κέντρο Golden Hall αποτελούν επίσης το σπίτι του Αμαρουσίου. Η περιοχή εξυπηρετείται από τους σιδηροδρομικούς σταθμούς Μαρούσι και ΚΑΤ και από ένα δίκτυο λεωφορειακών γραμμών.",,"1",,"1","6","0","1","2026-05-14","6",,"0","yes","yes","0","Αθήνα - Βόρεια Προάστια (Αττική)","Μαρούσι (Αθήνα - Βόρεια Προάστια)","1","105103","101","2111",,,"1","1","0","0","1","1219888849","https://m2.spitogatos.gr/357260197_1600x1200.jpg?v=20130730","https://m1.spitogatos.gr/355819707_1600x1200.jpg?v=20130730","https://m1.spitogatos.gr/355819755_1600x1200.jpg?v=20130730","https://m3.spitogatos.gr/355819766_1600x1200.jpg?v=20130730","https://m1.spitogatos.gr/355819824_1600x1200.jpg?v=20130730","https://m1.spitogatos.gr/355819848_1600x1200.jpg?v=20130730","https://m3.spitogatos.gr/355819883_1600x1200.jpg?v=20130730","https://m1.spitogatos.gr/355819923_1600x1200.jpg?v=20130730","https://m1.spitogatos.gr/355819974_1600x1200.jpg?v=20130730","https://m2.spitogatos.gr/355820002_1600x1200.jpg?v=20130730","https://m2.spitogatos.gr/355820011_1600x1200.jpg?v=20130730","https://m1.spitogatos.gr/355820040_1600x1200.jpg?v=20130730","https://m1.spitogatos.gr/355820079_1600x1200.jpg?v=20130730","https://m2.spitogatos.gr/355820104_1600x1200.jpg?v=20130730","https://m2.spitogatos.gr/355820173_1600x1200.jpg?v=20130730","https://m2.spitogatos.gr/355820200_1600x1200.jpg?v=20130730","https://m3.spitogatos.gr/355820216_1600x1200.jpg?v=20130730","https://m1.spitogatos.gr/355820283_1600x1200.jpg?v=20130730","https://m3.spitogatos.gr/355820297_1600x1200.jpg?v=20130730","https://m3.spitogatos.gr/355820321_1600x1200.jpg?v=20130730","https://m3.spitogatos.gr/355820327_1600x1200.jpg?v=20130730","https://m1.spitogatos.gr/355820361_1600x1200.jpg?v=20130730","https://m1.spitogatos.gr/355820376_1600x1200.jpg?v=20130730","https://m3.spitogatos.gr/355820429_1600x1200.jpg?v=20130730","https://m2.spitogatos.gr/355820473_1600x1200.jpg?v=20130730","0","0",,"0","38.047523","1","0","23.799637",,"0",,,"2026-07-28","0","0",,"0","0","1",,"1","0","0",,"0","0","0","1290",,,"0","0","0","0","21.5",,,"1","3",,"1","1",,,,"2","0","1",,,"60","1",,"Eptalofou 7","1","1","0","2026-05-14","https://www.spitogatos.gr/en/property/1219888849","https://nodalview.com/s/0MEvykC3j3Igsl6Kq8PSjV","0",,"2004",,
"1","2",,"vip","4",,,,,"0","0","0","0","2026-08-21","0","0","1","0","0",,,"house",,,"1","Ανακάλυψε τα καλύτερα σημεία του Αμαρουσίου , με αυτό το άνετο διαμέρισμα δύο υπνοδωματίων της Blueground. Προσφέρει μια πλήρως εξοπλισμένη κουζίνα, ένα όμορφο καθιστικό. Επίσης, καθ’όλη τη διάρκεια της διαμονής σου θα έχεις τη δυνατότητα να επικοινωνήσεις εύκολα και άμεσα με την ομάδα υποστήριξης πελατών και να βρεις χρήσιμες πληροφορίες τόσο για το διαμέρισμά σου όσο και για τη γειτονιά μέσω της ειδικής mobile εφαρμογής.<br><br />
<br />
Η διαφημιζόμενη τιμή των €1,400/μήνα είναι η τιμή για 1 έτος, με ημερομηνία έναρξης Αυγούστου 20, 2026.<br />
<br>Οι τιμές διαφέρουν ανάλογα με τη διάρκεια παραμονής, την εποχικότητα και άλλους παράγοντες. Επισκεφθείτε τον ιστότοπό μας και εισάγετε τις ημερομηνίες διαμονής σας για να δείτε ενημερωμένες τιμές για την κράτησή σας. Η τιμή ισχύει μόνο με προκαταβολή· ενδέχεται να είναι υψηλότερη εάν πληρωθεί σε δόσεις.<br />
<br />
<b>Κλείστε αυτό το διαμέρισμα online!</b><br />
<br />
https://www.theblueground.com/p/furnished-apartments/ath-585?utm_source=classified-4<br />
<br />
Aναβαθμίστε τη διαμονή σας με ένα πλήρως επιπλωμένο διαμέρισμα από τη Blueground:<br />
      – Επιπλωμένα σπίτια σε τιμές αντίστοιχες με τα ανεπίπλωτα<br />
      – Χωρίς κόστη εγκατάστασης ή αγοράς επίπλων - εξοικονομήστε χρόνο και χρήματα<br />
      – Έτοιμα για άμεση μετακόμιση - το μόνο που χρειάζεστε είναι η βαλίτσα σας<br />
<br />
<b>Ο χώρος</b><br><br />
Έπιπλα μοναδικού design, πλήρως εξοπλισμένη κουζίνα, smart TV ή/και ασύρματα ηχεία τελευταίας τεχνολογίας, είναι λίγες μόνο από τις ανέσεις που σου προσφέρει αυτό το διαμέρισμα δύο υπνοδωματίων της Blueground. Θα το αγαπήσεις όμως και για τη μοναδική του τοποθεσία, καθώς βρίσκεται σε ένα από τα πιο κεντρικά σημεία του Αμαρουσίου.<br />
<br />
<b>Διαρρύθμιση δωματίων ύπνου</b><br />
    <br />
        Υπέρδιπλο κρεβάτι: 160 εκ.<br />
<br />
        Διπλό κρεβάτι: 140 εκ.<br />
<br />
<b>Παροχές κτιρίου</b><br />
<br />
      Ασανσέρ<br />
      Πλυντήριο<br />
      Θέση στάθμευσης<br />
      Επιτρέπονται κατοικίδια<br />
<br />
<br />
<b>Άφιξη και συνεχής υποστήριξη πελατών</b><br><br />
Κατά τη διάρκεια της διαμονής σου, η ομάδα μας θα είναι διαθέσιμη για να σε βοηθήσει με οτιδήποτε χρειαστείς. Μέσω της ειδικής mobile εφαρμογής της Blueground έχεις συνεχή υποστήριξη, ενώ μπορείς ακόμη να προγραμματίσεις υπηρεσίες καθαρισμού, συντήρησης ή επισκευής, με το πάτημα ενός κουμπιού.<br />
<br />
<b>Ιδανική τοποθεσία</b><br />
<br />
Το Μαρούσι είναι μια καταπράσινη γειτονιά που βρίσκεται στα βόρεια προάστια, 14 χιλιόμετρα από το κέντρο της Αθήνας. Ως ένα από τα σημαντικότερα επιχειρηματικά κέντρα της πόλης, φιλοξενεί πολλές μεγάλες πολυεθνικές εταιρείες και οργανισμούς. Στη γειτονιά βρίσκεται επίσης το μεγαλύτερο δάσος της αστικής Αθήνας, η Δάσος Συγγρού, το Ολυμπιακό Αθλητικό Συγκρότημα της Αθήνας από τους Θερινούς Ολυμπιακούς Αγώνες του 2004. Το Mall Athens, ένα από τα μεγαλύτερα εμπορικά κέντρα της νοτιοανατολικής Ευρώπης, και το εμπορικό κέντρο Golden Hall αποτελούν επίσης το σπίτι του Αμαρουσίου. Η περιοχή εξυπηρετείται από τους σιδηροδρομικούς σταθμούς Μαρούσι και ΚΑΤ και από ένα δίκτυο λεωφορειακών γραμμών.",,"1",,"1","6","0","1","2026-03-19","7",,"0","yes","yes","1","Αθήνα - Βόρεια Προάστια (Αττική)","Μαρούσι (Αθήνα - Βόρεια Προάστια)","1","105103","101","2111",,,"1","2","0","0","1","1219573813","https://m3.spitogatos.gr/359902856_1600x1200.jpg?v=20130730","https://m3.spitogatos.gr/359902865_1600x1200.jpg?v=20130730","https://m3.spitogatos.gr/359902877_1600x1200.jpg?v=20130730","https://m3.spitogatos.gr/359902886_1600x1200.jpg?v=20130730","https://m2.spitogatos.gr/359902897_1600x1200.jpg?v=20130730","https://m1.spitogatos.gr/359902908_1600x1200.jpg?v=20130730","https://m3.spitogatos.gr/359902919_1600x1200.jpg?v=20130730","https://m1.spitogatos.gr/359902929_1600x1200.jpg?v=20130730","https://m2.spitogatos.gr/359902939_1600x1200.jpg?v=20130730","https://m1.spitogatos.gr/359902947_1600x1200.jpg?v=20130730","https://m3.spitogatos.gr/359902955_1600x1200.jpg?v=20130730","https://m3.spitogatos.gr/359902964_1600x1200.jpg?v=20130730","https://m2.spitogatos.gr/359902972_1600x1200.jpg?v=20130730","https://m3.spitogatos.gr/359902982_1600x1200.jpg?v=20130730","https://m1.spitogatos.gr/359902989_1600x1200.jpg?v=20130730","https://m3.spitogatos.gr/359902997_1600x1200.jpg?v=20130730","https://m2.spitogatos.gr/359903005_1600x1200.jpg?v=20130730","https://m1.spitogatos.gr/359903013_1600x1200.jpg?v=20130730","https://m1.spitogatos.gr/359903022_1600x1200.jpg?v=20130730","https://m3.spitogatos.gr/359903033_1600x1200.jpg?v=20130730","https://m1.spitogatos.gr/359903040_1600x1200.jpg?v=20130730","https://m3.spitogatos.gr/359903051_1600x1200.jpg?v=20130730","https://m2.spitogatos.gr/359903062_1600x1200.jpg?v=20130730","https://m3.spitogatos.gr/359903075_1600x1200.jpg?v=20130730","https://m1.spitogatos.gr/359903088_1600x1200.jpg?v=20130730","0","0",,"0","38.053158","1","0","23.802441",,"0",,,"2026-07-28","0","0",,"0","0","1",,"1","0","1","1","0","0","0","1400",,,"0","0","0","0","16.47",,,"1","3",,"1","0",,,,"2","0","1",,,"85","0",,"Dimitriou Gounari 13","1","1","0","2026-03-19","https://www.spitogatos.gr/en/property/1219573813",,"0",,"2001","7cjKUkkqgro",
"1","4",,"vip","4",,,,,"0","1","0","0","2026-09-03","0","0","1","0","0",,,"house",,,"1","Ξεκίνα να ζεις από την πρώτη μέρα, σε αυτό το κομψά επιπλωμένο διαμέρισμα τριών υπνοδωματίων της Blueground στο κέντρο του Χαλανδρίου. Πλήρως εξοπλισμένο με έπιπλα μοναδικού design, ηλεκτρικές συσκευές τελευταίας τεχνολογίας.<br><br />
<br />
Η διαφημιζόμενη τιμή των €2,020/μήνα είναι η τιμή για 1 έτος, με ημερομηνία έναρξης Σεπτεμβρίου 2, 2026. Η χαμηλότερη διαθέσιμη τιμή είναι €1,950/μήνα για μίσθωση 5 μήνα(μηνών) και 21 ημέρας(ημερών) με ημερομηνία έναρξης Σεπτεμβρίου 2, 2026.<br />
<br>Οι τιμές διαφέρουν ανάλογα με τη διάρκεια παραμονής, την εποχικότητα και άλλους παράγοντες. Επισκεφθείτε τον ιστότοπό μας και εισάγετε τις ημερομηνίες διαμονής σας για να δείτε ενημερωμένες τιμές για την κράτησή σας. Η τιμή ισχύει μόνο με προκαταβολή· ενδέχεται να είναι υψηλότερη εάν πληρωθεί σε δόσεις.<br />
<br />
<b>Κλείστε αυτό το διαμέρισμα online!</b><br />
<br />
https://www.theblueground.com/p/furnished-apartments/ath-312?utm_source=classified-4<br />
<br />
Aναβαθμίστε τη διαμονή σας με ένα πλήρως επιπλωμένο διαμέρισμα από τη Blueground:<br />
      – Επιπλωμένα σπίτια σε τιμές αντίστοιχες με τα ανεπίπλωτα<br />
      – Χωρίς κόστη εγκατάστασης ή αγοράς επίπλων - εξοικονομήστε χρόνο και χρήματα<br />
      – Έτοιμα για άμεση μετακόμιση - το μόνο που χρειάζεστε είναι η βαλίτσα σας<br />
<br />
<b>Ο χώρος</b><br><br />
Έπιπλα μοναδικού design, πλήρως εξοπλισμένη κουζίνα, smart TV ή/και ασύρματα ηχεία τελευταίας τεχνολογίας, είναι λίγες μόνο από τις ανέσεις που σου προσφέρει αυτό το διαμέρισμα τριών υπνοδωματίων της Blueground. Θα το αγαπήσεις όμως και για τη μοναδική του τοποθεσία, καθώς βρίσκεται σε ένα από τα πιο κεντρικά σημεία του Χαλανδρίου.<br />
<br />
<b>Διαρρύθμιση δωματίων ύπνου</b><br />
    <br />
        Μονό κρεβάτι: 90 εκ.<br />
<br />
        Υπέρδιπλο κρεβάτι: 160 εκ.<br />
<br />
        Υπέρδιπλο κρεβάτι: 160 εκ.<br />
<br />
<b>Παροχές κτιρίου</b><br />
<br />
      Ασανσέρ<br />
      Πλυντήριο<br />
      Θέση στάθμευσης<br />
      Επιτρέπονται κατοικίδια<br />
<br />
<br />
<b>Άφιξη και συνεχής υποστήριξη πελατών</b><br><br />
Κατά τη διάρκεια της διαμονής σου, η ομάδα μας θα είναι διαθέσιμη για να σε βοηθήσει με οτιδήποτε χρειαστείς. Μέσω της ειδικής mobile εφαρμογής της Blueground έχεις συνεχή υποστήριξη, ενώ μπορείς ακόμη να προγραμματίσεις υπηρεσίες καθαρισμού, συντήρησης ή επισκευής, με το πάτημα ενός κουμπιού.<br />
<br />
<b>Ιδανική τοποθεσία</b><br />
<br />
Το Χαλάνδρι είναι μια ζωντανή γειτονιά, που βρίσκεται στα βόρεια προάστια, μόλις 10 χιλιόμετρα από το κέντρο της Αθήνας. Το Χαλάνδρι είναι γνωστό για τις εμπορικές του συνοικίες και τη ζωντανή σκηνή των μπαρ. Η περιοχή φιλοξενεί πολλές μεγάλες πολυεθνικές εταιρείες, οργανισμούς και πρεσβείες. Εξυπηρετείται από τους σταθμούς του μετρό Χαλάνδρι & Αγία Παρασκευή, καθώς και από συνδέσεις με λεωφορεία, ενώ έχει εύκολη πρόσβαση στην Αττική Οδό.",,"1",,"1","5","0","1","2026-06-14","9",,"0","yes","yes","0","Αθήνα - Βόρεια Προάστια (Αττική)","Χαλάνδρι (Αθήνα - Βόρεια Προάστια)","1","105103","101","2122","107025",,"1","2","0","0","1","1220119294","https://m3.spitogatos.gr/360094247_1600x1200.jpg?v=20130730","https://m2.spitogatos.gr/360094261_1600x1200.jpg?v=20130730","https://m1.spitogatos.gr/360094281_1600x1200.jpg?v=20130730","https://m3.spitogatos.gr/360094295_1600x1200.jpg?v=20130730","https://m1.spitogatos.gr/360094308_1600x1200.jpg?v=20130730","https://m2.spitogatos.gr/360094324_1600x1200.jpg?v=20130730","https://m2.spitogatos.gr/360094336_1600x1200.jpg?v=20130730","https://m3.spitogatos.gr/360094346_1600x1200.jpg?v=20130730","https://m1.spitogatos.gr/360094359_1600x1200.jpg?v=20130730","https://m3.spitogatos.gr/360094370_1600x1200.jpg?v=20130730","https://m3.spitogatos.gr/360094376_1600x1200.jpg?v=20130730","https://m1.spitogatos.gr/360094386_1600x1200.jpg?v=20130730","https://m2.spitogatos.gr/360094393_1600x1200.jpg?v=20130730","https://m1.spitogatos.gr/360094401_1600x1200.jpg?v=20130730","https://m1.spitogatos.gr/360094407_1600x1200.jpg?v=20130730","https://m2.spitogatos.gr/360094414_1600x1200.jpg?v=20130730","https://m1.spitogatos.gr/360094419_1600x1200.jpg?v=20130730","https://m3.spitogatos.gr/360094427_1600x1200.jpg?v=20130730","https://m3.spitogatos.gr/360094430_1600x1200.jpg?v=20130730","https://m2.spitogatos.gr/360094435_1600x1200.jpg?v=20130730","https://m3.spitogatos.gr/360094442_1600x1200.jpg?v=20130730","https://m2.spitogatos.gr/360094453_1600x1200.jpg?v=20130730","https://m2.spitogatos.gr/360094462_1600x1200.jpg?v=20130730","https://m3.spitogatos.gr/360094469_1600x1200.jpg?v=20130730","https://m3.spitogatos.gr/360094475_1600x1200.jpg?v=20130730","0","0",,"0","38.024303","1","0","23.798895",,"0",,,"2026-07-28","0","0",,"0","1","1",,"1","0","0","1","0","0","0","2020",,,"0","0","0","0","18.36",,,"1","3",,"1","0",,,,"3","0","1",,,"110","0",,"Athanasiou Diakou 9","1","1","0","2026-06-14","https://www.spitogatos.gr/en/property/1220119294",,"0",,"2012",,
"1","3",,"vip","4",,,,,"0","1","0","0","2026-09-15","0","0","1","0","0",,,"house",,,"1","Νιώσε σαν στο σπίτι σου, όπου και αν επιλέξεις να μείνεις με την Blueground. Θα λατρέψεις αυτό το όμορφα επιπλωμένο διαμέρισμα τεσσάρων υπνοδωματίων, για τη διακόσμησή του, την πλήρως εξοπλισμένη κουζίνα και το ζεστό καθιστικό του. Βρίσκεται σε ιδανική τοποθεσία, κοντά σε όλα όσα έχει να σου προσφέρει το Χαλάνδρι!<br><br />
<br />
Η διαφημιζόμενη τιμή των €2,040/μήνα είναι η τιμή για 1 έτος, με ημερομηνία έναρξης Σεπτεμβρίου 14, 2026.<br />
<br>Οι τιμές διαφέρουν ανάλογα με τη διάρκεια παραμονής, την εποχικότητα και άλλους παράγοντες. Επισκεφθείτε τον ιστότοπό μας και εισάγετε τις ημερομηνίες διαμονής σας για να δείτε ενημερωμένες τιμές για την κράτησή σας. Η τιμή ισχύει μόνο με προκαταβολή· ενδέχεται να είναι υψηλότερη εάν πληρωθεί σε δόσεις.<br />
<br />
<b>Κλείστε αυτό το διαμέρισμα online!</b><br />
<br />
https://www.theblueground.com/p/furnished-apartments/ath-457?utm_source=classified-4<br />
<br />
Aναβαθμίστε τη διαμονή σας με ένα πλήρως επιπλωμένο διαμέρισμα από τη Blueground:<br />
      – Επιπλωμένα σπίτια σε τιμές αντίστοιχες με τα ανεπίπλωτα<br />
      – Χωρίς κόστη εγκατάστασης ή αγοράς επίπλων - εξοικονομήστε χρόνο και χρήματα<br />
      – Έτοιμα για άμεση μετακόμιση - το μόνο που χρειάζεστε είναι η βαλίτσα σας<br />
<br />
<b>Ο χώρος</b><br><br />
Έπιπλα μοναδικού design, πλήρως εξοπλισμένη κουζίνα, smart TV ή/και ασύρματα ηχεία τελευταίας τεχνολογίας, είναι λίγες μόνο από τις ανέσεις που σου προσφέρει αυτό το διαμέρισμα τεσσάρων υπνοδωματίων της Blueground. Θα το αγαπήσεις όμως και για τη μοναδική του τοποθεσία, καθώς βρίσκεται σε ένα από τα πιο κεντρικά σημεία του Χαλανδρίου.<br />
<br />
<b>Διαρρύθμιση δωματίων ύπνου</b><br />
    <br />
        Υπέρδιπλο κρεβάτι: 160 εκ.<br />
<br />
        Υπέρδιπλο κρεβάτι: 160 εκ.<br />
<br />
        Διπλό κρεβάτι: 140 εκ.<br />
<br />
<b>Παροχές κτιρίου</b><br />
<br />
      Πλυντήριο<br />
      Θέση στάθμευσης<br />
<br />
<br />
<b>Άφιξη και συνεχής υποστήριξη πελατών</b><br><br />
Κατά τη διάρκεια της διαμονής σου, η ομάδα μας θα είναι διαθέσιμη για να σε βοηθήσει με οτιδήποτε χρειαστείς. Μέσω της ειδικής mobile εφαρμογής της Blueground έχεις συνεχή υποστήριξη, ενώ μπορείς ακόμη να προγραμματίσεις υπηρεσίες καθαρισμού, συντήρησης ή επισκευής, με το πάτημα ενός κουμπιού.<br />
<br />
<b>Ιδανική τοποθεσία</b><br />
<br />
Το Χαλάνδρι είναι μια ζωντανή γειτονιά, που βρίσκεται στα βόρεια προάστια, μόλις 10 χιλιόμετρα από το κέντρο της Αθήνας. Το Χαλάνδρι είναι γνωστό για τις εμπορικές του συνοικίες και τη ζωντανή σκηνή των μπαρ. Η περιοχή φιλοξενεί πολλές μεγάλες πολυεθνικές εταιρείες, οργανισμούς και πρεσβείες. Εξυπηρετείται από τους σταθμούς του μετρό Χαλάνδρι & Αγία Παρασκευή, καθώς και από συνδέσεις με λεωφορεία, ενώ έχει εύκολη πρόσβαση στην Αττική Οδό.",,"1",,"0","7","0","1","2026-05-26","8",,"0","yes","yes","0","Αθήνα - Βόρεια Προάστια (Αττική)","Χαλάνδρι (Αθήνα - Βόρεια Προάστια)","1","105103","101","2122","106435",,"1","1","0","0","1","1219949427","https://m1.spitogatos.gr/359902083_1600x1200.jpg?v=20130730","https://m1.spitogatos.gr/359902092_1600x1200.jpg?v=20130730","https://m2.spitogatos.gr/359902105_1600x1200.jpg?v=20130730","https://m3.spitogatos.gr/359902115_1600x1200.jpg?v=20130730","https://m2.spitogatos.gr/359902126_1600x1200.jpg?v=20130730","https://m1.spitogatos.gr/359902137_1600x1200.jpg?v=20130730","https://m1.spitogatos.gr/359902146_1600x1200.jpg?v=20130730","https://m1.spitogatos.gr/359902155_1600x1200.jpg?v=20130730","https://m2.spitogatos.gr/359902168_1600x1200.jpg?v=20130730","https://m2.spitogatos.gr/359902180_1600x1200.jpg?v=20130730","https://m2.spitogatos.gr/359902192_1600x1200.jpg?v=20130730","https://m2.spitogatos.gr/359902204_1600x1200.jpg?v=20130730","https://m1.spitogatos.gr/359902218_1600x1200.jpg?v=20130730","https://m2.spitogatos.gr/359902228_1600x1200.jpg?v=20130730","https://m3.spitogatos.gr/359902244_1600x1200.jpg?v=20130730","https://m3.spitogatos.gr/359902256_1600x1200.jpg?v=20130730","https://m3.spitogatos.gr/359902271_1600x1200.jpg?v=20130730","https://m3.spitogatos.gr/359902283_1600x1200.jpg?v=20130730","https://m1.spitogatos.gr/359902293_1600x1200.jpg?v=20130730","https://m1.spitogatos.gr/359902308_1600x1200.jpg?v=20130730","https://m1.spitogatos.gr/359902317_1600x1200.jpg?v=20130730","https://m2.spitogatos.gr/359902333_1600x1200.jpg?v=20130730","https://m1.spitogatos.gr/359902353_1600x1200.jpg?v=20130730","https://m3.spitogatos.gr/359902364_1600x1200.jpg?v=20130730","https://m1.spitogatos.gr/359902380_1600x1200.jpg?v=20130730","1","0",,"0","38.028339","3","0","23.792425",,"0",,,"2026-07-28","0","0",,"0","2","1",,"1","0","0",,"0","0","0","2040",,,"0","0","0","0","10.2",,,"1","3",,"1","0",,,,"4","0","1",,,"200","0",,"Spartis 12","1","3","0","2026-05-26","https://www.spitogatos.gr/en/property/1219949427",,"0",,"2001",,
"1","4",,"vip","4",,,,,"0","0","0","0","2026-08-13","0","0","1","0","0",,,"house",,,"1","Ανακάλυψε τα καλύτερα σημεία του Χαλανδρίου , με αυτό το ζεστό διαμέρισμα τριών υπνοδωματίων της Blueground. Προσφέρει μια πλήρως εξοπλισμένη κουζίνα, ένα ευρύχωρο καθιστικό. Επίσης, καθ’όλη τη διάρκεια της διαμονής σου θα έχεις τη δυνατότητα να επικοινωνήσεις εύκολα και άμεσα με την ομάδα υποστήριξης πελατών και να βρεις χρήσιμες πληροφορίες τόσο για το διαμέρισμά σου όσο και για τη γειτονιά μέσω της ειδικής mobile εφαρμογής.<br><br />
<br />
Η διαφημιζόμενη τιμή των €1,350/μήνα είναι η τιμή για 1 έτος, με ημερομηνία έναρξης Αυγούστου 12, 2026.<br />
<br>Οι τιμές διαφέρουν ανάλογα με τη διάρκεια παραμονής, την εποχικότητα και άλλους παράγοντες. Επισκεφθείτε τον ιστότοπό μας και εισάγετε τις ημερομηνίες διαμονής σας για να δείτε ενημερωμένες τιμές για την κράτησή σας. Η τιμή ισχύει μόνο με προκαταβολή· ενδέχεται να είναι υψηλότερη εάν πληρωθεί σε δόσεις.<br />
<br />
<b>Κλείστε αυτό το διαμέρισμα online!</b><br />
<br />
https://www.theblueground.com/p/furnished-apartments/ath-1936?utm_source=classified-4<br />
<br />
Aναβαθμίστε τη διαμονή σας με ένα πλήρως επιπλωμένο διαμέρισμα από τη Blueground:<br />
      – Επιπλωμένα σπίτια σε τιμές αντίστοιχες με τα ανεπίπλωτα<br />
      – Χωρίς κόστη εγκατάστασης ή αγοράς επίπλων - εξοικονομήστε χρόνο και χρήματα<br />
      – Έτοιμα για άμεση μετακόμιση - το μόνο που χρειάζεστε είναι η βαλίτσα σας<br />
<br />
<b>Ο χώρος</b><br><br />
Νιώσε σαν στο σπίτι σου σε αυτό το επιπλωμένο διαμέρισμα της Blueground με το μοναδικό design, τα μοντέρνα έπιπλα και την πλήρως εξοπλισμένη κουζίνα.<br />
Δες τις αγαπημένες σου ταινίες στη smart TV ή άκουσε δυνατά μουσική στα ασύρματα ηχεία τελευταίας τεχνολογίας. Ό,τι και να αποφασίσεις να κάνεις το μόνο σίγουρο είναι πως θα αγαπήσεις όλα όσα σου προσφέρει αυτό το άνετο διαμέρισμα.<br />
<br />
<b>Διαρρύθμιση δωματίων ύπνου</b><br />
    <br />
        Υπέρδιπλο κρεβάτι: 160 εκ.<br />
<br />
        Διπλό κρεβάτι: 140 εκ.<br />
<br />
        Διπλό κρεβάτι: 140 εκ.<br />
<br />
<b>Παροχές κτιρίου</b><br />
<br />
      Ασανσέρ<br />
      Πλυντήριο<br />
      Θέση στάθμευσης<br />
      Επιτρέπονται κατοικίδια<br />
<br />
<br />
<b>Άφιξη και συνεχής υποστήριξη πελατών</b><br><br />
Κατά τη διάρκεια της διαμονής σου, η ομάδα μας θα είναι διαθέσιμη για να σε βοηθήσει με οτιδήποτε χρειαστείς. Μέσω της ειδικής mobile εφαρμογής της Blueground έχεις συνεχή υποστήριξη, ενώ μπορείς ακόμη να προγραμματίσεις υπηρεσίες καθαρισμού, συντήρησης ή επισκευής, με το πάτημα ενός κουμπιού.<br />
<br />
<b>Ιδανική τοποθεσία</b><br />
<br />
Το Χαλάνδρι είναι μια ζωντανή γειτονιά, που βρίσκεται στα βόρεια προάστια, μόλις 10 χιλιόμετρα από το κέντρο της Αθήνας. Το Χαλάνδρι είναι γνωστό για τις εμπορικές του συνοικίες και τη ζωντανή σκηνή των μπαρ. Η περιοχή φιλοξενεί πολλές μεγάλες πολυεθνικές εταιρείες, οργανισμούς και πρεσβείες. Εξυπηρετείται από τους σταθμούς του μετρό Χαλάνδρι & Αγία Παρασκευή, καθώς και από συνδέσεις με λεωφορεία, ενώ έχει εύκολη πρόσβαση στην Αττική Οδό.",,"1",,"1","6","0","1","2026-05-23","9",,"0","yes","yes","1","Αθήνα - Βόρεια Προάστια (Αττική)","Χαλάνδρι (Αθήνα - Βόρεια Προάστια)","1","105103","101","2122",,,"1","1","0","0","1","1219935376","https://m2.spitogatos.gr/361613584_1600x1200.jpg?v=20130730","https://m1.spitogatos.gr/361613586_1600x1200.jpg?v=20130730","https://m1.spitogatos.gr/361613601_1600x1200.jpg?v=20130730","https://m2.spitogatos.gr/361613626_1600x1200.jpg?v=20130730","https://m1.spitogatos.gr/361613634_1600x1200.jpg?v=20130730","https://m3.spitogatos.gr/361613636_1600x1200.jpg?v=20130730","https://m2.spitogatos.gr/361613638_1600x1200.jpg?v=20130730","https://m1.spitogatos.gr/361613658_1600x1200.jpg?v=20130730","https://m3.spitogatos.gr/361613684_1600x1200.jpg?v=20130730","https://m1.spitogatos.gr/361613688_1600x1200.jpg?v=20130730","https://m3.spitogatos.gr/361613696_1600x1200.jpg?v=20130730","https://m2.spitogatos.gr/361613707_1600x1200.jpg?v=20130730","https://m3.spitogatos.gr/361613717_1600x1200.jpg?v=20130730","https://m1.spitogatos.gr/361613736_1600x1200.jpg?v=20130730","https://m3.spitogatos.gr/361613750_1600x1200.jpg?v=20130730","https://m3.spitogatos.gr/361613765_1600x1200.jpg?v=20130730","https://m1.spitogatos.gr/361613772_1600x1200.jpg?v=20130730","https://m3.spitogatos.gr/361613780_1600x1200.jpg?v=20130730","https://m2.spitogatos.gr/361613803_1600x1200.jpg?v=20130730","https://m2.spitogatos.gr/361613806_1600x1200.jpg?v=20130730","https://m3.spitogatos.gr/361613810_1600x1200.jpg?v=20130730","https://m1.spitogatos.gr/361613832_1600x1200.jpg?v=20130730","https://m3.spitogatos.gr/361613855_1600x1200.jpg?v=20130730","https://m2.spitogatos.gr/361613857_1600x1200.jpg?v=20130730","https://m2.spitogatos.gr/361613872_1600x1200.jpg?v=20130730","0","0",,"0","38.01405","1","0","23.80426",,"0",,,"2026-07-28","0","0",,"0","1","1",,"1","0","0","1","0","0","0","1350",,,"0","0","0","0","11.64",,,"1","3",,"1","0",,,,"3","0","1",,,"116","0",,"Antigonis 42","1","1","0","2026-05-23","https://www.spitogatos.gr/en/property/1219935376","https://nodalview.com/s/144jtj5ID9bvcobDtrTIbZ","0",,"1985",,
"1","7",,"vip","4",,,,,"0","0","0","0","2026-08-09","0","0","1","0","0",,,"house",,,"1","Ανακάλυψε τα καλύτερα σημεία του Χαλανδρίου , με αυτό το φωτεινό διαμέρισμα τριών υπνοδωματίων της Blueground. Προσφέρει μια πλήρως εξοπλισμένη κουζίνα, ένα ευρύχωρο καθιστικό. Επίσης, καθ’όλη τη διάρκεια της διαμονής σου θα έχεις τη δυνατότητα να επικοινωνήσεις εύκολα και άμεσα με την ομάδα υποστήριξης πελατών και να βρεις χρήσιμες πληροφορίες τόσο για το διαμέρισμά σου όσο και για τη γειτονιά μέσω της ειδικής mobile εφαρμογής.<br><br />
<br />
Η διαφημιζόμενη τιμή των €1,230/μήνα είναι η τιμή για 1 έτος, με ημερομηνία έναρξης Αυγούστου 8, 2026.<br />
<br>Οι τιμές διαφέρουν ανάλογα με τη διάρκεια παραμονής, την εποχικότητα και άλλους παράγοντες. Επισκεφθείτε τον ιστότοπό μας και εισάγετε τις ημερομηνίες διαμονής σας για να δείτε ενημερωμένες τιμές για την κράτησή σας. Η τιμή ισχύει μόνο με προκαταβολή· ενδέχεται να είναι υψηλότερη εάν πληρωθεί σε δόσεις.<br />
<br />
<b>Κλείστε αυτό το διαμέρισμα online!</b><br />
<br />
https://www.theblueground.com/p/furnished-apartments/ath-2197?utm_source=classified-4<br />
<br />
Aναβαθμίστε τη διαμονή σας με ένα πλήρως επιπλωμένο διαμέρισμα από τη Blueground:<br />
      – Επιπλωμένα σπίτια σε τιμές αντίστοιχες με τα ανεπίπλωτα<br />
      – Χωρίς κόστη εγκατάστασης ή αγοράς επίπλων - εξοικονομήστε χρόνο και χρήματα<br />
      – Έτοιμα για άμεση μετακόμιση - το μόνο που χρειάζεστε είναι η βαλίτσα σας<br />
<br />
<b>Ο χώρος</b><br><br />
Νιώσε σαν στο σπίτι σου σε αυτό το επιπλωμένο διαμέρισμα της Blueground με το μοναδικό design, τα μοντέρνα έπιπλα και την πλήρως εξοπλισμένη κουζίνα.<br />
Δες τις αγαπημένες σου ταινίες στη smart TV ή άκουσε δυνατά μουσική στα ασύρματα ηχεία τελευταίας τεχνολογίας. Ό,τι και να αποφασίσεις να κάνεις το μόνο σίγουρο είναι πως θα αγαπήσεις όλα όσα σου προσφέρει αυτό το κομψό διαμέρισμα.<br />
<br />
<b>Διαρρύθμιση δωματίων ύπνου</b><br />
    <br />
        Μονό κρεβάτι: 90 εκ.<br />
<br />
        Υπέρδιπλο κρεβάτι: 160 εκ.<br />
<br />
        Διπλό κρεβάτι: 140 εκ.<br />
<br />
<b>Παροχές κτιρίου</b><br />
<br />
      Ασανσέρ<br />
      Πλυντήριο<br />
<br />
<br />
<b>Άφιξη και συνεχής υποστήριξη πελατών</b><br><br />
Κατά τη διάρκεια της διαμονής σου, η ομάδα μας θα είναι διαθέσιμη για να σε βοηθήσει με οτιδήποτε χρειαστείς. Μέσω της ειδικής mobile εφαρμογής της Blueground έχεις συνεχή υποστήριξη, ενώ μπορείς ακόμη να προγραμματίσεις υπηρεσίες καθαρισμού, συντήρησης ή επισκευής, με το πάτημα ενός κουμπιού.<br />
<br />
<b>Ιδανική τοποθεσία</b><br />
<br />
Το Χαλάνδρι είναι μια ζωντανή γειτονιά, που βρίσκεται στα βόρεια προάστια, μόλις 10 χιλιόμετρα από το κέντρο της Αθήνας. Το Χαλάνδρι είναι γνωστό για τις εμπορικές του συνοικίες και τη ζωντανή σκηνή των μπαρ. Η περιοχή φιλοξενεί πολλές μεγάλες πολυεθνικές εταιρείες, οργανισμούς και πρεσβείες. Εξυπηρετείται από τους σταθμούς του μετρό Χαλάνδρι & Αγία Παρασκευή, καθώς και από συνδέσεις με λεωφορεία, ενώ έχει εύκολη πρόσβαση στην Αττική Οδό.",,"1",,"1","7","0","0","2026-05-14","12",,"0","yes","no","0","Αθήνα - Βόρεια Προάστια (Αττική)","Χαλάνδρι (Αθήνα - Βόρεια Προάστια)","1","105103","101","2122",,,"1","2","0","0","1","1219889119","https://m1.spitogatos.gr/353935593_1600x1200.jpg?v=20130730","https://m1.spitogatos.gr/353935605_1600x1200.jpg?v=20130730","https://m3.spitogatos.gr/353935616_1600x1200.jpg?v=20130730","https://m2.spitogatos.gr/353935630_1600x1200.jpg?v=20130730","https://m1.spitogatos.gr/353935641_1600x1200.jpg?v=20130730","https://m2.spitogatos.gr/353935654_1600x1200.jpg?v=20130730","https://m1.spitogatos.gr/353935668_1600x1200.jpg?v=20130730","https://m2.spitogatos.gr/353935681_1600x1200.jpg?v=20130730","https://m2.spitogatos.gr/353935693_1600x1200.jpg?v=20130730","https://m3.spitogatos.gr/353935706_1600x1200.jpg?v=20130730","https://m1.spitogatos.gr/353935719_1600x1200.jpg?v=20130730","https://m2.spitogatos.gr/353935732_1600x1200.jpg?v=20130730","https://m3.spitogatos.gr/353935745_1600x1200.jpg?v=20130730","https://m3.spitogatos.gr/353935757_1600x1200.jpg?v=20130730","https://m3.spitogatos.gr/353935769_1600x1200.jpg?v=20130730","https://m1.spitogatos.gr/353935782_1600x1200.jpg?v=20130730","https://m3.spitogatos.gr/353935796_1600x1200.jpg?v=20130730","https://m2.spitogatos.gr/353935807_1600x1200.jpg?v=20130730","https://m3.spitogatos.gr/353935823_1600x1200.jpg?v=20130730","https://m1.spitogatos.gr/353935833_1600x1200.jpg?v=20130730","https://m3.spitogatos.gr/353935841_1600x1200.jpg?v=20130730","https://m2.spitogatos.gr/353935846_1600x1200.jpg?v=20130730","https://m3.spitogatos.gr/353935850_1600x1200.jpg?v=20130730","https://m3.spitogatos.gr/353935853_1600x1200.jpg?v=20130730","https://m2.spitogatos.gr/353935855_1600x1200.jpg?v=20130730","0","0",,"0","38.013554","1","0","23.795195",,"0",,,"2026-07-28","0","0",,"0","1","1",,"1","0","1",,"0","0","0","1230",,,"0","0","0","0","12.95",,,"1","3",,"1","1",,,,"3","0","1",,,"95","0",,"Mpizaniou 21","1","1","0","2026-05-14","https://www.spitogatos.gr/en/property/1219889119","https://nodalview.com/s/06iYHYKRn7H8oFPGsJdGrY","0",,"1970",,
"1","2",,"vip","4",,,,,"0","0","0","0","2026-08-09","0","0","1","0","0",,,"house",,,"1","Ανακάλυψε τα καλύτερα σημεία του Αμαρουσίου , με αυτό το άνετο διαμέρισμα δύο υπνοδωματίων της Blueground. Προσφέρει μια πλήρως εξοπλισμένη κουζίνα, ένα εξαιρετικό καθιστικό. Επίσης, καθ’όλη τη διάρκεια της διαμονής σου θα έχεις τη δυνατότητα να επικοινωνήσεις εύκολα και άμεσα με την ομάδα υποστήριξης πελατών και να βρεις χρήσιμες πληροφορίες τόσο για το διαμέρισμά σου όσο και για τη γειτονιά μέσω της ειδικής mobile εφαρμογής.<br><br />
<br />
Η διαφημιζόμενη τιμή των €1,830/μήνα είναι η τιμή για 1 έτος, με ημερομηνία έναρξης Αυγούστου 8, 2026.<br />
<br>Οι τιμές διαφέρουν ανάλογα με τη διάρκεια παραμονής, την εποχικότητα και άλλους παράγοντες. Επισκεφθείτε τον ιστότοπό μας και εισάγετε τις ημερομηνίες διαμονής σας για να δείτε ενημερωμένες τιμές για την κράτησή σας. Η τιμή ισχύει μόνο με προκαταβολή· ενδέχεται να είναι υψηλότερη εάν πληρωθεί σε δόσεις.<br />
<br />
<b>Κλείστε αυτό το διαμέρισμα online!</b><br />
<br />
https://www.theblueground.com/p/furnished-apartments/ath-1305?utm_source=classified-4<br />
<br />
Aναβαθμίστε τη διαμονή σας με ένα πλήρως επιπλωμένο διαμέρισμα από τη Blueground:<br />
      – Επιπλωμένα σπίτια σε τιμές αντίστοιχες με τα ανεπίπλωτα<br />
      – Χωρίς κόστη εγκατάστασης ή αγοράς επίπλων - εξοικονομήστε χρόνο και χρήματα<br />
      – Έτοιμα για άμεση μετακόμιση - το μόνο που χρειάζεστε είναι η βαλίτσα σας<br />
<br />
<b>Ο χώρος</b><br><br />
Σε αυτό το εκλεπτυσμένο Blueground διαμέρισμα δύο υπνοδωματίων, θα βρεις ένα χώρο προσεκτικά σχεδιασμένο και πλήρως εξοπλισμένο με έπιπλα μοναδικού design και ηλεκτρικές συσκευές τελευταίας τεχνολογίας.<br />
Νιώσε όμορφα και χαλαρά στο νέο σου σπίτι κάθε στιγμή. Και όταν θα θες να διασκεδάσεις, μπορείς να βγεις και να αφεθείς στον παλμό του Αμαρουσίου ή να φέρεις τη διασκέδαση σπίτι, με τα ασύρματα ηχεία ή τη smart TV.<br />
<br />
<b>Διαρρύθμιση δωματίων ύπνου</b><br />
    <br />
        Υπέρδιπλο κρεβάτι: 160 εκ.<br />
<br />
        Διπλό κρεβάτι: 140 εκ.<br />
<br />
<b>Παροχές κτιρίου</b><br />
<br />
      Ασανσέρ<br />
      Πισίνα<br />
      Πλυντήριο<br />
      Θέση στάθμευσης<br />
<br />
<br />
<b>Άφιξη και συνεχής υποστήριξη πελατών</b><br><br />
Κατά τη διάρκεια της διαμονής σου, η ομάδα μας θα είναι διαθέσιμη για να σε βοηθήσει με οτιδήποτε χρειαστείς. Μέσω της ειδικής mobile εφαρμογής της Blueground έχεις συνεχή υποστήριξη, ενώ μπορείς ακόμη να προγραμματίσεις υπηρεσίες καθαρισμού, συντήρησης ή επισκευής, με το πάτημα ενός κουμπιού.<br />
<br />
<b>Ιδανική τοποθεσία</b><br />
<br />
Το Μαρούσι είναι μια καταπράσινη γειτονιά που βρίσκεται στα βόρεια προάστια, 14 χιλιόμετρα από το κέντρο της Αθήνας. Ως ένα από τα σημαντικότερα επιχειρηματικά κέντρα της πόλης, φιλοξενεί πολλές μεγάλες πολυεθνικές εταιρείες και οργανισμούς. Στη γειτονιά βρίσκεται επίσης το μεγαλύτερο δάσος της αστικής Αθήνας, η Δάσος Συγγρού, το Ολυμπιακό Αθλητικό Συγκρότημα της Αθήνας από τους Θερινούς Ολυμπιακούς Αγώνες του 2004. Το Mall Athens, ένα από τα μεγαλύτερα εμπορικά κέντρα της νοτιοανατολικής Ευρώπης, και το εμπορικό κέντρο Golden Hall αποτελούν επίσης το σπίτι του Αμαρουσίου. Η περιοχή εξυπηρετείται από τους σιδηροδρομικούς σταθμούς Μαρούσι και ΚΑΤ και από ένα δίκτυο λεωφορειακών γραμμών.",,"1",,"1","2","0","1","2026-05-12","7",,"0","yes","yes","1","Αθήνα - Βόρεια Προάστια (Αττική)","Μαρούσι (Αθήνα - Βόρεια Προάστια)","1","105103","101","2111",,,"1","2","0","0","1","1219873004","https://m2.spitogatos.gr/359907553_1600x1200.jpg?v=20130730","https://m3.spitogatos.gr/359907572_1600x1200.jpg?v=20130730","https://m2.spitogatos.gr/359907586_1600x1200.jpg?v=20130730","https://m1.spitogatos.gr/359907600_1600x1200.jpg?v=20130730","https://m3.spitogatos.gr/359907614_1600x1200.jpg?v=20130730","https://m2.spitogatos.gr/359907634_1600x1200.jpg?v=20130730","https://m3.spitogatos.gr/359907650_1600x1200.jpg?v=20130730","https://m1.spitogatos.gr/359907666_1600x1200.jpg?v=20130730","https://m1.spitogatos.gr/359907681_1600x1200.jpg?v=20130730","https://m3.spitogatos.gr/359907695_1600x1200.jpg?v=20130730","https://m3.spitogatos.gr/359907713_1600x1200.jpg?v=20130730","https://m1.spitogatos.gr/359907732_1600x1200.jpg?v=20130730","https://m1.spitogatos.gr/359907750_1600x1200.jpg?v=20130730","https://m3.spitogatos.gr/359907770_1600x1200.jpg?v=20130730","https://m3.spitogatos.gr/359907788_1600x1200.jpg?v=20130730","https://m2.spitogatos.gr/359907811_1600x1200.jpg?v=20130730","https://m2.spitogatos.gr/359907826_1600x1200.jpg?v=20130730","https://m3.spitogatos.gr/359907845_1600x1200.jpg?v=20130730","https://m3.spitogatos.gr/359907866_1600x1200.jpg?v=20130730","https://m3.spitogatos.gr/359907881_1600x1200.jpg?v=20130730","https://m2.spitogatos.gr/359907892_1600x1200.jpg?v=20130730","https://m3.spitogatos.gr/359907905_1600x1200.jpg?v=20130730","https://m2.spitogatos.gr/359907916_1600x1200.jpg?v=20130730","https://m3.spitogatos.gr/359907926_1600x1200.jpg?v=20130730","https://m1.spitogatos.gr/359907936_1600x1200.jpg?v=20130730","0","0",,"0","38.042519","1","0","23.795805",,"0",,,"2026-07-28","0","0","1","0","0","1",,"1","0","1",,"0","1","0","1830",,,"0","0","0","0","22.88",,,"1","3",,"1","0",,,,"2","0","1",,,"80","0",,"Eratous 8","1","1","0","2026-05-12","https://www.spitogatos.gr/en/property/1219873004","https://nodalview.com/s/1sU7fYqnj2TvfwNu295fZA","0",,"2019",,
"1","5",,"vip","4",,,,,"0","0","0","0","2026-08-09","0","0","1","0","0",,,"house",,,"1","Νιώσε σαν στο σπίτι σου, όπου και αν επιλέξεις να μείνεις με την Blueground. Θα λατρέψεις αυτό το σύγχρονα επιπλωμένο διαμέρισμα τριών υπνοδωματίων, για τη διακόσμησή του, την πλήρως εξοπλισμένη κουζίνα και το άνετο καθιστικό του. Βρίσκεται σε ιδανική τοποθεσία, κοντά σε όλα όσα έχει να σου προσφέρει το Μαρούσι!<br><br />
<br />
Η διαφημιζόμενη τιμή των €1,470/μήνα είναι η τιμή για 1 έτος, με ημερομηνία έναρξης Αυγούστου 8, 2026.<br />
<br>Οι τιμές διαφέρουν ανάλογα με τη διάρκεια παραμονής, την εποχικότητα και άλλους παράγοντες. Επισκεφθείτε τον ιστότοπό μας και εισάγετε τις ημερομηνίες διαμονής σας για να δείτε ενημερωμένες τιμές για την κράτησή σας. Η τιμή ισχύει μόνο με προκαταβολή· ενδέχεται να είναι υψηλότερη εάν πληρωθεί σε δόσεις.<br />
<br />
<b>Κλείστε αυτό το διαμέρισμα online!</b><br />
<br />
https://www.theblueground.com/p/furnished-apartments/ath-806?utm_source=classified-4<br />
<br />
Aναβαθμίστε τη διαμονή σας με ένα πλήρως επιπλωμένο διαμέρισμα από τη Blueground:<br />
      – Επιπλωμένα σπίτια σε τιμές αντίστοιχες με τα ανεπίπλωτα<br />
      – Χωρίς κόστη εγκατάστασης ή αγοράς επίπλων - εξοικονομήστε χρόνο και χρήματα<br />
      – Έτοιμα για άμεση μετακόμιση - το μόνο που χρειάζεστε είναι η βαλίτσα σας<br />
<br />
<b>Ο χώρος</b><br><br />
Νιώσε σαν στο σπίτι σου σε αυτό το επιπλωμένο διαμέρισμα της Blueground με το μοναδικό design, τα μοντέρνα έπιπλα και την πλήρως εξοπλισμένη κουζίνα.<br />
Δες τις αγαπημένες σου ταινίες στη smart TV ή άκουσε δυνατά μουσική στα ασύρματα ηχεία τελευταίας τεχνολογίας. Ό,τι και να αποφασίσεις να κάνεις το μόνο σίγουρο είναι πως θα αγαπήσεις όλα όσα σου προσφέρει αυτό το κομψό διαμέρισμα.<br />
<br />
<b>Διαρρύθμιση δωματίων ύπνου</b><br />
    <br />
        Υπέρδιπλο κρεβάτι: 160 εκ.<br />
<br />
        Διπλό κρεβάτι: 140 εκ.<br />
<br />
<b>Παροχές κτιρίου</b><br />
<br />
      Ασανσέρ<br />
      Πλυντήριο<br />
      Θέση στάθμευσης<br />
<br />
<br />
<b>Άφιξη και συνεχής υποστήριξη πελατών</b><br><br />
Κατά τη διάρκεια της διαμονής σου, η ομάδα μας θα είναι διαθέσιμη για να σε βοηθήσει με οτιδήποτε χρειαστείς. Μέσω της ειδικής mobile εφαρμογής της Blueground έχεις συνεχή υποστήριξη, ενώ μπορείς ακόμη να προγραμματίσεις υπηρεσίες καθαρισμού, συντήρησης ή επισκευής, με το πάτημα ενός κουμπιού.<br />
<br />
<b>Ιδανική τοποθεσία</b><br />
<br />
Το Μαρούσι είναι μια καταπράσινη γειτονιά που βρίσκεται στα βόρεια προάστια, 14 χιλιόμετρα από το κέντρο της Αθήνας. Ως ένα από τα σημαντικότερα επιχειρηματικά κέντρα της πόλης, φιλοξενεί πολλές μεγάλες πολυεθνικές εταιρείες και οργανισμούς. Στη γειτονιά βρίσκεται επίσης το μεγαλύτερο δάσος της αστικής Αθήνας, η Δάσος Συγγρού, το Ολυμπιακό Αθλητικό Συγκρότημα της Αθήνας από τους Θερινούς Ολυμπιακούς Αγώνες του 2004. Το Mall Athens, ένα από τα μεγαλύτερα εμπορικά κέντρα της νοτιοανατολικής Ευρώπης, και το εμπορικό κέντρο Golden Hall αποτελούν επίσης το σπίτι του Αμαρουσίου. Η περιοχή εξυπηρετείται από τους σιδηροδρομικούς σταθμούς Μαρούσι και ΚΑΤ και από ένα δίκτυο λεωφορειακών γραμμών.",,"1",,"1","9","0","1","2025-12-25","10",,"0","yes","yes","0","Αθήνα - Βόρεια Προάστια (Αττική)","Μαρούσι (Αθήνα - Βόρεια Προάστια)","1","105103","101","2111","1170124",,"1","2","0","0","1","1218891519","https://m2.spitogatos.gr/359903938_1600x1200.jpg?v=20130730","https://m3.spitogatos.gr/359903954_1600x1200.jpg?v=20130730","https://m2.spitogatos.gr/359903977_1600x1200.jpg?v=20130730","https://m2.spitogatos.gr/359903989_1600x1200.jpg?v=20130730","https://m3.spitogatos.gr/359904002_1600x1200.jpg?v=20130730","https://m2.spitogatos.gr/359904013_1600x1200.jpg?v=20130730","https://m2.spitogatos.gr/359904022_1600x1200.jpg?v=20130730","https://m2.spitogatos.gr/359904034_1600x1200.jpg?v=20130730","https://m1.spitogatos.gr/359904042_1600x1200.jpg?v=20130730","https://m3.spitogatos.gr/359904053_1600x1200.jpg?v=20130730","https://m1.spitogatos.gr/359904069_1600x1200.jpg?v=20130730","https://m2.spitogatos.gr/359904082_1600x1200.jpg?v=20130730","https://m1.spitogatos.gr/359904093_1600x1200.jpg?v=20130730","https://m1.spitogatos.gr/359904105_1600x1200.jpg?v=20130730","https://m2.spitogatos.gr/359904115_1600x1200.jpg?v=20130730","https://m2.spitogatos.gr/359904130_1600x1200.jpg?v=20130730","https://m1.spitogatos.gr/359904141_1600x1200.jpg?v=20130730","https://m3.spitogatos.gr/359904155_1600x1200.jpg?v=20130730","https://m1.spitogatos.gr/359904165_1600x1200.jpg?v=20130730","https://m3.spitogatos.gr/359904176_1600x1200.jpg?v=20130730","https://m3.spitogatos.gr/359904188_1600x1200.jpg?v=20130730","https://m1.spitogatos.gr/359904198_1600x1200.jpg?v=20130730","https://m3.spitogatos.gr/359904212_1600x1200.jpg?v=20130730","https://m3.spitogatos.gr/359904224_1600x1200.jpg?v=20130730","https://m1.spitogatos.gr/359904237_1600x1200.jpg?v=20130730","0","0",,"0","38.05051","1","0","23.80125",,"0",,,"2026-07-28","0","0",,"0","0","1",,"1","0","1",,"0","0","0","1470",,,"0","0","0","0","14",,,"1","3",,"1","0",,,,"3","0","1",,,"105","0",,"Dolianis 13","1","1","0","2025-12-24","https://www.spitogatos.gr/en/property/1218891519","https://nodalview.com/ZJrHjAGZKQHJ2aRhALoVkhYK","0",,"1980",,
"0","1","no","vip","4",,,,,,,"0","0","2026-07-27","0","1","1","0",,"0","false","house","0","30","0","σε ήσυχο σημείο κοντά στο Atrina και με εύκολες προσβάσεις στη Λεωφ Κηφισίας , διαμέρισμα Ά ορόφου, κατασκευής 2009,  διαθέτει μια υπόγεια θέση σταθμευσης και αποθήκη.","25000",,"0","1","4","1","0","2026-07-22","6","2","0","no","yes","0","Αθήνα - Βόρεια Προάστια (Αττική)","Μαρούσι (Αθήνα - Βόρεια Προάστια)","1","105103","101","2111","117002","Double",,,"0","0","1","1220450831","https://m1.spitogatos.gr/362807361_1600x1200.jpg?v=20130730","https://m3.spitogatos.gr/362807363_1600x1200.jpg?v=20130730","https://m1.spitogatos.gr/362807364_1600x1200.jpg?v=20130730","https://m2.spitogatos.gr/362807365_1600x1200.jpg?v=20130730","https://m2.spitogatos.gr/362807368_1600x1200.jpg?v=20130730","https://m3.spitogatos.gr/362807369_1600x1200.jpg?v=20130730","https://m1.spitogatos.gr/362807370_1600x1200.jpg?v=20130730","https://m2.spitogatos.gr/362807371_1600x1200.jpg?v=20130730","https://m3.spitogatos.gr/362807372_1600x1200.jpg?v=20130730","https://m2.spitogatos.gr/362807374_1600x1200.jpg?v=20130730","https://m2.spitogatos.gr/362807377_1600x1200.jpg?v=20130730","https://m3.spitogatos.gr/362807378_1600x1200.jpg?v=20130730","https://m1.spitogatos.gr/362807379_1600x1200.jpg?v=20130730","https://m2.spitogatos.gr/362807380_1600x1200.jpg?v=20130730","https://m3.spitogatos.gr/362807381_1600x1200.jpg?v=20130730","https://m1.spitogatos.gr/362807382_1600x1200.jpg?v=20130730",,,,,,,,,,"1","1",,"1","38.03854","1","1","23.802931","1000","0","0","0","2026-07-28","0","0",,"0","0","1",,"1",,,,"0",,"0","850",,,"0","0","0","0","15.45",,,"1","6",,"1",,,"0","1","1","0","1",,"0","55","1","5",,"0","1","0","2026-07-22","https://www.spitogatos.gr/en/property/1220450831",,"0","0","2009",,"residential"
"1","2",,"vip","4",,,,,"0","0","0","0","2026-08-08","0","0","1","0","0",,,"house",,,"1","Νιώσε σαν στο σπίτι σου, όπου και αν επιλέξεις να μείνεις με την Blueground. Θα λατρέψεις αυτό το όμορφα επιπλωμένο διαμέρισμα δύο υπνοδωματίων, για τη διακόσμησή του, την πλήρως εξοπλισμένη κουζίνα και το άνετο καθιστικό του. Βρίσκεται σε ιδανική τοποθεσία, κοντά σε όλα όσα έχει να σου προσφέρει το Χαλάνδρι!<br><br />
<br />
Η διαφημιζόμενη τιμή των €1,380/μήνα είναι η τιμή για 1 έτος, με ημερομηνία έναρξης Αυγούστου 7, 2026.<br />
<br>Οι τιμές διαφέρουν ανάλογα με τη διάρκεια παραμονής, την εποχικότητα και άλλους παράγοντες. Επισκεφθείτε τον ιστότοπό μας και εισάγετε τις ημερομηνίες διαμονής σας για να δείτε ενημερωμένες τιμές για την κράτησή σας. Η τιμή ισχύει μόνο με προκαταβολή· ενδέχεται να είναι υψηλότερη εάν πληρωθεί σε δόσεις.<br />
<br />
<b>Κλείστε αυτό το διαμέρισμα online!</b><br />
<br />
https://www.theblueground.com/p/furnished-apartments/ath-818?utm_source=classified-4<br />
<br />
Aναβαθμίστε τη διαμονή σας με ένα πλήρως επιπλωμένο διαμέρισμα από τη Blueground:<br />
      – Επιπλωμένα σπίτια σε τιμές αντίστοιχες με τα ανεπίπλωτα<br />
      – Χωρίς κόστη εγκατάστασης ή αγοράς επίπλων - εξοικονομήστε χρόνο και χρήματα<br />
      – Έτοιμα για άμεση μετακόμιση - το μόνο που χρειάζεστε είναι η βαλίτσα σας<br />
<br />
<b>Ο χώρος</b><br><br />
Νιώσε σαν στο σπίτι σου σε αυτό το επιπλωμένο διαμέρισμα της Blueground με το μοναδικό design, τα μοντέρνα έπιπλα και την πλήρως εξοπλισμένη κουζίνα.<br />
Δες τις αγαπημένες σου ταινίες στη smart TV ή άκουσε δυνατά μουσική στα ασύρματα ηχεία τελευταίας τεχνολογίας. Ό,τι και να αποφασίσεις να κάνεις το μόνο σίγουρο είναι πως θα αγαπήσεις όλα όσα σου προσφέρει αυτό το ζεστό διαμέρισμα.<br />
<br />
<b>Διαρρύθμιση δωματίων ύπνου</b><br />
    <br />
        Υπέρδιπλο κρεβάτι: 160 εκ.<br />
<br />
        Διπλό κρεβάτι: 140 εκ.<br />
<br />
<b>Παροχές κτιρίου</b><br />
<br />
      Ασανσέρ<br />
      Πλυντήριο<br />
      Θέση στάθμευσης<br />
      Επιτρέπονται κατοικίδια<br />
<br />
<br />
<b>Άφιξη και συνεχής υποστήριξη πελατών</b><br><br />
Κατά τη διάρκεια της διαμονής σου, η ομάδα μας θα είναι διαθέσιμη για να σε βοηθήσει με οτιδήποτε χρειαστείς. Μέσω της ειδικής mobile εφαρμογής της Blueground έχεις συνεχή υποστήριξη, ενώ μπορείς ακόμη να προγραμματίσεις υπηρεσίες καθαρισμού, συντήρησης ή επισκευής, με το πάτημα ενός κουμπιού.<br />
<br />
<b>Ιδανική τοποθεσία</b><br />
<br />
Το Χαλάνδρι είναι μια ζωντανή γειτονιά, που βρίσκεται στα βόρεια προάστια, μόλις 10 χιλιόμετρα από το κέντρο της Αθήνας. Το Χαλάνδρι είναι γνωστό για τις εμπορικές του συνοικίες και τη ζωντανή σκηνή των μπαρ. Η περιοχή φιλοξενεί πολλές μεγάλες πολυεθνικές εταιρείες, οργανισμούς και πρεσβείες. Εξυπηρετείται από τους σταθμούς του μετρό Χαλάνδρι & Αγία Παρασκευή, καθώς και από συνδέσεις με λεωφορεία, ενώ έχει εύκολη πρόσβαση στην Αττική Οδό.",,"1",,"1","5","0","1","2025-09-05","7",,"0","yes","yes","0","Αθήνα - Βόρεια Προάστια (Αττική)","Χαλάνδρι (Αθήνα - Βόρεια Προάστια)","1","105103","101","2122","102122",,"1","1","0","0","1","1218179385","https://m2.spitogatos.gr/359903935_1600x1200.jpg?v=20130730","https://m1.spitogatos.gr/359903952_1600x1200.jpg?v=20130730","https://m3.spitogatos.gr/359903984_1600x1200.jpg?v=20130730","https://m1.spitogatos.gr/359903994_1600x1200.jpg?v=20130730","https://m3.spitogatos.gr/359904008_1600x1200.jpg?v=20130730","https://m3.spitogatos.gr/359904017_1600x1200.jpg?v=20130730","https://m1.spitogatos.gr/359904027_1600x1200.jpg?v=20130730","https://m2.spitogatos.gr/359904037_1600x1200.jpg?v=20130730","https://m2.spitogatos.gr/359904049_1600x1200.jpg?v=20130730","https://m3.spitogatos.gr/359904059_1600x1200.jpg?v=20130730","https://m2.spitogatos.gr/359904070_1600x1200.jpg?v=20130730","https://m3.spitogatos.gr/359904080_1600x1200.jpg?v=20130730","https://m3.spitogatos.gr/359904092_1600x1200.jpg?v=20130730","https://m3.spitogatos.gr/359904104_1600x1200.jpg?v=20130730","https://m1.spitogatos.gr/359904114_1600x1200.jpg?v=20130730","https://m1.spitogatos.gr/359904126_1600x1200.jpg?v=20130730","https://m2.spitogatos.gr/359904136_1600x1200.jpg?v=20130730","https://m2.spitogatos.gr/359904148_1600x1200.jpg?v=20130730","https://m1.spitogatos.gr/359904162_1600x1200.jpg?v=20130730","https://m2.spitogatos.gr/359904175_1600x1200.jpg?v=20130730","https://m2.spitogatos.gr/359904187_1600x1200.jpg?v=20130730","https://m2.spitogatos.gr/359904199_1600x1200.jpg?v=20130730","https://m2.spitogatos.gr/359904211_1600x1200.jpg?v=20130730","https://m1.spitogatos.gr/359904222_1600x1200.jpg?v=20130730","https://m3.spitogatos.gr/359904236_1600x1200.jpg?v=20130730","0","0",,"0","38.020168","1","0","23.798901",,"0",,,"2026-07-28","0","0",,"0","0","1",,"1","0","1","1","0","0","0","1380","2026-07-17 10:32:29","17","0","0","0","0","16.83","1670","true","1","3","6","1","0",,,,"2","0","1",,,"82","0",,"Thoukididou 11","1","1","0","2025-09-04","https://www.spitogatos.gr/en/property/1218179385","https://nodalview.com/V9SpeJfagVMvMkAJx8xPm38u","0",,"2009",,
"1","Ground Floor",,"vip","4",,,,,"0","0","0","0","2026-08-08","0","0","1","0","0",,,"house",,,"1","Ανακάλυψε τα καλύτερα σημεία του Χαλανδρίου , με αυτό το υπέροχο διαμέρισμα τριών υπνοδωματίων της Blueground. Προσφέρει μια πλήρως εξοπλισμένη κουζίνα, ένα φωτεινό καθιστικό. Επίσης, καθ’όλη τη διάρκεια της διαμονής σου θα έχεις τη δυνατότητα να επικοινωνήσεις εύκολα και άμεσα με την ομάδα υποστήριξης πελατών και να βρεις χρήσιμες πληροφορίες τόσο για το διαμέρισμά σου όσο και για τη γειτονιά μέσω της ειδικής mobile εφαρμογής.<br><br />
<br />
Η διαφημιζόμενη τιμή των €1,370/μήνα είναι η τιμή για 1 έτος, με ημερομηνία έναρξης Αυγούστου 7, 2026.<br />
<br>Οι τιμές διαφέρουν ανάλογα με τη διάρκεια παραμονής, την εποχικότητα και άλλους παράγοντες. Επισκεφθείτε τον ιστότοπό μας και εισάγετε τις ημερομηνίες διαμονής σας για να δείτε ενημερωμένες τιμές για την κράτησή σας. Η τιμή ισχύει μόνο με προκαταβολή· ενδέχεται να είναι υψηλότερη εάν πληρωθεί σε δόσεις.<br />
<br />
<b>Κλείστε αυτό το διαμέρισμα online!</b><br />
<br />
https://www.theblueground.com/p/furnished-apartments/ath-623?utm_source=classified-4<br />
<br />
Aναβαθμίστε τη διαμονή σας με ένα πλήρως επιπλωμένο διαμέρισμα από τη Blueground:<br />
      – Επιπλωμένα σπίτια σε τιμές αντίστοιχες με τα ανεπίπλωτα<br />
      – Χωρίς κόστη εγκατάστασης ή αγοράς επίπλων - εξοικονομήστε χρόνο και χρήματα<br />
      – Έτοιμα για άμεση μετακόμιση - το μόνο που χρειάζεστε είναι η βαλίτσα σας<br />
<br />
<b>Ο χώρος</b><br><br />
Έπιπλα μοναδικού design, πλήρως εξοπλισμένη κουζίνα, smart TV ή/και ασύρματα ηχεία τελευταίας τεχνολογίας, είναι λίγες μόνο από τις ανέσεις που σου προσφέρει αυτό το διαμέρισμα τριών υπνοδωματίων της Blueground. Θα το αγαπήσεις όμως και για τη μοναδική του τοποθεσία, καθώς βρίσκεται σε ένα από τα πιο κεντρικά σημεία του Χαλανδρίου.<br />
<br />
<b>Διαρρύθμιση δωματίων ύπνου</b><br />
    <br />
        Υπέρδιπλο κρεβάτι: 160 εκ.<br />
<br />
        Υπέρδιπλο κρεβάτι: 160 εκ.<br />
<br />
<b>Παροχές κτιρίου</b><br />
<br />
      Ασανσέρ<br />
      Πλυντήριο<br />
      Θέση στάθμευσης<br />
<br />
<br />
<b>Άφιξη και συνεχής υποστήριξη πελατών</b><br><br />
Κατά τη διάρκεια της διαμονής σου, η ομάδα μας θα είναι διαθέσιμη για να σε βοηθήσει με οτιδήποτε χρειαστείς. Μέσω της ειδικής mobile εφαρμογής της Blueground έχεις συνεχή υποστήριξη, ενώ μπορείς ακόμη να προγραμματίσεις υπηρεσίες καθαρισμού, συντήρησης ή επισκευής, με το πάτημα ενός κουμπιού.<br />
<br />
<b>Ιδανική τοποθεσία</b><br />
<br />
Το Χαλάνδρι είναι μια ζωντανή γειτονιά, που βρίσκεται στα βόρεια προάστια, μόλις 10 χιλιόμετρα από το κέντρο της Αθήνας. Το Χαλάνδρι είναι γνωστό για τις εμπορικές του συνοικίες και τη ζωντανή σκηνή των μπαρ. Η περιοχή φιλοξενεί πολλές μεγάλες πολυεθνικές εταιρείες, οργανισμούς και πρεσβείες. Εξυπηρετείται από τους σταθμούς του μετρό Χαλάνδρι & Αγία Παρασκευή, καθώς και από συνδέσεις με λεωφορεία, ενώ έχει εύκολη πρόσβαση στην Αττική Οδό.",,"1",,"1","4","0","1","2026-06-16","3",,"0","yes","yes","0","Αθήνα - Βόρεια Προάστια (Αττική)","Χαλάνδρι (Αθήνα - Βόρεια Προάστια)","1","105103","101","2122","107025",,"1","2","0","0","1","1220129427","https://m3.spitogatos.gr/359902868_1600x1200.jpg?v=20130730","https://m3.spitogatos.gr/359902883_1600x1200.jpg?v=20130730","https://m3.spitogatos.gr/359902895_1600x1200.jpg?v=20130730","https://m1.spitogatos.gr/359902905_1600x1200.jpg?v=20130730","https://m1.spitogatos.gr/359902917_1600x1200.jpg?v=20130730","https://m1.spitogatos.gr/359902926_1600x1200.jpg?v=20130730","https://m2.spitogatos.gr/359902936_1600x1200.jpg?v=20130730","https://m1.spitogatos.gr/359902944_1600x1200.jpg?v=20130730","https://m2.spitogatos.gr/359902954_1600x1200.jpg?v=20130730","https://m1.spitogatos.gr/359902962_1600x1200.jpg?v=20130730","https://m1.spitogatos.gr/359902971_1600x1200.jpg?v=20130730","https://m3.spitogatos.gr/359902979_1600x1200.jpg?v=20130730","https://m2.spitogatos.gr/359902987_1600x1200.jpg?v=20130730","https://m2.spitogatos.gr/359902996_1600x1200.jpg?v=20130730","https://m1.spitogatos.gr/359903004_1600x1200.jpg?v=20130730","https://m3.spitogatos.gr/359903015_1600x1200.jpg?v=20130730","https://m3.spitogatos.gr/359903024_1600x1200.jpg?v=20130730","https://m1.spitogatos.gr/359903034_1600x1200.jpg?v=20130730","https://m2.spitogatos.gr/359903044_1600x1200.jpg?v=20130730","https://m1.spitogatos.gr/359903055_1600x1200.jpg?v=20130730","https://m3.spitogatos.gr/359903063_1600x1200.jpg?v=20130730","https://m3.spitogatos.gr/359903078_1600x1200.jpg?v=20130730","https://m3.spitogatos.gr/359903090_1600x1200.jpg?v=20130730","https://m3.spitogatos.gr/359903099_1600x1200.jpg?v=20130730","https://m1.spitogatos.gr/359903106_1600x1200.jpg?v=20130730","0","0",,"0","38.031464","1","0","23.801151",,"0",,,"2026-07-28","0","0",,"0","0","2",,"1","0","1",,"0","0","0","1370","2026-07-16 11:58:01","9","0","0","0","0","11.42","1500","true","1","3","6","1","1",,,,"3","0","1",,,"120","0",,"Persefonis 5","1","1","0","2026-06-16","https://www.spitogatos.gr/en/property/1220129427",,"0",,"1980","lViYrzdUEOs",
"1","1","no","vip","4",,,,,"1","0","0","0","2026-07-24","0","0","1","0","1",,,"house",,,"1","Μαρούσι, Άγιος Θωμάς, Διαμέρισμα Προς Ενοικίαση, 87 τ.μ., Κατάσταση: Καταπληκτική, Όροφος: 1ος, 1 Επίπεδο/α, 2 Υ/Δ 1 Κουζίνα/ες, 1 Μπάνιο/α, 1 WC, Θέρμανση: Αυτόνομη - Πετρέλαιο, Θέα: Αστικό τοπίο, Έτος κατασκευής: 2014, Ενεργειακό Πιστοποιητικό: Δ, 1 θέση/εις στάθμευσης, Δάπεδα: Πατώματα + Πλακάκια, Kουφώματα: Αλουμινίου, Χαρακτηριστικά: Ασανσέρ, Πόρτα Ασφαλείας, Αποθήκη, Τζάκι, Καλωδιακή Τηλεόραση, Internet, Ηλ. Συσκευές, Διπλά Τζάμια, Βεράντες, Επιτρέπονται Κατοικίδια, Επενδυτικό, Πολυτελές, Διαμπερές, Προσόψεως, Φωτεινό, Γωνιακό, Κλιματισμός, Boiler, Νεόδμητο, Βαμμένο,  Ενοίκιο (Για 12+ μήνες € 1580), Ενοίκιο (Για 6+ μήνες € 1.620), Ενοίκιο (Για 2+ μήνες € 1.640), Ενοίκιο (Για 1 μήνα € 1.700), Προσανατολισμός: Βορειοδυτικός, Τιμή: 1.580€. Yestayhomes, Τηλ. Επικοινωνίας: 6951683696",,"1",,"1","6","1","1","2025-10-23","6","10","0","no","yes","0","Αθήνα - Βόρεια Προάστια (Αττική)","Μαρούσι (Αθήνα - Βόρεια Προάστια)","1","105103","101","2111","1170123","Double","1","1","0","0","1","1211477232","https://m2.spitogatos.gr/217829104_1600x1200.jpg?v=20130730","https://m2.spitogatos.gr/217829107_1600x1200.jpg?v=20130730","https://m1.spitogatos.gr/217829112_1600x1200.jpg?v=20130730","https://m1.spitogatos.gr/217829115_1600x1200.jpg?v=20130730","https://m3.spitogatos.gr/217829117_1600x1200.jpg?v=20130730","https://m1.spitogatos.gr/217829118_1600x1200.jpg?v=20130730","https://m2.spitogatos.gr/217829119_1600x1200.jpg?v=20130730","https://m3.spitogatos.gr/217829120_1600x1200.jpg?v=20130730","https://m1.spitogatos.gr/217829121_1600x1200.jpg?v=20130730","https://m2.spitogatos.gr/217829122_1600x1200.jpg?v=20130730","https://m3.spitogatos.gr/217829123_1600x1200.jpg?v=20130730","https://m1.spitogatos.gr/217829124_1600x1200.jpg?v=20130730","https://m2.spitogatos.gr/217829125_1600x1200.jpg?v=20130730","https://m3.spitogatos.gr/217829126_1600x1200.jpg?v=20130730","https://m1.spitogatos.gr/217829127_1600x1200.jpg?v=20130730","https://m2.spitogatos.gr/217829128_1600x1200.jpg?v=20130730","https://m3.spitogatos.gr/217829129_1600x1200.jpg?v=20130730","https://m1.spitogatos.gr/217829130_1600x1200.jpg?v=20130730","https://m3.spitogatos.gr/217829132_1600x1200.jpg?v=20130730","https://m1.spitogatos.gr/217829133_1600x1200.jpg?v=20130730","https://m2.spitogatos.gr/217829134_1600x1200.jpg?v=20130730","https://m3.spitogatos.gr/217829135_1600x1200.jpg?v=20130730","https://m1.spitogatos.gr/217829136_1600x1200.jpg?v=20130730","https://m2.spitogatos.gr/217829137_1600x1200.jpg?v=20130730","https://m1.spitogatos.gr/217829139_1600x1200.jpg?v=20130730","0","1","2","1","38.041145","1","1","23.79974",,"1",,,"2026-07-28","0","0",,"0","1","1","6","1","0","0","1","0","0","0","1580",,,"0","0","0","0","18.16",,,"1","3","6","1","0",,"0","1","2","0","1",,"0","87","1",,,"0","1","0","2021-08-18","https://www.spitogatos.gr/en/property/1211477232",,"1",,"2014",,"residential"
"1","2","no","vip","4",,,,,"1","1","0","0","2026-08-06","0","0","1","0","1",,,"house",,,"0","Μαρούσι, Δακτυλίδι, Διαμέρισμα Προς Ενοικίαση, 109 τ.μ., Κατάσταση: Καταπληκτική, Όροφος: 2ος, 1 Επίπεδο/α, 3 Υ/Δ 1 Κουζίνα/ες, 1 Μπάνιο/α, 1 WC, Θέρμανση: Ατομική - Φυσικό Αέριο, Θέα: Αστικό τοπίο, Έτος κατασκευής: 2004, Ενεργειακό Πιστοποιητικό: Α, 1 θέση/εις στάθμευσης, Δάπεδα: Πατώματα + Πλακάκια, Kουφώματα: Αλουμινίου, Χαρακτηριστικά: Ασανσέρ, Πόρτα Ασφαλείας, Συναγερμός, Θυροτηλεόραση, Αποθήκη, Internet, Διπλά Τζάμια, Βεράντες, Επιτρέπονται Κατοικίδια, Πολυτελές, Διαμπερές, Προσόψεως, Φωτεινό, Κλιματισμός, Ηλιακός, Boiler, Κήπος, Νεόδμητο, Βαμμένο,  Ενοίκιο (Για 1+ έτος € 1480), Ενοίκιο (Για 6+ μήνες € 1530), Ενοίκιο (Για 2+ μήνες € 1580), Ενοίκιο (Για 1+ μήνα € 1730), Προσανατολισμός: Ανατολικός, Κοντά σε: Προαστιακό, Τιμή: 1.480€. Yestayhomes, Τηλ. Επικοινωνίας: 6951683696",,"1",,"1","2","1","0","2026-07-01","7","10","0","no","yes","1","Αθήνα - Βόρεια Προάστια (Αττική)","Μαρούσι (Αθήνα - Βόρεια Προάστια)","1","105103","101","2111",,"Double","1","2","0","0","1","129319486","https://m2.spitogatos.gr/196474870_1600x1200.jpg?v=20130730","https://m3.spitogatos.gr/292127834_1600x1200.jpg?v=20130730","https://m2.spitogatos.gr/292127836_1600x1200.jpg?v=20130730","https://m2.spitogatos.gr/292127839_1600x1200.jpg?v=20130730","https://m3.spitogatos.gr/292127843_1600x1200.jpg?v=20130730","https://m3.spitogatos.gr/292127846_1600x1200.jpg?v=20130730","https://m1.spitogatos.gr/292127847_1600x1200.jpg?v=20130730","https://m2.spitogatos.gr/292127848_1600x1200.jpg?v=20130730","https://m1.spitogatos.gr/292127850_1600x1200.jpg?v=20130730","https://m2.spitogatos.gr/292127851_1600x1200.jpg?v=20130730","https://m3.spitogatos.gr/292127852_1600x1200.jpg?v=20130730","https://m2.spitogatos.gr/292127854_1600x1200.jpg?v=20130730","https://m2.spitogatos.gr/292127857_1600x1200.jpg?v=20130730","https://m3.spitogatos.gr/292127861_1600x1200.jpg?v=20130730","https://m2.spitogatos.gr/292127863_1600x1200.jpg?v=20130730","https://m2.spitogatos.gr/292127866_1600x1200.jpg?v=20130730","https://m3.spitogatos.gr/292127867_1600x1200.jpg?v=20130730","https://m2.spitogatos.gr/292127869_1600x1200.jpg?v=20130730","https://m1.spitogatos.gr/292127871_1600x1200.jpg?v=20130730","https://m1.spitogatos.gr/292127874_1600x1200.jpg?v=20130730","https://m3.spitogatos.gr/292127876_1600x1200.jpg?v=20130730","https://m3.spitogatos.gr/292127879_1600x1200.jpg?v=20130730","https://m1.spitogatos.gr/292127880_1600x1200.jpg?v=20130730","https://m3.spitogatos.gr/292127885_1600x1200.jpg?v=20130730",,"0","0","2","1","38.056049","1","1","23.816948",,"1",,,"2026-07-28","0","0",,"0","1","1","1","1","0","0","1","0","0","0","1480",,,"0","0","0","0","13.58",,,"1","3","6","1","0",,"0","1","3","0","1",,"1","109","1",,,"0","1","0","2020-01-02","https://www.spitogatos.gr/en/property/129319486",,"1",,"2004",,
"1","1","no","vip","4",,,,,"1","1","0","0","2026-06-12","0","1","0","0","1",,,"house",,,"0","Μαρούσι, Δακτυλίδι, Διαμέρισμα Προς Ενοικίαση, 98 τ.μ., Κατάσταση: Καταπληκτική, Όροφος: 1ος, 1 Επίπεδο/α, 3 Υ/Δ (1 Master), 1 Κουζίνα/ες, 2 Μπάνιο/α, Θέρμανση: Αυτόνομη - Πετρέλαιο, Έτος κατασκευής: 2010, Ενεργειακό Πιστοποιητικό: Α, 2 θέση/εις στάθμευσης, Δάπεδα: Πατώματα + Πλακάκια, Kουφώματα: Αλουμινίου, Χαρακτηριστικά: Ασανσέρ, Πόρτα Ασφαλείας, Συναγερμός, Θυροτηλεόραση, Τζάκι, Internet, Διπλά Τζάμια, Σίτες, Τέντες, Metro, Επιπλωμένο, Πολυτελές, Διαμπερές, Προσόψεως, Φωτεινό, Κλιματισμός, Βαμμένο,  Ενοίκιο (Για 12+ μήνες €1740), Ενοίκιο (Για 6+ μήνες €1790), Ενοίκιο (Για 2+ μήνες €1840), Ενοίκιο (Για 1+ μήνα €1950), Προσανατολισμός: Ανατολικομεσημβρινός, Τιμή: 1.740€. Yestayhomes, Τηλ. Επικοινωνίας: 6951683696",,"1",,"1","2","1","1","2019-01-15","6","10","0","yes","yes","0","Αθήνα - Βόρεια Προάστια (Αττική)","Μαρούσι (Αθήνα - Βόρεια Προάστια)","1","105103","101","2111",,"Double","1","1","0","0","1","127777439","https://m3.spitogatos.gr/181248764_1600x1200.jpg?v=20130730","https://m1.spitogatos.gr/181248765_1600x1200.jpg?v=20130730","https://m3.spitogatos.gr/181248767_1600x1200.jpg?v=20130730","https://m1.spitogatos.gr/181248768_1600x1200.jpg?v=20130730","https://m2.spitogatos.gr/181248769_1600x1200.jpg?v=20130730","https://m1.spitogatos.gr/181248771_1600x1200.jpg?v=20130730","https://m2.spitogatos.gr/181248772_1600x1200.jpg?v=20130730","https://m3.spitogatos.gr/181248773_1600x1200.jpg?v=20130730","https://m1.spitogatos.gr/181248774_1600x1200.jpg?v=20130730","https://m2.spitogatos.gr/181248775_1600x1200.jpg?v=20130730","https://m1.spitogatos.gr/181248777_1600x1200.jpg?v=20130730","https://m2.spitogatos.gr/181248778_1600x1200.jpg?v=20130730","https://m3.spitogatos.gr/181248779_1600x1200.jpg?v=20130730","https://m2.spitogatos.gr/181248781_1600x1200.jpg?v=20130730","https://m3.spitogatos.gr/181248782_1600x1200.jpg?v=20130730","https://m1.spitogatos.gr/181248783_1600x1200.jpg?v=20130730","https://m3.spitogatos.gr/181248785_1600x1200.jpg?v=20130730","https://m1.spitogatos.gr/181248786_1600x1200.jpg?v=20130730","https://m3.spitogatos.gr/181248788_1600x1200.jpg?v=20130730","https://m1.spitogatos.gr/181248789_1600x1200.jpg?v=20130730","https://m2.spitogatos.gr/181248790_1600x1200.jpg?v=20130730","https://m3.spitogatos.gr/181248791_1600x1200.jpg?v=20130730","https://m2.spitogatos.gr/181248796_1600x1200.jpg?v=20130730",,,"0","0","2","1","38.044273","1","1","23.799294","98","1",,,"2026-07-28","0","0",,"0","0","2","3","1","0","1",,"0","0","0","1740",,,"0","0","0","0","17.76",,,"1","3","6","1","0",,"0","1","3","0","1",,"0","98","0",,,"0","1","0","2019-01-15","https://www.spitogatos.gr/en/property/127777439",,"0",,"2010",,
"1","4","yes","vip","4",,,,,"1","0","0","0","2026-06-10","0","0","1","0","1",,,"house",,,"0","Μαρούσι, Παράδεισος, Διαμέρισμα Προς Ενοικίαση, 150 τ.μ., Κατάσταση: Καταπληκτική, Όροφος: 4ος, 1 Επίπεδο/α, 3 Υ/Δ 1 Κουζίνα/ες, 2 Μπάνιο/α, Θέρμανση: Αυτόνομη - Πετρέλαιο, Θέα: Καλή, Έτος κατασκευής: 1979, Ενεργειακό Πιστοποιητικό: Γ, 1 θέση/εις στάθμευσης, Δάπεδα: Πατώματα + Πλακάκια, Kουφώματα: Αλουμινίου, Χαρακτηριστικά: Ασανσέρ, Πόρτα Ασφαλείας, Θυροτηλεόραση, Αποθήκη, Τζάκι, Internet, Ηλ. Συσκευές, Διπλά Τζάμια, Βεράντες, Επιτρέπονται Κατοικίδια, Επιπλωμένο, Πολυτελές, Διαμπερές, Προσόψεως, Φωτεινό, Κλιματισμός, Boiler, Βαμμένο, Ανακαινισμένο,  Ενοίκιο (Για 12+ μήνες 2100), Ενοίκιο (Για 6+ μήνες 2150), Ενοίκιο (Για 2+ μήνες 2200€), Ενοίκιο (Για 1 μήνα 2200€), Προσανατολισμός: Νότιος, Τιμή: 2.100€. Yestayhomes, Τηλ. Επικοινωνίας: 6986749007",,"1",,"1","5","1","1","2026-06-10","9","10","0","yes","yes","0","Αθήνα - Βόρεια Προάστια (Αττική)","Μαρούσι (Αθήνα - Βόρεια Προάστια)","1","105103","101","2111","117002",,"1","1","0","0","1","1220091444","https://m1.spitogatos.gr/356759826_1600x1200.jpg?v=20130730","https://m2.spitogatos.gr/356759830_1600x1200.jpg?v=20130730","https://m3.spitogatos.gr/356759834_1600x1200.jpg?v=20130730","https://m3.spitogatos.gr/356759837_1600x1200.jpg?v=20130730","https://m3.spitogatos.gr/356759840_1600x1200.jpg?v=20130730","https://m1.spitogatos.gr/356759844_1600x1200.jpg?v=20130730","https://m2.spitogatos.gr/356759848_1600x1200.jpg?v=20130730","https://m3.spitogatos.gr/356759852_1600x1200.jpg?v=20130730","https://m3.spitogatos.gr/356759858_1600x1200.jpg?v=20130730","https://m1.spitogatos.gr/356759886_1600x1200.jpg?v=20130730","https://m2.spitogatos.gr/356759890_1600x1200.jpg?v=20130730","https://m3.spitogatos.gr/356759894_1600x1200.jpg?v=20130730","https://m3.spitogatos.gr/356759897_1600x1200.jpg?v=20130730","https://m1.spitogatos.gr/356759901_1600x1200.jpg?v=20130730","https://m2.spitogatos.gr/356759905_1600x1200.jpg?v=20130730","https://m3.spitogatos.gr/356759909_1600x1200.jpg?v=20130730","https://m3.spitogatos.gr/356759912_1600x1200.jpg?v=20130730",,,,,,,,,"0","0","2","1","38.03487","1","1","23.814583",,"1",,,"2026-07-28","0","0",,"0","0","2","10","1","0","0","1","0","0","0","2100",,,"0","0","0","0","14",,,"1","3","6","1","1","2025","0","1","3","0","1",,"0","150","1",,,"0","1","0","2026-06-10","https://www.spitogatos.gr/en/property/1220091444",,"1",,"1979",,"residential"
