"AC","Floor Level","accessibleForDisabled","adType_code","adType_id","agentEmployee_firstName","agentEmployee_id","agentEmployee_lastName","agentEmployee_telephone","airy","alarm","attic","auction","availability","availableForDailyRent","awning","balcony","balconyArea","bright","builtInBBQ","byTheSea","category","caveBuilding","commonExpenses","corner","description","distanceSea","doubleGlass","electricCarChargingFacilities","elevator","energyClass","facade","fireplace","firstPublishDate","floorNumber","floorType","forCommercialUse","furnished","garage","garden","geographiesByLevel_2_fullName","geographiesByLevel_4_fullName","geographyParentIds_0","geographyParentIds_1","geographyParentIds_2","geographyParentIds_4","geographyParentIds_5","glassType","heatingController","heatingMedium","heatingUnderFloor","holidayHome","host_id","id","images/0","images/1","images/2","images/3","images/4","images/5","images/6","images/7","images/8","images/9","images/10","images/11","images/12","images/13","images/14","images/15","images/16","images/17","images/18","images/19","images/20","images/21","images/22","images/23","images/24","internal_stairs","investment","joinery","kitchens","latitude","levels","livingRooms","longitude","lotSize","luxHome","mannedReception","medicalOffice","modified","negotiablePrice","neoclassic","nightPower","no_of_WC","no_of_bathrooms","numberOfFloors","orientation","painted","penthouse","pestNet","petsAllowed","playroom","pool","preserved","price","priceChangeDate","priceChangePercentage","priceIncludesInternet","priceIncludesPower","priceIncludesSharedExp","priceIncludesWater","pricePerSqMeters","pricePreReduction","priceReduced","propertyPublishingOptionIds/0","propertyPublishingOptionIds/1","propertyPublishingOptionIds/2","published","renovated","renovationYear","requiresRenovation","road_type","rooms","satelite","secure_door","showOnlyPartnerPhone","solar_heater","sq_meters","storage","storageArea","streetAddress","studentHome","subtype","unfinished","uploaded","url","view","wholeFloorApartment","year_of_construction","youtubeVideoId","zoning"
"1","5","yes","simple","1",,,,,"1","0","0","0","2025-11-24","0","1","1","0","1",,,"house",,,"1","η τιμή συζητήσιμη <br />
Ενοικίαση, Διαμέρισμα,  Μπάνια: 1,  Εμβαδόν: 110 τ.μ.,  Δωμάτια: 2,  Έτος κατασκευής: 1975,  Κλιματισμός,  Θέα,  Βεράντα,  Ασανσέρ,  Τζάκι,  Αποθήκη,  Όροφος: 5ος,  Γωνιακό,  Πρόσοψης,  Επιτρέπονται κατοικίδια,  Ανακαινισμένο,  Τέντα,  Διαμπερές,  Φωτεινό,  Κουζίνες: 1,  Κουφώματα: Αλουμινίου,  Τύπος δαπέδων: Ξύλο,  Πρόσβαση για ΑΜΕΑ,  Θέρμανση: Κεντρική θέρμανση,  Μέσο θέρμανσης: Πετρέλαιο,  Πρόσβαση από: Άσφαλτο,  Ζώνη: Οικιστική ζώνη,  Ενεργειακή κλάση: Ε",,"0",,"1","7","1","1","2025-11-24","10","2","0","no","no","0","Αθήνα - Νότια Προάστια (Αττική)","Ζωγράφου (Αθήνα - Νότια Προάστια)","1","105103","102","2211","123150",,"2","1","0","0","1","1218713736","https://m3.spitogatos.gr/335437004_1600x1200.jpg?v=20130730","https://m1.spitogatos.gr/335437011_1600x1200.jpg?v=20130730","https://m3.spitogatos.gr/335437016_1600x1200.jpg?v=20130730","https://m1.spitogatos.gr/335437023_1600x1200.jpg?v=20130730","https://m1.spitogatos.gr/335437029_1600x1200.jpg?v=20130730","https://m2.spitogatos.gr/335437033_1600x1200.jpg?v=20130730","https://m2.spitogatos.gr/335437039_1600x1200.jpg?v=20130730","https://m2.spitogatos.gr/335437045_1600x1200.jpg?v=20130730","https://m3.spitogatos.gr/335437052_1600x1200.jpg?v=20130730","https://m3.spitogatos.gr/335437064_1600x1200.jpg?v=20130730","https://m2.spitogatos.gr/335437078_1600x1200.jpg?v=20130730","https://m2.spitogatos.gr/335437090_1600x1200.jpg?v=20130730","https://m2.spitogatos.gr/335437102_1600x1200.jpg?v=20130730","https://m2.spitogatos.gr/335437120_1600x1200.jpg?v=20130730","https://m2.spitogatos.gr/335437138_1600x1200.jpg?v=20130730","https://m2.spitogatos.gr/335437147_1600x1200.jpg?v=20130730","https://m2.spitogatos.gr/335437156_1600x1200.jpg?v=20130730","https://m2.spitogatos.gr/335437165_1600x1200.jpg?v=20130730","https://m3.spitogatos.gr/335437175_1600x1200.jpg?v=20130730","https://m1.spitogatos.gr/335437185_1600x1200.jpg?v=20130730","https://m1.spitogatos.gr/335437191_1600x1200.jpg?v=20130730","https://m3.spitogatos.gr/335437202_1600x1200.jpg?v=20130730","https://m1.spitogatos.gr/335437206_1600x1200.jpg?v=20130730","https://m3.spitogatos.gr/335437211_1600x1200.jpg?v=20130730","https://m1.spitogatos.gr/335437218_1600x1200.jpg?v=20130730","0","0","2","1","37.981346","1","0","23.763966",,"0",,,"2025-11-24","0","0","0","0","1",,,"0","0","0","1","0","0","0","1100",,,"0","0","0","0","10",,,"1","3","6","1","1",,"0","1","2","0","0",,"0","110","1",,"Παπαδιαμαντοπούλου 108, Ζωγράφου 157 73, Ελλάδα","0","1","0","2025-11-24","https://www.spitogatos.gr/en/property/1218713736","1",,"1975",,"residential"
"0","3","no","simple","1",,,,,"1","0","0","0","2026-05-05","0","1","1","0","1","0","false","house","0",,"0","Διατίθεται προς ενοικίαση ανακαινισμένο οροφοδιαμέρισμα 3ου ορόφου, επιφάνειας 120 τ.μ., σε εξαιρετικά προνομιακή τοποθεσία στον Άγιο Δημήτριο.<br />
<br />
Το ακίνητο διαθέτει άνετη και λειτουργική διαρρύθμιση, με τρία υπνοδωμάτια, ευρύχωρο σαλόνι, ανεξάρτητη κουζίνα, ένα μπάνιο και ένα WC, αποτελώντας ιδανική επιλογή για οικογένεια ή επαγγελματίες που αναζητούν άνετους χώρους διαβίωσης.<br />
<br />
Η διαμπερής του διάταξη, ο βορειοανατολικός προσανατολισμός και οι δύο βεράντες εξασφαλίζουν φυσικό φως και ευχάριστη αίσθηση ανοιχτού χώρου καθ’ όλη τη διάρκεια της ημέρας.<br />
<br />
Ιδιαίτερο πλεονέκτημα αποτελεί η τοποθεσία του, καθώς βρίσκεται σε μικρή απόσταση με τα πόδια από σταθμό μετρό και προσφέρει άμεση πρόσβαση σε βασική οδική αρτηρία, διευκολύνοντας σημαντικά την καθημερινή μετακίνηση. Παράλληλα, το κέντρο της Αθήνας, το Μητροπολιτικό Πάρκο Ελληνικού και η παραλιακή ζώνη της Αθηναϊκής Ριβιέρας είναι εύκολα προσβάσιμα, ενώ σε κοντινή απόσταση βρίσκονται καταστήματα, σχολεία και όλες οι απαραίτητες υποδομές.<br />
<br />
Το ακίνητο διαθέτει ατομική θέρμανση με θερμοσυσσωρευτές, ηλιακό θερμοσίφωνα, κουφώματα αλουμινίου με ενεργειακά διπλά τζάμια και δάπεδα από πλακάκι και ξύλο. Επιπλέον, περιλαμβάνει πόρτα ασφαλείας, τέντες και σύνδεση internet, ενώ επιτρέπονται κατοικίδια.<br />
<br />
Ένα άνετο και φωτεινό διαμέρισμα, έτοιμο να φιλοξενήσει μια πρακτική και ευχάριστη καθημερινότητα.<br />
<br />
Για άμεση και προσωπική εξυπηρέτηση, επικοινωνήστε σήμερα με το Axon Real Estate στο 2109229058 ή στο info@axon.com.gr. Η έμπειρη ομάδα μας σας απαντά γρήγορα και με συνέπεια, προτείνοντας λύσεις προσαρμοσμένες στις ανάγκες σας και συνοδεύοντας κάθε βήμα της αναζήτησής σας μέχρι να αποκτήσετε το ιδανικό σπίτι. Ένας εξειδικευμένος συνεργάτης είναι πάντα στη διάθεσή σας για άμεσο ραντεβού και υπεύθυνη ενημέρωση, ώστε να απολαύσετε μια πραγματικά ανώτερη εμπειρία αγοράς ακινήτου.<br />
<br />
Παρακαλείται ο ενδιαφερόμενος όπως, κατά την προσέλευση στο ραντεβού, φέρει απαραιτήτως μαζί του την αστυνομική του ταυτότητα, για λόγους ταυτοποίησης.<br />
<br />
Axon Real Estate, Τηλέφωνο Επικοινωνίας: 2109229058, email: info@axon.com.gr, website: www.axonrealestate.gr","4000",,"0","0","6","1","0","2026-05-05","8","10","0","no","no","0","Αθήνα - Νότια Προάστια (Αττική)","Δάφνη (Αθήνα - Νότια Προάστια)","1","105103","102","2209",,"Double","4","6","0","0","1","1219826757","https://m1.spitogatos.gr/352398921_1600x1200.jpg?v=20130730","https://m3.spitogatos.gr/352398923_1600x1200.jpg?v=20130730","https://m1.spitogatos.gr/352398927_1600x1200.jpg?v=20130730","https://m1.spitogatos.gr/352398936_1600x1200.jpg?v=20130730","https://m1.spitogatos.gr/352398942_1600x1200.jpg?v=20130730","https://m3.spitogatos.gr/352398947_1600x1200.jpg?v=20130730","https://m1.spitogatos.gr/352398954_1600x1200.jpg?v=20130730","https://m2.spitogatos.gr/352398961_1600x1200.jpg?v=20130730","https://m2.spitogatos.gr/352398967_1600x1200.jpg?v=20130730","https://m3.spitogatos.gr/352398974_1600x1200.jpg?v=20130730","https://m3.spitogatos.gr/352398980_1600x1200.jpg?v=20130730","https://m1.spitogatos.gr/352398987_1600x1200.jpg?v=20130730","https://m1.spitogatos.gr/352398993_1600x1200.jpg?v=20130730","https://m1.spitogatos.gr/352398999_1600x1200.jpg?v=20130730","https://m3.spitogatos.gr/352399004_1600x1200.jpg?v=20130730","https://m2.spitogatos.gr/352399009_1600x1200.jpg?v=20130730","https://m2.spitogatos.gr/352399015_1600x1200.jpg?v=20130730","https://m2.spitogatos.gr/352399018_1600x1200.jpg?v=20130730","https://m1.spitogatos.gr/352399020_1600x1200.jpg?v=20130730","https://m3.spitogatos.gr/352399022_1600x1200.jpg?v=20130730","https://m3.spitogatos.gr/352399025_1600x1200.jpg?v=20130730",,,,,"0","1","2","1","37.945858","1","1","23.740807",,"0","0",,"2026-05-05","0","0","0","1","1",,"5","1","0","0","1","0","0","0","1100",,,"0","0","0","0","9.17",,,"1","3","6","1","1","2025","0","1","3","0","1",,"1","120","0",,,"1","1","0","2026-05-05","https://www.spitogatos.gr/en/property/1219826757","1","1","1980","B9iOV0YJyIc","residential"
"0","Upper Ground","no","simple","1",,,,,"0","0","0","0","2026-07-13","0","0","0","5","1","0","false","house","0","0","0","Κωδικός Ακινήτου: #12463 | Ζωγράφου, Κέντρο<br><br />
Ενοικιάζεται μερικώς ανακαινισμένη γκαρσονιέρα 30 τ.μ. σε ημιώροφο, ιδανική για φοιτητές ή επαγγελματίες που επιθυμούν να βρίσκονται κοντά στο κέντρο της πόλης. Το ακίνητο διαθέτει έναν άνετο υπνοδωμάτιο, ξεχωριστή κουζίνα και πλήρως εξοπλισμένο μπάνιο. Κατασκευασμένο το 1970, το διαμέρισμα συνδυάζει την κλασική γοητεία των δαπέδων από μωσαϊκό και ξύλο με τις σύγχρονες ανέσεις που προσφέρουν οι πρόσφατες ανακαινίσεις. Επιπλέον, το ακίνητο διαθέτει πατάρι αποθήκευσης, προσφέροντας επιπλέον χώρο για την αποθήκευση προσωπικών αντικειμένων. Η τοποθεσία του είναι εξαιρετική, με άμεση πρόσβαση στο κέντρο της πόλης και σε όλες τις βασικές υπηρεσίες.<br><br />
 <br><br />
Η τιμή ενοικίασης είναι 450€/μήνα.   Κωδικός Ακινήτου: #12463<br><br />
 <br><br />
ΚΑΤΑ ΤΗΝ ΥΠΟΔΕΙΞΗ ΤΟΥ ΑΚΙΝΗΤΟΥ ΑΠΑΙΤΕΙΤΑΙ ΝΑ ΓΙΝΕΤΑΙ ΕΠΙΔΕΙΞΗ ΤΗΣ ΑΣΤΥΝΟΜΙΚΗΣ ΣΑΣ ΤΑΥΤΟΤΗΤΑΣ ΣΥΜΦΩΝΑ ΜΕ ΤΟΝ Ν.4072/11-04-2012 Φ.Ε.Κ 86Α<br /><br />ΤΑ ΣΤΟΙΧΕΙΑ ΤΩΝ ΑΚΙΝΗΤΩΝ ΕΙΝΑΙ ΚΑΤΑ ΔΗΛΩΣΗ ΤΟΥ ΙΔΙΟΚΤΗΤΗ<br /><br />ΑΚΙΝΗΤΑ ΑΠΟΚΛΕΙΣΤΙΚΗΣ ΔΙΑΘΕΣΗΣ ΜΕ ΦΩΤΟΓΡΑΦΙΕΣ ΠΟΥ ΔΙΑΧΕΙΡΙΖΕΤΑΙ Η ΕΤΑΙΡΙΑ ΜΑΣ ΘΑ ΒΡΕΙΤΕ ΣΤΗΝ ΙΣΤΟΣΕΛΙΔΑ ΜΑΣ<br /><br /> ►WEBSITE: www.tzelihome.gr<br /><br /> ✔ ΓΙΑ ΤΗΝ ΚΑΛΥΤΕΡΗ ΕΞΥΠΗΡΕΤΗΣΗ ΣΑΣ ΧΡΗΣΙΜΟΠΟΙΕΙΣΤΕ ΤΟΝ ΚΩΔΙΚΟ ΑΚΙΝΗΤΟΥ ΠΟΥ ΑΝΑΓΡΑΦΕΤΑΙ ΣΤΗΝ ΠΕΡΙΓΡΑΦΗ<br /> ✔ Η ΔΙΕΥΘΥΝΣΗ ΣΤΟΝ ΧΑΡΤΗ ΕΧΕΙ ΤΟΠΟΘΕΤΗΘΕΙ ΚΑΤΑ ΠΡΟΣΕΓΓΙΣΗ<br /> ✔ ΟΙ ΑΚΡΙΒΕΙΣ ΠΛΗΡΟΦΟΡΙΕΣ ΤΗΣ ΔΙΕΥΘΥΝΣΗΣ ΠΑΡΕΧΟΝΤΑΙ ΣΤΗΝ ΥΠΟΔΕΙΞΗ ΤΟΥ ΑΚΙΝΗΤΟΥ<br /><br /> ΜΕΣΙΤΙΚΟ ΓΡΑΦΕΙΟ TZELI HOME<br /> ΥΜΗΤΤΟΥ 41 , ΚΑΙΣΑΡΙΑΝΗ , ΤΚ 16121<br /><br /> ΕΠΙΚΟΙΝΩΝΗΣΤΕ ΜΑΖΙ ΜΑΣ:<br /> ►WEBSITE : www.tzelihome.gr<br /> ►E-MAIL : tzelihome@gmail.com<br /> ►ΚΙΝΗΤΟ : 6906.062.919 <br /> ►ΤΗΛΕΦΩΝΟ : 211.001.4573 & 211.001.4574<br>","7000",,"0","0","9","0","0","2026-07-13","4","11","0","no","no","0","Αθήνα - Νότια Προάστια (Αττική)","Ζωγράφου (Αθήνα - Νότια Προάστια)","1","105103","102","2211","102211","Single","1","4","0","0","1","1220371312","https://m2.spitogatos.gr/361528735_1600x1200.jpg?v=20130730","https://m3.spitogatos.gr/361528754_1600x1200.jpg?v=20130730","https://m3.spitogatos.gr/361528760_1600x1200.jpg?v=20130730","https://m1.spitogatos.gr/361528764_1600x1200.jpg?v=20130730","https://m3.spitogatos.gr/361528769_1600x1200.jpg?v=20130730","https://m2.spitogatos.gr/361528774_1600x1200.jpg?v=20130730","https://m2.spitogatos.gr/361528777_1600x1200.jpg?v=20130730","https://m1.spitogatos.gr/361528815_1600x1200.jpg?v=20130730","https://m2.spitogatos.gr/361528816_1600x1200.jpg?v=20130730","https://m3.spitogatos.gr/361528820_1600x1200.jpg?v=20130730","https://m1.spitogatos.gr/361528833_1600x1200.jpg?v=20130730","https://m3.spitogatos.gr/361528835_1600x1200.jpg?v=20130730","https://m3.spitogatos.gr/361528844_1600x1200.jpg?v=20130730","https://m1.spitogatos.gr/361528869_1600x1200.jpg?v=20130730","https://m1.spitogatos.gr/361528872_1600x1200.jpg?v=20130730","https://m2.spitogatos.gr/361528888_1600x1200.jpg?v=20130730","https://m2.spitogatos.gr/361528891_1600x1200.jpg?v=20130730","https://m2.spitogatos.gr/361528894_1600x1200.jpg?v=20130730","https://m2.spitogatos.gr/361528906_1600x1200.jpg?v=20130730","https://m3.spitogatos.gr/361528910_1600x1200.jpg?v=20130730","https://m2.spitogatos.gr/361528912_1600x1200.jpg?v=20130730","https://m3.spitogatos.gr/361528934_1600x1200.jpg?v=20130730","https://m1.spitogatos.gr/361528950_1600x1200.jpg?v=20130730","https://m1.spitogatos.gr/361528953_1600x1200.jpg?v=20130730","https://m3.spitogatos.gr/361528955_1600x1200.jpg?v=20130730","0","0","1","1","37.977283","1","0","23.767612",,"0","0","0","2026-07-13","0","0","0","0","1",,"11","0","0","0","1","0","0","0","450",,,"0","0","0","0","12.5",,,"1","3","6","1","1","2025","0","1","1","0","0",,"0","36","0",,,"0","2","0","2026-07-13","https://www.spitogatos.gr/en/property/1220371312","0",,"1970","bF3BeNcOGQo","residential"
"1","4","no","simple","1",,,,,"0","0","0","0","2026-07-08","0","1","1","8","1","0","false","house","0","0","0"," Κωδικός Ακινήτου: #12420  Ζωγράφου, Κέντρο: Ενοικιάζεται Γκαρσονιέρα 40τ.μ. προσόψεως στον 4ο όροφο με ασανσέρ . Σε μια ήσυχη και εξυπηρετική περιοχή, αυτή η λειτουργική κατοικία αποτελεί ιδανική επιλογή για έναν ή δύο ενοικιαστές που αναζητούν άνεση και πρακτικότητα στην καθημερινότητά τους. Αποτελείται από ένα ευρύχωρο υπνοδωμάτιο, ανεξάρτητη κουζίνα και μπάνιο, ενώ διατίθεται πλήρως επιπλωμένη και έτοιμη προς κατοίκηση. Έχει κατασκευαστεί το 1970, είναι φρεσκοβαμμένη και διαθέτει κουφώματα αλουμινίου με διπλά τζάμια, πόρτα ασφαλείας, κλιματισμό, μαρμάρινα δάπεδα και τέντες, προσφέροντας άνεση και λειτουργικότητα σε κάθε εποχή του χρόνου. Επιπλέον, διαθέτει πατάρι αποθήκευσης, προσφέροντας πολύτιμο επιπλέον χώρο για την οργάνωση των προσωπικών σας αντικειμένων. Η άμεση πρόσβαση σε μέσα μαζικής μεταφοράς καθιστά το ακίνητο ιδανική επιλογή για όσους επιθυμούν εύκολες και γρήγορες μετακινήσεις μέσα στην πόλη.<br><br />
 <br><br />
 <br><br />
Τιμή 500€ | Κωδικός Ακινήτου: #12420<br><br />
 <br><br />
ΚΑΤΑ ΤΗΝ ΥΠΟΔΕΙΞΗ ΤΟΥ ΑΚΙΝΗΤΟΥ ΑΠΑΙΤΕΙΤΑΙ ΝΑ ΓΙΝΕΤΑΙ ΕΠΙΔΕΙΞΗ ΤΗΣ ΑΣΤΥΝΟΜΙΚΗΣ ΣΑΣ ΤΑΥΤΟΤΗΤΑΣ ΣΥΜΦΩΝΑ ΜΕ ΤΟΝ Ν.4072/11-04-2012 Φ.Ε.Κ 86Α<br /><br />ΤΑ ΣΤΟΙΧΕΙΑ ΤΩΝ ΑΚΙΝΗΤΩΝ ΕΙΝΑΙ ΚΑΤΑ ΔΗΛΩΣΗ ΤΟΥ ΙΔΙΟΚΤΗΤΗ<br /><br />ΑΚΙΝΗΤΑ ΑΠΟΚΛΕΙΣΤΙΚΗΣ ΔΙΑΘΕΣΗΣ ΜΕ ΦΩΤΟΓΡΑΦΙΕΣ ΠΟΥ ΔΙΑΧΕΙΡΙΖΕΤΑΙ Η ΕΤΑΙΡΙΑ ΜΑΣ ΘΑ ΒΡΕΙΤΕ ΣΤΗΝ ΙΣΤΟΣΕΛΙΔΑ ΜΑΣ<br /><br /> ►WEBSITE: www.tzelihome.gr<br /><br /> ✔ ΓΙΑ ΤΗΝ ΚΑΛΥΤΕΡΗ ΕΞΥΠΗΡΕΤΗΣΗ ΣΑΣ ΧΡΗΣΙΜΟΠΟΙΕΙΣΤΕ ΤΟΝ ΚΩΔΙΚΟ ΑΚΙΝΗΤΟΥ ΠΟΥ ΑΝΑΓΡΑΦΕΤΑΙ ΣΤΗΝ ΠΕΡΙΓΡΑΦΗ<br /> ✔ Η ΔΙΕΥΘΥΝΣΗ ΣΤΟΝ ΧΑΡΤΗ ΕΧΕΙ ΤΟΠΟΘΕΤΗΘΕΙ ΚΑΤΑ ΠΡΟΣΕΓΓΙΣΗ<br /> ✔ ΟΙ ΑΚΡΙΒΕΙΣ ΠΛΗΡΟΦΟΡΙΕΣ ΤΗΣ ΔΙΕΥΘΥΝΣΗΣ ΠΑΡΕΧΟΝΤΑΙ ΣΤΗΝ ΥΠΟΔΕΙΞΗ ΤΟΥ ΑΚΙΝΗΤΟΥ<br /><br /> ΜΕΣΙΤΙΚΟ ΓΡΑΦΕΙΟ TZELI HOME<br /> ΥΜΗΤΤΟΥ 41 , ΚΑΙΣΑΡΙΑΝΗ , ΤΚ 16121<br /><br /> ΕΠΙΚΟΙΝΩΝΗΣΤΕ ΜΑΖΙ ΜΑΣ:<br /> ►WEBSITE : www.tzelihome.gr<br /> ►E-MAIL : tzelihome@gmail.com<br /> ►ΚΙΝΗΤΟ : 6906.062.919 <br /> ►ΤΗΛΕΦΩΝΟ : 211.001.4573 & 211.001.4574<br>","8500",,"0","1","8","1","0","2026-07-08","9","1","0","yes","no","0","Αθήνα - Νότια Προάστια (Αττική)","Ζωγράφου (Αθήνα - Νότια Προάστια)","1","105103","102","2211","102211","Double","1","4","0","0","1","1220333777","https://m2.spitogatos.gr/360942382_1600x1200.jpg?v=20130730","https://m1.spitogatos.gr/360942384_1600x1200.jpg?v=20130730","https://m3.spitogatos.gr/360942386_1600x1200.jpg?v=20130730","https://m3.spitogatos.gr/360942389_1600x1200.jpg?v=20130730","https://m3.spitogatos.gr/360942392_1600x1200.jpg?v=20130730","https://m3.spitogatos.gr/360942395_1600x1200.jpg?v=20130730","https://m2.spitogatos.gr/360942400_1600x1200.jpg?v=20130730","https://m2.spitogatos.gr/360942403_1600x1200.jpg?v=20130730","https://m1.spitogatos.gr/360942408_1600x1200.jpg?v=20130730","https://m1.spitogatos.gr/360942411_1600x1200.jpg?v=20130730","https://m2.spitogatos.gr/360942415_1600x1200.jpg?v=20130730","https://m1.spitogatos.gr/360942417_1600x1200.jpg?v=20130730","https://m1.spitogatos.gr/360942420_1600x1200.jpg?v=20130730","https://m1.spitogatos.gr/360942423_1600x1200.jpg?v=20130730","https://m1.spitogatos.gr/360942426_1600x1200.jpg?v=20130730","https://m1.spitogatos.gr/360942429_1600x1200.jpg?v=20130730","https://m3.spitogatos.gr/360942431_1600x1200.jpg?v=20130730","https://m3.spitogatos.gr/360942434_1600x1200.jpg?v=20130730","https://m2.spitogatos.gr/360942436_1600x1200.jpg?v=20130730","https://m2.spitogatos.gr/360942439_1600x1200.jpg?v=20130730","https://m2.spitogatos.gr/360942442_1600x1200.jpg?v=20130730","https://m2.spitogatos.gr/360942445_1600x1200.jpg?v=20130730","https://m2.spitogatos.gr/360942448_1600x1200.jpg?v=20130730","https://m1.spitogatos.gr/360942453_1600x1200.jpg?v=20130730","https://m3.spitogatos.gr/360942455_1600x1200.jpg?v=20130730","0","0","2","1","37.976597","1","0","23.770422",,"0","0","0","2026-07-08","0","0","0","0","1",,"3","1","0","0",,"0","0","0","500",,,"0","0","0","0","12.5",,,"1","3","6","1","0",,"0","1","1","0","1",,"0","40","0",,,"0","2","0","2026-07-08","https://www.spitogatos.gr/en/property/1220333777","0",,"1970","wy9IAgRRgWU","residential"
"0","2","no","simple","1",,,,,"0","0","0","0","2026-07-07","0","0","1","14","1","0","false","house","0","25","0","Κωδικός Ακινήτου: #12403<br><br />
Στην ήσυχη και ιδιαίτερα εξυπηρετούμενη περιοχή των Άνω Ιλισίων, στου Ζωγράφου, διατίθεται προς ενοικίαση ευρύχωρο και φωτεινό, μερικώς ανακαινισμένο διαμέρισμα 125 τ.μ., στον 2ο όροφο πολυκατοικίας με ανελκυστήρα. Πρόκειται για μια εξαιρετική επιλογή για οικογένειες ή όσους αναζητούν άνετους χώρους διαβίωσης σε μια περιοχή με άμεση πρόσβαση σε μέσα μαζικής μεταφοράς, εκπαιδευτικά ιδρύματα, αγορά και όλες τις καθημερινές εξυπηρετήσεις. Το διαμέρισμα διαθέτει τρία ευρύχωρα υπνοδωμάτια, μεγάλο και φωτεινό σαλόνι, ανεξάρτητη κουζίνα και δύο μπάνια, προσφέροντας λειτουργικότητα και άνεση στην καθημερινότητα. Είναι κατασκευής 1975, πρόσφατα βαμμένο και εξοπλισμένο με αυτόνομη θέρμανση πετρελαίου, κουφώματα αλουμινίου με διπλά τζάμια, εξωτερική θέση στάθμευσης και δάπεδα από πλακάκι. Επιπλέον, διαθέτει πρακτικό πατάρι αποθήκευσης, προσφέροντας επιπλέον χώρο για οργάνωση. Ένα ακίνητο που συνδυάζει μεγάλους χώρους, άνεση και εξαιρετική τοποθεσία, αποτελώντας ιδανική πρόταση για όσους επιθυμούν μια ποιοτική κατοικία σε μία από τις πιο δημοφιλείς περιοχές της Αθήνας.<br><br />
 <br><br />
Τιμή ενοικίασης: 1.000€ | Κωδικός Ακινήτου: #12403<br><br />
<br /> ΚΑΤΑ ΤΗΝ ΥΠΟΔΕΙΞΗ ΤΟΥ ΑΚΙΝΗΤΟΥ ΑΠΑΙΤΕΙΤΑΙ ΝΑ ΓΙΝΕΤΑΙ ΕΠΙΔΕΙΞΗ ΤΗΣ ΑΣΤΥΝΟΜΙΚΗΣ ΣΑΣ ΤΑΥΤΟΤΗΤΑΣ ΣΥΜΦΩΝΑ ΜΕ ΤΟΝ Ν.4072/11-04-2012 Φ.Ε.Κ 86Α<br /><br />ΤΑ ΣΤΟΙΧΕΙΑ ΤΩΝ ΑΚΙΝΗΤΩΝ ΕΙΝΑΙ ΚΑΤΑ ΔΗΛΩΣΗ ΤΟΥ ΙΔΙΟΚΤΗΤΗ<br /><br />ΑΚΙΝΗΤΑ ΑΠΟΚΛΕΙΣΤΙΚΗΣ ΔΙΑΘΕΣΗΣ ΜΕ ΦΩΤΟΓΡΑΦΙΕΣ ΠΟΥ ΔΙΑΧΕΙΡΙΖΕΤΑΙ Η ΕΤΑΙΡΙΑ ΜΑΣ ΘΑ ΒΡΕΙΤΕ ΣΤΗΝ ΙΣΤΟΣΕΛΙΔΑ ΜΑΣ<br /><br /> ►WEBSITE: www.tzelihome.gr<br /><br /> ✔ ΓΙΑ ΤΗΝ ΚΑΛΥΤΕΡΗ ΕΞΥΠΗΡΕΤΗΣΗ ΣΑΣ ΧΡΗΣΙΜΟΠΟΙΕΙΣΤΕ ΤΟΝ ΚΩΔΙΚΟ ΑΚΙΝΗΤΟΥ ΠΟΥ ΑΝΑΓΡΑΦΕΤΑΙ ΣΤΗΝ ΠΕΡΙΓΡΑΦΗ<br /> ✔ Η ΔΙΕΥΘΥΝΣΗ ΣΤΟΝ ΧΑΡΤΗ ΕΧΕΙ ΤΟΠΟΘΕΤΗΘΕΙ ΚΑΤΑ ΠΡΟΣΕΓΓΙΣΗ<br /> ✔ ΟΙ ΑΚΡΙΒΕΙΣ ΠΛΗΡΟΦΟΡΙΕΣ ΤΗΣ ΔΙΕΥΘΥΝΣΗΣ ΠΑΡΕΧΟΝΤΑΙ ΣΤΗΝ ΥΠΟΔΕΙΞΗ ΤΟΥ ΑΚΙΝΗΤΟΥ<br /><br /> ΜΕΣΙΤΙΚΟ ΓΡΑΦΕΙΟ TZELI HOME<br /> ΥΜΗΤΤΟΥ 41 , ΚΑΙΣΑΡΙΑΝΗ , ΤΚ 16121<br /><br /> ΕΠΙΚΟΙΝΩΝΗΣΤΕ ΜΑΖΙ ΜΑΣ:<br /> ►WEBSITE : www.tzelihome.gr<br /> ►E-MAIL : tzelihome@gmail.com<br /> ►ΚΙΝΗΤΟ : 6906.062.919 <br /> ►ΤΗΛΕΦΩΝΟ : 211.001.4573 & 211.001.4574<br>","8500",,"0","1","7","0","0","2026-07-07","7","4","0","no","yes","0","Αθήνα - Νότια Προάστια (Αττική)","Ζωγράφου (Αθήνα - Νότια Προάστια)","1","105103","102","2211","6112","Double","1","1","0","0","1","1220322911","https://m1.spitogatos.gr/360777945_1600x1200.jpg?v=20130730","https://m3.spitogatos.gr/360777950_1600x1200.jpg?v=20130730","https://m1.spitogatos.gr/360777954_1600x1200.jpg?v=20130730","https://m3.spitogatos.gr/360777956_1600x1200.jpg?v=20130730","https://m3.spitogatos.gr/360777962_1600x1200.jpg?v=20130730","https://m1.spitogatos.gr/360777966_1600x1200.jpg?v=20130730","https://m3.spitogatos.gr/360777971_1600x1200.jpg?v=20130730","https://m2.spitogatos.gr/360777976_1600x1200.jpg?v=20130730","https://m1.spitogatos.gr/360777981_1600x1200.jpg?v=20130730","https://m2.spitogatos.gr/360777985_1600x1200.jpg?v=20130730","https://m2.spitogatos.gr/360777988_1600x1200.jpg?v=20130730","https://m2.spitogatos.gr/360777991_1600x1200.jpg?v=20130730","https://m2.spitogatos.gr/360777994_1600x1200.jpg?v=20130730","https://m1.spitogatos.gr/360777996_1600x1200.jpg?v=20130730","https://m1.spitogatos.gr/360777999_1600x1200.jpg?v=20130730","https://m1.spitogatos.gr/360778002_1600x1200.jpg?v=20130730","https://m3.spitogatos.gr/360778004_1600x1200.jpg?v=20130730","https://m2.spitogatos.gr/360778006_1600x1200.jpg?v=20130730","https://m3.spitogatos.gr/360778007_1600x1200.jpg?v=20130730","https://m1.spitogatos.gr/360778008_1600x1200.jpg?v=20130730","https://m2.spitogatos.gr/360778009_1600x1200.jpg?v=20130730","https://m3.spitogatos.gr/360778010_1600x1200.jpg?v=20130730","https://m1.spitogatos.gr/360778011_1600x1200.jpg?v=20130730","https://m2.spitogatos.gr/360778012_1600x1200.jpg?v=20130730","https://m2.spitogatos.gr/360778027_1600x1200.jpg?v=20130730","0","0","2","1","37.973473","1","1","23.771523",,"0","0","0","2026-07-20","0","0","0","0","2",,"3","1","0","0",,"0","0","0","1000",,,"0","0","0","0","8",,,"1","3","6","1","1","2018","0","1","3","0","0",,"0","125","0",,,"0","1","0","2026-07-07","https://www.spitogatos.gr/en/property/1220322911","0",,"1975","8I3Nli6wRcI","residential"
"1","Ground Floor","no","simple","1",,,,,"0","0","0","0","2026-07-07","0","0","0","1","1","0","false","house","0","20","0","Κωδικός Ακινήτου: #12394. Ζωγράφου, Άνω Ιλίσια: Ενοικιάζεται Διαμέρισμα 55τ.μ. σε ισόγειο . Αποτελείται από 1 υπνοδωμάτιο, 1 κουζίνα, 1 σαλόνι, και μπάνιο. Είναι κατασκευασμένο το 1975, κοντά σε ΜΕΣΑ ΜΑΖΙΚΗΣ ΜΕΤΑΦΟΡΑΣ και διαθέτει κουφώματα αλουμινίου, κλιματισμό, δάπεδα από μωσαϊκό & ξύλο.. Επιπλέον χαρακτηριστικά: ΠΑΤΑΡΙ ΑΠΟΘΗΚΕΥΣΗΣ .<br><br />
Τιμή 500€ | Κωδικός Ακινήτου: #12394<br><br />
<br /> ΚΑΤΑ ΤΗΝ ΥΠΟΔΕΙΞΗ ΤΟΥ ΑΚΙΝΗΤΟΥ ΑΠΑΙΤΕΙΤΑΙ ΝΑ ΓΙΝΕΤΑΙ ΕΠΙΔΕΙΞΗ ΤΗΣ ΑΣΤΥΝΟΜΙΚΗΣ ΣΑΣ ΤΑΥΤΟΤΗΤΑΣ ΣΥΜΦΩΝΑ ΜΕ ΤΟΝ Ν.4072/11-04-2012 Φ.Ε.Κ 86Α<br /><br />ΤΑ ΣΤΟΙΧΕΙΑ ΤΩΝ ΑΚΙΝΗΤΩΝ ΕΙΝΑΙ ΚΑΤΑ ΔΗΛΩΣΗ ΤΟΥ ΙΔΙΟΚΤΗΤΗ<br /><br />ΑΚΙΝΗΤΑ ΑΠΟΚΛΕΙΣΤΙΚΗΣ ΔΙΑΘΕΣΗΣ ΜΕ ΦΩΤΟΓΡΑΦΙΕΣ ΠΟΥ ΔΙΑΧΕΙΡΙΖΕΤΑΙ Η ΕΤΑΙΡΙΑ ΜΑΣ ΘΑ ΒΡΕΙΤΕ ΣΤΗΝ ΙΣΤΟΣΕΛΙΔΑ ΜΑΣ<br /><br /> ►WEBSITE: www.tzelihome.gr<br /><br /> ✔ ΓΙΑ ΤΗΝ ΚΑΛΥΤΕΡΗ ΕΞΥΠΗΡΕΤΗΣΗ ΣΑΣ ΧΡΗΣΙΜΟΠΟΙΕΙΣΤΕ ΤΟΝ ΚΩΔΙΚΟ ΑΚΙΝΗΤΟΥ ΠΟΥ ΑΝΑΓΡΑΦΕΤΑΙ ΣΤΗΝ ΠΕΡΙΓΡΑΦΗ<br /> ✔ Η ΔΙΕΥΘΥΝΣΗ ΣΤΟΝ ΧΑΡΤΗ ΕΧΕΙ ΤΟΠΟΘΕΤΗΘΕΙ ΚΑΤΑ ΠΡΟΣΕΓΓΙΣΗ<br /> ✔ ΟΙ ΑΚΡΙΒΕΙΣ ΠΛΗΡΟΦΟΡΙΕΣ ΤΗΣ ΔΙΕΥΘΥΝΣΗΣ ΠΑΡΕΧΟΝΤΑΙ ΣΤΗΝ ΥΠΟΔΕΙΞΗ ΤΟΥ ΑΚΙΝΗΤΟΥ<br /><br /> ΜΕΣΙΤΙΚΟ ΓΡΑΦΕΙΟ TZELI HOME<br /> ΥΜΗΤΤΟΥ 41 , ΚΑΙΣΑΡΙΑΝΗ , ΤΚ 16121<br /><br /> ΕΠΙΚΟΙΝΩΝΗΣΤΕ ΜΑΖΙ ΜΑΣ:<br /> ►WEBSITE : www.tzelihome.gr<br /> ►E-MAIL : tzelihome@gmail.com<br /> ►ΚΙΝΗΤΟ : 6906.062.919 <br /> ►ΤΗΛΕΦΩΝΟ : 211.001.4573 & 211.001.4574<br>","8000",,"0","0","9","0","0","2026-07-07","3","11","0","no","no","0","Αθήνα - Νότια Προάστια (Αττική)","Ζωγράφου (Αθήνα - Νότια Προάστια)","1","105103","102","2211","102211","Single","1","4","0","0","1","1220322812","https://m3.spitogatos.gr/360775085_1600x1200.jpg?v=20130730","https://m1.spitogatos.gr/360775089_1600x1200.jpg?v=20130730","https://m1.spitogatos.gr/360775092_1600x1200.jpg?v=20130730","https://m2.spitogatos.gr/360775096_1600x1200.jpg?v=20130730","https://m1.spitogatos.gr/360775119_1600x1200.jpg?v=20130730","https://m2.spitogatos.gr/360775138_1600x1200.jpg?v=20130730","https://m2.spitogatos.gr/360775144_1600x1200.jpg?v=20130730","https://m1.spitogatos.gr/360775149_1600x1200.jpg?v=20130730","https://m1.spitogatos.gr/360775152_1600x1200.jpg?v=20130730","https://m2.spitogatos.gr/360775174_1600x1200.jpg?v=20130730","https://m3.spitogatos.gr/360775178_1600x1200.jpg?v=20130730","https://m3.spitogatos.gr/360775184_1600x1200.jpg?v=20130730","https://m1.spitogatos.gr/360775188_1600x1200.jpg?v=20130730","https://m1.spitogatos.gr/360775194_1600x1200.jpg?v=20130730","https://m2.spitogatos.gr/360775201_1600x1200.jpg?v=20130730","https://m2.spitogatos.gr/360775207_1600x1200.jpg?v=20130730","https://m2.spitogatos.gr/360775213_1600x1200.jpg?v=20130730","https://m1.spitogatos.gr/360775218_1600x1200.jpg?v=20130730","https://m2.spitogatos.gr/360775222_1600x1200.jpg?v=20130730","https://m3.spitogatos.gr/360775226_1600x1200.jpg?v=20130730","https://m1.spitogatos.gr/360775230_1600x1200.jpg?v=20130730","https://m2.spitogatos.gr/360775234_1600x1200.jpg?v=20130730","https://m1.spitogatos.gr/360775239_1600x1200.jpg?v=20130730","https://m3.spitogatos.gr/360775244_1600x1200.jpg?v=20130730","https://m3.spitogatos.gr/360775250_1600x1200.jpg?v=20130730","0","0","2","1","37.97488","1","1","23.771769",,"0","0","0","2026-07-07","0","0","0","0","1",,"2","0","0","0",,"0","0","0","500",,,"0","0","0","0","9.09",,,"1","3","6","1","0",,"0","1","1","0","0",,"0","55","0",,,"0","1","0","2026-07-07","https://www.spitogatos.gr/en/property/1220322812","0",,"1975","0lTeYpC0k20","residential"
"0","Upper Ground","no","simple","1",,,,,"0","0","0","0","2026-07-01","0","0","0","1","1","0","false","house","0","0","0","Κωδικός Ακινήτου: #12311. Ζωγράφου, Άνω Ιλίσια: Ενοικιάζεται Διαμέρισμα 48τ.μ. προσόψεως σε ημιώροφο με κεντρική θέρμανση πετρελαίου. Αποτελείται από 1 υπνοδωμάτιο, 1 κουζίνα, 1 σαλόνι, και μπάνιο. Είναι κατασκευασμένο το 1975, κοντά σε ΜΕΣΑ ΜΑΖΙΚΗΣ ΜΕΤΑΦΟΡΑΣ και διαθέτει  δάπεδα από μωσαϊκό & ξύλο.. Επιπλέον χαρακτηριστικά: ΠΑΤΑΡΙ ΑΠΟΘΗΚΕΥΣΗΣ .<br><br />
Τιμή 480€ | Κωδικός Ακινήτου: #12311<br><br />
<br /> ΚΑΤΑ ΤΗΝ ΥΠΟΔΕΙΞΗ ΤΟΥ ΑΚΙΝΗΤΟΥ ΑΠΑΙΤΕΙΤΑΙ ΝΑ ΓΙΝΕΤΑΙ ΕΠΙΔΕΙΞΗ ΤΗΣ ΑΣΤΥΝΟΜΙΚΗΣ ΣΑΣ ΤΑΥΤΟΤΗΤΑΣ ΣΥΜΦΩΝΑ ΜΕ ΤΟΝ Ν.4072/11-04-2012 Φ.Ε.Κ 86Α<br /><br />ΤΑ ΣΤΟΙΧΕΙΑ ΤΩΝ ΑΚΙΝΗΤΩΝ ΕΙΝΑΙ ΚΑΤΑ ΔΗΛΩΣΗ ΤΟΥ ΙΔΙΟΚΤΗΤΗ<br /><br />ΑΚΙΝΗΤΑ ΑΠΟΚΛΕΙΣΤΙΚΗΣ ΔΙΑΘΕΣΗΣ ΜΕ ΦΩΤΟΓΡΑΦΙΕΣ ΠΟΥ ΔΙΑΧΕΙΡΙΖΕΤΑΙ Η ΕΤΑΙΡΙΑ ΜΑΣ ΘΑ ΒΡΕΙΤΕ ΣΤΗΝ ΙΣΤΟΣΕΛΙΔΑ ΜΑΣ<br /><br /> ►WEBSITE: www.tzelihome.gr<br /><br /> ✔ ΓΙΑ ΤΗΝ ΚΑΛΥΤΕΡΗ ΕΞΥΠΗΡΕΤΗΣΗ ΣΑΣ ΧΡΗΣΙΜΟΠΟΙΕΙΣΤΕ ΤΟΝ ΚΩΔΙΚΟ ΑΚΙΝΗΤΟΥ ΠΟΥ ΑΝΑΓΡΑΦΕΤΑΙ ΣΤΗΝ ΠΕΡΙΓΡΑΦΗ<br /> ✔ Η ΔΙΕΥΘΥΝΣΗ ΣΤΟΝ ΧΑΡΤΗ ΕΧΕΙ ΤΟΠΟΘΕΤΗΘΕΙ ΚΑΤΑ ΠΡΟΣΕΓΓΙΣΗ<br /> ✔ ΟΙ ΑΚΡΙΒΕΙΣ ΠΛΗΡΟΦΟΡΙΕΣ ΤΗΣ ΔΙΕΥΘΥΝΣΗΣ ΠΑΡΕΧΟΝΤΑΙ ΣΤΗΝ ΥΠΟΔΕΙΞΗ ΤΟΥ ΑΚΙΝΗΤΟΥ<br /><br /> ΜΕΣΙΤΙΚΟ ΓΡΑΦΕΙΟ TZELI HOME<br /> ΥΜΗΤΤΟΥ 41 , ΚΑΙΣΑΡΙΑΝΗ , ΤΚ 16121<br /><br /> ΕΠΙΚΟΙΝΩΝΗΣΤΕ ΜΑΖΙ ΜΑΣ:<br /> ►WEBSITE : www.tzelihome.gr<br /> ►E-MAIL : tzelihome@gmail.com<br /> ►ΚΙΝΗΤΟ : 6906.062.919 <br /> ►ΤΗΛΕΦΩΝΟ : 211.001.4573 & 211.001.4574<br>","8000",,"0","0","9","1","0","2026-07-01","4","11","0","no","no","0","Αθήνα - Νότια Προάστια (Αττική)","Ζωγράφου (Αθήνα - Νότια Προάστια)","1","105103","102","2211","6112","Single","2","1","0","0","1","1220282594","https://m1.spitogatos.gr/360122481_1600x1200.jpg?v=20130730","https://m3.spitogatos.gr/360122483_1600x1200.jpg?v=20130730","https://m3.spitogatos.gr/360122486_1600x1200.jpg?v=20130730","https://m2.spitogatos.gr/360122491_1600x1200.jpg?v=20130730","https://m3.spitogatos.gr/360122495_1600x1200.jpg?v=20130730","https://m3.spitogatos.gr/360122498_1600x1200.jpg?v=20130730","https://m2.spitogatos.gr/360122500_1600x1200.jpg?v=20130730","https://m2.spitogatos.gr/360122503_1600x1200.jpg?v=20130730","https://m2.spitogatos.gr/360122506_1600x1200.jpg?v=20130730","https://m3.spitogatos.gr/360122507_1600x1200.jpg?v=20130730","https://m3.spitogatos.gr/360122510_1600x1200.jpg?v=20130730","https://m2.spitogatos.gr/360122512_1600x1200.jpg?v=20130730","https://m2.spitogatos.gr/360122515_1600x1200.jpg?v=20130730","https://m2.spitogatos.gr/360122518_1600x1200.jpg?v=20130730","https://m3.spitogatos.gr/360122519_1600x1200.jpg?v=20130730","https://m2.spitogatos.gr/360122521_1600x1200.jpg?v=20130730","https://m3.spitogatos.gr/360122525_1600x1200.jpg?v=20130730","https://m2.spitogatos.gr/360122527_1600x1200.jpg?v=20130730","https://m2.spitogatos.gr/360122530_1600x1200.jpg?v=20130730","https://m3.spitogatos.gr/360122534_1600x1200.jpg?v=20130730","https://m1.spitogatos.gr/360122538_1600x1200.jpg?v=20130730","https://m2.spitogatos.gr/360122542_1600x1200.jpg?v=20130730","https://m3.spitogatos.gr/360122546_1600x1200.jpg?v=20130730","https://m1.spitogatos.gr/360122550_1600x1200.jpg?v=20130730","https://m2.spitogatos.gr/360122554_1600x1200.jpg?v=20130730","0","0","1","1","37.972069","1","1","23.771067",,"0","0","0","2026-07-01","0","0","0","0","1",,"2","0","0","0",,"0","0","0","480",,,"0","0","0","0","10",,,"1","3","6","1","0",,"0","1","1","0","0",,"0","48","0",,,"0","1","0","2026-07-01","https://www.spitogatos.gr/en/property/1220282594","0",,"1975","K8gc8RV8Woc","residential"
"1","3","no","simple","1",,,,,"1","0","0","0","2026-06-30","0","1","1","10","1","0","false","house","0","30","0","Κωδικός Ακινήτου: #12297. Ζωγράφου, Πανεπιστημιούπολη: Ενοικιάζεται πλήρως ανακαινισμένο διαμπερές Διαμέρισμα 85τ.μ. προσόψεως στον 3ο όροφο με ασανσέρ με κεντρική θέρμανση πετρελαίου. Αποτελείται από 2 υπνοδωμάτια, 1 κουζίνα, 1 σαλόνι, και μπάνιο. Είναι κατασκευασμένο το 1974, βαμμένο, κοντά σε ΜΕΣΑ ΜΑΖΙΚΗΣ ΜΕΤΑΦΟΡΑΣ και διαθέτει κουφώματα αλουμινίου με διπλά τζάμια, πόρτα ασφαλείας, κλιματισμό, δάπεδα από πλακάκι & ξύλο, τέντες, σίτες. Επιτρέπονται τα κατοικίδια. Επιπλέον χαρακτηριστικά: ΘΥΡΟΤΗΛΕΟΡΑΣΗ, ΠΑΤΑΡΙ ΑΠΟΘΗΚΕΥΣΗΣ .<br><br />
Τιμή 970€ | Κωδικός Ακινήτου: #12297<br><br />
ΚΑΤΑ ΤΗΝ ΥΠΟΔΕΙΞΗ ΤΟΥ ΑΚΙΝΗΤΟΥ ΑΠΑΙΤΕΙΤΑΙ ΝΑ ΓΙΝΕΤΑΙ ΕΠΙΔΕΙΞΗ ΤΗΣ ΑΣΤΥΝΟΜΙΚΗΣ ΣΑΣ ΤΑΥΤΟΤΗΤΑΣ ΣΥΜΦΩΝΑ ΜΕ ΤΟΝ Ν.4072/11-04-2012 Φ.Ε.Κ 86Α<br /><br />ΤΑ ΣΤΟΙΧΕΙΑ ΤΩΝ ΑΚΙΝΗΤΩΝ ΕΙΝΑΙ ΚΑΤΑ ΔΗΛΩΣΗ ΤΟΥ ΙΔΙΟΚΤΗΤΗ<br /><br />ΑΚΙΝΗΤΑ ΑΠΟΚΛΕΙΣΤΙΚΗΣ ΔΙΑΘΕΣΗΣ ΜΕ ΦΩΤΟΓΡΑΦΙΕΣ ΠΟΥ ΔΙΑΧΕΙΡΙΖΕΤΑΙ Η ΕΤΑΙΡΙΑ ΜΑΣ ΘΑ ΒΡΕΙΤΕ ΣΤΗΝ ΙΣΤΟΣΕΛΙΔΑ ΜΑΣ<br /><br /> ►WEBSITE: www.tzelihome.gr<br /><br /> ✔ ΓΙΑ ΤΗΝ ΚΑΛΥΤΕΡΗ ΕΞΥΠΗΡΕΤΗΣΗ ΣΑΣ ΧΡΗΣΙΜΟΠΟΙΕΙΣΤΕ ΤΟΝ ΚΩΔΙΚΟ ΑΚΙΝΗΤΟΥ ΠΟΥ ΑΝΑΓΡΑΦΕΤΑΙ ΣΤΗΝ ΠΕΡΙΓΡΑΦΗ<br /> ✔ Η ΔΙΕΥΘΥΝΣΗ ΣΤΟΝ ΧΑΡΤΗ ΕΧΕΙ ΤΟΠΟΘΕΤΗΘΕΙ ΚΑΤΑ ΠΡΟΣΕΓΓΙΣΗ<br /> ✔ ΟΙ ΑΚΡΙΒΕΙΣ ΠΛΗΡΟΦΟΡΙΕΣ ΤΗΣ ΔΙΕΥΘΥΝΣΗΣ ΠΑΡΕΧΟΝΤΑΙ ΣΤΗΝ ΥΠΟΔΕΙΞΗ ΤΟΥ ΑΚΙΝΗΤΟΥ<br /><br /> ΜΕΣΙΤΙΚΟ ΓΡΑΦΕΙΟ TZELI HOME<br /> ΥΜΗΤΤΟΥ 41 , ΚΑΙΣΑΡΙΑΝΗ , ΤΚ 16121<br /><br /> ΕΠΙΚΟΙΝΩΝΗΣΤΕ ΜΑΖΙ ΜΑΣ:<br /> ►WEBSITE : www.tzelihome.gr<br /> ►E-MAIL : tzelihome@gmail.com<br /> ►ΚΙΝΗΤΟ : 6906.062.919 <br /> ►ΤΗΛΕΦΩΝΟ : 211.001.4573 & 211.001.4574<br>","8000",,"0","1","6","1","0","2026-06-30","8","10","0","no","no","0","Αθήνα - Νότια Προάστια (Αττική)","Ζωγράφου (Αθήνα - Νότια Προάστια)","1","105103","102","2211","107159","Double","2","1","0","0","1","1220273209","https://m1.spitogatos.gr/359971176_1600x1200.jpg?v=20130730","https://m3.spitogatos.gr/359971178_1600x1200.jpg?v=20130730","https://m2.spitogatos.gr/359971180_1600x1200.jpg?v=20130730","https://m2.spitogatos.gr/359971183_1600x1200.jpg?v=20130730","https://m1.spitogatos.gr/359971185_1600x1200.jpg?v=20130730","https://m2.spitogatos.gr/359971192_1600x1200.jpg?v=20130730","https://m2.spitogatos.gr/359971198_1600x1200.jpg?v=20130730","https://m3.spitogatos.gr/359971202_1600x1200.jpg?v=20130730","https://m3.spitogatos.gr/359971205_1600x1200.jpg?v=20130730","https://m3.spitogatos.gr/359971208_1600x1200.jpg?v=20130730","https://m2.spitogatos.gr/359971210_1600x1200.jpg?v=20130730","https://m1.spitogatos.gr/359971212_1600x1200.jpg?v=20130730","https://m2.spitogatos.gr/359971213_1600x1200.jpg?v=20130730","https://m1.spitogatos.gr/359971215_1600x1200.jpg?v=20130730","https://m2.spitogatos.gr/359971216_1600x1200.jpg?v=20130730","https://m1.spitogatos.gr/359971218_1600x1200.jpg?v=20130730","https://m2.spitogatos.gr/359971219_1600x1200.jpg?v=20130730","https://m1.spitogatos.gr/359971221_1600x1200.jpg?v=20130730","https://m3.spitogatos.gr/359971223_1600x1200.jpg?v=20130730","https://m1.spitogatos.gr/359971224_1600x1200.jpg?v=20130730","https://m3.spitogatos.gr/359971226_1600x1200.jpg?v=20130730","https://m1.spitogatos.gr/359971227_1600x1200.jpg?v=20130730","https://m3.spitogatos.gr/359971229_1600x1200.jpg?v=20130730","https://m1.spitogatos.gr/359971230_1600x1200.jpg?v=20130730","https://m3.spitogatos.gr/359971232_1600x1200.jpg?v=20130730","0","0","2","1","37.971188","1","1","23.778028",,"0","0","0","2026-06-30","0","0","0","0","1",,"2","1","0","1","1","0","0","0","970",,,"0","0","0","0","11.41",,,"1","3","6","1","1","2024","0","1","2","0","1",,"0","85","0",,,"0","1","0","2026-06-30","https://www.spitogatos.gr/en/property/1220273209","0",,"1974","pJyvb1hz9xw","residential"
"0","Ground Floor","no","simple","1",,,,,"0","0","0","0","2026-06-24","0","0","0","1","1","0","false","house","0","15","0","Κωδικός Ακινήτου: #12235. Ζωγράφου, Πανεπιστημιούπολη: Ενοικιάζεται Διαμέρισμα 41τ.μ. σε ισόγειο με αυτόνομη θέρμανση πετρελαίου. Αποτελείται από 1 υπνοδωμάτιο, 1 κουζίνα, 1 σαλόνι, και μπάνιο. Είναι κατασκευασμένο το 1977, κοντά σε ΜΕΣΑ ΜΑΖΙΚΗΣ ΜΕΤΑΦΟΡΑΣ και διαθέτει κουφώματα αλουμινίου με διπλά τζάμια, πόρτα ασφαλείας, δάπεδα από μωσαϊκό, σίτες.. Επιπλέον χαρακτηριστικά: ΠΑΤΑΡΙ ΑΠΟΘΗΚΕΥΣΗΣ .<br><br />
Τιμή 400€ | Κωδικός Ακινήτου: #12235<br><br />
<br /> ΚΑΤΑ ΤΗΝ ΥΠΟΔΕΙΞΗ ΤΟΥ ΑΚΙΝΗΤΟΥ ΑΠΑΙΤΕΙΤΑΙ ΝΑ ΓΙΝΕΤΑΙ ΕΠΙΔΕΙΞΗ ΤΗΣ ΑΣΤΥΝΟΜΙΚΗΣ ΣΑΣ ΤΑΥΤΟΤΗΤΑΣ ΣΥΜΦΩΝΑ ΜΕ ΤΟΝ Ν.4072/11-04-2012 Φ.Ε.Κ 86Α<br /><br />ΤΑ ΣΤΟΙΧΕΙΑ ΤΩΝ ΑΚΙΝΗΤΩΝ ΕΙΝΑΙ ΚΑΤΑ ΔΗΛΩΣΗ ΤΟΥ ΙΔΙΟΚΤΗΤΗ<br /><br />ΑΚΙΝΗΤΑ ΑΠΟΚΛΕΙΣΤΙΚΗΣ ΔΙΑΘΕΣΗΣ ΜΕ ΦΩΤΟΓΡΑΦΙΕΣ ΠΟΥ ΔΙΑΧΕΙΡΙΖΕΤΑΙ Η ΕΤΑΙΡΙΑ ΜΑΣ ΘΑ ΒΡΕΙΤΕ ΣΤΗΝ ΙΣΤΟΣΕΛΙΔΑ ΜΑΣ<br /><br /> ►WEBSITE: www.tzelihome.gr<br /><br /> ✔ ΓΙΑ ΤΗΝ ΚΑΛΥΤΕΡΗ ΕΞΥΠΗΡΕΤΗΣΗ ΣΑΣ ΧΡΗΣΙΜΟΠΟΙΕΙΣΤΕ ΤΟΝ ΚΩΔΙΚΟ ΑΚΙΝΗΤΟΥ ΠΟΥ ΑΝΑΓΡΑΦΕΤΑΙ ΣΤΗΝ ΠΕΡΙΓΡΑΦΗ<br /> ✔ Η ΔΙΕΥΘΥΝΣΗ ΣΤΟΝ ΧΑΡΤΗ ΕΧΕΙ ΤΟΠΟΘΕΤΗΘΕΙ ΚΑΤΑ ΠΡΟΣΕΓΓΙΣΗ<br /> ✔ ΟΙ ΑΚΡΙΒΕΙΣ ΠΛΗΡΟΦΟΡΙΕΣ ΤΗΣ ΔΙΕΥΘΥΝΣΗΣ ΠΑΡΕΧΟΝΤΑΙ ΣΤΗΝ ΥΠΟΔΕΙΞΗ ΤΟΥ ΑΚΙΝΗΤΟΥ<br /><br /> ΜΕΣΙΤΙΚΟ ΓΡΑΦΕΙΟ TZELI HOME<br /> ΥΜΗΤΤΟΥ 41 , ΚΑΙΣΑΡΙΑΝΗ , ΤΚ 16121<br /><br /> ΕΠΙΚΟΙΝΩΝΗΣΤΕ ΜΑΖΙ ΜΑΣ:<br /> ►WEBSITE : www.tzelihome.gr<br /> ►E-MAIL : tzelihome@gmail.com<br /> ►ΚΙΝΗΤΟ : 6906.062.919 <br /> ►ΤΗΛΕΦΩΝΟ : 211.001.4573 & 211.001.4574<br>","8000",,"0","0","9","0","0","2026-06-24","3","5","0","no","no","0","Αθήνα - Νότια Προάστια (Αττική)","Ζωγράφου (Αθήνα - Νότια Προάστια)","1","105103","102","2211","6112","Double","1","1","0","0","1","1220199017","https://m1.spitogatos.gr/358763859_1600x1200.jpg?v=20130730","https://m1.spitogatos.gr/358763871_1600x1200.jpg?v=20130730","https://m2.spitogatos.gr/358763872_1600x1200.jpg?v=20130730","https://m3.spitogatos.gr/358763873_1600x1200.jpg?v=20130730","https://m2.spitogatos.gr/358763875_1600x1200.jpg?v=20130730","https://m2.spitogatos.gr/358763878_1600x1200.jpg?v=20130730","https://m2.spitogatos.gr/358763881_1600x1200.jpg?v=20130730","https://m3.spitogatos.gr/358763882_1600x1200.jpg?v=20130730","https://m1.spitogatos.gr/358763883_1600x1200.jpg?v=20130730","https://m2.spitogatos.gr/358763884_1600x1200.jpg?v=20130730","https://m1.spitogatos.gr/358763886_1600x1200.jpg?v=20130730","https://m3.spitogatos.gr/358763888_1600x1200.jpg?v=20130730","https://m2.spitogatos.gr/358763890_1600x1200.jpg?v=20130730","https://m1.spitogatos.gr/358763892_1600x1200.jpg?v=20130730","https://m3.spitogatos.gr/358763894_1600x1200.jpg?v=20130730","https://m2.spitogatos.gr/358763896_1600x1200.jpg?v=20130730","https://m1.spitogatos.gr/358763898_1600x1200.jpg?v=20130730","https://m3.spitogatos.gr/358763900_1600x1200.jpg?v=20130730","https://m2.spitogatos.gr/358763902_1600x1200.jpg?v=20130730","https://m1.spitogatos.gr/358763904_1600x1200.jpg?v=20130730","https://m3.spitogatos.gr/358763906_1600x1200.jpg?v=20130730","https://m1.spitogatos.gr/358763925_1600x1200.jpg?v=20130730","https://m2.spitogatos.gr/358763926_1600x1200.jpg?v=20130730","https://m1.spitogatos.gr/358763928_1600x1200.jpg?v=20130730","https://m3.spitogatos.gr/358763930_1600x1200.jpg?v=20130730","0","0","2","1","37.970737","1","1","23.768148",,"0","0","0","2026-06-24","0","0","0","0","1",,"2","0","0","1",,"0","0","0","400",,,"0","0","0","0","9.76",,,"1","3","6","1","0",,"0","1","1","0","1",,"0","41","0",,,"0","1","0","2026-06-24","https://www.spitogatos.gr/en/property/1220199017","0",,"1977","02ywjWwoOgU","residential"
"0","1","no","simple","1",,,,,"0","0","0","0","2026-06-11","0","0","1","20","1","0","false","house","0","15","0"," <br><br />
Κωδικός Ακινήτου: #12067 | Άνω Ιλίσια, Ζωγράφου<br><br />
Διατίθεται προς ενοικίαση ευρύχωρο διαμέρισμα 150 τ.μ. στον 1ο όροφο πολυκατοικίας με ανελκυστήρα, σε εξαιρετική τοποθεσία στα Άνω Ιλίσια, με άμεση πρόσβαση σε Μέσα Μαζικής Μεταφοράς και όλες τις απαραίτητες υπηρεσίες της περιοχής. Πρόκειται για μία άνετη και λειτουργική κατοικία, ιδανική για οικογένειες ή για όσους αναζητούν μεγάλους χώρους διαβίωσης σε προνομιακό σημείο.<br><br />
Το ακίνητο είναι πλήρως επιπλωμένο και εξοπλισμένο και αποτελείται από τέσσερα υπνοδωμάτια, ευρύχωρο σαλόνι, ανεξάρτητη κουζίνα και δύο μπάνια, προσφέροντας άνεση και πρακτικότητα στην καθημερινότητα. Είναι κατασκευής 1980 και διαθέτει αυτόνομη θέρμανση πετρελαίου, ηλιακό θερμοσίφωνα, εξωτερική θέση στάθμευσης, καθώς και δάπεδα από μωσαϊκό και ξύλο που προσδίδουν ζεστασιά και διαχρονικό χαρακτήρα στους χώρους. Επιπλέον, επιτρέπονται τα κατοικίδια, καθιστώντας το ιδανική επιλογή για φιλόζωους ενοικιαστές.<br><br />
Τιμή Ενοικίασης: 900€. Κωδικός Ακινήτου: #12067.<br><br />
ΚΑΤΑ ΤΗΝ ΥΠΟΔΕΙΞΗ ΤΟΥ ΑΚΙΝΗΤΟΥ ΑΠΑΙΤΕΙΤΑΙ ΝΑ ΓΙΝΕΤΑΙ ΕΠΙΔΕΙΞΗ ΤΗΣ ΑΣΤΥΝΟΜΙΚΗΣ ΣΑΣ ΤΑΥΤΟΤΗΤΑΣ ΣΥΜΦΩΝΑ ΜΕ ΤΟΝ Ν.4072/11-04-2012 Φ.Ε.Κ 86Α<br /><br />ΤΑ ΣΤΟΙΧΕΙΑ ΤΩΝ ΑΚΙΝΗΤΩΝ ΕΙΝΑΙ ΚΑΤΑ ΔΗΛΩΣΗ ΤΟΥ ΙΔΙΟΚΤΗΤΗ<br /><br />ΑΚΙΝΗΤΑ ΑΠΟΚΛΕΙΣΤΙΚΗΣ ΔΙΑΘΕΣΗΣ ΜΕ ΦΩΤΟΓΡΑΦΙΕΣ ΠΟΥ ΔΙΑΧΕΙΡΙΖΕΤΑΙ Η ΕΤΑΙΡΙΑ ΜΑΣ ΘΑ ΒΡΕΙΤΕ ΣΤΗΝ ΙΣΤΟΣΕΛΙΔΑ ΜΑΣ<br /><br /> ►WEBSITE: www.tzelihome.gr<br /><br /> ✔ ΓΙΑ ΤΗΝ ΚΑΛΥΤΕΡΗ ΕΞΥΠΗΡΕΤΗΣΗ ΣΑΣ ΧΡΗΣΙΜΟΠΟΙΕΙΣΤΕ ΤΟΝ ΚΩΔΙΚΟ ΑΚΙΝΗΤΟΥ ΠΟΥ ΑΝΑΓΡΑΦΕΤΑΙ ΣΤΗΝ ΠΕΡΙΓΡΑΦΗ<br /> ✔ Η ΔΙΕΥΘΥΝΣΗ ΣΤΟΝ ΧΑΡΤΗ ΕΧΕΙ ΤΟΠΟΘΕΤΗΘΕΙ ΚΑΤΑ ΠΡΟΣΕΓΓΙΣΗ<br /> ✔ ΟΙ ΑΚΡΙΒΕΙΣ ΠΛΗΡΟΦΟΡΙΕΣ ΤΗΣ ΔΙΕΥΘΥΝΣΗΣ ΠΑΡΕΧΟΝΤΑΙ ΣΤΗΝ ΥΠΟΔΕΙΞΗ ΤΟΥ ΑΚΙΝΗΤΟΥ<br /><br /> ΜΕΣΙΤΙΚΟ ΓΡΑΦΕΙΟ TZELI HOME<br /> ΥΜΗΤΤΟΥ 41 , ΚΑΙΣΑΡΙΑΝΗ , ΤΚ 16121<br /><br /> ΕΠΙΚΟΙΝΩΝΗΣΤΕ ΜΑΖΙ ΜΑΣ:<br /> ►WEBSITE : www.tzelihome.gr<br /> ►E-MAIL : tzelihome@gmail.com<br /> ►ΚΙΝΗΤΟ : 6906.062.919 <br /> ►ΤΗΛΕΦΩΝΟ : 211.001.4573 & 211.001.4574<br>","8000",,"0","1","9","0","0","2026-06-11","6","11","0","yes","yes","0","Αθήνα - Νότια Προάστια (Αττική)","Ζωγράφου (Αθήνα - Νότια Προάστια)","1","105103","102","2211","102211","Single","1","1","0","0","1","1220102892","https://m1.spitogatos.gr/356941563_1600x1200.jpg?v=20130730","https://m2.spitogatos.gr/356941564_1600x1200.jpg?v=20130730","https://m1.spitogatos.gr/356941566_1600x1200.jpg?v=20130730","https://m3.spitogatos.gr/356941568_1600x1200.jpg?v=20130730","https://m2.spitogatos.gr/356941570_1600x1200.jpg?v=20130730","https://m3.spitogatos.gr/356941571_1600x1200.jpg?v=20130730","https://m2.spitogatos.gr/356941573_1600x1200.jpg?v=20130730","https://m1.spitogatos.gr/356941575_1600x1200.jpg?v=20130730","https://m3.spitogatos.gr/356941577_1600x1200.jpg?v=20130730","https://m1.spitogatos.gr/356941581_1600x1200.jpg?v=20130730","https://m2.spitogatos.gr/356941585_1600x1200.jpg?v=20130730","https://m1.spitogatos.gr/356941587_1600x1200.jpg?v=20130730","https://m2.spitogatos.gr/356941588_1600x1200.jpg?v=20130730","https://m3.spitogatos.gr/356941589_1600x1200.jpg?v=20130730","https://m1.spitogatos.gr/356941590_1600x1200.jpg?v=20130730","https://m2.spitogatos.gr/356941591_1600x1200.jpg?v=20130730","https://m3.spitogatos.gr/356941592_1600x1200.jpg?v=20130730","https://m1.spitogatos.gr/356941593_1600x1200.jpg?v=20130730","https://m2.spitogatos.gr/356941594_1600x1200.jpg?v=20130730","https://m3.spitogatos.gr/356941595_1600x1200.jpg?v=20130730","https://m1.spitogatos.gr/356941596_1600x1200.jpg?v=20130730","https://m2.spitogatos.gr/356941597_1600x1200.jpg?v=20130730","https://m3.spitogatos.gr/356941598_1600x1200.jpg?v=20130730","https://m1.spitogatos.gr/356941599_1600x1200.jpg?v=20130730","https://m2.spitogatos.gr/356941600_1600x1200.jpg?v=20130730","0","0","1","1","37.976131","1","1","23.769253",,"0","0","0","2026-07-24","0","0","0","0","2",,"2","0","0","0","1","0","0","0","900","2026-07-24 15:16:29","18","0","0","0","0","6","1100","true","1","3","6","1","0",,"0","1","4","0","0",,"1","150","0",,,"0","1","0","2026-06-11","https://www.spitogatos.gr/en/property/1220102892","0",,"1980","YTofkvGHrAc","residential"
"0","Ground Floor","no","simple","1",,,,,"0","0","0","0","2026-06-08","0","0","0","7","1","0","false","house","0","0","0","Κωδικός Ακινήτου: #12011<br><br />
Στην περιοχή του Γουδή, σε ιδιαίτερα εξυπηρετική τοποθεσία κοντά στο κέντρο της Αθήνας, διατίθεται προς ενοικίαση διαμέρισμα 37 τ.μ. προσόψεως, σε ισόγειο πολυκατοικίας. Το ακίνητο διαθέτει λειτουργική διαρρύθμιση με άνετο υπνοδωμάτιο, ανεξάρτητη κουζίνα και μπάνιο, αποτελώντας μια πρακτική και οικονομική επιλογή για φοιτητές, εργαζομένους ή όσους αναζητούν κατοικία με εύκολη πρόσβαση στο κέντρο της πόλης. Είναι εξοπλισμένο με κεντρική θέρμανση πετρελαίου, κουφώματα αλουμινίου, πόρτα ασφαλείας και δάπεδα από πλακάκι, ενώ διαθέτει και πατάρι αποθήκευσης που προσφέρει επιπλέον χώρο για την οργάνωση των προσωπικών αντικειμένων. Η θέση του ακινήτου εξασφαλίζει άμεση πρόσβαση σε μέσα μεταφοράς, καταστήματα και βασικές υπηρεσίες, ενώ τα κατοικίδια είναι ευπρόσδεκτα. Μια αξιόλογη πρόταση για όσους αναζητούν λειτουργικό και προσιτό διαμέρισμα σε κεντρικό σημείο της Αθήνας.<br><br />
 <br><br />
Τιμή μίσθωσης: 400€. Κωδικός Ακινήτου: #12011.<br><br />
 <br><br />
 ΚΑΤΑ ΤΗΝ ΥΠΟΔΕΙΞΗ ΤΟΥ ΑΚΙΝΗΤΟΥ ΑΠΑΙΤΕΙΤΑΙ ΝΑ ΓΙΝΕΤΑΙ ΕΠΙΔΕΙΞΗ ΤΗΣ ΑΣΤΥΝΟΜΙΚΗΣ ΣΑΣ ΤΑΥΤΟΤΗΤΑΣ ΣΥΜΦΩΝΑ ΜΕ ΤΟΝ Ν.4072/11-04-2012 Φ.Ε.Κ 86Α<br /><br />ΤΑ ΣΤΟΙΧΕΙΑ ΤΩΝ ΑΚΙΝΗΤΩΝ ΕΙΝΑΙ ΚΑΤΑ ΔΗΛΩΣΗ ΤΟΥ ΙΔΙΟΚΤΗΤΗ<br /><br />ΑΚΙΝΗΤΑ ΑΠΟΚΛΕΙΣΤΙΚΗΣ ΔΙΑΘΕΣΗΣ ΜΕ ΦΩΤΟΓΡΑΦΙΕΣ ΠΟΥ ΔΙΑΧΕΙΡΙΖΕΤΑΙ Η ΕΤΑΙΡΙΑ ΜΑΣ ΘΑ ΒΡΕΙΤΕ ΣΤΗΝ ΙΣΤΟΣΕΛΙΔΑ ΜΑΣ<br /><br /> ►WEBSITE: www.tzelihome.gr<br /><br /> ✔ ΓΙΑ ΤΗΝ ΚΑΛΥΤΕΡΗ ΕΞΥΠΗΡΕΤΗΣΗ ΣΑΣ ΧΡΗΣΙΜΟΠΟΙΕΙΣΤΕ ΤΟΝ ΚΩΔΙΚΟ ΑΚΙΝΗΤΟΥ ΠΟΥ ΑΝΑΓΡΑΦΕΤΑΙ ΣΤΗΝ ΠΕΡΙΓΡΑΦΗ<br /> ✔ Η ΔΙΕΥΘΥΝΣΗ ΣΤΟΝ ΧΑΡΤΗ ΕΧΕΙ ΤΟΠΟΘΕΤΗΘΕΙ ΚΑΤΑ ΠΡΟΣΕΓΓΙΣΗ<br /> ✔ ΟΙ ΑΚΡΙΒΕΙΣ ΠΛΗΡΟΦΟΡΙΕΣ ΤΗΣ ΔΙΕΥΘΥΝΣΗΣ ΠΑΡΕΧΟΝΤΑΙ ΣΤΗΝ ΥΠΟΔΕΙΞΗ ΤΟΥ ΑΚΙΝΗΤΟΥ<br /><br /> ΜΕΣΙΤΙΚΟ ΓΡΑΦΕΙΟ TZELI HOME<br /> ΥΜΗΤΤΟΥ 41 , ΚΑΙΣΑΡΙΑΝΗ , ΤΚ 16121<br /><br /> ΕΠΙΚΟΙΝΩΝΗΣΤΕ ΜΑΖΙ ΜΑΣ:<br /> ►WEBSITE : www.tzelihome.gr<br /> ►E-MAIL : tzelihome@gmail.com<br /> ►ΚΙΝΗΤΟ : 6906.062.919 <br /> ►ΤΗΛΕΦΩΝΟ : 211.001.4573 & 211.001.4574<br>","7000",,"0","0","7","1","0","2026-06-08","3","4","0","no","no","0","Αθήνα - Νότια Προάστια (Αττική)","Ζωγράφου (Αθήνα - Νότια Προάστια)","1","105103","102","2211",,"Single","2","1","0","0","1","1220069731","https://m3.spitogatos.gr/360243443_1600x1200.jpg?v=20130730","https://m3.spitogatos.gr/360243446_1600x1200.jpg?v=20130730","https://m2.spitogatos.gr/360243448_1600x1200.jpg?v=20130730","https://m2.spitogatos.gr/360243451_1600x1200.jpg?v=20130730","https://m2.spitogatos.gr/360243454_1600x1200.jpg?v=20130730","https://m2.spitogatos.gr/360243457_1600x1200.jpg?v=20130730","https://m2.spitogatos.gr/360243460_1600x1200.jpg?v=20130730","https://m3.spitogatos.gr/360243464_1600x1200.jpg?v=20130730","https://m1.spitogatos.gr/360243468_1600x1200.jpg?v=20130730","https://m2.spitogatos.gr/360243472_1600x1200.jpg?v=20130730","https://m3.spitogatos.gr/360243476_1600x1200.jpg?v=20130730","https://m2.spitogatos.gr/360243481_1600x1200.jpg?v=20130730","https://m1.spitogatos.gr/360243486_1600x1200.jpg?v=20130730","https://m1.spitogatos.gr/360243492_1600x1200.jpg?v=20130730","https://m2.spitogatos.gr/360243496_1600x1200.jpg?v=20130730","https://m2.spitogatos.gr/360243499_1600x1200.jpg?v=20130730","https://m2.spitogatos.gr/360243502_1600x1200.jpg?v=20130730","https://m1.spitogatos.gr/360243504_1600x1200.jpg?v=20130730","https://m1.spitogatos.gr/360243507_1600x1200.jpg?v=20130730","https://m2.spitogatos.gr/360243511_1600x1200.jpg?v=20130730","https://m1.spitogatos.gr/360243513_1600x1200.jpg?v=20130730","https://m3.spitogatos.gr/360243515_1600x1200.jpg?v=20130730","https://m2.spitogatos.gr/360243517_1600x1200.jpg?v=20130730","https://m1.spitogatos.gr/360243519_1600x1200.jpg?v=20130730","https://m3.spitogatos.gr/360243521_1600x1200.jpg?v=20130730","0","0","2","1","37.982441","1","0","23.769804",,"0","0","0","2026-07-13","0","0","0","0","1",,"11","0","0","0","1","0","0","0","400",,,"0","0","0","0","10.81",,,"1","3","6","1","0",,"0","1","1","0","1",,"0","37","0",,,"0","1","0","2026-06-08","https://www.spitogatos.gr/en/property/1220069731","0",,"1975","tyYNqpx6Bms","residential"
"1","1","no","simple","1",,,,,"0","0","0","0","2026-05-19","0","1","1","8","1","0","false","house","0","15","0","Κωδικός Ακινήτου: #11704. Ζωγράφου, Πανεπιστημιούπολη: Ενοικιάζεται μερικώς ανακαινισμένη Γκαρσονιέρα 32τ.μ. προσόψεως στον 1ο όροφο με ασανσέρ. Αποτελείται από 1 υπνοδωμάτιο, 1 κουζίνα, και μπάνιο. Είναι πλήρως επιπλωμένη, εξοπλισμένη, κατασκευασμένη το 2000, βαμμένη, κοντά σε ΜΕΣΑ ΜΑΖΙΚΗΣ ΜΕΤΑΦΟΡΑΣ και διαθέτει κουφώματα αλουμινίου με διπλά τζάμια, πόρτα ασφαλείας, κλιματισμό, δάπεδα από πλακάκι, τέντες, σίτες.. Επιπλέον χαρακτηριστικά: ΘΥΡΟΤΗΛΕΟΡΑΣΗ.<br><br />
Τιμή 600€ | Κωδικός Ακινήτου: #11704<br><br />
 <br><br />
ΚΑΤΑ ΤΗΝ ΥΠΟΔΕΙΞΗ ΤΟΥ ΑΚΙΝΗΤΟΥ ΑΠΑΙΤΕΙΤΑΙ ΝΑ ΓΙΝΕΤΑΙ ΕΠΙΔΕΙΞΗ ΤΗΣ ΑΣΤΥΝΟΜΙΚΗΣ ΣΑΣ ΤΑΥΤΟΤΗΤΑΣ ΣΥΜΦΩΝΑ ΜΕ ΤΟΝ Ν.4072/11-04-2012 Φ.Ε.Κ 86Α<br /><br />ΤΑ ΣΤΟΙΧΕΙΑ ΤΩΝ ΑΚΙΝΗΤΩΝ ΕΙΝΑΙ ΚΑΤΑ ΔΗΛΩΣΗ ΤΟΥ ΙΔΙΟΚΤΗΤΗ<br /><br />ΑΚΙΝΗΤΑ ΑΠΟΚΛΕΙΣΤΙΚΗΣ ΔΙΑΘΕΣΗΣ ΜΕ ΦΩΤΟΓΡΑΦΙΕΣ ΠΟΥ ΔΙΑΧΕΙΡΙΖΕΤΑΙ Η ΕΤΑΙΡΙΑ ΜΑΣ ΘΑ ΒΡΕΙΤΕ ΣΤΗΝ ΙΣΤΟΣΕΛΙΔΑ ΜΑΣ<br /><br /> ►WEBSITE: www.tzelihome.gr<br /><br /> ✔ ΓΙΑ ΤΗΝ ΚΑΛΥΤΕΡΗ ΕΞΥΠΗΡΕΤΗΣΗ ΣΑΣ ΧΡΗΣΙΜΟΠΟΙΕΙΣΤΕ ΤΟΝ ΚΩΔΙΚΟ ΑΚΙΝΗΤΟΥ ΠΟΥ ΑΝΑΓΡΑΦΕΤΑΙ ΣΤΗΝ ΠΕΡΙΓΡΑΦΗ<br /> ✔ Η ΔΙΕΥΘΥΝΣΗ ΣΤΟΝ ΧΑΡΤΗ ΕΧΕΙ ΤΟΠΟΘΕΤΗΘΕΙ ΚΑΤΑ ΠΡΟΣΕΓΓΙΣΗ<br /> ✔ ΟΙ ΑΚΡΙΒΕΙΣ ΠΛΗΡΟΦΟΡΙΕΣ ΤΗΣ ΔΙΕΥΘΥΝΣΗΣ ΠΑΡΕΧΟΝΤΑΙ ΣΤΗΝ ΥΠΟΔΕΙΞΗ ΤΟΥ ΑΚΙΝΗΤΟΥ<br /><br /> ΜΕΣΙΤΙΚΟ ΓΡΑΦΕΙΟ TZELI HOME<br /> ΥΜΗΤΤΟΥ 41 , ΚΑΙΣΑΡΙΑΝΗ , ΤΚ 16121<br /><br /> ΕΠΙΚΟΙΝΩΝΗΣΤΕ ΜΑΖΙ ΜΑΣ:<br /> ►WEBSITE : www.tzelihome.gr<br /> ►E-MAIL : tzelihome@gmail.com<br /> ►ΚΙΝΗΤΟ : 6906.062.919 <br /> ►ΤΗΛΕΦΩΝΟ : 211.001.4573 & 211.001.4574<br>","8000",,"0","1","5","1","0","2026-05-29","6","4","0","yes","no","0","Αθήνα - Νότια Προάστια (Αττική)","Ζωγράφου (Αθήνα - Νότια Προάστια)","1","105103","102","2211","6112","Double","1","4","0","0","1","1219975455","https://m3.spitogatos.gr/355069508_1600x1200.jpg?v=20130730","https://m1.spitogatos.gr/355069512_1600x1200.jpg?v=20130730","https://m1.spitogatos.gr/355069515_1600x1200.jpg?v=20130730","https://m3.spitogatos.gr/355069520_1600x1200.jpg?v=20130730","https://m1.spitogatos.gr/355069521_1600x1200.jpg?v=20130730","https://m2.spitogatos.gr/355069525_1600x1200.jpg?v=20130730","https://m2.spitogatos.gr/355069531_1600x1200.jpg?v=20130730","https://m2.spitogatos.gr/355069534_1600x1200.jpg?v=20130730","https://m3.spitogatos.gr/355069538_1600x1200.jpg?v=20130730","https://m1.spitogatos.gr/355069542_1600x1200.jpg?v=20130730","https://m2.spitogatos.gr/355069543_1600x1200.jpg?v=20130730","https://m3.spitogatos.gr/355069547_1600x1200.jpg?v=20130730","https://m3.spitogatos.gr/355069550_1600x1200.jpg?v=20130730","https://m3.spitogatos.gr/355069553_1600x1200.jpg?v=20130730","https://m1.spitogatos.gr/355069554_1600x1200.jpg?v=20130730","https://m3.spitogatos.gr/355069556_1600x1200.jpg?v=20130730","https://m2.spitogatos.gr/355069558_1600x1200.jpg?v=20130730","https://m3.spitogatos.gr/355069559_1600x1200.jpg?v=20130730","https://m2.spitogatos.gr/355069564_1600x1200.jpg?v=20130730","https://m1.spitogatos.gr/355069566_1600x1200.jpg?v=20130730","https://m2.spitogatos.gr/355069570_1600x1200.jpg?v=20130730","https://m1.spitogatos.gr/355069572_1600x1200.jpg?v=20130730","https://m2.spitogatos.gr/355069576_1600x1200.jpg?v=20130730","https://m2.spitogatos.gr/355069579_1600x1200.jpg?v=20130730","https://m2.spitogatos.gr/355069582_1600x1200.jpg?v=20130730","0","0","2","1","37.9744","1","0","23.764181",,"0","0","0","2026-07-23","0","0","0","0","1",,"2","1","0","1",,"0","0","0","600",,,"0","0","0","0","18.75",,,"1","3","6","1","1","2026","0","1","1","0","1",,"0","32","0",,,"1","2","0","2026-05-29","https://www.spitogatos.gr/en/property/1219975455","0",,"2000","3Mx-teWe9jI","residential"
"0","2","no","simple","1",,,,,"1","0","0","0","2026-04-25","0","1","0","15","1","0","false","house","0","50","1","Κωδικός Ακινήτου: #11371. Ζωγράφου, Άνω Ιλίσια: Ενοικιάζεται μερικώς ανακαινισμένο διαμπερές γωνιακό Διαμέρισμα 70τ.μ. προσόψεως στον 2ο όροφο με ασανσέρ με κεντρική θέρμανση πετρελαίου. Αποτελείται από 2 υπνοδωμάτια, 1 κουζίνα, 1 σαλόνι, και μπάνιο. Είναι κατασκευασμένο το 1970, βαμμένο, κοντά σε ΜΕΣΑ ΜΑΖΙΚΗΣ ΜΕΤΑΦΟΡΑΣ και διαθέτει δάπεδα από μωσαϊκό, τέντες. Επιτρέπονται τα κατοικίδια. Επιπλέον χαρακτηριστικά: ΠΑΤΑΡΙ ΑΠΟΘΗΚΕΥΣΗΣ . <br><br />
Τιμή 650€ | Κωδικός Ακινήτου: #11371<br><br />
<br /> ΚΑΤΑ ΤΗΝ ΥΠΟΔΕΙΞΗ ΤΟΥ ΑΚΙΝΗΤΟΥ ΑΠΑΙΤΕΙΤΑΙ ΝΑ ΓΙΝΕΤΑΙ ΕΠΙΔΕΙΞΗ ΤΗΣ ΑΣΤΥΝΟΜΙΚΗΣ ΣΑΣ ΤΑΥΤΟΤΗΤΑΣ ΣΥΜΦΩΝΑ ΜΕ ΤΟΝ Ν.4072/11-04-2012 Φ.Ε.Κ 86Α<br /><br />ΤΑ ΣΤΟΙΧΕΙΑ ΤΩΝ ΑΚΙΝΗΤΩΝ ΕΙΝΑΙ ΚΑΤΑ ΔΗΛΩΣΗ ΤΟΥ ΙΔΙΟΚΤΗΤΗ<br /><br />ΑΚΙΝΗΤΑ ΑΠΟΚΛΕΙΣΤΙΚΗΣ ΔΙΑΘΕΣΗΣ ΜΕ ΦΩΤΟΓΡΑΦΙΕΣ ΠΟΥ ΔΙΑΧΕΙΡΙΖΕΤΑΙ Η ΕΤΑΙΡΙΑ ΜΑΣ ΘΑ ΒΡΕΙΤΕ ΣΤΗΝ ΙΣΤΟΣΕΛΙΔΑ ΜΑΣ<br /><br /> ►WEBSITE: www.tzelihome.gr<br /><br /> ✔ ΓΙΑ ΤΗΝ ΚΑΛΥΤΕΡΗ ΕΞΥΠΗΡΕΤΗΣΗ ΣΑΣ ΧΡΗΣΙΜΟΠΟΙΕΙΣΤΕ ΤΟΝ ΚΩΔΙΚΟ ΑΚΙΝΗΤΟΥ ΠΟΥ ΑΝΑΓΡΑΦΕΤΑΙ ΣΤΗΝ ΠΕΡΙΓΡΑΦΗ<br /> ✔ Η ΔΙΕΥΘΥΝΣΗ ΣΤΟΝ ΧΑΡΤΗ ΕΧΕΙ ΤΟΠΟΘΕΤΗΘΕΙ ΚΑΤΑ ΠΡΟΣΕΓΓΙΣΗ<br /> ✔ ΟΙ ΑΚΡΙΒΕΙΣ ΠΛΗΡΟΦΟΡΙΕΣ ΤΗΣ ΔΙΕΥΘΥΝΣΗΣ ΠΑΡΕΧΟΝΤΑΙ ΣΤΗΝ ΥΠΟΔΕΙΞΗ ΤΟΥ ΑΚΙΝΗΤΟΥ<br /><br /> ΜΕΣΙΤΙΚΟ ΓΡΑΦΕΙΟ TZELI HOME<br /> ΥΜΗΤΤΟΥ 41 , ΚΑΙΣΑΡΙΑΝΗ , ΤΚ 16121<br /><br /> ΕΠΙΚΟΙΝΩΝΗΣΤΕ ΜΑΖΙ ΜΑΣ:<br /> ►WEBSITE : www.tzelihome.gr<br /> ►E-MAIL : tzelihome@gmail.com<br /> ►ΚΙΝΗΤΟ : 6906.062.919 <br /> ►ΤΗΛΕΦΩΝΟ : 211.001.4573 & 211.001.4574<br>","8000",,"0","1","8","1","0","2026-04-25","7","5","0","no","no","0","Αθήνα - Νότια Προάστια (Αττική)","Ζωγράφου (Αθήνα - Νότια Προάστια)","1","105103","102","2211","102211","Single","2","1","0","0","1","1219777121","https://m3.spitogatos.gr/351561425_1600x1200.jpg?v=20130730","https://m2.spitogatos.gr/351561427_1600x1200.jpg?v=20130730","https://m2.spitogatos.gr/351561430_1600x1200.jpg?v=20130730","https://m2.spitogatos.gr/351561433_1600x1200.jpg?v=20130730","https://m1.spitogatos.gr/351561435_1600x1200.jpg?v=20130730","https://m3.spitogatos.gr/351561437_1600x1200.jpg?v=20130730","https://m3.spitogatos.gr/351561440_1600x1200.jpg?v=20130730","https://m2.spitogatos.gr/351561442_1600x1200.jpg?v=20130730","https://m2.spitogatos.gr/351561445_1600x1200.jpg?v=20130730","https://m1.spitogatos.gr/351561447_1600x1200.jpg?v=20130730","https://m1.spitogatos.gr/351561450_1600x1200.jpg?v=20130730","https://m3.spitogatos.gr/351561452_1600x1200.jpg?v=20130730","https://m3.spitogatos.gr/351561455_1600x1200.jpg?v=20130730","https://m3.spitogatos.gr/351561458_1600x1200.jpg?v=20130730","https://m2.spitogatos.gr/351561460_1600x1200.jpg?v=20130730","https://m2.spitogatos.gr/351561463_1600x1200.jpg?v=20130730","https://m1.spitogatos.gr/351561465_1600x1200.jpg?v=20130730","https://m2.spitogatos.gr/351561466_1600x1200.jpg?v=20130730","https://m1.spitogatos.gr/351561468_1600x1200.jpg?v=20130730","https://m3.spitogatos.gr/351561470_1600x1200.jpg?v=20130730","https://m1.spitogatos.gr/351561471_1600x1200.jpg?v=20130730","https://m3.spitogatos.gr/351561473_1600x1200.jpg?v=20130730","https://m2.spitogatos.gr/351561475_1600x1200.jpg?v=20130730","https://m3.spitogatos.gr/351561476_1600x1200.jpg?v=20130730","https://m2.spitogatos.gr/351561478_1600x1200.jpg?v=20130730","0","0","1","1","37.975075","1","1","23.776087",,"0","0","0","2026-05-05","0","0","0","0","1",,"2","1","0","0","1","0","0","0","650",,,"0","0","0","0","9.29",,,"1","3","6","1","1","2025","0","1","2","0","0",,"0","70","0",,,"0","1","0","2026-04-25","https://www.spitogatos.gr/en/property/1219777121","0",,"1970","eSNnwZ-OhB4","residential"
"1","5","no","simple","1",,,,,"0","0","0","0","2026-02-24","0","1","1","15","1","0","false","house","0","20","0","Κωδικός Ακινήτου: #10612. Ζωγράφου, Άνω Ιλίσια: Ενοικιάζεται μερικώς ανακαινισμένο Διαμέρισμα 86τ.μ. στον 5ο όροφο με ασανσέρ με κεντρική θέρμανση πετρελαίου. Αποτελείται από 2 υπνοδωμάτια, 1 κουζίνα, 1 σαλόνι, και μπάνιο. Είναι κατασκευασμένο το 1986, κοντά σε ΜΕΣΑ ΜΑΖΙΚΗΣ ΜΕΤΑΦΟΡΑΣ και διαθέτει ωραία θέα, κουφώματα αλουμινίου, πόρτα ασφαλείας, κλιματισμό,  δάπεδα από μάρμαρο & ξύλο, τέντες..<br><br />
Τιμή 850€ | Κωδικός Ακινήτου: #10612<br><br />
ΚΑΤΑ ΤΗΝ ΥΠΟΔΕΙΞΗ ΤΟΥ ΑΚΙΝΗΤΟΥ ΑΠΑΙΤΕΙΤΑΙ ΝΑ ΓΙΝΕΤΑΙ ΕΠΙΔΕΙΞΗ ΤΗΣ ΑΣΤΥΝΟΜΙΚΗΣ ΣΑΣ ΤΑΥΤΟΤΗΤΑΣ ΣΥΜΦΩΝΑ ΜΕ ΤΟΝ Ν.4072/11-04-2012 Φ.Ε.Κ 86Α<br /><br />ΤΑ ΣΤΟΙΧΕΙΑ ΤΩΝ ΑΚΙΝΗΤΩΝ ΕΙΝΑΙ ΚΑΤΑ ΔΗΛΩΣΗ ΤΟΥ ΙΔΙΟΚΤΗΤΗ<br /><br />ΑΚΙΝΗΤΑ ΑΠΟΚΛΕΙΣΤΙΚΗΣ ΔΙΑΘΕΣΗΣ ΜΕ ΦΩΤΟΓΡΑΦΙΕΣ ΠΟΥ ΔΙΑΧΕΙΡΙΖΕΤΑΙ Η ΕΤΑΙΡΙΑ ΜΑΣ ΘΑ ΒΡΕΙΤΕ ΣΤΗΝ ΙΣΤΟΣΕΛΙΔΑ ΜΑΣ<br /><br /> ►WEBSITE: www.tzelihome.gr<br /><br /> ✔ ΓΙΑ ΤΗΝ ΚΑΛΥΤΕΡΗ ΕΞΥΠΗΡΕΤΗΣΗ ΣΑΣ ΧΡΗΣΙΜΟΠΟΙΕΙΣΤΕ ΤΟΝ ΚΩΔΙΚΟ ΑΚΙΝΗΤΟΥ ΠΟΥ ΑΝΑΓΡΑΦΕΤΑΙ ΣΤΗΝ ΠΕΡΙΓΡΑΦΗ<br /> ✔ Η ΔΙΕΥΘΥΝΣΗ ΣΤΟΝ ΧΑΡΤΗ ΕΧΕΙ ΤΟΠΟΘΕΤΗΘΕΙ ΚΑΤΑ ΠΡΟΣΕΓΓΙΣΗ<br /> ✔ ΟΙ ΑΚΡΙΒΕΙΣ ΠΛΗΡΟΦΟΡΙΕΣ ΤΗΣ ΔΙΕΥΘΥΝΣΗΣ ΠΑΡΕΧΟΝΤΑΙ ΣΤΗΝ ΥΠΟΔΕΙΞΗ ΤΟΥ ΑΚΙΝΗΤΟΥ<br /><br /> ΜΕΣΙΤΙΚΟ ΓΡΑΦΕΙΟ TZELI HOME<br /> ΥΜΗΤΤΟΥ 41 , ΚΑΙΣΑΡΙΑΝΗ , ΤΚ 16121<br /><br /> ΕΠΙΚΟΙΝΩΝΗΣΤΕ ΜΑΖΙ ΜΑΣ:<br /> ►WEBSITE : www.tzelihome.gr<br /> ►E-MAIL : tzelihome@gmail.com<br /> ►ΚΙΝΗΤΟ : 6906.062.919 <br /> ►ΤΗΛΕΦΩΝΟ : 211.001.4573 & 211.001.4574<br>","8000",,"0","1","7","0","0","2026-02-24","10","6","0","no","no","0","Αθήνα - Νότια Προάστια (Αττική)","Ζωγράφου (Αθήνα - Νότια Προάστια)","1","105103","102","2211","6112","Single","2","1","0","0","1","1219437115","https://m3.spitogatos.gr/355040831_1600x1200.jpg?v=20130730","https://m3.spitogatos.gr/355040834_1600x1200.jpg?v=20130730","https://m2.spitogatos.gr/355040839_1600x1200.jpg?v=20130730","https://m2.spitogatos.gr/355040845_1600x1200.jpg?v=20130730","https://m2.spitogatos.gr/355040851_1600x1200.jpg?v=20130730","https://m1.spitogatos.gr/355040856_1600x1200.jpg?v=20130730","https://m3.spitogatos.gr/355040864_1600x1200.jpg?v=20130730","https://m2.spitogatos.gr/355040866_1600x1200.jpg?v=20130730","https://m3.spitogatos.gr/355040873_1600x1200.jpg?v=20130730","https://m1.spitogatos.gr/355040877_1600x1200.jpg?v=20130730","https://m3.spitogatos.gr/355040882_1600x1200.jpg?v=20130730","https://m2.spitogatos.gr/355040887_1600x1200.jpg?v=20130730","https://m3.spitogatos.gr/355040891_1600x1200.jpg?v=20130730","https://m2.spitogatos.gr/355040896_1600x1200.jpg?v=20130730","https://m3.spitogatos.gr/355040900_1600x1200.jpg?v=20130730","https://m3.spitogatos.gr/355040906_1600x1200.jpg?v=20130730","https://m1.spitogatos.gr/355040910_1600x1200.jpg?v=20130730","https://m3.spitogatos.gr/355040915_1600x1200.jpg?v=20130730","https://m2.spitogatos.gr/355040920_1600x1200.jpg?v=20130730","https://m1.spitogatos.gr/355040925_1600x1200.jpg?v=20130730","https://m3.spitogatos.gr/355040930_1600x1200.jpg?v=20130730","https://m1.spitogatos.gr/355040934_1600x1200.jpg?v=20130730","https://m3.spitogatos.gr/355040939_1600x1200.jpg?v=20130730","https://m3.spitogatos.gr/355040945_1600x1200.jpg?v=20130730","https://m3.spitogatos.gr/355040948_1600x1200.jpg?v=20130730","0","0","2","1","37.9729","1","1","23.771761",,"0","0","0","2026-07-23","0","0","0","0","1",,"2","0","0","0",,"0","0","0","850",,,"0","0","0","0","9.88",,,"1","3","6","1","1","2026","0","1","2","0","1",,"0","86","0",,,"0","1","0","2026-02-24","https://www.spitogatos.gr/en/property/1219437115","1",,"1986","En3O70JHtRs","residential"
"1","3","no","simple","1",,,,,"1","0","0","0","2026-03-26","0","1","0","0","1","0",,"house",,,"0","Κωδικός ακινήτου: 44-4416 - Δάφνη Άνω Δάφνη  ΕΝΟΙΚΙΑΖΕΤΑΙ     διαμέρισμα  στον 3 ο όροφο συνολικής επιφάνειας 110.00 τ.μ.  . Αποτελείται από 3 υπνοδωμάτια,  σαλοκουζίνα, μπάνιο και WC. Είναι κατασκευασμένο το 1987 με ενεργειακή κλάση Δ  και διαθέτει θέρμανση ατομική - ηλεκτρικό, θέα σε ανοιχτό ορίζοντα, κουφώματα συνθετικά,   εντοιχιζόμενες ντουλάπες, πάρκινγκ, A/C, τέντες, ηλιακό θερμοσίφωνα, νυχτερινό ρεύμα, ανοιχτωσιά     απόσταση από μετρό 650 μέτρα - Τιμή: 750 €  <br>Προσφέρεται προς ενοικίαση εξαιρετικό διαμέρισμα 3ου ορόφου σε άριστη κατάσταση, πρόσφατα βαμμένο και έτοιμο για κατοίκηση. Το ακίνητο διακρίνεται για την εργονομία και την άνεσή του, διαθέτοντας έναν ενιαίο και ευρύχωρο χώρο σαλονοκουζίνας που εξασφαλίζει τη μέγιστη λειτουργικότητα στην καθημερινότητα. Η κατοικία περιλαμβάνει τρία υπνοδωμάτια, εκ των οποίων τα δύο είναι εξοπλισμένα με ευρύχωρες ντουλάπες, προσφέροντας άφθονους αποθηκευτικούς χώρους. Το μπάνιο είναι πλήρως εξοπλισμένο, ενώ υπάρχει επιπλέον και ένα αυτόνομο WC για την καλύτερη εξυπηρέτηση των αναγκών των ενοίκων. Για την οικονομία στην κατανάλωση ενέργειας και τη συνεχή παροχή ζεστού νερού, το διαμέρισμα διαθέτει ηλιακό θερμοσίφωνα, ενώ είναι εξοπλισμένο και με κλιματισμό A/C για την ιδανική ρύθμιση της θερμοκρασίας όλες τις εποχές του χρόνου. Οι τέντες στα μπαλκόνια προσφέρουν προστασία και ιδιωτικότητα, ενώ το εσωτερικό πατάρι αποτελεί μια πολύτιμη επιπλέον λύση αποθήκευσης. Στις παροχές περιλαμβάνεται αποκλειστική θέση στάθμευσης, εξασφαλίζοντας την εύκολη πρόσβαση στο όχημά σας. <strong>Σημειώνεται ότι το κτίριο δεν διαθέτει ανελκυστήρα και δεν επιτρέπονται τα κατοικίδια ζώα.</strong> <br>Τηλ: (+30)210 2201935 ,  e-mail: info@remaxlysis.com<br />
www.remax-lysis.gr<br />
<br />
| Οι πληροφορίες και τα χαρακτηριστικά των ακινήτων έχουν καταχωρηθεί βάσει των πληροφοριών και στοιχείων που προσκόμισε ο εντολέας.<br />
| Το σημείο στο χάρτη δεν ανταποκρίνεται στην πραγματική διεύθυνση του ακινήτου.<br />
| Όλα τα ακίνητα που προβάλλουμε μέσω internet είναι διαθέσιμα, καθώς γίνεται συνεχής ενημέρωση και αποσύρονται τα μη διαθέσιμα.<br />
| Κατά την υπόδειξη του ακινήτου είναι απαραίτητη η αστυνομική ταυτότητα ή ο Α.Φ.Μ, σύμφωνα με τον Νόμο Ν.4072/2012 - ΦΕΚ 86/Α/11-4-2012",,,,"0","6","0","0","2026-03-27","8",,"0","no","yes","0","Αθήνα - Νότια Προάστια (Αττική)","Δάφνη (Αθήνα - Νότια Προάστια)","1","105103","102","2209","123193","Single","4","4","0","0","1","1219618385","https://m1.spitogatos.gr/349053537_1600x1200.jpg?v=20130730","https://m1.spitogatos.gr/349053540_1600x1200.jpg?v=20130730","https://m3.spitogatos.gr/349053545_1600x1200.jpg?v=20130730","https://m1.spitogatos.gr/349053549_1600x1200.jpg?v=20130730","https://m3.spitogatos.gr/349053554_1600x1200.jpg?v=20130730","https://m1.spitogatos.gr/349053558_1600x1200.jpg?v=20130730","https://m2.spitogatos.gr/349053565_1600x1200.jpg?v=20130730","https://m2.spitogatos.gr/349053571_1600x1200.jpg?v=20130730","https://m1.spitogatos.gr/349053576_1600x1200.jpg?v=20130730","https://m2.spitogatos.gr/349053580_1600x1200.jpg?v=20130730","https://m3.spitogatos.gr/349053584_1600x1200.jpg?v=20130730","https://m2.spitogatos.gr/349053589_1600x1200.jpg?v=20130730","https://m3.spitogatos.gr/349053593_1600x1200.jpg?v=20130730","https://m3.spitogatos.gr/349053596_1600x1200.jpg?v=20130730","https://m1.spitogatos.gr/349053600_1600x1200.jpg?v=20130730","https://m3.spitogatos.gr/349053602_1600x1200.jpg?v=20130730","https://m2.spitogatos.gr/349053604_1600x1200.jpg?v=20130730",,,,,,,,,"0","0","3","1","37.946667",,"1","23.741556",,"0",,,"2026-06-22","0","0","1","1","1",,,"1","0","0",,"0","0","0","750",,,"0","0","0","0","6.82",,,"1","3","6","1","0",,"0","2","3","0","0",,"1","110","0",,"Αριστοτέλους 24, 172 36, Άγιος Δημήτριος","0","1","0","2026-03-27","https://www.spitogatos.gr/en/property/1219618385","1","1","1987",,"residential"
"0","3","no","simple","1",,,,,"1","0","0","0","2026-06-08","0","0","1","10","1","0",,"house","0","25","0","Διαμέρισμα Προς Ενοικίαση, όροφος: 3ος, στην περιοχή: Ζωγράφου. Το εμβαδόν του ακινήτου είναι 100 τ.μ. και βρίσκεται σε οικόπεδο 400 τ.μ.. Αποτελείται από: 2 Υ/Δ, 1 μπάνιο/α, 1 wc, 1 κουζίνα/ες, 1 σαλόνι/α. Έχει κατασκευαστεί το 1983 και ανακαινίστηκε το 2000. Η θέρμανση του ακινήτου είναι Κεντρική με Πετρέλαιο, ενώ επίσης διατίθεται Καλοριφέρ, έχει κουφώματα Αλουμινίου με Μονά τζάμια, ενεργειακό πιστοποιητικό: Δ και τα δάπεδα είναι: Ξύλο, Μάρμαρο και έχει Νότιο προσανατολισμό. Το ακίνητο είναι Βαμμένο, Προσόψεως, Φωτεινό, Ευάερο, Ευήλιο, Διαμπερές και επίσης διαθέτει τα παρακάτω χαρακτηριστικά και πλεονεκτήματα: Ασανσέρ, Πόρτα Ασφαλείας, Βεράντα.<br />
Οι πληροφορίες των ακινήτων που παρουσιάζουμε είναι αυτές που μας έχουν προσκομίσει οι ιδιοκτήτες. Η εταιρεία μας δε φέρει ευθύνη για τυχόν λανθασμένες πληροφορίες. Για την επίσκεψη ακινήτων απαιτείται προσκόμιση ταυτότητας ή διαβατηρίου. Οι τοποθεσίες των ακινήτων στον χάρτη είναι κατά προσέγγιση. Τιμή: €750. greecing., Τηλέφωνο Επικοινωνίας: 2106120875, email: info@greecingteam.com",,,"0","1","6","1","0","2026-06-08","8","6","0","no","no","0","Αθήνα - Νότια Προάστια (Αττική)","Ζωγράφου (Αθήνα - Νότια Προάστια)","1","105103","102","2211",,"Single","2","1","0","0","1","1220068499","https://m3.spitogatos.gr/356560991_1600x1200.jpg?v=20130730","https://m3.spitogatos.gr/356604215_1600x1200.jpg?v=20130730","https://m3.spitogatos.gr/356604218_1600x1200.jpg?v=20130730","https://m2.spitogatos.gr/356604220_1600x1200.jpg?v=20130730","https://m3.spitogatos.gr/356604224_1600x1200.jpg?v=20130730","https://m2.spitogatos.gr/356604226_1600x1200.jpg?v=20130730","https://m2.spitogatos.gr/356604229_1600x1200.jpg?v=20130730","https://m2.spitogatos.gr/356604232_1600x1200.jpg?v=20130730","https://m2.spitogatos.gr/356604235_1600x1200.jpg?v=20130730","https://m3.spitogatos.gr/356604239_1600x1200.jpg?v=20130730","https://m3.spitogatos.gr/356604242_1600x1200.jpg?v=20130730","https://m1.spitogatos.gr/356604246_1600x1200.jpg?v=20130730","https://m3.spitogatos.gr/356604248_1600x1200.jpg?v=20130730","https://m3.spitogatos.gr/356604251_1600x1200.jpg?v=20130730","https://m1.spitogatos.gr/356604255_1600x1200.jpg?v=20130730","https://m2.spitogatos.gr/356604256_1600x1200.jpg?v=20130730","https://m2.spitogatos.gr/356604259_1600x1200.jpg?v=20130730","https://m3.spitogatos.gr/356604263_1600x1200.jpg?v=20130730","https://m2.spitogatos.gr/356604265_1600x1200.jpg?v=20130730","https://m2.spitogatos.gr/356604268_1600x1200.jpg?v=20130730","https://m3.spitogatos.gr/356604269_1600x1200.jpg?v=20130730","https://m3.spitogatos.gr/356604272_1600x1200.jpg?v=20130730","https://m2.spitogatos.gr/356604274_1600x1200.jpg?v=20130730","https://m2.spitogatos.gr/356604277_1600x1200.jpg?v=20130730",,"0","0","2","1","37.979393","1","1","23.771254","400","0","0","0","2026-07-28","0","0","0","1","1",,"10","1","0","0",,"0","0","0","750","2026-07-17 09:07:55","6","0","0","0","0","7.5","800","true","1","3","6","1","0",,"0","1","2","0","1",,"0","100","0",,,"0","1","0","2026-06-08","https://www.spitogatos.gr/en/property/1220068499","0","0","1983",,"residential"
"1","Ground Floor","no","simple","1",,,,,"0","0","0","0","2026-05-12","0","0","0","1","1","0","false","house","0","0","0","Κωδικός Ακινήτου: #11608. Ζωγράφου, Κέντρο: Ενοικιάζεται μερικώς ανακαινισμένο Διαμέρισμα 75τ.μ. σε ισόγειο. Αποτελείται από 2 υπνοδωμάτια, 1 κουζίνα, 1 σαλόνι, και μπάνιο. Είναι κατασκευασμένο το 1950, βαμμένο, κοντά σε ΜΕΣΑ ΜΑΖΙΚΗΣ ΜΕΤΑΦΟΡΑΣ και διαθέτει κλιματισμό,  δάπεδα από μωσαϊκό & ξύλο.. Επιπλέον χαρακτηριστικά: ΑΥΛΗ .<br><br />
Τιμή 550€ | Κωδικός Ακινήτου: #11608<br><br />
<br /> ΚΑΤΑ ΤΗΝ ΥΠΟΔΕΙΞΗ ΤΟΥ ΑΚΙΝΗΤΟΥ ΑΠΑΙΤΕΙΤΑΙ ΝΑ ΓΙΝΕΤΑΙ ΕΠΙΔΕΙΞΗ ΤΗΣ ΑΣΤΥΝΟΜΙΚΗΣ ΣΑΣ ΤΑΥΤΟΤΗΤΑΣ ΣΥΜΦΩΝΑ ΜΕ ΤΟΝ Ν.4072/11-04-2012 Φ.Ε.Κ 86Α<br /><br />ΤΑ ΣΤΟΙΧΕΙΑ ΤΩΝ ΑΚΙΝΗΤΩΝ ΕΙΝΑΙ ΚΑΤΑ ΔΗΛΩΣΗ ΤΟΥ ΙΔΙΟΚΤΗΤΗ<br /><br />ΑΚΙΝΗΤΑ ΑΠΟΚΛΕΙΣΤΙΚΗΣ ΔΙΑΘΕΣΗΣ ΜΕ ΦΩΤΟΓΡΑΦΙΕΣ ΠΟΥ ΔΙΑΧΕΙΡΙΖΕΤΑΙ Η ΕΤΑΙΡΙΑ ΜΑΣ ΘΑ ΒΡΕΙΤΕ ΣΤΗΝ ΙΣΤΟΣΕΛΙΔΑ ΜΑΣ<br /><br /> ►WEBSITE: www.tzelihome.gr<br /><br /> ✔ ΓΙΑ ΤΗΝ ΚΑΛΥΤΕΡΗ ΕΞΥΠΗΡΕΤΗΣΗ ΣΑΣ ΧΡΗΣΙΜΟΠΟΙΕΙΣΤΕ ΤΟΝ ΚΩΔΙΚΟ ΑΚΙΝΗΤΟΥ ΠΟΥ ΑΝΑΓΡΑΦΕΤΑΙ ΣΤΗΝ ΠΕΡΙΓΡΑΦΗ<br /> ✔ Η ΔΙΕΥΘΥΝΣΗ ΣΤΟΝ ΧΑΡΤΗ ΕΧΕΙ ΤΟΠΟΘΕΤΗΘΕΙ ΚΑΤΑ ΠΡΟΣΕΓΓΙΣΗ<br /> ✔ ΟΙ ΑΚΡΙΒΕΙΣ ΠΛΗΡΟΦΟΡΙΕΣ ΤΗΣ ΔΙΕΥΘΥΝΣΗΣ ΠΑΡΕΧΟΝΤΑΙ ΣΤΗΝ ΥΠΟΔΕΙΞΗ ΤΟΥ ΑΚΙΝΗΤΟΥ<br /><br /> ΜΕΣΙΤΙΚΟ ΓΡΑΦΕΙΟ TZELI HOME<br /> ΥΜΗΤΤΟΥ 41 , ΚΑΙΣΑΡΙΑΝΗ , ΤΚ 16121<br /><br /> ΕΠΙΚΟΙΝΩΝΗΣΤΕ ΜΑΖΙ ΜΑΣ:<br /> ►WEBSITE : www.tzelihome.gr<br /> ►E-MAIL : tzelihome@gmail.com<br /> ►ΚΙΝΗΤΟ : 6906.062.919 <br /> ►ΤΗΛΕΦΩΝΟ : 211.001.4573 & 211.001.4574<br>","8000",,"0","0","9","0","0","2026-05-12","3","11","0","no","no","0","Αθήνα - Νότια Προάστια (Αττική)","Ζωγράφου (Αθήνα - Νότια Προάστια)","1","105103","102","2211","102211","Single","1","4","0","0","1","1219873102","https://m1.spitogatos.gr/353236467_1600x1200.jpg?v=20130730","https://m2.spitogatos.gr/353236468_1600x1200.jpg?v=20130730","https://m3.spitogatos.gr/353236469_1600x1200.jpg?v=20130730","https://m1.spitogatos.gr/353236470_1600x1200.jpg?v=20130730","https://m2.spitogatos.gr/353236471_1600x1200.jpg?v=20130730","https://m1.spitogatos.gr/353236473_1600x1200.jpg?v=20130730","https://m3.spitogatos.gr/353236475_1600x1200.jpg?v=20130730","https://m2.spitogatos.gr/353236477_1600x1200.jpg?v=20130730","https://m1.spitogatos.gr/353236479_1600x1200.jpg?v=20130730","https://m3.spitogatos.gr/353236481_1600x1200.jpg?v=20130730","https://m2.spitogatos.gr/353236483_1600x1200.jpg?v=20130730","https://m1.spitogatos.gr/353236485_1600x1200.jpg?v=20130730","https://m3.spitogatos.gr/353236487_1600x1200.jpg?v=20130730","https://m2.spitogatos.gr/353236489_1600x1200.jpg?v=20130730","https://m1.spitogatos.gr/353236491_1600x1200.jpg?v=20130730","https://m3.spitogatos.gr/353236493_1600x1200.jpg?v=20130730","https://m2.spitogatos.gr/353236495_1600x1200.jpg?v=20130730","https://m1.spitogatos.gr/353236497_1600x1200.jpg?v=20130730","https://m3.spitogatos.gr/353236499_1600x1200.jpg?v=20130730","https://m2.spitogatos.gr/353236501_1600x1200.jpg?v=20130730","https://m1.spitogatos.gr/353236503_1600x1200.jpg?v=20130730","https://m3.spitogatos.gr/353236505_1600x1200.jpg?v=20130730","https://m1.spitogatos.gr/353236506_1600x1200.jpg?v=20130730","https://m1.spitogatos.gr/353236509_1600x1200.jpg?v=20130730",,"0","0","1","1","37.979725","1","1","23.768364",,"0","0","0","2026-06-27","0","0","0","0","1",,"2","1","0","0",,"0","0","0","550",,,"0","0","0","0","7.33",,,"1","3","6","1","1","2000","0","1","2","0","0",,"0","75","0",,,"0","1","0","2026-05-12","https://www.spitogatos.gr/en/property/1219873102","0",,"1950","HKStSjenqgI","residential"
"0","3","no","simple","1",,,,,"1","0","0","0","2026-07-25","0","0","1","30","1",,"false","house","0",,"1","Διατίθεται προς ενοικίαση ευρύχωρο διαμέρισμα 150 τ.μ. στον 3ο όροφο καλοδιατηρημένης πολυκατοικίας. <br />
<br />
Το ακίνητο διαθέτει τρία άνετα υπνοδωμάτια, μεγάλη σαλονοτραπεζαρία που προσφέρει φωτεινούς και λειτουργικούς χώρους υποδοχής, κλειστή κουζίνα ιδανική για καθημερινή χρήση, καθώς και δύο λουτρά με πατάρια που εξασφαλίζουν επιπλέον αποθηκευτικούς χώρους. Επιπλέον, υπάρχει μικρή αποθήκη εντός του διαμερίσματος για μεγαλύτερη πρακτικότητα. Το ακίνητο περιβάλλεται από εξώστες που προσφέρουν άπλετο φυσικό φως και δυνατότητα ξεκούρασης σε εξωτερικό χώρο. Η θέρμανση είναι αυτόνομη με πετρέλαιο, ενώ η κεντρική εγκατάσταση εξασφαλίζει οικονομία και άνεση κατά τους χειμερινούς μήνες.<br />
<br />
Πρόκειται για ιδανική επιλογή οικογένειας που αναζητά λειτουργικούς χώρους, άνεση και ευχάριστο περιβάλλον διαβίωσης σε κεντρικό σημείο, με εύκολη πρόσβαση σε αγορές, υπηρεσίες και συγκοινωνίες. Το διαμέρισμα συνδυάζει πρακτικότητα με άνεση, αποτελώντας εξαιρετική πρόταση μίσθωσης.<br />
https://theprosperty.com/listings/13932<br />
☎️ 210 6812500.","10000","0","0","1","6","1","0","2025-09-23","8","10","0","no","no","0","Αθήνα - Νότια Προάστια (Αττική)","Ζωγράφου (Αθήνα - Νότια Προάστια)","1","105103","102","2211","107159","Single","2","1","0","0","1","1218288663","https://m3.spitogatos.gr/363259280_1600x1200.jpg?v=20130730","https://m1.spitogatos.gr/363259287_1600x1200.jpg?v=20130730","https://m2.spitogatos.gr/363259294_1600x1200.jpg?v=20130730","https://m1.spitogatos.gr/363259299_1600x1200.jpg?v=20130730","https://m1.spitogatos.gr/363259305_1600x1200.jpg?v=20130730","https://m3.spitogatos.gr/363259310_1600x1200.jpg?v=20130730","https://m2.spitogatos.gr/363259315_1600x1200.jpg?v=20130730","https://m1.spitogatos.gr/363259320_1600x1200.jpg?v=20130730","https://m2.spitogatos.gr/363259324_1600x1200.jpg?v=20130730","https://m1.spitogatos.gr/363259329_1600x1200.jpg?v=20130730","https://m1.spitogatos.gr/363259359_1600x1200.jpg?v=20130730","https://m1.spitogatos.gr/363259365_1600x1200.jpg?v=20130730","https://m2.spitogatos.gr/363259369_1600x1200.jpg?v=20130730","https://m1.spitogatos.gr/363259377_1600x1200.jpg?v=20130730","https://m1.spitogatos.gr/363259383_1600x1200.jpg?v=20130730","https://m1.spitogatos.gr/363259389_1600x1200.jpg?v=20130730","https://m3.spitogatos.gr/363259394_1600x1200.jpg?v=20130730","https://m2.spitogatos.gr/363259399_1600x1200.jpg?v=20130730","https://m1.spitogatos.gr/363259404_1600x1200.jpg?v=20130730","https://m1.spitogatos.gr/363259410_1600x1200.jpg?v=20130730","https://m1.spitogatos.gr/363259416_1600x1200.jpg?v=20130730","https://m2.spitogatos.gr/363259420_1600x1200.jpg?v=20130730","https://m3.spitogatos.gr/363259424_1600x1200.jpg?v=20130730","https://m1.spitogatos.gr/363259428_1600x1200.jpg?v=20130730","https://m3.spitogatos.gr/363259433_1600x1200.jpg?v=20130730",,"0","2","1","37.970554","1","1","23.777168","150","0",,,"2026-07-25","0","0",,"1","1","7",,"0","0","0",,"0",,"0","1100",,,"0","0","0","0","7.33",,,"1","3","6","1","0",,"0","1","3",,"1",,"0","150","1","1",,"1","1","0","2025-09-23","https://www.spitogatos.gr/en/property/1218288663","1","0","2000","O7QBTE6l_30","residential"
"1","1","no","simple","1",,,,,"0","0","0","0","2026-06-17","0","0","1","12","1","0","false","house","0","30","0","Κωδικός Ακινήτου: #12138   Ζωγράφου, Πανεπιστημιούπολη: Ενοικιάζεται πλήρως ανακαινισμένο διαμέρισμα 80 τ.μ. στον 1ο όροφο πολυκατοικίας με ασανσέρ, προσφέροντας άνεση, λειτουργικότητα και σύγχρονες παροχές σε μια ιδιαίτερα εξυπηρετική τοποθεσία με άμεση πρόσβαση σε μέσα μαζικής μεταφοράς. Το ακίνητο διαθέτει δύο ευρύχωρα υπνοδωμάτια, άνετο σαλόνι, ανεξάρτητη κουζίνα και μοντέρνο μπάνιο, ενώ παραδίδεται πλήρως επιπλωμένο και πλήρως εξοπλισμένο, έτοιμο να καλύψει κάθε ανάγκη του νέου ενοικιαστή. Η αυτόνομη θέρμανση φυσικού αερίου εξασφαλίζει οικονομία και άνεση καθ’ όλη τη διάρκεια του χρόνου, ενώ τα κουφώματα αλουμινίου με διπλά τζάμια, η πόρτα ασφαλείας, ο κλιματισμός και οι σίτες ενισχύουν την ποιότητα διαβίωσης. Τα ξύλινα δάπεδα προσδίδουν ζεστασιά και κομψότητα στους χώρους, δημιουργώντας ένα φιλόξενο και καλαίσθητο περιβάλλον. Πρόκειται για μια εξαιρετική επιλογή κατοικίας που συνδυάζει την αισθητική, την άνεση και την προνομιακή τοποθεσία, ιδανική για όσους αναζητούν ένα έτοιμο προς κατοίκηση διαμέρισμα υψηλών προδιαγραφών.<br><br />
 <br><br />
 <br><br />
Τιμή 970€ | Κωδικός Ακινήτου: #12138<br><br />
 <br><br />
<br /> ΚΑΤΑ ΤΗΝ ΥΠΟΔΕΙΞΗ ΤΟΥ ΑΚΙΝΗΤΟΥ ΑΠΑΙΤΕΙΤΑΙ ΝΑ ΓΙΝΕΤΑΙ ΕΠΙΔΕΙΞΗ ΤΗΣ ΑΣΤΥΝΟΜΙΚΗΣ ΣΑΣ ΤΑΥΤΟΤΗΤΑΣ ΣΥΜΦΩΝΑ ΜΕ ΤΟΝ Ν.4072/11-04-2012 Φ.Ε.Κ 86Α<br /><br />ΤΑ ΣΤΟΙΧΕΙΑ ΤΩΝ ΑΚΙΝΗΤΩΝ ΕΙΝΑΙ ΚΑΤΑ ΔΗΛΩΣΗ ΤΟΥ ΙΔΙΟΚΤΗΤΗ<br /><br />ΑΚΙΝΗΤΑ ΑΠΟΚΛΕΙΣΤΙΚΗΣ ΔΙΑΘΕΣΗΣ ΜΕ ΦΩΤΟΓΡΑΦΙΕΣ ΠΟΥ ΔΙΑΧΕΙΡΙΖΕΤΑΙ Η ΕΤΑΙΡΙΑ ΜΑΣ ΘΑ ΒΡΕΙΤΕ ΣΤΗΝ ΙΣΤΟΣΕΛΙΔΑ ΜΑΣ<br /><br /> ►WEBSITE: www.tzelihome.gr<br /><br /> ✔ ΓΙΑ ΤΗΝ ΚΑΛΥΤΕΡΗ ΕΞΥΠΗΡΕΤΗΣΗ ΣΑΣ ΧΡΗΣΙΜΟΠΟΙΕΙΣΤΕ ΤΟΝ ΚΩΔΙΚΟ ΑΚΙΝΗΤΟΥ ΠΟΥ ΑΝΑΓΡΑΦΕΤΑΙ ΣΤΗΝ ΠΕΡΙΓΡΑΦΗ<br /> ✔ Η ΔΙΕΥΘΥΝΣΗ ΣΤΟΝ ΧΑΡΤΗ ΕΧΕΙ ΤΟΠΟΘΕΤΗΘΕΙ ΚΑΤΑ ΠΡΟΣΕΓΓΙΣΗ<br /> ✔ ΟΙ ΑΚΡΙΒΕΙΣ ΠΛΗΡΟΦΟΡΙΕΣ ΤΗΣ ΔΙΕΥΘΥΝΣΗΣ ΠΑΡΕΧΟΝΤΑΙ ΣΤΗΝ ΥΠΟΔΕΙΞΗ ΤΟΥ ΑΚΙΝΗΤΟΥ<br /><br /> ΜΕΣΙΤΙΚΟ ΓΡΑΦΕΙΟ TZELI HOME<br /> ΥΜΗΤΤΟΥ 41 , ΚΑΙΣΑΡΙΑΝΗ , ΤΚ 16121<br /><br /> ΕΠΙΚΟΙΝΩΝΗΣΤΕ ΜΑΖΙ ΜΑΣ:<br /> ►WEBSITE : www.tzelihome.gr<br /> ►E-MAIL : tzelihome@gmail.com<br /> ►ΚΙΝΗΤΟ : 6906.062.919 <br /> ►ΤΗΛΕΦΩΝΟ : 211.001.4573 & 211.001.4574<br>","8000",,"0","1","8","0","0","2026-06-17","6","2","0","yes","no","0","Αθήνα - Νότια Προάστια (Αττική)","Ζωγράφου (Αθήνα - Νότια Προάστια)","1","105103","102","2211","6112","Double","1","2","0","0","1","1220145735","https://m3.spitogatos.gr/357668078_1600x1200.jpg?v=20130730","https://m3.spitogatos.gr/357668081_1600x1200.jpg?v=20130730","https://m2.spitogatos.gr/357668086_1600x1200.jpg?v=20130730","https://m3.spitogatos.gr/357668090_1600x1200.jpg?v=20130730","https://m2.spitogatos.gr/357668095_1600x1200.jpg?v=20130730","https://m2.spitogatos.gr/357668098_1600x1200.jpg?v=20130730","https://m3.spitogatos.gr/357668102_1600x1200.jpg?v=20130730","https://m3.spitogatos.gr/357668108_1600x1200.jpg?v=20130730","https://m3.spitogatos.gr/357668111_1600x1200.jpg?v=20130730","https://m3.spitogatos.gr/357668117_1600x1200.jpg?v=20130730","https://m3.spitogatos.gr/357668120_1600x1200.jpg?v=20130730","https://m3.spitogatos.gr/357668123_1600x1200.jpg?v=20130730","https://m1.spitogatos.gr/357668124_1600x1200.jpg?v=20130730","https://m2.spitogatos.gr/357668125_1600x1200.jpg?v=20130730","https://m3.spitogatos.gr/357668126_1600x1200.jpg?v=20130730","https://m2.spitogatos.gr/357668128_1600x1200.jpg?v=20130730","https://m1.spitogatos.gr/357668130_1600x1200.jpg?v=20130730","https://m3.spitogatos.gr/357668132_1600x1200.jpg?v=20130730","https://m2.spitogatos.gr/357668134_1600x1200.jpg?v=20130730","https://m2.spitogatos.gr/357668137_1600x1200.jpg?v=20130730","https://m1.spitogatos.gr/357668139_1600x1200.jpg?v=20130730","https://m1.spitogatos.gr/357668142_1600x1200.jpg?v=20130730","https://m1.spitogatos.gr/357668145_1600x1200.jpg?v=20130730",,,"0","0","2","1","37.97459","1","1","23.763758",,"0","0","0","2026-06-22","0","0","0","0","1",,"3","1","0","1",,"0","0","0","970",,,"0","0","0","0","12.13",,,"1","3","6","1","1","2026","0","1","2","0","1",,"0","80","0",,,"0","1","0","2026-06-17","https://www.spitogatos.gr/en/property/1220145735","0",,"1969","G_MYcVLvZFo","residential"
"1","2","no","simple","1",,,,,"0","0","0","0","2026-07-01","0","0","0","0","0","0",,"house",,,"0","Κωδικός ακινήτου: 48-4625 - Δάφνη Άνω Δάφνη  ΕΝΟΙΚΙΑΖΕΤΑΙ   ανακαινισμένο επιπλωμένο διαμέρισμα  στον 2 ο όροφο συνολικής επιφάνειας 66.00 τ.μ.  . Αποτελείται από 2 υπνοδωμάτια, σαλόνι, κουζίνα, μπάνιο . Είναι κατασκευασμένο το 1974 με ενεργειακή κλάση Γ  και διαθέτει θέρμανση ατομική - ηλεκτρικό, θέα σε αστικό τοπίο,  ξύλινα πατώματα, πόρτα ασφαλείας, εντοιχιζόμενες ντουλάπες, ανελκυστήρα, A/C, ηλεκτρικές συσκευές, διπλά τζάμια     απόσταση από μετρό 450 μέτρα - Τιμή: 680 €  <br>Προς ενοικίαση υπέροχο επιπλωμένο διαμέρισμα 2ου ορόφου στη Δάφνη.<br>Πρόκειται για ακίνητο 66 τμ, 2ου ορόφου το οποίο αποτελείτε από 2 Υ/Δ, κουζίνα και μπάνιο. Το διαμέρισμα είναι πλήρως επιπλωμένο και διαθέτει και τις ηλεκτρικές συσκευές όπως ψυγείο, φούρνο, πλυντήριο και κλιματιστικά. Το ακίνητο βρίσκεται σε πολύ προνομιακή θέση μιας και είναι μόλις 7 λεπτά από τον σταθμό του μετρό Δάφνη και δίπλα από την γυμναστική ακαδημία. Αποτελεί μια τέλεια επιλογή είτε για φοιτητές είτε για οικογένειες.<br> <br>Τηλ: (+30)210 2201935 ,  e-mail: info@remaxlysis.com<br />
www.remax-lysis.gr<br />
<br />
| Οι πληροφορίες και τα χαρακτηριστικά των ακινήτων έχουν καταχωρηθεί βάσει των πληροφοριών και στοιχείων που προσκόμισε ο εντολέας.<br />
| Το σημείο στο χάρτη δεν ανταποκρίνεται στην πραγματική διεύθυνση του ακινήτου.<br />
| Όλα τα ακίνητα που προβάλλουμε μέσω internet είναι διαθέσιμα, καθώς γίνεται συνεχής ενημέρωση και αποσύρονται τα μη διαθέσιμα.<br />
| Κατά την υπόδειξη του ακινήτου είναι απαραίτητη η αστυνομική ταυτότητα ή ο Α.Φ.Μ, σύμφωνα με τον Νόμο Ν.4072/2012 - ΦΕΚ 86/Α/11-4-2012",,,,"1","5","0","0","2026-06-30","7","2","0","yes","no","0","Αθήνα - Νότια Προάστια (Αττική)","Δάφνη (Αθήνα - Νότια Προάστια)","1","105103","102","2209","123191","Double","4","4","0","0","1","1220271179","https://m1.spitogatos.gr/362572347_1600x1200.jpg?v=20130730","https://m3.spitogatos.gr/362572349_1600x1200.jpg?v=20130730","https://m2.spitogatos.gr/362572351_1600x1200.jpg?v=20130730","https://m1.spitogatos.gr/362572353_1600x1200.jpg?v=20130730","https://m1.spitogatos.gr/362572356_1600x1200.jpg?v=20130730","https://m3.spitogatos.gr/362572358_1600x1200.jpg?v=20130730","https://m3.spitogatos.gr/362572364_1600x1200.jpg?v=20130730","https://m3.spitogatos.gr/362572367_1600x1200.jpg?v=20130730","https://m3.spitogatos.gr/362572373_1600x1200.jpg?v=20130730","https://m1.spitogatos.gr/362572380_1600x1200.jpg?v=20130730","https://m2.spitogatos.gr/362572387_1600x1200.jpg?v=20130730","https://m3.spitogatos.gr/362572394_1600x1200.jpg?v=20130730","https://m3.spitogatos.gr/362572400_1600x1200.jpg?v=20130730","https://m3.spitogatos.gr/362572406_1600x1200.jpg?v=20130730","https://m1.spitogatos.gr/362572410_1600x1200.jpg?v=20130730","https://m3.spitogatos.gr/362572418_1600x1200.jpg?v=20130730",,,,,,,,,,"0","0",,"1","37.953724",,"1","23.74036",,"0",,,"2026-07-21","0","0","0","0","1",,,"0","0","0",,"0","0","0","680",,,"0","0","0","0","10.3",,,"1","3","6","1","1",,"0","2","2","0","1",,"0","66","0",,"Κρεστένων 6-12, 172 37, Δάφνη","1","1","0","2026-06-30","https://www.spitogatos.gr/en/property/1220271179","1","0","1974",,"residential"
"1","3","no","simple","1","Αλέξιος","81463","Κοσμόπουλος","6986109593","1","1","0","0","2026-07-27","0","1","1","18","1","0",,"house","0",,"0","Διατίθεται προς ενοικίαση ανακαινισμένο διαμέρισμα 3ου ορόφου, συνολικής επιφάνειας 80 τ.μ., στην περιοχή Ζωγράφου – Κέντρο.<br />
<br />
Το ακίνητο αποτελείται από δύο υπνοδωμάτια, ένα μπάνιο και μία κουζίνα, προσφέροντας άνετους και λειτουργικούς χώρους διαβίωσης.<br />
<br />
Έχει κατασκευαστεί το 1980 και ανακαινίστηκε το 2017. Διαθέτει αυτόνομη θέρμανση με φυσικό αέριο, κλιματισμό, ηλιακό θερμοσίφωνα, κουφώματα αλουμινίου με διπλά τζάμια και δάπεδα από πλακάκι, ξύλο και γρανίτη (Ενεργειακή Κλάση Γ).<br />
<br />
Το διαμέρισμα είναι βαμμένο, προσόψεως, φωτεινό και διαμπερές, με ανατολικομεσημβρινό προσανατολισμό και θέα σε ανοιχτωσιά.<br />
<br />
Βρίσκεται σε εξαιρετική τοποθεσία, κοντά σε συγκοινωνίες, αγορά και χώρους εστίασης, αποτελώντας ιδανική επιλογή για κατοικία, εξοχική χρήση ή φοιτητές. Επιπλέον διαθέτει σίτες, τέντες, ασανσέρ, ηλεκτρικές συσκευές, πόρτα ασφαλείας, συναγερμό, νυχτερινό ρεύμα, ηλεκτρικά ρολά, βεράντα και βρίσκεται σε ήσυχη γειτονιά.<br />
<br />
  * Διατίθεται και επιπλωμένο με αναπροσαρμογή του ενοικίου.<br />
📍 Η τοποθεσία είναι ενδεικτική.<br />
<br />
KOSMOS REAL ESTATE<br />
📞 Υπεύθυνος Ακινήτου: Αλέξης Κοσμόπουλος – 6986109593<br />
📧 info@kosmosrealestate.gr<br />
🌐 www.kosmosrealestate.gr",,,"0","1","5","1","0","2026-07-27","8","10","0","no","no","0","Αθήνα - Νότια Προάστια (Αττική)","Ζωγράφου (Αθήνα - Νότια Προάστια)","1","105103","102","2211","102211","Double","1","2","0","1","1","1220497661","https://m1.spitogatos.gr/363397515_1600x1200.jpg?v=20130730","https://m3.spitogatos.gr/363397520_1600x1200.jpg?v=20130730","https://m3.spitogatos.gr/363397523_1600x1200.jpg?v=20130730","https://m2.spitogatos.gr/363397525_1600x1200.jpg?v=20130730","https://m2.spitogatos.gr/363397528_1600x1200.jpg?v=20130730","https://m3.spitogatos.gr/363397529_1600x1200.jpg?v=20130730","https://m1.spitogatos.gr/363397533_1600x1200.jpg?v=20130730","https://m3.spitogatos.gr/363397535_1600x1200.jpg?v=20130730","https://m2.spitogatos.gr/363397540_1600x1200.jpg?v=20130730","https://m2.spitogatos.gr/363397546_1600x1200.jpg?v=20130730","https://m2.spitogatos.gr/363397549_1600x1200.jpg?v=20130730","https://m3.spitogatos.gr/363397556_1600x1200.jpg?v=20130730","https://m1.spitogatos.gr/363397560_1600x1200.jpg?v=20130730","https://m1.spitogatos.gr/363397566_1600x1200.jpg?v=20130730","https://m3.spitogatos.gr/363397571_1600x1200.jpg?v=20130730","https://m3.spitogatos.gr/363397577_1600x1200.jpg?v=20130730","https://m2.spitogatos.gr/363397606_1600x1200.jpg?v=20130730","https://m3.spitogatos.gr/363397610_1600x1200.jpg?v=20130730","https://m3.spitogatos.gr/363397613_1600x1200.jpg?v=20130730","https://m2.spitogatos.gr/363397618_1600x1200.jpg?v=20130730","https://m1.spitogatos.gr/363397623_1600x1200.jpg?v=20130730","https://m3.spitogatos.gr/363397625_1600x1200.jpg?v=20130730","https://m2.spitogatos.gr/363397630_1600x1200.jpg?v=20130730","https://m2.spitogatos.gr/363397633_1600x1200.jpg?v=20130730",,"0","0","2","1","37.980598","1","0","23.76811",,"0","0","0","2026-07-27","0","0","1","0","1",,"3","1","0","1",,"0","0","0","900",,,"0","0","0","0","11.25",,,"1","3","6","1","1","2017","0","1","2","0","1","1","1","80","0",,,"1","1","0","2026-07-27","https://www.spitogatos.gr/en/property/1220497661","1","0","1980",,"residential"
"1","Ground Floor","yes","simple","1",,,,,"0","0","0","0","2021-10-16","0","0","0","0","1","0",,"house",,"25","0","Κωδικός ακινήτου: 2-811 - Ζωγράφου Άνω Ιλίσια Ζωγραφου ΕΝΟΙΚΙΑΖΕΤΑΙ   ανακαινισμένη  γκαρσονιέρα/studio  ισόγειο συνολικής επιφάνειας 38.00 τ.μ.  . Αποτελείται από 1 υπνοδωμάτιο, σαλόνι, κουζίνα, μπάνιο . Είναι κατασκευασμένη το 1978 με ενεργειακή κλάση Γ  και διαθέτει θέρμανση κεντρική - πετρέλαιο,  κουφώματα αλουμινίου, πατώματα από πλακάκι, πόρτα ασφαλείας, εντοιχιζόμενες ντουλάπες, ανελκυστήρα, πρόσβαση ΑΜΕΑ, A/C, σίτες, διπλά τζάμια, ανοιχτωσιά, οπτικές ίνες      - Τιμή: 410 €  <br> <br>",,,,"1","5","1","0","2026-07-06","3","4","0","no","no","0","Αθήνα - Νότια Προάστια (Αττική)","Ζωγράφου (Αθήνα - Νότια Προάστια)","1","105103","102","2211","6112","Double","2","1","0","0","1","1220315862","https://m3.spitogatos.gr/360658499_1600x1200.jpg?v=20130730","https://m3.spitogatos.gr/360658502_1600x1200.jpg?v=20130730","https://m3.spitogatos.gr/360658505_1600x1200.jpg?v=20130730","https://m3.spitogatos.gr/360658508_1600x1200.jpg?v=20130730","https://m3.spitogatos.gr/360658511_1600x1200.jpg?v=20130730","https://m1.spitogatos.gr/360658515_1600x1200.jpg?v=20130730","https://m2.spitogatos.gr/360658519_1600x1200.jpg?v=20130730","https://m1.spitogatos.gr/360658524_1600x1200.jpg?v=20130730","https://m3.spitogatos.gr/360658529_1600x1200.jpg?v=20130730","https://m2.spitogatos.gr/360658534_1600x1200.jpg?v=20130730","https://m3.spitogatos.gr/360658538_1600x1200.jpg?v=20130730","https://m3.spitogatos.gr/360658541_1600x1200.jpg?v=20130730","https://m1.spitogatos.gr/360658542_1600x1200.jpg?v=20130730","https://m2.spitogatos.gr/360658543_1600x1200.jpg?v=20130730","https://m3.spitogatos.gr/360658544_1600x1200.jpg?v=20130730","https://m2.spitogatos.gr/360658546_1600x1200.jpg?v=20130730","https://m1.spitogatos.gr/360658548_1600x1200.jpg?v=20130730",,,,,,,,,"0","0","2","1","37.973614",,"1","23.7668",,"0",,,"2026-07-15","0","0","0","0","1",,,"1","0","1",,"0","0","0","410","2026-07-15 09:16:34","5","0","0","0","0","10.79","430","true","1","3","6","1","1",,"0","3","1","0","1",,"0","38","0",,"Αρβύλων 6","1","2","0","2026-07-06","https://www.spitogatos.gr/en/property/1220315862","0","0","1978",,"residential"
"0","2","yes","simple","1",,,,,"0","0","0","0","2026-07-13","0","1","0","1","1",,"false","house",,"25","1","Ενοικιάζεται φωτεινό και ευρύχωρο διαμέρισμα 95 τ.μ. σε εξαιρετική περιοχή, ιδανικό για οικογένεια ή ζευγάρι. Το ακίνητο διαθέτει 2 άνετα υπνοδωμάτια, μεγάλο μπάνιο με παράθυρο για φυσικό φωτισμό και αερισμό, ανεξάρτητη και ιδιαίτερα φωτεινή κουζίνα, καθώς και ευρύχωρο σαλόνι ενιαίο με τραπεζαρία. Επιπλέον, διαθέτει εσωτερική αποθήκη, κουφώματα αλουμινίου με διπλά τζάμια, κεντρική θέρμανση πετρελαίου και πόρτα εισόδου ασφαλείας με διπλές κλειδαριές. Βρίσκεται σε προνομιακή τοποθεσία, κοντά σε σχολεία, εμπορικούς δρόμους, σούπερ μάρκετ, χώρους εστίασης και διασκέδασης, ενώ εξυπηρετείται άμεσα από συχνές συγκοινωνίες, προσφέροντας άνεση και ευκολία στην καθημερινότητα.  Ενοικίαση, Διαμέρισμα,  Μπάνια: 1,  Εμβαδόν: 95 τ.μ.,  Δωμάτια: 2,  Έτος κατασκευής: 1976,  Για φοιτητές,  Ασανσέρ,  Αποθήκη,  Όροφος: 2ος,  Κατάλληλο για Επαγγ. Χρήση,  Γωνιακό,  Επιτρέπονται κατοικίδια,  Ανακαινισμένο,  Τέντα,  Φωτεινό,  Κουζίνες: 1,  Κουφώματα: Αλουμινίου,  Τύπος δαπέδων: Μάρμαρο,  Επιφάνεια oικοπέδου: 400 τ.μ.,  Πρόσβαση για ΑΜΕΑ,  Eπίπεδα: 1,  Θέρμανση: Κεντρική θέρμανση,  Μέσο θέρμανσης: Πετρέλαιο,  Πρόσβαση από: Άσφαλτο,  Ζώνη: Οικιστική ζώνη,  Ενεργειακή κλάση: Δ,  Προσανατολισμός: Νοτιοανατολικός,  Ρεύμα: Μονοφασικό,  Έτος Ανακαίνισης: 2022,  Απόσταση απο θάλασσα: 4000,  Μηνιαία κοινόχρηστα: 25","4000","0",,"1","6","0","0","2026-06-19","7","1","1","no","no","0","Αθήνα - Νότια Προάστια (Αττική)","Δάφνη (Αθήνα - Νότια Προάστια)","1","105103","102","2209","123190",,"2","1","0","0","1","1220160347","https://m2.spitogatos.gr/361462072_1600x1200.jpg?v=20130730","https://m1.spitogatos.gr/361462077_1600x1200.jpg?v=20130730","https://m2.spitogatos.gr/361462084_1600x1200.jpg?v=20130730","https://m2.spitogatos.gr/361462117_1600x1200.jpg?v=20130730","https://m3.spitogatos.gr/361462124_1600x1200.jpg?v=20130730","https://m2.spitogatos.gr/361462132_1600x1200.jpg?v=20130730","https://m2.spitogatos.gr/361462144_1600x1200.jpg?v=20130730","https://m1.spitogatos.gr/361462149_1600x1200.jpg?v=20130730","https://m2.spitogatos.gr/361462156_1600x1200.jpg?v=20130730","https://m3.spitogatos.gr/361462160_1600x1200.jpg?v=20130730","https://m1.spitogatos.gr/361462200_1600x1200.jpg?v=20130730","https://m2.spitogatos.gr/361462204_1600x1200.jpg?v=20130730","https://m3.spitogatos.gr/361462208_1600x1200.jpg?v=20130730","https://m2.spitogatos.gr/361462222_1600x1200.jpg?v=20130730","https://m1.spitogatos.gr/361462239_1600x1200.jpg?v=20130730","https://m2.spitogatos.gr/361462240_1600x1200.jpg?v=20130730","https://m3.spitogatos.gr/361462241_1600x1200.jpg?v=20130730","https://m2.spitogatos.gr/361462243_1600x1200.jpg?v=20130730","https://m3.spitogatos.gr/361462244_1600x1200.jpg?v=20130730","https://m2.spitogatos.gr/361462246_1600x1200.jpg?v=20130730","https://m1.spitogatos.gr/361462275_1600x1200.jpg?v=20130730","https://m3.spitogatos.gr/361462286_1600x1200.jpg?v=20130730","https://m3.spitogatos.gr/361462289_1600x1200.jpg?v=20130730","https://m2.spitogatos.gr/361462306_1600x1200.jpg?v=20130730",,"0","0","2","1","37.951305","1","1","23.729269",,"0",,,"2026-07-13","0","0","0","0","1",,"11","0","0","0","1","0","0","0","700",,,"0","0","0","0","7.37",,,"1","3","6","1","1","2022","0","1","2","0","0",,"0","95","1",,"","1","1","0","2026-06-19","https://www.spitogatos.gr/en/property/1220160347","0",,"1976",,"residential"
"0","5","no","simple","1",,,,,"1","0","0","0","2026-07-20","0","0","0","12","1","0","false","house","0","0","0","Κωδικός Ακινήτου: #12583  Ζωγράφου, Άνω Ιλίσια: Διατίθεται προς ενοικίαση πλήρως ανακαινισμένο, διαμπερές διαμέρισμα 66 τ.μ., στον 5ο όροφο πολυκατοικίας με ανελκυστήρα, ιδανικό για όσους αναζητούν έναν σύγχρονο και ιδιαίτερα λειτουργικό χώρο κατοικίας. Η κατοικία αποτελείται από ένα ευρύχωρο master υπνοδωμάτιο, άνετο και φωτεινό σαλόνι με τζάκι, ανεξάρτητη κουζίνα και δύο μπάνια, προσφέροντας υψηλό επίπεδο άνεσης και πρακτικότητας στην καθημερινότητα. Κατασκευής 2000 και πλήρως ανακαινισμένο, το διαμέρισμα είναι πρόσφατα βαμμένο και διαθέτει αυτόνομη θέρμανση πετρελαίου και νυχτερινό ρεύμα, συμβάλλοντας σε οικονομική και ποιοτική διαβίωση. Επιπλέον, είναι εξοπλισμένο με κουφώματα αλουμινίου με διπλά ενεργειακά τζάμια, πόρτα ασφαλείας, σίτες, δάπεδα από πλακάκι και πατάρι αποθήκευσης, καλύπτοντας πλήρως τις ανάγκες ενός σύγχρονου νοικοκυριού. Η διαμπερής διάταξή του εξασφαλίζει άριστο φυσικό φωτισμό και αερισμό σε όλους τους χώρους, ενώ η προνομιακή του θέση, με άμεση πρόσβαση σε μέσα μαζικής μεταφοράς και σε όλες τις απαραίτητες καθημερινές εξυπηρετήσεις, το καθιστά εξαιρετική επιλογή για επαγγελματίες ή ζευγάρια που αναζητούν μια ποιοτική κατοικία έτοιμη προς εγκατάσταση.<br><br />
* Διατίθεται και με κλειστή θέση στάθμευσης με επιπλέον 150€.<br><br />
 <br><br />
Τιμή 850€ | Κωδικός Ακινήτου: #12583<br><br />
 <br><br />
ΚΑΤΑ ΤΗΝ ΥΠΟΔΕΙΞΗ ΤΟΥ ΑΚΙΝΗΤΟΥ ΑΠΑΙΤΕΙΤΑΙ ΝΑ ΓΙΝΕΤΑΙ ΕΠΙΔΕΙΞΗ ΤΗΣ ΑΣΤΥΝΟΜΙΚΗΣ ΣΑΣ ΤΑΥΤΟΤΗΤΑΣ ΣΥΜΦΩΝΑ ΜΕ ΤΟΝ Ν.4072/11-04-2012 Φ.Ε.Κ 86Α<br /><br />ΤΑ ΣΤΟΙΧΕΙΑ ΤΩΝ ΑΚΙΝΗΤΩΝ ΕΙΝΑΙ ΚΑΤΑ ΔΗΛΩΣΗ ΤΟΥ ΙΔΙΟΚΤΗΤΗ<br /><br />ΑΚΙΝΗΤΑ ΑΠΟΚΛΕΙΣΤΙΚΗΣ ΔΙΑΘΕΣΗΣ ΜΕ ΦΩΤΟΓΡΑΦΙΕΣ ΠΟΥ ΔΙΑΧΕΙΡΙΖΕΤΑΙ Η ΕΤΑΙΡΙΑ ΜΑΣ ΘΑ ΒΡΕΙΤΕ ΣΤΗΝ ΙΣΤΟΣΕΛΙΔΑ ΜΑΣ<br /><br /> ►WEBSITE: www.tzelihome.gr<br /><br /> ✔ ΓΙΑ ΤΗΝ ΚΑΛΥΤΕΡΗ ΕΞΥΠΗΡΕΤΗΣΗ ΣΑΣ ΧΡΗΣΙΜΟΠΟΙΕΙΣΤΕ ΤΟΝ ΚΩΔΙΚΟ ΑΚΙΝΗΤΟΥ ΠΟΥ ΑΝΑΓΡΑΦΕΤΑΙ ΣΤΗΝ ΠΕΡΙΓΡΑΦΗ<br /> ✔ Η ΔΙΕΥΘΥΝΣΗ ΣΤΟΝ ΧΑΡΤΗ ΕΧΕΙ ΤΟΠΟΘΕΤΗΘΕΙ ΚΑΤΑ ΠΡΟΣΕΓΓΙΣΗ<br /> ✔ ΟΙ ΑΚΡΙΒΕΙΣ ΠΛΗΡΟΦΟΡΙΕΣ ΤΗΣ ΔΙΕΥΘΥΝΣΗΣ ΠΑΡΕΧΟΝΤΑΙ ΣΤΗΝ ΥΠΟΔΕΙΞΗ ΤΟΥ ΑΚΙΝΗΤΟΥ<br /><br /> ΜΕΣΙΤΙΚΟ ΓΡΑΦΕΙΟ TZELI HOME<br /> ΥΜΗΤΤΟΥ 41 , ΚΑΙΣΑΡΙΑΝΗ , ΤΚ 16121<br /><br /> ΕΠΙΚΟΙΝΩΝΗΣΤΕ ΜΑΖΙ ΜΑΣ:<br /> ►WEBSITE : www.tzelihome.gr<br /> ►E-MAIL : tzelihome@gmail.com<br /> ►ΚΙΝΗΤΟ : 6906.062.919 <br /> ►ΤΗΛΕΦΩΝΟ : 211.001.4573 & 211.001.4574<br>","8500",,"0","1","6","0","1","2026-07-20","10","4","0","no","no","0","Αθήνα - Νότια Προάστια (Αττική)","Ζωγράφου (Αθήνα - Νότια Προάστια)","1","105103","102","2211","6112","Double","1","1","0","0","1","1220425022","https://m3.spitogatos.gr/362452682_1600x1200.jpg?v=20130730","https://m3.spitogatos.gr/362452685_1600x1200.jpg?v=20130730","https://m1.spitogatos.gr/362452686_1600x1200.jpg?v=20130730","https://m3.spitogatos.gr/362452688_1600x1200.jpg?v=20130730","https://m2.spitogatos.gr/362452690_1600x1200.jpg?v=20130730","https://m2.spitogatos.gr/362452693_1600x1200.jpg?v=20130730","https://m2.spitogatos.gr/362452696_1600x1200.jpg?v=20130730","https://m2.spitogatos.gr/362452699_1600x1200.jpg?v=20130730","https://m2.spitogatos.gr/362452702_1600x1200.jpg?v=20130730","https://m2.spitogatos.gr/362452705_1600x1200.jpg?v=20130730","https://m2.spitogatos.gr/362452708_1600x1200.jpg?v=20130730","https://m3.spitogatos.gr/362452712_1600x1200.jpg?v=20130730","https://m3.spitogatos.gr/362452715_1600x1200.jpg?v=20130730","https://m1.spitogatos.gr/362452719_1600x1200.jpg?v=20130730","https://m1.spitogatos.gr/362452722_1600x1200.jpg?v=20130730","https://m3.spitogatos.gr/362452724_1600x1200.jpg?v=20130730","https://m1.spitogatos.gr/362452728_1600x1200.jpg?v=20130730","https://m1.spitogatos.gr/362452731_1600x1200.jpg?v=20130730","https://m2.spitogatos.gr/362452735_1600x1200.jpg?v=20130730","https://m3.spitogatos.gr/362452742_1600x1200.jpg?v=20130730","https://m3.spitogatos.gr/362452748_1600x1200.jpg?v=20130730","https://m3.spitogatos.gr/362452754_1600x1200.jpg?v=20130730",,,,"0","0","2","1","37.97472","1","1","23.762636",,"0","0","0","2026-07-27","0","0","1","0","2",,"3","1","1","1",,"0","0","0","850",,,"0","0","0","0","12.88",,,"1","3","6","1","1","2026","0","1","1","0","1",,"1","66","0",,,"0","1","0","2026-07-20","https://www.spitogatos.gr/en/property/1220425022","0",,"2000","P-W1NTkbqWA","residential"
"1","5","no","simple","1",,,,,"1","1","0","0","2026-08-15","0","1","0","0","1","0",,"house",,,"0","Κωδικός ακινήτου: 653459 - Ζωγράφου Πανεπιστημιούπολη Ζωγράφου  ΕΝΟΙΚΙΑΖΕΤΑΙ  κατά αποκλειστικότητα   διαμέρισμα  στον 5 ο όροφο συνολικής επιφάνειας 101.00 τ.μ.  . Αποτελείται από 2 υπνοδωμάτια, σαλόνι, κουζίνα, μπάνιο . Είναι κατασκευασμένο το 1980 με ενεργειακή κλάση Η και ανακαινίστηκε το 2011. Διαθέτει θέρμανση κεντρική - πετρέλαιο, θέα σε πάρκο, κουφώματα αλουμινίου, ξύλινα πατώματα, πόρτα θωρακισμένη, εντοιχιζόμενες ντουλάπες, ανελκυστήρα, πάρκινγκ, A/C, συναγερμό, ηλεκτρικές συσκευές, τέντες, διπλά τζάμια, ηλιακό θερμοσίφωνα, θυροτηλεόραση, ανοιχτωσιά      - Τιμή: 1.100 €  <br>Ωραιότατο ανακαινισμένο διαμέρισμα 5ου ορόφου MINIMAL DESIGN εργονομικός σχεδιασμός, μεγάλη  βεράντα στην  πρόσοψη, διαμπερές, στεγασμένο πάρκιν 2 αυτοκινητων με δουλεια το 2ο, ,ηλεκτρικές τέντες,κρυφοί φωτισμοί ξύλινα δάπεδα,. <br>Brokerhouse Real Estate - Website: www.brokerhouse.gr",,,,"1","9","1","0","2026-07-21","10","2","0","no","yes","0","Αθήνα - Νότια Προάστια (Αττική)","Ζωγράφου (Αθήνα - Νότια Προάστια)","1","105103","102","2211","102211","Double","2","1","0","0","1","1220434192","https://m3.spitogatos.gr/362599880_1600x1200.jpg?v=20130730","https://m3.spitogatos.gr/362599883_1600x1200.jpg?v=20130730","https://m3.spitogatos.gr/362599886_1600x1200.jpg?v=20130730","https://m3.spitogatos.gr/362599889_1600x1200.jpg?v=20130730","https://m3.spitogatos.gr/362599892_1600x1200.jpg?v=20130730","https://m3.spitogatos.gr/362599895_1600x1200.jpg?v=20130730","https://m1.spitogatos.gr/362599899_1600x1200.jpg?v=20130730","https://m1.spitogatos.gr/362599902_1600x1200.jpg?v=20130730","https://m3.spitogatos.gr/362599904_1600x1200.jpg?v=20130730","https://m2.spitogatos.gr/362599906_1600x1200.jpg?v=20130730","https://m2.spitogatos.gr/362599909_1600x1200.jpg?v=20130730","https://m1.spitogatos.gr/362599911_1600x1200.jpg?v=20130730","https://m1.spitogatos.gr/362599914_1600x1200.jpg?v=20130730","https://m1.spitogatos.gr/362599917_1600x1200.jpg?v=20130730","https://m1.spitogatos.gr/362599920_1600x1200.jpg?v=20130730","https://m1.spitogatos.gr/362599923_1600x1200.jpg?v=20130730","https://m2.spitogatos.gr/362599927_1600x1200.jpg?v=20130730","https://m2.spitogatos.gr/362599930_1600x1200.jpg?v=20130730","https://m1.spitogatos.gr/362599932_1600x1200.jpg?v=20130730",,,,,,,"0","0","2","1","37.97179",,"1","23.780924",,"1",,,"2026-07-28","0","0","0","0","1","5","3","1","0","0",,"0","0","0","1100",,,"0","0","0","0","10.89",,,"1","3","6","1","0",,"0","1","2","0","1",,"1","101","0",,,"0","1","0","2026-07-21","https://www.spitogatos.gr/en/property/1220434192","1","0","1980","8ASpZIVTZTE","residential"
"0","4","no","simple","1",,,,,"1","0","0","0","2026-06-19","0","1","0","0","1","0",,"house","0",,"0","ΖΩΓΡΑΦΟΥ :  Διαμέρισμα 4ου ορόφου 144 τ.μ κατασκευής 1988 & ανακαινισμένο το 2026. Το διαμέρισμα αποτελείται από τον μεγάλο χώρο υποδοχής με το τζάκι του, τραπεζαρία, κουζίνα ανεξάρτητη, 3 Υ/Δ ( το ένα με το μπάνιο του ) & 1 μπάνιο. Η κατοικία επίσης διαθέτει: Πόρτα ασφαλείας, δρύινα δάπεδα, κουφώματα αλουμινίου, διπλά τζάμια, τέντες, ηλιακό & αυτονομία θέρμανσης ( πετρέλαιο ). <br />
Το διαμέρισμα κατά την πρόσφατη ανακαίνιση έχε τοποθετηθεί καινούρια πόρτα ασφαλείας, καινούρια μπάνια, δρύινα δάπεδα, τέντες, καινούριες ηλεκτρικές & υδραυλικές παρόχες & καινούριος ηλιακός. Βρίσκεται σε ήσυχο σημείο κοντά στο ΕΚΠΑ και πολύ κοντά στην Γραμμή 4 του Μετρό. <br />
ΤΙΜΗ: 1.200 ,   YΠΕΥΘΥΝΟΣ ΕΠΙΚΟΙΝΩΝΙΑΣ : ΓΙΑΝΝΗΣ ΚΩΝΣΤΑΝΤΙΝΟΥ 6977313926, 2106233945, info@infocasa.gr, www.ingocasa.gr",,,"0","1","5","1","1","2026-06-19","9","2","0","no","no","0","Αθήνα - Νότια Προάστια (Αττική)","Ζωγράφου (Αθήνα - Νότια Προάστια)","1","105103","102","2211",,"Double","1","1","0","0","1","1220164157","https://m2.spitogatos.gr/357986419_1600x1200.jpg?v=20130730","https://m1.spitogatos.gr/357986421_1600x1200.jpg?v=20130730","https://m2.spitogatos.gr/357986422_1600x1200.jpg?v=20130730","https://m1.spitogatos.gr/357986463_1600x1200.jpg?v=20130730","https://m3.spitogatos.gr/357986465_1600x1200.jpg?v=20130730","https://m1.spitogatos.gr/357986466_1600x1200.jpg?v=20130730","https://m3.spitogatos.gr/357986468_1600x1200.jpg?v=20130730","https://m1.spitogatos.gr/357986469_1600x1200.jpg?v=20130730","https://m3.spitogatos.gr/357986471_1600x1200.jpg?v=20130730","https://m1.spitogatos.gr/357986472_1600x1200.jpg?v=20130730","https://m3.spitogatos.gr/357986474_1600x1200.jpg?v=20130730","https://m1.spitogatos.gr/357986475_1600x1200.jpg?v=20130730","https://m3.spitogatos.gr/357986477_1600x1200.jpg?v=20130730","https://m2.spitogatos.gr/357986503_1600x1200.jpg?v=20130730","https://m1.spitogatos.gr/357986505_1600x1200.jpg?v=20130730","https://m3.spitogatos.gr/357986531_1600x1200.jpg?v=20130730","https://m3.spitogatos.gr/357986540_1600x1200.jpg?v=20130730","https://m2.spitogatos.gr/357986542_1600x1200.jpg?v=20130730","https://m3.spitogatos.gr/357986546_1600x1200.jpg?v=20130730","https://m1.spitogatos.gr/357986547_1600x1200.jpg?v=20130730","https://m3.spitogatos.gr/357986549_1600x1200.jpg?v=20130730","https://m1.spitogatos.gr/357986550_1600x1200.jpg?v=20130730","https://m1.spitogatos.gr/357986580_1600x1200.jpg?v=20130730","https://m2.spitogatos.gr/357986581_1600x1200.jpg?v=20130730",,"0","0","2","1","37.978001","1","1","23.773569",,"0","0","0","2026-06-19","0","0","0","0","2",,"3","1","1","0",,"0","0","0","1200",,,"0","0","0","0","8.33",,,"1","3","6","1","0",,"0",,"3","0","1",,"1","144","1",,,"1","1","0","2026-06-19","https://www.spitogatos.gr/en/property/1220164157","1","1","1988",,"residential"
"0","Ground Floor","no","simple","1",,,,,"0","0","0","0","2026-04-21","0","1","1","0","1","0",,"house","0",,"0","Δάφνη, Άνω Δάφνη,  Μονοκατοικία Προς Ενοικίαση, 130 τ.μ., 3 Υ/Δ Έτος κατασκευής: 1990, Κατάσταση: Πολύ καλή,  Ανακαινισμένο, Όροφος: Ισόγειο,  Προσόψεως, Φωτεινό, Αποτελείται από: Επίπεδα: 2, Σαλόνια: 1, Κουζίνες: 1, Μπάνια: 2, Διαθέτει Θέρμανση: Ατομική - Πετρέλαιο,  Ηλιακός, . Το ακίνητο επίσης διαθέτει:  Πόρτα Ασφαλείας, Εσωτερική Σκάλα, Διπλά Τζάμια, Τέντες, Βεράντες, Διαθέτει θέση στάθμευσης για δίκυκλο, Επιτρέπονται Κατοικίδια, Χωρίς Κοινόχρηστα κήπος 50τμ, Kουφώματα: Αλουμινίου, Δάπεδα: Πατώματα + Πλακάκια, Θέα: Καλή, Ενεργειακό Πιστοποιητικό: Β+,  Κήπος, Κοντά σε: αγορά, σχολεία, ΜΜΜ. Οι πληροφορίες και τα χαρακτηριστικά των ακινήτων έχουν καταχωρηθεί βάσει των πληροφοριών και στοιχείων που μας προσκομίστηκαν. Η τοποθεσία του ακινήτου στον χάρτη είναι ενδεικτική. Η ενεργειακή κλάση των ακινήτων που είναι απαραίτητη η έκδοση ΠΕΑ μπορεί να διαφέρει από την αναγραφόμενη. Όλοι οι παρευρισκόμενοι κατά την υπόδειξη του ακινήτου είναι απαραίτητο να επιδείξουν την αστυνομική τους ταυτότητα και τον Α.Φ.Μ τους, σύμφωνα με τον Νόμο Ν.4072/2012 - ΦΕΚ 86/Α/11-4-2012. Aspis Real Estate South, Τηλ. Επικοινωνίας: 2109652230, email: glyfada@aspis-realestate.gr",,,"0","0","3","1","0","2026-04-21","3","10","0","no","no","1","Αθήνα - Νότια Προάστια (Αττική)","Δάφνη (Αθήνα - Νότια Προάστια)","1","105103","102","2209","123190","Double","4","1","0","0","1","1219747042","https://m3.spitogatos.gr/351084242_1600x1200.jpg?v=20130730","https://m2.spitogatos.gr/351084247_1600x1200.jpg?v=20130730","https://m1.spitogatos.gr/351084252_1600x1200.jpg?v=20130730","https://m3.spitogatos.gr/351084257_1600x1200.jpg?v=20130730","https://m3.spitogatos.gr/351084263_1600x1200.jpg?v=20130730","https://m1.spitogatos.gr/351084267_1600x1200.jpg?v=20130730","https://m2.spitogatos.gr/351084271_1600x1200.jpg?v=20130730","https://m2.spitogatos.gr/351084274_1600x1200.jpg?v=20130730","https://m3.spitogatos.gr/351084284_1600x1200.jpg?v=20130730","https://m3.spitogatos.gr/351084296_1600x1200.jpg?v=20130730","https://m2.spitogatos.gr/351084301_1600x1200.jpg?v=20130730","https://m1.spitogatos.gr/351084315_1600x1200.jpg?v=20130730","https://m3.spitogatos.gr/351084317_1600x1200.jpg?v=20130730","https://m1.spitogatos.gr/351084321_1600x1200.jpg?v=20130730","https://m1.spitogatos.gr/351084339_1600x1200.jpg?v=20130730","https://m3.spitogatos.gr/351084350_1600x1200.jpg?v=20130730","https://m2.spitogatos.gr/351084352_1600x1200.jpg?v=20130730","https://m2.spitogatos.gr/351084355_1600x1200.jpg?v=20130730","https://m1.spitogatos.gr/351084357_1600x1200.jpg?v=20130730","https://m2.spitogatos.gr/351084358_1600x1200.jpg?v=20130730","https://m1.spitogatos.gr/351084360_1600x1200.jpg?v=20130730","https://m3.spitogatos.gr/351084362_1600x1200.jpg?v=20130730","https://m1.spitogatos.gr/351084363_1600x1200.jpg?v=20130730","https://m2.spitogatos.gr/351084364_1600x1200.jpg?v=20130730","https://m1.spitogatos.gr/351084366_1600x1200.jpg?v=20130730","1","0","2","1","37.951149","2","1","23.728745",,"0","0",,"2026-05-07","0","0","0","0","2",,,"0","0","0","1","0","0","0","1200",,,"0","0","0","0","9.23",,,"1","3","6","1","1","2020","0",,"3","0","1",,"1","130","0",,,"0","4","0","2026-04-21","https://www.spitogatos.gr/en/property/1219747042","1","0","1990",,
"0","3","no","simple","1",,,,,"1","0","0","0","2026-06-10","0","0","1","0","1","0",,"house","0",,"0","ΖΩΓΡΑΦΟΥ: Φωτεινό και διαμπερές διαμέρισμα 96 τ.μ., 3ου ορόφου, σε εξαιρετικό σημείο στην καρδιά του Ζωγράφου. Αποτελείται από μεγάλο σαλόνι, κουζίνα, 2 άνετα υπνοδωμάτια, μπάνιο και επιπλέον WC, ενώ διαθέτει δύο βεράντες που προσφέρουν άνεση και φυσικό φως σε όλους τους χώρους.<br />
<br />
Το διαμέρισμα είναι σε πολύ καλή κατάσταση, φρεσκοβαμμένο εσωτερικά και εξωτερικά, με φρεσκοτριμμένα ξύλινα πατώματα και μαρμάρινα δάπεδα. Διαθέτει κεντρική θέρμανση πετρελαίου, κουφώματα αλουμινίου, πόρτα ασφαλείας, ασανσέρ, τέντες και νυχτερινό ρεύμα. Ο νότιος προσανατολισμός του εξασφαλίζει άπλετο φυσικό φως καθ' όλη τη διάρκεια της ημέρας.<br />
<br />
Infocasa, Τηλέφωνο Επικοινωνίας: 2107255653, 6946301230<br />
email: info2@infocasa.gr",,,"0","1","4","0","0","2026-06-10","8","6","0","no","no","0","Αθήνα - Νότια Προάστια (Αττική)","Ζωγράφου (Αθήνα - Νότια Προάστια)","1","105103","102","2211",,,"2","1","0","0","1","1220092661","https://m3.spitogatos.gr/356787515_1600x1200.jpg?v=20130730","https://m3.spitogatos.gr/356787518_1600x1200.jpg?v=20130730","https://m1.spitogatos.gr/356787522_1600x1200.jpg?v=20130730","https://m2.spitogatos.gr/356787526_1600x1200.jpg?v=20130730","https://m2.spitogatos.gr/356787529_1600x1200.jpg?v=20130730","https://m2.spitogatos.gr/356787532_1600x1200.jpg?v=20130730","https://m3.spitogatos.gr/356787539_1600x1200.jpg?v=20130730","https://m1.spitogatos.gr/356787546_1600x1200.jpg?v=20130730","https://m3.spitogatos.gr/356787551_1600x1200.jpg?v=20130730","https://m1.spitogatos.gr/356787555_1600x1200.jpg?v=20130730","https://m1.spitogatos.gr/356787561_1600x1200.jpg?v=20130730","https://m2.spitogatos.gr/356787565_1600x1200.jpg?v=20130730","https://m3.spitogatos.gr/356787569_1600x1200.jpg?v=20130730","https://m1.spitogatos.gr/356787573_1600x1200.jpg?v=20130730","https://m1.spitogatos.gr/356787579_1600x1200.jpg?v=20130730","https://m1.spitogatos.gr/356787582_1600x1200.jpg?v=20130730","https://m1.spitogatos.gr/356787585_1600x1200.jpg?v=20130730","https://m1.spitogatos.gr/356787588_1600x1200.jpg?v=20130730","https://m1.spitogatos.gr/356787591_1600x1200.jpg?v=20130730","https://m3.spitogatos.gr/356787593_1600x1200.jpg?v=20130730","https://m2.spitogatos.gr/356787595_1600x1200.jpg?v=20130730","https://m3.spitogatos.gr/356787599_1600x1200.jpg?v=20130730","https://m1.spitogatos.gr/356787603_1600x1200.jpg?v=20130730","https://m2.spitogatos.gr/356787607_1600x1200.jpg?v=20130730","https://m1.spitogatos.gr/356787612_1600x1200.jpg?v=20130730","0","0","2","1","37.978962","1","1","23.770359",,"0","0","0","2026-07-21","0","0","1","1","1",,"10","0","0","0",,"0","0","0","750","2026-07-16 15:51:59","6","0","0","0","0","7.81","800","true","1","3","6","1","0",,"0",,"2","0","1",,"0","96","0",,,"0","1","0","2026-06-10","https://www.spitogatos.gr/en/property/1220092661","0","0","1983",,"residential"
"0","Upper Ground","no","simple","1",,,,,"1","0","0","0","2026-06-12","0","1","0","10","1","0","false","house","0","0","0","Κωδικός Ακινήτου: #12086<br><br />
Στα Άνω Ιλίσια, σε εξαιρετική τοποθεσία με άμεση πρόσβαση σε μέσα μαζικής μεταφοράς, πανεπιστημιακές σχολές, καταστήματα και όλες τις απαραίτητες καθημερινές εξυπηρετήσεις, διατίθεται προς ενοικίαση φωτεινό, διαμπερές και προσόψεως διαμέρισμα 50 τ.μ. σε ημιώροφο. Το ακίνητο είναι μερικώς ανακαινισμένο και προσφέρει άνετους, λειτουργικούς χώρους, αποτελούμενους από σαλόνι, ανεξάρτητη κουζίνα, ένα ευρύχωρο υπνοδωμάτιο και μπάνιο. Διαθέτει κεντρική θέρμανση πετρελαίου, κουφώματα αλουμινίου με διπλά τζάμια, τέντες, καθώς και δάπεδα από μωσαϊκό και ξύλο που προσδίδουν ζεστασιά και διαχρονικό χαρακτήρα στο διαμέρισμα. Επιπλέον, διαθέτει πατάρι αποθήκευσης, προσφέροντας πολύτιμο επιπλέον χώρο για την καθημερινή οργάνωση. Η προνομιακή του θέση και η δυνατότητα φιλοξενίας κατοικιδίων το καθιστούν ιδανική επιλογή για φοιτητές, εργαζομένους ή ζευγάρια που αναζητούν μια οικονομική και πρακτική κατοικία σε μία από τις πιο δημοφιλείς περιοχές του Ζωγράφου.<br><br />
 <br><br />
Τιμή ενοικίασης: 500€. Κωδικός Ακινήτου: #12086.<br><br />
 <br><br />
<br /> ΚΑΤΑ ΤΗΝ ΥΠΟΔΕΙΞΗ ΤΟΥ ΑΚΙΝΗΤΟΥ ΑΠΑΙΤΕΙΤΑΙ ΝΑ ΓΙΝΕΤΑΙ ΕΠΙΔΕΙΞΗ ΤΗΣ ΑΣΤΥΝΟΜΙΚΗΣ ΣΑΣ ΤΑΥΤΟΤΗΤΑΣ ΣΥΜΦΩΝΑ ΜΕ ΤΟΝ Ν.4072/11-04-2012 Φ.Ε.Κ 86Α<br /><br />ΤΑ ΣΤΟΙΧΕΙΑ ΤΩΝ ΑΚΙΝΗΤΩΝ ΕΙΝΑΙ ΚΑΤΑ ΔΗΛΩΣΗ ΤΟΥ ΙΔΙΟΚΤΗΤΗ<br /><br />ΑΚΙΝΗΤΑ ΑΠΟΚΛΕΙΣΤΙΚΗΣ ΔΙΑΘΕΣΗΣ ΜΕ ΦΩΤΟΓΡΑΦΙΕΣ ΠΟΥ ΔΙΑΧΕΙΡΙΖΕΤΑΙ Η ΕΤΑΙΡΙΑ ΜΑΣ ΘΑ ΒΡΕΙΤΕ ΣΤΗΝ ΙΣΤΟΣΕΛΙΔΑ ΜΑΣ<br /><br /> ►WEBSITE: www.tzelihome.gr<br /><br /> ✔ ΓΙΑ ΤΗΝ ΚΑΛΥΤΕΡΗ ΕΞΥΠΗΡΕΤΗΣΗ ΣΑΣ ΧΡΗΣΙΜΟΠΟΙΕΙΣΤΕ ΤΟΝ ΚΩΔΙΚΟ ΑΚΙΝΗΤΟΥ ΠΟΥ ΑΝΑΓΡΑΦΕΤΑΙ ΣΤΗΝ ΠΕΡΙΓΡΑΦΗ<br /> ✔ Η ΔΙΕΥΘΥΝΣΗ ΣΤΟΝ ΧΑΡΤΗ ΕΧΕΙ ΤΟΠΟΘΕΤΗΘΕΙ ΚΑΤΑ ΠΡΟΣΕΓΓΙΣΗ<br /> ✔ ΟΙ ΑΚΡΙΒΕΙΣ ΠΛΗΡΟΦΟΡΙΕΣ ΤΗΣ ΔΙΕΥΘΥΝΣΗΣ ΠΑΡΕΧΟΝΤΑΙ ΣΤΗΝ ΥΠΟΔΕΙΞΗ ΤΟΥ ΑΚΙΝΗΤΟΥ<br /><br /> ΜΕΣΙΤΙΚΟ ΓΡΑΦΕΙΟ TZELI HOME<br /> ΥΜΗΤΤΟΥ 41 , ΚΑΙΣΑΡΙΑΝΗ , ΤΚ 16121<br /><br /> ΕΠΙΚΟΙΝΩΝΗΣΤΕ ΜΑΖΙ ΜΑΣ:<br /> ►WEBSITE : www.tzelihome.gr<br /> ►E-MAIL : tzelihome@gmail.com<br /> ►ΚΙΝΗΤΟ : 6906.062.919 <br /> ►ΤΗΛΕΦΩΝΟ : 211.001.4573 & 211.001.4574<br>","8000",,"0","1","6","1","0","2026-06-12","4","11","0","no","no","0","Αθήνα - Νότια Προάστια (Αττική)","Ζωγράφου (Αθήνα - Νότια Προάστια)","1","105103","102","2211","6112","Double","2","1","0","0","1","1220111465","https://m2.spitogatos.gr/357073663_1600x1200.jpg?v=20130730","https://m1.spitogatos.gr/357073665_1600x1200.jpg?v=20130730","https://m1.spitogatos.gr/357073668_1600x1200.jpg?v=20130730","https://m3.spitogatos.gr/357073670_1600x1200.jpg?v=20130730","https://m3.spitogatos.gr/357073673_1600x1200.jpg?v=20130730","https://m2.spitogatos.gr/357073675_1600x1200.jpg?v=20130730","https://m2.spitogatos.gr/357073678_1600x1200.jpg?v=20130730","https://m3.spitogatos.gr/357073679_1600x1200.jpg?v=20130730","https://m1.spitogatos.gr/357073683_1600x1200.jpg?v=20130730","https://m1.spitogatos.gr/357073686_1600x1200.jpg?v=20130730","https://m1.spitogatos.gr/357073692_1600x1200.jpg?v=20130730","https://m2.spitogatos.gr/357073693_1600x1200.jpg?v=20130730","https://m2.spitogatos.gr/357073696_1600x1200.jpg?v=20130730","https://m1.spitogatos.gr/357073698_1600x1200.jpg?v=20130730","https://m2.spitogatos.gr/357073702_1600x1200.jpg?v=20130730","https://m2.spitogatos.gr/357073705_1600x1200.jpg?v=20130730","https://m1.spitogatos.gr/357073707_1600x1200.jpg?v=20130730","https://m1.spitogatos.gr/357073710_1600x1200.jpg?v=20130730","https://m2.spitogatos.gr/357073711_1600x1200.jpg?v=20130730","https://m2.spitogatos.gr/357073714_1600x1200.jpg?v=20130730",,,,,,"0","0","2","1","37.97628","1","1","23.765532",,"0","0","0","2026-06-12","0","0","0","0","1",,"2","0","0","0","1","0","0","0","500",,,"0","0","0","0","10",,,"1","3","6","1","1","2023","0","1","1","0","0",,"0","50","0",,,"0","1","0","2026-06-12","https://www.spitogatos.gr/en/property/1220111465","0",,"1969","W2sKAa3PWNs","residential"
"0","2","no","simple","1",,,,,"1","0","0","0","2026-04-15","0","1","1","0","1","0",,"house","0",,"1","Διαμέρισμα Προς Ενοικίαση, όροφος: 2ος, στην περιοχή: Ζωγράφου - Άνω Ιλίσια. Το εμβαδόν του ακινήτου είναι 125 τ.μ.. Αποτελείται από: 3 Υ/Δ, 2 μπάνιο/α, 1 κουζίνα/ες, 1 σαλόνι/α, ενώ διαθέτει 1 θέσεις στάθμευσης (1 Σε ανοιχτό χώρο). Έχει κατασκευαστεί το 1995. Η θέρμανση του ακινήτου είναι Αυτόνομη με Πετρέλαιο, έχει κουφώματα Αλουμινίου με Διπλά τζάμια, ενεργειακό πιστοποιητικό: Β+ και τα δάπεδα είναι: Πλακάκια, βρίσκεται κοντά σε Συγκοινωνίες, Super Market, έχει θέα Ανοιχτωσιά, Αστικό τοπίο. Το ακίνητο είναι Βαμμένο, Γωνιακό, Προσόψεως, Φωτεινό, Ευάερο, Ευήλιο, Διαμπερές και επίσης διαθέτει τα παρακάτω χαρακτηριστικά και πλεονεκτήματα: Τέντες, Ασανσέρ, Επιτρέπονται Κατοικίδια. Τιμή: €950. Lionbridge, Τηλέφωνο Επικοινωνίας: 2109969646, 6980980431, email: info@lionbridge.gr",,,"0","1","3","1","0","2026-04-15","7","4","0","no","yes","0","Αθήνα - Νότια Προάστια (Αττική)","Ζωγράφου (Αθήνα - Νότια Προάστια)","1","105103","102","2211","102211","Double","1","1","0","0","1","1219712121","https://m1.spitogatos.gr/350453370_1600x1200.jpg?v=20130730","https://m3.spitogatos.gr/350453375_1600x1200.jpg?v=20130730","https://m2.spitogatos.gr/350453380_1600x1200.jpg?v=20130730","https://m3.spitogatos.gr/350453390_1600x1200.jpg?v=20130730","https://m2.spitogatos.gr/350453398_1600x1200.jpg?v=20130730","https://m3.spitogatos.gr/350453414_1600x1200.jpg?v=20130730","https://m3.spitogatos.gr/350453420_1600x1200.jpg?v=20130730","https://m2.spitogatos.gr/350453425_1600x1200.jpg?v=20130730","https://m2.spitogatos.gr/350453431_1600x1200.jpg?v=20130730","https://m1.spitogatos.gr/350453460_1600x1200.jpg?v=20130730","https://m2.spitogatos.gr/350453473_1600x1200.jpg?v=20130730","https://m3.spitogatos.gr/350453486_1600x1200.jpg?v=20130730","https://m1.spitogatos.gr/350453493_1600x1200.jpg?v=20130730","https://m2.spitogatos.gr/350453500_1600x1200.jpg?v=20130730","https://m3.spitogatos.gr/350453522_1600x1200.jpg?v=20130730","https://m2.spitogatos.gr/350453530_1600x1200.jpg?v=20130730","https://m2.spitogatos.gr/350453539_1600x1200.jpg?v=20130730","https://m3.spitogatos.gr/350453549_1600x1200.jpg?v=20130730","https://m2.spitogatos.gr/350453572_1600x1200.jpg?v=20130730","https://m3.spitogatos.gr/350453576_1600x1200.jpg?v=20130730","https://m1.spitogatos.gr/350453598_1600x1200.jpg?v=20130730","https://m3.spitogatos.gr/350453600_1600x1200.jpg?v=20130730","https://m3.spitogatos.gr/350453603_1600x1200.jpg?v=20130730","https://m1.spitogatos.gr/350453607_1600x1200.jpg?v=20130730","https://m3.spitogatos.gr/350453624_1600x1200.jpg?v=20130730","0","0","2","1","37.975056","1","1","23.770754",,"0","0","0","2026-07-20","0","0","0","0","2",,,"1","0","0","1","0","0","0","950","2026-07-20 15:11:42","5","0","0","0","0","7.6","1000","true","1","3","6","1","0",,"0",,"3","0","0",,"0","125","0",,,"0","1","0","2026-04-15","https://www.spitogatos.gr/en/property/1219712121","1","0","1995",,"residential"
