"AC","Floor Level","accessibleForDisabled","adType_code","adType_id","agentEmployee_firstName","agentEmployee_id","agentEmployee_lastName","agentEmployee_telephone","airy","alarm","attic","auction","availability","availableForDailyRent","awning","balcony","balconyArea","bright","builtInBBQ","byTheSea","category","caveBuilding","commonExpenses","contactEnquirer_id","corner","description","distanceSea","doubleGlass","electricCarChargingFacilities","elevator","energyClass","enquirerId","enquirer_blocked","enquirer_contactHours","enquirer_email","enquirer_enquirerId","enquirer_firstName","enquirer_lastName","enquirer_telephone","facade","fireplace","firstPublishDate","floorNumber","floorType","forCommercialUse","furnished","garage","garden","geographiesByLevel_2_fullName","geographiesByLevel_4_fullName","geographyParentIds_0","geographyParentIds_1","geographyParentIds_2","geographyParentIds_4","geographyParentIds_5","glassType","heatingController","heatingMedium","heatingUnderFloor","holidayHome","host_id","id","images/0","images/1","images/2","images/3","images/4","images/5","images/6","images/7","images/8","images/9","images/10","images/11","images/12","images/13","images/14","images/15","images/16","images/17","images/18","images/19","images/20","images/21","images/22","images/23","images/24","internal_stairs","investment","joinery","kitchens","latitude","levels","livingRooms","longitude","lotSize","luxHome","mannedReception","medicalOffice","modified","negotiablePrice","neoclassic","nightPower","noAgentFee","no_of_WC","no_of_bathrooms","numberOfFloors","orientation","painted","penthouse","pestNet","petsAllowed","playroom","pool","preserved","price","priceChangeDate","priceChangePercentage","priceIncludesInternet","priceIncludesPower","priceIncludesSharedExp","priceIncludesWater","pricePerSqMeters","pricePreReduction","priceReduced","propertyPublishingOptionIds/0","propertyPublishingOptionIds/1","propertyPublishingOptionIds/2","published","renovated","renovationYear","requiresRenovation","road_type","rooms","satelite","secure_door","showOnlyPartnerPhone","solar_heater","sq_meters","storage","streetAddress","studentHome","subtype","unfinished","uploaded","url","vTourUrl","view","wholeFloorApartment","year_of_construction","youtubeVideoId","zoning"
"1","Ground Floor","yes","prime","3",,,,,"1","1","0","0","2026-02-15","0","1","0","0","1","0",,"house",,,,"0","Κωδικός ακινήτου: 1-124 - Βύρωνας Μεταμόρφωση Βύρωνα  ΕΝΟΙΚΙΑΖΕΤΑΙ   ανακαινισμένο  διαμέρισμα  ισόγειο συνολικής επιφάνειας 90.00 τ.μ.  . Αποτελείται από 2 υπνοδωμάτια, σαλόνι, κουζίνα, μπάνιο . Είναι κατασκευασμένο το 1970 με ενεργειακή κλάση Β και ανακαινίστηκε το 2026. Διαθέτει θέρμανση αντλία θερμότητας, θέα σε ανοιχτό ορίζοντα, κουφώματα αλουμινίου, πατώματα από πλακάκι, πόρτα ασφαλείας, εντοιχιζόμενες ντουλάπες, πρόσβαση ΑΜΕΑ, κήπο, A/C, προεγκατάσταση Α/C, συναγερμό, προεγκατάσταση συναγερμού, ηλεκτρικές συσκευές, τέντες, σίτες, διπλά τζάμια, ηλιακό θερμοσίφωνα, οπτικές ίνες      - Τιμή: 750 €  <br>Σε ήσυχη και οικογενειακή γειτονιά της Μεταμόρφωσης Βύρωνα, <strong data-start=""288"" data-end=""345"">ενοικιάζεται ανακαινισμένο ισόγειο διαμέρισμα 94 τ.μ.</strong>, ιδανικό για οικογένεια που αναζητά άνεση, λειτουργικούς χώρους και ποιότητα ζωής.Το ακίνητο διαθέτει <strong data-start=""450"" data-end=""476"">2 ευρύχωρα υπνοδωμάτια</strong>, άνετο <strong data-start=""484"" data-end=""494"">σαλόνι</strong>, ξεχωριστή <strong data-start=""506"" data-end=""517"">κουζίνα</strong> και <strong data-start=""522"" data-end=""532"">μπάνιο</strong>. Κατασκευής 1998, με <strong data-start=""554"" data-end=""582"">πλήρη ανακαίνιση το 2026</strong> και ενεργειακή κλάση Α.Περιλαμβάνει <strong data-start=""621"" data-end=""651"">ατομική ηλεκτρική θέρμανση</strong>, <strong data-start=""653"" data-end=""667"">κλιματισμό</strong>, <strong data-start=""669"" data-end=""691"">ηλιακό θερμοσίφωνα</strong>, <strong data-start=""693"" data-end=""733"">κουφώματα αλουμινίου με διπλά τζάμια</strong>, <strong data-start=""735"" data-end=""744"">σίτες</strong>, <strong data-start=""746"" data-end=""756"">τέντες</strong>, <strong data-start=""758"" data-end=""777"">πόρτα ασφαλείας</strong>, <strong data-start=""779"" data-end=""807"">εντοιχιζόμενες ντουλάπες</strong>, <strong data-start=""809"" data-end=""832"">ηλεκτρικές συσκευές</strong> και <strong data-start=""837"" data-end=""857"">πρόσβαση σε κήπο</strong>, προσφέροντας ιδανικό χώρο για  οικογενειακές στιγμές. <strong data-start=""927"" data-end=""996"">Εντός ενός έτους προγραμματίζεται η τοποθέτηση αντλίας θερμότητας</strong>, για ακόμη μεγαλύτερη οικονομία και ενεργειακή αναβάθμιση.<br><strong>Δεν επιτρέπονται κατοικίδια.</strong><br><strong data-start=""1061"" data-end=""1088"">Απαιτούνται 2 εγγυήσεις</strong>. <br> Οι πληροφορίες και τα χαρακτηριστικά των ακινήτων έχουν καταχωρηθεί βάσει των πληροφοριών και στοιχείων που προσκόμισε ο εντολέας. <br>| Το σημείο στο χάρτη δεν ανταποκρίνεται στην πραγματική διεύθυνση του ακινήτου. <br> | Όλα τα ακίνητα που προβάλλουμε μέσω internet είναι διαθέσιμα, καθώς γίνεται συνεχής ενημέρωση και αποσύρονται τα μη διαθέσιμα. <br>| Κατά την υπόδειξη του ακινήτου είναι απαραίτητη η αστυνομική ταυτότητα ή ο Α.Φ.Μ, σύμφωνα με τον Νόμο Ν.4072/2012 - ΦΕΚ 86/Α/11-4-2012<br />
 Παρέχονται δωρεάν υπηρεσίες χορήγησης Τραπεζικών Στεγαστικών Δανείων",,,,"0","4",,,,,,,,,"0","0","2026-07-03","3","4","0","no","no","1","Αθήνα - Νότια Προάστια (Αττική)","Βύρωνας (Αθήνα - Νότια Προάστια)","1","105103","102","2207","123170","Double","4","13","0","0","1","1220295480","https://m2.spitogatos.gr/360335350_1600x1200.jpg?v=20130730","https://m3.spitogatos.gr/360335363_1600x1200.jpg?v=20130730","https://m1.spitogatos.gr/360335370_1600x1200.jpg?v=20130730","https://m2.spitogatos.gr/360335377_1600x1200.jpg?v=20130730","https://m1.spitogatos.gr/360335385_1600x1200.jpg?v=20130730","https://m1.spitogatos.gr/360335394_1600x1200.jpg?v=20130730","https://m1.spitogatos.gr/360335406_1600x1200.jpg?v=20130730","https://m1.spitogatos.gr/360335421_1600x1200.jpg?v=20130730","https://m3.spitogatos.gr/360335435_1600x1200.jpg?v=20130730","https://m2.spitogatos.gr/360335449_1600x1200.jpg?v=20130730","https://m3.spitogatos.gr/360335462_1600x1200.jpg?v=20130730","https://m1.spitogatos.gr/360335496_1600x1200.jpg?v=20130730","https://m1.spitogatos.gr/360335526_1600x1200.jpg?v=20130730","https://m2.spitogatos.gr/360335536_1600x1200.jpg?v=20130730","https://m2.spitogatos.gr/360335545_1600x1200.jpg?v=20130730","https://m3.spitogatos.gr/360335555_1600x1200.jpg?v=20130730","https://m2.spitogatos.gr/360335563_1600x1200.jpg?v=20130730","https://m2.spitogatos.gr/360335569_1600x1200.jpg?v=20130730","https://m3.spitogatos.gr/360335576_1600x1200.jpg?v=20130730","https://m1.spitogatos.gr/360335580_1600x1200.jpg?v=20130730","https://m2.spitogatos.gr/360335584_1600x1200.jpg?v=20130730","https://m1.spitogatos.gr/360335589_1600x1200.jpg?v=20130730","https://m2.spitogatos.gr/360335596_1600x1200.jpg?v=20130730","https://m2.spitogatos.gr/360335602_1600x1200.jpg?v=20130730","https://m1.spitogatos.gr/360335610_1600x1200.jpg?v=20130730","0","0","2","1","37.952423",,"1","23.753874",,"0",,,"2026-07-28","0","0","0",,"0","1","2","5","1","0","1",,"0","0","0","750",,,"0","0","0","0","8.33",,,"1","3","6","1","1","2026","0","2","2","0","1",,"1","90","0",,"0","1","0","2026-07-03","https://www.spitogatos.gr/en/property/1220295480",,"1","0","1970",,"residential"
"0","1","no","prime","3",,,,,"1","0","0","0","2026-07-14","0","1","1","0","1","0",,"house","0",,,"0","Διατίθεται κατ΄ αποκλειστικότητα διαμέρισμα 1ου ορόφου επιφάνειας 100 τμ. Το ακίνητο είναι μερικώς ανακαινισμένο και αποτελείται από μεγάλο σαλόνι, κουζίνα, 3 υπνοδωμάτια, μπάνιo και wc. Διαθέτει κεντρική θέρμανση πετρελαίου, ηλιακό θερμοσίφωνα, πόρτα ασφαλείας, θυροτηλεόραση, μπαλκόνια με τέντες, 2 πατάρια. Διαθέσιμη και ισόγεια αποθήκη 10 τμ κατόπιν σχετικής συμφωνίας. Βρίσκεται στα σύνορα Βύρωνα-Παγκρατίου πλησίον κεντρικών δρόμων, εμπορικών καταστημάτων και σχολείων. Απέχει 700 μέτρα από το Άλσος Παγκρατίου. Τιμή 850€, κωδ. 4313 Asset Real Estate, τηλ.211 4136040, www.assetrealestate.gr",,"0","0","1","6",,,,,,,,,"0","0","2026-06-30","6","1","0","no","no","0","Αθήνα - Νότια Προάστια (Αττική)","Βύρωνας (Αθήνα - Νότια Προάστια)","1","105103","102","2207",,,"2",,"0","0","1","1220275010","https://m1.spitogatos.gr/361644036_1600x1200.jpg?v=20130730","https://m3.spitogatos.gr/361644038_1600x1200.jpg?v=20130730","https://m2.spitogatos.gr/361644040_1600x1200.jpg?v=20130730","https://m2.spitogatos.gr/361644043_1600x1200.jpg?v=20130730","https://m1.spitogatos.gr/361644045_1600x1200.jpg?v=20130730","https://m3.spitogatos.gr/361644047_1600x1200.jpg?v=20130730","https://m2.spitogatos.gr/361644049_1600x1200.jpg?v=20130730","https://m1.spitogatos.gr/361644051_1600x1200.jpg?v=20130730","https://m2.spitogatos.gr/361644052_1600x1200.jpg?v=20130730","https://m2.spitogatos.gr/361644055_1600x1200.jpg?v=20130730","https://m3.spitogatos.gr/361644056_1600x1200.jpg?v=20130730","https://m2.spitogatos.gr/361644058_1600x1200.jpg?v=20130730","https://m1.spitogatos.gr/361644060_1600x1200.jpg?v=20130730","https://m2.spitogatos.gr/361644061_1600x1200.jpg?v=20130730","https://m1.spitogatos.gr/361644063_1600x1200.jpg?v=20130730","https://m3.spitogatos.gr/361644065_1600x1200.jpg?v=20130730","https://m2.spitogatos.gr/361644067_1600x1200.jpg?v=20130730","https://m2.spitogatos.gr/361644070_1600x1200.jpg?v=20130730","https://m3.spitogatos.gr/361644074_1600x1200.jpg?v=20130730","https://m1.spitogatos.gr/361644078_1600x1200.jpg?v=20130730","https://m2.spitogatos.gr/361644082_1600x1200.jpg?v=20130730","https://m3.spitogatos.gr/361644086_1600x1200.jpg?v=20130730","https://m3.spitogatos.gr/361644089_1600x1200.jpg?v=20130730","https://m1.spitogatos.gr/361644093_1600x1200.jpg?v=20130730","https://m2.spitogatos.gr/361644097_1600x1200.jpg?v=20130730","0","0",,"1","37.962811","1","1","23.752283",,"0",,"0","2026-07-26","0","0","0",,"1","1",,,"1","0","0",,"0","0","0","850",,,"0","0","0","0","8.5",,,"1","3","6","1","1","2024","0",,"3","0","1",,"0","100","1",,"0","1","0","2026-06-30","https://www.spitogatos.gr/en/property/1220275010",,"0","0","1976","BS2gax-wFwY",
"1","Upper Ground","no","prime","3",,,,,"1","1","0","0","2026-07-22","0","0","0","0","1","0","true","house","0","8",,"1","Βύρωνας. Σας παρουσιάζουμε ένα εξαιρετικό ακίνητο προς ενοικίαση, 42τ.μ., που βρίσκεται σε υπερυψωμένο μιας καλοδιατηρημένης πολυκατοικίας. Όλες οι διαδικασίες μιας ολικής και πολυτελούς ανακαίνισης με πολύ καλής ποιότητας υλικά, μόλις ολοκληρώθηκαν, ενώ το άπλετο φυσικό φως του κάνει τον χώρο φιλόξενο και ζεστό. Το διαμέρισμα αποτελείται από ένα ευρύχωρο και μοντέρνο σαλόνι με ανοιχτού τύπου κουζίνα, 1 άνετο υπνοδωματιο και μπάνιο. Παραδίδεται πλήρως επιπλωμένο και εξοπλισμένο με όλες τις ηλεκτρικές συσκευές, ώστε να μπορεί να χρησιμοποιηθεί άμεσα για μακροχρόνια μίσθωση. Ιδανικό για φοιτητές λόγω σημείου. Βρίσκεται στο πιο όμορφο και ασφαλή σημείο της περιοχής, δίπλα σε πλατείες, πάρκα, στάσεις λεωφορείων και την αγορά. Τιμή ενοικίασης με όλους τους λογαριασμούς να συμπεριλαμβάνονται στην τιμή: 670 Ευρώ(€), Ρευμα, Νερό, ίντερνετ και κοινόχρηστα. Μεσιτικό Γραφείο. Για την καλύτερη εξυπηρέτηση σας στείλτε μήνυμα παρακαλώ στο τηλέφωνο επικοινωνίας: (+30)6983704297 whatsapp/viber και η ομάδα μας θα επικοινωνήσει άμεσα μαζί σας.","1000",,"0","1","3",,,,,,,,,"1","0","2026-07-22","4","4","0","yes","no","0","Αθήνα - Νότια Προάστια (Αττική)","Βύρωνας (Αθήνα - Νότια Προάστια)","1","105103","102","2207","107182","Double","4","4","0","0","1","1220451893","https://m1.spitogatos.gr/363150711_1600x1200.jpg?v=20130730","https://m3.spitogatos.gr/363150713_1600x1200.jpg?v=20130730","https://m1.spitogatos.gr/363150714_1600x1200.jpg?v=20130730","https://m2.spitogatos.gr/363150715_1600x1200.jpg?v=20130730","https://m2.spitogatos.gr/363150718_1600x1200.jpg?v=20130730","https://m3.spitogatos.gr/363150719_1600x1200.jpg?v=20130730","https://m1.spitogatos.gr/363150720_1600x1200.jpg?v=20130730","https://m1.spitogatos.gr/363150723_1600x1200.jpg?v=20130730","https://m3.spitogatos.gr/363150725_1600x1200.jpg?v=20130730","https://m1.spitogatos.gr/363150726_1600x1200.jpg?v=20130730","https://m3.spitogatos.gr/363150728_1600x1200.jpg?v=20130730","https://m1.spitogatos.gr/363150729_1600x1200.jpg?v=20130730","https://m2.spitogatos.gr/363150730_1600x1200.jpg?v=20130730","https://m2.spitogatos.gr/363150733_1600x1200.jpg?v=20130730","https://m1.spitogatos.gr/363150735_1600x1200.jpg?v=20130730","https://m3.spitogatos.gr/363150737_1600x1200.jpg?v=20130730","https://m1.spitogatos.gr/363150738_1600x1200.jpg?v=20130730","https://m3.spitogatos.gr/363150740_1600x1200.jpg?v=20130730","https://m2.spitogatos.gr/363150742_1600x1200.jpg?v=20130730",,,,,,,,"0","2","1","37.961948","1","1","23.76074","100","1","0","0","2026-07-25","0","0","0",,"0","1","4","2","1",,"1",,"0","0","0","570",,,"0","0","1","0","12.67",,,"1",,,"1","1","2026","0","1","1","1","1",,"0","45","0","Αμάσειας, 12, Βύρωνας Ελλάδα, 16231","1","1","0","2026-07-22","https://www.spitogatos.gr/en/property/1220451893",,"0","0","1995","F2TzidTnWDM","residential"
"1","3",,"up","2",,,,,"1","0","0","0","2026-06-01","0","0","1","100","1",,,"house",,"15",,"1","ΒΥΡΩΝΑΣ, Νέα Ελβετία - Οροφοδιαμέρισμα 35τμ, 1 υ/δ, 3ος, ρετιρέ, πολύ καλή κατάσταση, κατασκευή 1978, ανακαίνιση 2023, ενεργειακή κλάση Δ, σαλόνι, χωλ, κουζίνα, μπάνιο, αυτόνομη θέρμανση (κλιματισμός), κλιματισμός, ήσυχο, διαμπερές, φωτεινό, γωνιακό, θέα πανοραμική, πρόσοψης, βαμμένο, βεράντες, μεγάλες βεράντες, εμβαδόν μπαλκονιών 100τμ, κουφώματα αλουμινίου, διπλά τζάμια, τύπος δαπέδων μωσαϊκό, ανεξάρτητη κουζίνα, πόρτα ασφαλείας, θυροτηλεόραση, οικιστική ζώνη, πρόσβαση: άσφαλτο.<br />
Τιμή €480 (κωδ. 2222) 6936650882, 6937143433, 2168082991 CITY LIFE Real Estate",,"0",,"0","6",,,,,,,,,"1","0","2026-06-01","8","5","0","no","no","0","Αθήνα - Νότια Προάστια (Αττική)","Βύρωνας (Αθήνα - Νότια Προάστια)","1","105103","102","2207","106376","Double","1",,"0","0","1","1219987227","https://m1.spitogatos.gr/355262613_1600x1200.jpg?v=20130730","https://m3.spitogatos.gr/355262615_1600x1200.jpg?v=20130730","https://m2.spitogatos.gr/355262617_1600x1200.jpg?v=20130730","https://m3.spitogatos.gr/355262618_1600x1200.jpg?v=20130730","https://m1.spitogatos.gr/355262619_1600x1200.jpg?v=20130730","https://m2.spitogatos.gr/355262620_1600x1200.jpg?v=20130730","https://m3.spitogatos.gr/355262621_1600x1200.jpg?v=20130730","https://m2.spitogatos.gr/355262623_1600x1200.jpg?v=20130730","https://m3.spitogatos.gr/355262624_1600x1200.jpg?v=20130730","https://m1.spitogatos.gr/355262625_1600x1200.jpg?v=20130730","https://m3.spitogatos.gr/355262627_1600x1200.jpg?v=20130730","https://m1.spitogatos.gr/355262628_1600x1200.jpg?v=20130730","https://m2.spitogatos.gr/355262629_1600x1200.jpg?v=20130730","https://m1.spitogatos.gr/355262631_1600x1200.jpg?v=20130730",,,,,,,,,,,,"0","0","2","1","37.955303","1","1","23.762754",,"0",,,"2026-07-28","0","0","0",,"0","1",,,"1","1","0",,"0","0","0","480",,,"0","0","0","0","13.71",,,"1","3","6","1","1","2023","0","1","1","0","1",,"0","35","0",,"0","1","0","2026-06-01","https://www.spitogatos.gr/en/property/1219987227",,"1","1","1978","OPiGPGbSRSs","residential"
"0","1","no","up","2","Ανδρέας","99687","Ζαραζάνης","+306982193290","0","0","0","0","2026-06-30","0","1","1","22","1","0",,"house","0",,,"0","Διαμέρισμα Προς Ενοικίαση, όροφος: 1ος, στην περιοχή: Βύρωνας. Το εμβαδόν του ακινήτου είναι 39 τ.μ.. Αποτελείται από: 1 Υ/Δ, 1 μπάνιο/α, 1 κουζίνα/ες. Έχει κατασκευαστεί το 1997. Η θέρμανση του ακινήτου είναι Κεντρική με Πετρέλαιο, ενώ επίσης διατίθεται Καλοριφέρ, έχει κουφώματα Αλουμινίου με Διπλά τζάμια, ενεργειακό πιστοποιητικό: Ε και τα δάπεδα είναι: Πλακάκια. Η κατάστασή του είναι: Πολύ καλή, βρίσκεται κοντά σε Συγκοινωνίες, Πάρκο, Πλατεία, Εκκλησία, Λαική αγορά, Super Market, Εστίαση. Το ακίνητο είναι Βαμμένο, Προσόψεως, Φωτεινό, Ευάερο, Ευήλιο και επίσης διαθέτει τα παρακάτω χαρακτηριστικά και πλεονεκτήματα: Τέντες, Ασανσέρ, Θυροτηλεόραση, Ησυχη γειτονιά, Οπτική ίνα. Τιμή: €450. Δεν επιτρέπονται κατοικίδια.1 ενοίκιο και 2 εγγύησεις  AGENDA PROPERTIES, Τηλέφωνο Επικοινωνίας: 2112164980, email: info.agenda.properties@gmail.com, website: https://agendaproperties.gr",,,"0","1","7",,,,,,,,,"1","0","2026-06-30","6","4","0","no","no","0","Αθήνα - Νότια Προάστια (Αττική)","Βύρωνας (Αθήνα - Νότια Προάστια)","1","105103","102","2207",,"Double","2","1","0","0","1","1220270983","https://m1.spitogatos.gr/359937933_1600x1200.jpg?v=20130730","https://m3.spitogatos.gr/359937941_1600x1200.jpg?v=20130730","https://m1.spitogatos.gr/359937948_1600x1200.jpg?v=20130730","https://m1.spitogatos.gr/359937954_1600x1200.jpg?v=20130730","https://m2.spitogatos.gr/359937961_1600x1200.jpg?v=20130730","https://m1.spitogatos.gr/359937966_1600x1200.jpg?v=20130730","https://m2.spitogatos.gr/359937973_1600x1200.jpg?v=20130730","https://m1.spitogatos.gr/359937981_1600x1200.jpg?v=20130730","https://m2.spitogatos.gr/359937988_1600x1200.jpg?v=20130730","https://m2.spitogatos.gr/359937997_1600x1200.jpg?v=20130730","https://m1.spitogatos.gr/359938020_1600x1200.jpg?v=20130730","https://m3.spitogatos.gr/359938028_1600x1200.jpg?v=20130730","https://m3.spitogatos.gr/359938040_1600x1200.jpg?v=20130730","https://m1.spitogatos.gr/359938050_1600x1200.jpg?v=20130730","https://m2.spitogatos.gr/359938057_1600x1200.jpg?v=20130730","https://m1.spitogatos.gr/359938062_1600x1200.jpg?v=20130730","https://m1.spitogatos.gr/359938065_1600x1200.jpg?v=20130730",,,,,,,,,"0","0","2","1","37.960182","1","0","23.75725",,"0","0","0","2026-07-28","0","0","0",,"0","1",,,"1","0","0",,"0","0","0","450",,,"0","0","0","0","11.54",,,"1","3","6","1","0",,"0",,"1","0","0",,"0","39","0",,"0","1","0","2026-06-30","https://www.spitogatos.gr/en/property/1220270983",,"0","0","1997","Vw01sdqo5EE","residential"
"1","Ground Floor",,"up","1",,,,,,,,"0","2026-04-29","0",,"1","0",,,,"house",,,"17424857",,"Ενοικιάζεται πολυτελή  μονοκατοικία 110 τ.μ. στη Νέα Ελβετία Βύρωνα. Το ακίνητο είναι ριζικά ανακαινισμένο (σαν καινούργιο), με minimal αισθητική και διαθέτει ανεξάρτητη, μεγάλη υπερσύγχρονη κουζίνα,μεγάλη βεράντα και κήπο .Δυνατοτητα να παραδοθεί επιπλωμένη κατόπιν συμφωνίας .<br />
Ήσυχη και ασφαλής περιοχή .<br />
Χώροι: 2 Υ/Δ, μπάνιο, WC, βεράντα 20 τ.μ., κήπος 40 τ.μ.<br />
Θέρμανση: AC Inverter παντου  & Νορβηγικοί θερμοπομποί adax .<br />
<br />
Μεσίτες αποκλείονται <br />
<br />
οικονομικά στοιχεία φερεγγυότητας απαραίτητα",,,,,"10","13164311","no","all","akisvalia@yahoo.gr","17424857","Αθανασιος","Μαχαιρας","+306970082936",,,"2026-04-30","3",,,"no",,"1","Αθήνα - Νότια Προάστια (Αττική)","Βύρωνας (Αθήνα - Νότια Προάστια)","1","105103","102","2207","107182",,"1",,,,"1","1219799752","https://m2.spitogatos.gr/358740970_1600x1200.jpg?v=20130730","https://m2.spitogatos.gr/358740973_1600x1200.jpg?v=20130730","https://m1.spitogatos.gr/358740978_1600x1200.jpg?v=20130730","https://m3.spitogatos.gr/358740986_1600x1200.jpg?v=20130730","https://m2.spitogatos.gr/358740991_1600x1200.jpg?v=20130730","https://m1.spitogatos.gr/358740996_1600x1200.jpg?v=20130730","https://m1.spitogatos.gr/358740999_1600x1200.jpg?v=20130730","https://m2.spitogatos.gr/358741003_1600x1200.jpg?v=20130730","https://m2.spitogatos.gr/358741021_1600x1200.jpg?v=20130730","https://m3.spitogatos.gr/358741028_1600x1200.jpg?v=20130730","https://m3.spitogatos.gr/358741034_1600x1200.jpg?v=20130730","https://m2.spitogatos.gr/358741045_1600x1200.jpg?v=20130730","https://m2.spitogatos.gr/358741063_1600x1200.jpg?v=20130730","https://m2.spitogatos.gr/358741069_1600x1200.jpg?v=20130730","https://m3.spitogatos.gr/358741076_1600x1200.jpg?v=20130730","https://m1.spitogatos.gr/358741086_1600x1200.jpg?v=20130730","https://m2.spitogatos.gr/358741090_1600x1200.jpg?v=20130730","https://m3.spitogatos.gr/358741121_1600x1200.jpg?v=20130730","https://m1.spitogatos.gr/358741125_1600x1200.jpg?v=20130730","https://m1.spitogatos.gr/358741467_1600x1200.jpg?v=20130730","https://m3.spitogatos.gr/358741469_1600x1200.jpg?v=20130730",,,,,,,,"1","37.957111","1","1","23.75942","180","1",,,"2026-07-09","0",,,"yes","1","1",,,,"0",,,,,,"900",,,"0","0","0","0","8.18",,,"4",,,"1","1",,,,"2",,"1",,"1","110","1","Κρυστάλλη, 17 162 31 Βύρωνας",,"4",,"2026-04-29","https://www.spitogatos.gr/en/property/1219799752",,,,,,"residential"
"0","3",,"up","2",,,,,"0","0","0","0","2026-05-19","0","0","1","0","1",,,"house",,"0",,"0","ΠΑΓΚΡΑΤΙ - Διαμέρισμα 80τμ, πλήρως επιπλωμένο, 2 υ/δ, 3ος (80τμ, 2 υ/δ, σαλόνι, τραπεζαρία, κουζίνα, μπάνιο), εξαιρετική κατάσταση, κατασκευή 1989, ενεργειακή κλάση Δ, σαλόνι, κουζίνα, μπάνιο, κεντρική θέρμανση (πετρέλαιο), ήσυχο, φωτεινό, πρόσοψης, βεράντες, ασανσέρ, κουφώματα αλουμινίου, διπλά τζάμια, ανεξάρτητη κουζίνα, πόρτα ασφαλείας, οικιστική ζώνη, πλησίον μετρό/ηλεκτρικός (έως 2000μ), πλησίον στάση λεωφορείου/τρόλεϋ (έως 200μ), πλησίον σχολείο (έως 500μ), πλησίον αγορά (έως 500μ).<br />
Τιμή €900 (κωδ. 211318) 6973309929 |<br />
Δείτε περισσότερα ακίνητα & φωτογραφίες στην ιστοσελίδα μας www.doriki.eu",,"0",,"1","6",,,,,,,,,"1","0","2026-05-19","8",,"0","yes","no","0","Αθήνα - Νότια Προάστια (Αττική)","Βύρωνας (Αθήνα - Νότια Προάστια)","1","105103","102","2207",,"Double","2","1","0","0","1","1219910777","https://m3.spitogatos.gr/353908340_1600x1200.jpg?v=20130730","https://m3.spitogatos.gr/353908343_1600x1200.jpg?v=20130730","https://m3.spitogatos.gr/353908346_1600x1200.jpg?v=20130730","https://m1.spitogatos.gr/353908350_1600x1200.jpg?v=20130730","https://m3.spitogatos.gr/353908355_1600x1200.jpg?v=20130730","https://m3.spitogatos.gr/353908361_1600x1200.jpg?v=20130730","https://m1.spitogatos.gr/353908368_1600x1200.jpg?v=20130730","https://m1.spitogatos.gr/353908371_1600x1200.jpg?v=20130730","https://m2.spitogatos.gr/353908378_1600x1200.jpg?v=20130730","https://m1.spitogatos.gr/353908380_1600x1200.jpg?v=20130730","https://m1.spitogatos.gr/353908386_1600x1200.jpg?v=20130730","https://m2.spitogatos.gr/353908390_1600x1200.jpg?v=20130730","https://m3.spitogatos.gr/353908412_1600x1200.jpg?v=20130730","https://m1.spitogatos.gr/353908416_1600x1200.jpg?v=20130730","https://m2.spitogatos.gr/353908420_1600x1200.jpg?v=20130730","https://m2.spitogatos.gr/353908423_1600x1200.jpg?v=20130730","https://m2.spitogatos.gr/353908429_1600x1200.jpg?v=20130730","https://m2.spitogatos.gr/353908432_1600x1200.jpg?v=20130730","https://m2.spitogatos.gr/353908438_1600x1200.jpg?v=20130730","https://m3.spitogatos.gr/353908442_1600x1200.jpg?v=20130730","https://m3.spitogatos.gr/353908448_1600x1200.jpg?v=20130730","https://m3.spitogatos.gr/353908454_1600x1200.jpg?v=20130730","https://m2.spitogatos.gr/353908456_1600x1200.jpg?v=20130730","https://m3.spitogatos.gr/353908463_1600x1200.jpg?v=20130730","https://m1.spitogatos.gr/353908467_1600x1200.jpg?v=20130730","0","0","2","1","37.95956","1","1","23.747152",,"0",,,"2026-07-03","0","0","0",,"0","1",,,"0","0","0",,"0","0","0","900",,,"0","0","0","0","11.25",,,"1","3","6","1","0",,"0",,"2","0","1",,"0","80","0",,"0","1","0","2026-05-19","https://www.spitogatos.gr/en/property/1219910777",,"0",,"1989",,"residential"
"1","Lower Ground","no","simple","1","Γ","60975","ΜΑΝΤΑΣ","+306970285233","0","0","0","0","2026-03-01","0","0","0","0","1","0","false","house","0","5",,"0","ΒΥΡΩΝΑΣ - ΑΝΑΛΗΨΗ ΕΝΟΙΚΙΑΖΕΤΑΙ ΑΝΑΚΑΙΝΙΣΜΕΝΟ ΗΜΙΥΠΟΓΕΙΟ Διαμέρισμα συνολικής επιφάνειας 37,75 τ.μ., σε ανακαινισμένη πολυκατοικία.<br />
Διαρρύθμιση:<br />
-1 υπνοδωμάτιο<br />
-1 σαλόνι-κουζίνα (ενιαίος χώρος)<br />
-1 μπάνιο.<br />
Διαθέτει:<br />
-δάπεδο από πλακάκια<br />
-πόρτα ασφαλείας<br />
-κλιματισμό ψύξης/θέρμανσης<br />
-κουφώματα αλουμινίου με διπλά τζάμια<br />
-ηλεκτρικά ρολά<br />
-ηλεκτρικές οικιακές συσκευές (φούρνο και κουζίνα)<br />
Είναι προσόψεως, διαμπερές και φωτεινό κατά τη διάρκεια της ημέρας.<br />
Βρίσκεται κοντά σε μέσα μαζικής μεταφοράς, σουπερμάρκετ, σχολεία, πάρκο.<br />
Ιδανικό για φοιτητές.<br />
<br />
Επικοινωνία στο τηλέφωνο: +306940408618 (Viber, WhatsApp),<br />
Ιστοσελίδα: www.megahouse.gr","15000",,"0","1","7",,,,,,,,,"1","0","2025-09-10","2","4","1","no","no","0","Αθήνα - Νότια Προάστια (Αττική)","Βύρωνας (Αθήνα - Νότια Προάστια)","1","105103","102","2207","106396","Double","1","4","0","0","1","1218209304","https://m1.spitogatos.gr/327149142_1600x1200.jpg?v=20130730","https://m3.spitogatos.gr/327149105_1600x1200.jpg?v=20130730","https://m2.spitogatos.gr/327149101_1600x1200.jpg?v=20130730","https://m3.spitogatos.gr/327149144_1600x1200.jpg?v=20130730","https://m3.spitogatos.gr/327149075_1600x1200.jpg?v=20130730","https://m3.spitogatos.gr/327149138_1600x1200.jpg?v=20130730","https://m1.spitogatos.gr/327149070_1600x1200.jpg?v=20130730","https://m3.spitogatos.gr/327149099_1600x1200.jpg?v=20130730","https://m3.spitogatos.gr/327149114_1600x1200.jpg?v=20130730","https://m1.spitogatos.gr/327149109_1600x1200.jpg?v=20130730","https://m2.spitogatos.gr/327149107_1600x1200.jpg?v=20130730","https://m2.spitogatos.gr/327149116_1600x1200.jpg?v=20130730","https://m1.spitogatos.gr/327149118_1600x1200.jpg?v=20130730","https://m2.spitogatos.gr/327149125_1600x1200.jpg?v=20130730","https://m3.spitogatos.gr/327149123_1600x1200.jpg?v=20130730","https://m2.spitogatos.gr/327149122_1600x1200.jpg?v=20130730","https://m1.spitogatos.gr/327149127_1600x1200.jpg?v=20130730","https://m2.spitogatos.gr/327149110_1600x1200.jpg?v=20130730","https://m2.spitogatos.gr/327149113_1600x1200.jpg?v=20130730","https://m3.spitogatos.gr/327149129_1600x1200.jpg?v=20130730","https://m1.spitogatos.gr/327149133_1600x1200.jpg?v=20130730","https://m2.spitogatos.gr/327149134_1600x1200.jpg?v=20130730","https://m2.spitogatos.gr/327149137_1600x1200.jpg?v=20130730","https://m1.spitogatos.gr/327149145_1600x1200.jpg?v=20130730","https://m1.spitogatos.gr/327149130_1600x1200.jpg?v=20130730","0","0","2","1","37.960831","1","1","23.757656","248","1","0","1","2026-07-24","1","0","0",,"0","1","5","12","1",,"0",,"0","0","0","650",,,"0","0","0","0","17.11",,,"1","3","6","1","1","2026","0","1","1","0","1","1","0","38","0","Κεσκινίου 10, Βύρωνας 16231","1","1","0","2025-09-10","https://www.spitogatos.gr/en/property/1218209304","https://kuula.co/share/collection/7DdYp?logo=1&card=1&info=0&logosize=72&fs=1&vr=1&sd=1&thumbs=1&margin=0","0","0","1970","TMhpmIRg-pQ","residential"
"1","4","no","simple","1","Γ","60975","ΜΑΝΤΑΣ","+306970285233","1","0","0","0","2026-02-15","0","0","1","8","1","0","false","house","0","28",,"0","ΒΥΡΩΝΑΣ - ΑΝΑΛΗΨΗ ΕΝΟΙΚΙΑΖΕΤΑΙ ΑΝΑΚΑΙΝΙΣΜΕΝΟ Διαμέρισμα ΡΕΤΙΡΕ - ΜΕ ΘΕΑ ΠΑΡΚΟ συνολικής επιφάνειας 52 τ.μ., στον τέταρτο (4ο) όροφο πολυκατοικίας κατασκευής του 1970.<br />
Διαρρύθμιση:<br />
-1 υπνοδωμάτιο<br />
-1 σαλόνι-κουζίνα (ενιαίος χώρος)<br />
-1 μπάνιο.<br />
Διαθέτει:<br />
-μπαλκόνι προσόψεως<br />
-δάπεδο από πλακάκια<br />
-πόρτα ασφαλείας<br />
-κλιματισμό ψύξης/θέρμανσης<br />
-κουφώματα αλουμινίου με διπλά τζάμια<br />
-ηλεκτρικά ρολά<br />
-ηλεκτρικές οικιακές συσκευές (φούρνο και κουζίνα)<br />
Είναι προσόψεως, γωνιακό και φωτεινό κατά τη διάρκεια της ημέρας.<br />
Βρίσκεται κοντά σε μέσα μαζικής μεταφοράς, σουπερμάρκετ, σχολεία, πάρκο.<br />
Ιδανικό για φοιτητές.<br />
<br />
Επικοινωνία στο τηλέφωνο: +306940408618 (Viber, WhatsApp),<br />
Ιστοσελίδα: www.megahouse.gr","15000",,"0","1","7",,,,,,,,,"1","0","2025-09-08","9","4","1","no","no","0","Αθήνα - Νότια Προάστια (Αττική)","Βύρωνας (Αθήνα - Νότια Προάστια)","1","105103","102","2207","106396","Double","1","4","0","0","1","1218194655","https://m2.spitogatos.gr/345010039_1600x1200.jpg?v=20130730","https://m2.spitogatos.gr/345010048_1600x1200.jpg?v=20130730","https://m2.spitogatos.gr/345010042_1600x1200.jpg?v=20130730","https://m3.spitogatos.gr/345010043_1600x1200.jpg?v=20130730","https://m1.spitogatos.gr/345010041_1600x1200.jpg?v=20130730","https://m1.spitogatos.gr/345010044_1600x1200.jpg?v=20130730","https://m2.spitogatos.gr/345010045_1600x1200.jpg?v=20130730","https://m1.spitogatos.gr/345010047_1600x1200.jpg?v=20130730","https://m3.spitogatos.gr/345010046_1600x1200.jpg?v=20130730","https://m3.spitogatos.gr/345010049_1600x1200.jpg?v=20130730","https://m3.spitogatos.gr/345010040_1600x1200.jpg?v=20130730","https://m2.spitogatos.gr/345010063_1600x1200.jpg?v=20130730","https://m1.spitogatos.gr/345010062_1600x1200.jpg?v=20130730","https://m3.spitogatos.gr/345010061_1600x1200.jpg?v=20130730","https://m2.spitogatos.gr/345010060_1600x1200.jpg?v=20130730","https://m1.spitogatos.gr/345010050_1600x1200.jpg?v=20130730","https://m1.spitogatos.gr/345010059_1600x1200.jpg?v=20130730","https://m2.spitogatos.gr/345010057_1600x1200.jpg?v=20130730","https://m3.spitogatos.gr/345010058_1600x1200.jpg?v=20130730","https://m1.spitogatos.gr/345010056_1600x1200.jpg?v=20130730","https://m3.spitogatos.gr/345010055_1600x1200.jpg?v=20130730","https://m1.spitogatos.gr/345010053_1600x1200.jpg?v=20130730","https://m2.spitogatos.gr/345010054_1600x1200.jpg?v=20130730","https://m2.spitogatos.gr/345010051_1600x1200.jpg?v=20130730","https://m3.spitogatos.gr/345010052_1600x1200.jpg?v=20130730","0","0","2","1","37.961609","1","1","23.755543","245","1","0","1","2026-07-28","1","0","0",,"0","1","5","12","1","1","0",,"0","0","0","790",,,"0","0","0","0","15.19",,,"1","3","6","1","1","2026","0","1","1","0","1","1","0","52","0","Σειρήνων 3, Βύρωνας 16231","1","1","0","2025-09-08","https://www.spitogatos.gr/en/property/1218194655","https://kuula.co/share/collection/7HQ3W?logo=1&card=1&info=0&logosize=72&fs=1&vr=1&sd=1&thumbs=1&margin=0","1","0","1970","pr8wWc3yDU4","residential"
"1","4","no","simple","1",,,,,"1","0","0","0","2026-07-24","0","0","1","6","1","0","false","house","0","15",,"0","Κωδικός Ακινήτου: #12671<br><br />
Στον Βύρωνα, στην περιοχή Ανάληψη, ενοικιάζεται πλήρως ανακαινισμένο και διαμπερές διαμέρισμα 50 τ.μ., προσόψεως, στον 4ο όροφο. Ο χώρος περιλαμβάνει υπνοδωμάτιο, ξεχωριστή κουζίνα, άνετο σαλόνι και μπάνιο, προσφέροντας λειτουργική διαρρύθμιση και άνεση. Το ακίνητο είναι κατασκευής του 1970, βαμμένο και πρόσφατα ανανεωμένο, ενώ διαθέτει κουφώματα αλουμινίου με διπλά τζάμια, ηλεκτρικά ρολά, πόρτα ασφαλείας, κλιματισμό και δάπεδα από πλακάκι. Η ωραία θέα ενισχύει την ελκυστικότητα του χώρου, ενώ η δυνατότητα φιλοξενίας κατοικιδίων το καθιστά ιδανικό για ζευγάρια ή μεμονωμένους ενοικιαστές. Η τοποθεσία, κοντά στο κέντρο, εξασφαλίζει εύκολη πρόσβαση σε συγκοινωνίες, καταστήματα και υπηρεσίες. <br><br />
 <br><br />
Τιμή ενοικίασης: 790€ | Κωδικός Ακινήτου: #12671<br><br />
ΚΑΤΑ ΤΗΝ ΥΠΟΔΕΙΞΗ ΤΟΥ ΑΚΙΝΗΤΟΥ ΑΠΑΙΤΕΙΤΑΙ ΝΑ ΓΙΝΕΤΑΙ ΕΠΙΔΕΙΞΗ ΤΗΣ ΑΣΤΥΝΟΜΙΚΗΣ ΣΑΣ ΤΑΥΤΟΤΗΤΑΣ ΣΥΜΦΩΝΑ ΜΕ ΤΟΝ Ν.4072/11-04-2012 Φ.Ε.Κ 86Α<br /><br />ΤΑ ΣΤΟΙΧΕΙΑ ΤΩΝ ΑΚΙΝΗΤΩΝ ΕΙΝΑΙ ΚΑΤΑ ΔΗΛΩΣΗ ΤΟΥ ΙΔΙΟΚΤΗΤΗ<br /><br />ΑΚΙΝΗΤΑ ΑΠΟΚΛΕΙΣΤΙΚΗΣ ΔΙΑΘΕΣΗΣ ΜΕ ΦΩΤΟΓΡΑΦΙΕΣ ΠΟΥ ΔΙΑΧΕΙΡΙΖΕΤΑΙ Η ΕΤΑΙΡΙΑ ΜΑΣ ΘΑ ΒΡΕΙΤΕ ΣΤΗΝ ΙΣΤΟΣΕΛΙΔΑ ΜΑΣ<br /><br /> ►WEBSITE: www.tzelihome.gr<br /><br /> ✔ ΓΙΑ ΤΗΝ ΚΑΛΥΤΕΡΗ ΕΞΥΠΗΡΕΤΗΣΗ ΣΑΣ ΧΡΗΣΙΜΟΠΟΙΕΙΣΤΕ ΤΟΝ ΚΩΔΙΚΟ ΑΚΙΝΗΤΟΥ ΠΟΥ ΑΝΑΓΡΑΦΕΤΑΙ ΣΤΗΝ ΠΕΡΙΓΡΑΦΗ<br /> ✔ Η ΔΙΕΥΘΥΝΣΗ ΣΤΟΝ ΧΑΡΤΗ ΕΧΕΙ ΤΟΠΟΘΕΤΗΘΕΙ ΚΑΤΑ ΠΡΟΣΕΓΓΙΣΗ<br /> ✔ ΟΙ ΑΚΡΙΒΕΙΣ ΠΛΗΡΟΦΟΡΙΕΣ ΤΗΣ ΔΙΕΥΘΥΝΣΗΣ ΠΑΡΕΧΟΝΤΑΙ ΣΤΗΝ ΥΠΟΔΕΙΞΗ ΤΟΥ ΑΚΙΝΗΤΟΥ<br /><br /> ΜΕΣΙΤΙΚΟ ΓΡΑΦΕΙΟ TZELI HOME<br /> ΥΜΗΤΤΟΥ 41 , ΚΑΙΣΑΡΙΑΝΗ , ΤΚ 16121<br /><br /> ΕΠΙΚΟΙΝΩΝΗΣΤΕ ΜΑΖΙ ΜΑΣ:<br /> ►WEBSITE : www.tzelihome.gr<br /> ►E-MAIL : tzelihome@gmail.com<br /> ►ΚΙΝΗΤΟ : 6906.062.919 <br /> ►ΤΗΛΕΦΩΝΟ : 211.001.4573 & 211.001.4574<br>","6000",,"0","1","6",,,,,,,,,"1","0","2026-07-24","9","4","0","no","no","0","Αθήνα - Νότια Προάστια (Αττική)","Βύρωνας (Αθήνα - Νότια Προάστια)","1","105103","102","2207","106396","Double","1","4","0","0","1","1220481341","https://m2.spitogatos.gr/363130969_1600x1200.jpg?v=20130730","https://m1.spitogatos.gr/363130971_1600x1200.jpg?v=20130730","https://m3.spitogatos.gr/363130973_1600x1200.jpg?v=20130730","https://m2.spitogatos.gr/363130975_1600x1200.jpg?v=20130730","https://m1.spitogatos.gr/363130977_1600x1200.jpg?v=20130730","https://m1.spitogatos.gr/363130980_1600x1200.jpg?v=20130730","https://m3.spitogatos.gr/363130982_1600x1200.jpg?v=20130730","https://m3.spitogatos.gr/363130985_1600x1200.jpg?v=20130730","https://m1.spitogatos.gr/363130989_1600x1200.jpg?v=20130730","https://m2.spitogatos.gr/363130993_1600x1200.jpg?v=20130730","https://m3.spitogatos.gr/363130997_1600x1200.jpg?v=20130730","https://m1.spitogatos.gr/363131001_1600x1200.jpg?v=20130730","https://m1.spitogatos.gr/363131004_1600x1200.jpg?v=20130730","https://m2.spitogatos.gr/363131005_1600x1200.jpg?v=20130730","https://m3.spitogatos.gr/363131006_1600x1200.jpg?v=20130730","https://m1.spitogatos.gr/363131007_1600x1200.jpg?v=20130730","https://m2.spitogatos.gr/363131008_1600x1200.jpg?v=20130730","https://m2.spitogatos.gr/363131011_1600x1200.jpg?v=20130730","https://m3.spitogatos.gr/363131012_1600x1200.jpg?v=20130730","https://m3.spitogatos.gr/363131015_1600x1200.jpg?v=20130730","https://m3.spitogatos.gr/363131018_1600x1200.jpg?v=20130730","https://m1.spitogatos.gr/363131022_1600x1200.jpg?v=20130730","https://m1.spitogatos.gr/363131025_1600x1200.jpg?v=20130730","https://m3.spitogatos.gr/363131027_1600x1200.jpg?v=20130730","https://m2.spitogatos.gr/363131032_1600x1200.jpg?v=20130730","0","0","2","1","37.962551","1","1","23.756111",,"0","0","0","2026-07-28","0","0","0",,"0","1",,"11","1","0","0","1","0","0","0","790",,,"0","0","0","0","15.8",,,"1","3","6","1","1","2025","0","1","1","0","1",,"0","50","0","Τιμοθέου 101, Βύρωνας 162 31, Ελλάδα","1","1","0","2026-07-24","https://www.spitogatos.gr/en/property/1220481341",,"1",,"1970","kzsbjxepur4",
"1","Upper Ground","no","simple","1",,,,,"1","0","0","0","2026-05-07","0","0","1","5","1","0","false","house","0","15",,"0"," Κωδικός Ακινήτου: #11533<br><br />
Στον Βύρωνα, στην περιοχή Ανάληψη, ενοικιάζεται πλήρως ανακαινισμένο και διαμπερές διαμέρισμα 42 τ.μ., σε ημιώροφο προσόψεως. Ο χώρος περιλαμβάνει υπνοδωμάτιο, ξεχωριστή κουζίνα, σαλόνι και μπάνιο, προσφέροντας πρακτική διαρρύθμιση και άνεση. Το ακίνητο είναι κατασκευής του 1970, βαμμένο και πρόσφατα ανανεωμένο, ενώ διαθέτει κουφώματα αλουμινίου με διπλά τζάμια, ηλεκτρικά ρολά, πόρτα ασφαλείας, κλιματισμό και δάπεδα από πλακάκι. Η δυνατότητα φιλοξενίας κατοικιδίων το καθιστά ιδανικό για ζευγάρια ή μεμονωμένους ενοικιαστές, ενώ η τοποθεσία του, κοντά στο κέντρο, εξασφαλίζει εύκολη πρόσβαση σε συγκοινωνίες, καταστήματα και υπηρεσίες. Διαθέσιμο από 1/1/2026.<br><br />
 <br><br />
Τιμή ενοικίασης: 660€ | Κωδικός Ακινήτου: #11533<br><br />
 <br><br />
ΚΑΤΑ ΤΗΝ ΥΠΟΔΕΙΞΗ ΤΟΥ ΑΚΙΝΗΤΟΥ ΑΠΑΙΤΕΙΤΑΙ ΝΑ ΓΙΝΕΤΑΙ ΕΠΙΔΕΙΞΗ ΤΗΣ ΑΣΤΥΝΟΜΙΚΗΣ ΣΑΣ ΤΑΥΤΟΤΗΤΑΣ ΣΥΜΦΩΝΑ ΜΕ ΤΟΝ Ν.4072/11-04-2012 Φ.Ε.Κ 86Α<br /><br />ΤΑ ΣΤΟΙΧΕΙΑ ΤΩΝ ΑΚΙΝΗΤΩΝ ΕΙΝΑΙ ΚΑΤΑ ΔΗΛΩΣΗ ΤΟΥ ΙΔΙΟΚΤΗΤΗ<br /><br />ΑΚΙΝΗΤΑ ΑΠΟΚΛΕΙΣΤΙΚΗΣ ΔΙΑΘΕΣΗΣ ΜΕ ΦΩΤΟΓΡΑΦΙΕΣ ΠΟΥ ΔΙΑΧΕΙΡΙΖΕΤΑΙ Η ΕΤΑΙΡΙΑ ΜΑΣ ΘΑ ΒΡΕΙΤΕ ΣΤΗΝ ΙΣΤΟΣΕΛΙΔΑ ΜΑΣ<br /><br /> ►WEBSITE: www.tzelihome.gr<br /><br /> ✔ ΓΙΑ ΤΗΝ ΚΑΛΥΤΕΡΗ ΕΞΥΠΗΡΕΤΗΣΗ ΣΑΣ ΧΡΗΣΙΜΟΠΟΙΕΙΣΤΕ ΤΟΝ ΚΩΔΙΚΟ ΑΚΙΝΗΤΟΥ ΠΟΥ ΑΝΑΓΡΑΦΕΤΑΙ ΣΤΗΝ ΠΕΡΙΓΡΑΦΗ<br /> ✔ Η ΔΙΕΥΘΥΝΣΗ ΣΤΟΝ ΧΑΡΤΗ ΕΧΕΙ ΤΟΠΟΘΕΤΗΘΕΙ ΚΑΤΑ ΠΡΟΣΕΓΓΙΣΗ<br /> ✔ ΟΙ ΑΚΡΙΒΕΙΣ ΠΛΗΡΟΦΟΡΙΕΣ ΤΗΣ ΔΙΕΥΘΥΝΣΗΣ ΠΑΡΕΧΟΝΤΑΙ ΣΤΗΝ ΥΠΟΔΕΙΞΗ ΤΟΥ ΑΚΙΝΗΤΟΥ<br /><br /> ΜΕΣΙΤΙΚΟ ΓΡΑΦΕΙΟ TZELI HOME<br /> ΥΜΗΤΤΟΥ 41 , ΚΑΙΣΑΡΙΑΝΗ , ΤΚ 16121<br /><br /> ΕΠΙΚΟΙΝΩΝΗΣΤΕ ΜΑΖΙ ΜΑΣ:<br /> ►WEBSITE : www.tzelihome.gr<br /> ►E-MAIL : tzelihome@gmail.com<br /> ►ΚΙΝΗΤΟ : 6906.062.919 <br /> ►ΤΗΛΕΦΩΝΟ : 211.001.4573 & 211.001.4574<br>","6000",,"0","0","6",,,,,,,,,"1","0","2026-05-07","4","4","0","no","no","0","Αθήνα - Νότια Προάστια (Αττική)","Βύρωνας (Αθήνα - Νότια Προάστια)","1","105103","102","2207","106396","Double","1","4","0","0","1","1219842457","https://m1.spitogatos.gr/352670901_1600x1200.jpg?v=20130730","https://m1.spitogatos.gr/352670904_1600x1200.jpg?v=20130730","https://m1.spitogatos.gr/352670910_1600x1200.jpg?v=20130730","https://m3.spitogatos.gr/352670915_1600x1200.jpg?v=20130730","https://m3.spitogatos.gr/352670921_1600x1200.jpg?v=20130730","https://m1.spitogatos.gr/352670925_1600x1200.jpg?v=20130730","https://m2.spitogatos.gr/352670926_1600x1200.jpg?v=20130730","https://m2.spitogatos.gr/352670929_1600x1200.jpg?v=20130730","https://m2.spitogatos.gr/352670932_1600x1200.jpg?v=20130730","https://m1.spitogatos.gr/352670937_1600x1200.jpg?v=20130730","https://m3.spitogatos.gr/352670942_1600x1200.jpg?v=20130730","https://m2.spitogatos.gr/352670947_1600x1200.jpg?v=20130730","https://m2.spitogatos.gr/352670953_1600x1200.jpg?v=20130730","https://m2.spitogatos.gr/352670959_1600x1200.jpg?v=20130730","https://m3.spitogatos.gr/352670966_1600x1200.jpg?v=20130730","https://m2.spitogatos.gr/352670974_1600x1200.jpg?v=20130730","https://m2.spitogatos.gr/352670977_1600x1200.jpg?v=20130730","https://m2.spitogatos.gr/352670980_1600x1200.jpg?v=20130730","https://m1.spitogatos.gr/352670985_1600x1200.jpg?v=20130730","https://m1.spitogatos.gr/352670988_1600x1200.jpg?v=20130730","https://m2.spitogatos.gr/352670992_1600x1200.jpg?v=20130730","https://m1.spitogatos.gr/352670994_1600x1200.jpg?v=20130730","https://m3.spitogatos.gr/352670999_1600x1200.jpg?v=20130730","https://m3.spitogatos.gr/352671002_1600x1200.jpg?v=20130730","https://m3.spitogatos.gr/352671008_1600x1200.jpg?v=20130730","0","0","2","1","37.962582","1","1","23.756084",,"0","0","0","2026-07-23","0","0","0",,"0","1",,"11","1","0","0","1","0","0","0","660",,,"0","0","0","0","15.71",,,"1","3","6","1","1","2025","0","1","1","0","1",,"0","42","0","Τιμοθέου 101, Βύρωνας 162 31, Ελλάδα","0","1","0","2026-05-07","https://www.spitogatos.gr/en/property/1219842457",,"0",,"1970","bfduGKfWzPs","residential"
"1","Upper Ground","no","simple","1",,,,,"1","0","0","0","2026-05-07","0","0","1","5","1","0","false","house","0","15",,"0"," Κωδικός Ακινήτου: #11532<br><br />
Στον Βύρωνα, στην περιοχή Ανάληψη, ενοικιάζεται πλήρως ανακαινισμένο και διαμπερές διαμέρισμα 43 τ.μ., σε ημιώροφο με πρόσοψη και αυτόνομη θέρμανση ρεύματος. Ο χώρος περιλαμβάνει υπνοδωμάτιο, ξεχωριστή κουζίνα, σαλόνι και μπάνιο, προσφέροντας λειτουργικότητα και άνεση. Κατασκευής του 1970, είναι βαμμένο και έτοιμο προς κατοίκηση, ενώ διαθέτει κουφώματα αλουμινίου με διπλά τζάμια, ηλεκτρικά ρολά, πόρτα ασφαλείας, κλιματισμό και δάπεδα από πλακάκι. Η ωραία θέα αποτελεί πρόσθετο πλεονέκτημα, ενώ η δυνατότητα φιλοξενίας κατοικιδίων καθιστά το ακίνητο ιδανικό για ζευγάρια, επαγγελματίες ή φοιτητές. Η τοποθεσία, κοντά στο κέντρο, εξασφαλίζει εύκολη πρόσβαση σε συγκοινωνίες, καταστήματα και υπηρεσίες. Διαθέσιμο από 1/1/2026.<br><br />
 <br><br />
Τιμή ενοικίασης: 660€ | Κωδικός Ακινήτου: #11532<br><br />
ΚΑΤΑ ΤΗΝ ΥΠΟΔΕΙΞΗ ΤΟΥ ΑΚΙΝΗΤΟΥ ΑΠΑΙΤΕΙΤΑΙ ΝΑ ΓΙΝΕΤΑΙ ΕΠΙΔΕΙΞΗ ΤΗΣ ΑΣΤΥΝΟΜΙΚΗΣ ΣΑΣ ΤΑΥΤΟΤΗΤΑΣ ΣΥΜΦΩΝΑ ΜΕ ΤΟΝ Ν.4072/11-04-2012 Φ.Ε.Κ 86Α<br /><br />ΤΑ ΣΤΟΙΧΕΙΑ ΤΩΝ ΑΚΙΝΗΤΩΝ ΕΙΝΑΙ ΚΑΤΑ ΔΗΛΩΣΗ ΤΟΥ ΙΔΙΟΚΤΗΤΗ<br /><br />ΑΚΙΝΗΤΑ ΑΠΟΚΛΕΙΣΤΙΚΗΣ ΔΙΑΘΕΣΗΣ ΜΕ ΦΩΤΟΓΡΑΦΙΕΣ ΠΟΥ ΔΙΑΧΕΙΡΙΖΕΤΑΙ Η ΕΤΑΙΡΙΑ ΜΑΣ ΘΑ ΒΡΕΙΤΕ ΣΤΗΝ ΙΣΤΟΣΕΛΙΔΑ ΜΑΣ<br /><br /> ►WEBSITE: www.tzelihome.gr<br /><br /> ✔ ΓΙΑ ΤΗΝ ΚΑΛΥΤΕΡΗ ΕΞΥΠΗΡΕΤΗΣΗ ΣΑΣ ΧΡΗΣΙΜΟΠΟΙΕΙΣΤΕ ΤΟΝ ΚΩΔΙΚΟ ΑΚΙΝΗΤΟΥ ΠΟΥ ΑΝΑΓΡΑΦΕΤΑΙ ΣΤΗΝ ΠΕΡΙΓΡΑΦΗ<br /> ✔ Η ΔΙΕΥΘΥΝΣΗ ΣΤΟΝ ΧΑΡΤΗ ΕΧΕΙ ΤΟΠΟΘΕΤΗΘΕΙ ΚΑΤΑ ΠΡΟΣΕΓΓΙΣΗ<br /> ✔ ΟΙ ΑΚΡΙΒΕΙΣ ΠΛΗΡΟΦΟΡΙΕΣ ΤΗΣ ΔΙΕΥΘΥΝΣΗΣ ΠΑΡΕΧΟΝΤΑΙ ΣΤΗΝ ΥΠΟΔΕΙΞΗ ΤΟΥ ΑΚΙΝΗΤΟΥ<br /><br /> ΜΕΣΙΤΙΚΟ ΓΡΑΦΕΙΟ TZELI HOME<br /> ΥΜΗΤΤΟΥ 41 , ΚΑΙΣΑΡΙΑΝΗ , ΤΚ 16121<br /><br /> ΕΠΙΚΟΙΝΩΝΗΣΤΕ ΜΑΖΙ ΜΑΣ:<br /> ►WEBSITE : www.tzelihome.gr<br /> ►E-MAIL : tzelihome@gmail.com<br /> ►ΚΙΝΗΤΟ : 6906.062.919 <br /> ►ΤΗΛΕΦΩΝΟ : 211.001.4573 & 211.001.4574<br>","6000",,"0","0","7",,,,,,,,,"1","0","2026-05-07","4","4","0","no","no","0","Αθήνα - Νότια Προάστια (Αττική)","Βύρωνας (Αθήνα - Νότια Προάστια)","1","105103","102","2207","106396","Double","1","4","0","0","1","1219842437","https://m3.spitogatos.gr/352670525_1600x1200.jpg?v=20130730","https://m1.spitogatos.gr/352670532_1600x1200.jpg?v=20130730","https://m1.spitogatos.gr/352670538_1600x1200.jpg?v=20130730","https://m3.spitogatos.gr/352670546_1600x1200.jpg?v=20130730","https://m1.spitogatos.gr/352670553_1600x1200.jpg?v=20130730","https://m1.spitogatos.gr/352670559_1600x1200.jpg?v=20130730","https://m3.spitogatos.gr/352670564_1600x1200.jpg?v=20130730","https://m3.spitogatos.gr/352670570_1600x1200.jpg?v=20130730","https://m1.spitogatos.gr/352670577_1600x1200.jpg?v=20130730","https://m2.spitogatos.gr/352670581_1600x1200.jpg?v=20130730","https://m2.spitogatos.gr/352670584_1600x1200.jpg?v=20130730","https://m1.spitogatos.gr/352670586_1600x1200.jpg?v=20130730","https://m3.spitogatos.gr/352670588_1600x1200.jpg?v=20130730","https://m1.spitogatos.gr/352670592_1600x1200.jpg?v=20130730","https://m3.spitogatos.gr/352670597_1600x1200.jpg?v=20130730","https://m1.spitogatos.gr/352670601_1600x1200.jpg?v=20130730","https://m1.spitogatos.gr/352670604_1600x1200.jpg?v=20130730","https://m3.spitogatos.gr/352670609_1600x1200.jpg?v=20130730","https://m3.spitogatos.gr/352670612_1600x1200.jpg?v=20130730","https://m2.spitogatos.gr/352670614_1600x1200.jpg?v=20130730","https://m2.spitogatos.gr/352670617_1600x1200.jpg?v=20130730","https://m1.spitogatos.gr/352670619_1600x1200.jpg?v=20130730","https://m1.spitogatos.gr/352670622_1600x1200.jpg?v=20130730","https://m3.spitogatos.gr/352670624_1600x1200.jpg?v=20130730",,"0","0","2","1","37.962566","1","1","23.756392",,"0","0","0","2026-07-23","0","0","0",,"0","1",,"3","1","0","0","1","0","0","0","660",,,"0","0","0","0","15.35",,,"1","3","6","1","1","2025","0","1","1","0","1",,"0","43","0","Σειρήνων 18-22, Βύρωνας 162 31, Ελλάδα","1","1","0","2026-05-07","https://www.spitogatos.gr/en/property/1219842437",,"1",,"1970","Z_W312sXIso","residential"
"1","Lower Ground","no","simple","1",,,,,"0","0","0","0","2025-11-26","0","0","0","1","1","0","false","house","0","15",,"1"," <br><br />
Κωδικός Ακινήτου: #9620<br><br />
 <br><br />
Στον Βύρωνα, στην περιοχή Ανάληψη, διατίθεται προς ενοικίαση ένα πλήρως ανακαινισμένο γωνιακό διαμέρισμα 38 τ.μ., το οποίο συνδυάζει άνεση και λειτουργικότητα. Βρίσκεται σε ημιυπόγειο επίπεδο με πρόσοψη και περιλαμβάνει ένα υπνοδωμάτιο, ξεχωριστή κουζίνα, ευχάριστο σαλόνι και μπάνιο. Το ακίνητο, κατασκευής του 1970, έχει ανανεωθεί με σύγχρονες παρεμβάσεις, ενώ διαθέτει κουφώματα αλουμινίου με διπλά τζάμια, ηλεκτρικά ρολά, πόρτα ασφαλείας και κλιματισμό. Τα δάπεδα είναι επενδεδυμένα με πλακάκι. Ένας επιπλέον χώρος αυλής ενισχύει την αίσθηση άνεσης, ενώ η δυνατότητα φιλοξενίας κατοικιδίων καθιστά το διαμέρισμα ιδανική επιλογή για κάθε είδους ενοικιαστή. Η τοποθεσία του, σε μικρή απόσταση από το κέντρο, εξασφαλίζει εύκολη πρόσβαση σε αγορές, συγκοινωνίες και υπηρεσίες. Διαθέσιμο από 1/1/2026.<br><br />
Τιμή ενοικίασης: 650€ | Κωδικός Ακινήτου: #9620<br><br />
 <br><br />
 <br><br />
ΚΑΤΑ ΤΗΝ ΥΠΟΔΕΙΞΗ ΤΟΥ ΑΚΙΝΗΤΟΥ ΑΠΑΙΤΕΙΤΑΙ ΝΑ ΓΙΝΕΤΑΙ ΕΠΙΔΕΙΞΗ ΤΗΣ ΑΣΤΥΝΟΜΙΚΗΣ ΣΑΣ ΤΑΥΤΟΤΗΤΑΣ ΣΥΜΦΩΝΑ ΜΕ ΤΟΝ Ν.4072/11-04-2012 Φ.Ε.Κ 86Α<br /><br />ΤΑ ΣΤΟΙΧΕΙΑ ΤΩΝ ΑΚΙΝΗΤΩΝ ΕΙΝΑΙ ΚΑΤΑ ΔΗΛΩΣΗ ΤΟΥ ΙΔΙΟΚΤΗΤΗ<br /><br />ΑΚΙΝΗΤΑ ΑΠΟΚΛΕΙΣΤΙΚΗΣ ΔΙΑΘΕΣΗΣ ΜΕ ΦΩΤΟΓΡΑΦΙΕΣ ΠΟΥ ΔΙΑΧΕΙΡΙΖΕΤΑΙ Η ΕΤΑΙΡΙΑ ΜΑΣ ΘΑ ΒΡΕΙΤΕ ΣΤΗΝ ΙΣΤΟΣΕΛΙΔΑ ΜΑΣ<br /><br /> ►WEBSITE: www.tzelihome.gr<br /><br /> ✔ ΓΙΑ ΤΗΝ ΚΑΛΥΤΕΡΗ ΕΞΥΠΗΡΕΤΗΣΗ ΣΑΣ ΧΡΗΣΙΜΟΠΟΙΕΙΣΤΕ ΤΟΝ ΚΩΔΙΚΟ ΑΚΙΝΗΤΟΥ ΠΟΥ ΑΝΑΓΡΑΦΕΤΑΙ ΣΤΗΝ ΠΕΡΙΓΡΑΦΗ<br /> ✔ Η ΔΙΕΥΘΥΝΣΗ ΣΤΟΝ ΧΑΡΤΗ ΕΧΕΙ ΤΟΠΟΘΕΤΗΘΕΙ ΚΑΤΑ ΠΡΟΣΕΓΓΙΣΗ<br /> ✔ ΟΙ ΑΚΡΙΒΕΙΣ ΠΛΗΡΟΦΟΡΙΕΣ ΤΗΣ ΔΙΕΥΘΥΝΣΗΣ ΠΑΡΕΧΟΝΤΑΙ ΣΤΗΝ ΥΠΟΔΕΙΞΗ ΤΟΥ ΑΚΙΝΗΤΟΥ<br /><br /> ΜΕΣΙΤΙΚΟ ΓΡΑΦΕΙΟ TZELI HOME<br /> ΥΜΗΤΤΟΥ 41 , ΚΑΙΣΑΡΙΑΝΗ , ΤΚ 16121<br /><br /> ΕΠΙΚΟΙΝΩΝΗΣΤΕ ΜΑΖΙ ΜΑΣ:<br /> ►WEBSITE : www.tzelihome.gr<br /> ►E-MAIL : tzelihome@gmail.com<br /> ►ΚΙΝΗΤΟ : 6906.062.919 <br /> ►ΤΗΛΕΦΩΝΟ : 211.001.4573 & 211.001.4574<br>","6000",,"0","0","6",,,,,,,,,"1","0","2026-06-13","2","4","0","no","no","0","Αθήνα - Νότια Προάστια (Αττική)","Βύρωνας (Αθήνα - Νότια Προάστια)","1","105103","102","2207","106396","Double","1","4","0","0","1","1218730438","https://m3.spitogatos.gr/335691662_1600x1200.jpg?v=20130730","https://m3.spitogatos.gr/335691665_1600x1200.jpg?v=20130730","https://m2.spitogatos.gr/335691667_1600x1200.jpg?v=20130730","https://m3.spitogatos.gr/335691668_1600x1200.jpg?v=20130730","https://m3.spitogatos.gr/335691671_1600x1200.jpg?v=20130730","https://m1.spitogatos.gr/335691675_1600x1200.jpg?v=20130730","https://m1.spitogatos.gr/335691678_1600x1200.jpg?v=20130730","https://m3.spitogatos.gr/335691680_1600x1200.jpg?v=20130730","https://m2.spitogatos.gr/335691682_1600x1200.jpg?v=20130730","https://m3.spitogatos.gr/335691683_1600x1200.jpg?v=20130730","https://m1.spitogatos.gr/335691684_1600x1200.jpg?v=20130730","https://m2.spitogatos.gr/335691685_1600x1200.jpg?v=20130730","https://m3.spitogatos.gr/335691686_1600x1200.jpg?v=20130730","https://m1.spitogatos.gr/335691687_1600x1200.jpg?v=20130730","https://m2.spitogatos.gr/335691688_1600x1200.jpg?v=20130730","https://m1.spitogatos.gr/335691690_1600x1200.jpg?v=20130730","https://m3.spitogatos.gr/335691692_1600x1200.jpg?v=20130730","https://m1.spitogatos.gr/335691693_1600x1200.jpg?v=20130730","https://m3.spitogatos.gr/335691695_1600x1200.jpg?v=20130730","https://m1.spitogatos.gr/335691696_1600x1200.jpg?v=20130730",,,,,,"0","0","2","1","37.962498","1","1","23.756157",,"0","0","0","2026-07-23","0","0","0",,"0","1",,"11","1","0","0","1","0","0","0","650",,,"0","0","0","0","17.11",,,"1","3","6","1","1","2025","0","1","1","0","1",,"0","38","0","Τιμοθέου 101, Βύρωνας 162 31, Ελλάδα","1","1","0","2025-11-26","https://www.spitogatos.gr/en/property/1218730438",,"0",,"1970","FfhbwYWrhbs","residential"
"1","Lower Ground","no","simple","1",,,,,"0","0","0","0","2025-11-26","0","0","0","1","1","0","false","house","0","15",,"0"," <br><br />
Κωδικός Ακινήτου: #9619<br><br />
Στον Βύρωνα, στην περιοχή Ανάληψη, ενοικιάζεται πλήρως ανακαινισμένο διαμέρισμα 41 τ.μ., σε ημιυπόγειο με πρόσοψη. Ο χώρος αποτελείται από υπνοδωμάτιο, ξεχωριστή κουζίνα, άνετο σαλόνι και μπάνιο. Το ακίνητο είναι κατασκευής του 1970, βαμμένο και πρόσφατα ανανεωμένο, ενώ διαθέτει κουφώματα αλουμινίου με διπλά τζάμια, ηλεκτρικά ρολά, πόρτα ασφαλείας, κλιματισμό και δάπεδα από πλακάκι. Συμπληρωματικά, προσφέρει αυλή για μεγαλύτερη άνεση, ενώ επιτρέπονται και τα κατοικίδια. Η τοποθεσία του, κοντά στο κέντρο, εξασφαλίζει εύκολη πρόσβαση σε συγκοινωνίες, αγορές και καθημερινές υπηρεσίες. Διαθέσιμο από 1/1/2026.<br><br />
 <br><br />
Τιμή ενοικίασης: 670€ | Κωδικός Ακινήτου: #9619<br><br />
 <br><br />
ΚΑΤΑ ΤΗΝ ΥΠΟΔΕΙΞΗ ΤΟΥ ΑΚΙΝΗΤΟΥ ΑΠΑΙΤΕΙΤΑΙ ΝΑ ΓΙΝΕΤΑΙ ΕΠΙΔΕΙΞΗ ΤΗΣ ΑΣΤΥΝΟΜΙΚΗΣ ΣΑΣ ΤΑΥΤΟΤΗΤΑΣ ΣΥΜΦΩΝΑ ΜΕ ΤΟΝ Ν.4072/11-04-2012 Φ.Ε.Κ 86Α<br /><br />ΤΑ ΣΤΟΙΧΕΙΑ ΤΩΝ ΑΚΙΝΗΤΩΝ ΕΙΝΑΙ ΚΑΤΑ ΔΗΛΩΣΗ ΤΟΥ ΙΔΙΟΚΤΗΤΗ<br /><br />ΑΚΙΝΗΤΑ ΑΠΟΚΛΕΙΣΤΙΚΗΣ ΔΙΑΘΕΣΗΣ ΜΕ ΦΩΤΟΓΡΑΦΙΕΣ ΠΟΥ ΔΙΑΧΕΙΡΙΖΕΤΑΙ Η ΕΤΑΙΡΙΑ ΜΑΣ ΘΑ ΒΡΕΙΤΕ ΣΤΗΝ ΙΣΤΟΣΕΛΙΔΑ ΜΑΣ<br /><br /> ►WEBSITE: www.tzelihome.gr<br /><br /> ✔ ΓΙΑ ΤΗΝ ΚΑΛΥΤΕΡΗ ΕΞΥΠΗΡΕΤΗΣΗ ΣΑΣ ΧΡΗΣΙΜΟΠΟΙΕΙΣΤΕ ΤΟΝ ΚΩΔΙΚΟ ΑΚΙΝΗΤΟΥ ΠΟΥ ΑΝΑΓΡΑΦΕΤΑΙ ΣΤΗΝ ΠΕΡΙΓΡΑΦΗ<br /> ✔ Η ΔΙΕΥΘΥΝΣΗ ΣΤΟΝ ΧΑΡΤΗ ΕΧΕΙ ΤΟΠΟΘΕΤΗΘΕΙ ΚΑΤΑ ΠΡΟΣΕΓΓΙΣΗ<br /> ✔ ΟΙ ΑΚΡΙΒΕΙΣ ΠΛΗΡΟΦΟΡΙΕΣ ΤΗΣ ΔΙΕΥΘΥΝΣΗΣ ΠΑΡΕΧΟΝΤΑΙ ΣΤΗΝ ΥΠΟΔΕΙΞΗ ΤΟΥ ΑΚΙΝΗΤΟΥ<br /><br /> ΜΕΣΙΤΙΚΟ ΓΡΑΦΕΙΟ TZELI HOME<br /> ΥΜΗΤΤΟΥ 41 , ΚΑΙΣΑΡΙΑΝΗ , ΤΚ 16121<br /><br /> ΕΠΙΚΟΙΝΩΝΗΣΤΕ ΜΑΖΙ ΜΑΣ:<br /> ►WEBSITE : www.tzelihome.gr<br /> ►E-MAIL : tzelihome@gmail.com<br /> ►ΚΙΝΗΤΟ : 6906.062.919 <br /> ►ΤΗΛΕΦΩΝΟ : 211.001.4573 & 211.001.4574<br>","6000",,"0","0","6",,,,,,,,,"1","0","2026-06-13","2","4","0","no","no","0","Αθήνα - Νότια Προάστια (Αττική)","Βύρωνας (Αθήνα - Νότια Προάστια)","1","105103","102","2207","106396","Double","1","4","0","0","1","1218730422","https://m3.spitogatos.gr/335691380_1600x1200.jpg?v=20130730","https://m1.spitogatos.gr/335691384_1600x1200.jpg?v=20130730","https://m1.spitogatos.gr/335691387_1600x1200.jpg?v=20130730","https://m3.spitogatos.gr/335691392_1600x1200.jpg?v=20130730","https://m2.spitogatos.gr/335691397_1600x1200.jpg?v=20130730","https://m1.spitogatos.gr/335691402_1600x1200.jpg?v=20130730","https://m2.spitogatos.gr/335691409_1600x1200.jpg?v=20130730","https://m1.spitogatos.gr/335691414_1600x1200.jpg?v=20130730","https://m1.spitogatos.gr/335691420_1600x1200.jpg?v=20130730","https://m1.spitogatos.gr/335691426_1600x1200.jpg?v=20130730","https://m1.spitogatos.gr/335691432_1600x1200.jpg?v=20130730","https://m3.spitogatos.gr/335691434_1600x1200.jpg?v=20130730","https://m1.spitogatos.gr/335691438_1600x1200.jpg?v=20130730","https://m2.spitogatos.gr/335691439_1600x1200.jpg?v=20130730","https://m2.spitogatos.gr/335691442_1600x1200.jpg?v=20130730","https://m3.spitogatos.gr/335691443_1600x1200.jpg?v=20130730","https://m2.spitogatos.gr/335691445_1600x1200.jpg?v=20130730","https://m1.spitogatos.gr/335691447_1600x1200.jpg?v=20130730","https://m2.spitogatos.gr/335691451_1600x1200.jpg?v=20130730","https://m1.spitogatos.gr/335691453_1600x1200.jpg?v=20130730",,,,,,"0","0","2","1","37.962498","1","1","23.756157",,"0","0","0","2026-07-23","0","0","0",,"0","1",,"11","1","0","0","1","0","0","0","670",,,"0","0","0","0","16.34",,,"1","3","6","1","1","2025","0","1","1","0","1",,"0","41","0","Τιμοθέου 101, Βύρωνας 162 31, Ελλάδα","1","1","0","2025-11-26","https://www.spitogatos.gr/en/property/1218730422",,"0",,"1970","FfhbwYWrhbs","residential"
"1","2","no","simple","1",,,,,"1","0","0","0","2026-07-24","0","1","0","0","1","0","false","house",,,,"1","Κωδικός ακινήτου: 3-4720 - Βύρωνας Μεταμόρφωση Βύρωνα  ΕΝΟΙΚΙΑΖΕΤΑΙ   ανακαινισμένο  διαμέρισμα  στον 2 ο όροφο συνολικής επιφάνειας 78.00 τ.μ.  . Αποτελείται από 2 υπνοδωμάτια, σαλόνι, κουζίνα, μπάνιο . Είναι κατασκευασμένο το 1971 με ενεργειακή κλάση Γ και ανακαινίστηκε το 2026. Διαθέτει θέρμανση κεντρική - πετρέλαιο, θέα σε πλατεία, κουφώματα αλουμινίου, πατώματα από πλακάκι και ξύλο, πόρτα ασφαλείας, εντοιχιζόμενες ντουλάπες, A/C, τέντες, διπλά τζάμια, σκαλιά εισόδου, ανοιχτωσιά, οπτικές ίνες απόσταση από θάλασσα 8300 μέτρα απόσταση από πόλη 4200 μέτρα  απόσταση από αεροδρόμιο 29000 μέτρα απόσταση από μετρό 1800 μέτρα - Τιμή: 750 €  <br>Διατίθεται προς ενοικίαση μόλις ανακαινισμένο, ευχάριστο και φωτεινό γωνιακό διαμέρισμα 2ου ορόφου σε ήσυχη και χαμηλής δόμησης γειτονιά του Βύρωνα κοντά στον ιερό ναό Μεταμορφώσεως. Έχει επιφάνεια 78 τ.μ. και αποτελείται από χολ εισόδου, εντυπωσιακό σαλόνι  με  μπαλκόνι, δύο υπνοδωμάτια με  μπαλκόνι, ξεχωριστή μεγάλη  κουζίνα με πρόσβαση σε μικρό μπαλκόνι που βλέπει στον ακάλυπτο και μπάνιο με παράθυρο στο φωταγωγό και πατάρι. Η ανακίνιση του διαμερίσματος μόλις ολοκληρώθηκε και αντικαταστάθηκαν τα ηλεκτρικά και τα υδραυλικά.  Υπάρχει ένα κλιματιστικό στο χολ. Η θέρμανση είναι κεντρική πετρελαίου. Το σπίτι βρίσκεται σε ωραίο και εξυπηρετικό σημείο, πολύ κοντά στην Αγορά του Βύρωνα, σε σουπερμάρκετ, στη λαϊκή της Παρασκευής, σε σχολεία, πλατείες και σε στάσεις λεωφορείων. Ιδανικό για οικογένεια ή για ζευγάρι. Επιτρέπονται μικρόσωμα κατοικίδια. Ακατάλληλο για ΑΜΕΑ, καθώς  το κτίριο δεν διαθέτει ανελκυστήρα. Η εμφανιζόμενη στην αγγελία διεύθυνση είναι ενδεικτική. <br>Τηλ: (+30)210 2201935 ,  e-mail: info@remaxlysis.com<br />
www.remax-lysis.gr<br />
<br />
| Οι πληροφορίες και τα χαρακτηριστικά των ακινήτων έχουν καταχωρηθεί βάσει των πληροφοριών και στοιχείων που προσκόμισε ο εντολέας.<br />
| Το σημείο στο χάρτη δεν ανταποκρίνεται στην πραγματική διεύθυνση του ακινήτου.<br />
| Όλα τα ακίνητα που προβάλλουμε μέσω internet είναι διαθέσιμα, καθώς γίνεται συνεχής ενημέρωση και αποσύρονται τα μη διαθέσιμα.<br />
| Κατά την υπόδειξη του ακινήτου είναι απαραίτητη η αστυνομική ταυτότητα ή ο Α.Φ.Μ, σύμφωνα με τον Νόμο Ν.4072/2012 - ΦΕΚ 86/Α/11-4-2012","8300",,,"0","5",,,,,,,,,"1","0","2026-07-24","7","10","0","no","no","0","Αθήνα - Νότια Προάστια (Αττική)","Βύρωνας (Αθήνα - Νότια Προάστια)","1","105103","102","2207","123170","Double","2","1","0","0","1","1220478300","https://m3.spitogatos.gr/363083306_1600x1200.jpg?v=20130730","https://m3.spitogatos.gr/363083315_1600x1200.jpg?v=20130730","https://m3.spitogatos.gr/363083318_1600x1200.jpg?v=20130730","https://m1.spitogatos.gr/363083322_1600x1200.jpg?v=20130730","https://m2.spitogatos.gr/363083329_1600x1200.jpg?v=20130730","https://m1.spitogatos.gr/363083334_1600x1200.jpg?v=20130730","https://m3.spitogatos.gr/363083339_1600x1200.jpg?v=20130730","https://m2.spitogatos.gr/363083344_1600x1200.jpg?v=20130730","https://m3.spitogatos.gr/363083348_1600x1200.jpg?v=20130730","https://m3.spitogatos.gr/363083351_1600x1200.jpg?v=20130730","https://m3.spitogatos.gr/363083354_1600x1200.jpg?v=20130730","https://m2.spitogatos.gr/363083356_1600x1200.jpg?v=20130730","https://m1.spitogatos.gr/363083358_1600x1200.jpg?v=20130730","https://m1.spitogatos.gr/363083361_1600x1200.jpg?v=20130730","https://m2.spitogatos.gr/363083365_1600x1200.jpg?v=20130730","https://m2.spitogatos.gr/363083371_1600x1200.jpg?v=20130730","https://m2.spitogatos.gr/363083374_1600x1200.jpg?v=20130730","https://m2.spitogatos.gr/363083377_1600x1200.jpg?v=20130730","https://m2.spitogatos.gr/363083380_1600x1200.jpg?v=20130730","https://m2.spitogatos.gr/363083383_1600x1200.jpg?v=20130730","https://m3.spitogatos.gr/363083387_1600x1200.jpg?v=20130730","https://m1.spitogatos.gr/363083391_1600x1200.jpg?v=20130730","https://m1.spitogatos.gr/363083400_1600x1200.jpg?v=20130730","https://m3.spitogatos.gr/363083408_1600x1200.jpg?v=20130730","https://m1.spitogatos.gr/363083415_1600x1200.jpg?v=20130730","0","0","2","1","37.955719",,"1","23.754158",,"0",,,"2026-07-27","0","0","0",,"0","1","3","1","1","0","0","1","0","0","0","750",,,"0","0","0","0","9.62",,,"1","3","6","1","1","2026","0","2","2","0","1",,"0","78","0","Επταπυργίου 20-22, 162 32, Βύρωνας","0","1","0","2026-07-24","https://www.spitogatos.gr/en/property/1220478300",,"1","0","1971","Gr0WAp-S730","residential"
"1","4","no","simple","1",,,,,"0","0","0","0","2026-05-16","0","1","1","15","1","0","false","house","0","20",,"0","Ενοικιάζεται εξαιρετικό διαμέρισμα στον Παγκράτι . Το ακίνητο είναι μόλις ανακαινισμένο, φρεσκοβαμμένο και παραδίδεται πεντακάθαρο, έτοιμο για άμεση κατοίκηση. Διαθέτει σύγχρονη αισθητική, εξαιρετική διαρρύθμιση και προσφέρει όλες τις ανέσεις για μια ποιοτική διαμονή.<br />
<br />
Βασικά Χαρακτηριστικά:<br />
Κατάσταση: Πλήρως ανακαινισμένο & Φρεσκοβαμμένο (Πεντακάθαρο)<br />
<br />
Κλιματισμός: 3 κλιματιστικά (A/C) για απόλυτη αυτονομία ψύξης/θέρμανσης σε όλους τους χώρους<br />
<br />
Μπάνιο με Τζακούζι για στιγμές χαλάρωσης<br />
<br />
Κουφώματα: Σύγχρονα, με διπλά τζάμια για κορυφαία θερμομόνωση και ηχομόνωση<br />
<br />
Δάπεδα/Πόρτες: Πόρτα ασφαλείας, ανακαινισμένα πατώματα και ποιοτικά υλικά σε όλους τους χώρους<br />
<br />
Τοποθεσία:<br />
Βρίσκεται σε πολύ ήσυχη και ασφαλή γειτονιά του Παγκρατίου, με άμεση πρόσβαση σε:<br />
<br />
Αστικές συγκοινωνίες (στάσεις λεωφορείων)<br />
<br />
Supermarket, φαρμακεία και εμπορικά καταστήματα<br />
<br />
Σχολεία, πάρκα και καφετέριες της περιοχής<br />
<br />
Ιδανικό για ζευγάρια, επαγγελματίες ή μικρές οικογένειες<br />
<br />
Οι πληροφορίες είναι ενδεικτικές.<br />
<br />
📞 Επικοινωνία: Καθημερινά και Σαββατοκύριακο, 10:00 π.μ. – 09:00 μ.μ.","6000",,"0","1","4",,,,,,,,,"1","0","2026-05-16","9","4","0","yes","no","0","Αθήνα - Νότια Προάστια (Αττική)","Βύρωνας (Αθήνα - Νότια Προάστια)","1","105103","102","2207","106355","Double","2","1","0","0","1","1219898453","https://m1.spitogatos.gr/353693358_1600x1200.jpg?v=20130730","https://m1.spitogatos.gr/353693355_1600x1200.jpg?v=20130730","https://m3.spitogatos.gr/353693339_1600x1200.jpg?v=20130730","https://m2.spitogatos.gr/353693341_1600x1200.jpg?v=20130730","https://m3.spitogatos.gr/353693342_1600x1200.jpg?v=20130730","https://m1.spitogatos.gr/353693343_1600x1200.jpg?v=20130730","https://m2.spitogatos.gr/353693344_1600x1200.jpg?v=20130730","https://m3.spitogatos.gr/353693345_1600x1200.jpg?v=20130730","https://m1.spitogatos.gr/353693346_1600x1200.jpg?v=20130730","https://m2.spitogatos.gr/353693347_1600x1200.jpg?v=20130730","https://m3.spitogatos.gr/353693348_1600x1200.jpg?v=20130730","https://m1.spitogatos.gr/353693349_1600x1200.jpg?v=20130730","https://m2.spitogatos.gr/353693350_1600x1200.jpg?v=20130730","https://m3.spitogatos.gr/353693351_1600x1200.jpg?v=20130730","https://m1.spitogatos.gr/353693352_1600x1200.jpg?v=20130730","https://m2.spitogatos.gr/353693353_1600x1200.jpg?v=20130730","https://m3.spitogatos.gr/353693354_1600x1200.jpg?v=20130730","https://m2.spitogatos.gr/353693356_1600x1200.jpg?v=20130730","https://m3.spitogatos.gr/353693357_1600x1200.jpg?v=20130730","https://m2.spitogatos.gr/353693359_1600x1200.jpg?v=20130730",,,,,,"0","0","2","1","37.961361","1","1","23.745449","300","0","0","0","2026-07-19","0","0","0",,"0","1","5","3","1","0","1",,"0","0","0","740",,,"0","0","0","0","9.87",,,"1","6",,"1","1","2026","0","1","2","0","1",,"0","75","0","Ιλιάδος, 67, Βύρωνας Ελλάδα, 16232","1","1","0","2026-05-16","https://www.spitogatos.gr/en/property/1219898453",,"0","0","1978","o3Mo8CZXBO4","residential"
"0","1","no","simple","1",,,,,"0","0","0","0","2026-07-03","0","0","0","0","0",,"false","house",,,,"1","Προσεγμένο φωτεινό, γωνιακό διαμέρισμα 98 τ.μ., 1ου ορόφου, κατασκευής 1975, σε προνομιακή και ήσυχη γειτονιά της Ηλιούπολης, στα σύνορα με τον Καρέα Το ακίνητο είναι πρόσφατα βαμμένο και διαθέτει νέα ενεργειακά κουφώματα, αυτόνομη θέρμανση με ατομικό λέβητα φυσικού αερίου, εξασφαλίζοντας άνεση, οικονομία και υψηλή ενεργειακή απόδοση. Αποτελείται από ευρύχωρο σαλόνι, ανεξάρτητη κουζίνα, δύο μεγάλα υπνοδωμάτια με δυνατότητα δημιουργίας τρίτου υπνοδωματίου ή γραφείου, μπάνιο, μεγάλο χολ και περιμετρικά άνετα μπαλκόνια που προσφέρουν άπλετο φυσικό φως και εξαιρετικό αερισμό. Βρίσκεται σε μικρή απόσταση από την τοπική αγορά, σχολεία όλων των βαθμίδων, μέσα μαζικής μεταφοράς, αθλητικές εγκαταστάσεις, χώρους πρασίνου και πλατείες, με εύκολη πρόσβαση στο κέντρο της Αθήνας. Ένα προσεγμένο, λειτουργικό διαμέρισμα, ιδανικό για οικογένειες, σε μία από τις πιο περιζήτητες περιοχές της Ηλιούπολης. Η ΔΙΕΥΘΥΝΣΗ ΕΙΝΑΙ ΚΑΤΑ ΠΡΟΣΕΓΓΙΣΗ.<br />
Ενοικίαση, Διαμέρισμα,  Μπάνια: 1,  Εμβαδόν: 98 τ.μ.,  Δωμάτια: 2,  Έτος κατασκευής: 1975,  Θέα,  Όροφος: 1ος,  Γωνιακό ,  Πρόσοψης,  Επιτρέπονται κατοικίδια,  Ανακαινισμένο,  Διπλά τζάμια,  Βαμμένο,  Κουζίνες: 1,  Κουφώματα: Αλουμινίου,  Τύπος δαπέδων: Ξύλο,  Θέρμανση: Αυτόνομη θέρμανση,  Πρόσβαση από: Άσφαλτο,  Ζώνη: Οικιστική ζώνη,  Ενεργειακή κλάση: Δ,  Προσανατολισμός: Μεσημβρινός,  Ρεύμα: Μονοφασικό,  Έτος Ανακαίνισης: 2020,  Απόσταση από θάλασσα: 6000","6000","1",,"0","6",,,,,,,,,"1","0","2026-06-30","6","2","0","no","no","0","Αθήνα - Νότια Προάστια (Αττική)","Βύρωνας (Αθήνα - Νότια Προάστια)","1","105103","102","2207","123171",,"1","2","0","0","1","1220273166","https://m3.spitogatos.gr/360315713_1600x1200.jpg?v=20130730","https://m3.spitogatos.gr/360315716_1600x1200.jpg?v=20130730","https://m2.spitogatos.gr/360315718_1600x1200.jpg?v=20130730","https://m2.spitogatos.gr/360315721_1600x1200.jpg?v=20130730","https://m2.spitogatos.gr/360315724_1600x1200.jpg?v=20130730","https://m1.spitogatos.gr/360315726_1600x1200.jpg?v=20130730","https://m2.spitogatos.gr/360315730_1600x1200.jpg?v=20130730","https://m2.spitogatos.gr/360315736_1600x1200.jpg?v=20130730","https://m2.spitogatos.gr/360315745_1600x1200.jpg?v=20130730","https://m2.spitogatos.gr/360315748_1600x1200.jpg?v=20130730","https://m2.spitogatos.gr/360315757_1600x1200.jpg?v=20130730","https://m1.spitogatos.gr/360315762_1600x1200.jpg?v=20130730","https://m2.spitogatos.gr/360315769_1600x1200.jpg?v=20130730","https://m1.spitogatos.gr/360315774_1600x1200.jpg?v=20130730","https://m2.spitogatos.gr/360315781_1600x1200.jpg?v=20130730","https://m3.spitogatos.gr/360315785_1600x1200.jpg?v=20130730","https://m3.spitogatos.gr/360315791_1600x1200.jpg?v=20130730","https://m2.spitogatos.gr/360315796_1600x1200.jpg?v=20130730","https://m3.spitogatos.gr/360315800_1600x1200.jpg?v=20130730","https://m3.spitogatos.gr/360315803_1600x1200.jpg?v=20130730","https://m1.spitogatos.gr/360315807_1600x1200.jpg?v=20130730","https://m2.spitogatos.gr/360315811_1600x1200.jpg?v=20130730","https://m3.spitogatos.gr/360315815_1600x1200.jpg?v=20130730","https://m2.spitogatos.gr/360315820_1600x1200.jpg?v=20130730",,"0","0","2","1","37.942745","1","1","23.769207",,"0",,,"2026-07-03","0","0","0",,"0","1",,"9","1","0","0","1","0","0","0","860",,,"0","0","0","0","8.78",,,"1","3","6","1","1","2020","0","1","2","0","0",,"0","98","0","","0","1","0","2026-06-30","https://www.spitogatos.gr/en/property/1220273166",,"1",,"1975","L0Hh4fY0i1U","residential"
"1","Ground Floor","no","simple","1",,,,,"0","0","0","0","2026-07-22","0","0","0","8","1","0","false","house","0","0",,"0","Κωδικός Ακινήτου: #12614.<br><br />
Στην περιοχή του Νέου Παγκρατίου στον Βύρωνα διατίθεται προς ενοικίαση μερικώς ανακαινισμένο διαμέρισμα 65 τ.μ., ισογείου, ιδανικό για όσους αναζητούν έναν άνετο και λειτουργικό χώρο σε προνομιακή τοποθεσία, πολύ κοντά στο κέντρο και σε όλες τις καθημερινές εξυπηρετήσεις. Το διαμέρισμα αποτελείται από φωτεινό σαλόνι, άνετο υπνοδωμάτιο, ανεξάρτητη κουζίνα και μπάνιο, ενώ διαθέτει επιπλέον πατάρι αποθήκευσης που προσφέρει πολύτιμο επιπλέον χώρο. Έχει κατασκευαστεί το 1981 και έχει ανανεωθεί μερικώς, είναι φρεσκοβαμμένο και εξοπλισμένο με κουφώματα αλουμινίου με διπλά τζάμια, σίτες, πόρτα ασφαλείας, κλιματισμό και δάπεδα από πλακάκι, εξασφαλίζοντας άνεση και πρακτικότητα στην καθημερινότητα. Ένα ακόμη σημαντικό πλεονέκτημα είναι ότι δεν υπάρχουν μηνιαία κοινόχρηστα, ενώ τα κατοικίδια είναι ευπρόσδεκτα. Μια εξαιρετική επιλογή για όσους επιθυμούν μια ποιοτική κατοικία σε ιδιαίτερα προσιτό κόστος, σε μια από τις πιο εξυπηρετικές περιοχές του Βύρωνα.<br><br />
 <br><br />
Τιμή ενοικίασης: 580€. Κωδικός Ακινήτου: #12614.<br><br />
<br /> ΚΑΤΑ ΤΗΝ ΥΠΟΔΕΙΞΗ ΤΟΥ ΑΚΙΝΗΤΟΥ ΑΠΑΙΤΕΙΤΑΙ ΝΑ ΓΙΝΕΤΑΙ ΕΠΙΔΕΙΞΗ ΤΗΣ ΑΣΤΥΝΟΜΙΚΗΣ ΣΑΣ ΤΑΥΤΟΤΗΤΑΣ ΣΥΜΦΩΝΑ ΜΕ ΤΟΝ Ν.4072/11-04-2012 Φ.Ε.Κ 86Α<br /><br />ΤΑ ΣΤΟΙΧΕΙΑ ΤΩΝ ΑΚΙΝΗΤΩΝ ΕΙΝΑΙ ΚΑΤΑ ΔΗΛΩΣΗ ΤΟΥ ΙΔΙΟΚΤΗΤΗ<br /><br />ΑΚΙΝΗΤΑ ΑΠΟΚΛΕΙΣΤΙΚΗΣ ΔΙΑΘΕΣΗΣ ΜΕ ΦΩΤΟΓΡΑΦΙΕΣ ΠΟΥ ΔΙΑΧΕΙΡΙΖΕΤΑΙ Η ΕΤΑΙΡΙΑ ΜΑΣ ΘΑ ΒΡΕΙΤΕ ΣΤΗΝ ΙΣΤΟΣΕΛΙΔΑ ΜΑΣ<br /><br /> ►WEBSITE: www.tzelihome.gr<br /><br /> ✔ ΓΙΑ ΤΗΝ ΚΑΛΥΤΕΡΗ ΕΞΥΠΗΡΕΤΗΣΗ ΣΑΣ ΧΡΗΣΙΜΟΠΟΙΕΙΣΤΕ ΤΟΝ ΚΩΔΙΚΟ ΑΚΙΝΗΤΟΥ ΠΟΥ ΑΝΑΓΡΑΦΕΤΑΙ ΣΤΗΝ ΠΕΡΙΓΡΑΦΗ<br /> ✔ Η ΔΙΕΥΘΥΝΣΗ ΣΤΟΝ ΧΑΡΤΗ ΕΧΕΙ ΤΟΠΟΘΕΤΗΘΕΙ ΚΑΤΑ ΠΡΟΣΕΓΓΙΣΗ<br /> ✔ ΟΙ ΑΚΡΙΒΕΙΣ ΠΛΗΡΟΦΟΡΙΕΣ ΤΗΣ ΔΙΕΥΘΥΝΣΗΣ ΠΑΡΕΧΟΝΤΑΙ ΣΤΗΝ ΥΠΟΔΕΙΞΗ ΤΟΥ ΑΚΙΝΗΤΟΥ<br /><br /> ΜΕΣΙΤΙΚΟ ΓΡΑΦΕΙΟ TZELI HOME<br /> ΥΜΗΤΤΟΥ 41 , ΚΑΙΣΑΡΙΑΝΗ , ΤΚ 16121<br /><br /> ΕΠΙΚΟΙΝΩΝΗΣΤΕ ΜΑΖΙ ΜΑΣ:<br /> ►WEBSITE : www.tzelihome.gr<br /> ►E-MAIL : tzelihome@gmail.com<br /> ►ΚΙΝΗΤΟ : 6906.062.919 <br /> ►ΤΗΛΕΦΩΝΟ : 211.001.4573 & 211.001.4574<br>","8000",,"0","0","6",,,,,,,,,"0","0","2026-07-22","3","4","0","no","no","0","Αθήνα - Νότια Προάστια (Αττική)","Βύρωνας (Αθήνα - Νότια Προάστια)","1","105103","102","2207","106355","Double","2","4","0","0","1","1220450501","https://m1.spitogatos.gr/362801061_1600x1200.jpg?v=20130730","https://m1.spitogatos.gr/362801067_1600x1200.jpg?v=20130730","https://m2.spitogatos.gr/362801083_1600x1200.jpg?v=20130730","https://m3.spitogatos.gr/362801087_1600x1200.jpg?v=20130730","https://m1.spitogatos.gr/362801094_1600x1200.jpg?v=20130730","https://m3.spitogatos.gr/362801099_1600x1200.jpg?v=20130730","https://m3.spitogatos.gr/362801102_1600x1200.jpg?v=20130730","https://m1.spitogatos.gr/362801106_1600x1200.jpg?v=20130730","https://m1.spitogatos.gr/362801109_1600x1200.jpg?v=20130730","https://m1.spitogatos.gr/362801118_1600x1200.jpg?v=20130730","https://m3.spitogatos.gr/362801120_1600x1200.jpg?v=20130730","https://m3.spitogatos.gr/362801123_1600x1200.jpg?v=20130730","https://m1.spitogatos.gr/362801127_1600x1200.jpg?v=20130730","https://m1.spitogatos.gr/362801130_1600x1200.jpg?v=20130730","https://m3.spitogatos.gr/362801132_1600x1200.jpg?v=20130730","https://m2.spitogatos.gr/362801134_1600x1200.jpg?v=20130730","https://m2.spitogatos.gr/362801137_1600x1200.jpg?v=20130730","https://m1.spitogatos.gr/362801139_1600x1200.jpg?v=20130730","https://m3.spitogatos.gr/362801141_1600x1200.jpg?v=20130730","https://m2.spitogatos.gr/362801143_1600x1200.jpg?v=20130730","https://m3.spitogatos.gr/362801147_1600x1200.jpg?v=20130730","https://m3.spitogatos.gr/362801150_1600x1200.jpg?v=20130730","https://m2.spitogatos.gr/362801152_1600x1200.jpg?v=20130730","https://m2.spitogatos.gr/362801155_1600x1200.jpg?v=20130730","https://m1.spitogatos.gr/362801157_1600x1200.jpg?v=20130730","0","0","2","1","37.961571","1","1","23.748627",,"0","0","0","2026-07-24","0","0","0",,"0","1",,"11","1","0","1","1","0","0","0","580",,,"0","0","0","0","8.92",,,"1","3","6","1","1","2026","0","1","1","0","1",,"0","65","0",,"0","1","0","2026-07-22","https://www.spitogatos.gr/en/property/1220450501",,"0",,"1981","mfxS3pmX_VU","residential"
"1","2","no","simple","1",,,,,"0","0","0","0","2026-07-18","0","1","0","20","1","0","false","house","0","8",,"0","Κωδικός Ακινήτου: #12560. Βύρωνας, Νέο Παγκράτι: Ενοικιάζεται μερικώς ανακαινισμένο Διαμέρισμα 120τ.μ. στον 2ο όροφο χωρίς ασανσέρ με αυτόνομη θέρμανση φυσικού αερίου. Αποτελείται από 3 υπνοδωμάτια, 1 κουζίνα, 1 σαλόνι, αποθήκη και 2 μπάνια. Είναι κατασκευασμένο το 1981, βαμμένο, κοντά σε ΜΕΣΑ ΜΑΖΙΚΗΣ ΜΕΤΑΦΟΡΑΣ και διαθέτει κουφώματα αλουμινίου με διπλά τζάμια, πόρτα ασφαλείας, κλιματισμό, δάπεδα από πλακάκι & ξύλο, τζάκι, τέντες, σίτες, ηλιακό θερμοσίφωνα. Ελάχιστα μηνιαία Κοινόχρηστα. Επιπλέον χαρακτηριστικά: ΠΑΤΑΡΙ ΑΠΟΘΗΚΕΥΣΗΣ .<br><br />
Τιμή 800€ | Κωδικός Ακινήτου: #12560<br><br />
<br /> ΚΑΤΑ ΤΗΝ ΥΠΟΔΕΙΞΗ ΤΟΥ ΑΚΙΝΗΤΟΥ ΑΠΑΙΤΕΙΤΑΙ ΝΑ ΓΙΝΕΤΑΙ ΕΠΙΔΕΙΞΗ ΤΗΣ ΑΣΤΥΝΟΜΙΚΗΣ ΣΑΣ ΤΑΥΤΟΤΗΤΑΣ ΣΥΜΦΩΝΑ ΜΕ ΤΟΝ Ν.4072/11-04-2012 Φ.Ε.Κ 86Α<br /><br />ΤΑ ΣΤΟΙΧΕΙΑ ΤΩΝ ΑΚΙΝΗΤΩΝ ΕΙΝΑΙ ΚΑΤΑ ΔΗΛΩΣΗ ΤΟΥ ΙΔΙΟΚΤΗΤΗ<br /><br />ΑΚΙΝΗΤΑ ΑΠΟΚΛΕΙΣΤΙΚΗΣ ΔΙΑΘΕΣΗΣ ΜΕ ΦΩΤΟΓΡΑΦΙΕΣ ΠΟΥ ΔΙΑΧΕΙΡΙΖΕΤΑΙ Η ΕΤΑΙΡΙΑ ΜΑΣ ΘΑ ΒΡΕΙΤΕ ΣΤΗΝ ΙΣΤΟΣΕΛΙΔΑ ΜΑΣ<br /><br /> ►WEBSITE: www.tzelihome.gr<br /><br /> ✔ ΓΙΑ ΤΗΝ ΚΑΛΥΤΕΡΗ ΕΞΥΠΗΡΕΤΗΣΗ ΣΑΣ ΧΡΗΣΙΜΟΠΟΙΕΙΣΤΕ ΤΟΝ ΚΩΔΙΚΟ ΑΚΙΝΗΤΟΥ ΠΟΥ ΑΝΑΓΡΑΦΕΤΑΙ ΣΤΗΝ ΠΕΡΙΓΡΑΦΗ<br /> ✔ Η ΔΙΕΥΘΥΝΣΗ ΣΤΟΝ ΧΑΡΤΗ ΕΧΕΙ ΤΟΠΟΘΕΤΗΘΕΙ ΚΑΤΑ ΠΡΟΣΕΓΓΙΣΗ<br /> ✔ ΟΙ ΑΚΡΙΒΕΙΣ ΠΛΗΡΟΦΟΡΙΕΣ ΤΗΣ ΔΙΕΥΘΥΝΣΗΣ ΠΑΡΕΧΟΝΤΑΙ ΣΤΗΝ ΥΠΟΔΕΙΞΗ ΤΟΥ ΑΚΙΝΗΤΟΥ<br /><br /> ΜΕΣΙΤΙΚΟ ΓΡΑΦΕΙΟ TZELI HOME<br /> ΥΜΗΤΤΟΥ 41 , ΚΑΙΣΑΡΙΑΝΗ , ΤΚ 16121<br /><br /> ΕΠΙΚΟΙΝΩΝΗΣΤΕ ΜΑΖΙ ΜΑΣ:<br /> ►WEBSITE : www.tzelihome.gr<br /> ►E-MAIL : tzelihome@gmail.com<br /> ►ΚΙΝΗΤΟ : 6906.062.919 <br /> ►ΤΗΛΕΦΩΝΟ : 211.001.4573 & 211.001.4574<br>","7000",,"0","0","6",,,,,,,,,"0","1","2026-07-18","7","10","0","no","no","0","Αθήνα - Νότια Προάστια (Αττική)","Βύρωνας (Αθήνα - Νότια Προάστια)","1","105103","102","2207","106355","Double","1","2","0","0","1","1220414935","https://m2.spitogatos.gr/362296618_1600x1200.jpg?v=20130730","https://m3.spitogatos.gr/362296619_1600x1200.jpg?v=20130730","https://m2.spitogatos.gr/362296621_1600x1200.jpg?v=20130730","https://m3.spitogatos.gr/362296622_1600x1200.jpg?v=20130730","https://m2.spitogatos.gr/362296624_1600x1200.jpg?v=20130730","https://m1.spitogatos.gr/362296626_1600x1200.jpg?v=20130730","https://m2.spitogatos.gr/362296627_1600x1200.jpg?v=20130730","https://m1.spitogatos.gr/362296629_1600x1200.jpg?v=20130730","https://m2.spitogatos.gr/362296630_1600x1200.jpg?v=20130730","https://m3.spitogatos.gr/362296631_1600x1200.jpg?v=20130730","https://m1.spitogatos.gr/362296632_1600x1200.jpg?v=20130730","https://m2.spitogatos.gr/362296633_1600x1200.jpg?v=20130730","https://m3.spitogatos.gr/362296634_1600x1200.jpg?v=20130730","https://m1.spitogatos.gr/362296635_1600x1200.jpg?v=20130730","https://m2.spitogatos.gr/362296636_1600x1200.jpg?v=20130730","https://m3.spitogatos.gr/362296637_1600x1200.jpg?v=20130730","https://m1.spitogatos.gr/362296638_1600x1200.jpg?v=20130730","https://m2.spitogatos.gr/362296639_1600x1200.jpg?v=20130730","https://m1.spitogatos.gr/362296641_1600x1200.jpg?v=20130730","https://m2.spitogatos.gr/362296642_1600x1200.jpg?v=20130730","https://m1.spitogatos.gr/362296644_1600x1200.jpg?v=20130730","https://m2.spitogatos.gr/362296645_1600x1200.jpg?v=20130730","https://m3.spitogatos.gr/362296646_1600x1200.jpg?v=20130730","https://m1.spitogatos.gr/362296647_1600x1200.jpg?v=20130730","https://m2.spitogatos.gr/362296648_1600x1200.jpg?v=20130730","0","0","2","1","37.961361","1","1","23.747589",,"0","0","0","2026-07-24","0","0","0",,"0","2",,"2","1","0","1",,"0","0","0","800",,,"0","0","0","0","6.67",,,"1","3","6","1","1","2026","0","1","3","0","1",,"1","120","1",,"0","1","0","2026-07-18","https://www.spitogatos.gr/en/property/1220414935",,"0",,"1981","_sfP2Tt4R5Y","residential"
"1","1","no","simple","1",,,,,"1","0","0","0","2026-07-02","0","1","1","8","1","0","false","house","0","0",,"0","Κωδικός Ακινήτου: #12324. Βύρωνας, Ανάληψη: Ενοικιάζεται μερικώς ανακαινισμένο διαμπερές Διαμέρισμα 75τ.μ. στον 1ο όροφο χωρίς ασανσέρ, με κεντρική θέρμανση πετρελαίου. Αποτελείται από 2 υπνοδωμάτια, 1 κουζίνα, 1 σαλόνι, και μπάνιο. Είναι κατασκευασμένο το 1970, βαμμένο, κοντά σε ΜΕΣΑ ΜΑΖΙΚΗΣ ΜΕΤΑΦΟΡΑΣ και διαθέτει κουφώματα αλουμινίου με διπλά τζάμια, πόρτα ασφαλείας, κλιματισμό, δάπεδα από πλακάκι & ξύλο, νυχτερινό ρεύμα, τέντες, σίτες, ηλιακό θερμοσίφωνα.. Επιπλέον χαρακτηριστικά: ΗΛΕΚΤΡΙΚΑ ΡΟΛΑ, ΠΑΤΑΡΙ ΑΠΟΘΗΚΕΥΣΗΣ .<br><br />
Τιμή 750€ | Κωδικός Ακινήτου: #12324<br><br />
<br /> ΚΑΤΑ ΤΗΝ ΥΠΟΔΕΙΞΗ ΤΟΥ ΑΚΙΝΗΤΟΥ ΑΠΑΙΤΕΙΤΑΙ ΝΑ ΓΙΝΕΤΑΙ ΕΠΙΔΕΙΞΗ ΤΗΣ ΑΣΤΥΝΟΜΙΚΗΣ ΣΑΣ ΤΑΥΤΟΤΗΤΑΣ ΣΥΜΦΩΝΑ ΜΕ ΤΟΝ Ν.4072/11-04-2012 Φ.Ε.Κ 86Α<br /><br />ΤΑ ΣΤΟΙΧΕΙΑ ΤΩΝ ΑΚΙΝΗΤΩΝ ΕΙΝΑΙ ΚΑΤΑ ΔΗΛΩΣΗ ΤΟΥ ΙΔΙΟΚΤΗΤΗ<br /><br />ΑΚΙΝΗΤΑ ΑΠΟΚΛΕΙΣΤΙΚΗΣ ΔΙΑΘΕΣΗΣ ΜΕ ΦΩΤΟΓΡΑΦΙΕΣ ΠΟΥ ΔΙΑΧΕΙΡΙΖΕΤΑΙ Η ΕΤΑΙΡΙΑ ΜΑΣ ΘΑ ΒΡΕΙΤΕ ΣΤΗΝ ΙΣΤΟΣΕΛΙΔΑ ΜΑΣ<br /><br /> ►WEBSITE: www.tzelihome.gr<br /><br /> ✔ ΓΙΑ ΤΗΝ ΚΑΛΥΤΕΡΗ ΕΞΥΠΗΡΕΤΗΣΗ ΣΑΣ ΧΡΗΣΙΜΟΠΟΙΕΙΣΤΕ ΤΟΝ ΚΩΔΙΚΟ ΑΚΙΝΗΤΟΥ ΠΟΥ ΑΝΑΓΡΑΦΕΤΑΙ ΣΤΗΝ ΠΕΡΙΓΡΑΦΗ<br /> ✔ Η ΔΙΕΥΘΥΝΣΗ ΣΤΟΝ ΧΑΡΤΗ ΕΧΕΙ ΤΟΠΟΘΕΤΗΘΕΙ ΚΑΤΑ ΠΡΟΣΕΓΓΙΣΗ<br /> ✔ ΟΙ ΑΚΡΙΒΕΙΣ ΠΛΗΡΟΦΟΡΙΕΣ ΤΗΣ ΔΙΕΥΘΥΝΣΗΣ ΠΑΡΕΧΟΝΤΑΙ ΣΤΗΝ ΥΠΟΔΕΙΞΗ ΤΟΥ ΑΚΙΝΗΤΟΥ<br /><br /> ΜΕΣΙΤΙΚΟ ΓΡΑΦΕΙΟ TZELI HOME<br /> ΥΜΗΤΤΟΥ 41 , ΚΑΙΣΑΡΙΑΝΗ , ΤΚ 16121<br /><br /> ΕΠΙΚΟΙΝΩΝΗΣΤΕ ΜΑΖΙ ΜΑΣ:<br /> ►WEBSITE : www.tzelihome.gr<br /> ►E-MAIL : tzelihome@gmail.com<br /> ►ΚΙΝΗΤΟ : 6906.062.919 <br /> ►ΤΗΛΕΦΩΝΟ : 211.001.4573 & 211.001.4574<br>","7000",,"0","0","6",,,,,,,,,"0","0","2026-07-02","6","10","0","no","no","0","Αθήνα - Νότια Προάστια (Αττική)","Βύρωνας (Αθήνα - Νότια Προάστια)","1","105103","102","2207","106396","Double","2","1","0","0","1","1220290994","https://m1.spitogatos.gr/360257784_1600x1200.jpg?v=20130730","https://m2.spitogatos.gr/360257788_1600x1200.jpg?v=20130730","https://m1.spitogatos.gr/360257793_1600x1200.jpg?v=20130730","https://m3.spitogatos.gr/360257798_1600x1200.jpg?v=20130730","https://m3.spitogatos.gr/360257801_1600x1200.jpg?v=20130730","https://m2.spitogatos.gr/360257803_1600x1200.jpg?v=20130730","https://m2.spitogatos.gr/360257806_1600x1200.jpg?v=20130730","https://m2.spitogatos.gr/360257809_1600x1200.jpg?v=20130730","https://m1.spitogatos.gr/360257811_1600x1200.jpg?v=20130730","https://m2.spitogatos.gr/360257812_1600x1200.jpg?v=20130730","https://m1.spitogatos.gr/360257814_1600x1200.jpg?v=20130730","https://m3.spitogatos.gr/360257816_1600x1200.jpg?v=20130730","https://m2.spitogatos.gr/360257818_1600x1200.jpg?v=20130730","https://m1.spitogatos.gr/360257820_1600x1200.jpg?v=20130730","https://m2.spitogatos.gr/360257821_1600x1200.jpg?v=20130730","https://m1.spitogatos.gr/360257823_1600x1200.jpg?v=20130730","https://m3.spitogatos.gr/360257825_1600x1200.jpg?v=20130730","https://m1.spitogatos.gr/360257826_1600x1200.jpg?v=20130730","https://m2.spitogatos.gr/360257827_1600x1200.jpg?v=20130730","https://m3.spitogatos.gr/360257828_1600x1200.jpg?v=20130730","https://m1.spitogatos.gr/360257829_1600x1200.jpg?v=20130730","https://m1.spitogatos.gr/360257832_1600x1200.jpg?v=20130730","https://m3.spitogatos.gr/360257834_1600x1200.jpg?v=20130730","https://m2.spitogatos.gr/360257836_1600x1200.jpg?v=20130730","https://m2.spitogatos.gr/360257839_1600x1200.jpg?v=20130730","0","0","2","1","37.96035","1","1","23.758898",,"0","0","0","2026-07-08","0","0","1",,"0","1",,"2","1","0","1",,"0","0","0","750",,,"0","0","0","0","10",,,"1","3","6","1","1","2025","0","1","2","0","1",,"1","75","0",,"0","1","0","2026-07-02","https://www.spitogatos.gr/en/property/1220290994",,"0",,"1970","nT-W58NSETg","residential"
"1","2","no","simple","1",,,,,"1","0","0","0","2026-06-22","1","1","1","8","1","0","false","house","0","30",,"0","ΚΩΔΙΚΟΣ ΑΚΙΝΗΤΟΥ: #12183 | ΒΥΡΩΝΑΣ, ΑΝΑΛΗΨΗ: ΕΝΟΙΚΙΑΖΕΤΑΙ ΠΛΗΡΩΣ ΑΝΑΚΑΙΝΙΣΜΕΝΟ ΔΙΑΜΠΕΡΕΣ ΔΙΑΜΕΡΙΣΜΑ 50Τ.Μ. ΣΤΟΝ 2ο ΟΡΟΦΟ ΜΕ ΑΣΑΝΣΕΡ ΜΕ ΚΕΝΤΡΙΚΗ ΘΕΡΜΑΝΣΗ ΦΥΣΙΚΟΥ ΑΕΡΙΟΥ. ΑΠΟΤΕΛΕΙΤΑΙ ΑΠΟ 1 ΥΠΝΟΔΩΜΑΤΙΟ, 1 ΚΟΥΖΙΝΑ, 1 ΣΑΛΟΝΙ, ΚΑΙ ΜΠΑΝΙΟ. ΕΙΝΑΙ ΠΛΗΡΩΣ ΕΠΙΠΛΩΜΕΝΟ, ΜΕ ΗΛΕΚΤΡΙΚΕΣ ΣΥΣΚΕΥΕΣ, ΚΑΤΑΣΚΕΥΑΣΜΕΝΟ ΤΟ 1970 ΚΑΙ ΔΙΑΘΕΤΕΙ ΚΟΥΦΩΜΑΤΑ ΑΛΟΥΜΙΝΙΟΥ ΜΕ ΔΙΠΛΑ ΤΖΑΜΙΑ, ΠΟΡΤΑ ΑΣΦΑΛΕΙΑΣ,  ΔΑΠΕΔΑ ΑΠΟ ΠΛΑΚΑΚΙ, ΤΕΝΤΕΣ.. ΕΠΙΠΛΕΟΝ ΧΑΡΑΚΤΗΡΙΣΤΙΚΑ: ΘΥΡΟΤΗΛΕΟΡΑΣΗ.<br><br />
 <br><br />
 <br><br />
ΤΙΜΗ 720€ | ΚΩΔΙΚΟΣ ΑΚΙΝΗΤΟΥ: #12183<br><br />
 <br><br />
 <br><br />
ΚΑΤΑ ΤΗΝ ΥΠΟΔΕΙΞΗ ΤΟΥ ΑΚΙΝΗΤΟΥ ΑΠΑΙΤΕΙΤΑΙ ΝΑ ΓΙΝΕΤΑΙ ΕΠΙΔΕΙΞΗ ΤΗΣ ΑΣΤΥΝΟΜΙΚΗΣ ΣΑΣ ΤΑΥΤΟΤΗΤΑΣ ΣΥΜΦΩΝΑ ΜΕ ΤΟΝ Ν.4072/11-04-2012 Φ.Ε.Κ 86Α<br /><br />ΤΑ ΣΤΟΙΧΕΙΑ ΤΩΝ ΑΚΙΝΗΤΩΝ ΕΙΝΑΙ ΚΑΤΑ ΔΗΛΩΣΗ ΤΟΥ ΙΔΙΟΚΤΗΤΗ<br /><br />ΑΚΙΝΗΤΑ ΑΠΟΚΛΕΙΣΤΙΚΗΣ ΔΙΑΘΕΣΗΣ ΜΕ ΦΩΤΟΓΡΑΦΙΕΣ ΠΟΥ ΔΙΑΧΕΙΡΙΖΕΤΑΙ Η ΕΤΑΙΡΙΑ ΜΑΣ ΘΑ ΒΡΕΙΤΕ ΣΤΗΝ ΙΣΤΟΣΕΛΙΔΑ ΜΑΣ<br /><br /> ►WEBSITE: WWW.TZELIHOME.GR<br /><br /> ✔ ΓΙΑ ΤΗΝ ΚΑΛΥΤΕΡΗ ΕΞΥΠΗΡΕΤΗΣΗ ΣΑΣ ΧΡΗΣΙΜΟΠΟΙΕΙΣΤΕ ΤΟΝ ΚΩΔΙΚΟ ΑΚΙΝΗΤΟΥ ΠΟΥ ΑΝΑΓΡΑΦΕΤΑΙ ΣΤΗΝ ΠΕΡΙΓΡΑΦΗ<br /> ✔ Η ΔΙΕΥΘΥΝΣΗ ΣΤΟΝ ΧΑΡΤΗ ΕΧΕΙ ΤΟΠΟΘΕΤΗΘΕΙ ΚΑΤΑ ΠΡΟΣΕΓΓΙΣΗ<br /> ✔ ΟΙ ΑΚΡΙΒΕΙΣ ΠΛΗΡΟΦΟΡΙΕΣ ΤΗΣ ΔΙΕΥΘΥΝΣΗΣ ΠΑΡΕΧΟΝΤΑΙ ΣΤΗΝ ΥΠΟΔΕΙΞΗ ΤΟΥ ΑΚΙΝΗΤΟΥ<br /><br /> ΜΕΣΙΤΙΚΟ ΓΡΑΦΕΙΟ TZELI HOME<br /> ΥΜΗΤΤΟΥ 41 , ΚΑΙΣΑΡΙΑΝΗ , ΤΚ 16121<br /><br /> ΕΠΙΚΟΙΝΩΝΗΣΤΕ ΜΑΖΙ ΜΑΣ:<br /> ►WEBSITE : WWW.TZELIHOME.GR<br /> ►E-MAIL : TZELIHOME@GMAIL.COM<br /> ►ΚΙΝΗΤΟ : 6906.062.919 <br /> ►ΤΗΛΕΦΩΝΟ : 211.001.4573 & 211.001.4574<br>","8000",,"0","1","6",,,,,,,,,"1","0","2026-06-22","7","4","0","yes","no","0","Αθήνα - Νότια Προάστια (Αττική)","Βύρωνας (Αθήνα - Νότια Προάστια)","1","105103","102","2207","106396","Double","2","2","0","0","1","1220176656","https://m2.spitogatos.gr/358386220_1600x1200.jpg?v=20130730","https://m1.spitogatos.gr/358386222_1600x1200.jpg?v=20130730","https://m1.spitogatos.gr/358386225_1600x1200.jpg?v=20130730","https://m3.spitogatos.gr/358386227_1600x1200.jpg?v=20130730","https://m2.spitogatos.gr/358386229_1600x1200.jpg?v=20130730","https://m2.spitogatos.gr/358386232_1600x1200.jpg?v=20130730","https://m1.spitogatos.gr/358386234_1600x1200.jpg?v=20130730","https://m2.spitogatos.gr/358386235_1600x1200.jpg?v=20130730","https://m3.spitogatos.gr/358386239_1600x1200.jpg?v=20130730","https://m3.spitogatos.gr/358386242_1600x1200.jpg?v=20130730","https://m3.spitogatos.gr/358386245_1600x1200.jpg?v=20130730","https://m1.spitogatos.gr/358386249_1600x1200.jpg?v=20130730","https://m3.spitogatos.gr/358386251_1600x1200.jpg?v=20130730","https://m1.spitogatos.gr/358386255_1600x1200.jpg?v=20130730","https://m3.spitogatos.gr/358386257_1600x1200.jpg?v=20130730","https://m2.spitogatos.gr/358386262_1600x1200.jpg?v=20130730","https://m3.spitogatos.gr/358386266_1600x1200.jpg?v=20130730","https://m2.spitogatos.gr/358386271_1600x1200.jpg?v=20130730","https://m3.spitogatos.gr/358386278_1600x1200.jpg?v=20130730","https://m3.spitogatos.gr/358386284_1600x1200.jpg?v=20130730","https://m3.spitogatos.gr/358386293_1600x1200.jpg?v=20130730","https://m1.spitogatos.gr/358386300_1600x1200.jpg?v=20130730","https://m2.spitogatos.gr/358386307_1600x1200.jpg?v=20130730","https://m2.spitogatos.gr/358386313_1600x1200.jpg?v=20130730","https://m2.spitogatos.gr/358386319_1600x1200.jpg?v=20130730","0","0","2","1","37.962765","1","1","23.755928",,"0","0","0","2026-06-25","0","0","0",,"0","1",,"11","0","0","0",,"0","0","0","720",,,"0","0","0","0","14.4",,,"1","3","6","1","1","2021","0","1","1","0","1",,"0","50","0",,"0","1","0","2026-06-22","https://www.spitogatos.gr/en/property/1220176656",,"0",,"1970","R2qwgBmBYaw","residential"
"1","2","no","simple","1",,,,,"1","0","0","0","2026-06-04","0","0","0","8","1","0","false","house","0","0",,"0","Κωδικός Ακινήτου: #11971.<br><br />
Στο Νέο Παγκράτι Βύρωνα, σε ήσυχη και ιδιαίτερα εξυπηρετούμενη τοποθεσία με άμεση πρόσβαση στο κέντρο και σε όλες τις καθημερινές ανάγκες, διατίθεται προς ενοικίαση μερικώς ανακαινισμένο, διαμπερές διαμέρισμα 105 τ.μ., στον 2ο όροφο πολυκατοικίας με ανελκυστήρα. Πρόκειται για μια ευρύχωρη και φωτεινή κατοικία που προσφέρει άνετους χώρους και εξαιρετική λειτουργικότητα, ιδανική για οικογένειες, ζευγάρια ή επαγγελματίες που αναζητούν ποιοτική διαβίωση σε μια από τις πιο δημοφιλείς περιοχές της Αθήνας. Το διαμέρισμα αποτελείται από δύο άνετα υπνοδωμάτια, ευρύχωρο σαλόνι, ανεξάρτητη κουζίνα και μπάνιο, ενώ η διαμπερής του διάταξη εξασφαλίζει άφθονο φυσικό φωτισμό και εξαιρετικό αερισμό καθ’ όλη τη διάρκεια της ημέρας. Διαθέτει αυτόνομη θέρμανση πετρελαίου, κλιματισμό, κουφώματα αλουμινίου, πόρτα ασφαλείας, ηλεκτρικά ρολά και δάπεδα από μάρμαρο και ξύλο που προσδίδουν διαχρονική αισθητική και ζεστασιά στους χώρους. Επιπλέον, το πατάρι αποθήκευσης προσφέρει σημαντικό επιπλέον αποθηκευτικό χώρο, ενισχύοντας την πρακτικότητα της κατοικίας. Μια εξαιρετική πρόταση για όσους επιθυμούν να συνδυάσουν άνεση, ευρύχωρους χώρους και προνομιακή τοποθεσία σε μια γειτονιά με άμεση πρόσβαση στο κέντρο της πόλης.<br><br />
 <br><br />
Τιμή μίσθωσης: 750€ | Κωδικός Ακινήτου: #11971.<br><br />
ΚΑΤΑ ΤΗΝ ΥΠΟΔΕΙΞΗ ΤΟΥ ΑΚΙΝΗΤΟΥ ΑΠΑΙΤΕΙΤΑΙ ΝΑ ΓΙΝΕΤΑΙ ΕΠΙΔΕΙΞΗ ΤΗΣ ΑΣΤΥΝΟΜΙΚΗΣ ΣΑΣ ΤΑΥΤΟΤΗΤΑΣ ΣΥΜΦΩΝΑ ΜΕ ΤΟΝ Ν.4072/11-04-2012 Φ.Ε.Κ 86Α<br /><br />ΤΑ ΣΤΟΙΧΕΙΑ ΤΩΝ ΑΚΙΝΗΤΩΝ ΕΙΝΑΙ ΚΑΤΑ ΔΗΛΩΣΗ ΤΟΥ ΙΔΙΟΚΤΗΤΗ<br /><br />ΑΚΙΝΗΤΑ ΑΠΟΚΛΕΙΣΤΙΚΗΣ ΔΙΑΘΕΣΗΣ ΜΕ ΦΩΤΟΓΡΑΦΙΕΣ ΠΟΥ ΔΙΑΧΕΙΡΙΖΕΤΑΙ Η ΕΤΑΙΡΙΑ ΜΑΣ ΘΑ ΒΡΕΙΤΕ ΣΤΗΝ ΙΣΤΟΣΕΛΙΔΑ ΜΑΣ<br /><br /> ►WEBSITE: www.tzelihome.gr<br /><br /> ✔ ΓΙΑ ΤΗΝ ΚΑΛΥΤΕΡΗ ΕΞΥΠΗΡΕΤΗΣΗ ΣΑΣ ΧΡΗΣΙΜΟΠΟΙΕΙΣΤΕ ΤΟΝ ΚΩΔΙΚΟ ΑΚΙΝΗΤΟΥ ΠΟΥ ΑΝΑΓΡΑΦΕΤΑΙ ΣΤΗΝ ΠΕΡΙΓΡΑΦΗ<br /> ✔ Η ΔΙΕΥΘΥΝΣΗ ΣΤΟΝ ΧΑΡΤΗ ΕΧΕΙ ΤΟΠΟΘΕΤΗΘΕΙ ΚΑΤΑ ΠΡΟΣΕΓΓΙΣΗ<br /> ✔ ΟΙ ΑΚΡΙΒΕΙΣ ΠΛΗΡΟΦΟΡΙΕΣ ΤΗΣ ΔΙΕΥΘΥΝΣΗΣ ΠΑΡΕΧΟΝΤΑΙ ΣΤΗΝ ΥΠΟΔΕΙΞΗ ΤΟΥ ΑΚΙΝΗΤΟΥ<br /><br /> ΜΕΣΙΤΙΚΟ ΓΡΑΦΕΙΟ TZELI HOME<br /> ΥΜΗΤΤΟΥ 41 , ΚΑΙΣΑΡΙΑΝΗ , ΤΚ 16121<br /><br /> ΕΠΙΚΟΙΝΩΝΗΣΤΕ ΜΑΖΙ ΜΑΣ:<br /> ►WEBSITE : www.tzelihome.gr<br /> ►E-MAIL : tzelihome@gmail.com<br /> ►ΚΙΝΗΤΟ : 6906.062.919 <br /> ►ΤΗΛΕΦΩΝΟ : 211.001.4573 & 211.001.4574<br>","8000",,"0","1","7",,,,,,,,,"0","0","2026-06-04","7","6","0","no","no","0","Αθήνα - Νότια Προάστια (Αττική)","Βύρωνας (Αθήνα - Νότια Προάστια)","1","105103","102","2207","106355","Single","1","1","0","0","1","1220005381","https://m3.spitogatos.gr/355600169_1600x1200.jpg?v=20130730","https://m3.spitogatos.gr/355600172_1600x1200.jpg?v=20130730","https://m1.spitogatos.gr/355600173_1600x1200.jpg?v=20130730","https://m1.spitogatos.gr/355600176_1600x1200.jpg?v=20130730","https://m2.spitogatos.gr/355600177_1600x1200.jpg?v=20130730","https://m1.spitogatos.gr/355600179_1600x1200.jpg?v=20130730","https://m3.spitogatos.gr/355600181_1600x1200.jpg?v=20130730","https://m3.spitogatos.gr/355600184_1600x1200.jpg?v=20130730","https://m2.spitogatos.gr/355600186_1600x1200.jpg?v=20130730","https://m3.spitogatos.gr/355600190_1600x1200.jpg?v=20130730","https://m2.spitogatos.gr/355600192_1600x1200.jpg?v=20130730","https://m1.spitogatos.gr/355600194_1600x1200.jpg?v=20130730","https://m1.spitogatos.gr/355600197_1600x1200.jpg?v=20130730","https://m2.spitogatos.gr/355600201_1600x1200.jpg?v=20130730","https://m2.spitogatos.gr/355600204_1600x1200.jpg?v=20130730","https://m3.spitogatos.gr/355600208_1600x1200.jpg?v=20130730","https://m3.spitogatos.gr/355600211_1600x1200.jpg?v=20130730","https://m2.spitogatos.gr/355600216_1600x1200.jpg?v=20130730","https://m1.spitogatos.gr/355600218_1600x1200.jpg?v=20130730","https://m2.spitogatos.gr/355600222_1600x1200.jpg?v=20130730","https://m2.spitogatos.gr/355600225_1600x1200.jpg?v=20130730","https://m2.spitogatos.gr/355600228_1600x1200.jpg?v=20130730","https://m1.spitogatos.gr/355600230_1600x1200.jpg?v=20130730","https://m2.spitogatos.gr/355600234_1600x1200.jpg?v=20130730","https://m3.spitogatos.gr/355600238_1600x1200.jpg?v=20130730","0","0","2","1","37.962524","1","1","23.747759",,"0","0","0","2026-06-04","0","0","0",,"0","1",,"11","0","0","0",,"0","0","0","750",,,"0","0","0","0","7.14",,,"1","3","6","1","1","2006","0","1","2","0","1",,"0","105","0",,"0","1","0","2026-06-04","https://www.spitogatos.gr/en/property/1220005381",,"0",,"1978","MfP8Lha8Ets","residential"
"0","1","no","simple","1",,,,,"1","0","0","0","2026-05-26","0","1","1","10","1","0","false","house","0","0",,"0","Κωδικός Ακινήτου: #11805<br><br />
Στην ιδιαίτερα προνομιακή και καταπράσινη περιοχή του Καρέα στον Βύρωνα, διατίθεται προς ενοικίαση ένα εξαιρετικό, πλήρως ανακαινισμένο διαμέρισμα 108 τ.μ., στον 1ο όροφο σύγχρονης και προσεγμένης πολυκατοικίας με ασανσέρ. Το ακίνητο είναι διαμπερές, ιδιαίτερα φωτεινό και προσφέρει όμορφη ανοιχτή θέα, συνδυάζοντας άνεση, λειτουργικότητα και υψηλή ποιότητα διαβίωσης σε μια ήσυχη τοποθεσία με εύκολη πρόσβαση στο κέντρο της Αθήνας. Αποτελείται από δύο ευρύχωρα υπνοδωμάτια, άνετο σαλόνι με τζάκι, λειτουργική κουζίνα και δύο μοντέρνα μπάνια, καλύπτοντας ιδανικά τις ανάγκες μιας οικογένειας ή επαγγελματιών που αναζητούν ποιοτική κατοικία. Διαθέτει αυτόνομη θέρμανση πετρελαίου, ηλιακό θερμοσίφωνα, κουφώματα αλουμινίου με διπλά τζάμια, ηλεκτρικά ρολά, σίτες, τέντες και πόρτα ασφαλείας, προσφέροντας υψηλό επίπεδο άνεσης και ενεργειακής απόδοσης. Τα δάπεδα από ξύλο και πλακάκι χαρίζουν κομψότητα στους χώρους, ενώ η εξωτερική θέση στάθμευσης και το πρακτικό πατάρι αποθήκευσης αποτελούν σημαντικά επιπλέον πλεονεκτήματα. Μία εξαιρετική επιλογή για όσους επιθυμούν ένα ποιοτικό και ευρύχωρο διαμέρισμα σε μία από τις πιο όμορφες περιοχές των νοτίων προαστίων.<br><br />
 <br><br />
Τιμή ενοικίασης: 1.200€ | Κωδικός Ακινήτου: #11805<br><br />
<br /> ΚΑΤΑ ΤΗΝ ΥΠΟΔΕΙΞΗ ΤΟΥ ΑΚΙΝΗΤΟΥ ΑΠΑΙΤΕΙΤΑΙ ΝΑ ΓΙΝΕΤΑΙ ΕΠΙΔΕΙΞΗ ΤΗΣ ΑΣΤΥΝΟΜΙΚΗΣ ΣΑΣ ΤΑΥΤΟΤΗΤΑΣ ΣΥΜΦΩΝΑ ΜΕ ΤΟΝ Ν.4072/11-04-2012 Φ.Ε.Κ 86Α<br /><br />ΤΑ ΣΤΟΙΧΕΙΑ ΤΩΝ ΑΚΙΝΗΤΩΝ ΕΙΝΑΙ ΚΑΤΑ ΔΗΛΩΣΗ ΤΟΥ ΙΔΙΟΚΤΗΤΗ<br /><br />ΑΚΙΝΗΤΑ ΑΠΟΚΛΕΙΣΤΙΚΗΣ ΔΙΑΘΕΣΗΣ ΜΕ ΦΩΤΟΓΡΑΦΙΕΣ ΠΟΥ ΔΙΑΧΕΙΡΙΖΕΤΑΙ Η ΕΤΑΙΡΙΑ ΜΑΣ ΘΑ ΒΡΕΙΤΕ ΣΤΗΝ ΙΣΤΟΣΕΛΙΔΑ ΜΑΣ<br /><br /> ►WEBSITE: www.tzelihome.gr<br /><br /> ✔ ΓΙΑ ΤΗΝ ΚΑΛΥΤΕΡΗ ΕΞΥΠΗΡΕΤΗΣΗ ΣΑΣ ΧΡΗΣΙΜΟΠΟΙΕΙΣΤΕ ΤΟΝ ΚΩΔΙΚΟ ΑΚΙΝΗΤΟΥ ΠΟΥ ΑΝΑΓΡΑΦΕΤΑΙ ΣΤΗΝ ΠΕΡΙΓΡΑΦΗ<br /> ✔ Η ΔΙΕΥΘΥΝΣΗ ΣΤΟΝ ΧΑΡΤΗ ΕΧΕΙ ΤΟΠΟΘΕΤΗΘΕΙ ΚΑΤΑ ΠΡΟΣΕΓΓΙΣΗ<br /> ✔ ΟΙ ΑΚΡΙΒΕΙΣ ΠΛΗΡΟΦΟΡΙΕΣ ΤΗΣ ΔΙΕΥΘΥΝΣΗΣ ΠΑΡΕΧΟΝΤΑΙ ΣΤΗΝ ΥΠΟΔΕΙΞΗ ΤΟΥ ΑΚΙΝΗΤΟΥ<br /><br /> ΜΕΣΙΤΙΚΟ ΓΡΑΦΕΙΟ TZELI HOME<br /> ΥΜΗΤΤΟΥ 41 , ΚΑΙΣΑΡΙΑΝΗ , ΤΚ 16121<br /><br /> ΕΠΙΚΟΙΝΩΝΗΣΤΕ ΜΑΖΙ ΜΑΣ:<br /> ►WEBSITE : www.tzelihome.gr<br /> ►E-MAIL : tzelihome@gmail.com<br /> ►ΚΙΝΗΤΟ : 6906.062.919 <br /> ►ΤΗΛΕΦΩΝΟ : 211.001.4573 & 211.001.4574<br>","8000",,"0","1","5",,,,,,,,,"0","1","2026-05-26","6","10","0","no","yes","0","Αθήνα - Νότια Προάστια (Αττική)","Βύρωνας (Αθήνα - Νότια Προάστια)","1","105103","102","2207","123171","Double","1","1","0","0","1","1219955124","https://m1.spitogatos.gr/355492440_1600x1200.jpg?v=20130730","https://m1.spitogatos.gr/355492443_1600x1200.jpg?v=20130730","https://m3.spitogatos.gr/355492445_1600x1200.jpg?v=20130730","https://m3.spitogatos.gr/355492448_1600x1200.jpg?v=20130730","https://m3.spitogatos.gr/355492451_1600x1200.jpg?v=20130730","https://m3.spitogatos.gr/355492454_1600x1200.jpg?v=20130730","https://m2.spitogatos.gr/355492456_1600x1200.jpg?v=20130730","https://m1.spitogatos.gr/355492458_1600x1200.jpg?v=20130730","https://m3.spitogatos.gr/355492460_1600x1200.jpg?v=20130730","https://m1.spitogatos.gr/355492461_1600x1200.jpg?v=20130730","https://m2.spitogatos.gr/355492462_1600x1200.jpg?v=20130730","https://m1.spitogatos.gr/355492464_1600x1200.jpg?v=20130730","https://m2.spitogatos.gr/355492465_1600x1200.jpg?v=20130730","https://m1.spitogatos.gr/355492467_1600x1200.jpg?v=20130730","https://m2.spitogatos.gr/355492468_1600x1200.jpg?v=20130730","https://m2.spitogatos.gr/355492471_1600x1200.jpg?v=20130730","https://m2.spitogatos.gr/355492474_1600x1200.jpg?v=20130730","https://m1.spitogatos.gr/355492476_1600x1200.jpg?v=20130730","https://m3.spitogatos.gr/355492478_1600x1200.jpg?v=20130730","https://m2.spitogatos.gr/355492480_1600x1200.jpg?v=20130730","https://m1.spitogatos.gr/355492482_1600x1200.jpg?v=20130730","https://m3.spitogatos.gr/355492484_1600x1200.jpg?v=20130730","https://m2.spitogatos.gr/355492486_1600x1200.jpg?v=20130730","https://m1.spitogatos.gr/355492488_1600x1200.jpg?v=20130730","https://m2.spitogatos.gr/355492492_1600x1200.jpg?v=20130730","0","0","2","1","37.946476","1","1","23.770294",,"0","0","0","2026-07-23","0","0","0",,"0","2",,"11","0","0","1",,"0","0","0","1200",,,"0","0","0","0","11.11",,,"1","3","6","1","1","2010","0","1","2","0","1",,"1","108","0",,"0","1","0","2026-05-26","https://www.spitogatos.gr/en/property/1219955124",,"1",,"2005","fb8myBpOLMM","residential"
"1","Upper Ground","no","simple","1",,,,,"0","0","0","0","2026-05-23","0","0","0","2","1","0","false","house","0","0",,"0","Κωδικός Ακινήτου: #11768  Βύρωνας, Ανάληψη: Ενοικιάζεται πλήρως ανακαινισμένο studio 28 τ.μ. σε ημιώροφο, ιδανικό για φοιτητές, εργαζόμενους ή όσους αναζητούν έναν σύγχρονο και λειτουργικό χώρο κοντά στο κέντρο της πόλης. Το ακίνητο είναι μερικώς επιπλωμένο και διαθέτει άνετο χώρο ύπνου, λειτουργική κουζίνα και ανακαινισμένο μπάνιο, προσφέροντας πρακτικότητα και άνεση στην καθημερινή διαβίωση. Είναι πρόσφατα βαμμένο και εξοπλισμένο με κουφώματα αλουμινίου με διπλά τζάμια, ηλεκτρικά ρολά, πόρτα ασφαλείας και κλιματισμό, εξασφαλίζοντας ασφάλεια, ησυχία και ενεργειακή απόδοση. Τα δάπεδα από πλακάκι προσφέρουν εύκολη συντήρηση και μοντέρνα αισθητική, ενώ το πατάρι αποθήκευσης ενισχύει σημαντικά τη λειτουργικότητα του χώρου. Μεγάλο πλεονέκτημα αποτελεί το γεγονός ότι επιτρέπονται κατοικίδια, καθιστώντας το ακίνητο ιδανική επιλογή για όσους επιθυμούν να συνδυάσουν άνεση και ευελιξία σε μια ιδιαίτερα εξυπηρετική τοποθεσία κοντά στο κέντρο.<br><br />
 <br><br />
 <br><br />
Τιμή 480€ | Κωδικός Ακινήτου: #11768<br><br />
 <br><br />
<br /> ΚΑΤΑ ΤΗΝ ΥΠΟΔΕΙΞΗ ΤΟΥ ΑΚΙΝΗΤΟΥ ΑΠΑΙΤΕΙΤΑΙ ΝΑ ΓΙΝΕΤΑΙ ΕΠΙΔΕΙΞΗ ΤΗΣ ΑΣΤΥΝΟΜΙΚΗΣ ΣΑΣ ΤΑΥΤΟΤΗΤΑΣ ΣΥΜΦΩΝΑ ΜΕ ΤΟΝ Ν.4072/11-04-2012 Φ.Ε.Κ 86Α<br /><br />ΤΑ ΣΤΟΙΧΕΙΑ ΤΩΝ ΑΚΙΝΗΤΩΝ ΕΙΝΑΙ ΚΑΤΑ ΔΗΛΩΣΗ ΤΟΥ ΙΔΙΟΚΤΗΤΗ<br /><br />ΑΚΙΝΗΤΑ ΑΠΟΚΛΕΙΣΤΙΚΗΣ ΔΙΑΘΕΣΗΣ ΜΕ ΦΩΤΟΓΡΑΦΙΕΣ ΠΟΥ ΔΙΑΧΕΙΡΙΖΕΤΑΙ Η ΕΤΑΙΡΙΑ ΜΑΣ ΘΑ ΒΡΕΙΤΕ ΣΤΗΝ ΙΣΤΟΣΕΛΙΔΑ ΜΑΣ<br /><br /> ►WEBSITE: www.tzelihome.gr<br /><br /> ✔ ΓΙΑ ΤΗΝ ΚΑΛΥΤΕΡΗ ΕΞΥΠΗΡΕΤΗΣΗ ΣΑΣ ΧΡΗΣΙΜΟΠΟΙΕΙΣΤΕ ΤΟΝ ΚΩΔΙΚΟ ΑΚΙΝΗΤΟΥ ΠΟΥ ΑΝΑΓΡΑΦΕΤΑΙ ΣΤΗΝ ΠΕΡΙΓΡΑΦΗ<br /> ✔ Η ΔΙΕΥΘΥΝΣΗ ΣΤΟΝ ΧΑΡΤΗ ΕΧΕΙ ΤΟΠΟΘΕΤΗΘΕΙ ΚΑΤΑ ΠΡΟΣΕΓΓΙΣΗ<br /> ✔ ΟΙ ΑΚΡΙΒΕΙΣ ΠΛΗΡΟΦΟΡΙΕΣ ΤΗΣ ΔΙΕΥΘΥΝΣΗΣ ΠΑΡΕΧΟΝΤΑΙ ΣΤΗΝ ΥΠΟΔΕΙΞΗ ΤΟΥ ΑΚΙΝΗΤΟΥ<br /><br /> ΜΕΣΙΤΙΚΟ ΓΡΑΦΕΙΟ TZELI HOME<br /> ΥΜΗΤΤΟΥ 41 , ΚΑΙΣΑΡΙΑΝΗ , ΤΚ 16121<br /><br /> ΕΠΙΚΟΙΝΩΝΗΣΤΕ ΜΑΖΙ ΜΑΣ:<br /> ►WEBSITE : www.tzelihome.gr<br /> ►E-MAIL : tzelihome@gmail.com<br /> ►ΚΙΝΗΤΟ : 6906.062.919 <br /> ►ΤΗΛΕΦΩΝΟ : 211.001.4573 & 211.001.4574<br>","8000",,"0","0","1",,,,,,,,,"0","0","2026-05-23","4","4","0","yes","no","0","Αθήνα - Νότια Προάστια (Αττική)","Βύρωνας (Αθήνα - Νότια Προάστια)","1","105103","102","2207","106396","Double","1","4","0","0","1","1219940305","https://m1.spitogatos.gr/354421503_1600x1200.jpg?v=20130730","https://m2.spitogatos.gr/354421504_1600x1200.jpg?v=20130730","https://m3.spitogatos.gr/354421505_1600x1200.jpg?v=20130730","https://m1.spitogatos.gr/354421506_1600x1200.jpg?v=20130730","https://m2.spitogatos.gr/354421507_1600x1200.jpg?v=20130730","https://m3.spitogatos.gr/354421508_1600x1200.jpg?v=20130730","https://m1.spitogatos.gr/354421509_1600x1200.jpg?v=20130730","https://m2.spitogatos.gr/354421510_1600x1200.jpg?v=20130730","https://m3.spitogatos.gr/354421511_1600x1200.jpg?v=20130730","https://m1.spitogatos.gr/354421512_1600x1200.jpg?v=20130730","https://m2.spitogatos.gr/354421513_1600x1200.jpg?v=20130730","https://m3.spitogatos.gr/354421514_1600x1200.jpg?v=20130730","https://m1.spitogatos.gr/354421515_1600x1200.jpg?v=20130730","https://m2.spitogatos.gr/354421516_1600x1200.jpg?v=20130730","https://m3.spitogatos.gr/354421517_1600x1200.jpg?v=20130730","https://m1.spitogatos.gr/354421518_1600x1200.jpg?v=20130730","https://m2.spitogatos.gr/354421519_1600x1200.jpg?v=20130730","https://m3.spitogatos.gr/354421520_1600x1200.jpg?v=20130730","https://m1.spitogatos.gr/354421521_1600x1200.jpg?v=20130730","https://m2.spitogatos.gr/354421522_1600x1200.jpg?v=20130730","https://m3.spitogatos.gr/354421523_1600x1200.jpg?v=20130730","https://m1.spitogatos.gr/354421524_1600x1200.jpg?v=20130730","https://m2.spitogatos.gr/354421525_1600x1200.jpg?v=20130730","https://m3.spitogatos.gr/354421526_1600x1200.jpg?v=20130730","https://m1.spitogatos.gr/354421527_1600x1200.jpg?v=20130730","0","0","2","1","37.960274","1","0","23.758268",,"0","0","0","2026-07-13","0","0","0",,"0","1",,"5","1","0","0","1","0","0","0","480",,,"0","0","0","0","17.14",,,"1","3","6","1","1","2023","0","1","1","0","1",,"0","28","0",,"0","2","0","2026-05-23","https://www.spitogatos.gr/en/property/1219940305",,"0",,"1978","RL49XqacHzI","residential"
"1","Ground Floor","no","simple","1",,,,,"0","0","0","0","2026-05-21","0","0","0","1","1","0","false","house","0","0",,"0","Κωδικός Ακινήτου #11725 – Στον Βύρωνα, στην περιοχή Ανάληψη, διατίθεται προς ενοικίαση πλήρως ανακαινισμένο διαμέρισμα 45 τ.μ. ισογείου, σε ιδιαίτερα προνομιακή τοποθεσία κοντά σε μέσα μαζικής μεταφοράς. Το ακίνητο αποτελείται από ένα άνετο υπνοδωμάτιο, φωτεινό σαλόνι, λειτουργική κουζίνα και μπάνιο, προσφέροντας άνεση και πρακτική διαρρύθμιση. Είναι κατασκευής 2000, φρεσκοβαμμένο και διαθέτει αυτόνομη θέρμανση πετρελαίου, κλιματισμό, κουφώματα αλουμινίου με διπλά τζάμια, πόρτα ασφαλείας και δάπεδα από πλακάκι. Επιπλέον, διαθέτει πατάρι αποθήκευσης για μεγαλύτερη λειτουργικότητα, ενώ επιτρέπονται και τα κατοικίδια. Ιδανική επιλογή για όσους αναζητούν ένα ανακαινισμένο και άνετο σπίτι σε εξαιρετική τοποθεσία.<br><br />
Τιμή ενοικίασης: 600€. Κωδικός Ακινήτου: #11725.<br><br />
<br /> ΚΑΤΑ ΤΗΝ ΥΠΟΔΕΙΞΗ ΤΟΥ ΑΚΙΝΗΤΟΥ ΑΠΑΙΤΕΙΤΑΙ ΝΑ ΓΙΝΕΤΑΙ ΕΠΙΔΕΙΞΗ ΤΗΣ ΑΣΤΥΝΟΜΙΚΗΣ ΣΑΣ ΤΑΥΤΟΤΗΤΑΣ ΣΥΜΦΩΝΑ ΜΕ ΤΟΝ Ν.4072/11-04-2012 Φ.Ε.Κ 86Α<br /><br />ΤΑ ΣΤΟΙΧΕΙΑ ΤΩΝ ΑΚΙΝΗΤΩΝ ΕΙΝΑΙ ΚΑΤΑ ΔΗΛΩΣΗ ΤΟΥ ΙΔΙΟΚΤΗΤΗ<br /><br />ΑΚΙΝΗΤΑ ΑΠΟΚΛΕΙΣΤΙΚΗΣ ΔΙΑΘΕΣΗΣ ΜΕ ΦΩΤΟΓΡΑΦΙΕΣ ΠΟΥ ΔΙΑΧΕΙΡΙΖΕΤΑΙ Η ΕΤΑΙΡΙΑ ΜΑΣ ΘΑ ΒΡΕΙΤΕ ΣΤΗΝ ΙΣΤΟΣΕΛΙΔΑ ΜΑΣ<br /><br /> ►WEBSITE: www.tzelihome.gr<br /><br /> ✔ ΓΙΑ ΤΗΝ ΚΑΛΥΤΕΡΗ ΕΞΥΠΗΡΕΤΗΣΗ ΣΑΣ ΧΡΗΣΙΜΟΠΟΙΕΙΣΤΕ ΤΟΝ ΚΩΔΙΚΟ ΑΚΙΝΗΤΟΥ ΠΟΥ ΑΝΑΓΡΑΦΕΤΑΙ ΣΤΗΝ ΠΕΡΙΓΡΑΦΗ<br /> ✔ Η ΔΙΕΥΘΥΝΣΗ ΣΤΟΝ ΧΑΡΤΗ ΕΧΕΙ ΤΟΠΟΘΕΤΗΘΕΙ ΚΑΤΑ ΠΡΟΣΕΓΓΙΣΗ<br /> ✔ ΟΙ ΑΚΡΙΒΕΙΣ ΠΛΗΡΟΦΟΡΙΕΣ ΤΗΣ ΔΙΕΥΘΥΝΣΗΣ ΠΑΡΕΧΟΝΤΑΙ ΣΤΗΝ ΥΠΟΔΕΙΞΗ ΤΟΥ ΑΚΙΝΗΤΟΥ<br /><br /> ΜΕΣΙΤΙΚΟ ΓΡΑΦΕΙΟ TZELI HOME<br /> ΥΜΗΤΤΟΥ 41 , ΚΑΙΣΑΡΙΑΝΗ , ΤΚ 16121<br /><br /> ΕΠΙΚΟΙΝΩΝΗΣΤΕ ΜΑΖΙ ΜΑΣ:<br /> ►WEBSITE : www.tzelihome.gr<br /> ►E-MAIL : tzelihome@gmail.com<br /> ►ΚΙΝΗΤΟ : 6906.062.919 <br /> ►ΤΗΛΕΦΩΝΟ : 211.001.4573 & 211.001.4574<br>","8000",,"0","0","5",,,,,,,,,"0","0","2026-05-21","3","4","0","no","no","0","Αθήνα - Νότια Προάστια (Αττική)","Βύρωνας (Αθήνα - Νότια Προάστια)","1","105103","102","2207","106396","Double","1","1","0","0","1","1219927520","https://m3.spitogatos.gr/355039586_1600x1200.jpg?v=20130730","https://m3.spitogatos.gr/355039589_1600x1200.jpg?v=20130730","https://m1.spitogatos.gr/355039593_1600x1200.jpg?v=20130730","https://m2.spitogatos.gr/355039597_1600x1200.jpg?v=20130730","https://m2.spitogatos.gr/355039603_1600x1200.jpg?v=20130730","https://m1.spitogatos.gr/355039608_1600x1200.jpg?v=20130730","https://m2.spitogatos.gr/355039612_1600x1200.jpg?v=20130730","https://m3.spitogatos.gr/355039616_1600x1200.jpg?v=20130730","https://m3.spitogatos.gr/355039619_1600x1200.jpg?v=20130730","https://m2.spitogatos.gr/355039624_1600x1200.jpg?v=20130730","https://m1.spitogatos.gr/355039629_1600x1200.jpg?v=20130730","https://m2.spitogatos.gr/355039633_1600x1200.jpg?v=20130730","https://m3.spitogatos.gr/355039637_1600x1200.jpg?v=20130730","https://m2.spitogatos.gr/355039639_1600x1200.jpg?v=20130730","https://m2.spitogatos.gr/355039642_1600x1200.jpg?v=20130730","https://m1.spitogatos.gr/355039644_1600x1200.jpg?v=20130730","https://m2.spitogatos.gr/355039648_1600x1200.jpg?v=20130730","https://m1.spitogatos.gr/355039650_1600x1200.jpg?v=20130730","https://m1.spitogatos.gr/355039653_1600x1200.jpg?v=20130730","https://m2.spitogatos.gr/355039657_1600x1200.jpg?v=20130730","https://m3.spitogatos.gr/355039661_1600x1200.jpg?v=20130730","https://m2.spitogatos.gr/355039663_1600x1200.jpg?v=20130730","https://m2.spitogatos.gr/355039666_1600x1200.jpg?v=20130730","https://m2.spitogatos.gr/355039669_1600x1200.jpg?v=20130730","https://m3.spitogatos.gr/355039673_1600x1200.jpg?v=20130730","0","0","2","1","37.960297","1","1","23.758167",,"0","0","0","2026-05-29","0","0","0",,"0","1",,"2","1","0","0","1","0","0","0","600",,,"0","0","0","0","13.33",,,"1","3","6","1","1","2026","0","1","1","0","1",,"0","45","0",,"0","1","0","2026-05-21","https://www.spitogatos.gr/en/property/1219927520",,"0",,"2000","MK6PeROYbWY","residential"
"0","2","no","simple","1",,,,,"1","1","0","0","2026-05-14","0","1","1","10","1","0","false","house","0","50",,"0","Κωδικός Ακινήτου: #11648<br><br />
Στην ήσυχη και ιδιαίτερα περιζήτητη περιοχή του Καρέα στον Βύρωνα, διατίθεται προς ενοικίαση ένα ευρύχωρο και φωτεινό διαμπερές διαμέρισμα 112 τ.μ., στον 2ο όροφο πολυκατοικίας με ασανσέρ, ιδανικό για οικογένειες ή για όσους αναζητούν άνεση και ποιότητα διαμονής σε προνομιακή τοποθεσία κοντά στο κέντρο και σε βασικές υποδομές. Το ακίνητο διαθέτει λειτουργική διαρρύθμιση με τρία άνετα υπνοδωμάτια, μεγάλο σαλόνι, ανεξάρτητη κουζίνα, αποθήκη και δύο μπάνια, προσφέροντας υψηλό επίπεδο καθημερινής εξυπηρέτησης και άνεσης. Κατασκευής 1990 και μερικώς ανακαινισμένο, είναι φρεσκοβαμμένο και ξεχωρίζει για την ανοιχτή θέα και τη φωτεινότητά του. Διαθέτει αυτόνομη θέρμανση φυσικού αερίου, κουφώματα αλουμινίου με διπλά τζάμια, πόρτα ασφαλείας, συναγερμό, θυροτηλεόραση, ηλιακό θερμοσίφωνα και τέντες, ενώ τα δάπεδα από μάρμαρο και ξύλο προσδίδουν κομψότητα και διαχρονική αισθητική στους χώρους. Επιπλέον, είναι φιλικό προς τα κατοικίδια και η εξωτερική καλυμμένη θέση στάθμευσης αποτελεί σημαντικό πλεονέκτημα για την περιοχή, ενισχύοντας ακόμη περισσότερο την πρακτικότητα και την αξία του ακινήτου.<br><br />
 <br><br />
Τιμή ενοικίασης 1.200€ | Κωδικός Ακινήτου: #11648<br><br />
<br /> ΚΑΤΑ ΤΗΝ ΥΠΟΔΕΙΞΗ ΤΟΥ ΑΚΙΝΗΤΟΥ ΑΠΑΙΤΕΙΤΑΙ ΝΑ ΓΙΝΕΤΑΙ ΕΠΙΔΕΙΞΗ ΤΗΣ ΑΣΤΥΝΟΜΙΚΗΣ ΣΑΣ ΤΑΥΤΟΤΗΤΑΣ ΣΥΜΦΩΝΑ ΜΕ ΤΟΝ Ν.4072/11-04-2012 Φ.Ε.Κ 86Α<br /><br />ΤΑ ΣΤΟΙΧΕΙΑ ΤΩΝ ΑΚΙΝΗΤΩΝ ΕΙΝΑΙ ΚΑΤΑ ΔΗΛΩΣΗ ΤΟΥ ΙΔΙΟΚΤΗΤΗ<br /><br />ΑΚΙΝΗΤΑ ΑΠΟΚΛΕΙΣΤΙΚΗΣ ΔΙΑΘΕΣΗΣ ΜΕ ΦΩΤΟΓΡΑΦΙΕΣ ΠΟΥ ΔΙΑΧΕΙΡΙΖΕΤΑΙ Η ΕΤΑΙΡΙΑ ΜΑΣ ΘΑ ΒΡΕΙΤΕ ΣΤΗΝ ΙΣΤΟΣΕΛΙΔΑ ΜΑΣ<br /><br /> ►WEBSITE: www.tzelihome.gr<br /><br /> ✔ ΓΙΑ ΤΗΝ ΚΑΛΥΤΕΡΗ ΕΞΥΠΗΡΕΤΗΣΗ ΣΑΣ ΧΡΗΣΙΜΟΠΟΙΕΙΣΤΕ ΤΟΝ ΚΩΔΙΚΟ ΑΚΙΝΗΤΟΥ ΠΟΥ ΑΝΑΓΡΑΦΕΤΑΙ ΣΤΗΝ ΠΕΡΙΓΡΑΦΗ<br /> ✔ Η ΔΙΕΥΘΥΝΣΗ ΣΤΟΝ ΧΑΡΤΗ ΕΧΕΙ ΤΟΠΟΘΕΤΗΘΕΙ ΚΑΤΑ ΠΡΟΣΕΓΓΙΣΗ<br /> ✔ ΟΙ ΑΚΡΙΒΕΙΣ ΠΛΗΡΟΦΟΡΙΕΣ ΤΗΣ ΔΙΕΥΘΥΝΣΗΣ ΠΑΡΕΧΟΝΤΑΙ ΣΤΗΝ ΥΠΟΔΕΙΞΗ ΤΟΥ ΑΚΙΝΗΤΟΥ<br /><br /> ΜΕΣΙΤΙΚΟ ΓΡΑΦΕΙΟ TZELI HOME<br /> ΥΜΗΤΤΟΥ 41 , ΚΑΙΣΑΡΙΑΝΗ , ΤΚ 16121<br /><br /> ΕΠΙΚΟΙΝΩΝΗΣΤΕ ΜΑΖΙ ΜΑΣ:<br /> ►WEBSITE : www.tzelihome.gr<br /> ►E-MAIL : tzelihome@gmail.com<br /> ►ΚΙΝΗΤΟ : 6906.062.919 <br /> ►ΤΗΛΕΦΩΝΟ : 211.001.4573 & 211.001.4574<br>","8000",,"0","1","7",,,,,,,,,"0","0","2026-05-14","7","6","0","no","yes","0","Αθήνα - Νότια Προάστια (Αττική)","Βύρωνας (Αθήνα - Νότια Προάστια)","1","105103","102","2207","123171","Double","1","2","0","0","1","1219887998","https://m3.spitogatos.gr/353509100_1600x1200.jpg?v=20130730","https://m2.spitogatos.gr/353509102_1600x1200.jpg?v=20130730","https://m1.spitogatos.gr/353509104_1600x1200.jpg?v=20130730","https://m2.spitogatos.gr/353509105_1600x1200.jpg?v=20130730","https://m1.spitogatos.gr/353509107_1600x1200.jpg?v=20130730","https://m2.spitogatos.gr/353509108_1600x1200.jpg?v=20130730","https://m1.spitogatos.gr/353509110_1600x1200.jpg?v=20130730","https://m3.spitogatos.gr/353509112_1600x1200.jpg?v=20130730","https://m2.spitogatos.gr/353509114_1600x1200.jpg?v=20130730","https://m3.spitogatos.gr/353509115_1600x1200.jpg?v=20130730","https://m2.spitogatos.gr/353509117_1600x1200.jpg?v=20130730","https://m1.spitogatos.gr/353509119_1600x1200.jpg?v=20130730","https://m2.spitogatos.gr/353509120_1600x1200.jpg?v=20130730","https://m3.spitogatos.gr/353509121_1600x1200.jpg?v=20130730","https://m1.spitogatos.gr/353509122_1600x1200.jpg?v=20130730","https://m2.spitogatos.gr/353509123_1600x1200.jpg?v=20130730","https://m3.spitogatos.gr/353509124_1600x1200.jpg?v=20130730","https://m1.spitogatos.gr/353509125_1600x1200.jpg?v=20130730","https://m1.spitogatos.gr/353509128_1600x1200.jpg?v=20130730","https://m3.spitogatos.gr/353509130_1600x1200.jpg?v=20130730","https://m3.spitogatos.gr/353509133_1600x1200.jpg?v=20130730","https://m3.spitogatos.gr/353509136_1600x1200.jpg?v=20130730","https://m1.spitogatos.gr/353509140_1600x1200.jpg?v=20130730","https://m3.spitogatos.gr/353509145_1600x1200.jpg?v=20130730","https://m3.spitogatos.gr/353509148_1600x1200.jpg?v=20130730","0","0","2","1","37.94495","1","1","23.76634",,"0","0","0","2026-07-23","0","0","0",,"0","2",,"11","1","0","0",,"0","0","0","1200","2026-07-16 12:25:29","8","0","0","0","0","10.71","1300","true","1","3","6","1","1","2017","0","1","3","0","1",,"1","112","1",,"0","1","0","2026-05-14","https://www.spitogatos.gr/en/property/1219887998",,"1",,"1990","36_-NW4ekmw","residential"
"0","1","no","simple","1",,,,,"1","0","0","0","2026-05-07","0","0","0","12","1","0","false","house","0","17",,"0"," Κωδικός Ακινήτου: #11534  Βύρωνας, Νέο Παγκράτι: Ενοικιάζεται φωτεινό και διαμπερές διαμέρισμα 98 τ.μ. στον 1ο όροφο καλοδιατηρημένης πολυκατοικίας με ασανσέρ, σε εξαιρετική τοποθεσία με άμεση πρόσβαση σε μέσα μαζικής μεταφοράς. Το ακίνητο είναι μερικώς ανακαινισμένο και πρόσφατα βαμμένο, προσφέροντας άνετους και λειτουργικούς χώρους ιδανικούς για οικογένεια ή επαγγελματίες. Αποτελείται από δύο ευρύχωρα υπνοδωμάτια, άνετο σαλόνι, ανεξάρτητη κουζίνα και μπάνιο. Διαθέτει κεντρική θέρμανση φυσικού αερίου, κουφώματα αλουμινίου με διπλά τζάμια, πόρτα ασφαλείας, σίτες, ηλιακό θερμοσίφωνα, καθώς και δάπεδα από πλακάκι και ξύλο που προσδίδουν ζεστασιά και αισθητική στον χώρο. Επιπλέον, προσφέρει θυροτηλεόραση και πατάρι αποθήκευσης για μεγαλύτερη πρακτικότητα στην καθημερινότητα. Τα κατοικίδια είναι ευπρόσδεκτα. Ένα ιδιαίτερα προσεγμένο ακίνητο που συνδυάζει άνεση, λειτουργικότητα και εξαιρετική τοποθεσία.<br><br />
 <br><br />
 <br><br />
Τιμή 850€ | Κωδικός Ακινήτου: #11534<br><br />
 <br><br />
<br /> ΚΑΤΑ ΤΗΝ ΥΠΟΔΕΙΞΗ ΤΟΥ ΑΚΙΝΗΤΟΥ ΑΠΑΙΤΕΙΤΑΙ ΝΑ ΓΙΝΕΤΑΙ ΕΠΙΔΕΙΞΗ ΤΗΣ ΑΣΤΥΝΟΜΙΚΗΣ ΣΑΣ ΤΑΥΤΟΤΗΤΑΣ ΣΥΜΦΩΝΑ ΜΕ ΤΟΝ Ν.4072/11-04-2012 Φ.Ε.Κ 86Α<br /><br />ΤΑ ΣΤΟΙΧΕΙΑ ΤΩΝ ΑΚΙΝΗΤΩΝ ΕΙΝΑΙ ΚΑΤΑ ΔΗΛΩΣΗ ΤΟΥ ΙΔΙΟΚΤΗΤΗ<br /><br />ΑΚΙΝΗΤΑ ΑΠΟΚΛΕΙΣΤΙΚΗΣ ΔΙΑΘΕΣΗΣ ΜΕ ΦΩΤΟΓΡΑΦΙΕΣ ΠΟΥ ΔΙΑΧΕΙΡΙΖΕΤΑΙ Η ΕΤΑΙΡΙΑ ΜΑΣ ΘΑ ΒΡΕΙΤΕ ΣΤΗΝ ΙΣΤΟΣΕΛΙΔΑ ΜΑΣ<br /><br /> ►WEBSITE: www.tzelihome.gr<br /><br /> ✔ ΓΙΑ ΤΗΝ ΚΑΛΥΤΕΡΗ ΕΞΥΠΗΡΕΤΗΣΗ ΣΑΣ ΧΡΗΣΙΜΟΠΟΙΕΙΣΤΕ ΤΟΝ ΚΩΔΙΚΟ ΑΚΙΝΗΤΟΥ ΠΟΥ ΑΝΑΓΡΑΦΕΤΑΙ ΣΤΗΝ ΠΕΡΙΓΡΑΦΗ<br /> ✔ Η ΔΙΕΥΘΥΝΣΗ ΣΤΟΝ ΧΑΡΤΗ ΕΧΕΙ ΤΟΠΟΘΕΤΗΘΕΙ ΚΑΤΑ ΠΡΟΣΕΓΓΙΣΗ<br /> ✔ ΟΙ ΑΚΡΙΒΕΙΣ ΠΛΗΡΟΦΟΡΙΕΣ ΤΗΣ ΔΙΕΥΘΥΝΣΗΣ ΠΑΡΕΧΟΝΤΑΙ ΣΤΗΝ ΥΠΟΔΕΙΞΗ ΤΟΥ ΑΚΙΝΗΤΟΥ<br /><br /> ΜΕΣΙΤΙΚΟ ΓΡΑΦΕΙΟ TZELI HOME<br /> ΥΜΗΤΤΟΥ 41 , ΚΑΙΣΑΡΙΑΝΗ , ΤΚ 16121<br /><br /> ΕΠΙΚΟΙΝΩΝΗΣΤΕ ΜΑΖΙ ΜΑΣ:<br /> ►WEBSITE : www.tzelihome.gr<br /> ►E-MAIL : tzelihome@gmail.com<br /> ►ΚΙΝΗΤΟ : 6906.062.919 <br /> ►ΤΗΛΕΦΩΝΟ : 211.001.4573 & 211.001.4574<br>","7500",,"0","1","8",,,,,,,,,"0","0","2026-05-07","6","10","0","no","no","0","Αθήνα - Νότια Προάστια (Αττική)","Βύρωνας (Αθήνα - Νότια Προάστια)","1","105103","102","2207","106355","Double","2","2","0","0","1","1219842468","https://m3.spitogatos.gr/352671104_1600x1200.jpg?v=20130730","https://m3.spitogatos.gr/352671107_1600x1200.jpg?v=20130730","https://m3.spitogatos.gr/352671110_1600x1200.jpg?v=20130730","https://m2.spitogatos.gr/352671115_1600x1200.jpg?v=20130730","https://m2.spitogatos.gr/352671118_1600x1200.jpg?v=20130730","https://m3.spitogatos.gr/352671122_1600x1200.jpg?v=20130730","https://m2.spitogatos.gr/352671127_1600x1200.jpg?v=20130730","https://m1.spitogatos.gr/352671132_1600x1200.jpg?v=20130730","https://m3.spitogatos.gr/352671137_1600x1200.jpg?v=20130730","https://m3.spitogatos.gr/352671143_1600x1200.jpg?v=20130730","https://m3.spitogatos.gr/352671146_1600x1200.jpg?v=20130730","https://m3.spitogatos.gr/352671152_1600x1200.jpg?v=20130730","https://m3.spitogatos.gr/352671155_1600x1200.jpg?v=20130730","https://m2.spitogatos.gr/352671160_1600x1200.jpg?v=20130730","https://m3.spitogatos.gr/352671164_1600x1200.jpg?v=20130730","https://m2.spitogatos.gr/352671166_1600x1200.jpg?v=20130730","https://m1.spitogatos.gr/352671171_1600x1200.jpg?v=20130730","https://m2.spitogatos.gr/352671178_1600x1200.jpg?v=20130730","https://m2.spitogatos.gr/352671181_1600x1200.jpg?v=20130730","https://m1.spitogatos.gr/352671186_1600x1200.jpg?v=20130730","https://m2.spitogatos.gr/352671190_1600x1200.jpg?v=20130730","https://m1.spitogatos.gr/352671195_1600x1200.jpg?v=20130730","https://m2.spitogatos.gr/352671199_1600x1200.jpg?v=20130730","https://m1.spitogatos.gr/352671204_1600x1200.jpg?v=20130730","https://m2.spitogatos.gr/352671208_1600x1200.jpg?v=20130730","0","0","2","1","37.964104","1","1","23.751558",,"0","0","0","2026-05-16","0","0","0",,"0","1",,"3","1","0","1","1","0","0","0","850",,,"0","0","0","0","8.67",,,"1","3","6","1","1","2023","0","1","2","0","1",,"1","98","0",,"0","1","0","2026-05-07","https://www.spitogatos.gr/en/property/1219842468",,"0",,"1975","zEXrUi6xga8","residential"
"1","1","no","simple","1",,,,,"1","0","0","0","2026-03-12","0","1","1","20","1","0",,"house","0","0",,"0","Βύρωνας, Νέο Παγκράτι: Ενοικιάζεται μερικώς ανακαινισμένο διαμπερές Διαμέρισμα 110τ.μ. προσόψεως στον 1ο όροφο με αυτόνομη θέρμανση φυσικού αερίου. Αποτελείται από 3 υπνοδωμάτια, 1 κουζίνα, 1 σαλόνι, αποθήκη και μπάνιο. Είναι πλήρως επιπλωμένο, εξοπλισμένο, κατασκευασμένο το 1965, κοντά σε ΜΕΣΑ ΜΑΖΙΚΗΣ ΜΕΤΑΦΟΡΑΣ και διαθέτει κουφώματα αλουμινίου με διπλά τζάμια, κλιματισμό, δάπεδα από πλακάκι & ξύλο, τέντες, σίτες. Είναι ιδανικό για οικογένειες και επιτρέπονται τα κατοικίδια.<br><br />
 <br><br />
Τιμή 850€ | Κωδικός Ακινήτου: #10842<br><br />
 <br><br />
ΚΑΤΑ ΤΗΝ ΥΠΟΔΕΙΞΗ ΤΟΥ ΑΚΙΝΗΤΟΥ ΑΠΑΙΤΕΙΤΑΙ ΝΑ ΓΙΝΕΤΑΙ ΕΠΙΔΕΙΞΗ ΤΗΣ ΑΣΤΥΝΟΜΙΚΗΣ ΣΑΣ ΤΑΥΤΟΤΗΤΑΣ ΣΥΜΦΩΝΑ ΜΕ ΤΟΝ Ν.4072/11-04-2012 Φ.Ε.Κ 86Α<br /><br />ΤΑ ΣΤΟΙΧΕΙΑ ΤΩΝ ΑΚΙΝΗΤΩΝ ΕΙΝΑΙ ΚΑΤΑ ΔΗΛΩΣΗ ΤΟΥ ΙΔΙΟΚΤΗΤΗ<br /><br />ΑΚΙΝΗΤΑ ΑΠΟΚΛΕΙΣΤΙΚΗΣ ΔΙΑΘΕΣΗΣ ΜΕ ΦΩΤΟΓΡΑΦΙΕΣ ΠΟΥ ΔΙΑΧΕΙΡΙΖΕΤΑΙ Η ΕΤΑΙΡΙΑ ΜΑΣ ΘΑ ΒΡΕΙΤΕ ΣΤΗΝ ΙΣΤΟΣΕΛΙΔΑ ΜΑΣ<br /><br /> ►WEBSITE: www.tzelihome.gr<br /><br /> ✔ ΓΙΑ ΤΗΝ ΚΑΛΥΤΕΡΗ ΕΞΥΠΗΡΕΤΗΣΗ ΣΑΣ ΧΡΗΣΙΜΟΠΟΙΕΙΣΤΕ ΤΟΝ ΚΩΔΙΚΟ ΑΚΙΝΗΤΟΥ ΠΟΥ ΑΝΑΓΡΑΦΕΤΑΙ ΣΤΗΝ ΠΕΡΙΓΡΑΦΗ<br /> ✔ Η ΔΙΕΥΘΥΝΣΗ ΣΤΟΝ ΧΑΡΤΗ ΕΧΕΙ ΤΟΠΟΘΕΤΗΘΕΙ ΚΑΤΑ ΠΡΟΣΕΓΓΙΣΗ<br /> ✔ ΟΙ ΑΚΡΙΒΕΙΣ ΠΛΗΡΟΦΟΡΙΕΣ ΤΗΣ ΔΙΕΥΘΥΝΣΗΣ ΠΑΡΕΧΟΝΤΑΙ ΣΤΗΝ ΥΠΟΔΕΙΞΗ ΤΟΥ ΑΚΙΝΗΤΟΥ<br /><br /> ΜΕΣΙΤΙΚΟ ΓΡΑΦΕΙΟ TZELI HOME<br /> ΥΜΗΤΤΟΥ 41 , ΚΑΙΣΑΡΙΑΝΗ , ΤΚ 16121<br /><br /> ΕΠΙΚΟΙΝΩΝΗΣΤΕ ΜΑΖΙ ΜΑΣ:<br /> ►WEBSITE : www.tzelihome.gr<br /> ►E-MAIL : tzelihome@gmail.com<br /> ►ΚΙΝΗΤΟ : 6906.062.919 <br /> ►ΤΗΛΕΦΩΝΟ : 211.001.4573 & 211.001.4574<br>",,,"0","0","6",,,,,,,,,"1","0","2026-03-12","6","10","0","yes","no","0","Αθήνα - Νότια Προάστια (Αττική)","Βύρωνας (Αθήνα - Νότια Προάστια)","1","105103","102","2207","106355","Double","1","2","0","0","1","1219537075","https://m1.spitogatos.gr/347589024_1600x1200.jpg?v=20130730","https://m2.spitogatos.gr/347589025_1600x1200.jpg?v=20130730","https://m2.spitogatos.gr/347589028_1600x1200.jpg?v=20130730","https://m1.spitogatos.gr/347589030_1600x1200.jpg?v=20130730","https://m1.spitogatos.gr/347589033_1600x1200.jpg?v=20130730","https://m3.spitogatos.gr/347589035_1600x1200.jpg?v=20130730","https://m2.spitogatos.gr/347589037_1600x1200.jpg?v=20130730","https://m1.spitogatos.gr/347589039_1600x1200.jpg?v=20130730","https://m2.spitogatos.gr/347589040_1600x1200.jpg?v=20130730","https://m1.spitogatos.gr/347589042_1600x1200.jpg?v=20130730","https://m1.spitogatos.gr/347589045_1600x1200.jpg?v=20130730","https://m3.spitogatos.gr/347589047_1600x1200.jpg?v=20130730","https://m3.spitogatos.gr/347589050_1600x1200.jpg?v=20130730","https://m2.spitogatos.gr/347589052_1600x1200.jpg?v=20130730","https://m1.spitogatos.gr/347589054_1600x1200.jpg?v=20130730","https://m2.spitogatos.gr/347589055_1600x1200.jpg?v=20130730","https://m3.spitogatos.gr/347589059_1600x1200.jpg?v=20130730","https://m3.spitogatos.gr/347589062_1600x1200.jpg?v=20130730","https://m2.spitogatos.gr/347589064_1600x1200.jpg?v=20130730","https://m2.spitogatos.gr/347589067_1600x1200.jpg?v=20130730","https://m2.spitogatos.gr/347589070_1600x1200.jpg?v=20130730","https://m2.spitogatos.gr/347589073_1600x1200.jpg?v=20130730","https://m2.spitogatos.gr/347589076_1600x1200.jpg?v=20130730","https://m2.spitogatos.gr/347589079_1600x1200.jpg?v=20130730","https://m2.spitogatos.gr/347589082_1600x1200.jpg?v=20130730","0","0","2","1","37.962948","1","1","23.754129",,"0","0","0","2026-06-30","0","0","0",,"0","1",,"2","0","0","1","1","0","0","0","850",,,"0","0","0","0","7.73",,,"1","3","6","1","1","2020","0","1","3","0","0",,"0","110","1",,"0","1","0","2026-03-12","https://www.spitogatos.gr/en/property/1219537075",,"0",,"1965","NFJe4UIIIHA","residential"
"1","Ground Floor","no","simple","1",,,,,"1","1","0","0","2026-07-02","0","0","0","1","1","0","false","house","0","0",,"0","Κωδικός Ακινήτου: #12336   Βύρωνας, Μεταμόρφωση Βύρωνα: Ενοικιάζεται πλήρως ανακαινισμένο, διαμπερές διαμέρισμα 94 τ.μ. σε ισόγειο, ιδανικό για όσους αναζητούν μια άνετη και ποιοτική κατοικία με σύγχρονες ανέσεις και ιδιωτικούς εξωτερικούς χώρους. Το ακίνητο διαθέτει δύο ευρύχωρα υπνοδωμάτια, φωτεινό σαλόνι, λειτουργική κουζίνα και ανακαινισμένο μπάνιο, προσφέροντας έναν άνετο και πρακτικό χώρο διαβίωσης. Κατασκευής 1955 και πλήρως ανακαινισμένο, βρίσκεται σε ιδιαίτερα εξυπηρετική τοποθεσία, πολύ κοντά σε στάσεις Μέσων Μαζικής Μεταφοράς και σε όλες τις απαραίτητες καθημερινές παροχές. Είναι εξοπλισμένο με κλιματισμό, ηλιακό θερμοσίφωνα, κουφώματα αλουμινίου με διπλά ενεργειακά τζάμια, πόρτα ασφαλείας, ηλεκτρικά ρολά, σίτες και σύστημα συναγερμού, εξασφαλίζοντας υψηλό επίπεδο άνεσης και ασφάλειας. Η ιδιωτική αυλή αποτελεί ένα σημαντικό πλεονέκτημα, προσφέροντας έναν όμορφο εξωτερικό χώρο για στιγμές χαλάρωσης, ενώ η απουσία μηνιαίων κοινοχρήστων μειώνει σημαντικά το συνολικό κόστος διαμονής. Μια εξαιρετική επιλογή για όσους επιθυμούν μια προσεγμένη κατοικία, έτοιμη προς άμεση εγκατάσταση.<br><br />
 <br><br />
Τιμή 750€ | Κωδικός Ακινήτου: #12336<br><br />
 <br><br />
<br /> ΚΑΤΑ ΤΗΝ ΥΠΟΔΕΙΞΗ ΤΟΥ ΑΚΙΝΗΤΟΥ ΑΠΑΙΤΕΙΤΑΙ ΝΑ ΓΙΝΕΤΑΙ ΕΠΙΔΕΙΞΗ ΤΗΣ ΑΣΤΥΝΟΜΙΚΗΣ ΣΑΣ ΤΑΥΤΟΤΗΤΑΣ ΣΥΜΦΩΝΑ ΜΕ ΤΟΝ Ν.4072/11-04-2012 Φ.Ε.Κ 86Α<br /><br />ΤΑ ΣΤΟΙΧΕΙΑ ΤΩΝ ΑΚΙΝΗΤΩΝ ΕΙΝΑΙ ΚΑΤΑ ΔΗΛΩΣΗ ΤΟΥ ΙΔΙΟΚΤΗΤΗ<br /><br />ΑΚΙΝΗΤΑ ΑΠΟΚΛΕΙΣΤΙΚΗΣ ΔΙΑΘΕΣΗΣ ΜΕ ΦΩΤΟΓΡΑΦΙΕΣ ΠΟΥ ΔΙΑΧΕΙΡΙΖΕΤΑΙ Η ΕΤΑΙΡΙΑ ΜΑΣ ΘΑ ΒΡΕΙΤΕ ΣΤΗΝ ΙΣΤΟΣΕΛΙΔΑ ΜΑΣ<br /><br /> ►WEBSITE: www.tzelihome.gr<br /><br /> ✔ ΓΙΑ ΤΗΝ ΚΑΛΥΤΕΡΗ ΕΞΥΠΗΡΕΤΗΣΗ ΣΑΣ ΧΡΗΣΙΜΟΠΟΙΕΙΣΤΕ ΤΟΝ ΚΩΔΙΚΟ ΑΚΙΝΗΤΟΥ ΠΟΥ ΑΝΑΓΡΑΦΕΤΑΙ ΣΤΗΝ ΠΕΡΙΓΡΑΦΗ<br /> ✔ Η ΔΙΕΥΘΥΝΣΗ ΣΤΟΝ ΧΑΡΤΗ ΕΧΕΙ ΤΟΠΟΘΕΤΗΘΕΙ ΚΑΤΑ ΠΡΟΣΕΓΓΙΣΗ<br /> ✔ ΟΙ ΑΚΡΙΒΕΙΣ ΠΛΗΡΟΦΟΡΙΕΣ ΤΗΣ ΔΙΕΥΘΥΝΣΗΣ ΠΑΡΕΧΟΝΤΑΙ ΣΤΗΝ ΥΠΟΔΕΙΞΗ ΤΟΥ ΑΚΙΝΗΤΟΥ<br /><br /> ΜΕΣΙΤΙΚΟ ΓΡΑΦΕΙΟ TZELI HOME<br /> ΥΜΗΤΤΟΥ 41 , ΚΑΙΣΑΡΙΑΝΗ , ΤΚ 16121<br /><br /> ΕΠΙΚΟΙΝΩΝΗΣΤΕ ΜΑΖΙ ΜΑΣ:<br /> ►WEBSITE : www.tzelihome.gr<br /> ►E-MAIL : tzelihome@gmail.com<br /> ►ΚΙΝΗΤΟ : 6906.062.919 <br /> ►ΤΗΛΕΦΩΝΟ : 211.001.4573 & 211.001.4574<br>","8500",,"0","0","5",,,,,,,,,"0","0","2026-07-02","3","4","0","no","no","0","Αθήνα - Νότια Προάστια (Αττική)","Βύρωνας (Αθήνα - Νότια Προάστια)","1","105103","102","2207","123170","Double","1","4","0","0","1","1220291044","https://m1.spitogatos.gr/360258696_1600x1200.jpg?v=20130730","https://m3.spitogatos.gr/360258698_1600x1200.jpg?v=20130730","https://m2.spitogatos.gr/360258700_1600x1200.jpg?v=20130730","https://m3.spitogatos.gr/360258701_1600x1200.jpg?v=20130730","https://m2.spitogatos.gr/360258703_1600x1200.jpg?v=20130730","https://m3.spitogatos.gr/360258704_1600x1200.jpg?v=20130730","https://m2.spitogatos.gr/360258706_1600x1200.jpg?v=20130730","https://m3.spitogatos.gr/360258707_1600x1200.jpg?v=20130730","https://m2.spitogatos.gr/360258709_1600x1200.jpg?v=20130730","https://m3.spitogatos.gr/360258710_1600x1200.jpg?v=20130730","https://m1.spitogatos.gr/360258711_1600x1200.jpg?v=20130730","https://m1.spitogatos.gr/360258714_1600x1200.jpg?v=20130730","https://m3.spitogatos.gr/360258716_1600x1200.jpg?v=20130730","https://m2.spitogatos.gr/360258718_1600x1200.jpg?v=20130730","https://m2.spitogatos.gr/360258721_1600x1200.jpg?v=20130730","https://m1.spitogatos.gr/360258723_1600x1200.jpg?v=20130730","https://m3.spitogatos.gr/360258725_1600x1200.jpg?v=20130730","https://m2.spitogatos.gr/360258727_1600x1200.jpg?v=20130730","https://m1.spitogatos.gr/360258729_1600x1200.jpg?v=20130730","https://m2.spitogatos.gr/360258730_1600x1200.jpg?v=20130730","https://m3.spitogatos.gr/360258731_1600x1200.jpg?v=20130730","https://m1.spitogatos.gr/360258732_1600x1200.jpg?v=20130730","https://m2.spitogatos.gr/360258733_1600x1200.jpg?v=20130730","https://m3.spitogatos.gr/360258734_1600x1200.jpg?v=20130730","https://m1.spitogatos.gr/360258735_1600x1200.jpg?v=20130730","0","0","2","1","37.953537","1","1","23.753338",,"0","0","0","2026-07-10","0","0","0",,"0","1",,"3","1","0","1",,"0","0","0","750",,,"0","0","0","0","7.98",,,"1","3","6","1","1","2026","0","1","2","0","1",,"1","94","0",,"0","1","0","2026-07-02","https://www.spitogatos.gr/en/property/1220291044",,"0",,"1955","ZI46-q64hFY","residential"
"1","1","no","simple","1",,,,,"1","0","0","0","2026-07-09","0","1","1","15","1","0","false","house",,,,"0","<br>Κωδικός ακινήτου: 4406 - Βύρωνας Αναπηρικά  ΕΝΟΙΚΙΑΖΕΤΑΙ   ανακαινισμένο  <br />
διαμέρισμα  στον 1 ο όροφο συνολικής επιφάνειας 115.00 τ.μ.  . <br />
Αποτελείται από 4 υπνοδωμάτια (το ένα μπορεί να χρησιμοποιηθεί και σαν γραφείο), σαλόνι, κουζίνα, μπάνιο . 'Ολοι οι χώροι είναι πολύ μεγάλοι και άνετοι με άπλετο φως και μπαλκονόπορτες καθώς διαθέτει 2 μπαλκόνια , στην πρόσοψη και στο πίσω μέρος που βλέπει σε κήπο. Είναι <br />
κατασκευασμένο το 1975 με ενεργειακή κλάση Β και ανακαινίστηκε το 2024. <br />
Διαθέτει θέρμανση αντλία θερμότητας,θερμοπρόσοψη, κουφώματα <br />
αλουμινίου, πατώματα από πλακάκι, πόρτα ασφαλείας, εντοιχιζόμενες <br />
ντουλάπες, αποθήκη , κήπο, 3 A/C, τέντες, σίτες, διπλά τζάμια, ηλιακό <br />
θερμοσίφωνα, ανοιχτωσιά, 2  μπαλκόνια περίπου 15 τ.μ. . Βρίσκεται σε πολύ ήσυχη γειτονιά , πολύ κοντά στο βουνό και στον περιφερειακό και την Αττική οδό, απόσταση από θάλασσα 11000 <br />
μέτρα απόσταση από πόλη 4000 μέτρα  απόσταση από αεροδρόμιο 29000 μέτρα <br />
απόσταση από μετρό 3000 μέτρα - Τιμή: 950 € <br>","11000",,,"0","4",,,,,,,,,"1","0","2026-07-09","6","4","0","no","no","1","Αθήνα - Νότια Προάστια (Αττική)","Βύρωνας (Αθήνα - Νότια Προάστια)","1","105103","102","2207","106376","Double","4","13","0","0","1","1220341916","https://m3.spitogatos.gr/361074452_1600x1200.jpg?v=20130730","https://m3.spitogatos.gr/361074455_1600x1200.jpg?v=20130730","https://m3.spitogatos.gr/361074458_1600x1200.jpg?v=20130730","https://m3.spitogatos.gr/361074467_1600x1200.jpg?v=20130730","https://m1.spitogatos.gr/361074477_1600x1200.jpg?v=20130730","https://m1.spitogatos.gr/361074483_1600x1200.jpg?v=20130730","https://m1.spitogatos.gr/361074492_1600x1200.jpg?v=20130730","https://m3.spitogatos.gr/361074497_1600x1200.jpg?v=20130730","https://m2.spitogatos.gr/361074502_1600x1200.jpg?v=20130730","https://m2.spitogatos.gr/361074508_1600x1200.jpg?v=20130730","https://m3.spitogatos.gr/361074512_1600x1200.jpg?v=20130730","https://m1.spitogatos.gr/361074519_1600x1200.jpg?v=20130730","https://m2.spitogatos.gr/361074532_1600x1200.jpg?v=20130730","https://m2.spitogatos.gr/361074544_1600x1200.jpg?v=20130730","https://m3.spitogatos.gr/361074551_1600x1200.jpg?v=20130730","https://m2.spitogatos.gr/361074556_1600x1200.jpg?v=20130730","https://m2.spitogatos.gr/361074571_1600x1200.jpg?v=20130730","https://m2.spitogatos.gr/361074589_1600x1200.jpg?v=20130730","https://m1.spitogatos.gr/361074597_1600x1200.jpg?v=20130730","https://m2.spitogatos.gr/361074604_1600x1200.jpg?v=20130730","https://m3.spitogatos.gr/361074611_1600x1200.jpg?v=20130730","https://m3.spitogatos.gr/361074614_1600x1200.jpg?v=20130730","https://m1.spitogatos.gr/361074618_1600x1200.jpg?v=20130730","https://m1.spitogatos.gr/361074621_1600x1200.jpg?v=20130730","https://m2.spitogatos.gr/361074625_1600x1200.jpg?v=20130730","0","0","2","1","37.955551","1","1","23.768169",,"0",,,"2026-07-28","0","0","0",,"0","1","2","11","0","0","1","1","0","0","0","950","2026-07-17 20:18:00","14","0","0","0","0","8.26","1100","true","1","3","6","1","1","2024","0","1","4","0","1",,"1","115","1",,"0","1","0","2026-07-09","https://www.spitogatos.gr/en/property/1220341916",,"1","1","1975","m0zUnRtPJ8k","residential"
