"AC","Floor Level","accessibleForDisabled","adType_code","adType_id","agentEmployee_firstName","agentEmployee_id","agentEmployee_lastName","agentEmployee_telephone","airy","alarm","attic","auction","availability","availableForDailyRent","awning","balcony","balconyArea","bright","builtInBBQ","byTheSea","category","caveBuilding","commonExpenses","contactEnquirer_id","corner","description","distanceSea","doubleGlass","electricCarChargingFacilities","elevator","energyClass","enquirerId","enquirer_blocked","enquirer_contactHours","enquirer_email","enquirer_enquirerId","enquirer_firstName","enquirer_lastName","enquirer_telephone","facade","fireplace","firstPublishDate","floorNumber","floorType","forCommercialUse","furnished","garage","garden","geographiesByLevel_2_fullName","geographiesByLevel_4_fullName","geographyParentIds_0","geographyParentIds_1","geographyParentIds_2","geographyParentIds_4","geographyParentIds_5","glassType","heatingController","heatingMedium","heatingUnderFloor","holidayHome","host_id","id","images/0","images/1","images/2","images/3","images/4","images/5","images/6","images/7","images/8","images/9","images/10","images/11","images/12","images/13","images/14","images/15","images/16","images/17","images/18","images/19","images/20","images/21","images/22","images/23","images/24","internal_stairs","investment","joinery","kitchens","latitude","levels","livingRooms","longitude","lotSize","luxHome","mannedReception","medicalOffice","modified","negotiablePrice","neoclassic","newDevelopment","nightPower","noAgentFee","no_of_WC","no_of_bathrooms","numberOfFloors","orientation","painted","penthouse","pestNet","petsAllowed","playroom","pool","preserved","price","priceChangeDate","priceChangePercentage","priceIncludesInternet","priceIncludesPower","priceIncludesSharedExp","priceIncludesWater","pricePerSqMeters","pricePreReduction","priceReduced","propertyPublishingOptionIds/0","propertyPublishingOptionIds/1","propertyPublishingOptionIds/2","published","renovated","renovationYear","requiresRenovation","road_type","rooms","satelite","secure_door","shortTermLetting","showOnlyPartnerPhone","solar_heater","sq_meters","storage","storageArea","streetAddress","studentHome","subtype","unfinished","uploaded","url","vTourUrl","view","wholeFloorApartment","year_of_construction","youtubeVideoId","zoning"
"0","5","no","prime","3",,,,,"1","0","0","0","2026-07-18","0","1","0","0","1","0",,"house","0",,,"0","Διαμέρισμα Προς Ενοικίαση, όροφος: 5ος, στην περιοχή: Παγκράτι. Το εμβαδόν του ακινήτου είναι 85 τ.μ.. Αποτελείται από: 3 Υ/Δ, 1 μπάνιο/α, 1 κουζίνα/ες, 2 σαλόνι/α. Έχει κατασκευαστεί το 1973 και ανακαινίστηκε το 2026. Η θέρμανση του ακινήτου είναι Ατομική με Φυσικό αέριο, ενώ επίσης διατίθεται Θερμοπρόσοψη, έχει κουφώματα Αλουμινίου, ενεργειακό πιστοποιητικό: Γ και τα δάπεδα είναι: Πλακάκια, Ξύλο. Η κατάστασή του είναι: Ανακαινισμένο, βρίσκεται κοντά σε Μετρό, Συγκοινωνίες, Πάρκο, Πλατεία, Super Market, Κέντρο Πόλης, Κέντρα διασκέδασης, Αγορά, Εστίαση, έχει θέα Ανοιχτωσιά, Καλή. Το ακίνητο είναι Οροφοδιαμέρισμα, Βαμμένο, Ρετιρέ, Προσόψεως, Φωτεινό, Ευάερο, Ευήλιο, Διαμπερές, Πολυτελές και επίσης διαθέτει τα παρακάτω χαρακτηριστικά και πλεονεκτήματα: Τέντες, Ασανσέρ, Πόρτα Ασφαλείας, Ησυχη γειτονιά, Βεράντα με ανεμπόδιστη θέα στον Λυκαβηττό, μεγάλη εμπρόσθια βεράντα 50 τ.μ. καθώς και πίσω μπαλκόνι σε όλο το μήκος του διαμερίσματος. Βρίσκεται σε εξαιρετική τοποθεσία στην οδό Φορμίωνος, με άμεση πρόσβαση σε αγορά, σχολεία, συγκοινωνίες και όλες τις καθημερινές εξυπηρετήσεις. Απέχει μόλις 100 μέτρα από τον υπό κατασκευή σταθμό Μετρό «Καισαριανή». Τιμή: €950. Equal Real Estate, Τηλέφωνο Επικοινωνίας: 2106203777, email: equal.pr.mn@gmail.com, website: www.equal.pr.mn@gmail.com<br />
<br />
Μπορείτε να δείτε περισσότερα ακίνητα στο site μας equalestate.gr",,,"0","1","5",,,,,,,,,"1","0","2026-07-18","10","10","0","no","no","0","Αθήνα - Νότια Προάστια (Αττική)","Καισαριανή (Αθήνα - Νότια Προάστια)","1","105103","102","2214",,,"4","2","0","0","1","1220414403","https://m3.spitogatos.gr/362287739_1600x1200.jpg?v=20130730","https://m3.spitogatos.gr/362287742_1600x1200.jpg?v=20130730","https://m2.spitogatos.gr/362287744_1600x1200.jpg?v=20130730","https://m1.spitogatos.gr/362287746_1600x1200.jpg?v=20130730","https://m3.spitogatos.gr/362287748_1600x1200.jpg?v=20130730","https://m2.spitogatos.gr/362287750_1600x1200.jpg?v=20130730","https://m1.spitogatos.gr/362287752_1600x1200.jpg?v=20130730","https://m3.spitogatos.gr/362287754_1600x1200.jpg?v=20130730","https://m2.spitogatos.gr/362287756_1600x1200.jpg?v=20130730","https://m1.spitogatos.gr/362287761_1600x1200.jpg?v=20130730",,,,,,,,,,,,,,,,"0","0","2","1","37.968102","1","2","23.753904",,"1","0","0","2026-07-31","0","0",,"0",,"0","1",,,"1","1","0",,"0","0","0","950",,,"0","0","0","0","11.18",,,"1","3","6","1","1","2026","0",,"3","0","1",,,"0","85","0",,,"0","1","0","2026-07-18","https://www.spitogatos.gr/en/property/1220414403",,"1","1","1973",,"residential"
"1","2","no","prime","3",,,,,"0","0","0","0","2026-07-20","0","1","1","3","1","0",,"house","0","15",,"0","Όπισθεν Ξενοδοχείου Κάραβελ, 5 λεπτά απο την στάση του μετρό ""Ευαγγελισμός"",  διαμπερές, φωτεινό, πλήρως ανακαινισμένο, ένα υπνοδωμάτιο, χολ, κουζίνα, μπάνιο, μικρό μπαλκόνι με τέντα και ωραίο άνοιγμα, κουφώματα αλουμινίου με διπλά τζάμια, πόρτα ασφαλείας, 2 κλιματιστικά, φρεσκοβαμμένο, χωρίς κεντρική θέρμανση,  λίγα κοινόχρηστα. Το ακίνητο βρίσκεται σε εξαιρετική περιοχή, με εύκολη προσβαση σε πολλές αστικές συγκοινωνίες. Μεσιτικό γραφείο ""Spiti4Real"", κωδικός ακινήτου (E72F).",,,,"1","5",,,,,,,,,"1","0","2026-07-20","7","10","0","no","no","0","Αθήνα - Νότια Προάστια (Αττική)","Καισαριανή (Αθήνα - Νότια Προάστια)","1","105103","102","2214","123161","Double","3",,"0","0","1","123375826","https://m3.spitogatos.gr/362437064_1600x1200.jpg?v=20130730","https://m3.spitogatos.gr/362437043_1600x1200.jpg?v=20130730","https://m2.spitogatos.gr/362437051_1600x1200.jpg?v=20130730","https://m3.spitogatos.gr/362437052_1600x1200.jpg?v=20130730","https://m3.spitogatos.gr/362437058_1600x1200.jpg?v=20130730","https://m2.spitogatos.gr/362437048_1600x1200.jpg?v=20130730","https://m3.spitogatos.gr/362437040_1600x1200.jpg?v=20130730","https://m1.spitogatos.gr/362437059_1600x1200.jpg?v=20130730","https://m1.spitogatos.gr/362437068_1600x1200.jpg?v=20130730",,,,,,,,,,,,,,,,,"0","0","2","0","37.973042","1","1","23.751238","160","1","0","0","2026-07-30","0","0",,"0",,"0","1","5","2","1","0","0",,"0","0","0","650",,,"0","0","0","0","13",,,"1","3","6","1","1","2026","0","1","1","0","1","0",,"0","50","0",,"Όπισθεν Ξενοδοχείου Κάραβελ 16121","1","1","0","2015-08-04","https://www.spitogatos.gr/en/property/123375826",,"0","0","1975",,"residential"
"1","3","no","prime","3","Αλέξιος","81463","Κοσμόπουλος","6986109593","1","0","0","0","2026-05-01","0","0","1","14","1","0",,"house","0",,,"0","Διατίθεται προς ενοικίαση ανακαινισμένο διαμέρισμα 80 τ.μ., 3ου ορόφου, στην περιοχή Καισαριανή – Κάτω Καισαριανή.<br />
<br />
Το ακίνητο, ανακαινισμένο το 2025, αποτελείται από ένα υπνοδωμάτιο, ένα μπάνιο, μία κουζίνα και ένα σαλόνι, προσφέροντας άνετη και λειτουργική διαρρύθμιση.<br />
<br />
Διαθέτει κεντρική θέρμανση με φυσικό αέριο, κλιματισμό, κουφώματα αλουμινίου με διπλά τζάμια, ηλεκτρικές συσκευές, αποθήκη, πόρτα ασφαλείας και δάπεδα με πλακάκι, ξύλο και μάρμαρο, εξασφαλίζοντας άνεση και ποιότητα διαβίωσης.<br />
<br />
Το διαμέρισμα είναι βαμμένο, επιπλωμένο, προσόψεως, φωτεινό, διαμπερές και μοντέρνο, με ανατολικό προσανατολισμό και θέα σε ανοιχτωσιά. Βρίσκεται σε ήσυχη γειτονιά, κοντά σε συγκοινωνίες, πάρκα, πλατείες, αγορά και χώρους εστίασης.<br />
<br />
📍 Η αναφερόμενη τοποθεσία είναι ενδεικτική. Για περισσότερες πληροφορίες ή προγραμματισμό επίσκεψης:<br />
KOSMOS REAL ESTATE<br />
📞 Υπεύθυνος Ακινήτου: Κοσμόπουλος Αλέξης – 6986109593<br />
📧 info@kosmosrealestate.gr<br />
🌐 www.kosmosrealestate.gr",,,"0","1","10",,,,,,,,,"1","1","2026-03-17","8","6","0","yes","no","0","Αθήνα - Νότια Προάστια (Αττική)","Καισαριανή (Αθήνα - Νότια Προάστια)","1","105103","102","2214","123161","Double","2","2","0","1","1","1219563072","https://m2.spitogatos.gr/348011683_1600x1200.jpg?v=20130730","https://m3.spitogatos.gr/348011684_1600x1200.jpg?v=20130730","https://m2.spitogatos.gr/348011686_1600x1200.jpg?v=20130730","https://m3.spitogatos.gr/348011690_1600x1200.jpg?v=20130730","https://m1.spitogatos.gr/348011691_1600x1200.jpg?v=20130730","https://m3.spitogatos.gr/348011693_1600x1200.jpg?v=20130730","https://m2.spitogatos.gr/348011695_1600x1200.jpg?v=20130730","https://m3.spitogatos.gr/348011696_1600x1200.jpg?v=20130730","https://m2.spitogatos.gr/348011698_1600x1200.jpg?v=20130730","https://m1.spitogatos.gr/348011700_1600x1200.jpg?v=20130730","https://m2.spitogatos.gr/348011701_1600x1200.jpg?v=20130730","https://m1.spitogatos.gr/348011703_1600x1200.jpg?v=20130730","https://m3.spitogatos.gr/348011705_1600x1200.jpg?v=20130730","https://m1.spitogatos.gr/348011706_1600x1200.jpg?v=20130730","https://m3.spitogatos.gr/348011708_1600x1200.jpg?v=20130730",,,,,,,,,,,"0","0","2","1","37.970993","1","1","23.755434",,"0","0","0","2026-07-30","0","0",,"0",,"0","1",,"1","1","0","0",,"0","0","0","1250",,,"0","0","0","0","15.63",,,"1","3","6","1","1","2025","0","1","1","0","1",,"1","0","80","1","7",,"1","1","0","2026-03-17","https://www.spitogatos.gr/en/property/1219563072",,"1","0","1988",,"residential"
"1","3","no","up","2",,,,,"1","0","0","0","2025-11-20","0","1","0","0","1","0",,"house","0",,,"0","Διαμέρισμα Προς Ενοικίαση, όροφος: 3ος, στην περιοχή: Καισαριανή. Το εμβαδόν του ακινήτου είναι 80 τ.μ.. Αποτελείται από: 2 Υ/Δ, 1 μπάνιο/α, 1 κουζίνα/ες, 1 σαλόνι/α, ενώ διαθέτει 1 θέσεις στάθμευσης (1 Σε ανοιχτό χώρο). Έχει κατασκευαστεί το 2000. Η θέρμανση του ακινήτου είναι Αυτόνομη με Πετρέλαιο, ενώ επίσης διατίθεται Κλιματισμός, Καλοριφέρ, έχει κουφώματα Αλουμινίου με Διπλά τζάμια, ενεργειακό πιστοποιητικό: Η και τα δάπεδα είναι: Πλακάκια. Η κατάστασή του είναι: Καταπληκτική, βρίσκεται κοντά σε Συγκοινωνίες, Σχολείο, Εκκλησία, Super Market, Πανεπιστήμιο, Εστίαση, 400 Μέτρα από πανεπιστήμιο (Τμήμα Πληροφορικής και λοιπών τμημάτων ΕΚΠΑ), 110 Μέτρα από στάση λεωφορείου (''11η ΚΑΙΣΑΡΙΑΝΗΣ''), 7 Λεπτά από αλλο (Πάρκο Σκοπευτηρίου), 9 Λεπτά από αλλο (Γήπεδο Νήαρ Ηστ). Το ακίνητο είναι Επιπλωμένο, Φωτεινό, Διαμπερές και επίσης διαθέτει τα παρακάτω χαρακτηριστικά και πλεονεκτήματα: Τέντες, Ασανσέρ, Πόρτα Ασφαλείας, Θυροτηλεόραση. Τιμή: €1.100. ARC Real Estate, Τηλέφωνο Επικοινωνίας: 2107777377, email: zografou@arc-sa.gr, website: www.arcsa.gr",,,"0","1","9",,,,,,,,,"0","0","2025-11-20","8","4","0","yes","yes","0","Αθήνα - Νότια Προάστια (Αττική)","Καισαριανή (Αθήνα - Νότια Προάστια)","1","105103","102","2214",,"Double","1","1","0","0","1","1218689794","https://m2.spitogatos.gr/334694137_1600x1200.jpg?v=20130730","https://m2.spitogatos.gr/334694155_1600x1200.jpg?v=20130730","https://m3.spitogatos.gr/334694171_1600x1200.jpg?v=20130730","https://m1.spitogatos.gr/334694184_1600x1200.jpg?v=20130730","https://m3.spitogatos.gr/334694201_1600x1200.jpg?v=20130730","https://m2.spitogatos.gr/334694212_1600x1200.jpg?v=20130730","https://m1.spitogatos.gr/334694226_1600x1200.jpg?v=20130730","https://m1.spitogatos.gr/334694244_1600x1200.jpg?v=20130730","https://m3.spitogatos.gr/334694264_1600x1200.jpg?v=20130730","https://m1.spitogatos.gr/334694277_1600x1200.jpg?v=20130730","https://m3.spitogatos.gr/334694288_1600x1200.jpg?v=20130730","https://m1.spitogatos.gr/334694310_1600x1200.jpg?v=20130730","https://m2.spitogatos.gr/334694341_1600x1200.jpg?v=20130730","https://m1.spitogatos.gr/334694370_1600x1200.jpg?v=20130730","https://m1.spitogatos.gr/334694388_1600x1200.jpg?v=20130730","https://m2.spitogatos.gr/334694401_1600x1200.jpg?v=20130730","https://m3.spitogatos.gr/334694420_1600x1200.jpg?v=20130730","https://m3.spitogatos.gr/334694438_1600x1200.jpg?v=20130730","https://m2.spitogatos.gr/334694452_1600x1200.jpg?v=20130730","https://m2.spitogatos.gr/334694470_1600x1200.jpg?v=20130730","https://m1.spitogatos.gr/334694487_1600x1200.jpg?v=20130730","https://m2.spitogatos.gr/334694506_1600x1200.jpg?v=20130730","https://m2.spitogatos.gr/334694518_1600x1200.jpg?v=20130730","https://m1.spitogatos.gr/334694535_1600x1200.jpg?v=20130730","https://m1.spitogatos.gr/334694550_1600x1200.jpg?v=20130730","0","0","2","1","37.965683","1","1","23.76531",,"0","0","0","2026-07-29","0","0",,"0",,"0","1",,,"0","0","0",,"0","0","0","1100",,,"0","0","0","0","13.75",,,"1","3","6","1","0",,"0","1","2","0","1",,,"0","80","0",,,"0","1","0","2025-11-20","https://www.spitogatos.gr/en/property/1218689794",,"0","0","2000","Mg-bfzm5_uU","residential"
"1","Upper Ground","no","up","2",,,,,"0","0","0","0","2026-07-11","0","0","0","0","0","0",,"house",,,,"0","Κωδικός ακινήτου: 101171 - Καισαριανή Σκοπευτήριο  ΕΝΟΙΚΙΑΖΕΤΑΙ   ανακαινισμένο επιπλωμένο διαμέρισμα  ημιώροφος συνολικής επιφάνειας 51.00 τ.μ.  . Αποτελείται από 1 υπνοδωμάτιο, σαλόνι, κουζίνα, μπάνιο . Είναι κατασκευασμένο το 1978 με ενεργειακή κλάση Ε και ανακαινίστηκε το 2025. Διαθέτει θέρμανση ατομική - ηλεκτρικό,  κουφώματα αλουμινίου, πατώματα από μάρμαρο και ξύλο, πόρτα ασφαλείας, εντοιχιζόμενες ντουλάπες, A/C, ηλεκτρικές συσκευές, σίτες, διπλά τζάμια, θυροτηλεόραση      - Τιμή: 920 €  <br>Πυροσβεστήρες Το Ενοίκιο περιλαμβάνει: Ίντερνετ Κουφώματα: Θερμοδιακοπτόμενα Βαμμένο Ανίχνευση καπνού <br> <br> | Δείτε περισσότερα ακίνητα στο site μας https://www.seven7stonesproperties.com/  <br>| Οι πληροφορίες και τα χαρακτηριστικά των ακινήτων έχουν καταχωρηθεί βάσει των πληροφοριών και στοιχείων που προσκόμισε ο εντολέας. <br>| Το σημείο στο χάρτη δεν ανταποκρίνεται στην πραγματική διεύθυνση του ακινήτου. <br> | Όλα τα ακίνητα που προβάλλουμε μέσω internet είναι διαθέσιμα, καθώς γίνεται συνεχής ενημέρωση και αποσύρονται τα μη διαθέσιμα. <br>| Κατά την υπόδειξη του ακινήτου είναι απαραίτητη η αστυνομική ταυτότητα ή ο Α.Φ.Μ, σύμφωνα με τον Νόμο Ν.4072/2012 - ΦΕΚ 86/Α/11-4-2012",,,,"0","7",,,,,,,,,"0","0","2026-07-11","4","6","0","yes","no","0","Αθήνα - Νότια Προάστια (Αττική)","Καισαριανή (Αθήνα - Νότια Προάστια)","1","105103","102","2214","106370","Double","4","4","0","0","1","1220358850","https://m3.spitogatos.gr/361333583_1600x1200.jpg?v=20130730","https://m1.spitogatos.gr/361333587_1600x1200.jpg?v=20130730","https://m1.spitogatos.gr/361333590_1600x1200.jpg?v=20130730","https://m2.spitogatos.gr/361333591_1600x1200.jpg?v=20130730","https://m1.spitogatos.gr/361333593_1600x1200.jpg?v=20130730","https://m2.spitogatos.gr/361333597_1600x1200.jpg?v=20130730","https://m2.spitogatos.gr/361333606_1600x1200.jpg?v=20130730",,,,,,,,,,,,,,,,,,,"0","0","2","1","37.966492",,"1","23.758238",,"0",,,"2026-07-11","0","0",,"0",,"0","1",,,"0","0","1",,"0","0","0","920",,,"0","0","0","0","18.04",,,"1","3","6","1","1","2025","0","7","1","0","1",,,"0","51","0",,,"0","1","0","2026-07-11","https://www.spitogatos.gr/en/property/1220358850",,"0","0","1978",,"residential"
"1","Ground Floor",,"prime","3",,,,,"0","0","0","0","2026-06-30","0","0","0","0","1",,,"house",,"0",,"0","ΚΑΙΣΑΡΙΑΝΗ - Διαμέρισμα 30τμ, 1 υ/δ, ισόγειο, πλήρως ανακαινισμένο, κατασκευή 1980, ανακαίνιση 2025, ενεργειακή κλάση Δ, σαλόνι, κουζίνα, μπάνιο, κλιματισμός, φωτεινό, κουφώματα αλουμινίου, οικιστική ζώνη.<br />
Για την καλύτερη εξυπηρέτηση σας, παρακαλώ προτιμάτε να αποστέλλετε μήνυμα ενδιαφέροντος μέσω της σελίδας αγγελιών και θα επικοινωνήσουμε σύντομα μαζί σας. Εναλλακτικά μπορείτε να μας καλείτε καθημερινά Δευτέρα - Παρασκευή 10:00-16:30 στα τηλέφωνα 2100102835 & 6934867725.<br />
<br />
ΕΝΟΙΚΙΑΖΕΤΑΙ ΑΝΑΚΑΙΝΙΣΜΕΝΟ ΥΠΕΡΥΨΩΜΕΝΟ ΙΣΟΓΕΙΟ ΣΤΗΝ ΚΑΙΣΑΡΙΑΝΗ | 450€/ΜΗΝΑ<br />
<br />
<br />
Σε ιδιαίτερα βολικό και ήσυχο σημείο της Καισαριανής, διατίθεται προς ενοικίαση υπερυψωμένο ισόγειο διαμέρισμα, κατασκευής 1980, το οποίο ανακαινίστηκε το 2025, προσφέροντας έναν λειτουργικό και προσεγμένο χώρο κατοικίας, ιδανικό για φοιτητές, εργαζόμενους ή ζευγάρι.<br />
<br />
Το ακίνητο διαθέτει πολύ καλή διαρρύθμιση, όμορφους και ζεστούς χρωματισμούς, καθώς και ανακαινισμένους χώρους που το καθιστούν έτοιμο προς άμεση κατοίκηση.<br />
<br />
Αποτελείται από:<br />
<br />
Άνετο χώρο καθιστικού / υπνοδωματίου<br />
Ξεχωριστή κουζίνα<br />
Μπάνιο με ντουζιέρα<br />
Χώρο αποθήκευσης / ντουλάπα<br />
<br />
Χαρακτηριστικά:<br />
<br />
Υπερυψωμένο ισόγειο<br />
Κατασκευή 1980<br />
Ανακαίνιση 2025<br />
Κουφώματα αλουμινίου<br />
Κλιματισμός (A/C)<br />
Φωτισμός LED<br />
Πλήρως λειτουργική κουζίνα<br />
Φωτεινό και ιδιαίτερα πρακτικό<br />
Έτοιμο προς κατοίκηση<br />
<br />
Εξαιρετική τοποθεσία:<br />
<br />
Το ακίνητο βρίσκεται σε κομβικό σημείο της Καισαριανής με εύκολη πρόσβαση προς:<br />
<br />
Πανεπιστημιούπολη<br />
Ζωγράφου<br />
ΕΚΠΑ & Πολυτεχνειούπολη<br />
Παγκράτι και κέντρο Αθήνας<br />
<br />
Πολύ κοντά σε στάσεις λεωφορείων και συγκοινωνίες που εξυπηρετούν καθημερινή μετακίνηση προς σχολές, νοσοκομεία και το κέντρο της πόλης.<br />
<br />
Σε μικρή απόσταση θα βρείτε:<br />
<br />
Super market<br />
Καφέ και καταστήματα εστίασης<br />
Φούρνους και τοπική αγορά<br />
Φαρμακεία και βασικές υπηρεσίες<br />
<br />
Το ακίνητο αποτελεί εξαιρετική επιλογή για όσους αναζητούν οικονομική και πρακτική κατοικία σε μία από τις πιο ζωντανές και εξυπηρετούμενες περιοχές της Αθήνας.<br />
<br />
Μηνιαίο μίσθωμα: 450€<br />
<br />
ΜΕΣΙΤΙΚΟ ΓΡΑΦΕΊΟ SIMPLE WAY<br />
Λ.ΚΑΡΕΑ 64 ΤΚ:16233<br />
ΤΗΛ:2100102835 / 6934867725<br />
10:00-16:30<br />
<br />
Εγγραφείτε στο κανάλι μας στο YouTube για να μαθαίνετε πρώτοι τις νέες μας αγγελίες .<br />
https://www.youtube.com/channel/UCY93CoY5bQNcrY3589xgnjg<br />
<br />
Τιμή €450 (κωδ. 1570) 2100102835, 6975589741 SIMPLEWAY REAL ESTATE",,"0",,"0","6",,,,,,,,,"0","0","2026-05-29","3",,"0","no","no","0","Αθήνα - Νότια Προάστια (Αττική)","Καισαριανή (Αθήνα - Νότια Προάστια)","1","105103","102","2214",,,,,"0","0","1","1219975373","https://m3.spitogatos.gr/355068089_1600x1200.jpg?v=20130730","https://m2.spitogatos.gr/355068094_1600x1200.jpg?v=20130730","https://m1.spitogatos.gr/355068099_1600x1200.jpg?v=20130730","https://m3.spitogatos.gr/355068107_1600x1200.jpg?v=20130730","https://m2.spitogatos.gr/355068115_1600x1200.jpg?v=20130730","https://m2.spitogatos.gr/355068121_1600x1200.jpg?v=20130730","https://m2.spitogatos.gr/355068124_1600x1200.jpg?v=20130730","https://m3.spitogatos.gr/355068128_1600x1200.jpg?v=20130730","https://m1.spitogatos.gr/355068132_1600x1200.jpg?v=20130730","https://m2.spitogatos.gr/355068136_1600x1200.jpg?v=20130730","https://m3.spitogatos.gr/355068140_1600x1200.jpg?v=20130730","https://m1.spitogatos.gr/355068144_1600x1200.jpg?v=20130730",,,,,,,,,,,,,,"0","0","2","1","37.966324","1","1","23.764505",,"0",,,"2026-07-23","0","0",,"0",,"0","1",,,"0","0","0",,"0","0","0","450",,,"0","0","0","0","15",,,"1","3","6","1","1","2025","0",,"1","0","0","0",,"0","30","0",,,"0","1","0","2026-05-29","https://www.spitogatos.gr/en/property/1219975373",,"0",,"1980",,"residential"
"1","6",,"simple","1",,,,,"0","0","0","0","2026-08-03","0","0","1","0","0",,,"house",,,,"1","Νιώσε σαν στο σπίτι σου, όπου και αν επιλέξεις να μείνεις με την Blueground. Θα λατρέψεις αυτό το κομψά επιπλωμένο διαμέρισμα τριών υπνοδωματίων, για τη διακόσμησή του, την πλήρως εξοπλισμένη κουζίνα και το κομψό καθιστικό του. Βρίσκεται σε ιδανική τοποθεσία, κοντά σε όλα όσα έχει να σου προσφέρει η Καισαριανή!<br><br />
<br />
Η διαφημιζόμενη τιμή των €1,170/μήνα είναι η τιμή για 1 έτος, με ημερομηνία έναρξης Αυγούστου 2, 2026. Η χαμηλότερη διαθέσιμη τιμή είναι €960/μήνα για μίσθωση 2 μήνα(μηνών) και 28 ημέρας(ημερών) με ημερομηνία έναρξης Αυγούστου 2, 2026.<br />
<br>Οι τιμές διαφέρουν ανάλογα με τη διάρκεια παραμονής, την εποχικότητα και άλλους παράγοντες. Επισκεφθείτε τον ιστότοπό μας και εισάγετε τις ημερομηνίες διαμονής σας για να δείτε ενημερωμένες τιμές για την κράτησή σας. Η τιμή ισχύει μόνο με προκαταβολή· ενδέχεται να είναι υψηλότερη εάν πληρωθεί σε δόσεις.<br />
<br />
<b>Κλείστε αυτό το διαμέρισμα online!</b><br />
<br />
https://www.theblueground.com/p/furnished-apartments/ath-741?utm_source=classified-4<br />
<br />
Aναβαθμίστε τη διαμονή σας με ένα πλήρως επιπλωμένο διαμέρισμα από τη Blueground:<br />
      – Επιπλωμένα σπίτια σε τιμές αντίστοιχες με τα ανεπίπλωτα<br />
      – Χωρίς κόστη εγκατάστασης ή αγοράς επίπλων - εξοικονομήστε χρόνο και χρήματα<br />
      – Έτοιμα για άμεση μετακόμιση - το μόνο που χρειάζεστε είναι η βαλίτσα σας<br />
<br />
<b>Ο χώρος</b><br><br />
Έπιπλα μοναδικού design, πλήρως εξοπλισμένη κουζίνα, smart TV ή/και ασύρματα ηχεία τελευταίας τεχνολογίας, είναι λίγες μόνο από τις ανέσεις που σου προσφέρει αυτό το διαμέρισμα τριών υπνοδωματίων της Blueground. Θα το αγαπήσεις όμως και για τη μοναδική του τοποθεσία, καθώς βρίσκεται σε ένα από τα πιο κεντρικά σημεία της Καισαριανής.<br />
<br />
<b>Διαρρύθμιση δωματίων ύπνου</b><br />
    <br />
        Υπέρδιπλο κρεβάτι: 160 εκ.<br />
<br />
        Υπέρδιπλο κρεβάτι: 160 εκ.<br />
<br />
<b>Παροχές κτιρίου</b><br />
<br />
      Ασανσέρ<br />
      Πλυντήριο<br />
      Ταράτσα<br />
<br />
<br />
<b>Άφιξη και συνεχής υποστήριξη πελατών</b><br><br />
Κατά τη διάρκεια της διαμονής σου, η ομάδα μας θα είναι διαθέσιμη για να σε βοηθήσει με οτιδήποτε χρειαστείς. Μέσω της ειδικής mobile εφαρμογής της Blueground έχεις συνεχή υποστήριξη, ενώ μπορείς ακόμη να προγραμματίσεις υπηρεσίες καθαρισμού, συντήρησης ή επισκευής, με το πάτημα ενός κουμπιού.",,"1",,"1","5",,,,,,,,,"0","0","2026-04-06","11",,"0","yes","no","0","Αθήνα - Νότια Προάστια (Αττική)","Καισαριανή (Αθήνα - Νότια Προάστια)","1","105103","102","2214",,,"1","2","0","0","1","1219671805","https://m3.spitogatos.gr/359903630_1600x1200.jpg?v=20130730","https://m1.spitogatos.gr/359903640_1600x1200.jpg?v=20130730","https://m1.spitogatos.gr/359903655_1600x1200.jpg?v=20130730","https://m1.spitogatos.gr/359903667_1600x1200.jpg?v=20130730","https://m3.spitogatos.gr/359903681_1600x1200.jpg?v=20130730","https://m1.spitogatos.gr/359903694_1600x1200.jpg?v=20130730","https://m3.spitogatos.gr/359903708_1600x1200.jpg?v=20130730","https://m2.spitogatos.gr/359903722_1600x1200.jpg?v=20130730","https://m2.spitogatos.gr/359903734_1600x1200.jpg?v=20130730","https://m1.spitogatos.gr/359903745_1600x1200.jpg?v=20130730","https://m3.spitogatos.gr/359903759_1600x1200.jpg?v=20130730","https://m1.spitogatos.gr/359903772_1600x1200.jpg?v=20130730","https://m3.spitogatos.gr/359903783_1600x1200.jpg?v=20130730","https://m3.spitogatos.gr/359903798_1600x1200.jpg?v=20130730","https://m2.spitogatos.gr/359903809_1600x1200.jpg?v=20130730","https://m2.spitogatos.gr/359903824_1600x1200.jpg?v=20130730","https://m1.spitogatos.gr/359903841_1600x1200.jpg?v=20130730","https://m1.spitogatos.gr/359903853_1600x1200.jpg?v=20130730","https://m3.spitogatos.gr/359903870_1600x1200.jpg?v=20130730","https://m3.spitogatos.gr/359903885_1600x1200.jpg?v=20130730","https://m1.spitogatos.gr/359903898_1600x1200.jpg?v=20130730","https://m3.spitogatos.gr/359903909_1600x1200.jpg?v=20130730","https://m2.spitogatos.gr/359903923_1600x1200.jpg?v=20130730","https://m1.spitogatos.gr/359903940_1600x1200.jpg?v=20130730","https://m2.spitogatos.gr/359903968_1600x1200.jpg?v=20130730","1","0",,"0","37.97319","2","0","23.750645",,"0",,,"2026-08-01","0","0",,"0",,"1","1",,,"1","1","0",,"0","0","0","1170","2026-07-29 10:10:30","21","0","0","0","0","11.7","1480","true","1","3",,"1","1",,,,"3","0","1",,,,"100","0",,"Kritonos 23","1","11","0","2026-04-06","https://www.spitogatos.gr/en/property/1219671805","https://www.nodalview.com/jjGLZ1EbnV8QYMRaxWa5RTsT","0",,"1981",,
"0","4","no","prime","3",,,,,"0","0","0","0","2026-05-26","0","1","1","30","1","0",,"house",,,,"1","<br>Κωδικός ακινήτου: 11233 - Καισαριανή Άγιος Νικόλαος Καισαριανής KARAVEL ΕΝΟΙΚΙΑΖΕΤΑΙ διαμέρισμα 2 επιπέδων συνολικής επιφάνειας 121.00 τ.μ. . Αποτελείται από μεγάλο χολ,  σαλόνι, 3 υπνοδωμάτια, κουζίνα, 2 μπάνια, μικρή αποθήκη και 2 μεγάλες βεράντες 30 τ.μ. και 90 τ.μ.. Είναι κατασκευασμένο το 1999 με ενεργειακή κλάση Β+ και διαθέτει θέρμανση αυτόνομη - πετρελαίου, απεριόριστη θέα, κουφώματα αλουμινίου, πατώματα από πλακάκι και ξύλο, πόρτα ασφαλείας, εντοιχιζόμενες ντουλάπες, ανελκυστήρα, 2 αποθήκες στο υπουργείο 11 τ.μ.  και στο διαμέρισμα 2 τ.μ. , τριπλή ενέργεια, τέντες, διπλά τζάμια, ηλιακό θερμοσίφωνα, boiler, θυροτηλεόραση, ανοιχτωσιά, οπτικές ίνες, μπαλκόνια 30 τ.μ. δυνατότητα και για το πάρκινγκ,  απόσταση από μετρό Ευαγγελισμό 800 μέτρα, από μελλοντικό μέτρο Καισαριανής 300 μέτρα - Τιμή: 1.000 €. <br>  Η διεύθυνση στο χάρτη είναι ενδεικτική,  αλλά πλησίον αυτής. <br />
  Τα χαρακτηριστικά στην περιγραφή του ακινήτου βασίζονται σε πληροφορίες που παρέχονται από τον ιδιοκτήτη. <br />
  Υπόδειξη του ακινήτου  γίνεται μόνο με επίδειξη της αστυνομικής ταυτότητας και του ΑΦΜ  από όλους τους παραβρισκόμενους, βάση  τον  Νόμο  Ν.4072/2012 - ΦΕΚ 86/Α/11-4-2012.<br />
   Για περισσότερες πληροφορίες:<br />
  YOUR PROPERTIES - REAL ESTATE<br />
►WEBSITE : www.yourproperties.gr<br />
►E-MAIL : info@yourproperties.gr<br />
►ΚΙΝΗΤΟ : +30 6974381939 (VIBER & WHATSAPP) <br />
►ΤΗΛΕΦΩΝΟ : +30 2107246640",,,,"1","3",,,,,,,,,"1","0","2026-05-26","9","10","1","no","yes","0","Αθήνα - Νότια Προάστια (Αττική)","Καισαριανή (Αθήνα - Νότια Προάστια)","1","105103","102","2214","123161","Double","1","1","0","0","1","1219955127","https://m2.spitogatos.gr/354700741_1600x1200.jpg?v=20130730","https://m3.spitogatos.gr/354700757_1600x1200.jpg?v=20130730","https://m3.spitogatos.gr/354700763_1600x1200.jpg?v=20130730","https://m2.spitogatos.gr/354700768_1600x1200.jpg?v=20130730","https://m3.spitogatos.gr/354700775_1600x1200.jpg?v=20130730","https://m3.spitogatos.gr/354700784_1600x1200.jpg?v=20130730","https://m3.spitogatos.gr/354700793_1600x1200.jpg?v=20130730","https://m2.spitogatos.gr/354700795_1600x1200.jpg?v=20130730","https://m3.spitogatos.gr/354700799_1600x1200.jpg?v=20130730","https://m2.spitogatos.gr/354700801_1600x1200.jpg?v=20130730","https://m3.spitogatos.gr/354700802_1600x1200.jpg?v=20130730","https://m1.spitogatos.gr/354700803_1600x1200.jpg?v=20130730","https://m2.spitogatos.gr/354700804_1600x1200.jpg?v=20130730","https://m3.spitogatos.gr/354700805_1600x1200.jpg?v=20130730","https://m1.spitogatos.gr/354700806_1600x1200.jpg?v=20130730","https://m2.spitogatos.gr/354700807_1600x1200.jpg?v=20130730","https://m1.spitogatos.gr/354700809_1600x1200.jpg?v=20130730","https://m2.spitogatos.gr/354700810_1600x1200.jpg?v=20130730","https://m3.spitogatos.gr/354700811_1600x1200.jpg?v=20130730","https://m1.spitogatos.gr/354700815_1600x1200.jpg?v=20130730","https://m3.spitogatos.gr/354700820_1600x1200.jpg?v=20130730",,,,,"0","0","2","1","37.971939","2","1","23.75214",,"1",,,"2026-07-30","0","0",,"0",,"0","2","5","3","1","1","0",,"0","0","0","1000","2026-07-20 20:23:06","17","0","0","0","0","8.26","1200","true","1","3","6","1","0",,"0","1","3","0","1",,,"1","121","1",,"Θεαγένους 25-25, 161 21, Καισαριανή","1","1","0","2026-05-26","https://www.spitogatos.gr/en/property/1219955127",,"1","0","1999",,"residential"
"1","1",,"up","1",,,,,,"1",,"0","2026-05-19","0",,"1","0",,,,"house",,"14","17594772",,"Φοιτητικό-Δίπλα στην Πανεπιστημιούπολη Ζωγράφου,  50 μέτρα από την Σχολή της Πληροφορικής και κοντά σε όλες τις υπόλοιπες Σχολές. Διαμέρισμα 46 τμ ανακαινισμένο, σύγχρονο,  με πόρτα ασφαλείας, κουφώματα αλουμινίου,  διπλά τζάμια,  τέντες,  συναγερμός, αυτόνομη θέρμανση πετρελαίου,  δύο καινούρια aircondition, φωτεινό σε όλα τα δωμάτια,  μεγάλη βεράντα, εντοιχισμένη ντουλάπα, υπάρχει μέσα ψυγείο,  ηλεκτρική κουζίνα,  και αν επιθυμείτε μπορεί να δοθεί ένα μονό κρεβάτι.",,,,"1","4","509862","no","all","amountaki@yahoo.gr","17594772","Αργυρώ","Μουντάκη","+306945978926",,,"2026-05-19","6",,,,,,"Αθήνα - Νότια Προάστια (Αττική)","Καισαριανή (Αθήνα - Νότια Προάστια)","1","105103","102","2214","123163",,"1","1",,"0","1","1219914774","https://m3.spitogatos.gr/354459569_1600x1200.jpg?v=20130730","https://m2.spitogatos.gr/353984677_1600x1200.jpg?v=20130730","https://m3.spitogatos.gr/354459437_1600x1200.jpg?v=20130730","https://m3.spitogatos.gr/354460268_1600x1200.jpg?v=20130730","https://m1.spitogatos.gr/360795795_1600x1200.jpg?v=20130730","https://m3.spitogatos.gr/353984678_1600x1200.jpg?v=20130730","https://m1.spitogatos.gr/354459429_1600x1200.jpg?v=20130730","https://m1.spitogatos.gr/354460269_1600x1200.jpg?v=20130730","https://m1.spitogatos.gr/353984706_1600x1200.jpg?v=20130730","https://m1.spitogatos.gr/360795855_1600x1200.jpg?v=20130730","https://m2.spitogatos.gr/360795484_1600x1200.jpg?v=20130730","https://m2.spitogatos.gr/353984983_1600x1200.jpg?v=20130730","https://m3.spitogatos.gr/353984717_1600x1200.jpg?v=20130730","https://m3.spitogatos.gr/353985014_1600x1200.jpg?v=20130730","https://m2.spitogatos.gr/360795487_1600x1200.jpg?v=20130730","https://m1.spitogatos.gr/354459531_1600x1200.jpg?v=20130730","https://m3.spitogatos.gr/360795701_1600x1200.jpg?v=20130730","https://m2.spitogatos.gr/360795697_1600x1200.jpg?v=20130730","https://m1.spitogatos.gr/360795468_1600x1200.jpg?v=20130730","https://m3.spitogatos.gr/360795470_1600x1200.jpg?v=20130730","https://m2.spitogatos.gr/360795472_1600x1200.jpg?v=20130730","https://m2.spitogatos.gr/360795475_1600x1200.jpg?v=20130730","https://m1.spitogatos.gr/360795480_1600x1200.jpg?v=20130730",,,,,,"1","37.967258","1","1","23.765181",,,,,"2026-07-07","0",,,,"yes","0","1",,"10",,"0",,,,,,"600",,,"0","0","0","0","13.04",,,"4",,,"1","1",,,,"1",,"1",,,"1","46",,,"Λεωφόρος Εθνικής Αντιστάσεως, 143 161 22 Καισαριανή","1","1",,"2026-05-19","https://www.spitogatos.gr/en/property/1219914774",,,,"1990",,"residential"
"1","3",,"simple","1",,,,,"0","0","0","0","2026-10-02","0","0","1","0","0",,,"house",,,,"1","Ξεκίνα να ζεις από την πρώτη μέρα, σε αυτό το μοντέρνα επιπλωμένο διαμέρισμα δύο υπνοδωματίων της Blueground στο κέντρο της Καισαριανής. Πλήρως εξοπλισμένο με έπιπλα μοναδικού design, ηλεκτρικές συσκευές τελευταίας τεχνολογίας.<br><br />
<br />
Η διαφημιζόμενη τιμή των €1,020/μήνα είναι η τιμή για 1 έτος, με ημερομηνία έναρξης Οκτωβρίου 1, 2026. Η χαμηλότερη διαθέσιμη τιμή είναι €990/μήνα για μίσθωση 8 μήνα(μηνών) και 15 ημέρας(ημερών) με ημερομηνία έναρξης Οκτωβρίου 1, 2026.<br />
<br>Οι τιμές διαφέρουν ανάλογα με τη διάρκεια παραμονής, την εποχικότητα και άλλους παράγοντες. Επισκεφθείτε τον ιστότοπό μας και εισάγετε τις ημερομηνίες διαμονής σας για να δείτε ενημερωμένες τιμές για την κράτησή σας. Η τιμή ισχύει μόνο με προκαταβολή· ενδέχεται να είναι υψηλότερη εάν πληρωθεί σε δόσεις.<br />
<br />
<b>Κλείστε αυτό το διαμέρισμα online!</b><br />
<br />
https://www.theblueground.com/p/furnished-apartments/ath-1414?utm_source=classified-4<br />
<br />
Aναβαθμίστε τη διαμονή σας με ένα πλήρως επιπλωμένο διαμέρισμα από τη Blueground:<br />
      – Επιπλωμένα σπίτια σε τιμές αντίστοιχες με τα ανεπίπλωτα<br />
      – Χωρίς κόστη εγκατάστασης ή αγοράς επίπλων - εξοικονομήστε χρόνο και χρήματα<br />
      – Έτοιμα για άμεση μετακόμιση - το μόνο που χρειάζεστε είναι η βαλίτσα σας<br />
<br />
<b>Ο χώρος</b><br><br />
Σε αυτό το άνετο Blueground διαμέρισμα δύο υπνοδωματίων, θα βρεις ένα χώρο προσεκτικά σχεδιασμένο και πλήρως εξοπλισμένο με έπιπλα μοναδικού design και ηλεκτρικές συσκευές τελευταίας τεχνολογίας.<br />
Νιώσε όμορφα και χαλαρά στο νέο σου σπίτι κάθε στιγμή. Και όταν θα θες να διασκεδάσεις, μπορείς να βγεις και να αφεθείς στον παλμό της Καισαριανής ή να φέρεις τη διασκέδαση σπίτι, με τα ασύρματα ηχεία ή τη smart TV.<br />
<br />
<b>Διαρρύθμιση δωματίων ύπνου</b><br />
    <br />
        Υπέρδιπλο κρεβάτι: 160 εκ.<br />
<br />
        Διπλό κρεβάτι: 140 εκ.<br />
<br />
<b>Παροχές κτιρίου</b><br />
<br />
      Ασανσέρ<br />
      Πλυντήριο<br />
<br />
<br />
<b>Άφιξη και συνεχής υποστήριξη πελατών</b><br><br />
Κατά τη διάρκεια της διαμονής σου, η ομάδα μας θα είναι διαθέσιμη για να σε βοηθήσει με οτιδήποτε χρειαστείς. Μέσω της ειδικής mobile εφαρμογής της Blueground έχεις συνεχή υποστήριξη, ενώ μπορείς ακόμη να προγραμματίσεις υπηρεσίες καθαρισμού, συντήρησης ή επισκευής, με το πάτημα ενός κουμπιού.",,"1",,"1","4",,,,,,,,,"0","0","2026-07-09","8",,"0","yes","no","0","Αθήνα - Νότια Προάστια (Αττική)","Καισαριανή (Αθήνα - Νότια Προάστια)","1","105103","102","2214",,,"1",,"0","0","1","1220343360","https://m2.spitogatos.gr/361209142_1600x1200.jpg?v=20130730","https://m1.spitogatos.gr/361209144_1600x1200.jpg?v=20130730","https://m1.spitogatos.gr/361209147_1600x1200.jpg?v=20130730","https://m3.spitogatos.gr/361209161_1600x1200.jpg?v=20130730","https://m2.spitogatos.gr/361209172_1600x1200.jpg?v=20130730","https://m2.spitogatos.gr/361209175_1600x1200.jpg?v=20130730","https://m2.spitogatos.gr/361209178_1600x1200.jpg?v=20130730","https://m1.spitogatos.gr/361209180_1600x1200.jpg?v=20130730","https://m3.spitogatos.gr/361209182_1600x1200.jpg?v=20130730","https://m1.spitogatos.gr/361209195_1600x1200.jpg?v=20130730","https://m2.spitogatos.gr/361209196_1600x1200.jpg?v=20130730","https://m3.spitogatos.gr/361209197_1600x1200.jpg?v=20130730","https://m1.spitogatos.gr/361209210_1600x1200.jpg?v=20130730","https://m3.spitogatos.gr/361209227_1600x1200.jpg?v=20130730","https://m1.spitogatos.gr/361209231_1600x1200.jpg?v=20130730","https://m1.spitogatos.gr/361209237_1600x1200.jpg?v=20130730","https://m2.spitogatos.gr/361209241_1600x1200.jpg?v=20130730","https://m2.spitogatos.gr/361209247_1600x1200.jpg?v=20130730","https://m1.spitogatos.gr/361209252_1600x1200.jpg?v=20130730","https://m1.spitogatos.gr/361209255_1600x1200.jpg?v=20130730","https://m3.spitogatos.gr/361209257_1600x1200.jpg?v=20130730","https://m3.spitogatos.gr/361209260_1600x1200.jpg?v=20130730","https://m2.spitogatos.gr/361209286_1600x1200.jpg?v=20130730",,,"0","0",,"0","37.967182","1","0","23.75465",,"0",,,"2026-08-01","0","0",,"0",,"0","1",,,"1","0","0",,"0","0","0","1020",,,"0","0","0","0","13.6",,,"1","3",,"1","1",,,,"2","0","1",,,,"75","0",,"Formionos 85","1","1","0","2026-07-09","https://www.spitogatos.gr/en/property/1220343360","https://nodalview.com/s/1BVuLlNqHELhZQAZJN-zX6","0",,"1975",,
"0","5","no","simple","1",,,,,"1","0","0","0","2026-08-01","0","1","0","0","1","0","false","house","0","30",,"1","Κάτω Καισαριανή: ενοικιάζεται  οροφομεζονέτα με συνολικό εμβαδό 125 τ.μ., 4oυ-5ου ορόφου, κατασκευής 1998. Το ακίνητο αποτελείται από σαλόνι, ξεχωριστή κουζίνα, τρία υπνοδωμάτια, δύο πλήρη λουτρά και μεγάλες βεράντες, συνολικής επιφάνειας 100 τ.μ. και εσωτερική αποθήκη. <br />
Διαθέτει πόρτα ασφαλείας, αλουμίνια διπλά τζάμια, πλακάκια στους χώρους υποδοχής και ξύλινα δάπεδα στα υπνοδωμάτια, τέντες, ηλιακό, αυτόνομη θέρμανση πετρελαίου, ασανσέρ, είναι φωτεινό και ηλιόλουστο με ανατολικό προσανατολισμό και έχει ανεμπόδιστη θέα σε Υμηττό - Λυκαβηττό - πλατεία. <br />
Βρίσκεται σε απόσταση 800 μέτρων από μετρό και  150 μέτρων από το μελλοντικό σταθμό Αγίου Νικολάου και στάση ΜΜΜ, πλησίον cafe, restaurants, αγοράς. <br />
Ενεργειακή κλάση: Δ. <br />
Κωδικός ακινήτου 3-6877. <br />
<br />
Τιμή: 1.200€. <br />
<br />
Find: www.find.com.gr, <br />
contact@find.com.gr. <br />
+30 2114004141, <br />
+30 2114004242. <br />
<br />
Η διεύθυνση ή το στίγμα στο χάρτη είναι κατά προσέγγιση και δεν υποδεικνύουν την ακριβή τοποθεσία του ακινήτου, αλλά πλησίον αυτής. <br />
<br />
Για την υπόδειξη του ακινήτου είναι απαραίτητη η προσκόμιση της ταυτότητας και του ΑΦΜ του ενδιαφερομένου αγοραστή/ενοικιαστή (Νόμοι 4072/2012 και 4557/2018). <br />
<br />
Κάποια χαρακτηριστικά στην περιγραφή του ακινήτου βασίζονται σε πληροφορίες που παρέχονται από τον ιδιοκτήτη και δεν αποτελούν μέρος οποιασδήποτε σύμβασης. <br />
<br />
Find Real Estate. <br />
Μέλος: NAR, CEPΙ, ΣΜΑΣΑ, ΕΠΠΑ.","12900",,"0","1","6",,,,,,,,,"1","0","2026-06-10","10","10","0","no","no","0","Αθήνα - Νότια Προάστια (Αττική)","Καισαριανή (Αθήνα - Νότια Προάστια)","1","105103","102","2214","123161","Double","1","1","0","0","1","1220085620","https://m3.spitogatos.gr/356681987_1600x1200.jpg?v=20130730","https://m2.spitogatos.gr/356681992_1600x1200.jpg?v=20130730","https://m3.spitogatos.gr/356681999_1600x1200.jpg?v=20130730","https://m3.spitogatos.gr/356682008_1600x1200.jpg?v=20130730","https://m3.spitogatos.gr/356682017_1600x1200.jpg?v=20130730","https://m2.spitogatos.gr/356682025_1600x1200.jpg?v=20130730","https://m1.spitogatos.gr/356682036_1600x1200.jpg?v=20130730","https://m1.spitogatos.gr/356682048_1600x1200.jpg?v=20130730","https://m1.spitogatos.gr/356682054_1600x1200.jpg?v=20130730","https://m3.spitogatos.gr/356682056_1600x1200.jpg?v=20130730","https://m1.spitogatos.gr/356682057_1600x1200.jpg?v=20130730","https://m2.spitogatos.gr/356682058_1600x1200.jpg?v=20130730","https://m3.spitogatos.gr/356682062_1600x1200.jpg?v=20130730","https://m3.spitogatos.gr/356682068_1600x1200.jpg?v=20130730","https://m2.spitogatos.gr/356682076_1600x1200.jpg?v=20130730","https://m2.spitogatos.gr/356682082_1600x1200.jpg?v=20130730","https://m1.spitogatos.gr/356682087_1600x1200.jpg?v=20130730","https://m3.spitogatos.gr/356682101_1600x1200.jpg?v=20130730","https://m3.spitogatos.gr/356682107_1600x1200.jpg?v=20130730","https://m2.spitogatos.gr/356682115_1600x1200.jpg?v=20130730","https://m3.spitogatos.gr/356682122_1600x1200.jpg?v=20130730","https://m2.spitogatos.gr/356682127_1600x1200.jpg?v=20130730","https://m2.spitogatos.gr/356682133_1600x1200.jpg?v=20130730","https://m1.spitogatos.gr/356682138_1600x1200.jpg?v=20130730","https://m1.spitogatos.gr/356682141_1600x1200.jpg?v=20130730","1","0","2","1","37.970463","2","1","23.752892","300","0","0","0","2026-07-31","0","0",,"0",,"0","2","5","1","0","0","0","1","0","0","0","1200",,,"0","0","0","0","9.6",,,"1","3","6","1","0",,"0","1","3","0","1",,,"1","125","0",,"Κιουπεκτσόγλου, 161 21, Καισαριανή","0","3","0","2026-06-10","https://www.spitogatos.gr/en/property/1220085620",,"1","0","1998","jTziU1zNt5Q","residential"
"0","4","no","simple","1",,,,,"0","0","0","0","2026-06-05","0","0","1","0","1","0",,"house","0","60",,"1","ΚΑΙΣΑΡΙΑΝΗ, σε μία από τις πιο προνομιακές περιοχές των Νοτίων Προαστίων της Αθήνας, διατίθεται προς ενοικίαση εξαιρετική ανακαινισμένη μεζονέτα-ρετιρέ συνολικής επιφάνειας 122 τ.μ., που συνδυάζει άνεση, λειτουργικότητα και σύγχρονη αισθητική. Το ακίνητο βρίσκεται στον 4ο όροφο προσεγμένης πολυκατοικίας, είναι γωνιακό και ιδιαίτερα φωτεινό, ενώ αναπτύσσεται σε δύο επίπεδα, προσφέροντας ιδανική διαρρύθμιση για οικογένειες  που αναζητούν ποιοτική κατοικία σε κομβικό σημείο της πόλης.<br />
Κατασκευασμένο το 1999 και πλήρως ανακαινισμένο το 2020, το ακίνητο διαθέτει ευρύχωρο σαλόνι, τρία άνετα υπνοδωμάτια, ανεξάρτητη κουζίνα, δύο μπάνια.  Τα μεγάλα μπαλκόνια εξασφαλίζουν άπλετο φυσικό φως καθ’ όλη τη διάρκεια της ημέρας, ενώ η εσωτερική σκάλα προσδίδει ιδιαίτερο χαρακτήρα και αίσθηση πολυτέλειας. Επιπλέον, διαθέτει αυτόνομη <br />
θέρμανση πετρελαίου, πόρτα ασφαλείας, κουφώματα αλουμινίου, σίτες, θυροτηλέφωνο και ανελκυστήρα, προσφέροντας άνεση και ασφάλεια στην καθημερινότητα. Πρόκειται για μία εξαιρετική επιλογή κατοικίας σε μια ζωντανή και ιδιαίτερα εξυπηρετική περιοχή, με άμεση πρόσβαση σε μέσα μεταφοράς, αγορά, πανεπιστήμια και χώρους πρασίνου. Η θέση του ακινήτου στον χάρτη είναι ενδεικτική και όχι ακριβής. Τα στοιχεία των ακινήτων τα αναφερόμενα στις αγγελίες μας προέρχονται από πληροφορίες από τους ιδιοκτήτες , ή, από τίτλους ιδιοκτησίας.<br />
<br />
Απαραίτητη η αστυνομική ταυτότητα και το ΑΦΜ του ενδιαφερομένου για την υπόδειξη του ακινήτου, ( Ν. 4072 /11 -4 -2012 ΦΕΚ 86 Α), απαιτείται υπογραφή μεσιτικής εντολής. <br />
Μεσιτική αμοιβή για την αγορά ακινήτου ανερχόμενη σε ποσοστό (2%), με ελάχιστη αμοιβή τα 1500€ και επιπλέον του εκ νόμου προβλεπόμενο ΦΠΑ επί του τιμήματος του πωλούμενου ή ανταλλασσόμενου ακινήτου ή επί των ενδεχομένως νέων συμφωνηθέντων τιμών. <br />
<br />
Στην περίπτωση της μίσθωσης η μεσιτική αμοιβή ορίζεται σε 1 μηνιαίο μίσθωμα + ΦΠΑ. Τα στοιχεία των ακινήτων τα αναφερόμενα στις αγγελίες μας προέρχονται από πληροφορίες από τους ιδιοκτήτες , ή, από τίτλους ιδιοκτησίας. Ελεγχος για την ορθότητα των στοιχείων αυτών πραγματοποιείται από μηχανικό του ενδιαφερομένου αγοραστή. Οι τιμές των ακινήτων δύνανται να υπόκεινται σε αυξομειώσεις, σύμφωνα με την επιθυμία των ιδιοκτητών. Μεσιτικό Γραφείο CityValue Real Estate, 2110131513, leads@cityvalue.gr - https://cityvalue.gr",,,"0","1","6",,,,,,,,,"1","0","2026-05-14","9","10","0","no","no","0","Αθήνα - Νότια Προάστια (Αττική)","Καισαριανή (Αθήνα - Νότια Προάστια)","1","105103","102","2214","123161","Double","1","1","0","0","1","1219888661","https://m1.spitogatos.gr/355703988_1600x1200.jpg?v=20130730","https://m1.spitogatos.gr/355703991_1600x1200.jpg?v=20130730","https://m2.spitogatos.gr/355704049_1600x1200.jpg?v=20130730","https://m1.spitogatos.gr/355704069_1600x1200.jpg?v=20130730","https://m3.spitogatos.gr/355704092_1600x1200.jpg?v=20130730","https://m2.spitogatos.gr/355704115_1600x1200.jpg?v=20130730","https://m3.spitogatos.gr/355704155_1600x1200.jpg?v=20130730","https://m3.spitogatos.gr/355704158_1600x1200.jpg?v=20130730","https://m3.spitogatos.gr/355704218_1600x1200.jpg?v=20130730","https://m1.spitogatos.gr/355704249_1600x1200.jpg?v=20130730","https://m3.spitogatos.gr/355704266_1600x1200.jpg?v=20130730","https://m1.spitogatos.gr/355704285_1600x1200.jpg?v=20130730","https://m3.spitogatos.gr/355704311_1600x1200.jpg?v=20130730","https://m2.spitogatos.gr/355704331_1600x1200.jpg?v=20130730","https://m3.spitogatos.gr/355704392_1600x1200.jpg?v=20130730","https://m1.spitogatos.gr/355704399_1600x1200.jpg?v=20130730","https://m1.spitogatos.gr/355704417_1600x1200.jpg?v=20130730","https://m1.spitogatos.gr/355704474_1600x1200.jpg?v=20130730","https://m2.spitogatos.gr/355704478_1600x1200.jpg?v=20130730","https://m1.spitogatos.gr/355704486_1600x1200.jpg?v=20130730","https://m3.spitogatos.gr/355704548_1600x1200.jpg?v=20130730","https://m3.spitogatos.gr/355704587_1600x1200.jpg?v=20130730",,,,"1","0","2","1","37.969421","2","1","23.753075",,"0","0","0","2026-07-20","0","0",,"0",,"0","2","5","3","1","1","1",,"0","0","0","1300",,,"0","0","0","0","10.66",,,"1","3","6","1","1","2020","0","1","3","0","1",,,"1","122","0",,"Γρηγορίου Θεολόγου, Καισαριανή 16121","0","3","0","2026-05-14","https://www.spitogatos.gr/en/property/1219888661",,"1","0","1999",,"residential"
"1","2","no","simple","1",,,,,"0","0","0","0","2026-07-14","0","0","0","8","1","0","false","house","0","20",,"0","Κωδικός Ακινήτου: #12485. Καισαριανή, Άγιος Νικόλαος Καισαριανής: Ενοικιάζεται πλήρως ανακαινισμένο Διαμέρισμα 50τ.μ. στον 2ο όροφο με ασανσέρ . Αποτελείται από 1 υπνοδωμάτιο, 1 κουζίνα, 1 σαλόνι, και μπάνιο. Είναι πλήρως επιπλωμένο, εξοπλισμένο, κατασκευασμένο το 1960, κοντά σε ΜΕΣΑ ΜΑΖΙΚΗΣ ΜΕΤΑΦΟΡΑΣ και διαθέτει κουφώματα αλουμινίου με διπλά τζάμια, πόρτα ασφαλείας, κλιματισμό,  δάπεδα από μωσαϊκό & ξύλο, ηλιακό θερμοσίφωνα. Επιτρέπονται τα κατοικίδια. Δωρεάν Παροχές: internet.<br><br />
Τιμή 750€ | Κωδικός Ακινήτου: #12485<br><br />
ΚΑΤΑ ΤΗΝ ΥΠΟΔΕΙΞΗ ΤΟΥ ΑΚΙΝΗΤΟΥ ΑΠΑΙΤΕΙΤΑΙ ΝΑ ΓΙΝΕΤΑΙ ΕΠΙΔΕΙΞΗ ΤΗΣ ΑΣΤΥΝΟΜΙΚΗΣ ΣΑΣ ΤΑΥΤΟΤΗΤΑΣ ΣΥΜΦΩΝΑ ΜΕ ΤΟΝ Ν.4072/11-04-2012 Φ.Ε.Κ 86Α<br /><br />ΤΑ ΣΤΟΙΧΕΙΑ ΤΩΝ ΑΚΙΝΗΤΩΝ ΕΙΝΑΙ ΚΑΤΑ ΔΗΛΩΣΗ ΤΟΥ ΙΔΙΟΚΤΗΤΗ<br /><br />ΑΚΙΝΗΤΑ ΑΠΟΚΛΕΙΣΤΙΚΗΣ ΔΙΑΘΕΣΗΣ ΜΕ ΦΩΤΟΓΡΑΦΙΕΣ ΠΟΥ ΔΙΑΧΕΙΡΙΖΕΤΑΙ Η ΕΤΑΙΡΙΑ ΜΑΣ ΘΑ ΒΡΕΙΤΕ ΣΤΗΝ ΙΣΤΟΣΕΛΙΔΑ ΜΑΣ<br /><br /> ►WEBSITE: www.tzelihome.gr<br /><br /> ✔ ΓΙΑ ΤΗΝ ΚΑΛΥΤΕΡΗ ΕΞΥΠΗΡΕΤΗΣΗ ΣΑΣ ΧΡΗΣΙΜΟΠΟΙΕΙΣΤΕ ΤΟΝ ΚΩΔΙΚΟ ΑΚΙΝΗΤΟΥ ΠΟΥ ΑΝΑΓΡΑΦΕΤΑΙ ΣΤΗΝ ΠΕΡΙΓΡΑΦΗ<br /> ✔ Η ΔΙΕΥΘΥΝΣΗ ΣΤΟΝ ΧΑΡΤΗ ΕΧΕΙ ΤΟΠΟΘΕΤΗΘΕΙ ΚΑΤΑ ΠΡΟΣΕΓΓΙΣΗ<br /> ✔ ΟΙ ΑΚΡΙΒΕΙΣ ΠΛΗΡΟΦΟΡΙΕΣ ΤΗΣ ΔΙΕΥΘΥΝΣΗΣ ΠΑΡΕΧΟΝΤΑΙ ΣΤΗΝ ΥΠΟΔΕΙΞΗ ΤΟΥ ΑΚΙΝΗΤΟΥ<br /><br /> ΜΕΣΙΤΙΚΟ ΓΡΑΦΕΙΟ TZELI HOME<br /> ΥΜΗΤΤΟΥ 41 , ΚΑΙΣΑΡΙΑΝΗ , ΤΚ 16121<br /><br /> ΕΠΙΚΟΙΝΩΝΗΣΤΕ ΜΑΖΙ ΜΑΣ:<br /> ►WEBSITE : www.tzelihome.gr<br /> ►E-MAIL : tzelihome@gmail.com<br /> ►ΚΙΝΗΤΟ : 6906.062.919 <br /> ►ΤΗΛΕΦΩΝΟ : 211.001.4573 & 211.001.4574<br>","8000",,"0","1","6",,,,,,,,,"0","0","2026-07-15","7","11","0","yes","no","0","Αθήνα - Νότια Προάστια (Αττική)","Καισαριανή (Αθήνα - Νότια Προάστια)","1","105103","102","2214","123161","Double","1","4","0","0","1","1220393392","https://m2.spitogatos.gr/361956652_1600x1200.jpg?v=20130730","https://m1.spitogatos.gr/361956660_1600x1200.jpg?v=20130730","https://m2.spitogatos.gr/361956661_1600x1200.jpg?v=20130730","https://m3.spitogatos.gr/361956674_1600x1200.jpg?v=20130730","https://m1.spitogatos.gr/361956675_1600x1200.jpg?v=20130730","https://m2.spitogatos.gr/361956676_1600x1200.jpg?v=20130730","https://m3.spitogatos.gr/361956677_1600x1200.jpg?v=20130730","https://m3.spitogatos.gr/361956686_1600x1200.jpg?v=20130730","https://m2.spitogatos.gr/361956700_1600x1200.jpg?v=20130730","https://m1.spitogatos.gr/361956717_1600x1200.jpg?v=20130730","https://m2.spitogatos.gr/361956718_1600x1200.jpg?v=20130730","https://m3.spitogatos.gr/361956719_1600x1200.jpg?v=20130730","https://m1.spitogatos.gr/361956720_1600x1200.jpg?v=20130730","https://m2.spitogatos.gr/361956721_1600x1200.jpg?v=20130730","https://m3.spitogatos.gr/361956722_1600x1200.jpg?v=20130730","https://m1.spitogatos.gr/361956723_1600x1200.jpg?v=20130730","https://m3.spitogatos.gr/361956725_1600x1200.jpg?v=20130730","https://m3.spitogatos.gr/361956728_1600x1200.jpg?v=20130730","https://m2.spitogatos.gr/361956730_1600x1200.jpg?v=20130730","https://m2.spitogatos.gr/361956733_1600x1200.jpg?v=20130730","https://m3.spitogatos.gr/361956737_1600x1200.jpg?v=20130730","https://m3.spitogatos.gr/361956740_1600x1200.jpg?v=20130730","https://m3.spitogatos.gr/361956746_1600x1200.jpg?v=20130730","https://m1.spitogatos.gr/361956750_1600x1200.jpg?v=20130730","https://m1.spitogatos.gr/361956753_1600x1200.jpg?v=20130730","0","0","2","1","37.970482","1","1","23.752163",,"0","0","0","2026-07-17","0","0",,"0",,"0","1",,"2","0","0","0","1","0","0","0","750",,,"0","0","0","0","15",,,"1","3","6","1","1","2024","0","1","1","0","1",,,"1","50","0",,,"0","1","0","2026-07-15","https://www.spitogatos.gr/en/property/1220393392",,"0",,"1960","eLEJ9x6xOM0","residential"
"1","Upper Ground","no","simple","1",,,,,"0","0","0","0","2026-06-08","0","0","0","0","1","0",,"house","0","17",,"0","ΠΑΓΚΡΑΤΙ  Προς μίσθωση διατίθεται πλήρως ανακαινισμένο και επιπλωμένο διαμέρισμα 65 τ.μ. στο Παγκράτι, σε ήσυχη και προνομιακή τοποθεσία πίσω από το Divani Caravel. Το ακίνητο βρίσκεται σε υπερυψωμένο ισόγειο και αποτελείται από φωτεινό καθιστικό με τραπεζαρία, ανεξάρτητη σύγχρονη κουζίνα, δύο άνετους χώρους που μπορούν να διαμορφωθούν ως υπνοδωμάτια ή γραφείο, μοντέρνο λουτρό και πατάρι αποθήκευσης. Διατίθεται με πλήρη επίπλωση και ηλεκτρικές συσκευές, ενώ διαθέτει τρία κλιματιστικά, διπλά τζάμια και υποδομή οπτικής ίνας. Σε απόσταση περίπου 700 μέτρων από τον Σταθμός Μετρό Ευαγγελισμός, προσφέρει άμεση πρόσβαση στο κέντρο της πόλης και αποτελεί ιδανική επιλογή για επαγγελματίες, φοιτητές, ζευγάρια και όσους εργάζονται εξ αποστάσεως. Η θέση του ακινήτου στον χάρτη είναι ενδεικτική και όχι ακριβής. Τα στοιχεία των ακινήτων τα αναφερόμενα στις αγγελίες μας προέρχονται από πληροφορίες από τους ιδιοκτήτες , ή, από τίτλους ιδιοκτησίας.<br />
<br />
Απαραίτητη η αστυνομική ταυτότητα και το ΑΦΜ του ενδιαφερομένου για την υπόδειξη του ακινήτου, ( Ν. 4072 /11 -4 -2012 ΦΕΚ 86 Α), απαιτείται υπογραφή μεσιτικής εντολής. <br />
Μεσιτική αμοιβή για την αγορά ακινήτου ανερχόμενη σε ποσοστό (2%), με ελάχιστη αμοιβή τα 1500€ και επιπλέον του εκ νόμου προβλεπόμενο ΦΠΑ επί του τιμήματος του πωλούμενου ή ανταλλασσόμενου ακινήτου ή επί των ενδεχομένως νέων συμφωνηθέντων τιμών. <br />
<br />
Στην περίπτωση της μίσθωσης η μεσιτική αμοιβή ορίζεται σε 1 μηνιαίο μίσθωμα + ΦΠΑ. Τα στοιχεία των ακινήτων τα αναφερόμενα στις αγγελίες μας προέρχονται από πληροφορίες από τους ιδιοκτήτες , ή, από τίτλους ιδιοκτησίας. Ελεγχος για την ορθότητα των στοιχείων αυτών πραγματοποιείται από μηχανικό του ενδιαφερομένου αγοραστή. Οι τιμές των ακινήτων δύνανται να υπόκεινται σε αυξομειώσεις, σύμφωνα με την επιθυμία των ιδιοκτητών. Μεσιτικό Γραφείο CityValue Real Estate, 2110131513, leads@cityvalue.gr - https://cityvalue.gr",,,"0","0","5",,,,,,,,,"1","0","2026-06-08","4","2","0","yes","no","0","Αθήνα - Νότια Προάστια (Αττική)","Καισαριανή (Αθήνα - Νότια Προάστια)","1","105103","102","2214","123161","Double","1","4","0","0","1","1220073508","https://m2.spitogatos.gr/356485228_1600x1200.jpg?v=20130730","https://m2.spitogatos.gr/356485240_1600x1200.jpg?v=20130730","https://m1.spitogatos.gr/356485242_1600x1200.jpg?v=20130730","https://m3.spitogatos.gr/356485244_1600x1200.jpg?v=20130730","https://m2.spitogatos.gr/356485246_1600x1200.jpg?v=20130730","https://m1.spitogatos.gr/356485248_1600x1200.jpg?v=20130730","https://m3.spitogatos.gr/356485250_1600x1200.jpg?v=20130730","https://m1.spitogatos.gr/356485275_1600x1200.jpg?v=20130730","https://m3.spitogatos.gr/356485277_1600x1200.jpg?v=20130730","https://m2.spitogatos.gr/356485279_1600x1200.jpg?v=20130730","https://m1.spitogatos.gr/356485281_1600x1200.jpg?v=20130730","https://m3.spitogatos.gr/356485283_1600x1200.jpg?v=20130730","https://m1.spitogatos.gr/356485284_1600x1200.jpg?v=20130730","https://m3.spitogatos.gr/356485286_1600x1200.jpg?v=20130730","https://m2.spitogatos.gr/356485288_1600x1200.jpg?v=20130730","https://m1.spitogatos.gr/356485290_1600x1200.jpg?v=20130730","https://m3.spitogatos.gr/356485292_1600x1200.jpg?v=20130730","https://m2.spitogatos.gr/356485294_1600x1200.jpg?v=20130730","https://m1.spitogatos.gr/356485296_1600x1200.jpg?v=20130730","https://m3.spitogatos.gr/356485298_1600x1200.jpg?v=20130730","https://m2.spitogatos.gr/356485300_1600x1200.jpg?v=20130730","https://m3.spitogatos.gr/356485301_1600x1200.jpg?v=20130730",,,,"0","0","2","1","37.971962",,"1","23.751165","200","0","0","0","2026-07-20","0","0",,"0",,"0","1","6","9","0","0","0",,"0","0","0","850",,,"0","0","0","0","13.08",,,"1","3","6","1","1","2026","0","1","2","0","1",,,"0","65","0",,"Δράκοντος 5, Καισαριανή 16121","1","1","0","2026-06-08","https://www.spitogatos.gr/en/property/1220073508",,"0","0","1972",,"residential"
"0","1","no","simple","1",,,,,"1","0","0","0","2026-06-15","0","0","0","1","1","0","false","house","0","0",,"0"," <br><br />
Κωδικός Ακινήτου: #12108<br><br />
Στην ιδιαίτερα δημοφιλή περιοχή του Σκοπευτηρίου στην Καισαριανή, διατίθεται προς ενοικίαση ένα ευρύχωρο και φωτεινό διαμέρισμα 97 τ.μ. στον 1ο όροφο ΧΩΡΙΣ ΑΣΑΝΣΕΡ, ιδανικό για οικογένειες ή επαγγελματίες που αναζητούν άνετους χώρους διαβίωσης σε μια γειτονιά με άμεση πρόσβαση στο κέντρο της πόλης και σε όλες τις καθημερινές εξυπηρετήσεις. Πρόκειται για ένα διαμπερές ακίνητο με εξαιρετική λειτουργική διαρρύθμιση, το οποίο έχει ανακαινιστεί μερικώς, διατηρώντας παράλληλα τον ιδιαίτερο χαρακτήρα της εποχής του. Το διαμέρισμα αποτελείται από δύο άνετα υπνοδωμάτια, ευρύχωρο σαλόνι, ανεξάρτητη κουζίνα και δύο μπάνια, προσφέροντας υψηλό επίπεδο άνεσης και πρακτικότητας για την καθημερινότητα. Διαθέτει αυτόνομη θέρμανση πετρελαίου, κουφώματα αλουμινίου με διπλά τζάμια, σίτες και πόρτα ασφαλείας, ενώ τα δάπεδα από μωσαϊκό και ξύλο προσδίδουν διαχρονική αισθητική και ζεστή ατμόσφαιρα στους χώρους. Ένα από τα σημαντικά πλεονεκτήματα του ακινήτου είναι η ιδιωτική αυλή, που προσφέρει έναν ευχάριστο εξωτερικό χώρο για στιγμές χαλάρωσης, καθώς και το πρακτικό πατάρι αποθήκευσης που εξυπηρετεί ιδανικά τις ανάγκες οργάνωσης. Επιπλέον, δεν υπάρχουν μηνιαία κοινόχρηστα έξοδα, γεγονός που μειώνει σημαντικά το συνολικό κόστος διαβίωσης. Μια εξαιρετική επιλογή κατοικίας σε μία από τις πιο περιζήτητες περιοχές της Καισαριανής, κοντά σε καταστήματα, μέσα μεταφοράς, εκπαιδευτικά ιδρύματα και χώρους πρασίνου, συνδυάζοντας άνεση, λειτουργικότητα και προνομιακή τοποθεσία.<br><br />
 <br><br />
Τιμή μίσθωσης: 900€ | Κωδικός Ακινήτου: #12108.<br><br />
<br /> ΚΑΤΑ ΤΗΝ ΥΠΟΔΕΙΞΗ ΤΟΥ ΑΚΙΝΗΤΟΥ ΑΠΑΙΤΕΙΤΑΙ ΝΑ ΓΙΝΕΤΑΙ ΕΠΙΔΕΙΞΗ ΤΗΣ ΑΣΤΥΝΟΜΙΚΗΣ ΣΑΣ ΤΑΥΤΟΤΗΤΑΣ ΣΥΜΦΩΝΑ ΜΕ ΤΟΝ Ν.4072/11-04-2012 Φ.Ε.Κ 86Α<br /><br />ΤΑ ΣΤΟΙΧΕΙΑ ΤΩΝ ΑΚΙΝΗΤΩΝ ΕΙΝΑΙ ΚΑΤΑ ΔΗΛΩΣΗ ΤΟΥ ΙΔΙΟΚΤΗΤΗ<br /><br />ΑΚΙΝΗΤΑ ΑΠΟΚΛΕΙΣΤΙΚΗΣ ΔΙΑΘΕΣΗΣ ΜΕ ΦΩΤΟΓΡΑΦΙΕΣ ΠΟΥ ΔΙΑΧΕΙΡΙΖΕΤΑΙ Η ΕΤΑΙΡΙΑ ΜΑΣ ΘΑ ΒΡΕΙΤΕ ΣΤΗΝ ΙΣΤΟΣΕΛΙΔΑ ΜΑΣ<br /><br /> ►WEBSITE: www.tzelihome.gr<br /><br /> ✔ ΓΙΑ ΤΗΝ ΚΑΛΥΤΕΡΗ ΕΞΥΠΗΡΕΤΗΣΗ ΣΑΣ ΧΡΗΣΙΜΟΠΟΙΕΙΣΤΕ ΤΟΝ ΚΩΔΙΚΟ ΑΚΙΝΗΤΟΥ ΠΟΥ ΑΝΑΓΡΑΦΕΤΑΙ ΣΤΗΝ ΠΕΡΙΓΡΑΦΗ<br /> ✔ Η ΔΙΕΥΘΥΝΣΗ ΣΤΟΝ ΧΑΡΤΗ ΕΧΕΙ ΤΟΠΟΘΕΤΗΘΕΙ ΚΑΤΑ ΠΡΟΣΕΓΓΙΣΗ<br /> ✔ ΟΙ ΑΚΡΙΒΕΙΣ ΠΛΗΡΟΦΟΡΙΕΣ ΤΗΣ ΔΙΕΥΘΥΝΣΗΣ ΠΑΡΕΧΟΝΤΑΙ ΣΤΗΝ ΥΠΟΔΕΙΞΗ ΤΟΥ ΑΚΙΝΗΤΟΥ<br /><br /> ΜΕΣΙΤΙΚΟ ΓΡΑΦΕΙΟ TZELI HOME<br /> ΥΜΗΤΤΟΥ 41 , ΚΑΙΣΑΡΙΑΝΗ , ΤΚ 16121<br /><br /> ΕΠΙΚΟΙΝΩΝΗΣΤΕ ΜΑΖΙ ΜΑΣ:<br /> ►WEBSITE : www.tzelihome.gr<br /> ►E-MAIL : tzelihome@gmail.com<br /> ►ΚΙΝΗΤΟ : 6906.062.919 <br /> ►ΤΗΛΕΦΩΝΟ : 211.001.4573 & 211.001.4574<br>","8000",,"0","0","8",,,,,,,,,"0","0","2026-06-15","6","11","0","no","no","0","Αθήνα - Νότια Προάστια (Αττική)","Καισαριανή (Αθήνα - Νότια Προάστια)","1","105103","102","2214","123162","Double","1","1","0","0","1","1220125634","https://m2.spitogatos.gr/357313066_1600x1200.jpg?v=20130730","https://m3.spitogatos.gr/357313070_1600x1200.jpg?v=20130730","https://m3.spitogatos.gr/357313076_1600x1200.jpg?v=20130730","https://m2.spitogatos.gr/357313081_1600x1200.jpg?v=20130730","https://m2.spitogatos.gr/357313087_1600x1200.jpg?v=20130730","https://m1.spitogatos.gr/357313092_1600x1200.jpg?v=20130730","https://m1.spitogatos.gr/357313098_1600x1200.jpg?v=20130730","https://m1.spitogatos.gr/357313104_1600x1200.jpg?v=20130730","https://m3.spitogatos.gr/357313109_1600x1200.jpg?v=20130730","https://m2.spitogatos.gr/357313114_1600x1200.jpg?v=20130730","https://m2.spitogatos.gr/357313117_1600x1200.jpg?v=20130730","https://m3.spitogatos.gr/357313121_1600x1200.jpg?v=20130730","https://m2.spitogatos.gr/357313123_1600x1200.jpg?v=20130730","https://m3.spitogatos.gr/357313127_1600x1200.jpg?v=20130730","https://m3.spitogatos.gr/357313130_1600x1200.jpg?v=20130730","https://m2.spitogatos.gr/357313132_1600x1200.jpg?v=20130730","https://m1.spitogatos.gr/357313134_1600x1200.jpg?v=20130730","https://m3.spitogatos.gr/357313136_1600x1200.jpg?v=20130730","https://m2.spitogatos.gr/357313138_1600x1200.jpg?v=20130730","https://m3.spitogatos.gr/357313139_1600x1200.jpg?v=20130730","https://m3.spitogatos.gr/357313142_1600x1200.jpg?v=20130730","https://m1.spitogatos.gr/357313143_1600x1200.jpg?v=20130730","https://m2.spitogatos.gr/357313147_1600x1200.jpg?v=20130730","https://m2.spitogatos.gr/357313150_1600x1200.jpg?v=20130730","https://m3.spitogatos.gr/357313154_1600x1200.jpg?v=20130730","0","0","2","1","37.967953","1","1","23.759029",,"0","0","0","2026-06-15","0","0",,"0",,"0","2",,"11","0","0","1",,"0","0","0","900",,,"0","0","0","0","9.28",,,"1","3","6","1","1","2026","0","1","2","0","1",,,"0","97","0",,,"0","1","0","2026-06-15","https://www.spitogatos.gr/en/property/1220125634",,"0",,"1965","3LB7Y9fHCm0","residential"
"0","2","no","simple","1",,,,,"0","0","0","0","2026-06-08","0","0","1","20","1","0","false","house","0","50",,"0","Κωδικός Ακινήτου: #12016. Καισαριανή, Κάτω Ιλίσια (Καισαριανής): Ενοικιάζεται πλήρως ανακαινισμένο Διαμέρισμα 80τ.μ. στον 2ο όροφο με ασανσέρ με κεντρική θέρμανση πετρελαίου. Αποτελείται από 2 υπνοδωμάτια, 1 κουζίνα, 1 σαλόνι, αποθήκη και μπάνιο. Είναι κατασκευασμένο το 1977, κοντά σε ΜΕΣΑ ΜΑΖΙΚΗΣ ΜΕΤΑΦΟΡΑΣ και διαθέτει κουφώματα αλουμινίου με διπλά τζάμια, πόρτα ασφαλείας, δάπεδα από πλακάκι & ξύλο, ηλιακό θερμοσίφωνα. Επιτρέπονται τα κατοικίδια.<br><br />
Τιμή 900€ | Κωδικός Ακινήτου: #12016<br><br />
<br /> ΚΑΤΑ ΤΗΝ ΥΠΟΔΕΙΞΗ ΤΟΥ ΑΚΙΝΗΤΟΥ ΑΠΑΙΤΕΙΤΑΙ ΝΑ ΓΙΝΕΤΑΙ ΕΠΙΔΕΙΞΗ ΤΗΣ ΑΣΤΥΝΟΜΙΚΗΣ ΣΑΣ ΤΑΥΤΟΤΗΤΑΣ ΣΥΜΦΩΝΑ ΜΕ ΤΟΝ Ν.4072/11-04-2012 Φ.Ε.Κ 86Α<br /><br />ΤΑ ΣΤΟΙΧΕΙΑ ΤΩΝ ΑΚΙΝΗΤΩΝ ΕΙΝΑΙ ΚΑΤΑ ΔΗΛΩΣΗ ΤΟΥ ΙΔΙΟΚΤΗΤΗ<br /><br />ΑΚΙΝΗΤΑ ΑΠΟΚΛΕΙΣΤΙΚΗΣ ΔΙΑΘΕΣΗΣ ΜΕ ΦΩΤΟΓΡΑΦΙΕΣ ΠΟΥ ΔΙΑΧΕΙΡΙΖΕΤΑΙ Η ΕΤΑΙΡΙΑ ΜΑΣ ΘΑ ΒΡΕΙΤΕ ΣΤΗΝ ΙΣΤΟΣΕΛΙΔΑ ΜΑΣ<br /><br /> ►WEBSITE: www.tzelihome.gr<br /><br /> ✔ ΓΙΑ ΤΗΝ ΚΑΛΥΤΕΡΗ ΕΞΥΠΗΡΕΤΗΣΗ ΣΑΣ ΧΡΗΣΙΜΟΠΟΙΕΙΣΤΕ ΤΟΝ ΚΩΔΙΚΟ ΑΚΙΝΗΤΟΥ ΠΟΥ ΑΝΑΓΡΑΦΕΤΑΙ ΣΤΗΝ ΠΕΡΙΓΡΑΦΗ<br /> ✔ Η ΔΙΕΥΘΥΝΣΗ ΣΤΟΝ ΧΑΡΤΗ ΕΧΕΙ ΤΟΠΟΘΕΤΗΘΕΙ ΚΑΤΑ ΠΡΟΣΕΓΓΙΣΗ<br /> ✔ ΟΙ ΑΚΡΙΒΕΙΣ ΠΛΗΡΟΦΟΡΙΕΣ ΤΗΣ ΔΙΕΥΘΥΝΣΗΣ ΠΑΡΕΧΟΝΤΑΙ ΣΤΗΝ ΥΠΟΔΕΙΞΗ ΤΟΥ ΑΚΙΝΗΤΟΥ<br /><br /> ΜΕΣΙΤΙΚΟ ΓΡΑΦΕΙΟ TZELI HOME<br /> ΥΜΗΤΤΟΥ 41 , ΚΑΙΣΑΡΙΑΝΗ , ΤΚ 16121<br /><br /> ΕΠΙΚΟΙΝΩΝΗΣΤΕ ΜΑΖΙ ΜΑΣ:<br /> ►WEBSITE : www.tzelihome.gr<br /> ►E-MAIL : tzelihome@gmail.com<br /> ►ΚΙΝΗΤΟ : 6906.062.919 <br /> ►ΤΗΛΕΦΩΝΟ : 211.001.4573 & 211.001.4574<br>","8000",,"0","1","7",,,,,,,,,"0","0","2026-06-08","7","10","0","no","no","0","Αθήνα - Νότια Προάστια (Αττική)","Καισαριανή (Αθήνα - Νότια Προάστια)","1","105103","102","2214","123160","Double","2","1","0","0","1","1220072230","https://m3.spitogatos.gr/356464814_1600x1200.jpg?v=20130730","https://m3.spitogatos.gr/356464817_1600x1200.jpg?v=20130730","https://m2.spitogatos.gr/356464819_1600x1200.jpg?v=20130730","https://m3.spitogatos.gr/356464823_1600x1200.jpg?v=20130730","https://m3.spitogatos.gr/356464829_1600x1200.jpg?v=20130730","https://m1.spitogatos.gr/356464833_1600x1200.jpg?v=20130730","https://m1.spitogatos.gr/356464839_1600x1200.jpg?v=20130730","https://m2.spitogatos.gr/356464843_1600x1200.jpg?v=20130730","https://m3.spitogatos.gr/356464850_1600x1200.jpg?v=20130730","https://m1.spitogatos.gr/356464857_1600x1200.jpg?v=20130730","https://m2.spitogatos.gr/356464864_1600x1200.jpg?v=20130730","https://m1.spitogatos.gr/356464869_1600x1200.jpg?v=20130730","https://m1.spitogatos.gr/356464875_1600x1200.jpg?v=20130730","https://m1.spitogatos.gr/356464881_1600x1200.jpg?v=20130730","https://m3.spitogatos.gr/356464886_1600x1200.jpg?v=20130730","https://m3.spitogatos.gr/356464892_1600x1200.jpg?v=20130730","https://m1.spitogatos.gr/356464896_1600x1200.jpg?v=20130730","https://m2.spitogatos.gr/356464903_1600x1200.jpg?v=20130730","https://m1.spitogatos.gr/356464908_1600x1200.jpg?v=20130730","https://m1.spitogatos.gr/356464911_1600x1200.jpg?v=20130730","https://m2.spitogatos.gr/356464915_1600x1200.jpg?v=20130730","https://m2.spitogatos.gr/356464918_1600x1200.jpg?v=20130730","https://m2.spitogatos.gr/356464921_1600x1200.jpg?v=20130730","https://m3.spitogatos.gr/356464925_1600x1200.jpg?v=20130730","https://m1.spitogatos.gr/356464926_1600x1200.jpg?v=20130730","0","0","2","1","37.973831","1","1","23.754036",,"0","0","0","2026-06-18","0","0",,"0",,"0","1",,"2","0","0","0","1","0","0","0","900",,,"0","0","0","0","11.25",,,"1","3","6","1","1","2024","0","1","2","0","1",,,"1","80","1",,,"0","1","0","2026-06-08","https://www.spitogatos.gr/en/property/1220072230",,"0",,"1977","Fh6f7ZE-yy0","residential"
"0","3","no","simple","1",,,,,"0","0","0","0","2026-06-08","0","1","0","10","1","0","false","house","0","40",,"0"," <br><br />
Κωδικός Ακινήτου: #12018<br><br />
Στην περιοχή του Σκοπευτηρίου Καισαριανής, σε μια ήσυχη και ιδιαίτερα εξυπηρετική τοποθεσία με άμεση πρόσβαση στο κέντρο, διατίθεται προς ενοικίαση πλήρως ανακαινισμένο διαμέρισμα 100 τ.μ., στον 3ο όροφο πολυκατοικίας με ασανσέρ. Πρόκειται για μια ευρύχωρη και φωτεινή κατοικία που συνδυάζει άνεση, λειτουργικότητα και σύγχρονες παροχές, αποτελώντας ιδανική επιλογή για οικογένειες ή επαγγελματίες που αναζητούν ποιοτική κατοικία σε μια από τις πιο αγαπητές περιοχές της Αθήνας. Το διαμέρισμα διαθέτει δύο άνετα υπνοδωμάτια, μεγάλο και φωτεινό σαλόνι, ανεξάρτητη κουζίνα και μπάνιο, με προσεγμένη διαρρύθμιση που εξασφαλίζει άνετη καθημερινή διαβίωση. Είναι πλήρως ανακαινισμένο, φρεσκοβαμμένο και έτοιμο να φιλοξενήσει τους νέους του ενοίκους, προσφέροντας ένα σύγχρονο και ευχάριστο περιβάλλον κατοικίας. Η κατοικία είναι εξοπλισμένη με αυτόνομη θέρμανση φυσικού αερίου, ηλιακό θερμοσίφωνα, κουφώματα αλουμινίου με διπλά τζάμια και πόρτα ασφαλείας, ενώ τα δάπεδα από ξύλο και πλακάκι προσδίδουν ζεστασιά και διαχρονική αισθητική στους χώρους. Επιπλέον, διαθέτει τέντες και πατάρι αποθήκευσης, ενισχύοντας τη λειτουργικότητα και την πρακτικότητα του ακινήτου. Η προνομιακή του θέση κοντά στο Σκοπευτήριο και στο κέντρο της Καισαριανής εξασφαλίζει εύκολη πρόσβαση σε καταστήματα, σχολεία, χώρους πρασίνου, μέσα μαζικής μεταφοράς και όλες τις απαραίτητες υπηρεσίες, προσφέροντας ιδανικές συνθήκες για μια ποιοτική καθημερινότητα. Μια εξαιρετική ευκαιρία για όσους αναζητούν ένα ανακαινισμένο, ευρύχωρο και καλαίσθητο διαμέρισμα σε μία από τις πιο όμορφες και ζωντανές γειτονιές της Αθήνας.<br><br />
 <br><br />
Τιμή μίσθωσης: 980€. Κωδικός Ακινήτου: #12018.<br><br />
<br /> ΚΑΤΑ ΤΗΝ ΥΠΟΔΕΙΞΗ ΤΟΥ ΑΚΙΝΗΤΟΥ ΑΠΑΙΤΕΙΤΑΙ ΝΑ ΓΙΝΕΤΑΙ ΕΠΙΔΕΙΞΗ ΤΗΣ ΑΣΤΥΝΟΜΙΚΗΣ ΣΑΣ ΤΑΥΤΟΤΗΤΑΣ ΣΥΜΦΩΝΑ ΜΕ ΤΟΝ Ν.4072/11-04-2012 Φ.Ε.Κ 86Α<br /><br />ΤΑ ΣΤΟΙΧΕΙΑ ΤΩΝ ΑΚΙΝΗΤΩΝ ΕΙΝΑΙ ΚΑΤΑ ΔΗΛΩΣΗ ΤΟΥ ΙΔΙΟΚΤΗΤΗ<br /><br />ΑΚΙΝΗΤΑ ΑΠΟΚΛΕΙΣΤΙΚΗΣ ΔΙΑΘΕΣΗΣ ΜΕ ΦΩΤΟΓΡΑΦΙΕΣ ΠΟΥ ΔΙΑΧΕΙΡΙΖΕΤΑΙ Η ΕΤΑΙΡΙΑ ΜΑΣ ΘΑ ΒΡΕΙΤΕ ΣΤΗΝ ΙΣΤΟΣΕΛΙΔΑ ΜΑΣ<br /><br /> ►WEBSITE: www.tzelihome.gr<br /><br /> ✔ ΓΙΑ ΤΗΝ ΚΑΛΥΤΕΡΗ ΕΞΥΠΗΡΕΤΗΣΗ ΣΑΣ ΧΡΗΣΙΜΟΠΟΙΕΙΣΤΕ ΤΟΝ ΚΩΔΙΚΟ ΑΚΙΝΗΤΟΥ ΠΟΥ ΑΝΑΓΡΑΦΕΤΑΙ ΣΤΗΝ ΠΕΡΙΓΡΑΦΗ<br /> ✔ Η ΔΙΕΥΘΥΝΣΗ ΣΤΟΝ ΧΑΡΤΗ ΕΧΕΙ ΤΟΠΟΘΕΤΗΘΕΙ ΚΑΤΑ ΠΡΟΣΕΓΓΙΣΗ<br /> ✔ ΟΙ ΑΚΡΙΒΕΙΣ ΠΛΗΡΟΦΟΡΙΕΣ ΤΗΣ ΔΙΕΥΘΥΝΣΗΣ ΠΑΡΕΧΟΝΤΑΙ ΣΤΗΝ ΥΠΟΔΕΙΞΗ ΤΟΥ ΑΚΙΝΗΤΟΥ<br /><br /> ΜΕΣΙΤΙΚΟ ΓΡΑΦΕΙΟ TZELI HOME<br /> ΥΜΗΤΤΟΥ 41 , ΚΑΙΣΑΡΙΑΝΗ , ΤΚ 16121<br /><br /> ΕΠΙΚΟΙΝΩΝΗΣΤΕ ΜΑΖΙ ΜΑΣ:<br /> ►WEBSITE : www.tzelihome.gr<br /> ►E-MAIL : tzelihome@gmail.com<br /> ►ΚΙΝΗΤΟ : 6906.062.919 <br /> ►ΤΗΛΕΦΩΝΟ : 211.001.4573 & 211.001.4574<br>","7000",,"0","1","7",,,,,,,,,"0","0","2026-06-08","8","10","0","no","no","0","Αθήνα - Νότια Προάστια (Αττική)","Καισαριανή (Αθήνα - Νότια Προάστια)","1","105103","102","2214","106370","Double","1","2","0","0","1","1220072248","https://m3.spitogatos.gr/356464994_1600x1200.jpg?v=20130730","https://m1.spitogatos.gr/356464998_1600x1200.jpg?v=20130730","https://m3.spitogatos.gr/356465000_1600x1200.jpg?v=20130730","https://m3.spitogatos.gr/356465003_1600x1200.jpg?v=20130730","https://m2.spitogatos.gr/356465005_1600x1200.jpg?v=20130730","https://m3.spitogatos.gr/356465009_1600x1200.jpg?v=20130730","https://m2.spitogatos.gr/356465011_1600x1200.jpg?v=20130730","https://m1.spitogatos.gr/356465013_1600x1200.jpg?v=20130730","https://m1.spitogatos.gr/356465016_1600x1200.jpg?v=20130730","https://m1.spitogatos.gr/356465019_1600x1200.jpg?v=20130730","https://m1.spitogatos.gr/356465022_1600x1200.jpg?v=20130730","https://m3.spitogatos.gr/356465024_1600x1200.jpg?v=20130730","https://m1.spitogatos.gr/356465028_1600x1200.jpg?v=20130730","https://m3.spitogatos.gr/356465030_1600x1200.jpg?v=20130730","https://m3.spitogatos.gr/356465033_1600x1200.jpg?v=20130730","https://m2.spitogatos.gr/356465035_1600x1200.jpg?v=20130730","https://m1.spitogatos.gr/356465037_1600x1200.jpg?v=20130730","https://m3.spitogatos.gr/356465039_1600x1200.jpg?v=20130730","https://m3.spitogatos.gr/356465042_1600x1200.jpg?v=20130730","https://m3.spitogatos.gr/356465045_1600x1200.jpg?v=20130730","https://m2.spitogatos.gr/356465047_1600x1200.jpg?v=20130730","https://m2.spitogatos.gr/356465053_1600x1200.jpg?v=20130730","https://m2.spitogatos.gr/356465056_1600x1200.jpg?v=20130730","https://m2.spitogatos.gr/356465065_1600x1200.jpg?v=20130730","https://m1.spitogatos.gr/356465067_1600x1200.jpg?v=20130730","0","0","2","1","37.966579","1","1","23.756193",,"0","0","0","2026-06-16","0","0",,"0",,"0","1",,"11","1","0","0",,"0","0","0","980",,,"0","0","0","0","9.8",,,"1","3","6","1","1","2026","0","1","2","0","1",,,"1","100","0",,,"0","1","0","2026-06-08","https://www.spitogatos.gr/en/property/1220072248",,"0",,"1970","BmHjekAna5o","residential"
"1","1","no","simple","1",,,,,"0","1","0","0","2026-05-20","0","1","1","6","1","0","false","house","0","15",,"0"," <br><br />
Κωδικός Ακινήτου: #11712<br><br />
Στην Άνω Καισαριανή διατίθεται προς ενοικίαση πλήρως ανακαινισμένο διαμέρισμα 46 τ.μ., στον 1ο όροφο πολυκατοικίας με ασανσέρ, ιδανικό για όσους αναζητούν έναν σύγχρονο και λειτουργικό χώρο σε ήσυχη αλλά ταυτόχρονα κεντρική τοποθεσία. Το ακίνητο αποτελείται από ένα υπνοδωμάτιο, φωτεινό σαλόνι, κουζίνα και μπάνιο, προσφέροντας πρακτική διαρρύθμιση και άνετη καθημερινότητα. Κατασκευής 1990, διαθέτει αυτόνομη θέρμανση πετρελαίου, κλιματισμό, κουφώματα αλουμινίου με διπλά τζάμια, πόρτα ασφαλείας, συναγερμό, τέντες και ηλιακό θερμοσίφωνα, εξασφαλίζοντας υψηλό επίπεδο άνεσης και ασφάλειας. Τα μαρμάρινα δάπεδα προσδίδουν κομψότητα στους χώρους, ενώ το πατάρι αποθήκευσης προσφέρει επιπλέον πρακτικούς αποθηκευτικούς χώρους. Το διαμέρισμα βρίσκεται κοντά στο κέντρο της περιοχής, με εύκολη πρόσβαση σε μέσα μεταφοράς, αγορά και καθημερινές εξυπηρετήσεις, ενώ αποτελεί ιδανική επιλογή και για ιδιοκτήτες κατοικιδίων, καθώς επιτρέπονται τα pets.<br><br />
 <br><br />
Τιμή μίσθωσης: 600€ | Κωδικός Ακινήτου: #11712<br><br />
 <br><br />
<br /> ΚΑΤΑ ΤΗΝ ΥΠΟΔΕΙΞΗ ΤΟΥ ΑΚΙΝΗΤΟΥ ΑΠΑΙΤΕΙΤΑΙ ΝΑ ΓΙΝΕΤΑΙ ΕΠΙΔΕΙΞΗ ΤΗΣ ΑΣΤΥΝΟΜΙΚΗΣ ΣΑΣ ΤΑΥΤΟΤΗΤΑΣ ΣΥΜΦΩΝΑ ΜΕ ΤΟΝ Ν.4072/11-04-2012 Φ.Ε.Κ 86Α<br /><br />ΤΑ ΣΤΟΙΧΕΙΑ ΤΩΝ ΑΚΙΝΗΤΩΝ ΕΙΝΑΙ ΚΑΤΑ ΔΗΛΩΣΗ ΤΟΥ ΙΔΙΟΚΤΗΤΗ<br /><br />ΑΚΙΝΗΤΑ ΑΠΟΚΛΕΙΣΤΙΚΗΣ ΔΙΑΘΕΣΗΣ ΜΕ ΦΩΤΟΓΡΑΦΙΕΣ ΠΟΥ ΔΙΑΧΕΙΡΙΖΕΤΑΙ Η ΕΤΑΙΡΙΑ ΜΑΣ ΘΑ ΒΡΕΙΤΕ ΣΤΗΝ ΙΣΤΟΣΕΛΙΔΑ ΜΑΣ<br /><br /> ►WEBSITE: www.tzelihome.gr<br /><br /> ✔ ΓΙΑ ΤΗΝ ΚΑΛΥΤΕΡΗ ΕΞΥΠΗΡΕΤΗΣΗ ΣΑΣ ΧΡΗΣΙΜΟΠΟΙΕΙΣΤΕ ΤΟΝ ΚΩΔΙΚΟ ΑΚΙΝΗΤΟΥ ΠΟΥ ΑΝΑΓΡΑΦΕΤΑΙ ΣΤΗΝ ΠΕΡΙΓΡΑΦΗ<br /> ✔ Η ΔΙΕΥΘΥΝΣΗ ΣΤΟΝ ΧΑΡΤΗ ΕΧΕΙ ΤΟΠΟΘΕΤΗΘΕΙ ΚΑΤΑ ΠΡΟΣΕΓΓΙΣΗ<br /> ✔ ΟΙ ΑΚΡΙΒΕΙΣ ΠΛΗΡΟΦΟΡΙΕΣ ΤΗΣ ΔΙΕΥΘΥΝΣΗΣ ΠΑΡΕΧΟΝΤΑΙ ΣΤΗΝ ΥΠΟΔΕΙΞΗ ΤΟΥ ΑΚΙΝΗΤΟΥ<br /><br /> ΜΕΣΙΤΙΚΟ ΓΡΑΦΕΙΟ TZELI HOME<br /> ΥΜΗΤΤΟΥ 41 , ΚΑΙΣΑΡΙΑΝΗ , ΤΚ 16121<br /><br /> ΕΠΙΚΟΙΝΩΝΗΣΤΕ ΜΑΖΙ ΜΑΣ:<br /> ►WEBSITE : www.tzelihome.gr<br /> ►E-MAIL : tzelihome@gmail.com<br /> ►ΚΙΝΗΤΟ : 6906.062.919 <br /> ►ΤΗΛΕΦΩΝΟ : 211.001.4573 & 211.001.4574<br>","7000",,"0","1","6",,,,,,,,,"0","0","2026-05-20","6","1","0","no","no","0","Αθήνα - Νότια Προάστια (Αττική)","Καισαριανή (Αθήνα - Νότια Προάστια)","1","105103","102","2214","123163","Double","1","1","0","0","1","1219920574","https://m1.spitogatos.gr/354285042_1600x1200.jpg?v=20130730","https://m2.spitogatos.gr/354285043_1600x1200.jpg?v=20130730","https://m3.spitogatos.gr/354285044_1600x1200.jpg?v=20130730","https://m1.spitogatos.gr/354285045_1600x1200.jpg?v=20130730","https://m2.spitogatos.gr/354285046_1600x1200.jpg?v=20130730","https://m3.spitogatos.gr/354285047_1600x1200.jpg?v=20130730","https://m1.spitogatos.gr/354285048_1600x1200.jpg?v=20130730","https://m2.spitogatos.gr/354285049_1600x1200.jpg?v=20130730","https://m3.spitogatos.gr/354285050_1600x1200.jpg?v=20130730","https://m1.spitogatos.gr/354285051_1600x1200.jpg?v=20130730","https://m2.spitogatos.gr/354285052_1600x1200.jpg?v=20130730","https://m3.spitogatos.gr/354285053_1600x1200.jpg?v=20130730","https://m1.spitogatos.gr/354285054_1600x1200.jpg?v=20130730","https://m3.spitogatos.gr/354285056_1600x1200.jpg?v=20130730","https://m2.spitogatos.gr/354285058_1600x1200.jpg?v=20130730","https://m1.spitogatos.gr/354285060_1600x1200.jpg?v=20130730","https://m3.spitogatos.gr/354285062_1600x1200.jpg?v=20130730","https://m2.spitogatos.gr/354285064_1600x1200.jpg?v=20130730","https://m2.spitogatos.gr/354285067_1600x1200.jpg?v=20130730","https://m3.spitogatos.gr/354285071_1600x1200.jpg?v=20130730","https://m3.spitogatos.gr/354285077_1600x1200.jpg?v=20130730","https://m2.spitogatos.gr/354285082_1600x1200.jpg?v=20130730","https://m3.spitogatos.gr/354285086_1600x1200.jpg?v=20130730","https://m1.spitogatos.gr/354285090_1600x1200.jpg?v=20130730","https://m2.spitogatos.gr/354285094_1600x1200.jpg?v=20130730","0","0","2","1","37.967865","1","1","23.76339",,"0","0","0","2026-05-30","0","0",,"0",,"0","1",,"11","0","0","0","1","0","0","0","600",,,"0","0","0","0","13.04",,,"1","3","6","1","1","2020","0","1","1","0","1",,,"1","46","0",,,"0","1","0","2026-05-20","https://www.spitogatos.gr/en/property/1219920574",,"0",,"1990","xq_9RXpBFTI","residential"
"1","Upper Ground","no","simple","1",,,,,"0","0","0","0","2026-03-23","0","0","0","5","1","0","false","house","0","15",,"0","Κωδικός Ακινήτου: #10996<br><br />
Στην Καισαριανή, στο κέντρο, διατίθεται προς ενοικίαση διαμέρισμα 52 τ.μ. σε ημιώροφο, ιδανικό για άνετη και λειτουργική κατοικία. Το ακίνητο διαθέτει πρακτική διαρρύθμιση και αποτελείται από ένα φωτεινό υπνοδωμάτιο, άνετο σαλόνι, ξεχωριστή κουζίνα και μπάνιο. Κατασκευής 1970, είναι φρεσκοβαμμένο και έτοιμο προς κατοίκηση, προσφέροντας έναν ευχάριστο και προσεγμένο χώρο. Διαθέτει πόρτα ασφαλείας, κλιματισμό και δάπεδα από μωσαϊκό και ξύλο που προσδίδουν χαρακτήρα και ζεστασιά στο ακίνητο. Βρίσκεται σε ιδιαίτερα προνομιακή τοποθεσία, στο κέντρο της Καισαριανής, με άμεση πρόσβαση σε αγορά, υπηρεσίες και μέσα μεταφοράς, καλύπτοντας πλήρως τις καθημερινές ανάγκες.<br><br />
 <br><br />
Τιμή: 530€ | Κωδικός Ακινήτου: #10996<br><br />
<br /> ΚΑΤΑ ΤΗΝ ΥΠΟΔΕΙΞΗ ΤΟΥ ΑΚΙΝΗΤΟΥ ΑΠΑΙΤΕΙΤΑΙ ΝΑ ΓΙΝΕΤΑΙ ΕΠΙΔΕΙΞΗ ΤΗΣ ΑΣΤΥΝΟΜΙΚΗΣ ΣΑΣ ΤΑΥΤΟΤΗΤΑΣ ΣΥΜΦΩΝΑ ΜΕ ΤΟΝ Ν.4072/11-04-2012 Φ.Ε.Κ 86Α<br /><br />ΤΑ ΣΤΟΙΧΕΙΑ ΤΩΝ ΑΚΙΝΗΤΩΝ ΕΙΝΑΙ ΚΑΤΑ ΔΗΛΩΣΗ ΤΟΥ ΙΔΙΟΚΤΗΤΗ<br /><br />ΑΚΙΝΗΤΑ ΑΠΟΚΛΕΙΣΤΙΚΗΣ ΔΙΑΘΕΣΗΣ ΜΕ ΦΩΤΟΓΡΑΦΙΕΣ ΠΟΥ ΔΙΑΧΕΙΡΙΖΕΤΑΙ Η ΕΤΑΙΡΙΑ ΜΑΣ ΘΑ ΒΡΕΙΤΕ ΣΤΗΝ ΙΣΤΟΣΕΛΙΔΑ ΜΑΣ<br /><br /> ►WEBSITE: www.tzelihome.gr<br /><br /> ✔ ΓΙΑ ΤΗΝ ΚΑΛΥΤΕΡΗ ΕΞΥΠΗΡΕΤΗΣΗ ΣΑΣ ΧΡΗΣΙΜΟΠΟΙΕΙΣΤΕ ΤΟΝ ΚΩΔΙΚΟ ΑΚΙΝΗΤΟΥ ΠΟΥ ΑΝΑΓΡΑΦΕΤΑΙ ΣΤΗΝ ΠΕΡΙΓΡΑΦΗ<br /> ✔ Η ΔΙΕΥΘΥΝΣΗ ΣΤΟΝ ΧΑΡΤΗ ΕΧΕΙ ΤΟΠΟΘΕΤΗΘΕΙ ΚΑΤΑ ΠΡΟΣΕΓΓΙΣΗ<br /> ✔ ΟΙ ΑΚΡΙΒΕΙΣ ΠΛΗΡΟΦΟΡΙΕΣ ΤΗΣ ΔΙΕΥΘΥΝΣΗΣ ΠΑΡΕΧΟΝΤΑΙ ΣΤΗΝ ΥΠΟΔΕΙΞΗ ΤΟΥ ΑΚΙΝΗΤΟΥ<br /><br /> ΜΕΣΙΤΙΚΟ ΓΡΑΦΕΙΟ TZELI HOME<br /> ΥΜΗΤΤΟΥ 41 , ΚΑΙΣΑΡΙΑΝΗ , ΤΚ 16121<br /><br /> ΕΠΙΚΟΙΝΩΝΗΣΤΕ ΜΑΖΙ ΜΑΣ:<br /> ►WEBSITE : www.tzelihome.gr<br /> ►E-MAIL : tzelihome@gmail.com<br /> ►ΚΙΝΗΤΟ : 6906.062.919 <br /> ►ΤΗΛΕΦΩΝΟ : 211.001.4573 & 211.001.4574<br>","8000",,"0","0","9",,,,,,,,,"0","0","2026-03-23","4","11","0","no","no","0","Αθήνα - Νότια Προάστια (Αττική)","Καισαριανή (Αθήνα - Νότια Προάστια)","1","105103","102","2214","123162","Single","1","4","0","0","1","1219598756","https://m1.spitogatos.gr/348585711_1600x1200.jpg?v=20130730","https://m1.spitogatos.gr/348585714_1600x1200.jpg?v=20130730","https://m3.spitogatos.gr/348585716_1600x1200.jpg?v=20130730","https://m2.spitogatos.gr/348585718_1600x1200.jpg?v=20130730","https://m1.spitogatos.gr/348585720_1600x1200.jpg?v=20130730","https://m3.spitogatos.gr/348585722_1600x1200.jpg?v=20130730","https://m2.spitogatos.gr/348585724_1600x1200.jpg?v=20130730","https://m3.spitogatos.gr/348585725_1600x1200.jpg?v=20130730","https://m1.spitogatos.gr/348585726_1600x1200.jpg?v=20130730","https://m3.spitogatos.gr/348585728_1600x1200.jpg?v=20130730","https://m3.spitogatos.gr/348585731_1600x1200.jpg?v=20130730","https://m2.spitogatos.gr/348585733_1600x1200.jpg?v=20130730","https://m1.spitogatos.gr/348585735_1600x1200.jpg?v=20130730","https://m3.spitogatos.gr/348585737_1600x1200.jpg?v=20130730","https://m2.spitogatos.gr/348585739_1600x1200.jpg?v=20130730","https://m1.spitogatos.gr/348585741_1600x1200.jpg?v=20130730","https://m1.spitogatos.gr/348585744_1600x1200.jpg?v=20130730","https://m2.spitogatos.gr/348585748_1600x1200.jpg?v=20130730","https://m2.spitogatos.gr/348585751_1600x1200.jpg?v=20130730","https://m2.spitogatos.gr/348585754_1600x1200.jpg?v=20130730","https://m2.spitogatos.gr/348585757_1600x1200.jpg?v=20130730","https://m2.spitogatos.gr/348585760_1600x1200.jpg?v=20130730","https://m3.spitogatos.gr/348585764_1600x1200.jpg?v=20130730","https://m3.spitogatos.gr/348585767_1600x1200.jpg?v=20130730","https://m3.spitogatos.gr/348585770_1600x1200.jpg?v=20130730","0","0","1","1","37.967613","1","1","23.756983",,"0","0","0","2026-04-14","0","0",,"0",,"0","1",,"11","1","0","0",,"0","0","0","530",,,"0","0","0","0","10.19",,,"1","3","6","1","0",,"0","1","1","0","1",,,"0","52","0",,,"0","1","0","2026-03-23","https://www.spitogatos.gr/en/property/1219598756",,"0",,"1970","Pzt-DSoK850","residential"
"1","3","no","simple","1",,,,,"1","0","0","0","2026-03-16","1","0","1","15","1","0","false","house","0","0",,"0"," <br><br />
Κωδικός Ακινήτου: #10885<br><br />
 <br><br />
Στην περιοχή του Αγίου Νικολάου Καισαριανής, ενοικιάζεται πλήρως ανακαινισμένο διαμπερές διαμέρισμα 80τ.μ., στον 3ο όροφο  με ασανσέρ. Πρόκειται για μια κατοικία που συνδυάζει σύγχρονη αισθητική, άνεση και υψηλή ποιότητα κατασκευής, ιδανική για απαιτητικούς ενοικιαστές. Το διαμέρισμα διαθέτει ένα ευρύχωρο υπνοδωμάτιο, μοντέρνα κουζίνα, ξεχωριστό σαλόνι, επιπλέον κουζίνα, μπάνιο και αποθήκη, προσφέροντας εξαιρετική λειτουργικότητα. Τα ποιοτικά δάπεδα από μάρμαρο και ξύλο αναδεικνύουν την κομψότητα του χώρου, ενώ το τζάκι δημιουργεί μια ιδιαίτερα ζεστή ατμόσφαιρα. Είναι πλήρως επιπλωμένο και εξοπλισμένο, έτοιμο να καλύψει κάθε ανάγκη άνετης διαβίωσης. Διαθέτει κουφώματα αλουμινίου με διπλά τζάμια για άριστη θερμομόνωση και ηχομόνωση, κλιματισμό, ηλιακό θερμοσίφωνα και πόρτα ασφαλείας για αυξημένη προστασία. Η κεντρική θέρμανση φυσικού αερίου εξασφαλίζει σταθερή και αποδοτική θέρμανση τους χειμερινούς μήνες. Επιπλέον, η κατοικία προσφέρει πατάρι αποθήκευσης για επιπλέον χώρο οργάνωσης, ενώ η τοποθεσία της εξασφαλίζει εξαιρετική θέα και εύκολη πρόσβαση σε συγκοινωνίες και σημεία ενδιαφέροντος.<br><br />
 <br><br />
Τιμή: 1.250€    Κωδικός Ακινήτου: #10885<br><br />
 <br><br />
ΚΑΤΑ ΤΗΝ ΥΠΟΔΕΙΞΗ ΤΟΥ ΑΚΙΝΗΤΟΥ ΑΠΑΙΤΕΙΤΑΙ ΝΑ ΓΙΝΕΤΑΙ ΕΠΙΔΕΙΞΗ ΤΗΣ ΑΣΤΥΝΟΜΙΚΗΣ ΣΑΣ ΤΑΥΤΟΤΗΤΑΣ ΣΥΜΦΩΝΑ ΜΕ ΤΟΝ Ν.4072/11-04-2012 Φ.Ε.Κ 86Α<br /><br />ΤΑ ΣΤΟΙΧΕΙΑ ΤΩΝ ΑΚΙΝΗΤΩΝ ΕΙΝΑΙ ΚΑΤΑ ΔΗΛΩΣΗ ΤΟΥ ΙΔΙΟΚΤΗΤΗ<br /><br />ΑΚΙΝΗΤΑ ΑΠΟΚΛΕΙΣΤΙΚΗΣ ΔΙΑΘΕΣΗΣ ΜΕ ΦΩΤΟΓΡΑΦΙΕΣ ΠΟΥ ΔΙΑΧΕΙΡΙΖΕΤΑΙ Η ΕΤΑΙΡΙΑ ΜΑΣ ΘΑ ΒΡΕΙΤΕ ΣΤΗΝ ΙΣΤΟΣΕΛΙΔΑ ΜΑΣ<br /><br /> ►WEBSITE: www.tzelihome.gr<br /><br /> ✔ ΓΙΑ ΤΗΝ ΚΑΛΥΤΕΡΗ ΕΞΥΠΗΡΕΤΗΣΗ ΣΑΣ ΧΡΗΣΙΜΟΠΟΙΕΙΣΤΕ ΤΟΝ ΚΩΔΙΚΟ ΑΚΙΝΗΤΟΥ ΠΟΥ ΑΝΑΓΡΑΦΕΤΑΙ ΣΤΗΝ ΠΕΡΙΓΡΑΦΗ<br /> ✔ Η ΔΙΕΥΘΥΝΣΗ ΣΤΟΝ ΧΑΡΤΗ ΕΧΕΙ ΤΟΠΟΘΕΤΗΘΕΙ ΚΑΤΑ ΠΡΟΣΕΓΓΙΣΗ<br /> ✔ ΟΙ ΑΚΡΙΒΕΙΣ ΠΛΗΡΟΦΟΡΙΕΣ ΤΗΣ ΔΙΕΥΘΥΝΣΗΣ ΠΑΡΕΧΟΝΤΑΙ ΣΤΗΝ ΥΠΟΔΕΙΞΗ ΤΟΥ ΑΚΙΝΗΤΟΥ<br /><br /> ΜΕΣΙΤΙΚΟ ΓΡΑΦΕΙΟ TZELI HOME<br /> ΥΜΗΤΤΟΥ 41 , ΚΑΙΣΑΡΙΑΝΗ , ΤΚ 16121<br /><br /> ΕΠΙΚΟΙΝΩΝΗΣΤΕ ΜΑΖΙ ΜΑΣ:<br /> ►WEBSITE : www.tzelihome.gr<br /> ►E-MAIL : tzelihome@gmail.com<br /> ►ΚΙΝΗΤΟ : 6906.062.919 <br /> ►ΤΗΛΕΦΩΝΟ : 211.001.4573 & 211.001.4574<br>","10000",,"0","1","8",,,,,,,,,"1","1","2026-03-16","8","6","0","yes","no","0","Αθήνα - Νότια Προάστια (Αττική)","Καισαριανή (Αθήνα - Νότια Προάστια)","1","105103","102","2214","123161","Double","2","2","0","0","1","1219555931","https://m1.spitogatos.gr/347897442_1600x1200.jpg?v=20130730","https://m3.spitogatos.gr/347897447_1600x1200.jpg?v=20130730","https://m1.spitogatos.gr/347897451_1600x1200.jpg?v=20130730","https://m3.spitogatos.gr/347897456_1600x1200.jpg?v=20130730","https://m1.spitogatos.gr/347897460_1600x1200.jpg?v=20130730","https://m2.spitogatos.gr/347897464_1600x1200.jpg?v=20130730","https://m3.spitogatos.gr/347897468_1600x1200.jpg?v=20130730","https://m1.spitogatos.gr/347897472_1600x1200.jpg?v=20130730","https://m2.spitogatos.gr/347897476_1600x1200.jpg?v=20130730","https://m1.spitogatos.gr/347897481_1600x1200.jpg?v=20130730","https://m2.spitogatos.gr/347897485_1600x1200.jpg?v=20130730","https://m1.spitogatos.gr/347897487_1600x1200.jpg?v=20130730","https://m2.spitogatos.gr/347897491_1600x1200.jpg?v=20130730","https://m2.spitogatos.gr/347897494_1600x1200.jpg?v=20130730","https://m3.spitogatos.gr/347897498_1600x1200.jpg?v=20130730","https://m1.spitogatos.gr/347897499_1600x1200.jpg?v=20130730","https://m3.spitogatos.gr/347897501_1600x1200.jpg?v=20130730","https://m2.spitogatos.gr/347897503_1600x1200.jpg?v=20130730","https://m3.spitogatos.gr/347897504_1600x1200.jpg?v=20130730","https://m1.spitogatos.gr/347897505_1600x1200.jpg?v=20130730","https://m3.spitogatos.gr/347897507_1600x1200.jpg?v=20130730","https://m2.spitogatos.gr/347897509_1600x1200.jpg?v=20130730","https://m1.spitogatos.gr/347897511_1600x1200.jpg?v=20130730","https://m3.spitogatos.gr/347897513_1600x1200.jpg?v=20130730","https://m2.spitogatos.gr/347897515_1600x1200.jpg?v=20130730","0","0","2","1","37.972721","1","1","23.753616",,"0","0","0","2026-07-29","0","0",,"0",,"0","1",,"3","1","0","0",,"0","0","0","1250",,,"0","0","0","0","15.63",,,"1","3","6","1","1","2024","0","1","1","0","1",,,"1","80","1",,,"0","1","0","2026-03-16","https://www.spitogatos.gr/en/property/1219555931",,"1",,"1970","uCqKqAVt-AE","residential"
"0","2","no","simple","1",,,,,"0","0","0","0","2026-04-14","0","0","1","6","1","0","false","house","0","0",,"0","Κωδικός Ακινήτου: #11212 | Αθήνα - Νότια Προάστια, Καισαριανή:<br><br />
Ενοικιάζεται πλήρως ανακαινισμένο διαμέρισμα 75τ.μ. στον 2ο όροφο, με άμεση πρόσβαση μέσω ασανσέρ. Το διαμέρισμα διαθέτει 2 ευρύχωρα υπνοδωμάτια, ένα άνετο σαλόνι, κουζίνα και μπάνιο, και είναι πλήρως επιπλωμένο με μοντέρνα και λειτουργικά έπιπλα. Κατασκευασμένο το 1966, το ακίνητο έχει ανανεωθεί πλήρως, προσφέροντας στους ενοικιαστές μια σύγχρονη και άνετη διαβίωση. Διαθέτει κουφώματα αλουμινίου με διπλά τζάμια για αυξημένη θερμομόνωση και ηχομόνωση, πόρτα ασφαλείας. Τα δάπεδα από πλακάκι και ξύλο προσδίδουν έναν κομψό και ζεστό χαρακτήρα στον χώρο. Επιπλέον, επιτρέπονται τα κατοικίδια, κάνοντάς το ιδανικό για φιλόζωους ενοικιαστές. Ένα εξαιρετικό ακίνητο που συνδυάζει σύγχρονη ανακαίνιση, άνεση και πρακτικότητα, σε έναν φιλόξενο χώρο που σας περιμένει.<br><br />
 <br><br />
Τιμή 1100€ | Κωδικός Ακινήτου: #11212<br><br />
 <br><br />
 <br><br />
ΚΑΤΑ ΤΗΝ ΥΠΟΔΕΙΞΗ ΤΟΥ ΑΚΙΝΗΤΟΥ ΑΠΑΙΤΕΙΤΑΙ ΝΑ ΓΙΝΕΤΑΙ ΕΠΙΔΕΙΞΗ ΤΗΣ ΑΣΤΥΝΟΜΙΚΗΣ ΣΑΣ ΤΑΥΤΟΤΗΤΑΣ ΣΥΜΦΩΝΑ ΜΕ ΤΟΝ Ν.4072/11-04-2012 Φ.Ε.Κ 86Α<br /><br />ΤΑ ΣΤΟΙΧΕΙΑ ΤΩΝ ΑΚΙΝΗΤΩΝ ΕΙΝΑΙ ΚΑΤΑ ΔΗΛΩΣΗ ΤΟΥ ΙΔΙΟΚΤΗΤΗ<br /><br />ΑΚΙΝΗΤΑ ΑΠΟΚΛΕΙΣΤΙΚΗΣ ΔΙΑΘΕΣΗΣ ΜΕ ΦΩΤΟΓΡΑΦΙΕΣ ΠΟΥ ΔΙΑΧΕΙΡΙΖΕΤΑΙ Η ΕΤΑΙΡΙΑ ΜΑΣ ΘΑ ΒΡΕΙΤΕ ΣΤΗΝ ΙΣΤΟΣΕΛΙΔΑ ΜΑΣ<br /><br /> ►WEBSITE: www.tzelihome.gr<br /><br /> ✔ ΓΙΑ ΤΗΝ ΚΑΛΥΤΕΡΗ ΕΞΥΠΗΡΕΤΗΣΗ ΣΑΣ ΧΡΗΣΙΜΟΠΟΙΕΙΣΤΕ ΤΟΝ ΚΩΔΙΚΟ ΑΚΙΝΗΤΟΥ ΠΟΥ ΑΝΑΓΡΑΦΕΤΑΙ ΣΤΗΝ ΠΕΡΙΓΡΑΦΗ<br /> ✔ Η ΔΙΕΥΘΥΝΣΗ ΣΤΟΝ ΧΑΡΤΗ ΕΧΕΙ ΤΟΠΟΘΕΤΗΘΕΙ ΚΑΤΑ ΠΡΟΣΕΓΓΙΣΗ<br /> ✔ ΟΙ ΑΚΡΙΒΕΙΣ ΠΛΗΡΟΦΟΡΙΕΣ ΤΗΣ ΔΙΕΥΘΥΝΣΗΣ ΠΑΡΕΧΟΝΤΑΙ ΣΤΗΝ ΥΠΟΔΕΙΞΗ ΤΟΥ ΑΚΙΝΗΤΟΥ<br /><br /> ΜΕΣΙΤΙΚΟ ΓΡΑΦΕΙΟ TZELI HOME<br /> ΥΜΗΤΤΟΥ 41 , ΚΑΙΣΑΡΙΑΝΗ , ΤΚ 16121<br /><br /> ΕΠΙΚΟΙΝΩΝΗΣΤΕ ΜΑΖΙ ΜΑΣ:<br /> ►WEBSITE : www.tzelihome.gr<br /> ►E-MAIL : tzelihome@gmail.com<br /> ►ΚΙΝΗΤΟ : 6906.062.919 <br /> ►ΤΗΛΕΦΩΝΟ : 211.001.4573 & 211.001.4574<br>","10000",,"0","1","8",,,,,,,,,"0","0","2026-04-14","7","10","0","yes","no","0","Αθήνα - Νότια Προάστια (Αττική)","Καισαριανή (Αθήνα - Νότια Προάστια)","1","105103","102","2214","123162","Double","1","4","0","0","1","1219703651","https://m1.spitogatos.gr/350333901_1600x1200.jpg?v=20130730","https://m2.spitogatos.gr/350333902_1600x1200.jpg?v=20130730","https://m1.spitogatos.gr/350333904_1600x1200.jpg?v=20130730","https://m2.spitogatos.gr/350333905_1600x1200.jpg?v=20130730","https://m1.spitogatos.gr/350333907_1600x1200.jpg?v=20130730","https://m2.spitogatos.gr/350333908_1600x1200.jpg?v=20130730","https://m1.spitogatos.gr/350333910_1600x1200.jpg?v=20130730","https://m2.spitogatos.gr/350333911_1600x1200.jpg?v=20130730","https://m3.spitogatos.gr/350333912_1600x1200.jpg?v=20130730","https://m1.spitogatos.gr/350333913_1600x1200.jpg?v=20130730","https://m2.spitogatos.gr/350333914_1600x1200.jpg?v=20130730","https://m1.spitogatos.gr/350333916_1600x1200.jpg?v=20130730","https://m2.spitogatos.gr/350333917_1600x1200.jpg?v=20130730","https://m3.spitogatos.gr/350333918_1600x1200.jpg?v=20130730","https://m1.spitogatos.gr/350333919_1600x1200.jpg?v=20130730","https://m2.spitogatos.gr/350333920_1600x1200.jpg?v=20130730","https://m3.spitogatos.gr/350333921_1600x1200.jpg?v=20130730","https://m1.spitogatos.gr/350333922_1600x1200.jpg?v=20130730","https://m2.spitogatos.gr/350333923_1600x1200.jpg?v=20130730","https://m3.spitogatos.gr/350333924_1600x1200.jpg?v=20130730","https://m1.spitogatos.gr/350333925_1600x1200.jpg?v=20130730","https://m2.spitogatos.gr/350333926_1600x1200.jpg?v=20130730","https://m3.spitogatos.gr/350333927_1600x1200.jpg?v=20130730","https://m2.spitogatos.gr/350333929_1600x1200.jpg?v=20130730",,"0","0","2","1","37.967926","1","1","23.754869",,"0","0","0","2026-07-29","0","0",,"0",,"0","1",,"1","0","0","0","1","0","0","0","1100",,,"0","0","0","0","14.67",,,"1","3","6","1","1","2024","0","1","2","0","1",,,"0","75","0",,,"0","1","0","2026-04-14","https://www.spitogatos.gr/en/property/1219703651",,"0",,"1966","yTtP87vJ6WM","residential"
"1","2","no","simple","1",,,,,"1","0","0","0","2026-07-15","0","1","1","15","1","0","false","house","0","20",,"1","Ενοικιάζεται φωτεινό, γωνιακό και σχεδόν πλήρως επιπλωμένο διαμέρισμα 48 τ.μ., στον 2ο όροφο, σε εξαιρετική τοποθεσία στην Καισαριανή, με άμεση πρόσβαση στην Αττική Οδό και πολύ κοντά σε μέσα μαζικής μεταφοράς.<br />
<br />
Το διαμέρισμα είναι βαμμένο πριν από έναν χρόνο και διατίθεται επιπλωμένο, με εξαίρεση το κρεβάτι. Περιλαμβάνει καναπέ, έπιπλο τηλεόρασης, ψυγείο, πλυντήριο ρούχων και κλιματιστικό (A/C), ώστε να είναι άμεσα κατοικήσιμο.<br />
<br />
Διαθέτει κεντρική-αυτόνομη θέρμανση φυσικού αερίου. Ως γωνιακό ακίνητο είναι ιδιαίτερα φωτεινό και διαθέτει μεγάλη περιμετρική βεράντα με τέντες σε όλο το μήκος της, προσφέροντας σκίαση, ιδιωτικότητα και έναν άνετο εξωτερικό χώρο για χαλάρωση.<br />
<br />
Βρίσκεται σε ιδιαίτερα προνομιακή περιοχή, κοντά σε στάσεις ΜΜΜ, πανεπιστήμια, σούπερ μάρκετ, καφέ, εστιατόρια και κάθε είδους καταστήματα, προσφέροντας εύκολη πρόσβαση τόσο στο κέντρο της Αθήνας όσο και στους βασικούς οδικούς άξονες.<br />
<br />
Ιδανική επιλογή για φοιτητές, εργαζόμενους ή ζευγάρια που αναζητούν ένα άνετο, λειτουργικό και έτοιμο προς κατοίκηση διαμέρισμα.","13000",,"0","1","8",,,,,,,,,"1","0","2026-07-15","7","5","1","yes","no","0","Αθήνα - Νότια Προάστια (Αττική)","Καισαριανή (Αθήνα - Νότια Προάστια)","1","105103","102","2214","123163","Single","1","2","0","0","1","1220394272","https://m3.spitogatos.gr/361974179_1600x1200.jpg?v=20130730","https://m1.spitogatos.gr/361974180_1600x1200.jpg?v=20130730","https://m2.spitogatos.gr/361974181_1600x1200.jpg?v=20130730","https://m3.spitogatos.gr/361974182_1600x1200.jpg?v=20130730","https://m1.spitogatos.gr/361974186_1600x1200.jpg?v=20130730","https://m2.spitogatos.gr/361974178_1600x1200.jpg?v=20130730","https://m3.spitogatos.gr/361974176_1600x1200.jpg?v=20130730","https://m1.spitogatos.gr/361974183_1600x1200.jpg?v=20130730","https://m1.spitogatos.gr/361974177_1600x1200.jpg?v=20130730","https://m3.spitogatos.gr/361974185_1600x1200.jpg?v=20130730","https://m1.spitogatos.gr/361974189_1600x1200.jpg?v=20130730","https://m2.spitogatos.gr/361974190_1600x1200.jpg?v=20130730","https://m3.spitogatos.gr/361974191_1600x1200.jpg?v=20130730","https://m2.spitogatos.gr/361974187_1600x1200.jpg?v=20130730","https://m3.spitogatos.gr/361974194_1600x1200.jpg?v=20130730",,,,,,,,,,,"0","0","2","1","37.969154","1","1","23.764103",,"0","0","1","2026-07-29","1","0",,"0",,"0","1",,,"1","0","0",,"0","0","0","680","2026-07-25 17:42:34","9","0","0","0","0","14.17","750","true","1",,,"1","0",,"0",,"1","0","0",,,"0","48","0",,"Πανεπιστημιούπολη, Καισαριανή 16122","1","1","0","2026-07-15","https://www.spitogatos.gr/en/property/1220394272",,"0","0","1975",,
"1","1","no","simple","1",,,,,"0","0","0","0","2026-05-30","0","1","0","12","1","0","false","house","0","10",,"0","Κωδικός Ακινήτου: #11889. Καισαριανή, Σκοπευτήριο: Ενοικιάζεται πλήρως ανακαινισμένη Γκαρσονιέρα 33τ.μ. προσόψεως στον 1ο όροφο με ασανσέρ με κεντρική θέρμανση πετρελαίου. Αποτελείται από 1 υπνοδωμάτιο, 1 κουζίνα, και μπάνιο. Είναι κατασκευασμένη το 1980, βαμμένη, κοντά σε ΜΕΣΑ ΜΑΖΙΚΗΣ ΜΕΤΑΦΟΡΑΣ και διαθέτει κουφώματα αλουμινίου με διπλά τζάμια, πόρτα ασφαλείας, κλιματισμό, δάπεδα από μάρμαρο & πλακάκι, τέντες, σίτες. Ελάχιστα μηνιαία Κοινόχρηστα και επιτρέπονται τα κατοικίδια. Επιπλέον χαρακτηριστικά: ΘΥΡΟΤΗΛΕΟΡΑΣΗ, ΠΑΤΑΡΙ ΑΠΟΘΗΚΕΥΣΗΣ .<br><br />
Τιμή 500€ | Κωδικός Ακινήτου: #11889<br><br />
 <br><br />
ΚΑΤΑ ΤΗΝ ΥΠΟΔΕΙΞΗ ΤΟΥ ΑΚΙΝΗΤΟΥ ΑΠΑΙΤΕΙΤΑΙ ΝΑ ΓΙΝΕΤΑΙ ΕΠΙΔΕΙΞΗ ΤΗΣ ΑΣΤΥΝΟΜΙΚΗΣ ΣΑΣ ΤΑΥΤΟΤΗΤΑΣ ΣΥΜΦΩΝΑ ΜΕ ΤΟΝ Ν.4072/11-04-2012 Φ.Ε.Κ 86Α<br /><br />ΤΑ ΣΤΟΙΧΕΙΑ ΤΩΝ ΑΚΙΝΗΤΩΝ ΕΙΝΑΙ ΚΑΤΑ ΔΗΛΩΣΗ ΤΟΥ ΙΔΙΟΚΤΗΤΗ<br /><br />ΑΚΙΝΗΤΑ ΑΠΟΚΛΕΙΣΤΙΚΗΣ ΔΙΑΘΕΣΗΣ ΜΕ ΦΩΤΟΓΡΑΦΙΕΣ ΠΟΥ ΔΙΑΧΕΙΡΙΖΕΤΑΙ Η ΕΤΑΙΡΙΑ ΜΑΣ ΘΑ ΒΡΕΙΤΕ ΣΤΗΝ ΙΣΤΟΣΕΛΙΔΑ ΜΑΣ<br /><br /> ►WEBSITE: www.tzelihome.gr<br /><br /> ✔ ΓΙΑ ΤΗΝ ΚΑΛΥΤΕΡΗ ΕΞΥΠΗΡΕΤΗΣΗ ΣΑΣ ΧΡΗΣΙΜΟΠΟΙΕΙΣΤΕ ΤΟΝ ΚΩΔΙΚΟ ΑΚΙΝΗΤΟΥ ΠΟΥ ΑΝΑΓΡΑΦΕΤΑΙ ΣΤΗΝ ΠΕΡΙΓΡΑΦΗ<br /> ✔ Η ΔΙΕΥΘΥΝΣΗ ΣΤΟΝ ΧΑΡΤΗ ΕΧΕΙ ΤΟΠΟΘΕΤΗΘΕΙ ΚΑΤΑ ΠΡΟΣΕΓΓΙΣΗ<br /> ✔ ΟΙ ΑΚΡΙΒΕΙΣ ΠΛΗΡΟΦΟΡΙΕΣ ΤΗΣ ΔΙΕΥΘΥΝΣΗΣ ΠΑΡΕΧΟΝΤΑΙ ΣΤΗΝ ΥΠΟΔΕΙΞΗ ΤΟΥ ΑΚΙΝΗΤΟΥ<br /><br /> ΜΕΣΙΤΙΚΟ ΓΡΑΦΕΙΟ TZELI HOME<br /> ΥΜΗΤΤΟΥ 41 , ΚΑΙΣΑΡΙΑΝΗ , ΤΚ 16121<br /><br /> ΕΠΙΚΟΙΝΩΝΗΣΤΕ ΜΑΖΙ ΜΑΣ:<br /> ►WEBSITE : www.tzelihome.gr<br /> ►E-MAIL : tzelihome@gmail.com<br /> ►ΚΙΝΗΤΟ : 6906.062.919 <br /> ►ΤΗΛΕΦΩΝΟ : 211.001.4573 & 211.001.4574<br>","8000",,"0","1","6",,,,,,,,,"1","0","2026-05-30","6","7","0","no","no","0","Αθήνα - Νότια Προάστια (Αττική)","Καισαριανή (Αθήνα - Νότια Προάστια)","1","105103","102","2214","123162","Double","2","1","0","0","1","1219981006","https://m3.spitogatos.gr/355165670_1600x1200.jpg?v=20130730","https://m2.spitogatos.gr/355165672_1600x1200.jpg?v=20130730","https://m3.spitogatos.gr/355165673_1600x1200.jpg?v=20130730","https://m2.spitogatos.gr/355165675_1600x1200.jpg?v=20130730","https://m1.spitogatos.gr/355165677_1600x1200.jpg?v=20130730","https://m2.spitogatos.gr/355165678_1600x1200.jpg?v=20130730","https://m1.spitogatos.gr/355165680_1600x1200.jpg?v=20130730","https://m2.spitogatos.gr/355165684_1600x1200.jpg?v=20130730","https://m1.spitogatos.gr/355165686_1600x1200.jpg?v=20130730","https://m2.spitogatos.gr/355165690_1600x1200.jpg?v=20130730","https://m2.spitogatos.gr/355165693_1600x1200.jpg?v=20130730","https://m3.spitogatos.gr/355165694_1600x1200.jpg?v=20130730","https://m2.spitogatos.gr/355165696_1600x1200.jpg?v=20130730","https://m1.spitogatos.gr/355165698_1600x1200.jpg?v=20130730","https://m2.spitogatos.gr/355165699_1600x1200.jpg?v=20130730","https://m3.spitogatos.gr/355165700_1600x1200.jpg?v=20130730","https://m3.spitogatos.gr/355165703_1600x1200.jpg?v=20130730","https://m2.spitogatos.gr/355165705_1600x1200.jpg?v=20130730","https://m3.spitogatos.gr/355165706_1600x1200.jpg?v=20130730","https://m2.spitogatos.gr/355165708_1600x1200.jpg?v=20130730","https://m3.spitogatos.gr/355165709_1600x1200.jpg?v=20130730","https://m2.spitogatos.gr/355165711_1600x1200.jpg?v=20130730","https://m3.spitogatos.gr/355165712_1600x1200.jpg?v=20130730","https://m3.spitogatos.gr/355165715_1600x1200.jpg?v=20130730",,"0","0","2","1","37.96809","1","0","23.757086",,"0","0","0","2026-06-30","0","0",,"0",,"0","1",,"2","1","0","1","1","0","0","0","500",,,"0","0","0","0","15.15",,,"1","3","6","1","1","2026","0","1","1","0","1",,,"0","33","0",,,"0","2","0","2026-05-30","https://www.spitogatos.gr/en/property/1219981006",,"0",,"1980","a0M2IBYgf5g","residential"
"1","2","no","simple","1",,,,,"0","0","0","0","2026-04-22","0","0","1","0","1","0",,"house","0","25",,"0","Διαμέρισμα Προς Ενοικίαση, όροφος: 2ος, στην περιοχή: Καισαριανή. Το εμβαδόν του ακινήτου είναι 75 τ.μ.. Αποτελείται από: 2 Υ/Δ, 1 μπάνιο/α, 1 κουζίνα/ες, 1 σαλόνι/α. Έχει κατασκευαστεί το 1966. Η θέρμανση του ακινήτου είναι Ατομική με Ρεύμα, ενώ επίσης διατίθεται Κλιματισμός, έχει κουφώματα Αλουμινίου με Διπλά τζάμια, ενεργειακό πιστοποιητικό: Ζ και τα δάπεδα είναι: Πλακάκια, Ξύλο, βρίσκεται κοντά σε Συγκοινωνίες, Πλατεία, Super Market, Κέντρο Πόλης, Αγορά, Εστίαση, έχει θέα Αστικό τοπίο. Το ακίνητο είναι Επιπλωμένο, Φωτεινό, Ευάερο, Ευήλιο, είναι κατάλληλο για Φοιτητές και επίσης διαθέτει τα παρακάτω χαρακτηριστικά και πλεονεκτήματα: Ασανσέρ, Ηλεκτρ. Συσκευές, Πόρτα Ασφαλείας, Επιτρέπονται Κατοικίδια. Τιμή: €1.200. Lionbridge, Τηλέφωνο Επικοινωνίας: 2109969646, 6980980431, email: info@lionbridge.gr",,,"0","1","8",,,,,,,,,"0","0","2026-04-22","7","10","0","yes","no","0","Αθήνα - Νότια Προάστια (Αττική)","Καισαριανή (Αθήνα - Νότια Προάστια)","1","105103","102","2214",,"Double","4","4","0","0","1","1219759259","https://m1.spitogatos.gr/351277155_1600x1200.jpg?v=20130730","https://m3.spitogatos.gr/351277157_1600x1200.jpg?v=20130730","https://m2.spitogatos.gr/351277159_1600x1200.jpg?v=20130730","https://m1.spitogatos.gr/351277161_1600x1200.jpg?v=20130730","https://m3.spitogatos.gr/351277163_1600x1200.jpg?v=20130730","https://m2.spitogatos.gr/351277165_1600x1200.jpg?v=20130730","https://m3.spitogatos.gr/351277166_1600x1200.jpg?v=20130730","https://m2.spitogatos.gr/351277168_1600x1200.jpg?v=20130730","https://m1.spitogatos.gr/351277170_1600x1200.jpg?v=20130730","https://m3.spitogatos.gr/351277172_1600x1200.jpg?v=20130730","https://m2.spitogatos.gr/351277174_1600x1200.jpg?v=20130730","https://m1.spitogatos.gr/351277176_1600x1200.jpg?v=20130730","https://m3.spitogatos.gr/351277178_1600x1200.jpg?v=20130730","https://m1.spitogatos.gr/351277179_1600x1200.jpg?v=20130730","https://m3.spitogatos.gr/351277181_1600x1200.jpg?v=20130730","https://m2.spitogatos.gr/351277183_1600x1200.jpg?v=20130730","https://m1.spitogatos.gr/351277185_1600x1200.jpg?v=20130730","https://m2.spitogatos.gr/351277186_1600x1200.jpg?v=20130730","https://m1.spitogatos.gr/351277188_1600x1200.jpg?v=20130730","https://m3.spitogatos.gr/351277190_1600x1200.jpg?v=20130730","https://m2.spitogatos.gr/351277192_1600x1200.jpg?v=20130730","https://m1.spitogatos.gr/351277194_1600x1200.jpg?v=20130730","https://m2.spitogatos.gr/351277195_1600x1200.jpg?v=20130730","https://m1.spitogatos.gr/351277197_1600x1200.jpg?v=20130730","https://m3.spitogatos.gr/351277199_1600x1200.jpg?v=20130730","0","0","2","1","37.967209","1","1","23.755352",,"0","0",,"2026-07-14","0","0",,"0",,"0","1",,,"0","0","0","1","0","0","0","1200",,,"0","0","0","0","16",,,"1","3","6","1","0",,"0",,"2","0","1",,,"0","75","0",,,"1","1","0","2026-04-22","https://www.spitogatos.gr/en/property/1219759259",,"1","0","1966",,"residential"
"1","Ground Floor","no","simple","1",,,,,"0","0","0","0","2025-12-09","0","1","0","0","0",,,"house",,,,"1","Διαμέρισμα 41 τμ, πλήρως ανακαινισμένο και μερικως επιπλωμενο.Το ακινητο διαθετει θεση parking ανοιχτη με καινουργια τεντα.Ακομα διαθετει εξαιρετικους αποθηκευτικους χωρους.Το ακινητο διαθετει ολοκαινουργιες ηλεκτρικες συσκευες,φουρνο,ψυγειο ,διπλο κρεβατι με ανατομικο στρωμα,καναπε.Το παρον ακινητο δεν εχει κοινοχρηστα,βρισκεται σε εξαιρετικη τοποθεσια κοντα σε συγκενωνιες,εμπορικα καταστηματα και παραλληλα σε ήσυχη γειτονια.Υπαρχει και η δυνατότητα παρκινγκ στα 4 μετρα απ' την είσοδο με εξτρά 150 ευρώ.<br />
Ενοικίαση, Διαμέρισμα,  Μπάνια: 1,  WC: 1,  Εμβαδόν: 41 τ.μ.,  Δωμάτια: 1,  Έτος κατασκευής: 1991,  Για φοιτητές,  Κλιματισμός,  Επιπλωμένο,  Πόρτα ασφαλείας,  Θέση στάθμευσης,  Όροφος: Ισόγειο,  Γωνιακό,  Ανακαινισμένο,  Τέντα,  Κουφώματα: Αλουμινίου,  Τύπος δαπέδων: Πλακάκι,  Επιφάνεια oικοπέδου: 400 τ.μ.,  Θέρμανση: Αυτόνομη θέρμανση,  Μέσο θέρμανσης: Ρεύμα,  Πρόσβαση από: Άσφαλτο,  Ενεργειακή κλάση: Γ,  Ρεύμα: Τριφασικό,  Έτος Ανακαίνισης: 2025",,"0",,"0","5",,,,,,,,,"0","0","2025-11-07","3","4","0","yes","yes","0","Αθήνα - Νότια Προάστια (Αττική)","Καισαριανή (Αθήνα - Νότια Προάστια)","1","105103","102","2214","106370",,"1","4","0","0","1","1218544957","https://m2.spitogatos.gr/337008844_1600x1200.jpg?v=20130730","https://m3.spitogatos.gr/337008845_1600x1200.jpg?v=20130730","https://m1.spitogatos.gr/337008846_1600x1200.jpg?v=20130730","https://m2.spitogatos.gr/337008847_1600x1200.jpg?v=20130730","https://m3.spitogatos.gr/337008848_1600x1200.jpg?v=20130730","https://m1.spitogatos.gr/337008849_1600x1200.jpg?v=20130730","https://m3.spitogatos.gr/337008851_1600x1200.jpg?v=20130730","https://m1.spitogatos.gr/337008852_1600x1200.jpg?v=20130730","https://m2.spitogatos.gr/337008853_1600x1200.jpg?v=20130730","https://m2.spitogatos.gr/337008856_1600x1200.jpg?v=20130730","https://m1.spitogatos.gr/337008861_1600x1200.jpg?v=20130730","https://m3.spitogatos.gr/337008866_1600x1200.jpg?v=20130730","https://m1.spitogatos.gr/337008870_1600x1200.jpg?v=20130730",,,,,,,,,,,,,"0","0","2","0","37.963852","1","0","23.759941",,"0",,,"2025-12-09","0","0",,"0",,"1","1",,,"0","0","0",,"0","0","0","650",,,"0","0","0","0","15.85",,,"1","3","6","1","1","2025","0","1","1","0","1",,,"0","41","0",,"Ηρώς Κωνσταντοπούλου 13b, Καισαριανή 161 21, Ελλάδα","1","1","0","2025-11-07","https://www.spitogatos.gr/en/property/1218544957",,"0",,"1991",,
"1","4","no","simple","1",,,,,"1","0","0","0","2026-02-12","0","0","1","50","1","0","false","house","0","0",,"1"," <br><br />
Κωδικός Ακινήτου: #10480<br><br />
Καισαριανή, Άγιος Νικόλαος: Ενοικιάζεται μερικώς ανακαινισμένη, διαμπερής και γωνιακή μεζονέτα 121 τ.μ., δύο επιπέδων, στον 4ο όροφο πολυκατοικίας με ασανσέρ, με αυτόνομη θέρμανση πετρελαίου. Κατασκευής 1999, το ακίνητο συνδυάζει άνεση, λειτουργικότητα και εξαιρετική φωτεινότητα, προσφέροντας ωραία θέα και ποιοτική διαβίωση σε προνομιακή τοποθεσία κοντά στο κέντρο της περιοχής. Η μεζονέτα αναπτύσσεται στον 4ο και 5ο όροφο και αποτελείται συνολικά από τρία ευρύχωρα υπνοδωμάτια, άνετο σαλόνι, λειτουργική κουζίνα, δύο μπάνια και αποθήκη, καλύπτοντας ιδανικά τις ανάγκες οικογένειας ή όσων αναζητούν μεγαλύτερους και διακριτούς χώρους διαβίωσης. Διαθέτει κουφώματα αλουμινίου με διπλά τζάμια, πόρτα ασφαλείας, κλιματισμό, ηλιακό θερμοσίφωνα και δάπεδα από πλακάκι και ξύλο που προσδίδουν ζεστασιά και αντοχή στον χρόνο. Μια εξαιρετική επιλογή για όσους επιθυμούν άνεση και ποιότητα σε ένα προσεγμένο οικιστικό περιβάλλον.<br><br />
 <br><br />
Τιμή ενοικίασης 950€.  Κωδικός Ακινήτου: #10480<br><br />
 <br><br />
ΚΑΤΑ ΤΗΝ ΥΠΟΔΕΙΞΗ ΤΟΥ ΑΚΙΝΗΤΟΥ ΑΠΑΙΤΕΙΤΑΙ ΝΑ ΓΙΝΕΤΑΙ ΕΠΙΔΕΙΞΗ ΤΗΣ ΑΣΤΥΝΟΜΙΚΗΣ ΣΑΣ ΤΑΥΤΟΤΗΤΑΣ ΣΥΜΦΩΝΑ ΜΕ ΤΟΝ Ν.4072/11-04-2012 Φ.Ε.Κ 86Α<br /><br />ΤΑ ΣΤΟΙΧΕΙΑ ΤΩΝ ΑΚΙΝΗΤΩΝ ΕΙΝΑΙ ΚΑΤΑ ΔΗΛΩΣΗ ΤΟΥ ΙΔΙΟΚΤΗΤΗ<br /><br />ΑΚΙΝΗΤΑ ΑΠΟΚΛΕΙΣΤΙΚΗΣ ΔΙΑΘΕΣΗΣ ΜΕ ΦΩΤΟΓΡΑΦΙΕΣ ΠΟΥ ΔΙΑΧΕΙΡΙΖΕΤΑΙ Η ΕΤΑΙΡΙΑ ΜΑΣ ΘΑ ΒΡΕΙΤΕ ΣΤΗΝ ΙΣΤΟΣΕΛΙΔΑ ΜΑΣ<br /><br /> ►WEBSITE: www.tzelihome.gr<br /><br /> ✔ ΓΙΑ ΤΗΝ ΚΑΛΥΤΕΡΗ ΕΞΥΠΗΡΕΤΗΣΗ ΣΑΣ ΧΡΗΣΙΜΟΠΟΙΕΙΣΤΕ ΤΟΝ ΚΩΔΙΚΟ ΑΚΙΝΗΤΟΥ ΠΟΥ ΑΝΑΓΡΑΦΕΤΑΙ ΣΤΗΝ ΠΕΡΙΓΡΑΦΗ<br /> ✔ Η ΔΙΕΥΘΥΝΣΗ ΣΤΟΝ ΧΑΡΤΗ ΕΧΕΙ ΤΟΠΟΘΕΤΗΘΕΙ ΚΑΤΑ ΠΡΟΣΕΓΓΙΣΗ<br /> ✔ ΟΙ ΑΚΡΙΒΕΙΣ ΠΛΗΡΟΦΟΡΙΕΣ ΤΗΣ ΔΙΕΥΘΥΝΣΗΣ ΠΑΡΕΧΟΝΤΑΙ ΣΤΗΝ ΥΠΟΔΕΙΞΗ ΤΟΥ ΑΚΙΝΗΤΟΥ<br /><br /> ΜΕΣΙΤΙΚΟ ΓΡΑΦΕΙΟ TZELI HOME<br /> ΥΜΗΤΤΟΥ 41 , ΚΑΙΣΑΡΙΑΝΗ , ΤΚ 16121<br /><br /> ΕΠΙΚΟΙΝΩΝΗΣΤΕ ΜΑΖΙ ΜΑΣ:<br /> ►WEBSITE : www.tzelihome.gr<br /> ►E-MAIL : tzelihome@gmail.com<br /> ►ΚΙΝΗΤΟ : 6906.062.919 <br /> ►ΤΗΛΕΦΩΝΟ : 211.001.4573 & 211.001.4574<br>","7000",,"0","1","6",,,,,,,,,"0","0","2026-02-12","9","10","0","no","no","0","Αθήνα - Νότια Προάστια (Αττική)","Καισαριανή (Αθήνα - Νότια Προάστια)","1","105103","102","2214","123161","Double","1","1","0","0","1","1219376165","https://m1.spitogatos.gr/344875959_1600x1200.jpg?v=20130730","https://m3.spitogatos.gr/344875964_1600x1200.jpg?v=20130730","https://m1.spitogatos.gr/344875971_1600x1200.jpg?v=20130730","https://m2.spitogatos.gr/344875975_1600x1200.jpg?v=20130730","https://m2.spitogatos.gr/344875981_1600x1200.jpg?v=20130730","https://m1.spitogatos.gr/344875986_1600x1200.jpg?v=20130730","https://m2.spitogatos.gr/344875993_1600x1200.jpg?v=20130730","https://m1.spitogatos.gr/344875998_1600x1200.jpg?v=20130730","https://m2.spitogatos.gr/344876002_1600x1200.jpg?v=20130730","https://m3.spitogatos.gr/344876006_1600x1200.jpg?v=20130730","https://m3.spitogatos.gr/344876009_1600x1200.jpg?v=20130730","https://m3.spitogatos.gr/344876012_1600x1200.jpg?v=20130730","https://m3.spitogatos.gr/344876015_1600x1200.jpg?v=20130730","https://m3.spitogatos.gr/344876018_1600x1200.jpg?v=20130730","https://m1.spitogatos.gr/344876022_1600x1200.jpg?v=20130730","https://m1.spitogatos.gr/344876025_1600x1200.jpg?v=20130730","https://m2.spitogatos.gr/344876029_1600x1200.jpg?v=20130730","https://m1.spitogatos.gr/344876031_1600x1200.jpg?v=20130730","https://m2.spitogatos.gr/344876035_1600x1200.jpg?v=20130730",,,,,,,"1","0","2","1","37.970669","2","1","23.753782",,"0","0","0","2026-07-29","0","0",,"0",,"0","2",,"11","0","1","0",,"0","0","0","950","2026-07-22 11:07:04","14","0","0","0","0","7.85","1100","true","1","3","6","1","1","2020","0","1","3","0","1",,,"1","121","1",,,"0","3","0","2026-02-12","https://www.spitogatos.gr/en/property/1219376165",,"1",,"1999","mdaZc5XRfH0","residential"
"1","5","no","simple","1",,,,,"1","0","0","0","2026-04-21","0","1","1","0","1","0",,"house","0",,,"0","Σε εξαιρετικό σημείο της Αθήνας, πλησίον του ξενοδοχείου Caravel, διατίθεται προς ενοικίαση εντυπωσιακό οροφοδιαμέρισμα 5ου ορόφου, συνολικής επιφάνειας 220 τ.μ., με απεριόριστη πανοραμική και ανεμπόδιστη θέα προς το αστικό τοπίο και την ανοιχτωσιά της πόλης.<br />
<br />
Το ακίνητο κατασκευάστηκε το 1973 και διατηρείται σε πολύ καλή κατάσταση, με αναβαθμισμένα στοιχεία άνεσης και λειτουργικότητας.<br />
<br />
Αποτελείται από ευρύχωρο σαλόνι, δεύτερο καθιστικό, κουζίνα, τρία υπνοδωμάτια (εκ των οποίων τα δύο master), δύο μπάνια και ένα WC, προσφέροντας υψηλό επίπεδο αστικής διαβίωσης.<br />
<br />
Διαθέτει αυτόνομη θέρμανση με fan coil στο σαλόνι και φυσικό αέριο στο υπόλοιπο σπίτι, καθώς και κλιματισμό και καλοριφέρ. Τα κουφώματα είναι συνδυασμός αλουμινίου και ξύλου με διπλά τζάμια, ενώ τα δάπεδα αποτελούνται από μάρμαρο, ξύλο και πλακάκι.<br />
<br />
Το ακίνητο είναι πλήρως επιπλωμένο, προσόψεως, διαμπερές, φωτεινό και ευάερο, με χαρακτηριστικά αρχοντικής κατοικίας και πολυτελή αίσθηση.<br />
<br />
Βρίσκεται σε απόσταση μόλις λίγων μέτρων από το μετρό και άμεσα κοντά σε συγκοινωνίες, εμπορικό κέντρο, κέντρα διασκέδασης και το κέντρο της πόλης.<br />
<br />
Στα επιπλέον χαρακτηριστικά περιλαμβάνονται ασανσέρ, βεράντα, αποθήκη, τέντες, πόρτα ασφαλείας και ηλεκτρικές συσκευές.<br />
<br />
Ακίνητο ιδανικό για διπλωματική κατοικία, πρεσβεία ή υψηλών προδιαγραφών επαγγελματική στέγη, αλλά και για όσους επιθυμούν να ζουν στην καρδιά της Αθήνας με άνεση και κύρος.  Mobilia Real Estate, Τηλέφωνο Επικοινωνίας: 2107563200, email: info@mobilia.gr, website: https://www.mobilia.gr",,,"0","1","8",,,,,,,,,"1","0","2026-04-21","10","6","1","yes","no","0","Αθήνα - Νότια Προάστια (Αττική)","Καισαριανή (Αθήνα - Νότια Προάστια)","1","105103","102","2214","123160","Double","1","9","0","0","1","1219749700","https://m1.spitogatos.gr/351121266_1600x1200.jpg?v=20130730","https://m3.spitogatos.gr/351121268_1600x1200.jpg?v=20130730","https://m3.spitogatos.gr/351121271_1600x1200.jpg?v=20130730","https://m2.spitogatos.gr/351121273_1600x1200.jpg?v=20130730","https://m2.spitogatos.gr/351121276_1600x1200.jpg?v=20130730","https://m1.spitogatos.gr/351121281_1600x1200.jpg?v=20130730","https://m1.spitogatos.gr/351121287_1600x1200.jpg?v=20130730","https://m2.spitogatos.gr/351121294_1600x1200.jpg?v=20130730","https://m1.spitogatos.gr/351121299_1600x1200.jpg?v=20130730","https://m3.spitogatos.gr/351121307_1600x1200.jpg?v=20130730","https://m1.spitogatos.gr/351121314_1600x1200.jpg?v=20130730","https://m1.spitogatos.gr/351121323_1600x1200.jpg?v=20130730","https://m2.spitogatos.gr/351121330_1600x1200.jpg?v=20130730","https://m1.spitogatos.gr/351121341_1600x1200.jpg?v=20130730","https://m2.spitogatos.gr/351121348_1600x1200.jpg?v=20130730","https://m3.spitogatos.gr/351121358_1600x1200.jpg?v=20130730","https://m2.spitogatos.gr/351121366_1600x1200.jpg?v=20130730","https://m3.spitogatos.gr/351121376_1600x1200.jpg?v=20130730","https://m1.spitogatos.gr/351121383_1600x1200.jpg?v=20130730","https://m2.spitogatos.gr/351121390_1600x1200.jpg?v=20130730","https://m3.spitogatos.gr/351121394_1600x1200.jpg?v=20130730","https://m2.spitogatos.gr/351121399_1600x1200.jpg?v=20130730","https://m2.spitogatos.gr/351121405_1600x1200.jpg?v=20130730","https://m2.spitogatos.gr/351121408_1600x1200.jpg?v=20130730","https://m3.spitogatos.gr/351121412_1600x1200.jpg?v=20130730","0","0","2","1","37.973167","1","2","23.751757",,"1","0","0","2026-07-31","0","0",,"0",,"1","2",,"3","0","0","0",,"0","0","0","2700",,,"0","0","0","0","12.27",,,"1","3","6","1","0",,"0",,"3","0","1",,,"0","220","1",,,"0","1","0","2026-04-21","https://www.spitogatos.gr/en/property/1219749700",,"1","1","1972",,"residential"
"1","2","no","simple","1",,,,,"0","0","0","0","2026-07-11","0","1","0","15","1","0","false","house","0","20",,"0"," <br><br />
Κωδικός Ακινήτου: #12460<br><br />
Στο κέντρο της Καισαριανής διατίθεται προς ενοικίαση ένα εξαιρετικό νεόδμητο διαμέρισμα 106 τ.μ., στον 2ο όροφο σύγχρονης πολυκατοικίας με ανελκυστήρα, προσφέροντας υψηλή αισθητική, άνεση και σύγχρονες ενεργειακές προδιαγραφές. Κατασκευής 2026, αποτελεί ιδανική επιλογή για οικογένειες ή επαγγελματίες που αναζητούν μια ποιοτική κατοικία σε προνομιακή τοποθεσία, με άμεση πρόσβαση στο κέντρο της πόλης, μέσα μαζικής μεταφοράς, σχολεία και εμπορικά καταστήματα. Η κατοικία διαθέτει τρία ευρύχωρα υπνοδωμάτια, άνετο και φωτεινό σαλόνι, λειτουργική κουζίνα και δύο σύγχρονα μπάνια, εξασφαλίζοντας άνεση και λειτουργικότητα για κάθε ανάγκη. Είναι εξοπλισμένη με αυτόνομη θέρμανση φυσικού αερίου, κλιματισμό, κουφώματα αλουμινίου με διπλά ενεργειακά τζάμια, πόρτα ασφαλείας, ηλιακό θερμοσίφωνα, ηλεκτρικά ρολά, σίτες, τέντες και θυροτηλεόραση, ενώ τα ποιοτικά δάπεδα από πλακάκι ολοκληρώνουν τη μοντέρνα αισθητική του χώρου. Επιπλέον, επιτρέπονται τα κατοικίδια, προσφέροντας μια ολοκληρωμένη πρόταση κατοικίας που συνδυάζει άνεση, τεχνολογία και ποιότητα κατασκευής.<br><br />
 <br><br />
Τιμή: 1.350€ | Κωδικός Ακινήτου: #12460<br><br />
ΚΑΤΑ ΤΗΝ ΥΠΟΔΕΙΞΗ ΤΟΥ ΑΚΙΝΗΤΟΥ ΑΠΑΙΤΕΙΤΑΙ ΝΑ ΓΙΝΕΤΑΙ ΕΠΙΔΕΙΞΗ ΤΗΣ ΑΣΤΥΝΟΜΙΚΗΣ ΣΑΣ ΤΑΥΤΟΤΗΤΑΣ ΣΥΜΦΩΝΑ ΜΕ ΤΟΝ Ν.4072/11-04-2012 Φ.Ε.Κ 86Α<br /><br />ΤΑ ΣΤΟΙΧΕΙΑ ΤΩΝ ΑΚΙΝΗΤΩΝ ΕΙΝΑΙ ΚΑΤΑ ΔΗΛΩΣΗ ΤΟΥ ΙΔΙΟΚΤΗΤΗ<br /><br />ΑΚΙΝΗΤΑ ΑΠΟΚΛΕΙΣΤΙΚΗΣ ΔΙΑΘΕΣΗΣ ΜΕ ΦΩΤΟΓΡΑΦΙΕΣ ΠΟΥ ΔΙΑΧΕΙΡΙΖΕΤΑΙ Η ΕΤΑΙΡΙΑ ΜΑΣ ΘΑ ΒΡΕΙΤΕ ΣΤΗΝ ΙΣΤΟΣΕΛΙΔΑ ΜΑΣ<br /><br /> ►WEBSITE: www.tzelihome.gr<br /><br /> ✔ ΓΙΑ ΤΗΝ ΚΑΛΥΤΕΡΗ ΕΞΥΠΗΡΕΤΗΣΗ ΣΑΣ ΧΡΗΣΙΜΟΠΟΙΕΙΣΤΕ ΤΟΝ ΚΩΔΙΚΟ ΑΚΙΝΗΤΟΥ ΠΟΥ ΑΝΑΓΡΑΦΕΤΑΙ ΣΤΗΝ ΠΕΡΙΓΡΑΦΗ<br /> ✔ Η ΔΙΕΥΘΥΝΣΗ ΣΤΟΝ ΧΑΡΤΗ ΕΧΕΙ ΤΟΠΟΘΕΤΗΘΕΙ ΚΑΤΑ ΠΡΟΣΕΓΓΙΣΗ<br /> ✔ ΟΙ ΑΚΡΙΒΕΙΣ ΠΛΗΡΟΦΟΡΙΕΣ ΤΗΣ ΔΙΕΥΘΥΝΣΗΣ ΠΑΡΕΧΟΝΤΑΙ ΣΤΗΝ ΥΠΟΔΕΙΞΗ ΤΟΥ ΑΚΙΝΗΤΟΥ<br /><br /> ΜΕΣΙΤΙΚΟ ΓΡΑΦΕΙΟ TZELI HOME<br /> ΥΜΗΤΤΟΥ 41 , ΚΑΙΣΑΡΙΑΝΗ , ΤΚ 16121<br /><br /> ΕΠΙΚΟΙΝΩΝΗΣΤΕ ΜΑΖΙ ΜΑΣ:<br /> ►WEBSITE : www.tzelihome.gr<br /> ►E-MAIL : tzelihome@gmail.com<br /> ►ΚΙΝΗΤΟ : 6906.062.919 <br /> ►ΤΗΛΕΦΩΝΟ : 211.001.4573 & 211.001.4574<br>","8000",,"0","1","1",,,,,,,,,"0","0","2026-07-11","7","4","0","no","no","0","Αθήνα - Νότια Προάστια (Αττική)","Καισαριανή (Αθήνα - Νότια Προάστια)","1","105103","102","2214","123162","Double","1","2","0","0","1","1220358260","https://m1.spitogatos.gr/361324839_1600x1200.jpg?v=20130730","https://m2.spitogatos.gr/361324840_1600x1200.jpg?v=20130730","https://m1.spitogatos.gr/361324842_1600x1200.jpg?v=20130730","https://m3.spitogatos.gr/361324844_1600x1200.jpg?v=20130730","https://m1.spitogatos.gr/361324845_1600x1200.jpg?v=20130730","https://m3.spitogatos.gr/361324847_1600x1200.jpg?v=20130730","https://m1.spitogatos.gr/361324848_1600x1200.jpg?v=20130730","https://m3.spitogatos.gr/361324850_1600x1200.jpg?v=20130730","https://m2.spitogatos.gr/361324852_1600x1200.jpg?v=20130730","https://m3.spitogatos.gr/361324853_1600x1200.jpg?v=20130730","https://m2.spitogatos.gr/361324855_1600x1200.jpg?v=20130730","https://m1.spitogatos.gr/361324857_1600x1200.jpg?v=20130730","https://m2.spitogatos.gr/361324858_1600x1200.jpg?v=20130730","https://m1.spitogatos.gr/361324860_1600x1200.jpg?v=20130730","https://m2.spitogatos.gr/361324861_1600x1200.jpg?v=20130730","https://m2.spitogatos.gr/361324864_1600x1200.jpg?v=20130730","https://m1.spitogatos.gr/361324866_1600x1200.jpg?v=20130730","https://m1.spitogatos.gr/361324869_1600x1200.jpg?v=20130730","https://m3.spitogatos.gr/361324871_1600x1200.jpg?v=20130730","https://m3.spitogatos.gr/361324874_1600x1200.jpg?v=20130730","https://m1.spitogatos.gr/361324875_1600x1200.jpg?v=20130730","https://m1.spitogatos.gr/361324878_1600x1200.jpg?v=20130730","https://m3.spitogatos.gr/361324880_1600x1200.jpg?v=20130730","https://m3.spitogatos.gr/361324883_1600x1200.jpg?v=20130730","https://m2.spitogatos.gr/361324885_1600x1200.jpg?v=20130730","0","0","2","1","37.969551","1","1","23.758171",,"0","0","0","2026-07-17","0","0","1","0",,"0","2",,"11","0","0","1","1","0","0","0","1350",,,"0","0","0","0","12.74",,,"1","3","6","1","0",,"0","1","3","0","1",,,"1","106","0",,,"0","1","0","2026-07-11","https://www.spitogatos.gr/en/property/1220358260",,"0",,"2026","_GzJZxLsGHw","residential"
"0","3","no","simple","1",,,,,"1","0","0","0","2026-06-10","0","1","1","0","1","0",,"house","0","45",,"0","Διαμέρισμα Προς Ενοικίαση, όροφος: 3ος, στην περιοχή: Καισαριανή - Άγιος Νικόλαος Καισαριανής. Το εμβαδόν του ακινήτου είναι 100 τ.μ.. Αποτελείται από: 2 Υ/Δ, 1 μπάνιο/α, 1 κουζίνα/ες, 1 σαλόνι/α. Έχει κατασκευαστεί το 1970. Η θέρμανση του ακινήτου είναι Αυτόνομη με Φυσικό αέριο, ενώ επίσης διατίθεται Ηλιακός, Ηχομόνωση, Θερμομόνωση, έχει κουφώματα Αλουμινίου με Διπλά τζάμια, ενεργειακό πιστοποιητικό: Β και τα δάπεδα είναι: Πλακάκια. Η κατάστασή του είναι: Ανακαινισμένο, βρίσκεται κοντά σε Συγκοινωνίες, Super Market, Κέντρο Πόλης, Αγορά, Εστίαση, έχει θέα Ανοιχτωσιά. Το ακίνητο είναι Βαμμένο, Επί Λεωφόρου, Φωτεινό, Ευάερο, Ευήλιο, Διαμπερές, είναι κατάλληλο για Συγκατοίκηση και επίσης διαθέτει τα παρακάτω χαρακτηριστικά και πλεονεκτήματα: Τέντες, Ασανσέρ, Πόρτα Ασφαλείας, Ησυχη γειτονιά, Βεράντα. Τα κατοικίδια δεν είναι ευπρόσδεκτα.Ως εγγύηση ο ιδιοκτήτης ζητάει 2 ενοίκια συν το τρέχον. Τιμή: €980. Lionbridge, Τηλέφωνο Επικοινωνίας: 2109969646, 6980980431, email: info@lionbridge.gr",,,"0","1","4",,,,,,,,,"0","0","2026-06-10","8","4","0","no","no","0","Αθήνα - Νότια Προάστια (Αττική)","Καισαριανή (Αθήνα - Νότια Προάστια)","1","105103","102","2214","123162","Double","1","2","0","0","1","1220086638","https://m1.spitogatos.gr/356699895_1600x1200.jpg?v=20130730","https://m3.spitogatos.gr/356699900_1600x1200.jpg?v=20130730","https://m3.spitogatos.gr/356699918_1600x1200.jpg?v=20130730","https://m1.spitogatos.gr/356699928_1600x1200.jpg?v=20130730","https://m1.spitogatos.gr/356699931_1600x1200.jpg?v=20130730","https://m2.spitogatos.gr/356699935_1600x1200.jpg?v=20130730","https://m1.spitogatos.gr/356699940_1600x1200.jpg?v=20130730","https://m3.spitogatos.gr/356699957_1600x1200.jpg?v=20130730","https://m3.spitogatos.gr/356699963_1600x1200.jpg?v=20130730","https://m3.spitogatos.gr/356699966_1600x1200.jpg?v=20130730","https://m1.spitogatos.gr/356699973_1600x1200.jpg?v=20130730","https://m2.spitogatos.gr/356699977_1600x1200.jpg?v=20130730","https://m1.spitogatos.gr/356699982_1600x1200.jpg?v=20130730","https://m2.spitogatos.gr/356699986_1600x1200.jpg?v=20130730","https://m2.spitogatos.gr/356699992_1600x1200.jpg?v=20130730","https://m2.spitogatos.gr/356699995_1600x1200.jpg?v=20130730","https://m2.spitogatos.gr/356700004_1600x1200.jpg?v=20130730","https://m1.spitogatos.gr/356700009_1600x1200.jpg?v=20130730","https://m2.spitogatos.gr/356700013_1600x1200.jpg?v=20130730","https://m2.spitogatos.gr/356700016_1600x1200.jpg?v=20130730",,,,,,"0","0","2","1","37.968262","1","1","23.754505",,"0","0","0","2026-06-10","0","0",,"0",,"0","1",,,"1","0","0",,"0","0","0","980",,,"0","0","0","0","9.8",,,"1","3","6","1","1",,"0",,"2","0","1",,,"1","100","0",,,"0","1","0","2026-06-10","https://www.spitogatos.gr/en/property/1220086638",,"1","0","1970",,"commercial"
"0","4","no","simple","1","Αλέξιος","81463","Κοσμόπουλος","6986109593","1","0","0","0","2026-02-12","0","0","1","120","1","0",,"house","0",,,"1","Διατίθεται προς ενοικίαση μεζονέτα 126 τ.μ., σε δύο επίπεδα (4ος και 5ος όροφος), στην περιοχή Κάτω Καισαριανή.<br />
<br />
Το ακίνητο αποτελείται από τρία υπνοδωμάτια, δύο μπάνια, μία κουζίνα και σαλόνι, προσφέροντας άνεση και λειτουργικότητα.<br />
<br />
Διαθέτει αυτόνομη θέρμανση με πετρέλαιο, ηλιακό θερμοσίφωνα, σίτες, αποθήκη, εσωτερική σκάλα, πόρτα ασφαλείας, κουφώματα αλουμινίου με διπλά τζάμια και δάπεδα με πλακάκια και ξύλο.<br />
<br />
Η μεζονέτα είναι γωνιακή, ρετιρέ, προσόψεως, φωτεινή και διαμπερής, με ανατολικομεσημβρινό προσανατολισμό και ανεμπόδιστη θέα στη θάλασσα.<br />
<br />
Η τοποθεσία του ακινήτου είναι ιδιαίτερα εξυπηρετική, με άμεση πρόσβαση σε συγκοινωνίες, αγορά και χώρους εστίασης.<br />
<br />
📍 Η αναφερόμενη τοποθεσία είναι ενδεικτική.<br />
<br />
KOSMOS REAL ESTATE<br />
📞 Υπεύθυνος Ακινήτου: Αλέξης Κοσμόπουλος – 6986109593<br />
📧 info@kosmosrealestate.gr<br />
🌐 www.kosmosrealestate.gr",,,"0","0","3",,,,,,,,,"1","0","2026-02-12","9","10","0","no","no","0","Αθήνα - Νότια Προάστια (Αττική)","Καισαριανή (Αθήνα - Νότια Προάστια)","1","105103","102","2214","123161","Double","1","1","0","1","1","1219375157","https://m3.spitogatos.gr/363097679_1600x1200.jpg?v=20130730","https://m2.spitogatos.gr/363097684_1600x1200.jpg?v=20130730","https://m1.spitogatos.gr/363097689_1600x1200.jpg?v=20130730","https://m2.spitogatos.gr/363097693_1600x1200.jpg?v=20130730","https://m2.spitogatos.gr/363097696_1600x1200.jpg?v=20130730","https://m1.spitogatos.gr/363097698_1600x1200.jpg?v=20130730","https://m3.spitogatos.gr/363097700_1600x1200.jpg?v=20130730","https://m2.spitogatos.gr/363097702_1600x1200.jpg?v=20130730","https://m2.spitogatos.gr/363097708_1600x1200.jpg?v=20130730","https://m2.spitogatos.gr/363097717_1600x1200.jpg?v=20130730","https://m2.spitogatos.gr/363097720_1600x1200.jpg?v=20130730","https://m3.spitogatos.gr/363097730_1600x1200.jpg?v=20130730","https://m3.spitogatos.gr/363097733_1600x1200.jpg?v=20130730","https://m1.spitogatos.gr/363097752_1600x1200.jpg?v=20130730","https://m1.spitogatos.gr/363097770_1600x1200.jpg?v=20130730","https://m2.spitogatos.gr/363097774_1600x1200.jpg?v=20130730","https://m2.spitogatos.gr/363097777_1600x1200.jpg?v=20130730","https://m2.spitogatos.gr/363097783_1600x1200.jpg?v=20130730","https://m2.spitogatos.gr/363097789_1600x1200.jpg?v=20130730",,,,,,,"1","0","2","1","37.971081","2","1","23.752625",,"0","0","0","2026-07-29","0","0",,"0",,"0","2",,"3","0","1","1",,"0","0","0","950",,,"0","0","0","0","7.54",,,"1","3","6","1","1","2020","0","1","3","0","1",,,"1","126","1","12",,"1","3","0","2026-02-12","https://www.spitogatos.gr/en/property/1219375157",,"1","0","1999",,"residential"
