"AC","Floor Level","accessibleForDisabled","adType_code","adType_id","agentEmployee_firstName","agentEmployee_id","agentEmployee_lastName","agentEmployee_telephone","airy","alarm","attic","auction","availability","availableForDailyRent","awning","balcony","balconyArea","bright","builtInBBQ","byTheSea","category","caveBuilding","commonExpenses","contactEnquirer_id","corner","description","distanceSea","doubleGlass","electricCarChargingFacilities","elevator","energyClass","enquirerId","enquirer_blocked","enquirer_contactHours","enquirer_email","enquirer_enquirerId","enquirer_firstName","enquirer_lastName","enquirer_telephone","facade","fireplace","firstPublishDate","floorNumber","floorType","forCommercialUse","furnished","garage","garden","geographiesByLevel_2_fullName","geographiesByLevel_4_fullName","geographyParentIds_0","geographyParentIds_1","geographyParentIds_2","geographyParentIds_4","geographyParentIds_5","glassType","heatingController","heatingMedium","heatingUnderFloor","holidayHome","host_id","id","images/0","images/1","images/2","images/3","images/4","images/5","images/6","images/7","images/8","images/9","images/10","images/11","images/12","images/13","images/14","images/15","images/16","images/17","images/18","images/19","images/20","images/21","images/22","images/23","images/24","internal_stairs","investment","joinery","kitchens","latitude","levels","livingRooms","longitude","lotSize","luxHome","mannedReception","medicalOffice","modified","negotiablePrice","neoclassic","newDevelopment","nightPower","noAgentFee","no_of_WC","no_of_bathrooms","numberOfFloors","orientation","painted","penthouse","pestNet","petsAllowed","playroom","pool","preserved","price","priceChangeDate","priceChangePercentage","priceIncludesInternet","priceIncludesPower","priceIncludesSharedExp","priceIncludesWater","pricePerSqMeters","pricePreReduction","priceReduced","propertyPublishingOptionIds/0","propertyPublishingOptionIds/1","propertyPublishingOptionIds/2","published","renovated","renovationYear","requiresRenovation","road_type","rooms","satelite","secure_door","shortTermLetting","solar_heater","sq_meters","storage","storageArea","streetAddress","studentHome","subtype","unfinished","uploaded","url","vTourUrl","view","wholeFloorApartment","year_of_construction","youtubeVideoId","zoning"
"1","4","yes","up","2",,,,,"0","1","0","0","2026-07-14","0","1","1","26","1","0",,"house","0",,,"0","ΜΑΡΟΥΣΙ κέντρο, σε ωραίο, ήσυχο και πράσινο σημείο, δίδεται προς μίσθωση διαμέρισμα 92τμ, 4ου ορόφου, πολύ φωτεινό, ανακαινισμένο προ 2 ετών, με τεράστια βεράντα και εξαιρετική διαρρύθμιση ως εξής : <br />
Χωλ, σαλόνι, κουζίνα ξεχωριστή, 2υ/δ, μπάνιο με πατάρι, wc και τα δύο με παράθυρο στο φωταγωγό , αλουμίνια, πόρτα ασφαλείας, τέντες, ανακαινισμένα ηλεκτρολογικά και υδραυλικά, αλουμίνια. Η θερμανση είναι κεντρική με φυσικό αέριο και διαθέτει και 2 air condition. Περνάει οπτική ίνα στην περιοχή. <br />
Η πολυκατοικία είναι σε εξαιρετική κατάσταση, διαθέτει ανελκυστήρα και μεγάλο κήπο. Δεν έχει θέση στάθμευσης η αποθήκη.<br />
Το σημείο του είναι εξαιρετικό καθώς απέχει 297μ από τη λεωφόρο Κηφισίας και 1000μ από το σταθμό τρένου του Αμαρουσίου.<br />
Τιμή 950 ευρώ.",,,"0","1","7",,,,,,,,,"1","0","2026-07-13","9",,"0","no","no","1","Αθήνα - Βόρεια Προάστια (Αττική)","Μαρούσι (Αθήνα - Βόρεια Προάστια)","1","105103","101","2111","1170124","Double",,,"0","0","1","1220366627","https://m2.spitogatos.gr/361465273_1600x1200.jpg?v=20130730","https://m2.spitogatos.gr/361465285_1600x1200.jpg?v=20130730","https://m1.spitogatos.gr/361465287_1600x1200.jpg?v=20130730","https://m2.spitogatos.gr/361465288_1600x1200.jpg?v=20130730","https://m1.spitogatos.gr/361465290_1600x1200.jpg?v=20130730","https://m3.spitogatos.gr/361465292_1600x1200.jpg?v=20130730","https://m1.spitogatos.gr/361465293_1600x1200.jpg?v=20130730","https://m2.spitogatos.gr/361465327_1600x1200.jpg?v=20130730","https://m3.spitogatos.gr/361465307_1600x1200.jpg?v=20130730","https://m3.spitogatos.gr/361465310_1600x1200.jpg?v=20130730","https://m2.spitogatos.gr/361465312_1600x1200.jpg?v=20130730","https://m2.spitogatos.gr/361465315_1600x1200.jpg?v=20130730","https://m1.spitogatos.gr/361465317_1600x1200.jpg?v=20130730","https://m2.spitogatos.gr/361465318_1600x1200.jpg?v=20130730","https://m3.spitogatos.gr/361465322_1600x1200.jpg?v=20130730","https://m2.spitogatos.gr/361465324_1600x1200.jpg?v=20130730","https://m3.spitogatos.gr/361465325_1600x1200.jpg?v=20130730","https://m2.spitogatos.gr/361465330_1600x1200.jpg?v=20130730","https://m1.spitogatos.gr/361465329_1600x1200.jpg?v=20130730",,,,,,,"1","0","2","1","38.050873","1","1","23.806665",,"0","0","0","2026-07-28","0","0",,"1",,"1","1","5","3","1","0","0",,"0","0","0","950","2026-07-22 09:41:46","10","0","0","0","0","10.33","1050","true","1","3","6","1","1","2023","0","1","2","0","1",,"0","92","0",,,"1","1","0","2026-07-13","https://www.spitogatos.gr/en/property/1220366627",,"1","0","1978",,"commercial"
"1","4",,"up","2",,,,,"1","1","0","0","2026-04-24","0","1","1","0","1","0",,"house",,,,,"Σύγχρονο διαμέρισμα τύπου loft, συνολικής επιφάνειας 65 τ.μ., στον 4ο και τελευταίο όροφο πολυκατοικίας κατασκευής 2023, στην περιοχή του Χαλανδρίου. Το ακίνητο ξεχωρίζει για την υψηλή ενεργειακή του απόδοση (κατηγορία Α+) και τον μοντέρνο σχεδιασμό του. Αποτελείται από ευρύχωρο καθιστικό, πλήρως εξοπλισμένη κουζίνα, ένα υπνοδωμάτιο, ένα μπάνιο και ένα WC. Διαθέτει δύο μπαλκόνια (μπροστινό και πίσω) με ανεμπόδιστη θέα προς το βουνό.<br />
Το διαμέρισμα είναι εξοπλισμένο με σύγχρονες παροχές υψηλών προδιαγραφών, όπως αυτόνομο σύστημα θέρμανσης δαπέδου, κλιματιστικά και ανεμιστήρες, ενεργειακά κουφώματα αλουμινίου με διπλά τζάμια, ηλιακό θερμοσίφωνα καθώς και σύστημα παραγωγής ηλιακής ενέργειας για σημαντική εξοικονόμηση στο κόστος ηλεκτρισμού. Επιπλέον, διαθέτει τζάκι νέας τεχνολογίας, πόρτα ασφαλείας, σύστημα θυροτηλεόρασης, συναγερμό και κάμερες ασφαλείας στον κήπο.<br />
Στην τιμή περιλαμβάνονται καινούριες επώνυμες ηλεκτρικές συσκευές (ψυγείο, απορροφητήρας, φούρνος, εστίες, πλυντήριο), φωτιστικά, καθώς και έπιπλα όπως στρώμα, ντουλάπα, ντουλάπια, τραπεζαρία με καρέκλες και έπιπλα εξωτερικού χώρου για το μπαλκόνι. Επιπλέον παροχές περιλαμβάνουν ιδιωτική θέση στάθμευσης, αποθήκη υπογείου 9 τ.μ. και μεγάλο ανελκυστήρα. Η τοποθεσία είναι ιδιαίτερα προνομιακή, μόλις 800 μέτρα από τον σταθμό μετρό Χολαργού και 1200 μέτρα από τη Λεωφόρο Κηφισίας.",,,"1","1","1",,,,,,,,,"1","1","2026-04-24","9","10",,"yes","yes",,"Αθήνα - Βόρεια Προάστια (Αττική)","Χαλάνδρι (Αθήνα - Βόρεια Προάστια)","1","105103","101","2122","329481","Double","1","13","1",,"1","1219773550","https://m1.spitogatos.gr/362194401_1600x1200.jpg?v=20130730","https://m2.spitogatos.gr/362194408_1600x1200.jpg?v=20130730","https://m1.spitogatos.gr/362194440_1600x1200.jpg?v=20130730","https://m2.spitogatos.gr/362194435_1600x1200.jpg?v=20130730","https://m2.spitogatos.gr/362194363_1600x1200.jpg?v=20130730","https://m2.spitogatos.gr/362194417_1600x1200.jpg?v=20130730","https://m3.spitogatos.gr/362194364_1600x1200.jpg?v=20130730","https://m1.spitogatos.gr/362194377_1600x1200.jpg?v=20130730","https://m1.spitogatos.gr/362194365_1600x1200.jpg?v=20130730","https://m2.spitogatos.gr/362194366_1600x1200.jpg?v=20130730","https://m3.spitogatos.gr/362194370_1600x1200.jpg?v=20130730","https://m3.spitogatos.gr/362194550_1600x1200.jpg?v=20130730","https://m1.spitogatos.gr/362194368_1600x1200.jpg?v=20130730","https://m1.spitogatos.gr/362194362_1600x1200.jpg?v=20130730","https://m3.spitogatos.gr/362194430_1600x1200.jpg?v=20130730","https://m1.spitogatos.gr/362194569_1600x1200.jpg?v=20130730",,,,,,,,,,"1",,"2","1","38.010849","1","1","23.79265",,"1","0",,"2026-07-28","1","0","1","1",,"1","1",,,"1","1","1",,"0","0","0","1200","2026-07-21 13:37:37","8","0","0","0","0","18.46","1300","true","1",,,"1","1",,"0","1","1","0","1",,"1","65","1","9",,,"11",,"2026-04-24","https://www.spitogatos.gr/en/property/1219773550",,"1",,"2023",,"residential"
"1","1","no","up","2",,,,,"1","0","0","0","2026-05-25","0","0","0","0","1","0",,"house","0",,,"0","Διαμέρισμα Προς Ενοικίαση, όροφος: 1ος, 2ος (2 Επίπεδα), στην περιοχή: Μαρούσι. Το εμβαδόν του ακινήτου είναι 80 τ.μ.. Αποτελείται από: 2 Υ/Δ, 1 μπάνιο/α, 1 wc, 1 κουζίνα/ες, 1 σαλόνι/α. Έχει κατασκευαστεί το 2010. Η θέρμανση του ακινήτου είναι Αυτόνομη με Φυσικό αέριο, ενώ επίσης διατίθεται Κλιματισμός, έχει κουφώματα Αλουμινίου με Διπλά τζάμια, ενεργειακό πιστοποιητικό: Γ και τα δάπεδα είναι: Πλακάκια. Η κατάστασή του είναι: Πολύ καλή, Καταπληκτική. Το ακίνητο είναι Φωτεινό, Ευάερο, Ευήλιο, Διαμπερές και επίσης διαθέτει τα παρακάτω χαρακτηριστικά και πλεονεκτήματα: Σίτες, Εσωτερική σκάλα, Πόρτα Ασφαλείας, Θυροτηλεόραση, Ησυχη γειτονιά. Το 2ο ΥΔ που διαθέτε είναι 7τ.μ, Δεν διαθέτει ασανσέρ. Τιμή: €850. Art Real Estate, Τηλέφωνο Επικοινωνίας: 6985062438, email: info@artrealestate.gr, website: https://www.artrealestate.gr/",,,"0","0","5",,,,,,,,,"0","1","2026-05-25","6","4","0","no","no","0","Αθήνα - Βόρεια Προάστια (Αττική)","Μαρούσι (Αθήνα - Βόρεια Προάστια)","1","105103","101","2111",,"Double","1","2","0","0","1","1219944202","https://m1.spitogatos.gr/359487261_1600x1200.jpg?v=20130730","https://m2.spitogatos.gr/359487175_1600x1200.jpg?v=20130730","https://m1.spitogatos.gr/359487201_1600x1200.jpg?v=20130730","https://m3.spitogatos.gr/359487212_1600x1200.jpg?v=20130730","https://m2.spitogatos.gr/359487307_1600x1200.jpg?v=20130730","https://m2.spitogatos.gr/359487223_1600x1200.jpg?v=20130730","https://m2.spitogatos.gr/359487226_1600x1200.jpg?v=20130730","https://m3.spitogatos.gr/359487230_1600x1200.jpg?v=20130730","https://m3.spitogatos.gr/359487245_1600x1200.jpg?v=20130730","https://m2.spitogatos.gr/359487247_1600x1200.jpg?v=20130730","https://m1.spitogatos.gr/359487291_1600x1200.jpg?v=20130730","https://m1.spitogatos.gr/359487294_1600x1200.jpg?v=20130730","https://m1.spitogatos.gr/359487312_1600x1200.jpg?v=20130730","https://m3.spitogatos.gr/359487329_1600x1200.jpg?v=20130730","https://m3.spitogatos.gr/359487344_1600x1200.jpg?v=20130730","https://m3.spitogatos.gr/359487347_1600x1200.jpg?v=20130730","https://m3.spitogatos.gr/359487350_1600x1200.jpg?v=20130730","https://m1.spitogatos.gr/359487366_1600x1200.jpg?v=20130730","https://m2.spitogatos.gr/359487370_1600x1200.jpg?v=20130730","https://m2.spitogatos.gr/359487361_1600x1200.jpg?v=20130730","https://m3.spitogatos.gr/359487221_1600x1200.jpg?v=20130730",,,,,"1","0","2","1","38.045055","2","1","23.827942",,"0","0","0","2026-07-28","0","0",,"0",,"1","1",,,"0","0","1",,"0","0","0","850","2026-07-21 09:17:14","6","0","0","0","0","10.63","900","true","1","3","6","1","0",,"0","1","2","0","1",,"0","80","0",,,"0","1","0","2026-05-25","https://www.spitogatos.gr/en/property/1219944202",,"0","0","2010",,"residential"
"1","3","no","up","2",,,,,"1","0","0","0","2026-06-26","0","0","0","0","1","0",,"house",,,,"0","<br>Ενοικιάζεται εξαιρετικό επιπλωμένο διαμέρισμα 120τ.μ, 3ου ορόφου, πλησίον Δαχτυλίδι Κηφισίας-Αττικής Οδού.<br />
Είναι πλήρως επιπλωμένο και εξοπλισμένο ιδιαίτερης αισθητικής.<br />
<br />
Αποτελείται απο ωραίο χώρο υποδοχής με τζάκι, κλειστή λειτουργική κουζίνα, 3 ευρύχωρα υπνοδωμάτια, μεγάλες βεράντες, w.c., αποθήκη, 1 θέση στάθμευσης.<br />
<br />
Διαθέτει αυτόνομη θέρμανση πετρελαίου, κλιματιστικά σε ολους τους χώρους, τζάκι, πόρτα ασφαλείας, διπλά τζάμια, δρύινα δάπεδα στα υπνοδωμάτια.<br />
<br />
Είναι πολύ φωτεινό, πρόσοψης, διαμπερές,1380ε για 1 έτος+<br />
<br />
ΜΕΣΙΤΙΚΟ Α.ΚΡΙΜΠΑ<br />
ΤΗΛ.6977244863<br />
210-8051912 <br><br />
Για περισσότερα ακίνητα επισκεφτείτε το site μας.<br />
<br />
www.krimpa.gr<br />
<br />
ΜΕΣΙΤΙΚΟ Α.ΚΡΙΜΠΑ<br />
ΤΗΛ.6977244863<br />
210-8051912",,"1",,"1","8",,,,,,,,,"0","1","2018-04-26","8","6","0","yes","yes","1","Αθήνα - Βόρεια Προάστια (Αττική)","Μαρούσι (Αθήνα - Βόρεια Προάστια)","1","105103","101","2111","106349","Double","4","1","0","0","1","126645982","https://m2.spitogatos.gr/132922354_1600x1200.jpg?v=20130730","https://m3.spitogatos.gr/132922352_1600x1200.jpg?v=20130730","https://m3.spitogatos.gr/132922355_1600x1200.jpg?v=20130730","https://m1.spitogatos.gr/132922356_1600x1200.jpg?v=20130730","https://m2.spitogatos.gr/132922357_1600x1200.jpg?v=20130730","https://m3.spitogatos.gr/132922358_1600x1200.jpg?v=20130730","https://m2.spitogatos.gr/132922360_1600x1200.jpg?v=20130730","https://m1.spitogatos.gr/132922362_1600x1200.jpg?v=20130730","https://m2.spitogatos.gr/132922363_1600x1200.jpg?v=20130730","https://m1.spitogatos.gr/132922365_1600x1200.jpg?v=20130730",,,,,,,,,,,,,,,,"0","0","2","1","38.046127","1","1","23.81381","120","1",,,"2026-07-28","0","0",,"0",,"1","1",,,"1","0","0","1","0","0","0","1520",,,"0","0","0","0","12.67",,,"1","3","6","1","1","2018","0","7","3","0","1","0","0","120","1",,,"0","1","0","2018-04-26","https://www.spitogatos.gr/en/property/126645982",,"1","0","1995",,"residential"
"1","3","no","up","2",,,,,"1","0","0","0","2026-07-23","0","0","0","0","1","0",,"house","0","20",,"0","Διαμέρισμα Προς Ενοικίαση, όροφος: 3ος, στην περιοχή: Μαρούσι. Το εμβαδόν του ακινήτου είναι 115 τ.μ.. Αποτελείται από: 2 Υ/Δ, 1 μπάνιο/α, 1 wc, 1 κουζίνα/ες, 1 σαλόνι/α, ενώ διαθέτει 1 θέσεις στάθμευσης (1 Σε ανοιχτό χώρο). Η θέρμανση του ακινήτου είναι Αυτόνομη με Φυσικό αέριο, ενώ επίσης διατίθεται Κλιματισμός, Ηλιακός, Καλοριφέρ, ενεργειακό πιστοποιητικό: Γ και τα δάπεδα είναι: Ξύλο, Μάρμαρο. Η κατάστασή του είναι: Ανακαινισμένο, Καταπληκτική, βρίσκεται κοντά σε Μετρό, Εμπορικό Κέντρο, Αττική οδό, έχει θέα Ανοιχτωσιά, Πανοραμική, Ανεμπόδιστη και έχει Ανατολικομεσημβρινό προσανατολισμό. Το ακίνητο είναι Προσόψεως, Φωτεινό, Ευάερο, Ευήλιο, Διαμπερές, Πολυτελές και επίσης διαθέτει τα παρακάτω χαρακτηριστικά και πλεονεκτήματα: Ασανσέρ, Αποθήκη, Κήπος, Πόρτα Ασφαλείας, Βεράντα. Τιμή: €1.100. Equal Real Estate, Τηλέφωνο Επικοινωνίας: 2106203777, email: equal.pr.mn@gmail.com, website: www.equal.pr.mn@gmail.com<br />
<br />
Μπορείτε να δείτε περισσότερα ακίνητα στο site μας equalestate.gr",,,"0","1","5",,,,,,,,,"1","0","2026-07-23","8","6","0","no","yes","1","Αθήνα - Βόρεια Προάστια (Αττική)","Μαρούσι (Αθήνα - Βόρεια Προάστια)","1","105103","101","2111",,,"1","2","0","0","1","1220469663","https://m3.spitogatos.gr/363121763_1600x1200.jpg?v=20130730","https://m3.spitogatos.gr/363121766_1600x1200.jpg?v=20130730","https://m2.spitogatos.gr/363120445_1600x1200.jpg?v=20130730","https://m1.spitogatos.gr/363120450_1600x1200.jpg?v=20130730","https://m2.spitogatos.gr/363120454_1600x1200.jpg?v=20130730","https://m1.spitogatos.gr/363120462_1600x1200.jpg?v=20130730","https://m1.spitogatos.gr/363120468_1600x1200.jpg?v=20130730","https://m1.spitogatos.gr/363120474_1600x1200.jpg?v=20130730","https://m2.spitogatos.gr/363120481_1600x1200.jpg?v=20130730","https://m1.spitogatos.gr/363120486_1600x1200.jpg?v=20130730","https://m2.spitogatos.gr/363120490_1600x1200.jpg?v=20130730","https://m2.spitogatos.gr/363120502_1600x1200.jpg?v=20130730","https://m2.spitogatos.gr/363120508_1600x1200.jpg?v=20130730","https://m1.spitogatos.gr/363120513_1600x1200.jpg?v=20130730","https://m1.spitogatos.gr/363120519_1600x1200.jpg?v=20130730","https://m2.spitogatos.gr/363120526_1600x1200.jpg?v=20130730","https://m1.spitogatos.gr/363120531_1600x1200.jpg?v=20130730","https://m3.spitogatos.gr/363120536_1600x1200.jpg?v=20130730","https://m3.spitogatos.gr/363120545_1600x1200.jpg?v=20130730","https://m3.spitogatos.gr/363120554_1600x1200.jpg?v=20130730","https://m2.spitogatos.gr/363120559_1600x1200.jpg?v=20130730","https://m1.spitogatos.gr/363120564_1600x1200.jpg?v=20130730","https://m1.spitogatos.gr/363120573_1600x1200.jpg?v=20130730","https://m1.spitogatos.gr/363120582_1600x1200.jpg?v=20130730",,"0","0",,"1","38.050659","1","1","23.794661",,"1","0","0","2026-07-27","0","0",,"0",,"1","1",,"3","0","0","0",,"0","0","0","1100",,,"0","0","0","0","9.57",,,"1","3","6","1","1",,"0",,"2","0","1",,"1","115","1",,,"0","1","0","2026-07-23","https://www.spitogatos.gr/en/property/1220469663",,"1","0",,,"residential"
"1","Ground Floor",,"up","2","ΜΑΡΙΚΑ","2476","ΔΗΜΗΤΡΙΑΔΟΥ","00306977444880","1",,"0","0","2026-05-27","0",,,"0","1","0",,"house","0",,,,"Ένα εξαιρετικό διαμέρισμα, σε μια όμορφη και ήσυχη περιοχή, στο Πάτημα Χαλανδρίου.<br />
<br />
Το ισόγειο διαμέρισμα καταλαμβάνει 111τ.μ., είναι πλήρως ανακαινισμένο και  βρίσκεται σε καλοδιατηρημένη πολυκατοικία μόλις 6 διαμερισμάτων, με 2 διαμερίσματα ανά όροφο.<br />
<br />
Αποτελείται από φωτεινό σαλόνι και τραπεζαρία με τζάκι, open-plan κουζίνα με πρόσβαση σε βεράντα, 3 υπνοδωμάτια, 1 μπάνιο και 1 W.C., ενώ από τα υπνοδωμάτια υπάρχει πρόσβαση σε μικρό ιδιωτικό κήπο.<br />
<br />
Το ακίνητο διαθέτει επίσης 1 θέση στάθμευσης στο γκαράζ και 1 αποθήκη στο υπόγειο.<br />
<br />
Ένα κομψό και άνετο διαμέρισμα στο Χαλάνδρι, ιδανικό για οικογένεια ή για όσους αναζητούν μια κατοικία με κήπο σε μια προνομιακή περιοχή των βορείων προαστίων, το Πάτημα Χαλανδρίου.",,,"0",,"5",,,,,,,,,,"1","2026-05-27","3","2",,"no","no","1","Αθήνα - Βόρεια Προάστια (Αττική)","Χαλάνδρι (Αθήνα - Βόρεια Προάστια)","1","105103","101","2122","329485","Double",,,"0",,"1","1219962988","https://m1.spitogatos.gr/354865386_1600x1200.jpg?v=20130730","https://m3.spitogatos.gr/354865391_1600x1200.jpg?v=20130730","https://m1.spitogatos.gr/354865395_1600x1200.jpg?v=20130730","https://m3.spitogatos.gr/354865403_1600x1200.jpg?v=20130730","https://m3.spitogatos.gr/354865409_1600x1200.jpg?v=20130730","https://m3.spitogatos.gr/354865415_1600x1200.jpg?v=20130730","https://m1.spitogatos.gr/354865419_1600x1200.jpg?v=20130730","https://m3.spitogatos.gr/354865424_1600x1200.jpg?v=20130730","https://m3.spitogatos.gr/354865427_1600x1200.jpg?v=20130730","https://m3.spitogatos.gr/354865430_1600x1200.jpg?v=20130730","https://m1.spitogatos.gr/354865440_1600x1200.jpg?v=20130730","https://m1.spitogatos.gr/354865446_1600x1200.jpg?v=20130730","https://m3.spitogatos.gr/354865451_1600x1200.jpg?v=20130730","https://m1.spitogatos.gr/354865458_1600x1200.jpg?v=20130730","https://m1.spitogatos.gr/354865461_1600x1200.jpg?v=20130730",,,,,,,,,,,"0",,"2","1","38.032269","1","1","23.84206",,,"0",,"2026-07-27","0","0",,,,"1","1",,,"1",,,,"0","0","0","1750",,,"0","0","0","0","15.77",,,"1","3",,"1","1",,"0","1","3",,,,,"111","1",,,"0","1","0","2026-05-27","https://www.spitogatos.gr/en/property/1219962988",,"0","0",,,"residential"
"0","4","no","up","2",,,,,"1","0","0","0","2026-07-23","0","1","0","0","1","0",,"house","0",,,"0","Διαμέρισμα Προς Ενοικίαση, όροφος: 4ος, στην περιοχή: Μαρούσι. Το εμβαδόν του ακινήτου είναι 100 τ.μ.. Αποτελείται από: 2 Υ/Δ, 1 μπάνιο/α, 1 κουζίνα/ες, 1 σαλόνι/α. Η θέρμανση του ακινήτου είναι Αυτόνομη με Φυσικό αέριο, ενώ επίσης διατίθεται Ηλιακός, έχει κουφώματα Αλουμινίου με Μονά τζάμια, ενεργειακό πιστοποιητικό: Γ και τα δάπεδα είναι: Ξύλο. Η κατάστασή του είναι: Φρεσκοβαμμένο, Καταπληκτική, βρίσκεται κοντά σε Μετρό, Πάρκο, Αττική οδό, έχει θέα Καλή. Το ακίνητο είναι Ρετιρέ, Προσόψεως, Φωτεινό, Ευάερο, Ευήλιο, Διαμπερές και επίσης διαθέτει τα παρακάτω χαρακτηριστικά και πλεονεκτήματα: Τέντες, Ασανσέρ, Κήπος, Πόρτα Ασφαλείας, Βεράντα. Τιμή: €1.000. Equal Real Estate, Τηλέφωνο Επικοινωνίας: 2106203777, email: equal.pr.mn@gmail.com, website: www.equal.pr.mn@gmail.com<br />
<br />
Μπορείτε να δείτε περισσότερα ακίνητα στο site μας equalestate.gr",,,"0","1","5",,,,,,,,,"1","0","2026-07-23","9","2","0","no","no","1","Αθήνα - Βόρεια Προάστια (Αττική)","Μαρούσι (Αθήνα - Βόρεια Προάστια)","1","105103","101","2111",,"Single","1","2","0","0","1","1220469643","https://m3.spitogatos.gr/363121136_1600x1200.jpg?v=20130730","https://m1.spitogatos.gr/363121140_1600x1200.jpg?v=20130730","https://m2.spitogatos.gr/363121141_1600x1200.jpg?v=20130730","https://m1.spitogatos.gr/363121143_1600x1200.jpg?v=20130730","https://m1.spitogatos.gr/363121146_1600x1200.jpg?v=20130730","https://m1.spitogatos.gr/363121149_1600x1200.jpg?v=20130730","https://m3.spitogatos.gr/363121154_1600x1200.jpg?v=20130730","https://m2.spitogatos.gr/363121168_1600x1200.jpg?v=20130730","https://m1.spitogatos.gr/363121182_1600x1200.jpg?v=20130730","https://m1.spitogatos.gr/363121197_1600x1200.jpg?v=20130730","https://m2.spitogatos.gr/363121210_1600x1200.jpg?v=20130730","https://m1.spitogatos.gr/363121224_1600x1200.jpg?v=20130730","https://m1.spitogatos.gr/363121236_1600x1200.jpg?v=20130730","https://m2.spitogatos.gr/363121252_1600x1200.jpg?v=20130730","https://m3.spitogatos.gr/363121262_1600x1200.jpg?v=20130730","https://m1.spitogatos.gr/363121269_1600x1200.jpg?v=20130730","https://m3.spitogatos.gr/363121277_1600x1200.jpg?v=20130730","https://m3.spitogatos.gr/363121286_1600x1200.jpg?v=20130730","https://m1.spitogatos.gr/363121293_1600x1200.jpg?v=20130730","https://m1.spitogatos.gr/363121299_1600x1200.jpg?v=20130730","https://m2.spitogatos.gr/363121306_1600x1200.jpg?v=20130730","https://m3.spitogatos.gr/363121313_1600x1200.jpg?v=20130730","https://m2.spitogatos.gr/363121318_1600x1200.jpg?v=20130730",,,"0","0","2","1","38.050751","1","1","23.795074",,"0","0","0","2026-07-27","0","0",,"0",,"0","1",,,"0","1","0",,"0","0","0","1000","2026-07-27 10:41:11","9","0","0","0","0","10","1100","true","1","3","6","1","0",,"0",,"2","0","1",,"1","100","0",,,"0","1","0","2026-07-23","https://www.spitogatos.gr/en/property/1220469643",,"1","0",,,"residential"
,"5",,"up","1",,,,,,,,"0","2026-06-22","0",,"1","0",,,,"house",,,"17472190",,"Σε περίπτωση που θέλει να το αναλάβει μεσίτης δεν δείνουμε αμοιβή.",,,,"1","7","7752333","no","all","smartjacob@hotmail.com","17472190","Χριστινα","Ογρετμενογλου","+306938575537",,,"2026-05-05","10",,,,"yes","1","Αθήνα - Βόρεια Προάστια (Αττική)","Χαλάνδρι (Αθήνα - Βόρεια Προάστια)","1","105103","101","2122","107025",,,,,"0","1","1219827680","https://m3.spitogatos.gr/358424768_1600x1200.jpg?v=20130730","https://m2.spitogatos.gr/352418473_1600x1200.jpg?v=20130730","https://m3.spitogatos.gr/352418510_1600x1200.jpg?v=20130730","https://m3.spitogatos.gr/358407353_1600x1200.jpg?v=20130730","https://m3.spitogatos.gr/358407446_1600x1200.jpg?v=20130730","https://m2.spitogatos.gr/358407463_1600x1200.jpg?v=20130730","https://m2.spitogatos.gr/358407493_1600x1200.jpg?v=20130730","https://m2.spitogatos.gr/358407643_1600x1200.jpg?v=20130730","https://m1.spitogatos.gr/358407765_1600x1200.jpg?v=20130730","https://m3.spitogatos.gr/358407818_1600x1200.jpg?v=20130730","https://m2.spitogatos.gr/358407847_1600x1200.jpg?v=20130730","https://m3.spitogatos.gr/358407857_1600x1200.jpg?v=20130730",,,,,,,,,,,,,,,,,"1","38.027481","1","1","23.800104",,,,,"2026-07-27","0",,,,"yes","0","1",,,,"0",,,,,,"1100",,,"0","0","0","0","10.78",,,"4",,,"1","1",,,,"2",,"1",,"1","102","1",,"Βάρναλη Κ. 35, 152 33 Χαλάνδρι","0","1",,"2026-05-05","https://www.spitogatos.gr/en/property/1219827680",,"1",,"1985","K2Vi6eypnYo","residential"
"0","4","no","up","2",,,,,"1","0","0","0","2026-09-01","0","1","0","0","1","0",,"house",,,,"0","<br>Ενοικιάζεται Αρχοντική Μεζονέτα 130 τ.μ. 2 Επιπέδων | Αμαλίειο Ορφανοτροφείο Μαρούσι | Πλήρως Ανακαινισμένη 2023 | Με Μαγευτική Πανοραμική Θέα<br>Ενοικιάζεται σπάνια, φωτοπερίλουστη μεζονέτα 130 τ.μ. σε δύο επίπεδα, στην πιο περιζήτητη και ήσυχη οικιστική περιοχή στην καρδιά του Αμαρουσίου, στο Αμαλίειο Ορφανοτροφείο.<br>Μια κατοικία που ανακαινίστηκε πλήρως το 2023 με υψηλή αισθητική και σεβασμό στη λεπτομέρεια. Αναπτύσσεται σε ατμοσφαιρικό σαλόνι με ενεργειακό τζάκι, λειτουργική κουζίνα με άπλετους χώρους, κομψή εσωτερική ξύλινη σκάλα, 4 ευρύχωρα υπνοδωμάτια και 2 μοντέρνα, πλήρως ανακαινισμένα μπάνια.<br>Διαθέτει αυτόνομη θέρμανση φυσικού αερίου, κουφώματα αλουμινίου με διπλά θερμοδιακοπτόμενα τζάμια, δάπεδα από γνήσιο ξύλο και πλακάκι, εντοιχισμένες ντουλάπες, πόρτα ασφαλείας, ιδιωτική θέση στάθμευσης και αποθήκη.<br>Το στοιχείο που την καθιστά πραγματικά μοναδική είναι η ιδιωτική της ταράτσα με την ανεμπόδιστη, πανοραμική θέα που πλημμυρίζει όλο το σπίτι με φυσικό φως και χαρίζει μια μοναδική αίσθηση ελευθερίας και γαλήνης.<br>ΤΟΠΟΘΕΣΙΑ - ΑΜΑΛΙΕΙΟ ΟΡΦΑΝΟΤΡΟΦΕΙΟ:<br>Σε ήσυχη οικιστική περιοχή στην καρδιά του Αμαρουσίου, με όλα στα πόδια σας: ￼<br>Σε απόσταση μόλις 400 μέτρων από τον σταθμό ΗΣΑΠ Αμαρουσίου και λίγα λεπτά με τα πόδια από την αγορά του Αμαρουσίου, τη Λεωφόρο Κηφισίας, σχολεία, παιδικές χαρές και το Άλσος Συγγρού. ￼<br>•  Μετακίνηση: 300 μέτρα από το Ηλεκτρικό Αμαρούσιου, στάσεις λεωφορείων, άμεση πρόσβαση σε Κηφισίας & Αττική Οδό ￼<br>•  Καθημερινότητα: Δίπλα στην αγορά και σχολεία, super market (ΑΒ Βασιλόπουλος, Σκλαβενίτης, My Market), φαρμακεία, τράπεζες ￼<br>•  Οικογένεια: Δημόσια & Ιδιωτικά σχολεία, παιδική χαρά κοντά, ιδανικό για οικογένεια ￼<br>Τα στοιχεία και τα χαρακτηριστικά του ακινήτου βασίζονται σε πληροφορίες που έχουν παρασχεθεί από τον εκάστοτε ιδιοκτήτη. Η ακριβής θέση στον χάρτη είναι ενδεικτική και ενδέχεται να μην ανταποκρίνεται πλήρως στη γεωγραφική τοποθέτηση του ακινήτου. Η υπόδειξη του Ακινήτου γίνεται με την επίδειξη της Αστυνομικής Ταυτότητας και Α.Φ.Μ του Πελάτη βάσει του Ν.4557/2018 (ΦΕΚ 139/2018) και ΠΟΛ 1200/29.10.2018 (ΦΕΚ Β’ 4869/2018) και όσων ατόμων παραστούν στην υπόδειξη του.<br>Επικοινωνήστε άμεσα για ραντεβού και προσωπική ξενάγηση στο χώρο! Τιμή: 1.500 € <br>",,,,"0","5",,,,,,,,,"0","1","2026-07-21","9","2","0","no","yes","1","Αθήνα - Βόρεια Προάστια (Αττική)","Μαρούσι (Αθήνα - Βόρεια Προάστια)","1","105103","101","2111","106340","Double","1","1","0","0","1","1220433440","https://m1.spitogatos.gr/362587179_1600x1200.jpg?v=20130730","https://m3.spitogatos.gr/362587202_1600x1200.jpg?v=20130730","https://m1.spitogatos.gr/362587218_1600x1200.jpg?v=20130730","https://m3.spitogatos.gr/362587220_1600x1200.jpg?v=20130730","https://m1.spitogatos.gr/362587230_1600x1200.jpg?v=20130730","https://m2.spitogatos.gr/362587234_1600x1200.jpg?v=20130730","https://m1.spitogatos.gr/362587236_1600x1200.jpg?v=20130730",,,,,,,,,,,,,,,,,,,"0","0","2","1","38.06514","2","1","23.802509",,"0",,,"2026-07-25","0","0",,"0",,"0","2",,"3","1","0","0",,"0","0","0","1500",,,"0","0","0","0","11.54",,,"1","3","6","1","0",,"0","1","4","1","1",,"0","130","1",,"Κυβέλης 6, 151 22, Μαρούσι","0","3","0","2026-07-21","https://www.spitogatos.gr/en/property/1220433440",,"1","0","2009",,"residential"
"1","1","no","up","2",,,,,"0","0","0","0","2026-07-06","0","1","0","0","0","0",,"house",,,,"0","Κωδικός ακινήτου: 300671 - Μαρούσι Α.Σ.ΠΑΙ.Τ.Ε.  ΕΝΟΙΚΙΑΖΕΤΑΙ   ανακαινισμένο  διαμέρισμα  στον 1 ο όροφο συνολικής επιφάνειας 110.00 τ.μ.  . Αποτελείται από 3 υπνοδωμάτια, σαλόνι, κουζίνα, μπάνιο . Είναι κατασκευασμένο το 2001 με ενεργειακή κλάση Γ  και διαθέτει θέρμανση αυτόνομη - πετρελαίου, απεριόριστη θέα, κουφώματα αλουμινίου, πατώματα από πλακάκι και ξύλο, πόρτα ασφαλείας, εντοιχιζόμενες ντουλάπες, πάρκινγκ, αποθήκη , τζάκι, A/C, τέντες, διπλά τζάμια, ηλιακό θερμοσίφωνα      - Τιμή: 1.050 €  <br> <br> <br> | Δείτε περισσότερα ακίνητα στο site μας https://www.seven7stonesproperties.com/  <br>| Οι πληροφορίες και τα χαρακτηριστικά των ακινήτων έχουν καταχωρηθεί βάσει των πληροφοριών και στοιχείων που προσκόμισε ο εντολέας. <br>| Το σημείο στο χάρτη δεν ανταποκρίνεται στην πραγματική διεύθυνση του ακινήτου. <br> | Όλα τα ακίνητα που προβάλλουμε μέσω internet είναι διαθέσιμα, καθώς γίνεται συνεχής ενημέρωση και αποσύρονται τα μη διαθέσιμα. <br>| Κατά την υπόδειξη του ακινήτου είναι απαραίτητη η αστυνομική ταυτότητα ή ο Α.Φ.Μ, σύμφωνα με τον Νόμο Ν.4072/2012 - ΦΕΚ 86/Α/11-4-2012",,,,"0","5",,,,,,,,,"0","1","2026-07-06","6","10","0","no","yes","0","Αθήνα - Βόρεια Προάστια (Αττική)","Μαρούσι (Αθήνα - Βόρεια Προάστια)","1","105103","101","2111","106439","Double","1","1","0","0","1","1220315088","https://m2.spitogatos.gr/360646606_1600x1200.jpg?v=20130730","https://m3.spitogatos.gr/360646610_1600x1200.jpg?v=20130730","https://m2.spitogatos.gr/360646615_1600x1200.jpg?v=20130730","https://m1.spitogatos.gr/360646620_1600x1200.jpg?v=20130730","https://m2.spitogatos.gr/360646627_1600x1200.jpg?v=20130730","https://m3.spitogatos.gr/360646637_1600x1200.jpg?v=20130730","https://m2.spitogatos.gr/360646654_1600x1200.jpg?v=20130730","https://m3.spitogatos.gr/360646664_1600x1200.jpg?v=20130730","https://m2.spitogatos.gr/360646669_1600x1200.jpg?v=20130730","https://m1.spitogatos.gr/360646671_1600x1200.jpg?v=20130730","https://m2.spitogatos.gr/360646675_1600x1200.jpg?v=20130730","https://m3.spitogatos.gr/360646679_1600x1200.jpg?v=20130730","https://m2.spitogatos.gr/360646681_1600x1200.jpg?v=20130730","https://m2.spitogatos.gr/360646684_1600x1200.jpg?v=20130730","https://m2.spitogatos.gr/360646687_1600x1200.jpg?v=20130730","https://m2.spitogatos.gr/360646690_1600x1200.jpg?v=20130730",,,,,,,,,,"0","0","2","1","38.048923",,"1","23.79155",,"0",,,"2026-07-24","0","0",,"0",,"0","1",,,"0","0","0",,"0","0","0","1050","2026-07-24 12:51:45","5","0","0","0","0","9.55","1100","true","1","3","6","1","1",,"0","7","3","0","1",,"1","110","1",,,"0","1","0","2026-07-06","https://www.spitogatos.gr/en/property/1220315088",,"1","0","2001",,"residential"
"1","1","no","up","2",,,,,"1","0","0","0","2026-07-24","0","1","0","0","1","0",,"house","0",,,"0","Διαμέρισμα Προς Ενοικίαση, όροφος: 1ος, στην περιοχή: Μαρούσι. Το εμβαδόν του ακινήτου είναι 60 τ.μ.. Αποτελείται από: 1 Υ/Δ, 1 μπάνιο/α, 1 κουζίνα/ες, 1 σαλόνι/α. Έχει κατασκευαστεί το 1980. Η θέρμανση του ακινήτου είναι Αυτόνομη με Φυσικό αέριο, ενώ επίσης διατίθεται Κλιματισμός, Ηλιακός, έχει κουφώματα Αλουμινίου με Διπλά τζάμια, ενεργειακό πιστοποιητικό: Γ και τα δάπεδα είναι: Πλακάκια, Ξύλο, Μωσαικό. Η κατάστασή του είναι: Πολύ καλή, βρίσκεται κοντά σε Ηλεκτρικό, Συγκοινωνίες, Πάρκο, Κέντρο Πόλης, Αγορά, Εστίαση και έχει Ανατολικοδυτικό προσανατολισμό. Το ακίνητο είναι Προσόψεως, Φωτεινό, Ευάερο, Ευήλιο, Διαμπερές και επίσης διαθέτει τα παρακάτω χαρακτηριστικά και πλεονεκτήματα: Σίτες, Τέντες, Ασανσέρ, Ησυχη γειτονιά, Βεράντα. Τιμή: €780. Equal Real Estate, Τηλέφωνο Επικοινωνίας: 2106203777, email: equal.pr.mn@gmail.com, website: www.equal.pr.mn@gmail.com<br />
<br />
Μπορείτε να δείτε περισσότερα ακίνητα στο site μας equalestate.gr",,,"0","1","5",,,,,,,,,"1","0","2026-07-24","6","10","0","no","no","0","Αθήνα - Βόρεια Προάστια (Αττική)","Μαρούσι (Αθήνα - Βόρεια Προάστια)","1","105103","101","2111",,"Double","1","2","0","0","1","1220477822","https://m1.spitogatos.gr/363119436_1600x1200.jpg?v=20130730","https://m1.spitogatos.gr/363119448_1600x1200.jpg?v=20130730","https://m3.spitogatos.gr/363119462_1600x1200.jpg?v=20130730","https://m3.spitogatos.gr/363119474_1600x1200.jpg?v=20130730","https://m1.spitogatos.gr/363119484_1600x1200.jpg?v=20130730","https://m1.spitogatos.gr/363119496_1600x1200.jpg?v=20130730","https://m1.spitogatos.gr/363119511_1600x1200.jpg?v=20130730","https://m1.spitogatos.gr/363119523_1600x1200.jpg?v=20130730","https://m1.spitogatos.gr/363119532_1600x1200.jpg?v=20130730","https://m2.spitogatos.gr/363119542_1600x1200.jpg?v=20130730","https://m3.spitogatos.gr/363119552_1600x1200.jpg?v=20130730","https://m1.spitogatos.gr/363119562_1600x1200.jpg?v=20130730","https://m3.spitogatos.gr/363119570_1600x1200.jpg?v=20130730","https://m2.spitogatos.gr/363119581_1600x1200.jpg?v=20130730","https://m2.spitogatos.gr/363119596_1600x1200.jpg?v=20130730","https://m2.spitogatos.gr/363119608_1600x1200.jpg?v=20130730",,,,,,,,,,"0","0","2","1","38.050659","1","1","23.794661",,"0","0","0","2026-07-24","0","0",,"0",,"0","1",,"2","0","0","1",,"0","0","0","780",,,"0","0","0","0","13",,,"1","3","6","1","0",,"0",,"1","0","0",,"1","60","0",,,"0","1","0","2026-07-24","https://www.spitogatos.gr/en/property/1220477822",,"0","0","1980",,"residential"
"1","5",,"up","1",,,,,,,,"0","2026-09-01","0",,"1","0",,,,"house",,"25","18137769",,"Φανταστικό στούντιο 5ου ορόφου, ανακαινισμένο, σε ήσυχη καταπράσινη γειτονιά στο Μαρούσι, πλησίον της εκκλησίας Αγίου Ιωάννη.<br />
<br />
Διαθέτει  μπαλκόνι με απεριόριστη θέα και τέντες. Ενιαίο σαλόνι-open κουζίνα και υπνοδωμάτιο με πλήρες  μπάνιο. Επιπλωμένο και με όλες τις απαραίτητες ηλεκτρικές συσκευές.<br />
<br />
Κεντρική λειτουργούσα θέρμανση φυσικού αερίου, κουφώματα αλουμινίου με διπλά τζάμια, πόρτα ασφαλείας, καινούργιο κλιματιστικό και με ελάχιστα κοινόχρηστα.<br />
<br />
Πολύ κοντά σε συγκοινωνίες, στον ηλεκτρικό σταθμό του ΗΣΑΠ, εταιρείες (ΟΤΕ, Kaιzen, Αίθριο), The Mall Athens  και εύκολο πάρκινγκ στη γειτονιά.<br />
<br />
Στοιχεία επικοινωνίας: 6972373234, 6948006010.<br />
<br />
Διατίθεται άμεσα μόνο για κλειστή 3ετή μίσθωση.",,,,"1","6","7658239","no","all","skovolasnassos@gmail.com","18137769","Nassos","Skovolas","+306972373234",,,"2026-07-21","10",,,"yes",,"1","Αθήνα - Βόρεια Προάστια (Αττική)","Μαρούσι (Αθήνα - Βόρεια Προάστια)","1","105103","101","2111","106298",,"2","2",,"0","1","1220434209","https://m1.spitogatos.gr/362606124_1600x1200.jpg?v=20130730","https://m2.spitogatos.gr/362606131_1600x1200.jpg?v=20130730","https://m1.spitogatos.gr/362606145_1600x1200.jpg?v=20130730","https://m1.spitogatos.gr/362606151_1600x1200.jpg?v=20130730","https://m1.spitogatos.gr/362606169_1600x1200.jpg?v=20130730","https://m3.spitogatos.gr/362606174_1600x1200.jpg?v=20130730","https://m3.spitogatos.gr/362606180_1600x1200.jpg?v=20130730","https://m2.spitogatos.gr/362606188_1600x1200.jpg?v=20130730","https://m2.spitogatos.gr/362606194_1600x1200.jpg?v=20130730","https://m3.spitogatos.gr/362606201_1600x1200.jpg?v=20130730","https://m1.spitogatos.gr/362606118_1600x1200.jpg?v=20130730","https://m1.spitogatos.gr/362606208_1600x1200.jpg?v=20130730","https://m3.spitogatos.gr/362606219_1600x1200.jpg?v=20130730","https://m3.spitogatos.gr/362606240_1600x1200.jpg?v=20130730","https://m1.spitogatos.gr/362606244_1600x1200.jpg?v=20130730","https://m1.spitogatos.gr/362606232_1600x1200.jpg?v=20130730","https://m1.spitogatos.gr/362606109_1600x1200.jpg?v=20130730","https://m1.spitogatos.gr/362606226_1600x1200.jpg?v=20130730",,,,,,,,,,,"1","38.055012","6","1","23.797983","2000",,,,"2026-07-21","0",,,,"yes","0","1",,"11",,"0",,,,,,"630",,,"0","0","0","0","24.23",,,"4",,,"1","1",,,,"1",,"1",,,"26",,,"Στρατηγού Λέκκα 22, 151 22 Μαρούσι","1","1",,"2026-07-21","https://www.spitogatos.gr/en/property/1220434209",,"1",,"1980",,"residential"
"1","Upper Ground",,"up","1",,,,,,"1",,"0","2026-07-01","0",,"1","0",,,,"house",,"1","17398811",,"ΟΡΟΦΟΔΙΑΜΕΡΙΑΣΜΑ, ΠΛΗΡΩΣ ΑΝΑΚΑΙΝΙΣΜΕΝΟ, ΧΩΡΙΣ ΚΟΙΝΟΧΡΗΣΤΑ, ΕΥΑΕΡΟ ΕΥΗΛΙΟ, ΠΑΝΤΑΧΟΘΕΝ ΕΛΕΥΘΕΡΟ, ΜΕ ΑΠΟΚΛΕΙΣΤΙΚΗ ΧΡΗΣΗ ΓΚΑΡΑΖ-ΤΗΛΕΧΕΙΡΙΣΜΟΣ ΠΟΡΤΑΣ, ΜΕ ΣΥΝΑΓΕΡΜΟ,ΔΥΟ ΠΟΡΤΕΣ ΑΣΦΑΛΕΙΑΣ, ΕΝΕΡΓΕΙΑΚΑ ΤΖΑΜΙΑ ΔΙΠΛΑ ΣΕ ΟΛΑ ΤΑ ΠΑΡΑΘΥΡΑ, Ι ΑΠΟΚΛΕΙΣΤΙΚΗΣ ΧΡΗΣΗΣ ΛΕΒΗΤΑ ΑΕΡΙΟΥ ΜΕ ΖΕΣΤΟ ΝΕΡΟ , ΗΛΙΑΚΟΣ ΘΕΡΜΟΣΙΦΩΝΟ, ΥΠΑΡΧΕΙ ΕΝΤΟΙΣΜΕΝΗ ΗΛΕΚΤΡΙΚΗ ΚΟΥΖΙΝΑ ΚΑΙ ΠΛΥΝΤΗΡΙΟ ΠΙΑΤΩΝ, ΚΗΠΟΣ ΕΜΠΡΟΣ ΚΑΙ ΠΙΣΩ,,ΑΠΟΘΗΚΗ, <br />
ΠΟΛΥ ΚΟΝΤΑ ΣΕ ΣΟΥΠΕΡ ΜΑΡΚΕΤ ΜΑΣΟΥΤΗς ,ΦΟΥΡΝΟ, ΕΥΚΟΛΗ ΠΡΟΣΒΑΣΗ ΣΕ Λ.ΚΗΦΙΣΣΙΑΣ, Λ. ΠΕΝΤΕΛΗΣ, ΜΕΤΡΟ.<br />
ΗΣΥΧΗ ΓΕΙΤΟΝΙΑ ΔΙΠΛΑ ΣΤΑ ΣΧΟΛΕΙΑ, ΙΔΑΝΙΚΟ ΓΙΑ ΟΙΚΟΓΕΝΕΙΑ.<br />
 ΠΡΟΣΙΤΗ ΤΙΜΗ ΕΝΟΙΚΙΑΣΗΣ 8€/τμ<br />
<br />
ΠΑΡΑΚΑΛΩ<br />
ΟΧΙ ΜΕΣΙΤΕΣ.<br />
ΟΧΙ ΚΑΤΟΙΚΙΔΙΑ",,,,,"4","1185716","no","all","grypiotis_konstantinos@yahoo.gr","17398811","Konstantinos","Grypiotis","+306936544303",,,"2026-04-26","4",,,,"yes","1","Αθήνα - Βόρεια Προάστια (Αττική)","Μαρούσι (Αθήνα - Βόρεια Προάστια)","1","105103","101","2111","117002",,"1","2",,,"1","1219779434","https://m1.spitogatos.gr/351601551_1600x1200.jpg?v=20130730","https://m2.spitogatos.gr/354263914_1600x1200.jpg?v=20130730","https://m2.spitogatos.gr/351601558_1600x1200.jpg?v=20130730","https://m1.spitogatos.gr/351601482_1600x1200.jpg?v=20130730","https://m3.spitogatos.gr/351601484_1600x1200.jpg?v=20130730","https://m2.spitogatos.gr/351601543_1600x1200.jpg?v=20130730","https://m1.spitogatos.gr/351601548_1600x1200.jpg?v=20130730","https://m2.spitogatos.gr/351601549_1600x1200.jpg?v=20130730","https://m2.spitogatos.gr/351601552_1600x1200.jpg?v=20130730","https://m1.spitogatos.gr/351601554_1600x1200.jpg?v=20130730","https://m2.spitogatos.gr/351601555_1600x1200.jpg?v=20130730","https://m3.spitogatos.gr/351601574_1600x1200.jpg?v=20130730","https://m1.spitogatos.gr/351601575_1600x1200.jpg?v=20130730","https://m2.spitogatos.gr/351601576_1600x1200.jpg?v=20130730","https://m1.spitogatos.gr/351601584_1600x1200.jpg?v=20130730","https://m3.spitogatos.gr/351601610_1600x1200.jpg?v=20130730","https://m3.spitogatos.gr/351601613_1600x1200.jpg?v=20130730","https://m1.spitogatos.gr/351601614_1600x1200.jpg?v=20130730","https://m2.spitogatos.gr/351601645_1600x1200.jpg?v=20130730","https://m1.spitogatos.gr/351601647_1600x1200.jpg?v=20130730",,,,,,,,,"1","38.032967","1","2","23.808939","300","1",,,"2026-07-21","0",,,,"yes","1","1",,,,"0",,,,,,"900","2026-07-21 09:42:27","5","0","0","0","0","7.5","950","true","4",,,"1","1",,,,"2",,"1",,"1","120","1",,"Καρκαβίτσα 14, 151 25 Μαρούσι",,"1",,"2026-04-26","https://www.spitogatos.gr/en/property/1219779434",,"1",,"1985",,"residential"
"1","2","no","up","2",,,,,"0","0","0","0","2026-04-09","0","1","0","0","0","0",,"house","0",,,"0","Διαμέρισμα Προς Ενοικίαση στην περιοχή: Μαρούσι. Το εμβαδόν του ακινήτου είναι 75 τ.μ.. Αποτελείται από: 2 Υ/Δ, 1 μπάνιο/α, 1 wc, 1 κουζίνα/ες, 1 σαλόνι/α, ενώ διαθέτει 1 θέσεις στάθμευσης (1 Στην πιλοτή). Έχει κατασκευαστεί το 2013. Η θέρμανση του ακινήτου είναι Ατομική με Φυσικό αέριο, ενώ επίσης διατίθεται Κλιματισμός, Καλοριφέρ, έχει κουφώματα Αλουμινίου με Διπλά - Ενεργειακά τζάμια, ενεργειακό πιστοποιητικό: Β και τα δάπεδα είναι: Πλακάκια, Ξύλο. Η κατάστασή του είναι: Καταπληκτική, βρίσκεται κοντά σε Ηλεκτρικό, Συγκοινωνίες, Πάρκο, Super Market, Εμπορικό Κέντρο, Αγορά, Αττική οδό, Εθνική οδό. Το ακίνητο είναι Επιπλωμένο και επίσης διαθέτει τα παρακάτω χαρακτηριστικά και πλεονεκτήματα: Σίτες, Τέντες, Ασανσέρ, Αποθήκη, Πόρτα Ασφαλείας, Θυροτηλεόραση. Τιμή: €1.350. Rems Hellas, Τηλέφωνο Επικοινωνίας: +302109600244, email: info@rems-hellas.gr, website: www.rems-hellas.gr",,,"0","1","4",,,,,,,,,"0","1","2026-04-09","7","10","0","yes","yes","0","Αθήνα - Βόρεια Προάστια (Αττική)","Μαρούσι (Αθήνα - Βόρεια Προάστια)","1","105103","101","2111",,"Double","4","2","0","0","1","1219689809","https://m3.spitogatos.gr/350089082_1600x1200.jpg?v=20130730","https://m2.spitogatos.gr/350089087_1600x1200.jpg?v=20130730","https://m1.spitogatos.gr/350089092_1600x1200.jpg?v=20130730","https://m3.spitogatos.gr/350089097_1600x1200.jpg?v=20130730","https://m3.spitogatos.gr/350089100_1600x1200.jpg?v=20130730","https://m1.spitogatos.gr/350089104_1600x1200.jpg?v=20130730","https://m2.spitogatos.gr/350089108_1600x1200.jpg?v=20130730","https://m2.spitogatos.gr/350089117_1600x1200.jpg?v=20130730","https://m1.spitogatos.gr/350089122_1600x1200.jpg?v=20130730","https://m1.spitogatos.gr/350089128_1600x1200.jpg?v=20130730","https://m1.spitogatos.gr/350089134_1600x1200.jpg?v=20130730","https://m3.spitogatos.gr/350089139_1600x1200.jpg?v=20130730","https://m1.spitogatos.gr/350089143_1600x1200.jpg?v=20130730","https://m2.spitogatos.gr/350089147_1600x1200.jpg?v=20130730","https://m2.spitogatos.gr/350089153_1600x1200.jpg?v=20130730","https://m2.spitogatos.gr/350089162_1600x1200.jpg?v=20130730","https://m3.spitogatos.gr/350089169_1600x1200.jpg?v=20130730","https://m3.spitogatos.gr/350089181_1600x1200.jpg?v=20130730","https://m2.spitogatos.gr/350089189_1600x1200.jpg?v=20130730",,,,,,,"0","0","2","1","38.046612","1","1","23.803305",,"0","0","0","2026-07-17","0","0",,"0",,"1","1",,,"0","0","1",,"0","0","0","1350","2026-07-17 02:00:34","10","0","0","0","0","18","1500","true","1","3","6","1","0",,"0",,"2","0","1",,"0","75","1",,,"0","1","0","2026-04-09","https://www.spitogatos.gr/en/property/1219689809",,"0","0","2013",,"residential"
,"1",,"up","1",,,,,,,,"0","2026-07-13","0",,"1","0",,,,"house",,,"18031744",,"Ενοικιάζεται διαμέρισμα 1ου ορόφου, επιφάνειας 95 τ.μ., κατασκευής 2001, στην περιοχή Κοκκινιά Αμαρουσίου, σε ήσυχη γειτονιά με άμεση πρόσβαση στη Λεωφόρο Κηφισίας, την Αττική Οδό, μέσα μαζικής μεταφοράς, σχολεία και στην τοπική αγορά.<br />
<br />
Το διαμέρισμα διαθέτει σαλόνι με τζάκι, ανεξάρτητη κουζίνα, τρία υπνοδωμάτια και ένα μπάνιο. Επιπλέον, προσφέρει αυτόνομη θέρμανση φυσικού αερίου, πόρτα ασφαλείας, διπλά τζάμια, ασανσέρ, αποθήκη και υπόγεια θέση στάθμευσης.<br />
<br />
Αποτελεί μια ιδιαίτερα λειτουργική κατοικία, ιδανική για οικογένεια ή επαγγελματίες που αναζητούν άνετους και λειτουργικούς χώρους, σε μια ήσυχη περιοχή με εύκολη πρόσβαση σε όλες τις καθημερινές ανάγκες.<br />
<br />
Παρακαλούνται οι ενδιαφερόμενοι να επικοινωνούν μετά τις 17:00.",,,,"1","6","2642988","no","evening","stelkon84@yahoo.com","18031744","SK","KS","+306936732393",,"1","2026-07-13","6",,,,"yes","1","Αθήνα - Βόρεια Προάστια (Αττική)","Μαρούσι (Αθήνα - Βόρεια Προάστια)","1","105103","101","2111","106349",,"1","2",,"0","1","1220345531","https://m3.spitogatos.gr/361129316_1600x1200.jpg?v=20130730","https://m2.spitogatos.gr/361129318_1600x1200.jpg?v=20130730","https://m1.spitogatos.gr/361129317_1600x1200.jpg?v=20130730","https://m3.spitogatos.gr/361129337_1600x1200.jpg?v=20130730","https://m2.spitogatos.gr/361129333_1600x1200.jpg?v=20130730","https://m2.spitogatos.gr/361129330_1600x1200.jpg?v=20130730","https://m1.spitogatos.gr/361129326_1600x1200.jpg?v=20130730","https://m2.spitogatos.gr/361129351_1600x1200.jpg?v=20130730","https://m3.spitogatos.gr/361129319_1600x1200.jpg?v=20130730","https://m3.spitogatos.gr/361129322_1600x1200.jpg?v=20130730","https://m1.spitogatos.gr/361860027_1600x1200.jpg?v=20130730","https://m2.spitogatos.gr/361860028_1600x1200.jpg?v=20130730","https://m2.spitogatos.gr/361860073_1600x1200.jpg?v=20130730",,,,,,,,,,,,,,,,"1","38.047676","1","1","23.811934",,,,,"2026-07-15","0",,,,"yes","0","1",,,,"0",,,,,,"1260",,,"0","0","0","0","13.26",,,"4",,,"1","1",,,,"3",,"1",,,"95","1",,"Αγίας Ελεούσης 110, 151 25 Μαρούσι","1","1",,"2026-07-10","https://www.spitogatos.gr/en/property/1220345531",,,,"2001",,"residential"
"1","2","no","up","2",,,,,"0","0","0","0","2026-07-13","0","1","0","0","0","0",,"house",,,,"0","Κωδικός ακινήτου: 301372 - Μαρούσι Άγιοι Ανάργυροι  ΕΝΟΙΚΙΑΖΕΤΑΙ   ανακαινισμένο  διαμέρισμα  στον 2 ο όροφο συνολικής επιφάνειας 109.00 τ.μ.  . Αποτελείται από 2 υπνοδωμάτια, σαλόνι, κουζίνα, μπάνιο . Είναι κατασκευασμένο το 1980 με ενεργειακή κλάση Δ  και διαθέτει θέρμανση κεντρική - φυσικό αέριο,  κουφώματα αλουμινίου, πατώματα από μάρμαρο και ξύλο, πόρτα ασφαλείας, εντοιχιζόμενες ντουλάπες, ανελκυστήρα, πάρκινγκ, A/C, τέντες, διπλά τζάμια, ηλιακό θερμοσίφωνα      - Τιμή: 1.000 €  <br>Ενοικιάζεται φωτεινό και ευρύχωρο διαμέρισμα 2ου ορόφου, , σε εξαιρετική και ήσυχη γειτονιά του Αμαρουσίου (Θέμιδος), με εύκολη πρόσβαση στην αγορά και τις συγκοινωνίες (λιγότερο από δέκα λεπτά με τα πόδια από τον ΗΣΑΠ Αμαρουσίου).<br><br>Το διαμέρισμα είναι διαμπερές, φωτεινό και πολύ καλά συντηρημένο. <br> <br> | Δείτε περισσότερα ακίνητα στο site μας https://www.seven7stonesproperties.com/  <br>| Οι πληροφορίες και τα χαρακτηριστικά των ακινήτων έχουν καταχωρηθεί βάσει των πληροφοριών και στοιχείων που προσκόμισε ο εντολέας. <br>| Το σημείο στο χάρτη δεν ανταποκρίνεται στην πραγματική διεύθυνση του ακινήτου. <br> | Όλα τα ακίνητα που προβάλλουμε μέσω internet είναι διαθέσιμα, καθώς γίνεται συνεχής ενημέρωση και αποσύρονται τα μη διαθέσιμα. <br>| Κατά την υπόδειξη του ακινήτου είναι απαραίτητη η αστυνομική ταυτότητα ή ο Α.Φ.Μ, σύμφωνα με τον Νόμο Ν.4072/2012 - ΦΕΚ 86/Α/11-4-2012",,,,"1","6",,,,,,,,,"0","0","2026-07-13","7","6","0","no","yes","0","Αθήνα - Βόρεια Προάστια (Αττική)","Μαρούσι (Αθήνα - Βόρεια Προάστια)","1","105103","101","2111","1170124","Double","2","2","0","0","1","1220371029","https://m3.spitogatos.gr/361520519_1600x1200.jpg?v=20130730","https://m2.spitogatos.gr/361520557_1600x1200.jpg?v=20130730","https://m3.spitogatos.gr/361520564_1600x1200.jpg?v=20130730","https://m1.spitogatos.gr/361520580_1600x1200.jpg?v=20130730","https://m1.spitogatos.gr/361520583_1600x1200.jpg?v=20130730","https://m1.spitogatos.gr/361520589_1600x1200.jpg?v=20130730","https://m3.spitogatos.gr/361520591_1600x1200.jpg?v=20130730","https://m1.spitogatos.gr/361520595_1600x1200.jpg?v=20130730","https://m3.spitogatos.gr/361520600_1600x1200.jpg?v=20130730","https://m3.spitogatos.gr/361520606_1600x1200.jpg?v=20130730","https://m1.spitogatos.gr/361520640_1600x1200.jpg?v=20130730","https://m3.spitogatos.gr/361520648_1600x1200.jpg?v=20130730","https://m1.spitogatos.gr/361520661_1600x1200.jpg?v=20130730","https://m3.spitogatos.gr/361520672_1600x1200.jpg?v=20130730","https://m1.spitogatos.gr/361520688_1600x1200.jpg?v=20130730","https://m2.spitogatos.gr/361520695_1600x1200.jpg?v=20130730",,,,,,,,,,"0","0","2","1","38.050728",,"1","23.804016",,"0",,,"2026-07-14","0","0",,"0",,"0","1",,,"0","0","0",,"0","0","0","1000",,,"0","0","0","0","9.17",,,"1","3","6","1","1",,"0","7","2","0","1",,"1","109","0",,,"0","1","0","2026-07-13","https://www.spitogatos.gr/en/property/1220371029",,"0","0","1980",,"residential"
"1","2",,"up","1",,,,,,,,"0","2026-07-13","0",,"1","0",,,,"house",,"60","18042120",,"Ενοικιάζεται φωτεινό και ευρύχωρο διαμέρισμα 2ου ορόφου, 107 τ.μ., σε εξαιρετική και ήσυχη γειτονιά του Αμαρουσίου (Θέμιδος), με εύκολη πρόσβαση στην αγορά και τις συγκοινωνίες (λιγότερο από δέκα λεπτά με τα πόδια από τον ΗΣΑΠ Αμαρουσίου).<br />
<br />
Το διαμέρισμα είναι διαμπερές, φωτεινό και πολύ καλά συντηρημένο.<br />
<br />
Αποτελείται από:<br />
<br />
-2 ευρύχωρα υπνοδωμάτια με ξύλινο παρκέ και μεγάλες εντοιχιζόμενες ντουλάπες.<br />
<br />
-μεγάλο, ενιαίο χώρο σαλονιού και τραπεζαρίας με εντυπωσιακό, ανακαινισμένο μαρμάρινο δάπεδο.<br />
<br />
-ανεξάρτητη κουζίνα με πολλούς αποθηκευτικούς χώρους.<br />
<br />
-1 κυρίως μπάνιο (με πατάρι) και 1 WC.<br />
<br />
Επιπλέον χαρακτηριστικά:<br />
<br />
-κεντρική θέρμανση Φυσικού Αερίου<br />
<br />
-3 κλιματιστικά (σε σαλόνι και υπνοδωμάτια)<br />
<br />
-ηλιακός θερμοσίφωνας<br />
<br />
-ιδιωτική θέση στάθμευσης στην πιλοτή της πολυκατοικίας<br />
<br />
-πόρτα ασφαλείας.<br />
<br />
-δύο μπαλκόνια (με τέντες στο μεγαλύτερο από τα δύο)<br />
<br />
-κατοικίδια δεκτά<br />
<br />
Ιδανικό για οικογένειες ή ζευγάρια που αναζητούν άνεση, μεγάλους χώρους και αυτονομία σε μια από τις καλύτερες περιοχές των Βορείων Προαστίων.",,,,"1","6","2990031","no","all","tsilaski@hotmail.com","18042120","Ακριβή","Τσιμπουκάκη","+306934283629",,,"2026-07-12","7",,,,"yes",,"Αθήνα - Βόρεια Προάστια (Αττική)","Μαρούσι (Αθήνα - Βόρεια Προάστια)","1","105103","101","2111","1170124",,"2","2",,,"1","1220356838","https://m2.spitogatos.gr/361390507_1600x1200.jpg?v=20130730","https://m3.spitogatos.gr/361390508_1600x1200.jpg?v=20130730","https://m2.spitogatos.gr/361390510_1600x1200.jpg?v=20130730","https://m3.spitogatos.gr/361390511_1600x1200.jpg?v=20130730","https://m1.spitogatos.gr/361390512_1600x1200.jpg?v=20130730","https://m2.spitogatos.gr/361390513_1600x1200.jpg?v=20130730","https://m3.spitogatos.gr/361390514_1600x1200.jpg?v=20130730","https://m3.spitogatos.gr/361390517_1600x1200.jpg?v=20130730","https://m1.spitogatos.gr/361390518_1600x1200.jpg?v=20130730","https://m2.spitogatos.gr/361390519_1600x1200.jpg?v=20130730","https://m3.spitogatos.gr/361390520_1600x1200.jpg?v=20130730","https://m1.spitogatos.gr/361390521_1600x1200.jpg?v=20130730","https://m2.spitogatos.gr/361390522_1600x1200.jpg?v=20130730","https://m3.spitogatos.gr/361390523_1600x1200.jpg?v=20130730","https://m1.spitogatos.gr/361390524_1600x1200.jpg?v=20130730","https://m2.spitogatos.gr/361390525_1600x1200.jpg?v=20130730","https://m3.spitogatos.gr/361390526_1600x1200.jpg?v=20130730","https://m1.spitogatos.gr/361390527_1600x1200.jpg?v=20130730","https://m2.spitogatos.gr/361390528_1600x1200.jpg?v=20130730","https://m3.spitogatos.gr/361390529_1600x1200.jpg?v=20130730","https://m1.spitogatos.gr/361390530_1600x1200.jpg?v=20130730","https://m2.spitogatos.gr/361390531_1600x1200.jpg?v=20130730","https://m3.spitogatos.gr/361390532_1600x1200.jpg?v=20130730","https://m2.spitogatos.gr/361391398_1600x1200.jpg?v=20130730",,,,,"0","38.050732","1","0","23.802",,,,,"2026-07-13","0",,,,"yes","0","0",,"5",,"0",,,,,,"1000",,,"0","0","0","0","9.35",,,"4",,,"1",,,,,"0",,"1",,"1","107",,,"Θέμιδος, 61 151 24 Μαρούσι","0","1",,"2026-07-11","https://www.spitogatos.gr/en/property/1220356838",,,,"1980",,"residential"
"0","2","no","up","2",,,,,"0","0","0","0","2026-07-10","0","1","0","0","0","0",,"house",,,,"0","Κωδικός ακινήτου: 301077 - Νέα Ιωνία Αλσούπολη  ΕΝΟΙΚΙΑΖΕΤΑΙ   ανακαινισμένο  διαμέρισμα  στον 2 ο όροφο συνολικής επιφάνειας 91.00 τ.μ.  . Αποτελείται από 2 υπνοδωμάτια, σαλόνι, κουζίνα, μπάνιο . Είναι κατασκευασμένο το 1990 με ενεργειακή κλάση Δ  και διαθέτει θέρμανση θερμοσυσσωρευτής,  κουφώματα αλουμινίου, πατώματα από μάρμαρο και ξύλο, πόρτα ασφαλείας, εντοιχιζόμενες ντουλάπες, ανελκυστήρα, τέντες, ηλιακό θερμοσίφωνα, θυροτηλεόραση, νυχτερινό ρεύμα      - Τιμή: 800 €  <br>Ευρύχωρο φωτεινό διαμέρισμα  στον 2ο όροφο καλοδιατηρημένης πολυκατοικίας με ασανσέρ. Διαθέτει 2 άνετα υπνοδωμάτια, μεγάλο μπάνιο, ευρύχωρο καθιστικό, αυτόνομη θέρμανση και ηλιακό θερμοσίφωνα. Ειναι διαμπερές με άπλετο φως και καλό αερισμό. Το διαμέρισμα είναι πολύ καλά συντηρημένο πρόσφατα βαμμένο και έτοιμο για κατοίκηση. <br> <br> | Δείτε περισσότερα ακίνητα στο site μας https://www.seven7stonesproperties.com/  <br>| Οι πληροφορίες και τα χαρακτηριστικά των ακινήτων έχουν καταχωρηθεί βάσει των πληροφοριών και στοιχείων που προσκόμισε ο εντολέας. <br>| Το σημείο στο χάρτη δεν ανταποκρίνεται στην πραγματική διεύθυνση του ακινήτου. <br> | Όλα τα ακίνητα που προβάλλουμε μέσω internet είναι διαθέσιμα, καθώς γίνεται συνεχής ενημέρωση και αποσύρονται τα μη διαθέσιμα. <br>| Κατά την υπόδειξη του ακινήτου είναι απαραίτητη η αστυνομική ταυτότητα ή ο Α.Φ.Μ, σύμφωνα με τον Νόμο Ν.4072/2012 - ΦΕΚ 86/Α/11-4-2012",,,,"1","6",,,,,,,,,"0","0","2026-07-10","7","6","0","no","no","0","Αθήνα - Βόρεια Προάστια (Αττική)","Μαρούσι (Αθήνα - Βόρεια Προάστια)","1","105103","101","2111","117000","Single","4","6","0","0","1","1220352335","https://m3.spitogatos.gr/361230917_1600x1200.jpg?v=20130730","https://m1.spitogatos.gr/361230921_1600x1200.jpg?v=20130730","https://m2.spitogatos.gr/361230925_1600x1200.jpg?v=20130730","https://m3.spitogatos.gr/361230929_1600x1200.jpg?v=20130730","https://m1.spitogatos.gr/361230933_1600x1200.jpg?v=20130730","https://m1.spitogatos.gr/361230939_1600x1200.jpg?v=20130730","https://m2.spitogatos.gr/361230943_1600x1200.jpg?v=20130730",,,,,,,,,,,,,,,,,,,"0","0","2","1","38.031788",,"1","23.781824",,"1",,,"2026-07-10","0","0",,"1",,"0","1",,,"0","0","0",,"0","0","0","800",,,"0","0","0","0","8.79",,,"1","3","6","1","1",,"0","7","2","0","1",,"1","91","0",,,"0","1","0","2026-07-10","https://www.spitogatos.gr/en/property/1220352335",,"0","0","1990",,"residential"
"0","2","no","up","2",,,,,"0","1","0","0","2026-07-15","0","0","0","0","1","0",,"house",,,,"0","<br>Μαρούσι Εκπληκτικό Οροφοδιαμέρισμα 2ου Ορόφου, Φωτεινό, Ευρύχωρο, Απεριόριστη Θέα, Σε άριστη κατάσταση, Μεγάλος χώρος υποδοχής με τζάκι, Ανεξάρτητη ευρύχωρη κουζίνα, Τεράστιο Μπάνιο, w/c, 3 υ/δ, Κατασκευή 2004, Α/θ πετρελαίου, συναγερμό, διπλά τζάμια, εντοιχιζόμενες ντουλάπες, χωρίς ασανσέρ, Χωρίς κοινόχρηστα, πλησίον προαστειακού και λεωφόρου πεντελής, Κατοικίδια ευπρόσδεκτα, Τιμή: 1.100 €<br>Πριν την πραγματοποίηση του ραντεβού και σύμφωνα με τις ισχύουσες διατάξεις περί κτηματομεσιτικών εργασιών, είναι απαραίτητη η επίδειξη αστυνομικής ταυτότητας ή διαβατηρίου από κάθε επισκέπτη. Επίσης, θα ζητηθεί η υπογραφή της εντολής υπόδειξης ακινήτου, προκειμένου να διασφαλιστεί η διαφάνεια της διαδικασίας. Επικοινωνήστε άμεσα για ραντεβού και προσωπική ξενάγηση στο χώρο!<br> <br>",,,,"0","4",,,,,,,,,"0","1","2026-07-08","7","4","0","no","yes","0","Αθήνα - Βόρεια Προάστια (Αττική)","Μαρούσι (Αθήνα - Βόρεια Προάστια)","1","105103","101","2111","117002","Double","1","1","0","0","1","1220332429","https://m3.spitogatos.gr/360922889_1600x1200.jpg?v=20130730","https://m2.spitogatos.gr/360922897_1600x1200.jpg?v=20130730","https://m3.spitogatos.gr/360922901_1600x1200.jpg?v=20130730","https://m1.spitogatos.gr/360922905_1600x1200.jpg?v=20130730","https://m1.spitogatos.gr/360922908_1600x1200.jpg?v=20130730","https://m2.spitogatos.gr/360922912_1600x1200.jpg?v=20130730","https://m3.spitogatos.gr/360922916_1600x1200.jpg?v=20130730","https://m3.spitogatos.gr/360922925_1600x1200.jpg?v=20130730","https://m1.spitogatos.gr/360922932_1600x1200.jpg?v=20130730","https://m2.spitogatos.gr/360922939_1600x1200.jpg?v=20130730","https://m1.spitogatos.gr/360922947_1600x1200.jpg?v=20130730","https://m1.spitogatos.gr/360922956_1600x1200.jpg?v=20130730","https://m1.spitogatos.gr/360922971_1600x1200.jpg?v=20130730","https://m3.spitogatos.gr/360922976_1600x1200.jpg?v=20130730","https://m3.spitogatos.gr/360922982_1600x1200.jpg?v=20130730","https://m2.spitogatos.gr/360922990_1600x1200.jpg?v=20130730","https://m3.spitogatos.gr/360923000_1600x1200.jpg?v=20130730","https://m1.spitogatos.gr/360923010_1600x1200.jpg?v=20130730",,,,,,,,"0","0","2","1","38.034809",,"1","23.818666",,"1",,,"2026-07-09","1","0",,"0",,"1","1",,"3","0","1","0","1","0","0","0","1100",,,"0","0","0","0","9.17",,,"1","3","6","1","0",,"0","1","3","0","1",,"0","120","0",,"Κέρκυρας, 151 25, Μαρούσι","0","1","0","2026-07-08","https://www.spitogatos.gr/en/property/1220332429",,"1","0","2004",,"residential"
"1","3","no","up","2",,,,,"1","1","0","0","2026-04-22","0","1","1","0","1",,,"house",,,,"0","Μαρούσι, Άλσος Κτήματος Συγγρού, Οροφοδιαμέρισμα Προς Ενοικίαση, 140 τ.μ., Κατάσταση: Minimal Design, Όροφος: 3ος, 1 Επίπεδο/α, 3 Υ/Δ 1 Κουζίνα/ες, 1 Μπάνιο/α, 1 WC, Θέρμανση: Αυτόνομη - Φυσικό Αέριο, Θέα: Απεριόριστη, Έτος κατασκευής: 1999, Ενεργειακό Πιστοποιητικό: Δ, 1 θέση/εις στάθμευσης, Δάπεδα: Παρκέ, Kουφώματα: Αλουμινίου, Χαρακτηριστικά: Ασανσέρ, Πόρτα Ασφαλείας, Συναγερμός, Θυροτηλεόραση, Αποθήκη, Τζάκι, Δορυφορική Κεραία, Καλωδιακή Τηλεόραση, Internet, Ηλ. Συσκευές, Διπλά Τζάμια, Σίτες, Τέντες, Βεράντες, BBQ, Επιπλωμένο, Πολυτελές, Διαμπερές, Προσόψεως, Φωτεινό, Κλιματισμός, Ηλιακός, Boiler, Ανακαινισμένο,  υπογειο κλειστό πα΄άρκινγκ, Κοντά σε: Super Market, Αγορά,σχολεία, κεντρο κηφισιάς, Τιμή: 1.800€. LuckyLand, Τηλ. Επικοινωνίας: 6932759898, email: nlikitsakos@gmail.com",,"1",,"1","6",,,,,,,,,"1","1","2026-04-22","8","2","0","yes","yes","0","Αθήνα - Βόρεια Προάστια (Αττική)","Μαρούσι (Αθήνα - Βόρεια Προάστια)","1","105103","101","2111","102111",,"1","2","0","0","1","1219755179","https://m2.spitogatos.gr/351215704_1600x1200.jpg?v=20130730","https://m1.spitogatos.gr/351215706_1600x1200.jpg?v=20130730","https://m2.spitogatos.gr/351215707_1600x1200.jpg?v=20130730","https://m3.spitogatos.gr/351215708_1600x1200.jpg?v=20130730","https://m3.spitogatos.gr/351215711_1600x1200.jpg?v=20130730","https://m1.spitogatos.gr/351215712_1600x1200.jpg?v=20130730","https://m3.spitogatos.gr/351215714_1600x1200.jpg?v=20130730","https://m3.spitogatos.gr/351215717_1600x1200.jpg?v=20130730","https://m1.spitogatos.gr/351215721_1600x1200.jpg?v=20130730","https://m1.spitogatos.gr/351215724_1600x1200.jpg?v=20130730","https://m3.spitogatos.gr/351215729_1600x1200.jpg?v=20130730","https://m3.spitogatos.gr/351215732_1600x1200.jpg?v=20130730","https://m1.spitogatos.gr/351215736_1600x1200.jpg?v=20130730","https://m3.spitogatos.gr/351215738_1600x1200.jpg?v=20130730","https://m3.spitogatos.gr/351215744_1600x1200.jpg?v=20130730","https://m2.spitogatos.gr/351215746_1600x1200.jpg?v=20130730","https://m3.spitogatos.gr/351215750_1600x1200.jpg?v=20130730","https://m2.spitogatos.gr/351215755_1600x1200.jpg?v=20130730","https://m2.spitogatos.gr/351215758_1600x1200.jpg?v=20130730",,,,,,,"0","0","2","1","38.062855","1","1","23.807205",,"1",,,"2026-06-20","0","0",,"0",,"1","1",,,"0","0","1",,"0","0","0","1800",,,"0","0","0","0","12.86",,,"1","3","6","1","1","2022","0","1","3","1","1",,"1","140","1",,,"0","1","0","2026-04-22","https://www.spitogatos.gr/en/property/1219755179",,"1",,"1999",,"residential"
"0","Ground Floor","no","up","2",,,,,"0","0","0","0","2026-06-12","0","0","0","0","0","0",,"house",,,,"0","<br><strong>Ευρύχωρο ισόγειο διαμέρισμα 98 τ.μ. στο Μαρούσι</strong> — Δίπλα στο Δάσος Συγγρού  <br />
Αν ψάχνεις σπίτι που συνδυάζει άνεση, πράσινο και πρακτικότητα, μόλις το βρήκες. Ισόγειο 98 τ.μ. σε άριστη κατάσταση, χτισμένο το 2010, φωτεινό και προσόψεως, σε μια από τις πιο ήσυχες γωνιές του Αμαρουσίου — δύο βήματα από το Δάσος Συγγρού. <br />
Οι χώροι  <br />
•  2 υπνοδωμάτια άνετα για ξεκούραση και home office<br />
•  Σαλόνι με ενιαία κουζίνα με άπλα για καθημερινότητα και φίλους  <br />
•  2 μπάνιο<br />
•  Ιδιωτική αυλή με πέτρα — το highlight για καφέ, διάβασμα ή βραδινό με θέα στο πράσινο<br />
Παροχές & ανέσεις  <br />
•  Πλήρως επιπλωμένο & εξοπλισμένο: Μπαίνεις μόνο με τη βαλίτσα σου. Όλες οι ηλεκτρικές συσκευές έτοιμες<br />
•  Αυτόνομη θέρμανση πετρελαίου + ηλιακός & boiler για οικονομία όλο τον χρόνο<br />
•  Κουφώματα αλουμινίου, διπλά τζάμια & σίτες — ησυχία, μόνωση, μηδέν έντομα<br />
•  Θυροτηλεόραση & συναγερμός για ασφάλεια και έλεγχο<br />
•  Ενεργειακό Πιστοποιητικό Γ<br />
Η περιοχή  <br />
Βρίσκεσαι κυριολεκτικά δίπλα στο Δάσος Συγγρού. Πρωινό τρέξιμο, βόλτα με τον σκύλο ή χαλάρωση στη φύση γίνονται καθημερινή συνήθεια. Παράλληλα έχεις άμεση πρόσβαση σε αγορά, σχολεία, μέσα μεταφοράς και τον κόμβο της Κηφισίας. <br />
Τιμή: 950€ / μήνα<br />
Ιδανικό για ζευγάρι ή μικρή οικογένεια που θέλει χώρο, αυτονομία και μια αυλή να αναπνέει. Διαθέσιμο για άμεση ενοικίαση.<br>Πριν την πραγματοποίηση του ραντεβού και σύμφωνα με τις ισχύουσες διατάξεις περί κτηματομεσιτικών εργασιών, είναι απαραίτητη η επίδειξη αστυνομικής ταυτότητας ή διαβατηρίου από κάθε επισκέπτη. Επίσης, θα ζητηθεί η υπογραφή της εντολής υπόδειξης ακινήτου, προκειμένου να διασφαλιστεί η διαφάνεια της διαδικασίας. Επικοινωνήστε άμεσα για ραντεβού και προσωπική ξενάγηση στο χώρο!<br>   <br>",,,,"0","5",,,,,,,,,"0","0","2026-06-12","3","1","0","yes","no","1","Αθήνα - Βόρεια Προάστια (Αττική)","Μαρούσι (Αθήνα - Βόρεια Προάστια)","1","105103","101","2111","106336","Double","1","1","0","0","1","1220111447","https://m2.spitogatos.gr/357079246_1600x1200.jpg?v=20130730","https://m2.spitogatos.gr/357079249_1600x1200.jpg?v=20130730","https://m3.spitogatos.gr/357079250_1600x1200.jpg?v=20130730","https://m3.spitogatos.gr/357079277_1600x1200.jpg?v=20130730","https://m2.spitogatos.gr/357079279_1600x1200.jpg?v=20130730","https://m1.spitogatos.gr/357079281_1600x1200.jpg?v=20130730","https://m2.spitogatos.gr/357079282_1600x1200.jpg?v=20130730","https://m2.spitogatos.gr/357079285_1600x1200.jpg?v=20130730","https://m1.spitogatos.gr/357079287_1600x1200.jpg?v=20130730","https://m1.spitogatos.gr/357079290_1600x1200.jpg?v=20130730","https://m3.spitogatos.gr/357079292_1600x1200.jpg?v=20130730",,,,,,,,,,,,,,,"0","0","2","1","38.056438",,"1","23.823982",,"1",,,"2026-06-16","0","0",,"1",,"0","2",,"3","1","0","1",,"0","0","0","950",,,"0","0","0","0","9.69",,,"1","3","6","1","0",,"0","1","2","0","1",,"1","98","0",,"Αγίου Νεκταρίου 21, 151 26, Μαρούσι","0","1","0","2026-06-12","https://www.spitogatos.gr/en/property/1220111447",,"1","0","2010",,"residential"
"1",,"yes","up","2",,,,,"1","0","0","0","2026-04-24","0",,"1","5","1","0","false","house","0","30",,"1","Ενοικιάζεται μοναδικό loft studio 45 τ.μ. (30 τ.μ. ισόγειο + 15 τ.μ. πατάρι) στην οδό Αγίου Κωνσταντίνου 52. Το ακίνητο βρίσκεται σε προνομιακό σημείο, στο πίσω μέρος του ισογείου, προσφέροντας απόλυτη ησυχία και ιδιωτικότητα στην καρδιά της επιχειρηματικής ζώνης.<br />
Χαρακτηριστικά:<br />
Διαρρύθμιση: Φωτεινό σαλόνι με κουζίνα στο ισόγειο και άνετος χώρος ύπνου στο πατάρι.<br />
Εξωτερικός Χώρος: Ιδιωτικό μπαλκόνι 15 τ.μ., σπάνιο για ισόγειο, ιδανικό για χαλάρωση.<br />
Πλεονεκτήματα: Δίπλα σε συγκοινωνίες, αγορά και εστίαση (ακριβώς πίσω από τον ""Γρηγόρη"").<br />
Ιδανικό για: Εργαζόμενους στην περιοχή ή φοιτητές που αναζητούν έναν αυτόνομο και ιδιαίτερο χώρο.","5000",,"0","0","10",,,,,,,,,"1","0","2026-04-24","0","1","0","no","yes","0","Αθήνα - Βόρεια Προάστια (Αττική)","Μαρούσι (Αθήνα - Βόρεια Προάστια)","1","105103","101","2111","106431",,"1","4","0","0","1","1219769342","https://m1.spitogatos.gr/351438249_1600x1200.jpg?v=20130730","https://m2.spitogatos.gr/351438271_1600x1200.jpg?v=20130730","https://m3.spitogatos.gr/351438293_1600x1200.jpg?v=20130730","https://m3.spitogatos.gr/351438320_1600x1200.jpg?v=20130730","https://m1.spitogatos.gr/351438342_1600x1200.jpg?v=20130730","https://m2.spitogatos.gr/351438349_1600x1200.jpg?v=20130730","https://m2.spitogatos.gr/351438355_1600x1200.jpg?v=20130730","https://m2.spitogatos.gr/351438361_1600x1200.jpg?v=20130730","https://m3.spitogatos.gr/351438368_1600x1200.jpg?v=20130730","https://m2.spitogatos.gr/351438385_1600x1200.jpg?v=20130730","https://m3.spitogatos.gr/351438410_1600x1200.jpg?v=20130730","https://m3.spitogatos.gr/351438437_1600x1200.jpg?v=20130730","https://m1.spitogatos.gr/351438489_1600x1200.jpg?v=20130730","https://m2.spitogatos.gr/351438571_1600x1200.jpg?v=20130730","https://m2.spitogatos.gr/351438619_1600x1200.jpg?v=20130730","https://m3.spitogatos.gr/351438647_1600x1200.jpg?v=20130730","https://m3.spitogatos.gr/351438698_1600x1200.jpg?v=20130730","https://m2.spitogatos.gr/351438727_1600x1200.jpg?v=20130730","https://m1.spitogatos.gr/351438744_1600x1200.jpg?v=20130730","https://m3.spitogatos.gr/351438785_1600x1200.jpg?v=20130730","https://m3.spitogatos.gr/351438836_1600x1200.jpg?v=20130730","https://m2.spitogatos.gr/351438886_1600x1200.jpg?v=20130730","https://m2.spitogatos.gr/351439000_1600x1200.jpg?v=20130730","https://m3.spitogatos.gr/351439058_1600x1200.jpg?v=20130730","https://m2.spitogatos.gr/351439102_1600x1200.jpg?v=20130730","1","1","2","1","38.046539","1","0","23.80628","1200","1","0","0","2026-06-08","0","0",,"0",,"0","1",,"2","1",,,,"0","0","0","700",,,"0","0","0","0","15.56",,,"1","3","6","1","1","2024","0","3","1","0","1",,"0","45","0",,"Αγίου Κωνσταντίνου, 52, Μαρούσι Ελλάδα, 15124","0","2","0","2026-04-24","https://www.spitogatos.gr/en/property/1219769342",,"1",,"1995",,"residential"
"1","3",,"up","1",,,,,,,,"0","2025-01-06","0",,"1","0",,,,"house",,"30","13322874",,"Ενοικιάζεται πολυτελές πλήρως ανακαινισμένο και επιπλωμένο διαμέρισμα στο Μαρούσι 3ος όροφος 110μ² με αυτόνομη θέρμανση φυσικού αερίου. <br />
 Παρακαλώ πολύ όχι μεσίτες  <br />
Το εξαιρετικό αυτό διαμέρισμα βρίσκετε επί της Υψηλάντου  και αποτελείτε από 2 υπνοδωμάτια, 1 κουζίνα, 1 μεγάλο σαλόνι με χολ, 2 μπαλκόνια και 2 μπάνια. Είναι πλήρως επιπλωμένο, με καναπέ, smart tv, ψυγείο (Bosch), εστία φυσικού αερίου & φούρνος (Bosch), αποθηκευτικός χώρος τροφίμων, πλυντήριο πιάτων, πλυντήριο ρούχων, τραπεζαρία (Ιταλική μασίφ), 1 κρεβάτι, έπιπλο εισόδου, βιβλιοθήκη με bar και 3 air-condition. <br />
Ανακαινισμένο το 2023 διαθέτει πόρτα ασφαλείας, καινούργιες εσωτερικές πόρτες και κουφώματα βαρέως τύπου (Alumil) με triplex τζάμια με ακουστικές μεμβράνες, κουρτίνες και δάπεδα από μάρμαρο & ξύλο. Τα μπαλκόνια έχουν καινούργιες τέντες. <br />
Ήσυχη γειτονιά, κοντά σε αγορά, γυμναστήρια και εύκολη πρόσβαση σε τρένο, Αττική Οδό, Εθνική Οδό, γειτονικό σούπερ μάρκετ στα 50μ. <br />
Απόσταση από τον Σταθμό Τρένου Αμαρουσίου 900μ.<br />
Διαθέσιμο από 10 Μαΐου  2026. Πάρκινγκ υπόγειο ιδιοτικο διαθέσιμο σε κοντινή απόσταση <br />
Ιδανική τοποθεσία<br />
Το Μαρούσι, που βρίσκεται στα βόρεια προάστια της Αθήνας, απέχει μόλις 14 χιλιόμετρα από το κέντρο της πόλης και αποτελεί έναν από τους σημαντικότερους επιχειρηματικούς κόμβους της πρωτεύουσας. Στην περιοχή στεγάζονται πολλές μεγάλες πολυεθνικές εταιρείες και οργανισμοί, ενώ φιλοξενεί το Άλσος Συγγρού, το μεγαλύτερο πάρκο της Αθήνας. Ο δήμος Αμαρουσίου περιλαμβάνει επίσης το Ολυμπιακό Αθλητικό Κέντρο Αθηνών (ΟΑΚΑ), το μεγαλύτερο αθλητικό συγκρότημα της χώρας. Στην περιοχή βρίσκονται και δύο δημοφιλή εμπορικά κέντρα, το The Mall Athens και το Golden Hall. Η πρόσβαση στο Μαρούσι είναι εύκολη μέσω των σταθμών ΗΣΑΠ Αμαρουσίου και ΚΑΤ, του προαστιακού σιδηρόδρομου και πολλών λεωφορειακών γραμμών. Επιπλέον, για τους οδηγούς, η είσοδος στην Αττική Οδό στο «δαχτυλίδι» του Αμαρουσίου προσφέρει άμεση σύνδεση με το κέντρο της Αθήνας και άλλες περιοχές.",,,,"1","2","10726336","no","evening","alexandrosmail@hotmail.com","13322874","Alexandros","Karagiannis","+306978550930",,,"2026-04-30","8",,,"yes",,,"Αθήνα - Βόρεια Προάστια (Αττική)","Μαρούσι (Αθήνα - Βόρεια Προάστια)","1","105103","101","2111","106298",,"1","2",,"0","1","1216915894","https://m1.spitogatos.gr/304438128_1600x1200.jpg?v=20130730","https://m1.spitogatos.gr/304436511_1600x1200.jpg?v=20130730","https://m3.spitogatos.gr/304438004_1600x1200.jpg?v=20130730","https://m1.spitogatos.gr/304436505_1600x1200.jpg?v=20130730","https://m1.spitogatos.gr/304438119_1600x1200.jpg?v=20130730","https://m2.spitogatos.gr/304438126_1600x1200.jpg?v=20130730","https://m2.spitogatos.gr/304436503_1600x1200.jpg?v=20130730","https://m3.spitogatos.gr/304438130_1600x1200.jpg?v=20130730","https://m3.spitogatos.gr/304438118_1600x1200.jpg?v=20130730","https://m1.spitogatos.gr/304438113_1600x1200.jpg?v=20130730","https://m2.spitogatos.gr/304438117_1600x1200.jpg?v=20130730","https://m2.spitogatos.gr/304438123_1600x1200.jpg?v=20130730","https://m3.spitogatos.gr/304436480_1600x1200.jpg?v=20130730","https://m3.spitogatos.gr/304445153_1600x1200.jpg?v=20130730","https://m3.spitogatos.gr/304436738_1600x1200.jpg?v=20130730","https://m2.spitogatos.gr/304436731_1600x1200.jpg?v=20130730","https://m2.spitogatos.gr/304436734_1600x1200.jpg?v=20130730","https://m2.spitogatos.gr/304436500_1600x1200.jpg?v=20130730","https://m2.spitogatos.gr/304436737_1600x1200.jpg?v=20130730","https://m1.spitogatos.gr/304436736_1600x1200.jpg?v=20130730","https://m1.spitogatos.gr/304436508_1600x1200.jpg?v=20130730","https://m2.spitogatos.gr/304438132_1600x1200.jpg?v=20130730","https://m3.spitogatos.gr/313919582_1600x1200.jpg?v=20130730","https://m2.spitogatos.gr/313919584_1600x1200.jpg?v=20130730","https://m3.spitogatos.gr/313919585_1600x1200.jpg?v=20130730",,,,"1","38.05669","1","1","23.79631",,"1",,,"2026-05-27","0",,,"1","yes","2","1",,"5",,"0",,,,,,"1250",,,"0","0","0","0","11.36",,,"4",,,"1","1",,,,"2",,"1",,,"110",,,"Υψηλάντη, 27 151 22 Μαρούσι","0","1",,"2025-01-06","https://www.spitogatos.gr/en/property/1216915894",,"1",,,,"residential"
"1","1",,"simple","1",,,,,"0","0","0","0","2026-10-28","0","0","1","0","0",,,"house",,,,"1","Ξεκίνα να ζεις από την πρώτη μέρα, σε αυτό το σύγχρονα επιπλωμένο διαμέρισμα ενός υπνοδωματίου της Blueground στο κέντρο του Χαλανδρίου. Πλήρως εξοπλισμένο με έπιπλα μοναδικού design, ηλεκτρικές συσκευές τελευταίας τεχνολογίας.<br><br />
<br />
Η διαφημιζόμενη τιμή των €780/μήνα είναι η τιμή για 1 έτος, με ημερομηνία έναρξης Οκτωβρίου 27, 2026. Η χαμηλότερη διαθέσιμη τιμή είναι €760/μήνα για μίσθωση 7 μήνα(μηνών) και 4 ημέρας(ημερών) με ημερομηνία έναρξης Οκτωβρίου 27, 2026.<br />
<br>Οι τιμές διαφέρουν ανάλογα με τη διάρκεια παραμονής, την εποχικότητα και άλλους παράγοντες. Επισκεφθείτε τον ιστότοπό μας και εισάγετε τις ημερομηνίες διαμονής σας για να δείτε ενημερωμένες τιμές για την κράτησή σας. Η τιμή ισχύει μόνο με προκαταβολή· ενδέχεται να είναι υψηλότερη εάν πληρωθεί σε δόσεις.<br />
<br />
<b>Κλείστε αυτό το διαμέρισμα online!</b><br />
<br />
https://www.theblueground.com/p/furnished-apartments/ath-594?utm_source=classified-4<br />
<br />
Aναβαθμίστε τη διαμονή σας με ένα πλήρως επιπλωμένο διαμέρισμα από τη Blueground:<br />
      – Επιπλωμένα σπίτια σε τιμές αντίστοιχες με τα ανεπίπλωτα<br />
      – Χωρίς κόστη εγκατάστασης ή αγοράς επίπλων - εξοικονομήστε χρόνο και χρήματα<br />
      – Έτοιμα για άμεση μετακόμιση - το μόνο που χρειάζεστε είναι η βαλίτσα σας<br />
<br />
<b>Ο χώρος</b><br><br />
Σε αυτό το όμορφο Blueground διαμέρισμα ενός υπνοδωματίου, θα βρεις ένα χώρο προσεκτικά σχεδιασμένο και πλήρως εξοπλισμένο με έπιπλα μοναδικού design και ηλεκτρικές συσκευές τελευταίας τεχνολογίας.<br />
Νιώσε όμορφα και χαλαρά στο νέο σου σπίτι κάθε στιγμή. Και όταν θα θες να διασκεδάσεις, μπορείς να βγεις και να αφεθείς στον παλμό του Χαλανδρίου ή να φέρεις τη διασκέδαση σπίτι, με τα ασύρματα ηχεία ή τη smart TV.<br />
<br />
<b>Διαρρύθμιση δωματίων ύπνου</b><br />
    <br />
        Υπέρδιπλο κρεβάτι: 160 εκ.<br />
<br />
<b>Παροχές κτιρίου</b><br />
<br />
      Ασανσέρ<br />
      Πλυντήριο<br />
      Θέση στάθμευσης<br />
<br />
<br />
<b>Άφιξη και συνεχής υποστήριξη πελατών</b><br><br />
Κατά τη διάρκεια της διαμονής σου, η ομάδα μας θα είναι διαθέσιμη για να σε βοηθήσει με οτιδήποτε χρειαστείς. Μέσω της ειδικής mobile εφαρμογής της Blueground έχεις συνεχή υποστήριξη, ενώ μπορείς ακόμη να προγραμματίσεις υπηρεσίες καθαρισμού, συντήρησης ή επισκευής, με το πάτημα ενός κουμπιού.<br />
<br />
<b>Ιδανική τοποθεσία</b><br />
<br />
Το Χαλάνδρι είναι μια ζωντανή γειτονιά, που βρίσκεται στα βόρεια προάστια, μόλις 10 χιλιόμετρα από το κέντρο της Αθήνας. Το Χαλάνδρι είναι γνωστό για τις εμπορικές του συνοικίες και τη ζωντανή σκηνή των μπαρ. Η περιοχή φιλοξενεί πολλές μεγάλες πολυεθνικές εταιρείες, οργανισμούς και πρεσβείες. Εξυπηρετείται από τους σταθμούς του μετρό Χαλάνδρι & Αγία Παρασκευή, καθώς και από συνδέσεις με λεωφορεία, ενώ έχει εύκολη πρόσβαση στην Αττική Οδό.",,"1",,"1","5",,,,,,,,,"0","0","2026-07-27","6",,"0","yes","yes","0","Αθήνα - Βόρεια Προάστια (Αττική)","Χαλάνδρι (Αθήνα - Βόρεια Προάστια)","1","105103","101","2122","107025",,"1","2","0","0","1","1220499895","https://m3.spitogatos.gr/363434225_1600x1200.jpg?v=20130730","https://m1.spitogatos.gr/363434226_1600x1200.jpg?v=20130730","https://m2.spitogatos.gr/363434227_1600x1200.jpg?v=20130730","https://m3.spitogatos.gr/363434228_1600x1200.jpg?v=20130730","https://m1.spitogatos.gr/363434229_1600x1200.jpg?v=20130730","https://m2.spitogatos.gr/363434230_1600x1200.jpg?v=20130730","https://m1.spitogatos.gr/363434232_1600x1200.jpg?v=20130730","https://m1.spitogatos.gr/363434235_1600x1200.jpg?v=20130730","https://m3.spitogatos.gr/363434237_1600x1200.jpg?v=20130730","https://m2.spitogatos.gr/363434239_1600x1200.jpg?v=20130730","https://m3.spitogatos.gr/363434240_1600x1200.jpg?v=20130730","https://m1.spitogatos.gr/363434241_1600x1200.jpg?v=20130730","https://m3.spitogatos.gr/363434243_1600x1200.jpg?v=20130730","https://m1.spitogatos.gr/363434244_1600x1200.jpg?v=20130730","https://m3.spitogatos.gr/363434246_1600x1200.jpg?v=20130730","https://m2.spitogatos.gr/363434248_1600x1200.jpg?v=20130730","https://m3.spitogatos.gr/363434249_1600x1200.jpg?v=20130730","https://m2.spitogatos.gr/363434251_1600x1200.jpg?v=20130730","https://m1.spitogatos.gr/363434253_1600x1200.jpg?v=20130730",,,,,,,"0","0",,"0","38.027634","1","0","23.806368",,"0",,,"2026-07-27","0","0",,"0",,"0","1",,,"1","0","1",,"0","0","0","780",,,"0","0","0","0","17.33",,,"1","3","6","1","0",,,,"1","0","1",,,"45","1",,"Kriezi 14","1","1","0","2026-07-27","https://www.spitogatos.gr/en/property/1220499895","https://nodalview.com/s/21UTTH-EL2Hfr8752LyPJk","0",,"2010","8LqAPLasH70",
"1","3",,"simple","1",,,,,"0","1","0","0","2026-10-02","0","0","1","0","0",,,"house",,,,"1","Ανακάλυψε τα καλύτερα σημεία του Αμαρουσίου , με αυτό το άνετο διαμέρισμα τριών υπνοδωματίων της Blueground. Προσφέρει μια πλήρως εξοπλισμένη κουζίνα, ένα όμορφο καθιστικό. Επίσης, καθ’όλη τη διάρκεια της διαμονής σου θα έχεις τη δυνατότητα να επικοινωνήσεις εύκολα και άμεσα με την ομάδα υποστήριξης πελατών και να βρεις χρήσιμες πληροφορίες τόσο για το διαμέρισμά σου όσο και για τη γειτονιά μέσω της ειδικής mobile εφαρμογής.<br><br />
<br />
Η διαφημιζόμενη τιμή των €1,760/μήνα είναι η τιμή για 1 έτος, με ημερομηνία έναρξης Οκτωβρίου 1, 2026.<br />
<br>Οι τιμές διαφέρουν ανάλογα με τη διάρκεια παραμονής, την εποχικότητα και άλλους παράγοντες. Επισκεφθείτε τον ιστότοπό μας και εισάγετε τις ημερομηνίες διαμονής σας για να δείτε ενημερωμένες τιμές για την κράτησή σας. Η τιμή ισχύει μόνο με προκαταβολή· ενδέχεται να είναι υψηλότερη εάν πληρωθεί σε δόσεις.<br />
<br />
<b>Κλείστε αυτό το διαμέρισμα online!</b><br />
<br />
https://www.theblueground.com/p/furnished-apartments/ath-1680?utm_source=classified-4<br />
<br />
Aναβαθμίστε τη διαμονή σας με ένα πλήρως επιπλωμένο διαμέρισμα από τη Blueground:<br />
      – Επιπλωμένα σπίτια σε τιμές αντίστοιχες με τα ανεπίπλωτα<br />
      – Χωρίς κόστη εγκατάστασης ή αγοράς επίπλων - εξοικονομήστε χρόνο και χρήματα<br />
      – Έτοιμα για άμεση μετακόμιση - το μόνο που χρειάζεστε είναι η βαλίτσα σας<br />
<br />
<b>Ο χώρος</b><br><br />
Έπιπλα μοναδικού design, πλήρως εξοπλισμένη κουζίνα, smart TV ή/και ασύρματα ηχεία τελευταίας τεχνολογίας, είναι λίγες μόνο από τις ανέσεις που σου προσφέρει αυτό το διαμέρισμα τριών υπνοδωματίων της Blueground. Θα το αγαπήσεις όμως και για τη μοναδική του τοποθεσία, καθώς βρίσκεται σε ένα από τα πιο κεντρικά σημεία του Αμαρουσίου.<br />
<br />
<b>Διαρρύθμιση δωματίων ύπνου</b><br />
    <br />
        Μονό κρεβάτι: 90 εκ.<br />
<br />
        Υπέρδιπλο κρεβάτι: 160 εκ.<br />
<br />
        Διπλό κρεβάτι: 140 εκ.<br />
<br />
<b>Παροχές κτιρίου</b><br />
<br />
      Ασανσέρ<br />
      Πλυντήριο<br />
      Θέση στάθμευσης<br />
      Επιτρέπονται κατοικίδια<br />
<br />
<br />
<b>Άφιξη και συνεχής υποστήριξη πελατών</b><br><br />
Κατά τη διάρκεια της διαμονής σου, η ομάδα μας θα είναι διαθέσιμη για να σε βοηθήσει με οτιδήποτε χρειαστείς. Μέσω της ειδικής mobile εφαρμογής της Blueground έχεις συνεχή υποστήριξη, ενώ μπορείς ακόμη να προγραμματίσεις υπηρεσίες καθαρισμού, συντήρησης ή επισκευής, με το πάτημα ενός κουμπιού.<br />
<br />
<b>Ιδανική τοποθεσία</b><br />
<br />
Το Μαρούσι είναι μια καταπράσινη γειτονιά που βρίσκεται στα βόρεια προάστια, 14 χιλιόμετρα από το κέντρο της Αθήνας. Ως ένα από τα σημαντικότερα επιχειρηματικά κέντρα της πόλης, φιλοξενεί πολλές μεγάλες πολυεθνικές εταιρείες και οργανισμούς. Στη γειτονιά βρίσκεται επίσης το μεγαλύτερο δάσος της αστικής Αθήνας, η Δάσος Συγγρού, το Ολυμπιακό Αθλητικό Συγκρότημα της Αθήνας από τους Θερινούς Ολυμπιακούς Αγώνες του 2004. Το Mall Athens, ένα από τα μεγαλύτερα εμπορικά κέντρα της νοτιοανατολικής Ευρώπης, και το εμπορικό κέντρο Golden Hall αποτελούν επίσης το σπίτι του Αμαρουσίου. Η περιοχή εξυπηρετείται από τους σιδηροδρομικούς σταθμούς Μαρούσι και ΚΑΤ και από ένα δίκτυο λεωφορειακών γραμμών.",,"1",,"1","5",,,,,,,,,"0","1","2026-07-10","8",,"0","yes","yes","1","Αθήνα - Βόρεια Προάστια (Αττική)","Μαρούσι (Αθήνα - Βόρεια Προάστια)","1","105103","101","2111",,,"1","2","0","0","1","1220352837","https://m3.spitogatos.gr/361238147_1600x1200.jpg?v=20130730","https://m1.spitogatos.gr/361238151_1600x1200.jpg?v=20130730","https://m3.spitogatos.gr/361238153_1600x1200.jpg?v=20130730","https://m1.spitogatos.gr/361238154_1600x1200.jpg?v=20130730","https://m2.spitogatos.gr/361238155_1600x1200.jpg?v=20130730","https://m3.spitogatos.gr/361238156_1600x1200.jpg?v=20130730","https://m1.spitogatos.gr/361238160_1600x1200.jpg?v=20130730","https://m3.spitogatos.gr/361238165_1600x1200.jpg?v=20130730","https://m1.spitogatos.gr/361238166_1600x1200.jpg?v=20130730","https://m2.spitogatos.gr/361238167_1600x1200.jpg?v=20130730","https://m3.spitogatos.gr/361238168_1600x1200.jpg?v=20130730","https://m1.spitogatos.gr/361238169_1600x1200.jpg?v=20130730","https://m2.spitogatos.gr/361238170_1600x1200.jpg?v=20130730","https://m3.spitogatos.gr/361238171_1600x1200.jpg?v=20130730","https://m1.spitogatos.gr/361238172_1600x1200.jpg?v=20130730","https://m1.spitogatos.gr/361238175_1600x1200.jpg?v=20130730","https://m3.spitogatos.gr/361238177_1600x1200.jpg?v=20130730","https://m1.spitogatos.gr/361238178_1600x1200.jpg?v=20130730","https://m1.spitogatos.gr/361238181_1600x1200.jpg?v=20130730","https://m2.spitogatos.gr/361238182_1600x1200.jpg?v=20130730","https://m1.spitogatos.gr/361238187_1600x1200.jpg?v=20130730","https://m2.spitogatos.gr/361238191_1600x1200.jpg?v=20130730","https://m1.spitogatos.gr/361238193_1600x1200.jpg?v=20130730","https://m2.spitogatos.gr/361238197_1600x1200.jpg?v=20130730","https://m1.spitogatos.gr/361238199_1600x1200.jpg?v=20130730","0","0",,"0","38.048851","1","0","23.815474",,"0",,,"2026-07-26","0","0",,"0",,"1","1",,,"1","0","0","1","0","0","0","1760",,,"0","0","0","0","16.76",,,"1","3","6","1","0",,,,"3","0","1",,,"105","0",,"Chlois 29","1","1","0","2026-07-10","https://www.spitogatos.gr/en/property/1220352837","https://nodalview.com/s/3CkXDjhBTCmQWKKSatxppN","0",,"1990",,
"1","2",,"simple","1",,,,,"0","1","0","0","2026-08-09","0","0","1","0","0",,,"house",,,,"1","Ανακάλυψε τα καλύτερα σημεία του Αμαρουσίου , με αυτό το άνετο διαμέρισμα τριών υπνοδωματίων της Blueground. Προσφέρει μια πλήρως εξοπλισμένη κουζίνα, ένα άνετο καθιστικό. Επίσης, καθ’όλη τη διάρκεια της διαμονής σου θα έχεις τη δυνατότητα να επικοινωνήσεις εύκολα και άμεσα με την ομάδα υποστήριξης πελατών και να βρεις χρήσιμες πληροφορίες τόσο για το διαμέρισμά σου όσο και για τη γειτονιά μέσω της ειδικής mobile εφαρμογής.<br><br />
<br />
Η διαφημιζόμενη τιμή των €1,640/μήνα είναι η τιμή για 1 έτος, με ημερομηνία έναρξης Αυγούστου 8, 2026.<br />
<br>Οι τιμές διαφέρουν ανάλογα με τη διάρκεια παραμονής, την εποχικότητα και άλλους παράγοντες. Επισκεφθείτε τον ιστότοπό μας και εισάγετε τις ημερομηνίες διαμονής σας για να δείτε ενημερωμένες τιμές για την κράτησή σας. Η τιμή ισχύει μόνο με προκαταβολή· ενδέχεται να είναι υψηλότερη εάν πληρωθεί σε δόσεις.<br />
<br />
<b>Κλείστε αυτό το διαμέρισμα online!</b><br />
<br />
https://www.theblueground.com/p/furnished-apartments/ath-1612?utm_source=classified-4<br />
<br />
Aναβαθμίστε τη διαμονή σας με ένα πλήρως επιπλωμένο διαμέρισμα από τη Blueground:<br />
      – Επιπλωμένα σπίτια σε τιμές αντίστοιχες με τα ανεπίπλωτα<br />
      – Χωρίς κόστη εγκατάστασης ή αγοράς επίπλων - εξοικονομήστε χρόνο και χρήματα<br />
      – Έτοιμα για άμεση μετακόμιση - το μόνο που χρειάζεστε είναι η βαλίτσα σας<br />
<br />
<b>Ο χώρος</b><br><br />
Έπιπλα μοναδικού design, πλήρως εξοπλισμένη κουζίνα, smart TV ή/και ασύρματα ηχεία τελευταίας τεχνολογίας, είναι λίγες μόνο από τις ανέσεις που σου προσφέρει αυτό το διαμέρισμα τριών υπνοδωματίων της Blueground. Θα το αγαπήσεις όμως και για τη μοναδική του τοποθεσία, καθώς βρίσκεται σε ένα από τα πιο κεντρικά σημεία του Αμαρουσίου.<br />
<br />
<b>Διαρρύθμιση δωματίων ύπνου</b><br />
    <br />
        Υπέρδιπλο κρεβάτι: 160 εκ.<br />
<br />
        Διπλό κρεβάτι: 140 εκ.<br />
<br />
<b>Παροχές κτιρίου</b><br />
<br />
      Ασανσέρ<br />
      Πλυντήριο<br />
      Θέση στάθμευσης<br />
      Επιτρέπονται κατοικίδια<br />
<br />
<br />
<b>Άφιξη και συνεχής υποστήριξη πελατών</b><br><br />
Κατά τη διάρκεια της διαμονής σου, η ομάδα μας θα είναι διαθέσιμη για να σε βοηθήσει με οτιδήποτε χρειαστείς. Μέσω της ειδικής mobile εφαρμογής της Blueground έχεις συνεχή υποστήριξη, ενώ μπορείς ακόμη να προγραμματίσεις υπηρεσίες καθαρισμού, συντήρησης ή επισκευής, με το πάτημα ενός κουμπιού.<br />
<br />
<b>Ιδανική τοποθεσία</b><br />
<br />
Το Μαρούσι είναι μια καταπράσινη γειτονιά που βρίσκεται στα βόρεια προάστια, 14 χιλιόμετρα από το κέντρο της Αθήνας. Ως ένα από τα σημαντικότερα επιχειρηματικά κέντρα της πόλης, φιλοξενεί πολλές μεγάλες πολυεθνικές εταιρείες και οργανισμούς. Στη γειτονιά βρίσκεται επίσης το μεγαλύτερο δάσος της αστικής Αθήνας, η Δάσος Συγγρού, το Ολυμπιακό Αθλητικό Συγκρότημα της Αθήνας από τους Θερινούς Ολυμπιακούς Αγώνες του 2004. Το Mall Athens, ένα από τα μεγαλύτερα εμπορικά κέντρα της νοτιοανατολικής Ευρώπης, και το εμπορικό κέντρο Golden Hall αποτελούν επίσης το σπίτι του Αμαρουσίου. Η περιοχή εξυπηρετείται από τους σιδηροδρομικούς σταθμούς Μαρούσι και ΚΑΤ και από ένα δίκτυο λεωφορειακών γραμμών.",,"1",,"1","6",,,,,,,,,"0","1","2026-06-03","7",,"0","yes","yes","1","Αθήνα - Βόρεια Προάστια (Αττική)","Μαρούσι (Αθήνα - Βόρεια Προάστια)","1","105103","101","2111",,,"1","2","0","0","1","1219993892","https://m3.spitogatos.gr/359910566_1600x1200.jpg?v=20130730","https://m1.spitogatos.gr/359910573_1600x1200.jpg?v=20130730","https://m3.spitogatos.gr/359910581_1600x1200.jpg?v=20130730","https://m2.spitogatos.gr/359910589_1600x1200.jpg?v=20130730","https://m2.spitogatos.gr/359910598_1600x1200.jpg?v=20130730","https://m3.spitogatos.gr/359910608_1600x1200.jpg?v=20130730","https://m3.spitogatos.gr/359910617_1600x1200.jpg?v=20130730","https://m2.spitogatos.gr/359910631_1600x1200.jpg?v=20130730","https://m2.spitogatos.gr/359910646_1600x1200.jpg?v=20130730","https://m3.spitogatos.gr/359910659_1600x1200.jpg?v=20130730","https://m2.spitogatos.gr/359910670_1600x1200.jpg?v=20130730","https://m1.spitogatos.gr/359910684_1600x1200.jpg?v=20130730","https://m1.spitogatos.gr/359910696_1600x1200.jpg?v=20130730","https://m2.spitogatos.gr/359910709_1600x1200.jpg?v=20130730","https://m1.spitogatos.gr/359910720_1600x1200.jpg?v=20130730","https://m2.spitogatos.gr/359910736_1600x1200.jpg?v=20130730","https://m2.spitogatos.gr/359910748_1600x1200.jpg?v=20130730","https://m1.spitogatos.gr/359910759_1600x1200.jpg?v=20130730","https://m2.spitogatos.gr/359910769_1600x1200.jpg?v=20130730","https://m2.spitogatos.gr/359910778_1600x1200.jpg?v=20130730","https://m3.spitogatos.gr/359910788_1600x1200.jpg?v=20130730","https://m1.spitogatos.gr/359910798_1600x1200.jpg?v=20130730","https://m1.spitogatos.gr/359910807_1600x1200.jpg?v=20130730","https://m1.spitogatos.gr/359910819_1600x1200.jpg?v=20130730","https://m1.spitogatos.gr/359910828_1600x1200.jpg?v=20130730","0","0",,"0","38.049946","1","0","23.812649",,"0",,,"2026-07-28","0","0",,"0",,"0","2",,,"1","0","0","1","0","0","0","1640",,,"0","0","0","0","14.91",,,"1","3","6","1","0",,,,"3","0","1",,,"110","0",,"Dimitriou Gounari 124","1","1","0","2026-06-03","https://www.spitogatos.gr/en/property/1219993892","https://nodalview.com/s/2S-AAl3HnBhQA40yoYrdpS","0",,"2005",,
"1","5",,"simple","1",,,,,"0","0","0","0","2026-08-08","0","0","1","0","0",,,"house",,,,"1","Ξεκίνα να ζεις από την πρώτη μέρα, σε αυτό το όμορφα επιπλωμένο διαμέρισμα τριών υπνοδωματίων της Blueground στο κέντρο του Αμαρουσίου. Πλήρως εξοπλισμένο με έπιπλα μοναδικού design, ηλεκτρικές συσκευές τελευταίας τεχνολογίας.<br><br />
<br />
Η διαφημιζόμενη τιμή των €1,580/μήνα είναι η τιμή για 1 έτος, με ημερομηνία έναρξης Αυγούστου 7, 2026.<br />
<br>Οι τιμές διαφέρουν ανάλογα με τη διάρκεια παραμονής, την εποχικότητα και άλλους παράγοντες. Επισκεφθείτε τον ιστότοπό μας και εισάγετε τις ημερομηνίες διαμονής σας για να δείτε ενημερωμένες τιμές για την κράτησή σας. Η τιμή ισχύει μόνο με προκαταβολή· ενδέχεται να είναι υψηλότερη εάν πληρωθεί σε δόσεις.<br />
<br />
<b>Κλείστε αυτό το διαμέρισμα online!</b><br />
<br />
https://www.theblueground.com/p/furnished-apartments/ath-105?utm_source=classified-4<br />
<br />
Aναβαθμίστε τη διαμονή σας με ένα πλήρως επιπλωμένο διαμέρισμα από τη Blueground:<br />
      – Επιπλωμένα σπίτια σε τιμές αντίστοιχες με τα ανεπίπλωτα<br />
      – Χωρίς κόστη εγκατάστασης ή αγοράς επίπλων - εξοικονομήστε χρόνο και χρήματα<br />
      – Έτοιμα για άμεση μετακόμιση - το μόνο που χρειάζεστε είναι η βαλίτσα σας<br />
<br />
<b>Ο χώρος</b><br><br />
Σε αυτό το ελκυστικό Blueground διαμέρισμα τριών υπνοδωματίων, θα βρεις ένα χώρο προσεκτικά σχεδιασμένο και πλήρως εξοπλισμένο με έπιπλα μοναδικού design και ηλεκτρικές συσκευές τελευταίας τεχνολογίας.<br />
Νιώσε όμορφα και χαλαρά στο νέο σου σπίτι κάθε στιγμή. Και όταν θα θες να διασκεδάσεις, μπορείς να βγεις και να αφεθείς στον παλμό του Αμαρουσίου ή να φέρεις τη διασκέδαση σπίτι, με τα ασύρματα ηχεία ή τη smart TV.<br />
<br />
<b>Διαρρύθμιση δωματίων ύπνου</b><br />
    <br />
        Υπέρδιπλο κρεβάτι: 180 εκ.<br />
<br />
        Υπέρδιπλο κρεβάτι: 160 εκ.<br />
<br />
        Διπλό κρεβάτι: 140 εκ.<br />
<br />
<b>Παροχές κτιρίου</b><br />
<br />
      Ασανσέρ<br />
      Πλυντήριο<br />
      Θέση στάθμευσης<br />
      Επιτρέπονται κατοικίδια<br />
<br />
<br />
<b>Άφιξη και συνεχής υποστήριξη πελατών</b><br><br />
Κατά τη διάρκεια της διαμονής σου, η ομάδα μας θα είναι διαθέσιμη για να σε βοηθήσει με οτιδήποτε χρειαστείς. Μέσω της ειδικής mobile εφαρμογής της Blueground έχεις συνεχή υποστήριξη, ενώ μπορείς ακόμη να προγραμματίσεις υπηρεσίες καθαρισμού, συντήρησης ή επισκευής, με το πάτημα ενός κουμπιού.<br />
<br />
<b>Ιδανική τοποθεσία</b><br />
<br />
Το Μαρούσι είναι μια καταπράσινη γειτονιά που βρίσκεται στα βόρεια προάστια, 14 χιλιόμετρα από το κέντρο της Αθήνας. Ως ένα από τα σημαντικότερα επιχειρηματικά κέντρα της πόλης, φιλοξενεί πολλές μεγάλες πολυεθνικές εταιρείες και οργανισμούς. Στη γειτονιά βρίσκεται επίσης το μεγαλύτερο δάσος της αστικής Αθήνας, η Δάσος Συγγρού, το Ολυμπιακό Αθλητικό Συγκρότημα της Αθήνας από τους Θερινούς Ολυμπιακούς Αγώνες του 2004. Το Mall Athens, ένα από τα μεγαλύτερα εμπορικά κέντρα της νοτιοανατολικής Ευρώπης, και το εμπορικό κέντρο Golden Hall αποτελούν επίσης το σπίτι του Αμαρουσίου. Η περιοχή εξυπηρετείται από τους σιδηροδρομικούς σταθμούς Μαρούσι και ΚΑΤ και από ένα δίκτυο λεωφορειακών γραμμών.",,"1",,"1","6",,,,,,,,,"0","1","2026-03-31","10",,"0","yes","yes","0","Αθήνα - Βόρεια Προάστια (Αττική)","Μαρούσι (Αθήνα - Βόρεια Προάστια)","1","105103","101","2111","117001",,"1","1","0","0","1","1219644305","https://m1.spitogatos.gr/359900580_1600x1200.jpg?v=20130730","https://m1.spitogatos.gr/359900586_1600x1200.jpg?v=20130730","https://m3.spitogatos.gr/359900594_1600x1200.jpg?v=20130730","https://m3.spitogatos.gr/359900603_1600x1200.jpg?v=20130730","https://m1.spitogatos.gr/359900613_1600x1200.jpg?v=20130730","https://m2.spitogatos.gr/359900623_1600x1200.jpg?v=20130730","https://m2.spitogatos.gr/359900632_1600x1200.jpg?v=20130730","https://m2.spitogatos.gr/359900641_1600x1200.jpg?v=20130730","https://m2.spitogatos.gr/359900650_1600x1200.jpg?v=20130730","https://m1.spitogatos.gr/359900658_1600x1200.jpg?v=20130730","https://m2.spitogatos.gr/359900668_1600x1200.jpg?v=20130730","https://m3.spitogatos.gr/359900675_1600x1200.jpg?v=20130730","https://m3.spitogatos.gr/359900681_1600x1200.jpg?v=20130730","https://m1.spitogatos.gr/359900688_1600x1200.jpg?v=20130730","https://m2.spitogatos.gr/359900695_1600x1200.jpg?v=20130730","https://m1.spitogatos.gr/359900703_1600x1200.jpg?v=20130730","https://m1.spitogatos.gr/359900709_1600x1200.jpg?v=20130730","https://m1.spitogatos.gr/359900715_1600x1200.jpg?v=20130730","https://m2.spitogatos.gr/359900722_1600x1200.jpg?v=20130730","https://m2.spitogatos.gr/359900728_1600x1200.jpg?v=20130730","https://m3.spitogatos.gr/359900735_1600x1200.jpg?v=20130730","https://m1.spitogatos.gr/359900742_1600x1200.jpg?v=20130730","https://m3.spitogatos.gr/359900747_1600x1200.jpg?v=20130730","https://m2.spitogatos.gr/359900755_1600x1200.jpg?v=20130730","https://m2.spitogatos.gr/359900761_1600x1200.jpg?v=20130730","0","0",,"0","38.041309","1","0","23.808159",,"0",,,"2026-07-28","0","0",,"0",,"0","2",,,"1","0","0","1","0","0","0","1580",,,"0","0","0","0","14.36",,,"1","3",,"1","0",,,,"3","0","1",,,"110","1",,"Dervenakion 10","1","1","0","2026-03-31","https://www.spitogatos.gr/en/property/1219644305","https://nodalview.com/s/0SFkKYxxH1w827s7-4EYsH","0",,"2008",,
"1","Lower Ground",,"simple","1",,,,,"0","1","0","0","2026-09-01","0","0","1","0","0",,,"house",,,,"1","Ανακάλυψε τα καλύτερα σημεία του Αμαρουσίου , με αυτό το όμορφο διαμέρισμα τριών υπνοδωματίων της Blueground. Προσφέρει μια πλήρως εξοπλισμένη κουζίνα, ένα εξαιρετικό καθιστικό. Επίσης, καθ’όλη τη διάρκεια της διαμονής σου θα έχεις τη δυνατότητα να επικοινωνήσεις εύκολα και άμεσα με την ομάδα υποστήριξης πελατών και να βρεις χρήσιμες πληροφορίες τόσο για το διαμέρισμά σου όσο και για τη γειτονιά μέσω της ειδικής mobile εφαρμογής.<br><br />
<br />
Η διαφημιζόμενη τιμή των €2,100/μήνα είναι η τιμή για 1 έτος, με ημερομηνία έναρξης Αυγούστου 31, 2026.<br />
<br>Οι τιμές διαφέρουν ανάλογα με τη διάρκεια παραμονής, την εποχικότητα και άλλους παράγοντες. Επισκεφθείτε τον ιστότοπό μας και εισάγετε τις ημερομηνίες διαμονής σας για να δείτε ενημερωμένες τιμές για την κράτησή σας. Η τιμή ισχύει μόνο με προκαταβολή· ενδέχεται να είναι υψηλότερη εάν πληρωθεί σε δόσεις.<br />
<br />
<b>Κλείστε αυτό το διαμέρισμα online!</b><br />
<br />
https://www.theblueground.com/p/furnished-apartments/ath-914?utm_source=classified-4<br />
<br />
Aναβαθμίστε τη διαμονή σας με ένα πλήρως επιπλωμένο διαμέρισμα από τη Blueground:<br />
      – Επιπλωμένα σπίτια σε τιμές αντίστοιχες με τα ανεπίπλωτα<br />
      – Χωρίς κόστη εγκατάστασης ή αγοράς επίπλων - εξοικονομήστε χρόνο και χρήματα<br />
      – Έτοιμα για άμεση μετακόμιση - το μόνο που χρειάζεστε είναι η βαλίτσα σας<br />
<br />
<b>Ο χώρος</b><br><br />
Σε αυτό το ευρύχωρο Blueground διαμέρισμα τριών υπνοδωματίων, θα βρεις ένα χώρο προσεκτικά σχεδιασμένο και πλήρως εξοπλισμένο με έπιπλα μοναδικού design και ηλεκτρικές συσκευές τελευταίας τεχνολογίας.<br />
Νιώσε όμορφα και χαλαρά στο νέο σου σπίτι κάθε στιγμή. Και όταν θα θες να διασκεδάσεις, μπορείς να βγεις και να αφεθείς στον παλμό του Αμαρουσίου ή να φέρεις τη διασκέδαση σπίτι, με τα ασύρματα ηχεία ή τη smart TV.<br />
<br />
<b>Διαρρύθμιση δωματίων ύπνου</b><br />
    <br />
        Μονό κρεβάτι: 90 εκ.<br />
        Μονό κρεβάτι: 90 εκ.<br />
<br />
        Υπέρδιπλο κρεβάτι: 160 εκ.<br />
<br />
        Διπλό κρεβάτι: 140 εκ.<br />
<br />
<b>Παροχές κτιρίου</b><br />
<br />
      Πλυντήριο<br />
      Θέση στάθμευσης<br />
      Ταράτσα<br />
<br />
<br />
<b>Άφιξη και συνεχής υποστήριξη πελατών</b><br><br />
Κατά τη διάρκεια της διαμονής σου, η ομάδα μας θα είναι διαθέσιμη για να σε βοηθήσει με οτιδήποτε χρειαστείς. Μέσω της ειδικής mobile εφαρμογής της Blueground έχεις συνεχή υποστήριξη, ενώ μπορείς ακόμη να προγραμματίσεις υπηρεσίες καθαρισμού, συντήρησης ή επισκευής, με το πάτημα ενός κουμπιού.<br />
<br />
<b>Ιδανική τοποθεσία</b><br />
<br />
Το Μαρούσι είναι μια καταπράσινη γειτονιά που βρίσκεται στα βόρεια προάστια, 14 χιλιόμετρα από το κέντρο της Αθήνας. Ως ένα από τα σημαντικότερα επιχειρηματικά κέντρα της πόλης, φιλοξενεί πολλές μεγάλες πολυεθνικές εταιρείες και οργανισμούς. Στη γειτονιά βρίσκεται επίσης το μεγαλύτερο δάσος της αστικής Αθήνας, η Δάσος Συγγρού, το Ολυμπιακό Αθλητικό Συγκρότημα της Αθήνας από τους Θερινούς Ολυμπιακούς Αγώνες του 2004. Το Mall Athens, ένα από τα μεγαλύτερα εμπορικά κέντρα της νοτιοανατολικής Ευρώπης, και το εμπορικό κέντρο Golden Hall αποτελούν επίσης το σπίτι του Αμαρουσίου. Η περιοχή εξυπηρετείται από τους σιδηροδρομικούς σταθμούς Μαρούσι και ΚΑΤ και από ένα δίκτυο λεωφορειακών γραμμών.",,"1",,"0","6",,,,,,,,,"0","1","2026-03-13","2",,"0","yes","yes","1","Αθήνα - Βόρεια Προάστια (Αττική)","Μαρούσι (Αθήνα - Βόρεια Προάστια)","1","105103","101","2111","106425",,"1","1","0","0","1","1219540872","https://m1.spitogatos.gr/359904639_1600x1200.jpg?v=20130730","https://m3.spitogatos.gr/359904671_1600x1200.jpg?v=20130730","https://m2.spitogatos.gr/359904685_1600x1200.jpg?v=20130730","https://m3.spitogatos.gr/359904701_1600x1200.jpg?v=20130730","https://m1.spitogatos.gr/359904720_1600x1200.jpg?v=20130730","https://m3.spitogatos.gr/359904740_1600x1200.jpg?v=20130730","https://m2.spitogatos.gr/359904760_1600x1200.jpg?v=20130730","https://m3.spitogatos.gr/359904776_1600x1200.jpg?v=20130730","https://m2.spitogatos.gr/359904793_1600x1200.jpg?v=20130730","https://m1.spitogatos.gr/359904807_1600x1200.jpg?v=20130730","https://m2.spitogatos.gr/359904826_1600x1200.jpg?v=20130730","https://m2.spitogatos.gr/359904841_1600x1200.jpg?v=20130730","https://m2.spitogatos.gr/359904856_1600x1200.jpg?v=20130730","https://m3.spitogatos.gr/359904872_1600x1200.jpg?v=20130730","https://m1.spitogatos.gr/359904891_1600x1200.jpg?v=20130730","https://m2.spitogatos.gr/359904910_1600x1200.jpg?v=20130730","https://m1.spitogatos.gr/359904930_1600x1200.jpg?v=20130730","https://m1.spitogatos.gr/359904948_1600x1200.jpg?v=20130730","https://m2.spitogatos.gr/359904958_1600x1200.jpg?v=20130730","https://m2.spitogatos.gr/359904976_1600x1200.jpg?v=20130730","https://m3.spitogatos.gr/359904992_1600x1200.jpg?v=20130730","https://m2.spitogatos.gr/359905009_1600x1200.jpg?v=20130730","https://m1.spitogatos.gr/359905026_1600x1200.jpg?v=20130730","https://m1.spitogatos.gr/359905044_1600x1200.jpg?v=20130730","https://m2.spitogatos.gr/359905060_1600x1200.jpg?v=20130730","1","0",,"0","38.042786","3","0","23.824251",,"0",,,"2026-07-24","0","0",,"0",,"1","3",,,"1","0","1",,"0","0","0","2100",,,"0","0","0","0","11.67",,,"1","3",,"1","0",,,,"3","0","1",,,"180","0",,"Vidali 14","1","3","0","2026-03-13","https://www.spitogatos.gr/en/property/1219540872","https://nodalview.com/s/2Xw7gdyyz5CBhvkZBuc2qh","0",,"2008",,
"1","1",,"simple","1",,,,,"0","0","0","0","2026-07-31","0","0","1","0","0",,,"house",,,,"1","Ξεκίνα να ζεις από την πρώτη μέρα, σε αυτό το μοντέρνα επιπλωμένο διαμέρισμα τριών υπνοδωματίων της Blueground στο κέντρο του Αμαρουσίου. Πλήρως εξοπλισμένο με έπιπλα μοναδικού design, ηλεκτρικές συσκευές τελευταίας τεχνολογίας.<br><br />
<br />
Η διαφημιζόμενη τιμή των €2,080/μήνα είναι η τιμή για 1 έτος, με ημερομηνία έναρξης Ιουλίου 30, 2026.<br />
<br>Οι τιμές διαφέρουν ανάλογα με τη διάρκεια παραμονής, την εποχικότητα και άλλους παράγοντες. Επισκεφθείτε τον ιστότοπό μας και εισάγετε τις ημερομηνίες διαμονής σας για να δείτε ενημερωμένες τιμές για την κράτησή σας. Η τιμή ισχύει μόνο με προκαταβολή· ενδέχεται να είναι υψηλότερη εάν πληρωθεί σε δόσεις.<br />
<br />
<b>Κλείστε αυτό το διαμέρισμα online!</b><br />
<br />
https://www.theblueground.com/p/furnished-apartments/ath-2182?utm_source=classified-4<br />
<br />
Aναβαθμίστε τη διαμονή σας με ένα πλήρως επιπλωμένο διαμέρισμα από τη Blueground:<br />
      – Επιπλωμένα σπίτια σε τιμές αντίστοιχες με τα ανεπίπλωτα<br />
      – Χωρίς κόστη εγκατάστασης ή αγοράς επίπλων - εξοικονομήστε χρόνο και χρήματα<br />
      – Έτοιμα για άμεση μετακόμιση - το μόνο που χρειάζεστε είναι η βαλίτσα σας<br />
<br />
<b>Ο χώρος</b><br><br />
Νιώσε σαν στο σπίτι σου σε αυτό το επιπλωμένο διαμέρισμα της Blueground με το μοναδικό design, τα μοντέρνα έπιπλα και την πλήρως εξοπλισμένη κουζίνα.<br />
Δες τις αγαπημένες σου ταινίες στη smart TV ή άκουσε δυνατά μουσική στα ασύρματα ηχεία τελευταίας τεχνολογίας. Ό,τι και να αποφασίσεις να κάνεις το μόνο σίγουρο είναι πως θα αγαπήσεις όλα όσα σου προσφέρει αυτό το κομψό διαμέρισμα.<br />
<br />
<b>Διαρρύθμιση δωματίων ύπνου</b><br />
    <br />
        Μονό κρεβάτι: 90 εκ.<br />
<br />
        Υπέρδιπλο κρεβάτι: 160 εκ.<br />
<br />
        Διπλό κρεβάτι: 140 εκ.<br />
<br />
<b>Παροχές κτιρίου</b><br />
<br />
      Ασανσέρ<br />
      Πισίνα<br />
      Πλυντήριο<br />
      Θέση στάθμευσης<br />
<br />
<br />
<b>Άφιξη και συνεχής υποστήριξη πελατών</b><br><br />
Κατά τη διάρκεια της διαμονής σου, η ομάδα μας θα είναι διαθέσιμη για να σε βοηθήσει με οτιδήποτε χρειαστείς. Μέσω της ειδικής mobile εφαρμογής της Blueground έχεις συνεχή υποστήριξη, ενώ μπορείς ακόμη να προγραμματίσεις υπηρεσίες καθαρισμού, συντήρησης ή επισκευής, με το πάτημα ενός κουμπιού.<br />
<br />
<b>Ιδανική τοποθεσία</b><br />
<br />
Το Μαρούσι είναι μια καταπράσινη γειτονιά που βρίσκεται στα βόρεια προάστια, 14 χιλιόμετρα από το κέντρο της Αθήνας. Ως ένα από τα σημαντικότερα επιχειρηματικά κέντρα της πόλης, φιλοξενεί πολλές μεγάλες πολυεθνικές εταιρείες και οργανισμούς. Στη γειτονιά βρίσκεται επίσης το μεγαλύτερο δάσος της αστικής Αθήνας, η Δάσος Συγγρού, το Ολυμπιακό Αθλητικό Συγκρότημα της Αθήνας από τους Θερινούς Ολυμπιακούς Αγώνες του 2004. Το Mall Athens, ένα από τα μεγαλύτερα εμπορικά κέντρα της νοτιοανατολικής Ευρώπης, και το εμπορικό κέντρο Golden Hall αποτελούν επίσης το σπίτι του Αμαρουσίου. Η περιοχή εξυπηρετείται από τους σιδηροδρομικούς σταθμούς Μαρούσι και ΚΑΤ και από ένα δίκτυο λεωφορειακών γραμμών.",,"1",,"1","1",,,,,,,,,"0","0","2026-06-29","6",,"0","yes","yes","0","Αθήνα - Βόρεια Προάστια (Αττική)","Μαρούσι (Αθήνα - Βόρεια Προάστια)","1","105103","101","2111",,,"1","2","0","0","1","1220258926","https://m2.spitogatos.gr/360085876_1600x1200.jpg?v=20130730","https://m1.spitogatos.gr/360085884_1600x1200.jpg?v=20130730","https://m1.spitogatos.gr/360085890_1600x1200.jpg?v=20130730","https://m1.spitogatos.gr/360085896_1600x1200.jpg?v=20130730","https://m3.spitogatos.gr/360085901_1600x1200.jpg?v=20130730","https://m1.spitogatos.gr/360085923_1600x1200.jpg?v=20130730","https://m3.spitogatos.gr/360085928_1600x1200.jpg?v=20130730","https://m3.spitogatos.gr/360085931_1600x1200.jpg?v=20130730","https://m1.spitogatos.gr/360085935_1600x1200.jpg?v=20130730","https://m1.spitogatos.gr/360085941_1600x1200.jpg?v=20130730","https://m1.spitogatos.gr/360085944_1600x1200.jpg?v=20130730","https://m2.spitogatos.gr/360085948_1600x1200.jpg?v=20130730","https://m1.spitogatos.gr/360085953_1600x1200.jpg?v=20130730","https://m1.spitogatos.gr/360085956_1600x1200.jpg?v=20130730","https://m2.spitogatos.gr/360085963_1600x1200.jpg?v=20130730","https://m2.spitogatos.gr/360085966_1600x1200.jpg?v=20130730","https://m2.spitogatos.gr/360085972_1600x1200.jpg?v=20130730","https://m3.spitogatos.gr/360085976_1600x1200.jpg?v=20130730","https://m1.spitogatos.gr/360085980_1600x1200.jpg?v=20130730","https://m2.spitogatos.gr/360085984_1600x1200.jpg?v=20130730","https://m1.spitogatos.gr/360085986_1600x1200.jpg?v=20130730","https://m2.spitogatos.gr/360085990_1600x1200.jpg?v=20130730","https://m3.spitogatos.gr/360085994_1600x1200.jpg?v=20130730","https://m3.spitogatos.gr/360085997_1600x1200.jpg?v=20130730","https://m3.spitogatos.gr/360086000_1600x1200.jpg?v=20130730","0","0",,"0","38.036499","1","0","23.814386",,"0",,,"2026-07-29","0","0","1","0",,"0","2",,,"1","0","0",,"0","1","0","2080",,,"0","0","0","0","21.22",,,"1","3",,"1","0",,,,"3","0","1",,,"98","0",,"Charavgis 17","1","1","0","2026-06-29","https://www.spitogatos.gr/en/property/1220258926","https://nodalview.com/s/3ZBXHtCKz2Jg51SX9UcQQw","0",,"2025",,
"1","3",,"simple","1",,,,,"0","0","0","0","2026-09-16","0","0","1","0","0",,,"house",,,,"1","Ανακάλυψε τα καλύτερα σημεία του Χαλανδρίου , με αυτό το όμορφο διαμέρισμα ενός υπνοδωματίου της Blueground. Προσφέρει μια πλήρως εξοπλισμένη κουζίνα, ένα εξαιρετικό καθιστικό. Επίσης, καθ’όλη τη διάρκεια της διαμονής σου θα έχεις τη δυνατότητα να επικοινωνήσεις εύκολα και άμεσα με την ομάδα υποστήριξης πελατών και να βρεις χρήσιμες πληροφορίες τόσο για το διαμέρισμά σου όσο και για τη γειτονιά μέσω της ειδικής mobile εφαρμογής.<br><br />
<br />
Η διαφημιζόμενη τιμή των €1,120/μήνα είναι η τιμή για 1 έτος, με ημερομηνία έναρξης Σεπτεμβρίου 15, 2026.<br />
<br>Οι τιμές διαφέρουν ανάλογα με τη διάρκεια παραμονής, την εποχικότητα και άλλους παράγοντες. Επισκεφθείτε τον ιστότοπό μας και εισάγετε τις ημερομηνίες διαμονής σας για να δείτε ενημερωμένες τιμές για την κράτησή σας. Η τιμή ισχύει μόνο με προκαταβολή· ενδέχεται να είναι υψηλότερη εάν πληρωθεί σε δόσεις.<br />
<br />
<b>Κλείστε αυτό το διαμέρισμα online!</b><br />
<br />
https://www.theblueground.com/p/furnished-apartments/ath-1753?utm_source=classified-4<br />
<br />
Aναβαθμίστε τη διαμονή σας με ένα πλήρως επιπλωμένο διαμέρισμα από τη Blueground:<br />
      – Επιπλωμένα σπίτια σε τιμές αντίστοιχες με τα ανεπίπλωτα<br />
      – Χωρίς κόστη εγκατάστασης ή αγοράς επίπλων - εξοικονομήστε χρόνο και χρήματα<br />
      – Έτοιμα για άμεση μετακόμιση - το μόνο που χρειάζεστε είναι η βαλίτσα σας<br />
<br />
<b>Ο χώρος</b><br><br />
Έπιπλα μοναδικού design, πλήρως εξοπλισμένη κουζίνα, smart TV ή/και ασύρματα ηχεία τελευταίας τεχνολογίας, είναι λίγες μόνο από τις ανέσεις που σου προσφέρει αυτό το διαμέρισμα ενός υπνοδωματίου της Blueground. Θα το αγαπήσεις όμως και για τη μοναδική του τοποθεσία, καθώς βρίσκεται σε ένα από τα πιο κεντρικά σημεία του Χαλανδρίου.<br />
<br />
<b>Διαρρύθμιση δωματίων ύπνου</b><br />
    <br />
        Διπλό κρεβάτι: 140 εκ.<br />
<br />
<b>Παροχές κτιρίου</b><br />
<br />
      Ασανσέρ<br />
      Πλυντήριο<br />
      Θέση στάθμευσης<br />
<br />
<br />
<b>Άφιξη και συνεχής υποστήριξη πελατών</b><br><br />
Κατά τη διάρκεια της διαμονής σου, η ομάδα μας θα είναι διαθέσιμη για να σε βοηθήσει με οτιδήποτε χρειαστείς. Μέσω της ειδικής mobile εφαρμογής της Blueground έχεις συνεχή υποστήριξη, ενώ μπορείς ακόμη να προγραμματίσεις υπηρεσίες καθαρισμού, συντήρησης ή επισκευής, με το πάτημα ενός κουμπιού.<br />
<br />
<b>Ιδανική τοποθεσία</b><br />
<br />
Το Χαλάνδρι είναι μια ζωντανή γειτονιά, που βρίσκεται στα βόρεια προάστια, μόλις 10 χιλιόμετρα από το κέντρο της Αθήνας. Το Χαλάνδρι είναι γνωστό για τις εμπορικές του συνοικίες και τη ζωντανή σκηνή των μπαρ. Η περιοχή φιλοξενεί πολλές μεγάλες πολυεθνικές εταιρείες, οργανισμούς και πρεσβείες. Εξυπηρετείται από τους σταθμούς του μετρό Χαλάνδρι & Αγία Παρασκευή, καθώς και από συνδέσεις με λεωφορεία, ενώ έχει εύκολη πρόσβαση στην Αττική Οδό.",,"1",,"1","4",,,,,,,,,"0","1","2026-06-26","8",,"0","yes","yes","0","Αθήνα - Βόρεια Προάστια (Αττική)","Χαλάνδρι (Αθήνα - Βόρεια Προάστια)","1","105103","101","2122",,,"1","1","0","0","1","1220229551","https://m3.spitogatos.gr/359911934_1600x1200.jpg?v=20130730","https://m2.spitogatos.gr/359911957_1600x1200.jpg?v=20130730","https://m3.spitogatos.gr/359911973_1600x1200.jpg?v=20130730","https://m2.spitogatos.gr/359911990_1600x1200.jpg?v=20130730","https://m2.spitogatos.gr/359912008_1600x1200.jpg?v=20130730","https://m2.spitogatos.gr/359912026_1600x1200.jpg?v=20130730","https://m2.spitogatos.gr/359912047_1600x1200.jpg?v=20130730","https://m2.spitogatos.gr/359912059_1600x1200.jpg?v=20130730","https://m3.spitogatos.gr/359912078_1600x1200.jpg?v=20130730","https://m3.spitogatos.gr/359912096_1600x1200.jpg?v=20130730","https://m2.spitogatos.gr/359912110_1600x1200.jpg?v=20130730","https://m2.spitogatos.gr/359912131_1600x1200.jpg?v=20130730","https://m2.spitogatos.gr/359912146_1600x1200.jpg?v=20130730","https://m3.spitogatos.gr/359912159_1600x1200.jpg?v=20130730","https://m2.spitogatos.gr/359912173_1600x1200.jpg?v=20130730","https://m1.spitogatos.gr/359912187_1600x1200.jpg?v=20130730","https://m1.spitogatos.gr/359912199_1600x1200.jpg?v=20130730","https://m1.spitogatos.gr/359912214_1600x1200.jpg?v=20130730","https://m1.spitogatos.gr/359912232_1600x1200.jpg?v=20130730","https://m1.spitogatos.gr/359912247_1600x1200.jpg?v=20130730","https://m1.spitogatos.gr/359912262_1600x1200.jpg?v=20130730","https://m1.spitogatos.gr/359912274_1600x1200.jpg?v=20130730","https://m2.spitogatos.gr/359912281_1600x1200.jpg?v=20130730","https://m3.spitogatos.gr/359912288_1600x1200.jpg?v=20130730","https://m1.spitogatos.gr/359912295_1600x1200.jpg?v=20130730","0","0",,"0","38.029282","1","0","23.81039",,"0",,,"2026-07-24","0","0",,"0",,"1","1",,,"1","0","1",,"0","0","0","1120",,,"0","0","0","0","17.23",,,"1","3","6","1","0",,,,"1","0","1",,,"65","1",,"Rodon 7","1","1","0","2026-06-26","https://www.spitogatos.gr/en/property/1220229551","https://nodalview.com/s/3z5CmkXKP1aumVh9ia8Zkc","0",,"2010",,
