"AC","Floor Level","accessibleForDisabled","adType_code","adType_id","agentEmployee_firstName","agentEmployee_id","agentEmployee_lastName","agentEmployee_telephone","airy","alarm","attic","auction","availability","availableForDailyRent","awning","balcony","balconyArea","bright","builtInBBQ","byTheSea","category","caveBuilding","commonExpenses","contactEnquirer_id","corner","description","distanceSea","doubleGlass","electricCarChargingFacilities","elevator","energyClass","enquirerId","enquirer_blocked","enquirer_contactHours","enquirer_email","enquirer_enquirerId","enquirer_firstName","enquirer_lastName","enquirer_telephone","facade","fireplace","firstPublishDate","floorNumber","floorType","forCommercialUse","furnished","garage","garden","geographiesByLevel_2_fullName","geographiesByLevel_4_fullName","geographyParentIds_0","geographyParentIds_1","geographyParentIds_2","geographyParentIds_4","geographyParentIds_5","glassType","heatingController","heatingMedium","heatingUnderFloor","holidayHome","host_id","id","images/0","images/1","images/2","images/3","images/4","images/5","images/6","images/7","images/8","images/9","images/10","images/11","images/12","images/13","images/14","images/15","images/16","images/17","images/18","images/19","images/20","images/21","images/22","images/23","images/24","internal_stairs","investment","joinery","kitchens","latitude","levels","livingRooms","longitude","lotSize","luxHome","mannedReception","medicalOffice","modified","negotiablePrice","neoclassic","newDevelopment","nightPower","noAgentFee","no_of_WC","no_of_bathrooms","numberOfFloors","orientation","painted","penthouse","pestNet","petsAllowed","playroom","pool","preserved","price","priceChangeDate","priceChangePercentage","priceIncludesInternet","priceIncludesPower","priceIncludesSharedExp","priceIncludesWater","pricePerSqMeters","pricePreReduction","priceReduced","propertyPublishingOptionIds/0","propertyPublishingOptionIds/1","propertyPublishingOptionIds/2","published","renovated","renovationYear","requiresRenovation","road_type","rooms","satelite","secure_door","solar_heater","sq_meters","storage","storageArea","streetAddress","studentHome","subtype","unfinished","uploaded","url","vTourUrl","view","wholeFloorApartment","year_of_construction","youtubeVideoId","zoning"
"0","4",,"prime","3",,,,,"1","0","0","0","2026-03-11","0","1","1","90","1","0",,"house","0","70",,"1","Αρχοντικό διαμέρισμα 2 επιπέδων με δώμα & ιδιωτική ταράτσα – Αγία Παρασκευή<br />
<br />
Σε μία από τις πλέον προνομιακές περιοχές της Αγίας Παρασκευής, σε άμεση γειτνίαση με το Αμερικανικό Κολλέγιο και σε κοντινή απόσταση από την οδό Αγίου Ιωάννου με την άριστα οργανωμένη αγορά και τα ατμοσφαιρικά καταστήματα της περιοχής, διατίθεται προς ενοικίαση ένα ιδιαίτερο αρχοντικό διαμέρισμα δύο επιπέδων, που συνδυάζει άνεση, λειτουργικότητα και ποιότητα ζωής.<br />
Το ακίνητο αναπτύσσεται σε συνολικά 180 τ.μ., είναι κατασκευής 1980 και καταλαμβάνει τον 4ο και 5ο όροφο πενταώροφης πολυκατοικίας. Το διαμέρισμα έχει ανακαινιστεί σχεδόν πλήρως σε δύο φάσεις, η πρώτη το 2010 και η δεύτερη τελειώνει μέσα στις επόμενες ημέρες, ενώ είναι και φρεσκοβαμμένο.<br />
Το κυρίως διαμέρισμα των 155 τ.μ. υποδέχεται τον επισκέπτη με ένα πολύ ευρύχωρο και φωτεινό καθιστικό με τζάκι, ιδανικό για στιγμές χαλάρωσης και φιλοξενίας. Οι μεγάλες μπαλκονόπορτες εξασφαλίζουν άπλετο φυσικό φως καθ’ όλη τη διάρκεια της ημέρας, ενώ η μεγάλη περιμετρική βεράντα προσφέρει ανεμπόδιστη αστική θέα.<br />
Η διαρρύθμιση περιλαμβάνει δύο κύρια υπνοδωμάτια με μεγάλες εντοιχισμένες ντουλάπες, καθώς και ένα τρίτο δωμάτιο, ιδανικό ως γραφείο, playroom ή επιπλέον υπνοδωμάτιο. Το διαμέρισμα διαθέτει μπάνιο, WC με ντουζιέρα, καθώς και αυτόνομη ανακαινισμένη κουζίνα με δική της βεράντα.<br />
Στον 5ο όροφο βρίσκεται ένα εντυπωσιακό δώμα 25 τ.μ., προσβάσιμο μέσω εσωτερικής σκάλας, με κουζινάκι και WC, καθώς και ιδιόκτητο χώρο 50 τ.μ. στην ταράτσα. Ένας μοναδικός χώρος με ανεμπόδιστη θέα, ιδανικός τόσο για κοινωνικές στιγμές τα καλοκαιρινά βράδια όσο και για απόλυτη ηρεμία και ιδιωτικότητα.<br />
Παροχές & χαρακτηριστικά:<br />
•	Πόρτα ασφαλείας<br />
•	Αυτόνομη θέρμανση φυσικού αερίου<br />
•	Ηλιακός θερμοσίφωνας & Boiler<br />
•	Ολοκαίνουργια κουφώματα αλουμινίου με διπλά τζάμια & σίτες<br />
•	Εσωτερική αποθήκη<br />
•	Θέση στάθμευσης<br />
Το ακίνητο αποτελεί εξαιρετική επιλογή μίσθωσης σε μία από τις πιο περιζήτητες περιοχές της Αγίας Παρασκευής, με άμεση πρόσβαση σε δημόσια και ιδιωτικά σχολεία (Αμερικανικό Κολλέγιο, Γαλλικό Σχολείο κ.ά.), πλήρη συγκοινωνιακή κάλυψη και εύκολη σύνδεση με όλους τους βασικούς οδικούς άξονες μέσω της Αττικής Οδού.",,,"0","1","6",,,,,,,,,"1","1","2026-03-11","9","10","0","no","yes","1","Αθήνα - Βόρεια Προάστια (Αττική)","Αγία Παρασκευή (Αθήνα - Βόρεια Προάστια)","1","105103","101","2101","329486","Double","1","2","0","0","1","1219525771","https://m2.spitogatos.gr/347409412_1600x1200.jpg?v=20130730","https://m2.spitogatos.gr/347409418_1600x1200.jpg?v=20130730","https://m2.spitogatos.gr/347409421_1600x1200.jpg?v=20130730","https://m1.spitogatos.gr/347409423_1600x1200.jpg?v=20130730","https://m3.spitogatos.gr/347409425_1600x1200.jpg?v=20130730","https://m3.spitogatos.gr/347409428_1600x1200.jpg?v=20130730","https://m2.spitogatos.gr/347409430_1600x1200.jpg?v=20130730","https://m2.spitogatos.gr/347409433_1600x1200.jpg?v=20130730","https://m3.spitogatos.gr/347409437_1600x1200.jpg?v=20130730","https://m1.spitogatos.gr/347409438_1600x1200.jpg?v=20130730","https://m3.spitogatos.gr/347409440_1600x1200.jpg?v=20130730","https://m1.spitogatos.gr/347409441_1600x1200.jpg?v=20130730","https://m1.spitogatos.gr/347409444_1600x1200.jpg?v=20130730","https://m2.spitogatos.gr/347409445_1600x1200.jpg?v=20130730","https://m1.spitogatos.gr/347409447_1600x1200.jpg?v=20130730","https://m3.spitogatos.gr/347409449_1600x1200.jpg?v=20130730","https://m3.spitogatos.gr/347409452_1600x1200.jpg?v=20130730","https://m1.spitogatos.gr/347409453_1600x1200.jpg?v=20130730","https://m3.spitogatos.gr/347409455_1600x1200.jpg?v=20130730","https://m3.spitogatos.gr/347409458_1600x1200.jpg?v=20130730","https://m1.spitogatos.gr/347409459_1600x1200.jpg?v=20130730","https://m1.spitogatos.gr/347409462_1600x1200.jpg?v=20130730","https://m3.spitogatos.gr/347409464_1600x1200.jpg?v=20130730","https://m3.spitogatos.gr/347409467_1600x1200.jpg?v=20130730","https://m2.spitogatos.gr/347409469_1600x1200.jpg?v=20130730","1","1","2","1","38.004852","2","1","23.828529",,,"0","0","2026-07-10","0","0",,"1",,"2","1","4","7","1","1",,,"1","0","0","1700",,,"0","0","0","0","9.44",,,"1","6",,"1","1","2025","0","1","3",,"1","1","180","1",,,"0","1","0","2026-03-11","https://www.spitogatos.gr/en/property/1219525771",,"1","0","1980",,"residential"
"1","1",,"up","2",,,,,,"1",,"0","2026-06-14","0","1","1","0","1",,,"house",,,,,"Εξαιρετικό πλήρως επιπλωμένο διαμέρισμα και εξοπλισμένο με όλες τις ηλεκτρικές συσκευές. Αποτελείται από 1 φωτεινότατο σαλονι με τζάκι, ξεχωριστή άνετη κουζίνα, 2 ευάερα υπνοδωμάτια, 1 μπάνιο με τζακούζι και 1 wc. Διαθέτει κουφώματα αλουμινίου με διπλά τζάμια και σιτες, μεγάλες βεράντες με τέντες, 1 θέση υπογείου πάρκινγκ και 1 αποθήκη. Βρίσκεται πολυ κοντά στο Deree, σε στάση Λεωφορείων και σε Κόμβο της Αττικής Οδού. Όχι κατοικίδια. Τηλ επικοινωνίας 6946879906",,,,"1","5",,,,,,,,,"1","1","2026-06-14","6",,,"yes","yes",,"Αθήνα - Βόρεια Προάστια (Αττική)","Αγία Παρασκευή (Αθήνα - Βόρεια Προάστια)","1","105103","101","2101","329486",,"1","2",,,"1","1220117761","https://m3.spitogatos.gr/359825957_1600x1200.jpg?v=20130730","https://m2.spitogatos.gr/362647306_1600x1200.jpg?v=20130730","https://m3.spitogatos.gr/357181490_1600x1200.jpg?v=20130730","https://m2.spitogatos.gr/357181492_1600x1200.jpg?v=20130730","https://m1.spitogatos.gr/359825964_1600x1200.jpg?v=20130730","https://m3.spitogatos.gr/357181493_1600x1200.jpg?v=20130730","https://m3.spitogatos.gr/357181496_1600x1200.jpg?v=20130730","https://m3.spitogatos.gr/362647307_1600x1200.jpg?v=20130730","https://m1.spitogatos.gr/357181497_1600x1200.jpg?v=20130730","https://m2.spitogatos.gr/359825965_1600x1200.jpg?v=20130730",,,,,,,,,,,,,,,,,,"2","1","38.004498","1","1","23.830547",,,,,"2026-07-29","1",,,,,"1","1",,,,,"1",,,,,"1500",,,"0","0","0","0","15.63",,,"1",,,"1",,,,,"2",,"1",,"96","1",,,,"1",,"2026-06-14","https://www.spitogatos.gr/en/property/1220117761",,,,"2005",,
"0","2","no","up","2","DCI Real Estate Agent","44321","AT","6971994204","0","0","0","0","2026-06-03","0","0","1","20","1",,,"house",,,,"0","Διαμέρισμα 2ου ορόφου, εμβαδού 75τ.μ., με δύο Υπνοδωμάτια κοντα Μετρο Χολαργού σε απόσταση 500 μ. (5 λεπτά με τα πόδια)<br />
<br />
<br />
ΔΕΝ διατίθεται θέση στάθμευσης και αποθήκη.<br />
<br />
ΔΕΝ διατίθεται για επαγγελματική χρήση βάσει απαγόρευσης κανονισμού πολυκατοικίας.<br />
<br />
ΔΕΝ επιτρέπονται τα κατοικίδια.<br />
<br />
<br />
Σημαντικά πλεονεκτήματα του ακινήτου είναι :<br />
1. Η θέση του καθώς βρίσκεται σε απόσταση 5 λεπτών (500 μ.) από το μετρό Χολαργού<br />
2.  Το μεγάλο και άνετο μπαλκόνι (πλάτος 2 μ. Χ μήκος 10 μ.)<br />
3. Ο ΝότιοΔυτικός προσανατολισμός των 3 δωματίων (Καθιστικό και Υπνοδωμάτια) ο οποίος είναι Νοτιοδυτικός και άρα αναμένεται να δέχεται πλούσιο φυσικό φως από τις 12.00 το μεσημέρι και μέχρι τη Δύση του Ήλιου<br />
<br />
Στο παρελθόν ολοκληρώθηκαν οι παρακάτω εργασίες ανακαίνισης :<br />
1.	Θωρακισμένη πόρτα ασφαλείας (Σεπτέμβριος 2024)<br />
2.	Ξυλουργικά Κουζίνας (2010), μπαταρία (2024)<br />
3.	Στο Μπάνιο έγινε επισμάλτωση μπανιέρας και έχει αντικατασταθεί η μπαταρία της όπως και αυτή του νιπτήρα (Σεπτέμβριος 2024)<br />
<br />
Υποδείξεις γίνονται καθημερινές απογεύματα αλλά και τα ΣΚ σε διευρημένο ωράριο.<br />
<br />
ΑΠΑΡΑΙΤΗΤΗ ΠΡΟΥΠΟΘΕΣΗ για την υπόδειξη του ακινήτου είναι : η αποστολή των στοιχείων του αγοραστή στο e-mail dci-realestate@outlook.com ώστε να προηγηθεί η αποστολή και η αποδοχή/υπογραφή της ψηφιακής εντολής υπόδειξης <br />
<br />
<br />
Η διαμόρφωση των χώρων περιλαμβάνει: μεγάλο χωλ, σαλόνι/τραπεζαρία, ξεχωριστή κουζίνα, 2 υπνοδωμάτια και 1 μεγάλο μπάνιο. <br />
<br />
<br />
Η θέρμανση της πολυκατοικίας λειτουργεί και επιτυγχάνεται με κεντρικό σύστημα πετρελαίου. <br />
<br />
<br />
Τα κουφώματα είναι αλουμινίου δεκαετίας 1980 με μονό τζάμι, συρρόμενα.<br />
<br />
<br />
Απαιτούμενες οικονομικές απαιτήσεις για την σύναψη συμφωνητικού είναι η καταβολή τριών μισθωμάτων, τα οποία αναλύονται σύμφωνα με τα παρακάτω :<br />
1.          Ένα Μίσθωμα + ΦΠΑ ως αμοιβή γραφείου <br />
2.          Ένα Μίσθωμα μηνός για τον πρώτο μήνα<br />
3.          Ένα Μίσθωμα ως εγγύηση<br />
<br />
Το έτος κατασκευής του κτιρίου είναι το 1972.<br />
<br />
<br />
Το ακίνητο διατίθεται αποκλειστικά από το γραφείο μας.<br />
<br />
 Για την υπόδειξη του ακινήτου είναι απαραίτητη η υπόδειξη της αστυνομικής ταυτότητας και του Α.Φ.Μ. σας σύμφωνα με τον Ν.4072/11-4-2012 ΦΕΚ 86Α.<br />
Μεσιτικό γραφείο DCI Real Estate",,"0",,"1","8",,,,,,,,,"1","0","2026-06-03","7","6","0","no","no","0","Αθήνα - Βόρεια Προάστια (Αττική)","Χολαργός (Αθήνα - Βόρεια Προάστια)","1","105103","101","2123","202317",,"2","1","0","0","1","1219999087","https://m2.spitogatos.gr/355486219_1600x1200.jpg?v=20130730","https://m1.spitogatos.gr/355486224_1600x1200.jpg?v=20130730","https://m1.spitogatos.gr/355486227_1600x1200.jpg?v=20130730","https://m2.spitogatos.gr/355486231_1600x1200.jpg?v=20130730","https://m2.spitogatos.gr/355486234_1600x1200.jpg?v=20130730","https://m2.spitogatos.gr/355486240_1600x1200.jpg?v=20130730","https://m1.spitogatos.gr/355486245_1600x1200.jpg?v=20130730","https://m1.spitogatos.gr/355486251_1600x1200.jpg?v=20130730","https://m1.spitogatos.gr/355486254_1600x1200.jpg?v=20130730","https://m2.spitogatos.gr/355486258_1600x1200.jpg?v=20130730","https://m2.spitogatos.gr/355486261_1600x1200.jpg?v=20130730","https://m2.spitogatos.gr/355486264_1600x1200.jpg?v=20130730","https://m2.spitogatos.gr/355486267_1600x1200.jpg?v=20130730",,,,,,,,,,,,,"0","0","2","1","38.001419","1","1","23.794741",,"0",,,"2026-07-27","0","0",,"0",,"0","1",,,"1","0","0",,"0","0","0","750","2026-07-15 20:35:37","5","0","0","0","0","10","790","true","1","3","6","1","0",,"0","1","2","0","1","0","75","0",,,"0","1","0","2026-06-03","https://www.spitogatos.gr/en/property/1219999087",,"0",,"1972",,"residential"
"0","2","no","up","2",,,,,"1","0","0","0","2026-09-01","0","1","0","0","1","0","false","house",,,,"0","<br>Κωδικός ακινήτου: 1-296 - Αγία Παρασκευή - ΕΝΟΙΚΙΑΖΕΤΑΙ - (Σε αποκλειστική διάθεση του γραφείου μας). <br>Διαμέρισμα προσόψεως 2ου ορόφου, διαμπερές, συνολικής επιφάνειας 107 τ.μ. Σε πολύ καλή κατάσταση, φωτεινό. <br>Αποτελείται από 3 υπνοδωμάτια, μεγάλο σαλόνι, κλειστή κουζίνα, μπάνιο, WC, βεράντες με τέντες, 2 θέσεις στάθμευσης, αποθήκη, πατάρια. <br>Διαθέτει θέρμανση αυτόνομη - φυσικού αερίου, κουφώματα αλουμινίου με διπλά τζάμια, πατώματα από μάρμαρο και ξύλο, πόρτα ασφαλείας, εντοιχιζόμενες ντουλάπες, θυροτηλεόραση. Υπάρχει ασανσέρ και έχουν περαστεί οπτικές ίνες. <br>Βρίσκεται σε όμορφη και ήσυχη γειτονιά κοντά σε σχολεία και αγορά. Σε απόσταση 100 μέτρα από στάση λεωφορείου και 900 μέτρα από στάση μετρό. Απόσταση από θάλασσα 10000 μέτρα. Απόσταση από αεροδρόμιο 15000 μέτρα. <br>Τιμή: 1.100 €<br> <br>Η τοποθεσία του ακινήτου εμφανίζεται κατά προσέγγιση. <br />
Τηλ. επικοινωνίας: 2109650944  <br />
Κινητό: 6981702711 (λειτουργεί και ως viber / WhatsApp / Telegram) <br />
email: info@akinitapanou.com<br />
Κατά την υπόδειξη του ακινήτου χρειάζεται να υποδεικνύεται η ταυτότητά σας βάσει του νόμου Ν.4072/2012 . <br />
www.akinitapanou.com<br />
Ακολουθήστε μας στα social media στους παρακάτω λογαριασμούς:<br />
youtube: https://www.youtube.com/@akinitapanoucom<br />
facebook: https://www.facebook.com/eleftheria.panou.3/<br />
instagram: https://www.instagram.com/eleftheria_akinitapanou_<br />
tik tok: https://www.tiktok.com/@eleftheria_real_estate<br />
threads: https://www.threads.com/@eleftheria_akinitapanou_<br />
X: https://x.com/akinitapanoucom?t=k2WSq0xu0SKSpz1Bi0L77w&s=09<br />
Linkedln: https://www.linkedin.com/in/akinitapanouep","10000",,,"1","5",,,,,,,,,"1","0","2026-07-25","7","6","0","no","yes","1","Αθήνα - Βόρεια Προάστια (Αττική)","Αγία Παρασκευή (Αθήνα - Βόρεια Προάστια)","1","105103","101","2101","329489","Double","1","2","0","0","1","1220486868","https://m2.spitogatos.gr/363236443_1600x1200.jpg?v=20130730","https://m1.spitogatos.gr/363236445_1600x1200.jpg?v=20130730","https://m3.spitogatos.gr/363236447_1600x1200.jpg?v=20130730","https://m2.spitogatos.gr/363236449_1600x1200.jpg?v=20130730","https://m1.spitogatos.gr/363236451_1600x1200.jpg?v=20130730","https://m3.spitogatos.gr/363236453_1600x1200.jpg?v=20130730","https://m2.spitogatos.gr/363236455_1600x1200.jpg?v=20130730","https://m3.spitogatos.gr/363236459_1600x1200.jpg?v=20130730","https://m2.spitogatos.gr/363236464_1600x1200.jpg?v=20130730","https://m3.spitogatos.gr/363236468_1600x1200.jpg?v=20130730","https://m2.spitogatos.gr/363236470_1600x1200.jpg?v=20130730","https://m1.spitogatos.gr/363236472_1600x1200.jpg?v=20130730","https://m3.spitogatos.gr/363236474_1600x1200.jpg?v=20130730","https://m2.spitogatos.gr/363236476_1600x1200.jpg?v=20130730",,,,,,,,,,,,"0","0","2","1","38.006577",,"1","23.817186",,"0",,,"2026-07-26","0","0",,"0",,"1","1",,,"1","0","0",,"0","0","0","1100",,,"0","0","0","0","10",,,"1","3","6","1","0",,"0","7","3","0","1","0","110","1",,"Ηπείρου 71, 153 41, Αγία Παρασκευή","0","1","0","2026-07-25","https://www.spitogatos.gr/en/property/1220486868",,"0","0","1985",,"residential"
"0","5","no","up","2",,,,,"0","1","0","0","2026-08-10","0","1","0","0","1","0",,"house",,"40",,"0","<br>Σε μία από τις πιο ήσυχες και καταπράσινες γειτονιές του Χολαργού, διατίθεται προς ενοικίαση μοναδικό ρετιρέ οροφοδιαμέρισμα 95 τ.μ., στον 5ο όροφο προσεγμένης πολυκατοικίας. Κατασκευής 1978 και πλήρως ανακαινισμένο το 2008 με υλικά υψηλής ποιότητας, το ακίνητο διατηρείται σε εξαιρετική κατάσταση και προσφέρει έναν ιδανικό συνδυασμό αισθητικής, λειτουργικότητας και άνεσης.Η κατοικία είναι διαμπερής, λούζεται από φυσικό φως καθ\' όλη τη διάρκεια της ημέρας και περιβάλλεται από ενιαίο περιμετρικό μπαλκόνι στις τρεις πλευρές της, προσφέροντας ανεμπόδιστη πανοραμική θέα στον αττικό ορίζοντα και στα βουνά της Αθήνας. Οι μεγάλες μπαλκονόπορτες με σύγχρονα κουφώματα αλουμινίου, διπλά ενεργειακά τζάμια, σίτες, στόρια και ηλεκτρικές τέντες δημιουργούν ιδανικές συνθήκες άνεσης και φυσικού φωτισμού.Η εσωτερική διαρρύθμιση περιλαμβάνει ευρύχωρο χώρο υποδοχής και καθιστικού με ενεργειακό αερόθερμο τζάκι, ανεξάρτητη κουζίνα υψηλών προδιαγραφών με πάγκο Corian και πλήρως εντοιχισμένες ηλεκτρικές συσκευές Küppersbusch (φούρνο, φούρνο μικροκυμάτων, πλυντήριο πιάτων, κεραμικές εστίες και απορροφητήρα), καθώς και διακριτικό χωνευτό φωτισμό. Διαθέτει δύο άνετα υπνοδωμάτια, κεντρικό μπάνιο, δύο πατάρια και επιπλέον βοηθητικό χώρο, ο οποίος μπορεί να αξιοποιηθεί ως WC επισκεπτών, laundry room ή αποθήκη. Τα δάπεδα είναι επενδυμένα με ποιοτικά πλακίδια σε όλους τους χώρους.Ο εξοπλισμός του ακινήτου περιλαμβάνει αυτόνομη θέρμανση φυσικού αερίου με νέο ατομικό λέβητα, κλιματιστικές μονάδες σε όλους τους χώρους, ηλιακό θερμοσίφωνα, ενεργειακό τζάκι, πόρτα ασφαλείας, σύστημα συναγερμού και θυροτηλεόραση, εξασφαλίζοντας υψηλό επίπεδο άνεσης, ενεργειακής απόδοσης και ασφάλειας.Στο μίσθωμα περιλαμβάνεται ιδιωτική θέση στάθμευσης στην πιλοτή της πολυκατοικίας με αυτόματη γκαραζόπορτα, με δυνατότητα φιλοξενίας έως δύο αυτοκινήτων μεσαίου μεγέθους και μίας μοτοσυκλέτας.Η πολυκατοικία διαθέτει ανελκυστήρα και ασφαλή κεντρική είσοδο με αυτόματο κλείδωμα.Το ακίνητο βρίσκεται μόλις 700 μέτρα από τον σταθμό Μετρό Νομισματοκοπείο (Γραμμή 3), προσφέροντας άμεση πρόσβαση στο κέντρο της Αθήνας και στο αεροδρόμιο. Σε πολύ μικρή απόσταση βρίσκονται σούπερ μάρκετ, σχολεία, το Δημοτικό Στάδιο Χολαργού, χώροι πρασίνου και το νοσοκομείο Metropolitan General.Μία κατοικία που ξεχωρίζει για την ανεμπόδιστη θέα, την ιδιωτικότητα, την ποιοτική ανακαίνιση και τον πλήρη εξοπλισμό της, ιδανική για απαιτητικούς ενοικιαστές που αναζητούν μία κατοικία υψηλών προδιαγραφών σε προνομιακή τοποθεσία. <br>",,,,"1","6",,,,,,,,,"0","0","2026-07-15","10","4","0","no","yes","0","Αθήνα - Βόρεια Προάστια (Αττική)","Χολαργός (Αθήνα - Βόρεια Προάστια)","1","105103","101","2123","202317","Double","1","2","0","0","1","1220394090","https://m2.spitogatos.gr/361971241_1600x1200.jpg?v=20130730","https://m3.spitogatos.gr/361971251_1600x1200.jpg?v=20130730","https://m1.spitogatos.gr/361971258_1600x1200.jpg?v=20130730","https://m2.spitogatos.gr/361971262_1600x1200.jpg?v=20130730","https://m3.spitogatos.gr/361971266_1600x1200.jpg?v=20130730","https://m1.spitogatos.gr/361971270_1600x1200.jpg?v=20130730","https://m2.spitogatos.gr/361971274_1600x1200.jpg?v=20130730","https://m1.spitogatos.gr/361971282_1600x1200.jpg?v=20130730","https://m1.spitogatos.gr/361971288_1600x1200.jpg?v=20130730","https://m2.spitogatos.gr/361971295_1600x1200.jpg?v=20130730","https://m1.spitogatos.gr/361971300_1600x1200.jpg?v=20130730","https://m2.spitogatos.gr/361971304_1600x1200.jpg?v=20130730","https://m3.spitogatos.gr/361971308_1600x1200.jpg?v=20130730","https://m3.spitogatos.gr/361971314_1600x1200.jpg?v=20130730","https://m1.spitogatos.gr/361971318_1600x1200.jpg?v=20130730","https://m1.spitogatos.gr/361971321_1600x1200.jpg?v=20130730","https://m2.spitogatos.gr/361971325_1600x1200.jpg?v=20130730","https://m3.spitogatos.gr/361971329_1600x1200.jpg?v=20130730","https://m3.spitogatos.gr/361971332_1600x1200.jpg?v=20130730","https://m1.spitogatos.gr/361971333_1600x1200.jpg?v=20130730","https://m2.spitogatos.gr/361971334_1600x1200.jpg?v=20130730",,,,,"0","0","2","1","38.004044",,"1","23.806759",,"1",,,"2026-07-25","0","0",,"1",,"0","1",,,"1","1","1",,"0","0","0","1200",,,"0","0","0","0","12.63",,,"1","3","6","1","1","2008","0","2","2","0","1","1","95","1",,"Εθνικής Αντιστάσεως 38, 155 62, Χολαργός","0","1","0","2026-07-15","https://www.spitogatos.gr/en/property/1220394090",,"1","1","1978",,"residential"
"1","Upper Ground",,"up","2",,,,,"1",,,"0","2026-06-11","0",,"1","0","1",,,"house",,,,,"ΧΟΛΑΡΓΟΣ Ενοικιάζεται  οροφοδιαμέρισμα 114τμ υπερυψωμένου ισογείου.  Βρίσκεται σε προσεγμένο τριώροφο κτίριο και  έχει δύο υπνοδωμάτια ,χωλ, καθιστικό μπάνιο και μεγάλη κουζίνα. Εξω από την κουζίνα υπάρχει αποθήκη στην οποία μπορεί να μπει πλυντήριο ρούχων και στεγνωτήριο. Είναι διαμπερές και έχει  άνετη βεράντα που βλέπει σε όμορφο κήπο τόσο στην πρόσοψη όσο και στην πίσω πλευρά του οικοπέδου.   <br />
Το διαμέρισμα διαθέτει επίσης  ξύλινα κουφώματα με διπλά τζάμια, κλιματιστικά inverter ψύξης θέρμανσης σε όλα τα δωμάτια και οπτική ίνα , ενώ δεν επιβαρύνεται με  κοινόχρηστα , γιατί έχει δική του ανεξάρτητη είσοδο.  Βρισκεται στον Άνω Χολαργό σε πολύ ήσυχη γειτονιά  και δίνει την αίσθηση μονοκατοικίας. Ιδανικό για ζευγάρια ή οικογένειες Τιμή : 1050 ευρώ  (Α.Κ)<br />
Μεσιτικό Σωτηρία Δογορίτου 6955484788 περισσότερα ακίνητα στο site dogoritou-realestate.gr<br />
mail  s.dogoritou@gmail.com<br />
CHOLARGOS 114sqm raised ground floor apartment for rent. It is located in a neat three-story building and has two bedrooms, a hall, a living room, a bathroom and a large kitchen. Outside the kitchen there is a storage room in which a washing machine and a dryer can be placed. It is bright and has a comfortable veranda that overlooks a beautiful garden on both the front and back sides of the plot.<br />
The apartment also has wooden frames with double glazing, inverter air conditioners for cooling and heating in all rooms and fiber optics, while it is not burdened with communal fees, because it has its own independent entrance. It is located in Ano Cholargos in a very quiet neighborhood and gives the feeling of a detached house. Ideal for couples or families Price: 1050 euros (A.K)<br />
Real Estate Sotiria Dogoritou 6955484788 more properties on the site dogoritou-realestate.gr<br />
mail s.dogoritou@gmail.com",,,,,"6",,,,,,,,,"1",,"2026-06-11","4","5","1",,,"1","Αθήνα - Βόρεια Προάστια (Αττική)","Χολαργός (Αθήνα - Βόρεια Προάστια)","1","105103","101","2123","106271","Double","4","4",,,"1","1220100154","https://m2.spitogatos.gr/356903719_1600x1200.jpg?v=20130730","https://m1.spitogatos.gr/356903739_1600x1200.jpg?v=20130730","https://m1.spitogatos.gr/356903829_1600x1200.jpg?v=20130730","https://m1.spitogatos.gr/356903865_1600x1200.jpg?v=20130730","https://m3.spitogatos.gr/356903909_1600x1200.jpg?v=20130730","https://m1.spitogatos.gr/356903958_1600x1200.jpg?v=20130730","https://m3.spitogatos.gr/356905823_1600x1200.jpg?v=20130730","https://m1.spitogatos.gr/356904030_1600x1200.jpg?v=20130730","https://m3.spitogatos.gr/356904047_1600x1200.jpg?v=20130730",,,,,,,,,,,,,,,,,,,"1","1","37.994884","1","1","23.805925",,,,,"2026-07-26","0",,,,,"0","1","3","3","1",,,,,,,"1050",,,"0","0","0","0","9.21",,,"1","6",,"1",,,,"1","2",,,,"114",,,,,"1",,"2026-06-11","https://www.spitogatos.gr/en/property/1220100154",,,,"1978",,"residential"
"1","Ground Floor","no","up","2",,,,,"1","1","0","0","2026-07-22","0","0","0","0","1","0",,"house","0",,,"0","Μονοκατοικία Προς Ενοικίαση, όροφος: Ισόγειο, στην περιοχή: Αγία Παρασκευή. Το εμβαδόν του ακινήτου είναι 105 τ.μ. και βρίσκεται σε οικόπεδο 150 τ.μ.. Αποτελείται από: 3 Υ/Δ, 1 μπάνιο/α, 1 wc, 1 κουζίνα/ες, 1 σαλόνι/α, ενώ διαθέτει 1 θέσεις στάθμευσης (1 Σε ανοιχτό χώρο). Η θέρμανση του ακινήτου είναι Αυτόνομη με Φυσικό αέριο, ενώ επίσης διατίθεται Κλιματισμός, Ηλιακός, έχει κουφώματα Αλουμινίου με Διπλά τζάμια, ενεργειακό πιστοποιητικό: Α και τα δάπεδα είναι: Ξύλο. Η κατάστασή του είναι: Ανακαινισμένο, Καταπληκτική. Το ακίνητο είναι Προσόψεως, Φωτεινό, Ευάερο, Ευήλιο, Διαμπερές, Πολυτελές και επίσης διαθέτει τα παρακάτω χαρακτηριστικά και πλεονεκτήματα: Σίτες, Ηλεκτρ. Συσκευές, Αποθήκη, Κήπος, Πόρτα Ασφαλείας, Θυροτηλεόραση, Συναγερμός, Κάμερες Ασφαλείας, Νυχτερινό Ρεύμα, Ησυχη γειτονιά, Smart home, Βεράντα, Ηλεκτρικά ρολά, Φορτιστής αυτοκινήτου. Τιμή: €1.950. Equal Real Estate, Τηλέφωνο Επικοινωνίας: 2106203777, email: equal.pr.mn@gmail.com, website: www.equal.pr.mn@gmail.com<br />
<br />
Μπορείτε να δείτε περισσότερα ακίνητα στο site μας equalestate.gr",,,"1","0","2",,,,,,,,,"1","1","2026-07-22","3","2","0","no","yes","1","Αθήνα - Βόρεια Προάστια (Αττική)","Αγία Παρασκευή (Αθήνα - Βόρεια Προάστια)","1","105103","101","2101",,"Double","1","2","0","0","1","1220444628","https://m2.spitogatos.gr/362729404_1600x1200.jpg?v=20130730","https://m3.spitogatos.gr/362729420_1600x1200.jpg?v=20130730","https://m1.spitogatos.gr/362729430_1600x1200.jpg?v=20130730","https://m1.spitogatos.gr/362729448_1600x1200.jpg?v=20130730","https://m1.spitogatos.gr/362729457_1600x1200.jpg?v=20130730","https://m2.spitogatos.gr/362729467_1600x1200.jpg?v=20130730","https://m1.spitogatos.gr/362729478_1600x1200.jpg?v=20130730","https://m3.spitogatos.gr/362729489_1600x1200.jpg?v=20130730","https://m2.spitogatos.gr/362729500_1600x1200.jpg?v=20130730","https://m1.spitogatos.gr/362729514_1600x1200.jpg?v=20130730","https://m3.spitogatos.gr/362729525_1600x1200.jpg?v=20130730","https://m1.spitogatos.gr/362729541_1600x1200.jpg?v=20130730","https://m1.spitogatos.gr/362729562_1600x1200.jpg?v=20130730","https://m3.spitogatos.gr/362729582_1600x1200.jpg?v=20130730","https://m1.spitogatos.gr/362729595_1600x1200.jpg?v=20130730","https://m2.spitogatos.gr/362729605_1600x1200.jpg?v=20130730",,,,,,,,,,"0","0","2","1","38.013039","1","1","23.830694","150","1","0","0","2026-07-24","0","0",,"1",,"1","1",,,"0","0","1",,"0","0","0","1950",,,"0","0","0","0","18.57",,,"1","3","6","1","1",,"0",,"3","0","1","1","105","1",,,"0","4","0","2026-07-22","https://www.spitogatos.gr/en/property/1220444628",,"0","0",,,"residential"
"0","2","no","up","2",,,,,"1","0","0","0","2026-07-22","0","0","0","0","1","0",,"house","0","100",,"0","Διαμέρισμα Προς Ενοικίαση, όροφος: 2ος, στην περιοχή: Αγία Παρασκευή. Το εμβαδόν του ακινήτου είναι 130 τ.μ.. Αποτελείται από: 3 Υ/Δ, 1 μπάνιο/α, 1 wc, 1 κουζίνα/ες, 1 σαλόνι/α, ενώ διαθέτει 1 θέσεις στάθμευσης (1 Σε υπόγειο χώρο). Έχει κατασκευαστεί το 1985. Η θέρμανση του ακινήτου είναι Αυτόνομη με Πετρέλαιο, ενεργειακό πιστοποιητικό: Β+. Η κατάστασή του είναι: Ανακαινισμένο, Καταπληκτική, έχει θέα Καλή και έχει Ανατολικομεσημβρινό προσανατολισμό. Το ακίνητο είναι Προσόψεως, Φωτεινό, Ευάερο, Ευήλιο, Διαμπερές και επίσης διαθέτει τα παρακάτω χαρακτηριστικά και πλεονεκτήματα: Ασανσέρ, Αποθήκη, Πόρτα Ασφαλείας, Νυχτερινό Ρεύμα, Βεράντα. Τιμή: €1.200. Equal Real Estate, Τηλέφωνο Επικοινωνίας: 2106203777, email: equal.pr.mn@gmail.com, website: www.equal.pr.mn@gmail.com<br />
<br />
Μπορείτε να δείτε περισσότερα ακίνητα στο site μας equalestate.gr",,,"0","1","3",,,,,,,,,"1","1","2026-07-22","7",,"0","no","yes","0","Αθήνα - Βόρεια Προάστια (Αττική)","Αγία Παρασκευή (Αθήνα - Βόρεια Προάστια)","1","105103","101","2101",,,"1","1","0","0","1","1220445838","https://m2.spitogatos.gr/362740198_1600x1200.jpg?v=20130730","https://m3.spitogatos.gr/362740223_1600x1200.jpg?v=20130730","https://m3.spitogatos.gr/362740235_1600x1200.jpg?v=20130730","https://m1.spitogatos.gr/362740278_1600x1200.jpg?v=20130730","https://m2.spitogatos.gr/362740294_1600x1200.jpg?v=20130730","https://m1.spitogatos.gr/362740305_1600x1200.jpg?v=20130730","https://m1.spitogatos.gr/362740317_1600x1200.jpg?v=20130730","https://m2.spitogatos.gr/362740348_1600x1200.jpg?v=20130730","https://m2.spitogatos.gr/362740366_1600x1200.jpg?v=20130730","https://m1.spitogatos.gr/362740377_1600x1200.jpg?v=20130730",,,,,,,,,,,,,,,,"0","0",,"1","38.004543","1","1","23.818298",,"0","0","0","2026-07-24","0","0",,"1",,"1","1",,"3","0","0","0",,"0","0","0","1200",,,"0","0","0","0","9.23",,,"1","3","6","1","1",,"0",,"3","0","1","0","130","1",,,"0","1","0","2026-07-22","https://www.spitogatos.gr/en/property/1220445838",,"1","0","1985",,"residential"
"0","1","no","up","2",,,,,"0","0","0","0","2026-05-21","0","0","0","0","0","0",,"house",,,,"0","<br>Ενοικιάζεται ευρύχωρο και ανακαινισμένο διαμέρισμα 125 τ.μ. στον 1ο όροφο, στην περιοχή της Αγία Παρασκευή, κοντά στην περιοχή της ΕΡΤ, σε ένα ιδιαίτερα ήσυχο και ποιοτικό σημείο των βορείων προαστίων. Πρόκειται για ένα άνετο ακίνητο που συνδυάζει λειτουργικότητα και ευχάριστους χώρους διαβίωσης, ιδανικό για οικογένεια ή επαγγελματίες.<br />
Το διαμέρισμα είναι κατασκευής 1978 και ανακαινίστηκε το 2026, προσφέροντας ανανεωμένους χώρους και πολύ καλή αισθητική. Αποτελείται από δύο άνετα υπνοδωμάτια, μπάνιο και επιπλέον WC, με σωστή διαρρύθμιση που εξασφαλίζει άνεση στην καθημερινότητα.<br />
Διαθέτει αυτόνομη θέρμανση φυσικού αερίου, δάπεδα από μάρμαρο και ξύλο που προσδίδουν διαχρονικό χαρακτήρα και ποιότητα, καθώς και θέση στάθμευσης, στοιχείο ιδιαίτερα σημαντικό για την περιοχή.<br />
Η τοποθεσία του ακινήτου προσφέρει εύκολη πρόσβαση σε αγορά, σχολεία, συγκοινωνίες και βασικές υπηρεσίες, διατηρώντας παράλληλα τον ήρεμο χαρακτήρα της γειτονιάς.<br />
Μια εξαιρετική επιλογή για όσους αναζητούν άνετη κατοικία σε μία από τις πιο περιζήτητες περιοχές των βορείων προαστίων.<br />
Τιμή ενοικίασης: 1.300 € (Κωδικός ακινήτου: 6-113). <br><br>| Οι πληροφορίες και τα χαρακτηριστικά των ακινήτων έχουν καταχωρηθεί βάσει των πληροφοριών και στοιχείων που προσκόμισε ο εντολέας. <br>| Το σημείο στο χάρτη δεν ανταποκρίνεται στην πραγματική διεύθυνση του ακινήτου. <br> | Όλα τα ακίνητα που προβάλλουμε μέσω internet είναι διαθέσιμα, καθώς γίνεται συνεχής ενημέρωση και αποσύρονται τα μη διαθέσιμα. <br>| Κατά την υπόδειξη του ακινήτου είναι απαραίτητη η αστυνομική ταυτότητα ή ο Α.Φ.Μ, σύμφωνα με τον Νόμο Ν.4072/2012 - ΦΕΚ 86/Α/11-4-2012",,,,"0","6",,,,,,,,,"0","0","2026-05-22","6","6","0","no","yes","0","Αθήνα - Βόρεια Προάστια (Αττική)","Αγία Παρασκευή (Αθήνα - Βόρεια Προάστια)","1","105103","101","2101","107120","Single","1","2","0","0","1","1219933187","https://m2.spitogatos.gr/354321955_1600x1200.jpg?v=20130730","https://m1.spitogatos.gr/354321963_1600x1200.jpg?v=20130730","https://m3.spitogatos.gr/354321968_1600x1200.jpg?v=20130730","https://m2.spitogatos.gr/354321973_1600x1200.jpg?v=20130730","https://m2.spitogatos.gr/354321979_1600x1200.jpg?v=20130730","https://m3.spitogatos.gr/354321986_1600x1200.jpg?v=20130730","https://m3.spitogatos.gr/354321992_1600x1200.jpg?v=20130730","https://m1.spitogatos.gr/354322002_1600x1200.jpg?v=20130730","https://m3.spitogatos.gr/354322010_1600x1200.jpg?v=20130730","https://m3.spitogatos.gr/354322016_1600x1200.jpg?v=20130730","https://m3.spitogatos.gr/354322022_1600x1200.jpg?v=20130730","https://m1.spitogatos.gr/354322029_1600x1200.jpg?v=20130730","https://m3.spitogatos.gr/354322037_1600x1200.jpg?v=20130730","https://m1.spitogatos.gr/354322047_1600x1200.jpg?v=20130730","https://m3.spitogatos.gr/354322061_1600x1200.jpg?v=20130730","https://m2.spitogatos.gr/354322072_1600x1200.jpg?v=20130730","https://m3.spitogatos.gr/354322076_1600x1200.jpg?v=20130730","https://m2.spitogatos.gr/354322084_1600x1200.jpg?v=20130730","https://m3.spitogatos.gr/354322097_1600x1200.jpg?v=20130730","https://m3.spitogatos.gr/354322109_1600x1200.jpg?v=20130730","https://m1.spitogatos.gr/354322116_1600x1200.jpg?v=20130730","https://m1.spitogatos.gr/354322125_1600x1200.jpg?v=20130730","https://m2.spitogatos.gr/354322132_1600x1200.jpg?v=20130730","https://m1.spitogatos.gr/354322137_1600x1200.jpg?v=20130730","https://m1.spitogatos.gr/354322143_1600x1200.jpg?v=20130730","0","0",,"0","38.013172",,"0","23.826963",,"0",,,"2026-07-16","1","0",,"0",,"1","1",,,"0","0","0",,"0","0","0","1300",,,"0","0","0","0","10.4",,,"1","3","6","1","0",,"0","7","2","0","0","0","125","0",,,"0","1","0","2026-05-22","https://www.spitogatos.gr/en/property/1219933187",,"0","0","1978",,"residential"
"1","1",,"up","2","Νίκος","63812","Παιδής","+306937721407","0","0","0","0","2026-05-22","0","0","0","1","0","0",,"house","0","0",,"0","Αγία Παρασκευή, Κολλέγιο: Ενοικιάζεται διαμέρισμα 64τ.μ. στον 1ο όροφο χωρίς ασανσέρ. Αποτελείται από 2 υπνοδωμάτια, 1 κουζίνα, 1 σαλόνι και μπάνιο. Είναι κατασκευασμένο το 1980 και διαθέτει ωραία θέα, κουφώματα αλουμινίου με διπλά τζάμια, κλιματισμό, ενεργειακή κλάση Δ.2 λεπτά απο Pierce, Alba, Deree. Τιμή 800€ | Κωδικός Ακινήτου: #474<br>",,,"0","0","6",,,,,,,,,"0","0","2026-05-22","6",,"0","no","no","0","Αθήνα - Βόρεια Προάστια (Αττική)","Αγία Παρασκευή (Αθήνα - Βόρεια Προάστια)","1","105103","101","2101","329486","Double",,,"0","0","1","1219934947","https://m3.spitogatos.gr/361338380_1600x1200.jpg?v=20130730","https://m1.spitogatos.gr/361338381_1600x1200.jpg?v=20130730","https://m2.spitogatos.gr/361338382_1600x1200.jpg?v=20130730","https://m3.spitogatos.gr/361338383_1600x1200.jpg?v=20130730","https://m1.spitogatos.gr/361338384_1600x1200.jpg?v=20130730","https://m2.spitogatos.gr/361338388_1600x1200.jpg?v=20130730","https://m3.spitogatos.gr/361338395_1600x1200.jpg?v=20130730","https://m1.spitogatos.gr/361338396_1600x1200.jpg?v=20130730","https://m2.spitogatos.gr/361338397_1600x1200.jpg?v=20130730",,,,,,,,,,,,,,,,,"0","0","2","1","38.004211","1","1","23.829689",,"0","0","0","2026-07-15","0","0",,"0",,"0","1",,"3","0","0","0",,"0","0","0","800",,,"0","0","0","0","12.5",,,"1","3","6","1","0",,"0",,"2","0","0","0","64","0",,,"0","1","0","2026-05-22","https://www.spitogatos.gr/en/property/1219934947",,"1",,"1980",,
"0","2",,"up","1",,,,,,"0","0","0","2026-07-23","0",,"1","0",,,,"house",,"50","18159848",,"Ενοικιάζεται Διαμέρισμα 60 τ.μ. – Αγία Παρασκευή (Δημόκριτος)<br />
<br />
Προσφέρεται προς ενοικίαση διαμέρισμα 60 τ.μ., σε εξαιρετική τοποθεσία στην Αγία Παρασκευή, επί της οδού Πελοποννήσου 59-61, στην περιοχή του Δημόκριτου. Το ακίνητο είναι μερικώς ανακαινισμένο το 2026, ιδιαίτερα φωτεινό, με νοτιοδυτικό προσανατολισμό και θέα σε καταπράσινο κήπο, προσφέροντας ησυχία και ιδιωτικότητα, καθώς δεν βλέπει στον δρόμο. Είναι ιδανικό για κατοικία.<br />
<br />
Διαθέτει:<br />
<br />
• Ενεργειακά κουφώματα αλουμινίου με διπλά τζάμια<br />
• Πόρτα ασφαλείας<br />
• Κεντρική θέρμανση (φυσικό αέριο)<br />
• Πατάρι<br />
• Τέντες<br />
• Μεγάλο μπαλκόνι<br />
• Υποδομή οπτικής ίνας στην πολυκατοικία<br />
<br />
Κοινόχρηστα: 50€/μήνα<br />
<br />
Βρίσκεται σε ήσυχη και προνομιακή γειτονιά, πολύ κοντά στο Ερευνητικό Κέντρο Δημόκριτος, με εύκολη πρόσβαση σε σούπερ μάρκετ, μέσα μαζικής μεταφοράς, αγορά, σχολεία και βασικές υπηρεσίες.<br />
<br />
Τιμή: 740€<br />
<br />
Τηλέφωνο επικοινωνίας: 697 9341179",,,,"1","6","15662846","no","all","gjhatzis@gmail.com","18159848","Georgios","Chatzis","+306979341179",,"0","2026-07-25","7",,,"no","no","0","Αθήνα - Βόρεια Προάστια (Αττική)","Αγία Παρασκευή (Αθήνα - Βόρεια Προάστια)","1","105103","101","2101","123120",,"2","2","0","0","1","1220467661","https://m2.spitogatos.gr/363242866_1600x1200.jpg?v=20130730","https://m1.spitogatos.gr/363242862_1600x1200.jpg?v=20130730","https://m1.spitogatos.gr/363242871_1600x1200.jpg?v=20130730","https://m2.spitogatos.gr/363246538_1600x1200.jpg?v=20130730","https://m2.spitogatos.gr/363242869_1600x1200.jpg?v=20130730","https://m3.spitogatos.gr/363242882_1600x1200.jpg?v=20130730","https://m1.spitogatos.gr/363246135_1600x1200.jpg?v=20130730","https://m1.spitogatos.gr/363242877_1600x1200.jpg?v=20130730","https://m2.spitogatos.gr/363242890_1600x1200.jpg?v=20130730","https://m1.spitogatos.gr/363242886_1600x1200.jpg?v=20130730","https://m1.spitogatos.gr/363242874_1600x1200.jpg?v=20130730","https://m3.spitogatos.gr/363355448_1600x1200.jpg?v=20130730","https://m3.spitogatos.gr/363242879_1600x1200.jpg?v=20130730",,,,,,,,,,,,,"0",,,"1","38.001369","1","1","23.8197",,,,,"2026-07-28","0",,,"0","yes","0","1",,"12",,"0",,,"0","0",,"740",,,"0","0","0","0","12.33",,,"4",,,"1","1",,,,"1",,"1","0","60","0",,"Πελοποννήσου, 59 153 41 Αγία Παρασκευή","1","1",,"2026-07-23","https://www.spitogatos.gr/en/property/1220467661",,"1",,"1975",,"residential"
"0","1","no","up","2",,,,,"0","0","0","0","2026-07-08","0","0","0","0","0","0",,"house",,,,"0","Κωδικός ακινήτου: 500871 - Χολαργός Πλατεία Δημοκρατίας  ΕΝΟΙΚΙΑΖΕΤΑΙ     διαμέρισμα  στον 1 ο όροφο συνολικής επιφάνειας 58.00 τ.μ.  . Αποτελείται από 1 υπνοδωμάτιο, σαλόνι, κουζίνα, μπάνιο . Είναι κατασκευασμένο το 2008 με ενεργειακή κλάση Β  και διαθέτει θέρμανση αυτόνομη - φυσικού αερίου,  κουφώματα αλουμινίου, πατώματα από πλακάκι και ξύλο, πόρτα ασφαλείας, εντοιχιζόμενες ντουλάπες, ανελκυστήρα, πάρκινγκ      - Τιμή: 950 €  <br>Ενοικιάζεται διαμέρισμα 1ου ορόφου σε τριώροφη πολυκατοικία, σε απόσταση 10 λεπτών με τα πόδια από το μετρό, φωτεινό με μοντέρνα διαρρύθμιση. Διαθέτει αυτόνομη θερμανση (φυσικό αέριο) ιδιωτική θέση σε κλειστό πάρκινγκ, κουφώματα αλουμινίου, διπλά τζάμια, πόρτα ασφαλείας. Αποτελείται από ανοιχτή κουζίνα και σαλόνι, ένα υπνοδωμάτιο και μπάνιο και διαθέτει πατάρι. Εχει πολυ χαμηλά κοινόχρηστα. <br> <br> | Δείτε περισσότερα ακίνητα στο site μας https://www.seven7stonesproperties.com/  <br>| Οι πληροφορίες και τα χαρακτηριστικά των ακινήτων έχουν καταχωρηθεί βάσει των πληροφοριών και στοιχείων που προσκόμισε ο εντολέας. <br>| Το σημείο στο χάρτη δεν ανταποκρίνεται στην πραγματική διεύθυνση του ακινήτου. <br> | Όλα τα ακίνητα που προβάλλουμε μέσω internet είναι διαθέσιμα, καθώς γίνεται συνεχής ενημέρωση και αποσύρονται τα μη διαθέσιμα. <br>| Κατά την υπόδειξη του ακινήτου είναι απαραίτητη η αστυνομική ταυτότητα ή ο Α.Φ.Μ, σύμφωνα με τον Νόμο Ν.4072/2012 - ΦΕΚ 86/Α/11-4-2012",,,,"1","4",,,,,,,,,"0","0","2026-07-08","6","10","0","no","yes","0","Αθήνα - Βόρεια Προάστια (Αττική)","Χολαργός (Αθήνα - Βόρεια Προάστια)","1","105103","101","2123","202317","Single","1","2","0","0","1","1220333929","https://m2.spitogatos.gr/360945043_1600x1200.jpg?v=20130730","https://m2.spitogatos.gr/360945049_1600x1200.jpg?v=20130730","https://m2.spitogatos.gr/360945055_1600x1200.jpg?v=20130730","https://m1.spitogatos.gr/360945057_1600x1200.jpg?v=20130730","https://m3.spitogatos.gr/360945059_1600x1200.jpg?v=20130730","https://m3.spitogatos.gr/360945062_1600x1200.jpg?v=20130730","https://m3.spitogatos.gr/360945065_1600x1200.jpg?v=20130730","https://m2.spitogatos.gr/360945070_1600x1200.jpg?v=20130730","https://m3.spitogatos.gr/360945077_1600x1200.jpg?v=20130730",,,,,,,,,,,,,,,,,"0","0","2","1","37.999416",,"1","23.79726",,"0",,,"2026-07-09","0","0",,"0",,"0","1",,,"0","0","0",,"0","0","0","950",,,"0","0","0","0","16.38",,,"1","3","6","1","0",,"0","7","1","0","1","0","58","0",,,"0","1","0","2026-07-08","https://www.spitogatos.gr/en/property/1220333929",,"0","0","2008",,"residential"
"1","1","no","up","2",,,,,"0","1","0","0","2026-07-11","0","0","0","0","0","0",,"house",,,,"0","Κωδικός ακινήτου: 501172 - Αγία Παρασκευή Κολλέγιο  ΕΝΟΙΚΙΑΖΕΤΑΙ   ανακαινισμένο  διαμέρισμα  στον 1 ο όροφο συνολικής επιφάνειας 82.00 τ.μ.  . Αποτελείται από 2 υπνοδωμάτια, σαλόνι, κουζίνα, μπάνιο . Είναι κατασκευασμένο το 1982 με ενεργειακή κλάση Δ  και διαθέτει θέρμανση αυτόνομη - φυσικού αερίου,  κουφώματα αλουμινίου, ξύλινα πατώματα,   ανελκυστήρα, πάρκινγκ, κήπο, A/C, συναγερμό, εσωτερική σκάλα      - Τιμή: 850 €  <br>Δίπλα στο Κολέγιο σε πολύ καλή κατάσταση, φωτεινό, ήσυχο, γωνιακό με 2 υπνοδωμάτια, , 2 μεγάλες βεράντες , δρύινα πατώματα, αυτονομία θέρμανσης φυσικό αέριο, υπόγειο πάρκινγκ. <br> <br> | Δείτε περισσότερα ακίνητα στο site μας https://www.seven7stonesproperties.com/  <br>| Οι πληροφορίες και τα χαρακτηριστικά των ακινήτων έχουν καταχωρηθεί βάσει των πληροφοριών και στοιχείων που προσκόμισε ο εντολέας. <br>| Το σημείο στο χάρτη δεν ανταποκρίνεται στην πραγματική διεύθυνση του ακινήτου. <br> | Όλα τα ακίνητα που προβάλλουμε μέσω internet είναι διαθέσιμα, καθώς γίνεται συνεχής ενημέρωση και αποσύρονται τα μη διαθέσιμα. <br>| Κατά την υπόδειξη του ακινήτου είναι απαραίτητη η αστυνομική ταυτότητα ή ο Α.Φ.Μ, σύμφωνα με τον Νόμο Ν.4072/2012 - ΦΕΚ 86/Α/11-4-2012",,,,"1","6",,,,,,,,,"0","0","2026-07-11","6","2","0","no","yes","1","Αθήνα - Βόρεια Προάστια (Αττική)","Αγία Παρασκευή (Αθήνα - Βόρεια Προάστια)","1","105103","101","2101","329486","Single","1","2","0","0","1","1220359586","https://m1.spitogatos.gr/361346526_1600x1200.jpg?v=20130730",,,,,,,,,,,,,,,,,,,,,,,,,"1","0","2","1","38.003902",,"1","23.831009",,"0",,,"2026-07-12","0","0",,"0",,"0","1",,,"0","0","0",,"0","0","0","850",,,"0","0","0","0","10.37",,,"1","3","6","1","1",,"0","7","2","0","0","0","82","0",,,"0","1","0","2026-07-11","https://www.spitogatos.gr/en/property/1220359586",,"0","0","1982",,"residential"
"1","2",,"up","1",,,,,,,,"0","2024-05-01","0",,"1","0",,,,"house",,"0","8184089",,"Διαμπερές ανακαινισμένο οροφοδιαμέρισμα που βρίσκεται πλησίον του σταθμού μετρό  Νομισματοκοπείο. Πολύ πρακτική τοποθεσία για όσους εργάζονται σε πρεσβείες. <br />
Διαθέτει εκτός των τριών υπνοδωματίων και laundry room.<br />
Έχει αυτόνομη θέρμανση με φυσικό αέριο, ηλιακούς καθώς και κλιματιστικά σε όλα τα δωμάτια. <br />
Οι τέντες είναι αυτόματες και ανεβαίνουν/κατεβαίνουν αναλόγως τον καιρό. <br />
Επίσης υπάρχουν δυο μπαλκόνια, ένα στην μπροστινή και ένα στην πίσω όψη του. <br />
Διατίθεται πλήρως επιπλωμένο με καινούργια κουζινικά σκεύη, καινούργια κουζίνα, ψυγείο, πλυντήριο πιάτων, φούρνο μικροκυμάτων, καφετιέρες κ.α.. Επίσης, smart τηλεόραση 55 ιντσών, γραφείο, ένα κρεβάτι king size στο μάστερ δωμάτιο, ένα κρεβάτι queen size στο δεύτερο δωμάτιο, και στο τρίτο δωμάτιο ημίδιπλο κρεβάτι και γραφείο με βιβλιοθήκη.  Διατίθενται επίσης σεντόνια, πετσέτες κλπ.",,,,,"2","8184080","no","all","kalliopi.ntontou@gmail.com","8184089","Kalliopi","Dodou","+306958467414",,,"2026-05-14","7",,,"yes","yes",,"Αθήνα - Βόρεια Προάστια (Αττική)","Αγία Παρασκευή (Αθήνα - Βόρεια Προάστια)","1","105103","101","2101","107122",,"1","2","0","0","1","1212978651","https://m2.spitogatos.gr/283645702_1600x1200.jpg?v=20130730","https://m2.spitogatos.gr/283645909_1600x1200.jpg?v=20130730","https://m3.spitogatos.gr/283645928_1600x1200.jpg?v=20130730","https://m3.spitogatos.gr/283645715_1600x1200.jpg?v=20130730","https://m2.spitogatos.gr/283645714_1600x1200.jpg?v=20130730","https://m2.spitogatos.gr/283648633_1600x1200.jpg?v=20130730","https://m1.spitogatos.gr/285374955_1600x1200.jpg?v=20130730","https://m1.spitogatos.gr/285374952_1600x1200.jpg?v=20130730","https://m2.spitogatos.gr/245317849_1600x1200.jpg?v=20130730","https://m3.spitogatos.gr/245317850_1600x1200.jpg?v=20130730","https://m3.spitogatos.gr/245317907_1600x1200.jpg?v=20130730","https://m2.spitogatos.gr/245317912_1600x1200.jpg?v=20130730","https://m2.spitogatos.gr/283645708_1600x1200.jpg?v=20130730","https://m3.spitogatos.gr/283645712_1600x1200.jpg?v=20130730","https://m3.spitogatos.gr/277147217_1600x1200.jpg?v=20130730","https://m2.spitogatos.gr/283645711_1600x1200.jpg?v=20130730","https://m1.spitogatos.gr/283645803_1600x1200.jpg?v=20130730","https://m1.spitogatos.gr/283645914_1600x1200.jpg?v=20130730","https://m3.spitogatos.gr/353495213_1600x1200.jpg?v=20130730","https://m2.spitogatos.gr/283645705_1600x1200.jpg?v=20130730","https://m3.spitogatos.gr/245317910_1600x1200.jpg?v=20130730","https://m2.spitogatos.gr/245317915_1600x1200.jpg?v=20130730","https://m2.spitogatos.gr/245317909_1600x1200.jpg?v=20130730",,,,,,"1","38.007351","1","1","23.80908",,,,,"2026-05-14","0",,,"1","yes","0","2",,,,"1",,"1",,,,"1800",,,"0","0","0","0","15",,,"4",,,"1","1",,,,"3",,"1","1","120",,,"Provelengiou","1","1",,"2022-09-06","https://www.spitogatos.gr/en/property/1212978651",,"1",,,,"residential"
"1","2","no","simple","1",,,,,"1","1","0","0","2026-10-11","0","0","1","0","1","0",,"house","0",,,"1","Η αναγραφόμενη τιμή αφορά μίσθωση 12 μηνών με προπληρωμή, εξαιρουμένων λογαριασμών και κοινοχρήστων.<br />
Κλείστε αυτό το διαμέρισμα τώρα:<br />
https://www.movingdoors.com/listing/furnished-apartments-athens-greece/athens-ath25004<br />
<br />
Καλώς ήρθατε στη Moving Doors! Σ' ένα πλήρως επιπλωμένο, ιδανικό διαμέρισμα 1 υπνοδωματίου στην Αγία Παρασκευή, όπου η πολυτέλεια συναντά την άνεση. Στη Moving Doors προσφέρουμε πλήρως εξοπλισμένα διαμερίσματα με μοντέρνο σχεδιασμό, που συνδυάζουν την κομψότητα με τη ζεστή ατμόσφαιρα του σπιτιού. Είτε επισκέπτεστε την Αθήνα για δουλειά, διασκέδαση ή οικογενειακές διακοπές, αυτό το πλήρως επιπλωμένο διαμέρισμα δεν είναι απλώς ένας χώρος διαμονής – είναι το δεύτερο σπίτι σας.<br />
<br />
Τί το κάνει ξεχωριστό:<br />
✔ Ευρύχωρο, πλήρως επιπλωμένο διαμέρισμα 1 υπνοδωματίου στην Αγία Παρασκευή, ιδανικό για οικογένειες, παρέες ή επαγγελματίες<br />
✔ Απολαύστε premium ήχο με το ηχοσύστημα Marshall ή απολαύστε τον καφέ σας με τη μηχανή Nespresso<br />
✔ Γρήγορο internet<br />
✔ Ιδανική τοποθεσία, μόλις λίγα λεπτά από τα καλύτερα αξιοθέατα, καφέ και σημεία ενδιαφέροντος<br />
✔ Καθ’ όλη τη διάρκεια της διαμονής σας, μπορείτε να επικοινωνείτε εύκολα με την ομάδα υποστήριξης πελατών<br />
✔ Επαγγελματικές υπηρεσίες καθαριότητας και concierge, στη διάθεσή σας για κάθε σας ανάγκη<br />
<br />
Είτε σχεδιάζετε μια σύντομη είτε μια παρατεταμένη διαμονή, η Moving Doors σας προσφέρει πολυτελή διαμερίσματα στην Αθήνα, που συνδυάζουν στυλ, λειτουργικότητα και άνεση. Με προσοχή στη λεπτομέρεια, σας προσφέρουμε όλα όσα χρειάζεστε για μια ευχάριστη και ξέγνοιαστη διαμονή.",,,"0","1","7",,,,,,,,,"0","0","2025-04-02","7","4","0","yes","no","0","Αθήνα - Βόρεια Προάστια (Αττική)","Αγία Παρασκευή (Αθήνα - Βόρεια Προάστια)","1","105103","101","2101","329489",,"2","1","0","1","1","1217363026","https://m1.spitogatos.gr/312045462_1600x1200.jpg?v=20130730","https://m1.spitogatos.gr/312045471_1600x1200.jpg?v=20130730","https://m1.spitogatos.gr/312045474_1600x1200.jpg?v=20130730","https://m1.spitogatos.gr/312045477_1600x1200.jpg?v=20130730","https://m1.spitogatos.gr/312045480_1600x1200.jpg?v=20130730","https://m2.spitogatos.gr/312045481_1600x1200.jpg?v=20130730","https://m1.spitogatos.gr/312045483_1600x1200.jpg?v=20130730","https://m1.spitogatos.gr/312045522_1600x1200.jpg?v=20130730","https://m3.spitogatos.gr/312045524_1600x1200.jpg?v=20130730","https://m2.spitogatos.gr/312045484_1600x1200.jpg?v=20130730","https://m2.spitogatos.gr/312045487_1600x1200.jpg?v=20130730","https://m1.spitogatos.gr/312045489_1600x1200.jpg?v=20130730","https://m3.spitogatos.gr/312045491_1600x1200.jpg?v=20130730","https://m2.spitogatos.gr/312045493_1600x1200.jpg?v=20130730","https://m1.spitogatos.gr/312045495_1600x1200.jpg?v=20130730","https://m2.spitogatos.gr/312045496_1600x1200.jpg?v=20130730","https://m1.spitogatos.gr/312045501_1600x1200.jpg?v=20130730","https://m1.spitogatos.gr/312045504_1600x1200.jpg?v=20130730","https://m3.spitogatos.gr/312045500_1600x1200.jpg?v=20130730","https://m3.spitogatos.gr/312045506_1600x1200.jpg?v=20130730","https://m3.spitogatos.gr/312045509_1600x1200.jpg?v=20130730","https://m3.spitogatos.gr/312045512_1600x1200.jpg?v=20130730","https://m2.spitogatos.gr/312045517_1600x1200.jpg?v=20130730","https://m3.spitogatos.gr/312045518_1600x1200.jpg?v=20130730","https://m3.spitogatos.gr/334902758_1600x1200.jpg?v=20130730","0","0","2","1","38.00724","1","1","23.81702",,"1","0","0","2026-07-28","0","0",,"0",,"0","1","2",,"1","0","1","1","0","0","0","1020","2026-07-14 16:28:54","19","0","0","0","0","16.72","1255","true","1","3",,"1","1","2019","0","1","1","0","1","0","61","0",,"Σιώκου Θ., 13, Αγία Παρασκευή Ελλάδα, 15341","1","1","0","2025-04-02","https://www.spitogatos.gr/en/property/1217363026","https://tour.giraffe360.com/f555c2134d7745dbb3d0c1a69fa623d7/","0","0","1978",,"residential"
"1","Ground Floor",,"simple","1",,,,,"0","1","0","0","2026-09-03","0","0","1","0","0",,,"house",,,,"1","Ανακάλυψε τα καλύτερα σημεία της Αγίας Παρασκευής , με αυτό το υπέροχο διαμέρισμα τριών υπνοδωματίων της Blueground. Προσφέρει μια πλήρως εξοπλισμένη κουζίνα, ένα άνετο καθιστικό. Επίσης, καθ’όλη τη διάρκεια της διαμονής σου θα έχεις τη δυνατότητα να επικοινωνήσεις εύκολα και άμεσα με την ομάδα υποστήριξης πελατών και να βρεις χρήσιμες πληροφορίες τόσο για το διαμέρισμά σου όσο και για τη γειτονιά μέσω της ειδικής mobile εφαρμογής.<br><br />
<br />
Η διαφημιζόμενη τιμή των €1,320/μήνα είναι η τιμή για 1 έτος, με ημερομηνία έναρξης Σεπτεμβρίου 2, 2026.<br />
<br>Οι τιμές διαφέρουν ανάλογα με τη διάρκεια παραμονής, την εποχικότητα και άλλους παράγοντες. Επισκεφθείτε τον ιστότοπό μας και εισάγετε τις ημερομηνίες διαμονής σας για να δείτε ενημερωμένες τιμές για την κράτησή σας. Η τιμή ισχύει μόνο με προκαταβολή· ενδέχεται να είναι υψηλότερη εάν πληρωθεί σε δόσεις.<br />
<br />
<b>Κλείστε αυτό το διαμέρισμα online!</b><br />
<br />
https://www.theblueground.com/p/furnished-apartments/ath-175?utm_source=classified-4<br />
<br />
Aναβαθμίστε τη διαμονή σας με ένα πλήρως επιπλωμένο διαμέρισμα από τη Blueground:<br />
      – Επιπλωμένα σπίτια σε τιμές αντίστοιχες με τα ανεπίπλωτα<br />
      – Χωρίς κόστη εγκατάστασης ή αγοράς επίπλων - εξοικονομήστε χρόνο και χρήματα<br />
      – Έτοιμα για άμεση μετακόμιση - το μόνο που χρειάζεστε είναι η βαλίτσα σας<br />
<br />
<b>Ο χώρος</b><br><br />
Σε αυτό το εκλεπτυσμένο Blueground διαμέρισμα τριών υπνοδωματίων, θα βρεις ένα χώρο προσεκτικά σχεδιασμένο και πλήρως εξοπλισμένο με έπιπλα μοναδικού design και ηλεκτρικές συσκευές τελευταίας τεχνολογίας.<br />
Νιώσε όμορφα και χαλαρά στο νέο σου σπίτι κάθε στιγμή. Και όταν θα θες να διασκεδάσεις, μπορείς να βγεις και να αφεθείς στον παλμό της Αγίας Παρασκευής ή να φέρεις τη διασκέδαση σπίτι, με τα ασύρματα ηχεία ή τη smart TV.<br />
<br />
<b>Διαρρύθμιση δωματίων ύπνου</b><br />
    <br />
        Υπέρδιπλο κρεβάτι: 160 εκ.<br />
<br />
        Υπέρδιπλο κρεβάτι: 160 εκ.<br />
<br />
        Διπλό κρεβάτι: 140 εκ.<br />
<br />
<b>Παροχές κτιρίου</b><br />
<br />
      Πλυντήριο<br />
      Θέση στάθμευσης<br />
      Επιτρέπονται κατοικίδια<br />
<br />
<br />
<b>Άφιξη και συνεχής υποστήριξη πελατών</b><br><br />
Κατά τη διάρκεια της διαμονής σου, η ομάδα μας θα είναι διαθέσιμη για να σε βοηθήσει με οτιδήποτε χρειαστείς. Μέσω της ειδικής mobile εφαρμογής της Blueground έχεις συνεχή υποστήριξη, ενώ μπορείς ακόμη να προγραμματίσεις υπηρεσίες καθαρισμού, συντήρησης ή επισκευής, με το πάτημα ενός κουμπιού.<br />
<br />
<b>Ιδανική τοποθεσία</b><br />
<br />
Η Αγία Παρασκευή είναι μια γοητευτική γειτονιά που βρίσκεται στη βορειοανατολική γωνία της Αθήνας, μόλις 9 χιλιόμετρα από το κέντρο της πόλης. Φιλοξενεί το Deree College, τμήμα του Αμερικανικού Κολλεγίου Ελλάδος (ACG). Η διαβίωση στην Αγία Παρασκευή είναι πολύ δημοφιλής μεταξύ ντόπιων και ομογενών που αναζητούν ένα μέρος που συνδυάζει χώρους πρασίνου με σύγχρονες ανέσεις και διαμερίσματα υψηλής ποιότητας. Εξυπηρετείται από το σταθμό του μετρό Αγία Παρασκευή.",,"1",,"0","7",,,,,,,,,"0","0","2026-06-14","3",,"0","yes","yes","1","Αθήνα - Βόρεια Προάστια (Αττική)","Αγία Παρασκευή (Αθήνα - Βόρεια Προάστια)","1","105103","101","2101","107122",,"1","2","0","0","1","1220119096","https://m1.spitogatos.gr/359900814_1600x1200.jpg?v=20130730","https://m2.spitogatos.gr/359900827_1600x1200.jpg?v=20130730","https://m1.spitogatos.gr/359900838_1600x1200.jpg?v=20130730","https://m1.spitogatos.gr/359900853_1600x1200.jpg?v=20130730","https://m3.spitogatos.gr/359900867_1600x1200.jpg?v=20130730","https://m3.spitogatos.gr/359900882_1600x1200.jpg?v=20130730","https://m3.spitogatos.gr/359900897_1600x1200.jpg?v=20130730","https://m3.spitogatos.gr/359900912_1600x1200.jpg?v=20130730","https://m1.spitogatos.gr/359900922_1600x1200.jpg?v=20130730","https://m2.spitogatos.gr/359900935_1600x1200.jpg?v=20130730","https://m2.spitogatos.gr/359900947_1600x1200.jpg?v=20130730","https://m3.spitogatos.gr/359900960_1600x1200.jpg?v=20130730","https://m3.spitogatos.gr/359900975_1600x1200.jpg?v=20130730","https://m3.spitogatos.gr/359900987_1600x1200.jpg?v=20130730","https://m1.spitogatos.gr/359901000_1600x1200.jpg?v=20130730","https://m1.spitogatos.gr/359901015_1600x1200.jpg?v=20130730","https://m2.spitogatos.gr/359901025_1600x1200.jpg?v=20130730","https://m1.spitogatos.gr/359901036_1600x1200.jpg?v=20130730","https://m3.spitogatos.gr/359901047_1600x1200.jpg?v=20130730","https://m2.spitogatos.gr/359901058_1600x1200.jpg?v=20130730","https://m2.spitogatos.gr/359901067_1600x1200.jpg?v=20130730","https://m2.spitogatos.gr/359901076_1600x1200.jpg?v=20130730","https://m3.spitogatos.gr/359901086_1600x1200.jpg?v=20130730","https://m1.spitogatos.gr/359901096_1600x1200.jpg?v=20130730","https://m2.spitogatos.gr/359901106_1600x1200.jpg?v=20130730","0","0",,"0","38.000572","1","0","23.81246",,"0",,,"2026-07-28","0","0",,"0",,"1","2",,,"1","0","1","1","0","0","0","1320",,,"0","0","0","0","10",,,"1","3",,"1","0",,,,"3","0","1",,"132","1",,"Nikitara 15","1","1","0","2026-06-14","https://www.spitogatos.gr/en/property/1220119096","https://nodalview.com/s/06v2lafb9Enu7Pva03GSh0","0",,"1996",,
"1","3",,"up","1",,,,,,,,"0","2026-07-31","0",,"1","0",,,,"house",,,"17893690",,"Πλήρως Ανακαινισμένο 146 τ.μ. | 3 Υ/Δ | 2 Parking | Κοντά στο Deree |  Διαθέσιμο τέλη Ιουλίου 2026<br />
<br />
Αγία Παρασκευή – Πλήρως Ανακαινισμένο Οικογενειακό Διαμέρισμα 146 τ.μ. | 3ος Όροφος | 2 Θέσεις Στάθμευσης<br />
Σε μία από τις πιο περιζήτητες και ήσυχες γειτονιές της Αγίας Παρασκευής, λίγα μόλις λεπτά από το Deree – Αμερικανικό Κολλέγιο Ελλάδος, διατίθεται προς ενοικίαση ένα εξαιρετικό διαμέρισμα, με έμφαση στην ποιότητα, τη λειτουργικότητα και την άνεση της σύγχρονης οικογένειας.<br />
Το διαμέρισμα βρίσκεται στον 3ο όροφο προσεγμένης πολυκατοικίας και ξεχωρίζει για τη φωτεινότητα, τη διαμπερή του, διάταξη και τους ιδιαίτερα άνετους χώρους του. Η πρόσφατη ανακαίνιση περιλαμβάνει νέες ηλεκτρολογικές και υδραυλικές εγκαταστάσεις, σύγχρονους χώρους υγιεινής και ανανεωμένη κουζίνα, προσφέροντας την αίσθηση ενός ουσιαστικά καινούργιου σπιτιού.<br />
<br />
Χαρακτηριστικά Ακινήτου<br />
✔ 146 τ.μ. κύριων χώρων με μεγάλες βεράντες μπρος πίσω.<br />
✔ 3ος όροφος<br />
✔ Φωτεινό και διαμπερές<br />
✔ Μεγάλος χώρος σαλονιού και τραπεζαρίας<br />
✔ 3 ευρύχωρα υπνοδωμάτια με μεγάλες εντοιχισμένες ντουλάπες και σύγχρονα κλιματιστικά <br />
✔ Πλήρως ανακαινισμένη κουζίνα<br />
✔ Πλήρως ανακαινισμένο μπάνιο<br />
✔ Πλήρως ανακαινισμένο WC<br />
✔ Μικρή αποθήκη εντός διαμερίσματος <br />
✔ Νέες υδραυλικές εγκαταστάσεις και αποχετεύσεις<br />
✔ Νέος ηλεκτρικός πίνακας<br />
✔ Νέα θυροτηλεόραση<br />
✔ Αυτόνομη θέρμανση φυσικού αερίου<br />
✔ Ηλιακός θερμοσίφωνας και μπόιλερ φυσικού αερίου<br />
✔ Οπτική ίνα για υψηλές ταχύτητες Internet<br />
✔ Τέντες σε όλους τους εξωτερικούς χώρους<br />
✔ Δύο θέσεις στάθμευσης.<br />
<br />
Τοποθεσία<br />
Το ακίνητο βρίσκεται σε προνομιακό σημείο της Αγίας Παρασκευής, κοντά σε σχολεία, σούπερ μάρκετ, αγορά, χώρους εστίασης και μέσα μαζικής μεταφοράς, συνδυάζοντας την ηρεμία μιας ποιοτικής κατοικημένης περιοχής με την άμεση πρόσβαση σε όλες τις καθημερινές ανάγκες.<br />
Ιδανικό για:<br />
Οικογένειες που αναζητούν άνεση και ποιότητα ζωής<br />
Στελέχη επιχειρήσεων<br />
Καθηγητές και προσωπικό διεθνών σχολείων<br />
Επαγγελματίες που επιθυμούν ένα ανακαινισμένο σπίτι υψηλών προδιαγραφών<br />
Διαθέσιμο  τέλος Ιουλίου του 2026.<br />
<br />
📞 Για περισσότερες πληροφορίες ή για να προγραμματίσετε μία επίσκεψη στο ακίνητο, παρακαλούμε επικοινωνήστε μαζί μας.",,,,"1","1","17893684","no","all","pirouniss@gmail.com","17893690","Σταυρος","Πηρούνης","+306937400421",,"1","2026-06-24","8",,,,"yes","1","Αθήνα - Βόρεια Προάστια (Αττική)","Αγία Παρασκευή (Αθήνα - Βόρεια Προάστια)","1","105103","101","2101","107123",,"1","2",,"0","1","1220196472","https://m1.spitogatos.gr/358726269_1600x1200.jpg?v=20130730","https://m1.spitogatos.gr/358726251_1600x1200.jpg?v=20130730","https://m2.spitogatos.gr/358726129_1600x1200.jpg?v=20130730","https://m1.spitogatos.gr/358726140_1600x1200.jpg?v=20130730","https://m3.spitogatos.gr/358726148_1600x1200.jpg?v=20130730","https://m3.spitogatos.gr/358726169_1600x1200.jpg?v=20130730","https://m3.spitogatos.gr/358726172_1600x1200.jpg?v=20130730","https://m1.spitogatos.gr/358726242_1600x1200.jpg?v=20130730","https://m3.spitogatos.gr/358726175_1600x1200.jpg?v=20130730","https://m3.spitogatos.gr/358726178_1600x1200.jpg?v=20130730","https://m1.spitogatos.gr/358726179_1600x1200.jpg?v=20130730","https://m1.spitogatos.gr/358726182_1600x1200.jpg?v=20130730","https://m1.spitogatos.gr/358726185_1600x1200.jpg?v=20130730","https://m1.spitogatos.gr/358726188_1600x1200.jpg?v=20130730","https://m2.spitogatos.gr/358726192_1600x1200.jpg?v=20130730","https://m2.spitogatos.gr/358726195_1600x1200.jpg?v=20130730","https://m3.spitogatos.gr/358726208_1600x1200.jpg?v=20130730","https://m1.spitogatos.gr/358726227_1600x1200.jpg?v=20130730","https://m1.spitogatos.gr/358726233_1600x1200.jpg?v=20130730","https://m1.spitogatos.gr/358726239_1600x1200.jpg?v=20130730","https://m3.spitogatos.gr/358726286_1600x1200.jpg?v=20130730",,,,,,,,"1","38.00803","1","2","23.826969",,,,,"2026-07-26","0",,,,"yes","1","1",,,,"0",,,,,,"2150",,,"0","0","0","0","14.73",,,"4",,,"1","1",,,,"3",,"1","1","146",,,"Αρτέμιδος, 4 153 42 Αγία Παρασκευή","1","1",,"2026-06-24","https://www.spitogatos.gr/en/property/1220196472",,,,"1981",,"residential"
"1","1",,"simple","1",,,,,"0","0","0","0","2026-07-31","0","0","1","0","0",,,"house",,,,"1","Ανακάλυψε τα καλύτερα σημεία της Αγίας Παρασκευής , με αυτό το ελκυστικό διαμέρισμα ενός υπνοδωματίου της Blueground. Προσφέρει μια πλήρως εξοπλισμένη κουζίνα, ένα ζεστό καθιστικό. Επίσης, καθ’όλη τη διάρκεια της διαμονής σου θα έχεις τη δυνατότητα να επικοινωνήσεις εύκολα και άμεσα με την ομάδα υποστήριξης πελατών και να βρεις χρήσιμες πληροφορίες τόσο για το διαμέρισμά σου όσο και για τη γειτονιά μέσω της ειδικής mobile εφαρμογής.<br><br />
<br />
Η διαφημιζόμενη τιμή των €810/μήνα είναι η τιμή για 1 έτος, με ημερομηνία έναρξης Ιουλίου 30, 2026.<br />
<br>Οι τιμές διαφέρουν ανάλογα με τη διάρκεια παραμονής, την εποχικότητα και άλλους παράγοντες. Επισκεφθείτε τον ιστότοπό μας και εισάγετε τις ημερομηνίες διαμονής σας για να δείτε ενημερωμένες τιμές για την κράτησή σας. Η τιμή ισχύει μόνο με προκαταβολή· ενδέχεται να είναι υψηλότερη εάν πληρωθεί σε δόσεις.<br />
<br />
<b>Κλείστε αυτό το διαμέρισμα online!</b><br />
<br />
https://www.theblueground.com/p/furnished-apartments/ath-1636?utm_source=classified-4<br />
<br />
Aναβαθμίστε τη διαμονή σας με ένα πλήρως επιπλωμένο διαμέρισμα από τη Blueground:<br />
      – Επιπλωμένα σπίτια σε τιμές αντίστοιχες με τα ανεπίπλωτα<br />
      – Χωρίς κόστη εγκατάστασης ή αγοράς επίπλων - εξοικονομήστε χρόνο και χρήματα<br />
      – Έτοιμα για άμεση μετακόμιση - το μόνο που χρειάζεστε είναι η βαλίτσα σας<br />
<br />
<b>Ο χώρος</b><br><br />
Σε αυτό το ευρύχωρο Blueground διαμέρισμα ενός υπνοδωματίου, θα βρεις ένα χώρο προσεκτικά σχεδιασμένο και πλήρως εξοπλισμένο με έπιπλα μοναδικού design και ηλεκτρικές συσκευές τελευταίας τεχνολογίας.<br />
Νιώσε όμορφα και χαλαρά στο νέο σου σπίτι κάθε στιγμή. Και όταν θα θες να διασκεδάσεις, μπορείς να βγεις και να αφεθείς στον παλμό της Αγίας Παρασκευής ή να φέρεις τη διασκέδαση σπίτι, με τα ασύρματα ηχεία ή τη smart TV.<br />
<br />
<b>Διαρρύθμιση δωματίων ύπνου</b><br />
    <br />
        Υπέρδιπλο κρεβάτι: 160 εκ.<br />
<br />
<b>Παροχές κτιρίου</b><br />
<br />
      Ασανσέρ<br />
      Πλυντήριο<br />
      Θέση στάθμευσης<br />
      Επιτρέπονται κατοικίδια<br />
<br />
<br />
<b>Άφιξη και συνεχής υποστήριξη πελατών</b><br><br />
Κατά τη διάρκεια της διαμονής σου, η ομάδα μας θα είναι διαθέσιμη για να σε βοηθήσει με οτιδήποτε χρειαστείς. Μέσω της ειδικής mobile εφαρμογής της Blueground έχεις συνεχή υποστήριξη, ενώ μπορείς ακόμη να προγραμματίσεις υπηρεσίες καθαρισμού, συντήρησης ή επισκευής, με το πάτημα ενός κουμπιού.<br />
<br />
<b>Ιδανική τοποθεσία</b><br />
<br />
Η Αγία Παρασκευή είναι μια γοητευτική γειτονιά που βρίσκεται στη βορειοανατολική γωνία της Αθήνας, μόλις 9 χιλιόμετρα από το κέντρο της πόλης. Φιλοξενεί το Deree College, τμήμα του Αμερικανικού Κολλεγίου Ελλάδος (ACG). Η διαβίωση στην Αγία Παρασκευή είναι πολύ δημοφιλής μεταξύ ντόπιων και ομογενών που αναζητούν ένα μέρος που συνδυάζει χώρους πρασίνου με σύγχρονες ανέσεις και διαμερίσματα υψηλής ποιότητας. Εξυπηρετείται από το σταθμό του μετρό Αγία Παρασκευή.",,"1",,"1","5",,,,,,,,,"0","0","2026-07-22","6",,"0","yes","yes","0","Αθήνα - Βόρεια Προάστια (Αττική)","Αγία Παρασκευή (Αθήνα - Βόρεια Προάστια)","1","105103","101","2101",,,"1","2","0","0","1","1220439784","https://m3.spitogatos.gr/362684645_1600x1200.jpg?v=20130730","https://m3.spitogatos.gr/362684654_1600x1200.jpg?v=20130730","https://m2.spitogatos.gr/362684662_1600x1200.jpg?v=20130730","https://m1.spitogatos.gr/362684670_1600x1200.jpg?v=20130730","https://m3.spitogatos.gr/362684675_1600x1200.jpg?v=20130730","https://m3.spitogatos.gr/362684681_1600x1200.jpg?v=20130730","https://m3.spitogatos.gr/362684687_1600x1200.jpg?v=20130730","https://m3.spitogatos.gr/362684693_1600x1200.jpg?v=20130730","https://m3.spitogatos.gr/362684699_1600x1200.jpg?v=20130730","https://m2.spitogatos.gr/362684707_1600x1200.jpg?v=20130730","https://m2.spitogatos.gr/362684713_1600x1200.jpg?v=20130730","https://m2.spitogatos.gr/362684719_1600x1200.jpg?v=20130730","https://m2.spitogatos.gr/362684752_1600x1200.jpg?v=20130730","https://m3.spitogatos.gr/362684768_1600x1200.jpg?v=20130730","https://m1.spitogatos.gr/362684775_1600x1200.jpg?v=20130730","https://m2.spitogatos.gr/362684782_1600x1200.jpg?v=20130730","https://m3.spitogatos.gr/362684798_1600x1200.jpg?v=20130730","https://m3.spitogatos.gr/362684807_1600x1200.jpg?v=20130730","https://m2.spitogatos.gr/362684818_1600x1200.jpg?v=20130730","https://m2.spitogatos.gr/362684839_1600x1200.jpg?v=20130730","https://m1.spitogatos.gr/362684853_1600x1200.jpg?v=20130730","https://m3.spitogatos.gr/362684864_1600x1200.jpg?v=20130730","https://m1.spitogatos.gr/362684874_1600x1200.jpg?v=20130730","https://m2.spitogatos.gr/362684884_1600x1200.jpg?v=20130730","https://m3.spitogatos.gr/362684912_1600x1200.jpg?v=20130730","0","0",,"0","38.008984","1","0","23.812147",,"0",,,"2026-07-29","0","0",,"0",,"0","1",,,"1","0","1","1","0","0","0","810",,,"0","0","0","0","13.5",,,"1","3","6","1","0",,,,"1","0","1",,"60","1",,"Eleftheriou Venizelou 14","1","1","0","2026-07-22","https://www.spitogatos.gr/en/property/1220439784","https://nodalview.com/s/13vlRuSUb7ugXRcahWQE5J","0",,"2003",,
"1","2",,"simple","1",,,,,"0","0","0","0","2026-10-26","0","0","1","0","0",,,"house",,,,"1","Ξεκίνα να ζεις από την πρώτη μέρα, σε αυτό το όμορφα επιπλωμένο διαμέρισμα τριών υπνοδωματίων της Blueground στο κέντρο της Αγίας Παρασκευής. Πλήρως εξοπλισμένο με έπιπλα μοναδικού design, ηλεκτρικές συσκευές τελευταίας τεχνολογίας.<br><br />
<br />
Η διαφημιζόμενη τιμή των €2,250/μήνα είναι η τιμή για 1 έτος, με ημερομηνία έναρξης Οκτωβρίου 25, 2026. Η χαμηλότερη διαθέσιμη τιμή είναι €2,210/μήνα για μίσθωση 7 μήνα(μηνών) και 4 ημέρας(ημερών) με ημερομηνία έναρξης Οκτωβρίου 25, 2026.<br />
<br>Οι τιμές διαφέρουν ανάλογα με τη διάρκεια παραμονής, την εποχικότητα και άλλους παράγοντες. Επισκεφθείτε τον ιστότοπό μας και εισάγετε τις ημερομηνίες διαμονής σας για να δείτε ενημερωμένες τιμές για την κράτησή σας. Η τιμή ισχύει μόνο με προκαταβολή· ενδέχεται να είναι υψηλότερη εάν πληρωθεί σε δόσεις.<br />
<br />
<b>Κλείστε αυτό το διαμέρισμα online!</b><br />
<br />
https://www.theblueground.com/p/furnished-apartments/ath-1107?utm_source=classified-4<br />
<br />
Aναβαθμίστε τη διαμονή σας με ένα πλήρως επιπλωμένο διαμέρισμα από τη Blueground:<br />
      – Επιπλωμένα σπίτια σε τιμές αντίστοιχες με τα ανεπίπλωτα<br />
      – Χωρίς κόστη εγκατάστασης ή αγοράς επίπλων - εξοικονομήστε χρόνο και χρήματα<br />
      – Έτοιμα για άμεση μετακόμιση - το μόνο που χρειάζεστε είναι η βαλίτσα σας<br />
<br />
<b>Ο χώρος</b><br><br />
Σε αυτό το ζεστό Blueground διαμέρισμα τριών υπνοδωματίων, θα βρεις ένα χώρο προσεκτικά σχεδιασμένο και πλήρως εξοπλισμένο με έπιπλα μοναδικού design και ηλεκτρικές συσκευές τελευταίας τεχνολογίας.<br />
Νιώσε όμορφα και χαλαρά στο νέο σου σπίτι κάθε στιγμή. Και όταν θα θες να διασκεδάσεις, μπορείς να βγεις και να αφεθείς στον παλμό της Αγίας Παρασκευής ή να φέρεις τη διασκέδαση σπίτι, με τα ασύρματα ηχεία ή τη smart TV.<br />
<br />
<b>Διαρρύθμιση δωματίων ύπνου</b><br />
    <br />
        Υπέρδιπλο κρεβάτι: 160 εκ.<br />
<br />
        Διπλό κρεβάτι: 140 εκ.<br />
<br />
<b>Παροχές κτιρίου</b><br />
<br />
      Ασανσέρ<br />
      Πλυντήριο<br />
      Θέση στάθμευσης<br />
<br />
<br />
<b>Άφιξη και συνεχής υποστήριξη πελατών</b><br><br />
Κατά τη διάρκεια της διαμονής σου, η ομάδα μας θα είναι διαθέσιμη για να σε βοηθήσει με οτιδήποτε χρειαστείς. Μέσω της ειδικής mobile εφαρμογής της Blueground έχεις συνεχή υποστήριξη, ενώ μπορείς ακόμη να προγραμματίσεις υπηρεσίες καθαρισμού, συντήρησης ή επισκευής, με το πάτημα ενός κουμπιού.<br />
<br />
<b>Ιδανική τοποθεσία</b><br />
<br />
Η Αγία Παρασκευή είναι μια γοητευτική γειτονιά που βρίσκεται στη βορειοανατολική γωνία της Αθήνας, μόλις 9 χιλιόμετρα από το κέντρο της πόλης. Φιλοξενεί το Deree College, τμήμα του Αμερικανικού Κολλεγίου Ελλάδος (ACG). Η διαβίωση στην Αγία Παρασκευή είναι πολύ δημοφιλής μεταξύ ντόπιων και ομογενών που αναζητούν ένα μέρος που συνδυάζει χώρους πρασίνου με σύγχρονες ανέσεις και διαμερίσματα υψηλής ποιότητας. Εξυπηρετείται από το σταθμό του μετρό Αγία Παρασκευή.",,"1",,"1","6",,,,,,,,,"0","1","2026-07-26","7",,"0","yes","yes","0","Αθήνα - Βόρεια Προάστια (Αττική)","Αγία Παρασκευή (Αθήνα - Βόρεια Προάστια)","1","105103","101","2101",,,"1","2","0","0","1","1220491003","https://m1.spitogatos.gr/363299139_1600x1200.jpg?v=20130730","https://m1.spitogatos.gr/363299142_1600x1200.jpg?v=20130730","https://m1.spitogatos.gr/363299145_1600x1200.jpg?v=20130730","https://m3.spitogatos.gr/363299147_1600x1200.jpg?v=20130730","https://m2.spitogatos.gr/363299149_1600x1200.jpg?v=20130730","https://m1.spitogatos.gr/363299151_1600x1200.jpg?v=20130730","https://m3.spitogatos.gr/363299153_1600x1200.jpg?v=20130730","https://m2.spitogatos.gr/363299155_1600x1200.jpg?v=20130730","https://m2.spitogatos.gr/363299158_1600x1200.jpg?v=20130730","https://m3.spitogatos.gr/363299162_1600x1200.jpg?v=20130730","https://m3.spitogatos.gr/363299165_1600x1200.jpg?v=20130730","https://m2.spitogatos.gr/363299167_1600x1200.jpg?v=20130730","https://m2.spitogatos.gr/363299170_1600x1200.jpg?v=20130730","https://m2.spitogatos.gr/363299173_1600x1200.jpg?v=20130730","https://m2.spitogatos.gr/363299176_1600x1200.jpg?v=20130730","https://m3.spitogatos.gr/363299180_1600x1200.jpg?v=20130730","https://m2.spitogatos.gr/363299185_1600x1200.jpg?v=20130730","https://m3.spitogatos.gr/363299189_1600x1200.jpg?v=20130730","https://m1.spitogatos.gr/363299193_1600x1200.jpg?v=20130730","https://m3.spitogatos.gr/363299195_1600x1200.jpg?v=20130730","https://m1.spitogatos.gr/363299196_1600x1200.jpg?v=20130730","https://m2.spitogatos.gr/363299197_1600x1200.jpg?v=20130730","https://m3.spitogatos.gr/363299198_1600x1200.jpg?v=20130730","https://m1.spitogatos.gr/363299199_1600x1200.jpg?v=20130730","https://m2.spitogatos.gr/363299200_1600x1200.jpg?v=20130730","0","0",,"0","38.004257","1","0","23.830744",,"0",,,"2026-07-28","0","0",,"0",,"0","2",,,"1","0","0",,"0","0","0","2250",,,"0","0","0","0","17.31",,,"1","3","6","1","1",,,,"3","0","1",,"130","0",,"Gravias 21","1","1","0","2026-07-26","https://www.spitogatos.gr/en/property/1220491003","https://nodalview.com/i9KwDTWkGEzdvH5jone7fqg2","0",,"1990",,
"1","1",,"simple","1",,,,,"0","1","0","0","2026-09-02","0","0","1","0","0",,,"house",,,,"1","Ξεκίνα να ζεις από την πρώτη μέρα, σε αυτό το σύγχρονα επιπλωμένο διαμέρισμα δύο υπνοδωματίων της Blueground στο κέντρο του Χολαργού. Πλήρως εξοπλισμένο με έπιπλα μοναδικού design, ηλεκτρικές συσκευές τελευταίας τεχνολογίας.<br><br />
<br />
Η διαφημιζόμενη τιμή των €1,650/μήνα είναι η τιμή για 1 έτος, με ημερομηνία έναρξης Σεπτεμβρίου 1, 2026. Η χαμηλότερη διαθέσιμη τιμή είναι €1,590/μήνα για μίσθωση 3 μήνα(μηνών) και 13 ημέρας(ημερών) με ημερομηνία έναρξης Σεπτεμβρίου 1, 2026.<br />
<br>Οι τιμές διαφέρουν ανάλογα με τη διάρκεια παραμονής, την εποχικότητα και άλλους παράγοντες. Επισκεφθείτε τον ιστότοπό μας και εισάγετε τις ημερομηνίες διαμονής σας για να δείτε ενημερωμένες τιμές για την κράτησή σας. Η τιμή ισχύει μόνο με προκαταβολή· ενδέχεται να είναι υψηλότερη εάν πληρωθεί σε δόσεις.<br />
<br />
<b>Κλείστε αυτό το διαμέρισμα online!</b><br />
<br />
https://www.theblueground.com/p/furnished-apartments/ath-1810?utm_source=classified-4<br />
<br />
Aναβαθμίστε τη διαμονή σας με ένα πλήρως επιπλωμένο διαμέρισμα από τη Blueground:<br />
      – Επιπλωμένα σπίτια σε τιμές αντίστοιχες με τα ανεπίπλωτα<br />
      – Χωρίς κόστη εγκατάστασης ή αγοράς επίπλων - εξοικονομήστε χρόνο και χρήματα<br />
      – Έτοιμα για άμεση μετακόμιση - το μόνο που χρειάζεστε είναι η βαλίτσα σας<br />
<br />
<b>Ο χώρος</b><br><br />
Σε αυτό το άνετο Blueground διαμέρισμα δύο υπνοδωματίων, θα βρεις ένα χώρο προσεκτικά σχεδιασμένο και πλήρως εξοπλισμένο με έπιπλα μοναδικού design και ηλεκτρικές συσκευές τελευταίας τεχνολογίας.<br />
Νιώσε όμορφα και χαλαρά στο νέο σου σπίτι κάθε στιγμή. Και όταν θα θες να διασκεδάσεις, μπορείς να βγεις και να αφεθείς στον παλμό του Χολαργού ή να φέρεις τη διασκέδαση σπίτι, με τα ασύρματα ηχεία ή τη smart TV.<br />
<br />
<b>Διαρρύθμιση δωματίων ύπνου</b><br />
    <br />
        Υπέρδιπλο κρεβάτι: 160 εκ.<br />
<br />
        Διπλό κρεβάτι: 140 εκ.<br />
<br />
<b>Παροχές κτιρίου</b><br />
<br />
      Ασανσέρ<br />
      Πλυντήριο<br />
      Θέση στάθμευσης<br />
<br />
<br />
<b>Άφιξη και συνεχής υποστήριξη πελατών</b><br><br />
Κατά τη διάρκεια της διαμονής σου, η ομάδα μας θα είναι διαθέσιμη για να σε βοηθήσει με οτιδήποτε χρειαστείς. Μέσω της ειδικής mobile εφαρμογής της Blueground έχεις συνεχή υποστήριξη, ενώ μπορείς ακόμη να προγραμματίσεις υπηρεσίες καθαρισμού, συντήρησης ή επισκευής, με το πάτημα ενός κουμπιού.<br />
<br />
<b>Ιδανική τοποθεσία</b><br />
<br />
Αυτό το ακίνητο βρίσκεται στα βόρεια προάστια της Αθήνας, στον Χολαργό. Ο Χολαργός είναι μια γοητευτική γειτονιά, όπου οι επιλογές για ψώνια και φαγητό βρίσκονται στο κατώφλι σας. Ο Χολαργός βρίσκεται σε απόσταση 10 χλμ. από το ιστορικό κέντρο της Αθήνας, με απλή πρόσβαση από το σταθμό του μετρό Χολαργός.",,"1",,"1","2",,,,,,,,,"0","0","2026-06-29","6",,"0","yes","yes","1","Αθήνα - Βόρεια Προάστια (Αττική)","Χολαργός (Αθήνα - Βόρεια Προάστια)","1","105103","101","2123",,,"1","2","0","0","1","1220259948","https://m3.spitogatos.gr/360248354_1600x1200.jpg?v=20130730","https://m3.spitogatos.gr/360248357_1600x1200.jpg?v=20130730","https://m2.spitogatos.gr/360248362_1600x1200.jpg?v=20130730","https://m3.spitogatos.gr/360248366_1600x1200.jpg?v=20130730","https://m3.spitogatos.gr/360248372_1600x1200.jpg?v=20130730","https://m1.spitogatos.gr/360248379_1600x1200.jpg?v=20130730","https://m2.spitogatos.gr/360248386_1600x1200.jpg?v=20130730","https://m3.spitogatos.gr/360248390_1600x1200.jpg?v=20130730","https://m1.spitogatos.gr/360248397_1600x1200.jpg?v=20130730","https://m3.spitogatos.gr/360248402_1600x1200.jpg?v=20130730","https://m3.spitogatos.gr/360248408_1600x1200.jpg?v=20130730","https://m1.spitogatos.gr/360248412_1600x1200.jpg?v=20130730","https://m1.spitogatos.gr/360248415_1600x1200.jpg?v=20130730","https://m3.spitogatos.gr/360248417_1600x1200.jpg?v=20130730","https://m3.spitogatos.gr/360248420_1600x1200.jpg?v=20130730","https://m3.spitogatos.gr/360248423_1600x1200.jpg?v=20130730","https://m1.spitogatos.gr/360248427_1600x1200.jpg?v=20130730","https://m1.spitogatos.gr/360248430_1600x1200.jpg?v=20130730","https://m1.spitogatos.gr/360248433_1600x1200.jpg?v=20130730","https://m2.spitogatos.gr/360248434_1600x1200.jpg?v=20130730","https://m1.spitogatos.gr/360248436_1600x1200.jpg?v=20130730","https://m1.spitogatos.gr/360248439_1600x1200.jpg?v=20130730","https://m1.spitogatos.gr/360248442_1600x1200.jpg?v=20130730","https://m3.spitogatos.gr/360248447_1600x1200.jpg?v=20130730",,"0","0",,"0","37.999596","1","0","23.791056",,"0",,,"2026-07-28","0","0","1","0",,"0","1",,,"1","0","1",,"0","0","0","1650",,,"0","0","0","0","23.57",,,"1","3",,"1","0",,,,"2","0","1",,"70","1",,"Voutsina 50","1","1","0","2026-06-29","https://www.spitogatos.gr/en/property/1220259948","https://nodalview.com/s/03HklXzCD2_uPl8nXQxOYj","0",,"2024",,
"1","2",,"simple","1",,,,,"0","0","0","0","2026-09-02","0","0","1","0","0",,,"house",,,,"1","Νιώσε σαν στο σπίτι σου, όπου και αν επιλέξεις να μείνεις με την Blueground. Θα λατρέψεις αυτό το κομψά επιπλωμένο διαμέρισμα δύο υπνοδωματίων, για τη διακόσμησή του, την πλήρως εξοπλισμένη κουζίνα και το φωτεινό καθιστικό του. Βρίσκεται σε ιδανική τοποθεσία, κοντά σε όλα όσα έχει να σου προσφέρει η Αγία Παρασκευή!<br><br />
<br />
Η διαφημιζόμενη τιμή των €1,260/μήνα είναι η τιμή για 1 έτος, με ημερομηνία έναρξης Σεπτεμβρίου 1, 2026.<br />
<br>Οι τιμές διαφέρουν ανάλογα με τη διάρκεια παραμονής, την εποχικότητα και άλλους παράγοντες. Επισκεφθείτε τον ιστότοπό μας και εισάγετε τις ημερομηνίες διαμονής σας για να δείτε ενημερωμένες τιμές για την κράτησή σας. Η τιμή ισχύει μόνο με προκαταβολή· ενδέχεται να είναι υψηλότερη εάν πληρωθεί σε δόσεις.<br />
<br />
<b>Κλείστε αυτό το διαμέρισμα online!</b><br />
<br />
https://www.theblueground.com/p/furnished-apartments/ath-2106?utm_source=classified-4<br />
<br />
Aναβαθμίστε τη διαμονή σας με ένα πλήρως επιπλωμένο διαμέρισμα από τη Blueground:<br />
      – Επιπλωμένα σπίτια σε τιμές αντίστοιχες με τα ανεπίπλωτα<br />
      – Χωρίς κόστη εγκατάστασης ή αγοράς επίπλων - εξοικονομήστε χρόνο και χρήματα<br />
      – Έτοιμα για άμεση μετακόμιση - το μόνο που χρειάζεστε είναι η βαλίτσα σας<br />
<br />
<b>Ο χώρος</b><br><br />
Νιώσε σαν στο σπίτι σου σε αυτό το επιπλωμένο διαμέρισμα της Blueground με το μοναδικό design, τα μοντέρνα έπιπλα και την πλήρως εξοπλισμένη κουζίνα.<br />
Δες τις αγαπημένες σου ταινίες στη smart TV ή άκουσε δυνατά μουσική στα ασύρματα ηχεία τελευταίας τεχνολογίας. Ό,τι και να αποφασίσεις να κάνεις το μόνο σίγουρο είναι πως θα αγαπήσεις όλα όσα σου προσφέρει αυτό το φωτεινό διαμέρισμα.<br />
<br />
<b>Διαρρύθμιση δωματίων ύπνου</b><br />
    <br />
        Υπέρδιπλο κρεβάτι: 160 εκ.<br />
<br />
        Διπλό κρεβάτι: 140 εκ.<br />
<br />
<b>Παροχές κτιρίου</b><br />
<br />
      Ασανσέρ<br />
      Πλυντήριο<br />
      Επιτρέπονται κατοικίδια<br />
<br />
<br />
<b>Άφιξη και συνεχής υποστήριξη πελατών</b><br><br />
Κατά τη διάρκεια της διαμονής σου, η ομάδα μας θα είναι διαθέσιμη για να σε βοηθήσει με οτιδήποτε χρειαστείς. Μέσω της ειδικής mobile εφαρμογής της Blueground έχεις συνεχή υποστήριξη, ενώ μπορείς ακόμη να προγραμματίσεις υπηρεσίες καθαρισμού, συντήρησης ή επισκευής, με το πάτημα ενός κουμπιού.<br />
<br />
<b>Ιδανική τοποθεσία</b><br />
<br />
Η Αγία Παρασκευή είναι μια γοητευτική γειτονιά που βρίσκεται στη βορειοανατολική γωνία της Αθήνας, μόλις 9 χιλιόμετρα από το κέντρο της πόλης. Φιλοξενεί το Deree College, τμήμα του Αμερικανικού Κολλεγίου Ελλάδος (ACG). Η διαβίωση στην Αγία Παρασκευή είναι πολύ δημοφιλής μεταξύ ντόπιων και ομογενών που αναζητούν ένα μέρος που συνδυάζει χώρους πρασίνου με σύγχρονες ανέσεις και διαμερίσματα υψηλής ποιότητας. Εξυπηρετείται από το σταθμό του μετρό Αγία Παρασκευή.",,"1",,"1","4",,,,,,,,,"0","0","2026-06-15","7",,"0","yes","no","0","Αθήνα - Βόρεια Προάστια (Αττική)","Αγία Παρασκευή (Αθήνα - Βόρεια Προάστια)","1","105103","101","2101",,,"1","2","0","0","1","1220112788","https://m3.spitogatos.gr/358662491_1600x1200.jpg?v=20130730","https://m2.spitogatos.gr/358662505_1600x1200.jpg?v=20130730","https://m1.spitogatos.gr/358662519_1600x1200.jpg?v=20130730","https://m2.spitogatos.gr/358662532_1600x1200.jpg?v=20130730","https://m1.spitogatos.gr/358662543_1600x1200.jpg?v=20130730","https://m3.spitogatos.gr/358662554_1600x1200.jpg?v=20130730","https://m1.spitogatos.gr/358662567_1600x1200.jpg?v=20130730","https://m1.spitogatos.gr/358662579_1600x1200.jpg?v=20130730","https://m1.spitogatos.gr/358662591_1600x1200.jpg?v=20130730","https://m2.spitogatos.gr/358662604_1600x1200.jpg?v=20130730","https://m1.spitogatos.gr/357099129_1600x1200.jpg?v=20130730","https://m2.spitogatos.gr/357099130_1600x1200.jpg?v=20130730","https://m3.spitogatos.gr/357099131_1600x1200.jpg?v=20130730","https://m1.spitogatos.gr/357099132_1600x1200.jpg?v=20130730","https://m2.spitogatos.gr/357099133_1600x1200.jpg?v=20130730","https://m3.spitogatos.gr/357099134_1600x1200.jpg?v=20130730","https://m1.spitogatos.gr/357099135_1600x1200.jpg?v=20130730","https://m2.spitogatos.gr/357099136_1600x1200.jpg?v=20130730","https://m3.spitogatos.gr/357099137_1600x1200.jpg?v=20130730","https://m1.spitogatos.gr/357099138_1600x1200.jpg?v=20130730","https://m2.spitogatos.gr/357099139_1600x1200.jpg?v=20130730","https://m3.spitogatos.gr/357099140_1600x1200.jpg?v=20130730","https://m1.spitogatos.gr/357099141_1600x1200.jpg?v=20130730","https://m3.spitogatos.gr/357099143_1600x1200.jpg?v=20130730",,"0","0",,"0","38.009789","1","0","23.816044",,"0",,,"2026-07-28","0","0",,"0",,"0","1",,,"1","0","0","1","0","0","0","1260",,,"0","0","0","0","19.09",,,"1","3","6","1","1",,,,"2","0","1",,"66","1",,"28is Oktovriou 23","1","1","0","2026-06-13","https://www.spitogatos.gr/en/property/1220112788","https://nodalview.com/s/1yxgl45uL5fOpw1C1jsReJ","0",,"1980",,
"1","4",,"simple","1",,,,,"0","1","0","0","2026-10-02","0","0","1","0","0",,,"house",,,,"1","Ξεκίνα να ζεις από την πρώτη μέρα, σε αυτό το κομψά επιπλωμένο διαμέρισμα τριών υπνοδωματίων της Blueground στο κέντρο του Χολαργού. Πλήρως εξοπλισμένο με έπιπλα μοναδικού design, ηλεκτρικές συσκευές τελευταίας τεχνολογίας.<br><br />
<br />
Η διαφημιζόμενη τιμή των €1,410/μήνα είναι η τιμή για 1 έτος, με ημερομηνία έναρξης Οκτωβρίου 1, 2026. Η χαμηλότερη διαθέσιμη τιμή είναι €1,380/μήνα για μίσθωση 7 μήνα(μηνών) και 4 ημέρας(ημερών) με ημερομηνία έναρξης Οκτωβρίου 1, 2026.<br />
<br>Οι τιμές διαφέρουν ανάλογα με τη διάρκεια παραμονής, την εποχικότητα και άλλους παράγοντες. Επισκεφθείτε τον ιστότοπό μας και εισάγετε τις ημερομηνίες διαμονής σας για να δείτε ενημερωμένες τιμές για την κράτησή σας. Η τιμή ισχύει μόνο με προκαταβολή· ενδέχεται να είναι υψηλότερη εάν πληρωθεί σε δόσεις.<br />
<br />
<b>Κλείστε αυτό το διαμέρισμα online!</b><br />
<br />
https://www.theblueground.com/p/furnished-apartments/ath-2090?utm_source=classified-4<br />
<br />
Aναβαθμίστε τη διαμονή σας με ένα πλήρως επιπλωμένο διαμέρισμα από τη Blueground:<br />
      – Επιπλωμένα σπίτια σε τιμές αντίστοιχες με τα ανεπίπλωτα<br />
      – Χωρίς κόστη εγκατάστασης ή αγοράς επίπλων - εξοικονομήστε χρόνο και χρήματα<br />
      – Έτοιμα για άμεση μετακόμιση - το μόνο που χρειάζεστε είναι η βαλίτσα σας<br />
<br />
<b>Ο χώρος</b><br><br />
Νιώσε σαν στο σπίτι σου σε αυτό το επιπλωμένο διαμέρισμα της Blueground με το μοναδικό design, τα μοντέρνα έπιπλα και την πλήρως εξοπλισμένη κουζίνα.<br />
Δες τις αγαπημένες σου ταινίες στη smart TV ή άκουσε δυνατά μουσική στα ασύρματα ηχεία τελευταίας τεχνολογίας. Ό,τι και να αποφασίσεις να κάνεις το μόνο σίγουρο είναι πως θα αγαπήσεις όλα όσα σου προσφέρει αυτό το ευρύχωρο διαμέρισμα.<br />
<br />
<b>Διαρρύθμιση δωματίων ύπνου</b><br />
    <br />
        Μονό κρεβάτι: 90 εκ.<br />
<br />
        Υπέρδιπλο κρεβάτι: 160 εκ.<br />
<br />
        Διπλό κρεβάτι: 140 εκ.<br />
<br />
<b>Παροχές κτιρίου</b><br />
<br />
      Στεγνωτήριο<br />
      Ασανσέρ<br />
      Πλυντήριο<br />
      Θέση στάθμευσης<br />
<br />
<br />
<b>Άφιξη και συνεχής υποστήριξη πελατών</b><br><br />
Κατά τη διάρκεια της διαμονής σου, η ομάδα μας θα είναι διαθέσιμη για να σε βοηθήσει με οτιδήποτε χρειαστείς. Μέσω της ειδικής mobile εφαρμογής της Blueground έχεις συνεχή υποστήριξη, ενώ μπορείς ακόμη να προγραμματίσεις υπηρεσίες καθαρισμού, συντήρησης ή επισκευής, με το πάτημα ενός κουμπιού.<br />
<br />
<b>Ιδανική τοποθεσία</b><br />
<br />
Αυτό το ακίνητο βρίσκεται στα βόρεια προάστια της Αθήνας, στον Χολαργό. Ο Χολαργός είναι μια γοητευτική γειτονιά, όπου οι επιλογές για ψώνια και φαγητό βρίσκονται στο κατώφλι σας. Ο Χολαργός βρίσκεται σε απόσταση 10 χλμ. από το ιστορικό κέντρο της Αθήνας, με απλή πρόσβαση από το σταθμό του μετρό Χολαργός.",,"1",,"1","4",,,,,,,,,"0","1","2026-07-14","9",,"0","yes","yes","1","Αθήνα - Βόρεια Προάστια (Αττική)","Χολαργός (Αθήνα - Βόρεια Προάστια)","1","105103","101","2123",,,"1","1","0","0","1","1220373763","https://m2.spitogatos.gr/361654120_1600x1200.jpg?v=20130730","https://m3.spitogatos.gr/361654127_1600x1200.jpg?v=20130730","https://m2.spitogatos.gr/361654135_1600x1200.jpg?v=20130730","https://m2.spitogatos.gr/361654144_1600x1200.jpg?v=20130730","https://m2.spitogatos.gr/361654150_1600x1200.jpg?v=20130730","https://m3.spitogatos.gr/361654157_1600x1200.jpg?v=20130730","https://m2.spitogatos.gr/361654162_1600x1200.jpg?v=20130730","https://m3.spitogatos.gr/361654169_1600x1200.jpg?v=20130730","https://m1.spitogatos.gr/361654173_1600x1200.jpg?v=20130730","https://m1.spitogatos.gr/361654176_1600x1200.jpg?v=20130730","https://m1.spitogatos.gr/361654179_1600x1200.jpg?v=20130730","https://m1.spitogatos.gr/361654188_1600x1200.jpg?v=20130730","https://m1.spitogatos.gr/361654197_1600x1200.jpg?v=20130730","https://m3.spitogatos.gr/361654202_1600x1200.jpg?v=20130730","https://m2.spitogatos.gr/361654210_1600x1200.jpg?v=20130730","https://m1.spitogatos.gr/361654218_1600x1200.jpg?v=20130730","https://m1.spitogatos.gr/361654227_1600x1200.jpg?v=20130730","https://m3.spitogatos.gr/361654235_1600x1200.jpg?v=20130730","https://m2.spitogatos.gr/361654243_1600x1200.jpg?v=20130730","https://m2.spitogatos.gr/361654252_1600x1200.jpg?v=20130730","https://m2.spitogatos.gr/361654261_1600x1200.jpg?v=20130730","https://m3.spitogatos.gr/361654268_1600x1200.jpg?v=20130730","https://m2.spitogatos.gr/361654276_1600x1200.jpg?v=20130730","https://m1.spitogatos.gr/361654281_1600x1200.jpg?v=20130730","https://m2.spitogatos.gr/361654285_1600x1200.jpg?v=20130730","0","0",,"0","37.998192","1","0","23.796701",,"0",,,"2026-07-28","0","0",,"0",,"1","1",,,"1","0","0",,"0","0","0","1410",,,"0","0","0","0","11.28",,,"1","3","6","1","1",,,,"3","0","1",,"125","0",,"Imittou 41","1","1","0","2026-07-14","https://www.spitogatos.gr/en/property/1220373763","https://nodalview.com/s/3117h_Q61EyRWf9yheczwR","0",,"2002",,
"0","1","no","simple","1",,,,,"0","0","0","0","2026-08-01","0","1","0","40","1","0","false","house",,"50",,"0","<br>Αγία Παρασκευή: Τσάκος, ενοικιάζεται οροφοδιαμέρισμα 150 τ.μ. 1ου ορόφου. Κατασκευάστηκε το 1995 και έγινε ανακαίνιση το 2019. Το διαμέρισμα αποτελείται από μεγάλο χώρο υποδοχής, τρία υπνοδωμάτια και δύο πλήρη μπάνια, ξεχωριστή κουζίνα και δύο βεράντες μπρος πίσω συνολικής επιφάνειας 40 τ.μ. Διαθέτει πόρτα ασφαλείας, αλουμίνια διπλά τζάμια, πολλές ντουλάπες, ξύλινα πατώματα σε όλο το σπίτι, τζάκι, αυτονομία φυσικού αερίου, ηλεκτρικές τέντες, ηλιακό, αποθήκη 9 τ.μ., 3 θέσεις στάθμευσης και ασανσέρ. Ο προσανατολισμός του διαμερίσματος είναι βορειοανατολικός, βρίσκεται σε πολύ ήσυχη γειτονιά και σε εξαιρετικό κτήριο που περιτριγυρίζεται από φροντισμένο κήπο. Ιδανικό για οικογένεια που επιζητεί ποιότητα ζωής σε μια όμορφη συνοικία. Ενεργειακή κλάση: Γ. Κωδικός ακινήτου: 3-6854. Τιμή: 1700€. Find: www.find.com.gr, contact@find.com.gr. +30 2114004141, +30 2114004242. Η διεύθυνση ή το στίγμα στο χάρτη είναι κατά προσέγγιση και δεν υποδεικνύουν την ακριβή τοποθεσία του ακινήτου, αλλά πλησίον αυτής. Για την υπόδειξη του ακινήτου είναι απαραίτητη η προσκόμιση της ταυτότητας και του ΑΦΜ του ενδιαφερομένου αγοραστή/ενοικιαστή (Νόμοι 4072/2012 και 4557/2018). Κάποια χαρακτηριστικά στην περιγραφή του ακινήτου βασίζονται σε πληροφορίες που παρέχονται από τον ιδιοκτήτη και δεν αποτελούν μέρος οποιασδήποτε σύμβασης. Find Real Estate Μέλος: NAR, CEPΙ, ΣΜΑΣΑ, ΕΠΠΑ. <br>","15300",,,"0","5",,,,,,,,,"1","1","2026-04-21","6","2","0","no","yes","1","Αθήνα - Βόρεια Προάστια (Αττική)","Αγία Παρασκευή (Αθήνα - Βόρεια Προάστια)","1","105103","101","2101","329489","Double","1","2","0","0","1","1219750714","https://m2.spitogatos.gr/351553894_1600x1200.jpg?v=20130730","https://m3.spitogatos.gr/351553895_1600x1200.jpg?v=20130730","https://m2.spitogatos.gr/351553897_1600x1200.jpg?v=20130730","https://m2.spitogatos.gr/351553900_1600x1200.jpg?v=20130730","https://m3.spitogatos.gr/351553901_1600x1200.jpg?v=20130730","https://m1.spitogatos.gr/351553902_1600x1200.jpg?v=20130730","https://m3.spitogatos.gr/351553904_1600x1200.jpg?v=20130730","https://m2.spitogatos.gr/351553906_1600x1200.jpg?v=20130730","https://m3.spitogatos.gr/351553907_1600x1200.jpg?v=20130730","https://m2.spitogatos.gr/351553909_1600x1200.jpg?v=20130730","https://m3.spitogatos.gr/351553910_1600x1200.jpg?v=20130730","https://m1.spitogatos.gr/351553911_1600x1200.jpg?v=20130730","https://m2.spitogatos.gr/351553912_1600x1200.jpg?v=20130730","https://m3.spitogatos.gr/351553913_1600x1200.jpg?v=20130730","https://m1.spitogatos.gr/351553914_1600x1200.jpg?v=20130730","https://m1.spitogatos.gr/351553917_1600x1200.jpg?v=20130730","https://m1.spitogatos.gr/355049265_1600x1200.jpg?v=20130730","https://m1.spitogatos.gr/351553920_1600x1200.jpg?v=20130730","https://m2.spitogatos.gr/351553921_1600x1200.jpg?v=20130730","https://m2.spitogatos.gr/351553924_1600x1200.jpg?v=20130730","https://m3.spitogatos.gr/351553925_1600x1200.jpg?v=20130730","https://m2.spitogatos.gr/351553927_1600x1200.jpg?v=20130730","https://m1.spitogatos.gr/351553929_1600x1200.jpg?v=20130730","https://m2.spitogatos.gr/351553930_1600x1200.jpg?v=20130730","https://m2.spitogatos.gr/351553933_1600x1200.jpg?v=20130730","0","0","2","1","38.005947",,"1","23.820044","450","1",,"0","2026-07-27","0","0",,"0",,"0","2","5","5","0","0","0",,"0","0","0","1700",,,"0","0","0","0","11.33",,,"1","3","6","1","0",,"0","1","3","0","1","1","150","1","9","Μακεδονίας, 153 41, Αγία Παρασκευή","0","1","0","2026-04-21","https://www.spitogatos.gr/en/property/1219750714",,"1","0","1995","IzcmOdgoUwY","residential"
"1","4","no","simple","1",,,,,"1","0","0","0","2026-05-02","0","0","0","0","1","0",,"house",,"60",,"0","<br>Ζήστε την Απόλυτη Κομψότητα με Απεριόριστη Θέα στην Καρδιά της Αγίας Παρασκευής (Τσακός)!<br />
<br />
Αναζητάτε ένα σπίτι που συνδυάζει πολυτέλεια, λειτουργικότητα και εκπληκτική θέα; Αυτό το αριστοκρατικό διαμέρισμα 118 τ.μ., κατασκευής 1997, στον 4ο όροφο, είναι η απάντηση!<br />
<br />
Φωτεινό, ευρύχωρο και με απαράμιλλη αισθητική, σας καλωσορίζει με δύο άνετα υπνοδωμάτια, ένα σαλόνι που ""αγκαλιάζει"" την πόλη, ανεξάρτητη πλήρως εξοπλισμένη κουζίνα, μπάνιο και ένα επιπλέον WC για την απόλυτη άνεσή σας.<br />
<br />
Ξυπνήστε κάθε πρωί με τον ήλιο να λούζει τους χώρους και απολαύστε απεριόριστες στιγμές χαλάρωσης στο μπαλκόνι, ατενίζοντας την εκπληκτική, ανοιχτή θέα που κόβει την ανάσα.<br />
<br />
Η αυτόνομη θέρμανση φυσικού αερίου υπόσχεται ζεστές και οικονομικές βραδιές, ενώ τα κουφώματα αλουμινίου με διπλά τζάμια προσφέρουν ησυχία και τέλεια μόνωση. Η θωρακισμένη πόρτα και η θυροτηλεόραση σας χαρίζουν αίσθηση ασφάλειας και γαλήνης.<br />
<br />
Εξοπλισμένο με A/C για τους καλοκαιρινούς μήνες, εντοιχισμένες ντουλάπες, νυχτερινό ρεύμα, ανελκυστήρα και πλήρεις ηλεκτρικές συσκευές, αυτό το διαμέρισμα είναι έτοιμο να φιλοξενήσει τα όνειρά σας, χωρίς καμία πρόσθετη έγνοια.<br />
<br />
Μην χάσετε την ευκαιρία να αποκτήσετε ένα σπίτι-κόσμημα σε μία από τις ομορφότερες περιοχές της Αθήνας. Ιδανικό για απαιτητικούς ενοικιαστές που αναζητούν το καλύτερο!<br />
<br />
Επικοινωνήστε σήμερα για μια ιδιωτική ξενάγηση – η θέα και η ατμόσφαιρα θα σας μαγέψουν!<br />
<br />
Τιμή: 1.350 €<br>Πριν την πραγματοποίηση του ραντεβού και σύμφωνα με τις ισχύουσες διατάξεις περί κτηματομεσιτικών εργασιών, είναι απαραίτητη η επίδειξη αστυνομικής ταυτότητας ή διαβατηρίου από κάθε επισκέπτη. Επίσης, θα ζητηθεί η υπογραφή της εντολής υπόδειξης ακινήτου, προκειμένου να διασφαλιστεί η διαφάνεια της διαδικασίας.<br>Επικοινωνήστε άμεσα για ραντεβού και προσωπική ξενάγηση στο χώρο!<br> <br>",,,,"1","6",,,,,,,,,"1","1","2026-05-02","9","10","0","no","yes","0","Αθήνα - Βόρεια Προάστια (Αττική)","Αγία Παρασκευή (Αθήνα - Βόρεια Προάστια)","1","105103","101","2101","329489","Double","1","2","0","0","1","1219812808","https://m3.spitogatos.gr/352336331_1600x1200.jpg?v=20130730","https://m1.spitogatos.gr/352336332_1600x1200.jpg?v=20130730","https://m2.spitogatos.gr/352336333_1600x1200.jpg?v=20130730","https://m3.spitogatos.gr/352336334_1600x1200.jpg?v=20130730","https://m1.spitogatos.gr/352336335_1600x1200.jpg?v=20130730","https://m3.spitogatos.gr/352336337_1600x1200.jpg?v=20130730","https://m2.spitogatos.gr/352336339_1600x1200.jpg?v=20130730","https://m2.spitogatos.gr/352336342_1600x1200.jpg?v=20130730","https://m1.spitogatos.gr/352336344_1600x1200.jpg?v=20130730","https://m3.spitogatos.gr/352336346_1600x1200.jpg?v=20130730","https://m2.spitogatos.gr/352336348_1600x1200.jpg?v=20130730","https://m1.spitogatos.gr/352336350_1600x1200.jpg?v=20130730","https://m1.spitogatos.gr/352336353_1600x1200.jpg?v=20130730","https://m3.spitogatos.gr/352336355_1600x1200.jpg?v=20130730","https://m2.spitogatos.gr/352336357_1600x1200.jpg?v=20130730","https://m1.spitogatos.gr/352336359_1600x1200.jpg?v=20130730","https://m3.spitogatos.gr/352336361_1600x1200.jpg?v=20130730","https://m2.spitogatos.gr/352336363_1600x1200.jpg?v=20130730","https://m3.spitogatos.gr/352336364_1600x1200.jpg?v=20130730","https://m2.spitogatos.gr/352336366_1600x1200.jpg?v=20130730","https://m1.spitogatos.gr/352336368_1600x1200.jpg?v=20130730","https://m2.spitogatos.gr/352336372_1600x1200.jpg?v=20130730","https://m3.spitogatos.gr/352336376_1600x1200.jpg?v=20130730","https://m2.spitogatos.gr/352336378_1600x1200.jpg?v=20130730","https://m2.spitogatos.gr/352336384_1600x1200.jpg?v=20130730","0","0","2","1","38.005863",,"1","23.816193",,"1",,,"2026-06-16","0","0",,"1",,"1","1","5","3","0","0","0",,"0","0","0","1350",,,"0","0","0","0","11.44",,,"1","3","6","1","0",,"0","1","2","0","1","0","118","0",,"Τερψιθέας 54-68, 153 41, Αγία Παρασκευή","0","1","0","2026-05-02","https://www.spitogatos.gr/en/property/1219812808",,"1","0","1997",,"residential"
"1","1","no","simple","1","Πηνελόπη","94509","Παπαϊωάνου","2103300020","0","0","0","0","2026-04-17","0","0","0","0","0","0",,"house",,,,"1","<br>Σε μια ήσυχη γειτονιά της Αγίας Παρασκευής<br />
        προσφέρεται προς ενοικίαση φωτεινό, γωνιακό και διαμπερές διαμέρισμα 126 τ.μ.,<br />
        1ου ορόφου, που ξεχωρίζει για τους μεγάλους λειτουργικούς χώρους, την<br />
        εξαιρετική διαρρύθμιση, το άπλετο φυσικό φως.<br />
<br />
Η κατοικία διαθέτει ιδιαίτερα ευρύχωρο και<br />
        σχεδόν τετράγωνο σαλόνι, που προσφέρει πολλές δυνατότητες διαμόρφωσης για<br />
        καθιστικό και τραπεζαρία, ανεξάρτητη κουζίνα, τρία άνετα υπνοδωμάτια, ένα<br />
        πλήρες μπάνιο, επιπλέον WC και αποθήκη 6 τ.μ. στο υπόγειο.<br />
<br />
Όλοι οι κύριοι χώροι του διαμερίσματος<br />
        διαθέτουν μεγάλες μπαλκονόπορτες με πρόσβαση στα δύο μπαλκόνια.<br />
<br />
Τα δύο ευρύχωρα μπαλκόνια, εμπρός και πίσω,<br />
        έχουν θέα στον ιδιαίτερα περιποιημένο κοινόχρηστο κήπο του συγκροτήματος<br />
        κατοικιών.<br />
<br />
Το διαμέρισμα είναι φρεσκοβαμμένο και έτοιμο<br />
        για άμεση κατοίκηση. Διαθέτει θέρμανση φυσικού αερίου με αυτόνομο λέβητα, δύο<br />
        κλιματιστικά, πόρτα ασφαλείας, ανελκυστήρα, δάπεδα από μάρμαρο και ξύλο και<br />
        κουφώματα αλουμινίου.<br />
<br />
Η πολυκατοικία αποτελεί μέρος ενός<br />
        συγκροτήματος τριών πολυκατοικιών που αναπτύσσονται σε οικόπεδο περίπου 2,5<br />
        στρεμμάτων, με μεγάλους κοινόχρηστους χώρους πρασίνου και ευρύχωρη πιλοτή. Η<br />
        θέα προς τον κήπο και η απουσία έντονης κυκλοφορίας από κεντρικό δρόμο<br />
        δημιουργούν ένα ήρεμο και ευχάριστο περιβάλλον για την καθημερινότητα.<br />
<br />
Η περιοχή συνδυάζει την ηρεμία μιας καθαρά<br />
        οικιστικής γειτονιάς με την άμεση πρόσβαση σε όλες τις απαραίτητες<br />
        υποδομές  ( τοπική αγορά  με διάφορα σούπερ μάρκετ, φαρμακεία,<br />
        φούρνος...).<br />
<br />
Στάσεις λεωφορείων για τοπική εξυπηρέτηση,<br />
        μετρό (Νομισματοκοπείο), κέντρο Αθήνας, η έξοδος της Αττικής Οδού απέχει 5<br />
        λεπτά με το αυτοκίνητο.<br />
<br />
Σε κοντινή απόσταση βρίσκονται Σχολεία<br />
        Δημοτικά Γυμνάσια και Λύκεια, όπως και το Deree – The American College of<br />
        Greece και το Γαλλικό Κολλέγιο (Lycée Franco-Hellénique Eugène Delacroix).<br />
<br />
Ένα διαμέρισμα που προσφέρει άνεση,<br />
        λειτουργικότητα, φυσικό φως και ποιότητα ζωής, σε μια ήσυχη γειτονιά με<br />
        εξαιρετική πρόσβαση σε βασικές υποδομές και εκπαιδευτικά ιδρύματα. <br>Lion Real Estate<br />
www.lionrealestate.gr<br />
Ζωοδόχου Πηγής 38-40, 10681 Αθήνα<br />
Τηλ.: 210 3300020<br />
________________________________________________________________________________________<br />
Σημαντική ενημέρωση<br />
<br />
Για την υπόδειξη ακινήτων απαιτείται η επίδειξη της αστυνομικής ταυτότητας ή του διαβατηρίου, σύμφωνα με τις διατάξεις του Ν. 4557/2018, όπως ισχύει, σχετικά με την εφαρμογή μέτρων δέουσας επιμέλειας και την πρόληψη της νομιμοποίησης εσόδων από εγκληματικές δραστηριότητες<br />
________________________________________________________________________________________<br />
Ώρες επικοινωνίας: 09:00 – 21:00<br />
Σύμβουλος Ακινήτων, κα Πηνελόπη Παπαϊωάννου, τηλ: 6981000645<br />
email: p.papaioannou.lion@gmail.com",,,,"1","5",,,,,,,,,"0","0","2026-04-17","6","2","0","no","no","0","Αθήνα - Βόρεια Προάστια (Αττική)","Αγία Παρασκευή (Αθήνα - Βόρεια Προάστια)","1","105103","101","2101","123120","Single","1","2","0","0","1","1219731434","https://m1.spitogatos.gr/362059416_1600x1200.jpg?v=20130730","https://m1.spitogatos.gr/362059428_1600x1200.jpg?v=20130730","https://m1.spitogatos.gr/362059449_1600x1200.jpg?v=20130730","https://m3.spitogatos.gr/362059460_1600x1200.jpg?v=20130730","https://m3.spitogatos.gr/362059478_1600x1200.jpg?v=20130730","https://m3.spitogatos.gr/362059490_1600x1200.jpg?v=20130730","https://m3.spitogatos.gr/362059496_1600x1200.jpg?v=20130730","https://m2.spitogatos.gr/362059501_1600x1200.jpg?v=20130730","https://m1.spitogatos.gr/362059527_1600x1200.jpg?v=20130730","https://m3.spitogatos.gr/362059544_1600x1200.jpg?v=20130730","https://m2.spitogatos.gr/362059552_1600x1200.jpg?v=20130730","https://m3.spitogatos.gr/362059571_1600x1200.jpg?v=20130730","https://m3.spitogatos.gr/362059580_1600x1200.jpg?v=20130730","https://m2.spitogatos.gr/362059597_1600x1200.jpg?v=20130730","https://m2.spitogatos.gr/362059609_1600x1200.jpg?v=20130730","https://m3.spitogatos.gr/362059619_1600x1200.jpg?v=20130730","https://m2.spitogatos.gr/362059642_1600x1200.jpg?v=20130730","https://m3.spitogatos.gr/362059646_1600x1200.jpg?v=20130730","https://m2.spitogatos.gr/362059651_1600x1200.jpg?v=20130730","https://m1.spitogatos.gr/362059659_1600x1200.jpg?v=20130730","https://m2.spitogatos.gr/362059663_1600x1200.jpg?v=20130730","https://m1.spitogatos.gr/362059680_1600x1200.jpg?v=20130730","https://m1.spitogatos.gr/362059695_1600x1200.jpg?v=20130730","https://m2.spitogatos.gr/362059699_1600x1200.jpg?v=20130730","https://m3.spitogatos.gr/362059712_1600x1200.jpg?v=20130730","0","0","2","1","38.004196",,"1","23.817959",,"0",,,"2026-07-22","0","0",,"0",,"1","1",,,"0","0","0",,"0","0","0","1200",,,"0","0","0","0","9.52",,,"1","3","6","1","0",,"0","7","3","0","0","0","126","1",,"Επτανήσου 16, 153 41, Αγία Παρασκευή","0","1","0","2026-04-17","https://www.spitogatos.gr/en/property/1219731434",,"0","0","1994",,"residential"
"0","2","no","simple","1",,,,,"1","0","0","0","2026-04-03","0","0","0","0","1","0",,"house","0",,,"0","Διατίθεται προς ενοικίαση προσεγμένο διαμέρισμα 2ου ορόφου, επιφάνειας 87 τ.μ., στον Χολαργό, κατασκευής 1973 και ανακαινισμένο το 2026. Το ακίνητο είναι προσόψεως, φωτεινό, ευάερο και διαμπερές, και αποτελείται από δύο άνετα υπνοδωμάτια, ευρύχωρο σαλόνι, ξεχωριστή κουζίνα και ένα μεγάλο μπάνιο, προσφέροντας λειτουργική διαρρύθμιση και άνετους χώρους διαβίωσης. Διαθέτει κεντρική θέρμανση φυσικού αερίου, κουφώματα αλουμινίου με διπλά τζάμια, δάπεδα από ξύλο και μάρμαρο, ασανσέρ και ηλεκτρικές συσκευές, εξασφαλίζοντας άνεση και πρακτικότητα στην καθημερινότητα. Αποτελεί ιδανική επιλογή για ζευγάρια, οικογένειες ή επαγγελματίες που αναζητούν κατοικία σε προνομιακό και άμεσα προσβάσιμο σημείο, σε εξαιρετική τοποθεσία, μόλις 10 λεπτά με τα πόδια από τη στάση μετρό Εθνικής Άμυνας, προσφέροντας εύκολη σύνδεση με το κέντρο και τις γύρω περιοχές. Μια ολοκληρωμένη πρόταση κατοικίας που συνδυάζει τοποθεσία, άνεση και ιδανική ποιότητα ζωής. VIDEO : https://youtu.be/i5ZVXLEJkKg<br />
Για περισσότερες πληροφορίες: KW Solutions Group, τηλ.: 2130414087, email: info@solutionsgroup.gr.<br />
Απαραίτητη για την υπόδειξη του ακινήτου είναι η προσκόμιση της αστυνομικής ταυτότητας ή διαβατηρίου ΟΛΩΝ όσοι επιθυμούν να δουν το ακίνητο, πριν από την υπογραφή (από όλους) της σχετικής Εντολής Υπόδειξης. Τέλος, ρωτήστε τον Σύμβουλό μας για τις δυνατότητες Ανακαίνισης και τα πλεονεκτήματα που σας προσφέρει η εταιρεία του ομίλου μας, «Resolutions - Renovations». Δείτε περισσότερα στο κεντρικό μας site: https://solutionsgroup.gr/<br />
For more information: KW Solutions Group, tel.: 2130414087, email: info@solutionsgroup.gr.           Ε.Χ.",,,"0","1","6",,,,,,,,,"1","0","2026-04-03","7","6","0","no","no","0","Αθήνα - Βόρεια Προάστια (Αττική)","Χολαργός (Αθήνα - Βόρεια Προάστια)","1","105103","101","2123",,"Double","2","2","0","0","1","1219661216","https://m3.spitogatos.gr/361676888_1600x1200.jpg?v=20130730","https://m1.spitogatos.gr/363494394_1600x1200.jpg?v=20130730","https://m2.spitogatos.gr/363494401_1600x1200.jpg?v=20130730","https://m3.spitogatos.gr/361676897_1600x1200.jpg?v=20130730","https://m3.spitogatos.gr/349615997_1600x1200.jpg?v=20130730","https://m1.spitogatos.gr/349615998_1600x1200.jpg?v=20130730","https://m1.spitogatos.gr/349616001_1600x1200.jpg?v=20130730","https://m3.spitogatos.gr/349616003_1600x1200.jpg?v=20130730","https://m2.spitogatos.gr/349616005_1600x1200.jpg?v=20130730","https://m1.spitogatos.gr/349616007_1600x1200.jpg?v=20130730","https://m1.spitogatos.gr/363494448_1600x1200.jpg?v=20130730","https://m3.spitogatos.gr/363494459_1600x1200.jpg?v=20130730","https://m2.spitogatos.gr/349616017_1600x1200.jpg?v=20130730","https://m2.spitogatos.gr/349616020_1600x1200.jpg?v=20130730","https://m3.spitogatos.gr/349616024_1600x1200.jpg?v=20130730","https://m1.spitogatos.gr/349616028_1600x1200.jpg?v=20130730","https://m3.spitogatos.gr/349616036_1600x1200.jpg?v=20130730","https://m2.spitogatos.gr/349616041_1600x1200.jpg?v=20130730","https://m1.spitogatos.gr/349616049_1600x1200.jpg?v=20130730","https://m1.spitogatos.gr/349616064_1600x1200.jpg?v=20130730","https://m2.spitogatos.gr/349616068_1600x1200.jpg?v=20130730","https://m1.spitogatos.gr/349616076_1600x1200.jpg?v=20130730","https://m3.spitogatos.gr/349616081_1600x1200.jpg?v=20130730","https://m2.spitogatos.gr/353312587_1600x1200.jpg?v=20130730","https://m3.spitogatos.gr/353312594_1600x1200.jpg?v=20130730","0","0","2","1","38.001511","1","1","23.794889",,"0","0","0","2026-07-28","0","0",,"0",,"0","1",,,"0","0","0",,"0","0","0","1100",,,"0","0","0","0","12.64",,,"1","3","6","1","0",,"0","1","2","0","0","0","87","0",,,"0","1","0","2026-04-03","https://www.spitogatos.gr/en/property/1219661216",,"0","0","1973","i5ZVXLEJkKg","residential"
"1","2","no","simple","1",,,,,"1","0","0","0","2026-09-01","0","0","0","0","1","0",,"house",,,,"0","<br>Ενοικιάζεται πλήρως επιπλωμένο διαμέρισμα 133 τ.μ., 2ου ορόφου . Διαθέτει 3 υπνοδωμάτια, , ανεξάρτητη κουζίνα με καθημερινό καθιστικό, 1 μπάνιο, 1 WC και μεγάλα περιμετρικά μπαλκόνια με όμορφη θέα σε καταπράσινο κήπο. Είναι εξοπλισμένο με όλες τις ηλεκτρικές συσκευές, διαθέτει αυτόνομη θέρμανση φυσικού αερίου, 2 κλιματιστικά, πόρτα ασφαλείας , 2 ασανσερ και θέση στάθμευσης σε πυλωτή.  Το ακίνητο λειτουργούσε με μεγάλη επιτυχία ως Airbnb, με εξαιρετικές αξιολογήσεις. Βρίσκεται σε προνομιακή τοποθεσία, μόλις 10-12 λεπτά με τα πόδια από το Deree – The American College of Greece και απο το Γαλλικό σχολείο ,πολύ κοντά στο Pierce και στη Λεωφόρο Μεσογείων. Ιδανική επιλογή για στελέχη επιχειρήσεων, καθηγητές ή οικογένειες που αναζητούν μια άνετη, ποιοτική και άμεσα διαθέσιμη κατοικία. <br>",,,,"1","6",,,,,,,,,"0","0","2026-07-13","7",,"0","yes","yes","0","Αθήνα - Βόρεια Προάστια (Αττική)","Αγία Παρασκευή (Αθήνα - Βόρεια Προάστια)","1","105103","101","2101","107123","Single","1","2","0","0","1","1220369774","https://m2.spitogatos.gr/361498141_1600x1200.jpg?v=20130730","https://m2.spitogatos.gr/361498144_1600x1200.jpg?v=20130730","https://m1.spitogatos.gr/361498167_1600x1200.jpg?v=20130730","https://m2.spitogatos.gr/361498192_1600x1200.jpg?v=20130730","https://m2.spitogatos.gr/361498213_1600x1200.jpg?v=20130730","https://m3.spitogatos.gr/361498229_1600x1200.jpg?v=20130730","https://m1.spitogatos.gr/361498257_1600x1200.jpg?v=20130730","https://m3.spitogatos.gr/361498265_1600x1200.jpg?v=20130730","https://m1.spitogatos.gr/361498281_1600x1200.jpg?v=20130730","https://m3.spitogatos.gr/361498319_1600x1200.jpg?v=20130730","https://m3.spitogatos.gr/361498334_1600x1200.jpg?v=20130730","https://m3.spitogatos.gr/361498367_1600x1200.jpg?v=20130730","https://m2.spitogatos.gr/361498384_1600x1200.jpg?v=20130730","https://m2.spitogatos.gr/361498399_1600x1200.jpg?v=20130730","https://m3.spitogatos.gr/361498424_1600x1200.jpg?v=20130730","https://m1.spitogatos.gr/361498446_1600x1200.jpg?v=20130730","https://m2.spitogatos.gr/361498468_1600x1200.jpg?v=20130730","https://m2.spitogatos.gr/361498510_1600x1200.jpg?v=20130730","https://m2.spitogatos.gr/361498522_1600x1200.jpg?v=20130730","https://m3.spitogatos.gr/361498544_1600x1200.jpg?v=20130730","https://m1.spitogatos.gr/361498575_1600x1200.jpg?v=20130730","https://m1.spitogatos.gr/361498596_1600x1200.jpg?v=20130730","https://m2.spitogatos.gr/361498600_1600x1200.jpg?v=20130730","https://m2.spitogatos.gr/361498612_1600x1200.jpg?v=20130730","https://m1.spitogatos.gr/361498656_1600x1200.jpg?v=20130730","0","0","2","1","38.009995",,"1","23.82799",,"0",,,"2026-07-16","0","0",,"0",,"1","1",,,"0","0","1",,"0","0","0","1800",,,"0","0","0","0","13.53",,,"1","3","6","1","0",,"0","7","3","0","1","0","133","0",,,"0","1","0","2026-07-13","https://www.spitogatos.gr/en/property/1220369774","https://my.matterport.com/show/?m=NBUNjvAy3ag","0","0","1989","15uqgc9_vw0","residential"
"1","1","no","simple","1",,,,,"1","0","0","0","2026-06-17","1","1","0","10","1","1","false","house","0","0",,"1","Κωδικός Ακινήτου: #12139. Χολαργός, Φανερωμένη: Ενοικιάζεται μερικώς ανακαινισμένο διαμπερές γωνιακό Διαμέρισμα 120τ.μ. προσόψεως στον 1ο όροφο χωρίς ασανσέρ. Αποτελείται από 2 υπνοδωμάτια, 1 κουζίνα, 1 σαλόνι, αποθήκη και 2 μπάνια. Είναι πλήρως επιπλωμένο, εξοπλισμένο, κατασκευασμένο το 1979, βαμμένο, κοντά σε ΜΕΣΑ ΜΑΖΙΚΗΣ ΜΕΤΑΦΟΡΑΣ και διαθέτει κουφώματα αλουμινίου με διπλά τζάμια, εξωτερική (καλυμμένη) θέση στάθμευσης, κλιματισμό,  δάπεδα από μωσαϊκό & ξύλο, τέντες, σίτες, ηλιακό θερμοσίφωνα. Είναι ιδανικό για οικογένειες και επιτρέπονται τα κατοικίδια. Επιπλέον χαρακτηριστικά: BBQ , ΑΥΛΗ , ΠΑΤΑΡΙ ΑΠΟΘΗΚΕΥΣΗΣ .<br><br />
Τιμή 840€ | Κωδικός Ακινήτου: #12139<br><br />
ΚΑΤΑ ΤΗΝ ΥΠΟΔΕΙΞΗ ΤΟΥ ΑΚΙΝΗΤΟΥ ΑΠΑΙΤΕΙΤΑΙ ΝΑ ΓΙΝΕΤΑΙ ΕΠΙΔΕΙΞΗ ΤΗΣ ΑΣΤΥΝΟΜΙΚΗΣ ΣΑΣ ΤΑΥΤΟΤΗΤΑΣ ΣΥΜΦΩΝΑ ΜΕ ΤΟΝ Ν.4072/11-04-2012 Φ.Ε.Κ 86Α<br /><br />ΤΑ ΣΤΟΙΧΕΙΑ ΤΩΝ ΑΚΙΝΗΤΩΝ ΕΙΝΑΙ ΚΑΤΑ ΔΗΛΩΣΗ ΤΟΥ ΙΔΙΟΚΤΗΤΗ<br /><br />ΑΚΙΝΗΤΑ ΑΠΟΚΛΕΙΣΤΙΚΗΣ ΔΙΑΘΕΣΗΣ ΜΕ ΦΩΤΟΓΡΑΦΙΕΣ ΠΟΥ ΔΙΑΧΕΙΡΙΖΕΤΑΙ Η ΕΤΑΙΡΙΑ ΜΑΣ ΘΑ ΒΡΕΙΤΕ ΣΤΗΝ ΙΣΤΟΣΕΛΙΔΑ ΜΑΣ<br /><br /> ►WEBSITE: www.tzelihome.gr<br /><br /> ✔ ΓΙΑ ΤΗΝ ΚΑΛΥΤΕΡΗ ΕΞΥΠΗΡΕΤΗΣΗ ΣΑΣ ΧΡΗΣΙΜΟΠΟΙΕΙΣΤΕ ΤΟΝ ΚΩΔΙΚΟ ΑΚΙΝΗΤΟΥ ΠΟΥ ΑΝΑΓΡΑΦΕΤΑΙ ΣΤΗΝ ΠΕΡΙΓΡΑΦΗ<br /> ✔ Η ΔΙΕΥΘΥΝΣΗ ΣΤΟΝ ΧΑΡΤΗ ΕΧΕΙ ΤΟΠΟΘΕΤΗΘΕΙ ΚΑΤΑ ΠΡΟΣΕΓΓΙΣΗ<br /> ✔ ΟΙ ΑΚΡΙΒΕΙΣ ΠΛΗΡΟΦΟΡΙΕΣ ΤΗΣ ΔΙΕΥΘΥΝΣΗΣ ΠΑΡΕΧΟΝΤΑΙ ΣΤΗΝ ΥΠΟΔΕΙΞΗ ΤΟΥ ΑΚΙΝΗΤΟΥ<br /><br /> ΜΕΣΙΤΙΚΟ ΓΡΑΦΕΙΟ TZELI HOME<br /> ΥΜΗΤΤΟΥ 41 , ΚΑΙΣΑΡΙΑΝΗ , ΤΚ 16121<br /><br /> ΕΠΙΚΟΙΝΩΝΗΣΤΕ ΜΑΖΙ ΜΑΣ:<br /> ►WEBSITE : www.tzelihome.gr<br /> ►E-MAIL : tzelihome@gmail.com<br /> ►ΚΙΝΗΤΟ : 6906.062.919 <br /> ►ΤΗΛΕΦΩΝΟ : 211.001.4573 & 211.001.4574<br>","7000",,"0","0","6",,,,,,,,,"1","0","2026-06-17","6","11","0","yes","yes","0","Αθήνα - Βόρεια Προάστια (Αττική)","Χολαργός (Αθήνα - Βόρεια Προάστια)","1","105103","101","2123","202317","Double","1","4","0","0","1","1220145750","https://m2.spitogatos.gr/357668191_1600x1200.jpg?v=20130730","https://m1.spitogatos.gr/357668193_1600x1200.jpg?v=20130730","https://m3.spitogatos.gr/357668195_1600x1200.jpg?v=20130730","https://m3.spitogatos.gr/357668198_1600x1200.jpg?v=20130730","https://m3.spitogatos.gr/357668201_1600x1200.jpg?v=20130730","https://m3.spitogatos.gr/357668204_1600x1200.jpg?v=20130730","https://m2.spitogatos.gr/357668206_1600x1200.jpg?v=20130730","https://m2.spitogatos.gr/357668209_1600x1200.jpg?v=20130730","https://m1.spitogatos.gr/357668211_1600x1200.jpg?v=20130730","https://m3.spitogatos.gr/357668213_1600x1200.jpg?v=20130730","https://m1.spitogatos.gr/357668214_1600x1200.jpg?v=20130730","https://m1.spitogatos.gr/357668217_1600x1200.jpg?v=20130730","https://m2.spitogatos.gr/357668218_1600x1200.jpg?v=20130730","https://m1.spitogatos.gr/357668220_1600x1200.jpg?v=20130730","https://m2.spitogatos.gr/357668221_1600x1200.jpg?v=20130730","https://m1.spitogatos.gr/357668223_1600x1200.jpg?v=20130730","https://m3.spitogatos.gr/357668225_1600x1200.jpg?v=20130730","https://m1.spitogatos.gr/357668226_1600x1200.jpg?v=20130730","https://m3.spitogatos.gr/357668228_1600x1200.jpg?v=20130730","https://m2.spitogatos.gr/357668230_1600x1200.jpg?v=20130730","https://m2.spitogatos.gr/357668233_1600x1200.jpg?v=20130730","https://m1.spitogatos.gr/357668235_1600x1200.jpg?v=20130730","https://m3.spitogatos.gr/357668237_1600x1200.jpg?v=20130730","https://m2.spitogatos.gr/357668239_1600x1200.jpg?v=20130730","https://m3.spitogatos.gr/357668240_1600x1200.jpg?v=20130730","0","0","2","1","38.005726","1","1","23.803516",,"0","0","0","2026-06-24","0","0",,"0",,"0","2",,"2","1","0","1","1","0","0","0","840",,,"0","0","0","0","7",,,"1","3","6","1","1","2022","0","1","2","0","0","1","120","1",,,"0","1","0","2026-06-17","https://www.spitogatos.gr/en/property/1220145750",,"0",,"1979","48p_U8Mev18","residential"
"1","1","no","simple","1",,,,,"1","1","0","0","2026-06-26","0","1","1","0","1","0",,"house","0",,,"0","ΑΓΙΑ ΠΑΡΑΣΚΕΥΗ - ΑΓΙΟΣ ΙΩΑΝΝΗΣ, Ενοικιάζεται εξαιρετικό, επιπλωμένο διαμέρισμα επιφάνειας 95τ.μ., 1ου ορόφου. Πρόκειται για ένα ιδιαίτερα φωτεινό διαμέρισμα και διαμπερές διαμέρισμα το οποίο αποτελείται από μία άνετη, ενιαία σαλοτραπεζαρία με τζάκι, δύο υπνοδωμάτια (εκ των οποίων το ένα χρησιμοποιείται ως χώρος γραφείου), ανεξάρτητη κουζίνα, μπάνιο με τζακούζι και WC. Το διαμέρισμα διατίθεται πλήρως επιπλωμένο και πλήρως εξοπλισμένο. Διαθέτει ευρύχωρες βεράντες με ηλεκτρικές τέντες, μεγάλες ντουλάπες, πόρτα ασφαλείας, συναγερμό, κουφώματα αλουμινίου με διπλά τζάμια, ηλεκτρικά παντζούρια και σίτες, κάλυψη δαπέδων από πλακάκι και ξύλο, κρυφό φωτισμό, Wi-Fi σε όλο το χώρο, κλιματισμό σε όλα τα δωμάτια, συναγερμό, αποθήκη 4τ.μ., ένα πλήρως ξεχωρισμένο χώρο στάθμευσης με κυλιόμενη ανοιγόμενη πόρτα στο υπόγειο και εγκαταστάσεις τηλεόρασης και προβολέων. Βρίσκεται σε πολύ καλό σημείο της περιοχής, κοντά σε συγκοινωνίες, αγορά, παιδική χαρά, σχολείο, αθλητικές εγκαταστάσεις, Αττική Οδό και μόλις λίγα λεπτά από το Deree College και το Lycée Franco-Hellénique. Ιδανική κατοικία για ακαδημαϊκούς, εκπαιδευτικό προσωπικό, στελέχη επιχειρήσεων, διπλωμάτες, κλπ. Μία πρόταση που αξίζει την προσοχή σας! Ακολούθησε το Link για την εικονική περιήγηση : https://my.matterport.com/show/?m=wgEPaQHfuef (REMAX ID: 1031-614) RE/MAX  Εν Οίκω   τηλ: 0030 210 6085670  /  e-mail: info@remax-enoiko.gr  /  web: www.remax-enoiko.gr.",,,"0","0","5",,,,,,,,,"0","1","2026-06-26","6","10","0","yes","yes","0","Αθήνα - Βόρεια Προάστια (Αττική)","Αγία Παρασκευή (Αθήνα - Βόρεια Προάστια)","1","105103","101","2101",,"Double",,,"0","0","1","1220246894","https://m3.spitogatos.gr/359450474_1600x1200.jpg?v=20130730","https://m3.spitogatos.gr/359450480_1600x1200.jpg?v=20130730","https://m2.spitogatos.gr/359450512_1600x1200.jpg?v=20130730","https://m1.spitogatos.gr/359450514_1600x1200.jpg?v=20130730","https://m1.spitogatos.gr/359450523_1600x1200.jpg?v=20130730","https://m1.spitogatos.gr/359450526_1600x1200.jpg?v=20130730","https://m1.spitogatos.gr/359450529_1600x1200.jpg?v=20130730","https://m3.spitogatos.gr/359450546_1600x1200.jpg?v=20130730","https://m2.spitogatos.gr/359450551_1600x1200.jpg?v=20130730","https://m2.spitogatos.gr/359450554_1600x1200.jpg?v=20130730","https://m3.spitogatos.gr/359450564_1600x1200.jpg?v=20130730","https://m1.spitogatos.gr/359450568_1600x1200.jpg?v=20130730","https://m3.spitogatos.gr/359450585_1600x1200.jpg?v=20130730","https://m3.spitogatos.gr/359450600_1600x1200.jpg?v=20130730","https://m2.spitogatos.gr/359450602_1600x1200.jpg?v=20130730","https://m3.spitogatos.gr/359450606_1600x1200.jpg?v=20130730","https://m3.spitogatos.gr/359450612_1600x1200.jpg?v=20130730","https://m2.spitogatos.gr/359450617_1600x1200.jpg?v=20130730","https://m1.spitogatos.gr/359450622_1600x1200.jpg?v=20130730","https://m1.spitogatos.gr/359450637_1600x1200.jpg?v=20130730","https://m1.spitogatos.gr/359450643_1600x1200.jpg?v=20130730","https://m1.spitogatos.gr/359450649_1600x1200.jpg?v=20130730",,,,"0","0","2","1","38.005566","1","1","23.829174",,"0","0","0","2026-07-28","0","0",,"0",,"1","1",,,"0","0","0",,"0","0","0","1500",,,"0","0","0","0","15.79",,,"1","3","6","1","0",,"0",,"2","0","1","0","95","1",,,"0","1","0","2026-06-26","https://www.spitogatos.gr/en/property/1220246894","https://my.matterport.com/show/?m=wgEPaQHfuef","0","0","2005",,"residential"
"1","1","no","simple","1",,,,,"1","1","0","0","2026-05-04","0","1","1","50","1","0",,"house","0","40",,"1","Στην Αγία Παρασκευή, διατίθεται προς ενοικίαση ιδιαίτερα προσεγμένο και πλήρως ανακαινισμένο διαμέρισμα 1ου ορόφου, σε ήσυχη αλλά ταυτόχρονα κεντρική τοποθεσία, με άμεση πρόσβαση σε αγορά, σχολεία και βασικές υποδομές της περιοχής.<br />
<br />
Το ακίνητο έχει συνολική επιφάνεια 140 τ.μ. και συνδυάζει λειτουργικότητα με υψηλή ποιότητα κατασκευής, ενώ ξεχωρίζει για τον σπάνιο, μεγάλης επιφάνειας εξωτερικό του χώρο.<br />
<br />
Αναπτύσσεται σε ένα επίπεδο και περιλαμβάνει ευρύχωρο και φωτεινό καθιστικό με διακριτό χώρο τραπεζαρίας, δύο άνετα υπνοδωμάτια με εντοιχισμένες ντουλάπες, ανεξάρτητη σύγχρονη κουζίνα πλήρως ανακαινισμένη, μεγάλο μπάνιο με φυσικό φωτισμό καθώς και επιπλέον WC. Υπάρχει επίσης βοηθητικός χώρος που μπορεί να αξιοποιηθεί ως γραφείο ή αποθήκη, καλύπτοντας πλήρως τις ανάγκες σύγχρονης κατοικίας.<br />
<br />
Τα δάπεδα από φυσικό ξύλο ιρόκο ενισχύουν την αίσθηση ποιότητας και ζεστασιάς, ενώ η μεγάλη, στεγασμένη βεράντα ανοίγεται σε καταπράσινο κήπο, προσφέροντας ηρεμία και ιδιωτικότητα που δύσκολα συναντάται σε ακίνητα της περιοχής.<br />
<br />
Το διαμέρισμα διαθέτει αυτόνομη θέρμανση φυσικού αερίου, σύστημα συναγερμού με εξωτερικές δέσμες, πολλούς αποθηκευτικούς χώρους και ανήκει σε ενεργειακή κλάση Γ. <br />
<br />
Σε επίπεδο τοποθεσίας, βρίσκεται σε ιδιαίτερα προνομιακό σημείο:<br />
– Σταθμός Μετρό «Νομισματοκοπείο»: περίπου 9 λεπτά пешή απόσταση (~700 μ.)<br />
– Λεωφορειακές γραμμές: σε απόσταση 2–3 λεπτών (~150–200 μ.)<br />
– Κεντρική αγορά Αγίας Παρασκευής: περίπου 5–7 λεπτά пешή<br />
– Σχολεία και βασικές εξυπηρετήσεις: σε άμεση ακτίνα πρόσβασης<br />
<br />
Αποτελεί ιδανική επιλογή για οικογένεια που αναζητά άνεση και εξωτερικό χώρο, για επαγγελματίες που εργάζονται από το σπίτι, αλλά και για στελέχη εταιρειών ή expats που επιθυμούν ένα ποιοτικό περιβάλλον διαβίωσης με εύκολη σύνδεση προς το κέντρο και τα βόρεια προάστια.<br />
Οι πληροφορίες των ακινήτων που παρουσιάζουμε είναι αυτές που μας έχουν προσκομίσει οι ιδιοκτήτες. Η εταιρεία μας δε φέρει ευθύνη για τυχόν λανθασμένες πληροφορίες. Για την επίσκεψη ακινήτων απαιτείται προσκόμιση ταυτότητας ή διαβατηρίου. Οι τοποθεσίες των ακινήτων στον χάρτη είναι κατά προσέγγιση. Τιμή: €1.450. greecing., Τηλέφωνο Επικοινωνίας: 2106120875, email: info@greecingteam.com",,,"0","1","5",,,,,,,,,"1","0","2026-05-04","6","10","0","no","no","1","Αθήνα - Βόρεια Προάστια (Αττική)","Αγία Παρασκευή (Αθήνα - Βόρεια Προάστια)","1","105103","101","2101","107122","Double","1","2","0","0","1","1219817936","https://m3.spitogatos.gr/352248041_1600x1200.jpg?v=20130730","https://m3.spitogatos.gr/352248053_1600x1200.jpg?v=20130730","https://m1.spitogatos.gr/352248063_1600x1200.jpg?v=20130730","https://m3.spitogatos.gr/352248074_1600x1200.jpg?v=20130730","https://m2.spitogatos.gr/352248085_1600x1200.jpg?v=20130730","https://m1.spitogatos.gr/352248093_1600x1200.jpg?v=20130730","https://m3.spitogatos.gr/352248101_1600x1200.jpg?v=20130730","https://m1.spitogatos.gr/352248108_1600x1200.jpg?v=20130730","https://m2.spitogatos.gr/352248115_1600x1200.jpg?v=20130730","https://m2.spitogatos.gr/352248121_1600x1200.jpg?v=20130730","https://m2.spitogatos.gr/352248127_1600x1200.jpg?v=20130730","https://m3.spitogatos.gr/352248134_1600x1200.jpg?v=20130730","https://m3.spitogatos.gr/352248140_1600x1200.jpg?v=20130730","https://m2.spitogatos.gr/352248145_1600x1200.jpg?v=20130730","https://m1.spitogatos.gr/352248153_1600x1200.jpg?v=20130730","https://m3.spitogatos.gr/352248158_1600x1200.jpg?v=20130730","https://m2.spitogatos.gr/352248163_1600x1200.jpg?v=20130730","https://m1.spitogatos.gr/352248168_1600x1200.jpg?v=20130730","https://m2.spitogatos.gr/352248172_1600x1200.jpg?v=20130730","https://m1.spitogatos.gr/352248180_1600x1200.jpg?v=20130730","https://m2.spitogatos.gr/352248184_1600x1200.jpg?v=20130730","https://m2.spitogatos.gr/352248187_1600x1200.jpg?v=20130730","https://m1.spitogatos.gr/352248189_1600x1200.jpg?v=20130730","https://m3.spitogatos.gr/352248191_1600x1200.jpg?v=20130730","https://m1.spitogatos.gr/352248192_1600x1200.jpg?v=20130730","0","0","2","1","38.008076","1","1","23.810911","400","1","0",,"2026-07-28","0","0",,"0",,"1","1",,"1","1","0","1",,"0","0","0","1500",,,"0","0","0","0","10.71",,,"1","3","6","1","1","2026","0","1","3","0","1","0","140","1","7",,"0","1","0","2026-05-04","https://www.spitogatos.gr/en/property/1219817936",,"1","1","1980",,"residential"
