"AC","Floor Level","accessibleForDisabled","adType_code","adType_id","agentEmployee_firstName","agentEmployee_id","agentEmployee_lastName","airy","alarm","attic","auction","availability","availableForDailyRent","awning","balcony","balconyArea","bright","builtInBBQ","byTheSea","category","caveBuilding","commonExpenses","corner","description","distanceSea","doubleGlass","electricCarChargingFacilities","elevator","energyClass","facade","fireplace","firstPublishDate","floorNumber","floorType","forCommercialUse","furnished","garage","garden","geographiesByLevel_2_fullName","geographiesByLevel_4_fullName","geographyParentIds_0","geographyParentIds_1","geographyParentIds_2","geographyParentIds_4","geographyParentIds_5","glassType","heatingController","heatingMedium","heatingUnderFloor","holidayHome","host_id","id","images/0","images/1","images/2","images/3","images/4","images/5","images/6","images/7","images/8","images/9","images/10","images/11","images/12","images/13","images/14","images/15","images/16","images/17","images/18","images/19","images/20","images/21","images/22","images/23","images/24","internal_stairs","investment","joinery","kitchens","latitude","levels","livingRooms","longitude","lotSize","luxHome","mannedReception","medicalOffice","modified","negotiablePrice","neoclassic","newDevelopment","nightPower","no_of_WC","no_of_bathrooms","numberOfFloors","orientation","painted","penthouse","pestNet","petsAllowed","playroom","pool","preserved","price","priceChangeDate","priceChangePercentage","priceIncludesInternet","priceIncludesPower","priceIncludesSharedExp","priceIncludesWater","pricePerSqMeters","pricePreReduction","priceReduced","propertyPublishingOptionIds/0","propertyPublishingOptionIds/1","propertyPublishingOptionIds/2","published","renovated","renovationYear","requiresRenovation","road_type","rooms","satelite","secure_door","solar_heater","sq_meters","storage","storageArea","streetAddress","studentHome","subtype","unfinished","uploaded","url","vTourUrl","view","wholeFloorApartment","year_of_construction","youtubeVideoId","zoning"
"0","3","yes","vip","4",,,,"1","1","0","0","2026-07-19","0","1","1","0","1","0","true","house","0","80","1","ΓΛΥΦΑΔΑ, Άνω Γλυφάδα - Διαμέρισμα 120τμ σε οικόπεδο 940τμ, με ηλεκτρικές συσκευές, 3 υ/δ, 3ος, εξαιρετική κατάσταση, κατασκευή 1991, ανακαίνιση 2026, ενεργειακή κλάση Γ, σαλόνι, χωλ, κουζίνα, μπάνιο, wc, αυτόνομη θέρμανση (πετρέλαιο), μία θέση πιλοτής, διαμπερές, φωτεινό, θέα ανοιχτός ορίζοντας, πρόσοψης, βαμμένο, αποθήκη 9τμ, ηλιακός, θερμοπρόσοψη, τζάκι, μεγάλες βεράντες, τέντες, ασανσέρ, κήπος, εντοιχισμένες συσκευές, κουφώματα αλουμινίου, διπλά τζάμια, τύπος δαπέδων μάρμαρο & ξύλο, ράμπα αναπηρική, ανεξάρτητη κουζίνα, πόρτα ασφαλείας, συναγερμός, θυροτηλεόραση, πολυτελές, επιτρέπονται κατοικίδια, εντός σχεδίου, οικιστική ζώνη, προσανατολισμός βορειοδυτικός, πρόσβαση: άσφαλτο.<br />
Από τις ομορφότερες γειτονιές της Άνω Γλυφάδας, διαμέρισμα προνομιακό ως προς την μελέτη και την λειτουργικότητα των χώρων του. Κυρίαρχο στοιχείο του διαμερίσματος το μάρμαρο και ο γρανίτης. Επενδυμένο με μάρμαρα Carrara και μαύρο γρανίτη σε όλους τους χώρους με εξαίρεση τα υπνοδωμάτια τα οποία διαθέτουν δάπεδα παρκέ. Καθιστικό-τζάκι-τραπεζαρία και κουζίνα βγαίνουν σε τεράστια βεράντα πρόσοψης με θέα θάλασσας. Στην κουζίνα παραμένουν οι εντοιχισμένες ηλεκτρικές συσκευές Miele πλην ψυγείου και πλυντηρίου ρούχων. Και τα 3 ευρύχωρα υπνοδωμάτια με δική τους ξεχωριστή βεράντα. 2 μπάνια, 1 με jacuzzi και 1 με ντους. Λούζεται στο φως. Προσεγμένη πολυκατοικία μόνο με 8 διαμερίσματα. Χώρος στάθμευσης σκεπαστής πυλωτής και αποθήκη υπογείου. Φροντισμένος επιμελώς κήπος με γκαζόν, δένδρα και φυτά. Διατίθεται χωρίς έπιπλα για σοβαρούς υποψηφίους ενοικιαστές.<br />
Τιμή €1.750 (κωδ. A541691) 2108953492; 6974975961 S&S Real Estate Agency","1000","0","0","1","5","1","1","2026-03-09","8","6","0","no","yes","1","Αθήνα - Νότια Προάστια (Αττική)","Γλυφάδα (Αθήνα - Νότια Προάστια)","1","105103","102","2208","106436","Double","1","1","0","0","1","1219509494","https://m2.spitogatos.gr/362342755_1600x1200.jpg?v=20130730","https://m1.spitogatos.gr/362342757_1600x1200.jpg?v=20130730","https://m1.spitogatos.gr/362342760_1600x1200.jpg?v=20130730","https://m3.spitogatos.gr/362342762_1600x1200.jpg?v=20130730","https://m3.spitogatos.gr/362342765_1600x1200.jpg?v=20130730","https://m1.spitogatos.gr/347138172_1600x1200.jpg?v=20130730","https://m2.spitogatos.gr/347138173_1600x1200.jpg?v=20130730","https://m1.spitogatos.gr/347138175_1600x1200.jpg?v=20130730","https://m3.spitogatos.gr/347138177_1600x1200.jpg?v=20130730","https://m2.spitogatos.gr/347138179_1600x1200.jpg?v=20130730","https://m3.spitogatos.gr/347138180_1600x1200.jpg?v=20130730","https://m3.spitogatos.gr/347138183_1600x1200.jpg?v=20130730","https://m1.spitogatos.gr/347138184_1600x1200.jpg?v=20130730","https://m3.spitogatos.gr/347138186_1600x1200.jpg?v=20130730","https://m1.spitogatos.gr/347138187_1600x1200.jpg?v=20130730","https://m3.spitogatos.gr/347138189_1600x1200.jpg?v=20130730","https://m2.spitogatos.gr/347138191_1600x1200.jpg?v=20130730",,,,,,,,,"0","1","2","1","37.871571","1","1","23.76515","940","1","0","0","2026-08-01","0","0",,"0","1","1","4","6","1","0","0","1","0","0","0","1750","2026-07-19 13:37:02","13","0","0","0","0","14.58","2000","true","1","3",,"1","1","2026","0","1","3","0","1","1","120","1","9",,"0","1","0","2026-03-09","https://www.spitogatos.gr/en/property/1219509494",,"1","0","1991",,"residential"
"1","3","yes","vip","4",,,,"1","1","0","0","2026-07-16","0","1","1","0","1","0",,"house","0",,"0","ΓΛΥΦΑΔΑ Γκολφ, Διαμέρισμα 130 τμ, 3ου ορόφου, νεόδμητο, minimal αισθητικής, ψηλοτάβανο, σε προνομιακό σημείο της Γλυφάδας, σε μικρή απόσταση με τα πόδια από την παραλία., επιφάνειας 130τ.μ., 3ου ορόφου πολυτελούς κατασκευής, ενεργειακής κλάσης Α+. Αποτελείται από μεγάλο χώρο υποδοχής-καθιστικό  με τζάκι βιοαιθανόλης, open-plan κουζίνα, 1 en-suite υπνοδωμάτιο, 2 επιπλέον υπνοδωμάτια, 1 μπάνιο, W.C. και ανεξάρτητο χώρο laundry. Διαθέτει αυτόνομη θέρμανση και ψύξη, παροχή ζεστού νερού μέσω αντλίας θερμότητας, ενδοδαπέδια θέρμανση, θέση στάθμευσης και αποθήκη στο υπόγειο.<br />
Σε ένα από τα ωραιότερα σημεία της Γλυφάδας, προσφέρεται για μακροχρόνια ενοικίαση.<br />
Φωτορεαλιστικές εικόνες. Τιμή 3.750€, κωδ. 6586 , TAF REAL ESTATE AND DEVELOPMENT, Κιν.: +30 6976113579, www.tafrealestate.gr",,"1","1","1","1","1","1","2026-07-06","8","2","0","no","yes","0","Αθήνα - Νότια Προάστια (Αττική)","Γλυφάδα (Αθήνα - Νότια Προάστια)","1","105103","102","2208","106293","Double","1","4","1","0","1","1220315773","https://m1.spitogatos.gr/360656901_1600x1200.jpg?v=20130730","https://m1.spitogatos.gr/360656904_1600x1200.jpg?v=20130730","https://m2.spitogatos.gr/360656905_1600x1200.jpg?v=20130730","https://m2.spitogatos.gr/360656908_1600x1200.jpg?v=20130730","https://m3.spitogatos.gr/360656909_1600x1200.jpg?v=20130730",,,,,,,,,,,,,,,,,,,,,"0","0","2","1","37.8699","1","1","23.740688",,"1",,"0","2026-08-01","0","0","1","1","1","2",,"3","1","0","0",,"0","0","0","3750",,,"0","0","0","0","28.85",,,"1","3","6","1","0",,"0",,"3","1","1","1","130","1",,,"0","1","0","2026-07-06","https://www.spitogatos.gr/en/property/1220315773",,"1","0","2026",,
"1","1","yes","vip","4",,,,"1","1","0","0","2026-07-14","0","1","0","0","1","0","false","house",,,"0","<br>Γλυφάδα περιοχή Γκολφ ενοικιάζεται πολύ καλό οροφοδιαμέρισμα 110 τ.μ. στον 1ο όροφο. Διαθέτει τρία υπνοδωμάτια, σαλόνι, κουζίνα με εντειχισμένη κουζίνα - φούρνο, δυο μπάνια. Διαθέτει ασανσέρ, πόρτα ασφαλείας, ενεργειακά κουφώματα αλουμινίου με διπλά ενεργειακά τζάμια, θέρμανση αυτονομία φυσικό αέριο, τζάκι και δυο κλιματιστικά. Ηλιακός, συναγερμός. Το διαμέρισμα είναι διαμπερές, πολύ φωτεινό σε οικογενειακό κτίριο δυο ορόφων σε πολύ ήσυχο δρόμο. Απέχει 150 μέτρα από το Γκολφ και 1500 μέτρα από την παραλία. Τιμή ενοικίασης 1.450€ Μεσιτικό Γραφείο Imperial Property Τηλ. 6906385904<br><br>ΠΡΟΣΟΧΗ: Για την υπόδειξη του ακινήτου είναι απαραίτητη η υπόδειξη της αστυνομικής ταυτότητας και του Α.Φ.Μ. σας σύμφωνα με τον Ν.4072/11-4-2012 ΦΕΚ 86Α<br>Οι πληροφορίες για το ακίνητο έχουν δοθεί από τον ιδιοκτήτη. Η θέση του ακινήτου στο χάρτη έχει τοποθετηθεί κατά προσέγγιση. Η ακριβής διεύθυνσης του ακινήτου παρέχεται κατά την υπόδειξη του ακινήτου.<br>Για περισσότερα ακίνητα επισκεφτείτε το site μας www.impr.gr<br> <br>","1600",,,"1","5","0","1","2026-07-04","6","4","0","no","no","1","Αθήνα - Νότια Προάστια (Αττική)","Γλυφάδα (Αθήνα - Νότια Προάστια)","1","105103","102","2208","106293","Single","1","2","0","0","1","1220304274","https://m1.spitogatos.gr/361583952_1600x1200.jpg?v=20130730","https://m2.spitogatos.gr/361583959_1600x1200.jpg?v=20130730","https://m3.spitogatos.gr/361583987_1600x1200.jpg?v=20130730","https://m2.spitogatos.gr/361584004_1600x1200.jpg?v=20130730","https://m1.spitogatos.gr/361584021_1600x1200.jpg?v=20130730","https://m1.spitogatos.gr/361584033_1600x1200.jpg?v=20130730","https://m1.spitogatos.gr/361584051_1600x1200.jpg?v=20130730","https://m2.spitogatos.gr/361584064_1600x1200.jpg?v=20130730","https://m2.spitogatos.gr/361584085_1600x1200.jpg?v=20130730","https://m2.spitogatos.gr/361584103_1600x1200.jpg?v=20130730","https://m1.spitogatos.gr/361584126_1600x1200.jpg?v=20130730","https://m1.spitogatos.gr/361584129_1600x1200.jpg?v=20130730","https://m2.spitogatos.gr/361584172_1600x1200.jpg?v=20130730","https://m3.spitogatos.gr/361584176_1600x1200.jpg?v=20130730","https://m1.spitogatos.gr/361584198_1600x1200.jpg?v=20130730","https://m3.spitogatos.gr/361584224_1600x1200.jpg?v=20130730","https://m3.spitogatos.gr/361584236_1600x1200.jpg?v=20130730","https://m3.spitogatos.gr/361584257_1600x1200.jpg?v=20130730","https://m1.spitogatos.gr/361584276_1600x1200.jpg?v=20130730","https://m1.spitogatos.gr/361584306_1600x1200.jpg?v=20130730","https://m3.spitogatos.gr/361584314_1600x1200.jpg?v=20130730","https://m3.spitogatos.gr/361584338_1600x1200.jpg?v=20130730","https://m1.spitogatos.gr/361584357_1600x1200.jpg?v=20130730","https://m3.spitogatos.gr/361584365_1600x1200.jpg?v=20130730","https://m1.spitogatos.gr/361584405_1600x1200.jpg?v=20130730","1","0","2","1","37.879711",,"1","23.746607",,"0",,,"2026-08-01","0","0",,"0","1","1",,"9","1","0","0",,"0","0","0","1450",,,"0","0","0","0","13.18",,,"1","3","6","1","0",,"0","1","3","0","1","1","110","0",,,"0","1","0","2026-07-04","https://www.spitogatos.gr/en/property/1220304274",,"1","0","2012","aWbjm-a_7tE","residential"
"1","1",,"vip","4",,,,"0","0","0","0","2026-10-26","0","0","1","0","0",,,"house",,,"1","Ανακάλυψε τα καλύτερα σημεία της Γλυφάδας , με αυτό το άνετο διαμέρισμα δύο υπνοδωματίων της Blueground. Προσφέρει μια πλήρως εξοπλισμένη κουζίνα, ένα εξαιρετικό καθιστικό. Επίσης, καθ’όλη τη διάρκεια της διαμονής σου θα έχεις τη δυνατότητα να επικοινωνήσεις εύκολα και άμεσα με την ομάδα υποστήριξης πελατών και να βρεις χρήσιμες πληροφορίες τόσο για το διαμέρισμά σου όσο και για τη γειτονιά μέσω της ειδικής mobile εφαρμογής.<br><br />
<br />
Η διαφημιζόμενη τιμή των €2,160/μήνα είναι η τιμή για 1 έτος, με ημερομηνία έναρξης Οκτωβρίου 25, 2026. Η χαμηλότερη διαθέσιμη τιμή είναι €2,130/μήνα για μίσθωση 8 μήνα(μηνών) και 29 ημέρας(ημερών) με ημερομηνία έναρξης Οκτωβρίου 25, 2026.<br />
<br>Οι τιμές διαφέρουν ανάλογα με τη διάρκεια παραμονής, την εποχικότητα και άλλους παράγοντες. Επισκεφθείτε τον ιστότοπό μας και εισάγετε τις ημερομηνίες διαμονής σας για να δείτε ενημερωμένες τιμές για την κράτησή σας. Η τιμή ισχύει μόνο με προκαταβολή· ενδέχεται να είναι υψηλότερη εάν πληρωθεί σε δόσεις.<br />
<br />
<b>Κλείστε αυτό το διαμέρισμα online!</b><br />
<br />
https://www.theblueground.com/p/furnished-apartments/ath-195?utm_source=classified-4<br />
<br />
Aναβαθμίστε τη διαμονή σας με ένα πλήρως επιπλωμένο διαμέρισμα από τη Blueground:<br />
      – Επιπλωμένα σπίτια σε τιμές αντίστοιχες με τα ανεπίπλωτα<br />
      – Χωρίς κόστη εγκατάστασης ή αγοράς επίπλων - εξοικονομήστε χρόνο και χρήματα<br />
      – Έτοιμα για άμεση μετακόμιση - το μόνο που χρειάζεστε είναι η βαλίτσα σας<br />
<br />
<b>Ο χώρος</b><br><br />
Νιώσε σαν στο σπίτι σου σε αυτό το επιπλωμένο διαμέρισμα της Blueground με το μοναδικό design, τα μοντέρνα έπιπλα και την πλήρως εξοπλισμένη κουζίνα.<br />
Δες τις αγαπημένες σου ταινίες στη smart TV ή άκουσε δυνατά μουσική στα ασύρματα ηχεία τελευταίας τεχνολογίας. Ό,τι και να αποφασίσεις να κάνεις το μόνο σίγουρο είναι πως θα αγαπήσεις όλα όσα σου προσφέρει αυτό το ευρύχωρο διαμέρισμα.<br />
<br />
<b>Διαρρύθμιση δωματίων ύπνου</b><br />
    <br />
        Υπέρδιπλο κρεβάτι: 160 εκ.<br />
<br />
        Υπέρδιπλο κρεβάτι: 160 εκ.<br />
<br />
<b>Παροχές κτιρίου</b><br />
<br />
      Ασανσέρ<br />
      Πλυντήριο<br />
      Θέση στάθμευσης<br />
<br />
<br />
<b>Άφιξη και συνεχής υποστήριξη πελατών</b><br><br />
Κατά τη διάρκεια της διαμονής σου, η ομάδα μας θα είναι διαθέσιμη για να σε βοηθήσει με οτιδήποτε χρειαστείς. Μέσω της ειδικής mobile εφαρμογής της Blueground έχεις συνεχή υποστήριξη, ενώ μπορείς ακόμη να προγραμματίσεις υπηρεσίες καθαρισμού, συντήρησης ή επισκευής, με το πάτημα ενός κουμπιού.<br />
<br />
<b>Ιδανική τοποθεσία</b><br />
<br />
Η Γλυφάδα είναι η μεγαλύτερη παραθαλάσσια γειτονιά της Αθηναϊκής Ριβιέρας, σε απόσταση μόλις 15 χιλιομέτρων από το κέντρο της πόλης. Πρόκειται για μια περιοχή με μπουτίκ σχεδιαστών, μοντέρνα καφέ, εστιατόρια υψηλών προδιαγραφών, αμμώδεις παραλίες και τέσσερις μαρίνες. Επιπλέον, εδώ βρίσκεται το πρώτο γήπεδο γκολφ στην Ελλάδα. Η Γλυφάδα θεωρείται μια από τις πιο διάσημες περιοχές για να μείνετε κοντά στην Αθήνα. Από εδώ μπορείτε να φτάσετε στο κέντρο της Αθήνας με το τραμ, το λεωφορείο ή το αυτοκίνητο.",,"0",,"1","5","0","1","2026-04-01","6",,"0","yes","yes","0","Αθήνα - Νότια Προάστια (Αττική)","Γλυφάδα (Αθήνα - Νότια Προάστια)","1","105103","102","2208",,,"1","2","0","0","1","1219652283","https://m1.spitogatos.gr/363145779_1600x1200.jpg?v=20130730","https://m1.spitogatos.gr/363145782_1600x1200.jpg?v=20130730","https://m2.spitogatos.gr/363145786_1600x1200.jpg?v=20130730","https://m3.spitogatos.gr/363145787_1600x1200.jpg?v=20130730","https://m3.spitogatos.gr/363145790_1600x1200.jpg?v=20130730","https://m2.spitogatos.gr/363145792_1600x1200.jpg?v=20130730","https://m2.spitogatos.gr/363145795_1600x1200.jpg?v=20130730","https://m3.spitogatos.gr/363145796_1600x1200.jpg?v=20130730","https://m3.spitogatos.gr/363145799_1600x1200.jpg?v=20130730","https://m3.spitogatos.gr/363145802_1600x1200.jpg?v=20130730","https://m2.spitogatos.gr/363145807_1600x1200.jpg?v=20130730","https://m1.spitogatos.gr/363145812_1600x1200.jpg?v=20130730","https://m1.spitogatos.gr/363145818_1600x1200.jpg?v=20130730","https://m2.spitogatos.gr/363145819_1600x1200.jpg?v=20130730","https://m1.spitogatos.gr/363145821_1600x1200.jpg?v=20130730","https://m2.spitogatos.gr/363145822_1600x1200.jpg?v=20130730","https://m3.spitogatos.gr/363145823_1600x1200.jpg?v=20130730","https://m1.spitogatos.gr/363145824_1600x1200.jpg?v=20130730","https://m2.spitogatos.gr/363145825_1600x1200.jpg?v=20130730","https://m3.spitogatos.gr/363145826_1600x1200.jpg?v=20130730","https://m1.spitogatos.gr/363145827_1600x1200.jpg?v=20130730","https://m2.spitogatos.gr/363145828_1600x1200.jpg?v=20130730","https://m3.spitogatos.gr/363145829_1600x1200.jpg?v=20130730","https://m1.spitogatos.gr/363145830_1600x1200.jpg?v=20130730","https://m2.spitogatos.gr/363145831_1600x1200.jpg?v=20130730","0","0",,"0","37.867786","1","0","23.746058",,"0",,,"2026-08-01","0","0",,"0","0","1",,,"1","0","0",,"0","0","0","2160",,,"0","0","0","0","22.74",,,"1","3",,"1","1",,,,"2","0","1",,"95","0",,"Kiprou 3","1","1","0","2026-04-01","https://www.spitogatos.gr/en/property/1219652283","https://www.nodalview.com/3XqZ3TLYU1PK9UAm1NUesHQ6","0",,"1992",,
"1","2",,"vip","4",,,,"0","1","0","0","2026-11-02","0","0","1","0","0",,,"house",,,"1","Νιώσε σαν στο σπίτι σου, όπου και αν επιλέξεις να μείνεις με την Blueground. Θα λατρέψεις αυτό το κομψά επιπλωμένο διαμέρισμα τριών υπνοδωματίων, για τη διακόσμησή του, την πλήρως εξοπλισμένη κουζίνα και το άνετο καθιστικό του. Βρίσκεται σε ιδανική τοποθεσία, κοντά σε όλα όσα έχει να σου προσφέρει η Γλυφάδα!<br><br />
<br />
Η διαφημιζόμενη τιμή των €2,170/μήνα είναι η τιμή για 1 έτος, με ημερομηνία έναρξης Νοεμβρίου 1, 2026.<br />
<br>Οι τιμές διαφέρουν ανάλογα με τη διάρκεια παραμονής, την εποχικότητα και άλλους παράγοντες. Επισκεφθείτε τον ιστότοπό μας και εισάγετε τις ημερομηνίες διαμονής σας για να δείτε ενημερωμένες τιμές για την κράτησή σας. Η τιμή ισχύει μόνο με προκαταβολή· ενδέχεται να είναι υψηλότερη εάν πληρωθεί σε δόσεις.<br />
<br />
<b>Κλείστε αυτό το διαμέρισμα online!</b><br />
<br />
https://www.theblueground.com/p/furnished-apartments/ath-1354?utm_source=classified-4<br />
<br />
Aναβαθμίστε τη διαμονή σας με ένα πλήρως επιπλωμένο διαμέρισμα από τη Blueground:<br />
      – Επιπλωμένα σπίτια σε τιμές αντίστοιχες με τα ανεπίπλωτα<br />
      – Χωρίς κόστη εγκατάστασης ή αγοράς επίπλων - εξοικονομήστε χρόνο και χρήματα<br />
      – Έτοιμα για άμεση μετακόμιση - το μόνο που χρειάζεστε είναι η βαλίτσα σας<br />
<br />
<b>Ο χώρος</b><br><br />
Σε αυτό το όμορφο Blueground διαμέρισμα τριών υπνοδωματίων, θα βρεις ένα χώρο προσεκτικά σχεδιασμένο και πλήρως εξοπλισμένο με έπιπλα μοναδικού design και ηλεκτρικές συσκευές τελευταίας τεχνολογίας.<br />
Νιώσε όμορφα και χαλαρά στο νέο σου σπίτι κάθε στιγμή. Και όταν θα θες να διασκεδάσεις, μπορείς να βγεις και να αφεθείς στον παλμό της Γλυφάδας ή να φέρεις τη διασκέδαση σπίτι, με τα ασύρματα ηχεία ή τη smart TV.<br />
<br />
<b>Διαρρύθμιση δωματίων ύπνου</b><br />
    <br />
        Υπέρδιπλο κρεβάτι: 160 εκ.<br />
<br />
        Διπλό κρεβάτι: 140 εκ.<br />
<br />
        Διπλό κρεβάτι: 140 εκ.<br />
<br />
<b>Παροχές κτιρίου</b><br />
<br />
      Πλυντήριο<br />
<br />
<br />
<b>Άφιξη και συνεχής υποστήριξη πελατών</b><br><br />
Κατά τη διάρκεια της διαμονής σου, η ομάδα μας θα είναι διαθέσιμη για να σε βοηθήσει με οτιδήποτε χρειαστείς. Μέσω της ειδικής mobile εφαρμογής της Blueground έχεις συνεχή υποστήριξη, ενώ μπορείς ακόμη να προγραμματίσεις υπηρεσίες καθαρισμού, συντήρησης ή επισκευής, με το πάτημα ενός κουμπιού.<br />
<br />
<b>Ιδανική τοποθεσία</b><br />
<br />
Η Γλυφάδα είναι η μεγαλύτερη παραθαλάσσια γειτονιά της Αθηναϊκής Ριβιέρας, σε απόσταση μόλις 15 χιλιομέτρων από το κέντρο της πόλης. Πρόκειται για μια περιοχή με μπουτίκ σχεδιαστών, μοντέρνα καφέ, εστιατόρια υψηλών προδιαγραφών, αμμώδεις παραλίες και τέσσερις μαρίνες. Επιπλέον, εδώ βρίσκεται το πρώτο γήπεδο γκολφ στην Ελλάδα. Η Γλυφάδα θεωρείται μια από τις πιο διάσημες περιοχές για να μείνετε κοντά στην Αθήνα. Από εδώ μπορείτε να φτάσετε στο κέντρο της Αθήνας με το τραμ, το λεωφορείο ή το αυτοκίνητο.",,"1",,"0","8","0","0","2026-07-30","7",,"0","yes","no","1","Αθήνα - Νότια Προάστια (Αττική)","Γλυφάδα (Αθήνα - Νότια Προάστια)","1","105103","102","2208","106293",,"1","2","0","0","1","1220533847","https://m1.spitogatos.gr/363867291_1600x1200.jpg?v=20130730","https://m1.spitogatos.gr/363867297_1600x1200.jpg?v=20130730","https://m3.spitogatos.gr/363867314_1600x1200.jpg?v=20130730","https://m2.spitogatos.gr/363867334_1600x1200.jpg?v=20130730","https://m3.spitogatos.gr/363867338_1600x1200.jpg?v=20130730","https://m1.spitogatos.gr/363867342_1600x1200.jpg?v=20130730","https://m1.spitogatos.gr/363867348_1600x1200.jpg?v=20130730","https://m2.spitogatos.gr/363867352_1600x1200.jpg?v=20130730","https://m2.spitogatos.gr/363867358_1600x1200.jpg?v=20130730","https://m3.spitogatos.gr/363867362_1600x1200.jpg?v=20130730","https://m3.spitogatos.gr/363867386_1600x1200.jpg?v=20130730","https://m2.spitogatos.gr/363867388_1600x1200.jpg?v=20130730","https://m3.spitogatos.gr/363867392_1600x1200.jpg?v=20130730","https://m1.spitogatos.gr/363867396_1600x1200.jpg?v=20130730","https://m1.spitogatos.gr/363867399_1600x1200.jpg?v=20130730","https://m1.spitogatos.gr/363867402_1600x1200.jpg?v=20130730","https://m3.spitogatos.gr/363867407_1600x1200.jpg?v=20130730","https://m1.spitogatos.gr/363867417_1600x1200.jpg?v=20130730","https://m3.spitogatos.gr/363867440_1600x1200.jpg?v=20130730","https://m3.spitogatos.gr/363867443_1600x1200.jpg?v=20130730","https://m1.spitogatos.gr/363867447_1600x1200.jpg?v=20130730","https://m1.spitogatos.gr/363867456_1600x1200.jpg?v=20130730","https://m3.spitogatos.gr/363867461_1600x1200.jpg?v=20130730","https://m3.spitogatos.gr/363867467_1600x1200.jpg?v=20130730","https://m1.spitogatos.gr/363867474_1600x1200.jpg?v=20130730","1","0",,"0","37.880905","2","0","23.746922",,"0",,,"2026-08-01","0","0",,"0","0","2",,,"1","0","1",,"0","0","0","2170",,,"0","0","0","0","9.43",,,"1","3",,"1","0",,,,"3","0","1",,"230","0",,"Dimokratias 33","1","3","0","2026-07-30","https://www.spitogatos.gr/en/property/1220533847","https://nodalview.com/s/0eLxIMhPv6jwML2GdIq3Q8","0",,"1990",,
"1","4",,"vip","4",,,,"0","1","0","0","2026-10-17","0","0","1","0","0",,,"house",,,"1","Ανακάλυψε τα καλύτερα σημεία της Γλυφάδας , με αυτό το ζεστό διαμέρισμα στούντιο της Blueground. Προσφέρει μια πλήρως εξοπλισμένη κουζίνα, ένα ευρύχωρο καθιστικό. Επίσης, καθ’όλη τη διάρκεια της διαμονής σου θα έχεις τη δυνατότητα να επικοινωνήσεις εύκολα και άμεσα με την ομάδα υποστήριξης πελατών και να βρεις χρήσιμες πληροφορίες τόσο για το διαμέρισμά σου όσο και για τη γειτονιά μέσω της ειδικής mobile εφαρμογής.<br><br />
<br />
Η διαφημιζόμενη τιμή των €1,910/μήνα είναι η τιμή για 1 έτος, με ημερομηνία έναρξης Οκτωβρίου 16, 2026. Η χαμηλότερη διαθέσιμη τιμή είναι €1,890/μήνα για μίσθωση 8 μήνα(μηνών) και 8 ημέρας(ημερών) με ημερομηνία έναρξης Οκτωβρίου 16, 2026.<br />
<br>Οι τιμές διαφέρουν ανάλογα με τη διάρκεια παραμονής, την εποχικότητα και άλλους παράγοντες. Επισκεφθείτε τον ιστότοπό μας και εισάγετε τις ημερομηνίες διαμονής σας για να δείτε ενημερωμένες τιμές για την κράτησή σας. Η τιμή ισχύει μόνο με προκαταβολή· ενδέχεται να είναι υψηλότερη εάν πληρωθεί σε δόσεις.<br />
<br />
<b>Κλείστε αυτό το διαμέρισμα online!</b><br />
<br />
https://www.theblueground.com/p/furnished-apartments/ath-1312?utm_source=classified-4<br />
<br />
Aναβαθμίστε τη διαμονή σας με ένα πλήρως επιπλωμένο διαμέρισμα από τη Blueground:<br />
      – Επιπλωμένα σπίτια σε τιμές αντίστοιχες με τα ανεπίπλωτα<br />
      – Χωρίς κόστη εγκατάστασης ή αγοράς επίπλων - εξοικονομήστε χρόνο και χρήματα<br />
      – Έτοιμα για άμεση μετακόμιση - το μόνο που χρειάζεστε είναι η βαλίτσα σας<br />
<br />
<b>Ο χώρος</b><br><br />
Έπιπλα μοναδικού design, πλήρως εξοπλισμένη κουζίνα, smart TV ή/και ασύρματα ηχεία τελευταίας τεχνολογίας, είναι λίγες μόνο από τις ανέσεις που σου προσφέρει αυτό το διαμέρισμα στούντιο της Blueground. Θα το αγαπήσεις όμως και για τη μοναδική του τοποθεσία, καθώς βρίσκεται σε ένα από τα πιο κεντρικά σημεία της Γλυφάδας.<br />
<br />
<b>Διαρρύθμιση δωματίων ύπνου</b><br />
    <br />
        Υπέρδιπλο κρεβάτι: 160 εκ.<br />
<br />
<b>Παροχές κτιρίου</b><br />
<br />
      Ασανσέρ<br />
      Πισίνα<br />
      Πλυντήριο<br />
      Ταράτσα<br />
<br />
<br />
<b>Άφιξη και συνεχής υποστήριξη πελατών</b><br><br />
Κατά τη διάρκεια της διαμονής σου, η ομάδα μας θα είναι διαθέσιμη για να σε βοηθήσει με οτιδήποτε χρειαστείς. Μέσω της ειδικής mobile εφαρμογής της Blueground έχεις συνεχή υποστήριξη, ενώ μπορείς ακόμη να προγραμματίσεις υπηρεσίες καθαρισμού, συντήρησης ή επισκευής, με το πάτημα ενός κουμπιού.<br />
<br />
<b>Ιδανική τοποθεσία</b><br />
<br />
Η Γλυφάδα είναι η μεγαλύτερη παραθαλάσσια γειτονιά της Αθηναϊκής Ριβιέρας, σε απόσταση μόλις 15 χιλιομέτρων από το κέντρο της πόλης. Πρόκειται για μια περιοχή με μπουτίκ σχεδιαστών, μοντέρνα καφέ, εστιατόρια υψηλών προδιαγραφών, αμμώδεις παραλίες και τέσσερις μαρίνες. Επιπλέον, εδώ βρίσκεται το πρώτο γήπεδο γκολφ στην Ελλάδα. Η Γλυφάδα θεωρείται μια από τις πιο διάσημες περιοχές για να μείνετε κοντά στην Αθήνα. Από εδώ μπορείτε να φτάσετε στο κέντρο της Αθήνας με το τραμ, το λεωφορείο ή το αυτοκίνητο.",,"1",,"1","4","0","0","2026-07-22","9",,"0","yes","no","1","Αθήνα - Νότια Προάστια (Αττική)","Γλυφάδα (Αθήνα - Νότια Προάστια)","1","105103","102","2208",,,"1","2","0","0","1","1220443171","https://m2.spitogatos.gr/362886646_1600x1200.jpg?v=20130730","https://m3.spitogatos.gr/362886650_1600x1200.jpg?v=20130730","https://m3.spitogatos.gr/362886668_1600x1200.jpg?v=20130730","https://m1.spitogatos.gr/362886687_1600x1200.jpg?v=20130730","https://m2.spitogatos.gr/362886700_1600x1200.jpg?v=20130730","https://m1.spitogatos.gr/362886720_1600x1200.jpg?v=20130730","https://m1.spitogatos.gr/362886723_1600x1200.jpg?v=20130730","https://m3.spitogatos.gr/362886758_1600x1200.jpg?v=20130730","https://m1.spitogatos.gr/362886762_1600x1200.jpg?v=20130730","https://m1.spitogatos.gr/362886765_1600x1200.jpg?v=20130730","https://m2.spitogatos.gr/362886796_1600x1200.jpg?v=20130730","https://m1.spitogatos.gr/362886807_1600x1200.jpg?v=20130730","https://m2.spitogatos.gr/362886826_1600x1200.jpg?v=20130730","https://m2.spitogatos.gr/362886835_1600x1200.jpg?v=20130730","https://m2.spitogatos.gr/362886847_1600x1200.jpg?v=20130730","https://m2.spitogatos.gr/362886853_1600x1200.jpg?v=20130730","https://m1.spitogatos.gr/362886876_1600x1200.jpg?v=20130730","https://m1.spitogatos.gr/362886885_1600x1200.jpg?v=20130730","https://m3.spitogatos.gr/362886902_1600x1200.jpg?v=20130730","https://m1.spitogatos.gr/362886921_1600x1200.jpg?v=20130730",,,,,,"0","0",,"0","37.86306","1","0","23.757366",,"0",,,"2026-08-01","0","0","1","0","0","1",,,"1","0","1",,"0","1","0","1910",,,"0","0","0","0","38.2",,,"1","3",,"1","1",,,,"0","0","1",,"50","0",,"Filikis Eterias 7","1","1","0","2026-07-22","https://www.spitogatos.gr/en/property/1220443171","https://nodalview.com/s/2vqoleuI18igM9dgsMpwiZ","0",,"2022",,
"1","1",,"vip","4",,,,"0","0","0","0","2026-10-26","0","0","1","0","0",,,"house",,,"1","Ανακάλυψε τα καλύτερα σημεία της Γλυφάδας , με αυτό το υπέροχο διαμέρισμα ενός υπνοδωματίου της Blueground. Προσφέρει μια πλήρως εξοπλισμένη κουζίνα, ένα ευρύχωρο καθιστικό. Επίσης, καθ’όλη τη διάρκεια της διαμονής σου θα έχεις τη δυνατότητα να επικοινωνήσεις εύκολα και άμεσα με την ομάδα υποστήριξης πελατών και να βρεις χρήσιμες πληροφορίες τόσο για το διαμέρισμά σου όσο και για τη γειτονιά μέσω της ειδικής mobile εφαρμογής.<br><br />
<br />
Η διαφημιζόμενη τιμή των €1,140/μήνα είναι η τιμή για 1 έτος, με ημερομηνία έναρξης Οκτωβρίου 25, 2026.<br />
<br>Οι τιμές διαφέρουν ανάλογα με τη διάρκεια παραμονής, την εποχικότητα και άλλους παράγοντες. Επισκεφθείτε τον ιστότοπό μας και εισάγετε τις ημερομηνίες διαμονής σας για να δείτε ενημερωμένες τιμές για την κράτησή σας. Η τιμή ισχύει μόνο με προκαταβολή· ενδέχεται να είναι υψηλότερη εάν πληρωθεί σε δόσεις.<br />
<br />
<b>Κλείστε αυτό το διαμέρισμα online!</b><br />
<br />
https://www.theblueground.com/p/furnished-apartments/ath-1217?utm_source=classified-4<br />
<br />
Aναβαθμίστε τη διαμονή σας με ένα πλήρως επιπλωμένο διαμέρισμα από τη Blueground:<br />
      – Επιπλωμένα σπίτια σε τιμές αντίστοιχες με τα ανεπίπλωτα<br />
      – Χωρίς κόστη εγκατάστασης ή αγοράς επίπλων - εξοικονομήστε χρόνο και χρήματα<br />
      – Έτοιμα για άμεση μετακόμιση - το μόνο που χρειάζεστε είναι η βαλίτσα σας<br />
<br />
<b>Ο χώρος</b><br><br />
Σε αυτό το κομψό Blueground διαμέρισμα ενός υπνοδωματίου, θα βρεις ένα χώρο προσεκτικά σχεδιασμένο και πλήρως εξοπλισμένο με έπιπλα μοναδικού design και ηλεκτρικές συσκευές τελευταίας τεχνολογίας.<br />
Νιώσε όμορφα και χαλαρά στο νέο σου σπίτι κάθε στιγμή. Και όταν θα θες να διασκεδάσεις, μπορείς να βγεις και να αφεθείς στον παλμό της Γλυφάδας ή να φέρεις τη διασκέδαση σπίτι, με τα ασύρματα ηχεία ή τη smart TV.<br />
<br />
<b>Διαρρύθμιση δωματίων ύπνου</b><br />
    <br />
        Υπέρδιπλο κρεβάτι: 160 εκ.<br />
<br />
<b>Παροχές κτιρίου</b><br />
<br />
      Ασανσέρ<br />
      Πλυντήριο<br />
      Επιτρέπονται κατοικίδια<br />
<br />
<br />
<b>Άφιξη και συνεχής υποστήριξη πελατών</b><br><br />
Κατά τη διάρκεια της διαμονής σου, η ομάδα μας θα είναι διαθέσιμη για να σε βοηθήσει με οτιδήποτε χρειαστείς. Μέσω της ειδικής mobile εφαρμογής της Blueground έχεις συνεχή υποστήριξη, ενώ μπορείς ακόμη να προγραμματίσεις υπηρεσίες καθαρισμού, συντήρησης ή επισκευής, με το πάτημα ενός κουμπιού.<br />
<br />
<b>Ιδανική τοποθεσία</b><br />
<br />
Η Γλυφάδα είναι η μεγαλύτερη παραθαλάσσια γειτονιά της Αθηναϊκής Ριβιέρας, σε απόσταση μόλις 15 χιλιομέτρων από το κέντρο της πόλης. Πρόκειται για μια περιοχή με μπουτίκ σχεδιαστών, μοντέρνα καφέ, εστιατόρια υψηλών προδιαγραφών, αμμώδεις παραλίες και τέσσερις μαρίνες. Επιπλέον, εδώ βρίσκεται το πρώτο γήπεδο γκολφ στην Ελλάδα. Η Γλυφάδα θεωρείται μια από τις πιο διάσημες περιοχές για να μείνετε κοντά στην Αθήνα. Από εδώ μπορείτε να φτάσετε στο κέντρο της Αθήνας με το τραμ, το λεωφορείο ή το αυτοκίνητο.",,"1",,"1","8","0","0","2026-07-27","6",,"0","yes","no","0","Αθήνα - Νότια Προάστια (Αττική)","Γλυφάδα (Αθήνα - Νότια Προάστια)","1","105103","102","2208",,,"1",,"0","0","1","1220493450","https://m2.spitogatos.gr/363390982_1600x1200.jpg?v=20130730","https://m2.spitogatos.gr/363390985_1600x1200.jpg?v=20130730","https://m1.spitogatos.gr/363390987_1600x1200.jpg?v=20130730","https://m3.spitogatos.gr/363390992_1600x1200.jpg?v=20130730","https://m2.spitogatos.gr/363391000_1600x1200.jpg?v=20130730","https://m3.spitogatos.gr/363391007_1600x1200.jpg?v=20130730","https://m2.spitogatos.gr/363391012_1600x1200.jpg?v=20130730","https://m3.spitogatos.gr/363391016_1600x1200.jpg?v=20130730","https://m2.spitogatos.gr/363391021_1600x1200.jpg?v=20130730","https://m3.spitogatos.gr/363391025_1600x1200.jpg?v=20130730","https://m1.spitogatos.gr/363391032_1600x1200.jpg?v=20130730","https://m1.spitogatos.gr/363391038_1600x1200.jpg?v=20130730","https://m2.spitogatos.gr/363391042_1600x1200.jpg?v=20130730","https://m3.spitogatos.gr/363391049_1600x1200.jpg?v=20130730","https://m3.spitogatos.gr/363391052_1600x1200.jpg?v=20130730","https://m2.spitogatos.gr/363391057_1600x1200.jpg?v=20130730","https://m1.spitogatos.gr/363391059_1600x1200.jpg?v=20130730","https://m2.spitogatos.gr/363391063_1600x1200.jpg?v=20130730","https://m3.spitogatos.gr/363391067_1600x1200.jpg?v=20130730","https://m2.spitogatos.gr/363391072_1600x1200.jpg?v=20130730","https://m2.spitogatos.gr/363391075_1600x1200.jpg?v=20130730","https://m3.spitogatos.gr/363391088_1600x1200.jpg?v=20130730",,,,"0","0",,"0","37.863819","1","0","23.757431",,"0",,,"2026-08-01","0","0",,"0","0","1",,,"1","0","0","1","0","0","0","1140",,,"0","0","0","0","19",,,"1","3",,"1","0",,,,"1","0","1",,"60","0",,"Evaggelistrias 17","1","1","0","2026-07-27","https://www.spitogatos.gr/en/property/1220493450","https://nodalview.com/s/08UGkiErLDTB319k8IHtAG","0",,"1990",,
"1","4",,"vip","4",,,,"0","0","0","0","2026-10-17","0","0","1","0","0",,,"house",,,"1","Νιώσε σαν στο σπίτι σου, όπου και αν επιλέξεις να μείνεις με την Blueground. Θα λατρέψεις αυτό το όμορφα επιπλωμένο διαμέρισμα δύο υπνοδωματίων, για τη διακόσμησή του, την πλήρως εξοπλισμένη κουζίνα και το εκλεπτυσμένο καθιστικό του. Βρίσκεται σε ιδανική τοποθεσία, κοντά σε όλα όσα έχει να σου προσφέρει η Γλυφάδα!<br><br />
<br />
Η διαφημιζόμενη τιμή των €1,760/μήνα είναι η τιμή για 1 έτος, με ημερομηνία έναρξης Οκτωβρίου 16, 2026.<br />
<br>Οι τιμές διαφέρουν ανάλογα με τη διάρκεια παραμονής, την εποχικότητα και άλλους παράγοντες. Επισκεφθείτε τον ιστότοπό μας και εισάγετε τις ημερομηνίες διαμονής σας για να δείτε ενημερωμένες τιμές για την κράτησή σας. Η τιμή ισχύει μόνο με προκαταβολή· ενδέχεται να είναι υψηλότερη εάν πληρωθεί σε δόσεις.<br />
<br />
<b>Κλείστε αυτό το διαμέρισμα online!</b><br />
<br />
https://www.theblueground.com/p/furnished-apartments/ath-344?utm_source=classified-4<br />
<br />
Aναβαθμίστε τη διαμονή σας με ένα πλήρως επιπλωμένο διαμέρισμα από τη Blueground:<br />
      – Επιπλωμένα σπίτια σε τιμές αντίστοιχες με τα ανεπίπλωτα<br />
      – Χωρίς κόστη εγκατάστασης ή αγοράς επίπλων - εξοικονομήστε χρόνο και χρήματα<br />
      – Έτοιμα για άμεση μετακόμιση - το μόνο που χρειάζεστε είναι η βαλίτσα σας<br />
<br />
<b>Ο χώρος</b><br><br />
Έπιπλα μοναδικού design, πλήρως εξοπλισμένη κουζίνα, smart TV ή/και ασύρματα ηχεία τελευταίας τεχνολογίας, είναι λίγες μόνο από τις ανέσεις που σου προσφέρει αυτό το διαμέρισμα δύο υπνοδωματίων της Blueground. Θα το αγαπήσεις όμως και για τη μοναδική του τοποθεσία, καθώς βρίσκεται σε ένα από τα πιο κεντρικά σημεία της Γλυφάδας.<br />
<br />
<b>Διαρρύθμιση δωματίων ύπνου</b><br />
    <br />
        Διπλό κρεβάτι: 140 εκ.<br />
<br />
        Διπλό κρεβάτι: 140 εκ.<br />
<br />
<b>Παροχές κτιρίου</b><br />
<br />
      Ασανσέρ<br />
      Πλυντήριο<br />
      Θέση στάθμευσης<br />
<br />
<br />
<b>Άφιξη και συνεχής υποστήριξη πελατών</b><br><br />
Κατά τη διάρκεια της διαμονής σου, η ομάδα μας θα είναι διαθέσιμη για να σε βοηθήσει με οτιδήποτε χρειαστείς. Μέσω της ειδικής mobile εφαρμογής της Blueground έχεις συνεχή υποστήριξη, ενώ μπορείς ακόμη να προγραμματίσεις υπηρεσίες καθαρισμού, συντήρησης ή επισκευής, με το πάτημα ενός κουμπιού.<br />
<br />
<b>Ιδανική τοποθεσία</b><br />
<br />
Η Γλυφάδα είναι η μεγαλύτερη παραθαλάσσια γειτονιά της Αθηναϊκής Ριβιέρας, σε απόσταση μόλις 15 χιλιομέτρων από το κέντρο της πόλης. Πρόκειται για μια περιοχή με μπουτίκ σχεδιαστών, μοντέρνα καφέ, εστιατόρια υψηλών προδιαγραφών, αμμώδεις παραλίες και τέσσερις μαρίνες. Επιπλέον, εδώ βρίσκεται το πρώτο γήπεδο γκολφ στην Ελλάδα. Η Γλυφάδα θεωρείται μια από τις πιο διάσημες περιοχές για να μείνετε κοντά στην Αθήνα. Από εδώ μπορείτε να φτάσετε στο κέντρο της Αθήνας με το τραμ, το λεωφορείο ή το αυτοκίνητο.",,"1",,"1","6","0","0","2026-06-26","9",,"0","yes","yes","0","Αθήνα - Νότια Προάστια (Αττική)","Γλυφάδα (Αθήνα - Νότια Προάστια)","1","105103","102","2208","102208",,"1","1","0","0","1","1220240863","https://m1.spitogatos.gr/362707869_1600x1200.jpg?v=20130730","https://m3.spitogatos.gr/362707877_1600x1200.jpg?v=20130730","https://m1.spitogatos.gr/362707908_1600x1200.jpg?v=20130730","https://m2.spitogatos.gr/362707933_1600x1200.jpg?v=20130730","https://m2.spitogatos.gr/362707942_1600x1200.jpg?v=20130730","https://m1.spitogatos.gr/362707950_1600x1200.jpg?v=20130730","https://m1.spitogatos.gr/362707956_1600x1200.jpg?v=20130730","https://m2.spitogatos.gr/362707975_1600x1200.jpg?v=20130730","https://m3.spitogatos.gr/362708003_1600x1200.jpg?v=20130730","https://m3.spitogatos.gr/362708012_1600x1200.jpg?v=20130730","https://m2.spitogatos.gr/362708023_1600x1200.jpg?v=20130730","https://m2.spitogatos.gr/362708035_1600x1200.jpg?v=20130730","https://m1.spitogatos.gr/362708049_1600x1200.jpg?v=20130730","https://m2.spitogatos.gr/362708077_1600x1200.jpg?v=20130730","https://m3.spitogatos.gr/362708099_1600x1200.jpg?v=20130730","https://m2.spitogatos.gr/362708110_1600x1200.jpg?v=20130730","https://m3.spitogatos.gr/362708120_1600x1200.jpg?v=20130730","https://m2.spitogatos.gr/362708131_1600x1200.jpg?v=20130730","https://m3.spitogatos.gr/362708141_1600x1200.jpg?v=20130730","https://m3.spitogatos.gr/362708153_1600x1200.jpg?v=20130730","https://m2.spitogatos.gr/362708182_1600x1200.jpg?v=20130730","https://m1.spitogatos.gr/362708217_1600x1200.jpg?v=20130730","https://m2.spitogatos.gr/362708227_1600x1200.jpg?v=20130730","https://m3.spitogatos.gr/362708240_1600x1200.jpg?v=20130730","https://m2.spitogatos.gr/362708251_1600x1200.jpg?v=20130730","0","0",,"0","37.868103","1","0","23.759148",,"0",,,"2026-08-01","0","0",,"0","0","1",,,"1","0","1",,"0","0","0","1760","2026-07-22 10:49:08","4","0","0","0","0","20.71","1830","true","1","3",,"1","0",,,,"2","0","1",,"85","0",,"Omirou 30","1","1","0","2026-06-26","https://www.spitogatos.gr/en/property/1220240863",,"0",,"2010",,
,"1",,"vip","4",,,,,,,"0","2026-05-11","0",,,"0",,,,"house",,,,"Προνομιακό Γωνιακό Οροφοδιαμέρισμα 95τ.μ. στην Άνω Γλυφάδα – Ύψος 2ου Ορόφου <br />
<br />
Περιγραφή:<br />
Ενοικιάζεται διαμπερές γωνιακό οροφοδιαμέρισμα 95 τ.μ. στην Άνω Γλυφάδα, σε εξαιρετική κατάσταση. Το ακίνητο βρίσκεται στον 1ο όροφο, αλλά λόγω της διαμόρφωσης του κτιρίου (ισόγειο κατάστημα), το πραγματικό του ύψος αντιστοιχεί σε 2ο όροφο (άνω των 6 μέτρων), εξασφαλίζοντας ιδιωτικότητα, άπλετο φως και ανοιχτό ορίζοντα.<br />
Εσωτερικά Χαρακτηριστικά:<br />
Υπνοδωμάτια: 2 άνετα και φωτεινά υπνοδωμάτια με ξύλινα πατώματα (Δρυς) , μεγαλεσ Ντουλάπες και αλουμίνια με διπλά τζάμια.<br />
Ανακαίνιση: <br />
Πλήρως ανακαινισμένη κουζίνα και μοντέρνο μπάνιο με ντουζιέρα, βαμμένο και με γυαλισμένα πατώματα.<br />
Δάπεδα: <br />
Πολυτελή μάρμαρα σε όλους τους υπόλοιπους χώρους.<br />
Βεράντες: <br />
Μεγάλες περιμετρικές βεράντες ""γύρω-γύρω"", ιδανικές για χαλάρωση.Αποθήκη: Διαθέτει πρακτική εσωτερική αποθήκη εντός του σπιτιού.<br />
Παροχές & Οικονομία:Θέρμανση: <br />
Αυτόνομη θέρμανση πετρελαίου.Ηλιακός Θερμοσίφωνας: Εγκατεστημένος για μέγιστη εξοικονόμηση ενέργειας.<br />
Κοινόχρηστα: <br />
Πολύ χαμηλά, σταθερά στα 30€/μήνα.<br />
Τοποθεσία:<br />
Βρίσκεται σε στρατηγικό σημείο της Άνω Γλυφάδας, σε απόσταση 1.500 μέτρων από τον σταθμό του Μετρό Ελληνικού, κοντά σε αγορά και συγκοινωνίες.<br />
<br />
Υπόδειξη Ακινήτου γίνεται μόνο με την επίδειξη της Αστυνομικής Ταυτότητας και Α.Φ.Μ. του πελάτη βάσει του Ν.4557/2018 (ΦΕΚ139 /2018 ) και ΠΟΛ 1200 /29. 10. 2018 (ΦΕΚ Β’ 4869 /2018 ). Η μεσιτική αμοιβή για τις ΕΝΟΙΚΙΑΣΕΙΣ ανέρχεται σε ένα μίσθωμα, όπως αυτό διαμορφωθεί, συν ΦΠΑ (24 %). Οι αμοιβές αυτές αφορούν τον κάθε συμβαλλόμενο ξεχωριστά. Το γραφείο μας ενδέχεται να αμειφθεί και από τους δύο συμβαλλόμενους. <br />
<br />
Οικονομικά Στοιχεία:<br />
<br />
Ενοίκιο: 1.200 € / μήνα<br />
<br />
Για περισσότερες πληροφορίες ή για προγραμματισμό επίσκεψης:<br />
Μπουζάνης Επενδυτική ΙΚΕ <br />
Τηλέφωνο: 697 2992208",,,,,"7",,,"2026-05-11","6",,,,,,"Αθήνα - Νότια Προάστια (Αττική)","Γλυφάδα (Αθήνα - Νότια Προάστια)","1","105103","102","2208","117611",,"1","1",,,"1","1219865730","https://m1.spitogatos.gr/353112441_1600x1200.jpg?v=20130730","https://m3.spitogatos.gr/353112440_1600x1200.jpg?v=20130730","https://m1.spitogatos.gr/353112438_1600x1200.jpg?v=20130730","https://m2.spitogatos.gr/353112436_1600x1200.jpg?v=20130730","https://m1.spitogatos.gr/353112423_1600x1200.jpg?v=20130730","https://m1.spitogatos.gr/353112429_1600x1200.jpg?v=20130730","https://m1.spitogatos.gr/353112426_1600x1200.jpg?v=20130730","https://m1.spitogatos.gr/353112432_1600x1200.jpg?v=20130730","https://m2.spitogatos.gr/353112442_1600x1200.jpg?v=20130730","https://m3.spitogatos.gr/353112446_1600x1200.jpg?v=20130730","https://m2.spitogatos.gr/353112448_1600x1200.jpg?v=20130730","https://m1.spitogatos.gr/353112450_1600x1200.jpg?v=20130730",,,,,,,,,,,,,,,,,"1","37.893398","1","1","23.76354","456",,,,"2026-08-01","0",,,,"0","1","3",,,,,,,,"0","1200",,,"0","0","0","0","12.63",,,"1","3",,"1","1",,"0",,"2",,,,"95",,,,,"1","0","2026-05-11","https://www.spitogatos.gr/en/property/1219865730",,,,"1987",,
"1","2","no","vip","4","ΧΡΙΣΤ","88520","ΓΙΑΝΝ","0","0","0","0","2026-06-02","0","0","0","0","1","0",,"house",,,"0","Κωδικός ακινήτου: 5703 - Γλυφάδα Τερψιθέα  ΕΝΟΙΚΙΑΖΕΤΑΙ     διαμέρισμα  στον 2 ο όροφο συνολικής επιφάνειας 105.00 τ.μ.  . Αποτελείται από 3 υπνοδωμάτια, σαλόνι, κουζίνα, μπάνιο . Είναι κατασκευασμένο το 2003 με ενεργειακή κλάση Γ  και διαθέτει θέρμανση αυτόνομη - πετρελαίου, θέα σε ανοιχτό ορίζοντα, κουφώματα αλουμινίου, πατώματα από πλακάκι, πόρτα ασφαλείας, εντοιχιζόμενες ντουλάπες, ανελκυστήρα, αποθήκη , τζάκι, A/C, ηλεκτρικές συσκευές, διπλά τζάμια, ηλιακό θερμοσίφωνα, θυροτηλεόραση      - Τιμή: 1.250 €  <br>Ανω Γλυφάδα ενοικίαση διαμερίσματος 105τμ<br />
ενοικίαση 2ου ορόφου του 2003 επιπλωμένο κ πλήρως εξοπλισμένο με ηλεκτρικές<br />
συσκευές!Προσόψεως,φωτεινό!<br />
3 δωμάτια το 1 master,1 μπάνιο με jacuzzi,<br />
αυτόνομη θέρμανση πετρελαίου,τζάκι,4 κλιματιστικά,ηλιακός,προαιρετική συμμετοχή<br />
στην κοινόχρηστη πισίνα,πατάρι,αποθήκη,<br />
μεγάλη βεράντα,πόρτα ασφαλείας,<br />
θυροτηλεοραση,όμορφος περιβάλλοντας<br />
χώρος-κήπος,<br />
Ησυχη περιοχή κοντά σε συγκοινωνία κ αγορά <br>",,,,"1","5","1","1","2026-06-02","7","4","0","no","no","0","Αθήνα - Νότια Προάστια (Αττική)","Γλυφάδα (Αθήνα - Νότια Προάστια)","1","105103","102","2208","117611","Double","1","1","0","0","1","1219989265","https://m2.spitogatos.gr/355310401_1600x1200.jpg?v=20130730","https://m2.spitogatos.gr/355310422_1600x1200.jpg?v=20130730","https://m3.spitogatos.gr/355310432_1600x1200.jpg?v=20130730","https://m2.spitogatos.gr/355310449_1600x1200.jpg?v=20130730","https://m3.spitogatos.gr/355310453_1600x1200.jpg?v=20130730","https://m3.spitogatos.gr/355310471_1600x1200.jpg?v=20130730","https://m3.spitogatos.gr/355310474_1600x1200.jpg?v=20130730","https://m2.spitogatos.gr/355310479_1600x1200.jpg?v=20130730","https://m3.spitogatos.gr/355310483_1600x1200.jpg?v=20130730","https://m2.spitogatos.gr/355310491_1600x1200.jpg?v=20130730","https://m1.spitogatos.gr/355310496_1600x1200.jpg?v=20130730","https://m3.spitogatos.gr/355310504_1600x1200.jpg?v=20130730","https://m2.spitogatos.gr/355310509_1600x1200.jpg?v=20130730","https://m1.spitogatos.gr/355310517_1600x1200.jpg?v=20130730","https://m3.spitogatos.gr/355310525_1600x1200.jpg?v=20130730","https://m1.spitogatos.gr/355310541_1600x1200.jpg?v=20130730","https://m3.spitogatos.gr/355310552_1600x1200.jpg?v=20130730","https://m2.spitogatos.gr/355310575_1600x1200.jpg?v=20130730","https://m1.spitogatos.gr/355310586_1600x1200.jpg?v=20130730","https://m1.spitogatos.gr/355310595_1600x1200.jpg?v=20130730",,,,,,"0","0","2","1","37.887478",,"1","23.774237",,"0",,,"2026-08-01","0","0",,"0","0","1",,"2","1","0","0",,"0","0","0","1250",,,"0","0","0","0","11.9",,,"1","3","6","1","0",,"0","7","3","0","1","1","105","1",,,"0","1","0","2026-06-02","https://www.spitogatos.gr/en/property/1219989265",,"1","0","2003",,"residential"
"1","2","no","vip","4",,,,"1","0","0","0","2026-07-09","0","1","0","0","0","0",,"house","0","50","1","Διαμέρισμα Προς Ενοικίαση, όροφος: 2ος, στην περιοχή: Γλυφάδα - Τερψιθέα. Το εμβαδόν του ακινήτου είναι 125 τ.μ.. Αποτελείται από: 3 Υ/Δ, 1 μπάνιο/α, 1 wc, 1 κουζίνα/ες, 1 σαλόνι/α. Έχει κατασκευαστεί το 1984 και ανακαινίστηκε το 1995. Η θέρμανση του ακινήτου είναι Αυτόνομη με Πετρέλαιο, ενώ επίσης διατίθεται Κλιματισμός, Ηλιακός, έχει κουφώματα Αλουμινίου με Διπλά τζάμια, ενεργειακό πιστοποιητικό: Γ και τα δάπεδα είναι: Πλακάκια, Ξύλο, Μάρμαρο, βρίσκεται κοντά σε Θάλασσα, Πλατεία, Λαική αγορά, Super Market, Αγορά, Εστίαση, έχει θέα Θάλασσα. Το ακίνητο είναι Οροφοδιαμέρισμα, Επιπλωμένο, Γωνιακό, Προσόψεως, Διαμπερές και επίσης διαθέτει τα παρακάτω χαρακτηριστικά και πλεονεκτήματα: Σίτες, Τέντες, Πόρτα Ασφαλείας, Νυχτερινό Ρεύμα, Τριφασικό Ρεύμα, Δέντρα.<br />
Οι πληροφορίες των ακινήτων που παρουσιάζουμε είναι αυτές που μας έχουν προσκομίσει οι ιδιοκτήτες. Η εταιρεία μας δε φέρει ευθύνη για τυχόν λανθασμένες πληροφορίες. Για την επίσκεψη ακινήτων απαιτείται προσκόμιση ταυτότητας ή διαβατηρίου. Οι τοποθεσίες των ακινήτων στον χάρτη είναι κατά προσέγγιση. Τιμή: €1.500. greecing., Τηλέφωνο Επικοινωνίας: 2106120875, email: info@greecingteam.com",,,"0","0","5","1","0","2026-07-09","7","6","0","yes","no","0","Αθήνα - Νότια Προάστια (Αττική)","Γλυφάδα (Αθήνα - Νότια Προάστια)","1","105103","102","2208","117611","Double","1","1","0","0","1","1220340847","https://m2.spitogatos.gr/361054498_1600x1200.jpg?v=20130730","https://m1.spitogatos.gr/361054503_1600x1200.jpg?v=20130730","https://m3.spitogatos.gr/361054511_1600x1200.jpg?v=20130730","https://m2.spitogatos.gr/361054516_1600x1200.jpg?v=20130730","https://m2.spitogatos.gr/361054519_1600x1200.jpg?v=20130730","https://m2.spitogatos.gr/361054525_1600x1200.jpg?v=20130730","https://m1.spitogatos.gr/361054530_1600x1200.jpg?v=20130730","https://m1.spitogatos.gr/361054536_1600x1200.jpg?v=20130730","https://m1.spitogatos.gr/361054539_1600x1200.jpg?v=20130730","https://m2.spitogatos.gr/361054546_1600x1200.jpg?v=20130730","https://m3.spitogatos.gr/361054553_1600x1200.jpg?v=20130730","https://m3.spitogatos.gr/361054556_1600x1200.jpg?v=20130730","https://m3.spitogatos.gr/361054559_1600x1200.jpg?v=20130730","https://m3.spitogatos.gr/361054565_1600x1200.jpg?v=20130730","https://m1.spitogatos.gr/361054566_1600x1200.jpg?v=20130730","https://m2.spitogatos.gr/361054570_1600x1200.jpg?v=20130730","https://m1.spitogatos.gr/361054572_1600x1200.jpg?v=20130730","https://m1.spitogatos.gr/361054575_1600x1200.jpg?v=20130730","https://m2.spitogatos.gr/361054579_1600x1200.jpg?v=20130730",,,,,,,"0","0","2","1","37.892086","1","1","23.765251",,"0","0","0","2026-08-01","0","0",,"1","1","1",,,"0","0","1",,"0","0","0","1500",,,"0","0","0","0","12",,,"1","3","6","1","0",,"0","1","3","0","1","1","125","0",,,"0","1","0","2026-07-09","https://www.spitogatos.gr/en/property/1220340847",,"1","1","1984",,"residential"
"1","1","no","vip","4","ΧΡΙΣΤ","88520","ΓΙΑΝΝ","0","0","0","0","2026-07-28","0","1","0","0","0","0",,"house",,,"0","Κωδικός ακινήτου: 6299 - Ελληνικό Άνω Ελληνικό  ΕΝΟΙΚΙΑΖΕΤΑΙ   ανακαινισμένο  διαμέρισμα  στον 1 ο όροφο συνολικής επιφάνειας 120.00 τ.μ.  . Αποτελείται από 3 υπνοδωμάτια,  σαλοκουζίνα, μπάνιο και WC. Είναι κατασκευασμένο το 1980 με ενεργειακή κλάση Γ  και διαθέτει θέρμανση αυτόνομη - φυσικού αερίου,  κουφώματα αλουμινίου, πατώματα από πλακάκι,  εντοιχιζόμενες ντουλάπες, πάρκινγκ, τζάκι, A/C, τέντες, σίτες, διπλά τζάμια, ηλιακό θερμοσίφωνα, boiler, ανοιχτωσιά      - Τιμή: 1.100 €  <br>ΕΛΛΗΝΙΚΟ διαμέρισμα 120τμ,1ος,3υπνοδωμάτια,μπάνιο-wc,αυτονομια φυσικο αέριο,ηλιακος,a/c,τζάκι,εννιαια κουζίνα σαλόνι,ηλεκτρικά ρολλά ,τέντες,διπλά ηχομονωτικά αλουμίνια,πάρκιν,χωρίς ασανσέρ,διδεται και επιπλωμένο 1300ε,στό κέντρο τής αγοράς,για άμεση εξυπηρέτηση 6974106443 <br>",,,,"0","5","1","1","2026-07-30","6","4","0","no","yes","0","Αθήνα - Νότια Προάστια (Αττική)","Γλυφάδα (Αθήνα - Νότια Προάστια)","1","105103","102","2208","106436","Double","1","2","0","0","1","1220530796","https://m1.spitogatos.gr/363817209_1600x1200.jpg?v=20130730","https://m2.spitogatos.gr/363817213_1600x1200.jpg?v=20130730","https://m1.spitogatos.gr/363817221_1600x1200.jpg?v=20130730","https://m2.spitogatos.gr/363817225_1600x1200.jpg?v=20130730","https://m1.spitogatos.gr/363817230_1600x1200.jpg?v=20130730","https://m2.spitogatos.gr/363817234_1600x1200.jpg?v=20130730","https://m2.spitogatos.gr/363817237_1600x1200.jpg?v=20130730","https://m3.spitogatos.gr/363817241_1600x1200.jpg?v=20130730","https://m2.spitogatos.gr/363817246_1600x1200.jpg?v=20130730","https://m3.spitogatos.gr/363817253_1600x1200.jpg?v=20130730","https://m1.spitogatos.gr/363817260_1600x1200.jpg?v=20130730","https://m3.spitogatos.gr/363817265_1600x1200.jpg?v=20130730",,,,,,,,,,,,,,"0","0","2","1","37.890759",,"0","23.761072",,"0",,,"2026-08-01","0","0",,"0","1","1",,,"0","0","1",,"0","0","0","1100",,,"0","0","0","0","9.17",,,"1","3","6","1","1",,"0","1","3","0","0","1","120","0",,,"0","1","0","2026-07-30","https://www.spitogatos.gr/en/property/1220530796",,"0","0","1980",,"residential"
"1","1","no","vip","4","ΧΡΙΣΤ","88520","ΓΙΑΝΝ","0","0","0","0","2026-06-02","0","0","0","0","1","0",,"house",,,"0","Κωδικός ακινήτου: 5702 - Γλυφάδα Τερψιθέα  ΕΝΟΙΚΙΑΖΕΤΑΙ     διαμέρισμα  στον 1 ο όροφο συνολικής επιφάνειας 77.00 τ.μ.  . Αποτελείται από 2 υπνοδωμάτια, σαλόνι, κουζίνα, μπάνιο . Είναι κατασκευασμένο το 2000 με ενεργειακή κλάση Γ  και διαθέτει θέρμανση αυτόνομη - πετρελαίου, θέα σε ανοιχτό ορίζοντα, κουφώματα αλουμινίου, πατώματα από πλακάκι, πόρτα ασφαλείας, εντοιχιζόμενες ντουλάπες, A/C, ηλεκτρικές συσκευές, διπλά τζάμια, ηλιακό θερμοσίφωνα      - Τιμή: 950 €  <br>Ανω Γλυφάδα ενοικίαση διαμερίσματος 77τμ 1ου<br />
ορόφου του 2000 επιπλωμένο κ πλήρως εξοπλισμένο με ηλεκτρικές συσκευές!<br />
Προσόψεως,φωτεινό με μεγάλη βεράντα,<br />
2 δωμάτια,μπάνιο,σαλόνι,κουζίνα,αυτόνομη<br />
θέρμανση πετρελαίου,3 κλιματιστικά,μεγάλες ντουλάπες,πατάρι,προαιρετική<br />
συμμετοχή στην κοινόχρηστη πισίνα,όμορφος περιβάλλοντας χώρος-κήπος!<br />
Ήσυχη γειτονιά κοντά σε συγκοινωνία κ αγορά <br>",,,,"0","5","0","0","2026-06-02","6","4","0","no","no","0","Αθήνα - Νότια Προάστια (Αττική)","Γλυφάδα (Αθήνα - Νότια Προάστια)","1","105103","102","2208","117611","Double","1","1","0","0","1","1219989209","https://m2.spitogatos.gr/355310143_1600x1200.jpg?v=20130730","https://m3.spitogatos.gr/355310150_1600x1200.jpg?v=20130730","https://m3.spitogatos.gr/355310159_1600x1200.jpg?v=20130730","https://m2.spitogatos.gr/355310194_1600x1200.jpg?v=20130730","https://m3.spitogatos.gr/355310201_1600x1200.jpg?v=20130730","https://m1.spitogatos.gr/355310214_1600x1200.jpg?v=20130730","https://m3.spitogatos.gr/355310225_1600x1200.jpg?v=20130730","https://m3.spitogatos.gr/355310237_1600x1200.jpg?v=20130730","https://m3.spitogatos.gr/355310249_1600x1200.jpg?v=20130730","https://m1.spitogatos.gr/355310259_1600x1200.jpg?v=20130730","https://m1.spitogatos.gr/355310280_1600x1200.jpg?v=20130730","https://m1.spitogatos.gr/355310343_1600x1200.jpg?v=20130730","https://m3.spitogatos.gr/355310354_1600x1200.jpg?v=20130730",,,,,,,,,,,,,"0","0","2","1","37.887478",,"1","23.774237",,"0",,,"2026-08-01","0","0",,"0","0","1",,,"0","0","0",,"0","0","0","950",,,"0","0","0","0","12.34",,,"1","3","6","1","0",,"0","7","2","0","1","1","77","0",,,"0","1","0","2026-06-02","https://www.spitogatos.gr/en/property/1219989209",,"1","0","2000",,"residential"
"0","4","no","vip","4",,,,"0","0","0","0","2026-07-03","0","1","1","20","1","0",,"house","0","45","0","Εσωτερικός κωδικός: GLY1201780<br />
<br />
🏡 Διαμέρισμα προς Ενοικίαση – Κάτω Γλυφάδα, Γλυφάδα<br />
💰 Τιμή: €1.780<br />
<br />
Φωτεινό και πλήρως ανακαινισμένο διαμέρισμα 120 τ.μ. στον 4ο όροφο, σε εξαιρετική τοποθεσία στην Κάτω Γλυφάδα. Το ακίνητο συνδυάζει μοντέρνα αισθητική, άνετους χώρους και ανεμπόδιστη θέα, αποτελώντας ιδανική επιλογή για οικογένειες, επαγγελματίες ή φοιτητές που επιθυμούν να ζουν κοντά στη θάλασσα και σε όλες τις σύγχρονες ανέσεις των νοτίων προαστίων.<br />
<br />
📐 Χαρακτηριστικά Ακινήτου:<br />
• Εμβαδόν: 120 τ.μ.<br />
• Όροφος: 4ος<br />
• 3 Υπνοδωμάτια<br />
• 2 Μπάνια<br />
• 1 Κουζίνα<br />
• 1 Σαλόνι<br />
• 1 Θέση στάθμευσης (ανοιχτός χώρος)<br />
• Οικόπεδο: 1.340 τ.μ.<br />
• Έτος κατασκευής: 1990<br />
• Ανακαίνιση: 2020<br />
• Κατάσταση: Ανακαινισμένο<br />
• Δάπεδα: Πλακάκια, Ξύλο<br />
• Κουφώματα αλουμινίου με διπλά τζάμια<br />
• Ενεργειακό Πιστοποιητικό: Δ<br />
<br />
🔥 Παροχές & Εξοπλισμός:<br />
• Αυτόνομη θέρμανση με φυσικό αέριο<br />
• Ηλιακός θερμοσίφωνας<br />
• Boiler<br />
• Ενεργειακό τζάκι<br />
• Νυχτερινό ρεύμα<br />
<br />
✨ Πλεονεκτήματα:<br />
• Προσόψεως και φωτεινό<br />
• Πολυτελής, μοντέρνα αισθητική<br />
• Ανεμπόδιστη θέα και ανοιχτωσιά<br />
• Μεσημβρινός προσανατολισμός<br />
• Σίτες<br />
• Τέντες<br />
• Ασανσέρ<br />
• Αποθήκη<br />
• Πόρτα ασφαλείας<br />
• Ήσυχη γειτονιά<br />
• Ευρύχωρη βεράντα<br />
• Κατάλληλο για εξοχική κατοικία και φοιτητές<br />
<br />
📍 Τοποθεσία:<br />
Το ακίνητο βρίσκεται σε προνομιακή τοποθεσία στην Κάτω Γλυφάδα, κοντά σε συγκοινωνίες, πάρκο, θάλασσα, εμπορικό κέντρο, αγορά και το κέντρο της πόλης, προσφέροντας άμεση πρόσβαση σε όλες τις καθημερινές ανάγκες και εξαιρετική ποιότητα ζωής.<br />
<br />
🌐 Περισσότερα ακίνητα και πληροφορίες: www.bestdealestate.com<br />
<br />
📞 Επικοινωνία: +30 210 895 8054 / +30 693 7155747 / +30 693 700 2113<br />
📧 Email: info@bestdealestate.com<br />
<br />
📌 Σημαντική Σημείωση:<br />
Η τοποθεσία στον χάρτη είναι ενδεικτική και δεν αντιστοιχεί στην ακριβή διεύθυνση του ακινήτου. Για την υπόδειξη απαιτείται η επίδειξη ταυτότητας και ΑΦΜ, σύμφωνα με τον Ν. 4072/11-4-2012 (ΦΕΚ 86 Α).",,,"0","1","6","1","1","2026-07-03","9","10","0","no","yes","0","Αθήνα - Νότια Προάστια (Αττική)","Γλυφάδα (Αθήνα - Νότια Προάστια)","1","105103","102","2208","102208","Double","1","2","0","1","1","1220294207","https://m2.spitogatos.gr/360313846_1600x1200.jpg?v=20130730","https://m2.spitogatos.gr/360313855_1600x1200.jpg?v=20130730","https://m1.spitogatos.gr/360313860_1600x1200.jpg?v=20130730","https://m1.spitogatos.gr/360313866_1600x1200.jpg?v=20130730","https://m2.spitogatos.gr/362020486_1600x1200.jpg?v=20130730","https://m2.spitogatos.gr/362020489_1600x1200.jpg?v=20130730",,,,,,,,,,,,,,,,,,,,"0","0","2","1","37.869499","1","1","23.754908","1340","1","0","0","2026-08-01","0","0",,"1","0","2",,"9","0","0","1",,"0","0","0","1780",,,"0","0","0","0","14.83",,,"1","3","6","1","1","2020","0","1","3","0","1","1","120","1","8",,"1","1","0","2026-07-03","https://www.spitogatos.gr/en/property/1220294207","https://vtours.pepita.io/spitogatos/23ee4ba2-9b66-495d-8bf2-44ebc05a87ee","1","0","1990","rL1WH6trxJ8","residential"
"0","Ground Floor","no","vip","4",,,,"1","1","0","0","2026-06-13","0","0","1","0","1","0",,"house","0",,"1","Άνω Γλυφάδα – Αίγλη | Εξαιρετική Μεζονέτα 250 τ.μ. με Πανοραμική Θέα Θάλασσα & Βουνού<br />
<br />
Σε ένα από τα πιο προνομιακά και ήσυχα σημεία της Αίγλης Γλυφάδας, με ανεμπόδιστη θέα που συνδυάζει αρμονικά το γαλάζιο του Σαρωνικού με το φυσικό τοπίο του βουνού, διατίθεται προς μίσθωση μία μοναδική μεζονέτα 250 τ.μ. υψηλών προδιαγραφών.<br />
<br />
Η κατοικία αναπτύσσεται σε τρία επίπεδα και προσφέρει έναν σπάνιο συνδυασμό πολυτέλειας, ιδιωτικότητας και λειτουργικότητας. Η εσωτερική διαρρύθμιση έχει σχεδιαστεί με γνώμονα την άνετη καθημερινή διαβίωση, ενώ ο εσωτερικός ανελκυστήρας εξυπηρετεί όλα τα επίπεδα, προσθέτοντας μία επιπλέον αίσθηση κύρους και πρακτικότητας.<br />
<br />
Οι χώροι υποδοχής κατακλύζονται από φυσικό φως καθ’ όλη τη διάρκεια της ημέρας, χάρη στα μεγάλα ανοίγματα που πλαισιώνουν τη μαγευτική θέα. Το εντυπωσιακό καθιστικό με το τζάκι αποτελεί το επίκεντρο της κατοικίας, δημιουργώντας μία ατμόσφαιρα ζεστασιάς και διαχρονικής κομψότητας.<br />
<br />
Στο εξωτερικό, ο ιδιωτικός κήπος 50 τ.μ. με προσεγμένη φύτευση λειτουργεί ως μία πραγματική όαση ηρεμίας, ενώ οι ευρύχωρες βεράντες και ο πλήρως διαμορφωμένος χώρος barbecue προσφέρουν το ιδανικό περιβάλλον για στιγμές χαλάρωσης, φιλοξενίας και κοινωνικών εκδηλώσεων με φόντο τη θάλασσα και το βουνό.<br />
<br />
Χαρακτηριστικά<br />
<br />
• 250 τ.μ. κατοικίας<br />
• 3 επίπεδα<br />
• Εσωτερικός ανελκυστήρας<br />
• Τζάκι<br />
• Ιδιωτικός κήπος 50 τ.μ.<br />
• Χώρος barbecue<br />
• Μεγάλες βεράντες με πανοραμική θέα<br />
• 2 υπόγειες θέσεις στάθμευσης<br />
• Άριστος φυσικός φωτισμός<br />
• Ήσυχη και ιδιαίτερα προνομιακή τοποθεσία στην Αίγλη Γλυφάδας<br />
<br />
Πρόκειται για μία κατοικία που ξεχωρίζει όχι μόνο για τα τετραγωνικά και τα χαρακτηριστικά της, αλλά κυρίως για την αίσθηση ποιότητας ζωής που προσφέρει. Μία σπάνια ευκαιρία για όσους αναζητούν ένα σπίτι υψηλών προδιαγραφών σε μία από τις πιο περιζήτητες περιοχές των Νοτίων Προαστίων.. Τιμή: €4.500. KEMPAS PROPERTIES, Τηλέφωνο Επικοινωνίας: 2105053731, 6937191491, email: sales@kempas.gr",,,"1","1","4","1","1","2026-06-13","3","10","0","no","yes","1","Αθήνα - Νότια Προάστια (Αττική)","Γλυφάδα (Αθήνα - Νότια Προάστια)","1","105103","102","2208","106312","Double","4","1","0","0","1","1220113434","https://m3.spitogatos.gr/357107072_1600x1200.jpg?v=20130730","https://m2.spitogatos.gr/357107080_1600x1200.jpg?v=20130730","https://m3.spitogatos.gr/357107087_1600x1200.jpg?v=20130730","https://m2.spitogatos.gr/357107095_1600x1200.jpg?v=20130730","https://m3.spitogatos.gr/357107105_1600x1200.jpg?v=20130730","https://m2.spitogatos.gr/357107110_1600x1200.jpg?v=20130730","https://m3.spitogatos.gr/357107114_1600x1200.jpg?v=20130730","https://m2.spitogatos.gr/357107119_1600x1200.jpg?v=20130730","https://m2.spitogatos.gr/357107122_1600x1200.jpg?v=20130730","https://m1.spitogatos.gr/357107127_1600x1200.jpg?v=20130730","https://m1.spitogatos.gr/357107133_1600x1200.jpg?v=20130730","https://m3.spitogatos.gr/357107147_1600x1200.jpg?v=20130730","https://m3.spitogatos.gr/357107150_1600x1200.jpg?v=20130730","https://m1.spitogatos.gr/357107154_1600x1200.jpg?v=20130730","https://m3.spitogatos.gr/357107156_1600x1200.jpg?v=20130730","https://m1.spitogatos.gr/357107157_1600x1200.jpg?v=20130730","https://m2.spitogatos.gr/357107158_1600x1200.jpg?v=20130730","https://m3.spitogatos.gr/357107159_1600x1200.jpg?v=20130730","https://m1.spitogatos.gr/357107160_1600x1200.jpg?v=20130730","https://m2.spitogatos.gr/357107161_1600x1200.jpg?v=20130730","https://m3.spitogatos.gr/357107162_1600x1200.jpg?v=20130730","https://m1.spitogatos.gr/357107163_1600x1200.jpg?v=20130730","https://m2.spitogatos.gr/357107164_1600x1200.jpg?v=20130730","https://m3.spitogatos.gr/357107165_1600x1200.jpg?v=20130730","https://m1.spitogatos.gr/357107166_1600x1200.jpg?v=20130730","1","0","2","1","37.876015","3","2","23.772459",,"1","0","0","2026-08-01","0","0",,"0","1","3",,"1","1","0","0","1","1","0","0","4500",,,"0","0","0","0","18",,,"1","3","6","1","0",,"0",,"5","0","1","0","250","1","15",,"0","3","0","2026-06-13","https://www.spitogatos.gr/en/property/1220113434",,"1","0","2007",,"residential"
"1","2","yes","vip","4",,,,"1","1","0","0","2026-07-27","0","1","1","0","1","0","true","house","0","0","1","ΔΙΑΜΕΡΙΣΜΑ A+<br />
- 2 Υ/Δ , ΣΑΛΟΝΙ -ΚΟΥΖΙΝΑ OPEN PLAN ME ΗΛΕΚΤΡΙΚΕΣ ΣΥΣΚΕΥΕΣ ,<br />
- 2 ΛΟΥΤΡΑ &LAUNDRY<br />
-  SPLIT VRV- ENΔΟΔΑΠΕΔΙΑ ΘΕΡΜΑΝΣΗ  <br />
 - YΠΟΓΕΙΟ PARKING &ΑΠΟΘΗΚΗ","300",,"1","1","1","1","0","2026-07-27","7","4","0","no","yes","0","Αθήνα - Νότια Προάστια (Αττική)","Γλυφάδα (Αθήνα - Νότια Προάστια)","1","105103","102","2208","102208","Triple","1","13","1","0","1","1220497508","https://m3.spitogatos.gr/363406859_1600x1200.jpg?v=20130730","https://m1.spitogatos.gr/363406812_1600x1200.jpg?v=20130730","https://m1.spitogatos.gr/363406824_1600x1200.jpg?v=20130730","https://m2.spitogatos.gr/363406825_1600x1200.jpg?v=20130730","https://m3.spitogatos.gr/363406829_1600x1200.jpg?v=20130730","https://m3.spitogatos.gr/363406826_1600x1200.jpg?v=20130730","https://m2.spitogatos.gr/363406828_1600x1200.jpg?v=20130730","https://m2.spitogatos.gr/363406831_1600x1200.jpg?v=20130730","https://m3.spitogatos.gr/363406847_1600x1200.jpg?v=20130730","https://m3.spitogatos.gr/363406832_1600x1200.jpg?v=20130730","https://m1.spitogatos.gr/363406842_1600x1200.jpg?v=20130730","https://m3.spitogatos.gr/363406844_1600x1200.jpg?v=20130730",,,,,,,,,,,,,,"0","0","2","1","37.857033","1","1","23.757076","700","1","0","0","2026-08-01","0","0","1","1","0","2","5","3","1","0","1",,"0","0","0","2500",,,"0","0","0","0","27.78",,,"1",,,"1","0",,"0","1","2","1","1","1","90","1","10",,"0","1","0","2026-07-27","https://www.spitogatos.gr/en/property/1220497508",,"1","0","2026",,"residential"
"1","Ground Floor","yes","vip","4",,,,"1","1","0","0","2026-03-12","0","1","1","30","1",,"true","house","0",,"1","ΜΕΖΟΝΕΤΑ  2 EΠΙΠΕΔΩΝ (ΙΣΟΓΕΙΟ &1ος)- ME ΙΔΙΩΤΙΚΟ ΚΗΠΟ ΚΑΙ ΠΙΣΙΝΑ <br />
-(4Υ/Δ ΜASTER,  ΜΕ ΛΟΥΤΡΟ) 4ΛΟΥΤΡΑ & W.C,&ΞΕΧΩΡΙΣΤΟ ΔΩΜΑΤΙΟ ΥΠΗΡΕΣΙΑΣ  <br />
-ΣΑΛΟΝΙ  &ΚΟΥΖΙΝΑ OPEN PLAN<br />
-  2 PARKING ΥΠΟΓΕΙΟΥ & ΑΠΟΘΗΚΗ","500",,"1","1","1","1","1","2026-03-12","3","2","0","no","yes","1","Αθήνα - Νότια Προάστια (Αττική)","Γλυφάδα (Αθήνα - Νότια Προάστια)","1","105103","102","2208","102208",,"1","9","1","0","1","1219536457","https://m2.spitogatos.gr/347576974_1600x1200.jpg?v=20130730","https://m1.spitogatos.gr/347576937_1600x1200.jpg?v=20130730","https://m3.spitogatos.gr/347576981_1600x1200.jpg?v=20130730","https://m3.spitogatos.gr/347576939_1600x1200.jpg?v=20130730","https://m2.spitogatos.gr/347576941_1600x1200.jpg?v=20130730","https://m2.spitogatos.gr/347577016_1600x1200.jpg?v=20130730","https://m3.spitogatos.gr/347576972_1600x1200.jpg?v=20130730","https://m3.spitogatos.gr/347577014_1600x1200.jpg?v=20130730","https://m3.spitogatos.gr/347576975_1600x1200.jpg?v=20130730","https://m3.spitogatos.gr/347576978_1600x1200.jpg?v=20130730",,,,,,,,,,,,,,,,"1","0","2","1","37.855339","2","1","23.754673",,"1","0","0","2026-08-01","0","0",,,"1","5","5","3","1",,"1",,"0","1","0","10000",,,"0","0","0","0","41.67",,,"1","3",,"1","0",,"0","1","5","1","1","1","240","1","10",,"0","3","0","2026-03-12","https://www.spitogatos.gr/en/property/1219536457",,"1","1",,,"residential"
"1","Ground Floor","yes","vip","4",,,,"1","1","0","0","2026-06-24","0","1","1","30","1",,,"house","0","0","1","ΜΕΖΟΝΕΤΑ<br />
- 2 EΠΙΠΕΔΩΝ - ME ΙΔΙΩΤΙΚΟ ΚΗΠΟ ΚΑΙ ΠΙΣΙΝΑ 🏊 <br />
-ΙΣΟΓΕΙΟ & 1ος <br />
-(3Υ/Δ ,1 ΜASTER,  ΜΕ ΛΟΥΤΡΟ) &GUEST W.C,  <br />
-ΣΑΛΟΝΙ ΚΟΥΖΙΝΑ OPEN-PLAN<br />
 - 2 ΛΟΥΤΡΑ &GUEST W.C<br />
-  2 🅿️PARKING  ΥΠΟΓΕΙΟΥ & ΑΠΟΘΗΚΗ",,,"1","1","3","1","1","2026-06-24","3","2","0","no","yes","1","Αθήνα - Νότια Προάστια (Αττική)","Γλυφάδα (Αθήνα - Νότια Προάστια)","1","105103","102","2208","102208",,"1","9","0","0","1","1220192671","https://m1.spitogatos.gr/358647606_1600x1200.jpg?v=20130730","https://m1.spitogatos.gr/358652190_1600x1200.jpg?v=20130730","https://m1.spitogatos.gr/358653138_1600x1200.jpg?v=20130730","https://m3.spitogatos.gr/358655087_1600x1200.jpg?v=20130730",,,,,,,,,,,,,,,,,,,,,,"1","0","2","1","37.85656","2","1","23.75519","800","1","0","0","2026-08-01","0","0",,"0","1","2","5","3","1",,"1",,"0","1","0","7000",,,"0","0","0","0","36.84",,,"1",,,"1",,,"0","1","3","1","1","1","190","1","8",,"0","3","0","2026-06-24","https://www.spitogatos.gr/en/property/1220192671",,"1","0",,,"residential"
,"2","no","vip","4",,,,"1","0","0","0","2026-05-27","0","0","1","50","1","0","false","house","0",,"0","Στην ανερχομενη περιοχη της Αιγλης-Γλυφαδα, ενα ολοκαινουργιο και πολυ προσεκτικα σχεδιασμενο διαμερισμα 125 τ μ , στον δευτερο οροφο , τριοροφης κατοικιας διατιθεται  προς ενοικιαση.<br />
Αρχικα, στην προσοψη του διαμερισματος, βλεπουμε το ευρυχωρο σαλονι το οποιο οδηγει σε μια πολυ φαρδια βεραντα με θεα στο πρασινο αλλα και στην θαλασσα. Η κουζινα , ανοιχτη στο χωρο, ειναι εξοπλισμενη απο μοντερνα ντουλαπια απο λευκη λακα. Συνεχιζοντας συνανταμε δυο κυρια (master) υπνοδωματια με αρκετες ντουλαπες και 2 εσωτερικα  μπανια με ντουζιερα. Αξιζει να σημειωθει οτι τα παραθυρα ειναι τριπλα με αντηλιακα φιλτρα,τα πατωματα ειναι απο πλακακι με προσομοίωση ξυλου. Η θερμανση ειναι αυτονομη με πετρελαιο και διαθετει και κλιματιστικα.<br />
Η πορτα ασφαλειας, ο συναγερμος , το συστημα θυροτηλεορασης και ο πινακας οργανων με σταθεροποιητη τασης, ο κρυφος φωτισμος ειναι μερικες ακομη συγχρονες παροχες του ακινητου. <br />
Τελος υπαρχει αποθηκη,ασανσερ, η εξωτερικη πορτα ασφαλιζει ειτε αυτοματα ειτε μεσω ειδικης καρτας και υπαρχουν εξωτερικοι αισθητηρες φωτος. ","2000","1","0","1","2","1","0","2026-05-27","7","4","0","no","no","1","Αθήνα - Νότια Προάστια (Αττική)","Γλυφάδα (Αθήνα - Νότια Προάστια)","1","105103","102","2208","106312","Double","1","1","0","0","1","1219961996","https://m1.spitogatos.gr/354873171_1600x1200.jpg?v=20130730","https://m3.spitogatos.gr/354873173_1600x1200.jpg?v=20130730","https://m3.spitogatos.gr/354873176_1600x1200.jpg?v=20130730","https://m3.spitogatos.gr/354873179_1600x1200.jpg?v=20130730","https://m1.spitogatos.gr/354873183_1600x1200.jpg?v=20130730","https://m2.spitogatos.gr/354873187_1600x1200.jpg?v=20130730","https://m3.spitogatos.gr/354873188_1600x1200.jpg?v=20130730","https://m2.spitogatos.gr/354873190_1600x1200.jpg?v=20130730","https://m3.spitogatos.gr/354873191_1600x1200.jpg?v=20130730","https://m1.spitogatos.gr/354873192_1600x1200.jpg?v=20130730","https://m2.spitogatos.gr/354873193_1600x1200.jpg?v=20130730","https://m2.spitogatos.gr/354873196_1600x1200.jpg?v=20130730","https://m2.spitogatos.gr/354873199_1600x1200.jpg?v=20130730","https://m1.spitogatos.gr/354873204_1600x1200.jpg?v=20130730","https://m2.spitogatos.gr/354873211_1600x1200.jpg?v=20130730","https://m3.spitogatos.gr/354873218_1600x1200.jpg?v=20130730","https://m2.spitogatos.gr/354873226_1600x1200.jpg?v=20130730","https://m2.spitogatos.gr/354873229_1600x1200.jpg?v=20130730","https://m3.spitogatos.gr/354873236_1600x1200.jpg?v=20130730","https://m3.spitogatos.gr/354873242_1600x1200.jpg?v=20130730","https://m2.spitogatos.gr/354873247_1600x1200.jpg?v=20130730","https://m3.spitogatos.gr/354873254_1600x1200.jpg?v=20130730",,,,"0","0","2","1","37.885178","1","1","23.775843","350","1","0","0","2026-08-01","0","0","1","0","0","2","2","9","1","0","1",,"0","0","0","2000",,,"0","0","0","0","16",,,"1","3","6","1","0",,"0","1","2","0","1","0","125","1",,"Παλαιολόγου Κωνσταντίνου ΙΑ' 60, Γλυφάδα 16561","0","1","0","2026-05-27","https://www.spitogatos.gr/en/property/1219961996",,"1","1","2024",,"residential"
"1",,"yes","vip","4",,,,,"1","0","0","2026-07-30","0","1","1","20","1","1","true","house",,"150",,"Μια κατοικία για όσους αναζητούν το απόλυτο επίπεδο διαβίωσης.<br />
Στην πιο προνομιακή τοποθεσία του κέντρου της Γλυφάδας, διατίθεται προς μίσθωση μία εξαιρετική νεόδμητη μεζονέτα 200 τ.μ., σχεδιασμένη για ανθρώπους που εκτιμούν την ιδιωτικότητα, την αισθητική και την αδιαπραγμάτευτη ποιότητα.<br />
<br />
Η κατοικία αναπτύσσεται σε δύο επίπεδα και προσφέρει έναν εντυπωσιακό χώρο υποδοχής με ενεργειακό τζάκι, σε απόλυτη αρμονία με την κομψή, σύγχρονη κουζίνα. Διαθέτει τρία ευρύχωρα υπνοδωμάτια, με το master suite να βρίσκεται στο επίπεδο του κήπου, προσφέροντας άνεση και λειτουργικότητα.<br />
<br />
Στο χαμηλότερο επίπεδο υπάρχει ένας ανεξάρτητος πολυχώρος με κουζινάκι, ιδανικός ως private guest suite, luxury playroom, home office ή χώρος προσωπικού.<br />
<br />
Ο ιδιωτικός κήπος 170 τ.μ. με την αποκλειστικής χρήσης πισίνα δημιουργεί ένα μοναδικό περιβάλλον χαλάρωσης και φιλοξενίας, προσφέροντας την αίσθηση μιας ιδιωτικής βίλας στην καρδιά της Γλυφάδας.<br />
<br />
Η κατοικία διαθέτει ενεργειακή κλάση Α+, αντλίες θερμότητας, σύστημα ψύξης και θέρμανσης, δύο υπόγειες θέσεις στάθμευσης και αποθήκη, ενώ ξεχωρίζει για την κορυφαία ποιότητα κατασκευής και τις υψηλές προδιαγραφές της.<br />
<br />
Μια σπάνια πρόταση για στελέχη πολυεθνικών εταιρειών, διπλωμάτες, εφοπλιστές και απαιτητικούς διεθνείς ενοικιαστές που αναζητούν μια κατοικία αντίστοιχη του τρόπου ζωής τους.<br />
<br />
Ενοίκιο: 8.000€ / μήνα (πλήρως επιπλωμένη).<br />
<br />
Luxury is not about excess. It's about exclusivity, location and uncompromising quality.","500",,"1","1","1","1","1","2026-07-30","0","10","0","yes","yes","1","Αθήνα - Νότια Προάστια (Αττική)","Γλυφάδα (Αθήνα - Νότια Προάστια)","1","105103","102","2208","102208","Double","1","13","1","0","1","1220531233","https://m2.spitogatos.gr/364070224_1600x1200.jpg?v=20130730","https://m1.spitogatos.gr/364127439_1600x1200.jpg?v=20130730","https://m3.spitogatos.gr/363824021_1600x1200.jpg?v=20130730","https://m1.spitogatos.gr/364080366_1600x1200.jpg?v=20130730","https://m3.spitogatos.gr/364080230_1600x1200.jpg?v=20130730","https://m2.spitogatos.gr/364071094_1600x1200.jpg?v=20130730","https://m2.spitogatos.gr/364072354_1600x1200.jpg?v=20130730","https://m3.spitogatos.gr/364080026_1600x1200.jpg?v=20130730","https://m2.spitogatos.gr/364072597_1600x1200.jpg?v=20130730","https://m3.spitogatos.gr/364079969_1600x1200.jpg?v=20130730","https://m3.spitogatos.gr/364080311_1600x1200.jpg?v=20130730","https://m2.spitogatos.gr/364080151_1600x1200.jpg?v=20130730","https://m3.spitogatos.gr/364080434_1600x1200.jpg?v=20130730","https://m2.spitogatos.gr/364080586_1600x1200.jpg?v=20130730","https://m3.spitogatos.gr/364080635_1600x1200.jpg?v=20130730","https://m3.spitogatos.gr/364080815_1600x1200.jpg?v=20130730","https://m1.spitogatos.gr/364080819_1600x1200.jpg?v=20130730","https://m2.spitogatos.gr/364080871_1600x1200.jpg?v=20130730","https://m3.spitogatos.gr/364080872_1600x1200.jpg?v=20130730","https://m3.spitogatos.gr/364080875_1600x1200.jpg?v=20130730","https://m3.spitogatos.gr/364080935_1600x1200.jpg?v=20130730","https://m1.spitogatos.gr/364080936_1600x1200.jpg?v=20130730","https://m2.spitogatos.gr/364080937_1600x1200.jpg?v=20130730","https://m3.spitogatos.gr/364080938_1600x1200.jpg?v=20130730",,"1","0","2","1","37.858021","2","2","23.757856","800","1","0","0","2026-08-01","0","0","1",,"1","3","4","6","1",,"1","1","1","1","0","9000",,,"0","0","0","0","45",,,"1",,,"1","0",,"0","1","3","1","1","1","200","1",,,"0","3","0","2026-07-30","https://www.spitogatos.gr/en/property/1220531233",,"1",,"2024",,"residential"
"0","3","no","vip","4",,,,"1","0","0","0","2026-07-08","0","1","0","0","1","1",,"house",,,"1","<br><strong>Κωδικός ακινήτου: 5-804 </strong><br>Άνω Γλυφάδα ΕΝΟΙΚΙΑΖΕΤΑΙ διαμέρισμα στον 3ο όροφο συνολικής επιφάνειας 110 τ.μ. <br> Αποτελείται από 3 υπνοδωμάτια, σαλόνι, κουζίνα, μπάνιο και WC. <br>Είναι κατασκευασμένο το 2002 με ενεργειακή κλάση Γ και διαθέτει θέρμανση αυτόνομη - πετρελαίου, κουφώματα αλουμινίου, πατώματα από πλακάκι και ξύλο, πόρτα ασφαλείας, εντοιχιζόμενες ντουλάπες, ανελκυστήρα, πάρκινγκ, αποθήκη , τζάκι, τέντες, διπλά τζάμια, ηλιακό θερμοσίφωνα, boiler και BBQ. <br><strong>Τιμή: 1.250 € </strong> <br>",,,,"1","5","1","1","2026-07-08","8","10","0","no","yes","0","Αθήνα - Νότια Προάστια (Αττική)","Γλυφάδα (Αθήνα - Νότια Προάστια)","1","105103","102","2208","106436","Double","1","1","0","0","1","1220330996","https://m3.spitogatos.gr/360901121_1600x1200.jpg?v=20130730","https://m1.spitogatos.gr/360901134_1600x1200.jpg?v=20130730","https://m1.spitogatos.gr/360901143_1600x1200.jpg?v=20130730","https://m1.spitogatos.gr/360901152_1600x1200.jpg?v=20130730","https://m2.spitogatos.gr/360901162_1600x1200.jpg?v=20130730","https://m3.spitogatos.gr/360901172_1600x1200.jpg?v=20130730","https://m1.spitogatos.gr/360901179_1600x1200.jpg?v=20130730","https://m3.spitogatos.gr/360901238_1600x1200.jpg?v=20130730","https://m1.spitogatos.gr/360901245_1600x1200.jpg?v=20130730","https://m3.spitogatos.gr/360901265_1600x1200.jpg?v=20130730","https://m1.spitogatos.gr/360901305_1600x1200.jpg?v=20130730","https://m1.spitogatos.gr/360901314_1600x1200.jpg?v=20130730","https://m1.spitogatos.gr/360901323_1600x1200.jpg?v=20130730","https://m1.spitogatos.gr/360901332_1600x1200.jpg?v=20130730","https://m3.spitogatos.gr/360901340_1600x1200.jpg?v=20130730","https://m1.spitogatos.gr/360901350_1600x1200.jpg?v=20130730","https://m1.spitogatos.gr/360901362_1600x1200.jpg?v=20130730","https://m1.spitogatos.gr/360901371_1600x1200.jpg?v=20130730","https://m1.spitogatos.gr/360901383_1600x1200.jpg?v=20130730",,,,,,,"0","0","2","1","37.887936",,"1","23.753845",,"0",,,"2026-08-01","0","0",,"0","1","1",,"12","1","0","0",,"0","0","0","1250",,,"0","0","0","0","11.36",,,"1","3","6","1","0",,"0","1","3","0","1","1","110","1",,,"0","1","0","2026-07-08","https://www.spitogatos.gr/en/property/1220330996",,"0","0","2002",,"residential"
"1","3","no","vip","4",,,,"0","0","0","0","2026-10-01","0","0","0","0","1","0","false","house",,,"0","<br><strong>Κωδικός ακινήτου: 2-833 </strong><br>Στην περιοχή της  Άνω Γλυφάδας ενοικιάζεται studio 3ου ορόφου εσωτερικό, πολύ ήσυχο με μπαλκονάκι, συνολικής επιφάνειας 32 τ.μ. <br> Αποτελείται από 1 δωμάτιο με κουζινάκι, ηλεκτρικές συσκευές και ένα μπάνιο.  <br>Είναι κατασκευασμένο το 1998 και ανακαινίστηκε το 2025. <br>Διαθέτει θέρμανση-ψύξη με καινούριο κλιματιστικό τελευταίας τεχνολογίας, κουφώματα συνθετικά, δάπεδα από Laminate, πόρτα ασφαλείας, εντοιχιζόμενες ντουλάπες, ανελκυστήρα, διπλά τζάμια και η απόσταση από την θάλασσα είναι στα 5000 μέτρα. <br>Κατάλληλο για φοιτητές, με μικρή επιβάρυνση κοινοχρήστων.  <br><strong>Τιμή: 650 € </strong><br> <br>","5000",,,"1","7","0","0","2026-07-30","8",,"0","no","no","0","Αθήνα - Νότια Προάστια (Αττική)","Γλυφάδα (Αθήνα - Νότια Προάστια)","1","105103","102","2208","106436","Double","4","4","0","0","1","1220533523","https://m3.spitogatos.gr/363855050_1600x1200.jpg?v=20130730","https://m3.spitogatos.gr/363855056_1600x1200.jpg?v=20130730","https://m2.spitogatos.gr/363855061_1600x1200.jpg?v=20130730","https://m2.spitogatos.gr/363855064_1600x1200.jpg?v=20130730","https://m3.spitogatos.gr/363855071_1600x1200.jpg?v=20130730","https://m1.spitogatos.gr/363855075_1600x1200.jpg?v=20130730","https://m3.spitogatos.gr/363855080_1600x1200.jpg?v=20130730",,,,,,,,,,,,,,,,,,,"0","0","3","1","37.880833",,"1","23.759779","350","0",,,"2026-08-01","0","0",,"0","0","1","5","11","1","0","0","1","0","0","0","650",,,"0","0","0","0","20.31",,,"1","3","6","1","0",,"0","1","0","0","1","0","32","0",,,"1","2","0","2026-07-30","https://www.spitogatos.gr/en/property/1220533523",,"0","0","1980",,"residential"
"1","1","no","vip","4",,,,"0","0","0","0","2026-07-07","0","1","0","0","1","0",,"house",,,"0","<br><strong>Κωδικός ακινήτου: 5-802 </strong><br>Άνω Γλυφάδα ΕΝΟΙΚΙΑΖΕΤΑΙ ανακαινισμένο επιπλωμένο διαμέρισμα στον 1ο όροφο, χωρίς ασανσέρ, συνολικής επιφάνειας 90 τ.μ. <br>Αποτελείται από 2 υπνοδωμάτια, σαλόνι, κουζίνα και 2 μπάνια. <br>Είναι κατασκευασμένο το 1997 με ενεργειακή κλάση Γ και ανακαινίστηκε το 2019. <br>Διαθέτει θέρμανση αυτόνομη - πετρελαίου,  ηλιακό θερμοσίφωνα, κλιματιστικά σε όλα τα δωμάτια, κουφώματα αλουμινίου, διπλά τζάμια, σίτες, ηλεκτρικές συσκευές ( κουζίνα, ψυγείο, πλυντήριο πιάτων,  φούρνο μικροκυμάτων, πλυντήριο ρούχων, στεγνωτήριο) , πατώματα από πλακάκι και ξύλο, πόρτα ασφαλείας, εντοιχιζόμενες ντουλάπες και τέντες. <br>Η τιμή περιλαμβάνει κοινόχρηστα , ρεύμα, νερό και internet. <br>Υπάρχει δυνατότητα για πάρκινγκ έναντι μικρής επιβάρυνσης. <br>Βρίσκεται κοντά σε αγορά, πάρκο, και μέσα μαζικής μεταφοράς για το μετρό Ελληνικού και την Γλυφάδα. <br><strong>Τιμή: 1.200 € </strong> <br>",,,,"0","5","0","0","2026-07-07","6","10","0","yes","no","0","Αθήνα - Νότια Προάστια (Αττική)","Γλυφάδα (Αθήνα - Νότια Προάστια)","1","105103","102","2208","117611","Double","1","1","0","0","1","1220321706","https://m3.spitogatos.gr/360756560_1600x1200.jpg?v=20130730","https://m2.spitogatos.gr/360756568_1600x1200.jpg?v=20130730","https://m1.spitogatos.gr/360756576_1600x1200.jpg?v=20130730","https://m3.spitogatos.gr/360756587_1600x1200.jpg?v=20130730","https://m3.spitogatos.gr/360756593_1600x1200.jpg?v=20130730","https://m1.spitogatos.gr/360756600_1600x1200.jpg?v=20130730","https://m1.spitogatos.gr/360756606_1600x1200.jpg?v=20130730",,,,,,,,,,,,,,,,,,,"0","0","2","1","37.89262",,"1","23.765169",,"0",,,"2026-08-01","0","0",,"0","0","2",,,"1","0","0",,"0","0","0","1200",,,"1","1","1","1","13.33",,,"1","3","6","1","1","2019","0","1","2","0","1","1","90","0",,,"0","1","0","2026-07-07","https://www.spitogatos.gr/en/property/1220321706",,"0","0","1997",,"residential"
"0","3","no","vip","4",,,,"1","1","0","0","2026-06-11","0","0","0","0","1","0","true","house",,,"0","<br><strong>Κωδικός ακινήτου: 5-759 </strong><br>Κάτω Γλυφάδα ενοικιάζεται ανακαινισμένο διαμέρισμα στον 3ο όροφο συνολικής επιφάνειας 165 τ.μ. <br>Αποτελείται από 3 υπνοδωμάτια το 1 εκ των οποίων master, σαλόνι με τζάκι, open plan κουζίνα με πάσο, 2 μπάνια και wc επισκεπτών. <br> Είναι κατασκευασμένο το 1995 με ενεργειακή κλάση Δ και ανακαινίστηκε το 2015. <br> Διαθέτει θέρμανση αυτόνομη - πετρελαίου, ηλιακό θερμοσίφωνα,  κουφώματα αλουμινίου με διπλά τζάμια, δρύινα δάπεδα, πόρτα ασφαλείας, εντοιχιζόμενες ντουλάπες και  ανελκυστήρα. <br> Επιπρόσθετα έχει μία θέση στάθμευσης εντός του οικοπέδου της πολυκατοικίας,  αποθήκη, κοινόχρηστο κήπο, συναγερμό, εντοιχισμένες ηλεκτρικές συσκευές και νυχτερινό ρεύμα. <br> Είναι διαμπερές, φωτεινό, με πολύ μεγάλα μπαλκόνια και πολύ λειτουργικούς χώρους. <br>Βρίσκεται σε προνομιακό σημείο της Κάτω Γλυφάδας, σε ήσυχη περιοχή αλλά κοντά στην αγορά  και με απόσταση από την θάλασσα στα 500 μέτρα. <br> <strong>Τιμή: 2.500 € </strong> <br>","500",,,"1","6","0","1","2026-06-11","8","2","0","no","yes","1","Αθήνα - Νότια Προάστια (Αττική)","Γλυφάδα (Αθήνα - Νότια Προάστια)","1","105103","102","2208","102208","Double","1","1","0","0","1","1220100690","https://m1.spitogatos.gr/363224130_1600x1200.jpg?v=20130730","https://m2.spitogatos.gr/363224134_1600x1200.jpg?v=20130730","https://m3.spitogatos.gr/363224138_1600x1200.jpg?v=20130730","https://m1.spitogatos.gr/363224142_1600x1200.jpg?v=20130730","https://m1.spitogatos.gr/363224145_1600x1200.jpg?v=20130730","https://m3.spitogatos.gr/363224150_1600x1200.jpg?v=20130730","https://m1.spitogatos.gr/363224154_1600x1200.jpg?v=20130730","https://m1.spitogatos.gr/363224160_1600x1200.jpg?v=20130730","https://m1.spitogatos.gr/363224166_1600x1200.jpg?v=20130730","https://m3.spitogatos.gr/363224171_1600x1200.jpg?v=20130730","https://m2.spitogatos.gr/363224173_1600x1200.jpg?v=20130730","https://m3.spitogatos.gr/363224174_1600x1200.jpg?v=20130730","https://m1.spitogatos.gr/363224175_1600x1200.jpg?v=20130730","https://m2.spitogatos.gr/363224176_1600x1200.jpg?v=20130730","https://m3.spitogatos.gr/363224177_1600x1200.jpg?v=20130730","https://m1.spitogatos.gr/363224178_1600x1200.jpg?v=20130730","https://m2.spitogatos.gr/363224179_1600x1200.jpg?v=20130730","https://m3.spitogatos.gr/363224180_1600x1200.jpg?v=20130730","https://m1.spitogatos.gr/363224181_1600x1200.jpg?v=20130730","https://m2.spitogatos.gr/363224182_1600x1200.jpg?v=20130730","https://m3.spitogatos.gr/363224183_1600x1200.jpg?v=20130730","https://m1.spitogatos.gr/363224184_1600x1200.jpg?v=20130730","https://m1.spitogatos.gr/356916711_1600x1200.jpg?v=20130730","https://m3.spitogatos.gr/356916722_1600x1200.jpg?v=20130730",,"0","0","2","1","37.865059","1","1","23.749836",,"0",,,"2026-08-01","0","0",,"1","1","2",,,"1","0","1",,"0","0","0","2500",,,"0","0","0","0","15.15",,,"1","3","6","1","1","2015","0","1","3","0","1","1","165","1",,,"0","1","0","2026-06-11","https://www.spitogatos.gr/en/property/1220100690",,"1","1","1995",,"residential"
"1","1","no","vip","4",,,,"0","1","0","0","2026-06-15","0","0","0","0","0","0","true","house",,,"0","<br><strong>Κωδικός ακινήτου: 5-764 <br></strong> Κάτω Γλυφάδα ΕΝΟΙΚΙΑΖΕΤΑΙ επιπλωμένο διαμέρισμα στον 1ο όροφο συνολικής επιφάνειας 140 τ.μ. σε προνομιακή θέση στο κέντρο της Γλυφάδας. <br> Αποτελείται από 2 υπνοδωμάτια, σαλόνι, κουζίνα και μπάνιο. Είναι κατασκευασμένο το 1990 με ενεργειακή κλάση Γ και ανακαινίστηκε το 2024. <br>Διαθέτει θέρμανση κεντρική - πετρελαίου, ηλιακό θερμοσίφωνα,  κουφώματα αλουμινίου, διπλά ενεργειακά τζάμια, σίτες, πατώματα από πλακάκι και ξύλο, πόρτα ασφαλείας, εντοιχιζόμενες ντουλάπες, ανελκυστήρα, A/C, συναγερμό, ηλεκτρικές συσκευές και θυροτηλεόραση. <br>Είναι minimal αισθητικής και διακόσμησης, βρίσκεται κοντά στην καρδιά της Γλυφάδας, σε ήσυχη περιοχή, κοντά στην αγορά, σε πάρκα, μέσα μεταφοράς και με απόσταση από την παραλία 700 μέτρα. Διαθέσιμο από 15/09/2026<br><strong>Τιμή: 2.500 €</strong> <br>","700",,,"1","5","1","0","2026-06-15","6","10","0","yes","no","0","Αθήνα - Νότια Προάστια (Αττική)","Γλυφάδα (Αθήνα - Νότια Προάστια)","1","105103","102","2208","102208","Double","2","1","0","0","1","1220126533","https://m3.spitogatos.gr/357347042_1600x1200.jpg?v=20130730","https://m1.spitogatos.gr/357347064_1600x1200.jpg?v=20130730","https://m2.spitogatos.gr/357347095_1600x1200.jpg?v=20130730","https://m2.spitogatos.gr/357347146_1600x1200.jpg?v=20130730","https://m2.spitogatos.gr/357347233_1600x1200.jpg?v=20130730","https://m2.spitogatos.gr/357347266_1600x1200.jpg?v=20130730","https://m1.spitogatos.gr/357347289_1600x1200.jpg?v=20130730","https://m1.spitogatos.gr/357347319_1600x1200.jpg?v=20130730","https://m3.spitogatos.gr/357347324_1600x1200.jpg?v=20130730","https://m2.spitogatos.gr/357347374_1600x1200.jpg?v=20130730","https://m1.spitogatos.gr/357347406_1600x1200.jpg?v=20130730","https://m3.spitogatos.gr/357347447_1600x1200.jpg?v=20130730","https://m3.spitogatos.gr/357347459_1600x1200.jpg?v=20130730","https://m1.spitogatos.gr/357347487_1600x1200.jpg?v=20130730",,,,,,,,,,,,"0","0","2","1","37.864483","1","1","23.752573",,"1",,,"2026-08-01","0","0",,"0","0","1","4","12","1","0","1",,"0","0","0","2500",,,"0","0","0","0","17.86",,,"1","3","6","1","0",,"0","1","2","0","1","1","140","0",,,"0","1","0","2026-06-15","https://www.spitogatos.gr/en/property/1220126533",,"0","0","1990",,"residential"
"1","Ground Floor",,"vip","4",,,,"1","0","0","0","2026-06-30","0","0","1","14","1",,"true","house",,"20","1","ΓΛΥΦΑΔΑ GOLF | Μοντέρνα Ανακαινισμένη Ανεξάρτητη Κατοικία 60 τ.μ. απέναντι από το Golf | 1.800€/μήνα<br />
Σε μία από τις πλέον περιζήτητες και προνομιακές τοποθεσίες της Αθηναϊκής Ριβιέρας, ακριβώς απέναντι από το Golf Γλυφάδας, στην οδό Τατάκη 1, διατίθεται προς μίσθωση ανεξάρτητη, αυτοτελής και διακεκριμένη οριζόντια ιδιοκτησία ισογείου, συνολικής επιφάνειας 60 τ.μ., κατασκευής 1982, η οποία μόλις ολοκλήρωσε ανακαίνιση υψηλής αισθητικής.<br />
Το ακίνητο αποτελεί το ανεξάρτητο κτίσμα του ακαλύπτου χώρου του οικοπέδου και προσφέρει πλήρη αυτονομία και ιδιωτικότητα, διαθέτοντας ανεξάρτητη είσοδο.<br />
Η λειτουργική διαρρύθμισή του περιλαμβάνει:<br />
• Φωτεινό ενιαίο χώρο καθιστικού και κουζίνας<br />
• Άνετο υπνοδωμάτιο<br />
• Πλήρες μπάνιο<br />
• Μεγάλη κλειστή βεράντα 14 τ.μ., η οποία προσφέρει επιπλέον χώρο καθημερινής χρήσης<br />
Το ακίνητο θα παραδοθεί εξοπλισμένο με ηλεκτρικές συσκευές και είναι ιδανικό για όσους αναζητούν μία σύγχρονη κατοικία υψηλής αισθητικής σε μία από τις καλύτερες περιοχές της Γλυφάδας.<br />
Η μοναδική του θέση, ακριβώς απέναντι από το Golf Γλυφάδας, μέσα σε ένα καταπράσινο και ιδιαίτερα ήσυχο περιβάλλον, συνδυάζει ιδιωτικότητα και άμεση πρόσβαση στο εμπορικό κέντρο της Γλυφάδας, την παραλία, εστιατόρια, καφέ και όλες τις σύγχρονες υποδομές της Αθηναϊκής Ριβιέρας.<br />
Χαρακτηριστικά<br />
Ανεξάρτητη κατοικία<br />
Επιφάνεια 60 τ.μ.<br />
Κλειστή βεράντα 14 τ.μ.<br />
Πλήρως ανακαινισμένη<br />
Εξοπλισμένη με ηλεκτρικές συσκευές<br />
Αυτόνομη και ιδιωτική είσοδος<br />
Εξαιρετική τοποθεσία<br />
Ακριβώς απέναντι από το Golf Γλυφάδας<br />
700 μ. από την παραλία<br />
Ιδανική για απαιτητικούς ενοικιαστές που αναζητούν άνεση, ποιότητα και ιδιωτικότητα<br />
Μίσθωμα: 1.800€/μήνα<br />
Μία σπάνια ευκαιρία μίσθωσης μιας κομψής, πλήρως ανακαινισμένης και απολύτως ανεξάρτητης κατοικίας, σε μία από τις πιο ακριβές και διαχρονικά ισχυρές περιοχές της Γλυφάδας.<br />
<br />
Αποκλειστική διάθεση από την Attraction Properties.","700","1",,"0","6","0","0","2026-06-10","3","4","0","no","no","0","Αθήνα - Νότια Προάστια (Αττική)","Γλυφάδα (Αθήνα - Νότια Προάστια)","1","105103","102","2208","106293",,"1","4","0","0","1","1220095188","https://m1.spitogatos.gr/356820918_1600x1200.jpg?v=20130730","https://m1.spitogatos.gr/356820921_1600x1200.jpg?v=20130730","https://m3.spitogatos.gr/356820923_1600x1200.jpg?v=20130730","https://m3.spitogatos.gr/356820926_1600x1200.jpg?v=20130730","https://m2.spitogatos.gr/356820928_1600x1200.jpg?v=20130730","https://m3.spitogatos.gr/356820929_1600x1200.jpg?v=20130730","https://m2.spitogatos.gr/356820931_1600x1200.jpg?v=20130730","https://m3.spitogatos.gr/356820932_1600x1200.jpg?v=20130730","https://m2.spitogatos.gr/356820934_1600x1200.jpg?v=20130730","https://m3.spitogatos.gr/356820935_1600x1200.jpg?v=20130730","https://m1.spitogatos.gr/356820936_1600x1200.jpg?v=20130730","https://m2.spitogatos.gr/356820937_1600x1200.jpg?v=20130730","https://m1.spitogatos.gr/356820939_1600x1200.jpg?v=20130730","https://m2.spitogatos.gr/356820940_1600x1200.jpg?v=20130730","https://m1.spitogatos.gr/356820942_1600x1200.jpg?v=20130730","https://m3.spitogatos.gr/356820944_1600x1200.jpg?v=20130730","https://m3.spitogatos.gr/356820947_1600x1200.jpg?v=20130730","https://m2.spitogatos.gr/356820949_1600x1200.jpg?v=20130730","https://m1.spitogatos.gr/356820951_1600x1200.jpg?v=20130730","https://m1.spitogatos.gr/356820954_1600x1200.jpg?v=20130730",,,,,,"0","1","2","1","37.869862","1","1","23.747423",,"1",,,"2026-08-01","0","0",,"1","0","1",,,"1","0","1","1","0","0","0","1800",,,"0","0","0","0","30",,,"1","3","6","1","1","2026","0","1","1","0","0","0","60","0",,"","0","4","0","2026-06-10","https://www.spitogatos.gr/en/property/1220095188",,"0",,"1982",,"residential"
"0","4","no","vip","4",,,,"0","0","0","0","2026-01-23","0","1","0","0","1","0",,"house",,,"0","<br><strong>Κωδικός ακινήτου: 5-525 </strong><br>Γλυφάδα Αιξωνή ΕΝΟΙΚΙΑΖΕΤΑΙ ανακαινισμένο διαμέρισμα στον 4ο όροφο συνολικής επιφάνειας 104 τ.μ. <br>Αποτελείται από 2 μεγάλα υπνοδωμάτια, σαλόνι, κουζίνα εξοπλισμένη με ηλεκτρικές συσκευές, μπάνιο και wc επισκεπτών. <br>Είναι κατασκευασμένο το 1981 και ανακαινίστηκε το 2025. <br>Διαθέτει θέρμανση με αντλία θερμότητας και fancoil, κουφώματα ενεργειακά, τζάμια τριπλά θερμοδιακοπτόμενα, ηλιακό θερμοσίφωνα, δάπεδα από πλακάκι και ξύλο, πόρτα ασφαλείας, εντοιχιζόμενες ντουλάπες και ανελκυστήρα. <br>Επιπρόσθετα έχει μία θέση στάθμευσης στην  πυλωτή, αποθήκη, κοινόχρηστο κήπο, τέντες, μεγάλες βεράντες,  ενώ η θέα στην θάλασσα  είναι εκπληκτική, ακόμη και μέσα από το σαλόνι. <br><strong>Τιμή: 1.300 € </strong> <br>",,,,"1","6","1","0","2026-07-08","9","10","0","no","yes","1","Αθήνα - Νότια Προάστια (Αττική)","Γλυφάδα (Αθήνα - Νότια Προάστια)","1","105103","102","2208","106436","Triple","4","13","0","0","1","1220331779","https://m2.spitogatos.gr/360913024_1600x1200.jpg?v=20130730","https://m1.spitogatos.gr/360913041_1600x1200.jpg?v=20130730","https://m3.spitogatos.gr/360913046_1600x1200.jpg?v=20130730","https://m2.spitogatos.gr/360913051_1600x1200.jpg?v=20130730","https://m2.spitogatos.gr/360913084_1600x1200.jpg?v=20130730","https://m1.spitogatos.gr/360913095_1600x1200.jpg?v=20130730","https://m2.spitogatos.gr/360913102_1600x1200.jpg?v=20130730","https://m1.spitogatos.gr/360913110_1600x1200.jpg?v=20130730","https://m2.spitogatos.gr/360913114_1600x1200.jpg?v=20130730","https://m3.spitogatos.gr/360913118_1600x1200.jpg?v=20130730","https://m1.spitogatos.gr/360913122_1600x1200.jpg?v=20130730",,,,,,,,,,,,,,,"0","0",,"1","37.877369","1","1","23.760942",,"0",,,"2026-08-01","0","0",,"0","1","1","4","12","1","1","0",,"0","0","0","1300",,,"0","0","0","0","12.5",,,"1","3","6","1","1","2025","0","1","2","0","1","1","104","1",,,"0","1","0","2026-07-08","https://www.spitogatos.gr/en/property/1220331779",,"1","0","1981",,"residential"
"1","2",,"vip","4",,,,"0","0","0","0","2026-08-03","0","0","1","0","0",,,"house",,,"1","Νιώσε σαν στο σπίτι σου, όπου και αν επιλέξεις να μείνεις με την Blueground. Θα λατρέψεις αυτό το κομψά επιπλωμένο διαμέρισμα δύο υπνοδωματίων, για τη διακόσμησή του, την πλήρως εξοπλισμένη κουζίνα και το ζεστό καθιστικό του. Βρίσκεται σε ιδανική τοποθεσία, κοντά σε όλα όσα έχει να σου προσφέρει η Γλυφάδα!<br><br />
<br />
Η διαφημιζόμενη τιμή των €1,560/μήνα είναι η τιμή για 1 έτος, με ημερομηνία έναρξης Αυγούστου 2, 2026.<br />
<br>Οι τιμές διαφέρουν ανάλογα με τη διάρκεια παραμονής, την εποχικότητα και άλλους παράγοντες. Επισκεφθείτε τον ιστότοπό μας και εισάγετε τις ημερομηνίες διαμονής σας για να δείτε ενημερωμένες τιμές για την κράτησή σας. Η τιμή ισχύει μόνο με προκαταβολή· ενδέχεται να είναι υψηλότερη εάν πληρωθεί σε δόσεις.<br />
<br />
<b>Κλείστε αυτό το διαμέρισμα online!</b><br />
<br />
https://www.theblueground.com/p/furnished-apartments/ath-2228?utm_source=classified-4<br />
<br />
Aναβαθμίστε τη διαμονή σας με ένα πλήρως επιπλωμένο διαμέρισμα από τη Blueground:<br />
      – Επιπλωμένα σπίτια σε τιμές αντίστοιχες με τα ανεπίπλωτα<br />
      – Χωρίς κόστη εγκατάστασης ή αγοράς επίπλων - εξοικονομήστε χρόνο και χρήματα<br />
      – Έτοιμα για άμεση μετακόμιση - το μόνο που χρειάζεστε είναι η βαλίτσα σας<br />
<br />
<b>Ο χώρος</b><br><br />
Έπιπλα μοναδικού design, πλήρως εξοπλισμένη κουζίνα, smart TV ή/και ασύρματα ηχεία τελευταίας τεχνολογίας, είναι λίγες μόνο από τις ανέσεις που σου προσφέρει αυτό το διαμέρισμα δύο υπνοδωματίων της Blueground. Θα το αγαπήσεις όμως και για τη μοναδική του τοποθεσία, καθώς βρίσκεται σε ένα από τα πιο κεντρικά σημεία της Γλυφάδας.<br />
<br />
<b>Διαρρύθμιση δωματίων ύπνου</b><br />
    <br />
        Υπέρδιπλο κρεβάτι: 160 εκ.<br />
<br />
        Διπλό κρεβάτι: 140 εκ.<br />
<br />
<b>Παροχές κτιρίου</b><br />
<br />
      Ασανσέρ<br />
      Πλυντήριο<br />
      Θέση στάθμευσης<br />
<br />
<br />
<b>Άφιξη και συνεχής υποστήριξη πελατών</b><br><br />
Κατά τη διάρκεια της διαμονής σου, η ομάδα μας θα είναι διαθέσιμη για να σε βοηθήσει με οτιδήποτε χρειαστείς. Μέσω της ειδικής mobile εφαρμογής της Blueground έχεις συνεχή υποστήριξη, ενώ μπορείς ακόμη να προγραμματίσεις υπηρεσίες καθαρισμού, συντήρησης ή επισκευής, με το πάτημα ενός κουμπιού.<br />
<br />
<b>Ιδανική τοποθεσία</b><br />
<br />
Η Γλυφάδα είναι η μεγαλύτερη παραθαλάσσια γειτονιά της Αθηναϊκής Ριβιέρας, σε απόσταση μόλις 15 χιλιομέτρων από το κέντρο της πόλης. Πρόκειται για μια περιοχή με μπουτίκ σχεδιαστών, μοντέρνα καφέ, εστιατόρια υψηλών προδιαγραφών, αμμώδεις παραλίες και τέσσερις μαρίνες. Επιπλέον, εδώ βρίσκεται το πρώτο γήπεδο γκολφ στην Ελλάδα. Η Γλυφάδα θεωρείται μια από τις πιο διάσημες περιοχές για να μείνετε κοντά στην Αθήνα. Από εδώ μπορείτε να φτάσετε στο κέντρο της Αθήνας με το τραμ, το λεωφορείο ή το αυτοκίνητο.",,"1",,"1","5","0","0","2026-01-09","7",,"0","yes","yes","0","Αθήνα - Νότια Προάστια (Αττική)","Γλυφάδα (Αθήνα - Νότια Προάστια)","1","105103","102","2208",,,"1","1","0","0","1","1218975142","https://m1.spitogatos.gr/343446852_1600x1200.jpg?v=20130730","https://m2.spitogatos.gr/343446886_1600x1200.jpg?v=20130730","https://m1.spitogatos.gr/343446906_1600x1200.jpg?v=20130730","https://m1.spitogatos.gr/343446918_1600x1200.jpg?v=20130730","https://m3.spitogatos.gr/343446926_1600x1200.jpg?v=20130730","https://m1.spitogatos.gr/343446963_1600x1200.jpg?v=20130730","https://m3.spitogatos.gr/343447004_1600x1200.jpg?v=20130730","https://m1.spitogatos.gr/343447032_1600x1200.jpg?v=20130730","https://m2.spitogatos.gr/343447066_1600x1200.jpg?v=20130730","https://m3.spitogatos.gr/343447076_1600x1200.jpg?v=20130730","https://m2.spitogatos.gr/343447084_1600x1200.jpg?v=20130730","https://m2.spitogatos.gr/343447138_1600x1200.jpg?v=20130730","https://m2.spitogatos.gr/343447144_1600x1200.jpg?v=20130730","https://m3.spitogatos.gr/343447166_1600x1200.jpg?v=20130730","https://m2.spitogatos.gr/343447189_1600x1200.jpg?v=20130730","https://m3.spitogatos.gr/343447220_1600x1200.jpg?v=20130730","https://m2.spitogatos.gr/343447243_1600x1200.jpg?v=20130730","https://m3.spitogatos.gr/343447247_1600x1200.jpg?v=20130730","https://m3.spitogatos.gr/343447268_1600x1200.jpg?v=20130730","https://m3.spitogatos.gr/343447292_1600x1200.jpg?v=20130730","https://m3.spitogatos.gr/343447316_1600x1200.jpg?v=20130730","https://m1.spitogatos.gr/343447332_1600x1200.jpg?v=20130730","https://m1.spitogatos.gr/343447350_1600x1200.jpg?v=20130730","https://m2.spitogatos.gr/343447384_1600x1200.jpg?v=20130730","https://m2.spitogatos.gr/343447399_1600x1200.jpg?v=20130730","0","0",,"0","37.880516","1","0","23.762035",,"0",,,"2026-08-01","0","0",,"0","0","2",,,"1","0","1",,"0","0","0","1560",,,"0","0","0","0","13.93",,,"1","3","6","1","1",,,,"2","0","1",,"112","0",,"Knosou 40A","1","1","0","2026-01-07","https://www.spitogatos.gr/en/property/1218975142","https://nodalview.com/s/03grBR8EjE5QO5zpTBWlwB","0",,"1995",,
"1","2",,"vip","4",,,,"0","0","0","0","2026-08-03","0","0","1","0","0",,,"house",,,"1","Νιώσε σαν στο σπίτι σου, όπου και αν επιλέξεις να μείνεις με την Blueground. Θα λατρέψεις αυτό το όμορφα επιπλωμένο διαμέρισμα τριών υπνοδωματίων, για τη διακόσμησή του, την πλήρως εξοπλισμένη κουζίνα και το άνετο καθιστικό του. Βρίσκεται σε ιδανική τοποθεσία, κοντά σε όλα όσα έχει να σου προσφέρει η Γλυφάδα!<br><br />
<br />
Η διαφημιζόμενη τιμή των €2,640/μήνα είναι η τιμή για 1 έτος, με ημερομηνία έναρξης Αυγούστου 2, 2026.<br />
<br>Οι τιμές διαφέρουν ανάλογα με τη διάρκεια παραμονής, την εποχικότητα και άλλους παράγοντες. Επισκεφθείτε τον ιστότοπό μας και εισάγετε τις ημερομηνίες διαμονής σας για να δείτε ενημερωμένες τιμές για την κράτησή σας. Η τιμή ισχύει μόνο με προκαταβολή· ενδέχεται να είναι υψηλότερη εάν πληρωθεί σε δόσεις.<br />
<br />
<b>Κλείστε αυτό το διαμέρισμα online!</b><br />
<br />
https://www.theblueground.com/p/furnished-apartments/ath-686?utm_source=classified-4<br />
<br />
Aναβαθμίστε τη διαμονή σας με ένα πλήρως επιπλωμένο διαμέρισμα από τη Blueground:<br />
      – Επιπλωμένα σπίτια σε τιμές αντίστοιχες με τα ανεπίπλωτα<br />
      – Χωρίς κόστη εγκατάστασης ή αγοράς επίπλων - εξοικονομήστε χρόνο και χρήματα<br />
      – Έτοιμα για άμεση μετακόμιση - το μόνο που χρειάζεστε είναι η βαλίτσα σας<br />
<br />
<b>Ο χώρος</b><br><br />
Σε αυτό το όμορφο Blueground διαμέρισμα τριών υπνοδωματίων, θα βρεις ένα χώρο προσεκτικά σχεδιασμένο και πλήρως εξοπλισμένο με έπιπλα μοναδικού design και ηλεκτρικές συσκευές τελευταίας τεχνολογίας.<br />
Νιώσε όμορφα και χαλαρά στο νέο σου σπίτι κάθε στιγμή. Και όταν θα θες να διασκεδάσεις, μπορείς να βγεις και να αφεθείς στον παλμό της Γλυφάδας ή να φέρεις τη διασκέδαση σπίτι, με τα ασύρματα ηχεία ή τη smart TV.<br />
<br />
<b>Διαρρύθμιση δωματίων ύπνου</b><br />
    <br />
        Υπέρδιπλο κρεβάτι: 160 εκ.<br />
<br />
        Διπλό κρεβάτι: 140 εκ.<br />
<br />
<b>Παροχές κτιρίου</b><br />
<br />
      Ασανσέρ<br />
      Πλυντήριο<br />
<br />
<br />
<b>Άφιξη και συνεχής υποστήριξη πελατών</b><br><br />
Κατά τη διάρκεια της διαμονής σου, η ομάδα μας θα είναι διαθέσιμη για να σε βοηθήσει με οτιδήποτε χρειαστείς. Μέσω της ειδικής mobile εφαρμογής της Blueground έχεις συνεχή υποστήριξη, ενώ μπορείς ακόμη να προγραμματίσεις υπηρεσίες καθαρισμού, συντήρησης ή επισκευής, με το πάτημα ενός κουμπιού.<br />
<br />
<b>Ιδανική τοποθεσία</b><br />
<br />
Η Γλυφάδα είναι η μεγαλύτερη παραθαλάσσια γειτονιά της Αθηναϊκής Ριβιέρας, σε απόσταση μόλις 15 χιλιομέτρων από το κέντρο της πόλης. Πρόκειται για μια περιοχή με μπουτίκ σχεδιαστών, μοντέρνα καφέ, εστιατόρια υψηλών προδιαγραφών, αμμώδεις παραλίες και τέσσερις μαρίνες. Επιπλέον, εδώ βρίσκεται το πρώτο γήπεδο γκολφ στην Ελλάδα. Η Γλυφάδα θεωρείται μια από τις πιο διάσημες περιοχές για να μείνετε κοντά στην Αθήνα. Από εδώ μπορείτε να φτάσετε στο κέντρο της Αθήνας με το τραμ, το λεωφορείο ή το αυτοκίνητο.",,"1",,"1","4","0","1","2026-04-30","7",,"0","yes","no","0","Αθήνα - Νότια Προάστια (Αττική)","Γλυφάδα (Αθήνα - Νότια Προάστια)","1","105103","102","2208","102208",,"1","1","0","0","1","1219806873","https://m3.spitogatos.gr/359903198_1600x1200.jpg?v=20130730","https://m1.spitogatos.gr/359903211_1600x1200.jpg?v=20130730","https://m1.spitogatos.gr/359903223_1600x1200.jpg?v=20130730","https://m3.spitogatos.gr/359903237_1600x1200.jpg?v=20130730","https://m1.spitogatos.gr/359903256_1600x1200.jpg?v=20130730","https://m1.spitogatos.gr/359903295_1600x1200.jpg?v=20130730","https://m3.spitogatos.gr/359903315_1600x1200.jpg?v=20130730","https://m3.spitogatos.gr/359903330_1600x1200.jpg?v=20130730","https://m2.spitogatos.gr/359903344_1600x1200.jpg?v=20130730","https://m2.spitogatos.gr/359903362_1600x1200.jpg?v=20130730","https://m1.spitogatos.gr/359903379_1600x1200.jpg?v=20130730","https://m3.spitogatos.gr/359903393_1600x1200.jpg?v=20130730","https://m1.spitogatos.gr/359903403_1600x1200.jpg?v=20130730","https://m2.spitogatos.gr/359903416_1600x1200.jpg?v=20130730","https://m2.spitogatos.gr/359903428_1600x1200.jpg?v=20130730","https://m3.spitogatos.gr/359903447_1600x1200.jpg?v=20130730","https://m1.spitogatos.gr/359903460_1600x1200.jpg?v=20130730","https://m1.spitogatos.gr/359903472_1600x1200.jpg?v=20130730","https://m3.spitogatos.gr/359903489_1600x1200.jpg?v=20130730","https://m2.spitogatos.gr/359903506_1600x1200.jpg?v=20130730","https://m2.spitogatos.gr/359903524_1600x1200.jpg?v=20130730","https://m2.spitogatos.gr/359903539_1600x1200.jpg?v=20130730","https://m1.spitogatos.gr/359903553_1600x1200.jpg?v=20130730","https://m2.spitogatos.gr/359903566_1600x1200.jpg?v=20130730","https://m2.spitogatos.gr/359903575_1600x1200.jpg?v=20130730","0","0",,"0","37.871986","1","0","23.751623",,"0",,,"2026-08-01","0","0",,"0","1","2",,,"1","0","0",,"0","0","0","2640",,,"0","0","0","0","18.86",,,"1","3",,"1","0",,,,"3","0","1",,"140","0",,"Saki Karagiorga 54","1","1","0","2026-04-30","https://www.spitogatos.gr/en/property/1219806873","https://www.nodalview.com/5CaiWutDzpV5jj4ByeURwu6P","0",,"2007",,
"1","4",,"vip","4",,,,"0","1","0","0","2026-08-03","0","0","1","0","0",,,"house",,,"1","Ξεκίνα να ζεις από την πρώτη μέρα, σε αυτό το σύγχρονα επιπλωμένο διαμέρισμα τεσσάρων υπνοδωματίων της Blueground στο κέντρο της Γλυφάδας. Πλήρως εξοπλισμένο με έπιπλα μοναδικού design, ηλεκτρικές συσκευές τελευταίας τεχνολογίας.<br><br />
<br />
Η διαφημιζόμενη τιμή των €1,610/μήνα είναι η τιμή για 1 έτος, με ημερομηνία έναρξης Αυγούστου 2, 2026.<br />
<br>Οι τιμές διαφέρουν ανάλογα με τη διάρκεια παραμονής, την εποχικότητα και άλλους παράγοντες. Επισκεφθείτε τον ιστότοπό μας και εισάγετε τις ημερομηνίες διαμονής σας για να δείτε ενημερωμένες τιμές για την κράτησή σας. Η τιμή ισχύει μόνο με προκαταβολή· ενδέχεται να είναι υψηλότερη εάν πληρωθεί σε δόσεις.<br />
<br />
<b>Κλείστε αυτό το διαμέρισμα online!</b><br />
<br />
https://www.theblueground.com/p/furnished-apartments/ath-2170?utm_source=classified-4<br />
<br />
Aναβαθμίστε τη διαμονή σας με ένα πλήρως επιπλωμένο διαμέρισμα από τη Blueground:<br />
      – Επιπλωμένα σπίτια σε τιμές αντίστοιχες με τα ανεπίπλωτα<br />
      – Χωρίς κόστη εγκατάστασης ή αγοράς επίπλων - εξοικονομήστε χρόνο και χρήματα<br />
      – Έτοιμα για άμεση μετακόμιση - το μόνο που χρειάζεστε είναι η βαλίτσα σας<br />
<br />
<b>Ο χώρος</b><br><br />
Έπιπλα μοναδικού design, πλήρως εξοπλισμένη κουζίνα, smart TV ή/και ασύρματα ηχεία τελευταίας τεχνολογίας, είναι λίγες μόνο από τις ανέσεις που σου προσφέρει αυτό το διαμέρισμα τεσσάρων υπνοδωματίων της Blueground. Θα το αγαπήσεις όμως και για τη μοναδική του τοποθεσία, καθώς βρίσκεται σε ένα από τα πιο κεντρικά σημεία της Γλυφάδας.<br />
<br />
<b>Διαρρύθμιση δωματίων ύπνου</b><br />
    <br />
        Μονό κρεβάτι: 90 εκ.<br />
<br />
        Υπέρδιπλο κρεβάτι: 160 εκ.<br />
<br />
        Διπλό κρεβάτι: 140 εκ.<br />
<br />
<b>Παροχές κτιρίου</b><br />
<br />
      Ασανσέρ<br />
      Πλυντήριο<br />
      Θέση στάθμευσης<br />
<br />
<br />
<b>Άφιξη και συνεχής υποστήριξη πελατών</b><br><br />
Κατά τη διάρκεια της διαμονής σου, η ομάδα μας θα είναι διαθέσιμη για να σε βοηθήσει με οτιδήποτε χρειαστείς. Μέσω της ειδικής mobile εφαρμογής της Blueground έχεις συνεχή υποστήριξη, ενώ μπορείς ακόμη να προγραμματίσεις υπηρεσίες καθαρισμού, συντήρησης ή επισκευής, με το πάτημα ενός κουμπιού.<br />
<br />
<b>Ιδανική τοποθεσία</b><br />
<br />
Η Γλυφάδα είναι η μεγαλύτερη παραθαλάσσια γειτονιά της Αθηναϊκής Ριβιέρας, σε απόσταση μόλις 15 χιλιομέτρων από το κέντρο της πόλης. Πρόκειται για μια περιοχή με μπουτίκ σχεδιαστών, μοντέρνα καφέ, εστιατόρια υψηλών προδιαγραφών, αμμώδεις παραλίες και τέσσερις μαρίνες. Επιπλέον, εδώ βρίσκεται το πρώτο γήπεδο γκολφ στην Ελλάδα. Η Γλυφάδα θεωρείται μια από τις πιο διάσημες περιοχές για να μείνετε κοντά στην Αθήνα. Από εδώ μπορείτε να φτάσετε στο κέντρο της Αθήνας με το τραμ, το λεωφορείο ή το αυτοκίνητο.",,"1",,"1","5","0","0","2026-06-29","9",,"0","yes","yes","0","Αθήνα - Νότια Προάστια (Αττική)","Γλυφάδα (Αθήνα - Νότια Προάστια)","1","105103","102","2208",,,"1","1","0","0","1","1220258310","https://m3.spitogatos.gr/362831666_1600x1200.jpg?v=20130730","https://m1.spitogatos.gr/362831667_1600x1200.jpg?v=20130730","https://m2.spitogatos.gr/362831668_1600x1200.jpg?v=20130730","https://m3.spitogatos.gr/362831669_1600x1200.jpg?v=20130730","https://m1.spitogatos.gr/362831670_1600x1200.jpg?v=20130730","https://m2.spitogatos.gr/362831671_1600x1200.jpg?v=20130730","https://m3.spitogatos.gr/362831672_1600x1200.jpg?v=20130730","https://m1.spitogatos.gr/362831673_1600x1200.jpg?v=20130730","https://m2.spitogatos.gr/362831674_1600x1200.jpg?v=20130730","https://m3.spitogatos.gr/362831675_1600x1200.jpg?v=20130730","https://m1.spitogatos.gr/362831676_1600x1200.jpg?v=20130730","https://m2.spitogatos.gr/362831677_1600x1200.jpg?v=20130730","https://m3.spitogatos.gr/362831678_1600x1200.jpg?v=20130730","https://m1.spitogatos.gr/362831679_1600x1200.jpg?v=20130730","https://m2.spitogatos.gr/362831680_1600x1200.jpg?v=20130730","https://m3.spitogatos.gr/362831681_1600x1200.jpg?v=20130730","https://m1.spitogatos.gr/362831682_1600x1200.jpg?v=20130730","https://m2.spitogatos.gr/362831683_1600x1200.jpg?v=20130730","https://m3.spitogatos.gr/362831684_1600x1200.jpg?v=20130730","https://m1.spitogatos.gr/362831685_1600x1200.jpg?v=20130730","https://m2.spitogatos.gr/362831686_1600x1200.jpg?v=20130730","https://m3.spitogatos.gr/362831687_1600x1200.jpg?v=20130730","https://m1.spitogatos.gr/362831688_1600x1200.jpg?v=20130730","https://m2.spitogatos.gr/362831689_1600x1200.jpg?v=20130730","https://m3.spitogatos.gr/362831690_1600x1200.jpg?v=20130730","1","0",,"0","37.878906","2","0","23.768053",,"0",,,"2026-08-01","0","0",,"0","0","2",,,"1","0","1",,"0","0","0","1610",,,"0","0","0","0","12.29",,,"1","3",,"1","1",,,,"4","0","1",,"131","1",,"Pafou 26","1","1","0","2026-06-29","https://www.spitogatos.gr/en/property/1220258310","https://nodalview.com/s/2xcrItXlL04RSL1--JluYN","0",,"2007",,
