"AC","Floor Level","accessibleForDisabled","adType_code","adType_id","agentEmployee_firstName","agentEmployee_id","agentEmployee_lastName","agentEmployee_telephone","airy","alarm","attic","auction","availability","availableForDailyRent","awning","balcony","balconyArea","bright","builtInBBQ","category","caveBuilding","commonExpenses","corner","description","doubleGlass","electricCarChargingFacilities","elevator","energyClass","facade","fireplace","firstPublishDate","floorNumber","floorType","forCommercialUse","furnished","garage","garden","geographiesByLevel_2_fullName","geographiesByLevel_4_fullName","geographyParentIds_0","geographyParentIds_1","geographyParentIds_2","geographyParentIds_4","geographyParentIds_5","glassType","heatingController","heatingMedium","heatingUnderFloor","holidayHome","host_id","id","images/0","images/1","images/2","images/3","images/4","images/5","images/6","images/7","images/8","images/9","images/10","images/11","images/12","images/13","images/14","images/15","images/16","images/17","images/18","images/19","images/20","images/21","images/22","images/23","images/24","internal_stairs","investment","joinery","kitchens","latitude","levels","livingRooms","longitude","lotSize","luxHome","mannedReception","medicalOffice","modified","negotiablePrice","neoclassic","newDevelopment","nightPower","no_of_WC","no_of_bathrooms","numberOfFloors","orientation","painted","penthouse","pestNet","petsAllowed","playroom","pool","preserved","price","priceChangeDate","priceChangePercentage","priceIncludesInternet","priceIncludesPower","priceIncludesSharedExp","priceIncludesWater","pricePerSqMeters","pricePreReduction","priceReduced","propertyPublishingOptionIds/0","propertyPublishingOptionIds/1","propertyPublishingOptionIds/2","published","renovated","renovationYear","requiresRenovation","road_type","rooms","satelite","secure_door","solar_heater","sq_meters","storage","storageArea","streetAddress","studentHome","subtype","unfinished","uploaded","url","vTourUrl","view","wholeFloorApartment","year_of_construction","youtubeVideoId","zoning"
"1","2","no","vip","4",,,,,"1","1","0","0","2025-11-19","0","0","0","0","1","0","house","0",,"0","Διαμέρισμα Προς Ενοικίαση, όροφος: 2ος, στην περιοχή: Μελίσσια. Το εμβαδόν του ακινήτου είναι 125 τ.μ.. Αποτελείται από: 3 Υ/Δ, 1 μπάνιο/α, 1 wc, 1 κουζίνα/ες, 1 σαλόνι/α, ενώ διαθέτει 1 θέσεις στάθμευσης (1 Σε υπόγειο χώρο). Έχει κατασκευαστεί το 2005. Η θέρμανση του ακινήτου είναι Αυτόνομη με Φυσικό αέριο, ενώ επίσης διατίθεται Κλιματισμός, Ηλιακός, Boiler, Θερμομόνωση, Θερμοπρόσοψη, έχει κουφώματα Αλουμινίου με Διπλά τζάμια, ενεργειακό πιστοποιητικό: Β και τα δάπεδα είναι: Πλακάκια, Ξύλο. Η κατάστασή του είναι: Ανακαινισμένο, Καταπληκτική, έχει θέα Βουνό, Πράσινο, Ανοιχτωσιά, Πανοραμική, Ανεμπόδιστη. Το ακίνητο είναι Βαμμένο, Προσόψεως, Φωτεινό, Ευάερο, Ευήλιο, Διαμπερές και επίσης διαθέτει τα παρακάτω χαρακτηριστικά και πλεονεκτήματα: Σίτες, Ασανσέρ, Ηλεκτρ. Συσκευές, Πόρτα Ασφαλείας, Θυροτηλεόραση, Συναγερμός, Επιτρέπονται Κατοικίδια, Ησυχη γειτονιά, Βεράντα. Τιμή: €1.600. Agentia, Τηλέφωνο Επικοινωνίας: 6970020974, email: info@agentia.gr",,"0","1","4","1","1","2025-11-19","7","10","0","no","yes","0","Αθήνα - Βόρεια Προάστια (Αττική)","Μελίσσια (Αθήνα - Βόρεια Προάστια)","1","105103","101","2112",,"Double","1","2","0","0","1","1218682816","https://m1.spitogatos.gr/336403749_1600x1200.jpg?v=20130730","https://m3.spitogatos.gr/336403754_1600x1200.jpg?v=20130730","https://m2.spitogatos.gr/334355563_1600x1200.jpg?v=20130730","https://m3.spitogatos.gr/336403760_1600x1200.jpg?v=20130730","https://m3.spitogatos.gr/336403763_1600x1200.jpg?v=20130730","https://m2.spitogatos.gr/336403765_1600x1200.jpg?v=20130730","https://m1.spitogatos.gr/336403770_1600x1200.jpg?v=20130730","https://m1.spitogatos.gr/336403776_1600x1200.jpg?v=20130730","https://m2.spitogatos.gr/336403780_1600x1200.jpg?v=20130730","https://m2.spitogatos.gr/336403786_1600x1200.jpg?v=20130730","https://m3.spitogatos.gr/336403790_1600x1200.jpg?v=20130730","https://m1.spitogatos.gr/336403797_1600x1200.jpg?v=20130730","https://m3.spitogatos.gr/336403802_1600x1200.jpg?v=20130730","https://m2.spitogatos.gr/336403810_1600x1200.jpg?v=20130730","https://m1.spitogatos.gr/336403818_1600x1200.jpg?v=20130730","https://m1.spitogatos.gr/336403824_1600x1200.jpg?v=20130730","https://m3.spitogatos.gr/336403829_1600x1200.jpg?v=20130730","https://m3.spitogatos.gr/336403835_1600x1200.jpg?v=20130730","https://m3.spitogatos.gr/336403838_1600x1200.jpg?v=20130730","https://m2.spitogatos.gr/336403846_1600x1200.jpg?v=20130730","https://m2.spitogatos.gr/336403849_1600x1200.jpg?v=20130730",,,,,"0","0","2","1","38.060703","1","1","23.849258",,"0","0",,"2026-07-28","0","0",,"0","1","1",,,"1","0","1","1","0","0","0","1600",,,"0","0","0","0","12.8",,,"1","3","6","1","1",,"0","1","3","0","1","1","125","0",,,"0","1","0","2025-11-19","https://www.spitogatos.gr/en/property/1218682816",,"1","0","2005",,"residential"
"1","3",,"vip","4",,,,,"0","1","0","0","2026-07-28","0","0","0","30","1",,"house",,"40","1","Τοποθεσία : Κηφισιά, Ζηρίνειο.<br />
Παρουσίαση ακινήτου : Διατίθεται προς ενοικίαση,  πολυτελές, διαμέρισμα 130 τμ, 3ου ορόφου, πρόσοψης, γωνιακό, έτος κατασκευής 1980, ανακατασκευή 2023, σε άριστη κατάσταση, απεριόριστη θέα.<br />
Εσωτερικοί χώροι : Περιλαμβάνει, μεγάλο σαλόνι, τζάκι, μεγάλη βεράντα, χώρος τραπεζαρίας, ανεξάρτητος χώρος κουζίνας, τρία υπνοδωμάτια, μπαλκόνι, δύο μπάνια. <br />
Ανέσεις και παροχές :<br />
Ανεξάρτητη θέρμανση με αντλία θερμότητας.<br />
Μονάδες κλιματισμού.<br />
Κουφώματα θερμό διακοπτόμενα αλουμινίου, διπλοί ενεργειακοί υαλοπίνακες.<br />
Ηλεκτρικές συσκευές.<br />
Πόρτα ασφαλείας.<br />
Μαρμάρινα και ξύλινα δάπεδα.<br />
Σύστημα συναγερμού.<br />
Θυροτηλεόραση.<br />
Ανελκυστήρας.<br />
Αποθήκη.<br />
Θέση στάθμευσης στο υπόγειο.<br />
Κοινόχρηστος και άριστα διαμορφωμένος  κήπος.<br />
Κοινόχρηστα περίπου 40€/μηνιαίως.<br />
<br />
Το στίγμα στο χάρτη δεν υποδεικνύει την ακριβή θέση του ακινήτου αλλά σημείο πλησίον του.<br />
Περισσότερα ακίνητα, μπορείτε να δείτε στην ιστοσελίδα της εταιρείας μας www.royalestates.com.gr<br />
<br />
Η μεσιτική αμοιβή προς το γραφείο μας, σε περίπτωση αγοραπωλησίας του συγκεκριμένου ακινήτου, ανέρχεται στο 2% (δύο τοις εκατό) επί της συνολικής πραγματικής αξίας της κύριας συμβάσεως και πλέον του νόμιμου Φ.Π.A (24%), η σε περίπτωση μίσθωσης η μεσιτική αμοιβή είναι ισόποση του μισθώματος και πλέον του νόμιμου Φ.Π.Α. (24%).<br />
Κατά την επίδειξη των ακινήτων είναι απαραίτητη η επίδειξη της Αστυνομικής ταυτότητας, καθώς και το Α.Φ.Μ. του ενδιαφερομένου αγοραστή βάση του Νόμου 4072/11.4.2012.<br />
<br />
Royal Estates.<br />
Κτηματομεσιτικές Υπηρεσίες.<br />
Τηλέφωνα: 210 677 0491,  Φαξ: 210 6770 494.<br />
akinita@royalestates.com.gr.<br />
www.royalestates.com.gr","0",,"1","8","1","1","2025-12-22","8","6","0","no","yes","1","Αθήνα - Βόρεια Προάστια (Αττική)","Κηφισιά (Αθήνα - Βόρεια Προάστια)","1","105103","101","2108","106385","Double","1","13","0","0","1","1218882088","https://m2.spitogatos.gr/362269048_1600x1200.jpg?v=20130730","https://m3.spitogatos.gr/362269049_1600x1200.jpg?v=20130730","https://m1.spitogatos.gr/362269050_1600x1200.jpg?v=20130730","https://m2.spitogatos.gr/362269051_1600x1200.jpg?v=20130730","https://m3.spitogatos.gr/362269052_1600x1200.jpg?v=20130730","https://m1.spitogatos.gr/362269053_1600x1200.jpg?v=20130730","https://m3.spitogatos.gr/362269067_1600x1200.jpg?v=20130730","https://m1.spitogatos.gr/362269068_1600x1200.jpg?v=20130730","https://m2.spitogatos.gr/362269069_1600x1200.jpg?v=20130730","https://m1.spitogatos.gr/362269071_1600x1200.jpg?v=20130730","https://m1.spitogatos.gr/362269083_1600x1200.jpg?v=20130730","https://m1.spitogatos.gr/362269086_1600x1200.jpg?v=20130730","https://m2.spitogatos.gr/362269087_1600x1200.jpg?v=20130730","https://m3.spitogatos.gr/362269088_1600x1200.jpg?v=20130730","https://m1.spitogatos.gr/362269089_1600x1200.jpg?v=20130730","https://m2.spitogatos.gr/362269090_1600x1200.jpg?v=20130730","https://m3.spitogatos.gr/362269091_1600x1200.jpg?v=20130730","https://m2.spitogatos.gr/362269093_1600x1200.jpg?v=20130730","https://m2.spitogatos.gr/338328580_1600x1200.jpg?v=20130730","https://m3.spitogatos.gr/338328581_1600x1200.jpg?v=20130730",,,,,,"0","0","2","1","38.067062","1","1","23.811581",,"0",,,"2026-07-28","1","0",,"1","0","2",,,"0","0","0",,"0","0","0","2000",,,"0","0","0","0","15.38",,,"1","3","6","1","1","2023","0","7","3","0","1","0","130","1","5",,"0","1","0","2025-12-22","https://www.spitogatos.gr/en/property/1218882088",,"1",,"1980",,"residential"
"1","2","no","vip","4",,,,,"0","0","0","0","2026-06-03","0","0","1","0","0","0","house","0",,"0","Πλήρως ανακαινισμένο & επιπλωμένο διαμέρισμα 42 τ.μ  δευτέρου ορόφου στο κέντρο της πόλης στα Εξάρχεια, σε απόσταση 15' με τα πόδια από το μετρό ""Πανεπιστήμιο"" (κόκκινη γραμμή) αλλά και από τον ΗΣΑΠ ""Ομόνοια"". Απέχει μόλις 200μ από την πλατεία των Εξαρχείων, γεμάτη από επιλογές διασκέδασης και καταστημάτων.<br />
<br />
Αποτελείται από ενιαίο χώρο σαλόνι κουζίνα, ένα  υπνοδωμάτιο και μπάνιο. Διαθέτει κουφώματα αλουμινίου με διπλά τζάμια. Είναι σε άριστη κατάσταση με όλες τις ηλεκτρικές συσκευές (πλυντήριο ρούχων, ψυγείο, εστίες-φούρνος) πλήρως επιπλωμένο με όλο τον απαραίτητο εξοπλισμό. Υπάρχει κλιματισμός, πόρτα ασφαλείας και ασανσέρ.<br />
<br />
Δεν διατίθεται για βραχυχρόνια μίσθωση.<br />
<br />
PP Properties & Consulting",,"0","1","6","0","0","2026-06-03","7","4","0","yes","no","0","Αθήνα - Κέντρο (Αττική)","Εξάρχεια - Νεάπολη (Αθήνα - Κέντρο)","1","105103","100","6007",,"Double",,,"0","0","1","1219997278","https://m3.spitogatos.gr/355457486_1600x1200.jpg?v=20130730","https://m2.spitogatos.gr/355457488_1600x1200.jpg?v=20130730","https://m2.spitogatos.gr/355457491_1600x1200.jpg?v=20130730","https://m1.spitogatos.gr/355457493_1600x1200.jpg?v=20130730","https://m1.spitogatos.gr/355457496_1600x1200.jpg?v=20130730","https://m2.spitogatos.gr/355457497_1600x1200.jpg?v=20130730","https://m1.spitogatos.gr/355457502_1600x1200.jpg?v=20130730","https://m1.spitogatos.gr/355457505_1600x1200.jpg?v=20130730","https://m1.spitogatos.gr/355457508_1600x1200.jpg?v=20130730","https://m2.spitogatos.gr/355457512_1600x1200.jpg?v=20130730","https://m2.spitogatos.gr/355457515_1600x1200.jpg?v=20130730","https://m1.spitogatos.gr/355457520_1600x1200.jpg?v=20130730",,,,,,,,,,,,,,"0","0","2","1","37.986698","1","1","23.73321",,"1","0","0","2026-07-28","0","0",,"0","0","1",,,"1","0","1",,"0","0","0","700",,,"0","0","0","0","16.67",,,"1","3","6","1","1",,"0",,"1","0","1","0","42","0",,,"0","1","0","2026-06-03","https://www.spitogatos.gr/en/property/1219997278",,"0","0",,,"residential"
"0","4",,"vip","4","Χρήστος","51241","Νικολάου","+306946042286","1","0","0","0","2026-07-09","0","1","1","0","1","0","house",,,"0","Πλήρως ανακαινισμένο τριάρι διαμέρισμα 91 τ.μ. προς ενοικίαση στην περιοχή του Παγκρατίου. <br />
Άνετη κουζίνα και φωτεινή με μπαλκονόπορτα. <br />
Σαλόνι μεγάλο με άμεση πρόσβαση στη βεράντα. Δίνεται η δυνατότητα διαμόρφωσης χώρου τραπεζαρίας. <br />
Το μπάνιο είναι άριστο, διαθέτει ντουζιέρα και πλυντήριο ρούχων.<br />
Υπάρχει επιπλέον WC με παράθυρο.<br />
Διαθέτει δύο ευρύχωρα υπνοδωμάτια , φωτεινά με μπαλκονόπορτες και μεγάλες ντουλάπες. Τα πατώματα είναι δρύινα. <br />
Το ακίνητο είναι διαμπερές , έχει βεράντα περιμετρικά με τέντες.<br />
Είναι εξοπλισμένο με πόρτα ασφαλείας, αλουμίνια , διπλά τζάμια, τέντες, η θέρμανση είναι κεντρική με φυσικό αέριο.<br />
Η τοποθεσία είναι ιδανική, στο κέντρο της πόλης.",,"0","1","6","1","0","2026-07-09","9","6",,"no","no","0","Αθήνα - Κέντρο (Αττική)","Παγκράτι (Αθήνα - Κέντρο)","1","105103","100","6013","6140","Double","2","2","0",,"1","1220339893","https://m1.spitogatos.gr/363520602_1600x1200.jpg?v=20130730","https://m3.spitogatos.gr/363520565_1600x1200.jpg?v=20130730","https://m1.spitogatos.gr/363520572_1600x1200.jpg?v=20130730","https://m3.spitogatos.gr/363520586_1600x1200.jpg?v=20130730","https://m2.spitogatos.gr/363520588_1600x1200.jpg?v=20130730","https://m3.spitogatos.gr/363520589_1600x1200.jpg?v=20130730","https://m2.spitogatos.gr/363520594_1600x1200.jpg?v=20130730","https://m1.spitogatos.gr/363520596_1600x1200.jpg?v=20130730","https://m2.spitogatos.gr/363520600_1600x1200.jpg?v=20130730","https://m2.spitogatos.gr/363520606_1600x1200.jpg?v=20130730","https://m1.spitogatos.gr/363520608_1600x1200.jpg?v=20130730","https://m2.spitogatos.gr/363520609_1600x1200.jpg?v=20130730","https://m2.spitogatos.gr/363520612_1600x1200.jpg?v=20130730","https://m2.spitogatos.gr/363520615_1600x1200.jpg?v=20130730","https://m3.spitogatos.gr/363520616_1600x1200.jpg?v=20130730","https://m1.spitogatos.gr/363520617_1600x1200.jpg?v=20130730","https://m1.spitogatos.gr/363520620_1600x1200.jpg?v=20130730","https://m2.spitogatos.gr/363520621_1600x1200.jpg?v=20130730","https://m2.spitogatos.gr/363520624_1600x1200.jpg?v=20130730","https://m3.spitogatos.gr/363520625_1600x1200.jpg?v=20130730","https://m3.spitogatos.gr/363520628_1600x1200.jpg?v=20130730","https://m1.spitogatos.gr/363520629_1600x1200.jpg?v=20130730","https://m3.spitogatos.gr/363520631_1600x1200.jpg?v=20130730","https://m1.spitogatos.gr/363520632_1600x1200.jpg?v=20130730","https://m1.spitogatos.gr/363520635_1600x1200.jpg?v=20130730","0",,"2","1","37.963188","1","1","23.745338",,,"0",,"2026-07-28","0","0",,"0","0","1",,,"1","0","0",,"0","0","0","800",,,"0","0","0","0","8.79",,,"1","3","6","1","1","2018","0","1","2",,"1","0","91","0",,,,"1",,"2026-07-09","https://www.spitogatos.gr/en/property/1220339893",,"1","0","1980",,"residential"
"1","2",,"vip","4",,,,,"0","0","0","0","2026-07-30","0","0","1","0","0",,"house",,,"1","Ανακάλυψε τα καλύτερα σημεία του Κολωνακίου , με αυτό το ελκυστικό διαμέρισμα δύο υπνοδωματίων της Blueground. Προσφέρει μια πλήρως εξοπλισμένη κουζίνα, ένα εξαιρετικό καθιστικό. Επίσης, καθ’όλη τη διάρκεια της διαμονής σου θα έχεις τη δυνατότητα να επικοινωνήσεις εύκολα και άμεσα με την ομάδα υποστήριξης πελατών και να βρεις χρήσιμες πληροφορίες τόσο για το διαμέρισμά σου όσο και για τη γειτονιά μέσω της ειδικής mobile εφαρμογής.<br><br />
<br />
Η διαφημιζόμενη τιμή των €1,440/μήνα είναι η τιμή για 1 έτος, με ημερομηνία έναρξης Ιουλίου 29, 2026.<br />
<br>Οι τιμές διαφέρουν ανάλογα με τη διάρκεια παραμονής, την εποχικότητα και άλλους παράγοντες. Επισκεφθείτε τον ιστότοπό μας και εισάγετε τις ημερομηνίες διαμονής σας για να δείτε ενημερωμένες τιμές για την κράτησή σας. Η τιμή ισχύει μόνο με προκαταβολή· ενδέχεται να είναι υψηλότερη εάν πληρωθεί σε δόσεις.<br />
<br />
<b>Κλείστε αυτό το διαμέρισμα online!</b><br />
<br />
https://www.theblueground.com/p/furnished-apartments/ath-825?utm_source=classified-4<br />
<br />
Aναβαθμίστε τη διαμονή σας με ένα πλήρως επιπλωμένο διαμέρισμα από τη Blueground:<br />
      – Επιπλωμένα σπίτια σε τιμές αντίστοιχες με τα ανεπίπλωτα<br />
      – Χωρίς κόστη εγκατάστασης ή αγοράς επίπλων - εξοικονομήστε χρόνο και χρήματα<br />
      – Έτοιμα για άμεση μετακόμιση - το μόνο που χρειάζεστε είναι η βαλίτσα σας<br />
<br />
<b>Ο χώρος</b><br><br />
Σε αυτό το όμορφο Blueground διαμέρισμα δύο υπνοδωματίων, θα βρεις ένα χώρο προσεκτικά σχεδιασμένο και πλήρως εξοπλισμένο με έπιπλα μοναδικού design και ηλεκτρικές συσκευές τελευταίας τεχνολογίας.<br />
Νιώσε όμορφα και χαλαρά στο νέο σου σπίτι κάθε στιγμή. Και όταν θα θες να διασκεδάσεις, μπορείς να βγεις και να αφεθείς στον παλμό του Κολωνακίου ή να φέρεις τη διασκέδαση σπίτι, με τα ασύρματα ηχεία ή τη smart TV.<br />
<br />
<b>Διαρρύθμιση δωματίων ύπνου</b><br />
    <br />
        Υπέρδιπλο κρεβάτι: 160 εκ.<br />
<br />
        Διπλό κρεβάτι: 140 εκ.<br />
<br />
<b>Παροχές κτιρίου</b><br />
<br />
      Ασανσέρ<br />
      Πλυντήριο<br />
<br />
<br />
<b>Άφιξη και συνεχής υποστήριξη πελατών</b><br><br />
Κατά τη διάρκεια της διαμονής σου, η ομάδα μας θα είναι διαθέσιμη για να σε βοηθήσει με οτιδήποτε χρειαστείς. Μέσω της ειδικής mobile εφαρμογής της Blueground έχεις συνεχή υποστήριξη, ενώ μπορείς ακόμη να προγραμματίσεις υπηρεσίες καθαρισμού, συντήρησης ή επισκευής, με το πάτημα ενός κουμπιού.<br />
<br />
<b>Ιδανική τοποθεσία</b><br />
<br />
Το Κολωνάκι είναι μια από τις πιο ζωντανές και διάσημες γειτονιές της Αθήνας. Βρίσκεται στη νότια πλευρά του λόφου του Λυκαβηττού, με την πλατεία Συντάγματος σε μικρή απόσταση με τα πόδια. Το Κολωνάκι φημίζεται για τα πολυτελή εστιατόρια, τα εναλλακτικά μπιστρό και μπαρ, καθώς και για τη μοναδική ποικιλία καταστημάτων. Εδώ θα βρείτε επίσης αξιόλογες γκαλερί και μουσεία, όπως το Μουσείο Κυκλαδικής Τέχνης και το Μουσείο Μπενάκη. Τρεις σταθμοί του μετρό εξυπηρετούν την περιοχή: Ευαγγελισμός, Σύνταγμα και Πανεπιστημίου.","1",,"1","8","0","0","2026-04-28","7",,"0","yes","no","0","Αθήνα - Κέντρο (Αττική)","Κολωνάκι - Λυκαβηττός (Αθήνα - Κέντρο)","1","105103","100","6009","2019",,"1","1","0","0","1","1219792448","https://m1.spitogatos.gr/359903937_1600x1200.jpg?v=20130730","https://m2.spitogatos.gr/359903953_1600x1200.jpg?v=20130730","https://m3.spitogatos.gr/359903975_1600x1200.jpg?v=20130730","https://m3.spitogatos.gr/359903990_1600x1200.jpg?v=20130730","https://m1.spitogatos.gr/359904003_1600x1200.jpg?v=20130730","https://m1.spitogatos.gr/359904012_1600x1200.jpg?v=20130730","https://m3.spitogatos.gr/359904023_1600x1200.jpg?v=20130730","https://m1.spitogatos.gr/359904030_1600x1200.jpg?v=20130730","https://m3.spitogatos.gr/359904041_1600x1200.jpg?v=20130730","https://m2.spitogatos.gr/359904052_1600x1200.jpg?v=20130730","https://m2.spitogatos.gr/359904067_1600x1200.jpg?v=20130730","https://m3.spitogatos.gr/359904077_1600x1200.jpg?v=20130730","https://m2.spitogatos.gr/359904088_1600x1200.jpg?v=20130730","https://m3.spitogatos.gr/359904098_1600x1200.jpg?v=20130730","https://m1.spitogatos.gr/359904111_1600x1200.jpg?v=20130730","https://m2.spitogatos.gr/359904121_1600x1200.jpg?v=20130730","https://m3.spitogatos.gr/359904131_1600x1200.jpg?v=20130730","https://m1.spitogatos.gr/359904144_1600x1200.jpg?v=20130730","https://m1.spitogatos.gr/359904156_1600x1200.jpg?v=20130730","https://m3.spitogatos.gr/359904167_1600x1200.jpg?v=20130730","https://m2.spitogatos.gr/359904181_1600x1200.jpg?v=20130730","https://m2.spitogatos.gr/359904193_1600x1200.jpg?v=20130730","https://m2.spitogatos.gr/359904205_1600x1200.jpg?v=20130730","https://m2.spitogatos.gr/359904217_1600x1200.jpg?v=20130730","https://m1.spitogatos.gr/359904231_1600x1200.jpg?v=20130730","0","0",,"0","37.978367","1","0","23.740362",,"0",,,"2026-07-28","0","0",,"0","0","1",,,"1","0","1",,"0","0","0","1440",,,"0","0","0","0","20.57",,,"1","3",,"1","0",,,,"2","0","1",,"70","0",,"Tsakalof 16","1","1","0","2026-04-28","https://www.spitogatos.gr/en/property/1219792448","https://nodalview.com/s/0wJ0GxukD34Q0jod2Qso0J","0",,"1960",,
"1","1",,"vip","4",,,,,"0","0","0","0","2026-09-16","0","0","1","0","0",,"house",,,"1","Νιώσε σαν στο σπίτι σου, όπου και αν επιλέξεις να μείνεις με την Blueground. Θα λατρέψεις αυτό το όμορφα επιπλωμένο διαμέρισμα ενός υπνοδωματίου, για τη διακόσμησή του, την πλήρως εξοπλισμένη κουζίνα και το κομψό καθιστικό του. Βρίσκεται σε ιδανική τοποθεσία, κοντά σε όλα όσα έχει να σου προσφέρει το Παγκράτι!<br><br />
<br />
Η διαφημιζόμενη τιμή των €940/μήνα είναι η τιμή για 1 έτος, με ημερομηνία έναρξης Σεπτεμβρίου 15, 2026.<br />
<br>Οι τιμές διαφέρουν ανάλογα με τη διάρκεια παραμονής, την εποχικότητα και άλλους παράγοντες. Επισκεφθείτε τον ιστότοπό μας και εισάγετε τις ημερομηνίες διαμονής σας για να δείτε ενημερωμένες τιμές για την κράτησή σας. Η τιμή ισχύει μόνο με προκαταβολή· ενδέχεται να είναι υψηλότερη εάν πληρωθεί σε δόσεις.<br />
<br />
<b>Κλείστε αυτό το διαμέρισμα online!</b><br />
<br />
https://www.theblueground.com/p/furnished-apartments/ath-1001?utm_source=classified-4<br />
<br />
Aναβαθμίστε τη διαμονή σας με ένα πλήρως επιπλωμένο διαμέρισμα από τη Blueground:<br />
      – Επιπλωμένα σπίτια σε τιμές αντίστοιχες με τα ανεπίπλωτα<br />
      – Χωρίς κόστη εγκατάστασης ή αγοράς επίπλων - εξοικονομήστε χρόνο και χρήματα<br />
      – Έτοιμα για άμεση μετακόμιση - το μόνο που χρειάζεστε είναι η βαλίτσα σας<br />
<br />
<b>Ο χώρος</b><br><br />
Έπιπλα μοναδικού design, πλήρως εξοπλισμένη κουζίνα, smart TV ή/και ασύρματα ηχεία τελευταίας τεχνολογίας, είναι λίγες μόνο από τις ανέσεις που σου προσφέρει αυτό το διαμέρισμα ενός υπνοδωματίου της Blueground. Θα το αγαπήσεις όμως και για τη μοναδική του τοποθεσία, καθώς βρίσκεται σε ένα από τα πιο κεντρικά σημεία του Παγκρατίου.<br />
<br />
<b>Διαρρύθμιση δωματίων ύπνου</b><br />
    <br />
        Υπέρδιπλο κρεβάτι: 160 εκ.<br />
<br />
<b>Παροχές κτιρίου</b><br />
<br />
      Ασανσέρ<br />
      Πλυντήριο<br />
<br />
<br />
<b>Άφιξη και συνεχής υποστήριξη πελατών</b><br><br />
Κατά τη διάρκεια της διαμονής σου, η ομάδα μας θα είναι διαθέσιμη για να σε βοηθήσει με οτιδήποτε χρειαστείς. Μέσω της ειδικής mobile εφαρμογής της Blueground έχεις συνεχή υποστήριξη, ενώ μπορείς ακόμη να προγραμματίσεις υπηρεσίες καθαρισμού, συντήρησης ή επισκευής, με το πάτημα ενός κουμπιού.<br />
<br />
<b>Ιδανική τοποθεσία</b><br />
<br />
Σε απόσταση αναπνοής από το κέντρο, το πολυσύχναστο Παγκράτι είναι η αγαπημένη γειτονιά των νεαρών Αθηναίων και όσων γνωρίζουν. Εδώ θα βρείτε πολλά καταστήματα τροφίμων και ποτών και μπουτίκ που πρέπει να αγοράσετε και που ξεφυτρώνουν κάθε σεζόν. Η περιοχή εξυπηρετείται από λεωφορειακές συνδέσεις καθώς και από το μετρό του Ευαγγελισμού.","1",,"1","6","0","0","2026-05-25","6",,"0","yes","no","0","Αθήνα - Κέντρο (Αττική)","Παγκράτι (Αθήνα - Κέντρο)","1","105103","100","6013","6134",,"1","2","0","0","1","1219944644","https://m1.spitogatos.gr/359905161_1600x1200.jpg?v=20130730","https://m2.spitogatos.gr/359905192_1600x1200.jpg?v=20130730","https://m3.spitogatos.gr/359905211_1600x1200.jpg?v=20130730","https://m3.spitogatos.gr/359905226_1600x1200.jpg?v=20130730","https://m2.spitogatos.gr/359905240_1600x1200.jpg?v=20130730","https://m1.spitogatos.gr/359905257_1600x1200.jpg?v=20130730","https://m1.spitogatos.gr/359905272_1600x1200.jpg?v=20130730","https://m2.spitogatos.gr/359905285_1600x1200.jpg?v=20130730","https://m3.spitogatos.gr/359905301_1600x1200.jpg?v=20130730","https://m3.spitogatos.gr/359905313_1600x1200.jpg?v=20130730","https://m2.spitogatos.gr/359905324_1600x1200.jpg?v=20130730","https://m1.spitogatos.gr/359905341_1600x1200.jpg?v=20130730","https://m2.spitogatos.gr/359905357_1600x1200.jpg?v=20130730","https://m2.spitogatos.gr/359905372_1600x1200.jpg?v=20130730","https://m2.spitogatos.gr/359905384_1600x1200.jpg?v=20130730","https://m1.spitogatos.gr/359905395_1600x1200.jpg?v=20130730","https://m1.spitogatos.gr/359905407_1600x1200.jpg?v=20130730","https://m2.spitogatos.gr/359905417_1600x1200.jpg?v=20130730","https://m3.spitogatos.gr/359905430_1600x1200.jpg?v=20130730","https://m2.spitogatos.gr/359905444_1600x1200.jpg?v=20130730","https://m1.spitogatos.gr/359905455_1600x1200.jpg?v=20130730","https://m2.spitogatos.gr/359905468_1600x1200.jpg?v=20130730","https://m3.spitogatos.gr/359905481_1600x1200.jpg?v=20130730","https://m2.spitogatos.gr/359905495_1600x1200.jpg?v=20130730","https://m1.spitogatos.gr/359905503_1600x1200.jpg?v=20130730","0","0",,"0","37.968857","1","0","23.745008",,"0",,,"2026-07-28","0","0",,"0","0","1",,,"1","0","0",,"0","0","0","940",,,"0","0","0","0","17.09",,,"1","3",,"1","1",,,,"1","0","1",,"55","0",,"Athanasias 14","1","1","0","2026-05-25","https://www.spitogatos.gr/en/property/1219944644","https://nodalview.com/7UNbyCg3FxS1yogwjKhS5TJV","0",,"1976",,
"1","3",,"vip","4",,,,,"0","0","0","0","2026-10-05","0","0","1","0","0",,"house",,,"1","Ξεκίνα να ζεις από την πρώτη μέρα, σε αυτό το κομψά επιπλωμένο διαμέρισμα δύο υπνοδωματίων της Blueground στο κέντρο της Καισαριανής. Πλήρως εξοπλισμένο με έπιπλα μοναδικού design, ηλεκτρικές συσκευές τελευταίας τεχνολογίας.<br><br />
<br />
Η διαφημιζόμενη τιμή των €990/μήνα είναι η τιμή για 1 έτος, με ημερομηνία έναρξης Οκτωβρίου 4, 2026. Η χαμηλότερη διαθέσιμη τιμή είναι €960/μήνα για μίσθωση 7 μήνα(μηνών) με ημερομηνία έναρξης Οκτωβρίου 4, 2026.<br />
<br>Οι τιμές διαφέρουν ανάλογα με τη διάρκεια παραμονής, την εποχικότητα και άλλους παράγοντες. Επισκεφθείτε τον ιστότοπό μας και εισάγετε τις ημερομηνίες διαμονής σας για να δείτε ενημερωμένες τιμές για την κράτησή σας. Η τιμή ισχύει μόνο με προκαταβολή· ενδέχεται να είναι υψηλότερη εάν πληρωθεί σε δόσεις.<br />
<br />
<b>Κλείστε αυτό το διαμέρισμα online!</b><br />
<br />
https://www.theblueground.com/p/furnished-apartments/ath-1396?utm_source=classified-4<br />
<br />
Aναβαθμίστε τη διαμονή σας με ένα πλήρως επιπλωμένο διαμέρισμα από τη Blueground:<br />
      – Επιπλωμένα σπίτια σε τιμές αντίστοιχες με τα ανεπίπλωτα<br />
      – Χωρίς κόστη εγκατάστασης ή αγοράς επίπλων - εξοικονομήστε χρόνο και χρήματα<br />
      – Έτοιμα για άμεση μετακόμιση - το μόνο που χρειάζεστε είναι η βαλίτσα σας<br />
<br />
<b>Ο χώρος</b><br><br />
Έπιπλα μοναδικού design, πλήρως εξοπλισμένη κουζίνα, smart TV ή/και ασύρματα ηχεία τελευταίας τεχνολογίας, είναι λίγες μόνο από τις ανέσεις που σου προσφέρει αυτό το διαμέρισμα δύο υπνοδωματίων της Blueground. Θα το αγαπήσεις όμως και για τη μοναδική του τοποθεσία, καθώς βρίσκεται σε ένα από τα πιο κεντρικά σημεία της Καισαριανής.<br />
<br />
<b>Διαρρύθμιση δωματίων ύπνου</b><br />
    <br />
        Υπέρδιπλο κρεβάτι: 160 εκ.<br />
<br />
        Διπλό κρεβάτι: 140 εκ.<br />
<br />
<b>Παροχές κτιρίου</b><br />
<br />
      Ασανσέρ<br />
      Πλυντήριο<br />
      Επιτρέπονται κατοικίδια<br />
<br />
<br />
<b>Άφιξη και συνεχής υποστήριξη πελατών</b><br><br />
Κατά τη διάρκεια της διαμονής σου, η ομάδα μας θα είναι διαθέσιμη για να σε βοηθήσει με οτιδήποτε χρειαστείς. Μέσω της ειδικής mobile εφαρμογής της Blueground έχεις συνεχή υποστήριξη, ενώ μπορείς ακόμη να προγραμματίσεις υπηρεσίες καθαρισμού, συντήρησης ή επισκευής, με το πάτημα ενός κουμπιού.","1",,"1","7","0","0","2026-07-15","8",,"0","yes","no","0","Αθήνα - Νότια Προάστια (Αττική)","Καισαριανή (Αθήνα - Νότια Προάστια)","1","105103","102","2214",,,"1","2","0","0","1","1218971701","https://m3.spitogatos.gr/361927757_1600x1200.jpg?v=20130730","https://m3.spitogatos.gr/361927763_1600x1200.jpg?v=20130730","https://m3.spitogatos.gr/361927769_1600x1200.jpg?v=20130730","https://m2.spitogatos.gr/361927774_1600x1200.jpg?v=20130730","https://m2.spitogatos.gr/361927777_1600x1200.jpg?v=20130730","https://m1.spitogatos.gr/361927782_1600x1200.jpg?v=20130730","https://m3.spitogatos.gr/361927784_1600x1200.jpg?v=20130730","https://m3.spitogatos.gr/361927790_1600x1200.jpg?v=20130730","https://m1.spitogatos.gr/361927794_1600x1200.jpg?v=20130730","https://m2.spitogatos.gr/361927798_1600x1200.jpg?v=20130730","https://m1.spitogatos.gr/361927800_1600x1200.jpg?v=20130730","https://m3.spitogatos.gr/361927802_1600x1200.jpg?v=20130730","https://m3.spitogatos.gr/361927805_1600x1200.jpg?v=20130730","https://m3.spitogatos.gr/361927808_1600x1200.jpg?v=20130730","https://m1.spitogatos.gr/361927809_1600x1200.jpg?v=20130730","https://m3.spitogatos.gr/361927811_1600x1200.jpg?v=20130730","https://m1.spitogatos.gr/361927812_1600x1200.jpg?v=20130730","https://m3.spitogatos.gr/361927814_1600x1200.jpg?v=20130730","https://m1.spitogatos.gr/361927815_1600x1200.jpg?v=20130730","https://m3.spitogatos.gr/361927817_1600x1200.jpg?v=20130730","https://m1.spitogatos.gr/361927818_1600x1200.jpg?v=20130730","https://m3.spitogatos.gr/361927820_1600x1200.jpg?v=20130730","https://m2.spitogatos.gr/361927822_1600x1200.jpg?v=20130730","https://m3.spitogatos.gr/361927826_1600x1200.jpg?v=20130730","https://m2.spitogatos.gr/361927831_1600x1200.jpg?v=20130730","0","0",,"0","37.97184","1","0","23.752224",,"0",,,"2026-07-28","0","0",,"0","0","1",,,"1","0","1","1","0","0","0","990",,,"0","0","0","0","13.2",,,"1","3",,"1","1",,,,"2","0","1",,"75","1",,"Theagenous 34","1","1","0","2026-01-07","https://www.spitogatos.gr/en/property/1218971701","https://nodalview.com/s/0DkwPm9fTCOQek8N3UbCkt","0",,"1970",,
"0","1",,"vip","4",,,,,"0","1","0","0","2026-07-30","0","0","1","0","0",,"house",,,"1","Ανακάλυψε τα καλύτερα σημεία του Αμαρουσίου , με αυτό το ζεστό διαμέρισμα ενός υπνοδωματίου της Blueground. Προσφέρει μια πλήρως εξοπλισμένη κουζίνα, ένα ευρύχωρο καθιστικό. Επίσης, καθ’όλη τη διάρκεια της διαμονής σου θα έχεις τη δυνατότητα να επικοινωνήσεις εύκολα και άμεσα με την ομάδα υποστήριξης πελατών και να βρεις χρήσιμες πληροφορίες τόσο για το διαμέρισμά σου όσο και για τη γειτονιά μέσω της ειδικής mobile εφαρμογής.<br><br />
<br />
Η διαφημιζόμενη τιμή των €1,540/μήνα είναι η τιμή για 1 έτος, με ημερομηνία έναρξης Ιουλίου 29, 2026.<br />
<br>Οι τιμές διαφέρουν ανάλογα με τη διάρκεια παραμονής, την εποχικότητα και άλλους παράγοντες. Επισκεφθείτε τον ιστότοπό μας και εισάγετε τις ημερομηνίες διαμονής σας για να δείτε ενημερωμένες τιμές για την κράτησή σας. Η τιμή ισχύει μόνο με προκαταβολή· ενδέχεται να είναι υψηλότερη εάν πληρωθεί σε δόσεις.<br />
<br />
<b>Κλείστε αυτό το διαμέρισμα online!</b><br />
<br />
https://www.theblueground.com/p/furnished-apartments/ath-1301?utm_source=classified-4<br />
<br />
Aναβαθμίστε τη διαμονή σας με ένα πλήρως επιπλωμένο διαμέρισμα από τη Blueground:<br />
      – Επιπλωμένα σπίτια σε τιμές αντίστοιχες με τα ανεπίπλωτα<br />
      – Χωρίς κόστη εγκατάστασης ή αγοράς επίπλων - εξοικονομήστε χρόνο και χρήματα<br />
      – Έτοιμα για άμεση μετακόμιση - το μόνο που χρειάζεστε είναι η βαλίτσα σας<br />
<br />
<b>Ο χώρος</b><br><br />
Νιώσε σαν στο σπίτι σου σε αυτό το επιπλωμένο διαμέρισμα της Blueground με το μοναδικό design, τα μοντέρνα έπιπλα και την πλήρως εξοπλισμένη κουζίνα.<br />
Δες τις αγαπημένες σου ταινίες στη smart TV ή άκουσε δυνατά μουσική στα ασύρματα ηχεία τελευταίας τεχνολογίας. Ό,τι και να αποφασίσεις να κάνεις το μόνο σίγουρο είναι πως θα αγαπήσεις όλα όσα σου προσφέρει αυτό το όμορφο διαμέρισμα.<br />
<br />
<b>Διαρρύθμιση δωματίων ύπνου</b><br />
    <br />
        Υπέρδιπλο κρεβάτι: 160 εκ.<br />
<br />
<b>Παροχές κτιρίου</b><br />
<br />
      Ασανσέρ<br />
      Πλυντήριο<br />
      Θέση στάθμευσης<br />
<br />
<br />
<b>Άφιξη και συνεχής υποστήριξη πελατών</b><br><br />
Κατά τη διάρκεια της διαμονής σου, η ομάδα μας θα είναι διαθέσιμη για να σε βοηθήσει με οτιδήποτε χρειαστείς. Μέσω της ειδικής mobile εφαρμογής της Blueground έχεις συνεχή υποστήριξη, ενώ μπορείς ακόμη να προγραμματίσεις υπηρεσίες καθαρισμού, συντήρησης ή επισκευής, με το πάτημα ενός κουμπιού.<br />
<br />
<b>Ιδανική τοποθεσία</b><br />
<br />
Το Μαρούσι είναι μια καταπράσινη γειτονιά που βρίσκεται στα βόρεια προάστια, 14 χιλιόμετρα από το κέντρο της Αθήνας. Ως ένα από τα σημαντικότερα επιχειρηματικά κέντρα της πόλης, φιλοξενεί πολλές μεγάλες πολυεθνικές εταιρείες και οργανισμούς. Στη γειτονιά βρίσκεται επίσης το μεγαλύτερο δάσος της αστικής Αθήνας, η Δάσος Συγγρού, το Ολυμπιακό Αθλητικό Συγκρότημα της Αθήνας από τους Θερινούς Ολυμπιακούς Αγώνες του 2004. Το Mall Athens, ένα από τα μεγαλύτερα εμπορικά κέντρα της νοτιοανατολικής Ευρώπης, και το εμπορικό κέντρο Golden Hall αποτελούν επίσης το σπίτι του Αμαρουσίου. Η περιοχή εξυπηρετείται από τους σιδηροδρομικούς σταθμούς Μαρούσι και ΚΑΤ και από ένα δίκτυο λεωφορειακών γραμμών.","1",,"1","4","0","0","2025-09-09","6",,"0","yes","yes","1","Αθήνα - Βόρεια Προάστια (Αττική)","Μαρούσι (Αθήνα - Βόρεια Προάστια)","1","105103","101","2111",,,"1","2","0","0","1","1218198424","https://m2.spitogatos.gr/359907544_1600x1200.jpg?v=20130730","https://m1.spitogatos.gr/359907558_1600x1200.jpg?v=20130730","https://m3.spitogatos.gr/359907575_1600x1200.jpg?v=20130730","https://m1.spitogatos.gr/359907591_1600x1200.jpg?v=20130730","https://m1.spitogatos.gr/359907603_1600x1200.jpg?v=20130730","https://m2.spitogatos.gr/359907619_1600x1200.jpg?v=20130730","https://m3.spitogatos.gr/359907635_1600x1200.jpg?v=20130730","https://m1.spitogatos.gr/359907648_1600x1200.jpg?v=20130730","https://m3.spitogatos.gr/359907665_1600x1200.jpg?v=20130730","https://m3.spitogatos.gr/359907683_1600x1200.jpg?v=20130730","https://m1.spitogatos.gr/359907702_1600x1200.jpg?v=20130730","https://m2.spitogatos.gr/359907721_1600x1200.jpg?v=20130730","https://m3.spitogatos.gr/359907740_1600x1200.jpg?v=20130730","https://m3.spitogatos.gr/359907758_1600x1200.jpg?v=20130730","https://m3.spitogatos.gr/359907776_1600x1200.jpg?v=20130730","https://m3.spitogatos.gr/359907794_1600x1200.jpg?v=20130730","https://m3.spitogatos.gr/359907812_1600x1200.jpg?v=20130730","https://m1.spitogatos.gr/359907828_1600x1200.jpg?v=20130730","https://m2.spitogatos.gr/359907844_1600x1200.jpg?v=20130730","https://m2.spitogatos.gr/359907859_1600x1200.jpg?v=20130730","https://m2.spitogatos.gr/359907877_1600x1200.jpg?v=20130730","https://m1.spitogatos.gr/359907894_1600x1200.jpg?v=20130730","https://m3.spitogatos.gr/359907908_1600x1200.jpg?v=20130730","https://m2.spitogatos.gr/359907922_1600x1200.jpg?v=20130730","https://m3.spitogatos.gr/359907932_1600x1200.jpg?v=20130730","0","0",,"0","38.046013","1","0","23.802839",,"0",,,"2026-07-28","0","0","1","0","0","1",,,"1","0","1",,"0","0","0","1540",,,"0","0","0","0","25.67",,,"1","3",,"1","0",,,,"1","0","1",,"60","0",,"Skra 8","1","1","0","2025-09-08","https://www.spitogatos.gr/en/property/1218198424","https://nodalview.com/s/200SRKM_jDGfR685bdtlCU","0",,"2022",,
"1","3",,"vip","4",,,,,"0","0","0","0","2026-10-02","0","0","1","0","0",,"house",,,"1","Νιώσε σαν στο σπίτι σου, όπου και αν επιλέξεις να μείνεις με την Blueground. Θα λατρέψεις αυτό το κομψά επιπλωμένο διαμέρισμα δύο υπνοδωματίων, για τη διακόσμησή του, την πλήρως εξοπλισμένη κουζίνα και το ευρύχωρο καθιστικό του. Βρίσκεται σε ιδανική τοποθεσία, κοντά σε όλα όσα έχει να σου προσφέρει ο Άλιμος!<br><br />
<br />
Η διαφημιζόμενη τιμή των €1,260/μήνα είναι η τιμή για 1 έτος, με ημερομηνία έναρξης Οκτωβρίου 1, 2026. Η χαμηλότερη διαθέσιμη τιμή είναι €1,230/μήνα για μίσθωση 7 μήνα(μηνών) και 4 ημέρας(ημερών) με ημερομηνία έναρξης Οκτωβρίου 1, 2026.<br />
<br>Οι τιμές διαφέρουν ανάλογα με τη διάρκεια παραμονής, την εποχικότητα και άλλους παράγοντες. Επισκεφθείτε τον ιστότοπό μας και εισάγετε τις ημερομηνίες διαμονής σας για να δείτε ενημερωμένες τιμές για την κράτησή σας. Η τιμή ισχύει μόνο με προκαταβολή· ενδέχεται να είναι υψηλότερη εάν πληρωθεί σε δόσεις.<br />
<br />
<b>Κλείστε αυτό το διαμέρισμα online!</b><br />
<br />
https://www.theblueground.com/p/furnished-apartments/ath-2162?utm_source=classified-4<br />
<br />
Aναβαθμίστε τη διαμονή σας με ένα πλήρως επιπλωμένο διαμέρισμα από τη Blueground:<br />
      – Επιπλωμένα σπίτια σε τιμές αντίστοιχες με τα ανεπίπλωτα<br />
      – Χωρίς κόστη εγκατάστασης ή αγοράς επίπλων - εξοικονομήστε χρόνο και χρήματα<br />
      – Έτοιμα για άμεση μετακόμιση - το μόνο που χρειάζεστε είναι η βαλίτσα σας<br />
<br />
<b>Ο χώρος</b><br><br />
Έπιπλα μοναδικού design, πλήρως εξοπλισμένη κουζίνα, smart TV ή/και ασύρματα ηχεία τελευταίας τεχνολογίας, είναι λίγες μόνο από τις ανέσεις που σου προσφέρει αυτό το διαμέρισμα δύο υπνοδωματίων της Blueground. Θα το αγαπήσεις όμως και για τη μοναδική του τοποθεσία, καθώς βρίσκεται σε ένα από τα πιο κεντρικά σημεία του Αλίμου.<br />
<br />
<b>Διαρρύθμιση δωματίων ύπνου</b><br />
    <br />
        Υπέρδιπλο κρεβάτι: 160 εκ.<br />
<br />
        Διπλό κρεβάτι: 140 εκ.<br />
<br />
<b>Παροχές κτιρίου</b><br />
<br />
      Ασανσέρ<br />
      Πλυντήριο<br />
<br />
<br />
<b>Άφιξη και συνεχής υποστήριξη πελατών</b><br><br />
Κατά τη διάρκεια της διαμονής σου, η ομάδα μας θα είναι διαθέσιμη για να σε βοηθήσει με οτιδήποτε χρειαστείς. Μέσω της ειδικής mobile εφαρμογής της Blueground έχεις συνεχή υποστήριξη, ενώ μπορείς ακόμη να προγραμματίσεις υπηρεσίες καθαρισμού, συντήρησης ή επισκευής, με το πάτημα ενός κουμπιού.<br />
<br />
<b>Ιδανική τοποθεσία</b><br />
<br />
Ο Άλιμος είναι μια παραθαλάσσια περιοχή, 7 χιλιόμετρα νότια του κέντρου της Αθήνας. Βρίσκεται κοντά στο Φάληρο και τη Γλυφάδα και έχει εύκολη πρόσβαση σε πολλά καταστήματα και παραθαλάσσια εστιατόρια. Στον Άλιμο θα βρείτε επίσης αμμώδεις παραλίες με καφετέριες και beach bars, κυρίως τα Peñarrubia και την Ακτή του Ηλιού. Εξυπηρετείται από τον ομώνυμο σταθμό του μετρό και το τραμ της Αθήνας.","1",,"1","4","0","0","2026-07-14","8",,"0","yes","no","0","Αθήνα - Νότια Προάστια (Αττική)","Άλιμος (Αθήνα - Νότια Προάστια)","1","105103","102","2201",,,"1","2","0","0","1","1220374762","https://m3.spitogatos.gr/361672163_1600x1200.jpg?v=20130730","https://m2.spitogatos.gr/361672165_1600x1200.jpg?v=20130730","https://m2.spitogatos.gr/361672168_1600x1200.jpg?v=20130730","https://m1.spitogatos.gr/361672170_1600x1200.jpg?v=20130730","https://m3.spitogatos.gr/361672172_1600x1200.jpg?v=20130730","https://m3.spitogatos.gr/361672175_1600x1200.jpg?v=20130730","https://m1.spitogatos.gr/361672176_1600x1200.jpg?v=20130730","https://m3.spitogatos.gr/361672178_1600x1200.jpg?v=20130730","https://m3.spitogatos.gr/361672181_1600x1200.jpg?v=20130730","https://m2.spitogatos.gr/361672183_1600x1200.jpg?v=20130730","https://m3.spitogatos.gr/361672184_1600x1200.jpg?v=20130730","https://m1.spitogatos.gr/361672185_1600x1200.jpg?v=20130730","https://m2.spitogatos.gr/361672186_1600x1200.jpg?v=20130730","https://m3.spitogatos.gr/361672187_1600x1200.jpg?v=20130730","https://m1.spitogatos.gr/361672188_1600x1200.jpg?v=20130730","https://m2.spitogatos.gr/361672189_1600x1200.jpg?v=20130730","https://m3.spitogatos.gr/361672190_1600x1200.jpg?v=20130730","https://m1.spitogatos.gr/361672191_1600x1200.jpg?v=20130730","https://m2.spitogatos.gr/361672192_1600x1200.jpg?v=20130730","https://m3.spitogatos.gr/361672193_1600x1200.jpg?v=20130730","https://m1.spitogatos.gr/361672194_1600x1200.jpg?v=20130730","https://m2.spitogatos.gr/361672195_1600x1200.jpg?v=20130730","https://m3.spitogatos.gr/361672196_1600x1200.jpg?v=20130730","https://m1.spitogatos.gr/361672197_1600x1200.jpg?v=20130730","https://m2.spitogatos.gr/361672198_1600x1200.jpg?v=20130730","0","0",,"0","37.920338","1","0","23.703835",,"0",,,"2026-07-28","0","0",,"0","0","1",,,"1","0","1",,"0","0","0","1260",,,"0","0","0","0","14.16",,,"1","3","6","1","1",,,,"2","0","1",,"89","1",,"Tsouderou 3","1","1","0","2026-07-14","https://www.spitogatos.gr/en/property/1220374762","https://nodalview.com/s/3ewEWrRa5CLP7u6bpj3uBf","0",,"1990",,
"1","2",,"vip","4",,,,,"0","1","0","0","2026-07-30","0","0","1","0","0",,"house",,,"1","Νιώσε σαν στο σπίτι σου, όπου και αν επιλέξεις να μείνεις με την Blueground. Θα λατρέψεις αυτό το κομψά επιπλωμένο διαμέρισμα δύο υπνοδωματίων, για τη διακόσμησή του, την πλήρως εξοπλισμένη κουζίνα και το εκλεπτυσμένο καθιστικό του. Βρίσκεται σε ιδανική τοποθεσία, κοντά σε όλα όσα έχει να σου προσφέρει ο Άλιμος!<br><br />
<br />
Η διαφημιζόμενη τιμή των €1,000/μήνα είναι η τιμή για 1 έτος, με ημερομηνία έναρξης Ιουλίου 29, 2026. Η χαμηλότερη διαθέσιμη τιμή είναι €830/μήνα για μίσθωση 2 μήνα(μηνών) και 24 ημέρας(ημερών) με ημερομηνία έναρξης Ιουλίου 29, 2026.<br />
<br>Οι τιμές διαφέρουν ανάλογα με τη διάρκεια παραμονής, την εποχικότητα και άλλους παράγοντες. Επισκεφθείτε τον ιστότοπό μας και εισάγετε τις ημερομηνίες διαμονής σας για να δείτε ενημερωμένες τιμές για την κράτησή σας. Η τιμή ισχύει μόνο με προκαταβολή· ενδέχεται να είναι υψηλότερη εάν πληρωθεί σε δόσεις.<br />
<br />
<b>Κλείστε αυτό το διαμέρισμα online!</b><br />
<br />
https://www.theblueground.com/p/furnished-apartments/ath-2034?utm_source=classified-4<br />
<br />
Aναβαθμίστε τη διαμονή σας με ένα πλήρως επιπλωμένο διαμέρισμα από τη Blueground:<br />
      – Επιπλωμένα σπίτια σε τιμές αντίστοιχες με τα ανεπίπλωτα<br />
      – Χωρίς κόστη εγκατάστασης ή αγοράς επίπλων - εξοικονομήστε χρόνο και χρήματα<br />
      – Έτοιμα για άμεση μετακόμιση - το μόνο που χρειάζεστε είναι η βαλίτσα σας<br />
<br />
<b>Ο χώρος</b><br><br />
Σε αυτό το όμορφο Blueground διαμέρισμα δύο υπνοδωματίων, θα βρεις ένα χώρο προσεκτικά σχεδιασμένο και πλήρως εξοπλισμένο με έπιπλα μοναδικού design και ηλεκτρικές συσκευές τελευταίας τεχνολογίας.<br />
Νιώσε όμορφα και χαλαρά στο νέο σου σπίτι κάθε στιγμή. Και όταν θα θες να διασκεδάσεις, μπορείς να βγεις και να αφεθείς στον παλμό του Αλίμου ή να φέρεις τη διασκέδαση σπίτι, με τα ασύρματα ηχεία ή τη smart TV.<br />
<br />
<b>Διαρρύθμιση δωματίων ύπνου</b><br />
    <br />
        Υπέρδιπλο κρεβάτι: 160 εκ.<br />
<br />
        Διπλό κρεβάτι: 140 εκ.<br />
<br />
<b>Παροχές κτιρίου</b><br />
<br />
      Ασανσέρ<br />
      Πλυντήριο<br />
      Επιτρέπονται κατοικίδια<br />
<br />
<br />
<b>Άφιξη και συνεχής υποστήριξη πελατών</b><br><br />
Κατά τη διάρκεια της διαμονής σου, η ομάδα μας θα είναι διαθέσιμη για να σε βοηθήσει με οτιδήποτε χρειαστείς. Μέσω της ειδικής mobile εφαρμογής της Blueground έχεις συνεχή υποστήριξη, ενώ μπορείς ακόμη να προγραμματίσεις υπηρεσίες καθαρισμού, συντήρησης ή επισκευής, με το πάτημα ενός κουμπιού.<br />
<br />
<b>Ιδανική τοποθεσία</b><br />
<br />
Ο Άλιμος είναι μια παραθαλάσσια περιοχή, 7 χιλιόμετρα νότια του κέντρου της Αθήνας. Βρίσκεται κοντά στο Φάληρο και τη Γλυφάδα και έχει εύκολη πρόσβαση σε πολλά καταστήματα και παραθαλάσσια εστιατόρια. Στον Άλιμο θα βρείτε επίσης αμμώδεις παραλίες με καφετέριες και beach bars, κυρίως τα Peñarrubia και την Ακτή του Ηλιού. Εξυπηρετείται από τον ομώνυμο σταθμό του μετρό και το τραμ της Αθήνας.","0",,"1","4","0","0","2026-02-06","7",,"0","yes","no","0","Αθήνα - Νότια Προάστια (Αττική)","Άλιμος (Αθήνα - Νότια Προάστια)","1","105103","102","2201",,,"1","2","0","0","1","1219325438","https://m3.spitogatos.gr/359921447_1600x1200.jpg?v=20130730","https://m2.spitogatos.gr/359921473_1600x1200.jpg?v=20130730","https://m1.spitogatos.gr/359921487_1600x1200.jpg?v=20130730","https://m3.spitogatos.gr/359921507_1600x1200.jpg?v=20130730","https://m2.spitogatos.gr/359921536_1600x1200.jpg?v=20130730","https://m3.spitogatos.gr/359921552_1600x1200.jpg?v=20130730","https://m2.spitogatos.gr/359921581_1600x1200.jpg?v=20130730","https://m2.spitogatos.gr/359921605_1600x1200.jpg?v=20130730","https://m2.spitogatos.gr/359921617_1600x1200.jpg?v=20130730","https://m3.spitogatos.gr/359921639_1600x1200.jpg?v=20130730","https://m2.spitogatos.gr/359921662_1600x1200.jpg?v=20130730","https://m1.spitogatos.gr/359921682_1600x1200.jpg?v=20130730","https://m3.spitogatos.gr/359921696_1600x1200.jpg?v=20130730","https://m1.spitogatos.gr/359921709_1600x1200.jpg?v=20130730","https://m1.spitogatos.gr/359921745_1600x1200.jpg?v=20130730","https://m3.spitogatos.gr/359921753_1600x1200.jpg?v=20130730","https://m1.spitogatos.gr/359921793_1600x1200.jpg?v=20130730","https://m2.spitogatos.gr/359921812_1600x1200.jpg?v=20130730","https://m1.spitogatos.gr/359921823_1600x1200.jpg?v=20130730","https://m2.spitogatos.gr/359921836_1600x1200.jpg?v=20130730","https://m3.spitogatos.gr/359921882_1600x1200.jpg?v=20130730","https://m2.spitogatos.gr/359921893_1600x1200.jpg?v=20130730","https://m1.spitogatos.gr/359921913_1600x1200.jpg?v=20130730","https://m2.spitogatos.gr/359921932_1600x1200.jpg?v=20130730","https://m3.spitogatos.gr/359921942_1600x1200.jpg?v=20130730","0","0",,"0","37.916424","1","0","23.705542",,"0",,,"2026-07-28","0","0",,"0","1","1",,,"1","0","0","1","0","0","0","1000","2026-07-22 10:54:59","12","0","0","0","0","12.05","1140","true","1","3","6","1","0",,,,"2","0","0",,"83","0",,"Ethnarchou Makariou 2","1","1","0","2026-02-05","https://www.spitogatos.gr/en/property/1219325438","https://nodalview.com/s/3SUEYTzuH0Mv3AnoWCWQUS","0",,"1966",,
"1","3",,"vip","4",,,,,"0","0","0","0","2026-07-30","0","0","1","0","0",,"house",,,"1","Ανακάλυψε τα καλύτερα σημεία της Αγίας Παρασκευής , με αυτό το φωτεινό διαμέρισμα δύο υπνοδωματίων της Blueground. Προσφέρει μια πλήρως εξοπλισμένη κουζίνα, ένα εξαιρετικό καθιστικό. Επίσης, καθ’όλη τη διάρκεια της διαμονής σου θα έχεις τη δυνατότητα να επικοινωνήσεις εύκολα και άμεσα με την ομάδα υποστήριξης πελατών και να βρεις χρήσιμες πληροφορίες τόσο για το διαμέρισμά σου όσο και για τη γειτονιά μέσω της ειδικής mobile εφαρμογής.<br><br />
<br />
Η διαφημιζόμενη τιμή των €1,140/μήνα είναι η τιμή για 1 έτος, με ημερομηνία έναρξης Ιουλίου 29, 2026.<br />
<br>Οι τιμές διαφέρουν ανάλογα με τη διάρκεια παραμονής, την εποχικότητα και άλλους παράγοντες. Επισκεφθείτε τον ιστότοπό μας και εισάγετε τις ημερομηνίες διαμονής σας για να δείτε ενημερωμένες τιμές για την κράτησή σας. Η τιμή ισχύει μόνο με προκαταβολή· ενδέχεται να είναι υψηλότερη εάν πληρωθεί σε δόσεις.<br />
<br />
<b>Κλείστε αυτό το διαμέρισμα online!</b><br />
<br />
https://www.theblueground.com/p/furnished-apartments/ath-1905?utm_source=classified-4<br />
<br />
Aναβαθμίστε τη διαμονή σας με ένα πλήρως επιπλωμένο διαμέρισμα από τη Blueground:<br />
      – Επιπλωμένα σπίτια σε τιμές αντίστοιχες με τα ανεπίπλωτα<br />
      – Χωρίς κόστη εγκατάστασης ή αγοράς επίπλων - εξοικονομήστε χρόνο και χρήματα<br />
      – Έτοιμα για άμεση μετακόμιση - το μόνο που χρειάζεστε είναι η βαλίτσα σας<br />
<br />
<b>Ο χώρος</b><br><br />
Έπιπλα μοναδικού design, πλήρως εξοπλισμένη κουζίνα, smart TV ή/και ασύρματα ηχεία τελευταίας τεχνολογίας, είναι λίγες μόνο από τις ανέσεις που σου προσφέρει αυτό το διαμέρισμα δύο υπνοδωματίων της Blueground. Θα το αγαπήσεις όμως και για τη μοναδική του τοποθεσία, καθώς βρίσκεται σε ένα από τα πιο κεντρικά σημεία της Αγίας Παρασκευής.<br />
<br />
<b>Διαρρύθμιση δωματίων ύπνου</b><br />
    <br />
        Υπέρδιπλο κρεβάτι: 160 εκ.<br />
<br />
        Διπλό κρεβάτι: 140 εκ.<br />
<br />
<b>Παροχές κτιρίου</b><br />
<br />
      Ασανσέρ<br />
      Πλυντήριο<br />
      Θέση στάθμευσης<br />
      Επιτρέπονται κατοικίδια<br />
<br />
<br />
<b>Άφιξη και συνεχής υποστήριξη πελατών</b><br><br />
Κατά τη διάρκεια της διαμονής σου, η ομάδα μας θα είναι διαθέσιμη για να σε βοηθήσει με οτιδήποτε χρειαστείς. Μέσω της ειδικής mobile εφαρμογής της Blueground έχεις συνεχή υποστήριξη, ενώ μπορείς ακόμη να προγραμματίσεις υπηρεσίες καθαρισμού, συντήρησης ή επισκευής, με το πάτημα ενός κουμπιού.<br />
<br />
<b>Ιδανική τοποθεσία</b><br />
<br />
Η Αγία Παρασκευή είναι μια γοητευτική γειτονιά που βρίσκεται στη βορειοανατολική γωνία της Αθήνας, μόλις 9 χιλιόμετρα από το κέντρο της πόλης. Φιλοξενεί το Deree College, τμήμα του Αμερικανικού Κολλεγίου Ελλάδος (ACG). Η διαβίωση στην Αγία Παρασκευή είναι πολύ δημοφιλής μεταξύ ντόπιων και ομογενών που αναζητούν ένα μέρος που συνδυάζει χώρους πρασίνου με σύγχρονες ανέσεις και διαμερίσματα υψηλής ποιότητας. Εξυπηρετείται από το σταθμό του μετρό Αγία Παρασκευή.","1",,"1","9","0","0","2026-02-11","8",,"0","yes","yes","1","Αθήνα - Βόρεια Προάστια (Αττική)","Αγία Παρασκευή (Αθήνα - Βόρεια Προάστια)","1","105103","101","2101",,,"1","2","0","0","1","1219362509","https://m2.spitogatos.gr/359919700_1600x1200.jpg?v=20130730","https://m3.spitogatos.gr/359919713_1600x1200.jpg?v=20130730","https://m3.spitogatos.gr/359919728_1600x1200.jpg?v=20130730","https://m1.spitogatos.gr/359919753_1600x1200.jpg?v=20130730","https://m3.spitogatos.gr/359919767_1600x1200.jpg?v=20130730","https://m2.spitogatos.gr/359919805_1600x1200.jpg?v=20130730","https://m1.spitogatos.gr/359919819_1600x1200.jpg?v=20130730","https://m3.spitogatos.gr/359919833_1600x1200.jpg?v=20130730","https://m1.spitogatos.gr/359919855_1600x1200.jpg?v=20130730","https://m3.spitogatos.gr/359919881_1600x1200.jpg?v=20130730","https://m3.spitogatos.gr/359919902_1600x1200.jpg?v=20130730","https://m1.spitogatos.gr/359919915_1600x1200.jpg?v=20130730","https://m1.spitogatos.gr/359919942_1600x1200.jpg?v=20130730","https://m3.spitogatos.gr/359919953_1600x1200.jpg?v=20130730","https://m3.spitogatos.gr/359919962_1600x1200.jpg?v=20130730","https://m3.spitogatos.gr/359919992_1600x1200.jpg?v=20130730","https://m1.spitogatos.gr/359920002_1600x1200.jpg?v=20130730","https://m2.spitogatos.gr/359920024_1600x1200.jpg?v=20130730","https://m1.spitogatos.gr/359920041_1600x1200.jpg?v=20130730","https://m3.spitogatos.gr/359920052_1600x1200.jpg?v=20130730","https://m1.spitogatos.gr/359920074_1600x1200.jpg?v=20130730","https://m1.spitogatos.gr/359920095_1600x1200.jpg?v=20130730","https://m3.spitogatos.gr/359920109_1600x1200.jpg?v=20130730","https://m1.spitogatos.gr/359920125_1600x1200.jpg?v=20130730","https://m1.spitogatos.gr/359920152_1600x1200.jpg?v=20130730","0","0",,"0","38.015396","1","0","23.826012",,"0",,,"2026-07-28","0","0","1","0","0","1",,,"1","0","1","1","0","0","0","1140",,,"0","0","0","0","15.41",,,"1","3",,"1","0",,,,"2","0","1",,"74","0",,"Dimitriou Gounari 60","1","1","0","2026-02-10","https://www.spitogatos.gr/en/property/1219362509","https://nodalview.com/s/1xkAxtf_T4mAz09UQMb7cm","0",,"2024",,
"1","3",,"vip","4",,,,,"0","0","0","0","2026-10-22","0","0","1","0","0",,"house",,,"1","Ξεκίνα να ζεις από την πρώτη μέρα, σε αυτό το σύγχρονα επιπλωμένο διαμέρισμα δύο υπνοδωματίων της Blueground στο κέντρο του Παγκρατίου. Πλήρως εξοπλισμένο με έπιπλα μοναδικού design, ηλεκτρικές συσκευές τελευταίας τεχνολογίας.<br><br />
<br />
Η διαφημιζόμενη τιμή των €1,040/μήνα είναι η τιμή για 1 έτος, με ημερομηνία έναρξης Οκτωβρίου 21, 2026. Η χαμηλότερη διαθέσιμη τιμή είναι €1,020/μήνα για μίσθωση 8 μήνα(μηνών) και 29 ημέρας(ημερών) με ημερομηνία έναρξης Οκτωβρίου 21, 2026.<br />
<br>Οι τιμές διαφέρουν ανάλογα με τη διάρκεια παραμονής, την εποχικότητα και άλλους παράγοντες. Επισκεφθείτε τον ιστότοπό μας και εισάγετε τις ημερομηνίες διαμονής σας για να δείτε ενημερωμένες τιμές για την κράτησή σας. Η τιμή ισχύει μόνο με προκαταβολή· ενδέχεται να είναι υψηλότερη εάν πληρωθεί σε δόσεις.<br />
<br />
<b>Κλείστε αυτό το διαμέρισμα online!</b><br />
<br />
https://www.theblueground.com/p/furnished-apartments/ath-1580?utm_source=classified-4<br />
<br />
Aναβαθμίστε τη διαμονή σας με ένα πλήρως επιπλωμένο διαμέρισμα από τη Blueground:<br />
      – Επιπλωμένα σπίτια σε τιμές αντίστοιχες με τα ανεπίπλωτα<br />
      – Χωρίς κόστη εγκατάστασης ή αγοράς επίπλων - εξοικονομήστε χρόνο και χρήματα<br />
      – Έτοιμα για άμεση μετακόμιση - το μόνο που χρειάζεστε είναι η βαλίτσα σας<br />
<br />
<b>Ο χώρος</b><br><br />
Έπιπλα μοναδικού design, πλήρως εξοπλισμένη κουζίνα, smart TV ή/και ασύρματα ηχεία τελευταίας τεχνολογίας, είναι λίγες μόνο από τις ανέσεις που σου προσφέρει αυτό το διαμέρισμα δύο υπνοδωματίων της Blueground. Θα το αγαπήσεις όμως και για τη μοναδική του τοποθεσία, καθώς βρίσκεται σε ένα από τα πιο κεντρικά σημεία του Παγκρατίου.<br />
<br />
<b>Διαρρύθμιση δωματίων ύπνου</b><br />
    <br />
        Υπέρδιπλο κρεβάτι: 160 εκ.<br />
<br />
        Διπλό κρεβάτι: 140 εκ.<br />
<br />
<b>Παροχές κτιρίου</b><br />
<br />
      Ασανσέρ<br />
      Πλυντήριο<br />
<br />
<br />
<b>Άφιξη και συνεχής υποστήριξη πελατών</b><br><br />
Κατά τη διάρκεια της διαμονής σου, η ομάδα μας θα είναι διαθέσιμη για να σε βοηθήσει με οτιδήποτε χρειαστείς. Μέσω της ειδικής mobile εφαρμογής της Blueground έχεις συνεχή υποστήριξη, ενώ μπορείς ακόμη να προγραμματίσεις υπηρεσίες καθαρισμού, συντήρησης ή επισκευής, με το πάτημα ενός κουμπιού.<br />
<br />
<b>Ιδανική τοποθεσία</b><br />
<br />
Σε απόσταση αναπνοής από το κέντρο, το πολυσύχναστο Παγκράτι είναι η αγαπημένη γειτονιά των νεαρών Αθηναίων και όσων γνωρίζουν. Εδώ θα βρείτε πολλά καταστήματα τροφίμων και ποτών και μπουτίκ που πρέπει να αγοράσετε και που ξεφυτρώνουν κάθε σεζόν. Η περιοχή εξυπηρετείται από λεωφορειακές συνδέσεις καθώς και από το μετρό του Ευαγγελισμού.","1",,"1","7","0","0","2026-07-24","8",,"0","yes","no","1","Αθήνα - Κέντρο (Αττική)","Παγκράτι (Αθήνα - Κέντρο)","1","105103","100","6013",,,"1","2","0","0","1","1220480258","https://m1.spitogatos.gr/363112758_1600x1200.jpg?v=20130730","https://m2.spitogatos.gr/363112759_1600x1200.jpg?v=20130730","https://m2.spitogatos.gr/363112762_1600x1200.jpg?v=20130730","https://m3.spitogatos.gr/363112766_1600x1200.jpg?v=20130730","https://m2.spitogatos.gr/363112771_1600x1200.jpg?v=20130730","https://m2.spitogatos.gr/363112774_1600x1200.jpg?v=20130730","https://m2.spitogatos.gr/363112777_1600x1200.jpg?v=20130730","https://m3.spitogatos.gr/363112781_1600x1200.jpg?v=20130730","https://m2.spitogatos.gr/363112786_1600x1200.jpg?v=20130730","https://m2.spitogatos.gr/363112798_1600x1200.jpg?v=20130730","https://m3.spitogatos.gr/363112802_1600x1200.jpg?v=20130730","https://m3.spitogatos.gr/363112808_1600x1200.jpg?v=20130730","https://m3.spitogatos.gr/363112826_1600x1200.jpg?v=20130730","https://m3.spitogatos.gr/363112832_1600x1200.jpg?v=20130730","https://m1.spitogatos.gr/363112845_1600x1200.jpg?v=20130730","https://m1.spitogatos.gr/363112851_1600x1200.jpg?v=20130730","https://m3.spitogatos.gr/363112856_1600x1200.jpg?v=20130730","https://m2.spitogatos.gr/363112861_1600x1200.jpg?v=20130730","https://m2.spitogatos.gr/363112876_1600x1200.jpg?v=20130730","https://m2.spitogatos.gr/363112921_1600x1200.jpg?v=20130730","https://m1.spitogatos.gr/363112980_1600x1200.jpg?v=20130730",,,,,"0","0",,"0","37.96397","1","0","23.748604",,"0",,,"2026-07-28","0","0",,"0","0","1",,,"1","0","1",,"0","0","0","1040",,,"0","0","0","0","13",,,"1","3","6","1","1",,,,"2","0","1",,"80","0",,"Alketou 18","1","1","0","2026-07-24","https://www.spitogatos.gr/en/property/1220480258","https://nodalview.com/s/2yUHtY4_r2_fgUz7i6moMJ","0",,"1974",,
"1","2",,"vip","4",,,,,"0","0","0","0","2026-07-30","0","0","1","0","0",,"house",,,"1","Ανακάλυψε τα καλύτερα σημεία της Αγίας Παρασκευής , με αυτό το εκλεπτυσμένο διαμέρισμα δύο υπνοδωματίων της Blueground. Προσφέρει μια πλήρως εξοπλισμένη κουζίνα, ένα φωτεινό καθιστικό. Επίσης, καθ’όλη τη διάρκεια της διαμονής σου θα έχεις τη δυνατότητα να επικοινωνήσεις εύκολα και άμεσα με την ομάδα υποστήριξης πελατών και να βρεις χρήσιμες πληροφορίες τόσο για το διαμέρισμά σου όσο και για τη γειτονιά μέσω της ειδικής mobile εφαρμογής.<br><br />
<br />
Η διαφημιζόμενη τιμή των €1,320/μήνα είναι η τιμή για 1 έτος, με ημερομηνία έναρξης Ιουλίου 29, 2026. Η χαμηλότερη διαθέσιμη τιμή είναι €1,190/μήνα για μίσθωση 2 μήνα(μηνών) και 24 ημέρας(ημερών) με ημερομηνία έναρξης Ιουλίου 29, 2026.<br />
<br>Οι τιμές διαφέρουν ανάλογα με τη διάρκεια παραμονής, την εποχικότητα και άλλους παράγοντες. Επισκεφθείτε τον ιστότοπό μας και εισάγετε τις ημερομηνίες διαμονής σας για να δείτε ενημερωμένες τιμές για την κράτησή σας. Η τιμή ισχύει μόνο με προκαταβολή· ενδέχεται να είναι υψηλότερη εάν πληρωθεί σε δόσεις.<br />
<br />
<b>Κλείστε αυτό το διαμέρισμα online!</b><br />
<br />
https://www.theblueground.com/p/furnished-apartments/ath-1902?utm_source=classified-4<br />
<br />
Aναβαθμίστε τη διαμονή σας με ένα πλήρως επιπλωμένο διαμέρισμα από τη Blueground:<br />
      – Επιπλωμένα σπίτια σε τιμές αντίστοιχες με τα ανεπίπλωτα<br />
      – Χωρίς κόστη εγκατάστασης ή αγοράς επίπλων - εξοικονομήστε χρόνο και χρήματα<br />
      – Έτοιμα για άμεση μετακόμιση - το μόνο που χρειάζεστε είναι η βαλίτσα σας<br />
<br />
<b>Ο χώρος</b><br><br />
Νιώσε σαν στο σπίτι σου σε αυτό το επιπλωμένο διαμέρισμα της Blueground με το μοναδικό design, τα μοντέρνα έπιπλα και την πλήρως εξοπλισμένη κουζίνα.<br />
Δες τις αγαπημένες σου ταινίες στη smart TV ή άκουσε δυνατά μουσική στα ασύρματα ηχεία τελευταίας τεχνολογίας. Ό,τι και να αποφασίσεις να κάνεις το μόνο σίγουρο είναι πως θα αγαπήσεις όλα όσα σου προσφέρει αυτό το ζεστό διαμέρισμα.<br />
<br />
<b>Διαρρύθμιση δωματίων ύπνου</b><br />
    <br />
        Υπέρδιπλο κρεβάτι: 160 εκ.<br />
<br />
        Διπλό κρεβάτι: 140 εκ.<br />
<br />
<b>Παροχές κτιρίου</b><br />
<br />
      Ασανσέρ<br />
      Πλυντήριο<br />
      Θέση στάθμευσης<br />
      Επιτρέπονται κατοικίδια<br />
<br />
<br />
<b>Άφιξη και συνεχής υποστήριξη πελατών</b><br><br />
Κατά τη διάρκεια της διαμονής σου, η ομάδα μας θα είναι διαθέσιμη για να σε βοηθήσει με οτιδήποτε χρειαστείς. Μέσω της ειδικής mobile εφαρμογής της Blueground έχεις συνεχή υποστήριξη, ενώ μπορείς ακόμη να προγραμματίσεις υπηρεσίες καθαρισμού, συντήρησης ή επισκευής, με το πάτημα ενός κουμπιού.<br />
<br />
<b>Ιδανική τοποθεσία</b><br />
<br />
Η Αγία Παρασκευή είναι μια γοητευτική γειτονιά που βρίσκεται στη βορειοανατολική γωνία της Αθήνας, μόλις 9 χιλιόμετρα από το κέντρο της πόλης. Φιλοξενεί το Deree College, τμήμα του Αμερικανικού Κολλεγίου Ελλάδος (ACG). Η διαβίωση στην Αγία Παρασκευή είναι πολύ δημοφιλής μεταξύ ντόπιων και ομογενών που αναζητούν ένα μέρος που συνδυάζει χώρους πρασίνου με σύγχρονες ανέσεις και διαμερίσματα υψηλής ποιότητας. Εξυπηρετείται από το σταθμό του μετρό Αγία Παρασκευή.","1",,"1","9","0","0","2026-05-27","7",,"0","yes","yes","1","Αθήνα - Βόρεια Προάστια (Αττική)","Αγία Παρασκευή (Αθήνα - Βόρεια Προάστια)","1","105103","101","2101",,,"1","2","0","0","1","1219959370","https://m3.spitogatos.gr/359919695_1600x1200.jpg?v=20130730","https://m2.spitogatos.gr/359919709_1600x1200.jpg?v=20130730","https://m3.spitogatos.gr/359919722_1600x1200.jpg?v=20130730","https://m2.spitogatos.gr/359919751_1600x1200.jpg?v=20130730","https://m3.spitogatos.gr/359919764_1600x1200.jpg?v=20130730","https://m1.spitogatos.gr/359919801_1600x1200.jpg?v=20130730","https://m2.spitogatos.gr/359919814_1600x1200.jpg?v=20130730","https://m2.spitogatos.gr/359919829_1600x1200.jpg?v=20130730","https://m2.spitogatos.gr/359919850_1600x1200.jpg?v=20130730","https://m2.spitogatos.gr/359919877_1600x1200.jpg?v=20130730","https://m2.spitogatos.gr/359919901_1600x1200.jpg?v=20130730","https://m1.spitogatos.gr/359919909_1600x1200.jpg?v=20130730","https://m1.spitogatos.gr/359919936_1600x1200.jpg?v=20130730","https://m3.spitogatos.gr/359919947_1600x1200.jpg?v=20130730","https://m2.spitogatos.gr/359919958_1600x1200.jpg?v=20130730","https://m3.spitogatos.gr/359919980_1600x1200.jpg?v=20130730","https://m2.spitogatos.gr/359919997_1600x1200.jpg?v=20130730","https://m1.spitogatos.gr/359920014_1600x1200.jpg?v=20130730","https://m2.spitogatos.gr/359920030_1600x1200.jpg?v=20130730","https://m2.spitogatos.gr/359920045_1600x1200.jpg?v=20130730","https://m3.spitogatos.gr/359920058_1600x1200.jpg?v=20130730","https://m2.spitogatos.gr/359920087_1600x1200.jpg?v=20130730","https://m3.spitogatos.gr/359920103_1600x1200.jpg?v=20130730","https://m2.spitogatos.gr/359920123_1600x1200.jpg?v=20130730","https://m2.spitogatos.gr/359920150_1600x1200.jpg?v=20130730","0","0",,"0","38.015396","1","0","23.826012",,"0",,,"2026-07-28","0","0","1","0","1","1",,,"1","0","1","1","0","0","0","1320","2026-07-21 11:20:19","16","0","0","0","0","15.9","1580","true","1","3","6","1","0",,,,"2","0","1",,"83","0",,"Dimitriou Gounari 60","1","1","0","2026-05-27","https://www.spitogatos.gr/en/property/1219959370","https://nodalview.com/s/2cniN609D8huLLUstG6uzk","0",,"2024",,
"1","2",,"vip","4",,,,,"0","0","0","0","2026-10-06","0","0","1","0","0",,"house",,,"1","Ξεκίνα να ζεις από την πρώτη μέρα, σε αυτό το μοντέρνα επιπλωμένο διαμέρισμα δύο υπνοδωματίων της Blueground στο κέντρο του Μετς. Πλήρως εξοπλισμένο με έπιπλα μοναδικού design, ηλεκτρικές συσκευές τελευταίας τεχνολογίας.<br><br />
<br />
Η διαφημιζόμενη τιμή των €1,020/μήνα είναι η τιμή για 1 έτος, με ημερομηνία έναρξης Οκτωβρίου 5, 2026. Η χαμηλότερη διαθέσιμη τιμή είναι €980/μήνα για μίσθωση 7 μήνα(μηνών) με ημερομηνία έναρξης Οκτωβρίου 5, 2026.<br />
<br>Οι τιμές διαφέρουν ανάλογα με τη διάρκεια παραμονής, την εποχικότητα και άλλους παράγοντες. Επισκεφθείτε τον ιστότοπό μας και εισάγετε τις ημερομηνίες διαμονής σας για να δείτε ενημερωμένες τιμές για την κράτησή σας. Η τιμή ισχύει μόνο με προκαταβολή· ενδέχεται να είναι υψηλότερη εάν πληρωθεί σε δόσεις.<br />
<br />
<b>Κλείστε αυτό το διαμέρισμα online!</b><br />
<br />
https://www.theblueground.com/p/furnished-apartments/ath-793?utm_source=classified-4<br />
<br />
Aναβαθμίστε τη διαμονή σας με ένα πλήρως επιπλωμένο διαμέρισμα από τη Blueground:<br />
      – Επιπλωμένα σπίτια σε τιμές αντίστοιχες με τα ανεπίπλωτα<br />
      – Χωρίς κόστη εγκατάστασης ή αγοράς επίπλων - εξοικονομήστε χρόνο και χρήματα<br />
      – Έτοιμα για άμεση μετακόμιση - το μόνο που χρειάζεστε είναι η βαλίτσα σας<br />
<br />
<b>Ο χώρος</b><br><br />
Νιώσε σαν στο σπίτι σου σε αυτό το επιπλωμένο διαμέρισμα της Blueground με το μοναδικό design, τα μοντέρνα έπιπλα και την πλήρως εξοπλισμένη κουζίνα.<br />
Δες τις αγαπημένες σου ταινίες στη smart TV ή άκουσε δυνατά μουσική στα ασύρματα ηχεία τελευταίας τεχνολογίας. Ό,τι και να αποφασίσεις να κάνεις το μόνο σίγουρο είναι πως θα αγαπήσεις όλα όσα σου προσφέρει αυτό το κομψό διαμέρισμα.<br />
<br />
<b>Διαρρύθμιση δωματίων ύπνου</b><br />
    <br />
        Υπέρδιπλο κρεβάτι: 160 εκ.<br />
<br />
        Υπέρδιπλο κρεβάτι: 160 εκ.<br />
<br />
<b>Παροχές κτιρίου</b><br />
<br />
      Ασανσέρ<br />
      Πλυντήριο<br />
<br />
<br />
<b>Άφιξη και συνεχής υποστήριξη πελατών</b><br><br />
Κατά τη διάρκεια της διαμονής σου, η ομάδα μας θα είναι διαθέσιμη για να σε βοηθήσει με οτιδήποτε χρειαστείς. Μέσω της ειδικής mobile εφαρμογής της Blueground έχεις συνεχή υποστήριξη, ενώ μπορείς ακόμη να προγραμματίσεις υπηρεσίες καθαρισμού, συντήρησης ή επισκευής, με το πάτημα ενός κουμπιού.","1",,"1","7","0","0","2026-07-15","7",,"0","yes","no","1","Αθήνα - Κέντρο (Αττική)","Μετς - Καλλιμάρμαρο (Αθήνα - Κέντρο)","1","105103","100","6012","2030",,"1","2","0","0","1","1220392890","https://m3.spitogatos.gr/361948013_1600x1200.jpg?v=20130730","https://m1.spitogatos.gr/361948017_1600x1200.jpg?v=20130730","https://m2.spitogatos.gr/361948021_1600x1200.jpg?v=20130730","https://m2.spitogatos.gr/361948024_1600x1200.jpg?v=20130730","https://m2.spitogatos.gr/361948027_1600x1200.jpg?v=20130730","https://m3.spitogatos.gr/361948031_1600x1200.jpg?v=20130730","https://m2.spitogatos.gr/361948036_1600x1200.jpg?v=20130730","https://m3.spitogatos.gr/361948037_1600x1200.jpg?v=20130730","https://m1.spitogatos.gr/361948038_1600x1200.jpg?v=20130730","https://m2.spitogatos.gr/361948039_1600x1200.jpg?v=20130730","https://m3.spitogatos.gr/361948040_1600x1200.jpg?v=20130730","https://m1.spitogatos.gr/361948041_1600x1200.jpg?v=20130730","https://m3.spitogatos.gr/361948043_1600x1200.jpg?v=20130730","https://m1.spitogatos.gr/361948044_1600x1200.jpg?v=20130730","https://m2.spitogatos.gr/361948045_1600x1200.jpg?v=20130730","https://m3.spitogatos.gr/361948046_1600x1200.jpg?v=20130730","https://m2.spitogatos.gr/361948048_1600x1200.jpg?v=20130730","https://m2.spitogatos.gr/361948063_1600x1200.jpg?v=20130730","https://m2.spitogatos.gr/361948069_1600x1200.jpg?v=20130730","https://m1.spitogatos.gr/361948071_1600x1200.jpg?v=20130730",,,,,,"0","0",,"0","37.966103","1","0","23.733572",,"0",,,"2026-07-28","0","0",,"0","0","1",,,"1","0","0",,"0","0","0","1020",,,"0","0","0","0","15.69",,,"1","3","6","1","0",,,,"2","0","1",,"65","0",,"Karea 1","1","1","0","2026-07-15","https://www.spitogatos.gr/en/property/1220392890","https://www.nodalview.com/iE2JAs1GSc7NmsZjNQ7MP8iT","0",,"1998",,
"1","1",,"vip","4",,,,,"0","0","0","0","2026-07-30","0","0","1","0","0",,"house",,,"1","Ξεκίνα να ζεις από την πρώτη μέρα, σε αυτό το κομψά επιπλωμένο διαμέρισμα δύο υπνοδωματίων της Blueground στο κέντρο του Χολαργού. Πλήρως εξοπλισμένο με έπιπλα μοναδικού design, ηλεκτρικές συσκευές τελευταίας τεχνολογίας.<br><br />
<br />
Η διαφημιζόμενη τιμή των €1,080/μήνα είναι η τιμή για 1 έτος, με ημερομηνία έναρξης Ιουλίου 29, 2026.<br />
<br>Οι τιμές διαφέρουν ανάλογα με τη διάρκεια παραμονής, την εποχικότητα και άλλους παράγοντες. Επισκεφθείτε τον ιστότοπό μας και εισάγετε τις ημερομηνίες διαμονής σας για να δείτε ενημερωμένες τιμές για την κράτησή σας. Η τιμή ισχύει μόνο με προκαταβολή· ενδέχεται να είναι υψηλότερη εάν πληρωθεί σε δόσεις.<br />
<br />
<b>Κλείστε αυτό το διαμέρισμα online!</b><br />
<br />
https://www.theblueground.com/p/furnished-apartments/ath-1755?utm_source=classified-4<br />
<br />
Aναβαθμίστε τη διαμονή σας με ένα πλήρως επιπλωμένο διαμέρισμα από τη Blueground:<br />
      – Επιπλωμένα σπίτια σε τιμές αντίστοιχες με τα ανεπίπλωτα<br />
      – Χωρίς κόστη εγκατάστασης ή αγοράς επίπλων - εξοικονομήστε χρόνο και χρήματα<br />
      – Έτοιμα για άμεση μετακόμιση - το μόνο που χρειάζεστε είναι η βαλίτσα σας<br />
<br />
<b>Ο χώρος</b><br><br />
Νιώσε σαν στο σπίτι σου σε αυτό το επιπλωμένο διαμέρισμα της Blueground με το μοναδικό design, τα μοντέρνα έπιπλα και την πλήρως εξοπλισμένη κουζίνα.<br />
Δες τις αγαπημένες σου ταινίες στη smart TV ή άκουσε δυνατά μουσική στα ασύρματα ηχεία τελευταίας τεχνολογίας. Ό,τι και να αποφασίσεις να κάνεις το μόνο σίγουρο είναι πως θα αγαπήσεις όλα όσα σου προσφέρει αυτό το άνετο διαμέρισμα.<br />
<br />
<b>Διαρρύθμιση δωματίων ύπνου</b><br />
    <br />
        Μονό κρεβάτι: 90 εκ.<br />
<br />
        Υπέρδιπλο κρεβάτι: 160 εκ.<br />
<br />
<b>Παροχές κτιρίου</b><br />
<br />
      Ασανσέρ<br />
      Πλυντήριο<br />
      Επιτρέπονται κατοικίδια<br />
<br />
<br />
<b>Άφιξη και συνεχής υποστήριξη πελατών</b><br><br />
Κατά τη διάρκεια της διαμονής σου, η ομάδα μας θα είναι διαθέσιμη για να σε βοηθήσει με οτιδήποτε χρειαστείς. Μέσω της ειδικής mobile εφαρμογής της Blueground έχεις συνεχή υποστήριξη, ενώ μπορείς ακόμη να προγραμματίσεις υπηρεσίες καθαρισμού, συντήρησης ή επισκευής, με το πάτημα ενός κουμπιού.<br />
<br />
<b>Ιδανική τοποθεσία</b><br />
<br />
Αυτό το ακίνητο βρίσκεται στα βόρεια προάστια της Αθήνας, στον Χολαργό. Ο Χολαργός είναι μια γοητευτική γειτονιά, όπου οι επιλογές για ψώνια και φαγητό βρίσκονται στο κατώφλι σας. Ο Χολαργός βρίσκεται σε απόσταση 10 χλμ. από το ιστορικό κέντρο της Αθήνας, με απλή πρόσβαση από το σταθμό του μετρό Χολαργός.","1",,"1","7","0","0","2026-04-15","6",,"0","yes","no","1","Αθήνα - Βόρεια Προάστια (Αττική)","Χολαργός (Αθήνα - Βόρεια Προάστια)","1","105103","101","2123",,,"1","2","0","0","1","1219714629","https://m2.spitogatos.gr/359911942_1600x1200.jpg?v=20130730","https://m1.spitogatos.gr/359911959_1600x1200.jpg?v=20130730","https://m2.spitogatos.gr/359911972_1600x1200.jpg?v=20130730","https://m3.spitogatos.gr/359911988_1600x1200.jpg?v=20130730","https://m3.spitogatos.gr/359912000_1600x1200.jpg?v=20130730","https://m1.spitogatos.gr/359912013_1600x1200.jpg?v=20130730","https://m1.spitogatos.gr/359912028_1600x1200.jpg?v=20130730","https://m3.spitogatos.gr/359912045_1600x1200.jpg?v=20130730","https://m3.spitogatos.gr/359912057_1600x1200.jpg?v=20130730","https://m2.spitogatos.gr/359912068_1600x1200.jpg?v=20130730","https://m2.spitogatos.gr/359912083_1600x1200.jpg?v=20130730","https://m1.spitogatos.gr/359912097_1600x1200.jpg?v=20130730","https://m1.spitogatos.gr/359912112_1600x1200.jpg?v=20130730","https://m1.spitogatos.gr/359912124_1600x1200.jpg?v=20130730","https://m3.spitogatos.gr/359912138_1600x1200.jpg?v=20130730","https://m2.spitogatos.gr/359912149_1600x1200.jpg?v=20130730","https://m1.spitogatos.gr/359912160_1600x1200.jpg?v=20130730","https://m3.spitogatos.gr/359912171_1600x1200.jpg?v=20130730","https://m3.spitogatos.gr/359912183_1600x1200.jpg?v=20130730","https://m2.spitogatos.gr/359912197_1600x1200.jpg?v=20130730","https://m2.spitogatos.gr/359912209_1600x1200.jpg?v=20130730","https://m1.spitogatos.gr/359912223_1600x1200.jpg?v=20130730","https://m2.spitogatos.gr/359912236_1600x1200.jpg?v=20130730","https://m2.spitogatos.gr/359912248_1600x1200.jpg?v=20130730","https://m3.spitogatos.gr/359912261_1600x1200.jpg?v=20130730","0","0",,"0","38.001228","1","0","23.791996",,"0",,,"2026-07-28","0","0",,"0","0","1",,,"1","0","0","1","0","0","0","1080","2026-07-22 10:54:42","3","0","0","0","0","14.4","1110","true","1","3","6","1","1",,,,"2","0","1",,"75","0",,"Metonos 64","1","1","0","2026-04-15","https://www.spitogatos.gr/en/property/1219714629","https://nodalview.com/s/3vtbi_9urB8Qsw4_q_y0lx","0",,"1972",,
"1","3",,"vip","4",,,,,"1",,"0","0","2026-07-28","0","1","1","0","1",,"house",,"20",,"Κωδικός ακινήτου 1-167: Ενοικιάζεται διαμέρισμα 3ου ορόφου επιφάνειας 86 τ.μ.  επί της οδού Κορινθίας στους Αμπελοκήπους. Αποτελείται από δύο υπνοδωμάτια, σαλονοκουζίνα, τραπεζαρία, χωλ, μπάνιο και βεράντες. Το διαμέρισμα διαθέτει κουφώματα αλουμινίου, αυτονομία φυσικού αερίου, 3 κλιματιστικά, και ηλεκτρικές συσκευές ( ψυγείο, πλυντήριο ρούχων, φούρνος και εστίες). Βρίσκετε ανάμεσα στους σταθμούς μετρό ""Πανόρμου""  και ""Αμπελόκηποι"". Τιμή ενοικίασης 850 €",,,"1","7","1",,"2026-07-28","8","10",,,"no",,"Αθήνα - Κέντρο (Αττική)","Αμπελόκηποι - Πεντάγωνο (Αθήνα - Κέντρο)","1","105103","100","6002","6106","Double","1","2",,,"1","1220505172","https://m1.spitogatos.gr/363521103_1600x1200.jpg?v=20130730","https://m2.spitogatos.gr/363521092_1600x1200.jpg?v=20130730","https://m1.spitogatos.gr/363521097_1600x1200.jpg?v=20130730","https://m2.spitogatos.gr/363521098_1600x1200.jpg?v=20130730","https://m2.spitogatos.gr/363521101_1600x1200.jpg?v=20130730","https://m3.spitogatos.gr/363521102_1600x1200.jpg?v=20130730","https://m3.spitogatos.gr/363521105_1600x1200.jpg?v=20130730","https://m1.spitogatos.gr/363521106_1600x1200.jpg?v=20130730","https://m1.spitogatos.gr/363521109_1600x1200.jpg?v=20130730","https://m2.spitogatos.gr/363521110_1600x1200.jpg?v=20130730","https://m3.spitogatos.gr/363521111_1600x1200.jpg?v=20130730",,,,,,,,,,,,,,,"0",,"2","1","37.98793","1","2","23.765289",,,,,"2026-07-28","0","0",,,"0","1",,,,"0",,,"0",,"0","850",,,"0","0","0","0","9.88",,,"1","3","6","1","1",,"0","1","2",,"1",,"86","0",,,"1","1","0","2026-07-28","https://www.spitogatos.gr/en/property/1220505172",,,"0","1980",,"residential"
"1","3",,"vip","4",,,,,"0","0","0","0","2026-07-30","0","0","1","0","0",,"house",,,"1","Ανακάλυψε τα καλύτερα σημεία του Αλίμου , με αυτό το ζεστό διαμέρισμα τριών υπνοδωματίων της Blueground. Προσφέρει μια πλήρως εξοπλισμένη κουζίνα, ένα φωτεινό καθιστικό. Επίσης, καθ’όλη τη διάρκεια της διαμονής σου θα έχεις τη δυνατότητα να επικοινωνήσεις εύκολα και άμεσα με την ομάδα υποστήριξης πελατών και να βρεις χρήσιμες πληροφορίες τόσο για το διαμέρισμά σου όσο και για τη γειτονιά μέσω της ειδικής mobile εφαρμογής.<br><br />
<br />
Η διαφημιζόμενη τιμή των €1,350/μήνα είναι η τιμή για 1 έτος, με ημερομηνία έναρξης Ιουλίου 29, 2026.<br />
<br>Οι τιμές διαφέρουν ανάλογα με τη διάρκεια παραμονής, την εποχικότητα και άλλους παράγοντες. Επισκεφθείτε τον ιστότοπό μας και εισάγετε τις ημερομηνίες διαμονής σας για να δείτε ενημερωμένες τιμές για την κράτησή σας. Η τιμή ισχύει μόνο με προκαταβολή· ενδέχεται να είναι υψηλότερη εάν πληρωθεί σε δόσεις.<br />
<br />
<b>Κλείστε αυτό το διαμέρισμα online!</b><br />
<br />
https://www.theblueground.com/p/furnished-apartments/ath-1526?utm_source=classified-4<br />
<br />
Aναβαθμίστε τη διαμονή σας με ένα πλήρως επιπλωμένο διαμέρισμα από τη Blueground:<br />
      – Επιπλωμένα σπίτια σε τιμές αντίστοιχες με τα ανεπίπλωτα<br />
      – Χωρίς κόστη εγκατάστασης ή αγοράς επίπλων - εξοικονομήστε χρόνο και χρήματα<br />
      – Έτοιμα για άμεση μετακόμιση - το μόνο που χρειάζεστε είναι η βαλίτσα σας<br />
<br />
<b>Ο χώρος</b><br><br />
Έπιπλα μοναδικού design, πλήρως εξοπλισμένη κουζίνα, smart TV ή/και ασύρματα ηχεία τελευταίας τεχνολογίας, είναι λίγες μόνο από τις ανέσεις που σου προσφέρει αυτό το διαμέρισμα τριών υπνοδωματίων της Blueground. Θα το αγαπήσεις όμως και για τη μοναδική του τοποθεσία, καθώς βρίσκεται σε ένα από τα πιο κεντρικά σημεία του Αλίμου.<br />
<br />
<b>Διαρρύθμιση δωματίων ύπνου</b><br />
    <br />
        Μονό κρεβάτι: 90 εκ.<br />
<br />
        Υπέρδιπλο κρεβάτι: 160 εκ.<br />
<br />
        Διπλό κρεβάτι: 140 εκ.<br />
<br />
<b>Παροχές κτιρίου</b><br />
<br />
      Ασανσέρ<br />
      Πλυντήριο<br />
      Επιτρέπονται κατοικίδια<br />
<br />
<br />
<b>Άφιξη και συνεχής υποστήριξη πελατών</b><br><br />
Κατά τη διάρκεια της διαμονής σου, η ομάδα μας θα είναι διαθέσιμη για να σε βοηθήσει με οτιδήποτε χρειαστείς. Μέσω της ειδικής mobile εφαρμογής της Blueground έχεις συνεχή υποστήριξη, ενώ μπορείς ακόμη να προγραμματίσεις υπηρεσίες καθαρισμού, συντήρησης ή επισκευής, με το πάτημα ενός κουμπιού.<br />
<br />
<b>Ιδανική τοποθεσία</b><br />
<br />
Ο Άλιμος είναι μια παραθαλάσσια περιοχή, 7 χιλιόμετρα νότια του κέντρου της Αθήνας. Βρίσκεται κοντά στο Φάληρο και τη Γλυφάδα και έχει εύκολη πρόσβαση σε πολλά καταστήματα και παραθαλάσσια εστιατόρια. Στον Άλιμο θα βρείτε επίσης αμμώδεις παραλίες με καφετέριες και beach bars, κυρίως τα Peñarrubia και την Ακτή του Ηλιού. Εξυπηρετείται από τον ομώνυμο σταθμό του μετρό και το τραμ της Αθήνας.","1",,"1","5","0","0","2026-07-08","8",,"0","yes","no","0","Αθήνα - Νότια Προάστια (Αττική)","Άλιμος (Αθήνα - Νότια Προάστια)","1","105103","102","2201",,,"1",,"0","0","1","1218204016","https://m3.spitogatos.gr/362583023_1600x1200.jpg?v=20130730","https://m3.spitogatos.gr/362583026_1600x1200.jpg?v=20130730","https://m2.spitogatos.gr/362583028_1600x1200.jpg?v=20130730","https://m2.spitogatos.gr/362583031_1600x1200.jpg?v=20130730","https://m3.spitogatos.gr/362583035_1600x1200.jpg?v=20130730","https://m3.spitogatos.gr/362583038_1600x1200.jpg?v=20130730","https://m1.spitogatos.gr/362583039_1600x1200.jpg?v=20130730","https://m3.spitogatos.gr/362583041_1600x1200.jpg?v=20130730","https://m1.spitogatos.gr/362583042_1600x1200.jpg?v=20130730","https://m3.spitogatos.gr/362583044_1600x1200.jpg?v=20130730","https://m1.spitogatos.gr/362583045_1600x1200.jpg?v=20130730","https://m2.spitogatos.gr/362583046_1600x1200.jpg?v=20130730","https://m1.spitogatos.gr/362583048_1600x1200.jpg?v=20130730","https://m1.spitogatos.gr/362583051_1600x1200.jpg?v=20130730","https://m1.spitogatos.gr/362583054_1600x1200.jpg?v=20130730","https://m1.spitogatos.gr/362583057_1600x1200.jpg?v=20130730","https://m3.spitogatos.gr/362583059_1600x1200.jpg?v=20130730","https://m3.spitogatos.gr/362583062_1600x1200.jpg?v=20130730","https://m3.spitogatos.gr/362583065_1600x1200.jpg?v=20130730","https://m2.spitogatos.gr/362583067_1600x1200.jpg?v=20130730","https://m2.spitogatos.gr/362583070_1600x1200.jpg?v=20130730","https://m1.spitogatos.gr/362583072_1600x1200.jpg?v=20130730","https://m3.spitogatos.gr/362583074_1600x1200.jpg?v=20130730","https://m2.spitogatos.gr/362583076_1600x1200.jpg?v=20130730","https://m3.spitogatos.gr/362583077_1600x1200.jpg?v=20130730","0","0",,"0","37.915951","1","0","23.714216",,"0",,,"2026-07-28","0","0",,"0","0","1",,,"1","0","0","1","0","0","0","1350",,,"0","0","0","0","13.5",,,"1","3",,"1","0",,,,"3","0","1",,"100","1",,"Platonos 48","1","1","0","2025-09-09","https://www.spitogatos.gr/en/property/1218204016","https://nodalview.com/s/02g6EhGOfBDRp3gz653lzG","0",,"1990",,
"0","1","yes","vip","4",,,,,"1","1","0","0","2026-06-30","0",,"1","0","1",,"house","0",,"0","Ενοικιάζεται οροφοδιαμέρισμα  92 τμ σε καταπληκτικό σημείο κοντά στην πλατεία Κεφαλαρίου και το ISA πολύ φωτεινό, ωραία βεράντα, πολύ κοντά σε συγκοινωνίες",,,"0","6","1","1","2026-06-10","6","10","0","no","no",,"Αθήνα - Βόρεια Προάστια (Αττική)","Κηφισιά (Αθήνα - Βόρεια Προάστια)","1","105103","101","2108","106282","Double","1","1","0",,"1","1220084938","https://m2.spitogatos.gr/356672740_1600x1200.jpg?v=20130730","https://m1.spitogatos.gr/356672826_1600x1200.jpg?v=20130730","https://m1.spitogatos.gr/360355242_1600x1200.jpg?v=20130730","https://m2.spitogatos.gr/360781834_1600x1200.jpg?v=20130730","https://m2.spitogatos.gr/361945753_1600x1200.jpg?v=20130730","https://m3.spitogatos.gr/361945754_1600x1200.jpg?v=20130730","https://m3.spitogatos.gr/361945901_1600x1200.jpg?v=20130730",,,,,,,,,,,,,,,,,,,"0",,"2","1","38.077927","1","1","23.827103",,,"0","0","2026-07-28","0",,,,"1","2","3","3","1",,"1",,"0","0",,"900",,,"0","0","0","0","9.78",,,"1","6",,"1",,"2014",,"1","2",,,"0","92","0",,,,"1",,"2026-06-10","https://www.spitogatos.gr/en/property/1220084938",,"1","1","1990","kJzkFNP4pkc",
"1","4",,"vip","4",,,,,"1","1","0","0","2026-07-13","0","1","1","0","1","0","house",,"70",,"Ευρύχωρο οροφοδιαμέρισμα προς ενοικίαση στην Αγία Παρασκευή<br />
<br />
Βρίσκεται στον 4ο όροφο και προσφέρει εξαιρετικά άνετους χώρους υποδοχής, 3 υπνοδωμάτια, 2 μπάνια και WC επισκεπτών.<br />
<br />
Με την είσοδο στο διαμέρισμα, σας υποδέχεται ένας εντυπωσιακά μεγάλος χώρος υποδοχής με τζάκι και όμορφα ξύλινα δάπεδα. Η μεγάλη βεράντα προσφέρει ανοιχτή θέα στη γειτονιά και προς το Πεντελικό Όρος, δημιουργώντας ένα φωτεινό και ευχάριστο περιβάλλον διαβίωσης.<br />
<br />
Στα δεξιά της εισόδου βρίσκεται η πολύ ευρύχωρη, πλήρως εξοπλισμένη κουζίνα, με χώρο καθημερινού φαγητού. Δίπλα στην κουζίνα υπάρχει επίσης ξεχωριστός χώρος πλυντηρίου.<br />
<br />
Ο χώρος των υπνοδωματίων περιλαμβάνει ένα master υπνοδωμάτιο με δικό του en-suite μπάνιο, το οποίο θα ανακαινιστεί πλήρως τις επόμενες εβδομάδες. Στην άλλη πλευρά του χώρου υποδοχής βρίσκεται το WC επισκεπτών, ενώ ο διάδρομος που οδηγεί στα δύο επιπλέον υπνοδωμάτια διαθέτει άφθονους εντοιχισμένους αποθηκευτικούς χώρους. Και τα δύο υπνοδωμάτια έχουν θέα σε δέντρα, προσφέροντας μια ήρεμη και πράσινη αίσθηση.<br />
<br />
Όλα τα υπνοδωμάτια διαθέτουν εντοιχισμένες ντουλάπες. Επιπλέον, όλα τα παράθυρα θα αντικατασταθούν πριν από την εγκατάσταση του νέου ενοικιαστή.<br />
<br />
Το διαμέρισμα διαθέτει 2 εξωτερικές θέσεις στάθμευσης, ένα σημαντικό πλεονέκτημα για την περιοχή, καθώς και αποθήκη.<br />
<br />
Σε ιδανική τοποθεσία, περίπου 2 χλμ. από το Deree College, 2 χλμ. από το American Community School και 3 χλμ. από τη Γαλλική Σχολή, το διαμέρισμα αποτελεί εξαιρετική επιλογή για οικογένεια με παιδιά που φοιτούν σε κάποιο από αυτά τα σχολεία.",,"0","1","6","1","1","2026-06-18","9","10",,"no","yes","1","Αθήνα - Βόρεια Προάστια (Αττική)","Αγία Παρασκευή (Αθήνα - Βόρεια Προάστια)","1","105103","101","2101","329489","Double","1","2","0",,"1","1220149037","https://m2.spitogatos.gr/357723862_1600x1200.jpg?v=20130730","https://m2.spitogatos.gr/357723871_1600x1200.jpg?v=20130730","https://m1.spitogatos.gr/357724491_1600x1200.jpg?v=20130730","https://m3.spitogatos.gr/357723884_1600x1200.jpg?v=20130730","https://m1.spitogatos.gr/357723858_1600x1200.jpg?v=20130730","https://m3.spitogatos.gr/357728654_1600x1200.jpg?v=20130730","https://m3.spitogatos.gr/357723860_1600x1200.jpg?v=20130730","https://m1.spitogatos.gr/357727194_1600x1200.jpg?v=20130730","https://m3.spitogatos.gr/357727814_1600x1200.jpg?v=20130730","https://m2.spitogatos.gr/357723889_1600x1200.jpg?v=20130730","https://m3.spitogatos.gr/357723878_1600x1200.jpg?v=20130730","https://m2.spitogatos.gr/357723877_1600x1200.jpg?v=20130730","https://m3.spitogatos.gr/357723881_1600x1200.jpg?v=20130730","https://m1.spitogatos.gr/357723885_1600x1200.jpg?v=20130730","https://m1.spitogatos.gr/357723879_1600x1200.jpg?v=20130730","https://m2.spitogatos.gr/357723883_1600x1200.jpg?v=20130730",,,,,,,,,,"1",,"2","1","38.007771","1","1","23.81518",,,"0",,"2026-07-28","0","0",,,"1","2","5",,"1",,"1",,"0","0",,"1780",,,"0","0","0","0","10.47",,,"1",,,"1",,,,,"3",,"1","0","170","1","6",,,"1","0","2026-06-18","https://www.spitogatos.gr/en/property/1220149037",,"1","1","1979",,
"1","3",,"vip","4",,,,,"0","0","0","0","2026-07-30","0","0","1","0","0",,"house",,,"1","Νιώσε σαν στο σπίτι σου, όπου και αν επιλέξεις να μείνεις με την Blueground. Θα λατρέψεις αυτό το σύγχρονα επιπλωμένο διαμέρισμα τριών υπνοδωματίων, για τη διακόσμησή του, την πλήρως εξοπλισμένη κουζίνα και το άνετο καθιστικό του. Βρίσκεται σε ιδανική τοποθεσία, κοντά σε όλα όσα έχει να σου προσφέρει το Χαλάνδρι!<br><br />
<br />
Η διαφημιζόμενη τιμή των €1,780/μήνα είναι η τιμή για 1 έτος, με ημερομηνία έναρξης Ιουλίου 29, 2026.<br />
<br>Οι τιμές διαφέρουν ανάλογα με τη διάρκεια παραμονής, την εποχικότητα και άλλους παράγοντες. Επισκεφθείτε τον ιστότοπό μας και εισάγετε τις ημερομηνίες διαμονής σας για να δείτε ενημερωμένες τιμές για την κράτησή σας. Η τιμή ισχύει μόνο με προκαταβολή· ενδέχεται να είναι υψηλότερη εάν πληρωθεί σε δόσεις.<br />
<br />
<b>Κλείστε αυτό το διαμέρισμα online!</b><br />
<br />
https://www.theblueground.com/p/furnished-apartments/ath-1228?utm_source=classified-4<br />
<br />
Aναβαθμίστε τη διαμονή σας με ένα πλήρως επιπλωμένο διαμέρισμα από τη Blueground:<br />
      – Επιπλωμένα σπίτια σε τιμές αντίστοιχες με τα ανεπίπλωτα<br />
      – Χωρίς κόστη εγκατάστασης ή αγοράς επίπλων - εξοικονομήστε χρόνο και χρήματα<br />
      – Έτοιμα για άμεση μετακόμιση - το μόνο που χρειάζεστε είναι η βαλίτσα σας<br />
<br />
<b>Ο χώρος</b><br><br />
Σε αυτό το κομψό Blueground διαμέρισμα τριών υπνοδωματίων, θα βρεις ένα χώρο προσεκτικά σχεδιασμένο και πλήρως εξοπλισμένο με έπιπλα μοναδικού design και ηλεκτρικές συσκευές τελευταίας τεχνολογίας.<br />
Νιώσε όμορφα και χαλαρά στο νέο σου σπίτι κάθε στιγμή. Και όταν θα θες να διασκεδάσεις, μπορείς να βγεις και να αφεθείς στον παλμό του Χαλανδρίου ή να φέρεις τη διασκέδαση σπίτι, με τα ασύρματα ηχεία ή τη smart TV.<br />
<br />
<b>Διαρρύθμιση δωματίων ύπνου</b><br />
    <br />
        Υπέρδιπλο κρεβάτι: 160 εκ.<br />
<br />
        Διπλό κρεβάτι: 140 εκ.<br />
<br />
<b>Παροχές κτιρίου</b><br />
<br />
      Ασανσέρ<br />
      Πλυντήριο<br />
      Θέση στάθμευσης<br />
      Επιτρέπονται κατοικίδια<br />
<br />
<br />
<b>Άφιξη και συνεχής υποστήριξη πελατών</b><br><br />
Κατά τη διάρκεια της διαμονής σου, η ομάδα μας θα είναι διαθέσιμη για να σε βοηθήσει με οτιδήποτε χρειαστείς. Μέσω της ειδικής mobile εφαρμογής της Blueground έχεις συνεχή υποστήριξη, ενώ μπορείς ακόμη να προγραμματίσεις υπηρεσίες καθαρισμού, συντήρησης ή επισκευής, με το πάτημα ενός κουμπιού.<br />
<br />
<b>Ιδανική τοποθεσία</b><br />
<br />
Το Χαλάνδρι είναι μια ζωντανή γειτονιά, που βρίσκεται στα βόρεια προάστια, μόλις 10 χιλιόμετρα από το κέντρο της Αθήνας. Το Χαλάνδρι είναι γνωστό για τις εμπορικές του συνοικίες και τη ζωντανή σκηνή των μπαρ. Η περιοχή φιλοξενεί πολλές μεγάλες πολυεθνικές εταιρείες, οργανισμούς και πρεσβείες. Εξυπηρετείται από τους σταθμούς του μετρό Χαλάνδρι & Αγία Παρασκευή, καθώς και από συνδέσεις με λεωφορεία, ενώ έχει εύκολη πρόσβαση στην Αττική Οδό.","1",,"1","5","0","1","2026-05-27","8",,"0","yes","yes","1","Αθήνα - Βόρεια Προάστια (Αττική)","Χαλάνδρι (Αθήνα - Βόρεια Προάστια)","1","105103","101","2122",,,"1","2","0","0","1","1219956563","https://m2.spitogatos.gr/359907022_1600x1200.jpg?v=20130730","https://m3.spitogatos.gr/359907038_1600x1200.jpg?v=20130730","https://m3.spitogatos.gr/359907053_1600x1200.jpg?v=20130730","https://m3.spitogatos.gr/359907068_1600x1200.jpg?v=20130730","https://m2.spitogatos.gr/359907082_1600x1200.jpg?v=20130730","https://m2.spitogatos.gr/359907103_1600x1200.jpg?v=20130730","https://m2.spitogatos.gr/359907121_1600x1200.jpg?v=20130730","https://m3.spitogatos.gr/359907140_1600x1200.jpg?v=20130730","https://m1.spitogatos.gr/359907162_1600x1200.jpg?v=20130730","https://m3.spitogatos.gr/359907176_1600x1200.jpg?v=20130730","https://m2.spitogatos.gr/359907202_1600x1200.jpg?v=20130730","https://m1.spitogatos.gr/359907225_1600x1200.jpg?v=20130730","https://m2.spitogatos.gr/359907247_1600x1200.jpg?v=20130730","https://m1.spitogatos.gr/359907267_1600x1200.jpg?v=20130730","https://m1.spitogatos.gr/359907285_1600x1200.jpg?v=20130730","https://m3.spitogatos.gr/359907305_1600x1200.jpg?v=20130730","https://m3.spitogatos.gr/359907326_1600x1200.jpg?v=20130730","https://m3.spitogatos.gr/359907347_1600x1200.jpg?v=20130730","https://m1.spitogatos.gr/359907369_1600x1200.jpg?v=20130730","https://m3.spitogatos.gr/359907389_1600x1200.jpg?v=20130730","https://m1.spitogatos.gr/359907411_1600x1200.jpg?v=20130730","https://m2.spitogatos.gr/359907430_1600x1200.jpg?v=20130730","https://m1.spitogatos.gr/359907447_1600x1200.jpg?v=20130730","https://m2.spitogatos.gr/359907463_1600x1200.jpg?v=20130730","https://m1.spitogatos.gr/359907483_1600x1200.jpg?v=20130730","0","0",,"0","38.024769","1","0","23.826845",,"0",,,"2026-07-28","0","0",,"0","0","2",,,"1","0","1","1","0","0","0","1780",,,"0","0","0","0","13.91",,,"1","3",,"1","1",,,,"3","0","1",,"128","1",,"Vrilission 4","1","1","0","2026-05-27","https://www.spitogatos.gr/en/property/1219956563",,"0",,"2007",,
"1","4",,"vip","4",,,,,"0","0","0","0","2026-07-30","0","0","1","0","0",,"house",,,"1","Νιώσε σαν στο σπίτι σου, όπου και αν επιλέξεις να μείνεις με την Blueground. Θα λατρέψεις αυτό το σύγχρονα επιπλωμένο διαμέρισμα δύο υπνοδωματίων, για τη διακόσμησή του, την πλήρως εξοπλισμένη κουζίνα και το όμορφο καθιστικό του. Βρίσκεται σε ιδανική τοποθεσία, κοντά σε όλα όσα έχει να σου προσφέρει το Κολωνάκι!<br><br />
<br />
Η διαφημιζόμενη τιμή των €1,450/μήνα είναι η τιμή για 1 έτος, με ημερομηνία έναρξης Ιουλίου 29, 2026. Η χαμηλότερη διαθέσιμη τιμή είναι €1,380/μήνα για μίσθωση 3 μήνα(μηνών) και 17 ημέρας(ημερών) με ημερομηνία έναρξης Ιουλίου 29, 2026.<br />
<br>Οι τιμές διαφέρουν ανάλογα με τη διάρκεια παραμονής, την εποχικότητα και άλλους παράγοντες. Επισκεφθείτε τον ιστότοπό μας και εισάγετε τις ημερομηνίες διαμονής σας για να δείτε ενημερωμένες τιμές για την κράτησή σας. Η τιμή ισχύει μόνο με προκαταβολή· ενδέχεται να είναι υψηλότερη εάν πληρωθεί σε δόσεις.<br />
<br />
<b>Κλείστε αυτό το διαμέρισμα online!</b><br />
<br />
https://www.theblueground.com/p/furnished-apartments/ath-311?utm_source=classified-4<br />
<br />
Aναβαθμίστε τη διαμονή σας με ένα πλήρως επιπλωμένο διαμέρισμα από τη Blueground:<br />
      – Επιπλωμένα σπίτια σε τιμές αντίστοιχες με τα ανεπίπλωτα<br />
      – Χωρίς κόστη εγκατάστασης ή αγοράς επίπλων - εξοικονομήστε χρόνο και χρήματα<br />
      – Έτοιμα για άμεση μετακόμιση - το μόνο που χρειάζεστε είναι η βαλίτσα σας<br />
<br />
<b>Ο χώρος</b><br><br />
Νιώσε σαν στο σπίτι σου σε αυτό το επιπλωμένο διαμέρισμα της Blueground με το μοναδικό design, τα μοντέρνα έπιπλα και την πλήρως εξοπλισμένη κουζίνα.<br />
Δες τις αγαπημένες σου ταινίες στη smart TV ή άκουσε δυνατά μουσική στα ασύρματα ηχεία τελευταίας τεχνολογίας. Ό,τι και να αποφασίσεις να κάνεις το μόνο σίγουρο είναι πως θα αγαπήσεις όλα όσα σου προσφέρει αυτό το εκλεπτυσμένο διαμέρισμα.<br />
<br />
<b>Διαρρύθμιση δωματίων ύπνου</b><br />
    <br />
        Υπέρδιπλο κρεβάτι: 160 εκ.<br />
<br />
        Υπέρδιπλο κρεβάτι: 160 εκ.<br />
<br />
<b>Παροχές κτιρίου</b><br />
<br />
      Ασανσέρ<br />
      Πλυντήριο<br />
<br />
<br />
<b>Άφιξη και συνεχής υποστήριξη πελατών</b><br><br />
Κατά τη διάρκεια της διαμονής σου, η ομάδα μας θα είναι διαθέσιμη για να σε βοηθήσει με οτιδήποτε χρειαστείς. Μέσω της ειδικής mobile εφαρμογής της Blueground έχεις συνεχή υποστήριξη, ενώ μπορείς ακόμη να προγραμματίσεις υπηρεσίες καθαρισμού, συντήρησης ή επισκευής, με το πάτημα ενός κουμπιού.<br />
<br />
<b>Ιδανική τοποθεσία</b><br />
<br />
Το Κολωνάκι είναι μια από τις πιο ζωντανές και διάσημες γειτονιές της Αθήνας. Βρίσκεται στη νότια πλευρά του λόφου του Λυκαβηττού, με την πλατεία Συντάγματος σε μικρή απόσταση με τα πόδια. Το Κολωνάκι φημίζεται για τα πολυτελή εστιατόρια, τα εναλλακτικά μπιστρό και μπαρ, καθώς και για τη μοναδική ποικιλία καταστημάτων. Εδώ θα βρείτε επίσης αξιόλογες γκαλερί και μουσεία, όπως το Μουσείο Κυκλαδικής Τέχνης και το Μουσείο Μπενάκη. Τρεις σταθμοί του μετρό εξυπηρετούν την περιοχή: Ευαγγελισμός, Σύνταγμα και Πανεπιστημίου.","1",,"1","5","0","0","2026-07-01","9",,"0","yes","no","0","Αθήνα - Κέντρο (Αττική)","Κολωνάκι - Λυκαβηττός (Αθήνα - Κέντρο)","1","105103","100","6009","2019",,"1","2","0","0","1","1220275049","https://m3.spitogatos.gr/360005171_1600x1200.jpg?v=20130730","https://m2.spitogatos.gr/360005173_1600x1200.jpg?v=20130730","https://m3.spitogatos.gr/360005174_1600x1200.jpg?v=20130730","https://m2.spitogatos.gr/360005176_1600x1200.jpg?v=20130730","https://m1.spitogatos.gr/360005178_1600x1200.jpg?v=20130730","https://m2.spitogatos.gr/360005179_1600x1200.jpg?v=20130730","https://m1.spitogatos.gr/360005181_1600x1200.jpg?v=20130730","https://m2.spitogatos.gr/360005182_1600x1200.jpg?v=20130730","https://m3.spitogatos.gr/360005183_1600x1200.jpg?v=20130730","https://m1.spitogatos.gr/360005184_1600x1200.jpg?v=20130730","https://m2.spitogatos.gr/360005185_1600x1200.jpg?v=20130730","https://m3.spitogatos.gr/360005186_1600x1200.jpg?v=20130730","https://m1.spitogatos.gr/360005187_1600x1200.jpg?v=20130730","https://m2.spitogatos.gr/360005188_1600x1200.jpg?v=20130730","https://m3.spitogatos.gr/360005189_1600x1200.jpg?v=20130730","https://m1.spitogatos.gr/360005190_1600x1200.jpg?v=20130730","https://m2.spitogatos.gr/360005191_1600x1200.jpg?v=20130730","https://m3.spitogatos.gr/360005195_1600x1200.jpg?v=20130730","https://m1.spitogatos.gr/360005196_1600x1200.jpg?v=20130730","https://m3.spitogatos.gr/360005198_1600x1200.jpg?v=20130730",,,,,,"0","0",,"0","37.979523","1","0","23.749266",,"0",,,"2026-07-28","0","0",,"0","1","1",,,"1","0","0",,"0","0","0","1450","2026-07-24 11:05:09","22","0","0","0","0","18.13","1850","true","1","3","6","1","1",,,,"2","0","1",,"80","0",,"Anapiron Polemou 4-6","1","1","0","2026-07-01","https://www.spitogatos.gr/en/property/1220275049",,"0",,"1960",,
"1","Ground Floor",,"vip","4",,,,,"1","0","0","0","2026-01-22","0","0","1","1","1","0","house","0","0","0","Ηράκλειο, Αγία Τριάδα: Ενοικιάζεται ανακαινισμένο διαμπερές πλαινό Διαμέρισμα 103τ.μ. προσόψεως σε ισόγειο με αυτόνομη θέρμανση fan coil. Αποτελείται από 3 υπνοδωμάτια, 1 κουζίνα, 1 σαλόνι, Κήπο και 2 μπάνια. Είναι με ηλεκτρικές συσκευές (φούρνος εντοιχισμένος), κατασκευασμένο το 1980, βαμμένο και διαθέτει κουφώματα αλουμινίου με διπλά τζάμια, πόρτα ασφαλείας, κλιματισμό, ενεργειακή κλάση Γ, δάπεδα από πλακάκι, ηλιακό θερμοσίφωνα.. Επιπλέον χαρακτηριστικά: Master δωμάτιο . Τιμή 1.200€ | Κωδικός Ακινήτου: #738921<br><br />
Η εταιρία cozy real estate και όλοι οι συνεργάτες της λειτουργούν βάσει της Ελληνικής και Ευρωπαϊκής νομοθεσίας περί μεσιτείας. Οι πληροφορίες και τα χαρακτηριστικά των ακινήτων έχουν καταχωρηθεί βάσει στοιχείων και πληροφοριών που προσκόμισε ο εντολέας .Με την υπόδειξη του ακινήτου κρίνεται απαραίτητο να υποδεικνύεται η ταυτότητα καθώς και το ΑΦΜ σας σύμφωνα με τον Ν 4072 / 11-4-2012 ΦΕΚ 86Α<br><br />
Για περισσότερες ευκαιρίες νέων ακινήτων της εταιρίας δείτε εδώ : www.cozyestate.gr<br><br />
Cozy Real Estate <br /> Κεντρικό κατάστημα: Δελφών 154, Θεσσαλονίκη, 54248<br /> +30 2310 811109<br /> +306936030577sales@cozyestate.gr <br /><br /> Υποκατάστημα Κομνηνών 23 & Ερμού γωνία,<br /> Θεσσαλονίκη Κέντρο 54623<br /> +30 2310227788<br /><br /> Υποκατάστημα Μεγάλου Αλεξάνδρου 36<br /> Θεσσαλονίκη Εύοσμος 56224<br /> +30 2314072347<br /> ______________________________<br /> ΒΡΕΙΤΕ ΜΑΣ ΣΤΑ SOCIAL MEDIA: <br /> Facebook: https://www.facebook.com/cozyestate <br /> Instagram: @cozyrealestate<br /> Linkedin: https://www.linkedin.com/company/cozy-real-estate<br>",,"0","0","5","1","0","2026-05-27","3","4","0","no","no","1","Αθήνα - Βόρεια Προάστια (Αττική)","Ηράκλειο (Αθήνα - Βόρεια Προάστια)","1","105103","101","2107","123040","Double","1","9","0","0","1","1219961895","https://m1.spitogatos.gr/354817569_1600x1200.jpg?v=20130730","https://m1.spitogatos.gr/354817572_1600x1200.jpg?v=20130730","https://m3.spitogatos.gr/354817592_1600x1200.jpg?v=20130730","https://m2.spitogatos.gr/354817594_1600x1200.jpg?v=20130730","https://m2.spitogatos.gr/354817597_1600x1200.jpg?v=20130730","https://m2.spitogatos.gr/354817621_1600x1200.jpg?v=20130730","https://m2.spitogatos.gr/354817630_1600x1200.jpg?v=20130730","https://m1.spitogatos.gr/354817638_1600x1200.jpg?v=20130730","https://m1.spitogatos.gr/354817650_1600x1200.jpg?v=20130730","https://m3.spitogatos.gr/354817655_1600x1200.jpg?v=20130730","https://m1.spitogatos.gr/354817665_1600x1200.jpg?v=20130730","https://m3.spitogatos.gr/354817667_1600x1200.jpg?v=20130730","https://m2.spitogatos.gr/354817669_1600x1200.jpg?v=20130730","https://m1.spitogatos.gr/354817671_1600x1200.jpg?v=20130730","https://m3.spitogatos.gr/354817673_1600x1200.jpg?v=20130730","https://m3.spitogatos.gr/354817700_1600x1200.jpg?v=20130730","https://m1.spitogatos.gr/354817704_1600x1200.jpg?v=20130730","https://m1.spitogatos.gr/354817728_1600x1200.jpg?v=20130730","https://m2.spitogatos.gr/354817732_1600x1200.jpg?v=20130730","https://m2.spitogatos.gr/354817738_1600x1200.jpg?v=20130730","https://m1.spitogatos.gr/354817752_1600x1200.jpg?v=20130730","https://m2.spitogatos.gr/354817771_1600x1200.jpg?v=20130730",,,,"0","0","2","1","38.044922","1","1","23.767033",,"0","0","0","2026-07-28","0","0",,"0","0","2",,"3","1","0","0",,"0","0","0","1200",,,"0","0","0","0","11.65",,,"1","3","6","1","1","2024","0",,"3","0","1","1","103","0",,,"0","1","0","2026-05-27","https://www.spitogatos.gr/en/property/1219961895",,"0",,"1980","6gLYvS0zwmc","residential"
,"Upper Ground",,"vip","4","Χρήστος","51241","Νικολάου","+306946042286",,,"0","0","2026-07-08","0",,"1","0","1","0","house","0",,,"Επιπλωμένη γκαρσονιέρα 30 τ.μ. ημιορόφου στην περιοχή του Ζωγράφου. <br />
Κουζίνα ξεχωριστή με ψυγείο.<br />
Λουτρό με πλυντήριο ρούχων.<br />
Ένα δωμάτιο με γραφείο και κρεβάτι.<br />
Κλιματισμός<br />
Μπαλκόνι στον ακάλυπτο.",,"0",,"7",,,"2026-07-08","4",,,"yes","no","0","Αθήνα - Νότια Προάστια (Αττική)","Ζωγράφου (Αθήνα - Νότια Προάστια)","1","105103","102","2211","102211",,"2",,,,"1","1220331731","https://m1.spitogatos.gr/363519804_1600x1200.jpg?v=20130730","https://m2.spitogatos.gr/363519823_1600x1200.jpg?v=20130730","https://m1.spitogatos.gr/363519825_1600x1200.jpg?v=20130730","https://m2.spitogatos.gr/363519826_1600x1200.jpg?v=20130730","https://m3.spitogatos.gr/363519830_1600x1200.jpg?v=20130730","https://m1.spitogatos.gr/363519831_1600x1200.jpg?v=20130730","https://m1.spitogatos.gr/363519834_1600x1200.jpg?v=20130730","https://m1.spitogatos.gr/363519837_1600x1200.jpg?v=20130730","https://m2.spitogatos.gr/363519841_1600x1200.jpg?v=20130730","https://m2.spitogatos.gr/363519844_1600x1200.jpg?v=20130730","https://m3.spitogatos.gr/363519845_1600x1200.jpg?v=20130730","https://m1.spitogatos.gr/363519849_1600x1200.jpg?v=20130730","https://m2.spitogatos.gr/363519850_1600x1200.jpg?v=20130730","https://m2.spitogatos.gr/363519853_1600x1200.jpg?v=20130730","https://m1.spitogatos.gr/363519855_1600x1200.jpg?v=20130730","https://m2.spitogatos.gr/363519856_1600x1200.jpg?v=20130730",,,,,,,,,,,,,"1","37.972908","1","0","23.775734",,,"0",,"2026-07-28","0","0",,,"0","1",,,,,,,"0","0",,"360",,,"0","0","0","0","12",,,"1","3","6","1",,,,"1","1","0",,,"30","0",,,,"1","0","2026-07-08","https://www.spitogatos.gr/en/property/1220331731",,"0",,"1978",,"residential"
"1","4",,"vip","4",,,,,"1","0","0","0","2026-07-24","0","1","1","0","1",,"house",,"0","1","Ενοικιάζεται εξαιρετικό διαμέρισμα 85 τ.μ., 4ου ορόφου, στην Κάτω Γλυφάδα, σε προνομιακή τοποθεσία που συνδυάζει άνεση, πολυτέλεια και άμεση πρόσβαση σε όλα τα σημεία ενδιαφέροντος της περιοχής. <br />
<br />
Πρόκειται για ένα γωνιακό, ιδιαίτερα φωτεινό διαμέρισμα με μεγάλες βεράντες, πλήρως ανακαινισμένο και εξοπλισμένο το 2023, έτοιμο να υποδεχθεί τους νέους του ενοίκους.<br />
<br />
Αποτελείται από δύο ευρύχωρα υπνοδωμάτια, εκ των οποίων το ένα είναι master με ιδιωτικό μπάνιο και πολύ μεγάλη ντουλάπα, προσφέροντας υψηλό επίπεδο άνεσης και λειτουργικότητας. <br />
<br />
Διαθέτει κλιματιστικά σε όλους τους χώρους, μοντέρνα κουζίνα πλήρως εξοπλισμένη με ψυγείο, φούρνο, φούρνο μικροκυμάτων και καφετιέρα, καθώς και Smart TV για την καθημερινή σας ψυχαγωγία.<br />
<br />
Το ακίνητο βρίσκεται μόλις 1 λεπτό με το αυτοκίνητο από το εμπορικό κέντρο της Γλυφάδας και περίπου 7 λεπτά από τη Λίμνη Βουλιαγμένης, ενώ προσφέρει εύκολη πρόσβαση τόσο στην Αθηναϊκή Ριβιέρα όσο και στο κέντρο της Αθήνας.<br />
<br />
Διαθέσιμο από 15/09/2026.<br />
<br />
Μια ιδανική επιλογή για όσους αναζητούν μια σύγχρονη, ποιοτική κατοικία σε μία από τις πιο περιζήτητες περιοχές των νοτίων προαστίων. ΓΚΑΛ","0",,"1","6","1","0","2026-06-30","9",,"0","yes","no","0","Αθήνα - Νότια Προάστια (Αττική)","Γλυφάδα (Αθήνα - Νότια Προάστια)","1","105103","102","2208","102208","Double","1",,"0","0","1","1220273044","https://m3.spitogatos.gr/359967827_1600x1200.jpg?v=20130730","https://m1.spitogatos.gr/359967831_1600x1200.jpg?v=20130730","https://m3.spitogatos.gr/359967836_1600x1200.jpg?v=20130730","https://m3.spitogatos.gr/359967842_1600x1200.jpg?v=20130730","https://m2.spitogatos.gr/359967847_1600x1200.jpg?v=20130730","https://m1.spitogatos.gr/359967849_1600x1200.jpg?v=20130730","https://m1.spitogatos.gr/359967852_1600x1200.jpg?v=20130730","https://m2.spitogatos.gr/359967856_1600x1200.jpg?v=20130730","https://m2.spitogatos.gr/359967859_1600x1200.jpg?v=20130730","https://m2.spitogatos.gr/359967862_1600x1200.jpg?v=20130730","https://m2.spitogatos.gr/359967865_1600x1200.jpg?v=20130730","https://m1.spitogatos.gr/359967867_1600x1200.jpg?v=20130730","https://m3.spitogatos.gr/359967869_1600x1200.jpg?v=20130730","https://m1.spitogatos.gr/359967870_1600x1200.jpg?v=20130730","https://m1.spitogatos.gr/359967873_1600x1200.jpg?v=20130730","https://m2.spitogatos.gr/359967874_1600x1200.jpg?v=20130730","https://m3.spitogatos.gr/359967875_1600x1200.jpg?v=20130730","https://m1.spitogatos.gr/359967876_1600x1200.jpg?v=20130730","https://m2.spitogatos.gr/359967877_1600x1200.jpg?v=20130730","https://m3.spitogatos.gr/359967878_1600x1200.jpg?v=20130730",,,,,,"0","0","2","1","37.861866","1","1","23.760138","205","0",,,"2026-07-28","0","0",,"0","0","2",,"3","1","0","1",,"0","0","0","1800","2026-07-22 18:09:18","5","0","0","0","0","21.18","1900","true","1","3","6","1","1","2023","0","1","2","0","1","0","85","0",,,"0","1","0","2026-06-30","https://www.spitogatos.gr/en/property/1220273044",,"0",,"1978",,"residential"
,"1","no","vip","4","ΒΙΚΥ","5412","ΣΙΝΤΟΡΗ","+306937122900","1","1",,"0","2026-02-27","0",,,"0","1",,"house",,,"0","ΜΟΥΣΕΙΟ,  πλησίον της  Πλατείας Βικτωρίας, ενοικιάζεται κατ' αποκλειστικότητα ένα εξαιρετικό & πλήρως ανακαινισμένο και ψηλοτάβανο διαμέρισμα 115 τ.μ. 1ου ορόφου προσόψεως και φωτεινό. Το ακίνητο στεγάζεται σε μια εμβληματική, αρχοντική πολυκατοικία με εντυπωσιακή διπλή είσοδο και συνδυάζει άψογα την κλασική αθηναϊκή αισθητική με όλες τις σύγχρονες ανέσεις. Αποτελείται, από λειτουργικό  χολ, διαδοχικούς χώρους υποδοχής, 2 ή 3 υπνοδωμάτια, ανεξάρτητη κουζίνα με εντοιχισμένη εστία, φούρνο - απορροφητήρα, & πλυντήριο πιάτων, 2 μπάνια, 1 wc. Διαθέτει δρύινα δάπεδα,  ενεργειακά, κουφώματα αλουμινίου με διπλά τζάμια, σίτες, ηλεκτρικά ρολά, αυτόνομη θέρμανση με αντλία θερμότητας ψύξης -θέρμανσης,  προεγκατάσταση συναγερμού, πόρτα ασφαλείας. ""Δυνατότητα συνδυαστικής χρήσης κατοικίας και επαγγελματικής στέγης"". Βρίσκεται σε στρατηγικό σημείο, σε απόσταση αναπνοής από τον σταθμό ΗΣΑΠ «Βικτώρια», μεγάλα σούπερ μάρκετ, αγορά και συγκοινωνίες.",,,"1","5","1","0","2026-02-27","6","2","1","no",,,"Αθήνα - Κέντρο (Αττική)","Λεωφόρος Πατησίων - Λεωφόρος Αχαρνών (Αθήνα - Κέντρο)","1","105103","100","2025","2043","Double","4","13",,,"1","1219457042","https://m3.spitogatos.gr/353487782_1600x1200.jpg?v=20130730","https://m2.spitogatos.gr/353487787_1600x1200.jpg?v=20130730","https://m1.spitogatos.gr/353487834_1600x1200.jpg?v=20130730","https://m1.spitogatos.gr/353487837_1600x1200.jpg?v=20130730","https://m2.spitogatos.gr/353487841_1600x1200.jpg?v=20130730","https://m3.spitogatos.gr/353487845_1600x1200.jpg?v=20130730","https://m3.spitogatos.gr/353487848_1600x1200.jpg?v=20130730","https://m2.spitogatos.gr/353487850_1600x1200.jpg?v=20130730","https://m2.spitogatos.gr/353487853_1600x1200.jpg?v=20130730","https://m1.spitogatos.gr/353487858_1600x1200.jpg?v=20130730","https://m3.spitogatos.gr/353487863_1600x1200.jpg?v=20130730","https://m2.spitogatos.gr/353487865_1600x1200.jpg?v=20130730","https://m1.spitogatos.gr/353487870_1600x1200.jpg?v=20130730","https://m2.spitogatos.gr/353487874_1600x1200.jpg?v=20130730","https://m3.spitogatos.gr/353487878_1600x1200.jpg?v=20130730","https://m1.spitogatos.gr/353487882_1600x1200.jpg?v=20130730","https://m3.spitogatos.gr/353487884_1600x1200.jpg?v=20130730","https://m1.spitogatos.gr/353487888_1600x1200.jpg?v=20130730","https://m1.spitogatos.gr/353487891_1600x1200.jpg?v=20130730","https://m1.spitogatos.gr/353487894_1600x1200.jpg?v=20130730","https://m2.spitogatos.gr/353487898_1600x1200.jpg?v=20130730","https://m2.spitogatos.gr/353487901_1600x1200.jpg?v=20130730",,,,,,"2","1","37.991131","1","3","23.730072",,"1","0","1","2026-07-28","1","1",,,"1","2",,,"1",,"1",,,,"0","950",,,"0","0","0","0","8.26",,,"1","3",,"1","1","2026","0",,"2",,"1",,"115","0",,,,"1","0","2026-02-27","https://www.spitogatos.gr/en/property/1219457042",,,"0","1958",,
"1","Ground Floor","no","vip","4",,,,,"1","0","0","0","2026-08-01","0","0","0","0","1","0","house",,,"0","Κωδικός ακινήτου: 15-9404 - Αργυρούπολη Νέα Αλεξάνδρεια  ΕΝΟΙΚΙΑΖΕΤΑΙ     διαμέρισμα  ισόγειο συνολικής επιφάνειας 80.00 τ.μ.  . Αποτελείται από 2 υπνοδωμάτια, σαλόνι, κουζίνα, μπάνιο . Είναι κατασκευασμένο το 1970 με ενεργειακή κλάση Δ  και διαθέτει θέρμανση αυτόνομη - πετρελαίου, θέα σε αστικό τοπίο, κουφώματα ξύλινα, μωσαϊκό πάτωμα,  εντοιχιζόμενες ντουλάπες, A/C, ηλιακό θερμοσίφωνα, νυχτερινό ρεύμα     απόσταση από μετρό 1100 μέτρα - Τιμή: 580 €  <br> <br>Σημείωση : Η υπόδειξη του ακινήτου γίνεται με ενυπόγραφη εντολή υπόδειξης (ψηφιακά ή δια ζώσης) και κατόπιν με προγραμματισμένο ραντεβού όπου είναι προϋπόθεση - η υπόδειξη της αστυνομικής ταυτότητας και τα πλήρη στοιχεία του προσώπου ή της εταιρείας όπως και του Α.Φ.Μ. ,  σύμφωνα με τον Ν.4072/11-4-2012 ΦΕΚ 86 Α'.<br />
<br />
Cosy House | Real Estate & Renovations<br />
Μεσιτικό Γραφείο & Ανακαινίσεις<br />
www.cosyhouse.gr | www.cosyhouse.estate<br />
Τηλέφωνo επικοινωνίας<br />
211 18 45000 - 211 199 1246<br />
για παρόμοια ακίνητα όπως το συγκεκριμένο ή περισσότερα μπορείτε να επισκεφτείτε την ιστοσελίδα μας www.cosyhouse.estate <br />
Για αιτήσεις ζήτησης ή ανάθεσης επισκεφτείτε το www.cosyhouse.gr ή  βρείτε μας και στο Facebook www.facebook.com/properties.cosyhouse να μιλήσετε με κάποιον εκπρόσωπο του γραφείου μας ή follow στο Ιnstagram: @cosyhouse_realestate<br />
<br />
Eιδική Διευκρίνηση:  Οι πληροφορίες της παραπάνω αγγελίας βασίζονται σε στοιχεία που έχει δώσει ο εντολέας - ιδιοκτήτης στο γραφείο μας. Τυχόν τυπογραφικά λάθη ή η αλλαγή της τιμής χωρίς την ενημέρωσή μας δεν οφείλεται σε εμας.",,,"0","6","1","0","2026-07-27","3","5","0","no","no","0","Αθήνα - Νότια Προάστια (Αττική)","Αργυρούπολη (Αθήνα - Νότια Προάστια)","1","105103","102","2202","102202","Single","1","1","0","0","1","1220495553","https://m2.spitogatos.gr/363518317_1600x1200.jpg?v=20130730","https://m2.spitogatos.gr/363518323_1600x1200.jpg?v=20130730","https://m3.spitogatos.gr/363518327_1600x1200.jpg?v=20130730","https://m3.spitogatos.gr/363518330_1600x1200.jpg?v=20130730","https://m2.spitogatos.gr/363518332_1600x1200.jpg?v=20130730","https://m3.spitogatos.gr/363518336_1600x1200.jpg?v=20130730",,,,,,,,,,,,,,,,,,,,"0","0","1","1","37.909882",,"1","23.753845",,"0",,,"2026-07-28","0","0",,"1","0","1","1",,"1","0","0",,"0","0","0","580",,,"0","0","0","0","7.25",,,"1","3","6","1","0",,"0","2","2","0","0","1","80","0",,,"0","1","0","2026-07-27","https://www.spitogatos.gr/en/property/1220495553",,"1","0","1970",,"residential"
"1","Ground Floor",,"vip","4","ΛΕΩΝΙΔΑΣ","36288","ΠΑΠΑΓΕΩΡΓΙΟΥ","+306932220757","0",,,"0","2026-07-23","0","1","1","0","1",,"house",,,,"ΠΛΑΚΑ- ΣΥΝΤΑΓΜΑ. Ενοικιάζεται ριζικά και πολυτελώς ανακαινισμένο διαμέρισμα 55 τ.μ. στην είσοδο της ιστορικής Πλάκας, σε απόσταση αναπνοής από το Σύνταγμα. Το ακίνητο βρίσκεται στο υπερυψωμένο ισόγειο, στην πίσω όψη καλαίσθητης τριώροφης πολυκατοικίας μόλις 4 διαμερισμάτων, εξασφαλίζοντας σπάνια γαλήνη και ιδιωτικότητα.  Η premium minimal ανακαίνισή του ολοκληρώνεται την 1η Σεπτεμβρίου με υλικά κορυφαίας ποιότητας. Στην είσοδο του διαμερίσματος υπάρχει ένας έξυπνος διάδρομος με εντοιχισμένες ντουλάπες και μεγάλη εσωτερική walk-in αποθήκη. Το διαμέρισμα αποτελείται από ένα φωτεινό σαλόνι με open-plan κουζίνα και design ανεμιστήρα οροφής, ένα άνετο, ήσυχο υπνοδωμάτιο με  A/C, καθώς και ένα high-end μπάνιο minimal σχεδιασμού 2 ανεξάρτητων χώρων με πλυντήριο-στεγνωτήριο. Το σαλόνι και το υπνοδωμάτιο έχουν άμεση πρόσβαση μέσω μεγάλων ανοιγμάτων σε μια εντυπωσιακή βεράντα-όαση, η οποία θα παραδοθεί πλήρως εξοπλισμένη με πλούσια φυτά για απόλυτη οπτική απομόνωση και διαθέτει ηλεκτρικές τέντες. Το ακίνητο διαθέτει επίσης premium δάπεδα laminate, κορυφαία ενεργειακά κουφώματα αλουμινίου με σίτες και αυτόνομη θέρμανση φυσικού αερίου. Υπάρχει επιπλέον δυνατότητα μίσθωσης θέσης στάθμευσης σε  πάρκινγκ της περιοχής. Μια ιδανική επιλογή για όσους αναζητούν την απόλυτη ποιότητα διαβίωσης στο πιο κεντρικό και ιστορικό σημείο της Αθήνας. For rent: a totally and luxuriously renovated 55 sq.m. apartment located at the entrance of the historic Plaka area, very near Syntagma Square. The elevated ground floor property is situated at the rear side of an elegant three-story building of 4 apartments in total, ensuring quietness and privacy. Its premium minimal renovation, using top-quality materials will be completed by September 1st. <br />
At the apartment's entrance, there is a smart hallway with built-in large cupboards and a large internal walk-in storage room. The apartment consists of a bright living room with an open-plan kitchen and a designer ceiling fan, a comfortable bedroom with A/C, minimally designed bathroom split into two independent spaces, equipped with a washer-dryer.<br />
Both the living room and the bedroom offer direct access through large openings to an impressive oasis-like veranda, which will be delivered fully equipped with lush plants for absolute visual privacy, and features electric awnings. Premium laminate flooring throughout and tiled bathroom , top-tier energy-efficient aluminum window frames with fly screens, and autonomous natural gas heating. Additionally, there is an option to rent a parking space in a nearby parking lot. An ideal choice for those seeking the ultimate quality of living in the most central and historic spot of Athens.",,,,"4","0",,"2026-07-23","3",,"0","no",,,"Αθήνα - Κέντρο (Αττική)","Ιστορικό Κέντρο (Αθήνα - Κέντρο)","1","105103","100","6008","2039","Double","1","2",,"0","1","1220469062","https://m3.spitogatos.gr/363008570_1600x1200.jpg?v=20130730","https://m1.spitogatos.gr/363008571_1600x1200.jpg?v=20130730","https://m2.spitogatos.gr/363008572_1600x1200.jpg?v=20130730","https://m1.spitogatos.gr/363008574_1600x1200.jpg?v=20130730","https://m2.spitogatos.gr/363008575_1600x1200.jpg?v=20130730","https://m3.spitogatos.gr/363008576_1600x1200.jpg?v=20130730","https://m1.spitogatos.gr/363008577_1600x1200.jpg?v=20130730","https://m2.spitogatos.gr/363008578_1600x1200.jpg?v=20130730","https://m3.spitogatos.gr/363008579_1600x1200.jpg?v=20130730","https://m1.spitogatos.gr/363008580_1600x1200.jpg?v=20130730","https://m2.spitogatos.gr/363008581_1600x1200.jpg?v=20130730","https://m3.spitogatos.gr/363008582_1600x1200.jpg?v=20130730",,,,,,,,,,,,,,,"0","2","1","37.973389","1","1","23.731791",,"1","0","0","2026-07-28","0",,,,"0","1",,,"1",,"1",,,,"0","2000",,,"0","0","0","0","36.36",,,"1","3",,"1","1","2026","0",,"1",,,,"55",,,,"0","1",,"2026-07-23","https://www.spitogatos.gr/en/property/1220469062",,,"0","1972",,
"0","3","no","vip","4",,,,,"0","0","0","0","2026-07-28","0","0","1","0","1","0","house",,,"0","Κωδικός ακινήτου: 1-589 - Αγία Παρασκευή ΕΡΤ  ΕΝΟΙΚΙΑΖΕΤΑΙ   ανακαινισμένο  διαμέρισμα  στον 3 ο όροφο συνολικής επιφάνειας 63.00 τ.μ.  . Αποτελείται από 1 υπνοδωμάτιο, σαλόνι, κουζίνα, μπάνιο . Είναι κατασκευασμένο το 1993 με ενεργειακή κλάση Γ  και διαθέτει θέρμανση αυτόνομη - φυσικού αερίου, θέα σε ανοιχτό ορίζοντα, κουφώματα αλουμινίου, πατώματα από πλακάκι και ξύλο, πόρτα ασφαλείας, εντοιχιζόμενες ντουλάπες, ανελκυστήρα, πάρκινγκ, αποθήκη 7 τ.μ., διπλά τζάμια, θυροτηλεόραση, ανοιχτωσιά      - Τιμή: 720 €  <br>το διαμέρισμα βρίσκεται σε πολυκατοικία που έχει βαφτεί πριν ένα χρόνο,διαθέτει 2ο δωμάτιο 10 τ.μ. για γραφείο,  2 ενοίκια εγγύηση, βρίσκετε σε πολύ ήσυχη γειτονιά, πλησίον Γαλλικού σχoλείου Eugene Delacroix,  όχι κατοικίδια <br>",,,"1","5","1","0","2026-06-23","8","10","0","no","yes","0","Αθήνα - Βόρεια Προάστια (Αττική)","Αγία Παρασκευή (Αθήνα - Βόρεια Προάστια)","1","105103","101","2101","107120","Double","1","2","0","0","1","1220186475","https://m3.spitogatos.gr/363514913_1600x1200.jpg?v=20130730","https://m2.spitogatos.gr/363514924_1600x1200.jpg?v=20130730","https://m3.spitogatos.gr/363514931_1600x1200.jpg?v=20130730","https://m1.spitogatos.gr/363514941_1600x1200.jpg?v=20130730","https://m2.spitogatos.gr/363514945_1600x1200.jpg?v=20130730","https://m2.spitogatos.gr/363515002_1600x1200.jpg?v=20130730","https://m2.spitogatos.gr/363515008_1600x1200.jpg?v=20130730","https://m3.spitogatos.gr/363515012_1600x1200.jpg?v=20130730","https://m2.spitogatos.gr/363515038_1600x1200.jpg?v=20130730","https://m3.spitogatos.gr/363515042_1600x1200.jpg?v=20130730","https://m3.spitogatos.gr/363515045_1600x1200.jpg?v=20130730","https://m3.spitogatos.gr/363515051_1600x1200.jpg?v=20130730","https://m3.spitogatos.gr/363515096_1600x1200.jpg?v=20130730","https://m3.spitogatos.gr/363515108_1600x1200.jpg?v=20130730","https://m2.spitogatos.gr/363515119_1600x1200.jpg?v=20130730","https://m1.spitogatos.gr/363515124_1600x1200.jpg?v=20130730","https://m2.spitogatos.gr/363515155_1600x1200.jpg?v=20130730","https://m3.spitogatos.gr/363515162_1600x1200.jpg?v=20130730","https://m3.spitogatos.gr/363515168_1600x1200.jpg?v=20130730","https://m1.spitogatos.gr/363515181_1600x1200.jpg?v=20130730","https://m3.spitogatos.gr/363515186_1600x1200.jpg?v=20130730","https://m3.spitogatos.gr/363515192_1600x1200.jpg?v=20130730","https://m3.spitogatos.gr/363515234_1600x1200.jpg?v=20130730",,,"0","0","2","1","38.011917",,"1","23.827616",,"1",,,"2026-07-28","0","0",,"0","0","1","5","3","1","0","0",,"0","0","0","720",,,"0","0","0","0","11.43",,,"1","3","6","1","1",,"0","1","1","0","1","0","63","1","7",,"1","1","0","2026-06-23","https://www.spitogatos.gr/en/property/1220186475",,"1","0","1993",,"residential"
"1","Ground Floor","no","vip","4",,,,,"1","1","0","0","2026-07-29","0","1","1","0","1","0","house","0",,"1","Η αναγραφόμενη τιμή αφορά μίσθωση 12 μηνών με προπληρωμή, εξαιρουμένων λογαριασμών και κοινοχρήστων.<br />
Κλείστε αυτό το διαμέρισμα τώρα:<br />
https://movingdoors.com/listing/athens-ath26043<br />
<br />
Καλώς ήρθατε στη Moving Doors! Σε μια πλήρως επιπλωμένη, ιδανική μεζονέτα 4 υπνοδωματίων στο Μαρούσι, όπου η πολυτέλεια συναντά την άνεση. Στη Moving Doors προσφέρουμε πλήρως εξοπλισμένα διαμερίσματα με μοντέρνο σχεδιασμό, που συνδυάζουν την κομψότητα με τη ζεστή ατμόσφαιρα του σπιτιού. Είτε επισκέπτεστε την Αθήνα για δουλειά, διασκέδαση ή οικογενειακές διακοπές, αυτό το πλήρως επιπλωμένο διαμέρισμα δεν είναι απλώς ένας χώρος διαμονής – είναι το δεύτερο σπίτι σας.<br />
<br />
Τί το κάνει ξεχωριστό:<br />
✔ Ευρύχωρη, πλήρως επιπλωμένη, ιδανική μεζονέτα στο Μαρούσι, ιδανική για οικογένειες, παρέες ή επαγγελματίες<br />
✔ Απολαύστε premium ήχο με το ηχοσύστημα Marshall ή απολαύστε τον καφέ σας με τη μηχανή Nespresso<br />
✔ Γρήγορο internet<br />
✔ Ιδανική τοποθεσία, μόλις λίγα λεπτά από τα καλύτερα αξιοθέατα, καφέ και σημεία ενδιαφέροντος<br />
✔ Καθ’ όλη τη διάρκεια της διαμονής σας, μπορείτε να επικοινωνείτε εύκολα με την ομάδα υποστήριξης πελατών<br />
✔ Επαγγελματικές υπηρεσίες καθαριότητας και concierge, στη διάθεσή σας για κάθε σας ανάγκη<br />
<br />
Είτε σχεδιάζετε μια σύντομη είτε μια παρατεταμένη διαμονή, η Moving Doors σας προσφέρει πολυτελή διαμερίσματα στην Αθήνα, που συνδυάζουν στυλ, λειτουργικότητα και άνεση. Με προσοχή στη λεπτομέρεια, σας προσφέρουμε όλα όσα χρειάζεστε για μια ευχάριστη και ξέγνοιαστη διαμονή.",,"0","0","5","1","1","2026-06-05","3","10","0","yes","yes","1","Αθήνα - Βόρεια Προάστια (Αττική)","Μαρούσι (Αθήνα - Βόρεια Προάστια)","1","105103","101","2111","117001","Double","1","1","0","1","1","1219990510","https://m3.spitogatos.gr/357641483_1600x1200.jpg?v=20130730","https://m1.spitogatos.gr/357641499_1600x1200.jpg?v=20130730","https://m2.spitogatos.gr/357641500_1600x1200.jpg?v=20130730","https://m3.spitogatos.gr/357641501_1600x1200.jpg?v=20130730","https://m3.spitogatos.gr/357641504_1600x1200.jpg?v=20130730","https://m2.spitogatos.gr/357641515_1600x1200.jpg?v=20130730","https://m3.spitogatos.gr/357641516_1600x1200.jpg?v=20130730","https://m1.spitogatos.gr/357641517_1600x1200.jpg?v=20130730","https://m2.spitogatos.gr/357641518_1600x1200.jpg?v=20130730","https://m3.spitogatos.gr/357641528_1600x1200.jpg?v=20130730","https://m1.spitogatos.gr/357641529_1600x1200.jpg?v=20130730","https://m2.spitogatos.gr/357641542_1600x1200.jpg?v=20130730","https://m1.spitogatos.gr/357641544_1600x1200.jpg?v=20130730","https://m2.spitogatos.gr/357641548_1600x1200.jpg?v=20130730","https://m3.spitogatos.gr/357641564_1600x1200.jpg?v=20130730","https://m3.spitogatos.gr/357641567_1600x1200.jpg?v=20130730","https://m2.spitogatos.gr/357641572_1600x1200.jpg?v=20130730","https://m2.spitogatos.gr/357641575_1600x1200.jpg?v=20130730","https://m3.spitogatos.gr/357641576_1600x1200.jpg?v=20130730","https://m2.spitogatos.gr/357641578_1600x1200.jpg?v=20130730","https://m2.spitogatos.gr/357641581_1600x1200.jpg?v=20130730","https://m1.spitogatos.gr/357641595_1600x1200.jpg?v=20130730","https://m1.spitogatos.gr/357641598_1600x1200.jpg?v=20130730","https://m1.spitogatos.gr/357641601_1600x1200.jpg?v=20130730","https://m3.spitogatos.gr/357641603_1600x1200.jpg?v=20130730","1","0","2","2","38.04686","3","1","23.81531",,"1","0","0","2026-07-28","0","0",,"0","1","3","2","1","1",,"1",,"0","0","0","1950",,,"0","0","0","0","10.43",,,"1","3",,"1","0",,"0","1","3","0","1","1","187","1",,"Μαραθωνοδρόμου 135, Μαρούσι 15125","1","3","0","2026-06-02","https://www.spitogatos.gr/en/property/1219990510","https://tour.giraffe360.com/97e64bd5d3c044ffa9cf54453f894718/","0","1","2000",,"residential"
"1","1","no","vip","4",,,,,"1","0","0","0","2026-07-29","0","1","0","0","1","0","house","0",,"0","Η αναγραφόμενη τιμή αφορά μίσθωση 12 μηνών με προπληρωμή, εξαιρουμένων λογαριασμών και κοινοχρήστων.<br />
Κλείστε αυτό το διαμέρισμα τώρα:<br />
https://www.movingdoors.com/listing/furnished-apartments-athens-greece/athens-ath26011<br />
<br />
Καλώς ήρθατε στη Moving Doors! Σ' ένα πλήρως επιπλωμένο, ιδανικό διαμέρισμα 3 υπνοδωματίων στο Κολωνάκι, όπου η πολυτέλεια συναντά την άνεση. Στη Moving Doors προσφέρουμε πλήρως εξοπλισμένα διαμερίσματα με μοντέρνο σχεδιασμό, που συνδυάζουν την κομψότητα με τη ζεστή ατμόσφαιρα του σπιτιού. Είτε επισκέπτεστε την Αθήνα για δουλειά, διασκέδαση ή οικογενειακές διακοπές, αυτό το πλήρως επιπλωμένο διαμέρισμα δεν είναι απλώς ένας χώρος διαμονής – είναι το δεύτερο σπίτι σας.<br />
<br />
Τί το κάνει ξεχωριστό:<br />
✔ Ευρύχωρο, πλήρως επιπλωμένο διαμέρισμα 3 υπνοδωματίων στο Παλαιό Φάληρο, ιδανικό για οικογένειες, παρέες ή επαγγελματίες<br />
✔ Απολαύστε premium ήχο με το ηχοσύστημα Marshall ή απολαύστε τον καφέ σας με τη μηχανή Nespresso<br />
✔ Γρήγορο internet<br />
✔ Ιδανική τοποθεσία, μόλις λίγα λεπτά από τα καλύτερα αξιοθέατα, καφέ και σημεία ενδιαφέροντος<br />
✔ Καθ’ όλη τη διάρκεια της διαμονής σας, μπορείτε να επικοινωνείτε εύκολα με την ομάδα υποστήριξης πελατών<br />
✔ Επαγγελματικές υπηρεσίες καθαριότητας και concierge, στη διάθεσή σας για κάθε σας ανάγκη<br />
<br />
Είτε σχεδιάζετε μια σύντομη είτε μια παρατεταμένη διαμονή, η Moving Doors σας προσφέρει πολυτελή διαμερίσματα στην Αθήνα, που συνδυάζουν στυλ, λειτουργικότητα και άνεση. Με προσοχή στη λεπτομέρεια, σας προσφέρουμε όλα όσα χρειάζεστε για μια ευχάριστη και ξέγνοιαστη διαμονή.",,"0","1","5","1","0","2026-03-18","6","2","0","no","no","0","Αθήνα - Κέντρο (Αττική)","Κολωνάκι - Λυκαβηττός (Αθήνα - Κέντρο)","1","105103","100","6009","2019",,"1","2","0","1","1","1219567584","https://m3.spitogatos.gr/350568221_1600x1200.jpg?v=20130730","https://m2.spitogatos.gr/350568223_1600x1200.jpg?v=20130730","https://m1.spitogatos.gr/350568228_1600x1200.jpg?v=20130730","https://m3.spitogatos.gr/350568230_1600x1200.jpg?v=20130730","https://m2.spitogatos.gr/350568235_1600x1200.jpg?v=20130730","https://m3.spitogatos.gr/350568239_1600x1200.jpg?v=20130730","https://m2.spitogatos.gr/350568241_1600x1200.jpg?v=20130730","https://m1.spitogatos.gr/350568246_1600x1200.jpg?v=20130730","https://m2.spitogatos.gr/350568250_1600x1200.jpg?v=20130730","https://m1.spitogatos.gr/350568255_1600x1200.jpg?v=20130730","https://m2.spitogatos.gr/350568259_1600x1200.jpg?v=20130730","https://m2.spitogatos.gr/350568265_1600x1200.jpg?v=20130730","https://m2.spitogatos.gr/350568268_1600x1200.jpg?v=20130730","https://m2.spitogatos.gr/350568274_1600x1200.jpg?v=20130730","https://m1.spitogatos.gr/350568279_1600x1200.jpg?v=20130730","https://m3.spitogatos.gr/350568284_1600x1200.jpg?v=20130730","https://m3.spitogatos.gr/350568287_1600x1200.jpg?v=20130730","https://m3.spitogatos.gr/350568293_1600x1200.jpg?v=20130730","https://m3.spitogatos.gr/350568296_1600x1200.jpg?v=20130730","https://m2.spitogatos.gr/350568301_1600x1200.jpg?v=20130730","https://m2.spitogatos.gr/350568304_1600x1200.jpg?v=20130730","https://m2.spitogatos.gr/350568307_1600x1200.jpg?v=20130730",,,,"0","0","2","1","37.978451","1","1","23.744699",,"1","0","0","2026-07-28","0","0",,"0","1","1","8","10","0",,"0",,"0","0","0","1950","2026-07-28 12:35:31","7","0","0","0","0","18.93","2100","true","1","3",,"1","1","2026","0","1","3","0","1","0","103","0",,"Πλουτάρχου, 25, Αθήνα Ελλάδα, 10675","1","1","0","2026-03-18","https://www.spitogatos.gr/en/property/1219567584","https://tour.giraffe360.com/d83d1402039e4f52804e39f19e57f421/?lsf=1","0","0","1960",,"residential"
