"AC","Floor Level","accessibleForDisabled","adType_code","adType_id","agentEmployee_firstName","agentEmployee_id","agentEmployee_lastName","agentEmployee_telephone","airy","alarm","attic","auction","availability","availableForDailyRent","awning","balcony","balconyArea","bright","builtInBBQ","byTheSea","category","caveBuilding","commonExpenses","corner","description","distanceSea","doubleGlass","electricCarChargingFacilities","elevator","energyClass","facade","fireplace","firstPublishDate","floorNumber","floorType","forCommercialUse","furnished","garage","garden","geographiesByLevel_2_fullName","geographiesByLevel_4_fullName","geographyParentIds_0","geographyParentIds_1","geographyParentIds_2","geographyParentIds_4","geographyParentIds_5","glassType","heatingController","heatingMedium","heatingUnderFloor","holidayHome","host_id","id","images/0","images/1","images/2","images/3","images/4","images/5","images/6","images/7","images/8","images/9","images/10","images/11","images/12","images/13","images/14","images/15","images/16","images/17","images/18","images/19","images/20","images/21","images/22","images/23","images/24","internal_stairs","investment","joinery","kitchens","latitude","levels","livingRooms","longitude","lotSize","luxHome","mannedReception","medicalOffice","modified","negotiablePrice","neoclassic","newDevelopment","nightPower","noAgentFee","no_of_WC","no_of_bathrooms","numberOfFloors","orientation","painted","penthouse","pestNet","petsAllowed","playroom","pool","preserved","price","priceChangeDate","priceChangePercentage","priceIncludesInternet","priceIncludesPower","priceIncludesSharedExp","priceIncludesWater","pricePerSqMeters","pricePreReduction","priceReduced","propertyPublishingOptionIds/0","propertyPublishingOptionIds/1","propertyPublishingOptionIds/2","published","renovated","renovationYear","requiresRenovation","road_type","rooms","satelite","secure_door","solar_heater","sq_meters","storage","storageArea","streetAddress","studentHome","subtype","unfinished","uploaded","url","vTourUrl","view","wholeFloorApartment","year_of_construction","youtubeVideoId","zoning"
"0","1","no","vip","4",,,,,"0","0","0","0","2026-07-07","0","1","1","0","1","0",,"house","0","20","0","Διαμέρισμα προς ενοικίαση στον 1ο όροφο, στην περιοχή Άνω Πατήσια - Κλωναρίδου, συνολικής επιφάνειας 57 τ.μ. Αποτελείται από 1 υπνοδωμάτιο, 1 μπάνιο, ανεξάρτητη κουζίνα και άνετο σαλόνι. Κατασκευάστηκε το 1985 και ανακαινίστηκε το 2026, με εργασίες που περιλαμβάνουν ανακαίνιση των ντουλαπιών της κουζίνας, ανακαίνιση της ντουλάπας του υπνοδωματίου, νέα υδραυλικά και ηλεκτρολογικά , ενώ το διαμέρισμα παραδίδεται φρεσκοβαμμένο. Η παράδοση του ακινήτου θα πραγματοποιηθεί σε 2 εβδομάδες. Διαθέτει κεντρική θέρμανση φυσικού αερίου με καλοριφέρ, κουφώματα αλουμινίου, ενεργειακό πιστοποιητικό κατηγορίας Δ και δάπεδα από ξύλο και μάρμαρο. Βρίσκεται σε πολύ καλή και ήσυχη γειτονιά, κοντά σε ηλεκτρικό σταθμό, σχολεία και super market, με θέα σε αστικό τοπίο. Είναι προσόψεως, φωτεινό, βαμμένο και κατάλληλο για φοιτητές. Επιπλέον διαθέτει τέντες, ασανσέρ και πόρτα ασφαλείας.<br />
<br />
 Τιμή ενοικίασης: 600€<br />
 BLANC GROUP<br />
Τηλέφωνο Επικοινωνίας: 2102884999<br />
email: contact@blancgroup.gr<br />
website: www.blancgroup.gr.",,,"0","1","6","1","0","2026-07-07","6","6","0","no","no","0","Αθήνα - Κέντρο (Αττική)","Άνω Πατήσια (Αθήνα - Κέντρο)","1","105103","100","6003","6109",,"2","2","0","0","1","1220321500","https://m2.spitogatos.gr/360753514_1600x1200.jpg?v=20130730","https://m3.spitogatos.gr/360753521_1600x1200.jpg?v=20130730","https://m2.spitogatos.gr/360753526_1600x1200.jpg?v=20130730","https://m1.spitogatos.gr/360753531_1600x1200.jpg?v=20130730","https://m3.spitogatos.gr/360753536_1600x1200.jpg?v=20130730",,,,,,,,,,,,,,,,,,,,,"0","0","2","1","38.017513","1","1","23.73369",,"0","0","0","2026-07-28","0","0",,"0",,"0","1",,,"1","0","0",,"0","0","0","600",,,"0","0","0","0","10.53",,,"1","3","6","1","1","2026","0","1","1","0","1","0","57","0",,,"1","1","0","2026-07-07","https://www.spitogatos.gr/en/property/1220321500",,"1","0","1985",,"residential"
"1","Ground Floor",,"vip","4",,,,,"1","1","0","0","2026-02-26","0","0","1","70","1","0",,"house","0",,,"Προς ενοικίαση διατίθεται εξαιρετική μονοκατοικία 295 τ.μ., κατασκευής 1992, σε προνομιακό σημείο στο Κορωπί, σε οικόπεδο 4.000 τ.μ. με ανοιχτό ορίζοντα και ανεμπόδιστη θέα. Το ακίνητο αναπτύσσεται σε 3 επίπεδα (υπόγειο–ισόγειο και 1ος όροφος) και βρίσκεται σε άριστη κατάσταση, προσφέροντας άνεση, λειτουργικότητα και ποιότητα διαβίωσης σε ένα ήσυχο και καταπράσινο περιβάλλον.<br />
<br />
Στο ισόγειο συναντάμε ευρύχωρο και φωτεινό σαλόνι με τζάκι, καθώς και επιπλέον χώρο καθιστικού, ιδανικό για στιγμές χαλάρωσης και φιλοξενίας. Η ενιαία κουζίνα με πάσο συνδέεται αρμονικά με τον χώρο τραπεζαρίας, όπου υπάρχει και μπαρ, δημιουργώντας ένα σύγχρονο και λειτουργικό περιβάλλον. Συμπληρωματικά, υπάρχει δεύτερη βοηθητική κουζίνα που εξυπηρετεί τις καθημερινές ανάγκες.<br />
<br />
Η κατοικία διαθέτει 4 άνετα υπνοδωμάτια, εκ των οποίων το ένα είναι master, 1 επιπλέον πλήρες μπάνιο και 1 WC επισκεπτών. Οι μεγάλες βεράντες συνολικής επιφάνειας 70 τ.μ. προσφέρουν ιδανικούς χώρους για υπαίθρια καθιστικά με θέα στο φυσικό τοπίο.<br />
<br />
Στους βοηθητικούς χώρους περιλαμβάνεται αποθήκη 50 τ.μ., ενώ το ακίνητο διαθέτει αυτονομία θέρμανσης, ηλιακό θερμοσίφωνα και κλιματισμό. Τα κουφώματα είναι αλουμινίου με διπλά τζάμια και σίτες, έχει τοποθετηθεί καινούργια πόρτα ασφαλείας και σύστημα συναγερμού, εξασφαλίζοντας άνεση και ασφάλεια.<br />
<br />
Η κατοικία διατίθεται πλήρως επιπλωμένη και εξοπλισμένη με ηλεκτρικές συσκευές και θα είναι διαθέσιμη από τα τέλη Ιουνίου. Πρόκειται για μια εξαιρετική επιλογή για όσους αναζητούν ποιοτική κατοικία σε ήσυχη τοποθεσία με άμεση πρόσβαση στην αγορά και τις βασικές υποδομές της περιοχής.<br />
Τιμή 1.600€ (000115314) Home & Business Real Estate",,,"0","0","6","1","1","2026-02-26","3",,"0","yes","yes","1","Αθήνα - Ανατολικά Προάστια (Αττική)","Κορωπί (Αθήνα - Ανατολικά Προάστια)","1","105103","104","2404","102404","Double","1","1","0","1","1","1219448841","https://m1.spitogatos.gr/346111551_1600x1200.jpg?v=20130730","https://m2.spitogatos.gr/346111597_1600x1200.jpg?v=20130730","https://m2.spitogatos.gr/346111585_1600x1200.jpg?v=20130730","https://m2.spitogatos.gr/346111564_1600x1200.jpg?v=20130730","https://m1.spitogatos.gr/346111590_1600x1200.jpg?v=20130730","https://m1.spitogatos.gr/346111575_1600x1200.jpg?v=20130730","https://m2.spitogatos.gr/346111579_1600x1200.jpg?v=20130730","https://m3.spitogatos.gr/346111568_1600x1200.jpg?v=20130730","https://m3.spitogatos.gr/346111577_1600x1200.jpg?v=20130730","https://m2.spitogatos.gr/346111570_1600x1200.jpg?v=20130730","https://m3.spitogatos.gr/346111583_1600x1200.jpg?v=20130730","https://m1.spitogatos.gr/346111572_1600x1200.jpg?v=20130730","https://m1.spitogatos.gr/346111566_1600x1200.jpg?v=20130730","https://m3.spitogatos.gr/346111553_1600x1200.jpg?v=20130730","https://m2.spitogatos.gr/346111555_1600x1200.jpg?v=20130730","https://m1.spitogatos.gr/346111557_1600x1200.jpg?v=20130730","https://m2.spitogatos.gr/346111561_1600x1200.jpg?v=20130730","https://m2.spitogatos.gr/346111558_1600x1200.jpg?v=20130730","https://m2.spitogatos.gr/346111546_1600x1200.jpg?v=20130730","https://m1.spitogatos.gr/346111563_1600x1200.jpg?v=20130730","https://m1.spitogatos.gr/346111548_1600x1200.jpg?v=20130730","https://m3.spitogatos.gr/346111550_1600x1200.jpg?v=20130730","https://m1.spitogatos.gr/346111560_1600x1200.jpg?v=20130730","https://m1.spitogatos.gr/346111593_1600x1200.jpg?v=20130730","https://m3.spitogatos.gr/346111547_1600x1200.jpg?v=20130730","1","0","2","2","37.8965","3","2","23.859709","4000",,"0","0","2026-07-28","1","0",,"0",,"1","2",,,,,"1",,"1","0","0","1600",,,"0","0","0","0","5.42",,,"1","3",,"1","0",,"0","1","4","0","1","1","295","1","50",,"0","4","0","2026-02-26","https://www.spitogatos.gr/en/property/1219448841",,"1","0","1992",,"residential"
"1","1",,"vip","4",,,,,"0","0","0","0","2026-11-01","0","0","1","0","0",,,"house",,,"1","Ανακάλυψε τα καλύτερα σημεία της Γλυφάδας , με αυτό το εκλεπτυσμένο διαμέρισμα δύο υπνοδωματίων της Blueground. Προσφέρει μια πλήρως εξοπλισμένη κουζίνα, ένα ευρύχωρο καθιστικό. Επίσης, καθ’όλη τη διάρκεια της διαμονής σου θα έχεις τη δυνατότητα να επικοινωνήσεις εύκολα και άμεσα με την ομάδα υποστήριξης πελατών και να βρεις χρήσιμες πληροφορίες τόσο για το διαμέρισμά σου όσο και για τη γειτονιά μέσω της ειδικής mobile εφαρμογής.<br><br />
<br />
Η διαφημιζόμενη τιμή των €1,850/μήνα είναι η τιμή για 1 έτος, με ημερομηνία έναρξης Οκτωβρίου 31, 2026.<br />
<br>Οι τιμές διαφέρουν ανάλογα με τη διάρκεια παραμονής, την εποχικότητα και άλλους παράγοντες. Επισκεφθείτε τον ιστότοπό μας και εισάγετε τις ημερομηνίες διαμονής σας για να δείτε ενημερωμένες τιμές για την κράτησή σας. Η τιμή ισχύει μόνο με προκαταβολή· ενδέχεται να είναι υψηλότερη εάν πληρωθεί σε δόσεις.<br />
<br />
<b>Κλείστε αυτό το διαμέρισμα online!</b><br />
<br />
https://www.theblueground.com/p/furnished-apartments/ath-2186?utm_source=classified-4<br />
<br />
Aναβαθμίστε τη διαμονή σας με ένα πλήρως επιπλωμένο διαμέρισμα από τη Blueground:<br />
      – Επιπλωμένα σπίτια σε τιμές αντίστοιχες με τα ανεπίπλωτα<br />
      – Χωρίς κόστη εγκατάστασης ή αγοράς επίπλων - εξοικονομήστε χρόνο και χρήματα<br />
      – Έτοιμα για άμεση μετακόμιση - το μόνο που χρειάζεστε είναι η βαλίτσα σας<br />
<br />
<b>Ο χώρος</b><br><br />
Έπιπλα μοναδικού design, πλήρως εξοπλισμένη κουζίνα, smart TV ή/και ασύρματα ηχεία τελευταίας τεχνολογίας, είναι λίγες μόνο από τις ανέσεις που σου προσφέρει αυτό το διαμέρισμα δύο υπνοδωματίων της Blueground. Θα το αγαπήσεις όμως και για τη μοναδική του τοποθεσία, καθώς βρίσκεται σε ένα από τα πιο κεντρικά σημεία της Γλυφάδας.<br />
<br />
<b>Διαρρύθμιση δωματίων ύπνου</b><br />
    <br />
        Μονό κρεβάτι: 90 εκ.<br />
<br />
        Υπέρδιπλο κρεβάτι: 160 εκ.<br />
<br />
<b>Παροχές κτιρίου</b><br />
<br />
      Ασανσέρ<br />
      Πλυντήριο<br />
<br />
<br />
<b>Άφιξη και συνεχής υποστήριξη πελατών</b><br><br />
Κατά τη διάρκεια της διαμονής σου, η ομάδα μας θα είναι διαθέσιμη για να σε βοηθήσει με οτιδήποτε χρειαστείς. Μέσω της ειδικής mobile εφαρμογής της Blueground έχεις συνεχή υποστήριξη, ενώ μπορείς ακόμη να προγραμματίσεις υπηρεσίες καθαρισμού, συντήρησης ή επισκευής, με το πάτημα ενός κουμπιού.<br />
<br />
<b>Ιδανική τοποθεσία</b><br />
<br />
Η Γλυφάδα είναι η μεγαλύτερη παραθαλάσσια γειτονιά της Αθηναϊκής Ριβιέρας, σε απόσταση μόλις 15 χιλιομέτρων από το κέντρο της πόλης. Πρόκειται για μια περιοχή με μπουτίκ σχεδιαστών, μοντέρνα καφέ, εστιατόρια υψηλών προδιαγραφών, αμμώδεις παραλίες και τέσσερις μαρίνες. Επιπλέον, εδώ βρίσκεται το πρώτο γήπεδο γκολφ στην Ελλάδα. Η Γλυφάδα θεωρείται μια από τις πιο διάσημες περιοχές για να μείνετε κοντά στην Αθήνα. Από εδώ μπορείτε να φτάσετε στο κέντρο της Αθήνας με το τραμ, το λεωφορείο ή το αυτοκίνητο.",,"1",,"1","4","0","0","2026-07-28","6",,"0","yes","no","0","Αθήνα - Νότια Προάστια (Αττική)","Γλυφάδα (Αθήνα - Νότια Προάστια)","1","105103","102","2208",,,"1","2","0","0","1","1220506993","https://m1.spitogatos.gr/363548622_1600x1200.jpg?v=20130730","https://m3.spitogatos.gr/363548627_1600x1200.jpg?v=20130730","https://m1.spitogatos.gr/363548631_1600x1200.jpg?v=20130730","https://m1.spitogatos.gr/363548634_1600x1200.jpg?v=20130730","https://m3.spitogatos.gr/363548636_1600x1200.jpg?v=20130730","https://m1.spitogatos.gr/363548640_1600x1200.jpg?v=20130730","https://m3.spitogatos.gr/363548642_1600x1200.jpg?v=20130730","https://m2.spitogatos.gr/363548647_1600x1200.jpg?v=20130730","https://m1.spitogatos.gr/363548649_1600x1200.jpg?v=20130730","https://m3.spitogatos.gr/363548654_1600x1200.jpg?v=20130730","https://m2.spitogatos.gr/363548659_1600x1200.jpg?v=20130730","https://m3.spitogatos.gr/363548663_1600x1200.jpg?v=20130730","https://m1.spitogatos.gr/363548667_1600x1200.jpg?v=20130730","https://m2.spitogatos.gr/363548671_1600x1200.jpg?v=20130730","https://m1.spitogatos.gr/363548673_1600x1200.jpg?v=20130730","https://m3.spitogatos.gr/363548675_1600x1200.jpg?v=20130730","https://m2.spitogatos.gr/363548677_1600x1200.jpg?v=20130730","https://m1.spitogatos.gr/363548679_1600x1200.jpg?v=20130730","https://m2.spitogatos.gr/363548683_1600x1200.jpg?v=20130730","https://m3.spitogatos.gr/363548690_1600x1200.jpg?v=20130730","https://m3.spitogatos.gr/363548696_1600x1200.jpg?v=20130730","https://m3.spitogatos.gr/363548702_1600x1200.jpg?v=20130730","https://m3.spitogatos.gr/363548705_1600x1200.jpg?v=20130730","https://m3.spitogatos.gr/363548708_1600x1200.jpg?v=20130730","https://m3.spitogatos.gr/363548711_1600x1200.jpg?v=20130730","0","0",,"0","37.86433","1","0","23.750534",,"0",,,"2026-07-28","0","0",,"0",,"0","1",,,"1","0","1",,"0","0","0","1850",,,"0","0","0","0","24.34",,,"1","3","6","1","1",,,,"2","0","1",,"76","0",,"Markou Mpotsari 1-3","1","1","0","2026-07-28","https://www.spitogatos.gr/en/property/1220506993","https://nodalview.com/s/0tT0LPc2f1tOqs8UA9jmKp","0",,"1980",,
"1","Ground Floor",,"vip","4",,,,,,,"0","0","2026-06-15","0","0","1","0","1","0",,"house","0",,"0","Σε συγκρότημα κατοικιών στην Αγία Μαρίνα, διατίθεται ανακαινισμένο διαμέρισμα 165 τ.μ., το οποίο συνδυάζει ιδιωτικότητα, άνεση και μοναδική εγγύτητα στη θάλασσα.<br />
<br />
Το ακίνητο, κατασκευής 1972, ανακαινισμένο το 2026. Διαθέτει αυτόνομη είσοδο και δύο ανεξάρτητες προσβάσεις, τόσο από το εσωτερικό του συγκροτήματος όσο και απευθείας από τη λεωφόρο, εξασφαλίζοντας ευκολία και αυτονομία.<br />
<br />
Οι εσωτερικοί χώροι είναι άνετοι, φωτεινοί και λειτουργικοί, περιλαμβάνοντας ευρύχωρο σαλόνι με τζάκι, καθώς και έναν όμορφο κλειστό χώρο με ενεργειακά κουφώματα αλουμινίου, ο οποίος λειτουργεί ως φυσική επέκταση του κεντρικού καθιστικού και είναι ιδανικός για πολλαπλές χρήσεις καθ’ όλη τη διάρκεια του χρόνου, τόσο τον χειμώνα όσο και το καλοκαίρι. Η κατοικία διαθέτει επίσης ανεξάρτητη κουζίνα, δύο υπνοδωμάτια, ένα μπάνιο και ένα επιπλέον WC. Επιπλέον, είναι εξοπλισμένη με αντλία θερμότητας για ψύξη και θέρμανση, ηλιακό θερμοσίφωνα, τρία κλιματιστικά και κουφώματα αλουμινίου με διπλά ενεργειακά τζάμια.<br />
<br />
Πλεονέκτημα αποτελεί ο ιδιωτικός κήπος 400 τ.μ. με γκαζόν και πηγάδι, ιδανικός για στιγμές χαλάρωσης και οικογενειακές συγκεντρώσεις, ενώ η θέα στη θάλασσα ενισχύει την αίσθηση ηρεμίας και εξοχικής διαβίωσης.<br />
<br />
Το ακίνητο διαθέτει συνολικά τρεις θέσεις στάθμευσης, δύο επί του δρόμου και μία εντός του συγκροτήματος. Ακριβώς έξω από την είσοδο βρίσκεται υπόγεια διάβαση που οδηγεί σε δύο οργανωμένες παραλίες, οι οποίες απέχουν μόλις δύο λεπτά με τα πόδια.",,,,"0","4","1","1","2026-06-15","3",,"0","no","yes","1","Αθήνα - Ανατολικά Προάστια (Αττική)","Κορωπί (Αθήνα - Ανατολικά Προάστια)","1","105103","104","2404","202328","Double","1","13","0","1","1","1220124335","https://m1.spitogatos.gr/357295815_1600x1200.jpg?v=20130730","https://m1.spitogatos.gr/357295812_1600x1200.jpg?v=20130730","https://m1.spitogatos.gr/357295830_1600x1200.jpg?v=20130730","https://m2.spitogatos.gr/357295810_1600x1200.jpg?v=20130730","https://m1.spitogatos.gr/357295809_1600x1200.jpg?v=20130730","https://m3.spitogatos.gr/357295802_1600x1200.jpg?v=20130730","https://m1.spitogatos.gr/357295818_1600x1200.jpg?v=20130730","https://m3.spitogatos.gr/357295820_1600x1200.jpg?v=20130730","https://m3.spitogatos.gr/357295823_1600x1200.jpg?v=20130730","https://m2.spitogatos.gr/357295840_1600x1200.jpg?v=20130730","https://m3.spitogatos.gr/357295847_1600x1200.jpg?v=20130730","https://m3.spitogatos.gr/357295853_1600x1200.jpg?v=20130730","https://m2.spitogatos.gr/357295852_1600x1200.jpg?v=20130730","https://m3.spitogatos.gr/357295850_1600x1200.jpg?v=20130730","https://m1.spitogatos.gr/357295824_1600x1200.jpg?v=20130730","https://m2.spitogatos.gr/357295828_1600x1200.jpg?v=20130730","https://m2.spitogatos.gr/357295834_1600x1200.jpg?v=20130730","https://m1.spitogatos.gr/357295836_1600x1200.jpg?v=20130730","https://m3.spitogatos.gr/357295862_1600x1200.jpg?v=20130730","https://m2.spitogatos.gr/357295873_1600x1200.jpg?v=20130730",,,,,,"0","0","2","1","37.808022","1","1","23.848915",,,"0","0","2026-07-28","0","0",,"0",,"1","1",,,,,,,"0","0","0","1200","2026-07-27 12:58:18","8","0","0","0","0","7.27","1300","true","1","3",,"1","1","2026","0","1","2","0",,"1","165",,,,"0","1","0","2026-06-15","https://www.spitogatos.gr/en/property/1220124335",,"1","1","1972",,"residential"
"1","1","no","vip","4","Νίκη - Κωνσταντίνα","26002","Δάγλα","6932362803","1","0","0","0","2026-10-01","0","1","1","12","1","0","false","house","0","40","0","🏡 **ΜΑΡΟΥΣΙ | Επιπλωμένο Διαμέρισμα 50 τ.μ. | Μεγάλη Βεράντα | Parking | Αποθήκη | Έτοιμο προς Κατοίκηση**<br />
<br />
💶 **Τιμή:** €900/μήνα<br />
📍 **Περιοχή:** Μαρούσι<br />
📐 **Εμβαδόν:** 50 τ.μ.<br />
🏢 **Όροφος:** 1ος<br />
🛏️ **Υπνοδωμάτια:** 1<br />
🛁 **Μπάνιο:** 1<br />
🌿 **Βεράντα:** 12 τ.μ.<br />
🚗 **Parking:** Ιδιωτική θέση<br />
📦 **Αποθήκη:** Ναι<br />
🔥 **Θέρμανση:** Αυτόνομη πετρελαίου<br />
🗓️ **Διαθέσιμο από:** Δεκέμβρη 2026<br />
<br />
---<br />
<br />
 ✨ Ένα κομψό και πλήρως επιπλωμένο διαμέρισμα στην καρδιά του Αμαρουσίου<br />
<br />
Σε μία από τις πιο ήσυχες και ποιοτικές γειτονιές του Αμαρουσίου διατίθεται προς ενοικίαση ένα ιδιαίτερα προσεγμένο διαμέρισμα **50 τ.μ.**, πλήρως επιπλωμένο και έτοιμο να υποδεχθεί τον νέο του ενοικιαστή.<br />
<br />
Η κατοικία συνδυάζει λειτουργικότητα, άνεση και υψηλή αισθητική, αποτελώντας ιδανική επιλογή για στελέχη εταιρειών, επαγγελματίες, ζευγάρια και όσους αναζητούν μία ποιοτική κατοικία στα Βόρεια Προάστια.<br />
<br />
Το φωτεινό καθιστικό, το άνετο υπνοδωμάτιο, η λειτουργική κουζίνα και η ευρύχωρη βεράντα 12 τ.μ. δημιουργούν ένα ευχάριστο περιβάλλον για καθημερινή διαβίωση και στιγμές χαλάρωσης.<br />
<br />
🏠 Χαρακτηριστικά Ακινήτου<br />
<br />
✔️ Πλήρως επιπλωμένο<br />
✔️ Φωτεινό σαλόνι<br />
✔️ Άνετο υπνοδωμάτιο<br />
✔️ Λειτουργική κουζίνα<br />
✔️ Μπάνιο με μπανιέρα<br />
✔️ Μεγάλη βεράντα 12 τ.μ.<br />
✔️ Αυτόνομη θέρμανση πετρελαίου<br />
✔️ Ιδιωτική θέση στάθμευσης<br />
✔️ Αποθήκη<br />
✔️ Έτοιμο για άμεση εγκατάσταση<br />
<br />
📍 Προνομιακή Τοποθεσία<br />
<br />
Το διαμέρισμα βρίσκεται σε εξαιρετικό σημείο του Αμαρουσίου, με εύκολη πρόσβαση σε:<br />
<br />
🚇 Μέσα Μαζικής Μεταφοράς<br />
🛍️ Εμπορικά καταστήματα & Super Market<br />
☕ Καφέ & Εστιατόρια<br />
🌳 Πάρκα & χώρους πρασίνου<br />
🏥 Νοσοκομεία και Ιατρικά Κέντρα<br />
🏢 Επιχειρηματικά κέντρα και μεγάλες εταιρείες<br />
🛣️ Λεωφόρο Κηφισίας & Αττική Οδό<br />
<br />
Κωδικός Ακινήτου: 00293<br />
Landtourist Overseas, Λυκαβηττού 25, Κολωνάκι, Τηλέφωνο Γραφείου: 2103638040, Ώρες Λειτουργίας: 9:00 - 21:00<br />
Πηδικτάκης Γιάννης: 6973094689.","6000",,"0","1","4","1","1","2026-07-17","6","10","0","yes","yes","1","Αθήνα - Βόρεια Προάστια (Αττική)","Μαρούσι (Αθήνα - Βόρεια Προάστια)","1","105103","101","2111","106349","Double","1","2","0","0","1","1217680867","https://m1.spitogatos.gr/321544266_1600x1200.jpg?v=20130730","https://m2.spitogatos.gr/321544273_1600x1200.jpg?v=20130730","https://m1.spitogatos.gr/321544269_1600x1200.jpg?v=20130730","https://m1.spitogatos.gr/321544260_1600x1200.jpg?v=20130730","https://m2.spitogatos.gr/321544255_1600x1200.jpg?v=20130730","https://m1.spitogatos.gr/321544242_1600x1200.jpg?v=20130730","https://m2.spitogatos.gr/321544294_1600x1200.jpg?v=20130730","https://m1.spitogatos.gr/321544263_1600x1200.jpg?v=20130730","https://m3.spitogatos.gr/321544280_1600x1200.jpg?v=20130730","https://m2.spitogatos.gr/321544276_1600x1200.jpg?v=20130730","https://m3.spitogatos.gr/321544283_1600x1200.jpg?v=20130730","https://m3.spitogatos.gr/321544286_1600x1200.jpg?v=20130730","https://m1.spitogatos.gr/321544290_1600x1200.jpg?v=20130730","https://m1.spitogatos.gr/321544299_1600x1200.jpg?v=20130730","https://m1.spitogatos.gr/321544302_1600x1200.jpg?v=20130730","https://m2.spitogatos.gr/321544306_1600x1200.jpg?v=20130730","https://m3.spitogatos.gr/321544307_1600x1200.jpg?v=20130730",,,,,,,,,"0","1","2","1","38.047668","1","2","23.813641","400","0","0","0","2026-07-28","0","0",,"0",,"0","1","5","2","1",,"0","1","0","0","0","900",,,"0","0","0","0","18",,,"1","3",,"1","1","2010","0","1","1","1","1","0","50","1","5","Μαραθωνοδρόμου, 121, Μαρούσι Ελλάδα, 15125","1","1","0","2025-06-02","https://www.spitogatos.gr/en/property/1217680867",,"1","0","2002",,"residential"
"1","1",,"vip","4",,,,,,,,"0","2026-07-28","0",,"1","0",,,,"house",,,,"Ενοικιάζεται εξαιρετικό ανακαινισμένο διαμέρισμα με πολύ εύκολη πρόσβαση σε στάση ΗΣΑΠ, στην Λεωφόρο Αλεξάνδρας και στο Κέντρο της Αθήνας. Αποτελείται από 1 άνετο σαλόνι με ξύλινο πάτωμα, 1 ευρύχωρο υπνοδωμάτιο, 1 ανακαινισμένη κουζίνα, και 1 ανακαινισμένο μπάνιο. Διαθέτει ανακαινισμένα κουφώματα αλουμινίου με διπλά τζάμια και σίτες και πόρτα ασφαλείας. Είναι φρεσκοβαμμένο. Η θέρμανση με 2 κλιματιστικά. Επίσης διαθέτει ασανσέρ . Είναι κατάλληλο και για φοιτητικό. Τηλ επικοινωνίας 6974333444",,,,"1","5","0",,"2026-07-28","6",,"1",,"no",,"Αθήνα - Κέντρο (Αττική)","Γκύζη - Πεδίον Άρεως (Αθήνα - Κέντρο)","1","105103","100","6006","2037",,,,,,"1","1220506980","https://m2.spitogatos.gr/363548680_1600x1200.jpg?v=20130730","https://m3.spitogatos.gr/363548681_1600x1200.jpg?v=20130730","https://m3.spitogatos.gr/363548684_1600x1200.jpg?v=20130730","https://m1.spitogatos.gr/363548685_1600x1200.jpg?v=20130730","https://m2.spitogatos.gr/363548686_1600x1200.jpg?v=20130730","https://m2.spitogatos.gr/363548689_1600x1200.jpg?v=20130730","https://m1.spitogatos.gr/363548691_1600x1200.jpg?v=20130730","https://m2.spitogatos.gr/363548692_1600x1200.jpg?v=20130730","https://m2.spitogatos.gr/363548695_1600x1200.jpg?v=20130730","https://m1.spitogatos.gr/363548697_1600x1200.jpg?v=20130730","https://m2.spitogatos.gr/363548698_1600x1200.jpg?v=20130730","https://m1.spitogatos.gr/363548700_1600x1200.jpg?v=20130730",,,,,,,,,,,,,,,,"2","1","37.99506","1","1","23.73237",,,,,"2026-07-28","0",,,,,"0","1",,,"1",,"1",,,,,"600",,,"0","0","0","0","1",,,"1","3",,"1","1",,,,"1",,"1",,"600",,,,,"1",,"2026-07-28","https://www.spitogatos.gr/en/property/1220506980",,,,,,
"1","1",,"vip","4",,,,,"0","0","0","0","2026-11-01","0","0","1","0","0",,,"house",,,"1","Ξεκίνα να ζεις από την πρώτη μέρα, σε αυτό το σύγχρονα επιπλωμένο διαμέρισμα τριών υπνοδωματίων της Blueground στο κέντρο της Κηφισιάς. Πλήρως εξοπλισμένο με έπιπλα μοναδικού design, ηλεκτρικές συσκευές τελευταίας τεχνολογίας.<br><br />
<br />
Η διαφημιζόμενη τιμή των €1,760/μήνα είναι η τιμή για 1 έτος, με ημερομηνία έναρξης Οκτωβρίου 31, 2026.<br />
<br>Οι τιμές διαφέρουν ανάλογα με τη διάρκεια παραμονής, την εποχικότητα και άλλους παράγοντες. Επισκεφθείτε τον ιστότοπό μας και εισάγετε τις ημερομηνίες διαμονής σας για να δείτε ενημερωμένες τιμές για την κράτησή σας. Η τιμή ισχύει μόνο με προκαταβολή· ενδέχεται να είναι υψηλότερη εάν πληρωθεί σε δόσεις.<br />
<br />
<b>Κλείστε αυτό το διαμέρισμα online!</b><br />
<br />
https://www.theblueground.com/p/furnished-apartments/ath-2000?utm_source=classified-4<br />
<br />
Aναβαθμίστε τη διαμονή σας με ένα πλήρως επιπλωμένο διαμέρισμα από τη Blueground:<br />
      – Επιπλωμένα σπίτια σε τιμές αντίστοιχες με τα ανεπίπλωτα<br />
      – Χωρίς κόστη εγκατάστασης ή αγοράς επίπλων - εξοικονομήστε χρόνο και χρήματα<br />
      – Έτοιμα για άμεση μετακόμιση - το μόνο που χρειάζεστε είναι η βαλίτσα σας<br />
<br />
<b>Ο χώρος</b><br><br />
Έπιπλα μοναδικού design, πλήρως εξοπλισμένη κουζίνα, smart TV ή/και ασύρματα ηχεία τελευταίας τεχνολογίας, είναι λίγες μόνο από τις ανέσεις που σου προσφέρει αυτό το διαμέρισμα τριών υπνοδωματίων της Blueground. Θα το αγαπήσεις όμως και για τη μοναδική του τοποθεσία, καθώς βρίσκεται σε ένα από τα πιο κεντρικά σημεία της Κηφισιάς.<br />
<br />
<b>Διαρρύθμιση δωματίων ύπνου</b><br />
    <br />
        Υπέρδιπλο κρεβάτι: 180 εκ.<br />
<br />
        Υπέρδιπλο κρεβάτι: 160 εκ.<br />
<br />
        Διπλό κρεβάτι: 140 εκ.<br />
<br />
<b>Παροχές κτιρίου</b><br />
<br />
      Πλυντήριο<br />
      Θέση στάθμευσης<br />
<br />
<br />
<b>Άφιξη και συνεχής υποστήριξη πελατών</b><br><br />
Κατά τη διάρκεια της διαμονής σου, η ομάδα μας θα είναι διαθέσιμη για να σε βοηθήσει με οτιδήποτε χρειαστείς. Μέσω της ειδικής mobile εφαρμογής της Blueground έχεις συνεχή υποστήριξη, ενώ μπορείς ακόμη να προγραμματίσεις υπηρεσίες καθαρισμού, συντήρησης ή επισκευής, με το πάτημα ενός κουμπιού.<br />
<br />
<b>Ιδανική τοποθεσία</b><br />
<br />
Η Κηφισιά είναι μια εύπορη γειτονιά που βρίσκεται στα βόρεια προάστια της Αθήνας, μόλις 14 χιλιόμετρα από το κέντρο της πόλης. Η περιοχή είναι περισσότερο γνωστή για τα πολυτελή κτίρια και τα αρχοντικά της που χρονολογούνται από διάφορες εποχές, τις μπουτίκ σχεδιαστών, τα υψηλής ποιότητας εστιατόρια και τα υπέροχα πάρκα. Η Κηφισιά φιλοξενεί επίσης το Μουσείο Γουλανδρή Φυσικής Ιστορίας. Μπορείτε να φτάσετε εύκολα στην Κηφισιά με λεωφορείο ή με τη γραμμή 1 του σιδηροδρομικού δικτύου της Αθήνας.",,"1",,"0","5","0","1","2026-07-28","6",,"0","yes","yes","0","Αθήνα - Βόρεια Προάστια (Αττική)","Κηφισιά (Αθήνα - Βόρεια Προάστια)","1","105103","101","2108",,,"1",,"0","0","1","1220506884","https://m3.spitogatos.gr/363546902_1600x1200.jpg?v=20130730","https://m2.spitogatos.gr/363546910_1600x1200.jpg?v=20130730","https://m3.spitogatos.gr/363546920_1600x1200.jpg?v=20130730","https://m1.spitogatos.gr/363546927_1600x1200.jpg?v=20130730","https://m3.spitogatos.gr/363546935_1600x1200.jpg?v=20130730","https://m1.spitogatos.gr/363546942_1600x1200.jpg?v=20130730","https://m1.spitogatos.gr/363546948_1600x1200.jpg?v=20130730","https://m1.spitogatos.gr/363546954_1600x1200.jpg?v=20130730","https://m1.spitogatos.gr/363546960_1600x1200.jpg?v=20130730","https://m3.spitogatos.gr/363546965_1600x1200.jpg?v=20130730","https://m2.spitogatos.gr/363546973_1600x1200.jpg?v=20130730","https://m1.spitogatos.gr/363546978_1600x1200.jpg?v=20130730","https://m2.spitogatos.gr/363546982_1600x1200.jpg?v=20130730","https://m1.spitogatos.gr/363546987_1600x1200.jpg?v=20130730","https://m1.spitogatos.gr/363546993_1600x1200.jpg?v=20130730","https://m2.spitogatos.gr/363546997_1600x1200.jpg?v=20130730","https://m2.spitogatos.gr/363547003_1600x1200.jpg?v=20130730","https://m3.spitogatos.gr/363547010_1600x1200.jpg?v=20130730","https://m1.spitogatos.gr/363547017_1600x1200.jpg?v=20130730","https://m1.spitogatos.gr/363547026_1600x1200.jpg?v=20130730","https://m3.spitogatos.gr/363547034_1600x1200.jpg?v=20130730","https://m1.spitogatos.gr/363547044_1600x1200.jpg?v=20130730","https://m3.spitogatos.gr/363547049_1600x1200.jpg?v=20130730","https://m2.spitogatos.gr/363547054_1600x1200.jpg?v=20130730","https://m1.spitogatos.gr/363547059_1600x1200.jpg?v=20130730","0","0",,"0","38.074455","1","0","23.803476",,"0",,,"2026-07-28","0","0",,"0",,"0","2",,,"1","0","1",,"0","0","0","1760",,,"0","0","0","0","14.08",,,"1","3","6","1","0",,,,"3","0","1",,"125","0",,"1st Parodos Acharnon Kifisia 5","1","1","0","2026-07-28","https://www.spitogatos.gr/en/property/1220506884","https://nodalview.com/s/33qDvQfqbFuP40pcqSQ4bP","0",,"1980",,
"1","5",,"vip","4",,,,,"0","0","0","0","2026-08-06","0","0","1","0","0",,,"house",,,"1","Νιώσε σαν στο σπίτι σου, όπου και αν επιλέξεις να μείνεις με την Blueground. Θα λατρέψεις αυτό το σύγχρονα επιπλωμένο διαμέρισμα δύο υπνοδωματίων, για τη διακόσμησή του, την πλήρως εξοπλισμένη κουζίνα και το κομψό καθιστικό του. Βρίσκεται σε ιδανική τοποθεσία, κοντά σε όλα όσα έχει να σου προσφέρει το Παλαιό Φάληρο!<br><br />
<br />
Η διαφημιζόμενη τιμή των €1,110/μήνα είναι η τιμή για 1 έτος, με ημερομηνία έναρξης Αυγούστου 5, 2026.<br />
<br>Οι τιμές διαφέρουν ανάλογα με τη διάρκεια παραμονής, την εποχικότητα και άλλους παράγοντες. Επισκεφθείτε τον ιστότοπό μας και εισάγετε τις ημερομηνίες διαμονής σας για να δείτε ενημερωμένες τιμές για την κράτησή σας. Η τιμή ισχύει μόνο με προκαταβολή· ενδέχεται να είναι υψηλότερη εάν πληρωθεί σε δόσεις.<br />
<br />
<b>Κλείστε αυτό το διαμέρισμα online!</b><br />
<br />
https://www.theblueground.com/p/furnished-apartments/ath-1998?utm_source=classified-4<br />
<br />
Aναβαθμίστε τη διαμονή σας με ένα πλήρως επιπλωμένο διαμέρισμα από τη Blueground:<br />
      – Επιπλωμένα σπίτια σε τιμές αντίστοιχες με τα ανεπίπλωτα<br />
      – Χωρίς κόστη εγκατάστασης ή αγοράς επίπλων - εξοικονομήστε χρόνο και χρήματα<br />
      – Έτοιμα για άμεση μετακόμιση - το μόνο που χρειάζεστε είναι η βαλίτσα σας<br />
<br />
<b>Ο χώρος</b><br><br />
Έπιπλα μοναδικού design, πλήρως εξοπλισμένη κουζίνα, smart TV ή/και ασύρματα ηχεία τελευταίας τεχνολογίας, είναι λίγες μόνο από τις ανέσεις που σου προσφέρει αυτό το διαμέρισμα δύο υπνοδωματίων της Blueground. Θα το αγαπήσεις όμως και για τη μοναδική του τοποθεσία, καθώς βρίσκεται σε ένα από τα πιο κεντρικά σημεία του Παλαιού Φαλήρου.<br />
<br />
<b>Διαρρύθμιση δωματίων ύπνου</b><br />
    <br />
        Υπέρδιπλο κρεβάτι: 160 εκ.<br />
<br />
        Διπλό κρεβάτι: 140 εκ.<br />
<br />
<b>Παροχές κτιρίου</b><br />
<br />
      Ασανσέρ<br />
      Πλυντήριο<br />
<br />
<br />
<b>Άφιξη και συνεχής υποστήριξη πελατών</b><br><br />
Κατά τη διάρκεια της διαμονής σου, η ομάδα μας θα είναι διαθέσιμη για να σε βοηθήσει με οτιδήποτε χρειαστείς. Μέσω της ειδικής mobile εφαρμογής της Blueground έχεις συνεχή υποστήριξη, ενώ μπορείς ακόμη να προγραμματίσεις υπηρεσίες καθαρισμού, συντήρησης ή επισκευής, με το πάτημα ενός κουμπιού.<br />
<br />
<b>Ιδανική τοποθεσία</b><br />
<br />
Το Παλαιό Φάληρο είναι μια παραθαλάσσια γειτονιά, 6 χλμ. νοτιοδυτικά του κέντρου της πόλης. Βρίσκεται στη Μαρίνα Φλοίσβου και είναι ένα δημοφιλές σημείο αγκυροβολίας για σκάφη και γιοτ. Υπάρχουν πολλές επιλογές για ποτό και φαγητό εδώ, από πολυτελή μπαρ μέχρι οικογενειακές ταβέρνες με θαλασσινά. Επίσης, το Παλαιό Φάληρο βρίσκεται πολύ κοντά στο Κέντρο Πολιτισμού Ίδρυμα Σταύρος Νιάρχος, ένα ορόσημο που φιλοξενεί την Εθνική Βιβλιοθήκη της Ελλάδας και την Εθνική Λυρική Σκηνή. Επιπλέον, υπάρχει το Πάρκο Σταύρος Νιάρχος, ένα από τα μεγαλύτερα σημεία πρασίνου στην Αθήνα. Η περιοχή εξυπηρετείται από το τραμ και πολλά λεωφορεία. Η γειτονιά αυτή συνδέεται απευθείας με το Διεθνές Αεροδρόμιο της Αθήνας μέσω του λεωφορείου εξπρές X96.",,"1",,"1","5","0","0","2026-07-16","10",,"0","yes","no","0","Αθήνα - Νότια Προάστια (Αττική)","Παλαιό Φάληρο (Αθήνα - Νότια Προάστια)","1","105103","102","2217",,,"1","2","0","0","1","1220399104","https://m1.spitogatos.gr/362045697_1600x1200.jpg?v=20130730","https://m2.spitogatos.gr/362045701_1600x1200.jpg?v=20130730","https://m1.spitogatos.gr/362045715_1600x1200.jpg?v=20130730","https://m3.spitogatos.gr/362045747_1600x1200.jpg?v=20130730","https://m2.spitogatos.gr/362045752_1600x1200.jpg?v=20130730","https://m2.spitogatos.gr/362045770_1600x1200.jpg?v=20130730","https://m3.spitogatos.gr/362045786_1600x1200.jpg?v=20130730","https://m1.spitogatos.gr/362045805_1600x1200.jpg?v=20130730","https://m3.spitogatos.gr/362045807_1600x1200.jpg?v=20130730","https://m3.spitogatos.gr/362045825_1600x1200.jpg?v=20130730","https://m3.spitogatos.gr/362045858_1600x1200.jpg?v=20130730","https://m1.spitogatos.gr/362045868_1600x1200.jpg?v=20130730","https://m3.spitogatos.gr/362045885_1600x1200.jpg?v=20130730","https://m3.spitogatos.gr/362045897_1600x1200.jpg?v=20130730","https://m1.spitogatos.gr/362045901_1600x1200.jpg?v=20130730","https://m1.spitogatos.gr/362045925_1600x1200.jpg?v=20130730","https://m3.spitogatos.gr/362045930_1600x1200.jpg?v=20130730","https://m2.spitogatos.gr/362045935_1600x1200.jpg?v=20130730","https://m3.spitogatos.gr/362045948_1600x1200.jpg?v=20130730","https://m1.spitogatos.gr/362045952_1600x1200.jpg?v=20130730","https://m2.spitogatos.gr/362046004_1600x1200.jpg?v=20130730","https://m3.spitogatos.gr/362046011_1600x1200.jpg?v=20130730",,,,"0","0",,"0","37.931427","1","0","23.689737",,"0",,,"2026-07-28","0","0",,"0",,"0","1",,,"1","0","1",,"0","0","0","1110",,,"0","0","0","0","16.57",,,"1","3","6","1","0",,,,"2","0","1",,"67","0",,"Kronou 26","1","1","0","2026-07-16","https://www.spitogatos.gr/en/property/1220399104","https://nodalview.com/s/3srTp6Cx90AwN9YNuSSsG9","0",,"1980",,
"1","1",,"vip","4",,,,,"0","1","0","0","2026-10-23","0","0","1","0","0",,,"house",,,"1","Ξεκίνα να ζεις από την πρώτη μέρα, σε αυτό το κομψά επιπλωμένο διαμέρισμα τεσσάρων υπνοδωματίων της Blueground στο κέντρο της Γλυφάδας. Πλήρως εξοπλισμένο με έπιπλα μοναδικού design, ηλεκτρικές συσκευές τελευταίας τεχνολογίας.<br><br />
<br />
Η διαφημιζόμενη τιμή των €1,740/μήνα είναι η τιμή για 1 έτος, με ημερομηνία έναρξης Οκτωβρίου 22, 2026. Η χαμηλότερη διαθέσιμη τιμή είναι €1,710/μήνα για μίσθωση 7 μήνα(μηνών) και 4 ημέρας(ημερών) με ημερομηνία έναρξης Οκτωβρίου 22, 2026.<br />
<br>Οι τιμές διαφέρουν ανάλογα με τη διάρκεια παραμονής, την εποχικότητα και άλλους παράγοντες. Επισκεφθείτε τον ιστότοπό μας και εισάγετε τις ημερομηνίες διαμονής σας για να δείτε ενημερωμένες τιμές για την κράτησή σας. Η τιμή ισχύει μόνο με προκαταβολή· ενδέχεται να είναι υψηλότερη εάν πληρωθεί σε δόσεις.<br />
<br />
<b>Κλείστε αυτό το διαμέρισμα online!</b><br />
<br />
https://www.theblueground.com/p/furnished-apartments/ath-1594?utm_source=classified-4<br />
<br />
Aναβαθμίστε τη διαμονή σας με ένα πλήρως επιπλωμένο διαμέρισμα από τη Blueground:<br />
      – Επιπλωμένα σπίτια σε τιμές αντίστοιχες με τα ανεπίπλωτα<br />
      – Χωρίς κόστη εγκατάστασης ή αγοράς επίπλων - εξοικονομήστε χρόνο και χρήματα<br />
      – Έτοιμα για άμεση μετακόμιση - το μόνο που χρειάζεστε είναι η βαλίτσα σας<br />
<br />
<b>Ο χώρος</b><br><br />
Νιώσε σαν στο σπίτι σου σε αυτό το επιπλωμένο διαμέρισμα της Blueground με το μοναδικό design, τα μοντέρνα έπιπλα και την πλήρως εξοπλισμένη κουζίνα.<br />
Δες τις αγαπημένες σου ταινίες στη smart TV ή άκουσε δυνατά μουσική στα ασύρματα ηχεία τελευταίας τεχνολογίας. Ό,τι και να αποφασίσεις να κάνεις το μόνο σίγουρο είναι πως θα αγαπήσεις όλα όσα σου προσφέρει αυτό το όμορφο διαμέρισμα.<br />
<br />
<b>Διαρρύθμιση δωματίων ύπνου</b><br />
    <br />
        Μονό κρεβάτι: 90 εκ.<br />
<br />
        Υπέρδιπλο κρεβάτι: 160 εκ.<br />
<br />
        Υπέρδιπλο κρεβάτι: 160 εκ.<br />
<br />
        Διπλό κρεβάτι: 140 εκ.<br />
<br />
<b>Παροχές κτιρίου</b><br />
<br />
      Ασανσέρ<br />
      Πλυντήριο<br />
      Θέση στάθμευσης<br />
      Επιτρέπονται κατοικίδια<br />
<br />
<br />
<b>Άφιξη και συνεχής υποστήριξη πελατών</b><br><br />
Κατά τη διάρκεια της διαμονής σου, η ομάδα μας θα είναι διαθέσιμη για να σε βοηθήσει με οτιδήποτε χρειαστείς. Μέσω της ειδικής mobile εφαρμογής της Blueground έχεις συνεχή υποστήριξη, ενώ μπορείς ακόμη να προγραμματίσεις υπηρεσίες καθαρισμού, συντήρησης ή επισκευής, με το πάτημα ενός κουμπιού.<br />
<br />
<b>Ιδανική τοποθεσία</b><br />
<br />
Η Γλυφάδα είναι η μεγαλύτερη παραθαλάσσια γειτονιά της Αθηναϊκής Ριβιέρας, σε απόσταση μόλις 15 χιλιομέτρων από το κέντρο της πόλης. Πρόκειται για μια περιοχή με μπουτίκ σχεδιαστών, μοντέρνα καφέ, εστιατόρια υψηλών προδιαγραφών, αμμώδεις παραλίες και τέσσερις μαρίνες. Επιπλέον, εδώ βρίσκεται το πρώτο γήπεδο γκολφ στην Ελλάδα. Η Γλυφάδα θεωρείται μια από τις πιο διάσημες περιοχές για να μείνετε κοντά στην Αθήνα. Από εδώ μπορείτε να φτάσετε στο κέντρο της Αθήνας με το τραμ, το λεωφορείο ή το αυτοκίνητο.",,"1",,"1","6","0","1","2026-07-24","6",,"0","yes","yes","0","Αθήνα - Νότια Προάστια (Αττική)","Γλυφάδα (Αθήνα - Νότια Προάστια)","1","105103","102","2208",,,"1","2","0","0","1","1220480558","https://m2.spitogatos.gr/363118270_1600x1200.jpg?v=20130730","https://m2.spitogatos.gr/363118276_1600x1200.jpg?v=20130730","https://m3.spitogatos.gr/363118280_1600x1200.jpg?v=20130730","https://m2.spitogatos.gr/363118285_1600x1200.jpg?v=20130730","https://m3.spitogatos.gr/363118289_1600x1200.jpg?v=20130730","https://m2.spitogatos.gr/363118294_1600x1200.jpg?v=20130730","https://m3.spitogatos.gr/363118298_1600x1200.jpg?v=20130730","https://m1.spitogatos.gr/363118311_1600x1200.jpg?v=20130730","https://m1.spitogatos.gr/363118314_1600x1200.jpg?v=20130730","https://m2.spitogatos.gr/363118318_1600x1200.jpg?v=20130730","https://m2.spitogatos.gr/363118321_1600x1200.jpg?v=20130730","https://m2.spitogatos.gr/363118324_1600x1200.jpg?v=20130730","https://m2.spitogatos.gr/363118327_1600x1200.jpg?v=20130730","https://m2.spitogatos.gr/363118330_1600x1200.jpg?v=20130730","https://m1.spitogatos.gr/363118332_1600x1200.jpg?v=20130730","https://m3.spitogatos.gr/363118334_1600x1200.jpg?v=20130730","https://m2.spitogatos.gr/363118336_1600x1200.jpg?v=20130730","https://m3.spitogatos.gr/363118340_1600x1200.jpg?v=20130730","https://m3.spitogatos.gr/363118346_1600x1200.jpg?v=20130730","https://m1.spitogatos.gr/363118347_1600x1200.jpg?v=20130730","https://m1.spitogatos.gr/363118350_1600x1200.jpg?v=20130730","https://m3.spitogatos.gr/363118352_1600x1200.jpg?v=20130730","https://m2.spitogatos.gr/363118354_1600x1200.jpg?v=20130730","https://m3.spitogatos.gr/363118355_1600x1200.jpg?v=20130730","https://m2.spitogatos.gr/363118357_1600x1200.jpg?v=20130730","0","0",,"0","37.87809","1","0","23.752337",,"0",,,"2026-07-28","0","0",,"0",,"0","2",,,"1","0","1","1","0","0","0","1740",,,"0","0","0","0","12.43",,,"1","3","6","1","0",,,,"4","0","1",,"140","0",,"Odissea Androutsou 17","1","1","0","2026-07-24","https://www.spitogatos.gr/en/property/1220480558","https://nodalview.com/s/1BwyEDvCXB-PuAam5XYNTB","0",,"2006",,
"1","4",,"vip","4",,,,,"0","0","0","0","2026-08-08","0","0","1","0","0",,,"house",,,"1","Ξεκίνα να ζεις από την πρώτη μέρα, σε αυτό το κομψά επιπλωμένο διαμέρισμα ενός υπνοδωματίου της Blueground στο κέντρο της Αθήνας. Πλήρως εξοπλισμένο με έπιπλα μοναδικού design, ηλεκτρικές συσκευές τελευταίας τεχνολογίας.<br><br />
<br />
Η διαφημιζόμενη τιμή των €920/μήνα είναι η τιμή για 1 έτος, με ημερομηνία έναρξης Αυγούστου 7, 2026. Η χαμηλότερη διαθέσιμη τιμή είναι €900/μήνα για μίσθωση 6 μήνα(μηνών) και 18 ημέρας(ημερών) με ημερομηνία έναρξης Αυγούστου 7, 2026.<br />
<br>Οι τιμές διαφέρουν ανάλογα με τη διάρκεια παραμονής, την εποχικότητα και άλλους παράγοντες. Επισκεφθείτε τον ιστότοπό μας και εισάγετε τις ημερομηνίες διαμονής σας για να δείτε ενημερωμένες τιμές για την κράτησή σας. Η τιμή ισχύει μόνο με προκαταβολή· ενδέχεται να είναι υψηλότερη εάν πληρωθεί σε δόσεις.<br />
<br />
<b>Κλείστε αυτό το διαμέρισμα online!</b><br />
<br />
https://www.theblueground.com/p/furnished-apartments/ath-2002?utm_source=classified-4<br />
<br />
Aναβαθμίστε τη διαμονή σας με ένα πλήρως επιπλωμένο διαμέρισμα από τη Blueground:<br />
      – Επιπλωμένα σπίτια σε τιμές αντίστοιχες με τα ανεπίπλωτα<br />
      – Χωρίς κόστη εγκατάστασης ή αγοράς επίπλων - εξοικονομήστε χρόνο και χρήματα<br />
      – Έτοιμα για άμεση μετακόμιση - το μόνο που χρειάζεστε είναι η βαλίτσα σας<br />
<br />
<b>Ο χώρος</b><br><br />
Νιώσε σαν στο σπίτι σου σε αυτό το επιπλωμένο διαμέρισμα της Blueground με το μοναδικό design, τα μοντέρνα έπιπλα και την πλήρως εξοπλισμένη κουζίνα.<br />
Δες τις αγαπημένες σου ταινίες στη smart TV ή άκουσε δυνατά μουσική στα ασύρματα ηχεία τελευταίας τεχνολογίας. Ό,τι και να αποφασίσεις να κάνεις το μόνο σίγουρο είναι πως θα αγαπήσεις όλα όσα σου προσφέρει αυτό το ελκυστικό διαμέρισμα.<br />
<br />
<b>Διαρρύθμιση δωματίων ύπνου</b><br />
    <br />
        Υπέρδιπλο κρεβάτι: 160 εκ.<br />
<br />
<b>Παροχές κτιρίου</b><br />
<br />
      Ασανσέρ<br />
      Πλυντήριο<br />
      Επιτρέπονται κατοικίδια<br />
<br />
<br />
<b>Άφιξη και συνεχής υποστήριξη πελατών</b><br><br />
Κατά τη διάρκεια της διαμονής σου, η ομάδα μας θα είναι διαθέσιμη για να σε βοηθήσει με οτιδήποτε χρειαστείς. Μέσω της ειδικής mobile εφαρμογής της Blueground έχεις συνεχή υποστήριξη, ενώ μπορείς ακόμη να προγραμματίσεις υπηρεσίες καθαρισμού, συντήρησης ή επισκευής, με το πάτημα ενός κουμπιού.",,"1",,"1","4","0","0","2026-05-18","9",,"0","yes","no","0","Αθήνα - Κέντρο (Αττική)","Γουδή (Αθήνα - Κέντρο)","1","105103","100","2011","6124",,"1","2","0","0","1","1219907638","https://m1.spitogatos.gr/359920869_1600x1200.jpg?v=20130730","https://m1.spitogatos.gr/359920881_1600x1200.jpg?v=20130730","https://m3.spitogatos.gr/359920931_1600x1200.jpg?v=20130730","https://m2.spitogatos.gr/359920945_1600x1200.jpg?v=20130730","https://m3.spitogatos.gr/359920961_1600x1200.jpg?v=20130730","https://m1.spitogatos.gr/359920974_1600x1200.jpg?v=20130730","https://m1.spitogatos.gr/359920998_1600x1200.jpg?v=20130730","https://m1.spitogatos.gr/359921025_1600x1200.jpg?v=20130730","https://m2.spitogatos.gr/359921038_1600x1200.jpg?v=20130730","https://m1.spitogatos.gr/359921049_1600x1200.jpg?v=20130730","https://m3.spitogatos.gr/359921066_1600x1200.jpg?v=20130730","https://m3.spitogatos.gr/359921090_1600x1200.jpg?v=20130730","https://m3.spitogatos.gr/359921123_1600x1200.jpg?v=20130730","https://m1.spitogatos.gr/359921133_1600x1200.jpg?v=20130730","https://m3.spitogatos.gr/359921144_1600x1200.jpg?v=20130730","https://m3.spitogatos.gr/359921153_1600x1200.jpg?v=20130730","https://m2.spitogatos.gr/359921176_1600x1200.jpg?v=20130730","https://m1.spitogatos.gr/359921217_1600x1200.jpg?v=20130730","https://m3.spitogatos.gr/359921228_1600x1200.jpg?v=20130730","https://m1.spitogatos.gr/359921238_1600x1200.jpg?v=20130730","https://m2.spitogatos.gr/359921266_1600x1200.jpg?v=20130730","https://m3.spitogatos.gr/359921297_1600x1200.jpg?v=20130730","https://m1.spitogatos.gr/359921319_1600x1200.jpg?v=20130730","https://m3.spitogatos.gr/359921339_1600x1200.jpg?v=20130730","https://m2.spitogatos.gr/359921350_1600x1200.jpg?v=20130730","0","0",,"0","37.983707","1","0","23.763849",,"0",,,"2026-07-28","0","0",,"0",,"0","1",,,"1","0","1","1","0","0","0","920","2026-07-15 11:51:01","11","0","0","0","0","14.6","1030","true","1","3","6","1","0",,,,"1","0","1",,"63","0",,"Alexandroupoleos 50","1","1","0","2026-05-18","https://www.spitogatos.gr/en/property/1219907638","https://nodalview.com/s/1x6qnQQUH3KxQDcuK6X7UV","0",,"1978",,
"1","2",,"vip","4",,,,,"0","0","0","0","2026-08-07","0","0","1","0","0",,,"house",,,"1","Νιώσε σαν στο σπίτι σου, όπου και αν επιλέξεις να μείνεις με την Blueground. Θα λατρέψεις αυτό το κομψά επιπλωμένο διαμέρισμα ενός υπνοδωματίου, για τη διακόσμησή του, την πλήρως εξοπλισμένη κουζίνα και το εκλεπτυσμένο καθιστικό του. Βρίσκεται σε ιδανική τοποθεσία, κοντά σε όλα όσα έχει να σου προσφέρει το Παλαιό Φάληρο!<br><br />
<br />
Η διαφημιζόμενη τιμή των €900/μήνα είναι η τιμή για 1 έτος, με ημερομηνία έναρξης Αυγούστου 6, 2026. Η χαμηλότερη διαθέσιμη τιμή είναι €870/μήνα για μίσθωση 6 μήνα(μηνών) και 18 ημέρας(ημερών) με ημερομηνία έναρξης Αυγούστου 6, 2026.<br />
<br>Οι τιμές διαφέρουν ανάλογα με τη διάρκεια παραμονής, την εποχικότητα και άλλους παράγοντες. Επισκεφθείτε τον ιστότοπό μας και εισάγετε τις ημερομηνίες διαμονής σας για να δείτε ενημερωμένες τιμές για την κράτησή σας. Η τιμή ισχύει μόνο με προκαταβολή· ενδέχεται να είναι υψηλότερη εάν πληρωθεί σε δόσεις.<br />
<br />
<b>Κλείστε αυτό το διαμέρισμα online!</b><br />
<br />
https://www.theblueground.com/p/furnished-apartments/ath-1987?utm_source=classified-4<br />
<br />
Aναβαθμίστε τη διαμονή σας με ένα πλήρως επιπλωμένο διαμέρισμα από τη Blueground:<br />
      – Επιπλωμένα σπίτια σε τιμές αντίστοιχες με τα ανεπίπλωτα<br />
      – Χωρίς κόστη εγκατάστασης ή αγοράς επίπλων - εξοικονομήστε χρόνο και χρήματα<br />
      – Έτοιμα για άμεση μετακόμιση - το μόνο που χρειάζεστε είναι η βαλίτσα σας<br />
<br />
<b>Ο χώρος</b><br><br />
Νιώσε σαν στο σπίτι σου σε αυτό το επιπλωμένο διαμέρισμα της Blueground με το μοναδικό design, τα μοντέρνα έπιπλα και την πλήρως εξοπλισμένη κουζίνα.<br />
Δες τις αγαπημένες σου ταινίες στη smart TV ή άκουσε δυνατά μουσική στα ασύρματα ηχεία τελευταίας τεχνολογίας. Ό,τι και να αποφασίσεις να κάνεις το μόνο σίγουρο είναι πως θα αγαπήσεις όλα όσα σου προσφέρει αυτό το ελκυστικό διαμέρισμα.<br />
<br />
<b>Διαρρύθμιση δωματίων ύπνου</b><br />
    <br />
        Υπέρδιπλο κρεβάτι: 160 εκ.<br />
<br />
<b>Παροχές κτιρίου</b><br />
<br />
      Ασανσέρ<br />
      Πλυντήριο<br />
      Επιτρέπονται κατοικίδια<br />
<br />
<br />
<b>Άφιξη και συνεχής υποστήριξη πελατών</b><br><br />
Κατά τη διάρκεια της διαμονής σου, η ομάδα μας θα είναι διαθέσιμη για να σε βοηθήσει με οτιδήποτε χρειαστείς. Μέσω της ειδικής mobile εφαρμογής της Blueground έχεις συνεχή υποστήριξη, ενώ μπορείς ακόμη να προγραμματίσεις υπηρεσίες καθαρισμού, συντήρησης ή επισκευής, με το πάτημα ενός κουμπιού.<br />
<br />
<b>Ιδανική τοποθεσία</b><br />
<br />
Το Παλαιό Φάληρο είναι μια παραθαλάσσια γειτονιά, 6 χλμ. νοτιοδυτικά του κέντρου της πόλης. Βρίσκεται στη Μαρίνα Φλοίσβου και είναι ένα δημοφιλές σημείο αγκυροβολίας για σκάφη και γιοτ. Υπάρχουν πολλές επιλογές για ποτό και φαγητό εδώ, από πολυτελή μπαρ μέχρι οικογενειακές ταβέρνες με θαλασσινά. Επίσης, το Παλαιό Φάληρο βρίσκεται πολύ κοντά στο Κέντρο Πολιτισμού Ίδρυμα Σταύρος Νιάρχος, ένα ορόσημο που φιλοξενεί την Εθνική Βιβλιοθήκη της Ελλάδας και την Εθνική Λυρική Σκηνή. Επιπλέον, υπάρχει το Πάρκο Σταύρος Νιάρχος, ένα από τα μεγαλύτερα σημεία πρασίνου στην Αθήνα. Η περιοχή εξυπηρετείται από το τραμ και πολλά λεωφορεία. Η γειτονιά αυτή συνδέεται απευθείας με το Διεθνές Αεροδρόμιο της Αθήνας μέσω του λεωφορείου εξπρές X96.",,"1",,"1","7","0","0","2026-05-14","7",,"0","yes","no","0","Αθήνα - Νότια Προάστια (Αττική)","Παλαιό Φάληρο (Αθήνα - Νότια Προάστια)","1","105103","102","2217",,,"1","1","0","0","1","1219886631","https://m2.spitogatos.gr/359920870_1600x1200.jpg?v=20130730","https://m2.spitogatos.gr/359920885_1600x1200.jpg?v=20130730","https://m1.spitogatos.gr/359920935_1600x1200.jpg?v=20130730","https://m2.spitogatos.gr/359920948_1600x1200.jpg?v=20130730","https://m3.spitogatos.gr/359920967_1600x1200.jpg?v=20130730","https://m2.spitogatos.gr/359920993_1600x1200.jpg?v=20130730","https://m1.spitogatos.gr/359921013_1600x1200.jpg?v=20130730","https://m3.spitogatos.gr/359921030_1600x1200.jpg?v=20130730","https://m3.spitogatos.gr/359921042_1600x1200.jpg?v=20130730","https://m3.spitogatos.gr/359921054_1600x1200.jpg?v=20130730","https://m2.spitogatos.gr/359921080_1600x1200.jpg?v=20130730","https://m3.spitogatos.gr/359921111_1600x1200.jpg?v=20130730","https://m2.spitogatos.gr/359921128_1600x1200.jpg?v=20130730","https://m2.spitogatos.gr/359921137_1600x1200.jpg?v=20130730","https://m2.spitogatos.gr/359921149_1600x1200.jpg?v=20130730","https://m1.spitogatos.gr/359921172_1600x1200.jpg?v=20130730","https://m3.spitogatos.gr/359921204_1600x1200.jpg?v=20130730","https://m3.spitogatos.gr/359921222_1600x1200.jpg?v=20130730","https://m1.spitogatos.gr/359921232_1600x1200.jpg?v=20130730","https://m1.spitogatos.gr/359921244_1600x1200.jpg?v=20130730","https://m3.spitogatos.gr/359921273_1600x1200.jpg?v=20130730","https://m1.spitogatos.gr/359921298_1600x1200.jpg?v=20130730","https://m1.spitogatos.gr/359921322_1600x1200.jpg?v=20130730","https://m3.spitogatos.gr/359921336_1600x1200.jpg?v=20130730","https://m3.spitogatos.gr/359921351_1600x1200.jpg?v=20130730","0","0",,"0","37.922813","1","0","23.697128",,"0",,,"2026-07-28","0","0",,"0",,"0","1",,,"1","0","1","1","0","0","0","900",,,"0","0","0","0","20",,,"1","3",,"1","0",,,,"1","0","1",,"45","0",,"Mouson 31","1","1","0","2026-05-14","https://www.spitogatos.gr/en/property/1219886631","https://nodalview.com/s/1QioutGPj5KxD__Qp-ZGKJ","0",,"1990",,
"1","Ground Floor",,"vip","4",,,,,"0","0","0","0","2026-08-12","0","0","1","0","0",,,"house",,,"1","Ξεκίνα να ζεις από την πρώτη μέρα, σε αυτό το κομψά επιπλωμένο διαμέρισμα ενός υπνοδωματίου της Blueground στο κέντρο του Κολωνακίου. Πλήρως εξοπλισμένο με έπιπλα μοναδικού design, ηλεκτρικές συσκευές τελευταίας τεχνολογίας.<br><br />
<br />
Η διαφημιζόμενη τιμή των €950/μήνα είναι η τιμή για 1 έτος, με ημερομηνία έναρξης Αυγούστου 11, 2026.<br />
<br>Οι τιμές διαφέρουν ανάλογα με τη διάρκεια παραμονής, την εποχικότητα και άλλους παράγοντες. Επισκεφθείτε τον ιστότοπό μας και εισάγετε τις ημερομηνίες διαμονής σας για να δείτε ενημερωμένες τιμές για την κράτησή σας. Η τιμή ισχύει μόνο με προκαταβολή· ενδέχεται να είναι υψηλότερη εάν πληρωθεί σε δόσεις.<br />
<br />
<b>Κλείστε αυτό το διαμέρισμα online!</b><br />
<br />
https://www.theblueground.com/p/furnished-apartments/ath-659?utm_source=classified-4<br />
<br />
Aναβαθμίστε τη διαμονή σας με ένα πλήρως επιπλωμένο διαμέρισμα από τη Blueground:<br />
      – Επιπλωμένα σπίτια σε τιμές αντίστοιχες με τα ανεπίπλωτα<br />
      – Χωρίς κόστη εγκατάστασης ή αγοράς επίπλων - εξοικονομήστε χρόνο και χρήματα<br />
      – Έτοιμα για άμεση μετακόμιση - το μόνο που χρειάζεστε είναι η βαλίτσα σας<br />
<br />
<b>Ο χώρος</b><br><br />
Νιώσε σαν στο σπίτι σου σε αυτό το επιπλωμένο διαμέρισμα της Blueground με το μοναδικό design, τα μοντέρνα έπιπλα και την πλήρως εξοπλισμένη κουζίνα.<br />
Δες τις αγαπημένες σου ταινίες στη smart TV ή άκουσε δυνατά μουσική στα ασύρματα ηχεία τελευταίας τεχνολογίας. Ό,τι και να αποφασίσεις να κάνεις το μόνο σίγουρο είναι πως θα αγαπήσεις όλα όσα σου προσφέρει αυτό το εκλεπτυσμένο διαμέρισμα.<br />
<br />
<b>Διαρρύθμιση δωματίων ύπνου</b><br />
    <br />
        Υπέρδιπλο κρεβάτι: 160 εκ.<br />
<br />
<b>Παροχές κτιρίου</b><br />
<br />
      Ασανσέρ<br />
      Πλυντήριο<br />
<br />
<br />
<b>Άφιξη και συνεχής υποστήριξη πελατών</b><br><br />
Κατά τη διάρκεια της διαμονής σου, η ομάδα μας θα είναι διαθέσιμη για να σε βοηθήσει με οτιδήποτε χρειαστείς. Μέσω της ειδικής mobile εφαρμογής της Blueground έχεις συνεχή υποστήριξη, ενώ μπορείς ακόμη να προγραμματίσεις υπηρεσίες καθαρισμού, συντήρησης ή επισκευής, με το πάτημα ενός κουμπιού.<br />
<br />
<b>Ιδανική τοποθεσία</b><br />
<br />
Το Κολωνάκι είναι μια από τις πιο ζωντανές και διάσημες γειτονιές της Αθήνας. Βρίσκεται στη νότια πλευρά του λόφου του Λυκαβηττού, με την πλατεία Συντάγματος σε μικρή απόσταση με τα πόδια. Το Κολωνάκι φημίζεται για τα πολυτελή εστιατόρια, τα εναλλακτικά μπιστρό και μπαρ, καθώς και για τη μοναδική ποικιλία καταστημάτων. Εδώ θα βρείτε επίσης αξιόλογες γκαλερί και μουσεία, όπως το Μουσείο Κυκλαδικής Τέχνης και το Μουσείο Μπενάκη. Τρεις σταθμοί του μετρό εξυπηρετούν την περιοχή: Ευαγγελισμός, Σύνταγμα και Πανεπιστημίου.",,"0",,"1","6","0","0","2026-07-11","3",,"0","yes","no","0","Αθήνα - Κέντρο (Αττική)","Κολωνάκι - Λυκαβηττός (Αθήνα - Κέντρο)","1","105103","100","6009","2019",,"1","1","0","0","1","1218905796","https://m3.spitogatos.gr/361256300_1600x1200.jpg?v=20130730","https://m1.spitogatos.gr/361256301_1600x1200.jpg?v=20130730","https://m1.spitogatos.gr/361256322_1600x1200.jpg?v=20130730","https://m2.spitogatos.gr/361256323_1600x1200.jpg?v=20130730","https://m2.spitogatos.gr/361256332_1600x1200.jpg?v=20130730","https://m3.spitogatos.gr/361256333_1600x1200.jpg?v=20130730","https://m1.spitogatos.gr/361256334_1600x1200.jpg?v=20130730","https://m1.spitogatos.gr/361256349_1600x1200.jpg?v=20130730","https://m1.spitogatos.gr/361256361_1600x1200.jpg?v=20130730","https://m2.spitogatos.gr/361256368_1600x1200.jpg?v=20130730","https://m1.spitogatos.gr/361256376_1600x1200.jpg?v=20130730","https://m1.spitogatos.gr/361256382_1600x1200.jpg?v=20130730","https://m1.spitogatos.gr/361256388_1600x1200.jpg?v=20130730","https://m2.spitogatos.gr/361256395_1600x1200.jpg?v=20130730","https://m1.spitogatos.gr/361256397_1600x1200.jpg?v=20130730","https://m3.spitogatos.gr/361256417_1600x1200.jpg?v=20130730","https://m2.spitogatos.gr/361256422_1600x1200.jpg?v=20130730","https://m3.spitogatos.gr/361256429_1600x1200.jpg?v=20130730","https://m1.spitogatos.gr/361256430_1600x1200.jpg?v=20130730","https://m2.spitogatos.gr/361256452_1600x1200.jpg?v=20130730","https://m3.spitogatos.gr/361256453_1600x1200.jpg?v=20130730","https://m3.spitogatos.gr/361256462_1600x1200.jpg?v=20130730","https://m1.spitogatos.gr/361256463_1600x1200.jpg?v=20130730","https://m2.spitogatos.gr/361256464_1600x1200.jpg?v=20130730","https://m3.spitogatos.gr/361256465_1600x1200.jpg?v=20130730","0","0",,"0","37.977909","1","0","23.746113",,"0",,,"2026-07-28","0","0",,"0",,"0","1",,,"1","0","0",,"0","0","0","950","2026-07-14 11:44:31","8","0","0","0","0","17.27","1030","true","1","3",,"1","0",,,,"1","0","1",,"55","0",,"Alopekis 50-52","1","1","0","2025-12-31","https://www.spitogatos.gr/en/property/1218905796","https://www.nodalview.com/5dEpcjY9SMoCUUYwusMFUtef","0",,"1960","LVAbt6K3qY8",
"1","1",,"vip","4",,,,,"0","0","0","0","2026-08-08","0","0","1","0","0",,,"house",,,"1","Νιώσε σαν στο σπίτι σου, όπου και αν επιλέξεις να μείνεις με την Blueground. Θα λατρέψεις αυτό το σύγχρονα επιπλωμένο διαμέρισμα ενός υπνοδωματίου, για τη διακόσμησή του, την πλήρως εξοπλισμένη κουζίνα και το ελκυστικό καθιστικό του. Βρίσκεται σε ιδανική τοποθεσία, κοντά σε όλα όσα έχει να σου προσφέρει η Αθήνα!<br><br />
<br />
Η διαφημιζόμενη τιμή των €1,000/μήνα είναι η τιμή για 1 έτος, με ημερομηνία έναρξης Αυγούστου 7, 2026.<br />
<br>Οι τιμές διαφέρουν ανάλογα με τη διάρκεια παραμονής, την εποχικότητα και άλλους παράγοντες. Επισκεφθείτε τον ιστότοπό μας και εισάγετε τις ημερομηνίες διαμονής σας για να δείτε ενημερωμένες τιμές για την κράτησή σας. Η τιμή ισχύει μόνο με προκαταβολή· ενδέχεται να είναι υψηλότερη εάν πληρωθεί σε δόσεις.<br />
<br />
<b>Κλείστε αυτό το διαμέρισμα online!</b><br />
<br />
https://www.theblueground.com/p/furnished-apartments/ath-1457?utm_source=classified-4<br />
<br />
Aναβαθμίστε τη διαμονή σας με ένα πλήρως επιπλωμένο διαμέρισμα από τη Blueground:<br />
      – Επιπλωμένα σπίτια σε τιμές αντίστοιχες με τα ανεπίπλωτα<br />
      – Χωρίς κόστη εγκατάστασης ή αγοράς επίπλων - εξοικονομήστε χρόνο και χρήματα<br />
      – Έτοιμα για άμεση μετακόμιση - το μόνο που χρειάζεστε είναι η βαλίτσα σας<br />
<br />
<b>Ο χώρος</b><br><br />
Έπιπλα μοναδικού design, πλήρως εξοπλισμένη κουζίνα, smart TV ή/και ασύρματα ηχεία τελευταίας τεχνολογίας, είναι λίγες μόνο από τις ανέσεις που σου προσφέρει αυτό το διαμέρισμα ενός υπνοδωματίου της Blueground. Θα το αγαπήσεις όμως και για τη μοναδική του τοποθεσία, καθώς βρίσκεται σε ένα από τα πιο κεντρικά σημεία της Αθήνας.<br />
<br />
<b>Διαρρύθμιση δωματίων ύπνου</b><br />
    <br />
        Υπέρδιπλο κρεβάτι: 160 εκ.<br />
<br />
<b>Παροχές κτιρίου</b><br />
<br />
      Ασανσέρ<br />
      Πλυντήριο<br />
<br />
<br />
<b>Άφιξη και συνεχής υποστήριξη πελατών</b><br><br />
Κατά τη διάρκεια της διαμονής σου, η ομάδα μας θα είναι διαθέσιμη για να σε βοηθήσει με οτιδήποτε χρειαστείς. Μέσω της ειδικής mobile εφαρμογής της Blueground έχεις συνεχή υποστήριξη, ενώ μπορείς ακόμη να προγραμματίσεις υπηρεσίες καθαρισμού, συντήρησης ή επισκευής, με το πάτημα ενός κουμπιού.",,"1",,"1","5","0","0","2026-03-20","6",,"0","yes","no","1","Αθήνα - Κέντρο (Αττική)","Ιστορικό Κέντρο (Αθήνα - Κέντρο)","1","105103","100","6008","2006",,"1","2","0","0","1","1219585139","https://m1.spitogatos.gr/359908869_1600x1200.jpg?v=20130730","https://m2.spitogatos.gr/359908903_1600x1200.jpg?v=20130730","https://m1.spitogatos.gr/359908920_1600x1200.jpg?v=20130730","https://m3.spitogatos.gr/359908940_1600x1200.jpg?v=20130730","https://m1.spitogatos.gr/359908962_1600x1200.jpg?v=20130730","https://m3.spitogatos.gr/359908979_1600x1200.jpg?v=20130730","https://m1.spitogatos.gr/359908998_1600x1200.jpg?v=20130730","https://m3.spitogatos.gr/359909015_1600x1200.jpg?v=20130730","https://m1.spitogatos.gr/359909034_1600x1200.jpg?v=20130730","https://m2.spitogatos.gr/359909053_1600x1200.jpg?v=20130730","https://m2.spitogatos.gr/359909071_1600x1200.jpg?v=20130730","https://m2.spitogatos.gr/359909092_1600x1200.jpg?v=20130730","https://m2.spitogatos.gr/359909113_1600x1200.jpg?v=20130730","https://m2.spitogatos.gr/359909131_1600x1200.jpg?v=20130730","https://m2.spitogatos.gr/359909146_1600x1200.jpg?v=20130730","https://m1.spitogatos.gr/359909163_1600x1200.jpg?v=20130730","https://m1.spitogatos.gr/359909181_1600x1200.jpg?v=20130730","https://m1.spitogatos.gr/359909199_1600x1200.jpg?v=20130730","https://m1.spitogatos.gr/359909217_1600x1200.jpg?v=20130730","https://m1.spitogatos.gr/359909235_1600x1200.jpg?v=20130730","https://m3.spitogatos.gr/359909252_1600x1200.jpg?v=20130730","https://m1.spitogatos.gr/359909271_1600x1200.jpg?v=20130730","https://m2.spitogatos.gr/359909293_1600x1200.jpg?v=20130730","https://m3.spitogatos.gr/359909312_1600x1200.jpg?v=20130730","https://m2.spitogatos.gr/359909326_1600x1200.jpg?v=20130730","0","0",,"0","37.967121","1","0","23.726669",,"0",,,"2026-07-28","0","0",,"0",,"0","1",,,"1","0","1",,"0","0","0","1000",,,"0","0","0","0","20",,,"1","3",,"1","0",,,,"1","0","1",,"50","0",,"Tsami Karatasou 6","1","1","0","2026-03-20","https://www.spitogatos.gr/en/property/1219585139","https://nodalview.com/s/3pcFhBs8DCDAlBW6kCaRHX","0",,"2011",,
"1","1",,"vip","4",,,,,"0","1","0","0","2026-10-29","0","0","1","0","0",,,"house",,,"1","Ανακάλυψε τα καλύτερα σημεία της Κηφισιάς , με αυτό το εκλεπτυσμένο διαμέρισμα τριών υπνοδωματίων της Blueground. Προσφέρει μια πλήρως εξοπλισμένη κουζίνα, ένα ευρύχωρο καθιστικό. Επίσης, καθ’όλη τη διάρκεια της διαμονής σου θα έχεις τη δυνατότητα να επικοινωνήσεις εύκολα και άμεσα με την ομάδα υποστήριξης πελατών και να βρεις χρήσιμες πληροφορίες τόσο για το διαμέρισμά σου όσο και για τη γειτονιά μέσω της ειδικής mobile εφαρμογής.<br><br />
<br />
Η διαφημιζόμενη τιμή των €1,400/μήνα είναι η τιμή για 1 έτος, με ημερομηνία έναρξης Οκτωβρίου 28, 2026. Η χαμηλότερη διαθέσιμη τιμή είναι €1,390/μήνα για μίσθωση 8 μήνα(μηνών) και 22 ημέρας(ημερών) με ημερομηνία έναρξης Οκτωβρίου 28, 2026.<br />
<br>Οι τιμές διαφέρουν ανάλογα με τη διάρκεια παραμονής, την εποχικότητα και άλλους παράγοντες. Επισκεφθείτε τον ιστότοπό μας και εισάγετε τις ημερομηνίες διαμονής σας για να δείτε ενημερωμένες τιμές για την κράτησή σας. Η τιμή ισχύει μόνο με προκαταβολή· ενδέχεται να είναι υψηλότερη εάν πληρωθεί σε δόσεις.<br />
<br />
<b>Κλείστε αυτό το διαμέρισμα online!</b><br />
<br />
https://www.theblueground.com/p/furnished-apartments/ath-1062?utm_source=classified-4<br />
<br />
Aναβαθμίστε τη διαμονή σας με ένα πλήρως επιπλωμένο διαμέρισμα από τη Blueground:<br />
      – Επιπλωμένα σπίτια σε τιμές αντίστοιχες με τα ανεπίπλωτα<br />
      – Χωρίς κόστη εγκατάστασης ή αγοράς επίπλων - εξοικονομήστε χρόνο και χρήματα<br />
      – Έτοιμα για άμεση μετακόμιση - το μόνο που χρειάζεστε είναι η βαλίτσα σας<br />
<br />
<b>Ο χώρος</b><br><br />
Νιώσε σαν στο σπίτι σου σε αυτό το επιπλωμένο διαμέρισμα της Blueground με το μοναδικό design, τα μοντέρνα έπιπλα και την πλήρως εξοπλισμένη κουζίνα.<br />
Δες τις αγαπημένες σου ταινίες στη smart TV ή άκουσε δυνατά μουσική στα ασύρματα ηχεία τελευταίας τεχνολογίας. Ό,τι και να αποφασίσεις να κάνεις το μόνο σίγουρο είναι πως θα αγαπήσεις όλα όσα σου προσφέρει αυτό το εκλεπτυσμένο διαμέρισμα.<br />
<br />
<b>Διαρρύθμιση δωματίων ύπνου</b><br />
    <br />
        Υπέρδιπλο κρεβάτι: 160 εκ.<br />
<br />
        Διπλό κρεβάτι: 140 εκ.<br />
<br />
<b>Παροχές κτιρίου</b><br />
<br />
      Πλυντήριο<br />
      Θέση στάθμευσης<br />
      Επιτρέπονται κατοικίδια<br />
<br />
<br />
<b>Άφιξη και συνεχής υποστήριξη πελατών</b><br><br />
Κατά τη διάρκεια της διαμονής σου, η ομάδα μας θα είναι διαθέσιμη για να σε βοηθήσει με οτιδήποτε χρειαστείς. Μέσω της ειδικής mobile εφαρμογής της Blueground έχεις συνεχή υποστήριξη, ενώ μπορείς ακόμη να προγραμματίσεις υπηρεσίες καθαρισμού, συντήρησης ή επισκευής, με το πάτημα ενός κουμπιού.<br />
<br />
<b>Ιδανική τοποθεσία</b><br />
<br />
Η Κηφισιά είναι μια εύπορη γειτονιά που βρίσκεται στα βόρεια προάστια της Αθήνας, μόλις 14 χιλιόμετρα από το κέντρο της πόλης. Η περιοχή είναι περισσότερο γνωστή για τα πολυτελή κτίρια και τα αρχοντικά της που χρονολογούνται από διάφορες εποχές, τις μπουτίκ σχεδιαστών, τα υψηλής ποιότητας εστιατόρια και τα υπέροχα πάρκα. Η Κηφισιά φιλοξενεί επίσης το Μουσείο Γουλανδρή Φυσικής Ιστορίας. Μπορείτε να φτάσετε εύκολα στην Κηφισιά με λεωφορείο ή με τη γραμμή 1 του σιδηροδρομικού δικτύου της Αθήνας.",,"1",,"0","5","0","1","2026-07-27","6",,"0","yes","yes","0","Αθήνα - Βόρεια Προάστια (Αττική)","Κηφισιά (Αθήνα - Βόρεια Προάστια)","1","105103","101","2108",,,"1","2","0","0","1","1220500268","https://m1.spitogatos.gr/363440127_1600x1200.jpg?v=20130730","https://m1.spitogatos.gr/363440136_1600x1200.jpg?v=20130730","https://m2.spitogatos.gr/363440152_1600x1200.jpg?v=20130730","https://m3.spitogatos.gr/363440156_1600x1200.jpg?v=20130730","https://m3.spitogatos.gr/363440159_1600x1200.jpg?v=20130730","https://m3.spitogatos.gr/363440162_1600x1200.jpg?v=20130730","https://m3.spitogatos.gr/363440168_1600x1200.jpg?v=20130730","https://m3.spitogatos.gr/363440186_1600x1200.jpg?v=20130730","https://m1.spitogatos.gr/363440187_1600x1200.jpg?v=20130730","https://m3.spitogatos.gr/363440201_1600x1200.jpg?v=20130730","https://m3.spitogatos.gr/363440204_1600x1200.jpg?v=20130730","https://m1.spitogatos.gr/363440211_1600x1200.jpg?v=20130730","https://m2.spitogatos.gr/363440215_1600x1200.jpg?v=20130730","https://m3.spitogatos.gr/363440219_1600x1200.jpg?v=20130730","https://m3.spitogatos.gr/363440222_1600x1200.jpg?v=20130730","https://m2.spitogatos.gr/363440224_1600x1200.jpg?v=20130730","https://m2.spitogatos.gr/363440227_1600x1200.jpg?v=20130730","https://m3.spitogatos.gr/363440231_1600x1200.jpg?v=20130730","https://m2.spitogatos.gr/363440236_1600x1200.jpg?v=20130730","https://m1.spitogatos.gr/363440238_1600x1200.jpg?v=20130730","https://m3.spitogatos.gr/363440240_1600x1200.jpg?v=20130730","https://m3.spitogatos.gr/363440243_1600x1200.jpg?v=20130730","https://m2.spitogatos.gr/363440245_1600x1200.jpg?v=20130730","https://m2.spitogatos.gr/363440248_1600x1200.jpg?v=20130730","https://m2.spitogatos.gr/363440251_1600x1200.jpg?v=20130730","0","0",,"0","38.076721","1","0","23.79636",,"0",,,"2026-07-28","0","0",,"0",,"1","1",,,"1","0","0","1","0","0","0","1400",,,"0","0","0","0","12.17",,,"1","3","6","1","0",,,,"3","0","1",,"115","0",,"Othonos 11","1","1","0","2026-07-27","https://www.spitogatos.gr/en/property/1220500268","https://nodalview.com/kbb2MmARBYNhXWfJ6adGhi4j","0",,"1991",,
"1","2",,"vip","4",,,,,"0","0","0","0","2026-10-16","0","0","1","0","0",,,"house",,,"1","Νιώσε σαν στο σπίτι σου, όπου και αν επιλέξεις να μείνεις με την Blueground. Θα λατρέψεις αυτό το όμορφα επιπλωμένο διαμέρισμα τριών υπνοδωματίων, για τη διακόσμησή του, την πλήρως εξοπλισμένη κουζίνα και το άνετο καθιστικό του. Βρίσκεται σε ιδανική τοποθεσία, κοντά σε όλα όσα έχει να σου προσφέρει η Γλυφάδα!<br><br />
<br />
Η διαφημιζόμενη τιμή των €1,990/μήνα είναι η τιμή για 1 έτος, με ημερομηνία έναρξης Οκτωβρίου 15, 2026.<br />
<br>Οι τιμές διαφέρουν ανάλογα με τη διάρκεια παραμονής, την εποχικότητα και άλλους παράγοντες. Επισκεφθείτε τον ιστότοπό μας και εισάγετε τις ημερομηνίες διαμονής σας για να δείτε ενημερωμένες τιμές για την κράτησή σας. Η τιμή ισχύει μόνο με προκαταβολή· ενδέχεται να είναι υψηλότερη εάν πληρωθεί σε δόσεις.<br />
<br />
<b>Κλείστε αυτό το διαμέρισμα online!</b><br />
<br />
https://www.theblueground.com/p/furnished-apartments/ath-1091?utm_source=classified-4<br />
<br />
Aναβαθμίστε τη διαμονή σας με ένα πλήρως επιπλωμένο διαμέρισμα από τη Blueground:<br />
      – Επιπλωμένα σπίτια σε τιμές αντίστοιχες με τα ανεπίπλωτα<br />
      – Χωρίς κόστη εγκατάστασης ή αγοράς επίπλων - εξοικονομήστε χρόνο και χρήματα<br />
      – Έτοιμα για άμεση μετακόμιση - το μόνο που χρειάζεστε είναι η βαλίτσα σας<br />
<br />
<b>Ο χώρος</b><br><br />
Νιώσε σαν στο σπίτι σου σε αυτό το επιπλωμένο διαμέρισμα της Blueground με το μοναδικό design, τα μοντέρνα έπιπλα και την πλήρως εξοπλισμένη κουζίνα.<br />
Δες τις αγαπημένες σου ταινίες στη smart TV ή άκουσε δυνατά μουσική στα ασύρματα ηχεία τελευταίας τεχνολογίας. Ό,τι και να αποφασίσεις να κάνεις το μόνο σίγουρο είναι πως θα αγαπήσεις όλα όσα σου προσφέρει αυτό το κομψό διαμέρισμα.<br />
<br />
<b>Διαρρύθμιση δωματίων ύπνου</b><br />
    <br />
        Υπέρδιπλο κρεβάτι: 160 εκ.<br />
<br />
        Διπλό κρεβάτι: 140 εκ.<br />
<br />
<b>Παροχές κτιρίου</b><br />
<br />
      Ασανσέρ<br />
      Πλυντήριο<br />
      Θέση στάθμευσης<br />
      Επιτρέπονται κατοικίδια<br />
<br />
<br />
<b>Άφιξη και συνεχής υποστήριξη πελατών</b><br><br />
Κατά τη διάρκεια της διαμονής σου, η ομάδα μας θα είναι διαθέσιμη για να σε βοηθήσει με οτιδήποτε χρειαστείς. Μέσω της ειδικής mobile εφαρμογής της Blueground έχεις συνεχή υποστήριξη, ενώ μπορείς ακόμη να προγραμματίσεις υπηρεσίες καθαρισμού, συντήρησης ή επισκευής, με το πάτημα ενός κουμπιού.<br />
<br />
<b>Ιδανική τοποθεσία</b><br />
<br />
Η Γλυφάδα είναι η μεγαλύτερη παραθαλάσσια γειτονιά της Αθηναϊκής Ριβιέρας, σε απόσταση μόλις 15 χιλιομέτρων από το κέντρο της πόλης. Πρόκειται για μια περιοχή με μπουτίκ σχεδιαστών, μοντέρνα καφέ, εστιατόρια υψηλών προδιαγραφών, αμμώδεις παραλίες και τέσσερις μαρίνες. Επιπλέον, εδώ βρίσκεται το πρώτο γήπεδο γκολφ στην Ελλάδα. Η Γλυφάδα θεωρείται μια από τις πιο διάσημες περιοχές για να μείνετε κοντά στην Αθήνα. Από εδώ μπορείτε να φτάσετε στο κέντρο της Αθήνας με το τραμ, το λεωφορείο ή το αυτοκίνητο.",,"1",,"1","6","0","1","2026-07-20","7",,"0","yes","yes","0","Αθήνα - Νότια Προάστια (Αττική)","Γλυφάδα (Αθήνα - Νότια Προάστια)","1","105103","102","2208",,,"1","1","0","0","1","1220426791","https://m3.spitogatos.gr/362551808_1600x1200.jpg?v=20130730","https://m1.spitogatos.gr/362551812_1600x1200.jpg?v=20130730","https://m1.spitogatos.gr/362551815_1600x1200.jpg?v=20130730","https://m2.spitogatos.gr/362551819_1600x1200.jpg?v=20130730","https://m3.spitogatos.gr/362551823_1600x1200.jpg?v=20130730","https://m2.spitogatos.gr/362551828_1600x1200.jpg?v=20130730","https://m3.spitogatos.gr/362551832_1600x1200.jpg?v=20130730","https://m1.spitogatos.gr/362551836_1600x1200.jpg?v=20130730","https://m3.spitogatos.gr/362551841_1600x1200.jpg?v=20130730","https://m2.spitogatos.gr/362551846_1600x1200.jpg?v=20130730","https://m3.spitogatos.gr/362551853_1600x1200.jpg?v=20130730","https://m2.spitogatos.gr/362551858_1600x1200.jpg?v=20130730","https://m3.spitogatos.gr/362551862_1600x1200.jpg?v=20130730","https://m3.spitogatos.gr/362551868_1600x1200.jpg?v=20130730","https://m1.spitogatos.gr/362551875_1600x1200.jpg?v=20130730","https://m2.spitogatos.gr/362551879_1600x1200.jpg?v=20130730","https://m1.spitogatos.gr/362551884_1600x1200.jpg?v=20130730","https://m3.spitogatos.gr/362551892_1600x1200.jpg?v=20130730","https://m1.spitogatos.gr/362551896_1600x1200.jpg?v=20130730","https://m2.spitogatos.gr/362551903_1600x1200.jpg?v=20130730","https://m2.spitogatos.gr/362551909_1600x1200.jpg?v=20130730","https://m1.spitogatos.gr/362551914_1600x1200.jpg?v=20130730","https://m3.spitogatos.gr/362551922_1600x1200.jpg?v=20130730","https://m1.spitogatos.gr/362551929_1600x1200.jpg?v=20130730","https://m3.spitogatos.gr/362551937_1600x1200.jpg?v=20130730","0","0",,"0","37.887569","1","0","23.755512",,"0",,,"2026-07-28","0","0",,"0",,"1","1",,,"1","0","1","1","0","0","0","1990",,,"0","0","0","0","12.44",,,"1","3",,"1","0",,,,"3","0","1",,"160","0",,"Levadias 20","1","1","0","2026-07-20","https://www.spitogatos.gr/en/property/1220426791","https://nodalview.com/7UAWdKkSGCCES717estPB83w","0",,"2002",,
"1","1",,"vip","4",,,,,"0","0","0","0","2026-08-07","0","0","1","0","0",,,"house",,,"1","Ξεκίνα να ζεις από την πρώτη μέρα, σε αυτό το σύγχρονα επιπλωμένο διαμέρισμα δύο υπνοδωματίων της Blueground στο κέντρο των Βριλησσίων. Πλήρως εξοπλισμένο με έπιπλα μοναδικού design, ηλεκτρικές συσκευές τελευταίας τεχνολογίας.<br><br />
<br />
Η διαφημιζόμενη τιμή των €1,300/μήνα είναι η τιμή για 1 έτος, με ημερομηνία έναρξης Αυγούστου 6, 2026.<br />
<br>Οι τιμές διαφέρουν ανάλογα με τη διάρκεια παραμονής, την εποχικότητα και άλλους παράγοντες. Επισκεφθείτε τον ιστότοπό μας και εισάγετε τις ημερομηνίες διαμονής σας για να δείτε ενημερωμένες τιμές για την κράτησή σας. Η τιμή ισχύει μόνο με προκαταβολή· ενδέχεται να είναι υψηλότερη εάν πληρωθεί σε δόσεις.<br />
<br />
<b>Κλείστε αυτό το διαμέρισμα online!</b><br />
<br />
https://www.theblueground.com/p/furnished-apartments/ath-1815?utm_source=classified-4<br />
<br />
Aναβαθμίστε τη διαμονή σας με ένα πλήρως επιπλωμένο διαμέρισμα από τη Blueground:<br />
      – Επιπλωμένα σπίτια σε τιμές αντίστοιχες με τα ανεπίπλωτα<br />
      – Χωρίς κόστη εγκατάστασης ή αγοράς επίπλων - εξοικονομήστε χρόνο και χρήματα<br />
      – Έτοιμα για άμεση μετακόμιση - το μόνο που χρειάζεστε είναι η βαλίτσα σας<br />
<br />
<b>Ο χώρος</b><br><br />
Έπιπλα μοναδικού design, πλήρως εξοπλισμένη κουζίνα, smart TV ή/και ασύρματα ηχεία τελευταίας τεχνολογίας, είναι λίγες μόνο από τις ανέσεις που σου προσφέρει αυτό το διαμέρισμα δύο υπνοδωματίων της Blueground. Θα το αγαπήσεις όμως και για τη μοναδική του τοποθεσία, καθώς βρίσκεται σε ένα από τα πιο κεντρικά σημεία των Βριλησσίων.<br />
<br />
<b>Διαρρύθμιση δωματίων ύπνου</b><br />
    <br />
        Υπέρδιπλο κρεβάτι: 160 εκ.<br />
<br />
        Διπλό κρεβάτι: 140 εκ.<br />
<br />
<b>Παροχές κτιρίου</b><br />
<br />
      Ασανσέρ<br />
      Πλυντήριο<br />
      Θέση στάθμευσης<br />
      Επιτρέπονται κατοικίδια<br />
<br />
<br />
<b>Άφιξη και συνεχής υποστήριξη πελατών</b><br><br />
Κατά τη διάρκεια της διαμονής σου, η ομάδα μας θα είναι διαθέσιμη για να σε βοηθήσει με οτιδήποτε χρειαστείς. Μέσω της ειδικής mobile εφαρμογής της Blueground έχεις συνεχή υποστήριξη, ενώ μπορείς ακόμη να προγραμματίσεις υπηρεσίες καθαρισμού, συντήρησης ή επισκευής, με το πάτημα ενός κουμπιού.<br />
<br />
<b>Ιδανική τοποθεσία</b><br />
<br />
Αυτό το κατάλυμα βρίσκεται στα βόρεια προάστια της Αθήνας, στα Βριλήσσια, και περιβάλλεται από πολλά πάρκα και αθλητικές εγκαταστάσεις. Η γειτονιά φιλοξενεί επίσης πολλά καταστήματα, καφετέριες και εστιατόρια. Τα Βριλήσσια απέχουν 15χλμ. από το ιστορικό κέντρο της Αθήνας, με εύκολη πρόσβαση στην Αττική Οδό.",,"1",,"1","5","0","0","2026-04-16","6",,"0","yes","yes","1","Αθήνα - Βόρεια Προάστια (Αττική)","Βριλήσσια (Αθήνα - Βόρεια Προάστια)","1","105103","101","2103",,,"1","2","0","0","1","1219723550","https://m3.spitogatos.gr/359912342_1600x1200.jpg?v=20130730","https://m2.spitogatos.gr/359912350_1600x1200.jpg?v=20130730","https://m3.spitogatos.gr/359912360_1600x1200.jpg?v=20130730","https://m2.spitogatos.gr/359912368_1600x1200.jpg?v=20130730","https://m3.spitogatos.gr/359912378_1600x1200.jpg?v=20130730","https://m2.spitogatos.gr/359912386_1600x1200.jpg?v=20130730","https://m1.spitogatos.gr/359912391_1600x1200.jpg?v=20130730","https://m1.spitogatos.gr/359912394_1600x1200.jpg?v=20130730","https://m1.spitogatos.gr/359912400_1600x1200.jpg?v=20130730","https://m2.spitogatos.gr/359912404_1600x1200.jpg?v=20130730","https://m2.spitogatos.gr/359912410_1600x1200.jpg?v=20130730","https://m1.spitogatos.gr/359912415_1600x1200.jpg?v=20130730","https://m2.spitogatos.gr/359912419_1600x1200.jpg?v=20130730","https://m3.spitogatos.gr/359912423_1600x1200.jpg?v=20130730","https://m1.spitogatos.gr/359912427_1600x1200.jpg?v=20130730","https://m2.spitogatos.gr/359912431_1600x1200.jpg?v=20130730","https://m3.spitogatos.gr/359912438_1600x1200.jpg?v=20130730","https://m3.spitogatos.gr/359912444_1600x1200.jpg?v=20130730","https://m1.spitogatos.gr/359912451_1600x1200.jpg?v=20130730","https://m2.spitogatos.gr/359912458_1600x1200.jpg?v=20130730","https://m1.spitogatos.gr/359912466_1600x1200.jpg?v=20130730","https://m1.spitogatos.gr/359912472_1600x1200.jpg?v=20130730","https://m2.spitogatos.gr/359912476_1600x1200.jpg?v=20130730","https://m1.spitogatos.gr/359912481_1600x1200.jpg?v=20130730","https://m2.spitogatos.gr/359912485_1600x1200.jpg?v=20130730","0","0",,"0","38.039406","1","0","23.832722",,"0",,,"2026-07-28","0","0",,"0",,"0","2",,,"1","0","1","1","0","0","0","1300","2026-07-21 11:20:14","10","0","0","0","0","15.85","1440","true","1","3","6","1","1",,,,"2","0","1",,"82","1",,"Imittou 9","1","1","0","2026-04-16","https://www.spitogatos.gr/en/property/1219723550","https://nodalview.com/s/1Bhd_dg3LD4BwOplAmmGZI","0",,"2004",,
"1","2",,"vip","4",,,,,"0","0","0","0","2026-08-13","0","0","1","0","0",,,"house",,,"1","Ανακάλυψε τα καλύτερα σημεία του Παλαιού Φαλήρου , με αυτό το εκλεπτυσμένο διαμέρισμα δύο υπνοδωματίων της Blueground. Προσφέρει μια πλήρως εξοπλισμένη κουζίνα, ένα ευρύχωρο καθιστικό. Επίσης, καθ’όλη τη διάρκεια της διαμονής σου θα έχεις τη δυνατότητα να επικοινωνήσεις εύκολα και άμεσα με την ομάδα υποστήριξης πελατών και να βρεις χρήσιμες πληροφορίες τόσο για το διαμέρισμά σου όσο και για τη γειτονιά μέσω της ειδικής mobile εφαρμογής.<br><br />
<br />
Η διαφημιζόμενη τιμή των €1,540/μήνα είναι η τιμή για 1 έτος, με ημερομηνία έναρξης Αυγούστου 12, 2026.<br />
<br>Οι τιμές διαφέρουν ανάλογα με τη διάρκεια παραμονής, την εποχικότητα και άλλους παράγοντες. Επισκεφθείτε τον ιστότοπό μας και εισάγετε τις ημερομηνίες διαμονής σας για να δείτε ενημερωμένες τιμές για την κράτησή σας. Η τιμή ισχύει μόνο με προκαταβολή· ενδέχεται να είναι υψηλότερη εάν πληρωθεί σε δόσεις.<br />
<br />
<b>Κλείστε αυτό το διαμέρισμα online!</b><br />
<br />
https://www.theblueground.com/p/furnished-apartments/ath-1058?utm_source=classified-4<br />
<br />
Aναβαθμίστε τη διαμονή σας με ένα πλήρως επιπλωμένο διαμέρισμα από τη Blueground:<br />
      – Επιπλωμένα σπίτια σε τιμές αντίστοιχες με τα ανεπίπλωτα<br />
      – Χωρίς κόστη εγκατάστασης ή αγοράς επίπλων - εξοικονομήστε χρόνο και χρήματα<br />
      – Έτοιμα για άμεση μετακόμιση - το μόνο που χρειάζεστε είναι η βαλίτσα σας<br />
<br />
<b>Ο χώρος</b><br><br />
Νιώσε σαν στο σπίτι σου σε αυτό το επιπλωμένο διαμέρισμα της Blueground με το μοναδικό design, τα μοντέρνα έπιπλα και την πλήρως εξοπλισμένη κουζίνα.<br />
Δες τις αγαπημένες σου ταινίες στη smart TV ή άκουσε δυνατά μουσική στα ασύρματα ηχεία τελευταίας τεχνολογίας. Ό,τι και να αποφασίσεις να κάνεις το μόνο σίγουρο είναι πως θα αγαπήσεις όλα όσα σου προσφέρει αυτό το εκλεπτυσμένο διαμέρισμα.<br />
<br />
<b>Διαρρύθμιση δωματίων ύπνου</b><br />
    <br />
        Υπέρδιπλο κρεβάτι: 160 εκ.<br />
<br />
        Διπλό κρεβάτι: 140 εκ.<br />
<br />
<b>Παροχές κτιρίου</b><br />
<br />
      Ασανσέρ<br />
      Πλυντήριο<br />
      Θέση στάθμευσης<br />
      Επιτρέπονται κατοικίδια<br />
<br />
<br />
<b>Άφιξη και συνεχής υποστήριξη πελατών</b><br><br />
Κατά τη διάρκεια της διαμονής σου, η ομάδα μας θα είναι διαθέσιμη για να σε βοηθήσει με οτιδήποτε χρειαστείς. Μέσω της ειδικής mobile εφαρμογής της Blueground έχεις συνεχή υποστήριξη, ενώ μπορείς ακόμη να προγραμματίσεις υπηρεσίες καθαρισμού, συντήρησης ή επισκευής, με το πάτημα ενός κουμπιού.<br />
<br />
<b>Ιδανική τοποθεσία</b><br />
<br />
Το Παλαιό Φάληρο είναι μια παραθαλάσσια γειτονιά, 6 χλμ. νοτιοδυτικά του κέντρου της πόλης. Βρίσκεται στη Μαρίνα Φλοίσβου και είναι ένα δημοφιλές σημείο αγκυροβολίας για σκάφη και γιοτ. Υπάρχουν πολλές επιλογές για ποτό και φαγητό εδώ, από πολυτελή μπαρ μέχρι οικογενειακές ταβέρνες με θαλασσινά. Επίσης, το Παλαιό Φάληρο βρίσκεται πολύ κοντά στο Κέντρο Πολιτισμού Ίδρυμα Σταύρος Νιάρχος, ένα ορόσημο που φιλοξενεί την Εθνική Βιβλιοθήκη της Ελλάδας και την Εθνική Λυρική Σκηνή. Επιπλέον, υπάρχει το Πάρκο Σταύρος Νιάρχος, ένα από τα μεγαλύτερα σημεία πρασίνου στην Αθήνα. Η περιοχή εξυπηρετείται από το τραμ και πολλά λεωφορεία. Η γειτονιά αυτή συνδέεται απευθείας με το Διεθνές Αεροδρόμιο της Αθήνας μέσω του λεωφορείου εξπρές X96.",,"1",,"1","4","0","1","2026-07-06","7",,"0","yes","yes","0","Αθήνα - Νότια Προάστια (Αττική)","Παλαιό Φάληρο (Αθήνα - Νότια Προάστια)","1","105103","102","2217","329496",,"1","2","0","0","1","1220313405","https://m3.spitogatos.gr/361006643_1600x1200.jpg?v=20130730","https://m3.spitogatos.gr/361006646_1600x1200.jpg?v=20130730","https://m3.spitogatos.gr/361006649_1600x1200.jpg?v=20130730","https://m3.spitogatos.gr/361006652_1600x1200.jpg?v=20130730","https://m1.spitogatos.gr/361006656_1600x1200.jpg?v=20130730","https://m1.spitogatos.gr/361006659_1600x1200.jpg?v=20130730","https://m3.spitogatos.gr/361006661_1600x1200.jpg?v=20130730","https://m3.spitogatos.gr/361006664_1600x1200.jpg?v=20130730","https://m3.spitogatos.gr/361006667_1600x1200.jpg?v=20130730","https://m3.spitogatos.gr/361006670_1600x1200.jpg?v=20130730","https://m3.spitogatos.gr/361006673_1600x1200.jpg?v=20130730","https://m3.spitogatos.gr/361006676_1600x1200.jpg?v=20130730","https://m2.spitogatos.gr/361006678_1600x1200.jpg?v=20130730","https://m3.spitogatos.gr/361006679_1600x1200.jpg?v=20130730","https://m2.spitogatos.gr/361006681_1600x1200.jpg?v=20130730","https://m1.spitogatos.gr/361006683_1600x1200.jpg?v=20130730","https://m3.spitogatos.gr/361006685_1600x1200.jpg?v=20130730","https://m1.spitogatos.gr/361006686_1600x1200.jpg?v=20130730","https://m3.spitogatos.gr/361006688_1600x1200.jpg?v=20130730","https://m2.spitogatos.gr/361006690_1600x1200.jpg?v=20130730","https://m3.spitogatos.gr/361006691_1600x1200.jpg?v=20130730","https://m2.spitogatos.gr/361006693_1600x1200.jpg?v=20130730","https://m1.spitogatos.gr/361006695_1600x1200.jpg?v=20130730","https://m2.spitogatos.gr/361006696_1600x1200.jpg?v=20130730","https://m3.spitogatos.gr/361006697_1600x1200.jpg?v=20130730","0","0",,"0","37.929066","1","0","23.691212",,"0",,,"2026-07-28","0","0",,"0",,"0","2",,,"1","0","1","1","0","0","0","1540",,,"0","0","0","0","16.21",,,"1","3",,"1","0",,,,"2","0","1",,"95","0",,"Afroditis 26","1","1","0","2026-07-06","https://www.spitogatos.gr/en/property/1220313405","https://nodalview.com/s/00ZvXd5TD4QuYArZpFwuFQ","0",,"2009",,
"1","2",,"vip","4",,,,,"0","1","0","0","2026-07-30","0","0","1","0","0",,,"house",,,"1","Νιώσε σαν στο σπίτι σου, όπου και αν επιλέξεις να μείνεις με την Blueground. Θα λατρέψεις αυτό το κομψά επιπλωμένο διαμέρισμα τριών υπνοδωματίων, για τη διακόσμησή του, την πλήρως εξοπλισμένη κουζίνα και το ελκυστικό καθιστικό του. Βρίσκεται σε ιδανική τοποθεσία, κοντά σε όλα όσα έχει να σου προσφέρει τα Βριλήσσια!<br><br />
<br />
Η διαφημιζόμενη τιμή των €1,260/μήνα είναι η τιμή για 1 έτος, με ημερομηνία έναρξης Ιουλίου 29, 2026.<br />
<br>Οι τιμές διαφέρουν ανάλογα με τη διάρκεια παραμονής, την εποχικότητα και άλλους παράγοντες. Επισκεφθείτε τον ιστότοπό μας και εισάγετε τις ημερομηνίες διαμονής σας για να δείτε ενημερωμένες τιμές για την κράτησή σας. Η τιμή ισχύει μόνο με προκαταβολή· ενδέχεται να είναι υψηλότερη εάν πληρωθεί σε δόσεις.<br />
<br />
<b>Κλείστε αυτό το διαμέρισμα online!</b><br />
<br />
https://www.theblueground.com/p/furnished-apartments/ath-1226?utm_source=classified-4<br />
<br />
Aναβαθμίστε τη διαμονή σας με ένα πλήρως επιπλωμένο διαμέρισμα από τη Blueground:<br />
      – Επιπλωμένα σπίτια σε τιμές αντίστοιχες με τα ανεπίπλωτα<br />
      – Χωρίς κόστη εγκατάστασης ή αγοράς επίπλων - εξοικονομήστε χρόνο και χρήματα<br />
      – Έτοιμα για άμεση μετακόμιση - το μόνο που χρειάζεστε είναι η βαλίτσα σας<br />
<br />
<b>Ο χώρος</b><br><br />
Νιώσε σαν στο σπίτι σου σε αυτό το επιπλωμένο διαμέρισμα της Blueground με το μοναδικό design, τα μοντέρνα έπιπλα και την πλήρως εξοπλισμένη κουζίνα.<br />
Δες τις αγαπημένες σου ταινίες στη smart TV ή άκουσε δυνατά μουσική στα ασύρματα ηχεία τελευταίας τεχνολογίας. Ό,τι και να αποφασίσεις να κάνεις το μόνο σίγουρο είναι πως θα αγαπήσεις όλα όσα σου προσφέρει αυτό το εκλεπτυσμένο διαμέρισμα.<br />
<br />
<b>Διαρρύθμιση δωματίων ύπνου</b><br />
    <br />
        Υπέρδιπλο κρεβάτι: 160 εκ.<br />
<br />
        Διπλό κρεβάτι: 140 εκ.<br />
<br />
        Υπέρδιπλο κρεβάτι: 160 εκ.<br />
<br />
<b>Παροχές κτιρίου</b><br />
<br />
      Πλυντήριο<br />
      Θέση στάθμευσης<br />
      Ταράτσα<br />
<br />
<br />
<b>Άφιξη και συνεχής υποστήριξη πελατών</b><br><br />
Κατά τη διάρκεια της διαμονής σου, η ομάδα μας θα είναι διαθέσιμη για να σε βοηθήσει με οτιδήποτε χρειαστείς. Μέσω της ειδικής mobile εφαρμογής της Blueground έχεις συνεχή υποστήριξη, ενώ μπορείς ακόμη να προγραμματίσεις υπηρεσίες καθαρισμού, συντήρησης ή επισκευής, με το πάτημα ενός κουμπιού.<br />
<br />
<b>Ιδανική τοποθεσία</b><br />
<br />
Αυτό το κατάλυμα βρίσκεται στα βόρεια προάστια της Αθήνας, στα Βριλήσσια, και περιβάλλεται από πολλά πάρκα και αθλητικές εγκαταστάσεις. Η γειτονιά φιλοξενεί επίσης πολλά καταστήματα, καφετέριες και εστιατόρια. Τα Βριλήσσια απέχουν 15χλμ. από το ιστορικό κέντρο της Αθήνας, με εύκολη πρόσβαση στην Αττική Οδό.",,"1",,"0","5","0","1","2026-04-08","7",,"0","yes","yes","1","Αθήνα - Βόρεια Προάστια (Αττική)","Βριλήσσια (Αθήνα - Βόρεια Προάστια)","1","105103","101","2103","106378",,"1","2","0","0","1","1219685005","https://m3.spitogatos.gr/359907020_1600x1200.jpg?v=20130730","https://m1.spitogatos.gr/359907036_1600x1200.jpg?v=20130730","https://m3.spitogatos.gr/359907050_1600x1200.jpg?v=20130730","https://m1.spitogatos.gr/359907063_1600x1200.jpg?v=20130730","https://m1.spitogatos.gr/359907078_1600x1200.jpg?v=20130730","https://m1.spitogatos.gr/359907096_1600x1200.jpg?v=20130730","https://m3.spitogatos.gr/359907116_1600x1200.jpg?v=20130730","https://m2.spitogatos.gr/359907133_1600x1200.jpg?v=20130730","https://m2.spitogatos.gr/359907154_1600x1200.jpg?v=20130730","https://m3.spitogatos.gr/359907173_1600x1200.jpg?v=20130730","https://m1.spitogatos.gr/359907195_1600x1200.jpg?v=20130730","https://m1.spitogatos.gr/359907216_1600x1200.jpg?v=20130730","https://m2.spitogatos.gr/359907232_1600x1200.jpg?v=20130730","https://m3.spitogatos.gr/359907251_1600x1200.jpg?v=20130730","https://m3.spitogatos.gr/359907269_1600x1200.jpg?v=20130730","https://m2.spitogatos.gr/359907289_1600x1200.jpg?v=20130730","https://m1.spitogatos.gr/359907309_1600x1200.jpg?v=20130730","https://m2.spitogatos.gr/359907328_1600x1200.jpg?v=20130730","https://m2.spitogatos.gr/359907349_1600x1200.jpg?v=20130730","https://m1.spitogatos.gr/359907366_1600x1200.jpg?v=20130730","https://m3.spitogatos.gr/359907383_1600x1200.jpg?v=20130730","https://m2.spitogatos.gr/359907400_1600x1200.jpg?v=20130730","https://m1.spitogatos.gr/359907420_1600x1200.jpg?v=20130730","https://m3.spitogatos.gr/359907446_1600x1200.jpg?v=20130730","https://m2.spitogatos.gr/359907466_1600x1200.jpg?v=20130730","1","0",,"0","38.044754","3","0","23.84351",,"0",,,"2026-07-28","0","0",,"0",,"1","1",,,"1","0","1",,"0","0","0","1260","2026-07-21 11:19:41","3","0","0","0","0","6.3","1300","true","1","3",,"1","0",,,,"3","0","1",,"200","1",,"Dimitriou Mitropoulou 19","1","3","0","2026-04-08","https://www.spitogatos.gr/en/property/1219685005","https://nodalview.com/s/3tX50J_jTDRQ2WXKnJDvim","0",,"1999",,
"1","1",,"vip","4",,,,,"0","1","0","0","2026-10-15","0","0","1","0","0",,,"house",,,"1","Ξεκίνα να ζεις από την πρώτη μέρα, σε αυτό το όμορφα επιπλωμένο διαμέρισμα δύο υπνοδωματίων της Blueground στο κέντρο της Γλυφάδας. Πλήρως εξοπλισμένο με έπιπλα μοναδικού design, ηλεκτρικές συσκευές τελευταίας τεχνολογίας.<br><br />
<br />
Η διαφημιζόμενη τιμή των €1,450/μήνα είναι η τιμή για 1 έτος, με ημερομηνία έναρξης Οκτωβρίου 14, 2026.<br />
<br>Οι τιμές διαφέρουν ανάλογα με τη διάρκεια παραμονής, την εποχικότητα και άλλους παράγοντες. Επισκεφθείτε τον ιστότοπό μας και εισάγετε τις ημερομηνίες διαμονής σας για να δείτε ενημερωμένες τιμές για την κράτησή σας. Η τιμή ισχύει μόνο με προκαταβολή· ενδέχεται να είναι υψηλότερη εάν πληρωθεί σε δόσεις.<br />
<br />
<b>Κλείστε αυτό το διαμέρισμα online!</b><br />
<br />
https://www.theblueground.com/p/furnished-apartments/ath-1351?utm_source=classified-4<br />
<br />
Aναβαθμίστε τη διαμονή σας με ένα πλήρως επιπλωμένο διαμέρισμα από τη Blueground:<br />
      – Επιπλωμένα σπίτια σε τιμές αντίστοιχες με τα ανεπίπλωτα<br />
      – Χωρίς κόστη εγκατάστασης ή αγοράς επίπλων - εξοικονομήστε χρόνο και χρήματα<br />
      – Έτοιμα για άμεση μετακόμιση - το μόνο που χρειάζεστε είναι η βαλίτσα σας<br />
<br />
<b>Ο χώρος</b><br><br />
Νιώσε σαν στο σπίτι σου σε αυτό το επιπλωμένο διαμέρισμα της Blueground με το μοναδικό design, τα μοντέρνα έπιπλα και την πλήρως εξοπλισμένη κουζίνα.<br />
Δες τις αγαπημένες σου ταινίες στη smart TV ή άκουσε δυνατά μουσική στα ασύρματα ηχεία τελευταίας τεχνολογίας. Ό,τι και να αποφασίσεις να κάνεις το μόνο σίγουρο είναι πως θα αγαπήσεις όλα όσα σου προσφέρει αυτό το υπέροχο διαμέρισμα.<br />
<br />
<b>Διαρρύθμιση δωματίων ύπνου</b><br />
    <br />
        Υπέρδιπλο κρεβάτι: 160 εκ.<br />
<br />
        Διπλό κρεβάτι: 140 εκ.<br />
<br />
<b>Παροχές κτιρίου</b><br />
<br />
      Ασανσέρ<br />
      Πλυντήριο<br />
<br />
<br />
<b>Άφιξη και συνεχής υποστήριξη πελατών</b><br><br />
Κατά τη διάρκεια της διαμονής σου, η ομάδα μας θα είναι διαθέσιμη για να σε βοηθήσει με οτιδήποτε χρειαστείς. Μέσω της ειδικής mobile εφαρμογής της Blueground έχεις συνεχή υποστήριξη, ενώ μπορείς ακόμη να προγραμματίσεις υπηρεσίες καθαρισμού, συντήρησης ή επισκευής, με το πάτημα ενός κουμπιού.<br />
<br />
<b>Ιδανική τοποθεσία</b><br />
<br />
Η Γλυφάδα είναι η μεγαλύτερη παραθαλάσσια γειτονιά της Αθηναϊκής Ριβιέρας, σε απόσταση μόλις 15 χιλιομέτρων από το κέντρο της πόλης. Πρόκειται για μια περιοχή με μπουτίκ σχεδιαστών, μοντέρνα καφέ, εστιατόρια υψηλών προδιαγραφών, αμμώδεις παραλίες και τέσσερις μαρίνες. Επιπλέον, εδώ βρίσκεται το πρώτο γήπεδο γκολφ στην Ελλάδα. Η Γλυφάδα θεωρείται μια από τις πιο διάσημες περιοχές για να μείνετε κοντά στην Αθήνα. Από εδώ μπορείτε να φτάσετε στο κέντρο της Αθήνας με το τραμ, το λεωφορείο ή το αυτοκίνητο.",,"1",,"1","8","0","0","2026-04-20","6",,"0","yes","no","1","Αθήνα - Νότια Προάστια (Αττική)","Γλυφάδα (Αθήνα - Νότια Προάστια)","1","105103","102","2208",,,"1","2","0","0","1","1219741500","https://m3.spitogatos.gr/362469203_1600x1200.jpg?v=20130730","https://m3.spitogatos.gr/362469206_1600x1200.jpg?v=20130730","https://m2.spitogatos.gr/362469208_1600x1200.jpg?v=20130730","https://m3.spitogatos.gr/362469212_1600x1200.jpg?v=20130730","https://m3.spitogatos.gr/362469218_1600x1200.jpg?v=20130730","https://m1.spitogatos.gr/362469222_1600x1200.jpg?v=20130730","https://m3.spitogatos.gr/362469224_1600x1200.jpg?v=20130730","https://m1.spitogatos.gr/362469225_1600x1200.jpg?v=20130730","https://m2.spitogatos.gr/362469229_1600x1200.jpg?v=20130730","https://m3.spitogatos.gr/362469233_1600x1200.jpg?v=20130730","https://m3.spitogatos.gr/362469236_1600x1200.jpg?v=20130730","https://m2.spitogatos.gr/362469238_1600x1200.jpg?v=20130730","https://m1.spitogatos.gr/362469240_1600x1200.jpg?v=20130730","https://m3.spitogatos.gr/362469242_1600x1200.jpg?v=20130730","https://m1.spitogatos.gr/362469243_1600x1200.jpg?v=20130730","https://m3.spitogatos.gr/362469248_1600x1200.jpg?v=20130730","https://m2.spitogatos.gr/362469253_1600x1200.jpg?v=20130730","https://m3.spitogatos.gr/362469257_1600x1200.jpg?v=20130730","https://m1.spitogatos.gr/362469261_1600x1200.jpg?v=20130730","https://m1.spitogatos.gr/362469264_1600x1200.jpg?v=20130730","https://m1.spitogatos.gr/362469267_1600x1200.jpg?v=20130730","https://m1.spitogatos.gr/362469270_1600x1200.jpg?v=20130730","https://m2.spitogatos.gr/362469271_1600x1200.jpg?v=20130730","https://m1.spitogatos.gr/362469273_1600x1200.jpg?v=20130730","https://m2.spitogatos.gr/362469274_1600x1200.jpg?v=20130730","0","0",,"0","37.85825","1","0","23.761494",,"0",,,"2026-07-28","0","0",,"0",,"0","1",,,"1","0","0",,"0","0","0","1450",,,"0","0","0","0","19.33",,,"1","3",,"1","0",,,,"2","0","1",,"75","0",,"Themistokleous 22","1","1","0","2026-04-20","https://www.spitogatos.gr/en/property/1219741500","https://nodalview.com/s/0X6GPCoi99uf80q-R_42i2","0",,"1990",,
"1","5",,"vip","4",,,,,"0","0","0","0","2026-08-06","0","0","1","0","0",,,"house",,,"1","Ξεκίνα να ζεις από την πρώτη μέρα, σε αυτό το κομψά επιπλωμένο διαμέρισμα ενός υπνοδωματίου της Blueground στο κέντρο του Παλαιού Φαλήρου. Πλήρως εξοπλισμένο με έπιπλα μοναδικού design, ηλεκτρικές συσκευές τελευταίας τεχνολογίας.<br><br />
<br />
Η διαφημιζόμενη τιμή των €1,180/μήνα είναι η τιμή για 1 έτος, με ημερομηνία έναρξης Αυγούστου 5, 2026. Η χαμηλότερη διαθέσιμη τιμή είναι €1,140/μήνα για μίσθωση 5 μήνα(μηνών) και 28 ημέρας(ημερών) με ημερομηνία έναρξης Αυγούστου 5, 2026.<br />
<br>Οι τιμές διαφέρουν ανάλογα με τη διάρκεια παραμονής, την εποχικότητα και άλλους παράγοντες. Επισκεφθείτε τον ιστότοπό μας και εισάγετε τις ημερομηνίες διαμονής σας για να δείτε ενημερωμένες τιμές για την κράτησή σας. Η τιμή ισχύει μόνο με προκαταβολή· ενδέχεται να είναι υψηλότερη εάν πληρωθεί σε δόσεις.<br />
<br />
<b>Κλείστε αυτό το διαμέρισμα online!</b><br />
<br />
https://www.theblueground.com/p/furnished-apartments/ath-1300?utm_source=classified-4<br />
<br />
Aναβαθμίστε τη διαμονή σας με ένα πλήρως επιπλωμένο διαμέρισμα από τη Blueground:<br />
      – Επιπλωμένα σπίτια σε τιμές αντίστοιχες με τα ανεπίπλωτα<br />
      – Χωρίς κόστη εγκατάστασης ή αγοράς επίπλων - εξοικονομήστε χρόνο και χρήματα<br />
      – Έτοιμα για άμεση μετακόμιση - το μόνο που χρειάζεστε είναι η βαλίτσα σας<br />
<br />
<b>Ο χώρος</b><br><br />
Έπιπλα μοναδικού design, πλήρως εξοπλισμένη κουζίνα, smart TV ή/και ασύρματα ηχεία τελευταίας τεχνολογίας, είναι λίγες μόνο από τις ανέσεις που σου προσφέρει αυτό το διαμέρισμα ενός υπνοδωματίου της Blueground. Θα το αγαπήσεις όμως και για τη μοναδική του τοποθεσία, καθώς βρίσκεται σε ένα από τα πιο κεντρικά σημεία του Παλαιού Φαλήρου.<br />
<br />
<b>Διαρρύθμιση δωματίων ύπνου</b><br />
    <br />
        Υπέρδιπλο κρεβάτι: 160 εκ.<br />
<br />
<b>Παροχές κτιρίου</b><br />
<br />
      Ασανσέρ<br />
      Πλυντήριο<br />
<br />
<br />
<b>Άφιξη και συνεχής υποστήριξη πελατών</b><br><br />
Κατά τη διάρκεια της διαμονής σου, η ομάδα μας θα είναι διαθέσιμη για να σε βοηθήσει με οτιδήποτε χρειαστείς. Μέσω της ειδικής mobile εφαρμογής της Blueground έχεις συνεχή υποστήριξη, ενώ μπορείς ακόμη να προγραμματίσεις υπηρεσίες καθαρισμού, συντήρησης ή επισκευής, με το πάτημα ενός κουμπιού.<br />
<br />
<b>Ιδανική τοποθεσία</b><br />
<br />
Το Παλαιό Φάληρο είναι μια παραθαλάσσια γειτονιά, 6 χλμ. νοτιοδυτικά του κέντρου της πόλης. Βρίσκεται στη Μαρίνα Φλοίσβου και είναι ένα δημοφιλές σημείο αγκυροβολίας για σκάφη και γιοτ. Υπάρχουν πολλές επιλογές για ποτό και φαγητό εδώ, από πολυτελή μπαρ μέχρι οικογενειακές ταβέρνες με θαλασσινά. Επίσης, το Παλαιό Φάληρο βρίσκεται πολύ κοντά στο Κέντρο Πολιτισμού Ίδρυμα Σταύρος Νιάρχος, ένα ορόσημο που φιλοξενεί την Εθνική Βιβλιοθήκη της Ελλάδας και την Εθνική Λυρική Σκηνή. Επιπλέον, υπάρχει το Πάρκο Σταύρος Νιάρχος, ένα από τα μεγαλύτερα σημεία πρασίνου στην Αθήνα. Η περιοχή εξυπηρετείται από το τραμ και πολλά λεωφορεία. Η γειτονιά αυτή συνδέεται απευθείας με το Διεθνές Αεροδρόμιο της Αθήνας μέσω του λεωφορείου εξπρές X96.",,"1",,"1","9","0","0","2026-06-26","10",,"0","yes","no","1","Αθήνα - Νότια Προάστια (Αττική)","Παλαιό Φάληρο (Αθήνα - Νότια Προάστια)","1","105103","102","2217","329498",,"1","1","0","0","1","1220229301","https://m3.spitogatos.gr/359907545_1600x1200.jpg?v=20130730","https://m1.spitogatos.gr/359907561_1600x1200.jpg?v=20130730","https://m3.spitogatos.gr/359907581_1600x1200.jpg?v=20130730","https://m2.spitogatos.gr/359907601_1600x1200.jpg?v=20130730","https://m1.spitogatos.gr/359907621_1600x1200.jpg?v=20130730","https://m2.spitogatos.gr/359907640_1600x1200.jpg?v=20130730","https://m2.spitogatos.gr/359907658_1600x1200.jpg?v=20130730","https://m1.spitogatos.gr/359907675_1600x1200.jpg?v=20130730","https://m3.spitogatos.gr/359907692_1600x1200.jpg?v=20130730","https://m1.spitogatos.gr/359907714_1600x1200.jpg?v=20130730","https://m1.spitogatos.gr/359907738_1600x1200.jpg?v=20130730","https://m3.spitogatos.gr/359907761_1600x1200.jpg?v=20130730","https://m3.spitogatos.gr/359907782_1600x1200.jpg?v=20130730","https://m3.spitogatos.gr/359907803_1600x1200.jpg?v=20130730","https://m3.spitogatos.gr/359907830_1600x1200.jpg?v=20130730","https://m3.spitogatos.gr/359907848_1600x1200.jpg?v=20130730","https://m2.spitogatos.gr/359907865_1600x1200.jpg?v=20130730","https://m1.spitogatos.gr/359907885_1600x1200.jpg?v=20130730","https://m2.spitogatos.gr/359907901_1600x1200.jpg?v=20130730","https://m2.spitogatos.gr/359907913_1600x1200.jpg?v=20130730","https://m1.spitogatos.gr/359907927_1600x1200.jpg?v=20130730","https://m3.spitogatos.gr/359907941_1600x1200.jpg?v=20130730","https://m2.spitogatos.gr/359907949_1600x1200.jpg?v=20130730","https://m2.spitogatos.gr/359907955_1600x1200.jpg?v=20130730","https://m1.spitogatos.gr/359907960_1600x1200.jpg?v=20130730","0","0",,"0","37.920826","1","0","23.70125",,"0",,,"2026-07-28","0","0",,"0",,"0","1",,,"1","0","1",,"0","0","0","1180",,,"0","0","0","0","21.45",,,"1","3","6","1","1",,,,"1","0","1",,"55","0",,"Zaimi 12","1","1","0","2026-06-26","https://www.spitogatos.gr/en/property/1220229301","https://nodalview.com/s/1BkUHT9D9268FfkYvVmzTR","0",,"1969",,
"1","7",,"vip","4",,,,,"0","0","0","0","2026-08-02","0","0","1","0","0",,,"house",,,"1","Ανακάλυψε τα καλύτερα σημεία του Παλαιού Φαλήρου , με αυτό το ευρύχωρο διαμέρισμα δύο υπνοδωματίων της Blueground. Προσφέρει μια πλήρως εξοπλισμένη κουζίνα, ένα όμορφο καθιστικό. Επίσης, καθ’όλη τη διάρκεια της διαμονής σου θα έχεις τη δυνατότητα να επικοινωνήσεις εύκολα και άμεσα με την ομάδα υποστήριξης πελατών και να βρεις χρήσιμες πληροφορίες τόσο για το διαμέρισμά σου όσο και για τη γειτονιά μέσω της ειδικής mobile εφαρμογής.<br><br />
<br />
Η διαφημιζόμενη τιμή των €1,230/μήνα είναι η τιμή για 1 έτος, με ημερομηνία έναρξης Αυγούστου 1, 2026.<br />
<br>Οι τιμές διαφέρουν ανάλογα με τη διάρκεια παραμονής, την εποχικότητα και άλλους παράγοντες. Επισκεφθείτε τον ιστότοπό μας και εισάγετε τις ημερομηνίες διαμονής σας για να δείτε ενημερωμένες τιμές για την κράτησή σας. Η τιμή ισχύει μόνο με προκαταβολή· ενδέχεται να είναι υψηλότερη εάν πληρωθεί σε δόσεις.<br />
<br />
<b>Κλείστε αυτό το διαμέρισμα online!</b><br />
<br />
https://www.theblueground.com/p/furnished-apartments/ath-1764?utm_source=classified-4<br />
<br />
Aναβαθμίστε τη διαμονή σας με ένα πλήρως επιπλωμένο διαμέρισμα από τη Blueground:<br />
      – Επιπλωμένα σπίτια σε τιμές αντίστοιχες με τα ανεπίπλωτα<br />
      – Χωρίς κόστη εγκατάστασης ή αγοράς επίπλων - εξοικονομήστε χρόνο και χρήματα<br />
      – Έτοιμα για άμεση μετακόμιση - το μόνο που χρειάζεστε είναι η βαλίτσα σας<br />
<br />
<b>Ο χώρος</b><br><br />
Έπιπλα μοναδικού design, πλήρως εξοπλισμένη κουζίνα, smart TV ή/και ασύρματα ηχεία τελευταίας τεχνολογίας, είναι λίγες μόνο από τις ανέσεις που σου προσφέρει αυτό το διαμέρισμα δύο υπνοδωματίων της Blueground. Θα το αγαπήσεις όμως και για τη μοναδική του τοποθεσία, καθώς βρίσκεται σε ένα από τα πιο κεντρικά σημεία του Παλαιού Φαλήρου.<br />
<br />
<b>Διαρρύθμιση δωματίων ύπνου</b><br />
    <br />
        Υπέρδιπλο κρεβάτι: 160 εκ.<br />
<br />
        Διπλό κρεβάτι: 140 εκ.<br />
<br />
<b>Παροχές κτιρίου</b><br />
<br />
      Στεγνωτήριο<br />
      Ασανσέρ<br />
      Πλυντήριο<br />
      Ταράτσα<br />
<br />
<br />
<b>Άφιξη και συνεχής υποστήριξη πελατών</b><br><br />
Κατά τη διάρκεια της διαμονής σου, η ομάδα μας θα είναι διαθέσιμη για να σε βοηθήσει με οτιδήποτε χρειαστείς. Μέσω της ειδικής mobile εφαρμογής της Blueground έχεις συνεχή υποστήριξη, ενώ μπορείς ακόμη να προγραμματίσεις υπηρεσίες καθαρισμού, συντήρησης ή επισκευής, με το πάτημα ενός κουμπιού.<br />
<br />
<b>Ιδανική τοποθεσία</b><br />
<br />
Το Παλαιό Φάληρο είναι μια παραθαλάσσια γειτονιά, 6 χλμ. νοτιοδυτικά του κέντρου της πόλης. Βρίσκεται στη Μαρίνα Φλοίσβου και είναι ένα δημοφιλές σημείο αγκυροβολίας για σκάφη και γιοτ. Υπάρχουν πολλές επιλογές για ποτό και φαγητό εδώ, από πολυτελή μπαρ μέχρι οικογενειακές ταβέρνες με θαλασσινά. Επίσης, το Παλαιό Φάληρο βρίσκεται πολύ κοντά στο Κέντρο Πολιτισμού Ίδρυμα Σταύρος Νιάρχος, ένα ορόσημο που φιλοξενεί την Εθνική Βιβλιοθήκη της Ελλάδας και την Εθνική Λυρική Σκηνή. Επιπλέον, υπάρχει το Πάρκο Σταύρος Νιάρχος, ένα από τα μεγαλύτερα σημεία πρασίνου στην Αθήνα. Η περιοχή εξυπηρετείται από το τραμ και πολλά λεωφορεία. Η γειτονιά αυτή συνδέεται απευθείας με το Διεθνές Αεροδρόμιο της Αθήνας μέσω του λεωφορείου εξπρές X96.",,"1",,"1","7","0","0","2026-07-22","12",,"0","yes","no","1","Αθήνα - Νότια Προάστια (Αττική)","Παλαιό Φάληρο (Αθήνα - Νότια Προάστια)","1","105103","102","2217",,,"1","1","0","0","1","1220450205","https://m3.spitogatos.gr/362788025_1600x1200.jpg?v=20130730","https://m2.spitogatos.gr/362788069_1600x1200.jpg?v=20130730","https://m1.spitogatos.gr/362788089_1600x1200.jpg?v=20130730","https://m3.spitogatos.gr/362788100_1600x1200.jpg?v=20130730","https://m2.spitogatos.gr/362788102_1600x1200.jpg?v=20130730","https://m1.spitogatos.gr/362788104_1600x1200.jpg?v=20130730","https://m2.spitogatos.gr/362788117_1600x1200.jpg?v=20130730","https://m1.spitogatos.gr/362788137_1600x1200.jpg?v=20130730","https://m2.spitogatos.gr/362788156_1600x1200.jpg?v=20130730","https://m2.spitogatos.gr/362788177_1600x1200.jpg?v=20130730","https://m2.spitogatos.gr/362788198_1600x1200.jpg?v=20130730","https://m3.spitogatos.gr/362788220_1600x1200.jpg?v=20130730","https://m3.spitogatos.gr/362788241_1600x1200.jpg?v=20130730","https://m2.spitogatos.gr/362788264_1600x1200.jpg?v=20130730","https://m1.spitogatos.gr/362788287_1600x1200.jpg?v=20130730","https://m2.spitogatos.gr/362788306_1600x1200.jpg?v=20130730","https://m3.spitogatos.gr/362788337_1600x1200.jpg?v=20130730","https://m3.spitogatos.gr/362788358_1600x1200.jpg?v=20130730","https://m2.spitogatos.gr/362788381_1600x1200.jpg?v=20130730","https://m2.spitogatos.gr/362788390_1600x1200.jpg?v=20130730","https://m3.spitogatos.gr/362788400_1600x1200.jpg?v=20130730","https://m3.spitogatos.gr/362788412_1600x1200.jpg?v=20130730","https://m3.spitogatos.gr/362788424_1600x1200.jpg?v=20130730","https://m1.spitogatos.gr/362788440_1600x1200.jpg?v=20130730",,"0","0",,"0","37.922565","1","0","23.702084",,"0",,,"2026-07-28","0","0",,"0",,"0","1",,,"1","0","1",,"0","0","0","1230",,,"0","0","0","0","14.47",,,"1","3","6","1","1",,,,"2","0","1",,"85","0",,"Alkionis 84","1","1","0","2026-07-22","https://www.spitogatos.gr/en/property/1220450205","https://nodalview.com/s/0ksCguVF5A5xSBPAAvDuHQ","0",,"1990",,
"1","1",,"vip","4",,,,,"0","0","0","0","2026-08-13","0","0","1","0","0",,,"house",,,"1","Ξεκίνα να ζεις από την πρώτη μέρα, σε αυτό το σύγχρονα επιπλωμένο διαμέρισμα δύο υπνοδωματίων της Blueground στο κέντρο της Αθήνας. Πλήρως εξοπλισμένο με έπιπλα μοναδικού design, ηλεκτρικές συσκευές τελευταίας τεχνολογίας.<br><br />
<br />
Η διαφημιζόμενη τιμή των €990/μήνα είναι η τιμή για 1 έτος, με ημερομηνία έναρξης Αυγούστου 12, 2026. Η χαμηλότερη διαθέσιμη τιμή είναι €970/μήνα για μίσθωση 6 μήνα(μηνών) και 4 ημέρας(ημερών) με ημερομηνία έναρξης Αυγούστου 12, 2026.<br />
<br>Οι τιμές διαφέρουν ανάλογα με τη διάρκεια παραμονής, την εποχικότητα και άλλους παράγοντες. Επισκεφθείτε τον ιστότοπό μας και εισάγετε τις ημερομηνίες διαμονής σας για να δείτε ενημερωμένες τιμές για την κράτησή σας. Η τιμή ισχύει μόνο με προκαταβολή· ενδέχεται να είναι υψηλότερη εάν πληρωθεί σε δόσεις.<br />
<br />
<b>Κλείστε αυτό το διαμέρισμα online!</b><br />
<br />
https://www.theblueground.com/p/furnished-apartments/ath-1915?utm_source=classified-4<br />
<br />
Aναβαθμίστε τη διαμονή σας με ένα πλήρως επιπλωμένο διαμέρισμα από τη Blueground:<br />
      – Επιπλωμένα σπίτια σε τιμές αντίστοιχες με τα ανεπίπλωτα<br />
      – Χωρίς κόστη εγκατάστασης ή αγοράς επίπλων - εξοικονομήστε χρόνο και χρήματα<br />
      – Έτοιμα για άμεση μετακόμιση - το μόνο που χρειάζεστε είναι η βαλίτσα σας<br />
<br />
<b>Ο χώρος</b><br><br />
Σε αυτό το όμορφο Blueground διαμέρισμα δύο υπνοδωματίων, θα βρεις ένα χώρο προσεκτικά σχεδιασμένο και πλήρως εξοπλισμένο με έπιπλα μοναδικού design και ηλεκτρικές συσκευές τελευταίας τεχνολογίας.<br />
Νιώσε όμορφα και χαλαρά στο νέο σου σπίτι κάθε στιγμή. Και όταν θα θες να διασκεδάσεις, μπορείς να βγεις και να αφεθείς στον παλμό της Αθήνας ή να φέρεις τη διασκέδαση σπίτι, με τα ασύρματα ηχεία ή τη smart TV.<br />
<br />
<b>Διαρρύθμιση δωματίων ύπνου</b><br />
    <br />
        Υπέρδιπλο κρεβάτι: 160 εκ.<br />
<br />
        Διπλό κρεβάτι: 140 εκ.<br />
<br />
<b>Παροχές κτιρίου</b><br />
<br />
      Ασανσέρ<br />
      Πλυντήριο<br />
      Επιτρέπονται κατοικίδια<br />
<br />
<br />
<b>Άφιξη και συνεχής υποστήριξη πελατών</b><br><br />
Κατά τη διάρκεια της διαμονής σου, η ομάδα μας θα είναι διαθέσιμη για να σε βοηθήσει με οτιδήποτε χρειαστείς. Μέσω της ειδικής mobile εφαρμογής της Blueground έχεις συνεχή υποστήριξη, ενώ μπορείς ακόμη να προγραμματίσεις υπηρεσίες καθαρισμού, συντήρησης ή επισκευής, με το πάτημα ενός κουμπιού.",,"1",,"1","4","0","0","2026-05-26","6",,"0","yes","no","0","Αθήνα - Κέντρο (Αττική)","Κολωνάκι - Λυκαβηττός (Αθήνα - Κέντρο)","1","105103","100","6009","2027",,"1","2","0","0","1","1219949425","https://m2.spitogatos.gr/359919706_1600x1200.jpg?v=20130730","https://m1.spitogatos.gr/359919717_1600x1200.jpg?v=20130730","https://m3.spitogatos.gr/359919731_1600x1200.jpg?v=20130730","https://m2.spitogatos.gr/359919757_1600x1200.jpg?v=20130730","https://m3.spitogatos.gr/359919791_1600x1200.jpg?v=20130730","https://m3.spitogatos.gr/359919806_1600x1200.jpg?v=20130730","https://m2.spitogatos.gr/359919820_1600x1200.jpg?v=20130730","https://m3.spitogatos.gr/359919842_1600x1200.jpg?v=20130730","https://m3.spitogatos.gr/359919857_1600x1200.jpg?v=20130730","https://m1.spitogatos.gr/359919882_1600x1200.jpg?v=20130730","https://m2.spitogatos.gr/359919904_1600x1200.jpg?v=20130730","https://m2.spitogatos.gr/359919913_1600x1200.jpg?v=20130730","https://m3.spitogatos.gr/359919941_1600x1200.jpg?v=20130730","https://m3.spitogatos.gr/359919950_1600x1200.jpg?v=20130730","https://m2.spitogatos.gr/359919961_1600x1200.jpg?v=20130730","https://m2.spitogatos.gr/359919994_1600x1200.jpg?v=20130730","https://m1.spitogatos.gr/359920005_1600x1200.jpg?v=20130730","https://m1.spitogatos.gr/359920029_1600x1200.jpg?v=20130730","https://m3.spitogatos.gr/359920043_1600x1200.jpg?v=20130730","https://m1.spitogatos.gr/359920056_1600x1200.jpg?v=20130730","https://m2.spitogatos.gr/359920078_1600x1200.jpg?v=20130730","https://m2.spitogatos.gr/359920102_1600x1200.jpg?v=20130730","https://m2.spitogatos.gr/359920114_1600x1200.jpg?v=20130730","https://m3.spitogatos.gr/359920148_1600x1200.jpg?v=20130730","https://m3.spitogatos.gr/359920166_1600x1200.jpg?v=20130730","0","0",,"0","37.985531","1","0","23.742359",,"0",,,"2026-07-28","0","0",,"0",,"0","1",,,"1","0","0","1","0","0","0","990",,,"0","0","0","0","12.53",,,"1","3","6","1","1",,,,"2","0","1",,"79","0",,"Asklipiou 84","1","1","0","2026-05-26","https://www.spitogatos.gr/en/property/1219949425","https://nodalview.com/s/0pJnEybeD2kBolapPpI5VI","0",,"1964",,
"1","2",,"vip","4",,,,,"0","0","0","0","2026-10-16","0","0","1","0","0",,,"house",,,"1","Νιώσε σαν στο σπίτι σου, όπου και αν επιλέξεις να μείνεις με την Blueground. Θα λατρέψεις αυτό το κομψά επιπλωμένο διαμέρισμα τριών υπνοδωματίων, για τη διακόσμησή του, την πλήρως εξοπλισμένη κουζίνα και το ζεστό καθιστικό του. Βρίσκεται σε ιδανική τοποθεσία, κοντά σε όλα όσα έχει να σου προσφέρει η Κηφισιά!<br><br />
<br />
Η διαφημιζόμενη τιμή των €1,630/μήνα είναι η τιμή για 1 έτος, με ημερομηνία έναρξης Οκτωβρίου 15, 2026.<br />
<br>Οι τιμές διαφέρουν ανάλογα με τη διάρκεια παραμονής, την εποχικότητα και άλλους παράγοντες. Επισκεφθείτε τον ιστότοπό μας και εισάγετε τις ημερομηνίες διαμονής σας για να δείτε ενημερωμένες τιμές για την κράτησή σας. Η τιμή ισχύει μόνο με προκαταβολή· ενδέχεται να είναι υψηλότερη εάν πληρωθεί σε δόσεις.<br />
<br />
<b>Κλείστε αυτό το διαμέρισμα online!</b><br />
<br />
https://www.theblueground.com/p/furnished-apartments/ath-1106?utm_source=classified-4<br />
<br />
Aναβαθμίστε τη διαμονή σας με ένα πλήρως επιπλωμένο διαμέρισμα από τη Blueground:<br />
      – Επιπλωμένα σπίτια σε τιμές αντίστοιχες με τα ανεπίπλωτα<br />
      – Χωρίς κόστη εγκατάστασης ή αγοράς επίπλων - εξοικονομήστε χρόνο και χρήματα<br />
      – Έτοιμα για άμεση μετακόμιση - το μόνο που χρειάζεστε είναι η βαλίτσα σας<br />
<br />
<b>Ο χώρος</b><br><br />
Έπιπλα μοναδικού design, πλήρως εξοπλισμένη κουζίνα, smart TV ή/και ασύρματα ηχεία τελευταίας τεχνολογίας, είναι λίγες μόνο από τις ανέσεις που σου προσφέρει αυτό το διαμέρισμα τριών υπνοδωματίων της Blueground. Θα το αγαπήσεις όμως και για τη μοναδική του τοποθεσία, καθώς βρίσκεται σε ένα από τα πιο κεντρικά σημεία της Κηφισιάς.<br />
<br />
<b>Διαρρύθμιση δωματίων ύπνου</b><br />
    <br />
        Υπέρδιπλο κρεβάτι: 160 εκ.<br />
<br />
        Διπλό κρεβάτι: 140 εκ.<br />
<br />
<b>Παροχές κτιρίου</b><br />
<br />
      Ασανσέρ<br />
      Πλυντήριο<br />
      Θέση στάθμευσης<br />
<br />
<br />
<b>Άφιξη και συνεχής υποστήριξη πελατών</b><br><br />
Κατά τη διάρκεια της διαμονής σου, η ομάδα μας θα είναι διαθέσιμη για να σε βοηθήσει με οτιδήποτε χρειαστείς. Μέσω της ειδικής mobile εφαρμογής της Blueground έχεις συνεχή υποστήριξη, ενώ μπορείς ακόμη να προγραμματίσεις υπηρεσίες καθαρισμού, συντήρησης ή επισκευής, με το πάτημα ενός κουμπιού.<br />
<br />
<b>Ιδανική τοποθεσία</b><br />
<br />
Η Κηφισιά είναι μια εύπορη γειτονιά που βρίσκεται στα βόρεια προάστια της Αθήνας, μόλις 14 χιλιόμετρα από το κέντρο της πόλης. Η περιοχή είναι περισσότερο γνωστή για τα πολυτελή κτίρια και τα αρχοντικά της που χρονολογούνται από διάφορες εποχές, τις μπουτίκ σχεδιαστών, τα υψηλής ποιότητας εστιατόρια και τα υπέροχα πάρκα. Η Κηφισιά φιλοξενεί επίσης το Μουσείο Γουλανδρή Φυσικής Ιστορίας. Μπορείτε να φτάσετε εύκολα στην Κηφισιά με λεωφορείο ή με τη γραμμή 1 του σιδηροδρομικού δικτύου της Αθήνας.",,"1",,"1","5","0","1","2026-07-21","7",,"0","yes","yes","0","Αθήνα - Βόρεια Προάστια (Αττική)","Κηφισιά (Αθήνα - Βόρεια Προάστια)","1","105103","101","2108",,,"1","2","0","0","1","1220426882","https://m3.spitogatos.gr/362577779_1600x1200.jpg?v=20130730","https://m2.spitogatos.gr/362577781_1600x1200.jpg?v=20130730","https://m3.spitogatos.gr/362577785_1600x1200.jpg?v=20130730","https://m2.spitogatos.gr/362577787_1600x1200.jpg?v=20130730","https://m2.spitogatos.gr/362577790_1600x1200.jpg?v=20130730","https://m1.spitogatos.gr/362577792_1600x1200.jpg?v=20130730","https://m1.spitogatos.gr/362577795_1600x1200.jpg?v=20130730","https://m3.spitogatos.gr/362577797_1600x1200.jpg?v=20130730","https://m2.spitogatos.gr/362577799_1600x1200.jpg?v=20130730","https://m3.spitogatos.gr/362577800_1600x1200.jpg?v=20130730","https://m2.spitogatos.gr/362577802_1600x1200.jpg?v=20130730","https://m3.spitogatos.gr/362577803_1600x1200.jpg?v=20130730","https://m2.spitogatos.gr/362577805_1600x1200.jpg?v=20130730","https://m3.spitogatos.gr/362577806_1600x1200.jpg?v=20130730","https://m2.spitogatos.gr/362577808_1600x1200.jpg?v=20130730","https://m1.spitogatos.gr/362577810_1600x1200.jpg?v=20130730","https://m1.spitogatos.gr/362577813_1600x1200.jpg?v=20130730","https://m2.spitogatos.gr/362577817_1600x1200.jpg?v=20130730","https://m2.spitogatos.gr/362577820_1600x1200.jpg?v=20130730","https://m3.spitogatos.gr/362577824_1600x1200.jpg?v=20130730","https://m3.spitogatos.gr/362577827_1600x1200.jpg?v=20130730","https://m1.spitogatos.gr/362577828_1600x1200.jpg?v=20130730","https://m2.spitogatos.gr/362577829_1600x1200.jpg?v=20130730","https://m3.spitogatos.gr/362577830_1600x1200.jpg?v=20130730",,"0","0",,"0","38.088585","1","0","23.796013",,"0",,,"2026-07-28","0","0",,"0",,"1","1",,,"1","0","0",,"0","0","0","1630",,,"0","0","0","0","14.17",,,"1","3",,"1","1",,,,"3","0","1",,"115","1",,"Remvis 16","1","1","0","2026-07-21","https://www.spitogatos.gr/en/property/1220426882","https://nodalview.com/baJpondbwfdt1kCtFri8RVgs","0",,"1987",,
"1","2",,"vip","4",,,,,"0","0","0","0","2026-08-12","0","0","1","0","0",,,"house",,,"1","Νιώσε σαν στο σπίτι σου, όπου και αν επιλέξεις να μείνεις με την Blueground. Θα λατρέψεις αυτό το κομψά επιπλωμένο διαμέρισμα δύο υπνοδωματίων, για τη διακόσμησή του, την πλήρως εξοπλισμένη κουζίνα και το ευρύχωρο καθιστικό του. Βρίσκεται σε ιδανική τοποθεσία, κοντά σε όλα όσα έχει να σου προσφέρει η Αθήνα!<br><br />
<br />
Η διαφημιζόμενη τιμή των €1,290/μήνα είναι η τιμή για 1 έτος, με ημερομηνία έναρξης Αυγούστου 11, 2026. Η χαμηλότερη διαθέσιμη τιμή είναι €1,270/μήνα για μίσθωση 6 μήνα(μηνών) και 4 ημέρας(ημερών) με ημερομηνία έναρξης Αυγούστου 11, 2026.<br />
<br>Οι τιμές διαφέρουν ανάλογα με τη διάρκεια παραμονής, την εποχικότητα και άλλους παράγοντες. Επισκεφθείτε τον ιστότοπό μας και εισάγετε τις ημερομηνίες διαμονής σας για να δείτε ενημερωμένες τιμές για την κράτησή σας. Η τιμή ισχύει μόνο με προκαταβολή· ενδέχεται να είναι υψηλότερη εάν πληρωθεί σε δόσεις.<br />
<br />
<b>Κλείστε αυτό το διαμέρισμα online!</b><br />
<br />
https://www.theblueground.com/p/furnished-apartments/ath-2224?utm_source=classified-4<br />
<br />
Aναβαθμίστε τη διαμονή σας με ένα πλήρως επιπλωμένο διαμέρισμα από τη Blueground:<br />
      – Επιπλωμένα σπίτια σε τιμές αντίστοιχες με τα ανεπίπλωτα<br />
      – Χωρίς κόστη εγκατάστασης ή αγοράς επίπλων - εξοικονομήστε χρόνο και χρήματα<br />
      – Έτοιμα για άμεση μετακόμιση - το μόνο που χρειάζεστε είναι η βαλίτσα σας<br />
<br />
<b>Ο χώρος</b><br><br />
Νιώσε σαν στο σπίτι σου σε αυτό το επιπλωμένο διαμέρισμα της Blueground με το μοναδικό design, τα μοντέρνα έπιπλα και την πλήρως εξοπλισμένη κουζίνα.<br />
Δες τις αγαπημένες σου ταινίες στη smart TV ή άκουσε δυνατά μουσική στα ασύρματα ηχεία τελευταίας τεχνολογίας. Ό,τι και να αποφασίσεις να κάνεις το μόνο σίγουρο είναι πως θα αγαπήσεις όλα όσα σου προσφέρει αυτό το φωτεινό διαμέρισμα.<br />
<br />
<b>Διαρρύθμιση δωματίων ύπνου</b><br />
    <br />
        Υπέρδιπλο κρεβάτι: 160 εκ.<br />
<br />
        Διπλό κρεβάτι: 140 εκ.<br />
<br />
<b>Παροχές κτιρίου</b><br />
<br />
      Ασανσέρ<br />
      Πλυντήριο<br />
      Θέση στάθμευσης<br />
<br />
<br />
<b>Άφιξη και συνεχής υποστήριξη πελατών</b><br><br />
Κατά τη διάρκεια της διαμονής σου, η ομάδα μας θα είναι διαθέσιμη για να σε βοηθήσει με οτιδήποτε χρειαστείς. Μέσω της ειδικής mobile εφαρμογής της Blueground έχεις συνεχή υποστήριξη, ενώ μπορείς ακόμη να προγραμματίσεις υπηρεσίες καθαρισμού, συντήρησης ή επισκευής, με το πάτημα ενός κουμπιού.",,"1",,"1","1","0","0","2026-07-20","7",,"0","yes","yes","0","Αθήνα - Κέντρο (Αττική)","Κολωνάκι - Λυκαβηττός (Αθήνα - Κέντρο)","1","105103","100","6009",,,"1",,"0","0","1","1220424662","https://m3.spitogatos.gr/362447111_1600x1200.jpg?v=20130730","https://m2.spitogatos.gr/362447113_1600x1200.jpg?v=20130730","https://m1.spitogatos.gr/362447139_1600x1200.jpg?v=20130730","https://m3.spitogatos.gr/362447141_1600x1200.jpg?v=20130730","https://m3.spitogatos.gr/362447144_1600x1200.jpg?v=20130730","https://m3.spitogatos.gr/362447147_1600x1200.jpg?v=20130730","https://m2.spitogatos.gr/362447149_1600x1200.jpg?v=20130730","https://m1.spitogatos.gr/362447151_1600x1200.jpg?v=20130730","https://m1.spitogatos.gr/362447157_1600x1200.jpg?v=20130730","https://m2.spitogatos.gr/362447158_1600x1200.jpg?v=20130730","https://m1.spitogatos.gr/362447160_1600x1200.jpg?v=20130730","https://m3.spitogatos.gr/362447162_1600x1200.jpg?v=20130730","https://m2.spitogatos.gr/362447164_1600x1200.jpg?v=20130730","https://m1.spitogatos.gr/362447166_1600x1200.jpg?v=20130730","https://m2.spitogatos.gr/362447167_1600x1200.jpg?v=20130730","https://m1.spitogatos.gr/362447169_1600x1200.jpg?v=20130730","https://m2.spitogatos.gr/362447170_1600x1200.jpg?v=20130730","https://m3.spitogatos.gr/362447171_1600x1200.jpg?v=20130730","https://m2.spitogatos.gr/362447173_1600x1200.jpg?v=20130730","https://m2.spitogatos.gr/362447176_1600x1200.jpg?v=20130730","https://m3.spitogatos.gr/362447180_1600x1200.jpg?v=20130730","https://m2.spitogatos.gr/362447185_1600x1200.jpg?v=20130730","https://m2.spitogatos.gr/362447188_1600x1200.jpg?v=20130730","https://m3.spitogatos.gr/362447192_1600x1200.jpg?v=20130730","https://m1.spitogatos.gr/362447196_1600x1200.jpg?v=20130730","0","0",,"0","37.986588","1","0","23.746662",,"0",,,"2026-07-28","0","0","1","0",,"1","1",,,"1","0","1",,"0","0","0","1290",,,"0","0","0","0","19.25",,,"1","3","6","1","0",,,,"2","0","1",,"67","1",,"Markou Evgenikou  22","1","1","0","2026-07-20","https://www.spitogatos.gr/en/property/1220424662","https://nodalview.com/s/0jjojuiSr9J81NHvfda1_e","0",,"2025",,
"1","2",,"vip","4",,,,,"0","0","0","0","2026-08-13","0","0","1","0","0",,,"house",,,"1","Ξεκίνα να ζεις από την πρώτη μέρα, σε αυτό το κομψά επιπλωμένο διαμέρισμα τριών υπνοδωματίων της Blueground στο κέντρο της Αθήνας. Πλήρως εξοπλισμένο με έπιπλα μοναδικού design, ηλεκτρικές συσκευές τελευταίας τεχνολογίας.<br><br />
<br />
Η διαφημιζόμενη τιμή των €1,230/μήνα είναι η τιμή για 1 έτος, με ημερομηνία έναρξης Αυγούστου 12, 2026. Η χαμηλότερη διαθέσιμη τιμή είναι €1,190/μήνα για μίσθωση 6 μήνα(μηνών) και 4 ημέρας(ημερών) με ημερομηνία έναρξης Αυγούστου 12, 2026.<br />
<br>Οι τιμές διαφέρουν ανάλογα με τη διάρκεια παραμονής, την εποχικότητα και άλλους παράγοντες. Επισκεφθείτε τον ιστότοπό μας και εισάγετε τις ημερομηνίες διαμονής σας για να δείτε ενημερωμένες τιμές για την κράτησή σας. Η τιμή ισχύει μόνο με προκαταβολή· ενδέχεται να είναι υψηλότερη εάν πληρωθεί σε δόσεις.<br />
<br />
<b>Κλείστε αυτό το διαμέρισμα online!</b><br />
<br />
https://www.theblueground.com/p/furnished-apartments/ath-1272?utm_source=classified-4<br />
<br />
Aναβαθμίστε τη διαμονή σας με ένα πλήρως επιπλωμένο διαμέρισμα από τη Blueground:<br />
      – Επιπλωμένα σπίτια σε τιμές αντίστοιχες με τα ανεπίπλωτα<br />
      – Χωρίς κόστη εγκατάστασης ή αγοράς επίπλων - εξοικονομήστε χρόνο και χρήματα<br />
      – Έτοιμα για άμεση μετακόμιση - το μόνο που χρειάζεστε είναι η βαλίτσα σας<br />
<br />
<b>Ο χώρος</b><br><br />
Σε αυτό το κομψό Blueground διαμέρισμα τριών υπνοδωματίων, θα βρεις ένα χώρο προσεκτικά σχεδιασμένο και πλήρως εξοπλισμένο με έπιπλα μοναδικού design και ηλεκτρικές συσκευές τελευταίας τεχνολογίας.<br />
Νιώσε όμορφα και χαλαρά στο νέο σου σπίτι κάθε στιγμή. Και όταν θα θες να διασκεδάσεις, μπορείς να βγεις και να αφεθείς στον παλμό της Αθήνας ή να φέρεις τη διασκέδαση σπίτι, με τα ασύρματα ηχεία ή τη smart TV.<br />
<br />
<b>Διαρρύθμιση δωματίων ύπνου</b><br />
    <br />
        Μονό κρεβάτι: 90 εκ.<br />
<br />
        Υπέρδιπλο κρεβάτι: 160 εκ.<br />
<br />
        Διπλό κρεβάτι: 140 εκ.<br />
<br />
<b>Παροχές κτιρίου</b><br />
<br />
      Ασανσέρ<br />
      Πλυντήριο<br />
<br />
<br />
<b>Άφιξη και συνεχής υποστήριξη πελατών</b><br><br />
Κατά τη διάρκεια της διαμονής σου, η ομάδα μας θα είναι διαθέσιμη για να σε βοηθήσει με οτιδήποτε χρειαστείς. Μέσω της ειδικής mobile εφαρμογής της Blueground έχεις συνεχή υποστήριξη, ενώ μπορείς ακόμη να προγραμματίσεις υπηρεσίες καθαρισμού, συντήρησης ή επισκευής, με το πάτημα ενός κουμπιού.",,"1",,"1","7","0","0","2026-07-14","7",,"0","yes","no","0","Αθήνα - Κέντρο (Αττική)","Παγκράτι (Αθήνα - Κέντρο)","1","105103","100","6013",,,"2","2","0","0","1","1220381616","https://m1.spitogatos.gr/361754535_1600x1200.jpg?v=20130730","https://m1.spitogatos.gr/361754538_1600x1200.jpg?v=20130730","https://m1.spitogatos.gr/361754544_1600x1200.jpg?v=20130730","https://m3.spitogatos.gr/361754546_1600x1200.jpg?v=20130730","https://m3.spitogatos.gr/361754552_1600x1200.jpg?v=20130730","https://m2.spitogatos.gr/361754557_1600x1200.jpg?v=20130730","https://m2.spitogatos.gr/361754575_1600x1200.jpg?v=20130730","https://m3.spitogatos.gr/361754582_1600x1200.jpg?v=20130730","https://m2.spitogatos.gr/361754590_1600x1200.jpg?v=20130730","https://m1.spitogatos.gr/361754601_1600x1200.jpg?v=20130730","https://m3.spitogatos.gr/361754609_1600x1200.jpg?v=20130730","https://m2.spitogatos.gr/361754617_1600x1200.jpg?v=20130730","https://m3.spitogatos.gr/361754624_1600x1200.jpg?v=20130730","https://m3.spitogatos.gr/361754633_1600x1200.jpg?v=20130730","https://m3.spitogatos.gr/361754642_1600x1200.jpg?v=20130730","https://m1.spitogatos.gr/361754649_1600x1200.jpg?v=20130730","https://m1.spitogatos.gr/361754658_1600x1200.jpg?v=20130730","https://m3.spitogatos.gr/361754666_1600x1200.jpg?v=20130730","https://m2.spitogatos.gr/361754674_1600x1200.jpg?v=20130730","https://m1.spitogatos.gr/361754685_1600x1200.jpg?v=20130730","https://m2.spitogatos.gr/361754695_1600x1200.jpg?v=20130730","https://m1.spitogatos.gr/361754706_1600x1200.jpg?v=20130730",,,,"0","0",,"0","37.973091","1","0","23.748537",,"0",,,"2026-07-28","0","0",,"0",,"0","2",,,"1","0","0",,"0","0","0","1230",,,"0","0","0","0","11.71",,,"1","3","6","1","0",,,,"3","0","1",,"105","0",,"Pratinou 79","1","1","0","2026-07-14","https://www.spitogatos.gr/en/property/1220381616","https://nodalview.com/s/2mBYiTigf72OKoun78dCkL","0",,"1977",,
"1","1",,"vip","4",,,,,"0","0","0","0","2026-08-08","0","0","1","0","0",,,"house",,,"1","Νιώσε σαν στο σπίτι σου, όπου και αν επιλέξεις να μείνεις με την Blueground. Θα λατρέψεις αυτό το όμορφα επιπλωμένο διαμέρισμα δύο υπνοδωματίων, για τη διακόσμησή του, την πλήρως εξοπλισμένη κουζίνα και το κομψό καθιστικό του. Βρίσκεται σε ιδανική τοποθεσία, κοντά σε όλα όσα έχει να σου προσφέρει η Αθήνα!<br><br />
<br />
Η διαφημιζόμενη τιμή των €1,460/μήνα είναι η τιμή για 1 έτος, με ημερομηνία έναρξης Αυγούστου 7, 2026.<br />
<br>Οι τιμές διαφέρουν ανάλογα με τη διάρκεια παραμονής, την εποχικότητα και άλλους παράγοντες. Επισκεφθείτε τον ιστότοπό μας και εισάγετε τις ημερομηνίες διαμονής σας για να δείτε ενημερωμένες τιμές για την κράτησή σας. Η τιμή ισχύει μόνο με προκαταβολή· ενδέχεται να είναι υψηλότερη εάν πληρωθεί σε δόσεις.<br />
<br />
<b>Κλείστε αυτό το διαμέρισμα online!</b><br />
<br />
https://www.theblueground.com/p/furnished-apartments/ath-1147?utm_source=classified-4<br />
<br />
Aναβαθμίστε τη διαμονή σας με ένα πλήρως επιπλωμένο διαμέρισμα από τη Blueground:<br />
      – Επιπλωμένα σπίτια σε τιμές αντίστοιχες με τα ανεπίπλωτα<br />
      – Χωρίς κόστη εγκατάστασης ή αγοράς επίπλων - εξοικονομήστε χρόνο και χρήματα<br />
      – Έτοιμα για άμεση μετακόμιση - το μόνο που χρειάζεστε είναι η βαλίτσα σας<br />
<br />
<b>Ο χώρος</b><br><br />
Σε αυτό το κομψό Blueground διαμέρισμα δύο υπνοδωματίων, θα βρεις ένα χώρο προσεκτικά σχεδιασμένο και πλήρως εξοπλισμένο με έπιπλα μοναδικού design και ηλεκτρικές συσκευές τελευταίας τεχνολογίας.<br />
Νιώσε όμορφα και χαλαρά στο νέο σου σπίτι κάθε στιγμή. Και όταν θα θες να διασκεδάσεις, μπορείς να βγεις και να αφεθείς στον παλμό της Αθήνας ή να φέρεις τη διασκέδαση σπίτι, με τα ασύρματα ηχεία ή τη smart TV.<br />
<br />
<b>Διαρρύθμιση δωματίων ύπνου</b><br />
    <br />
        Υπέρδιπλο κρεβάτι: 160 εκ.<br />
<br />
        Διπλό κρεβάτι: 140 εκ.<br />
<br />
<b>Παροχές κτιρίου</b><br />
<br />
      Ασανσέρ<br />
      Πλυντήριο<br />
<br />
<br />
<b>Άφιξη και συνεχής υποστήριξη πελατών</b><br><br />
Κατά τη διάρκεια της διαμονής σου, η ομάδα μας θα είναι διαθέσιμη για να σε βοηθήσει με οτιδήποτε χρειαστείς. Μέσω της ειδικής mobile εφαρμογής της Blueground έχεις συνεχή υποστήριξη, ενώ μπορείς ακόμη να προγραμματίσεις υπηρεσίες καθαρισμού, συντήρησης ή επισκευής, με το πάτημα ενός κουμπιού.",,"1",,"1","9","0","0","2026-07-06","6",,"0","yes","no","0","Αθήνα - Κέντρο (Αττική)","Κουκάκι - Μακρυγιάννη (Αθήνα - Κέντρο)","1","105103","100","6011","2028",,"1",,"0","0","1","1220312462","https://m3.spitogatos.gr/360607766_1600x1200.jpg?v=20130730","https://m2.spitogatos.gr/360607771_1600x1200.jpg?v=20130730","https://m3.spitogatos.gr/360607778_1600x1200.jpg?v=20130730","https://m2.spitogatos.gr/360607783_1600x1200.jpg?v=20130730","https://m2.spitogatos.gr/360607786_1600x1200.jpg?v=20130730","https://m3.spitogatos.gr/360607790_1600x1200.jpg?v=20130730","https://m1.spitogatos.gr/360607797_1600x1200.jpg?v=20130730","https://m3.spitogatos.gr/360607802_1600x1200.jpg?v=20130730","https://m1.spitogatos.gr/360607806_1600x1200.jpg?v=20130730","https://m1.spitogatos.gr/360607812_1600x1200.jpg?v=20130730","https://m2.spitogatos.gr/360607819_1600x1200.jpg?v=20130730","https://m1.spitogatos.gr/360607824_1600x1200.jpg?v=20130730","https://m2.spitogatos.gr/360607828_1600x1200.jpg?v=20130730","https://m2.spitogatos.gr/360607831_1600x1200.jpg?v=20130730","https://m3.spitogatos.gr/360607835_1600x1200.jpg?v=20130730","https://m3.spitogatos.gr/360607838_1600x1200.jpg?v=20130730","https://m3.spitogatos.gr/360607844_1600x1200.jpg?v=20130730","https://m2.spitogatos.gr/360607849_1600x1200.jpg?v=20130730","https://m3.spitogatos.gr/360607853_1600x1200.jpg?v=20130730","https://m1.spitogatos.gr/360607857_1600x1200.jpg?v=20130730","https://m3.spitogatos.gr/360607862_1600x1200.jpg?v=20130730","https://m3.spitogatos.gr/360607865_1600x1200.jpg?v=20130730","https://m2.spitogatos.gr/360607867_1600x1200.jpg?v=20130730","https://m2.spitogatos.gr/360607870_1600x1200.jpg?v=20130730","https://m1.spitogatos.gr/360607872_1600x1200.jpg?v=20130730","0","0",,"0","37.968891","1","0","23.730515",,"0",,,"2026-07-28","0","0",,"0",,"1","1",,,"1","0","1",,"0","0","0","1460",,,"0","0","0","0","13.9",,,"1","3","6","1","0",,,,"2","0","1",,"105","0",,"Makri 8","1","1","0","2026-07-06","https://www.spitogatos.gr/en/property/1220312462","https://nodalview.com/FSbUXhEZbedy56SfbTdSpt2P","0",,"1960",,
"1","3","no","vip","4","Unity Smart Living","99571","ΚΑΙΣΑΡΙΑΝΗ","+306980796682","1","1","0","0","2026-06-26","0","0","1","0","1","0",,"house","0","0","1","Η Καισαριανή σε πάει παντού<br />
<br />
Η Unity Smart Living στην Καισαριανή δημιουργεί μια νέα εμπειρία φοιτητικής κατοικίας σε μία από τις πιο στρατηγικές τοποθεσίες της Αθήνας. Εδώ, η καθημερινότητα γίνεται πιο εύκολη, οι μετακινήσεις λιγότερες και ο χρόνος αποκτά μεγαλύτερη αξία.<br />
<br />
Η Καισαριανή αποτελεί το ιδανικό σημείο εκκίνησης για τη φοιτητική ζωή στην Αθήνα. Βρίσκεται δίπλα στην Πανεπιστημιούπολη Ζωγράφου, την Πολυτεχνειούπολη και τις σχολές του Γουδή, όπως η Ιατρική και η Οδοντιατρική, επιτρέποντας στους φοιτητές να βρίσκονται στη σχολή τους μέσα σε λίγα μόλις λεπτά.<br />
<br />
Κοντά στις σχολές. Κοντά σε όλα.<br />
Η τοποθεσία του κτιρίου προσφέρει σημαντική εξοικονόμηση χρόνου στην καθημερινότητα. Οι πανεπιστημιακές εγκαταστάσεις βρίσκονται σε πολύ μικρή απόσταση, ενώ το κέντρο της Αθήνας απέχει περίπου 10–15 λεπτά και το Παγκράτι μόλις 5 λεπτά.<br />
Είτε πρόκειται για τη σχολή, είτε για μια έξοδο με φίλους, είτε για τις καθημερινές υποχρεώσεις, όλα βρίσκονται κοντά.<br />
<br />
Μια πόλη που μετακινείται εύκολα<br />
<br />
Η περιοχή εξυπηρετείται από στάσεις λεωφορείων σε walking distance, ενώ προσφέρει εύκολη πρόσβαση στο μετρό και στο κέντρο της Αθήνας. Η μετακίνηση γίνεται γρήγορα και άνετα, χωρίς να είναι απαραίτητη η χρήση αυτοκινήτου.<br />
<br />
Μια ολοκληρωμένη γειτονιά<br />
Η Καισαριανή διατηρεί τον χαρακτήρα μιας αυθεντικής αθηναϊκής γειτονιάς. Καφέ, εστιατόρια, super market, φούρνοι, φαρμακεία και όλες οι βασικές υπηρεσίες βρίσκονται λίγα μόλις βήματα από το σπίτι, προσφέροντας μια καθημερινότητα πρακτική, άνετη και λειτουργική.<br />
<br />
Δίπλα στην πόλη. Δίπλα στη φύση.<br />
Ένα από τα σημαντικότερα πλεονεκτήματα της περιοχής είναι η άμεση γειτνίαση με τον Υμηττό. Οι φοιτητές μπορούν εύκολα να απολαύσουν περπάτημα, τρέξιμο ή υπαίθριες δραστηριότητες, συνδυάζοντας τους γρήγορους ρυθμούς της Αθήνας με στιγμές χαλάρωσης μέσα στη φύση.<br />
<br />
Ισορροπία στην καθημερινότητα.<br />
<br />
Σε αντίθεση με άλλες περιοχές του κέντρου, η Καισαριανή προσφέρει ένα πιο ήρεμο και ανθρώπινο περιβάλλον, χωρίς να χάνει την άμεση σύνδεσή της με τα σημαντικότερα σημεία της πόλης. Είναι μια περιοχή που επιτρέπει στους φοιτητές να απολαμβάνουν την ενέργεια της Αθήνας, διατηρώντας παράλληλα την ποιότητα ζωής που χρειάζονται.<br />
<br />
Σύγχρονη φοιτητική διαμονή με την υπογραφή της Unity Smart Living<br />
<br />
Όπως σε όλα τα κτίρια της Unity Smart Living, οι ένοικοι απολαμβάνουν σύγχρονα, πλήρως εξοπλισμένα διαμερίσματα, προηγμένες υπηρεσίες, υψηλά πρότυπα ασφάλειας, τεχνολογικές λύσεις και μια ολοκληρωμένη εμπειρία φοιτητικής διαμονής.<br />
<br />
Η νέα εμπειρία φοιτητικής ζωής στην Αθήνα<br />
<br />
Η Unity Smart Living στην Καισαριανή δεν είναι απλώς μια φοιτητική κατοικία. Είναι μια σύγχρονη κοινότητα που επαναπροσδιορίζει τη φοιτητική διαμονή στην Αθήνα, συνδυάζοντας στρατηγική τοποθεσία, σύγχρονες παροχές, εύκολη πρόσβαση στις πανεπιστημιακές σχολές και μια καθημερινότητα που σου δίνει περισσότερο χρόνο για όσα πραγματικά έχουν σημασία.",,,"0","1","1","1","0","2026-06-26","8","4","0","yes","no","0","Αθήνα - Νότια Προάστια (Αττική)","Καισαριανή (Αθήνα - Νότια Προάστια)","1","105103","102","2214","106370","Double","4",,"0","0","1","1220242302","https://m2.spitogatos.gr/359377519_1600x1200.jpg?v=20130730","https://m3.spitogatos.gr/359377424_1600x1200.jpg?v=20130730","https://m2.spitogatos.gr/359377426_1600x1200.jpg?v=20130730","https://m3.spitogatos.gr/359377457_1600x1200.jpg?v=20130730","https://m2.spitogatos.gr/359377453_1600x1200.jpg?v=20130730","https://m1.spitogatos.gr/359377428_1600x1200.jpg?v=20130730","https://m3.spitogatos.gr/359377430_1600x1200.jpg?v=20130730","https://m3.spitogatos.gr/359377433_1600x1200.jpg?v=20130730","https://m2.spitogatos.gr/359377435_1600x1200.jpg?v=20130730","https://m3.spitogatos.gr/359377439_1600x1200.jpg?v=20130730","https://m3.spitogatos.gr/359377442_1600x1200.jpg?v=20130730","https://m3.spitogatos.gr/359377445_1600x1200.jpg?v=20130730","https://m1.spitogatos.gr/359377449_1600x1200.jpg?v=20130730","https://m2.spitogatos.gr/359525362_1600x1200.jpg?v=20130730",,,,,,,,,,,,"1","0","2","1","37.96381","1","1","23.75882",,"1","0","0","2026-07-28","0","0","1","0","yes","0","1","5",,"1","0","1",,"0","0","0","610",,,"1","1","1","1","20.33",,,"4",,,"1","1","2026","0","2","1","0","1","1","30","0",,"Αδριανουπόλεως, 45, Καισαριανή Ελλάδα, 16121","1","1","0","2026-06-26","https://www.spitogatos.gr/en/property/1220242302",,"1","0","2026",,"residential"
"1","2",,"vip","4",,,,,"0","0","0","0","2026-10-13","0","0","1","0","0",,,"house",,,"1","Ξεκίνα να ζεις από την πρώτη μέρα, σε αυτό το σύγχρονα επιπλωμένο διαμέρισμα ενός υπνοδωματίου της Blueground στο κέντρο της Γλυφάδας. Πλήρως εξοπλισμένο με έπιπλα μοναδικού design, ηλεκτρικές συσκευές τελευταίας τεχνολογίας.<br><br />
<br />
Η διαφημιζόμενη τιμή των €1,060/μήνα είναι η τιμή για 1 έτος, με ημερομηνία έναρξης Οκτωβρίου 12, 2026. Η χαμηλότερη διαθέσιμη τιμή είναι €1,040/μήνα για μίσθωση 7 μήνα(μηνών) και 4 ημέρας(ημερών) με ημερομηνία έναρξης Οκτωβρίου 12, 2026.<br />
<br>Οι τιμές διαφέρουν ανάλογα με τη διάρκεια παραμονής, την εποχικότητα και άλλους παράγοντες. Επισκεφθείτε τον ιστότοπό μας και εισάγετε τις ημερομηνίες διαμονής σας για να δείτε ενημερωμένες τιμές για την κράτησή σας. Η τιμή ισχύει μόνο με προκαταβολή· ενδέχεται να είναι υψηλότερη εάν πληρωθεί σε δόσεις.<br />
<br />
<b>Κλείστε αυτό το διαμέρισμα online!</b><br />
<br />
https://www.theblueground.com/p/furnished-apartments/ath-1952?utm_source=classified-4<br />
<br />
Aναβαθμίστε τη διαμονή σας με ένα πλήρως επιπλωμένο διαμέρισμα από τη Blueground:<br />
      – Επιπλωμένα σπίτια σε τιμές αντίστοιχες με τα ανεπίπλωτα<br />
      – Χωρίς κόστη εγκατάστασης ή αγοράς επίπλων - εξοικονομήστε χρόνο και χρήματα<br />
      – Έτοιμα για άμεση μετακόμιση - το μόνο που χρειάζεστε είναι η βαλίτσα σας<br />
<br />
<b>Ο χώρος</b><br><br />
Έπιπλα μοναδικού design, πλήρως εξοπλισμένη κουζίνα, smart TV ή/και ασύρματα ηχεία τελευταίας τεχνολογίας, είναι λίγες μόνο από τις ανέσεις που σου προσφέρει αυτό το διαμέρισμα ενός υπνοδωματίου της Blueground. Θα το αγαπήσεις όμως και για τη μοναδική του τοποθεσία, καθώς βρίσκεται σε ένα από τα πιο κεντρικά σημεία της Γλυφάδας.<br />
<br />
<b>Διαρρύθμιση δωματίων ύπνου</b><br />
    <br />
        Υπέρδιπλο κρεβάτι: 160 εκ.<br />
<br />
<b>Παροχές κτιρίου</b><br />
<br />
      Ασανσέρ<br />
      Πλυντήριο<br />
      Επιτρέπονται κατοικίδια<br />
<br />
<br />
<b>Άφιξη και συνεχής υποστήριξη πελατών</b><br><br />
Κατά τη διάρκεια της διαμονής σου, η ομάδα μας θα είναι διαθέσιμη για να σε βοηθήσει με οτιδήποτε χρειαστείς. Μέσω της ειδικής mobile εφαρμογής της Blueground έχεις συνεχή υποστήριξη, ενώ μπορείς ακόμη να προγραμματίσεις υπηρεσίες καθαρισμού, συντήρησης ή επισκευής, με το πάτημα ενός κουμπιού.<br />
<br />
<b>Ιδανική τοποθεσία</b><br />
<br />
Η Γλυφάδα είναι η μεγαλύτερη παραθαλάσσια γειτονιά της Αθηναϊκής Ριβιέρας, σε απόσταση μόλις 15 χιλιομέτρων από το κέντρο της πόλης. Πρόκειται για μια περιοχή με μπουτίκ σχεδιαστών, μοντέρνα καφέ, εστιατόρια υψηλών προδιαγραφών, αμμώδεις παραλίες και τέσσερις μαρίνες. Επιπλέον, εδώ βρίσκεται το πρώτο γήπεδο γκολφ στην Ελλάδα. Η Γλυφάδα θεωρείται μια από τις πιο διάσημες περιοχές για να μείνετε κοντά στην Αθήνα. Από εδώ μπορείτε να φτάσετε στο κέντρο της Αθήνας με το τραμ, το λεωφορείο ή το αυτοκίνητο.",,"1",,"1","7","0","0","2026-07-20","7",,"0","yes","no","1","Αθήνα - Νότια Προάστια (Αττική)","Γλυφάδα (Αθήνα - Νότια Προάστια)","1","105103","102","2208",,,"1",,"0","0","1","1220422486","https://m3.spitogatos.gr/362430767_1600x1200.jpg?v=20130730","https://m1.spitogatos.gr/362430774_1600x1200.jpg?v=20130730","https://m1.spitogatos.gr/362430783_1600x1200.jpg?v=20130730","https://m3.spitogatos.gr/362430791_1600x1200.jpg?v=20130730","https://m3.spitogatos.gr/362430803_1600x1200.jpg?v=20130730","https://m1.spitogatos.gr/362430813_1600x1200.jpg?v=20130730","https://m1.spitogatos.gr/362430822_1600x1200.jpg?v=20130730","https://m2.spitogatos.gr/362430829_1600x1200.jpg?v=20130730","https://m1.spitogatos.gr/362430837_1600x1200.jpg?v=20130730","https://m3.spitogatos.gr/362430842_1600x1200.jpg?v=20130730","https://m1.spitogatos.gr/362430852_1600x1200.jpg?v=20130730","https://m1.spitogatos.gr/362430861_1600x1200.jpg?v=20130730","https://m1.spitogatos.gr/362430873_1600x1200.jpg?v=20130730","https://m1.spitogatos.gr/362430882_1600x1200.jpg?v=20130730","https://m1.spitogatos.gr/362430888_1600x1200.jpg?v=20130730","https://m2.spitogatos.gr/362430898_1600x1200.jpg?v=20130730","https://m1.spitogatos.gr/362430909_1600x1200.jpg?v=20130730","https://m1.spitogatos.gr/362430918_1600x1200.jpg?v=20130730","https://m2.spitogatos.gr/362430928_1600x1200.jpg?v=20130730","https://m1.spitogatos.gr/362430966_1600x1200.jpg?v=20130730","https://m3.spitogatos.gr/362430974_1600x1200.jpg?v=20130730","https://m1.spitogatos.gr/362430984_1600x1200.jpg?v=20130730",,,,"0","0",,"0","37.856182","1","0","23.753916",,"0",,,"2026-07-28","0","0",,"0",,"0","1",,,"1","0","0","1","0","0","0","1060",,,"0","0","0","0","18.6",,,"1","3",,"1","0",,,,"1","0","1",,"57","0",,"Leoforos Dimarchou Aggelou Metaxa 60","1","1","0","2026-07-20","https://www.spitogatos.gr/en/property/1220422486","https://nodalview.com/s/1kQlDVzSL1JAI6n1bKkH8_","0",,"1980",,
"1","3","no","vip","4",,,,,"1","0","0","0","2026-09-01","0","1","1","20","1","0","false","house","0","50","0","Ενοικίαση κατοικίας, 100 τ.μ., Αθήνα, 1.500 €<br />
25<br />
Ενοικίαση<br />
Διαμέρισμα 100 τ.μ.<br />
1.500 €/ μήνα<br />
| 15 €/τ.μ.<br />
Αθήνα (Γηροκομείο)<br />
Υπνοδωμάτια: 3<br />
Όροφος: 3ος<br />
Μπάνια: 1<br />
WC: 1<br />
Έτος κατασκευής: 2012<br />
Ενεργειακή κλάση: Α<br />
Οροφοδιαμέρισμα<br />
Διαμπερές, Πρόσοψης<br />
Θέρμανση: Πλήρως αυτόνομη<br />
Μέσο θέρμανσης: Πετρέλαιο<br />
Parking: 1 θέση<br />
Τύπος parking: Υπαίθριο<br />
Διαθέσιμο από: 01/09/2026<br />
Επιπλωμένο<br />
Κλιματισμός<br />
Χαρακτηριστικά θέρμανσης: Καλοριφέρ<br />
Κουφώματα: Αλουμινίου<br />
Τζάμια: Διπλά<br />
Πόρτα ασφαλείας<br />
Μπαλκόνια<br />
Δάπεδο: Παρκέ<br />
Τζάκι<br />
Επίπεδο parking: Ισόγειο<br />
Parking κατάλληλο για: Αυτοκίνητα<br />
Δες λιγότερα<br />
Επιπλωμένο Διαμέρισμα 3 υπνοδωματίων 100 τ.μ. με Parking & Οπτική Ίνα για Mid-Term Rental – Νέα Φιλοθέη / Πανόρμου, Αθήνα<br />
<br />
<br />
<br />
Πλήρως επιπλωμένο και πλήρως εξοπλισμένο διαμέρισμα 100 τ.μ. στη Νέα Φιλοθέη, σε ήσυχη και ασφαλή γειτονιά κοντά στο Μετρό Πανόρμου. Ιδανικό για στελέχη εταιρειών, expats και οικογένειες που αναζητούν μια άνετη και move-in ready κατοικία στην Αθήνα.<br />
<br />
<br />
<br />
✨ Χαρακτηριστικά Ακινήτου<br />
<br />
<br />
<br />
• 3 υπνοδωμάτια  <br />
<br />
• Ευρύχωρο σαλόνι με open-plan κουζίνα  <br />
<br />
• Τζάκι  <br />
<br />
• 1 μπάνιο + 1 WC  <br />
<br />
• Μεγάλη βεράντα  <br />
<br />
• Φωτεινό και διαμπερές διαμέρισμα  <br />
<br />
<br />
<br />
🏡 Παροχές & Εξοπλισμός<br />
<br />
<br />
<br />
✔ Ιδιωτική θέση parking  <br />
<br />
✔ Internet οπτικής ίνας υψηλής ταχύτητας <br />
<br />
✔ 3 air conditioning units  <br />
<br />
✔ Πλήρως επιπλωμένο και εξοπλισμένο  <br />
<br />
✔ Πλυντήριο ρούχων & πλυντήριο πιάτων  <br />
<br />
✔ Πλήρης εξοπλισμός κουζίνας  <br />
<br />
✔ Λευκά είδη & κλινοσκεπάσματα  <br />
<br />
✔ Dedicated workspace / γραφείο εργασίας  <br />
<br />
✔ Sofa-bed για φιλοξενούμενους  <br />
<br />
<br />
<br />
📍 Τοποθεσία<br />
<br />
<br />
<br />
• 10 λεπτά με τα πόδια από το Μετρό Πανόρμου  <br />
<br />
• Εύκολη πρόσβαση στο κέντρο Αθήνας και το αεροδρόμιο  <br />
<br />
• Κοντά σε super market, καφέ, εστιατόρια και αγορά  <br />
<br />
• Ιδανική τοποθεσία κοντά σε επιχειρηματικά hubs και νοσοκομεία  <br />
<br />
<br />
<br />
💼 Ιδανικό για:<br />
<br />
<br />
<br />
στελέχη εταιρειών, expats, διπλωμάτες, στελέχη πρεσβειών, families relocating και οικογένειες που χρειάζονται μια πλήρως εξοπλισμένη  κατοικία για ποιοτική διαμονή στην Αθήνα.<br />
<br />
<br />
<br />
💰 Ενοίκιο: 1.500€ / μήνα  <br />
<br />
<br />
Η διεύθυνση είναι ενδεικτική.","7000",,"0","1","2","1","1","2026-07-28","8","10","0","yes","yes","0","Αθήνα - Κέντρο (Αττική)","Αμπελόκηποι - Πεντάγωνο (Αθήνα - Κέντρο)","1","105103","100","6002","6136","Double","1","1","0","0","1","1220506597","https://m2.spitogatos.gr/363548545_1600x1200.jpg?v=20130730","https://m1.spitogatos.gr/363548547_1600x1200.jpg?v=20130730","https://m2.spitogatos.gr/363548548_1600x1200.jpg?v=20130730","https://m1.spitogatos.gr/363548550_1600x1200.jpg?v=20130730","https://m3.spitogatos.gr/363548552_1600x1200.jpg?v=20130730","https://m2.spitogatos.gr/363548554_1600x1200.jpg?v=20130730","https://m1.spitogatos.gr/363548556_1600x1200.jpg?v=20130730","https://m2.spitogatos.gr/363548557_1600x1200.jpg?v=20130730","https://m2.spitogatos.gr/363548560_1600x1200.jpg?v=20130730","https://m3.spitogatos.gr/363548561_1600x1200.jpg?v=20130730","https://m1.spitogatos.gr/363548562_1600x1200.jpg?v=20130730","https://m3.spitogatos.gr/363548564_1600x1200.jpg?v=20130730","https://m2.spitogatos.gr/363548566_1600x1200.jpg?v=20130730","https://m1.spitogatos.gr/363548568_1600x1200.jpg?v=20130730","https://m2.spitogatos.gr/363548569_1600x1200.jpg?v=20130730","https://m2.spitogatos.gr/363548572_1600x1200.jpg?v=20130730","https://m1.spitogatos.gr/363548574_1600x1200.jpg?v=20130730","https://m3.spitogatos.gr/363548576_1600x1200.jpg?v=20130730","https://m1.spitogatos.gr/363548580_1600x1200.jpg?v=20130730","https://m3.spitogatos.gr/363548582_1600x1200.jpg?v=20130730","https://m3.spitogatos.gr/363548585_1600x1200.jpg?v=20130730","https://m2.spitogatos.gr/363548587_1600x1200.jpg?v=20130730","https://m2.spitogatos.gr/363548590_1600x1200.jpg?v=20130730","https://m1.spitogatos.gr/363548601_1600x1200.jpg?v=20130730","https://m2.spitogatos.gr/363548602_1600x1200.jpg?v=20130730","0","0","2","1","37.99831","1","0","23.760481","400","1","0","0","2026-07-28","0","0",,"0",,"1","1","5","2","1","0","0",,"0","0","0","1500",,,"0","0","0","0","15",,,"1","3",,"1","0",,"0","1","3","1","1","0","100",,,"Μπουζίκη 47, Αθήνα 11524","0","1","0","2026-07-28","https://www.spitogatos.gr/en/property/1220506597",,"1","1","2012",,"residential"
"1","1",,"vip","4",,,,,"0","0","0","0","2026-07-30","0","0","1","0","0",,,"house",,,"1","Ξεκίνα να ζεις από την πρώτη μέρα, σε αυτό το μοντέρνα επιπλωμένο διαμέρισμα δύο υπνοδωματίων της Blueground στο κέντρο του Αμαρουσίου. Πλήρως εξοπλισμένο με έπιπλα μοναδικού design, ηλεκτρικές συσκευές τελευταίας τεχνολογίας.<br><br />
<br />
Η διαφημιζόμενη τιμή των €1,310/μήνα είναι η τιμή για 1 έτος, με ημερομηνία έναρξης Ιουλίου 29, 2026.<br />
<br>Οι τιμές διαφέρουν ανάλογα με τη διάρκεια παραμονής, την εποχικότητα και άλλους παράγοντες. Επισκεφθείτε τον ιστότοπό μας και εισάγετε τις ημερομηνίες διαμονής σας για να δείτε ενημερωμένες τιμές για την κράτησή σας. Η τιμή ισχύει μόνο με προκαταβολή· ενδέχεται να είναι υψηλότερη εάν πληρωθεί σε δόσεις.<br />
<br />
<b>Κλείστε αυτό το διαμέρισμα online!</b><br />
<br />
https://www.theblueground.com/p/furnished-apartments/ath-30?utm_source=classified-4<br />
<br />
Aναβαθμίστε τη διαμονή σας με ένα πλήρως επιπλωμένο διαμέρισμα από τη Blueground:<br />
      – Επιπλωμένα σπίτια σε τιμές αντίστοιχες με τα ανεπίπλωτα<br />
      – Χωρίς κόστη εγκατάστασης ή αγοράς επίπλων - εξοικονομήστε χρόνο και χρήματα<br />
      – Έτοιμα για άμεση μετακόμιση - το μόνο που χρειάζεστε είναι η βαλίτσα σας<br />
<br />
<b>Ο χώρος</b><br><br />
Σε αυτό το υπέροχο Blueground διαμέρισμα δύο υπνοδωματίων, θα βρεις ένα χώρο προσεκτικά σχεδιασμένο και πλήρως εξοπλισμένο με έπιπλα μοναδικού design και ηλεκτρικές συσκευές τελευταίας τεχνολογίας.<br />
Νιώσε όμορφα και χαλαρά στο νέο σου σπίτι κάθε στιγμή. Και όταν θα θες να διασκεδάσεις, μπορείς να βγεις και να αφεθείς στον παλμό του Αμαρουσίου ή να φέρεις τη διασκέδαση σπίτι, με τα ασύρματα ηχεία ή τη smart TV.<br />
<br />
<b>Διαρρύθμιση δωματίων ύπνου</b><br />
    <br />
        Υπέρδιπλο κρεβάτι: 160 εκ.<br />
<br />
        Διπλό κρεβάτι: 140 εκ.<br />
<br />
<b>Παροχές κτιρίου</b><br />
<br />
      Ασανσέρ<br />
      Πλυντήριο<br />
      Θέση στάθμευσης<br />
<br />
<br />
<b>Άφιξη και συνεχής υποστήριξη πελατών</b><br><br />
Κατά τη διάρκεια της διαμονής σου, η ομάδα μας θα είναι διαθέσιμη για να σε βοηθήσει με οτιδήποτε χρειαστείς. Μέσω της ειδικής mobile εφαρμογής της Blueground έχεις συνεχή υποστήριξη, ενώ μπορείς ακόμη να προγραμματίσεις υπηρεσίες καθαρισμού, συντήρησης ή επισκευής, με το πάτημα ενός κουμπιού.<br />
<br />
<b>Ιδανική τοποθεσία</b><br />
<br />
Το Μαρούσι είναι μια καταπράσινη γειτονιά που βρίσκεται στα βόρεια προάστια, 14 χιλιόμετρα από το κέντρο της Αθήνας. Ως ένα από τα σημαντικότερα επιχειρηματικά κέντρα της πόλης, φιλοξενεί πολλές μεγάλες πολυεθνικές εταιρείες και οργανισμούς. Στη γειτονιά βρίσκεται επίσης το μεγαλύτερο δάσος της αστικής Αθήνας, η Δάσος Συγγρού, το Ολυμπιακό Αθλητικό Συγκρότημα της Αθήνας από τους Θερινούς Ολυμπιακούς Αγώνες του 2004. Το Mall Athens, ένα από τα μεγαλύτερα εμπορικά κέντρα της νοτιοανατολικής Ευρώπης, και το εμπορικό κέντρο Golden Hall αποτελούν επίσης το σπίτι του Αμαρουσίου. Η περιοχή εξυπηρετείται από τους σιδηροδρομικούς σταθμούς Μαρούσι και ΚΑΤ και από ένα δίκτυο λεωφορειακών γραμμών.",,"0",,"1","5","0","0","2026-04-21","6",,"0","yes","yes","0","Αθήνα - Βόρεια Προάστια (Αττική)","Μαρούσι (Αθήνα - Βόρεια Προάστια)","1","105103","101","2111",,,"1","2","0","0","1","1219748326","https://m2.spitogatos.gr/362278993_1600x1200.jpg?v=20130730","https://m2.spitogatos.gr/362279005_1600x1200.jpg?v=20130730","https://m3.spitogatos.gr/362279027_1600x1200.jpg?v=20130730","https://m3.spitogatos.gr/362279039_1600x1200.jpg?v=20130730","https://m2.spitogatos.gr/362279044_1600x1200.jpg?v=20130730","https://m1.spitogatos.gr/362279049_1600x1200.jpg?v=20130730","https://m2.spitogatos.gr/362279071_1600x1200.jpg?v=20130730","https://m1.spitogatos.gr/362279091_1600x1200.jpg?v=20130730","https://m1.spitogatos.gr/362279097_1600x1200.jpg?v=20130730","https://m1.spitogatos.gr/362279118_1600x1200.jpg?v=20130730","https://m3.spitogatos.gr/362279123_1600x1200.jpg?v=20130730","https://m1.spitogatos.gr/362279142_1600x1200.jpg?v=20130730","https://m1.spitogatos.gr/362279166_1600x1200.jpg?v=20130730","https://m3.spitogatos.gr/362279174_1600x1200.jpg?v=20130730","https://m3.spitogatos.gr/362279177_1600x1200.jpg?v=20130730","https://m3.spitogatos.gr/362279192_1600x1200.jpg?v=20130730","https://m2.spitogatos.gr/362279218_1600x1200.jpg?v=20130730","https://m1.spitogatos.gr/362279223_1600x1200.jpg?v=20130730","https://m2.spitogatos.gr/362279233_1600x1200.jpg?v=20130730","https://m2.spitogatos.gr/362279257_1600x1200.jpg?v=20130730","https://m2.spitogatos.gr/362279269_1600x1200.jpg?v=20130730","https://m2.spitogatos.gr/362279272_1600x1200.jpg?v=20130730","https://m3.spitogatos.gr/362279297_1600x1200.jpg?v=20130730","https://m2.spitogatos.gr/362279308_1600x1200.jpg?v=20130730","https://m2.spitogatos.gr/362279311_1600x1200.jpg?v=20130730","0","0",,"0","38.059689","1","0","23.830374",,"0",,,"2026-07-28","0","0",,"0",,"0","1",,,"1","0","0",,"0","0","0","1310",,,"0","0","0","0","17.47",,,"1","3",,"1","0",,,,"2","0","0",,"75","1",,"Petras 11","1","1","0","2026-04-21","https://www.spitogatos.gr/en/property/1219748326",,"0",,"2010",,
