"AC","Floor Level","accessibleForDisabled","adType_code","adType_id","agentEmployee_firstName","agentEmployee_id","agentEmployee_lastName","agentEmployee_telephone","airy","alarm","attic","auction","availability","availableForDailyRent","awning","balcony","balconyArea","bright","builtInBBQ","byTheSea","category","caveBuilding","commonExpenses","corner","description","distanceSea","doubleGlass","electricCarChargingFacilities","elevator","energyClass","facade","fireplace","firstPublishDate","floorNumber","floorType","forCommercialUse","furnished","garage","garden","geographiesByLevel_2_fullName","geographiesByLevel_4_fullName","geographyParentIds_0","geographyParentIds_1","geographyParentIds_2","geographyParentIds_4","geographyParentIds_5","glassType","heatingController","heatingMedium","heatingUnderFloor","holidayHome","host_id","id","images/0","images/1","images/2","images/3","images/4","images/5","images/6","images/7","images/8","images/9","images/10","images/11","images/12","images/13","images/14","images/15","images/16","images/17","images/18","images/19","images/20","images/21","images/22","images/23","images/24","internal_stairs","investment","joinery","kitchens","latitude","levels","livingRooms","longitude","lotSize","luxHome","mannedReception","medicalOffice","modified","negotiablePrice","neoclassic","newDevelopment","nightPower","no_of_WC","no_of_bathrooms","numberOfFloors","orientation","painted","penthouse","pestNet","petsAllowed","playroom","pool","preserved","price","priceChangeDate","priceChangePercentage","priceIncludesInternet","priceIncludesPower","priceIncludesSharedExp","priceIncludesWater","pricePerSqMeters","pricePreReduction","priceReduced","propertyPublishingOptionIds/0","propertyPublishingOptionIds/1","propertyPublishingOptionIds/2","publicParking","published","renovated","renovationYear","requiresRenovation","road_type","rooms","satelite","secure_door","solar_heater","sq_meters","storage","storageArea","streetAddress","studentHome","subtype","unfinished","uploaded","url","view","wholeFloorApartment","year_of_construction","youtubeVideoId","zoning"
"0","2","no","simple","1","Πηνελόπη","94509","Παπαϊωάνου","2103300020","0","1","0","0","2026-02-07","0","0","0","0","1","0",,"house",,,"1","<br>Διατίθεται προς ενοικίαση εξαιρετικό νεόδμητο διαμέρισμα 2ου ορόφου, συνολικής επιφάνειας 90 τ.μ., σε μία από τις πιο προνομιακές περιοχές της Αγίας Παρασκευής, πλησίον της ΕΡΤ.Το ακίνητο είναι κατασκευής 2026 και συνδυάζει σύγχρονη αρχιτεκτονική, υψηλή αισθητική και άριστη ποιότητα κατασκευής. Αποτελείται από ευρύχωρο και φωτεινό σαλόνι με ενιαία κουζίνα, δύο άνετα υπνοδωμάτια, ένα πλήρες μπάνιο και ένα WC.Διαθέτει ενδοδαπέδια θέρμανση με αντλία θερμότητας και ψύξης, ενεργειακά κουφώματα αλουμινίου, εντοιχισμένες ντουλάπες, τζάκι ενεργειακό, ανελκυστήρα, θέση στάθμευσης σε πιλωτή, αποθήκη, συναγερμό και σίτες σε όλα τα ανοίγματα. Η κουζίνα είναι  εξοπλισμένη με εντοιχιζόμενο πλυντήριο πιάτων, απορροφητήρα και σκουπιδοφάγο, προσφέροντας επιπλέον άνεση και λειτουργικότητα στην καθημερινότητα.Το διαμέρισμα αποτελεί ιδανική επιλογή για όσους αναζητούν ένα σύγχρονο, ενεργειακά αποδοτικό και ποιοτικό σπίτι σε μία από τις πλέον περιζήτητες περιοχές των βορείων προαστίων, με άμεση πρόσβαση σε μέσα μεταφοράς, αγορά, σχολεία και όλες τις απαραίτητες υπηρεσίες. <br>Lion Real Estate<br />
www.lionrealestate.gr<br />
Ζωοδόχου Πηγής 38-40, 10681 Αθήνα<br />
Τηλ.: 210 3300020<br />
________________________________________________________________________________________<br />
Σημαντική ενημέρωση<br />
<br />
Για την υπόδειξη ακινήτων απαιτείται η επίδειξη της αστυνομικής ταυτότητας ή του διαβατηρίου, σύμφωνα με τις διατάξεις του Ν. 4557/2018, όπως ισχύει, σχετικά με την εφαρμογή μέτρων δέουσας επιμέλειας και την πρόληψη της νομιμοποίησης εσόδων από εγκληματικές δραστηριότητες<br />
________________________________________________________________________________________<br />
Ώρες επικοινωνίας: 09:00 – 21:00<br />
Σύμβουλος Ακινήτων, κα Πηνελόπη Παπαϊωάννου, τηλ: 6981000645<br />
email: p.papaioannou.lion@gmail.com",,,,"1","1","0","1","2026-07-02","7",,"0","no","yes","0","Αθήνα - Βόρεια Προάστια (Αττική)","Αγία Παρασκευή (Αθήνα - Βόρεια Προάστια)","1","105103","101","2101","329489","Single","1","13","1","0","1","1220290593","https://m3.spitogatos.gr/360251414_1600x1200.jpg?v=20130730","https://m1.spitogatos.gr/360251415_1600x1200.jpg?v=20130730","https://m1.spitogatos.gr/360251418_1600x1200.jpg?v=20130730","https://m1.spitogatos.gr/360251421_1600x1200.jpg?v=20130730","https://m1.spitogatos.gr/360251424_1600x1200.jpg?v=20130730","https://m2.spitogatos.gr/360251428_1600x1200.jpg?v=20130730","https://m3.spitogatos.gr/360251432_1600x1200.jpg?v=20130730","https://m2.spitogatos.gr/360251434_1600x1200.jpg?v=20130730","https://m3.spitogatos.gr/360251441_1600x1200.jpg?v=20130730","https://m3.spitogatos.gr/360251447_1600x1200.jpg?v=20130730","https://m1.spitogatos.gr/360251454_1600x1200.jpg?v=20130730","https://m3.spitogatos.gr/360251468_1600x1200.jpg?v=20130730","https://m2.spitogatos.gr/360251473_1600x1200.jpg?v=20130730","https://m3.spitogatos.gr/360251477_1600x1200.jpg?v=20130730","https://m1.spitogatos.gr/360251481_1600x1200.jpg?v=20130730","https://m3.spitogatos.gr/360251486_1600x1200.jpg?v=20130730","https://m2.spitogatos.gr/360251491_1600x1200.jpg?v=20130730","https://m1.spitogatos.gr/360251496_1600x1200.jpg?v=20130730","https://m3.spitogatos.gr/360251501_1600x1200.jpg?v=20130730","https://m1.spitogatos.gr/360251505_1600x1200.jpg?v=20130730","https://m2.spitogatos.gr/360251512_1600x1200.jpg?v=20130730",,,,,"0","0","2","1","38.00964",,"1","23.824066",,"0",,,"2026-07-22","0","0","1","0","1","1",,,"0","0","1",,"0","0","0","1600",,,"0","0","0","0","17.78",,,"1","3","6",,"1","0",,"0","7","2","0","1","0","90","1",,"Δαιδάλου 3, 153 42, Αγία Παρασκευή","0","1","0","2026-07-02","https://www.spitogatos.gr/en/property/1220290593","1","0","2026",,"residential"
"1","Ground Floor","no","simple","1","Αλέξιος","81463","Κοσμόπουλος","6986109593","1","1","0","0","2026-02-25","0","1","1","30","1","0",,"house","0","40","0","Διατίθεται προς ενοικίαση διαμέρισμα 130 τ.μ., ισογείου, στην περιοχή Αγία Παρασκευή – Τσακός.<br />
<br />
Το ακίνητο αποτελείται από δύο υπνοδωμάτια, έναν χώρο ο οποίος μπορεί να διαμορφωθεί ως γραφείο, ένα μπάνιο, ένα WC, μία κουζίνα και ένα ευρύχωρο σαλόνι, προσφέροντας άνετη και λειτουργική διαρρύθμιση.<br />
<br />
Διαθέτει αυτόνομη θέρμανση με φυσικό αέριο, κλιματισμό, κουφώματα αλουμινίου με διπλά τζάμια, τέντες, ασανσέρ, πόρτα ασφαλείας, συναγερμό και δάπεδα με πλακάκι, ξύλο και laminate.<br />
<br />
Το διαμέρισμα είναι βαμμένο, προσόψεως, φωτεινό, διαμπερές και μοντέρνο, με ανατολικό προσανατολισμό και θέα σε πράσινο και ανοιχτωσιά. Βρίσκεται σε ήσυχη γειτονιά, κοντά σε συγκοινωνίες, πάρκο, πλατεία, αγορά και χώρους εστίασης.<br />
<br />
📍 Η αναφερόμενη τοποθεσία είναι ενδεικτική. Για περισσότερες πληροφορίες ή προγραμματισμό επίσκεψης:<br />
KOSMOS REAL ESTATE<br />
📞 Υπεύθυνος Ακινήτου: Κοσμόπουλος Αλέξης – 6986109593<br />
📧 info@kosmosrealestate.gr<br />
🌐 www.kosmosrealestate.gr",,,"0","1","5","1","0","2026-02-25","3","10","0","no","no","1","Αθήνα - Βόρεια Προάστια (Αττική)","Αγία Παρασκευή (Αθήνα - Βόρεια Προάστια)","1","105103","101","2101","107122","Double","1","2","0","0","1","1219444471","https://m3.spitogatos.gr/346033148_1600x1200.jpg?v=20130730","https://m2.spitogatos.gr/346033156_1600x1200.jpg?v=20130730","https://m1.spitogatos.gr/346033164_1600x1200.jpg?v=20130730","https://m3.spitogatos.gr/346033169_1600x1200.jpg?v=20130730","https://m3.spitogatos.gr/346033178_1600x1200.jpg?v=20130730","https://m3.spitogatos.gr/346033184_1600x1200.jpg?v=20130730","https://m2.spitogatos.gr/346033189_1600x1200.jpg?v=20130730","https://m1.spitogatos.gr/346033194_1600x1200.jpg?v=20130730","https://m3.spitogatos.gr/346033202_1600x1200.jpg?v=20130730","https://m2.spitogatos.gr/346033207_1600x1200.jpg?v=20130730","https://m3.spitogatos.gr/346033214_1600x1200.jpg?v=20130730","https://m1.spitogatos.gr/346033221_1600x1200.jpg?v=20130730","https://m1.spitogatos.gr/346033227_1600x1200.jpg?v=20130730","https://m1.spitogatos.gr/346033236_1600x1200.jpg?v=20130730","https://m3.spitogatos.gr/346033244_1600x1200.jpg?v=20130730","https://m1.spitogatos.gr/346033251_1600x1200.jpg?v=20130730","https://m1.spitogatos.gr/346033260_1600x1200.jpg?v=20130730","https://m2.spitogatos.gr/346033264_1600x1200.jpg?v=20130730","https://m2.spitogatos.gr/346033291_1600x1200.jpg?v=20130730","https://m2.spitogatos.gr/346033294_1600x1200.jpg?v=20130730","https://m1.spitogatos.gr/346033302_1600x1200.jpg?v=20130730","https://m2.spitogatos.gr/346033306_1600x1200.jpg?v=20130730","https://m3.spitogatos.gr/346033313_1600x1200.jpg?v=20130730",,,"0","0","2","1","38.008221","1","1","23.807373",,"0","0","0","2026-07-27","0","0",,"0","1","1",,"1","1","0","0",,"0","0","0","1450",,,"0","0","0","0","11.15",,,"1","3","6",,"1","1","2021","0","1","2","0","1","0","130","0",,,"0","1","0","2026-02-25","https://www.spitogatos.gr/en/property/1219444471","1","0","1980",,"residential"
"1","5","no","simple","1",,,,,"0","0","0","0","2026-06-18","0","0","0","0","1","0",,"house",,"40","0","Το Απόλυτο Ρετιρέ του Χολαργού: Οροφοδιαμέρισμα 95 τ.μ. με Πανοραμική Θέα & Parking 2 Θέσεων! | Κωδ: 43-5468<br />
Περιγραφή:<br />
<br />
Αναζητάτε την απόλυτη ιδιωτικότητα, πολυτέλεια και άνεση στα Βόρεια Προάστια; Στην εξαιρετική και καταπράσινη γειτονιά της Φανερωμένης (Χολαργός), μόλις 8 λεπτά με τα πόδια από το Μετρό ""Νομισματοκοπείο"", διατίθεται προς ενοικίαση ένα σπάνιο ρετιρέ οροφοδιαμέρισμα 5ου ορόφου, συνολικής επιφάνειας 95 τ.μ.<br />
<br />
Δεν έχετε γείτονες στον όροφο, ούτε κανέναν από πάνω σας! Το διαμέρισμα είναι πλήρως διαμπερές και περιβάλλεται από ένα ενιαίο, τεράστιο μπαλκόνι στις τρεις πλευρές του, προσφέροντας ανεμπόδιστη, πανοραμική θέα στο λεκανοπέδιο και τον Υμηττό.<br />
<br />
Premium Εσωτερικοί Χώροι:<br />
Ανακαινισμένο ριζικά το 2008 και άριστα συντηρημένο, το διαμέρισμα διαθέτει ένα εντυπωσιακό, ολόφωτο σαλόνι με ενεργειακό αερόθερμο τζάκι.<br />
Η αυτόνομη κουζίνα του είναι εξοπλισμένη με πάγκους από αυθεντικό Corian και εντοιχισμένες ηλεκτρικές συσκευές κορυφαίας ποιότητας (φούρνο, φούρνο μικροκυμάτων, πλυντήριο πιάτων Küppersbusch, κεραμικές εστίες).<br />
Διαθέτει 2 άνετα υπνοδωμάτια, 1 πλήρες κεντρικό μπάνιο και ένα επιπλέον έξυπνο δωμάτιο που λειτουργεί τέλεια ως Laundry Room (χώρος πλυντηρίου) ή τεράστια αποθήκη.<br />
<br />
Ενέργεια & Οικονομία:<br />
Εξασφαλίστε απόλυτο έλεγχο των εξόδων σας: Διαθέτει Αυτόνομη θέρμανση με ολοκαίνουργιο ατομικό λέβητα Φυσικού Αερίου, Κλιματισμό (A/C) σε όλους τους χώρους, Ηλιακό θερμοσίφωνα και Νυχτερινό ρεύμα! Τα κοινόχρηστα είναι εξαιρετικά χαμηλά (μόλις ~40€). Τα κουφώματα είναι σύγχρονα αλουμίνια με διπλά τζάμια, σίτες, στόρια και ηλεκτρικές τέντες.<br />
<br />
Το Απόλυτο Πλεονέκτημα (Το Parking):<br />
Στην πυκνοκατοικημένη περιοχή του Χολαργού, το διαμέρισμα σας προσφέρει μια τεράστια θέση στάθμευσης στην πιλοτή (με αυτόματη γκαραζόπορτα), η οποία χωράει άνετα 2 μεσαία αυτοκίνητα ΚΑΙ 1 μοτοσυκλέτα!<br />
<br />
Παραδίδεται φρεσκοβαμμένο, εξοπλισμένο με συναγερμό, πόρτα ασφαλείας και θυροτηλεόραση. Κυριολεκτικά έτοιμο να σας υποδεχτεί (Διαθέσιμο από 10/08/2026). Κωδικός Ακινήτου: 43-5468<br />
<br />
Βασικά Χαρακτηριστικά:<br />
<br />
Εμβαδόν & Όροφος: 95 τ.μ. | 5ος Όροφος (Ρετιρέ - Οροφοδιαμέρισμα).<br />
<br />
Οι Εξωτερικοί Χώροι: Περιμετρικό μπαλκόνι (3 πλευρές), Πανοραμική θέα, Ηλεκτρικές τέντες.<br />
<br />
Διαρρύθμιση: 2 Υπνοδωμάτια, Σαλόνι με Ενεργειακό Τζάκι, Κουζίνα, 1 Μπάνιο, + 1 Extra Δωμάτιο (Laundry/Αποθήκη).<br />
<br />
The Master Plus (Parking): Σκεπαστό Parking πιλοτής για 2 Αυτοκίνητα & 1 Μηχανή!<br />
<br />
Εξοπλισμός: Premium Ηλ. Συσκευές (Küppersbusch, Corian πάγκοι).<br />
<br />
Θέρμανση/Ψύξη: Αυτόνομο Φυσικό Αέριο (Νέος λέβητας), A/C παντού, Ηλιακός.<br />
<br />
Ασφάλεια: Συναγερμός, Θωρακισμένη Πόρτα, Θυροτηλεόραση.<br />
<br />
Τοποθεσία: Χολαργός (Φανερωμένη) – 700μ. από το Μετρό Νομισματοκοπείο.<br />
<br />
Κωδικός Ακινήτου: 43-5468<br />
<br />
Τιμή Ενοικίασης: 1.200 €<br />
<br />
Ακολουθήστε μας<br />
📌 Βρείτε μας στα Social Media (Facebook & Instagram) μέσα από το site μας www.house-brokers.gr για να βλέπετε πρώτοι κάθε νέο ακίνητο πριν δημοσιευτεί στα portals!<br />
<br />
Επικοινωνία<br />
📞 Για την ταχύτερη και καλύτερη εξυπηρέτησή σας, παρακαλούμε να έχετε διαθέσιμο τον κωδικό του ακινήτου.<br />
Σε περίπτωση που δεν μπορέσουμε να απαντήσουμε αμέσως στο τηλέφωνο λόγω ραντεβού, παρακαλούμε στείλτε μήνυμα (SMS/Viber) ή χρησιμοποιήστε τη φόρμα ενδιαφέροντος, αναφέροντας το ονοματεπώνυμό σας, ένα τηλέφωνο επικοινωνίας και τον κωδικό του ακινήτου.<br />
Για την υπόδειξη του ακινήτου είναι απαραίτητη η επίδειξη αστυνομικής ταυτότητας και Α.Φ.Μ. (Ν.4072/11-4-2012 ΦΕΚ 86 Α).<br />
<br />
🚨 Ρετιρέ οροφοδιαμερίσματα στον Χολαργό με διπλό parking είναι εξαιρετικά σπάνια. Καλέστε ΤΩΡΑ στο 2106219121 ή στο 6936916295 για να κλειδώσετε το ραντεβού σας!<br />
<br />
House Brokers<br />
🌐 www.house-brokers.gr",,,,"1","6","1","0","2026-06-30","10","4","0","no","yes","0","Αθήνα - Βόρεια Προάστια (Αττική)","Χολαργός (Αθήνα - Βόρεια Προάστια)","1","105103","101","2123","202317","Double","4","2","0","0","1","1220211082","https://m1.spitogatos.gr/358926507_1600x1200.jpg?v=20130730","https://m3.spitogatos.gr/358926509_1600x1200.jpg?v=20130730","https://m3.spitogatos.gr/358926512_1600x1200.jpg?v=20130730","https://m2.spitogatos.gr/358926514_1600x1200.jpg?v=20130730","https://m1.spitogatos.gr/358926540_1600x1200.jpg?v=20130730","https://m1.spitogatos.gr/358926546_1600x1200.jpg?v=20130730","https://m2.spitogatos.gr/358926547_1600x1200.jpg?v=20130730","https://m1.spitogatos.gr/358926576_1600x1200.jpg?v=20130730","https://m2.spitogatos.gr/358926577_1600x1200.jpg?v=20130730","https://m3.spitogatos.gr/358926578_1600x1200.jpg?v=20130730","https://m2.spitogatos.gr/358926586_1600x1200.jpg?v=20130730","https://m3.spitogatos.gr/358926587_1600x1200.jpg?v=20130730","https://m2.spitogatos.gr/358926601_1600x1200.jpg?v=20130730","https://m2.spitogatos.gr/358926604_1600x1200.jpg?v=20130730","https://m1.spitogatos.gr/358926606_1600x1200.jpg?v=20130730","https://m3.spitogatos.gr/358926608_1600x1200.jpg?v=20130730","https://m1.spitogatos.gr/358926630_1600x1200.jpg?v=20130730","https://m1.spitogatos.gr/358926639_1600x1200.jpg?v=20130730","https://m1.spitogatos.gr/358926642_1600x1200.jpg?v=20130730","https://m2.spitogatos.gr/358926658_1600x1200.jpg?v=20130730","https://m3.spitogatos.gr/358926662_1600x1200.jpg?v=20130730","https://m3.spitogatos.gr/358926665_1600x1200.jpg?v=20130730","https://m1.spitogatos.gr/358926687_1600x1200.jpg?v=20130730","https://m2.spitogatos.gr/358926691_1600x1200.jpg?v=20130730","https://m2.spitogatos.gr/358926721_1600x1200.jpg?v=20130730","0","0","2","1","38.004887",,"1","23.806412",,"0",,,"2026-07-13","0","0",,"0","0","1","6","1","1","0","0",,"0","0","0","1200",,,"0","0","0","0","12.63",,,"1","6",,,"1","0",,"0","2","2","0","1","0","95","1","3",,"0","1","0","2026-06-25","https://www.spitogatos.gr/en/property/1220211082","1","1","1978",,"residential"
"1","1","no","simple","1",,,,,"1","1","0","0","2026-07-22","0","1","1","100","1","0",,"house","0",,"0","Πολυτελής μονοκατοικία Προς Ενοικίαση , στην περιοχή Σταύρος Αγίας Παρασκευής, 300τ.μ. – 4 επίπεδα – Καινούργια, ακατοίκητη<br />
σε 4 επίπεδα με ξύλινη εσωτερική σκάλα και ιδιωτικό ασανσέρ.<br />
Διαρρύθμιση:<br />
	•	Ημιυπόγειο: Playroom με δικό του μπάνιο, πρόσβαση και από το γκαράζ.<br />
	•	Ισόγειο (υπερυψωμένο): Χωλ, master υπνοδωμάτιο 50τ.μ. με τζάκι, δύο παιδικά υπνοδωμάτια με δικά τους μπάνια, άμεση πρόσβαση στον κήπο 40τ.μ. και σε μπαλκόνια.<br />
	•	1ος όροφος: Σαλόνι – τραπεζαρία με τζάκι και μεγάλη βεράντα 40τ.μ., εσωτερικό μπαλκόνι, κουζίνα με W.C.<br />
	•	2ος όροφος: Υπνοδωμάτιο με βεράντες 35τ.μ. και μεγάλο μπάνιο.<br />
Παροχές – Εξοπλισμός:<br />
	•	Κλειστή υπόγεια θέση στάθμευσης<br />
	•	Θέρμανση πετρελαίου ανά ζώνες (τροφοδοσία εκτός οικίας)<br />
	•	A/C σε όλους τους χώρους<br />
	•	Συναγερμός & ενδοεπικοινωνία σε κάθε όροφο<br />
	•	Laundry room & αποθήκη<br />
	•	Κουζίνα με εντοιχισμένες οικιακές συσκευές<br />
	•	Ηλιακός θερμοσίφωνας 200 λίτρων<br />
	•	Τηλέφωνο & internet εγκατεστημένα σε κάθε όροφο<br />
Χαρακτηριστικά:<br />
	•	Υψηλής ποιότητας υλικά (δάπεδα πλακάκι 1x1, ξύλινη σκάλα)<br />
	•	Καινούργιο – ποτέ δεν έχει κατοικηθεί<br />
	•	Ευρύχωρο, φωτεινό, με άνετους εξωτερικούς χώρους (κήπος και βεράντες)Τιμή: €2.700. The Address, Τηλέφωνο Επικοινωνίας: 6936618766, email: info@theaddress.gr",,,"1","1","2","1","1","2026-07-22","6","4","0","no","yes","1","Αθήνα - Βόρεια Προάστια (Αττική)","Αγία Παρασκευή (Αθήνα - Βόρεια Προάστια)","1","105103","101","2101","329487","Double","1","1","0","0","1","1220437524","https://m2.spitogatos.gr/362654227_1600x1200.jpg?v=20130730","https://m3.spitogatos.gr/362654231_1600x1200.jpg?v=20130730","https://m1.spitogatos.gr/362654235_1600x1200.jpg?v=20130730","https://m1.spitogatos.gr/362654238_1600x1200.jpg?v=20130730","https://m1.spitogatos.gr/362654241_1600x1200.jpg?v=20130730","https://m1.spitogatos.gr/362654244_1600x1200.jpg?v=20130730","https://m1.spitogatos.gr/362654247_1600x1200.jpg?v=20130730","https://m3.spitogatos.gr/362654252_1600x1200.jpg?v=20130730","https://m3.spitogatos.gr/362654255_1600x1200.jpg?v=20130730","https://m1.spitogatos.gr/362654259_1600x1200.jpg?v=20130730","https://m2.spitogatos.gr/362654263_1600x1200.jpg?v=20130730","https://m3.spitogatos.gr/362654267_1600x1200.jpg?v=20130730","https://m2.spitogatos.gr/362654269_1600x1200.jpg?v=20130730","https://m3.spitogatos.gr/362654273_1600x1200.jpg?v=20130730","https://m3.spitogatos.gr/362654276_1600x1200.jpg?v=20130730","https://m1.spitogatos.gr/362654280_1600x1200.jpg?v=20130730","https://m2.spitogatos.gr/362654284_1600x1200.jpg?v=20130730","https://m1.spitogatos.gr/362654289_1600x1200.jpg?v=20130730","https://m1.spitogatos.gr/362654295_1600x1200.jpg?v=20130730","https://m1.spitogatos.gr/362654298_1600x1200.jpg?v=20130730","https://m3.spitogatos.gr/362654303_1600x1200.jpg?v=20130730","https://m1.spitogatos.gr/362654307_1600x1200.jpg?v=20130730","https://m3.spitogatos.gr/362654312_1600x1200.jpg?v=20130730","https://m2.spitogatos.gr/362654317_1600x1200.jpg?v=20130730","https://m2.spitogatos.gr/362654323_1600x1200.jpg?v=20130730","1","0","2","1","38.016144","4","1","23.842731",,"1","0","0","2026-07-26","0","0","1","0","1","4",,,"1","0","1",,"1","0","0","2700",,,"0","0","0","0","9",,,"1","3","6",,"1","0",,"0","1","4","1","1","1","300","1",,,"0","4","0","2026-07-22","https://www.spitogatos.gr/en/property/1220437524","1","0","2021",,"residential"
"1","1",,"simple","1",,,,,,"0","0","0","2026-07-04","0","0","1","0","1","0",,"house","0",,"1","Κωδικός Ακινήτου 1013<br />
<br />
Διατίθεται προς ενοικίαση γωνιακό διαμέρισμα πρώτου ορόφου, επιφάνειας 85 τ.μ.<br />
<br />
Αποτελείται από ένα ευρύχωρο σαλόνι, ανεξάρτητη μεγάλη κουζίνα με χωρο καθημερινης τραπεζαρίας, δύο υπνοδωμάτια με ντουλάπες και ένα μπάνιο.<br />
<br />
Στα επιπλέον χαρακτηριστικά περιλαμβάνονται: φωτεινό, γωνιακό, πόρτα ασφαλείας, ηλιακό θερμοσίφωνα, τρία κλιματιστικά,  μπαλκόνια, υπόγεια αποθήκη , μια θέση στάθμευσης.<br />
<br />
Βρίσκεται σε εξαιρετική τοποθεσία, με εύκολη πρόσβαση σε μέσα μαζικής μεταφοράς, καταστήματα και σχολεία.<br />
<br />
Η διεύθυνση του ακινήτου που αναφέρεται στην αγγελία είναι ενδεικτική της θέσης του.<br />
<br />
Οι πληροφορίες και τα χαρακτηριστικά του ακινήτου βασίζονται στα στοιχεία που προσκόμισε ο ιδιοκτήτης.<br />
<br />
<br />
Κατά την υπόδειξη του ακινήτου είναι απαραίτητη η επίδειξη ταυτότητας και Α.Φ.Μ<br />
<br />
Επισκεφθείτε την ιστοσελίδα μας στο www.kenpaproperties.gr και βρείτε περισσότερα ακίνητα.<br />
<br />
Kokkalis and partners<br />
Πολιτικοί Μηχανικοί - Σύμβουλοι Ακινήτων<br />
E: kokkalispartners@hotmail.gr<br />
<br />
Τμήμα Ακινήτων / real estate :<br />
w: www.kenpaproperties.gr<br />
Αθήνα Τ: (+30)2106755875<br />
Θεσσαλονίκη T: (+30) 2311297162",,,"0","1","6",,"0","2026-07-04","6","4","0","no","yes","1","Αθήνα - Βόρεια Προάστια (Αττική)","Χολαργός (Αθήνα - Βόρεια Προάστια)","1","105103","101","2123","202317","Double","1","1","0","0","1","1220304454","https://m3.spitogatos.gr/360483119_1600x1200.jpg?v=20130730","https://m1.spitogatos.gr/360483159_1600x1200.jpg?v=20130730","https://m1.spitogatos.gr/360483165_1600x1200.jpg?v=20130730","https://m1.spitogatos.gr/360483096_1600x1200.jpg?v=20130730","https://m3.spitogatos.gr/360483098_1600x1200.jpg?v=20130730","https://m3.spitogatos.gr/360483095_1600x1200.jpg?v=20130730","https://m2.spitogatos.gr/360483112_1600x1200.jpg?v=20130730","https://m3.spitogatos.gr/360483113_1600x1200.jpg?v=20130730","https://m3.spitogatos.gr/360483161_1600x1200.jpg?v=20130730","https://m3.spitogatos.gr/360483116_1600x1200.jpg?v=20130730","https://m2.spitogatos.gr/360483139_1600x1200.jpg?v=20130730","https://m1.spitogatos.gr/360483153_1600x1200.jpg?v=20130730","https://m2.spitogatos.gr/360483076_1600x1200.jpg?v=20130730","https://m3.spitogatos.gr/360483131_1600x1200.jpg?v=20130730","https://m3.spitogatos.gr/360483371_1600x1200.jpg?v=20130730","https://m3.spitogatos.gr/360483122_1600x1200.jpg?v=20130730","https://m2.spitogatos.gr/360483412_1600x1200.jpg?v=20130730","https://m2.spitogatos.gr/360483169_1600x1200.jpg?v=20130730","https://m2.spitogatos.gr/360483361_1600x1200.jpg?v=20130730",,,,,,,"0","0","2","1","38.005074","1","1","23.800871",,,"0","0","2026-07-20","0","0",,"1","0","1",,"2","1",,"0",,"0","0","0","800",,,"0","0","0","0","9.41",,,"1","6",,,"1","0",,"0","1","2","0","1","1","85","1","8","Βιτάλη Ν. 24, Χολαργός 15562","1","1","0","2026-07-04","https://www.spitogatos.gr/en/property/1220304454","1","0","1992",,"residential"
"1","4","no","simple","1",,,,,"1","1","1","0","2026-07-22","0","1","1","0","1",,"false","house",,"1","0","**Προς μίσθωση διατίθεται ένα ιδιαίτερα φωτεινό οροφοδιαμέρισμα 100 τ.μ. στον 4ο όροφο, με σύγχρονη ανακαίνιση, άνετους χώρους και εξαιρετική αίσθηση ανοιχτού ορίζοντα.**<br />
<br />
Η γωνιακή του θέση και οι δύο όψεις του προσφέρουν μοναδικό φυσικό φωτισμό και εξαιρετικό αερισμό, ενώ οι μεγάλοι εξωτερικοί χώροι αποτελούν ένα από τα σημαντικότερα πλεονεκτήματά του. Η ευρύχωρη βεράντα και τα περιμετρικά μπαλκόνια χαρίζουν όμορφες στιγμές χαλάρωσης, με ανοιχτή θέα προς το ΟΑΚΑ και το βουνό, ενώ η πίσω πλευρά του διαμερίσματος βλέπει σε κήπο, δημιουργώντας μια πιο ήρεμη ατμόσφαιρα.<br />
<br />
Εσωτερικά, το ακίνητο διαθέτει μια σύγχρονη και λειτουργική διαρρύθμιση, με μεγάλο ενιαίο χώρο καθιστικού, τραπεζαρίας και κουζίνας, τρία υπνοδωμάτια και δύο μπάνια. Ο σχεδιασμός του προσφέρει άνεση στην καθημερινή διαβίωση, ενώ η κουζίνα είναι πλήρως εξοπλισμένη με εστίες φυσικού αερίου και απορροφητήρα.<br />
<br />
Η ανακαίνιση του 2022 έχει αναβαθμίσει σημαντικά την ποιότητα του διαμερίσματος, με σύγχρονα κουφώματα αλουμινίου ενεργειακής απόδοσης, πόρτα ασφαλείας, σύστημα συναγερμού, νέες ηλεκτρολογικές και υδραυλικές εγκαταστάσεις, καθώς και υποδομή δικτύου υπολογιστών.<br />
<br />
Για την άνεση των κατοίκων, διαθέτει αυτόνομη θέρμανση με ατομικό λέβητα φυσικού αερίου  παραγωγή ζεστού νερού μέσω boiler και ανεξάρτητο σύστημα κλιματισμού  σε όλους τους χώρους.<br />
<br />
Στα επιπλέον χαρακτηριστικά του περιλαμβάνονται ιδιωτική αριθμημένη θέση στάθμευσης στην πυλωτή και αποθήκη 15 τ.μ., προσφέροντας πρακτικές λύσεις για την καθημερινότητα.<br />
<br />
Μια κατοικία με πολύ φως, μεγάλες βεράντες, όμορφη θέα και σύγχρονες παροχές, που συνδυάζει άνεση, λειτουργικότητα και ποιότητα διαβίωσης.<br />
<br />
Ενοικίαση, Διαμέρισμα,  Μπάνια: 2,  Εμβαδόν: 100 τ.μ.,  Δωμάτια: 3,  Έτος κατασκευής: 1992,  Για φοιτητές,  Κλιματισμός,  Θέα,  Βεράντα,  Ασανσέρ,  Κήπος,  Ρετιρέ,  Πόρτα ασφαλείας,  Συναγερμός,  Αποθήκη,  Θέση στάθμευσης,  Όροφος: 4ος,  Πρόσοψης,  Επιτρέπονται κατοικίδια,  Σοφίτα,  Ανακαινισμένο,  Τέντα,  Διαμπερές,  Φωτεινό,  Κουζίνες: 1,  Κουφώματα: Αλουμινίου,  Τύπος δαπέδων: Ξύλο,  Επιφάνεια oικοπέδου: 1 τ.μ.,  Θέρμανση: Αυτόνομη θέρμανση,  Μέσο θέρμανσης: Φυσικό αέριο,  Πρόσβαση από: Άσφαλτο,  Ζώνη: Οικιστική ζώνη,  Ενεργειακή κλάση: Δ,  Προσανατολισμός: Βορειοανατολικός,  Ρεύμα: Τριφασικό,  Έτος Ανακαίνισης: 2022,  Απόσταση απο θάλασσα: 9000,  Μηνιαία κοινόχρηστα: 1","9000","0",,"1","6","1","0","2026-07-15","9","2","0","no","yes","1","Αθήνα - Βόρεια Προάστια (Αττική)","Αγία Παρασκευή (Αθήνα - Βόρεια Προάστια)","1","105103","101","2101","329489",,"1","2","0","0","1","1220392881","https://m2.spitogatos.gr/362660104_1600x1200.jpg?v=20130730","https://m2.spitogatos.gr/362660110_1600x1200.jpg?v=20130730","https://m3.spitogatos.gr/362660114_1600x1200.jpg?v=20130730","https://m1.spitogatos.gr/362660133_1600x1200.jpg?v=20130730","https://m1.spitogatos.gr/362660148_1600x1200.jpg?v=20130730","https://m3.spitogatos.gr/362660153_1600x1200.jpg?v=20130730","https://m2.spitogatos.gr/362660158_1600x1200.jpg?v=20130730","https://m2.spitogatos.gr/362660161_1600x1200.jpg?v=20130730","https://m3.spitogatos.gr/362660177_1600x1200.jpg?v=20130730","https://m1.spitogatos.gr/362660181_1600x1200.jpg?v=20130730","https://m3.spitogatos.gr/362660186_1600x1200.jpg?v=20130730","https://m3.spitogatos.gr/362660216_1600x1200.jpg?v=20130730","https://m3.spitogatos.gr/362660222_1600x1200.jpg?v=20130730","https://m1.spitogatos.gr/362660226_1600x1200.jpg?v=20130730","https://m2.spitogatos.gr/362660233_1600x1200.jpg?v=20130730","https://m2.spitogatos.gr/362660239_1600x1200.jpg?v=20130730","https://m2.spitogatos.gr/362660245_1600x1200.jpg?v=20130730","https://m3.spitogatos.gr/362660249_1600x1200.jpg?v=20130730","https://m1.spitogatos.gr/362660274_1600x1200.jpg?v=20130730","https://m2.spitogatos.gr/362660278_1600x1200.jpg?v=20130730","https://m1.spitogatos.gr/362660283_1600x1200.jpg?v=20130730","https://m1.spitogatos.gr/362660286_1600x1200.jpg?v=20130730","https://m3.spitogatos.gr/362660291_1600x1200.jpg?v=20130730","https://m3.spitogatos.gr/362660297_1600x1200.jpg?v=20130730","https://m3.spitogatos.gr/362660300_1600x1200.jpg?v=20130730","0","0","2","1","38.007854","1","0","23.813522",,"0",,,"2026-07-22","0","0",,"0","0","2",,"5","0","1","0","1","0","0","0","1300","2026-07-22 10:30:17","12","0","0","0","0","13","1480","true","1","3","6",,"1","1","2022","0","1","3","0","1","0","100","1",,"","1","1","0","2026-07-15","https://www.spitogatos.gr/en/property/1220392881","1",,"1992",,"residential"
"0","2","no","simple","1",,,,,"0","0","0","0","2026-07-15","0","1","1","40","1","0",,"house","0",,"1","Πρόκειται για ένα διαμέρισμα επιφάνειας 130τμ στον 2ο όροφο τετραώροφης πολυκατοικίας κατασκευής του 1985, μερικώς ανακαινισμένο το 2026. Αποτελείται απο μεγάλο και φωτεινό καθιστικό με τζάκι, ανεξάρτητη κουζίνα, 3 υπνοδωμάτια, λουτρό και WC. Διαθέτει πόρτα ασφαλείας, αυτόνομη θέρμανση πετρελαίου, κουφώματα αλουμινίου με διπλά τζάμια στο καθιστικό και την κουζίνα και μονά τζάμια στα υπνοδωμάτια, ηλιακό θερμοσίφωνα, boiler, θυροτηλεόραση και μεγάλα μπαλκόνια με τέντες. Μαζί με το διαμέρισμα παρέχεται επίσης μια υπόγεια θέση στάθμευσης και αποθήκη υπογείου 9τμ. Βρίσκεται σε πολύ καλή τοποθεσία και ήσυχη γειτονιά και συνολικά αποτελεί εξαιρετική επιλογή κατοικίας για οικογένειες.",,,"0","1","6","1","1","2026-07-17","7","2","0","no","yes","1","Αθήνα - Βόρεια Προάστια (Αττική)","Αγία Παρασκευή (Αθήνα - Βόρεια Προάστια)","1","105103","101","2101","123120","Single","1","1","0","0","1","1220407270","https://m3.spitogatos.gr/362174561_1600x1200.jpg?v=20130730","https://m2.spitogatos.gr/362174581_1600x1200.jpg?v=20130730","https://m3.spitogatos.gr/362174582_1600x1200.jpg?v=20130730","https://m3.spitogatos.gr/362174585_1600x1200.jpg?v=20130730","https://m1.spitogatos.gr/362174586_1600x1200.jpg?v=20130730","https://m3.spitogatos.gr/362174588_1600x1200.jpg?v=20130730","https://m1.spitogatos.gr/362174589_1600x1200.jpg?v=20130730","https://m3.spitogatos.gr/362174591_1600x1200.jpg?v=20130730","https://m2.spitogatos.gr/362174593_1600x1200.jpg?v=20130730","https://m1.spitogatos.gr/362174595_1600x1200.jpg?v=20130730","https://m3.spitogatos.gr/362174597_1600x1200.jpg?v=20130730","https://m2.spitogatos.gr/362174599_1600x1200.jpg?v=20130730","https://m1.spitogatos.gr/362174601_1600x1200.jpg?v=20130730","https://m3.spitogatos.gr/362174603_1600x1200.jpg?v=20130730","https://m3.spitogatos.gr/362174606_1600x1200.jpg?v=20130730","https://m2.spitogatos.gr/362174608_1600x1200.jpg?v=20130730","https://m3.spitogatos.gr/362174609_1600x1200.jpg?v=20130730","https://m2.spitogatos.gr/362174611_1600x1200.jpg?v=20130730","https://m3.spitogatos.gr/362174612_1600x1200.jpg?v=20130730","https://m2.spitogatos.gr/362174614_1600x1200.jpg?v=20130730","https://m2.spitogatos.gr/362174617_1600x1200.jpg?v=20130730","https://m3.spitogatos.gr/362174618_1600x1200.jpg?v=20130730","https://m2.spitogatos.gr/362174620_1600x1200.jpg?v=20130730","https://m1.spitogatos.gr/362174622_1600x1200.jpg?v=20130730","https://m3.spitogatos.gr/362174624_1600x1200.jpg?v=20130730","0","0","2","1","38.004086","1","1","23.816515",,"0","0","0","2026-07-28","0","0",,"1","1","1","4",,"1","0","0",,"0","0","0","1200",,,"0","0","0","0","9.23",,,"1","3",,,"1","1",,"0","1","3","0","1","1","130","1","9",,"0","1","0","2026-07-17","https://www.spitogatos.gr/en/property/1220407270","1","0","1985",,"residential"
"1","4","no","simple","1",,,,,"1","1","0","0","2026-06-17","0","1","0","0","1","0",,"house","0","70","0","Διαμέρισμα Προς Ενοικίαση, όροφος: 4ος, στην περιοχή: Αγία Παρασκευή. Το εμβαδόν του ακινήτου είναι 170 τ.μ.. Αποτελείται από: 3 Υ/Δ, 2 μπάνιο/α και 1 wc που ένα από τα οποία θα ανακαινιστούν πλήρως, 1 κουζίνα/ες, 1 σαλόνι/α, ενώ διαθέτει 4 θέσεις στάθμευσης (4 Στην πιλοτή). Έχει κατασκευαστεί το 1979. Η θέρμανση του ακινήτου είναι Ατομική με Φυσικό αέριο (+ ζεστό νερό), ενώ επίσης διατίθεται Κλιματισμός, θα έχει καινούργια κουφώματα Αλουμινίου με Διπλά τζάμια και θερμόδιακοπή, ενεργειακό πιστοποιητικό: Δεν απαιτείται και τα δάπεδα είναι: Πλακάκια, Ξύλο. Η κατάστασή του είναι: Καταπληκτική, έχει θέα Βουνό, Πανοραμική, Ανεμπόδιστη. Το ακίνητο είναι Οροφοδιαμέρισμα, Βαμμένο, Ρετιρέ, Προσόψεως, Φωτεινό, Ευάερο, Ευήλιο, Διαμπερές και επίσης διαθέτει τα παρακάτω χαρακτηριστικά και πλεονεκτήματα: Τέντες, Σίτες, Ασανσέρ, Αποθήκη, Κήπος, Πόρτα Ασφαλείας, Συναγερμός, Βεράντα. Τιμή: €1.780. Equal Real Estate, Τηλέφωνο Επικοινωνίας: 2106203777, email: equal.pr.mn@gmail.com, website: www.equal.pr.mn@gmail.com<br />
<br />
Μπορείτε να δείτε περισσότερα ακίνητα στο site μας equalestate.gr",,,"0","1","10","1","1","2026-06-17","9","10","0","no","yes","1","Αθήνα - Βόρεια Προάστια (Αττική)","Αγία Παρασκευή (Αθήνα - Βόρεια Προάστια)","1","105103","101","2101",,"Double","4","2","0","0","1","1220146014","https://m2.spitogatos.gr/357672556_1600x1200.jpg?v=20130730","https://m1.spitogatos.gr/357672558_1600x1200.jpg?v=20130730","https://m3.spitogatos.gr/357672560_1600x1200.jpg?v=20130730","https://m1.spitogatos.gr/357672561_1600x1200.jpg?v=20130730","https://m3.spitogatos.gr/357672569_1600x1200.jpg?v=20130730","https://m3.spitogatos.gr/357672575_1600x1200.jpg?v=20130730","https://m2.spitogatos.gr/357672595_1600x1200.jpg?v=20130730","https://m1.spitogatos.gr/357672603_1600x1200.jpg?v=20130730","https://m2.spitogatos.gr/357672610_1600x1200.jpg?v=20130730","https://m1.spitogatos.gr/357672615_1600x1200.jpg?v=20130730","https://m3.spitogatos.gr/357672617_1600x1200.jpg?v=20130730","https://m2.spitogatos.gr/357672619_1600x1200.jpg?v=20130730","https://m3.spitogatos.gr/357672662_1600x1200.jpg?v=20130730","https://m1.spitogatos.gr/357672672_1600x1200.jpg?v=20130730","https://m2.spitogatos.gr/357672673_1600x1200.jpg?v=20130730","https://m3.spitogatos.gr/357672674_1600x1200.jpg?v=20130730","https://m1.spitogatos.gr/357672675_1600x1200.jpg?v=20130730","https://m1.spitogatos.gr/357672678_1600x1200.jpg?v=20130730","https://m3.spitogatos.gr/359842727_1600x1200.jpg?v=20130730","https://m2.spitogatos.gr/359842735_1600x1200.jpg?v=20130730","https://m3.spitogatos.gr/359842742_1600x1200.jpg?v=20130730","https://m3.spitogatos.gr/359842748_1600x1200.jpg?v=20130730","https://m2.spitogatos.gr/359842753_1600x1200.jpg?v=20130730","https://m3.spitogatos.gr/359842757_1600x1200.jpg?v=20130730",,"0","0","2","1","38.007946","1","1","23.815578",,"0","0","0","2026-07-15","0","0",,"0","1","2",,,"1","1","1",,"0","0","0","1780",,,"0","0","0","0","10.47",,,"1","3","6",,"1","0",,"0",,"3","0","1","0","170","1","6",,"0","1","0","2026-06-17","https://www.spitogatos.gr/en/property/1220146014","1","1","1979",,"residential"
"0","2","no","simple","1",,,,,"0","0","0","0","2026-06-01","0","0","0","0","0","0",,"house",,,"0","<br>Σε εξαιρετική τοποθεσία στον Χολαργό, διατίθεται προς ενοικίαση φωτεινό και πλήρως ανακαινισμένο διαμέρισμα 2ου ορόφου, που συνδυάζει άνεση, λειτουργικότητα και άμεση πρόσβαση σε όλες τις καθημερινές ανάγκες.<br><br> Χαρακτηριστικά Ακινήτου<br />
<br>✔️ Πλήρης ανακαίνιση το 2026<br><br />
✔️ 2ος όροφος<br><br />
✔️ 2 άνετα υπνοδωμάτια<br><br />
✔️ Ευρύχωρο και φωτεινό σαλόνι<br><br />
✔️ Ξεχωριστή κουζίνα<br><br />
✔️ 1 μπάνιο με μπανιέρα<br><br />
✔️ Εξαιρετική τοποθεσία<br><br />
✔️ Μόλις 300 μ. από συγκοινωνίες και αγορά<br><br />
✔️ Ιδανικό για ιδιοκατοίκηση ή επένδυση<br />
<br><br>Μια εξαιρετική επιλογή σε μία από τις πιο περιζήτητες περιοχές των Βορείων Προαστίων, που συνδυάζει άνετη καθημερινότητα, εύκολες μετακινήσεις και υψηλή επενδυτική αξία.<br><br>Για εκδήλωση ενδιαφέροντος η περισσότερες λεπτομέρειες, επικοινωνήστε με το γραφείο μας στο 6949898883<br> www.vnv-properties.gr info@vnv-properties.gr<br><br> <br>",,,,"0","7","0","0","2026-06-01","7",,"0","no","no","0","Αθήνα - Βόρεια Προάστια (Αττική)","Χολαργός (Αθήνα - Βόρεια Προάστια)","1","105103","101","2123","202318","Single","2","1","0","0","1","1219985747","https://m1.spitogatos.gr/355240869_1600x1200.jpg?v=20130730","https://m3.spitogatos.gr/355240874_1600x1200.jpg?v=20130730","https://m1.spitogatos.gr/355240878_1600x1200.jpg?v=20130730","https://m3.spitogatos.gr/355240883_1600x1200.jpg?v=20130730","https://m2.spitogatos.gr/355240888_1600x1200.jpg?v=20130730","https://m3.spitogatos.gr/355240892_1600x1200.jpg?v=20130730","https://m1.spitogatos.gr/355240896_1600x1200.jpg?v=20130730","https://m1.spitogatos.gr/355240902_1600x1200.jpg?v=20130730","https://m2.spitogatos.gr/355240906_1600x1200.jpg?v=20130730","https://m3.spitogatos.gr/355240913_1600x1200.jpg?v=20130730","https://m1.spitogatos.gr/355240917_1600x1200.jpg?v=20130730","https://m2.spitogatos.gr/355240921_1600x1200.jpg?v=20130730","https://m2.spitogatos.gr/355240924_1600x1200.jpg?v=20130730","https://m1.spitogatos.gr/355240929_1600x1200.jpg?v=20130730","https://m3.spitogatos.gr/355240934_1600x1200.jpg?v=20130730","https://m2.spitogatos.gr/355240936_1600x1200.jpg?v=20130730","https://m3.spitogatos.gr/355240937_1600x1200.jpg?v=20130730","https://m1.spitogatos.gr/355240938_1600x1200.jpg?v=20130730","https://m2.spitogatos.gr/355240942_1600x1200.jpg?v=20130730","https://m3.spitogatos.gr/355240946_1600x1200.jpg?v=20130730","https://m3.spitogatos.gr/355240952_1600x1200.jpg?v=20130730","https://m1.spitogatos.gr/355240956_1600x1200.jpg?v=20130730",,,,"0","0",,"1","37.999489",,"1","23.794704",,"0",,,"2026-07-01","0","0",,"0","0","1",,,"0","0","0",,"0","0","0","1100",,,"0","0","0","0","12.64",,,"1","3","6",,"1","1",,"0","7","2","0","0","0","87","0",,"Υμηττού 36, 155 61, Χολαργός","0","1","0","2026-06-01","https://www.spitogatos.gr/en/property/1219985747","0","0","1973",,"residential"
"1","3","no","simple","1",,,,,"1","0","0","0","2026-06-30","0","1","1","0","1","0",,"house","0",,"0","Αγία Παρασκευή , διαμέρισμα 146 τ.μ. , 3ος όροφος , διαμπερές, πρόσοψης, πλήρως ανακαινισμένο (ολοκληρώνεται τέλη Ιουλίου του 2026), οικογενειακό, με 2 θέσεις στάθμευσης. Η πρόσφατη ανακαίνιση περιλαμβάνει νέες ηλεκτρολογικές και υδραυλικές εγκαταστάσεις, σύγχρονους χώρους υγιεινής και ανανεωμένη κουζίνα, προσφέροντας την αίσθηση ενός ουσιαστικά καινούργιου σπιτιού. Το διαμέρισμα περιλαμβάνει 3 ευρύχωρα υπνοδωμάτια με μεγάλες εντοιχισμένες ντουλάπες, μεγάλο χώρο σαλονιού και τραπεζαρίας, πλήρως ανακαινισμένη κουζίνα , μπάνιο και WC και μεγάλες βεράντες μπρος πίσω. Επίσης διαθέτει σύγχρονα κλιματιστικά, μικρή αποθήκη-εντός, νέο ηλεκτρικό πίνακα, νέα θυροτηλεόραση, κουφώματα αλουμινίου, τέντες,  αυτόνομη θέρμανση φυσικού αερίου, ηλιακό θερμοσίφωνα και μπόιλερ φυσικού αερίου, οπτική ίνα για υψηλές ταχύτητες Internet. Ιδανικό για οικογένειες ή  επαγγελματίες που επιθυμούν ένα ανακαινισμένο σπίτι υψηλών προδιαγραφών. Η διεύθυνση είναι κατά προσέγγιση.<br />
<br />
τιμή: 2.150€",,,"0","1","1","0","1","2026-06-30","8","10","0","no","yes","0","Αθήνα - Βόρεια Προάστια (Αττική)","Αγία Παρασκευή (Αθήνα - Βόρεια Προάστια)","1","105103","101","2101","107123","Double","1","2","0","0","1","1220273605","https://m3.spitogatos.gr/359979806_1600x1200.jpg?v=20130730","https://m3.spitogatos.gr/359979812_1600x1200.jpg?v=20130730","https://m2.spitogatos.gr/359979781_1600x1200.jpg?v=20130730","https://m3.spitogatos.gr/359979785_1600x1200.jpg?v=20130730","https://m2.spitogatos.gr/359979787_1600x1200.jpg?v=20130730","https://m1.spitogatos.gr/359979789_1600x1200.jpg?v=20130730","https://m1.spitogatos.gr/359979792_1600x1200.jpg?v=20130730","https://m1.spitogatos.gr/359979795_1600x1200.jpg?v=20130730","https://m2.spitogatos.gr/359979796_1600x1200.jpg?v=20130730","https://m1.spitogatos.gr/359979798_1600x1200.jpg?v=20130730","https://m1.spitogatos.gr/359979801_1600x1200.jpg?v=20130730","https://m2.spitogatos.gr/359979802_1600x1200.jpg?v=20130730","https://m2.spitogatos.gr/359979805_1600x1200.jpg?v=20130730","https://m1.spitogatos.gr/359979810_1600x1200.jpg?v=20130730","https://m1.spitogatos.gr/359979813_1600x1200.jpg?v=20130730","https://m3.spitogatos.gr/359979815_1600x1200.jpg?v=20130730","https://m2.spitogatos.gr/359979817_1600x1200.jpg?v=20130730","https://m3.spitogatos.gr/359979818_1600x1200.jpg?v=20130730","https://m3.spitogatos.gr/359979821_1600x1200.jpg?v=20130730","https://m1.spitogatos.gr/359979822_1600x1200.jpg?v=20130730","https://m1.spitogatos.gr/359979825_1600x1200.jpg?v=20130730",,,,,"0","0","2","1","38.007507","1","1","23.827606",,"1","0","0","2026-07-28","0","0",,"1","1","1",,,"1",,,,"0","0","0","2150",,,"0","0","0","0","14.73",,,"1",,,,"1","1","2026","0","1","2","0","1","1","146",,,"Ελευθερίας 6, Αγία Παρασκευή 15342","0","1","0","2026-06-30","https://www.spitogatos.gr/en/property/1220273605","1",,"1981",,"residential"
"1","3","no","simple","1",,,,,"1","1","0","0","2026-02-19","0","1","1","0","1","0",,"house","0","60","0","Διαμέρισμα Προς Ενοικίαση, όροφος: 3ος, στην περιοχή: Αγία Παρασκευή. Το εμβαδόν του ακινήτου είναι 124 τ.μ.. Αποτελείται από: 3 Υ/Δ (2 Master), 3 μπάνιο/α, 1 κουζίνα/ες, 1 σαλόνι/α. Έχει κατασκευαστεί το 1977 και ανακαινίστηκε το 2026. Η θέρμανση του ακινήτου είναι Αυτόνομη με Φυσικό αέριο, ενώ επίσης διατίθεται Κλιματισμός, Ηλιακός, έχει κουφώματα Αλουμινίου, ενεργειακό πιστοποιητικό: Δ και τα δάπεδα είναι: Πλακάκια, Ξύλο, Μάρμαρο, Πέτρα, Τσιμεντοκονία. Η κατάστασή του είναι: Ανακαινισμένο, Καταπληκτική, βρίσκεται κοντά σε Μετρό, Συγκοινωνίες, Σχολείο, Πλατεία, Εκκλησία, Παιδικό σταθμό, Super Market, Πανεπιστήμιο, Αγορά, Εστίαση, έχει θέα Βουνό, Ανοιχτωσιά, Καλή, Ανεμπόδιστη. Το ακίνητο είναι Βαμμένο, Προσόψεως, Φωτεινό, Ευάερο, Ευήλιο, Διαμπερές, Πολυτελές, Νεοκλασικό, Πέτρινο, Μοντέρνο και επίσης διαθέτει τα παρακάτω χαρακτηριστικά και πλεονεκτήματα: Σίτες, Τέντες, Ασανσέρ, Ηλεκτρ. Συσκευές, Αποθήκη, Πόρτα Ασφαλείας, Θυροτηλεόραση, Συναγερμός, Ησυχη γειτονιά. Τιμή: €1.730. Nexa Real Estate Agency & Consulting, Τηλέφωνο Επικοινωνίας: 2160044469, email: info@nexahousing.gr, website: https://www.nexagreece.com/",,,"0","1","6","1","1","2026-02-19","8","6","0","no","no","0","Αθήνα - Βόρεια Προάστια (Αττική)","Αγία Παρασκευή (Αθήνα - Βόρεια Προάστια)","1","105103","101","2101",,,"1","2","0","0","1","1219417178","https://m1.spitogatos.gr/353224887_1600x1200.jpg?v=20130730","https://m2.spitogatos.gr/353224888_1600x1200.jpg?v=20130730","https://m2.spitogatos.gr/352838542_1600x1200.jpg?v=20130730","https://m3.spitogatos.gr/352838546_1600x1200.jpg?v=20130730","https://m3.spitogatos.gr/352838552_1600x1200.jpg?v=20130730","https://m3.spitogatos.gr/352838555_1600x1200.jpg?v=20130730","https://m2.spitogatos.gr/352838557_1600x1200.jpg?v=20130730","https://m3.spitogatos.gr/352838576_1600x1200.jpg?v=20130730","https://m3.spitogatos.gr/352838591_1600x1200.jpg?v=20130730","https://m1.spitogatos.gr/352838592_1600x1200.jpg?v=20130730","https://m2.spitogatos.gr/352838593_1600x1200.jpg?v=20130730","https://m2.spitogatos.gr/352838602_1600x1200.jpg?v=20130730","https://m3.spitogatos.gr/352838603_1600x1200.jpg?v=20130730","https://m3.spitogatos.gr/352838624_1600x1200.jpg?v=20130730","https://m1.spitogatos.gr/352838628_1600x1200.jpg?v=20130730","https://m2.spitogatos.gr/352838632_1600x1200.jpg?v=20130730","https://m3.spitogatos.gr/352838636_1600x1200.jpg?v=20130730","https://m2.spitogatos.gr/352838641_1600x1200.jpg?v=20130730","https://m2.spitogatos.gr/352838644_1600x1200.jpg?v=20130730","https://m3.spitogatos.gr/352838648_1600x1200.jpg?v=20130730","https://m2.spitogatos.gr/352838671_1600x1200.jpg?v=20130730","https://m2.spitogatos.gr/352838674_1600x1200.jpg?v=20130730","https://m2.spitogatos.gr/352838680_1600x1200.jpg?v=20130730","https://m1.spitogatos.gr/352838682_1600x1200.jpg?v=20130730","https://m3.spitogatos.gr/352838684_1600x1200.jpg?v=20130730","0","0","2","1","38.006618","1","1","23.823137",,"1","0","0","2026-07-27","0","1",,"0","0","3",,,"1","0","1",,"0","0","0","1730",,,"0","0","0","0","13.95",,,"1","3","6",,"1","1","2026","0",,"3","0","1","1","124","1",,,"0","1","0","2026-02-19","https://www.spitogatos.gr/en/property/1219417178","1","0","1977",,"residential"
"1","1","no","simple","1",,,,,"1","1","0","0","2026-07-08","0","1","1","0","0",,,"house",,,"0","ΑΓΙΑ ΠΑΡΑΣΚΕΥΗ – ΝΕΑ ΖΩΗ<br />
Μία μοναδική κατοικία σπάνιας αισθητικής και λειτουργικότητας.<br />
Σε μία από τις πλέον περιζήτητες οικιστικές γειτονιές της Αγίας Παρασκευής, μέσα σε μία άψογα συντηρημένη πολυκατοικία με εντυπωσιακή είσοδο και έναν εξαιρετικά διαμορφωμένο κοινόχρηστο κήπο, ξεχωρίζει μία κατοικία που συνδυάζει διαχρονική ποιότητα κατασκευής, υψηλή λειτουργικότητα και μία αίσθηση ιδιωτικότητας που σπάνια συναντά κανείς μέσα στην πόλη.<br />
Με συνολική επιφάνεια 150 τ.μ., η κατοικία αναπτύσσεται στον πρώτο όροφο και ξεχωρίζει για τους γενναιόδωρους χώρους της, την εξαιρετική διαρρύθμιση και την αίσθηση άνεσης που προσφέρει σε κάθε της σημείο. Ο μεγάλος χώρος υποδοχής, με το τζάκι στο επίκεντρο, συνδυάζεται αρμονικά με την τραπεζαρία, δημιουργώντας ένα ιδιαίτερα φιλόξενο περιβάλλον για την καθημερινότητα αλλά και για τη φιλοξενία οικογένειας και φίλων, ενώ η άμεση σύνδεση με τις βεράντες ενισχύει ακόμη περισσότερο την αίσθηση ευρυχωρίας.<br />
Η κατοικία έχει αναβαθμιστεί μέσα από στοχευμένες ανακαινίσεις που διατηρούν τον διαχρονικό της χαρακτήρα, ενώ ανταποκρίνονται στις σύγχρονες απαιτήσεις άνεσης και αισθητικής. Η κουζίνα επενδύθηκε με φυσική δρυ, αποκτώντας έναν ιδιαίτερα ζεστό και κομψό χαρακτήρα, ενώ το μπάνιο, το WC και τα ξύλινα δάπεδα ανακαινίστηκαν, αναβαθμίζοντας ουσιαστικά την καθημερινή εμπειρία διαβίωσης και προσφέροντας την αίσθηση μίας κατοικίας που έχει συντηρηθεί με ιδιαίτερη αγάπη και φροντίδα.<br />
Ένα από τα πιο ξεχωριστά στοιχεία της κατοικίας είναι η ευελιξία της κουζίνας. Χάρη στα ειδικά συρόμενα πάνελ, μπορεί να λειτουργήσει είτε ως ένας πλήρως ανεξάρτητος χώρος είτε ως φυσική συνέχεια του σαλονιού, δημιουργώντας έναν ενιαίο χώρο υποδοχής όταν οι περιστάσεις το απαιτούν. Η δυνατότητα αυτή επιτρέπει στον χώρο να προσαρμόζεται εύκολα τόσο στις ανάγκες της καθημερινότητας όσο και στις στιγμές φιλοξενίας.<br />
Η κουζίνα διαθέτει χώρο καθημερινής τραπεζαρίας, μεγάλο παράθυρο με θέα στον καταπράσινο κήπο και εντοιχισμένες ηλεκτρικές συσκευές (εστίες, φούρνο και φούρνο μικροκυμάτων), συνδυάζοντας αισθητική, εργονομία και υψηλή λειτουργικότητα.<br />
Τα τρία ευρύχωρα υπνοδωμάτια εξασφαλίζουν άνεση και ιδιωτικότητα για όλα τα μέλη της οικογένειας, ενώ το master bedroom διαθέτει κλιματισμό. Το μπάνιο και το δεύτερο WC, αμφότερα με ντουζιέρα, έχουν ανακαινιστεί και εξυπηρετούν ιδανικά τις ανάγκες μιας σύγχρονης κατοικίας.<br />
Οι δύο ιδιαίτερα μεγάλες βεράντες, εμπρός και πίσω, αποτελούν ένα από τα σημαντικότερα πλεονεκτήματα του ακινήτου. Με απόλυτη ιδιωτικότητα και ανεμπόδιστη θέα στον καταπράσινο κοινόχρηστο κήπο, δημιουργούν έναν χώρο που προσκαλεί σε στιγμές χαλάρωσης, πρωινό καφέ, οικογενειακά γεύματα ή βραδινές συγκεντρώσεις, προσφέροντας την αίσθηση ότι βρίσκεσαι πολύ πιο μακριά από την πόλη.<br />
Η λειτουργικότητα της κατοικίας ενισχύεται ακόμη περισσότερο από τον ανεξάρτητο χώρο laundry στο χολ, τους άφθονους αποθηκευτικούς χώρους, την αποθήκη και τις δύο ιδιωτικές θέσεις στάθμευσης, με δυνατότητα αξιοποίησης και τρίτης θέσης.<br />
Η κατοικία διαθέτει επίσης αυτόνομη θέρμανση φυσικού αερίου, τζάκι, συναγερμό, κουφώματα αλουμινίου, τέντες και ανελκυστήρα.<br />
Η πολυκατοικία, αποτελούμενη από μόλις δέκα κατοικίες, αποπνέει από την πρώτη στιγμή ποιότητα και φροντίδα. Η εντυπωσιακή είσοδός της, ο εξαιρετικά διαμορφωμένος κοινόχρηστος κήπος, η άριστη συντήρηση και η απόλυτη ησυχία συνθέτουν ένα περιβάλλον που ανταποκρίνεται στις απαιτήσεις όσων αναζητούν υψηλό επίπεδο διαβίωσης.<br />
Η Νέα Ζωή Αγίας Παρασκευής αποτελεί μία από τις πλέον καταξιωμένες οικιστικές περιοχές των Βορείων Προαστίων. Η άμεση πρόσβαση στη Λεωφόρο Μεσογείων, την Αττική Οδό και τον σταθμό Μετρό Νομισματοκοπείο, σε συνδυασμό με την εγγύτητα στην αγορά της Αγίας Παρασκευής και στο Deree – The American College of Greece, καθιστούν την τοποθεσία ιδανική για οικογένειες, στελέχη επιχειρήσεων και διεθνείς επαγγελματίες που επιθυμούν να συνδυάσουν την ηρεμία μιας ποιοτικής γειτονιάς με την άμεση πρόσβαση σε όλες τις σύγχρονες υποδομές.<br />
________________________________________<br />
<br />
Ενοικίαση, Διαμέρισμα,  Μπάνια: 1,  WC: 1,  Εμβαδόν: 150 τ.μ.,  Δωμάτια: 3,  Έτος κατασκευής: 1989,  Κλιματισμός,  Θέα,  Βεράντα,  Ασανσέρ,  Τζάκι,  Κήπος,  Πόρτα ασφαλείας,  Ηλιακός θερμοσίφωνας,  Συναγερμός,  Αποθήκη,  Θέση στάθμευσης,  Όροφος: 1ος,  Πρόσοψης,  Επιτρέπονται κατοικίδια,  Ανακαινισμένο,  Τέντα,  Διαμπερές,  Βαμμένο,  Κουζίνες: 1,  Κουφώματα: Αλουμινίου,  Τύπος δαπέδων: Ξύλο,  Eπίπεδα: 1,  Θέρμανση: Αυτόνομη θέρμανση,  Μέσο θέρμανσης: Φυσικό αέριο,  Πρόσβαση από: Άσφαλτο,  Ζώνη: Οικιστική ζώνη,  Ενεργειακή κλάση: Ζ,  Προσανατολισμός: Βορειοανατολικός,  Ρεύμα: Τριφασικό",,"0",,"1","8","1","1","2026-07-03","6","2","0","no","yes","1","Αθήνα - Βόρεια Προάστια (Αττική)","Αγία Παρασκευή (Αθήνα - Βόρεια Προάστια)","1","105103","101","2101","329489",,"1","2","0","0","1","1220295229","https://m1.spitogatos.gr/360951387_1600x1200.jpg?v=20130730","https://m2.spitogatos.gr/360951391_1600x1200.jpg?v=20130730","https://m2.spitogatos.gr/360951394_1600x1200.jpg?v=20130730","https://m3.spitogatos.gr/360951398_1600x1200.jpg?v=20130730","https://m3.spitogatos.gr/360951401_1600x1200.jpg?v=20130730","https://m1.spitogatos.gr/360951405_1600x1200.jpg?v=20130730","https://m1.spitogatos.gr/360951408_1600x1200.jpg?v=20130730","https://m1.spitogatos.gr/360951411_1600x1200.jpg?v=20130730","https://m2.spitogatos.gr/360951415_1600x1200.jpg?v=20130730","https://m3.spitogatos.gr/360951419_1600x1200.jpg?v=20130730","https://m3.spitogatos.gr/360951422_1600x1200.jpg?v=20130730","https://m2.spitogatos.gr/360951424_1600x1200.jpg?v=20130730","https://m1.spitogatos.gr/360951426_1600x1200.jpg?v=20130730","https://m1.spitogatos.gr/360951429_1600x1200.jpg?v=20130730","https://m3.spitogatos.gr/360951431_1600x1200.jpg?v=20130730","https://m3.spitogatos.gr/360951434_1600x1200.jpg?v=20130730","https://m1.spitogatos.gr/360951438_1600x1200.jpg?v=20130730","https://m3.spitogatos.gr/360951440_1600x1200.jpg?v=20130730","https://m3.spitogatos.gr/360951443_1600x1200.jpg?v=20130730","https://m2.spitogatos.gr/360951445_1600x1200.jpg?v=20130730","https://m3.spitogatos.gr/360951446_1600x1200.jpg?v=20130730","https://m3.spitogatos.gr/360951449_1600x1200.jpg?v=20130730","https://m1.spitogatos.gr/360951450_1600x1200.jpg?v=20130730","https://m2.spitogatos.gr/360951451_1600x1200.jpg?v=20130730","https://m1.spitogatos.gr/360951453_1600x1200.jpg?v=20130730","0","0","2","1","38.006657","1","0","23.81834",,"0",,,"2026-07-08","0","0",,"0","1","1",,"5","1","0","0","1","0","0","0","1600",,,"0","0","0","0","10.67",,,"1","3","6",,"1","1",,"0","1","3","0","1","1","150","1",,"","0","1","0","2026-07-03","https://www.spitogatos.gr/en/property/1220295229","1",,"1989",,"residential"
"1","1","no","simple","1",,,,,"0","0","0","0","2026-07-27","0","0","0","0","1","0",,"house",,,"1","Κωδικός ακινήτου: 1-1814 - Αγία Παρασκευή Παράδεισος  ΕΝΟΙΚΙΑΖΕΤΑΙ  κατά αποκλειστικότητα   διαμέρισμα  στον 1 ο όροφο συνολικής επιφάνειας 160.00 τ.μ.  . Αποτελείται από 4 υπνοδωμάτια, σαλόνι, κουζίνα, μπάνιο . Είναι κατασκευασμένο το 1980 με ενεργειακή κλάση Ε  και διαθέτει θέρμανση αυτόνομη - πετρελαίου,  κουφώματα αλουμινίου, πατώματα από μάρμαρο και ξύλο,   A/C, διπλά τζάμια, ηλιακό θερμοσίφωνα     απόσταση από μετρό 800 μέτρα - Τιμή: 1.000 €  <br>Ενοικιάζεται οροφοδιαμέρισμα 160 τ.μ., 1ου ορόφου, το οποίο βρίσκεται σε διώροφο κτίριο, ισογείου και πρώτου, γωνιακό, προσόψεως και φωτεινό, σε άριστη κατάσταση. Αποτελείται από ένα μεγάλο σαλόνι, χολ, κουζίνα 2 χώρων, 4 υ/δ, 1 μπάνιο, 1 αίθριο και ένα μεγάλο γωνιακό μπαλκόνι. Όλοι οι χώροι έχουν παράθυρο και φυσικό φως. Είναι φρεσκοβαμμένο και διαθέτει αυτόνομη θέρμανση πετρελαίου, κουφώματα αλουμινίου με διπλά τζάμια, δάπεδα με μάρμαρο και παρκέ, ηλιακό, 2 a/c, χωρίς ασανσέρ. Βρίσκεται σε πολύ ήσυχη γειτονιά, πλησίον της Αττικής οδού, 10 λεπτά από το σταθμό του μετρό Δουκίσσης Πλακεντίας. Διαθέσιμο από 05/08/2026<br><br> <br>",,,,"0","7","1","0","2026-07-27","6","6","0","no","no","0","Αθήνα - Βόρεια Προάστια (Αττική)","Αγία Παρασκευή (Αθήνα - Βόρεια Προάστια)","1","105103","101","2101","329488","Double","1","1","0","0","1","1220494763","https://m3.spitogatos.gr/363355478_1600x1200.jpg?v=20130730","https://m3.spitogatos.gr/363355481_1600x1200.jpg?v=20130730","https://m3.spitogatos.gr/363355484_1600x1200.jpg?v=20130730","https://m3.spitogatos.gr/363355487_1600x1200.jpg?v=20130730","https://m1.spitogatos.gr/363355506_1600x1200.jpg?v=20130730","https://m1.spitogatos.gr/363355515_1600x1200.jpg?v=20130730","https://m3.spitogatos.gr/363355538_1600x1200.jpg?v=20130730","https://m2.spitogatos.gr/363355546_1600x1200.jpg?v=20130730","https://m1.spitogatos.gr/363355557_1600x1200.jpg?v=20130730","https://m1.spitogatos.gr/363355572_1600x1200.jpg?v=20130730","https://m1.spitogatos.gr/363355575_1600x1200.jpg?v=20130730","https://m1.spitogatos.gr/363355581_1600x1200.jpg?v=20130730","https://m2.spitogatos.gr/363355585_1600x1200.jpg?v=20130730","https://m2.spitogatos.gr/363355606_1600x1200.jpg?v=20130730","https://m2.spitogatos.gr/363355612_1600x1200.jpg?v=20130730","https://m2.spitogatos.gr/363355618_1600x1200.jpg?v=20130730","https://m3.spitogatos.gr/363355628_1600x1200.jpg?v=20130730","https://m3.spitogatos.gr/363355658_1600x1200.jpg?v=20130730","https://m2.spitogatos.gr/363355663_1600x1200.jpg?v=20130730","https://m2.spitogatos.gr/363355666_1600x1200.jpg?v=20130730","https://m3.spitogatos.gr/363355670_1600x1200.jpg?v=20130730","https://m1.spitogatos.gr/363355692_1600x1200.jpg?v=20130730","https://m2.spitogatos.gr/363355720_1600x1200.jpg?v=20130730","https://m3.spitogatos.gr/363355724_1600x1200.jpg?v=20130730","https://m3.spitogatos.gr/363355727_1600x1200.jpg?v=20130730","0","0","2","1","38.019394",,"1","23.836061",,"0",,,"2026-07-27","1","0",,"0","0","1","1",,"1","0","0",,"0","0","0","1000",,,"0","0","0","0","6.25",,,"1","3","6",,"1","0",,"0","1","4","0","0","1","160","0",,,"0","1","0","2026-07-27","https://www.spitogatos.gr/en/property/1220494763","0","1","1980","x0zIDqnr3R0","residential"
"1","1","no","simple","1",,,,,"1","1","0","0","2026-06-18","0","1","1","0","1","0",,"house","0",,"0","Αγία Παρασκευή, (Άγιος Ιωάννης), διαμέρισμα 95τμ, 1ου ορόφου, διαμπερές, φωτεινό, ήσυχο, ανακαινισμένο, πλήρως επιπλωμένο και εξοπλισμένο.  Περιλαμβάνει 2 υ/δ ( το δεύτερο θα έχει έπιπλα γραφείου, όχι κρεβάτι),  1 σαλόνι/τραπεζαρία με τζάκι, κουζίνα (ανεξάρτητη), 1 μπάνιο με τζακούζι, 1 WC, μεγάλη βεράντα με μπαλκόνι και θέα πρασίνου.  Το διαμέρισμα διαθέτει πόρτα ασφαλείας (συμπεριλαμβανομένου συναγερμού), κουφώματα αλουμινίου, διπλά τζάμια, αντικουνουπικές σήτες, δάπεδα από ξύλο και πλακάκι, κρυφός εσωτερικός φωτισμός, ηλεκτρικά ρολά και τέντες για το μπαλκόνι, τηλεόραση και εγκαταστάσεις προβολής, μεγάλες ντουλάπες.  Όλα τα δωμάτια είναι κλιματιζόμενα . Το διαμέρισμα επίσης διαθέτει στο υπόγειο (γκαράζ) μία πλήρως ξεχωριστή θέση στάθμευσης  και αποθήκη 3,5 τ.μ. Βρίσκεται σε απόσταση πεζού από Deree College και Lycée Franco-Hellenique, κοντά στον κόμβο με την Αττική Οδό.  Πάροδος της οδού Αγίου Ιωάννου (ο κεντρικός εμπορικός δρόμος της Αγίας Παρασκευής), σε απόσταση αναπνοής από παιδική χαρά, στάση λεωφορείου, νηπιαγωγείο και αθλητικό χώρο. Θα προτιμήθει πιθανός ενοικιαστής για 2 έτη και πάνω.<br />
<br />
τιμή: 1.500 €",,,"0","1","2","0","1","2026-06-18","6","10","0","yes","yes","1","Αθήνα - Βόρεια Προάστια (Αττική)","Αγία Παρασκευή (Αθήνα - Βόρεια Προάστια)","1","105103","101","2101","329486","Double","1",,"0","0","1","1220154207","https://m1.spitogatos.gr/357802764_1600x1200.jpg?v=20130730","https://m1.spitogatos.gr/357802761_1600x1200.jpg?v=20130730","https://m2.spitogatos.gr/357802762_1600x1200.jpg?v=20130730","https://m2.spitogatos.gr/357802765_1600x1200.jpg?v=20130730","https://m3.spitogatos.gr/357802760_1600x1200.jpg?v=20130730","https://m2.spitogatos.gr/357802759_1600x1200.jpg?v=20130730","https://m1.spitogatos.gr/357802755_1600x1200.jpg?v=20130730","https://m3.spitogatos.gr/357802781_1600x1200.jpg?v=20130730","https://m2.spitogatos.gr/357802777_1600x1200.jpg?v=20130730","https://m1.spitogatos.gr/357802770_1600x1200.jpg?v=20130730","https://m3.spitogatos.gr/357802769_1600x1200.jpg?v=20130730","https://m3.spitogatos.gr/357802766_1600x1200.jpg?v=20130730","https://m1.spitogatos.gr/357802767_1600x1200.jpg?v=20130730","https://m1.spitogatos.gr/357802773_1600x1200.jpg?v=20130730","https://m3.spitogatos.gr/357802775_1600x1200.jpg?v=20130730","https://m2.spitogatos.gr/357802774_1600x1200.jpg?v=20130730","https://m3.spitogatos.gr/357802772_1600x1200.jpg?v=20130730","https://m1.spitogatos.gr/357802776_1600x1200.jpg?v=20130730","https://m1.spitogatos.gr/357802779_1600x1200.jpg?v=20130730","https://m1.spitogatos.gr/357802758_1600x1200.jpg?v=20130730","https://m1.spitogatos.gr/357802782_1600x1200.jpg?v=20130730","https://m1.spitogatos.gr/357802785_1600x1200.jpg?v=20130730","https://m3.spitogatos.gr/357802787_1600x1200.jpg?v=20130730",,,"0","0","2","1","38.006672","1","1","23.829565",,"1","0","0","2026-07-28","0","0",,"0","1","1",,,"1",,"1",,"0","0","0","1500",,,"0","0","0","0","15.79",,,"1",,,,"1","1",,"0","1","2","0","1","0","95","1","4","Διάκου Αθανασίου 12, Αγία Παρασκευή 15342","1","1","0","2026-06-18","https://www.spitogatos.gr/en/property/1220154207","1","0","2005",,"residential"
"1","2","no","simple","1",,,,,"1","0","0","0","2026-07-26","0","1","1","0","1",,,"house",,,"0","ΟΜΟΡΦΟ ΔΙΑΜΕΡΙΣΜΑ προς ενοικίαση στον Άνω Χολαργό, σε προσεγμένη πολυκατοικία με όμορφους κοινόχρηστους κήπους, φωτεινό και ιδιαίτερα λειτουργικό,  ανακαινισμένο πλήρως προ δεκαετίας.<br />
Αποτελείται από άνετο καθιστικό, επιπλέον ανεξάρτητο δωμάτιο δίπλα στο καθιστικό με δυνατότητα πλήρους ενοποίησης, ξεχωριστή κουζίνα με δικό της μπαλκόνι, δύο υπνοδωμάτια και όμορφο μπάνιο με παράθυρο. Η μεγάλη δυτικού προσανατολισμού βεράντα με τέντες αποτελεί ιδανικό χώρο χαλάρωσης. Τα δάπεδα είναι μαρμάρινα σε όλους τους χώρους, ενώ στα υπνοδωμάτια υπάρχει ποιοτικό παρκέ ιρόκο. Διαθέτει αυτονομία φυσικού αερίου με ατομικό λέβητα, ζεστό νερό και σύστημα θερμού αέρα (fan coils), κλιματιστικά, ενεργειακά κουφώματα και πόρτα ασφαλείας.<br />
<br />
👉 ΣΥΝΟΨΗ ΧΑΡΑΚΤΗΡΙΣΤΙΚΩΝ: Προς Ενοικίαση Διαμέρισμα, Χολαργός, Ανακαινισμένο, Διαμπερές, Προσόψεως, Φωτεινό, 1 Επίπεδο, 2ος Όροφος, 2 Υ/Δ, 1 Μπάνιο, ανεξάρτητη κουζίνα, Ηλ. Συσκευές, Δάπεδα: Μάρμαρα - Πατώματα, Kουφώματα: Αλουμινίου, Διπλά Τζάμια, Σίτες, Έτος κατασκευής: 1980, Ασανσέρ, Πόρτα Ασφαλείας, Τέντες, Βεράντες, Κήπος, Θέρμανση Ατομική - Φυσικό Αέριο, Κλιματισμός, Προσανατολισμός: Ανατολικομεσημβρινός, Θέα: ανοικτή, Κοντά σε: Αγορά. Ήσυχο περιβάλλον. ΚΩΔΙΚΟΣ ΑΚΙΝΗΤΟΥ 70<br />
<br />
🧭Πληκτρολογώντας εκ νέου την διεύθυνση μας PROPERTYPOLARIS.COM, θα βρείτε κι άλλα παρόμοια ακίνητα με το παρόν καθώς και ακίνητα, που συχνά παρουσιάζουμε μόνο στην ιστοσελίδα μας. PROPERTY POLARIS, Τηλέφωνο Επικοινωνίας: 2106437584, www.propertypolaris.com",,"1",,"1","4","1","0","2026-07-26","7","6","0","no","no","1","Αθήνα - Βόρεια Προάστια (Αττική)","Χολαργός (Αθήνα - Βόρεια Προάστια)","1","105103","101","2123",,,"1","2","0","0","1","1220491838","https://m2.spitogatos.gr/363310681_1600x1200.jpg?v=20130730","https://m3.spitogatos.gr/363310682_1600x1200.jpg?v=20130730","https://m1.spitogatos.gr/363310683_1600x1200.jpg?v=20130730","https://m2.spitogatos.gr/363310684_1600x1200.jpg?v=20130730","https://m3.spitogatos.gr/363310685_1600x1200.jpg?v=20130730","https://m1.spitogatos.gr/363310686_1600x1200.jpg?v=20130730","https://m2.spitogatos.gr/363310687_1600x1200.jpg?v=20130730","https://m3.spitogatos.gr/363310688_1600x1200.jpg?v=20130730","https://m3.spitogatos.gr/363310691_1600x1200.jpg?v=20130730","https://m1.spitogatos.gr/363310692_1600x1200.jpg?v=20130730","https://m2.spitogatos.gr/363310693_1600x1200.jpg?v=20130730","https://m3.spitogatos.gr/363310694_1600x1200.jpg?v=20130730","https://m1.spitogatos.gr/363310695_1600x1200.jpg?v=20130730","https://m2.spitogatos.gr/363310696_1600x1200.jpg?v=20130730","https://m3.spitogatos.gr/363310697_1600x1200.jpg?v=20130730","https://m1.spitogatos.gr/363310698_1600x1200.jpg?v=20130730","https://m2.spitogatos.gr/363310699_1600x1200.jpg?v=20130730","https://m3.spitogatos.gr/363310700_1600x1200.jpg?v=20130730","https://m2.spitogatos.gr/363310702_1600x1200.jpg?v=20130730","https://m3.spitogatos.gr/363310703_1600x1200.jpg?v=20130730","https://m1.spitogatos.gr/363310704_1600x1200.jpg?v=20130730","https://m2.spitogatos.gr/363310705_1600x1200.jpg?v=20130730",,,,"0","0","2","0","37.994854","1","0","23.803545",,"0",,,"2026-07-26","0","0",,"0","0","1",,"3","0","0","1",,"0","0","0","1000",,,"0","0","0","0","9.26",,,"1","3","6",,"1","1",,"0","1","2","0","1","0","108","0",,,"0","1","0","2026-07-26","https://www.spitogatos.gr/en/property/1220491838","1",,"1980",,
"1","1",,"simple","1",,,,,"0","1","0","0","2026-07-17","0","1","1","1","0","0",,"house","0","0","0","Αθήνα-Βόρεια προάστια, Αγία Παρασκευή: Ενοικιάζεται Φωτεινό διαμέρισμα 100 τ.μ. , διαμπερές, ανατολικό,1ου ορόφου με 3 υπνοδωμάτια, σαλόνι, κουζίνα με πάσο, λουτρό , wc , ευρύχωρη βεράντα, ανοιχτωσιά. Πλήρως κλιματιζόμενο, αυτόνομη θέρμανση πετρελαίου,  ηλιακός θερμοσίφωνας, συναγερμός , αποθήκη 7 τ.μ., θέση στάθμευσης σκεπασμένη 12 τ.μ. στην πυλωτή. Σε ήσυχη γειτονιά με πολύ πράσινο κοντά σε εμπορικά καταστήματα και συγκοινωνίες. Κατοικίδια δεν μπορούν να γίνουν δεκτά λόγω κανονισμού της πολυκατοικίας. Το διαμέρισμα ανακαινίστηκε πλήρως το 2026. Τιμή συζητήσιμη. Τιμή 1.200€ |Κωδικός ακινήτου: #26-10313.<br>",,,"0","1","5","1","0","2026-07-17","6","6","0","no","yes","0","Αθήνα - Βόρεια Προάστια (Αττική)","Αγία Παρασκευή (Αθήνα - Βόρεια Προάστια)","1","105103","101","2101",,"Double","1","1","0","0","1","1220406057","https://m3.spitogatos.gr/362156978_1600x1200.jpg?v=20130730","https://m2.spitogatos.gr/362156983_1600x1200.jpg?v=20130730","https://m3.spitogatos.gr/362156987_1600x1200.jpg?v=20130730","https://m1.spitogatos.gr/362156991_1600x1200.jpg?v=20130730","https://m2.spitogatos.gr/362156995_1600x1200.jpg?v=20130730","https://m1.spitogatos.gr/362156997_1600x1200.jpg?v=20130730","https://m1.spitogatos.gr/362157000_1600x1200.jpg?v=20130730","https://m1.spitogatos.gr/362157003_1600x1200.jpg?v=20130730","https://m2.spitogatos.gr/362157007_1600x1200.jpg?v=20130730","https://m2.spitogatos.gr/362157010_1600x1200.jpg?v=20130730","https://m2.spitogatos.gr/362157016_1600x1200.jpg?v=20130730","https://m3.spitogatos.gr/362157020_1600x1200.jpg?v=20130730","https://m1.spitogatos.gr/362157024_1600x1200.jpg?v=20130730","https://m1.spitogatos.gr/362157027_1600x1200.jpg?v=20130730","https://m2.spitogatos.gr/362157031_1600x1200.jpg?v=20130730","https://m2.spitogatos.gr/362157034_1600x1200.jpg?v=20130730","https://m3.spitogatos.gr/362157038_1600x1200.jpg?v=20130730","https://m1.spitogatos.gr/362157042_1600x1200.jpg?v=20130730","https://m2.spitogatos.gr/362157046_1600x1200.jpg?v=20130730","https://m3.spitogatos.gr/362157050_1600x1200.jpg?v=20130730","https://m1.spitogatos.gr/362157054_1600x1200.jpg?v=20130730","https://m2.spitogatos.gr/362157058_1600x1200.jpg?v=20130730","https://m2.spitogatos.gr/362157061_1600x1200.jpg?v=20130730","https://m3.spitogatos.gr/362157065_1600x1200.jpg?v=20130730","https://m3.spitogatos.gr/362157068_1600x1200.jpg?v=20130730","0","0","2","1","38.003922","1","1","23.817904",,"0","0","0","2026-07-22","0","0",,"0","1","1","5","1","1","0","0","1","0","0","0","1200",,,"0","0","0","0","12",,,"1","3","6",,"1","1","2026","0","1","3","0","1","1","100","1","6",,"0","1","0","2026-07-17","https://www.spitogatos.gr/en/property/1220406057","0",,"1992","k_nNi3-b5Fg","residential"
"1","4","no","simple","1",,,,,"0","1","0","0","2026-02-17","0","1","0","0","1","0",,"house","0",,"0","ΧΟΛΑΡΓΟΣ (Άλσος Χολαργού) Ρετιρέ 150τμ 4ου ορόφου, κατασκευής 2004, διαμπερές με θέα και αποκλειστική χρήση ταράτσας 75τμ με πέργκολα, πλησίον δημαρχείου, αγοράς και Άλσους Χολαργού. Το διαμέρισμα αποτελείται από άνετο χώρο σαλονοτραπεζαρίας με τζάκι και πρόσβαση σε άνετη βεράντα, ανεξάρτητη κουζίνα εξοπλισμένη με ηλεκτρικές συσκευές, 3 υ/δ, ένα πλήρες μπάνιο και wc επισκεπτών με ντούζ. Διαθέτει επίσης, πόρτα ασφαλείας, αυτόνομη θέρμανση φυσικού αερίου με κεντρική εγκατάσταση, κουφώματα αλουμινίου με διπλά τζάμια, τέντες, ηλιακό θερμοσίφωνα, κλιματισμό, συναγερμό και μία θέση στάθμευσης υπογείου. Δίδεται επιπλωμένο, υπό συζήτηση υπάρχει δυνατότητα να δοθεί χωρίς έπιπλα.",,,"0","1","6","0","1","2026-02-17","9","2","0","no","yes","0","Αθήνα - Βόρεια Προάστια (Αττική)","Χολαργός (Αθήνα - Βόρεια Προάστια)","1","105103","101","2123","106271","Double","1","2","0","0","1","1219401347","https://m1.spitogatos.gr/345279018_1600x1200.jpg?v=20130730","https://m2.spitogatos.gr/345279022_1600x1200.jpg?v=20130730","https://m3.spitogatos.gr/345279026_1600x1200.jpg?v=20130730","https://m2.spitogatos.gr/345279028_1600x1200.jpg?v=20130730","https://m1.spitogatos.gr/345279033_1600x1200.jpg?v=20130730","https://m3.spitogatos.gr/345279035_1600x1200.jpg?v=20130730","https://m3.spitogatos.gr/345279038_1600x1200.jpg?v=20130730","https://m1.spitogatos.gr/345279042_1600x1200.jpg?v=20130730","https://m1.spitogatos.gr/345279045_1600x1200.jpg?v=20130730","https://m1.spitogatos.gr/345279048_1600x1200.jpg?v=20130730","https://m1.spitogatos.gr/345279051_1600x1200.jpg?v=20130730","https://m1.spitogatos.gr/345279054_1600x1200.jpg?v=20130730","https://m3.spitogatos.gr/345279059_1600x1200.jpg?v=20130730","https://m3.spitogatos.gr/345279062_1600x1200.jpg?v=20130730","https://m1.spitogatos.gr/345279066_1600x1200.jpg?v=20130730","https://m2.spitogatos.gr/345279070_1600x1200.jpg?v=20130730","https://m2.spitogatos.gr/345279073_1600x1200.jpg?v=20130730","https://m3.spitogatos.gr/345279077_1600x1200.jpg?v=20130730","https://m1.spitogatos.gr/345279081_1600x1200.jpg?v=20130730","https://m3.spitogatos.gr/345279083_1600x1200.jpg?v=20130730",,,,,,"0","0","2","1","37.995396","1","1","23.804523",,"1","0",,"2026-07-28","0","0",,"0","1","1",,"6","0","1","0",,"0","0","0","2500",,,"0","0","0","0","16.67",,,"1","3","6",,"1","0",,"0",,"3","0","1","1","150","0",,,"0","1","0","2026-02-17","https://www.spitogatos.gr/en/property/1219401347","0","1","2004",,"residential"
"1","1","no","simple","1","Αλέξιος","81463","Κοσμόπουλος","6986109593","0","1","0","0","2026-07-07","0","1","1","0","1","0",,"house","0",,"0","Διατίθεται προς ενοικίαση ανακαινισμένο διαμέρισμα 105 τ.μ., 1ου ορόφου, στην περιοχή Αγία Παρασκευή, Άγιος Ιωάννης. Το ακίνητο αποτελείται από δύο άνετα υπνοδωμάτια, ένα μπάνιο, ένα WC, μία κουζίνα και ένα ευρύχωρο σαλόνι, προσφέροντας λειτουργική και άνετη διαρρύθμιση. Επιπλέον διαθέτει μία θέση στάθμευσης σε υπόγειο χώρο και ιδιωτική αποθήκη. Κατασκευάστηκε το 1992 και διαθέτει αυτόνομη θέρμανση με φυσικό αέριο και κλιματισμό. Τα κουφώματα είναι αλουμινίου, τα δάπεδα από ξύλο και μάρμαρο, ενώ το ενεργειακό πιστοποιητικό είναι κατηγορίας Δ.<br />
<br />
Το διαμέρισμα είναι ανακαινισμένο, σε πολύ καλή κατάσταση και ιδιαίτερα φωτεινό, με θέα στο αστικό τοπίο. Επιπλέον περιλαμβάνει τέντες, ασανσέρ, ηλεκτρικές συσκευές, κοινόχρηστο κήπο, πόρτα ασφαλείας και σύστημα συναγερμού. Βρίσκεται σε εξαιρετική τοποθεσία, κοντά σε συγκοινωνίες, πλατεία, το κέντρο της Αγίας Παρασκευής, την αγορά και χώρους εστίασης.<br />
<br />
📍 Η αναφερόμενη τοποθεσία είναι ενδεικτική. Για περισσότερες πληροφορίες ή προγραμματισμό επίσκεψης:<br />
<br />
KOSMOS REAL ESTATE<br />
📞 Υπεύθυνος Ακινήτου: Κοσμόπουλος Αλέξης – 6986109593<br />
📧 info@kosmosrealestate.gr<br />
🌐 www.kosmosrealestate.gr",,,"0","1","6","0","1","2026-07-07","6","6","0","no","yes","1","Αθήνα - Βόρεια Προάστια (Αττική)","Αγία Παρασκευή (Αθήνα - Βόρεια Προάστια)","1","105103","101","2101","107123",,"1","2","0","0","1","1220321491","https://m3.spitogatos.gr/360753335_1600x1200.jpg?v=20130730","https://m2.spitogatos.gr/360753343_1600x1200.jpg?v=20130730","https://m3.spitogatos.gr/360753347_1600x1200.jpg?v=20130730","https://m1.spitogatos.gr/360753357_1600x1200.jpg?v=20130730","https://m2.spitogatos.gr/360753361_1600x1200.jpg?v=20130730","https://m2.spitogatos.gr/360753370_1600x1200.jpg?v=20130730","https://m2.spitogatos.gr/360753376_1600x1200.jpg?v=20130730","https://m1.spitogatos.gr/360753381_1600x1200.jpg?v=20130730","https://m1.spitogatos.gr/360753387_1600x1200.jpg?v=20130730","https://m1.spitogatos.gr/360753393_1600x1200.jpg?v=20130730","https://m1.spitogatos.gr/360753399_1600x1200.jpg?v=20130730","https://m1.spitogatos.gr/360753405_1600x1200.jpg?v=20130730","https://m1.spitogatos.gr/360753414_1600x1200.jpg?v=20130730","https://m1.spitogatos.gr/360753420_1600x1200.jpg?v=20130730","https://m3.spitogatos.gr/360753428_1600x1200.jpg?v=20130730","https://m2.spitogatos.gr/360753433_1600x1200.jpg?v=20130730","https://m1.spitogatos.gr/360753438_1600x1200.jpg?v=20130730","https://m1.spitogatos.gr/360753444_1600x1200.jpg?v=20130730","https://m3.spitogatos.gr/360753449_1600x1200.jpg?v=20130730","https://m3.spitogatos.gr/360753455_1600x1200.jpg?v=20130730","https://m3.spitogatos.gr/360753467_1600x1200.jpg?v=20130730","https://m2.spitogatos.gr/360753472_1600x1200.jpg?v=20130730","https://m1.spitogatos.gr/360753480_1600x1200.jpg?v=20130730",,,"0","0","2","1","38.008633","1","1","23.829281",,"0","0","0","2026-07-27","0","0",,"0","1","1",,,"0","0","0",,"0","0","0","1400",,,"0","0","0","0","13.33",,,"1","3","6",,"1","1",,"0","1","2","0","1","0","105","1",,,"0","1","0","2026-07-07","https://www.spitogatos.gr/en/property/1220321491","1","0","1992",,"residential"
"1","4","no","simple","1",,,,,"1","0","0","0","2026-06-16","0","1","1","40","1","0",,"house","0",,"1","ΑΓΙΑ ΠΑΡΑΣΚΕΥΗ -  ΔΙΑΜΕΡΙΣΜΑ 4ου ΟΡΟΦΟΥ, 135 τ.μ. 3 Υ/Δ - ΜΕ ΘΕΑ ΣΤΟΝ ΥΜΗΤΤΟ,  ΠΑΡΝΗΘΑ & ΤΗΝ ΠΕΝΤΕΛΗ<br />
<br />
ΙΔΑΝΙΚΟ ΓΙΑ ΟΙΚΟΓΕΝΕΙΑ, ΕΠΑΓΓΕΛΜΑΤΙΕΣ <br />
<br />
ΣΕ ΕΞΑΙΡΕΤΙΚΗ ΘΕΣΗ, ιδιαίτερα ευρύχωρο 135 τ.μ., κατασκευής 1980, προσόψεως, διαμπερές, με πολύ άνετους χώρους, φωτεινό, ευάερο, σε άριστη κατάσταση συντήρησης.<br />
<br />
Περιλαμβάνει χωλ, μεγάλο σαλόνι - τραπεζαρία με πρόσβαση σε πολύ μεγάλη βεράντα με υπέροχη θέα, μεγάλη κουζίνα με τραπεζαρία. Διαθέτει τρία (3) ευρύχωρα υπνοδωμάτια, όλα με πρόσβαση σε μπαλκόνια με εξαιρετική θέα σε πράσινο και τον Υμηττό, πλήρως ανακαινισμένο λουτρό με ντους, 1 W.C., 2 πατάρια και ντουλάπες στο μπαλκόνι της κουζίνας.<br />
<br />
Τα εξωτερικά κουφώματα είναι αλουμινίου (δεκαετίας '80) με διπλούς υαλοπίνακες και τα δάπεδα είναι επιστρωμένα με εξαιρετικής ποιότητας πλακάκια και ξύλο σε άριστη κατάσταση συντήρησης.<br />
<br />
Η θέρμανση είναι κεντρική με πετρέλαιο και υπάρχουν και επιτοίχιες κλιματιστικές μονάδες. <br />
<br />
Διαθέτει πόρτα ασφαλείας.<br />
Η πολυκατοικία  διαθέτει ανελκυστήρα και έχει άνετη είσοδο.<br />
<br />
Σε απόσταση περί το 1χλμ από το Deree College, 700 μ. από την Πλατεία Αγίας Παρασκευής και 300 μ. περίπου από την οδό Αγίου Ιωάννου.<br />
<br />
<br />
Τιμή Μίσθωσης: 1.500 € / μήνα. Παραδίδεται μερικώς επιπλωμένο (με μασίφ τραπεζαρία & εξοπλισμένο με πλήρη τραπεζαρία κουζίνας, εντοιχισμένο φούρνο, απορροφητήρα και μεγάλο ψυγείο). <br />
<br />
Για άμεση εξυπηρέτηση, καλέστε μας στο 211 0124800 ή στο 6972 811258 - info@kspreal.com<br />
Kappasigma Partners - www.kspreal.com / www.kspreal.gr",,,"0","1","5","1","1","2026-06-16","9","2","0","no","no","1","Αθήνα - Βόρεια Προάστια (Αττική)","Αγία Παρασκευή (Αθήνα - Βόρεια Προάστια)","1","105103","101","2101","123120","Double","2","1","0","0","1","1220133859","https://m1.spitogatos.gr/363542775_1600x1200.jpg?v=20130730","https://m1.spitogatos.gr/363542781_1600x1200.jpg?v=20130730","https://m1.spitogatos.gr/363542787_1600x1200.jpg?v=20130730","https://m2.spitogatos.gr/363542791_1600x1200.jpg?v=20130730","https://m2.spitogatos.gr/363542794_1600x1200.jpg?v=20130730","https://m1.spitogatos.gr/363542799_1600x1200.jpg?v=20130730","https://m1.spitogatos.gr/363542802_1600x1200.jpg?v=20130730","https://m2.spitogatos.gr/363542806_1600x1200.jpg?v=20130730","https://m2.spitogatos.gr/363542809_1600x1200.jpg?v=20130730","https://m3.spitogatos.gr/363542810_1600x1200.jpg?v=20130730","https://m3.spitogatos.gr/363542816_1600x1200.jpg?v=20130730","https://m1.spitogatos.gr/363542820_1600x1200.jpg?v=20130730","https://m3.spitogatos.gr/363542825_1600x1200.jpg?v=20130730","https://m3.spitogatos.gr/363542831_1600x1200.jpg?v=20130730","https://m3.spitogatos.gr/363542834_1600x1200.jpg?v=20130730","https://m3.spitogatos.gr/363542837_1600x1200.jpg?v=20130730","https://m3.spitogatos.gr/363542840_1600x1200.jpg?v=20130730","https://m3.spitogatos.gr/363542843_1600x1200.jpg?v=20130730","https://m3.spitogatos.gr/363542846_1600x1200.jpg?v=20130730","https://m1.spitogatos.gr/363542850_1600x1200.jpg?v=20130730","https://m1.spitogatos.gr/363542853_1600x1200.jpg?v=20130730","https://m2.spitogatos.gr/363542857_1600x1200.jpg?v=20130730","https://m3.spitogatos.gr/363542861_1600x1200.jpg?v=20130730","https://m3.spitogatos.gr/363542864_1600x1200.jpg?v=20130730","https://m1.spitogatos.gr/363542868_1600x1200.jpg?v=20130730","0","0","2","1","38.005665","1","1","23.822521",,"1","0","0","2026-07-28","0","0",,"0","0","1","4","6","1","1","0","1","0","0","0","1500",,,"0","0","0","0","11.11",,,"1","3","6","0","1","1","2024","0","1","3","0","1","1","135","0",,,"0","1","0","2026-06-16","https://www.spitogatos.gr/en/property/1220133859","1","0","1980",,"residential"
"1","4",,"simple","1",,,,,"1","1","0","0","2026-05-14","0","0","0","0","1",,,"house",,"0","0","ΑΓΙΑ ΠΑΡΑΣΚΕΥΗ (ΑΤΤΙΚΗ - ΒΟΡΕΙΑ ΠΡΟΑΣΤΙΑ), Προφήτης Ηλίας - Οροφομεζονέτα 162τμ, πλήρως επιπλωμένο, 3 υ/δ, 1 master, 2 επίπεδα: 3ος-4ος, εξαιρετική κατάσταση, κατασκευή 2001, ενεργειακή κλάση Β, σαλόνι, κουζίνα, 2 μπάνια, wc, αυτόνομη θέρμανση (φυσικό αέριο), κλιματισμός, μία κλειστή θέση parking, ήσυχο, διαμπερές, φωτεινό, θέα απεριόριστη, πρόσοψης, αποθήκη, ηλιακός, τζάκι, ασανσέρ, κουφώματα αλουμινίου, διπλά τζάμια, τύπος δαπέδων ξύλο, πόρτα ασφαλείας, συναγερμός, πολυτελές, ενδοδαπέδια θέρμανση, εσωτερική σκάλα, προσανατολισμός ανατολικός, πλησίον μετρό/ηλεκτρικός (έως 1500μ).<br />
Μεζονέτα 162 τ.μ. προς ενοικίαση στον Προφήτη Ηλία, Αγία Παρασκευή Βόρεια Προάστια Αττικής, σε προνομιακή τοποθεσία κοντά σε σταθμό μετρό / ηλεκτρικού έως 1.500 μ. Το ακίνητο αναπτύσσεται σε δύο επίπεδα 3ου και 4ου ορόφου με εσωτερική σκάλα και προσφέρει εξαιρετική κατάσταση κατασκευής 2001 και ενεργειακή κλάση Β.<br />
<br />
Πλήρως επιπλωμένη και πολυτελής, διαθέτει 3 υπνοδωμάτια εκ των οποίων 1 master, σαλόνι με τζάκι, ξεχωριστή κουζίνα, 2 μπάνια και επιπλέον WC. Είναι διαμπερές, πολύ φωτεινό με απεριόριστη θέα και πρόσοψης προσανατολισμού ανατολικού, προσφέροντας ιδανικό φυσικό φωτισμό τις πρωινές ώρες.<br />
<br />
Εξοπλισμένη με αυτόνομη θέρμανση πετρελαίου, ενδοδαπέδια θέρμανση, κλιματισμό, ηλιακό θερμοσίφωνα και σύγχρονα κουφώματα αλουμινίου με διπλά τζάμια. Παρέχει ασανσέρ στην πολυκατοικία, μία κλειστή θέση πάρκινγκ, αποθήκη, πόρτα ασφαλείας και εγκατάσταση συναγερμού για αυξημένη ασφάλεια.<br />
<br />
Ιδανική επιλογή για οικογένεια που αναζητά ήσυχο και ποιοτικό σπίτι σε βόρεια προάστια, το οποίο παράλληλα αποτελεί την ιδανική λύση και για συγκατοίκηση χάρη στην έξυπνη διαρρύθμιση και την πλήρη αυτονομία που προσφέρουν οι άνετοι χώροι του με άμεση πρόσβαση σε συγκοινωνίες και υπηρεσίες. Επικοινωνήστε για λεπτομέρειες και ραντεβού επίσκεψης στο ακίνητο<br />
<br />
Τιμή €2.000 (κωδ. 173847) 2110168800 ΧΑΛΑΝΔΡΙ<br />
GREEKHOME REAL ESTATE",,"0",,"1","4","1","1","2026-04-20","9","2","0","yes","yes","0","Αθήνα - Βόρεια Προάστια (Αττική)","Αγία Παρασκευή (Αθήνα - Βόρεια Προάστια)","1","105103","101","2101",,"Double","1","2","1","0","1","1219741621","https://m2.spitogatos.gr/350997691_1600x1200.jpg?v=20130730","https://m3.spitogatos.gr/350997692_1600x1200.jpg?v=20130730","https://m3.spitogatos.gr/350997695_1600x1200.jpg?v=20130730","https://m1.spitogatos.gr/350997696_1600x1200.jpg?v=20130730","https://m2.spitogatos.gr/350997697_1600x1200.jpg?v=20130730","https://m2.spitogatos.gr/350997700_1600x1200.jpg?v=20130730","https://m3.spitogatos.gr/350997701_1600x1200.jpg?v=20130730","https://m2.spitogatos.gr/350997703_1600x1200.jpg?v=20130730","https://m3.spitogatos.gr/350997704_1600x1200.jpg?v=20130730","https://m2.spitogatos.gr/350997706_1600x1200.jpg?v=20130730","https://m1.spitogatos.gr/350997708_1600x1200.jpg?v=20130730","https://m2.spitogatos.gr/350997709_1600x1200.jpg?v=20130730","https://m3.spitogatos.gr/350997710_1600x1200.jpg?v=20130730","https://m3.spitogatos.gr/350997713_1600x1200.jpg?v=20130730","https://m1.spitogatos.gr/350997714_1600x1200.jpg?v=20130730","https://m2.spitogatos.gr/350997715_1600x1200.jpg?v=20130730","https://m1.spitogatos.gr/350997717_1600x1200.jpg?v=20130730","https://m3.spitogatos.gr/350997719_1600x1200.jpg?v=20130730","https://m2.spitogatos.gr/350997721_1600x1200.jpg?v=20130730","https://m3.spitogatos.gr/350997722_1600x1200.jpg?v=20130730","https://m3.spitogatos.gr/350997725_1600x1200.jpg?v=20130730","https://m3.spitogatos.gr/350997728_1600x1200.jpg?v=20130730","https://m1.spitogatos.gr/350997729_1600x1200.jpg?v=20130730","https://m3.spitogatos.gr/350997734_1600x1200.jpg?v=20130730","https://m2.spitogatos.gr/350997736_1600x1200.jpg?v=20130730","1","0","2","1","38.004486","2","1","23.81683",,"1",,,"2026-06-25","0","0",,"0","1","2",,"1","0","0","0",,"0","0","0","2000",,,"0","0","0","0","12.35",,,"1","3","6",,"1","0",,"0",,"3","0","1","1","162","1",,,"0","3","0","2026-04-20","https://www.spitogatos.gr/en/property/1219741621","1",,"2001",,"residential"
"1","1","no","simple","1","Πηνελόπη","94509","Παπαϊωάνου","2103300020","1","1","0","0","2026-06-04","0","0","0","0","1","0",,"house",,,"0","<br><strong data-start=""0"" data-end=""74"">Αγία Παρασκευή, Ενοικιάζεται πλήρως ανακαινισμένο διαμέρισμα 152 τ.μ.</strong> στον <strong data-start=""80"" data-end=""92"">1ο όροφο</strong>, <strong data-start=""94"" data-end=""141"">προσόψεως, διαμπερές και εξαιρετικά φωτεινό</strong>, σε προνομιακή τοποθεσία μόλις <strong data-start=""173"" data-end=""226"">550 μ. από το Μετρό (περίπου 8 λεπτά με τα πόδια)</strong>. Το ακίνητο <strong data-start=""242"" data-end=""267"">ανακαινίστηκε το 2026</strong> και διαθέτει <strong data-start=""281"" data-end=""304"">2 άνετα υπνοδωμάτια</strong>, <strong data-start=""306"" data-end=""339"">ευρύχωρο σαλόνι με τραπεζαρία</strong>, <strong data-start=""341"" data-end=""381"">ξεχωριστή πλήρως εξοπλισμένη κουζίνα</strong>, <strong data-start=""383"" data-end=""404"">1 μπάνιο και 1 WC</strong>. <br>Το εντυπωσιακό καθιστικό με τα <strong data-start=""437"" data-end=""457"">μεγάλα ανοίγματα</strong> οδηγεί σε <strong data-start=""468"" data-end=""521"">μεγάλη στεγασμένη βεράντα επενδεδυμένη με μάρμαρο</strong>, προσφέροντας μοναδική αίσθηση άνεσης και φωτεινότητας.<br>Ξεχωρίζει για τις σύγχρονες παροχές του όπως <strong data-start=""626"" data-end=""662"">αυτόνομη θέρμανση φυσικού αερίου</strong>, <strong data-start=""664"" data-end=""713"">κλιματισμό (A/C) σε όλους τους κύριους χώρους</strong>, <strong data-start=""715"" data-end=""751"">ανακαινισμένη κουζίνα και λουτρά</strong>, <strong data-start=""753"" data-end=""803"">κουφώματα αλουμινίου με διπλά τζάμια και σίτες</strong>, <strong data-start=""805"" data-end=""824"">ξύλινα πατώματα</strong>, <strong data-start=""826"" data-end=""847"">θωρακισμένη πόρτα</strong>, <strong data-start=""849"" data-end=""871"">σύστημα συναγερμού</strong>, <strong data-start=""873"" data-end=""901"">εντοιχιζόμενες ντουλάπες</strong>, <strong data-start=""903"" data-end=""928"">ηλεκτρικό θερμοσίφωνα</strong> και <strong data-start=""933"" data-end=""948"">ανελκυστήρα</strong>.<br>Η <strong data-start=""955"" data-end=""985"">πλήρως εξοπλισμένη κουζίνα</strong> περιλαμβάνει <strong data-start=""999"" data-end=""1052"">εντοιχιζόμενο φούρνο, εστίες και πλυντήριο πιάτων. </strong> Μία κατοικία που συνδυάζει <strong data-start=""1205"" data-end=""1224"">μεγάλους χώρους</strong>, <strong data-start=""1226"" data-end=""1249"">ποιοτική ανακαίνιση</strong>, <strong data-start=""1251"" data-end=""1260"">άνεση</strong>, <strong data-start=""1262"" data-end=""1274"">ασφάλεια</strong> και <strong data-start=""1279"" data-end=""1307"">άμεση πρόσβαση στο Μετρό</strong>, ιδανική για όσους αναζητούν υψηλή ποιότητα διαβίωσης στην Αγία Παρασκευή. <br>Η πολυκατοικία περιβάλλεται από <strong data-start=""1090"" data-end=""1117"">μεγάλο κοινόχρηστο κήπο</strong> και διαθέτει <strong data-start=""1131"" data-end=""1173"">σύστημα ασφαλείας στην κεντρική είσοδο</strong>.<br><strong>Μην ξεχάσετε να δείτε το βίντεο – έχει όλες τις λεπτομέρειες!</strong><br />
<br />
<br />
<br />
 <br>Lion Real Estate [www.lionrealestate.gr]<br />
Ζωοδόχου Πηγής 38-40,10681, Αθήνα. Τηλ: 210.3300020<br />
_________________________________________________________<br />
Σημαντική ενημέρωση:<br />
Για την υπόδειξη ακινήτων είναι απαραίτητη η επίδειξη της αστυνομικής ταυτότητας ή διαβατηρίου, σύμφωνα με τις διατάξεις του Ν. 4557/2018 (ΦΕΚ Α’ 139/2018) και της ΠΟΛ 1200/29.10.2018 (ΦΕΚ Β’ 4869/2018).<br />
_________________________________________________________<br />
Ώρες επικοινωνίας: 10:00-20:00<br />
Σύμβουλος Ακινήτων, κα Πηνελόπη Παπαϊωάννου, τηλ: 6981000645<br />
email: p.papaioannou.lion@gmail.com",,,,"1","5","1","0","2026-06-04","6","2","0","no","no","1","Αθήνα - Βόρεια Προάστια (Αττική)","Αγία Παρασκευή (Αθήνα - Βόρεια Προάστια)","1","105103","101","2101","107122","Double","1","2","0","0","1","1220006116","https://m1.spitogatos.gr/355613115_1600x1200.jpg?v=20130730","https://m1.spitogatos.gr/355613118_1600x1200.jpg?v=20130730","https://m2.spitogatos.gr/355613119_1600x1200.jpg?v=20130730","https://m3.spitogatos.gr/355613120_1600x1200.jpg?v=20130730","https://m1.spitogatos.gr/355613121_1600x1200.jpg?v=20130730","https://m2.spitogatos.gr/355613122_1600x1200.jpg?v=20130730","https://m3.spitogatos.gr/355613123_1600x1200.jpg?v=20130730","https://m1.spitogatos.gr/355613124_1600x1200.jpg?v=20130730","https://m2.spitogatos.gr/355613125_1600x1200.jpg?v=20130730","https://m3.spitogatos.gr/355613126_1600x1200.jpg?v=20130730","https://m1.spitogatos.gr/355613127_1600x1200.jpg?v=20130730","https://m2.spitogatos.gr/355613128_1600x1200.jpg?v=20130730","https://m3.spitogatos.gr/355613129_1600x1200.jpg?v=20130730","https://m1.spitogatos.gr/355613130_1600x1200.jpg?v=20130730","https://m2.spitogatos.gr/355613131_1600x1200.jpg?v=20130730","https://m1.spitogatos.gr/355613133_1600x1200.jpg?v=20130730","https://m1.spitogatos.gr/355613136_1600x1200.jpg?v=20130730","https://m2.spitogatos.gr/355613137_1600x1200.jpg?v=20130730","https://m3.spitogatos.gr/355613141_1600x1200.jpg?v=20130730","https://m2.spitogatos.gr/355613143_1600x1200.jpg?v=20130730","https://m3.spitogatos.gr/355613144_1600x1200.jpg?v=20130730","https://m1.spitogatos.gr/355613145_1600x1200.jpg?v=20130730",,,,"0","0","2","1","38.008812",,"1","23.808874",,"1",,,"2026-07-22","0","0",,"0","1","1",,,"1","0","1",,"0","0","0","1500",,,"0","0","0","0","9.87",,,"1","3","6",,"1","1","2026","0","7","2","0","1","0","152","0",,,"0","1","0","2026-06-04","https://www.spitogatos.gr/en/property/1220006116","1","0","1980","nuweZR_FKx0","residential"
"1","4","no","simple","1",,,,,"0","1","0","0","2026-02-16","0","0","0","0","0","0",,"house","0",,"0","Επιπλωμένο Διαμέρισμα Προς Ενοικίαση, όροφος: 4ος, στην περιοχή: Χολαργός - Άνω Χολαργός. Το εμβαδόν του ακινήτου είναι 150 τ.μ. και βρίσκεται σε οικόπεδο 150 τ.μ.. Αποτελείται από: 3 Υ/Δ, 1 μπάνιο, 1 wc, 1 μεγάλη σαλονοτραπεζαρία και κουζίνα, ενώ διαθέτει 1 θέση  στάθμευσης ( Σε υπόγειο χώρο). Έχει κατασκευαστεί το 2004. Η θέρμανση του ακινήτου είναι Αυτόνομη με Φυσικό αέριο, ενώ επίσης διατίθεται Κλιματισμός, Ηλιακός, έχει κουφώματα Αλουμινίου με Διπλά τζάμια, ενεργειακό πιστοποιητικό: Α+. Διαθέτει κάμερες επιτήρησης( χειριζόμενες από το κινητό), χρήση της μισής ιδιόκτητης ταράτσας 75 τ.μ στρωμένη με γκαζόν και τοποθετημένης πέργκολας, Νυχτερινό ρεύμα, Πολυτελές, Playroom, Ασανσέρ, Κήπος, Πόρτα Ασφαλείας, Συναγερμός, Βεράντα. Τιμή: €2800 GD REAL ESTATE, Τηλέφωνα  Επικοινωνίας: 6946530683, 2107653049, 6946100608, email: info@gd-realestate.co   site: gd-realestate.co",,,"0","1","1","0","1","2026-02-16","9",,"0","no","yes","1","Αθήνα - Βόρεια Προάστια (Αττική)","Χολαργός (Αθήνα - Βόρεια Προάστια)","1","105103","101","2123","106271","Double","1","2","0","0","1","1219394601","https://m1.spitogatos.gr/345182019_1600x1200.jpg?v=20130730","https://m3.spitogatos.gr/345182024_1600x1200.jpg?v=20130730","https://m1.spitogatos.gr/345182028_1600x1200.jpg?v=20130730","https://m2.spitogatos.gr/345182032_1600x1200.jpg?v=20130730","https://m1.spitogatos.gr/345182037_1600x1200.jpg?v=20130730","https://m1.spitogatos.gr/345182040_1600x1200.jpg?v=20130730","https://m1.spitogatos.gr/345182043_1600x1200.jpg?v=20130730","https://m1.spitogatos.gr/345182046_1600x1200.jpg?v=20130730","https://m2.spitogatos.gr/345182050_1600x1200.jpg?v=20130730","https://m2.spitogatos.gr/345182056_1600x1200.jpg?v=20130730","https://m1.spitogatos.gr/345182058_1600x1200.jpg?v=20130730","https://m2.spitogatos.gr/345182062_1600x1200.jpg?v=20130730","https://m1.spitogatos.gr/345182067_1600x1200.jpg?v=20130730","https://m1.spitogatos.gr/345182070_1600x1200.jpg?v=20130730","https://m2.spitogatos.gr/345182074_1600x1200.jpg?v=20130730","https://m2.spitogatos.gr/345182077_1600x1200.jpg?v=20130730","https://m3.spitogatos.gr/345182081_1600x1200.jpg?v=20130730","https://m3.spitogatos.gr/345182084_1600x1200.jpg?v=20130730","https://m1.spitogatos.gr/345182088_1600x1200.jpg?v=20130730","https://m2.spitogatos.gr/345182092_1600x1200.jpg?v=20130730","https://m1.spitogatos.gr/345182097_1600x1200.jpg?v=20130730","https://m1.spitogatos.gr/345182100_1600x1200.jpg?v=20130730",,,,"0","0","2","1","37.998772","1","1","23.798485","150","0","0",,"2026-07-28","0","0",,"0","1","1",,,"0","0","0",,"0","0","0","2800",,,"0","0","0","0","18.67",,,"1","3","6",,"1","0",,"0",,"3","0","1","1","150","0",,,"0","1","0","2026-02-16","https://www.spitogatos.gr/en/property/1219394601","0","0","2004",,"residential"
"0","1","no","simple","1",,,,,"0","0","0","0","2026-07-20","0","1","1","30","1",,,"house",,"0","0","Οροφοδιαμέρισμα 1ου ορόφου στην Αγία Παρασκευή προς ενοικίαση, σε διπλοκατοικία  χωρίς ασανσέρ,σε εξαιρετική τοποθεσία πλησίον αγοράς, σχολείων και Αττικής Οδού.<br />
Αποτελείται από μεγάλο και φωτεινό σαλόνι , κουζίνα με πάσο, 2 ευρύχωρα δωμάτια με ντουλάπες και 1 μπάνιο πρόσφατα ανακαινισμένο.<br />
Έχει μεγάλο μπαλκόνι και η θέρμανση του είναι αυτόνομη με φυσικό αέριο. Μοναδικό πλεονέκτημα η αποκλειστική χρήση ταράτσας 85τμ με θέα στο βουνό, η οποία περιλαμβάνει και δώμα 16τμ.<br />
Διαθέσιμο από το δεύτερο δεκαπενθήμερο του Σεπτεμβρίου. <br />
Ενοικίαση, Διαμέρισμα,  Μπάνια: 1,  Εμβαδόν: 100 τ.μ.,  Δωμάτια: 2,  Έτος κατασκευής: 1992,  Για φοιτητές,  Θέα,  Βεράντα,  Τζάκι,  Εσωτερική σκάλα,  Πόρτα ασφαλείας,  Ηλιακός θερμοσίφωνας,  Όροφος: 1ος,  Πρόσοψης,  Επιτρέπονται κατοικίδια,  Δορυφορική κεραία,  Ανακαινισμένο,  Τέντα,  Φωτεινό,  Κουζίνες: 1,  Κουφώματα: Αλουμινίου,  Τύπος δαπέδων: Πλακάκι,  Επιφάνεια oικοπέδου: 250 τ.μ.,  Θέρμανση: Αυτόνομη θέρμανση,  Μέσο θέρμανσης: Φυσικό αέριο,  Πρόσβαση από: Άσφαλτο,  Ζώνη: Οικιστική ζώνη,  Ενεργειακή κλάση: Γ,  Προσανατολισμός: Ανατολικός,  Ρεύμα: Τριφασικό,  Εμβαδό Μπαλκονιών: 30",,"0",,"0","5","1","1","2026-07-20","6","4","0","no","no","0","Αθήνα - Βόρεια Προάστια (Αττική)","Αγία Παρασκευή (Αθήνα - Βόρεια Προάστια)","1","105103","101","2101","123120",,"1","2","0","0","1","1220421873","https://m2.spitogatos.gr/362400703_1600x1200.jpg?v=20130730","https://m1.spitogatos.gr/362400705_1600x1200.jpg?v=20130730","https://m2.spitogatos.gr/362400706_1600x1200.jpg?v=20130730","https://m1.spitogatos.gr/362400708_1600x1200.jpg?v=20130730","https://m3.spitogatos.gr/362400710_1600x1200.jpg?v=20130730","https://m1.spitogatos.gr/362400711_1600x1200.jpg?v=20130730","https://m3.spitogatos.gr/362400713_1600x1200.jpg?v=20130730","https://m3.spitogatos.gr/362400716_1600x1200.jpg?v=20130730","https://m1.spitogatos.gr/362400720_1600x1200.jpg?v=20130730","https://m2.spitogatos.gr/362400724_1600x1200.jpg?v=20130730","https://m1.spitogatos.gr/362400726_1600x1200.jpg?v=20130730","https://m2.spitogatos.gr/362400730_1600x1200.jpg?v=20130730","https://m1.spitogatos.gr/362400732_1600x1200.jpg?v=20130730","https://m1.spitogatos.gr/362400735_1600x1200.jpg?v=20130730","https://m1.spitogatos.gr/362400738_1600x1200.jpg?v=20130730","https://m1.spitogatos.gr/362400741_1600x1200.jpg?v=20130730","https://m1.spitogatos.gr/362400744_1600x1200.jpg?v=20130730","https://m1.spitogatos.gr/362400747_1600x1200.jpg?v=20130730",,,,,,,,"1","0","2","1","38.003319","1","0","23.813375",,"0",,,"2026-07-20","0","0",,"0","0","1",,"1","0","0","0","1","0","0","0","1150",,,"0","0","0","0","11.5",,,"1","3","6",,"1","1",,"0","1","2","1","1","1","100","0",,"","1","1","0","2026-07-20","https://www.spitogatos.gr/en/property/1220421873","1",,"1992",,"residential"
"1","1","no","simple","1",,,,,"0","0","0","0","2026-06-24","0","0","1","0","1",,,"house",,"0","0","Ενοικιάζεται Επιπλωμένη Μεζονέτα 200 τ.μ., 1ου-2ου- 3ου ορόφου,  στην περιοχή της Αγίας Παρασκευής. Είναι κατασκευής του 2013 και αποτελείται από 1 σαλονοκουζίνα, 2 Υ/Δ, (1 master) και 1 μπάνιο. Διαθέτει πόρτα ασφαλείας, ασανσέρ, ηλιακό θερμοσίφωνα, κουφώματα αλουμινίου με διπλά τζάμια, δάπεδα επενδεδυμένα με μάρμαρο και πλακάκια, αυτόνομη θέρμανση φυσικού αερίου και 1 κλιματιστική  μονάδα.  Δεν διαθέτει κοινόχρηστα. Ιδανική κρίνεται η τοποθεσία του καθώς βρίσκεται κοντά σε ΜΜΜ, σούπερ μάρκετ, χώρους εστίασης κ.α.. Το στίγμα είναι ενδεικτικό και δεν υποδεικνύει την ακριβή θέση του ακινήτου.  site: www.eakinita.com, Τηλ. Επικοινωνίας: 211.117.1895, email: info@eakinita.com ID. 3942",,"1",,"1","5","1","0","2026-06-24","6","7","0","yes","yes","0","Αθήνα - Βόρεια Προάστια (Αττική)","Αγία Παρασκευή (Αθήνα - Βόρεια Προάστια)","1","105103","101","2101",,,"1","2","0","0","1","1220192395","https://m3.spitogatos.gr/358639115_1600x1200.jpg?v=20130730","https://m1.spitogatos.gr/358639116_1600x1200.jpg?v=20130730","https://m2.spitogatos.gr/358639117_1600x1200.jpg?v=20130730","https://m3.spitogatos.gr/358639118_1600x1200.jpg?v=20130730","https://m1.spitogatos.gr/358639119_1600x1200.jpg?v=20130730","https://m2.spitogatos.gr/358639120_1600x1200.jpg?v=20130730","https://m3.spitogatos.gr/358639121_1600x1200.jpg?v=20130730","https://m1.spitogatos.gr/358639122_1600x1200.jpg?v=20130730","https://m2.spitogatos.gr/358639123_1600x1200.jpg?v=20130730","https://m1.spitogatos.gr/358639125_1600x1200.jpg?v=20130730","https://m2.spitogatos.gr/358639126_1600x1200.jpg?v=20130730","https://m3.spitogatos.gr/358639127_1600x1200.jpg?v=20130730","https://m1.spitogatos.gr/358639128_1600x1200.jpg?v=20130730","https://m2.spitogatos.gr/358639129_1600x1200.jpg?v=20130730","https://m3.spitogatos.gr/358639130_1600x1200.jpg?v=20130730","https://m1.spitogatos.gr/358639131_1600x1200.jpg?v=20130730","https://m2.spitogatos.gr/358639132_1600x1200.jpg?v=20130730","https://m1.spitogatos.gr/358639134_1600x1200.jpg?v=20130730",,,,,,,,"0","0","2","1","38.004578","3","1","23.808483",,"0",,,"2026-07-28","0","0",,"0","0","1",,,"1","0","0",,"0","0","0","1500",,,"0","0","0","0","7.5",,,"1","3","6",,"1","0",,"0","1","2","0","1","1","200","1",,,"0","3","0","2026-06-24","https://www.spitogatos.gr/en/property/1220192395","1",,"2013",,"residential"
"1","3","no","simple","1",,,,,"1","0","0","0","2026-08-01","0","1","0","0","1","0",,"house",,,"0","Κωδικός ακινήτου: 4469 - Αγία Παρασκευή ΕΡΤ  ΕΝΟΙΚΙΑΖΕΤΑΙ   ανακαινισμένο  διαμέρισμα  στον 3 ο όροφο συνολικής επιφάνειας 146.00 τ.μ.  . Αποτελείται από 3 υπνοδωμάτια, 2 σαλόνια, κουζίνα, μπάνιο και WC. Είναι κατασκευασμένο το 1981 με ενεργειακή κλάση Α και ανακαινίστηκε το 2026. Διαθέτει θέρμανση ατομική - φυσικό αέριο, θέα σε αστικό τοπίο, κουφώματα αλουμινίου, πατώματα από πλακάκι και ξύλο, πόρτα ασφαλείας, εντοιχιζόμενες ντουλάπες, ανελκυστήρα, πάρκινγκ, κήπο, τζάκι, A/C, τέντες, διπλά τζάμια, boiler, οπτικές ίνες      - Τιμή: 2.150 €  <br> <br>",,,,"1","2","1","1","2026-07-22","8","10","0","no","yes","1","Αθήνα - Βόρεια Προάστια (Αττική)","Αγία Παρασκευή (Αθήνα - Βόρεια Προάστια)","1","105103","101","2101","107123","Double","4","2","0","0","1","1220437407","https://m3.spitogatos.gr/362652560_1600x1200.jpg?v=20130730","https://m1.spitogatos.gr/362652561_1600x1200.jpg?v=20130730","https://m1.spitogatos.gr/362652564_1600x1200.jpg?v=20130730","https://m2.spitogatos.gr/362652565_1600x1200.jpg?v=20130730","https://m1.spitogatos.gr/362652567_1600x1200.jpg?v=20130730","https://m3.spitogatos.gr/362652569_1600x1200.jpg?v=20130730","https://m2.spitogatos.gr/362652571_1600x1200.jpg?v=20130730","https://m3.spitogatos.gr/362652575_1600x1200.jpg?v=20130730","https://m3.spitogatos.gr/362652578_1600x1200.jpg?v=20130730","https://m3.spitogatos.gr/362652581_1600x1200.jpg?v=20130730","https://m1.spitogatos.gr/362652585_1600x1200.jpg?v=20130730","https://m1.spitogatos.gr/362652591_1600x1200.jpg?v=20130730","https://m2.spitogatos.gr/362652595_1600x1200.jpg?v=20130730","https://m1.spitogatos.gr/362652600_1600x1200.jpg?v=20130730","https://m3.spitogatos.gr/362652605_1600x1200.jpg?v=20130730","https://m1.spitogatos.gr/362652609_1600x1200.jpg?v=20130730","https://m2.spitogatos.gr/362652613_1600x1200.jpg?v=20130730","https://m1.spitogatos.gr/362652618_1600x1200.jpg?v=20130730",,,,,,,,"0","0","2","1","38.009029","1","2","23.827324",,"0",,,"2026-07-28","0","0",,"0","1","1",,"3","1","0","0",,"0","0","0","2150",,,"0","0","0","0","14.73",,,"1","3","6",,"1","1","2026","0","1","3","0","1","0","146","0",,,"0","1","0","2026-07-22","https://www.spitogatos.gr/en/property/1220437407","1","0","1981","mVVzvjcSFco","residential"
"1","5","no","simple","1",,,,,"1","0","0","0","2026-06-05","0","1","1","0","1",,,"house",,,"1","Αγία Παρασκευή, Άϊ Γιάννης, Διαμέρισμα Προς Ενοικίαση, 142 τ.μ., Κατάσταση: Πολύ καλή, Όροφος: 5ος, 1 Επίπεδο/α, 4 Υ/Δ 1 Κουζίνα/ες, 1 Μπάνιο/α, 1 WC, Θέρμανση: Ατομική - Φυσικό Αέριο, Θέα: Απεριόριστη, Έτος κατασκευής: 1991, Ενεργειακό Πιστοποιητικό: Γ, 1 θέση/εις στάθμευσης, Δάπεδα: Παρκέ, Kουφώματα: Αλουμινίου, Χαρακτηριστικά: Ασανσέρ, Πόρτα Ασφαλείας, Αποθήκη, Τζάκι (2), Νυχτερινό ρεύμα, Διπλά Τζάμια, Τέντες, Βεράντες, Διαμπερές, Προσόψεως, Φωτεινό, Γωνιακό, Κλιματισμός, Boiler, Βαμμένο, Τιμή: 1.350€. Master Ηome Real Estate, Τηλ. Επικοινωνίας: 2103803064-061-062, email: masterhome.sales@gmail.com",,"1",,"1","5","1","1","2026-06-05","10","2","0","no","yes","0","Αθήνα - Βόρεια Προάστια (Αττική)","Αγία Παρασκευή (Αθήνα - Βόρεια Προάστια)","1","105103","101","2101","123120",,"1","2","0","0","1","1220014825","https://m3.spitogatos.gr/355725632_1600x1200.jpg?v=20130730","https://m1.spitogatos.gr/355725651_1600x1200.jpg?v=20130730","https://m2.spitogatos.gr/355725670_1600x1200.jpg?v=20130730","https://m2.spitogatos.gr/355725709_1600x1200.jpg?v=20130730","https://m2.spitogatos.gr/355725736_1600x1200.jpg?v=20130730","https://m2.spitogatos.gr/355725778_1600x1200.jpg?v=20130730","https://m3.spitogatos.gr/355725791_1600x1200.jpg?v=20130730","https://m3.spitogatos.gr/355725818_1600x1200.jpg?v=20130730","https://m3.spitogatos.gr/355725827_1600x1200.jpg?v=20130730","https://m3.spitogatos.gr/355725857_1600x1200.jpg?v=20130730","https://m2.spitogatos.gr/355725868_1600x1200.jpg?v=20130730","https://m1.spitogatos.gr/355725876_1600x1200.jpg?v=20130730","https://m2.spitogatos.gr/355725901_1600x1200.jpg?v=20130730","https://m3.spitogatos.gr/355725929_1600x1200.jpg?v=20130730","https://m3.spitogatos.gr/355725944_1600x1200.jpg?v=20130730","https://m2.spitogatos.gr/355725955_1600x1200.jpg?v=20130730","https://m1.spitogatos.gr/355725972_1600x1200.jpg?v=20130730","https://m3.spitogatos.gr/355726019_1600x1200.jpg?v=20130730","https://m3.spitogatos.gr/355726061_1600x1200.jpg?v=20130730",,,,,,,"0","0","2","1","38.006763","1","1","23.823757",,"0",,,"2026-07-24","0","0",,"1","1","1",,,"1","0","0",,"0","0","0","1350",,,"0","0","0","0","9.51",,,"1","3","6",,"1","0",,"0",,"4","0","1","0","142","1",,,"0","1","0","2026-06-05","https://www.spitogatos.gr/en/property/1220014825","1",,"1991",,"residential"
"1","1",,"simple","1",,,,,"1","0","0","0","2026-06-23","0","0","1","30","1",,,"house",,"0","0","ΑΓΙΑ ΠΑΡΑΣΚΕΥΗ (ΑΤΤΙΚΗ - ΒΟΡΕΙΑ ΠΡΟΑΣΤΙΑ), Κολλέγιο - Διαμέρισμα 125τμ σε οικόπεδο 2500τμ, μη επιπλωμένο, 3 υ/δ, 1ος, εξαιρετική κατάσταση, κατασκευή 1992, ανακαίνιση 2015, ενεργειακή κλάση Δ, σαλόνι, κουζίνα, μπάνιο, wc, ατομικός λέβητας θέρμανση (φυσικό αέριο), κλιματισμός, ήσυχο, διαμπερές, φωτεινό, θέα ανοιχτός ορίζοντας, πρόσοψης, βαμμένο, αποθήκη, boiler, βεράντες, μεγάλες βεράντες, εμβαδόν μπαλκονιών 30τμ, ασανσέρ, πατάρι, κήπος, κουφώματα αλουμινίου, διπλά τζάμια, τύπος δαπέδων πλακάκι & ξύλο, ανεξάρτητη κουζίνα, τριφασικό ρεύμα, πόρτα ασφαλείας, θυροτηλεόραση, εντός σχεδίου, οικιστική ζώνη, προσανατολισμός ανατολικομεσημβρινός, πρόσβαση: άσφαλτο.<br />
Ενοικιάζεται διαμέρισμα 125τμ στο 1ο όροφο στην Αγία Παρασκευή, με 3υ/δ με ντουλάπες, μπάνιο και wc, μεγάλο σαλόνι εξαιρετικά φωτεινό, κουζίνα σε ξεχωριστό δωμάτιο, μπαλκόνια σε με πρόσβαση από όλους τους χώρους, ήσυχο με θέα στο κήπο. <br />
Διαθέτει κουφώματα αλουμινίου, διπλά τζάμια, πόρτα ασφαλείας και ατομικό λέβητα με φυσικό αέριο και ζεστό νερό και σύνδεση σε όποιον πάροχο επιθυμεί. Ιδανική τοποθεσία πλησίον Αττικής Οδού, Λεωφόρος Μεσογείων, κέντρο Αγίας Παρασκευής ιδανικό για οικογένειες Τιμή 1.200€. <br />
Για άμεση υπόδειξη του ακινήτου και οποιαδήποτε πληροφορία καλέστε στο: 6945909933.<br />
<br />
Τιμή €1.200 (κωδ. 8620) 2108145965 BESTLAND HELLAS Real Estate OE",,"0",,"1","6","1","0","2026-02-14","6","10","0","no","no","1","Αθήνα - Βόρεια Προάστια (Αττική)","Αγία Παρασκευή (Αθήνα - Βόρεια Προάστια)","1","105103","101","2101","123120","Double","4","2","0","0","1","1219386364","https://m2.spitogatos.gr/358563961_1600x1200.jpg?v=20130730","https://m2.spitogatos.gr/358563964_1600x1200.jpg?v=20130730","https://m1.spitogatos.gr/345039228_1600x1200.jpg?v=20130730","https://m2.spitogatos.gr/345039229_1600x1200.jpg?v=20130730","https://m3.spitogatos.gr/345039230_1600x1200.jpg?v=20130730","https://m1.spitogatos.gr/345039231_1600x1200.jpg?v=20130730","https://m2.spitogatos.gr/345039232_1600x1200.jpg?v=20130730","https://m3.spitogatos.gr/345039233_1600x1200.jpg?v=20130730","https://m2.spitogatos.gr/345039235_1600x1200.jpg?v=20130730","https://m3.spitogatos.gr/345039236_1600x1200.jpg?v=20130730","https://m1.spitogatos.gr/345039237_1600x1200.jpg?v=20130730","https://m2.spitogatos.gr/345039238_1600x1200.jpg?v=20130730","https://m3.spitogatos.gr/345039239_1600x1200.jpg?v=20130730","https://m1.spitogatos.gr/345039240_1600x1200.jpg?v=20130730","https://m2.spitogatos.gr/345039241_1600x1200.jpg?v=20130730","https://m1.spitogatos.gr/345039243_1600x1200.jpg?v=20130730","https://m2.spitogatos.gr/345039244_1600x1200.jpg?v=20130730","https://m3.spitogatos.gr/345039245_1600x1200.jpg?v=20130730","https://m2.spitogatos.gr/345039247_1600x1200.jpg?v=20130730","https://m3.spitogatos.gr/345039248_1600x1200.jpg?v=20130730","https://m1.spitogatos.gr/345039249_1600x1200.jpg?v=20130730",,,,,"0","0","2","1","38.004391","1","1","23.818119","2500","0",,,"2026-06-23","0","0",,"0","1","1",,"3","1","0","0",,"0","0","0","1200",,,"0","0","0","0","9.6",,,"1","3","6",,"1","1","2015","0","1","3","0","1","0","125","1",,,"0","1","0","2026-02-14","https://www.spitogatos.gr/en/property/1219386364","1",,"1992",,"residential"
"1","2","yes","simple","1",,,,,"1","1","0","0","2027-07-07","0","1","1","0","1",,,"house",,,"1","Αγία Παρασκευή, Κοντόπευκο, Διαμέρισμα Προς Ενοικίαση, 105 τ.μ., Κατάσταση: Καταπληκτική, Όροφος: 2ος, 1 Επίπεδο/α, 3 Υ/Δ 1 Κουζίνα/ες, 2 Μπάνιο/α, Θέρμανση: Αυτόνομη - Πετρέλαιο, Θέα: Βουνό, Έτος κατασκευής: 2010, Ενεργειακό Πιστοποιητικό: Β, 1 θέση/εις στάθμευσης, Δάπεδα: Πατώματα + Πλακάκια, Kουφώματα: Αλουμινίου, Χαρακτηριστικά: Ασανσέρ, Πόρτα Ασφαλείας, Συναγερμός, Θυροτηλεόραση, Τζάκι, Καλωδιακή Τηλεόραση, Internet, Ηλ. Συσκευές, Διπλά Τζάμια, Σίτες, Τέντες, Βεράντες, Επιτρέπονται Κατοικίδια, Metro, Πολυτελές, Διαμπερές, Προσόψεως, Φωτεινό, Γωνιακό, Κλιματισμός, Ηλιακός, Boiler, Νεόδμητο, Βαμμένο,  Ενοίκιο (Για 12+ μήνες  € 1750), Ενοίκιο (Για 6+ μήνες € 1820), Ενοίκιο (Για 2+ μήνες € 1870), Ενοίκιο (Για 1 μήνα € 2035,20), Προσανατολισμός: Βορειοανατολικός, Κοντά σε: Metro, Τιμή: 1.750€. Yestayhomes, Τηλ. Επικοινωνίας: 6951683696",,"1",,"1","4","1","1","2022-03-11","7","10","0","no","yes","0","Αθήνα - Βόρεια Προάστια (Αττική)","Αγία Παρασκευή (Αθήνα - Βόρεια Προάστια)","1","105103","101","2101","107121","Double","1","1","0","0","1","1212252776","https://m1.spitogatos.gr/228781590_1600x1200.jpg?v=20130730","https://m3.spitogatos.gr/228781592_1600x1200.jpg?v=20130730","https://m2.spitogatos.gr/228781594_1600x1200.jpg?v=20130730","https://m2.spitogatos.gr/228781597_1600x1200.jpg?v=20130730","https://m2.spitogatos.gr/228781600_1600x1200.jpg?v=20130730","https://m2.spitogatos.gr/228781603_1600x1200.jpg?v=20130730","https://m2.spitogatos.gr/228781606_1600x1200.jpg?v=20130730","https://m2.spitogatos.gr/228781609_1600x1200.jpg?v=20130730","https://m2.spitogatos.gr/228781612_1600x1200.jpg?v=20130730","https://m1.spitogatos.gr/228781614_1600x1200.jpg?v=20130730","https://m2.spitogatos.gr/228781618_1600x1200.jpg?v=20130730","https://m3.spitogatos.gr/228781622_1600x1200.jpg?v=20130730","https://m2.spitogatos.gr/228781624_1600x1200.jpg?v=20130730","https://m3.spitogatos.gr/228781628_1600x1200.jpg?v=20130730","https://m2.spitogatos.gr/228781630_1600x1200.jpg?v=20130730","https://m1.spitogatos.gr/228781632_1600x1200.jpg?v=20130730","https://m2.spitogatos.gr/228781633_1600x1200.jpg?v=20130730","https://m1.spitogatos.gr/228781635_1600x1200.jpg?v=20130730","https://m2.spitogatos.gr/228781636_1600x1200.jpg?v=20130730","https://m1.spitogatos.gr/228781638_1600x1200.jpg?v=20130730","https://m3.spitogatos.gr/228781640_1600x1200.jpg?v=20130730","https://m3.spitogatos.gr/228781643_1600x1200.jpg?v=20130730","https://m1.spitogatos.gr/228781644_1600x1200.jpg?v=20130730","https://m3.spitogatos.gr/228781646_1600x1200.jpg?v=20130730","https://m2.spitogatos.gr/228781648_1600x1200.jpg?v=20130730","0","0","2","1","38.018936","1","1","23.827211",,"1",,,"2026-07-16","0","0",,"0","0","2",,"5","1","0","1","1","0","0","0","1750",,,"0","0","0","0","16.67",,,"1","3","6",,"1","0",,"0","1","3","0","1","1","105","0",,,"0","1","0","2022-03-11","https://www.spitogatos.gr/en/property/1212252776","1",,"2010",,"residential"
"1","2","yes","simple","1",,,,,"1","1","0","0","2027-07-06","0","1","1","0","1",,,"house",,,"1","Αγία Παρασκευή, Κολλέγιο, Διαμέρισμα Προς Ενοικίαση, 96 τ.μ., Κατάσταση: Καταπληκτική, Όροφος: 2ος, 1 Επίπεδο/α, 3 Υ/Δ 1 Κουζίνα/ες, 1 Μπάνιο/α, 1 WC, Θέρμανση: Αυτόνομη - Φυσικό Αέριο, Θέα: Καλή, Έτος κατασκευής: 2006, Ενεργειακό Πιστοποιητικό: Γ, 1 θέση/εις στάθμευσης, Δάπεδα: Πατώματα + Πλακάκια, Kουφώματα: Αλουμινίου, Χαρακτηριστικά: Ασανσέρ, Πόρτα Ασφαλείας, Συναγερμός, Θυροτηλεόραση, Τζάκι, Νυχτερινό ρεύμα, Καλωδιακή Τηλεόραση, Internet, Ηλ. Συσκευές, Διπλά Τζάμια, Σίτες, Τέντες, Βεράντες, Επιπλωμένο, Πολυτελές, Διαμπερές, Προσόψεως, Φωτεινό, Γωνιακό, Κλιματισμός, Κήπος,  Ενοίκιο (Για 12+ μήνες 1750€), Ενοίκιο (Για 6+ μηνες 1800€), Ενοίκιο (Για 2+ μήνες 1850€), Ενοίκιο (Για 1 μήνα 2020€), Προσανατολισμός: Ανατολικοδυτικός, Τιμή: 1.750€. Yestayhomes, Τηλ. Επικοινωνίας: 6986749007",,"1",,"1","5","1","1","2026-04-15","7","10","0","yes","yes","1","Αθήνα - Βόρεια Προάστια (Αττική)","Αγία Παρασκευή (Αθήνα - Βόρεια Προάστια)","1","105103","101","2101","329486",,"1","2","0","0","1","1219713058","https://m1.spitogatos.gr/350497005_1600x1200.jpg?v=20130730","https://m2.spitogatos.gr/350497018_1600x1200.jpg?v=20130730","https://m3.spitogatos.gr/350497019_1600x1200.jpg?v=20130730","https://m1.spitogatos.gr/350497023_1600x1200.jpg?v=20130730","https://m2.spitogatos.gr/350497036_1600x1200.jpg?v=20130730","https://m2.spitogatos.gr/350497039_1600x1200.jpg?v=20130730","https://m3.spitogatos.gr/350497040_1600x1200.jpg?v=20130730","https://m1.spitogatos.gr/350497044_1600x1200.jpg?v=20130730","https://m3.spitogatos.gr/350497046_1600x1200.jpg?v=20130730","https://m1.spitogatos.gr/350497053_1600x1200.jpg?v=20130730","https://m3.spitogatos.gr/350497067_1600x1200.jpg?v=20130730","https://m2.spitogatos.gr/350497069_1600x1200.jpg?v=20130730","https://m2.spitogatos.gr/350497096_1600x1200.jpg?v=20130730","https://m2.spitogatos.gr/350497099_1600x1200.jpg?v=20130730","https://m1.spitogatos.gr/350497101_1600x1200.jpg?v=20130730","https://m3.spitogatos.gr/350497103_1600x1200.jpg?v=20130730","https://m3.spitogatos.gr/350497124_1600x1200.jpg?v=20130730",,,,,,,,,"0","0","2","1","38.004326","1","1","23.825542",,"1",,,"2026-07-13","0","0",,"1","1","1",,"2","0","0","1",,"0","0","0","1750",,,"0","0","0","0","18.23",,,"1","3","6",,"1","0",,"0","1","3","0","1","0","96","0",,,"0","1","0","2026-04-15","https://www.spitogatos.gr/en/property/1219713058","1",,"2006",,"residential"
"1","2","no","simple","1",,,,,"1","1","0","0","2026-07-03","0","1","1","0","1",,,"house",,,"1","Σε ήσυχο σημείο της Αγίας Παρασκευής και κοντα στις στάσεις Metro, Χαλάνδρι (700m) και Δουκίσσης Πλακεντίας (550m), δίδεται προς ενοικίαση διαμέρισμα 2ου ορόφου με 3 υπνοδωμάτια και ένα χώρο γραφείου. Το ακίνητο είναι κοντά σε αγορά, σχολεία και μέσα μαζικής μεταφοράς. Είναι άμεσα διαθέσιμο. Δεν διαθέτει ασανσέρ και θέση στάθμευσης!!!  Αγία Παρασκευή, Οροφοδιαμέρισμα Προς Ενοικίαση, 120 τ.μ., Κατάσταση: Πολύ καλή, Όροφος: 2ος, 1 Επίπεδο/α, 3 Υ/Δ 1 Κουζίνα/ες, 1 Μπάνιο/α, 1 WC, Θέρμανση: Αυτόνομη - Φυσικό Αέριο, Θέα: Αστικό τοπίο, Έτος κατασκευής: 1982, Ενεργειακό Πιστοποιητικό: Β, Δάπεδα: Πλακάκια, Kουφώματα: Αλουμινίου, Χαρακτηριστικά: Πόρτα Ασφαλείας, Συναγερμός, Θυροτηλεόραση, Ηλ. Συσκευές, Διπλά Τζάμια, Τέντες, Βεράντες, Ρετιρέ, Διαμπερές, Προσόψεως, Φωτεινό, Γωνιακό, Boiler, Βαμμένο, Τιμή: 1.050€. Roof Your Dreams 1307",,"1",,"0","4","1","0","2026-07-03","7","4","0","no","no","0","Αθήνα - Βόρεια Προάστια (Αττική)","Αγία Παρασκευή (Αθήνα - Βόρεια Προάστια)","1","105103","101","2101","107121",,"1","2","0","0","1","1220294003","https://m2.spitogatos.gr/360310087_1600x1200.jpg?v=20130730","https://m1.spitogatos.gr/360310092_1600x1200.jpg?v=20130730","https://m3.spitogatos.gr/360310100_1600x1200.jpg?v=20130730","https://m1.spitogatos.gr/360310104_1600x1200.jpg?v=20130730","https://m1.spitogatos.gr/360310107_1600x1200.jpg?v=20130730","https://m3.spitogatos.gr/360310112_1600x1200.jpg?v=20130730","https://m2.spitogatos.gr/360310117_1600x1200.jpg?v=20130730","https://m1.spitogatos.gr/360310119_1600x1200.jpg?v=20130730","https://m2.spitogatos.gr/360310123_1600x1200.jpg?v=20130730","https://m1.spitogatos.gr/360310125_1600x1200.jpg?v=20130730","https://m1.spitogatos.gr/360310131_1600x1200.jpg?v=20130730","https://m1.spitogatos.gr/360310134_1600x1200.jpg?v=20130730","https://m2.spitogatos.gr/360310138_1600x1200.jpg?v=20130730","https://m2.spitogatos.gr/360310141_1600x1200.jpg?v=20130730","https://m2.spitogatos.gr/360310144_1600x1200.jpg?v=20130730","https://m2.spitogatos.gr/360310147_1600x1200.jpg?v=20130730","https://m3.spitogatos.gr/360310151_1600x1200.jpg?v=20130730","https://m3.spitogatos.gr/360310154_1600x1200.jpg?v=20130730","https://m3.spitogatos.gr/360310157_1600x1200.jpg?v=20130730","https://m1.spitogatos.gr/360310161_1600x1200.jpg?v=20130730","https://m3.spitogatos.gr/360310163_1600x1200.jpg?v=20130730",,,,,"0","0","2","1","38.019802","1","1","23.829027",,"0",,,"2026-07-03","0","0",,"0","1","1",,,"1","1","0",,"0","0","0","1050",,,"0","0","0","0","8.75",,,"1","3","6",,"1","0",,"0",,"3","0","1","0","120","0",,,"0","1","0","2026-07-03","https://www.spitogatos.gr/en/property/1220294003","1",,"1982",,"residential"
