"AC","Floor Level","accessibleForDisabled","adType_code","adType_id","agentEmployee_firstName","agentEmployee_id","agentEmployee_lastName","agentEmployee_telephone","airy","alarm","attic","auction","availability","availableForDailyRent","awning","balcony","balconyArea","bright","builtInBBQ","byTheSea","category","caveBuilding","commonExpenses","corner","description","distanceSea","doubleGlass","electricCarChargingFacilities","elevator","energyClass","facade","fireplace","firstPublishDate","floorNumber","floorType","forCommercialUse","furnished","garage","garden","geographiesByLevel_2_fullName","geographiesByLevel_4_fullName","geographyParentIds_0","geographyParentIds_1","geographyParentIds_2","geographyParentIds_4","geographyParentIds_5","glassType","heatingController","heatingMedium","heatingUnderFloor","holidayHome","host_id","id","images/0","images/1","images/2","images/3","images/4","images/5","images/6","images/7","images/8","images/9","images/10","images/11","images/12","images/13","images/14","images/15","images/16","images/17","images/18","images/19","images/20","images/21","images/22","images/23","images/24","internal_stairs","investment","joinery","kitchens","latitude","levels","livingRooms","longitude","lotSize","luxHome","mannedReception","medicalOffice","modified","negotiablePrice","neoclassic","nightPower","no_of_WC","no_of_bathrooms","numberOfFloors","orientation","painted","penthouse","pestNet","petsAllowed","playroom","pool","preserved","price","priceChangeDate","priceChangePercentage","priceIncludesInternet","priceIncludesPower","priceIncludesSharedExp","priceIncludesWater","pricePerSqMeters","pricePreReduction","priceReduced","propertyPublishingOptionIds/0","propertyPublishingOptionIds/1","propertyPublishingOptionIds/2","published","renovated","renovationYear","requiresRenovation","road_type","rooms","satelite","secure_door","solar_heater","sq_meters","storage","storageArea","streetAddress","studentHome","subtype","unfinished","uploaded","url","vTourUrl","view","wholeFloorApartment","year_of_construction","youtubeVideoId","zoning"
"1","5",,"simple","1",,,,,"0","1","0","0","2026-08-03","0","0","1","0","0",,,"house",,,"1","Ανακάλυψε τα καλύτερα σημεία της Αθήνας , με αυτό το εκλεπτυσμένο διαμέρισμα δύο υπνοδωματίων της Blueground. Προσφέρει μια πλήρως εξοπλισμένη κουζίνα, ένα κομψό καθιστικό. Επίσης, καθ’όλη τη διάρκεια της διαμονής σου θα έχεις τη δυνατότητα να επικοινωνήσεις εύκολα και άμεσα με την ομάδα υποστήριξης πελατών και να βρεις χρήσιμες πληροφορίες τόσο για το διαμέρισμά σου όσο και για τη γειτονιά μέσω της ειδικής mobile εφαρμογής.<br><br />
<br />
Η διαφημιζόμενη τιμή των €1,210/μήνα είναι η τιμή για 1 έτος, με ημερομηνία έναρξης Αυγούστου 2, 2026. Η χαμηλότερη διαθέσιμη τιμή είναι €1,010/μήνα για μίσθωση 2 μήνα(μηνών) και 28 ημέρας(ημερών) με ημερομηνία έναρξης Αυγούστου 2, 2026.<br />
<br>Οι τιμές διαφέρουν ανάλογα με τη διάρκεια παραμονής, την εποχικότητα και άλλους παράγοντες. Επισκεφθείτε τον ιστότοπό μας και εισάγετε τις ημερομηνίες διαμονής σας για να δείτε ενημερωμένες τιμές για την κράτησή σας. Η τιμή ισχύει μόνο με προκαταβολή· ενδέχεται να είναι υψηλότερη εάν πληρωθεί σε δόσεις.<br />
<br />
<b>Κλείστε αυτό το διαμέρισμα online!</b><br />
<br />
https://www.theblueground.com/p/furnished-apartments/ath-2282?utm_source=classified-4<br />
<br />
Aναβαθμίστε τη διαμονή σας με ένα πλήρως επιπλωμένο διαμέρισμα από τη Blueground:<br />
      – Επιπλωμένα σπίτια σε τιμές αντίστοιχες με τα ανεπίπλωτα<br />
      – Χωρίς κόστη εγκατάστασης ή αγοράς επίπλων - εξοικονομήστε χρόνο και χρήματα<br />
      – Έτοιμα για άμεση μετακόμιση - το μόνο που χρειάζεστε είναι η βαλίτσα σας<br />
<br />
<b>Ο χώρος</b><br><br />
Σε αυτό το εκλεπτυσμένο Blueground διαμέρισμα δύο υπνοδωματίων, θα βρεις ένα χώρο προσεκτικά σχεδιασμένο και πλήρως εξοπλισμένο με έπιπλα μοναδικού design και ηλεκτρικές συσκευές τελευταίας τεχνολογίας.<br />
Νιώσε όμορφα και χαλαρά στο νέο σου σπίτι κάθε στιγμή. Και όταν θα θες να διασκεδάσεις, μπορείς να βγεις και να αφεθείς στον παλμό της Αθήνας ή να φέρεις τη διασκέδαση σπίτι, με τα ασύρματα ηχεία ή τη smart TV.<br />
<br />
<b>Διαρρύθμιση δωματίων ύπνου</b><br />
    <br />
        Υπέρδιπλο κρεβάτι: 160 εκ.<br />
<br />
        Διπλό κρεβάτι: 140 εκ.<br />
<br />
<b>Παροχές κτιρίου</b><br />
<br />
      Ασανσέρ<br />
      Πλυντήριο<br />
<br />
<br />
<b>Άφιξη και συνεχής υποστήριξη πελατών</b><br><br />
Κατά τη διάρκεια της διαμονής σου, η ομάδα μας θα είναι διαθέσιμη για να σε βοηθήσει με οτιδήποτε χρειαστείς. Μέσω της ειδικής mobile εφαρμογής της Blueground έχεις συνεχή υποστήριξη, ενώ μπορείς ακόμη να προγραμματίσεις υπηρεσίες καθαρισμού, συντήρησης ή επισκευής, με το πάτημα ενός κουμπιού.",,"1",,"1","7","0","0","2026-07-14","10",,"0","yes","no","0","Αθήνα - Κέντρο (Αττική)","Γουδή (Αθήνα - Κέντρο)","1","105103","100","2011",,,"1","1","0","0","1","1220377146","https://m2.spitogatos.gr/362332846_1600x1200.jpg?v=20130730","https://m3.spitogatos.gr/362332847_1600x1200.jpg?v=20130730","https://m2.spitogatos.gr/362332849_1600x1200.jpg?v=20130730","https://m3.spitogatos.gr/362332850_1600x1200.jpg?v=20130730","https://m3.spitogatos.gr/362332853_1600x1200.jpg?v=20130730","https://m1.spitogatos.gr/362332857_1600x1200.jpg?v=20130730","https://m3.spitogatos.gr/362332862_1600x1200.jpg?v=20130730","https://m1.spitogatos.gr/362332866_1600x1200.jpg?v=20130730","https://m2.spitogatos.gr/362332870_1600x1200.jpg?v=20130730","https://m3.spitogatos.gr/362332874_1600x1200.jpg?v=20130730","https://m2.spitogatos.gr/362332879_1600x1200.jpg?v=20130730","https://m2.spitogatos.gr/362332882_1600x1200.jpg?v=20130730","https://m3.spitogatos.gr/362332883_1600x1200.jpg?v=20130730","https://m1.spitogatos.gr/362332884_1600x1200.jpg?v=20130730","https://m2.spitogatos.gr/362332885_1600x1200.jpg?v=20130730","https://m3.spitogatos.gr/362332886_1600x1200.jpg?v=20130730","https://m1.spitogatos.gr/362332887_1600x1200.jpg?v=20130730","https://m2.spitogatos.gr/362332888_1600x1200.jpg?v=20130730","https://m3.spitogatos.gr/362332889_1600x1200.jpg?v=20130730","https://m1.spitogatos.gr/362332890_1600x1200.jpg?v=20130730","https://m2.spitogatos.gr/362332891_1600x1200.jpg?v=20130730","https://m3.spitogatos.gr/362332892_1600x1200.jpg?v=20130730","https://m1.spitogatos.gr/362332893_1600x1200.jpg?v=20130730","https://m2.spitogatos.gr/362332894_1600x1200.jpg?v=20130730","https://m3.spitogatos.gr/362332895_1600x1200.jpg?v=20130730","0","0",,"0","37.982079","1","0","23.760628",,"0",,,"2026-08-01","0","0","0","1","1",,,"1","0","1",,"0","0","0","1210","2026-07-30 10:54:29","14","0","0","0","0","12.87","1400","true","1","3","6","1","1",,,,"2","0","1",,"94","0",,"Michalakopoulou 117","1","1","0","2026-07-14","https://www.spitogatos.gr/en/property/1220377146","https://nodalview.com/s/2kWRO7cFf9lfe8BmzV4bZl","0",,"1970",,
"1","3",,"simple","1",,,,,"0","0","0","0","2026-08-28","0","0","1","0","0",,,"house",,,"1","Ξεκίνα να ζεις από την πρώτη μέρα, σε αυτό το κομψά επιπλωμένο διαμέρισμα ενός υπνοδωματίου της Blueground στο κέντρο της Αθήνας. Πλήρως εξοπλισμένο με έπιπλα μοναδικού design, ηλεκτρικές συσκευές τελευταίας τεχνολογίας.<br><br />
<br />
Η διαφημιζόμενη τιμή των €1,090/μήνα είναι η τιμή για 1 έτος, με ημερομηνία έναρξης Αυγούστου 27, 2026. Η χαμηλότερη διαθέσιμη τιμή είναι €1,060/μήνα για μίσθωση 5 μήνα(μηνών) και 28 ημέρας(ημερών) με ημερομηνία έναρξης Αυγούστου 27, 2026.<br />
<br>Οι τιμές διαφέρουν ανάλογα με τη διάρκεια παραμονής, την εποχικότητα και άλλους παράγοντες. Επισκεφθείτε τον ιστότοπό μας και εισάγετε τις ημερομηνίες διαμονής σας για να δείτε ενημερωμένες τιμές για την κράτησή σας. Η τιμή ισχύει μόνο με προκαταβολή· ενδέχεται να είναι υψηλότερη εάν πληρωθεί σε δόσεις.<br />
<br />
<b>Κλείστε αυτό το διαμέρισμα online!</b><br />
<br />
https://www.theblueground.com/p/furnished-apartments/ath-2174?utm_source=classified-4<br />
<br />
Aναβαθμίστε τη διαμονή σας με ένα πλήρως επιπλωμένο διαμέρισμα από τη Blueground:<br />
      – Επιπλωμένα σπίτια σε τιμές αντίστοιχες με τα ανεπίπλωτα<br />
      – Χωρίς κόστη εγκατάστασης ή αγοράς επίπλων - εξοικονομήστε χρόνο και χρήματα<br />
      – Έτοιμα για άμεση μετακόμιση - το μόνο που χρειάζεστε είναι η βαλίτσα σας<br />
<br />
<b>Ο χώρος</b><br><br />
Έπιπλα μοναδικού design, πλήρως εξοπλισμένη κουζίνα, smart TV ή/και ασύρματα ηχεία τελευταίας τεχνολογίας, είναι λίγες μόνο από τις ανέσεις που σου προσφέρει αυτό το διαμέρισμα ενός υπνοδωματίου της Blueground. Θα το αγαπήσεις όμως και για τη μοναδική του τοποθεσία, καθώς βρίσκεται σε ένα από τα πιο κεντρικά σημεία της Αθήνας.<br />
<br />
<b>Διαρρύθμιση δωματίων ύπνου</b><br />
    <br />
        Υπέρδιπλο κρεβάτι: 160 εκ.<br />
<br />
<b>Παροχές κτιρίου</b><br />
<br />
      Ασανσέρ<br />
      Πλυντήριο<br />
<br />
<br />
<b>Άφιξη και συνεχής υποστήριξη πελατών</b><br><br />
Κατά τη διάρκεια της διαμονής σου, η ομάδα μας θα είναι διαθέσιμη για να σε βοηθήσει με οτιδήποτε χρειαστείς. Μέσω της ειδικής mobile εφαρμογής της Blueground έχεις συνεχή υποστήριξη, ενώ μπορείς ακόμη να προγραμματίσεις υπηρεσίες καθαρισμού, συντήρησης ή επισκευής, με το πάτημα ενός κουμπιού.",,"1",,"1","7","0","0","2026-06-04","8",,"0","yes","no","0","Αθήνα - Κέντρο (Αττική)","Γουδή (Αθήνα - Κέντρο)","1","105103","100","2011",,,"1","1","0","0","1","1220001635","https://m1.spitogatos.gr/355530888_1600x1200.jpg?v=20130730","https://m2.spitogatos.gr/355530889_1600x1200.jpg?v=20130730","https://m3.spitogatos.gr/355530890_1600x1200.jpg?v=20130730","https://m1.spitogatos.gr/355530891_1600x1200.jpg?v=20130730","https://m2.spitogatos.gr/355530892_1600x1200.jpg?v=20130730","https://m3.spitogatos.gr/355530893_1600x1200.jpg?v=20130730","https://m1.spitogatos.gr/355530894_1600x1200.jpg?v=20130730","https://m2.spitogatos.gr/355530895_1600x1200.jpg?v=20130730","https://m3.spitogatos.gr/355530896_1600x1200.jpg?v=20130730","https://m1.spitogatos.gr/355530897_1600x1200.jpg?v=20130730","https://m2.spitogatos.gr/355530898_1600x1200.jpg?v=20130730","https://m3.spitogatos.gr/355530899_1600x1200.jpg?v=20130730","https://m1.spitogatos.gr/355530900_1600x1200.jpg?v=20130730","https://m2.spitogatos.gr/355530901_1600x1200.jpg?v=20130730","https://m3.spitogatos.gr/355530902_1600x1200.jpg?v=20130730","https://m1.spitogatos.gr/355530903_1600x1200.jpg?v=20130730","https://m2.spitogatos.gr/355530904_1600x1200.jpg?v=20130730","https://m3.spitogatos.gr/355530905_1600x1200.jpg?v=20130730","https://m1.spitogatos.gr/355530906_1600x1200.jpg?v=20130730","https://m2.spitogatos.gr/355530907_1600x1200.jpg?v=20130730","https://m3.spitogatos.gr/355530908_1600x1200.jpg?v=20130730",,,,,"0","0",,"0","37.97974","1","0","23.756664",,"0",,,"2026-07-31","0","0","0","0","1",,,"1","0","1",,"0","0","0","1090",,,"0","0","0","0","19.82",,,"1","3","6","1","1",,,,"1","0","1",,"55","0",,"Pontou 8","1","1","0","2026-06-04","https://www.spitogatos.gr/en/property/1220001635","https://nodalview.com/s/01nkJNmbzA9eaHv0IA-tqc","0",,"1990",,
"1","2",,"simple","1",,,,,"0","1","0","0","2026-08-03","0","0","1","0","0",,,"house",,,"1","Ξεκίνα να ζεις από την πρώτη μέρα, σε αυτό το σύγχρονα επιπλωμένο διαμέρισμα τριών υπνοδωματίων της Blueground στο κέντρο της Αθήνας. Πλήρως εξοπλισμένο με έπιπλα μοναδικού design, ηλεκτρικές συσκευές τελευταίας τεχνολογίας.<br><br />
<br />
Η διαφημιζόμενη τιμή των €1,200/μήνα είναι η τιμή για 1 έτος, με ημερομηνία έναρξης Αυγούστου 2, 2026. Η χαμηλότερη διαθέσιμη τιμή είναι €840/μήνα για μίσθωση 2 μήνα(μηνών) και 28 ημέρας(ημερών) με ημερομηνία έναρξης Αυγούστου 2, 2026.<br />
<br>Οι τιμές διαφέρουν ανάλογα με τη διάρκεια παραμονής, την εποχικότητα και άλλους παράγοντες. Επισκεφθείτε τον ιστότοπό μας και εισάγετε τις ημερομηνίες διαμονής σας για να δείτε ενημερωμένες τιμές για την κράτησή σας. Η τιμή ισχύει μόνο με προκαταβολή· ενδέχεται να είναι υψηλότερη εάν πληρωθεί σε δόσεις.<br />
<br />
<b>Κλείστε αυτό το διαμέρισμα online!</b><br />
<br />
https://www.theblueground.com/p/furnished-apartments/ath-237?utm_source=classified-4<br />
<br />
Aναβαθμίστε τη διαμονή σας με ένα πλήρως επιπλωμένο διαμέρισμα από τη Blueground:<br />
      – Επιπλωμένα σπίτια σε τιμές αντίστοιχες με τα ανεπίπλωτα<br />
      – Χωρίς κόστη εγκατάστασης ή αγοράς επίπλων - εξοικονομήστε χρόνο και χρήματα<br />
      – Έτοιμα για άμεση μετακόμιση - το μόνο που χρειάζεστε είναι η βαλίτσα σας<br />
<br />
<b>Ο χώρος</b><br><br />
Σε αυτό το εκλεπτυσμένο Blueground διαμέρισμα τριών υπνοδωματίων, θα βρεις ένα χώρο προσεκτικά σχεδιασμένο και πλήρως εξοπλισμένο με έπιπλα μοναδικού design και ηλεκτρικές συσκευές τελευταίας τεχνολογίας.<br />
Νιώσε όμορφα και χαλαρά στο νέο σου σπίτι κάθε στιγμή. Και όταν θα θες να διασκεδάσεις, μπορείς να βγεις και να αφεθείς στον παλμό της Αθήνας ή να φέρεις τη διασκέδαση σπίτι, με τα ασύρματα ηχεία ή τη smart TV.<br />
<br />
<b>Διαρρύθμιση δωματίων ύπνου</b><br />
    <br />
        Υπέρδιπλο κρεβάτι: 160 εκ.<br />
<br />
        Υπέρδιπλο κρεβάτι: 160 εκ.<br />
<br />
        Υπέρδιπλο κρεβάτι: 160 εκ.<br />
<br />
<b>Παροχές κτιρίου</b><br />
<br />
      Ασανσέρ<br />
      Πλυντήριο<br />
<br />
<br />
<b>Άφιξη και συνεχής υποστήριξη πελατών</b><br><br />
Κατά τη διάρκεια της διαμονής σου, η ομάδα μας θα είναι διαθέσιμη για να σε βοηθήσει με οτιδήποτε χρειαστείς. Μέσω της ειδικής mobile εφαρμογής της Blueground έχεις συνεχή υποστήριξη, ενώ μπορείς ακόμη να προγραμματίσεις υπηρεσίες καθαρισμού, συντήρησης ή επισκευής, με το πάτημα ενός κουμπιού.",,"0",,"1","6","0","0","2026-04-02","7",,"0","yes","no","0","Αθήνα - Κέντρο (Αττική)","Γουδή (Αθήνα - Κέντρο)","1","105103","100","2011","509780",,"1","1","0","0","1","1219655240","https://m1.spitogatos.gr/359901120_1600x1200.jpg?v=20130730","https://m3.spitogatos.gr/359901128_1600x1200.jpg?v=20130730","https://m1.spitogatos.gr/359901147_1600x1200.jpg?v=20130730","https://m1.spitogatos.gr/359901165_1600x1200.jpg?v=20130730","https://m3.spitogatos.gr/359901182_1600x1200.jpg?v=20130730","https://m3.spitogatos.gr/359901200_1600x1200.jpg?v=20130730","https://m1.spitogatos.gr/359901219_1600x1200.jpg?v=20130730","https://m2.spitogatos.gr/359901241_1600x1200.jpg?v=20130730","https://m3.spitogatos.gr/359901269_1600x1200.jpg?v=20130730","https://m3.spitogatos.gr/359901290_1600x1200.jpg?v=20130730","https://m3.spitogatos.gr/359901308_1600x1200.jpg?v=20130730","https://m2.spitogatos.gr/359901328_1600x1200.jpg?v=20130730","https://m2.spitogatos.gr/359901349_1600x1200.jpg?v=20130730","https://m1.spitogatos.gr/359901366_1600x1200.jpg?v=20130730","https://m1.spitogatos.gr/359901384_1600x1200.jpg?v=20130730","https://m3.spitogatos.gr/359901398_1600x1200.jpg?v=20130730","https://m1.spitogatos.gr/359901411_1600x1200.jpg?v=20130730","https://m3.spitogatos.gr/359901425_1600x1200.jpg?v=20130730","https://m1.spitogatos.gr/359901441_1600x1200.jpg?v=20130730","https://m2.spitogatos.gr/359901457_1600x1200.jpg?v=20130730","https://m2.spitogatos.gr/359901475_1600x1200.jpg?v=20130730","https://m1.spitogatos.gr/359901489_1600x1200.jpg?v=20130730","https://m2.spitogatos.gr/359901502_1600x1200.jpg?v=20130730","https://m2.spitogatos.gr/359901514_1600x1200.jpg?v=20130730","https://m1.spitogatos.gr/359901528_1600x1200.jpg?v=20130730","0","0",,"0","37.982155","1","0","23.757967",,"0",,,"2026-08-01","0","0","0","1","1",,,"1","0","0",,"0","0","0","1200","2026-07-24 11:05:08","21","0","0","0","0","11.43","1520","true","1","3","6","1","0",,,,"3","0","1",,"105","0",,"Xenias 5","1","1","0","2026-04-02","https://www.spitogatos.gr/en/property/1219655240",,"0",,"1980","NdC1C7LBf_s",
"1","1",,"simple","1",,,,,"0","0","0","0","2026-08-13","0","0","1","0","0",,,"house",,,"1","Ξεκίνα να ζεις από την πρώτη μέρα, σε αυτό το κομψά επιπλωμένο διαμέρισμα δύο υπνοδωματίων της Blueground στο κέντρο της Αθήνας. Πλήρως εξοπλισμένο με έπιπλα μοναδικού design, ηλεκτρικές συσκευές τελευταίας τεχνολογίας.<br><br />
<br />
Η διαφημιζόμενη τιμή των €1,090/μήνα είναι η τιμή για 1 έτος, με ημερομηνία έναρξης Αυγούστου 12, 2026. Η χαμηλότερη διαθέσιμη τιμή είναι €1,060/μήνα για μίσθωση 6 μήνα(μηνών) και 4 ημέρας(ημερών) με ημερομηνία έναρξης Αυγούστου 12, 2026.<br />
<br>Οι τιμές διαφέρουν ανάλογα με τη διάρκεια παραμονής, την εποχικότητα και άλλους παράγοντες. Επισκεφθείτε τον ιστότοπό μας και εισάγετε τις ημερομηνίες διαμονής σας για να δείτε ενημερωμένες τιμές για την κράτησή σας. Η τιμή ισχύει μόνο με προκαταβολή· ενδέχεται να είναι υψηλότερη εάν πληρωθεί σε δόσεις.<br />
<br />
<b>Κλείστε αυτό το διαμέρισμα online!</b><br />
<br />
https://www.theblueground.com/p/furnished-apartments/ath-534?utm_source=classified-4<br />
<br />
Aναβαθμίστε τη διαμονή σας με ένα πλήρως επιπλωμένο διαμέρισμα από τη Blueground:<br />
      – Επιπλωμένα σπίτια σε τιμές αντίστοιχες με τα ανεπίπλωτα<br />
      – Χωρίς κόστη εγκατάστασης ή αγοράς επίπλων - εξοικονομήστε χρόνο και χρήματα<br />
      – Έτοιμα για άμεση μετακόμιση - το μόνο που χρειάζεστε είναι η βαλίτσα σας<br />
<br />
<b>Ο χώρος</b><br><br />
Νιώσε σαν στο σπίτι σου σε αυτό το επιπλωμένο διαμέρισμα της Blueground με το μοναδικό design, τα μοντέρνα έπιπλα και την πλήρως εξοπλισμένη κουζίνα.<br />
Δες τις αγαπημένες σου ταινίες στη smart TV ή άκουσε δυνατά μουσική στα ασύρματα ηχεία τελευταίας τεχνολογίας. Ό,τι και να αποφασίσεις να κάνεις το μόνο σίγουρο είναι πως θα αγαπήσεις όλα όσα σου προσφέρει αυτό το κομψό διαμέρισμα.<br />
<br />
<b>Διαρρύθμιση δωματίων ύπνου</b><br />
    <br />
        Υπέρδιπλο κρεβάτι: 160 εκ.<br />
<br />
        Υπέρδιπλο κρεβάτι: 160 εκ.<br />
<br />
<b>Παροχές κτιρίου</b><br />
<br />
      Ασανσέρ<br />
      Πλυντήριο<br />
<br />
<br />
<b>Άφιξη και συνεχής υποστήριξη πελατών</b><br><br />
Κατά τη διάρκεια της διαμονής σου, η ομάδα μας θα είναι διαθέσιμη για να σε βοηθήσει με οτιδήποτε χρειαστείς. Μέσω της ειδικής mobile εφαρμογής της Blueground έχεις συνεχή υποστήριξη, ενώ μπορείς ακόμη να προγραμματίσεις υπηρεσίες καθαρισμού, συντήρησης ή επισκευής, με το πάτημα ενός κουμπιού.",,"1",,"1","9","0","0","2026-05-23","6",,"0","yes","no","0","Αθήνα - Κέντρο (Αττική)","Γουδή (Αθήνα - Κέντρο)","1","105103","100","2011",,,"1","1","0","0","1","1219935381","https://m3.spitogatos.gr/359902463_1600x1200.jpg?v=20130730","https://m2.spitogatos.gr/359902477_1600x1200.jpg?v=20130730","https://m3.spitogatos.gr/359902493_1600x1200.jpg?v=20130730","https://m3.spitogatos.gr/359902511_1600x1200.jpg?v=20130730","https://m2.spitogatos.gr/359902525_1600x1200.jpg?v=20130730","https://m1.spitogatos.gr/359902539_1600x1200.jpg?v=20130730","https://m1.spitogatos.gr/359902551_1600x1200.jpg?v=20130730","https://m1.spitogatos.gr/359902563_1600x1200.jpg?v=20130730","https://m3.spitogatos.gr/359902577_1600x1200.jpg?v=20130730","https://m1.spitogatos.gr/359902590_1600x1200.jpg?v=20130730","https://m1.spitogatos.gr/359902602_1600x1200.jpg?v=20130730","https://m3.spitogatos.gr/359902616_1600x1200.jpg?v=20130730","https://m3.spitogatos.gr/359902628_1600x1200.jpg?v=20130730","https://m2.spitogatos.gr/359902639_1600x1200.jpg?v=20130730","https://m2.spitogatos.gr/359902654_1600x1200.jpg?v=20130730","https://m2.spitogatos.gr/359902669_1600x1200.jpg?v=20130730","https://m3.spitogatos.gr/359902685_1600x1200.jpg?v=20130730","https://m3.spitogatos.gr/359902697_1600x1200.jpg?v=20130730","https://m1.spitogatos.gr/359902707_1600x1200.jpg?v=20130730","https://m2.spitogatos.gr/359902717_1600x1200.jpg?v=20130730","https://m3.spitogatos.gr/359902727_1600x1200.jpg?v=20130730","https://m3.spitogatos.gr/359902739_1600x1200.jpg?v=20130730","https://m3.spitogatos.gr/359902754_1600x1200.jpg?v=20130730","https://m3.spitogatos.gr/359902769_1600x1200.jpg?v=20130730","https://m1.spitogatos.gr/359902782_1600x1200.jpg?v=20130730","0","0",,"0","37.981964","1","0","23.763508",,"0",,,"2026-07-31","0","0","0","0","1",,,"1","0","1",,"0","0","0","1090",,,"0","0","0","0","12.82",,,"1","3","6","1","0",,,,"2","0","1",,"85","0",,"Aeroporou Papanastasiou 17","1","1","0","2026-05-23","https://www.spitogatos.gr/en/property/1219935381","https://nodalview.com/s/2JtyiQah9BnxaP-69qI1-j","0",,"1970",,
"1","2",,"simple","1",,,,,"0","0","0","0","2026-08-03","0","0","1","0","0",,,"house",,,"1","Νιώσε σαν στο σπίτι σου, όπου και αν επιλέξεις να μείνεις με την Blueground. Θα λατρέψεις αυτό το όμορφα επιπλωμένο διαμέρισμα δύο υπνοδωματίων, για τη διακόσμησή του, την πλήρως εξοπλισμένη κουζίνα και το άνετο καθιστικό του. Βρίσκεται σε ιδανική τοποθεσία, κοντά σε όλα όσα έχει να σου προσφέρει η Αθήνα!<br><br />
<br />
Η διαφημιζόμενη τιμή των €1,050/μήνα είναι η τιμή για 1 έτος, με ημερομηνία έναρξης Αυγούστου 2, 2026. Η χαμηλότερη διαθέσιμη τιμή είναι €970/μήνα για μίσθωση 5 μήνα(μηνών) και 29 ημέρας(ημερών) με ημερομηνία έναρξης Αυγούστου 2, 2026.<br />
<br>Οι τιμές διαφέρουν ανάλογα με τη διάρκεια παραμονής, την εποχικότητα και άλλους παράγοντες. Επισκεφθείτε τον ιστότοπό μας και εισάγετε τις ημερομηνίες διαμονής σας για να δείτε ενημερωμένες τιμές για την κράτησή σας. Η τιμή ισχύει μόνο με προκαταβολή· ενδέχεται να είναι υψηλότερη εάν πληρωθεί σε δόσεις.<br />
<br />
<b>Κλείστε αυτό το διαμέρισμα online!</b><br />
<br />
https://www.theblueground.com/p/furnished-apartments/ath-2062?utm_source=classified-4<br />
<br />
Aναβαθμίστε τη διαμονή σας με ένα πλήρως επιπλωμένο διαμέρισμα από τη Blueground:<br />
      – Επιπλωμένα σπίτια σε τιμές αντίστοιχες με τα ανεπίπλωτα<br />
      – Χωρίς κόστη εγκατάστασης ή αγοράς επίπλων - εξοικονομήστε χρόνο και χρήματα<br />
      – Έτοιμα για άμεση μετακόμιση - το μόνο που χρειάζεστε είναι η βαλίτσα σας<br />
<br />
<b>Ο χώρος</b><br><br />
Σε αυτό το ζεστό Blueground διαμέρισμα δύο υπνοδωματίων, θα βρεις ένα χώρο προσεκτικά σχεδιασμένο και πλήρως εξοπλισμένο με έπιπλα μοναδικού design και ηλεκτρικές συσκευές τελευταίας τεχνολογίας.<br />
Νιώσε όμορφα και χαλαρά στο νέο σου σπίτι κάθε στιγμή. Και όταν θα θες να διασκεδάσεις, μπορείς να βγεις και να αφεθείς στον παλμό της Αθήνας ή να φέρεις τη διασκέδαση σπίτι, με τα ασύρματα ηχεία ή τη smart TV.<br />
<br />
<b>Διαρρύθμιση δωματίων ύπνου</b><br />
    <br />
        Μονό κρεβάτι: 90 εκ.<br />
<br />
        Υπέρδιπλο κρεβάτι: 160 εκ.<br />
<br />
<b>Παροχές κτιρίου</b><br />
<br />
      Ασανσέρ<br />
      Πλυντήριο<br />
      Επιτρέπονται κατοικίδια<br />
<br />
<br />
<b>Άφιξη και συνεχής υποστήριξη πελατών</b><br><br />
Κατά τη διάρκεια της διαμονής σου, η ομάδα μας θα είναι διαθέσιμη για να σε βοηθήσει με οτιδήποτε χρειαστείς. Μέσω της ειδικής mobile εφαρμογής της Blueground έχεις συνεχή υποστήριξη, ενώ μπορείς ακόμη να προγραμματίσεις υπηρεσίες καθαρισμού, συντήρησης ή επισκευής, με το πάτημα ενός κουμπιού.",,"1",,"1","7","0","0","2026-03-13","7",,"0","yes","no","0","Αθήνα - Κέντρο (Αττική)","Γουδή (Αθήνα - Κέντρο)","1","105103","100","2011","509780",,"1",,"0","0","1","1219535182","https://m1.spitogatos.gr/359922033_1600x1200.jpg?v=20130730","https://m1.spitogatos.gr/359922048_1600x1200.jpg?v=20130730","https://m2.spitogatos.gr/359922082_1600x1200.jpg?v=20130730","https://m1.spitogatos.gr/359922114_1600x1200.jpg?v=20130730","https://m2.spitogatos.gr/359922130_1600x1200.jpg?v=20130730","https://m1.spitogatos.gr/359922168_1600x1200.jpg?v=20130730","https://m1.spitogatos.gr/359922183_1600x1200.jpg?v=20130730","https://m1.spitogatos.gr/359922195_1600x1200.jpg?v=20130730","https://m3.spitogatos.gr/359922221_1600x1200.jpg?v=20130730","https://m1.spitogatos.gr/359922249_1600x1200.jpg?v=20130730","https://m1.spitogatos.gr/359922261_1600x1200.jpg?v=20130730","https://m1.spitogatos.gr/359361657_1600x1200.jpg?v=20130730","https://m3.spitogatos.gr/359361668_1600x1200.jpg?v=20130730","https://m1.spitogatos.gr/359361678_1600x1200.jpg?v=20130730","https://m3.spitogatos.gr/359361689_1600x1200.jpg?v=20130730","https://m1.spitogatos.gr/359361702_1600x1200.jpg?v=20130730","https://m2.spitogatos.gr/359361712_1600x1200.jpg?v=20130730","https://m3.spitogatos.gr/359361725_1600x1200.jpg?v=20130730","https://m2.spitogatos.gr/359361736_1600x1200.jpg?v=20130730","https://m2.spitogatos.gr/359361751_1600x1200.jpg?v=20130730","https://m3.spitogatos.gr/359361761_1600x1200.jpg?v=20130730","https://m1.spitogatos.gr/359361774_1600x1200.jpg?v=20130730","https://m3.spitogatos.gr/359361785_1600x1200.jpg?v=20130730","https://m1.spitogatos.gr/359361795_1600x1200.jpg?v=20130730","https://m3.spitogatos.gr/359361806_1600x1200.jpg?v=20130730","0","0",,"0","37.982227","1","0","23.758284",,"0",,,"2026-08-01","0","0","0","0","1",,,"1","0","0","1","0","0","0","1050",,,"0","0","0","0","19.44",,,"1","3","6","1","1",,,,"2","0","1",,"54","0",,"Evrou 21","1","1","0","2026-03-12","https://www.spitogatos.gr/en/property/1219535182","https://nodalview.com/s/0IQNLv8gX2hQq9tH-YQ9C2","0",,"1978",,
"1","Ground Floor","no","simple","1",,,,,"0","0","0","0","2026-07-31","0","0","0","0","0","0",,"house",,,"1","<br>Σύμβουλος Ακίνητης Περιουσίας: Αλέξανδρος Σαλιλλάρης, μέλος της ομάδας - Salillaris Team - RE/MAX Δομή.<strong><br> Διατίθεται προς ενοικίαση πλήρως ανακαινισμενο και επιπλωμένο λοφτ στην καρδιά του κέντρου των αμπελοκήπων Αττικής.<br>Πρόκειτα για ένα κατάστημα 38 τ.μ το οποίο έγινε  οικιστικό μετά απο αλλαγη χρήσης και είναι άμεσα διαθέσιμο.<br>Αποτελείται από ένα πλήρως ανακαινισμένο και επιπλωμένο χώρο σαλόνι-κουζίνας με ηλεκτρικές συσκευές, μια κρεβατοκάμαρα με διπλό κρεβάτι και εντοιχισμένες ντουλάπες και ένα μπάνιο.<br>Διαθέτει πόρτα ασφαλείας και η θέρμανση και η ψύξη του πραγματοποιείται μέσω κλιματιστικού τελευταίας γενιάς.<br>Η εξαιρετική του τοποθεσία στους Αμπελόκηπους και η πλήρως ανακαινισμένη του κατάσταση το καθιστούν ιδανική επιλογή είτε για ιδιοκατοίκηση είτε για επενδυση.<br>Θα χαρουμε πολυ να σας το υποδειξουμε.<br></strong>  <br>",,,,"0","6","0","0","2026-06-15","3","4","1","yes","no","0","Αθήνα - Κέντρο (Αττική)","Γουδή (Αθήνα - Κέντρο)","1","105103","100","2011","6110","Double","4","4","0","0","1","1220122410","https://m3.spitogatos.gr/357264659_1600x1200.jpg?v=20130730","https://m3.spitogatos.gr/357264665_1600x1200.jpg?v=20130730","https://m2.spitogatos.gr/357264673_1600x1200.jpg?v=20130730","https://m1.spitogatos.gr/357264681_1600x1200.jpg?v=20130730","https://m3.spitogatos.gr/357264686_1600x1200.jpg?v=20130730","https://m2.spitogatos.gr/357264691_1600x1200.jpg?v=20130730","https://m2.spitogatos.gr/357264694_1600x1200.jpg?v=20130730","https://m1.spitogatos.gr/357264699_1600x1200.jpg?v=20130730","https://m3.spitogatos.gr/357264704_1600x1200.jpg?v=20130730","https://m2.spitogatos.gr/357264709_1600x1200.jpg?v=20130730","https://m2.spitogatos.gr/357264715_1600x1200.jpg?v=20130730","https://m3.spitogatos.gr/357264722_1600x1200.jpg?v=20130730","https://m1.spitogatos.gr/357264729_1600x1200.jpg?v=20130730","https://m3.spitogatos.gr/357264737_1600x1200.jpg?v=20130730","https://m3.spitogatos.gr/357264743_1600x1200.jpg?v=20130730","https://m1.spitogatos.gr/357264753_1600x1200.jpg?v=20130730","https://m1.spitogatos.gr/357264762_1600x1200.jpg?v=20130730","https://m2.spitogatos.gr/357264766_1600x1200.jpg?v=20130730","https://m3.spitogatos.gr/357264773_1600x1200.jpg?v=20130730","https://m2.spitogatos.gr/357264787_1600x1200.jpg?v=20130730",,,,,,"0","0","2","1","37.98904","2","1","23.768948",,"0",,,"2026-07-31","0","0","0","0","1",,,"1","0","0",,"0","0","0","560","2026-07-31 10:46:43","5","0","0","0","0","14.74","590","true","1","3","6","1","1",,"0","2","1","0","1","0","38","0",,"Λεωφόρος Μεσογείων 88, Αμπελόκηποι, Ελλάδα","1","1","0","2026-06-15","https://www.spitogatos.gr/en/property/1220122410",,"1","0","1971","G7GztZEmeg8","residential"
"1","4","no","simple","1",,,,,"0","0","0","0","2026-07-09","0","0","0","12","1","0","false","house","0","0","0","Κωδικός Ακινήτου: #12433  Αμπελόκηποι - Πεντάγωνο, Πλατεία Μαβίλη: Ενοικιάζεται πλήρως ανακαινισμένο διαμέρισμα 110 τ.μ. στον 4ο όροφο πολυκατοικίας με ασανσέρ, ιδανικό για οικογένειες ή επαγγελματίες που αναζητούν έναν ευρύχωρο, σύγχρονο και άνετο χώρο κατοικίας. Το διαμέρισμα διαθέτει δύο άνετα υπνοδωμάτια, φωτεινό και ευρύχωρο σαλόνι, ανεξάρτητη κουζίνα και δύο πλήρως λειτουργικά μπάνια, προσφέροντας υψηλό επίπεδο άνεσης και πρακτικότητας στην καθημερινότητα. Η πρόσφατη ανακαίνιση αναδεικνύει την αισθητική και τη λειτουργικότητα του ακινήτου, ενώ τα κουφώματα αλουμινίου με διπλά τζάμια, η πόρτα ασφαλείας, ο κλιματισμός και τα δάπεδα από πλακάκι και ξύλο εξασφαλίζουν άνεση, ασφάλεια και ποιοτική διαβίωση. Κατασκευής 1975, το ακίνητο βρίσκεται σε ιδιαίτερα προνομιακή τοποθεσία με άμεση πρόσβαση σε μέσα μαζικής μεταφοράς, καθώς και σε καταστήματα και υπηρεσίες που καλύπτουν κάθε καθημερινή ανάγκη. Μια εξαιρετική επιλογή για όσους επιθυμούν να συνδυάσουν την άνεση ενός μεγάλου, ανακαινισμένου διαμερίσματος με την ευκολία μιας κεντρικής και άρτια εξυπηρετούμενης περιοχής.<br><br />
 <br><br />
Τιμή 2.000€ | Κωδικός Ακινήτου: #12433<br><br />
 <br><br />
ΚΑΤΑ ΤΗΝ ΥΠΟΔΕΙΞΗ ΤΟΥ ΑΚΙΝΗΤΟΥ ΑΠΑΙΤΕΙΤΑΙ ΝΑ ΓΙΝΕΤΑΙ ΕΠΙΔΕΙΞΗ ΤΗΣ ΑΣΤΥΝΟΜΙΚΗΣ ΣΑΣ ΤΑΥΤΟΤΗΤΑΣ ΣΥΜΦΩΝΑ ΜΕ ΤΟΝ Ν.4072/11-04-2012 Φ.Ε.Κ 86Α<br /><br />ΤΑ ΣΤΟΙΧΕΙΑ ΤΩΝ ΑΚΙΝΗΤΩΝ ΕΙΝΑΙ ΚΑΤΑ ΔΗΛΩΣΗ ΤΟΥ ΙΔΙΟΚΤΗΤΗ<br /><br />ΑΚΙΝΗΤΑ ΑΠΟΚΛΕΙΣΤΙΚΗΣ ΔΙΑΘΕΣΗΣ ΜΕ ΦΩΤΟΓΡΑΦΙΕΣ ΠΟΥ ΔΙΑΧΕΙΡΙΖΕΤΑΙ Η ΕΤΑΙΡΙΑ ΜΑΣ ΘΑ ΒΡΕΙΤΕ ΣΤΗΝ ΙΣΤΟΣΕΛΙΔΑ ΜΑΣ<br /><br /> ►WEBSITE: www.tzelihome.gr<br /><br /> ✔ ΓΙΑ ΤΗΝ ΚΑΛΥΤΕΡΗ ΕΞΥΠΗΡΕΤΗΣΗ ΣΑΣ ΧΡΗΣΙΜΟΠΟΙΕΙΣΤΕ ΤΟΝ ΚΩΔΙΚΟ ΑΚΙΝΗΤΟΥ ΠΟΥ ΑΝΑΓΡΑΦΕΤΑΙ ΣΤΗΝ ΠΕΡΙΓΡΑΦΗ<br /> ✔ Η ΔΙΕΥΘΥΝΣΗ ΣΤΟΝ ΧΑΡΤΗ ΕΧΕΙ ΤΟΠΟΘΕΤΗΘΕΙ ΚΑΤΑ ΠΡΟΣΕΓΓΙΣΗ<br /> ✔ ΟΙ ΑΚΡΙΒΕΙΣ ΠΛΗΡΟΦΟΡΙΕΣ ΤΗΣ ΔΙΕΥΘΥΝΣΗΣ ΠΑΡΕΧΟΝΤΑΙ ΣΤΗΝ ΥΠΟΔΕΙΞΗ ΤΟΥ ΑΚΙΝΗΤΟΥ<br /><br /> ΜΕΣΙΤΙΚΟ ΓΡΑΦΕΙΟ TZELI HOME<br /> ΥΜΗΤΤΟΥ 41 , ΚΑΙΣΑΡΙΑΝΗ , ΤΚ 16121<br /><br /> ΕΠΙΚΟΙΝΩΝΗΣΤΕ ΜΑΖΙ ΜΑΣ:<br /> ►WEBSITE : www.tzelihome.gr<br /> ►E-MAIL : tzelihome@gmail.com<br /> ►ΚΙΝΗΤΟ : 6906.062.919 <br /> ►ΤΗΛΕΦΩΝΟ : 211.001.4573 & 211.001.4574<br>","8500",,"0","1","6","0","0","2026-07-09","9","10","0","no","no","0","Αθήνα - Κέντρο (Αττική)","Γουδή (Αθήνα - Κέντρο)","1","105103","100","2011","509780","Double","1","4","0","0","1","1220342039","https://m1.spitogatos.gr/363714345_1600x1200.jpg?v=20130730","https://m3.spitogatos.gr/363714350_1600x1200.jpg?v=20130730","https://m2.spitogatos.gr/363714355_1600x1200.jpg?v=20130730","https://m3.spitogatos.gr/363714359_1600x1200.jpg?v=20130730","https://m3.spitogatos.gr/363714365_1600x1200.jpg?v=20130730","https://m1.spitogatos.gr/363714369_1600x1200.jpg?v=20130730","https://m2.spitogatos.gr/363714373_1600x1200.jpg?v=20130730","https://m2.spitogatos.gr/363714379_1600x1200.jpg?v=20130730","https://m2.spitogatos.gr/363714388_1600x1200.jpg?v=20130730","https://m1.spitogatos.gr/363714393_1600x1200.jpg?v=20130730","https://m1.spitogatos.gr/363714396_1600x1200.jpg?v=20130730","https://m3.spitogatos.gr/363714401_1600x1200.jpg?v=20130730","https://m3.spitogatos.gr/363714404_1600x1200.jpg?v=20130730","https://m3.spitogatos.gr/363714410_1600x1200.jpg?v=20130730","https://m3.spitogatos.gr/363714419_1600x1200.jpg?v=20130730","https://m3.spitogatos.gr/363714425_1600x1200.jpg?v=20130730","https://m2.spitogatos.gr/363714433_1600x1200.jpg?v=20130730","https://m3.spitogatos.gr/363714437_1600x1200.jpg?v=20130730","https://m2.spitogatos.gr/363714442_1600x1200.jpg?v=20130730","https://m3.spitogatos.gr/363714446_1600x1200.jpg?v=20130730","https://m1.spitogatos.gr/363714450_1600x1200.jpg?v=20130730","https://m1.spitogatos.gr/363714453_1600x1200.jpg?v=20130730","https://m2.spitogatos.gr/363714457_1600x1200.jpg?v=20130730","https://m3.spitogatos.gr/363714461_1600x1200.jpg?v=20130730","https://m3.spitogatos.gr/363714464_1600x1200.jpg?v=20130730","0","0","2","1","37.981304","1","1","23.756956",,"0","0","0","2026-07-29","0","0","0","0","2",,"3","0","0","0",,"0","0","0","2000",,,"0","0","0","0","18.18",,,"1","3","6","1","1","2026","0","1","2","0","1","0","110","0",,,"0","1","0","2026-07-09","https://www.spitogatos.gr/en/property/1220342039",,"0",,"1975","OLq50xFmp-I","residential"
"1","1","no","simple","1",,,,,"0","0","0","0","2026-06-13","0","0","1","12","0","0","false","house","0","28","0","Κωδικός Ακινήτου: #12094  Γουδή, Ιατρική Σχολή: Ενοικιάζεται ευρύχωρο και φωτεινό διαμέρισμα 80 τ.μ. στον 1ο όροφο πολυκατοικίας με ανελκυστήρα, σε ιδιαίτερα εξυπηρετική τοποθεσία με άμεση πρόσβαση σε μέσα μαζικής μεταφοράς, καταστήματα και υπηρεσίες καθημερινής εξυπηρέτησης. Το ακίνητο διαθέτει λειτουργική διαρρύθμιση και αποτελείται από δύο άνετα υπνοδωμάτια, ευρύχωρο σαλόνι, ξεχωριστή κουζίνα και μπάνιο, προσφέροντας άνεση και πρακτικότητα για οικογένειες, ζευγάρια ή εργαζόμενους. Είναι φρεσκοβαμμένο και ιδιαίτερα περιποιημένο, ενώ τα δάπεδα από μωσαϊκό και ξύλο προσδίδουν διαχρονικό χαρακτήρα και ζεστή ατμόσφαιρα στους χώρους. Διαθέτει κεντρική θέρμανση πετρελαίου και κλιματισμό για άνετες συνθήκες διαβίωσης καθ’ όλη τη διάρκεια του χρόνου. Επιπλέον, το πατάρι αποθήκευσης προσφέρει πολύτιμο επιπλέον χώρο για την οργάνωση και αποθήκευση προσωπικών αντικειμένων. Μια εξαιρετική επιλογή για όσους αναζητούν ένα άνετο και λειτουργικό σπίτι σε προνομιακό σημείο της πόλης.<br><br />
 <br><br />
Τιμή 740€ | Κωδικός Ακινήτου: #12094<br><br />
 <br><br />
<br /> ΚΑΤΑ ΤΗΝ ΥΠΟΔΕΙΞΗ ΤΟΥ ΑΚΙΝΗΤΟΥ ΑΠΑΙΤΕΙΤΑΙ ΝΑ ΓΙΝΕΤΑΙ ΕΠΙΔΕΙΞΗ ΤΗΣ ΑΣΤΥΝΟΜΙΚΗΣ ΣΑΣ ΤΑΥΤΟΤΗΤΑΣ ΣΥΜΦΩΝΑ ΜΕ ΤΟΝ Ν.4072/11-04-2012 Φ.Ε.Κ 86Α<br /><br />ΤΑ ΣΤΟΙΧΕΙΑ ΤΩΝ ΑΚΙΝΗΤΩΝ ΕΙΝΑΙ ΚΑΤΑ ΔΗΛΩΣΗ ΤΟΥ ΙΔΙΟΚΤΗΤΗ<br /><br />ΑΚΙΝΗΤΑ ΑΠΟΚΛΕΙΣΤΙΚΗΣ ΔΙΑΘΕΣΗΣ ΜΕ ΦΩΤΟΓΡΑΦΙΕΣ ΠΟΥ ΔΙΑΧΕΙΡΙΖΕΤΑΙ Η ΕΤΑΙΡΙΑ ΜΑΣ ΘΑ ΒΡΕΙΤΕ ΣΤΗΝ ΙΣΤΟΣΕΛΙΔΑ ΜΑΣ<br /><br /> ►WEBSITE: www.tzelihome.gr<br /><br /> ✔ ΓΙΑ ΤΗΝ ΚΑΛΥΤΕΡΗ ΕΞΥΠΗΡΕΤΗΣΗ ΣΑΣ ΧΡΗΣΙΜΟΠΟΙΕΙΣΤΕ ΤΟΝ ΚΩΔΙΚΟ ΑΚΙΝΗΤΟΥ ΠΟΥ ΑΝΑΓΡΑΦΕΤΑΙ ΣΤΗΝ ΠΕΡΙΓΡΑΦΗ<br /> ✔ Η ΔΙΕΥΘΥΝΣΗ ΣΤΟΝ ΧΑΡΤΗ ΕΧΕΙ ΤΟΠΟΘΕΤΗΘΕΙ ΚΑΤΑ ΠΡΟΣΕΓΓΙΣΗ<br /> ✔ ΟΙ ΑΚΡΙΒΕΙΣ ΠΛΗΡΟΦΟΡΙΕΣ ΤΗΣ ΔΙΕΥΘΥΝΣΗΣ ΠΑΡΕΧΟΝΤΑΙ ΣΤΗΝ ΥΠΟΔΕΙΞΗ ΤΟΥ ΑΚΙΝΗΤΟΥ<br /><br /> ΜΕΣΙΤΙΚΟ ΓΡΑΦΕΙΟ TZELI HOME<br /> ΥΜΗΤΤΟΥ 41 , ΚΑΙΣΑΡΙΑΝΗ , ΤΚ 16121<br /><br /> ΕΠΙΚΟΙΝΩΝΗΣΤΕ ΜΑΖΙ ΜΑΣ:<br /> ►WEBSITE : www.tzelihome.gr<br /> ►E-MAIL : tzelihome@gmail.com<br /> ►ΚΙΝΗΤΟ : 6906.062.919 <br /> ►ΤΗΛΕΦΩΝΟ : 211.001.4573 & 211.001.4574<br>","8500",,"0","1","8","0","0","2026-06-13","6","11","0","no","no","0","Αθήνα - Κέντρο (Αττική)","Γουδή (Αθήνα - Κέντρο)","1","105103","100","2011","6110","Single","2","1","0","0","1","1220115774","https://m2.spitogatos.gr/357145651_1600x1200.jpg?v=20130730","https://m1.spitogatos.gr/357145656_1600x1200.jpg?v=20130730","https://m3.spitogatos.gr/357145661_1600x1200.jpg?v=20130730","https://m1.spitogatos.gr/357145668_1600x1200.jpg?v=20130730","https://m2.spitogatos.gr/357145678_1600x1200.jpg?v=20130730","https://m3.spitogatos.gr/357145685_1600x1200.jpg?v=20130730","https://m3.spitogatos.gr/357145691_1600x1200.jpg?v=20130730","https://m3.spitogatos.gr/357145703_1600x1200.jpg?v=20130730","https://m3.spitogatos.gr/357145706_1600x1200.jpg?v=20130730","https://m1.spitogatos.gr/357145710_1600x1200.jpg?v=20130730","https://m3.spitogatos.gr/357145712_1600x1200.jpg?v=20130730","https://m2.spitogatos.gr/357145714_1600x1200.jpg?v=20130730","https://m3.spitogatos.gr/357145715_1600x1200.jpg?v=20130730","https://m2.spitogatos.gr/357145723_1600x1200.jpg?v=20130730","https://m3.spitogatos.gr/357145727_1600x1200.jpg?v=20130730","https://m2.spitogatos.gr/357145729_1600x1200.jpg?v=20130730","https://m2.spitogatos.gr/357145732_1600x1200.jpg?v=20130730","https://m1.spitogatos.gr/357145734_1600x1200.jpg?v=20130730","https://m1.spitogatos.gr/357145740_1600x1200.jpg?v=20130730","https://m1.spitogatos.gr/357145746_1600x1200.jpg?v=20130730","https://m1.spitogatos.gr/357145749_1600x1200.jpg?v=20130730","https://m3.spitogatos.gr/357145754_1600x1200.jpg?v=20130730","https://m3.spitogatos.gr/357145760_1600x1200.jpg?v=20130730","https://m2.spitogatos.gr/357145768_1600x1200.jpg?v=20130730","https://m1.spitogatos.gr/357145779_1600x1200.jpg?v=20130730","0","0","1","1","37.985504","1","1","23.767212",,"0","0","0","2026-06-13","0","0","0","0","1",,"3","1","0","0",,"0","0","0","740",,,"0","0","0","0","9.25",,,"1","3","6","1","0",,"0","1","2","0","0","0","80","0",,,"0","1","0","2026-06-13","https://www.spitogatos.gr/en/property/1220115774",,"0",,"1980","3i_tbnvwaY8","residential"
"1","Ground Floor","no","simple","1",,,,,"0","0","0","0","2026-06-29","0","1","0","1","1","0","false","house","0","0","0","Κωδικός Ακινήτου: #12266 | Γουδή, Άγιος Θωμάς: Ενοικιάζεται πλήρως ανακαινισμένο studio 26τ.μ. σε ισόγειο, σε εξαιρετική τοποθεσία, ιδανικό για φοιτητές ή επαγγελματίες. Το studio αποτελείται από έναν άνετο υπνοδωμάτιο, πλήρως εξοπλισμένη κουζίνα και μπάνιο, προσφέροντας όλες τις ανέσεις για μια άνετη διαμονή. Κατασκευασμένο το 1970, το studio έχει ανακαινιστεί πρόσφατα και είναι πλήρως επιπλωμένο με μοντέρνα έπιπλα. Διαθέτει κουφώματα αλουμινίου με διπλά τζάμια για βελτιωμένη θερμομόνωση, πόρτα ασφαλείας για την προστασία σας και κλιματισμό για άνεση καθ' όλη τη διάρκεια του χρόνου. Τα δάπεδα είναι από πλακάκι, εύκολα στη συντήρηση και ιδανικά για καθημερινή χρήση. Επιπλέον, το studio διαθέτει τέντες και σίτες για προστασία από τον ήλιο και τα έντομα, ενώ η αυλή του προσφέρει έναν ιδιωτικό εξωτερικό χώρο για χαλάρωση και λίγη φρεσκάδα, καθιστώντας το ακόμα πιο ελκυστικό. Ιδανικό για όποιον αναζητά ένα άνετο και πρακτικό χώρο με όλες τις σύγχρονες ανέσεις, σε μια ήσυχη και προσβάσιμη περιοχή.<br><br />
 <br><br />
 <br><br />
Τιμή 450€ | Κωδικός Ακινήτου: #12266<br><br />
 <br><br />
 <br><br />
ΚΑΤΑ ΤΗΝ ΥΠΟΔΕΙΞΗ ΤΟΥ ΑΚΙΝΗΤΟΥ ΑΠΑΙΤΕΙΤΑΙ ΝΑ ΓΙΝΕΤΑΙ ΕΠΙΔΕΙΞΗ ΤΗΣ ΑΣΤΥΝΟΜΙΚΗΣ ΣΑΣ ΤΑΥΤΟΤΗΤΑΣ ΣΥΜΦΩΝΑ ΜΕ ΤΟΝ Ν.4072/11-04-2012 Φ.Ε.Κ 86Α<br /><br />ΤΑ ΣΤΟΙΧΕΙΑ ΤΩΝ ΑΚΙΝΗΤΩΝ ΕΙΝΑΙ ΚΑΤΑ ΔΗΛΩΣΗ ΤΟΥ ΙΔΙΟΚΤΗΤΗ<br /><br />ΑΚΙΝΗΤΑ ΑΠΟΚΛΕΙΣΤΙΚΗΣ ΔΙΑΘΕΣΗΣ ΜΕ ΦΩΤΟΓΡΑΦΙΕΣ ΠΟΥ ΔΙΑΧΕΙΡΙΖΕΤΑΙ Η ΕΤΑΙΡΙΑ ΜΑΣ ΘΑ ΒΡΕΙΤΕ ΣΤΗΝ ΙΣΤΟΣΕΛΙΔΑ ΜΑΣ<br /><br /> ►WEBSITE: www.tzelihome.gr<br /><br /> ✔ ΓΙΑ ΤΗΝ ΚΑΛΥΤΕΡΗ ΕΞΥΠΗΡΕΤΗΣΗ ΣΑΣ ΧΡΗΣΙΜΟΠΟΙΕΙΣΤΕ ΤΟΝ ΚΩΔΙΚΟ ΑΚΙΝΗΤΟΥ ΠΟΥ ΑΝΑΓΡΑΦΕΤΑΙ ΣΤΗΝ ΠΕΡΙΓΡΑΦΗ<br /> ✔ Η ΔΙΕΥΘΥΝΣΗ ΣΤΟΝ ΧΑΡΤΗ ΕΧΕΙ ΤΟΠΟΘΕΤΗΘΕΙ ΚΑΤΑ ΠΡΟΣΕΓΓΙΣΗ<br /> ✔ ΟΙ ΑΚΡΙΒΕΙΣ ΠΛΗΡΟΦΟΡΙΕΣ ΤΗΣ ΔΙΕΥΘΥΝΣΗΣ ΠΑΡΕΧΟΝΤΑΙ ΣΤΗΝ ΥΠΟΔΕΙΞΗ ΤΟΥ ΑΚΙΝΗΤΟΥ<br /><br /> ΜΕΣΙΤΙΚΟ ΓΡΑΦΕΙΟ TZELI HOME<br /> ΥΜΗΤΤΟΥ 41 , ΚΑΙΣΑΡΙΑΝΗ , ΤΚ 16121<br /><br /> ΕΠΙΚΟΙΝΩΝΗΣΤΕ ΜΑΖΙ ΜΑΣ:<br /> ►WEBSITE : www.tzelihome.gr<br /> ►E-MAIL : tzelihome@gmail.com<br /> ►ΚΙΝΗΤΟ : 6906.062.919 <br /> ►ΤΗΛΕΦΩΝΟ : 211.001.4573 & 211.001.4574<br>","8000",,"0","0","8","0","0","2026-06-29","3","4","0","yes","no","0","Αθήνα - Κέντρο (Αττική)","Γουδή (Αθήνα - Κέντρο)","1","105103","100","2011","6124","Double","1","4","0","0","1","1220260936","https://m1.spitogatos.gr/359779347_1600x1200.jpg?v=20130730","https://m1.spitogatos.gr/359779356_1600x1200.jpg?v=20130730","https://m1.spitogatos.gr/359779380_1600x1200.jpg?v=20130730","https://m2.spitogatos.gr/359779390_1600x1200.jpg?v=20130730","https://m1.spitogatos.gr/359779401_1600x1200.jpg?v=20130730","https://m2.spitogatos.gr/359779411_1600x1200.jpg?v=20130730","https://m3.spitogatos.gr/359779418_1600x1200.jpg?v=20130730","https://m1.spitogatos.gr/359779425_1600x1200.jpg?v=20130730","https://m2.spitogatos.gr/359779429_1600x1200.jpg?v=20130730","https://m3.spitogatos.gr/359779436_1600x1200.jpg?v=20130730","https://m3.spitogatos.gr/359779442_1600x1200.jpg?v=20130730","https://m2.spitogatos.gr/359779447_1600x1200.jpg?v=20130730","https://m2.spitogatos.gr/359779453_1600x1200.jpg?v=20130730","https://m3.spitogatos.gr/359779460_1600x1200.jpg?v=20130730","https://m3.spitogatos.gr/359779463_1600x1200.jpg?v=20130730","https://m2.spitogatos.gr/359779468_1600x1200.jpg?v=20130730","https://m2.spitogatos.gr/359779474_1600x1200.jpg?v=20130730","https://m2.spitogatos.gr/359779480_1600x1200.jpg?v=20130730","https://m1.spitogatos.gr/359779485_1600x1200.jpg?v=20130730","https://m1.spitogatos.gr/359779491_1600x1200.jpg?v=20130730","https://m3.spitogatos.gr/359779496_1600x1200.jpg?v=20130730","https://m3.spitogatos.gr/359779502_1600x1200.jpg?v=20130730","https://m1.spitogatos.gr/359779509_1600x1200.jpg?v=20130730","https://m1.spitogatos.gr/359779518_1600x1200.jpg?v=20130730","https://m1.spitogatos.gr/359779524_1600x1200.jpg?v=20130730","0","0","2","1","37.982338","1","0","23.763653",,"0","0","0","2026-07-09","0","0","0","0","1",,"3","0","0","1",,"0","0","0","450",,,"0","0","0","0","17.31",,,"1","3","6","1","1","2024","0","1","1","0","1","0","26","0",,,"0","2","0","2026-06-29","https://www.spitogatos.gr/en/property/1220260936",,"0",,"1970","uIcyw5JCrmw","residential"
"1","Upper Ground","no","simple","1",,,,,"0","0","0","0","2026-05-18","0","0","0","1","1","0","false","house","0","20","0"," <br><br />
Κωδικός Ακινήτου: #11682<br><br />
Στην περιοχή Γουδή, στον Άγιο Θωμά, διατίθεται προς ενοικίαση πλήρως ανακαινισμένο studio 35 τ.μ., προσόψεως, σε ημιώροφο, ιδανικό για φοιτητές, εργαζόμενους ή όσους αναζητούν μια σύγχρονη και λειτουργική κατοικία σε ιδιαίτερα εξυπηρετική τοποθεσία κοντά στο κέντρο και σε μέσα μεταφοράς. Το ακίνητο διαθέτει άνετο χώρο υπνοδωματίου, λειτουργική κουζίνα και ανακαινισμένο μπάνιο, ενώ η προσεγμένη διαρρύθμιση αξιοποιεί ιδανικά κάθε σημείο του διαμερίσματος, δημιουργώντας ένα ευχάριστο και πρακτικό περιβάλλον διαβίωσης. Κατασκευής 1965 και πλήρως ανανεωμένο, παραδίδεται βαμμένο και εξοπλισμένο με κουφώματα αλουμινίου με διπλά τζάμια, πόρτα ασφαλείας, κλιματισμό και σίτες, προσφέροντας άνεση και ασφάλεια στην καθημερινότητα. Τα δάπεδα από πλακάκι και ξύλο χαρίζουν ζεστή αισθητική στον χώρο, ενώ το πατάρι αποθήκευσης προσθέτει επιπλέον λειτουργικότητα. Η κεντρική θέρμανση φυσικού αερίου εξασφαλίζει οικονομική και αποτελεσματική θέρμανση, ενώ επιτρέπονται τα κατοικίδια, καθιστώντας το ιδανική επιλογή και για pet owners.<br><br />
 <br><br />
Τιμή ενοικίασης: 500€ | Κωδικός Ακινήτου: #11682<br><br />
ΚΑΤΑ ΤΗΝ ΥΠΟΔΕΙΞΗ ΤΟΥ ΑΚΙΝΗΤΟΥ ΑΠΑΙΤΕΙΤΑΙ ΝΑ ΓΙΝΕΤΑΙ ΕΠΙΔΕΙΞΗ ΤΗΣ ΑΣΤΥΝΟΜΙΚΗΣ ΣΑΣ ΤΑΥΤΟΤΗΤΑΣ ΣΥΜΦΩΝΑ ΜΕ ΤΟΝ Ν.4072/11-04-2012 Φ.Ε.Κ 86Α<br /><br />ΤΑ ΣΤΟΙΧΕΙΑ ΤΩΝ ΑΚΙΝΗΤΩΝ ΕΙΝΑΙ ΚΑΤΑ ΔΗΛΩΣΗ ΤΟΥ ΙΔΙΟΚΤΗΤΗ<br /><br />ΑΚΙΝΗΤΑ ΑΠΟΚΛΕΙΣΤΙΚΗΣ ΔΙΑΘΕΣΗΣ ΜΕ ΦΩΤΟΓΡΑΦΙΕΣ ΠΟΥ ΔΙΑΧΕΙΡΙΖΕΤΑΙ Η ΕΤΑΙΡΙΑ ΜΑΣ ΘΑ ΒΡΕΙΤΕ ΣΤΗΝ ΙΣΤΟΣΕΛΙΔΑ ΜΑΣ<br /><br /> ►WEBSITE: www.tzelihome.gr<br /><br /> ✔ ΓΙΑ ΤΗΝ ΚΑΛΥΤΕΡΗ ΕΞΥΠΗΡΕΤΗΣΗ ΣΑΣ ΧΡΗΣΙΜΟΠΟΙΕΙΣΤΕ ΤΟΝ ΚΩΔΙΚΟ ΑΚΙΝΗΤΟΥ ΠΟΥ ΑΝΑΓΡΑΦΕΤΑΙ ΣΤΗΝ ΠΕΡΙΓΡΑΦΗ<br /> ✔ Η ΔΙΕΥΘΥΝΣΗ ΣΤΟΝ ΧΑΡΤΗ ΕΧΕΙ ΤΟΠΟΘΕΤΗΘΕΙ ΚΑΤΑ ΠΡΟΣΕΓΓΙΣΗ<br /> ✔ ΟΙ ΑΚΡΙΒΕΙΣ ΠΛΗΡΟΦΟΡΙΕΣ ΤΗΣ ΔΙΕΥΘΥΝΣΗΣ ΠΑΡΕΧΟΝΤΑΙ ΣΤΗΝ ΥΠΟΔΕΙΞΗ ΤΟΥ ΑΚΙΝΗΤΟΥ<br /><br /> ΜΕΣΙΤΙΚΟ ΓΡΑΦΕΙΟ TZELI HOME<br /> ΥΜΗΤΤΟΥ 41 , ΚΑΙΣΑΡΙΑΝΗ , ΤΚ 16121<br /><br /> ΕΠΙΚΟΙΝΩΝΗΣΤΕ ΜΑΖΙ ΜΑΣ:<br /> ►WEBSITE : www.tzelihome.gr<br /> ►E-MAIL : tzelihome@gmail.com<br /> ►ΚΙΝΗΤΟ : 6906.062.919 <br /> ►ΤΗΛΕΦΩΝΟ : 211.001.4573 & 211.001.4574<br>","8000",,"0","0","7","1","0","2026-05-18","4","10","0","no","no","0","Αθήνα - Κέντρο (Αττική)","Γουδή (Αθήνα - Κέντρο)","1","105103","100","2011","6124","Double","2","2","0","0","1","1219906379","https://m1.spitogatos.gr/353835594_1600x1200.jpg?v=20130730","https://m2.spitogatos.gr/353835595_1600x1200.jpg?v=20130730","https://m1.spitogatos.gr/353835597_1600x1200.jpg?v=20130730","https://m3.spitogatos.gr/353835599_1600x1200.jpg?v=20130730","https://m1.spitogatos.gr/353835600_1600x1200.jpg?v=20130730","https://m2.spitogatos.gr/353835601_1600x1200.jpg?v=20130730","https://m1.spitogatos.gr/353835603_1600x1200.jpg?v=20130730","https://m2.spitogatos.gr/353835604_1600x1200.jpg?v=20130730","https://m1.spitogatos.gr/353835606_1600x1200.jpg?v=20130730","https://m2.spitogatos.gr/353835607_1600x1200.jpg?v=20130730","https://m3.spitogatos.gr/353835608_1600x1200.jpg?v=20130730","https://m1.spitogatos.gr/353835609_1600x1200.jpg?v=20130730","https://m3.spitogatos.gr/353835611_1600x1200.jpg?v=20130730","https://m1.spitogatos.gr/353835612_1600x1200.jpg?v=20130730","https://m3.spitogatos.gr/353835614_1600x1200.jpg?v=20130730","https://m1.spitogatos.gr/353835615_1600x1200.jpg?v=20130730","https://m3.spitogatos.gr/353835617_1600x1200.jpg?v=20130730","https://m2.spitogatos.gr/353835619_1600x1200.jpg?v=20130730","https://m1.spitogatos.gr/353835621_1600x1200.jpg?v=20130730","https://m3.spitogatos.gr/353835623_1600x1200.jpg?v=20130730","https://m3.spitogatos.gr/353835626_1600x1200.jpg?v=20130730","https://m3.spitogatos.gr/353835629_1600x1200.jpg?v=20130730","https://m1.spitogatos.gr/353835633_1600x1200.jpg?v=20130730","https://m1.spitogatos.gr/353835636_1600x1200.jpg?v=20130730","https://m2.spitogatos.gr/353835640_1600x1200.jpg?v=20130730","0","0","2","1","37.982849","1","0","23.762957",,"0","0","0","2026-07-13","0","0","0","0","1",,"11","1","0","1","1","0","0","0","500",,,"0","0","0","0","14.29",,,"1","3","6","1","1","2026","0","1","1","0","1","0","35","0",,,"0","2","0","2026-05-18","https://www.spitogatos.gr/en/property/1219906379",,"0",,"1965","bZMm6rUwQW0","residential"
"1","Lower Ground","no","simple","1",,,,,"0","0","0","0","2026-03-17","0","0","0","1","1","0","false","house","0","30","0","Κωδικός Ακινήτου: #10906<br><br />
Στα Ιλίσια και συγκεκριμένα στην περιοχή Κάτω Ιλίσια, διατίθεται προς ενοικίαση πλήρως ανακαινισμένο studio 32 τ.μ., σε ημιυπόγειο, ιδανικό για άνετη και πρακτική διαβίωση. Το ακίνητο αποτελείται από έναν ενιαίο χώρο που περιλαμβάνει υπνοδωμάτιο και κουζίνα, καθώς και μπάνιο, ενώ είναι πρόσφατα βαμμένο και σε εξαιρετική κατάσταση. Η πολυκατοικία είναι κατασκευής 1985 και το studio διαθέτει κεντρική θέρμανση φυσικού αερίου, κλιματισμό και σύγχρονες παροχές, όπως κουφώματα αλουμινίου με διπλά τζάμια, πόρτα ασφαλείας, ηλεκτρικά ρολά και δάπεδα από πλακάκι που προσφέρουν ανθεκτικότητα και ευκολία στη συντήρηση. Επιπλέον, διαθέτει αυλή, προσφέροντας έναν ευχάριστο εξωτερικό χώρο, ενώ επιτρέπονται τα κατοικίδια, γεγονός που το καθιστά ιδανική επιλογή και για ιδιοκτήτες κατοικιδίων. Βρίσκεται σε εξαιρετική τοποθεσία, πολύ κοντά στο κέντρο και σε μέσα μαζικής μεταφοράς, με εύκολη πρόσβαση σε όλες τις καθημερινές ανάγκες.<br><br />
 <br><br />
Τιμή ενοικίασης 550€ | Κωδικός Ακινήτου: #10906.<br><br />
 <br><br />
ΚΑΤΑ ΤΗΝ ΥΠΟΔΕΙΞΗ ΤΟΥ ΑΚΙΝΗΤΟΥ ΑΠΑΙΤΕΙΤΑΙ ΝΑ ΓΙΝΕΤΑΙ ΕΠΙΔΕΙΞΗ ΤΗΣ ΑΣΤΥΝΟΜΙΚΗΣ ΣΑΣ ΤΑΥΤΟΤΗΤΑΣ ΣΥΜΦΩΝΑ ΜΕ ΤΟΝ Ν.4072/11-04-2012 Φ.Ε.Κ 86Α<br /><br />ΤΑ ΣΤΟΙΧΕΙΑ ΤΩΝ ΑΚΙΝΗΤΩΝ ΕΙΝΑΙ ΚΑΤΑ ΔΗΛΩΣΗ ΤΟΥ ΙΔΙΟΚΤΗΤΗ<br /><br />ΑΚΙΝΗΤΑ ΑΠΟΚΛΕΙΣΤΙΚΗΣ ΔΙΑΘΕΣΗΣ ΜΕ ΦΩΤΟΓΡΑΦΙΕΣ ΠΟΥ ΔΙΑΧΕΙΡΙΖΕΤΑΙ Η ΕΤΑΙΡΙΑ ΜΑΣ ΘΑ ΒΡΕΙΤΕ ΣΤΗΝ ΙΣΤΟΣΕΛΙΔΑ ΜΑΣ<br /><br /> ►WEBSITE: www.tzelihome.gr<br /><br /> ✔ ΓΙΑ ΤΗΝ ΚΑΛΥΤΕΡΗ ΕΞΥΠΗΡΕΤΗΣΗ ΣΑΣ ΧΡΗΣΙΜΟΠΟΙΕΙΣΤΕ ΤΟΝ ΚΩΔΙΚΟ ΑΚΙΝΗΤΟΥ ΠΟΥ ΑΝΑΓΡΑΦΕΤΑΙ ΣΤΗΝ ΠΕΡΙΓΡΑΦΗ<br /> ✔ Η ΔΙΕΥΘΥΝΣΗ ΣΤΟΝ ΧΑΡΤΗ ΕΧΕΙ ΤΟΠΟΘΕΤΗΘΕΙ ΚΑΤΑ ΠΡΟΣΕΓΓΙΣΗ<br /> ✔ ΟΙ ΑΚΡΙΒΕΙΣ ΠΛΗΡΟΦΟΡΙΕΣ ΤΗΣ ΔΙΕΥΘΥΝΣΗΣ ΠΑΡΕΧΟΝΤΑΙ ΣΤΗΝ ΥΠΟΔΕΙΞΗ ΤΟΥ ΑΚΙΝΗΤΟΥ<br /><br /> ΜΕΣΙΤΙΚΟ ΓΡΑΦΕΙΟ TZELI HOME<br /> ΥΜΗΤΤΟΥ 41 , ΚΑΙΣΑΡΙΑΝΗ , ΤΚ 16121<br /><br /> ΕΠΙΚΟΙΝΩΝΗΣΤΕ ΜΑΖΙ ΜΑΣ:<br /> ►WEBSITE : www.tzelihome.gr<br /> ►E-MAIL : tzelihome@gmail.com<br /> ►ΚΙΝΗΤΟ : 6906.062.919 <br /> ►ΤΗΛΕΦΩΝΟ : 211.001.4573 & 211.001.4574<br>","8000",,"0","0","7","0","0","2026-03-17","2","4","0","no","no","0","Αθήνα - Κέντρο (Αττική)","Γουδή (Αθήνα - Κέντρο)","1","105103","100","2011","6124","Double","2","2","0","0","1","1219562827","https://m2.spitogatos.gr/348007249_1600x1200.jpg?v=20130730","https://m1.spitogatos.gr/348007251_1600x1200.jpg?v=20130730","https://m2.spitogatos.gr/348007255_1600x1200.jpg?v=20130730","https://m2.spitogatos.gr/348007258_1600x1200.jpg?v=20130730","https://m2.spitogatos.gr/348007261_1600x1200.jpg?v=20130730","https://m3.spitogatos.gr/348007265_1600x1200.jpg?v=20130730","https://m3.spitogatos.gr/348007268_1600x1200.jpg?v=20130730","https://m2.spitogatos.gr/348007270_1600x1200.jpg?v=20130730","https://m2.spitogatos.gr/348007273_1600x1200.jpg?v=20130730","https://m1.spitogatos.gr/348007275_1600x1200.jpg?v=20130730","https://m2.spitogatos.gr/348007276_1600x1200.jpg?v=20130730","https://m1.spitogatos.gr/348007281_1600x1200.jpg?v=20130730","https://m3.spitogatos.gr/348007295_1600x1200.jpg?v=20130730","https://m2.spitogatos.gr/348007297_1600x1200.jpg?v=20130730","https://m3.spitogatos.gr/348007298_1600x1200.jpg?v=20130730","https://m1.spitogatos.gr/348007299_1600x1200.jpg?v=20130730","https://m2.spitogatos.gr/348007300_1600x1200.jpg?v=20130730","https://m3.spitogatos.gr/348007301_1600x1200.jpg?v=20130730","https://m1.spitogatos.gr/348007302_1600x1200.jpg?v=20130730","https://m2.spitogatos.gr/348007303_1600x1200.jpg?v=20130730","https://m3.spitogatos.gr/348007304_1600x1200.jpg?v=20130730","https://m1.spitogatos.gr/348007305_1600x1200.jpg?v=20130730","https://m2.spitogatos.gr/348007306_1600x1200.jpg?v=20130730","https://m3.spitogatos.gr/348007307_1600x1200.jpg?v=20130730","https://m1.spitogatos.gr/348007308_1600x1200.jpg?v=20130730","0","0","2","1","37.979939","1","0","23.757215",,"0","0","0","2026-06-03","0","0","0","0","1",,"11","1","0","0","1","0","0","0","550",,,"0","0","0","0","17.19",,,"1","3","6","1","1","2026","0","1","1","0","1","0","32","0",,,"0","2","0","2026-03-17","https://www.spitogatos.gr/en/property/1219562827",,"0",,"1985","_4kQtQrUW8s","residential"
"1","Upper Ground","no","simple","1",,,,,"0","0","0","0","2026-07-13","0","0","0","1","1","0","false","house","0","30","0","Κωδικός Ακινήτου: #12481  Γουδή, Άγιος Θωμάς: Διατίθεται προς ενοικίαση πλήρως ανακαινισμένο και πλήρως επιπλωμένο διαμέρισμα 70 τ.μ. σε ημιώροφο, ιδανικό για οικογένειες, ζευγάρια ή επαγγελματίες που επιθυμούν έναν άνετο και λειτουργικό χώρο κατοικίας. Το ακίνητο διαθέτει δύο ευρύχωρα υπνοδωμάτια, φωτεινό σαλόνι, ανεξάρτητη κουζίνα και μοντέρνο μπάνιο, με εργονομική διαρρύθμιση που εξυπηρετεί ιδανικά τις ανάγκες της καθημερινότητας. Κατασκευής 1970 και πλήρως ανακαινισμένο, συνδυάζει τη στιβαρή κατασκευή με σύγχρονες ανέσεις, όπως κεντρική θέρμανση φυσικού αερίου, κλιματισμό, κουφώματα αλουμινίου με διπλά ενεργειακά τζάμια, πόρτα ασφαλείας και δάπεδα από μωσαϊκό και ξύλο που προσδίδουν διαχρονικό χαρακτήρα και ζεστή αίσθηση στους χώρους. Η προνομιακή του τοποθεσία, με εύκολη πρόσβαση σε μέσα μαζικής μεταφοράς, εμπορικά καταστήματα και όλες τις απαραίτητες υπηρεσίες, το καθιστά μια εξαιρετική επιλογή για άνετη αστική διαβίωση. Επιπλέον, επιτρέπονται τα κατοικίδια, ώστε το νέο σας σπίτι να μπορεί να φιλοξενήσει και τους τετράποδους φίλους σας.<br><br />
 <br><br />
 <br><br />
Τιμή 880€ | Κωδικός Ακινήτου: #12481<br><br />
 <br><br />
ΚΑΤΑ ΤΗΝ ΥΠΟΔΕΙΞΗ ΤΟΥ ΑΚΙΝΗΤΟΥ ΑΠΑΙΤΕΙΤΑΙ ΝΑ ΓΙΝΕΤΑΙ ΕΠΙΔΕΙΞΗ ΤΗΣ ΑΣΤΥΝΟΜΙΚΗΣ ΣΑΣ ΤΑΥΤΟΤΗΤΑΣ ΣΥΜΦΩΝΑ ΜΕ ΤΟΝ Ν.4072/11-04-2012 Φ.Ε.Κ 86Α<br /><br />ΤΑ ΣΤΟΙΧΕΙΑ ΤΩΝ ΑΚΙΝΗΤΩΝ ΕΙΝΑΙ ΚΑΤΑ ΔΗΛΩΣΗ ΤΟΥ ΙΔΙΟΚΤΗΤΗ<br /><br />ΑΚΙΝΗΤΑ ΑΠΟΚΛΕΙΣΤΙΚΗΣ ΔΙΑΘΕΣΗΣ ΜΕ ΦΩΤΟΓΡΑΦΙΕΣ ΠΟΥ ΔΙΑΧΕΙΡΙΖΕΤΑΙ Η ΕΤΑΙΡΙΑ ΜΑΣ ΘΑ ΒΡΕΙΤΕ ΣΤΗΝ ΙΣΤΟΣΕΛΙΔΑ ΜΑΣ<br /><br /> ►WEBSITE: www.tzelihome.gr<br /><br /> ✔ ΓΙΑ ΤΗΝ ΚΑΛΥΤΕΡΗ ΕΞΥΠΗΡΕΤΗΣΗ ΣΑΣ ΧΡΗΣΙΜΟΠΟΙΕΙΣΤΕ ΤΟΝ ΚΩΔΙΚΟ ΑΚΙΝΗΤΟΥ ΠΟΥ ΑΝΑΓΡΑΦΕΤΑΙ ΣΤΗΝ ΠΕΡΙΓΡΑΦΗ<br /> ✔ Η ΔΙΕΥΘΥΝΣΗ ΣΤΟΝ ΧΑΡΤΗ ΕΧΕΙ ΤΟΠΟΘΕΤΗΘΕΙ ΚΑΤΑ ΠΡΟΣΕΓΓΙΣΗ<br /> ✔ ΟΙ ΑΚΡΙΒΕΙΣ ΠΛΗΡΟΦΟΡΙΕΣ ΤΗΣ ΔΙΕΥΘΥΝΣΗΣ ΠΑΡΕΧΟΝΤΑΙ ΣΤΗΝ ΥΠΟΔΕΙΞΗ ΤΟΥ ΑΚΙΝΗΤΟΥ<br /><br /> ΜΕΣΙΤΙΚΟ ΓΡΑΦΕΙΟ TZELI HOME<br /> ΥΜΗΤΤΟΥ 41 , ΚΑΙΣΑΡΙΑΝΗ , ΤΚ 16121<br /><br /> ΕΠΙΚΟΙΝΩΝΗΣΤΕ ΜΑΖΙ ΜΑΣ:<br /> ►WEBSITE : www.tzelihome.gr<br /> ►E-MAIL : tzelihome@gmail.com<br /> ►ΚΙΝΗΤΟ : 6906.062.919 <br /> ►ΤΗΛΕΦΩΝΟ : 211.001.4573 & 211.001.4574<br>","8500",,"0","0","8","0","0","2026-07-13","4","11","0","yes","no","0","Αθήνα - Κέντρο (Αττική)","Γουδή (Αθήνα - Κέντρο)","1","105103","100","2011","6124","Double","2","2","0","0","1","1220371598","https://m1.spitogatos.gr/361535712_1600x1200.jpg?v=20130730","https://m3.spitogatos.gr/361535717_1600x1200.jpg?v=20130730","https://m2.spitogatos.gr/361535761_1600x1200.jpg?v=20130730","https://m1.spitogatos.gr/361535769_1600x1200.jpg?v=20130730","https://m2.spitogatos.gr/361535773_1600x1200.jpg?v=20130730","https://m2.spitogatos.gr/361535779_1600x1200.jpg?v=20130730","https://m1.spitogatos.gr/361535796_1600x1200.jpg?v=20130730","https://m3.spitogatos.gr/361535819_1600x1200.jpg?v=20130730","https://m3.spitogatos.gr/361535825_1600x1200.jpg?v=20130730","https://m1.spitogatos.gr/361535829_1600x1200.jpg?v=20130730","https://m2.spitogatos.gr/361535848_1600x1200.jpg?v=20130730","https://m2.spitogatos.gr/361535851_1600x1200.jpg?v=20130730","https://m1.spitogatos.gr/361535859_1600x1200.jpg?v=20130730","https://m1.spitogatos.gr/361535883_1600x1200.jpg?v=20130730","https://m3.spitogatos.gr/361535888_1600x1200.jpg?v=20130730","https://m2.spitogatos.gr/361535911_1600x1200.jpg?v=20130730","https://m1.spitogatos.gr/361535922_1600x1200.jpg?v=20130730","https://m2.spitogatos.gr/361535929_1600x1200.jpg?v=20130730","https://m1.spitogatos.gr/361535934_1600x1200.jpg?v=20130730","https://m1.spitogatos.gr/361535937_1600x1200.jpg?v=20130730","https://m2.spitogatos.gr/361535941_1600x1200.jpg?v=20130730","https://m3.spitogatos.gr/361535960_1600x1200.jpg?v=20130730","https://m3.spitogatos.gr/361535984_1600x1200.jpg?v=20130730","https://m3.spitogatos.gr/361535996_1600x1200.jpg?v=20130730",,"0","0","2","1","37.980637","1","1","23.758926",,"0","0","0","2026-07-13","0","0","0","0","1",,"10","0","0","0","1","0","0","0","880",,,"0","0","0","0","12.57",,,"1","3","6","1","1","2020","0","1","2","0","1","0","70","0",,,"0","1","0","2026-07-13","https://www.spitogatos.gr/en/property/1220371598",,"0",,"1970","OeCx277hT2Q","residential"
"1","Ground Floor","no","simple","1",,,,,"0","1","0","0","2026-05-28","0","0","0","1","1","0","false","house","0","10","0"," Κωδικός Ακινήτου: #11851  -  Γουδή, Νοσοκομείο Παίδων:  Ενοικιάζεται πλήρως ανακαινισμένο και πλήρως επιπλωμένο και εξοπλισμένο διαμέρισμα 50 τ.μ. σε ισόγειο και συγκεκριμένα διαθέτει: ηλεκτρική κουζίνα, ψυγείο, πλυντήριο-στεγνωτήριο,  τηλεόραση 40' ( όλες οι συσκευές είναι καινούριες με εγγύηση αντιπροσωπείας), διπλό κρεβάτι, καναπέ, τραπέζι κουζίνας με καρέκλες. Είναι ιδανικό για όσους αναζητούν έναν σύγχρονο και άνετο χώρο κατοικίας με άμεση πρόσβαση σε όλα τα σημεία της πόλης. Το ακίνητο αποτελείται από ένα φωτεινό υπνοδωμάτιο, άνετο σαλόνι, λειτουργική κουζίνα και μοντέρνο μπάνιο, ενώ η προσεγμένη ανακαίνιση και ο εξοπλισμός του εξασφαλίζουν υψηλό επίπεδο άνεσης και αισθητικής. Κατασκευής 1972, διαθέτει κουφώματα αλουμινίου με διπλά τζάμια, πόρτα ασφαλείας, κλιματισμό, συναγερμό, ηλιακό θερμοσίφωνα και ηλεκτρικά ρολά, προσφέροντας ασφάλεια, οικονομία και ευκολία στην καθημερινότητα. Τα δάπεδα από πλακάκι ενισχύουν τη λειτουργικότητα και τη μοντέρνα εικόνα του χώρου, ενώ τα ελάχιστα μηνιαία κοινόχρηστα αποτελούν σημαντικό επιπλέον πλεονέκτημα. Βρίσκεται κοντά σε μέσα μαζικής μεταφοράς και σε σημεία καθημερινής εξυπηρέτησης, αποτελώντας εξαιρετική επιλογή για άνετη αστική διαβίωση.<br><br />
 <br><br />
Τιμή 700€ | Κωδικός Ακινήτου: #11851<br><br />
 <br><br />
ΚΑΤΑ ΤΗΝ ΥΠΟΔΕΙΞΗ ΤΟΥ ΑΚΙΝΗΤΟΥ ΑΠΑΙΤΕΙΤΑΙ ΝΑ ΓΙΝΕΤΑΙ ΕΠΙΔΕΙΞΗ ΤΗΣ ΑΣΤΥΝΟΜΙΚΗΣ ΣΑΣ ΤΑΥΤΟΤΗΤΑΣ ΣΥΜΦΩΝΑ ΜΕ ΤΟΝ Ν.4072/11-04-2012 Φ.Ε.Κ 86Α<br /><br />ΤΑ ΣΤΟΙΧΕΙΑ ΤΩΝ ΑΚΙΝΗΤΩΝ ΕΙΝΑΙ ΚΑΤΑ ΔΗΛΩΣΗ ΤΟΥ ΙΔΙΟΚΤΗΤΗ<br /><br />ΑΚΙΝΗΤΑ ΑΠΟΚΛΕΙΣΤΙΚΗΣ ΔΙΑΘΕΣΗΣ ΜΕ ΦΩΤΟΓΡΑΦΙΕΣ ΠΟΥ ΔΙΑΧΕΙΡΙΖΕΤΑΙ Η ΕΤΑΙΡΙΑ ΜΑΣ ΘΑ ΒΡΕΙΤΕ ΣΤΗΝ ΙΣΤΟΣΕΛΙΔΑ ΜΑΣ<br /><br /> ►WEBSITE: www.tzelihome.gr<br /><br /> ✔ ΓΙΑ ΤΗΝ ΚΑΛΥΤΕΡΗ ΕΞΥΠΗΡΕΤΗΣΗ ΣΑΣ ΧΡΗΣΙΜΟΠΟΙΕΙΣΤΕ ΤΟΝ ΚΩΔΙΚΟ ΑΚΙΝΗΤΟΥ ΠΟΥ ΑΝΑΓΡΑΦΕΤΑΙ ΣΤΗΝ ΠΕΡΙΓΡΑΦΗ<br /> ✔ Η ΔΙΕΥΘΥΝΣΗ ΣΤΟΝ ΧΑΡΤΗ ΕΧΕΙ ΤΟΠΟΘΕΤΗΘΕΙ ΚΑΤΑ ΠΡΟΣΕΓΓΙΣΗ<br /> ✔ ΟΙ ΑΚΡΙΒΕΙΣ ΠΛΗΡΟΦΟΡΙΕΣ ΤΗΣ ΔΙΕΥΘΥΝΣΗΣ ΠΑΡΕΧΟΝΤΑΙ ΣΤΗΝ ΥΠΟΔΕΙΞΗ ΤΟΥ ΑΚΙΝΗΤΟΥ<br /><br /> ΜΕΣΙΤΙΚΟ ΓΡΑΦΕΙΟ TZELI HOME<br /> ΥΜΗΤΤΟΥ 41 , ΚΑΙΣΑΡΙΑΝΗ , ΤΚ 16121<br /><br /> ΕΠΙΚΟΙΝΩΝΗΣΤΕ ΜΑΖΙ ΜΑΣ:<br /> ►WEBSITE : www.tzelihome.gr<br /> ►E-MAIL : tzelihome@gmail.com<br /> ►ΚΙΝΗΤΟ : 6906.062.919 <br /> ►ΤΗΛΕΦΩΝΟ : 211.001.4573 & 211.001.4574<br>","8500",,"0","0","8","0","0","2026-05-28","3","4","0","yes","no","0","Αθήνα - Κέντρο (Αττική)","Γουδή (Αθήνα - Κέντρο)","1","105103","100","2011","6110","Double","1","4","0","0","1","1219971124","https://m1.spitogatos.gr/362920599_1600x1200.jpg?v=20130730","https://m2.spitogatos.gr/362920603_1600x1200.jpg?v=20130730","https://m1.spitogatos.gr/362920605_1600x1200.jpg?v=20130730","https://m1.spitogatos.gr/362920608_1600x1200.jpg?v=20130730","https://m3.spitogatos.gr/362920610_1600x1200.jpg?v=20130730","https://m3.spitogatos.gr/362920613_1600x1200.jpg?v=20130730","https://m3.spitogatos.gr/362920616_1600x1200.jpg?v=20130730","https://m3.spitogatos.gr/362920619_1600x1200.jpg?v=20130730","https://m1.spitogatos.gr/362920623_1600x1200.jpg?v=20130730","https://m3.spitogatos.gr/362920625_1600x1200.jpg?v=20130730","https://m2.spitogatos.gr/362920627_1600x1200.jpg?v=20130730","https://m3.spitogatos.gr/362920631_1600x1200.jpg?v=20130730","https://m2.spitogatos.gr/362920633_1600x1200.jpg?v=20130730","https://m2.spitogatos.gr/362920639_1600x1200.jpg?v=20130730","https://m1.spitogatos.gr/362920644_1600x1200.jpg?v=20130730","https://m3.spitogatos.gr/362920649_1600x1200.jpg?v=20130730","https://m1.spitogatos.gr/362920653_1600x1200.jpg?v=20130730","https://m3.spitogatos.gr/362920658_1600x1200.jpg?v=20130730","https://m3.spitogatos.gr/362920661_1600x1200.jpg?v=20130730","https://m1.spitogatos.gr/362920668_1600x1200.jpg?v=20130730","https://m1.spitogatos.gr/362920671_1600x1200.jpg?v=20130730","https://m1.spitogatos.gr/362920677_1600x1200.jpg?v=20130730","https://m1.spitogatos.gr/362920683_1600x1200.jpg?v=20130730","https://m3.spitogatos.gr/362920688_1600x1200.jpg?v=20130730",,"0","0","2","1","37.986824","1","1","23.76803",,"0","0","0","2026-07-23","0","0","0","0","1",,"3","0","0","0",,"0","0","0","700","2026-07-23 15:23:05","7","0","0","0","0","14","750","true","1","3","6","1","1","2026","0","1","1","0","1","1","50","0",,,"0","1","0","2026-05-28","https://www.spitogatos.gr/en/property/1219971124",,"0",,"1972","c_PT_BcuAco","residential"
"1","Upper Ground","no","simple","1","Αλέξιος","81463","Κοσμόπουλος","6986109593","0","0","0","0","2026-07-14","0","0","0","0","1","0",,"house","0","30","0","Διατίθεται προς ενοικίαση ανακαινισμένο διαμέρισμα 70 τ.μ., ημιορόφου, στην περιοχή Γουδή, Ιπποκράτειο. Το ακίνητο αποτελείται από δύο υπνοδωμάτια, ένα μπάνιο, μία κουζίνα και ένα άνετο σαλόνι, προσφέροντας λειτουργική και ευχάριστη διαρρύθμιση. Κατασκευάστηκε το 1970 και βρίσκεται σε πολύ καλή, ανακαινισμένη κατάσταση. Διαθέτει κεντρική θέρμανση με φυσικό αέριο, κλιματισμό, κουφώματα αλουμινίου με διπλά τζάμια και δάπεδα από πλακάκι, ξύλο και μωσαϊκό. Το ενεργειακό πιστοποιητικό είναι κατηγορίας Α+.<br />
<br />
Το διαμέρισμα είναι επιπλωμένο, εσωτερικό και ιδιαίτερα φωτεινό, με νότιο προσανατολισμό και θέα στο αστικό τοπίο. Διαθέτει ηλεκτρικές συσκευές, πόρτα ασφαλείας και βρίσκεται σε ήσυχη γειτονιά, ενώ επιτρέπονται κατοικίδια. Η πρόσβαση στο διαμέρισμα γίνεται μέσω σκάλας. Βρίσκεται σε εξαιρετική τοποθεσία, κοντά σε σταθμό Μετρό, μέσα μαζικής μεταφοράς, super market, το κέντρο της πόλης, την αγορά και χώρους εστίασης.<br />
<br />
📅 Διαθέσιμο από: 20/07/2026<br />
<br />
📍 Η αναφερόμενη τοποθεσία είναι ενδεικτική. Για περισσότερες πληροφορίες ή προγραμματισμό επίσκεψης:<br />
<br />
KOSMOS REAL ESTATE<br />
📞 Υπεύθυνος Ακινήτου: Αλέξης – 6986109593<br />
📧 info@kosmosrealestate.gr<br />
🌐 www.kosmosrealestate.gr",,,"0","0","1","0","0","2026-07-14","4","10","0","yes","no","0","Αθήνα - Κέντρο (Αττική)","Γουδή (Αθήνα - Κέντρο)","1","105103","100","2011","509780","Double","2","2","0","0","1","1220378398","https://m2.spitogatos.gr/361737913_1600x1200.jpg?v=20130730","https://m1.spitogatos.gr/361737918_1600x1200.jpg?v=20130730","https://m2.spitogatos.gr/361737922_1600x1200.jpg?v=20130730","https://m2.spitogatos.gr/361737925_1600x1200.jpg?v=20130730","https://m2.spitogatos.gr/361737928_1600x1200.jpg?v=20130730","https://m2.spitogatos.gr/361737931_1600x1200.jpg?v=20130730","https://m3.spitogatos.gr/361737935_1600x1200.jpg?v=20130730","https://m3.spitogatos.gr/361737941_1600x1200.jpg?v=20130730","https://m1.spitogatos.gr/361737948_1600x1200.jpg?v=20130730","https://m3.spitogatos.gr/361737953_1600x1200.jpg?v=20130730","https://m3.spitogatos.gr/361737959_1600x1200.jpg?v=20130730","https://m1.spitogatos.gr/361737966_1600x1200.jpg?v=20130730","https://m2.spitogatos.gr/361737973_1600x1200.jpg?v=20130730","https://m2.spitogatos.gr/361737979_1600x1200.jpg?v=20130730","https://m3.spitogatos.gr/361737983_1600x1200.jpg?v=20130730","https://m2.spitogatos.gr/361738003_1600x1200.jpg?v=20130730","https://m3.spitogatos.gr/361738007_1600x1200.jpg?v=20130730","https://m2.spitogatos.gr/361738012_1600x1200.jpg?v=20130730","https://m1.spitogatos.gr/361738017_1600x1200.jpg?v=20130730","https://m1.spitogatos.gr/361738023_1600x1200.jpg?v=20130730","https://m1.spitogatos.gr/361738029_1600x1200.jpg?v=20130730","https://m1.spitogatos.gr/361738032_1600x1200.jpg?v=20130730","https://m3.spitogatos.gr/361738037_1600x1200.jpg?v=20130730","https://m3.spitogatos.gr/361738043_1600x1200.jpg?v=20130730","https://m2.spitogatos.gr/361738048_1600x1200.jpg?v=20130730","0","0","2","1","37.981827","1","1","23.759121","500","0","0","0","2026-07-29","0","0","0","0","1",,"10","0","0","0","1","0","0","0","880",,,"0","0","0","0","12.57",,,"1","3","6","1","1",,"0","1","2","0","1","0","70","0",,,"0","1","0","2026-07-14","https://www.spitogatos.gr/en/property/1220378398",,"1","0","1970",,"residential"
"1","Ground Floor","no","simple","1",,,,,"0","1","0","0","2026-06-08","0","1","0","40","1","0","false","house","0","0","0","Κωδικός Ακινήτου: #12024. Γουδή, Άγιος Θωμάς: Ενοικιάζεται πλήρως ανακαινισμένο Διαμέρισμα 47τ.μ. σε ισόγειο. Αποτελείται από 1 υπνοδωμάτιο, 1 κουζίνα, 1 σαλόνι, Κήπο, και μπάνιο. Είναι πλήρως επιπλωμένο, εξοπλισμένο, κατασκευασμένο το 1974, κοντά σε ΜΕΣΑ ΜΑΖΙΚΗΣ ΜΕΤΑΦΟΡΑΣ και διαθέτει κουφώματα αλουμινίου με διπλά τζάμια, πόρτα ασφαλείας, κλιματισμό, δάπεδα από πλακάκι, τέντες, συναγερμό. Επιπλέον χαρακτηριστικά: ΑΥΛΗ .<br><br />
Τιμή 650€ | Κωδικός Ακινήτου: #12024<br><br />
<br /> ΚΑΤΑ ΤΗΝ ΥΠΟΔΕΙΞΗ ΤΟΥ ΑΚΙΝΗΤΟΥ ΑΠΑΙΤΕΙΤΑΙ ΝΑ ΓΙΝΕΤΑΙ ΕΠΙΔΕΙΞΗ ΤΗΣ ΑΣΤΥΝΟΜΙΚΗΣ ΣΑΣ ΤΑΥΤΟΤΗΤΑΣ ΣΥΜΦΩΝΑ ΜΕ ΤΟΝ Ν.4072/11-04-2012 Φ.Ε.Κ 86Α<br /><br />ΤΑ ΣΤΟΙΧΕΙΑ ΤΩΝ ΑΚΙΝΗΤΩΝ ΕΙΝΑΙ ΚΑΤΑ ΔΗΛΩΣΗ ΤΟΥ ΙΔΙΟΚΤΗΤΗ<br /><br />ΑΚΙΝΗΤΑ ΑΠΟΚΛΕΙΣΤΙΚΗΣ ΔΙΑΘΕΣΗΣ ΜΕ ΦΩΤΟΓΡΑΦΙΕΣ ΠΟΥ ΔΙΑΧΕΙΡΙΖΕΤΑΙ Η ΕΤΑΙΡΙΑ ΜΑΣ ΘΑ ΒΡΕΙΤΕ ΣΤΗΝ ΙΣΤΟΣΕΛΙΔΑ ΜΑΣ<br /><br /> ►WEBSITE: www.tzelihome.gr<br /><br /> ✔ ΓΙΑ ΤΗΝ ΚΑΛΥΤΕΡΗ ΕΞΥΠΗΡΕΤΗΣΗ ΣΑΣ ΧΡΗΣΙΜΟΠΟΙΕΙΣΤΕ ΤΟΝ ΚΩΔΙΚΟ ΑΚΙΝΗΤΟΥ ΠΟΥ ΑΝΑΓΡΑΦΕΤΑΙ ΣΤΗΝ ΠΕΡΙΓΡΑΦΗ<br /> ✔ Η ΔΙΕΥΘΥΝΣΗ ΣΤΟΝ ΧΑΡΤΗ ΕΧΕΙ ΤΟΠΟΘΕΤΗΘΕΙ ΚΑΤΑ ΠΡΟΣΕΓΓΙΣΗ<br /> ✔ ΟΙ ΑΚΡΙΒΕΙΣ ΠΛΗΡΟΦΟΡΙΕΣ ΤΗΣ ΔΙΕΥΘΥΝΣΗΣ ΠΑΡΕΧΟΝΤΑΙ ΣΤΗΝ ΥΠΟΔΕΙΞΗ ΤΟΥ ΑΚΙΝΗΤΟΥ<br /><br /> ΜΕΣΙΤΙΚΟ ΓΡΑΦΕΙΟ TZELI HOME<br /> ΥΜΗΤΤΟΥ 41 , ΚΑΙΣΑΡΙΑΝΗ , ΤΚ 16121<br /><br /> ΕΠΙΚΟΙΝΩΝΗΣΤΕ ΜΑΖΙ ΜΑΣ:<br /> ►WEBSITE : www.tzelihome.gr<br /> ►E-MAIL : tzelihome@gmail.com<br /> ►ΚΙΝΗΤΟ : 6906.062.919 <br /> ►ΤΗΛΕΦΩΝΟ : 211.001.4573 & 211.001.4574<br>","9000",,"0","0","7","0","0","2026-06-08","3","4","0","yes","no","1","Αθήνα - Κέντρο (Αττική)","Γουδή (Αθήνα - Κέντρο)","1","105103","100","2011","6124","Double","1","4","0","0","1","1220072288","https://m2.spitogatos.gr/356465695_1600x1200.jpg?v=20130730","https://m3.spitogatos.gr/356465696_1600x1200.jpg?v=20130730","https://m1.spitogatos.gr/356465697_1600x1200.jpg?v=20130730","https://m2.spitogatos.gr/356465698_1600x1200.jpg?v=20130730","https://m3.spitogatos.gr/356465699_1600x1200.jpg?v=20130730","https://m1.spitogatos.gr/356465700_1600x1200.jpg?v=20130730","https://m2.spitogatos.gr/356465701_1600x1200.jpg?v=20130730","https://m3.spitogatos.gr/356465702_1600x1200.jpg?v=20130730","https://m1.spitogatos.gr/356465703_1600x1200.jpg?v=20130730","https://m2.spitogatos.gr/356465704_1600x1200.jpg?v=20130730","https://m3.spitogatos.gr/356465705_1600x1200.jpg?v=20130730","https://m1.spitogatos.gr/356465706_1600x1200.jpg?v=20130730","https://m1.spitogatos.gr/356465709_1600x1200.jpg?v=20130730","https://m2.spitogatos.gr/356465710_1600x1200.jpg?v=20130730","https://m3.spitogatos.gr/356465711_1600x1200.jpg?v=20130730","https://m1.spitogatos.gr/356465712_1600x1200.jpg?v=20130730","https://m2.spitogatos.gr/356465713_1600x1200.jpg?v=20130730","https://m1.spitogatos.gr/356465715_1600x1200.jpg?v=20130730","https://m2.spitogatos.gr/356465716_1600x1200.jpg?v=20130730","https://m3.spitogatos.gr/356465717_1600x1200.jpg?v=20130730","https://m2.spitogatos.gr/356465719_1600x1200.jpg?v=20130730","https://m3.spitogatos.gr/356465720_1600x1200.jpg?v=20130730","https://m3.spitogatos.gr/356465723_1600x1200.jpg?v=20130730",,,"0","0","2","1","37.981071","1","1","23.760738",,"0","0","0","2026-06-08","0","0","0","0","1",,"2","0","0","0",,"0","0","0","650",,,"0","0","0","0","13.83",,,"1","3","6","1","1","2026","0","1","1","0","1","0","47","0",,,"0","1","0","2026-06-08","https://www.spitogatos.gr/en/property/1220072288",,"0",,"1974","hcpUNSy9WEQ","residential"
"1","5","no","simple","1",,,,,"1","0","0","0","2026-05-26","0","1","1","0","1","0",,"house","0",,"0","Εκπληκτικό επιπλωμένο διαμέρισμα με μοναδική αισθητική και ανακαίνιση υψηλών προδιαγραφών προς ενοικίαση, 5ος όροφος, στον Άγιο Θωμά, με επιφάνεια 112 τ.μ. Το ακίνητο, πλήρως ανακαινισμένο το 2023, αποτελείται από 2 υπνοδωμάτια (1 master), 2 μπάνια, 1 WC, σύγχρονη κουζίνα και ευρύχωρο σαλόνι, προσφέροντας ένα εξαιρετικά λειτουργικό και σύγχρονο περιβάλλον διαβίωσης.<br />
<br />
Η ανακαίνιση έχει αναδείξει την ποιότητα της κατασκευής, προσφέροντας εξαιρετικά υλικά και τεχνολογίες. Η θέρμανση είναι αυτόνομη με φυσικό αέριο, ενώ το διαμέρισμα είναι εξοπλισμένο με κλιματισμό, διπλά τζάμια για ηχομόνωση και ενεργειακή απόδοση και εξαιρετικής ποιότητας δάπεδα από πλακάκια και παρκέ. Το ενεργειακό πιστοποιητικό είναι κατηγορίας Β, εξασφαλίζοντας άνεση και οικονομία. <br />
<br />
Η φωτεινότητα και η θέα του διαμερίσματος είναι εντυπωσιακή, με ανατολικομεσημβρινό προσανατολισμό που προσφέρει ανεμπόδιστη, πανοραμική θέα στην πλατεία και το αστικό τοπίο της περιοχής. Βρίσκεται σε κεντρικό σημείο, κοντά σε σταθμό μετρό, συγκοινωνίες, σούπερ μάρκετ και εμπορικά κέντρα, καθιστώντας την καθημερινή ζωή εύκολη και άνετη.<br />
Το διαμέρισμα είναι διαμπερές, με βεράντα για στιγμές χαλάρωσης. Διαθέτει επίσης σίτες, τέντες, ηλεκτρικές συσκευές, ασανσέρ, πόρτα ασφαλείας και ηλεκτρικά ρολά για επιπλέον άνεση και ασφάλεια.<br />
Μην χάσετε την ευκαιρία να ζήσετε σε έναν μοναδικό χώρο που συνδυάζει την πολυτέλεια με την πρακτικότητα, στην καρδιά της Αθήνας. Για περισσότερες πληροφορίες ή για να προγραμματίσετε μια επίσκεψη, επικοινωνήστε μαζί μας. Mobilia Real Estate, Τηλέφωνο Επικοινωνίας: 2107563200, email: info@mobilia.gr",,,"0","1","4","1","0","2026-05-26","10","10","0","yes","no","0","Αθήνα - Κέντρο (Αττική)","Γουδή (Αθήνα - Κέντρο)","1","105103","100","2011","6124","Double","1","2","0","0","1","1219954093","https://m1.spitogatos.gr/354681141_1600x1200.jpg?v=20130730","https://m1.spitogatos.gr/354681144_1600x1200.jpg?v=20130730","https://m3.spitogatos.gr/354681146_1600x1200.jpg?v=20130730","https://m3.spitogatos.gr/354681149_1600x1200.jpg?v=20130730","https://m2.spitogatos.gr/354681151_1600x1200.jpg?v=20130730","https://m1.spitogatos.gr/354681153_1600x1200.jpg?v=20130730","https://m3.spitogatos.gr/354681155_1600x1200.jpg?v=20130730","https://m2.spitogatos.gr/354681157_1600x1200.jpg?v=20130730","https://m2.spitogatos.gr/354681160_1600x1200.jpg?v=20130730","https://m3.spitogatos.gr/354681161_1600x1200.jpg?v=20130730","https://m3.spitogatos.gr/354681164_1600x1200.jpg?v=20130730","https://m2.spitogatos.gr/354681166_1600x1200.jpg?v=20130730","https://m3.spitogatos.gr/354681170_1600x1200.jpg?v=20130730","https://m2.spitogatos.gr/354681172_1600x1200.jpg?v=20130730","https://m2.spitogatos.gr/354681175_1600x1200.jpg?v=20130730","https://m2.spitogatos.gr/354681178_1600x1200.jpg?v=20130730","https://m3.spitogatos.gr/354681179_1600x1200.jpg?v=20130730","https://m2.spitogatos.gr/354681181_1600x1200.jpg?v=20130730","https://m3.spitogatos.gr/354681182_1600x1200.jpg?v=20130730","https://m1.spitogatos.gr/354681183_1600x1200.jpg?v=20130730","https://m3.spitogatos.gr/354681185_1600x1200.jpg?v=20130730","https://m1.spitogatos.gr/354681186_1600x1200.jpg?v=20130730","https://m3.spitogatos.gr/354681188_1600x1200.jpg?v=20130730","https://m2.spitogatos.gr/354681190_1600x1200.jpg?v=20130730","https://m3.spitogatos.gr/354681194_1600x1200.jpg?v=20130730","0","0","2","1","37.981441","1","1","23.761507",,"1","0",,"2026-07-31","0","0","0","1","2",,"3","1","1","1",,"0","0","0","2000",,,"0","0","0","0","17.86",,,"1","3","6","1","1","2023","0",,"2","0","1","0","112","0",,,"0","1","0","2026-05-26","https://www.spitogatos.gr/en/property/1219954093",,"1","0","1977",,"residential"
"1","5","no","simple","1",,,,,"1","0","0","0","2026-06-26","0","1","1","0","0","0",,"house",,,"1","<br>Κωδικός ακινήτου: 98552 - Αμπελόκηποι - ΕΝΟΙΚΙΑΖΕΤΑΙ διαμέρισμα στον 5ο όροφο με συνολική επιφάνεια 95 τ.μ. Το διαμέρισμα περιλαμβάνει 2 υπνοδωμάτια, σαλόνι, κουζίνα, μπάνιο και WC. Κατασκευάστηκε το 1958 και ανακαινίστηκε το 2026, με ενεργειακή κλάση Δ. Διαθέτει αυτόνομη θέρμανση φυσικού αερίου, θέα σε ανοιχτό ορίζοντα, κουφώματα αλουμινίου, ξύλινα πατώματα, πόρτα ασφαλείας, ανελκυστήρα, A/C, τέντες, σίτες και διπλά τζάμια. Η απόσταση από το μετρό είναι 500 μέτρα. <br>| UNION PROPERTIES +30 2100107005 - +30 6946981836, https://www.union-properties.gr/, email: central@union-properties.gr<br />
| Η Union Properties καταβάλλει κάθε δυνατή προσπάθεια για την παροχή έγκυρων και επικαιροποιημένων πληροφοριών σχετικά με τα ακίνητα που προβάλλονται, καθώς και για την επαλήθευση των στοιχείων που παρέχονται από τους ιδιοκτήτες/πωλητές. Ωστόσο, δεν φέρει καμία ευθύνη για τυχόν ανακρίβειες, παραλείψεις ή μεταβολές στις πληροφορίες αυτές, εφόσον δεν έχει προηγηθεί σχετική έγγραφη ενημέρωση από τους πωλητές.<br />
Η θέση του ακινήτου στον χάρτη είναι ενδεικτική και ενδέχεται να μην ανταποκρίνεται με ακρίβεια στην πραγματική τοποθεσία.<br />
Σύμφωνα με τον Ν. 4072/11-4-2012 (ΦΕΚ 86 Α’), για την υπόδειξη οποιουδήποτε ακινήτου απαιτείται η προσκόμιση της αστυνομικής ταυτότητας και του Α.Φ.Μ. του ενδιαφερόμενου.",,,,"1","6","1","0","2026-06-26","10","2","0","no","no","0","Αθήνα - Κέντρο (Αττική)","Γουδή (Αθήνα - Κέντρο)","1","105103","100","2011","509780","Double","1","2","0","0","1","1220244366","https://m1.spitogatos.gr/359387844_1600x1200.jpg?v=20130730","https://m1.spitogatos.gr/359387862_1600x1200.jpg?v=20130730","https://m2.spitogatos.gr/359387869_1600x1200.jpg?v=20130730","https://m3.spitogatos.gr/359387891_1600x1200.jpg?v=20130730","https://m2.spitogatos.gr/359387899_1600x1200.jpg?v=20130730","https://m3.spitogatos.gr/359387912_1600x1200.jpg?v=20130730","https://m2.spitogatos.gr/359387920_1600x1200.jpg?v=20130730","https://m2.spitogatos.gr/359387926_1600x1200.jpg?v=20130730","https://m3.spitogatos.gr/359387963_1600x1200.jpg?v=20130730","https://m3.spitogatos.gr/359387969_1600x1200.jpg?v=20130730","https://m1.spitogatos.gr/359387982_1600x1200.jpg?v=20130730",,,,,,,,,,,,,,,"0","0","2","1","37.982193",,"1","23.760294",,"0",,,"2026-08-01","0","0","0","1","1",,,"0","0","1",,"0","0","0","1900",,,"0","0","0","0","20",,,"1","3","6","1","0",,"0","1","2","0","1","0","95","0",,"Αλεξανδρουπόλεως 20, 115 27, Αθήνα","0","1","0","2026-06-26","https://www.spitogatos.gr/en/property/1220244366",,"1","0","1958","d24JbxeI1JA","residential"
"1","2","no","simple","1",,,,,"0","0","0","0","2026-07-06","0","0","1","7","1","0","false","house","0","0","0"," Κωδικός Ακινήτου: #12380<br><br />
Στην περιοχή του Γουδή, σε εξαιρετικό σημείο δίπλα στο Νοσοκομείο Παίδων και με άμεση πρόσβαση σε μέσα μαζικής μεταφοράς, πανεπιστημιακές σχολές, καταστήματα και όλες τις απαραίτητες καθημερινές εξυπηρετήσεις, διατίθεται προς ενοικίαση φωτεινό διαμέρισμα 50 τ.μ., στον 2ο όροφο πολυκατοικίας με ασανσέρ. Η κατοικία διαθέτει λειτουργική διαρρύθμιση με δύο υπνοδωμάτια, άνετο σαλόνι, ανεξάρτητη κουζίνα και μπάνιο, αποτελώντας ιδανική επιλογή για φοιτητές, επαγγελματίες ή συγκατοίκηση. Είναι εξοπλισμένη με κουφώματα αλουμινίου με διπλά τζάμια, πόρτα ασφαλείας, κλιματισμό και δάπεδα από πλακάκι, προσφέροντας άνεση και πρακτικότητα στην καθημερινότητα. Επιπλέον, διαθέτει πατάρι αποθήκευσης για επιπλέον χώρο, ενώ επιτρέπονται και τα κατοικίδια, καθιστώντας το ακίνητο μια ιδιαίτερα ευέλικτη και φιλική επιλογή για κάθε ενδιαφερόμενο.<br><br />
 <br><br />
Τιμή ενοικίασης: 600€ | Κωδικός Ακινήτου: #12380<br><br />
ΚΑΤΑ ΤΗΝ ΥΠΟΔΕΙΞΗ ΤΟΥ ΑΚΙΝΗΤΟΥ ΑΠΑΙΤΕΙΤΑΙ ΝΑ ΓΙΝΕΤΑΙ ΕΠΙΔΕΙΞΗ ΤΗΣ ΑΣΤΥΝΟΜΙΚΗΣ ΣΑΣ ΤΑΥΤΟΤΗΤΑΣ ΣΥΜΦΩΝΑ ΜΕ ΤΟΝ Ν.4072/11-04-2012 Φ.Ε.Κ 86Α<br /><br />ΤΑ ΣΤΟΙΧΕΙΑ ΤΩΝ ΑΚΙΝΗΤΩΝ ΕΙΝΑΙ ΚΑΤΑ ΔΗΛΩΣΗ ΤΟΥ ΙΔΙΟΚΤΗΤΗ<br /><br />ΑΚΙΝΗΤΑ ΑΠΟΚΛΕΙΣΤΙΚΗΣ ΔΙΑΘΕΣΗΣ ΜΕ ΦΩΤΟΓΡΑΦΙΕΣ ΠΟΥ ΔΙΑΧΕΙΡΙΖΕΤΑΙ Η ΕΤΑΙΡΙΑ ΜΑΣ ΘΑ ΒΡΕΙΤΕ ΣΤΗΝ ΙΣΤΟΣΕΛΙΔΑ ΜΑΣ<br /><br /> ►WEBSITE: www.tzelihome.gr<br /><br /> ✔ ΓΙΑ ΤΗΝ ΚΑΛΥΤΕΡΗ ΕΞΥΠΗΡΕΤΗΣΗ ΣΑΣ ΧΡΗΣΙΜΟΠΟΙΕΙΣΤΕ ΤΟΝ ΚΩΔΙΚΟ ΑΚΙΝΗΤΟΥ ΠΟΥ ΑΝΑΓΡΑΦΕΤΑΙ ΣΤΗΝ ΠΕΡΙΓΡΑΦΗ<br /> ✔ Η ΔΙΕΥΘΥΝΣΗ ΣΤΟΝ ΧΑΡΤΗ ΕΧΕΙ ΤΟΠΟΘΕΤΗΘΕΙ ΚΑΤΑ ΠΡΟΣΕΓΓΙΣΗ<br /> ✔ ΟΙ ΑΚΡΙΒΕΙΣ ΠΛΗΡΟΦΟΡΙΕΣ ΤΗΣ ΔΙΕΥΘΥΝΣΗΣ ΠΑΡΕΧΟΝΤΑΙ ΣΤΗΝ ΥΠΟΔΕΙΞΗ ΤΟΥ ΑΚΙΝΗΤΟΥ<br /><br /> ΜΕΣΙΤΙΚΟ ΓΡΑΦΕΙΟ TZELI HOME<br /> ΥΜΗΤΤΟΥ 41 , ΚΑΙΣΑΡΙΑΝΗ , ΤΚ 16121<br /><br /> ΕΠΙΚΟΙΝΩΝΗΣΤΕ ΜΑΖΙ ΜΑΣ:<br /> ►WEBSITE : www.tzelihome.gr<br /> ►E-MAIL : tzelihome@gmail.com<br /> ►ΚΙΝΗΤΟ : 6906.062.919 <br /> ►ΤΗΛΕΦΩΝΟ : 211.001.4573 & 211.001.4574<br>","8000",,"0","1","7","0","0","2026-07-06","7","4","0","no","no","0","Αθήνα - Κέντρο (Αττική)","Γουδή (Αθήνα - Κέντρο)","1","105103","100","2011","6122","Double","1","4","0","0","1","1220315190","https://m1.spitogatos.gr/360647997_1600x1200.jpg?v=20130730","https://m1.spitogatos.gr/360648003_1600x1200.jpg?v=20130730","https://m2.spitogatos.gr/360648007_1600x1200.jpg?v=20130730","https://m2.spitogatos.gr/360648013_1600x1200.jpg?v=20130730","https://m2.spitogatos.gr/360648019_1600x1200.jpg?v=20130730","https://m1.spitogatos.gr/360648024_1600x1200.jpg?v=20130730","https://m2.spitogatos.gr/360648028_1600x1200.jpg?v=20130730","https://m3.spitogatos.gr/360648032_1600x1200.jpg?v=20130730","https://m3.spitogatos.gr/360648035_1600x1200.jpg?v=20130730","https://m2.spitogatos.gr/360648037_1600x1200.jpg?v=20130730","https://m2.spitogatos.gr/360648043_1600x1200.jpg?v=20130730","https://m1.spitogatos.gr/360648048_1600x1200.jpg?v=20130730","https://m1.spitogatos.gr/360648051_1600x1200.jpg?v=20130730","https://m1.spitogatos.gr/360648057_1600x1200.jpg?v=20130730","https://m3.spitogatos.gr/360648062_1600x1200.jpg?v=20130730","https://m2.spitogatos.gr/360648067_1600x1200.jpg?v=20130730","https://m3.spitogatos.gr/360648071_1600x1200.jpg?v=20130730","https://m1.spitogatos.gr/360648075_1600x1200.jpg?v=20130730","https://m1.spitogatos.gr/360648078_1600x1200.jpg?v=20130730","https://m2.spitogatos.gr/360648082_1600x1200.jpg?v=20130730","https://m3.spitogatos.gr/360648086_1600x1200.jpg?v=20130730","https://m1.spitogatos.gr/360648090_1600x1200.jpg?v=20130730",,,,"0","0","2","1","37.9855","1","1","23.766479",,"0","0","0","2026-07-06","0","0","0","0","1",,"11","0","0","0","1","0","0","0","600",,,"0","0","0","0","12",,,"1","3","6","1","0",,"0","1","2","0","1","0","50","0",,,"0","1","0","2026-07-06","https://www.spitogatos.gr/en/property/1220315190",,"0",,"1980","qB0W771JywI","residential"
"1","1","yes","simple","1",,,,,"1","0","0","0","2026-06-05","0","0","1","0","1","0",,"house","0",,"0","Πλατεία Μαβίλη έναντι Αμερικάνικης πρεσβείας υπέροχο διαμέρισμα 132τμ. Ά ορόφου, διαμπερές, σε πολύ όμορφη πολυκατοικία με αριστοκρατική είσοδο. <br />
Το διαμέρισμα αποτελείται από 3 μεγάλους χώρους υποδοχής, 2 καθιστικά και τραπεζαρία, ανεξάρτητη μεγάλη κουζίνα ανακαινισμένη με άπλετο φως, δύο άνετα υπνοδωμάτια, με δυνατότητα τρίτου υ/δ, ένα πλήρες μπάνιο και ένα wc, ένα αποθηκάκι εντός του και πολλούς αποθηκευτικούς χώρους, aircondition, θέρμανση φ/α, κουφώματα αλουμινίου με διπλά τζάμια, πόρτα ασφαλείας, εξαιρετικά  δρύινα πατώματα. Πρoσβάσιμο διαμέρισμα σε όλα τα ΜΜΜ, κατάλληλο και για ιατρείο. Διαθέσιμο απο αρχές Ιουνίου, κωδ. 52798",,"1","0","1","7","1","0","2026-03-20","6","2","1","no","no","0","Αθήνα - Κέντρο (Αττική)","Γουδή (Αθήνα - Κέντρο)","1","105103","100","2011","509780","Double","2","2","0","0","1","1219583370","https://m3.spitogatos.gr/348326399_1600x1200.jpg?v=20130730","https://m1.spitogatos.gr/348326400_1600x1200.jpg?v=20130730","https://m1.spitogatos.gr/348326403_1600x1200.jpg?v=20130730","https://m1.spitogatos.gr/348326409_1600x1200.jpg?v=20130730","https://m3.spitogatos.gr/348326414_1600x1200.jpg?v=20130730","https://m3.spitogatos.gr/348326420_1600x1200.jpg?v=20130730","https://m2.spitogatos.gr/348326428_1600x1200.jpg?v=20130730","https://m1.spitogatos.gr/348326433_1600x1200.jpg?v=20130730","https://m1.spitogatos.gr/348326442_1600x1200.jpg?v=20130730","https://m3.spitogatos.gr/348326447_1600x1200.jpg?v=20130730","https://m3.spitogatos.gr/348326450_1600x1200.jpg?v=20130730","https://m3.spitogatos.gr/348326453_1600x1200.jpg?v=20130730","https://m3.spitogatos.gr/348326456_1600x1200.jpg?v=20130730","https://m2.spitogatos.gr/348326458_1600x1200.jpg?v=20130730","https://m1.spitogatos.gr/348326460_1600x1200.jpg?v=20130730","https://m2.spitogatos.gr/348326467_1600x1200.jpg?v=20130730","https://m3.spitogatos.gr/348326474_1600x1200.jpg?v=20130730","https://m1.spitogatos.gr/348326478_1600x1200.jpg?v=20130730","https://m1.spitogatos.gr/348326481_1600x1200.jpg?v=20130730","https://m3.spitogatos.gr/348326486_1600x1200.jpg?v=20130730","https://m1.spitogatos.gr/348326490_1600x1200.jpg?v=20130730","https://m3.spitogatos.gr/348326495_1600x1200.jpg?v=20130730","https://m2.spitogatos.gr/348326500_1600x1200.jpg?v=20130730","https://m1.spitogatos.gr/348326508_1600x1200.jpg?v=20130730","https://m3.spitogatos.gr/348326519_1600x1200.jpg?v=20130730","1","0","2","1","37.980816","1","2","23.755768",,"1",,"1","2026-07-15","0","0","0","1","1",,"3","1","0","0","1","0","0","0","1300",,,"0","0","0","0","9.85",,,"1","3","6","1","1","2002","0",,"2","0","1","0","132","0",,,"0","1","0","2026-03-20","https://www.spitogatos.gr/en/property/1219583370",,"0","0","1969",,
"0","5","no","simple","1",,,,,"1","0","0","0","2026-05-18","0","1","1","20","1","0","false","house","0","30","0","Κωδικός Ακινήτου: #11685. Ιλίσια, Κάτω Ιλίσια: Ενοικιάζεται διαμπερές Διαμέρισμα 70τ.μ. στον 5ο όροφο με ασανσέρ με κεντρική θέρμανση φυσικού αερίου. Αποτελείται από 2 υπνοδωμάτια, 1 κουζίνα, 1 σαλόνι, αποθήκη και μπάνιο. Είναι κατασκευασμένο το 1966, κοντά σε ΜΕΣΑ ΜΑΖΙΚΗΣ ΜΕΤΑΦΟΡΑΣ και διαθέτει δάπεδα από μωσαϊκό & ξύλο, τέντες. Επιτρέπονται τα κατοικίδια.<br><br />
Τιμή 700€ | Κωδικός Ακινήτου: #11685<br><br />
<br /> ΚΑΤΑ ΤΗΝ ΥΠΟΔΕΙΞΗ ΤΟΥ ΑΚΙΝΗΤΟΥ ΑΠΑΙΤΕΙΤΑΙ ΝΑ ΓΙΝΕΤΑΙ ΕΠΙΔΕΙΞΗ ΤΗΣ ΑΣΤΥΝΟΜΙΚΗΣ ΣΑΣ ΤΑΥΤΟΤΗΤΑΣ ΣΥΜΦΩΝΑ ΜΕ ΤΟΝ Ν.4072/11-04-2012 Φ.Ε.Κ 86Α<br /><br />ΤΑ ΣΤΟΙΧΕΙΑ ΤΩΝ ΑΚΙΝΗΤΩΝ ΕΙΝΑΙ ΚΑΤΑ ΔΗΛΩΣΗ ΤΟΥ ΙΔΙΟΚΤΗΤΗ<br /><br />ΑΚΙΝΗΤΑ ΑΠΟΚΛΕΙΣΤΙΚΗΣ ΔΙΑΘΕΣΗΣ ΜΕ ΦΩΤΟΓΡΑΦΙΕΣ ΠΟΥ ΔΙΑΧΕΙΡΙΖΕΤΑΙ Η ΕΤΑΙΡΙΑ ΜΑΣ ΘΑ ΒΡΕΙΤΕ ΣΤΗΝ ΙΣΤΟΣΕΛΙΔΑ ΜΑΣ<br /><br /> ►WEBSITE: www.tzelihome.gr<br /><br /> ✔ ΓΙΑ ΤΗΝ ΚΑΛΥΤΕΡΗ ΕΞΥΠΗΡΕΤΗΣΗ ΣΑΣ ΧΡΗΣΙΜΟΠΟΙΕΙΣΤΕ ΤΟΝ ΚΩΔΙΚΟ ΑΚΙΝΗΤΟΥ ΠΟΥ ΑΝΑΓΡΑΦΕΤΑΙ ΣΤΗΝ ΠΕΡΙΓΡΑΦΗ<br /> ✔ Η ΔΙΕΥΘΥΝΣΗ ΣΤΟΝ ΧΑΡΤΗ ΕΧΕΙ ΤΟΠΟΘΕΤΗΘΕΙ ΚΑΤΑ ΠΡΟΣΕΓΓΙΣΗ<br /> ✔ ΟΙ ΑΚΡΙΒΕΙΣ ΠΛΗΡΟΦΟΡΙΕΣ ΤΗΣ ΔΙΕΥΘΥΝΣΗΣ ΠΑΡΕΧΟΝΤΑΙ ΣΤΗΝ ΥΠΟΔΕΙΞΗ ΤΟΥ ΑΚΙΝΗΤΟΥ<br /><br /> ΜΕΣΙΤΙΚΟ ΓΡΑΦΕΙΟ TZELI HOME<br /> ΥΜΗΤΤΟΥ 41 , ΚΑΙΣΑΡΙΑΝΗ , ΤΚ 16121<br /><br /> ΕΠΙΚΟΙΝΩΝΗΣΤΕ ΜΑΖΙ ΜΑΣ:<br /> ►WEBSITE : www.tzelihome.gr<br /> ►E-MAIL : tzelihome@gmail.com<br /> ►ΚΙΝΗΤΟ : 6906.062.919 <br /> ►ΤΗΛΕΦΩΝΟ : 211.001.4573 & 211.001.4574<br>","8000",,"0","1","9","0","0","2026-05-18","10","11","0","no","no","0","Αθήνα - Κέντρο (Αττική)","Γουδή (Αθήνα - Κέντρο)","1","105103","100","2011","6124","Single","2","2","0","0","1","1219906394","https://m2.spitogatos.gr/353835895_1600x1200.jpg?v=20130730","https://m1.spitogatos.gr/353835897_1600x1200.jpg?v=20130730","https://m3.spitogatos.gr/353835902_1600x1200.jpg?v=20130730","https://m1.spitogatos.gr/353835906_1600x1200.jpg?v=20130730","https://m2.spitogatos.gr/353835910_1600x1200.jpg?v=20130730","https://m2.spitogatos.gr/353835913_1600x1200.jpg?v=20130730","https://m1.spitogatos.gr/353835918_1600x1200.jpg?v=20130730","https://m2.spitogatos.gr/353835922_1600x1200.jpg?v=20130730","https://m2.spitogatos.gr/353835925_1600x1200.jpg?v=20130730","https://m3.spitogatos.gr/353835929_1600x1200.jpg?v=20130730","https://m1.spitogatos.gr/353835933_1600x1200.jpg?v=20130730","https://m2.spitogatos.gr/353835937_1600x1200.jpg?v=20130730","https://m3.spitogatos.gr/353835941_1600x1200.jpg?v=20130730","https://m1.spitogatos.gr/353835945_1600x1200.jpg?v=20130730","https://m1.spitogatos.gr/353835951_1600x1200.jpg?v=20130730","https://m1.spitogatos.gr/353835957_1600x1200.jpg?v=20130730","https://m3.spitogatos.gr/353835962_1600x1200.jpg?v=20130730","https://m3.spitogatos.gr/353835965_1600x1200.jpg?v=20130730","https://m2.spitogatos.gr/353835970_1600x1200.jpg?v=20130730",,,,,,,"0","0","1","1","37.979576","1","1","23.756432",,"0","0","0","2026-05-18","0","0","0","0","1",,"2","0","1","0","1","0","0","0","700",,,"0","0","0","0","10",,,"1","3","6","1","0",,"0","1","2","0","0","0","70","1",,,"0","1","0","2026-05-18","https://www.spitogatos.gr/en/property/1219906394",,"0",,"1966","WQtPGxW74sY","residential"
"1","Lower Ground","no","simple","1",,,,,"0","1","0","0","2026-01-15","0","0","0","0","1","0",,"house","0",,"0","ID.1271721 - Πλατεία Μαβίλη, διαμέρισμα προσόψεως, φωτεινό, ημιυπόγειο, 67 τ.μ., πλήρως ανακαινισμένο, αποτελείται από σαλόνι με παράθυρο, αυτόνομη κουζίνα με παράθυρο και ηλεκτρικές συσκευές (ψυγείο, κουζίνα), 2 υ/δ με μεγάλες ντουλάπες και παράθυρα, μπάνιο με παράθυρο και wc. Διαθέτει κουφώματα αλουμινίου, διπλά τζάμια, πλακάκια στα δάπεδα, κεντρική θέρμανση φυσικού αερίου, κλιματισμό, ηλιακό, πόρτα ασφαλείας, θυροτηλεόραση, συναγερμό, νυχτερινό ρεύμα και ασανσέρ. Βρίσκεται πλησίον πάρκου, Βασ. Σοφίας, ΜΜΜ, αγοράς, πλατείας και 400 μ. από ΜΕΤΡΟ Μέγαρο Μουσικής. ΜΕ ΕΠΙΒΑΡΥΝΣΗ ΜΕΣΙΤΙΚΗΣ ΑΜΟΙΒΗΣ. Οι πληροφορίες και τα χαρακτηριστικά των ακινήτων έχουν καταχωρηθεί βάσει των πληροφοριών και στοιχείων που μας προσκομίστηκαν από τον ιδιοκτήτη. Η τοποθεσία του ακινήτου στον χάρτη είναι ενδεικτική. Όλοι οι παρευρισκόμενοι κατά την υπόδειξη του ακινήτου είναι απαραίτητο να επιδείξουν την αστυνομική τους ταυτότητα και τον Α.Φ.Μ τους, σύμφωνα με τον Νόμο Ν.4072/2012 - ΦΕΚ 86/Α/11-4-2012. Aspis Real Estate Συντάγματος, Τηλέφωνο Επικοινωνίας: 2103210332, email: syntagma@aspis-realestate.gr, website: https://www.aspis-realestate.gr/el/properties?alias=aspis-sintagma",,,"0","1","8","1","0","2026-01-15","2","4","1","no","no","0","Αθήνα - Κέντρο (Αττική)","Γουδή (Αθήνα - Κέντρο)","1","105103","100","2011",,"Double","2","2","0","0","1","1219059709","https://m2.spitogatos.gr/360911800_1600x1200.jpg?v=20130730","https://m2.spitogatos.gr/360911803_1600x1200.jpg?v=20130730","https://m2.spitogatos.gr/360911806_1600x1200.jpg?v=20130730","https://m3.spitogatos.gr/360911810_1600x1200.jpg?v=20130730","https://m3.spitogatos.gr/360911816_1600x1200.jpg?v=20130730","https://m1.spitogatos.gr/360911823_1600x1200.jpg?v=20130730","https://m2.spitogatos.gr/360911827_1600x1200.jpg?v=20130730","https://m1.spitogatos.gr/360911832_1600x1200.jpg?v=20130730","https://m2.spitogatos.gr/360911839_1600x1200.jpg?v=20130730","https://m3.spitogatos.gr/360911846_1600x1200.jpg?v=20130730","https://m1.spitogatos.gr/360911853_1600x1200.jpg?v=20130730","https://m2.spitogatos.gr/360911860_1600x1200.jpg?v=20130730","https://m2.spitogatos.gr/360911866_1600x1200.jpg?v=20130730","https://m2.spitogatos.gr/360911872_1600x1200.jpg?v=20130730","https://m1.spitogatos.gr/360911877_1600x1200.jpg?v=20130730","https://m3.spitogatos.gr/360911882_1600x1200.jpg?v=20130730","https://m3.spitogatos.gr/360911888_1600x1200.jpg?v=20130730","https://m3.spitogatos.gr/360911894_1600x1200.jpg?v=20130730","https://m2.spitogatos.gr/360911899_1600x1200.jpg?v=20130730","https://m1.spitogatos.gr/360911904_1600x1200.jpg?v=20130730","https://m2.spitogatos.gr/360911908_1600x1200.jpg?v=20130730","https://m1.spitogatos.gr/360911913_1600x1200.jpg?v=20130730","https://m3.spitogatos.gr/360911918_1600x1200.jpg?v=20130730","https://m1.spitogatos.gr/360911922_1600x1200.jpg?v=20130730","https://m1.spitogatos.gr/360911928_1600x1200.jpg?v=20130730","0","0","2","1","37.981323","1","1","23.756025",,"0","0","0","2026-07-08","0","0","1","1","1",,,"0","0","0",,"0","0","0","1050",,,"0","0","0","0","15.67",,,"1","3","6","1","1","2022","0","1","2","0","1","1","67","0",,,"0","1","0","2026-01-15","https://www.spitogatos.gr/en/property/1219059709",,"0","0","1965",,"residential"
"1","2","no","simple","1",,,,,"0","0","0","0","2026-07-30","0","0","1","10","1",,,"house","0",,"0","Κομψό διαμέρισμα 100τμ στον δεύτερο όροφο, ιδανικό για επαγγελματική χρήση όπως ιατρεία, δικηγορικά γραφεία, συμβουλευτικές εταιρείες, κλινικές ή εταιρική έδρα, σε μία από τις πλέον престιζ και καταξιωμένες επαγγελματικές και ιατρικές περιοχές της Αθήνας.<br />
<br />
Βρίσκεται στην ευρύτερη περιοχή της Πλατεία Μαβίλη και σε κοντινή απόσταση από τον Σταθμό Μετρό Μέγαρο Μουσικής, σε σημείο ιδιαίτερα γνωστό για τη συγκέντρωση πρεσβειών, ιδιωτικών κλινικών, νοσοκομείων, εταιρικών γραφείων και επαγγελματικών δραστηριοτήτων υψηλού επιπέδου. Η περιοχή συνδυάζει εξαιρετική προσβασιμότητα με επαγγελματική προβολή και κύρος, αποτελώντας ιδανική επιλογή για επιχειρήσεις που αναζητούν κεντρική και αναγνωρίσιμη έδρα.<br />
<br />
Το διαμέρισμα διαθέτει εξαιρετική και ιδιαίτερα λειτουργική διαρρύθμιση, αποτελούμενο από χώρο υποδοχής, δύο ευρύχωρα σαλόνια που μπορούν να λειτουργήσουν ως γραφεία διοίκησης ή χώροι αναμονής, δύο επιπλέον ανεξάρτητα δωμάτια/γραφεία, ξεχωριστή κουζίνα, ένα μπάνιο και ένα WC. Τα μεγάλα ανοίγματα προσφέρουν άφθονο φυσικό φωτισμό, ενώ η διαμπερής διάταξη εξασφαλίζει εξαιρετικό αερισμό και ένα ευχάριστο περιβάλλον εργασίας καθ’ όλη τη διάρκεια της ημέρας.<br />
<br />
Ένας ιδιαίτερα προσεγμένος και αντιπροσωπευτικός επαγγελματικός χώρος, ιδανικός για ιατρούς, θεραπευτές, αρχιτέκτονες, δικηγόρους, ναυτιλιακές εταιρείες, συμβουλευτικές επιχειρήσεις ή κάθε δραστηριότητα που αναζητά ένα ποιοτικό επαγγελματικό περιβάλλον σε στρατηγικό σημείο της Αθήνας, με άμεση πρόσβαση σε μέσα μεταφοράς, το κέντρο της πόλης και σημαντικές μονάδες υγείας.<br />
https://theprosperty.com/listings/17455<br />
☎️ 210 6812500.",,"1","0","0","5","1","0","2026-05-14","7","10","0","yes","no","0","Αθήνα - Κέντρο (Αττική)","Γουδή (Αθήνα - Κέντρο)","1","105103","100","2011","509780","Double","2","1","0","0","1","1219887930","https://m2.spitogatos.gr/363959641_1600x1200.jpg?v=20130730","https://m3.spitogatos.gr/363959645_1600x1200.jpg?v=20130730","https://m3.spitogatos.gr/363959657_1600x1200.jpg?v=20130730","https://m3.spitogatos.gr/363959681_1600x1200.jpg?v=20130730","https://m2.spitogatos.gr/363959686_1600x1200.jpg?v=20130730","https://m1.spitogatos.gr/363959697_1600x1200.jpg?v=20130730","https://m2.spitogatos.gr/363959701_1600x1200.jpg?v=20130730","https://m3.spitogatos.gr/363959705_1600x1200.jpg?v=20130730","https://m1.spitogatos.gr/363959709_1600x1200.jpg?v=20130730","https://m3.spitogatos.gr/363959714_1600x1200.jpg?v=20130730","https://m3.spitogatos.gr/363959717_1600x1200.jpg?v=20130730","https://m2.spitogatos.gr/363959722_1600x1200.jpg?v=20130730","https://m1.spitogatos.gr/363959748_1600x1200.jpg?v=20130730","https://m2.spitogatos.gr/363959752_1600x1200.jpg?v=20130730","https://m3.spitogatos.gr/363959759_1600x1200.jpg?v=20130730","https://m3.spitogatos.gr/363959789_1600x1200.jpg?v=20130730",,,,,,,,,,,"0","2","1","37.983082","1","2","23.757917",,"0",,,"2026-07-30","0","0",,"1","1","6",,"0","0","0",,"0","0","0","2000",,,"0","0","0","0","20",,,"1","3","6","1","0",,"0","1","2",,"1","0","100","0",,,"0","1","0","2026-05-14","https://www.spitogatos.gr/en/property/1219887930",,"1","0","1970","O7QBTE6l_30","residential"
"1","3","no","simple","1",,,,,"0","0","0","0","2026-07-27","0","1","1","0","1","0",,"house",,"15","0","Κωδικός ακινήτου: 8-1496 - Γουδή Νοσοκομείο Παίδων  ΕΝΟΙΚΙΑΖΕΤΑΙ     διαμέρισμα  στον 3 ο όροφο συνολικής επιφάνειας 49.00 τ.μ.  . Αποτελείται από 1 υπνοδωμάτιο,  σαλοκουζίνα, μπάνιο . Είναι κατασκευασμένο το 1975  και ανακαινίστηκε το 2020. Διαθέτει θέρμανση κεντρική - φυσικό αέριο,  κουφώματα αλουμινίου, πατώματα από πλακάκι και ξύλο, πόρτα ασφαλείας, εντοιχιζόμενες ντουλάπες, ανελκυστήρα, A/C, ηλεκτρικές συσκευές, τέντες, σίτες, διπλά τζάμια, θυροτηλεόραση, ανοιχτωσιά, οπτικές ίνες     απόσταση από μετρό 650 μέτρα - Τιμή: 680 €  <br>Το ακίνητο βρίσκεται πλησίον στάσης λεωφορείων και σταθμών μετρό Αμπελόκηποι και Μέγαρο Μουσικής (10' λεπτά απόσταση), καθώς επίσης πολύ κοντά σε εμπορικά καταστήματα, σχολεία, Νοσοκομεία Παίδων, Λαϊκό, Ερρίκος Ντυνάν κλπ., Πανεπιστημιούπολη Ζωγράφου, την Ιατρική και Οδοντιατρική Σχολή, πάρκο και πλατεία. Το ακίνητο παραδίδεται με τις οικοσκευές πλυντήριο πιάτων, πλυντήριο-στεγνωτήριο ρούχων Whirlpool, φούρνος και επαγωγικές εστίες Bosch, 2 κλιματιστικά. Η ανακαίνιση έγινε το 2020, όπου αλλάχτηκαν οι ηλεκτρολογικές και υδραυλικές εγκαταστάσεις και είδη υγιεινής, ενώ τοποθετήθηκαν ενεργειακά ηχομονωτικά κουφώματα αλουμινίου με ηλεκτρικά παντζούρια. Τα κοινόχρηστα ανέρχονται στα 15-20€ κατά μέσο όρο.<br>Κατά την υπόδειξη του ακινήτου είναι απαραίτητο να προσκομίζετε την ΑΣΤ και τον ΑΦΜ τους σύμφωνα με το νόμο Ν.4072/2012-ΦΕΚ 86/Α/11.4.2012. Για περισσότερα ακίνητα επισκεφθείτε το site του γραφείου https://gkhome  <br>",,,,"1","10","1","0","2026-07-27","8","10","0","no","no","0","Αθήνα - Κέντρο (Αττική)","Γουδή (Αθήνα - Κέντρο)","1","105103","100","2011","6124","Double","2","2","0","0","1","1220499737","https://m1.spitogatos.gr/363432147_1600x1200.jpg?v=20130730","https://m1.spitogatos.gr/363432150_1600x1200.jpg?v=20130730","https://m3.spitogatos.gr/363432179_1600x1200.jpg?v=20130730","https://m2.spitogatos.gr/363432199_1600x1200.jpg?v=20130730","https://m1.spitogatos.gr/363432210_1600x1200.jpg?v=20130730","https://m1.spitogatos.gr/363432213_1600x1200.jpg?v=20130730","https://m2.spitogatos.gr/363432217_1600x1200.jpg?v=20130730","https://m2.spitogatos.gr/363432220_1600x1200.jpg?v=20130730","https://m2.spitogatos.gr/363432223_1600x1200.jpg?v=20130730","https://m2.spitogatos.gr/363432226_1600x1200.jpg?v=20130730","https://m3.spitogatos.gr/363432230_1600x1200.jpg?v=20130730","https://m3.spitogatos.gr/363432233_1600x1200.jpg?v=20130730","https://m3.spitogatos.gr/363432236_1600x1200.jpg?v=20130730","https://m1.spitogatos.gr/363432240_1600x1200.jpg?v=20130730","https://m1.spitogatos.gr/363432243_1600x1200.jpg?v=20130730","https://m3.spitogatos.gr/363432248_1600x1200.jpg?v=20130730","https://m3.spitogatos.gr/363432251_1600x1200.jpg?v=20130730","https://m1.spitogatos.gr/363432255_1600x1200.jpg?v=20130730","https://m3.spitogatos.gr/363432257_1600x1200.jpg?v=20130730","https://m1.spitogatos.gr/363432264_1600x1200.jpg?v=20130730","https://m2.spitogatos.gr/363432271_1600x1200.jpg?v=20130730","https://m2.spitogatos.gr/363432274_1600x1200.jpg?v=20130730",,,,"0","0","2","1","37.9828",,"1","23.763006",,"1",,,"2026-07-28","0","0","0","0","1",,,"1","0","1",,"0","0","0","680",,,"0","0","0","0","13.88",,,"1","3","6","1","0",,"0","2","1","0","1","0","49","0",,,"0","1","0","2026-07-27","https://www.spitogatos.gr/en/property/1220499737",,"0","0","1975",,"residential"
"1","Lower Ground","no","simple","1",,,,,"0","0","0","0","2024-02-28","0","0","0","0","0",,,"house",,,"0","Κωδικός ακινήτου: 4261 - Γουδή Άγιος Θωμάς ΕΝΟΙΚΙΑΖΕΤΑΙ ανακαινισμένο επιπλωμένο διαμέρισμα ημιυπόγειο συνολικής επιφάνειας 36 τ.μ. . Αποτελείται από 1 υπνοδωμάτιο, σαλόνι, κουζίνα, μπάνιο . Είναι κατασκευασμένο το 1980 με ενεργειακή κλάση Α και ανακαινίστηκε το 2022. Διαθέτει θέρμανση κεντρική - αέριο, κουφώματα αλουμινίου, πατώματα από πλακάκι και ξύλο, πόρτα ασφαλείας, εντοιχιζόμενες ντουλάπες, A/C, ηλεκτρικές συσκευές, σίτες, διπλά τζάμια, ηλιακό θερμοσίφωνα - Τιμή: 800 €Studio πλήρως εξοπλισμένο με όλες τις ηλεκτρικές συσκευές (πλυντηριο -στεγνωτήριο ,πλυντηριο πιάτων ,air conditioning),ολική ανακαίνιση το 2022.<br />
Λειτουργικό κ cozy!<br />
ΣΤΗΝ ΤΙΜΗ ΣΥΜΠΕΡΙΛΑΜΒΑΝΕΤΑΙ ΝΕΡΟ - ΡΕΥΜΑ - ΚΟΙΝΟΧΡΗΣΤΑ - INTERNET 200mb COSMOTE<br />
ΙΔΑΝΙΚΟ ΠΟΛΥ ΚΟΝΤΑ ΣΤΟ ΜΕΓΑΡΟ ΜΟΥΣΙΚΗΣ ΣΤΟ ΝΟΣΟΚΟΜΕΙΟ ΑΛΕΞΑΝΔΡΑ ΚΑΙ ΣΤΟ ΛΑΙΚΟ ΝΟΣΟΚΟΜΕΙΟ<br />
ΠΛΗΡΕΣ ΕΠΙΠΛΩΜΕΝΟ ΗΛΕΚΤΡΙΚΑ ΕΞΟΠΛΙΣΜΕΝΟ ΕΤΟΙΜΟ ΓΙΑ ΔΙΑΜΟΝΗ ΜΕ ΟΛΑ ΠΛΗΡΩΜΕΝΑ <br>",,"1",,"0","2","0","0","2024-02-28","2","10","0","yes","no","0","Αθήνα - Κέντρο (Αττική)","Γουδή (Αθήνα - Κέντρο)","1","105103","100","2011","6124",,"2","2","0","0","1","1215427822","https://m1.spitogatos.gr/280050612_1600x1200.jpg?v=20130730","https://m2.spitogatos.gr/280050619_1600x1200.jpg?v=20130730","https://m2.spitogatos.gr/280050625_1600x1200.jpg?v=20130730","https://m1.spitogatos.gr/280050633_1600x1200.jpg?v=20130730","https://m1.spitogatos.gr/280050642_1600x1200.jpg?v=20130730","https://m1.spitogatos.gr/280050654_1600x1200.jpg?v=20130730","https://m3.spitogatos.gr/280050668_1600x1200.jpg?v=20130730","https://m2.spitogatos.gr/280050679_1600x1200.jpg?v=20130730","https://m3.spitogatos.gr/280050683_1600x1200.jpg?v=20130730","https://m3.spitogatos.gr/280050686_1600x1200.jpg?v=20130730","https://m3.spitogatos.gr/280050689_1600x1200.jpg?v=20130730","https://m2.spitogatos.gr/280050691_1600x1200.jpg?v=20130730","https://m3.spitogatos.gr/280050692_1600x1200.jpg?v=20130730","https://m2.spitogatos.gr/280050694_1600x1200.jpg?v=20130730","https://m1.spitogatos.gr/280050699_1600x1200.jpg?v=20130730","https://m1.spitogatos.gr/280050708_1600x1200.jpg?v=20130730","https://m2.spitogatos.gr/280050718_1600x1200.jpg?v=20130730","https://m1.spitogatos.gr/280050726_1600x1200.jpg?v=20130730","https://m2.spitogatos.gr/280050736_1600x1200.jpg?v=20130730","https://m3.spitogatos.gr/280050743_1600x1200.jpg?v=20130730","https://m2.spitogatos.gr/280050751_1600x1200.jpg?v=20130730","https://m3.spitogatos.gr/280050761_1600x1200.jpg?v=20130730","https://m3.spitogatos.gr/280050770_1600x1200.jpg?v=20130730","https://m3.spitogatos.gr/280050779_1600x1200.jpg?v=20130730",,"0","0","2","1","37.982208",,"1","23.76433",,"0",,,"2026-05-18","0","0","0","0","1",,,"1","0","1",,"0","0","0","800",,,"0","0","0","0","22.22",,,"1","3","6","1","1","2022","0","7","1","0","1","1","36","0",,,"0","1","0","2024-02-28","https://www.spitogatos.gr/en/property/1215427822",,"0",,"1980",,"residential"
"1","1","no","simple","1","Ανδρέας","99687","Ζαραζάνης","+306982193290","1","0","0","0","2026-07-08","0","0","1","11","1","0",,"house","0","50","0","Διαμέρισμα Προς Ενοικίαση, όροφος: 1ος, στην περιοχή: Γουδή - Άγιος Θωμάς. Το εμβαδόν του ακινήτου είναι 62 τ.μ.. Αποτελείται από: 2 Υ/Δ (1 Master), 1 μπάνιο/α, 1 κουζίνα/ες, 1 σαλόνι/α, ενώ διαθέτει 1 θέσεις στάθμευσης (1 Στην πιλοτή). Έχει κατασκευαστεί το 2010. Η θέρμανση του ακινήτου είναι Αυτόνομη με Φυσικό αέριο, ενώ επίσης διατίθεται Κλιματισμός, Ηλιακός, Καλοριφέρ, έχει κουφώματα Αλουμινίου με Διπλά τζάμια, ενεργειακό πιστοποιητικό: Γ και τα δάπεδα είναι: Πλακάκια. Η κατάστασή του είναι: Φρεσκοβαμμένο, Καταπληκτική, βρίσκεται κοντά σε Ηλεκτρικό, Πάρκο, Σχολείο, Πλατεία, Εκκλησία, Λαική αγορά, Super Market, Αγορά, Εστίαση, έχει θέα Αστικό τοπίο. Το ακίνητο είναι Βαμμένο, Προσόψεως, Φωτεινό, Ευάερο, Ευήλιο, Διαμπερές, είναι κατάλληλο για Φοιτητές και επίσης διαθέτει τα παρακάτω χαρακτηριστικά και πλεονεκτήματα: Ασανσέρ, Αποθήκη, Πόρτα Ασφαλείας, Θυροτηλεόραση, Ησυχη γειτονιά, Οπτική ίνα, Βεράντα. Τιμή: €900.<br />
2 εγγυήσεις και 1 τρέχων.Δεν επιτρέπονται τα κατοικίδια. AGENDA PROPERTIES, Τηλέφωνο Επικοινωνίας: 2112164980, email: info.agenda.properties@gmail.com, website: https://agendaproperties.gr",,,"0","1","5","1","0","2026-07-08","6","4","0","no","yes","0","Αθήνα - Κέντρο (Αττική)","Γουδή (Αθήνα - Κέντρο)","1","105103","100","2011","6124","Double","1","2","0","0","1","1220330119","https://m1.spitogatos.gr/360888885_1600x1200.jpg?v=20130730","https://m3.spitogatos.gr/360888887_1600x1200.jpg?v=20130730","https://m1.spitogatos.gr/360888888_1600x1200.jpg?v=20130730","https://m3.spitogatos.gr/360888890_1600x1200.jpg?v=20130730","https://m2.spitogatos.gr/360888892_1600x1200.jpg?v=20130730","https://m3.spitogatos.gr/360888893_1600x1200.jpg?v=20130730","https://m3.spitogatos.gr/360888896_1600x1200.jpg?v=20130730","https://m1.spitogatos.gr/360888897_1600x1200.jpg?v=20130730","https://m1.spitogatos.gr/360888900_1600x1200.jpg?v=20130730","https://m3.spitogatos.gr/360888905_1600x1200.jpg?v=20130730","https://m1.spitogatos.gr/360888909_1600x1200.jpg?v=20130730","https://m3.spitogatos.gr/360888914_1600x1200.jpg?v=20130730","https://m2.spitogatos.gr/360888919_1600x1200.jpg?v=20130730","https://m2.spitogatos.gr/360888925_1600x1200.jpg?v=20130730","https://m1.spitogatos.gr/360888930_1600x1200.jpg?v=20130730","https://m2.spitogatos.gr/360888934_1600x1200.jpg?v=20130730","https://m2.spitogatos.gr/360888940_1600x1200.jpg?v=20130730","https://m3.spitogatos.gr/360888944_1600x1200.jpg?v=20130730","https://m1.spitogatos.gr/360888948_1600x1200.jpg?v=20130730","https://m3.spitogatos.gr/360888950_1600x1200.jpg?v=20130730","https://m1.spitogatos.gr/360888954_1600x1200.jpg?v=20130730","https://m1.spitogatos.gr/360888957_1600x1200.jpg?v=20130730","https://m2.spitogatos.gr/360888961_1600x1200.jpg?v=20130730","https://m2.spitogatos.gr/360888964_1600x1200.jpg?v=20130730","https://m2.spitogatos.gr/360888967_1600x1200.jpg?v=20130730","0","0","2","1","37.98291","1","1","23.763435",,"0","0","0","2026-07-18","0","0","0","0","1","5",,"1","0","0",,"0","0","0","900",,,"0","0","0","0","14.52",,,"1","3","6","1","0",,"0","1","2","0","1","1","62","1",,,"1","1","0","2026-07-08","https://www.spitogatos.gr/en/property/1220330119",,"1","0","2010","6_zTWYVkBxY","residential"
"1","3","no","simple","1","Αλέξιος","81463","Κοσμόπουλος","6986109593","0","1","0","0","2026-09-01","0","1","1","0","1","0",,"house","0","10","1","Διατίθεται προς ενοικίαση ανακαινισμένο διαμέρισμα 75 τ.μ., 3ου ορόφου, στην περιοχή Γουδή, Νοσοκομείο Παίδων. Το ακίνητο αποτελείται από δύο άνετα υπνοδωμάτια, ένα μπάνιο, μία λειτουργική κουζίνα και ευρύχωρο σαλόνι, προσφέροντας μία πρακτική και άνετη διαρρύθμιση. Κατασκευάστηκε το 1980 και ανακαινίστηκε, ενώ βρίσκεται σε πολύ καλή κατάσταση. Διαθέτει αυτόνομη θέρμανση με φυσικό αέριο, κλιματισμό και καλοριφέρ. Τα κουφώματα είναι αλουμινίου με διπλά ενεργειακά τζάμια και τα δάπεδα αποτελούνται από πλακάκι και ξύλο. Επιπλέον, διαθέτει τέντες, ασανσέρ, ηλεκτρικές συσκευές, αποθήκη, πόρτα ασφαλείας, προεγκατάσταση συναγερμού, laundry room (χώρο πλυντηρίου) και δύο πατάρια για επιπλέον αποθηκευτικό χώρο.<br />
<br />
Το διαμέρισμα είναι γωνιακό και φωτεινό, με ανατολικοδυτικό προσανατολισμό και θέα προς το αστικό τοπίο. Διαθέτει ενεργειακό πιστοποιητικό κατηγορίας Δ και προσφέρει ένα άνετο περιβάλλον διαβίωσης σε ιδιαίτερα προνομιακή τοποθεσία. Βρίσκεται σε εξαιρετικό σημείο, κοντά σε σταθμό Μετρό, συγκοινωνίες, το κέντρο της πόλης, την αγορά και χώρους εστίασης, προσφέροντας άμεση πρόσβαση σε όλες τις καθημερινές ανάγκες.<br />
<br />
Διαθεσιμότητα: 01/09/2026<br />
<br />
📍 Η αναφερόμενη τοποθεσία είναι ενδεικτική. Για περισσότερες πληροφορίες ή προγραμματισμό επίσκεψης:<br />
<br />
KOSMOS REAL ESTATE<br />
📞 Υπεύθυνος Ακινήτου: Αλέξης – 6986109593<br />
📧 info@kosmosrealestate.gr<br />
🌐 www.kosmosrealestate.gr",,,"0","1","6","0","0","2026-07-27","8","10","0","no","no","0","Αθήνα - Κέντρο (Αττική)","Γουδή (Αθήνα - Κέντρο)","1","105103","100","2011","6110","Double","1","2","0","0","1","1220497575","https://m1.spitogatos.gr/363396516_1600x1200.jpg?v=20130730","https://m1.spitogatos.gr/363396519_1600x1200.jpg?v=20130730","https://m3.spitogatos.gr/363396521_1600x1200.jpg?v=20130730","https://m1.spitogatos.gr/363396525_1600x1200.jpg?v=20130730","https://m3.spitogatos.gr/363396527_1600x1200.jpg?v=20130730","https://m2.spitogatos.gr/363396532_1600x1200.jpg?v=20130730","https://m2.spitogatos.gr/363396535_1600x1200.jpg?v=20130730","https://m3.spitogatos.gr/363396539_1600x1200.jpg?v=20130730","https://m3.spitogatos.gr/363396542_1600x1200.jpg?v=20130730","https://m1.spitogatos.gr/363396546_1600x1200.jpg?v=20130730","https://m1.spitogatos.gr/363396549_1600x1200.jpg?v=20130730","https://m3.spitogatos.gr/363396554_1600x1200.jpg?v=20130730","https://m3.spitogatos.gr/363396557_1600x1200.jpg?v=20130730","https://m3.spitogatos.gr/363396563_1600x1200.jpg?v=20130730","https://m1.spitogatos.gr/363396567_1600x1200.jpg?v=20130730","https://m1.spitogatos.gr/363396573_1600x1200.jpg?v=20130730","https://m2.spitogatos.gr/363396580_1600x1200.jpg?v=20130730","https://m3.spitogatos.gr/363396584_1600x1200.jpg?v=20130730",,,,,,,,"0","0","2","1","37.987827","1","1","23.766764",,"0","0","0","2026-07-29","0","0","0","0","1",,"2","0","0","0",,"0","0","0","800",,,"0","0","0","0","10.67",,,"1","3","6","1","1",,"0","1","2","0","1","0","75","1",,,"0","1","0","2026-07-27","https://www.spitogatos.gr/en/property/1220497575",,"1","0","1980",,"residential"
"1","Upper Ground","no","simple","1",,,,,"0","0","0","0","2026-03-16","0","0","0","1","1","0","false","house","0","0","0"," Κωδικός Ακινήτου: #10900 Γουδή, Νοσοκομείο Παίδων: Ενοικιάζεται πλήρως ανακαινισμένο διαμέρισμα 65 τ.μ., σε ημιώροφο πολυκατοικίας, το οποίο συνδυάζει άνεση και λειτουργικότητα. Το ακίνητο διαθέτει δύο ευρύχωρα υπνοδωμάτια, άνετο σαλόνι, ξεχωριστή κουζίνα και μπάνιο, προσφέροντας έναν πρακτικό και ευχάριστο χώρο διαβίωσης. Η πολυκατοικία είναι κατασκευής 1975, ενώ το διαμέρισμα βρίσκεται σε εξαιρετική κατάσταση και διαθέτει αυτόνομη θέρμανση φυσικού αερίου για μεγαλύτερη οικονομία και άνεση. Είναι εξοπλισμένο με κουφώματα αλουμινίου με διπλά τζάμια, πόρτα ασφαλείας, κλιματισμό, σίτες και δάπεδα από μάρμαρο και ξύλο που προσδίδουν κομψότητα και ανθεκτικότητα. Βρίσκεται σε ιδιαίτερα βολική τοποθεσία, πολύ κοντά σε μέσα μαζικής μεταφοράς και σε σημεία καθημερινής εξυπηρέτησης, αποτελώντας ιδανική επιλογή για άνετη κατοικία. Επιπλέον, επιτρέπονται τα κατοικίδια, γεγονός που το καθιστά κατάλληλο και για ιδιοκτήτες κατοικιδίων.<br><br />
 <br><br />
Τιμή 750€ | Κωδικός Ακινήτου: #10900<br><br />
 <br><br />
ΚΑΤΑ ΤΗΝ ΥΠΟΔΕΙΞΗ ΤΟΥ ΑΚΙΝΗΤΟΥ ΑΠΑΙΤΕΙΤΑΙ ΝΑ ΓΙΝΕΤΑΙ ΕΠΙΔΕΙΞΗ ΤΗΣ ΑΣΤΥΝΟΜΙΚΗΣ ΣΑΣ ΤΑΥΤΟΤΗΤΑΣ ΣΥΜΦΩΝΑ ΜΕ ΤΟΝ Ν.4072/11-04-2012 Φ.Ε.Κ 86Α<br /><br />ΤΑ ΣΤΟΙΧΕΙΑ ΤΩΝ ΑΚΙΝΗΤΩΝ ΕΙΝΑΙ ΚΑΤΑ ΔΗΛΩΣΗ ΤΟΥ ΙΔΙΟΚΤΗΤΗ<br /><br />ΑΚΙΝΗΤΑ ΑΠΟΚΛΕΙΣΤΙΚΗΣ ΔΙΑΘΕΣΗΣ ΜΕ ΦΩΤΟΓΡΑΦΙΕΣ ΠΟΥ ΔΙΑΧΕΙΡΙΖΕΤΑΙ Η ΕΤΑΙΡΙΑ ΜΑΣ ΘΑ ΒΡΕΙΤΕ ΣΤΗΝ ΙΣΤΟΣΕΛΙΔΑ ΜΑΣ<br /><br /> ►WEBSITE: www.tzelihome.gr<br /><br /> ✔ ΓΙΑ ΤΗΝ ΚΑΛΥΤΕΡΗ ΕΞΥΠΗΡΕΤΗΣΗ ΣΑΣ ΧΡΗΣΙΜΟΠΟΙΕΙΣΤΕ ΤΟΝ ΚΩΔΙΚΟ ΑΚΙΝΗΤΟΥ ΠΟΥ ΑΝΑΓΡΑΦΕΤΑΙ ΣΤΗΝ ΠΕΡΙΓΡΑΦΗ<br /> ✔ Η ΔΙΕΥΘΥΝΣΗ ΣΤΟΝ ΧΑΡΤΗ ΕΧΕΙ ΤΟΠΟΘΕΤΗΘΕΙ ΚΑΤΑ ΠΡΟΣΕΓΓΙΣΗ<br /> ✔ ΟΙ ΑΚΡΙΒΕΙΣ ΠΛΗΡΟΦΟΡΙΕΣ ΤΗΣ ΔΙΕΥΘΥΝΣΗΣ ΠΑΡΕΧΟΝΤΑΙ ΣΤΗΝ ΥΠΟΔΕΙΞΗ ΤΟΥ ΑΚΙΝΗΤΟΥ<br /><br /> ΜΕΣΙΤΙΚΟ ΓΡΑΦΕΙΟ TZELI HOME<br /> ΥΜΗΤΤΟΥ 41 , ΚΑΙΣΑΡΙΑΝΗ , ΤΚ 16121<br /><br /> ΕΠΙΚΟΙΝΩΝΗΣΤΕ ΜΑΖΙ ΜΑΣ:<br /> ►WEBSITE : www.tzelihome.gr<br /> ►E-MAIL : tzelihome@gmail.com<br /> ►ΚΙΝΗΤΟ : 6906.062.919 <br /> ►ΤΗΛΕΦΩΝΟ : 211.001.4573 & 211.001.4574<br>","8500",,"0","0","8","0","0","2026-03-16","4","6","0","no","no","0","Αθήνα - Κέντρο (Αττική)","Γουδή (Αθήνα - Κέντρο)","1","105103","100","2011","6110","Double","1","2","0","0","1","1219556057","https://m1.spitogatos.gr/347899203_1600x1200.jpg?v=20130730","https://m3.spitogatos.gr/347899205_1600x1200.jpg?v=20130730","https://m2.spitogatos.gr/347899207_1600x1200.jpg?v=20130730","https://m3.spitogatos.gr/347899208_1600x1200.jpg?v=20130730","https://m2.spitogatos.gr/347899210_1600x1200.jpg?v=20130730","https://m1.spitogatos.gr/347899212_1600x1200.jpg?v=20130730","https://m3.spitogatos.gr/347899214_1600x1200.jpg?v=20130730","https://m2.spitogatos.gr/347899216_1600x1200.jpg?v=20130730","https://m3.spitogatos.gr/347899217_1600x1200.jpg?v=20130730","https://m1.spitogatos.gr/347899218_1600x1200.jpg?v=20130730","https://m2.spitogatos.gr/347899219_1600x1200.jpg?v=20130730","https://m3.spitogatos.gr/347899220_1600x1200.jpg?v=20130730","https://m1.spitogatos.gr/347899221_1600x1200.jpg?v=20130730","https://m3.spitogatos.gr/347899223_1600x1200.jpg?v=20130730","https://m2.spitogatos.gr/347899225_1600x1200.jpg?v=20130730","https://m1.spitogatos.gr/347899227_1600x1200.jpg?v=20130730",,,,,,,,,,"0","0","2","1","37.986553","1","1","23.766369",,"0","0","0","2026-06-30","0","0","0","0","1",,"3","0","0","1","1","0","0","0","750",,,"0","0","0","0","11.54",,,"1","3","6","1","1","2026","0","1","2","0","1","0","65","0",,,"0","1","0","2026-03-16","https://www.spitogatos.gr/en/property/1219556057",,"0",,"1975","3xznpQUINQY","residential"
"1","5","no","simple","1",,,,,"1",,"0","0","2026-07-15","0","1","1","40","1","0",,"house","1","50",,"Διαμέρισμα τριών επιπέδων, στην περιοχή των Ιλισίων. Στο πρώτο επίπεδο (4ος όροφος) υπάρχει αποθήκη 3τμ. Στο δεύτερο επίπεδο (5ος όροφος) βρίσκεται το κυρίως διαμέρισμα με 2 υπνοδωμάτια, ένα μπάνιο, άνετο καθιστικό/τραπεζαρία και κουζίνα. Στο τρίτο επίπεδο (6ος όροφος / δώμα), βρίσκεται ένας ανεξάρτητος χώρος με μικρή κουζίνα, μπάνιο, δωμάτιο που μπορεί να χρησιμοποιηθεί είτε ως υπνοδωμάτιο είτε ως γραφείο.<br />
<br />
Τα διάφορα επίπεδα του διαμερίσματος επικοινωνούν μεταξύ τους με εσωτερική σκάλα, ενώ το ασανσέρ φτάνει στο επίπεδο του κυρίως διαμερίσματος εσωτερικά (είσοδος με ειδικό κλειδί).",,,"0","1","7","1","0","2026-07-15","10","10","0","yes","no","0","Αθήνα - Κέντρο (Αττική)","Γουδή (Αθήνα - Κέντρο)","1","105103","100","2011","6124","Double","3",,"0","0","1","1220392941","https://m3.spitogatos.gr/362206985_1600x1200.jpg?v=20130730","https://m3.spitogatos.gr/362206982_1600x1200.jpg?v=20130730","https://m1.spitogatos.gr/362206983_1600x1200.jpg?v=20130730","https://m3.spitogatos.gr/362206973_1600x1200.jpg?v=20130730","https://m1.spitogatos.gr/362206974_1600x1200.jpg?v=20130730","https://m1.spitogatos.gr/362206977_1600x1200.jpg?v=20130730","https://m2.spitogatos.gr/362206978_1600x1200.jpg?v=20130730","https://m3.spitogatos.gr/362206979_1600x1200.jpg?v=20130730","https://m1.spitogatos.gr/362206980_1600x1200.jpg?v=20130730","https://m3.spitogatos.gr/362206961_1600x1200.jpg?v=20130730","https://m2.spitogatos.gr/362206969_1600x1200.jpg?v=20130730","https://m3.spitogatos.gr/362206958_1600x1200.jpg?v=20130730","https://m1.spitogatos.gr/362206986_1600x1200.jpg?v=20130730","https://m2.spitogatos.gr/362206987_1600x1200.jpg?v=20130730","https://m2.spitogatos.gr/362206975_1600x1200.jpg?v=20130730","https://m2.spitogatos.gr/362206972_1600x1200.jpg?v=20130730","https://m1.spitogatos.gr/362206971_1600x1200.jpg?v=20130730","https://m1.spitogatos.gr/362206965_1600x1200.jpg?v=20130730","https://m3.spitogatos.gr/362206967_1600x1200.jpg?v=20130730","https://m3.spitogatos.gr/362206976_1600x1200.jpg?v=20130730","https://m1.spitogatos.gr/362206968_1600x1200.jpg?v=20130730","https://m1.spitogatos.gr/362206989_1600x1200.jpg?v=20130730",,,,"1","0",,"1","37.979778","3","1","23.75721",,"0","0","0","2026-07-17","1","0",,"0","2","6","11","1","1","0","1","0","0","0","1000",,,"0","0","0","0","13.33",,,"1",,,"1","1","2024","0",,"3","0","1","1","75","1","3","Σεβαστείας, 10, Αθήνα Ελλάδα, 11528","0","1","0","2026-07-15","https://www.spitogatos.gr/en/property/1220392941",,"1","1","1969",,"residential"
"1","Ground Floor","no","simple","1",,,,,"0","1","0","0","2026-02-26","0","0","0","0","1",,,"house",,,"1","Ενοικιάζεται διαμέρισμα ισόγειο 60 τμ  στην πιο όμορφη περιοχή του Κολωνακίου κοντά στον ωραίο κήπο της Μονής Πετράκη.<br />
Είναι πολύ φωτεινό , μοντέρνο,  με ανοιχτούς χώρους, πλήρως ανακαινισμένο κατάλληλο για κατοικία και επαγγελματική στέγη.<br />
Είναι κοντά στην πλατεία Δεξαμενής και την πλατεία Κολωνακίου, σε απόσταση αναπνοής απο το Μετρο του Ευαγγελισμού  και διακρίνεται για το υψηλού επίπεδο της περιοχής .<br />
<br />
<br />
Ενοικίαση, Διαμέρισμα,  Μπάνια: 1,  WC: 1,  Εμβαδόν: 60 τ.μ.,  Δωμάτια: 1,  Έτος κατασκευής: 1960,  Για φοιτητές,  Κλιματισμός,  Θέα,  Ασανσέρ,  Εσωτερική σκάλα,  Πόρτα ασφαλείας,  Συναγερμός,  Όροφος: Ισόγειο,  Κατάλληλο για Επαγγ. Χρήση,  Γωνιακό,  Πρόσοψης,  Επιτρέπονται κατοικίδια,  Δορυφορική κεραία,  Ανακαινισμένο,  Φωτεινό,  Κουφώματα: Αλουμινίου,  Τύπος δαπέδων: Ξύλο,  Θέρμανση: Κεντρική θέρμανση,  Μέσο θέρμανσης: Φυσικό αέριο,  Πρόσβαση από: Άσφαλτο,  Ζώνη: Οικιστική ζώνη,  Νεοκλασσικό,  Ενεργειακή κλάση: Δ,  Προσανατολισμός: Νοτιοανατολικός,  Ρεύμα: Τριφασικό",,"0",,"1","6","1","0","2026-02-18","3","2","1","no","no","0","Αθήνα - Κέντρο (Αττική)","Γουδή (Αθήνα - Κέντρο)","1","105103","100","2011","6124",,"2","2","0","0","1","1219408526","https://m2.spitogatos.gr/346137079_1600x1200.jpg?v=20130730","https://m1.spitogatos.gr/346137081_1600x1200.jpg?v=20130730","https://m1.spitogatos.gr/346137084_1600x1200.jpg?v=20130730","https://m2.spitogatos.gr/346137085_1600x1200.jpg?v=20130730","https://m3.spitogatos.gr/346137086_1600x1200.jpg?v=20130730","https://m2.spitogatos.gr/346137088_1600x1200.jpg?v=20130730","https://m1.spitogatos.gr/346137090_1600x1200.jpg?v=20130730","https://m3.spitogatos.gr/346137092_1600x1200.jpg?v=20130730","https://m3.spitogatos.gr/346137095_1600x1200.jpg?v=20130730","https://m2.spitogatos.gr/346137097_1600x1200.jpg?v=20130730",,,,,,,,,,,,,,,,"1","0","2","0","37.981392","1","0","23.759159",,"0",,,"2026-02-26","0","1","0","1","1",,"11","0","0","0","1","0","0","0","1500",,,"0","0","0","0","25",,,"1","3","6","1","1",,"0","1","1","1","1","0","60","0",,"Μιχαλακοπούλου 114, Αθήνα 115 27, Ελλάδα","1","1","0","2026-02-18","https://www.spitogatos.gr/en/property/1219408526",,"1",,"1960",,"residential"
"1","1","no","simple","1",,,,,"0","0","0","0","2026-03-11","0","1","1","14","1","0","false","house","0","0","0","Κωδικός Ακινήτου: #10830  Γουδή, Άγιος Θωμάς: Ενοικιάζεται πλήρως ανακαινισμένο και ιδιαίτερα ευρύχωρο διαμέρισμα 106 τ.μ., στον 1ο όροφο πολυκατοικίας με ασανσέρ, σε τοποθεσία με εύκολη πρόσβαση σε μέσα μαζικής μεταφοράς και βασικές υποδομές της πόλης. Το ακίνητο, κατασκευής 1970, προσφέρεται πλήρως επιπλωμένο και διαθέτει αυτόνομη θέρμανση φυσικού αερίου, προσφέροντας άνετη και οικονομική διαβίωση. Η διαρρύθμισή του περιλαμβάνει δύο άνετα υπνοδωμάτια, φωτεινό σαλόνι, ανεξάρτητη λειτουργική κουζίνα, μπάνιο και αποθήκη που προσφέρει επιπλέον αποθηκευτικό χώρο. Τα κουφώματα αλουμινίου με διπλά τζάμια συμβάλλουν στη θερμομόνωση και την ηχομόνωση του χώρου, ενώ η πόρτα ασφαλείας, ο κλιματισμός και οι τέντες ενισχύουν την άνεση και την πρακτικότητα της καθημερινότητας. Τα δάπεδα από μωσαϊκό και ξύλο προσδίδουν χαρακτήρα και ζεστασιά στο εσωτερικό, καθιστώντας το διαμέρισμα μια ιδιαίτερα ελκυστική επιλογή για όσους αναζητούν έναν άνετο και πλήρως εξοπλισμένο χώρο κατοικίας.<br><br />
 <br><br />
 <br><br />
Τιμή 1.300€ | Κωδικός Ακινήτου: #10830<br><br />
 <br><br />
ΚΑΤΑ ΤΗΝ ΥΠΟΔΕΙΞΗ ΤΟΥ ΑΚΙΝΗΤΟΥ ΑΠΑΙΤΕΙΤΑΙ ΝΑ ΓΙΝΕΤΑΙ ΕΠΙΔΕΙΞΗ ΤΗΣ ΑΣΤΥΝΟΜΙΚΗΣ ΣΑΣ ΤΑΥΤΟΤΗΤΑΣ ΣΥΜΦΩΝΑ ΜΕ ΤΟΝ Ν.4072/11-04-2012 Φ.Ε.Κ 86Α<br /><br />ΤΑ ΣΤΟΙΧΕΙΑ ΤΩΝ ΑΚΙΝΗΤΩΝ ΕΙΝΑΙ ΚΑΤΑ ΔΗΛΩΣΗ ΤΟΥ ΙΔΙΟΚΤΗΤΗ<br /><br />ΑΚΙΝΗΤΑ ΑΠΟΚΛΕΙΣΤΙΚΗΣ ΔΙΑΘΕΣΗΣ ΜΕ ΦΩΤΟΓΡΑΦΙΕΣ ΠΟΥ ΔΙΑΧΕΙΡΙΖΕΤΑΙ Η ΕΤΑΙΡΙΑ ΜΑΣ ΘΑ ΒΡΕΙΤΕ ΣΤΗΝ ΙΣΤΟΣΕΛΙΔΑ ΜΑΣ<br /><br /> ►WEBSITE: www.tzelihome.gr<br /><br /> ✔ ΓΙΑ ΤΗΝ ΚΑΛΥΤΕΡΗ ΕΞΥΠΗΡΕΤΗΣΗ ΣΑΣ ΧΡΗΣΙΜΟΠΟΙΕΙΣΤΕ ΤΟΝ ΚΩΔΙΚΟ ΑΚΙΝΗΤΟΥ ΠΟΥ ΑΝΑΓΡΑΦΕΤΑΙ ΣΤΗΝ ΠΕΡΙΓΡΑΦΗ<br /> ✔ Η ΔΙΕΥΘΥΝΣΗ ΣΤΟΝ ΧΑΡΤΗ ΕΧΕΙ ΤΟΠΟΘΕΤΗΘΕΙ ΚΑΤΑ ΠΡΟΣΕΓΓΙΣΗ<br /> ✔ ΟΙ ΑΚΡΙΒΕΙΣ ΠΛΗΡΟΦΟΡΙΕΣ ΤΗΣ ΔΙΕΥΘΥΝΣΗΣ ΠΑΡΕΧΟΝΤΑΙ ΣΤΗΝ ΥΠΟΔΕΙΞΗ ΤΟΥ ΑΚΙΝΗΤΟΥ<br /><br /> ΜΕΣΙΤΙΚΟ ΓΡΑΦΕΙΟ TZELI HOME<br /> ΥΜΗΤΤΟΥ 41 , ΚΑΙΣΑΡΙΑΝΗ , ΤΚ 16121<br /><br /> ΕΠΙΚΟΙΝΩΝΗΣΤΕ ΜΑΖΙ ΜΑΣ:<br /> ►WEBSITE : www.tzelihome.gr<br /> ►E-MAIL : tzelihome@gmail.com<br /> ►ΚΙΝΗΤΟ : 6906.062.919 <br /> ►ΤΗΛΕΦΩΝΟ : 211.001.4573 & 211.001.4574<br>","7500",,"0","1","8","0","0","2026-03-11","6","11","0","yes","no","0","Αθήνα - Κέντρο (Αττική)","Γουδή (Αθήνα - Κέντρο)","1","105103","100","2011","6124","Double","1","2","0","0","1","1219529829","https://m2.spitogatos.gr/347471074_1600x1200.jpg?v=20130730","https://m2.spitogatos.gr/347471077_1600x1200.jpg?v=20130730","https://m1.spitogatos.gr/347471079_1600x1200.jpg?v=20130730","https://m1.spitogatos.gr/347471082_1600x1200.jpg?v=20130730","https://m2.spitogatos.gr/347471086_1600x1200.jpg?v=20130730","https://m2.spitogatos.gr/347471089_1600x1200.jpg?v=20130730","https://m2.spitogatos.gr/347471092_1600x1200.jpg?v=20130730","https://m2.spitogatos.gr/347471095_1600x1200.jpg?v=20130730","https://m1.spitogatos.gr/347471097_1600x1200.jpg?v=20130730","https://m1.spitogatos.gr/347471100_1600x1200.jpg?v=20130730","https://m2.spitogatos.gr/347471104_1600x1200.jpg?v=20130730","https://m2.spitogatos.gr/347471107_1600x1200.jpg?v=20130730","https://m3.spitogatos.gr/347471111_1600x1200.jpg?v=20130730","https://m3.spitogatos.gr/347471114_1600x1200.jpg?v=20130730",,,,,,,,,,,,"0","0","2","1","37.982826","1","1","23.763403",,"0","0","0","2026-07-29","0","0","0","0","1",,"3","0","0","0",,"0","0","0","1300",,,"0","0","0","0","12.26",,,"1","3","6","1","1","2025","0","1","2","0","1","0","106","1",,,"0","1","0","2026-03-11","https://www.spitogatos.gr/en/property/1219529829",,"0",,"1970","RgzC7jLHKKw","residential"
