"AC","Floor Level","accessibleForDisabled","adType_code","adType_id","agentEmployee_firstName","agentEmployee_id","agentEmployee_lastName","agentEmployee_telephone","airy","alarm","attic","auction","availability","availableForDailyRent","awning","balcony","balconyArea","bright","builtInBBQ","category","caveBuilding","commonExpenses","corner","description","doubleGlass","electricCarChargingFacilities","elevator","energyClass","facade","fireplace","firstPublishDate","floorNumber","floorType","forCommercialUse","furnished","garage","garden","geographiesByLevel_2_fullName","geographiesByLevel_4_fullName","geographyParentIds_0","geographyParentIds_1","geographyParentIds_2","geographyParentIds_4","geographyParentIds_5","glassType","heatingController","heatingMedium","heatingUnderFloor","holidayHome","host_id","id","images/0","images/1","images/2","images/3","images/4","images/5","images/6","images/7","images/8","images/9","images/10","images/11","images/12","images/13","images/14","images/15","images/16","images/17","images/18","images/19","images/20","images/21","images/22","images/23","images/24","internal_stairs","investment","joinery","kitchens","latitude","levels","livingRooms","longitude","lotSize","luxHome","mannedReception","medicalOffice","modified","negotiablePrice","neoclassic","newDevelopment","nightPower","no_of_WC","no_of_bathrooms","numberOfFloors","orientation","painted","penthouse","pestNet","petsAllowed","playroom","pool","preserved","price","priceChangeDate","priceChangePercentage","priceIncludesInternet","priceIncludesPower","priceIncludesSharedExp","priceIncludesWater","pricePerSqMeters","pricePreReduction","priceReduced","propertyPublishingOptionIds/0","propertyPublishingOptionIds/1","propertyPublishingOptionIds/2","published","renovated","renovationYear","requiresRenovation","road_type","rooms","satelite","secure_door","solar_heater","sq_meters","storage","storageArea","streetAddress","studentHome","subtype","unfinished","uploaded","url","vTourUrl","view","wholeFloorApartment","year_of_construction","youtubeVideoId","zoning"
"1","Upper Ground","no","vip","4",,,,,"0","0","0","0","2026-07-27","0","0","0","0","0","0","house","0",,"0","Διαμέρισμα Προς Ενοικίαση, όροφος: Ημιόροφος, στην περιοχή: Πατήσια. Το εμβαδόν του ακινήτου είναι 30 τ.μ.. Αποτελείται από: 1 Υ/Δ, 1 μπάνιο/α. Έχει κατασκευαστεί το 1980 και ανακαινίστηκε το 2025, ενώ επίσης διατίθεται Κλιματισμός, έχει κουφώματα Αλουμινίου με Διπλά τζάμια, ενεργειακό πιστοποιητικό: Ζ και τα δάπεδα είναι: Ξύλο, Μάρμαρο και επίσης διαθέτει τα παρακάτω χαρακτηριστικά και πλεονεκτήματα: Ηλεκτρ. Συσκευές, Πόρτα Ασφαλείας. Τιμή: €390. Art Real Estate, Τηλέφωνο Επικοινωνίας: 6944676959, email: info@artrealestate.gr, website: https://www.artrealestate.gr/",,"0","0","8","0","0","2026-07-27","4","6","0","no","no","0","Αθήνα - Κέντρο (Αττική)","Πατήσια (Αθήνα - Κέντρο)","1","105103","100","2036",,"Double",,,"0","0","1","1220496343","https://m1.spitogatos.gr/363378696_1600x1200.jpg?v=20130730","https://m2.spitogatos.gr/363378700_1600x1200.jpg?v=20130730","https://m3.spitogatos.gr/363378707_1600x1200.jpg?v=20130730","https://m3.spitogatos.gr/363378713_1600x1200.jpg?v=20130730","https://m1.spitogatos.gr/363378720_1600x1200.jpg?v=20130730",,,,,,,,,,,,,,,,,,,,,"0","0","2","0","38.012131","1","0","23.73822",,"0","0","0","2026-07-28","0","0",,"0","0","1",,,"0","0","0",,"0","0","0","390",,,"0","0","0","0","13",,,"1","3","6","1","0",,"0",,"1","0","1","0","30","0",,,"0","1","0","2026-07-27","https://www.spitogatos.gr/en/property/1220496343",,"0","0","1980",,"residential"
"1","6","no","vip","4",,,,,"0","0","0","0","2026-06-30","0","1","1","0","0",,"house",,,"0","Αθήνα, Αμπελόκηποι, Μεζονέτα Προς Ενοικίαση, 78 τ.μ., Όροφος: 6ος, 2 Επίπεδο/α, 2 Υ/Δ 1 Μπάνιο/α, 1 WC, Θέρμανση: Αυτόνομη - Πετρέλαιο, Έτος κατασκευής: 2007, Ενεργειακό Πιστοποιητικό: Ε, Δάπεδα: Πλακάκια, Kουφώματα: Αλουμινίου, Χαρακτηριστικά: Ασανσέρ, Πόρτα Ασφαλείας, Θυροτηλεόραση, Αποθήκη, Εσωτερική Σκάλα, Διπλά Τζάμια, Τέντες, Βεράντες, Metro, Επιπλωμένο, Ρετιρέ, Κλιματισμός, Boiler, Προσανατολισμός: Προσόψεως,Φωτεινό, Τιμή: 1.100€. ΒΡΕΝΤΖΟΥ ΜΑΡΙΑ, Τηλ. Επικοινωνίας: 2106997799, email: eakinita@gmail.com","1",,"1","7","0","0","2026-06-30","11","4","0","yes","no","0","Αθήνα - Κέντρο (Αττική)","Αμπελόκηποι - Πεντάγωνο (Αθήνα - Κέντρο)","1","105103","100","6002","6106",,"1","1","0","0","1","1220269962","https://m1.spitogatos.gr/359920839_1600x1200.jpg?v=20130730","https://m1.spitogatos.gr/359920845_1600x1200.jpg?v=20130730","https://m3.spitogatos.gr/359920850_1600x1200.jpg?v=20130730","https://m2.spitogatos.gr/359920852_1600x1200.jpg?v=20130730","https://m2.spitogatos.gr/359920861_1600x1200.jpg?v=20130730","https://m2.spitogatos.gr/359920864_1600x1200.jpg?v=20130730","https://m1.spitogatos.gr/359920872_1600x1200.jpg?v=20130730","https://m2.spitogatos.gr/359920879_1600x1200.jpg?v=20130730","https://m1.spitogatos.gr/359920887_1600x1200.jpg?v=20130730","https://m2.spitogatos.gr/359920933_1600x1200.jpg?v=20130730",,,,,,,,,,,,,,,,"1","0","2","0","37.993862","2","0","23.768507",,"0",,,"2026-07-28","0","0",,"0","1","1",,,"0","1","0",,"0","0","0","1100",,,"0","0","0","0","14.1",,,"1","3","6","1","0",,"0","1","2","0","1","0","78","0",,,"0","3","0","2026-06-30","https://www.spitogatos.gr/en/property/1220269962",,"0",,"2007",,
"1","2","no","vip","14",,,,,"1","0","0","0","2026-03-30","0","0","0","0","1","0","house","0",,"1","Ενοικιάζεται διαμέρισμα 95 τ.μ. στον 2ο όροφο, στην ιδιαίτερα προνομιακή περιοχή της Αιξωνής Γλυφάδας. Πρόκειται για ένα φωτεινό, διαμπερές και γωνιακό ακίνητο, με ανοιχτή θέα και άριστο φυσικό φωτισμό, ιδανικό για αυτούς που αναζητούν άνεση και ποιότητα διαβίωσης σε μια ήσυχη γειτονιά.<br />
<br />
Το διαμέρισμα διαθέτει τρία ευρύχωρα υπνοδωμάτια, άνετο σαλόνι, ανεξάρτητη κουζίνα και δύο μπάνια. Έχει κατασκευαστεί το 1978 και βρίσκεται σε πολύ καλή κατάσταση. Διαθέτει αυτόνομη θέρμανση με ρεύμα, κλιματισμό, κουφώματα αλουμινίου, δάπεδα από ξύλο και μάρμαρο, πόρτα ασφαλείας, ασανσέρ και ηλεκτρικές συσκευές. Επιπλέον, περιλαμβάνει μία θέση στάθμευσης στην πιλοτή.<br />
<br />
Οι κοινόχρηστοι χώροι περιβάλλονται από όμορφο κήπο με γκαζόν και δέντρα, δημιουργώντας ένα ευχάριστο και ήρεμο περιβάλλον. Η τοποθεσία του ακινήτου εξασφαλίζει άμεση πρόσβαση σε μέσα μεταφοράς, σχολεία, πάρκα, πλατείες, εκκλησία και σούπερ μάρκετ, καλύπτοντας κάθε καθημερινή ανάγκη.<br />
<br />
Τιμή ενοικίου: 1.200€ μηνιαίως, με τα κοινόχρηστα να περιλαμβάνονται στην τιμή.",,"0","1","10","1","1","2026-03-30","7","6","0","no","yes","1","Αθήνα - Νότια Προάστια (Αττική)","Γλυφάδα (Αθήνα - Νότια Προάστια)","1","105103","102","2208","106283",,"1","4","0","0","1","1219633166","https://m2.spitogatos.gr/357450040_1600x1200.jpg?v=20130730","https://m2.spitogatos.gr/357450049_1600x1200.jpg?v=20130730","https://m3.spitogatos.gr/357450056_1600x1200.jpg?v=20130730","https://m3.spitogatos.gr/357450065_1600x1200.jpg?v=20130730","https://m2.spitogatos.gr/357450073_1600x1200.jpg?v=20130730","https://m2.spitogatos.gr/357450082_1600x1200.jpg?v=20130730","https://m2.spitogatos.gr/357450091_1600x1200.jpg?v=20130730","https://m3.spitogatos.gr/357450101_1600x1200.jpg?v=20130730","https://m1.spitogatos.gr/357450111_1600x1200.jpg?v=20130730","https://m2.spitogatos.gr/357450118_1600x1200.jpg?v=20130730","https://m3.spitogatos.gr/357450131_1600x1200.jpg?v=20130730","https://m3.spitogatos.gr/357450140_1600x1200.jpg?v=20130730","https://m3.spitogatos.gr/357450152_1600x1200.jpg?v=20130730","https://m2.spitogatos.gr/357450163_1600x1200.jpg?v=20130730","https://m2.spitogatos.gr/357450175_1600x1200.jpg?v=20130730","https://m3.spitogatos.gr/357450185_1600x1200.jpg?v=20130730","https://m2.spitogatos.gr/357450190_1600x1200.jpg?v=20130730","https://m1.spitogatos.gr/357450198_1600x1200.jpg?v=20130730","https://m2.spitogatos.gr/357450319_1600x1200.jpg?v=20130730","https://m3.spitogatos.gr/357450323_1600x1200.jpg?v=20130730","https://m2.spitogatos.gr/357450328_1600x1200.jpg?v=20130730","https://m2.spitogatos.gr/357450343_1600x1200.jpg?v=20130730","https://m2.spitogatos.gr/357450346_1600x1200.jpg?v=20130730","https://m1.spitogatos.gr/357450351_1600x1200.jpg?v=20130730",,"0","0","2","1","37.85825","1","1","23.76713",,"0","0","0","2026-07-28","0","0",,"0","0","2",,,"0","0","0",,"0","0","0","1200",,,"0","0","0","0","12.63",,,"1","3","6","1","0",,"0","1","3","0","1","0","95","0",,,"0","1","0","2026-03-30","https://www.spitogatos.gr/en/property/1219633166",,"1","0","1978","JXMf_I2UZls","residential"
"1","4","no","vip","4",,,,,"1","0","0","0","2026-06-12","0","1","0","0","1","0","house","0",,"1","Στον 4ο όροφο σε μια ήσυχη και όμορφη περιοχή στα Ιλίσια ενοικιάζεται διαμέρισμα 108 τ.μ.. Αποτελείται από 3 υπνοδωμάτια, 1 μπάνιο, 1 wc, κουζίνα  εξοπλισμένη με φούρνο, εστίες και πλυντήριο πιάτων και σαλόνι. Έχει κατασκευαστεί το 1977 και ανακαινίστηκε πλήρως το 2026. Η θέρμανση του ακινήτου είναι αυτόνομη με φυσικό αέριο και διαθέτει και κλιματισμό. Τα  κουφώματα του είναι αλουμινίου με διπλά τζάμια. Το δάπεδο είναι ξύλο και πλακακι. Σε απόσταση  10 λεπτών βρίσκεται το μετρό, ενώ είναι κοντά σε αγορά,  πάρκο αλλά και στο Μέγαρο Μουσικής. Από το μπαλκόνι  του μπορείτε να απολαύσετε  θέα στον Λυκαβηττό. Πρόκειται για ένα πολύ φωτεινό οροφοδιαμερισμα.  Το διαμέρισμα διαθέτει επίσης τέντες. Μια ιδανική επιλογή για όσους αναζητούν κατοικία κοντά στο κέντρο της πόλης και σε ήσυχη περιοχή. TheWayHome, Τηλέφωνο Επικοινωνίας: 2108952410, email: info@thewayhome.gr",,"0","1","10","0","0","2026-06-12","9","10","0","no","no","0","Αθήνα - Κέντρο (Αττική)","Ιλίσια (Αθήνα - Κέντρο)","1","105103","100","2015",,"Double","1","2","0","0","1","1220109869","https://m2.spitogatos.gr/361736623_1600x1200.jpg?v=20130730","https://m1.spitogatos.gr/361736625_1600x1200.jpg?v=20130730","https://m2.spitogatos.gr/361736629_1600x1200.jpg?v=20130730","https://m3.spitogatos.gr/361736630_1600x1200.jpg?v=20130730","https://m3.spitogatos.gr/361736633_1600x1200.jpg?v=20130730","https://m2.spitogatos.gr/361736638_1600x1200.jpg?v=20130730","https://m1.spitogatos.gr/361063317_1600x1200.jpg?v=20130730","https://m2.spitogatos.gr/361063321_1600x1200.jpg?v=20130730","https://m2.spitogatos.gr/361736671_1600x1200.jpg?v=20130730","https://m3.spitogatos.gr/361736681_1600x1200.jpg?v=20130730","https://m2.spitogatos.gr/361063333_1600x1200.jpg?v=20130730","https://m3.spitogatos.gr/361063337_1600x1200.jpg?v=20130730","https://m3.spitogatos.gr/361063340_1600x1200.jpg?v=20130730","https://m2.spitogatos.gr/361063342_1600x1200.jpg?v=20130730","https://m3.spitogatos.gr/361063343_1600x1200.jpg?v=20130730","https://m3.spitogatos.gr/361063346_1600x1200.jpg?v=20130730","https://m1.spitogatos.gr/361063350_1600x1200.jpg?v=20130730","https://m2.spitogatos.gr/361063354_1600x1200.jpg?v=20130730","https://m3.spitogatos.gr/361063358_1600x1200.jpg?v=20130730","https://m1.spitogatos.gr/361063362_1600x1200.jpg?v=20130730",,,,,,"0","0","2","1","37.977211","1","1","23.75769",,"0","0","0","2026-07-28","0","0",,"0","1","1",,,"1","0","1",,"0","0","0","1400",,,"0","0","0","0","12.96",,,"1","3","6","1","1","2026","0","1","3","0","1","0","108","0",,,"0","1","0","2026-06-12","https://www.spitogatos.gr/en/property/1220109869",,"1","1","1977","JXMf_I2UZls","residential"
"1","3",,"vip","4","ΠΑΥΛΟΣ","74683","ΠΑΝΤΕΛΕΗΜΟΝΙΤΗΣ",,"1","0","0","0","2026-07-16","0","0","1","5","1",,"house",,"75","0","ΙΣΤΟΡΙΚΟ ΚΕΝΤΡΟ, Ακρόπολη – Ενοικιάζεται διαμπερές διαμέρισμα 103 τ.μ., 3ου ορόφου, σε καλοδιατηρημένη πολυκατοικία του 2009, με εργασίες φρεσκαρίσματος (βαψίματα σε εξέλιξη).<br />
<br />
Αποτελείται από:<br />
<br />
* Ευρύχωρο σαλόνι<br />
* Open-plan κουζίνα<br />
* Μεγάλη βεράντα πρόσοψης με ανοιχτωσιά<br />
* 2 ευρύχωρα υπνοδωμάτια με δική τους βεράντα<br />
* 1 μπάνιο<br />
* 1 WC επισκεπτών<br />
* Αποθήκη ισογείου 8 τ.μ.<br />
* 1 κλειστή θέση στάθμευσης<br />
<br />
Πρόσθετα χαρακτηριστικά περιλαμβάνουν:<br />
<br />
* Κεντρική θέρμανση φυσικού αερίου<br />
* Κλιματιστικές μονάδες σε όλους τους χώρους<br />
* Κουφώματα αλουμινίου με διπλά τζάμια<br />
* Δάπεδα από πλακάκι και ξύλο τύπου παρκέ<br />
* Ηλεκτρικές συσκευές<br />
* Ηλεκτρικά ρολά<br />
* Πόρτα ασφαλείας<br />
<br />
Βρίσκεται σε εξαιρετικό σημείο, λίγα μόλις μέτρα από τον σταθμό μετρό «Ακρόπολη», την αγορά της Πλάκας και τον πεζόδρομο της Μακρυγιάννη, με άμεση πρόσβαση σε καταστήματα, χώρους εστίασης και όλες τις ανέσεις που προσφέρει η περιοχή.<br />
<br />
Τιμή €2.000 (κωδ. 17343)<br />
DOVAS Real Estate 📍 Εδρεύουμε στην Κηφισιά (Κολοκοτρώνη 4, 📞 210 6230 900)  και στο Κολωνάκι (Ακαδημίας 16, 📞 211 7506 849).  Το χαρτοφυλάκιό μας ανανεώνεται καθημερινά με νέα ακίνητα.","0",,"1","5","1","0","2026-06-16","8","10","0","no","yes","0","Αθήνα - Κέντρο (Αττική)","Κουκάκι - Μακρυγιάννη (Αθήνα - Κέντρο)","1","105103","100","6011","2028","Double","2","2","0","0","1","1220135869","https://m2.spitogatos.gr/357494146_1600x1200.jpg?v=20130730","https://m2.spitogatos.gr/357494149_1600x1200.jpg?v=20130730","https://m1.spitogatos.gr/357494151_1600x1200.jpg?v=20130730","https://m2.spitogatos.gr/357494152_1600x1200.jpg?v=20130730","https://m1.spitogatos.gr/357494154_1600x1200.jpg?v=20130730","https://m1.spitogatos.gr/357494157_1600x1200.jpg?v=20130730","https://m2.spitogatos.gr/357494158_1600x1200.jpg?v=20130730","https://m2.spitogatos.gr/357494161_1600x1200.jpg?v=20130730","https://m1.spitogatos.gr/357494163_1600x1200.jpg?v=20130730","https://m2.spitogatos.gr/357494164_1600x1200.jpg?v=20130730","https://m3.spitogatos.gr/357494165_1600x1200.jpg?v=20130730","https://m1.spitogatos.gr/357494169_1600x1200.jpg?v=20130730","https://m2.spitogatos.gr/357494170_1600x1200.jpg?v=20130730","https://m3.spitogatos.gr/357494171_1600x1200.jpg?v=20130730","https://m3.spitogatos.gr/357494183_1600x1200.jpg?v=20130730","https://m1.spitogatos.gr/357494184_1600x1200.jpg?v=20130730","https://m2.spitogatos.gr/357494185_1600x1200.jpg?v=20130730","https://m1.spitogatos.gr/357494187_1600x1200.jpg?v=20130730","https://m2.spitogatos.gr/357494188_1600x1200.jpg?v=20130730","https://m3.spitogatos.gr/357494189_1600x1200.jpg?v=20130730","https://m1.spitogatos.gr/357494190_1600x1200.jpg?v=20130730","https://m1.spitogatos.gr/357494193_1600x1200.jpg?v=20130730","https://m3.spitogatos.gr/357494195_1600x1200.jpg?v=20130730","https://m1.spitogatos.gr/357494196_1600x1200.jpg?v=20130730","https://m3.spitogatos.gr/357494198_1600x1200.jpg?v=20130730","0","0","2","1","37.968628","1","1","23.729944",,"0",,,"2026-07-28","0","0",,"1","1","1",,"5","1","0","0",,"0","0","0","2000",,,"0","0","0","0","19.42",,,"1","3","6","1","1",,"0","1","2","0","1","0","103","1","8",,"0","1","0","2026-06-16","https://www.spitogatos.gr/en/property/1220135869",,"1",,"2009",,"residential"
"0","1",,"vip","4",,,,,"1","0","0","0","2026-07-25","0","1","1","0","1","0","house","0",,"1","Εξαιρετικό ηλιόλουστο οροφοδιαμέρισμα 120 τ.μ., σε προνομιακή τοποθεσία, σε μικρή απόσταση από το κέντρο του Αμαρουσίου και τον σταθμό ΗΣΑΠ, με άμεση πρόσβαση σε αγορά, σχολεία και συγκοινωνίες.<br />
Το διαμέρισμα διαθέτει ευρύχωρο και φωτεινό σαλόνι, ανεξάρτητη κουζίνα, τρία άνετα υπνοδωμάτια και ένα μπάνιο. Οι μεγάλες βεράντες με τέντες προσφέρουν άνετους χώρους για χαλάρωση και καθημερινή χρήση.<br />
Είναι εξοπλισμένο με κουφώματα αλουμινίου με διπλά ενεργειακά τζάμια, ενώ διαθέτει πλήρως αυτόνομη θέρμανση φυσικού αερίου με ατομικό  λέβητα, εξασφαλίζοντας οικονομία και άνεση όλο τον χρόνο.<br />
Μια ιδανική επιλογή για οικογένειες ή όσους αναζητούν μια ευρύχωρη κατοικία σε μία από τις πιο περιζήτητες περιοχές των βορείων προαστίων.<br />
Θέα οικιστική.<br />
Μεσιτικό Καρώνη τηλ. 2106125826, 6932535700<br />
www.mesitikokaroni.gr",,"0","0","6","1","0","2026-07-25","6","6","0","no","no","1","Αθήνα - Βόρεια Προάστια (Αττική)","Μαρούσι (Αθήνα - Βόρεια Προάστια)","1","105103","101","2111","106298","Double","1","2","0","0","1","1220486046","https://m2.spitogatos.gr/363224077_1600x1200.jpg?v=20130730","https://m2.spitogatos.gr/363224095_1600x1200.jpg?v=20130730","https://m2.spitogatos.gr/363224089_1600x1200.jpg?v=20130730","https://m2.spitogatos.gr/363224092_1600x1200.jpg?v=20130730","https://m1.spitogatos.gr/363224082_1600x1200.jpg?v=20130730","https://m3.spitogatos.gr/363224090_1600x1200.jpg?v=20130730","https://m1.spitogatos.gr/363224085_1600x1200.jpg?v=20130730","https://m3.spitogatos.gr/363224093_1600x1200.jpg?v=20130730","https://m1.spitogatos.gr/363224094_1600x1200.jpg?v=20130730","https://m3.spitogatos.gr/363224087_1600x1200.jpg?v=20130730","https://m1.spitogatos.gr/363224088_1600x1200.jpg?v=20130730","https://m1.spitogatos.gr/363224091_1600x1200.jpg?v=20130730","https://m2.spitogatos.gr/363224890_1600x1200.jpg?v=20130730","https://m2.spitogatos.gr/363224083_1600x1200.jpg?v=20130730","https://m3.spitogatos.gr/363224783_1600x1200.jpg?v=20130730","https://m3.spitogatos.gr/363224084_1600x1200.jpg?v=20130730","https://m1.spitogatos.gr/363224079_1600x1200.jpg?v=20130730","https://m3.spitogatos.gr/363224078_1600x1200.jpg?v=20130730","https://m3.spitogatos.gr/363224081_1600x1200.jpg?v=20130730","https://m1.spitogatos.gr/363224781_1600x1200.jpg?v=20130730","https://m2.spitogatos.gr/363224080_1600x1200.jpg?v=20130730",,,,,"0","0","2","1","38.05328","1","1","23.798809",,,"0",,"2026-07-28","1","0",,"0","0","1","2","10","1",,"0",,"0","0","0","1100",,,"0","0","0","0","9.17",,,"1","3","6","1","1","2025","0","1","3","0","1","0","120","0",,,"0","1","0","2026-07-25","https://www.spitogatos.gr/en/property/1220486046",,"1","1","1981",,"residential"
"0","Ground Floor",,"vip","4","Αλέξανδρος","2918","Δόβας","","1","1","0","0","2026-07-21","0","0","1","0","1",,"house",,"0","0","ΚΗΦΙΣΙΑ, Πολιτεία - Διαμέρισμα 90τμ, μη επιπλωμένο, 1 υ/δ, 1 master, ισόγειο (90τμ), εξαιρετική κατάσταση, κατασκευή 1990, ανακαίνιση 2026, ενεργειακή κλάση Β, σαλόνι, χωλ, κουζίνα, μπάνιο, wc, αυτόνομη θέρμανση (πετρέλαιο), ήσυχο, διαμπερές, φωτεινό, πρόσοψης, βαμμένο, boiler, βεράντες, κήπος, κουφώματα αλουμινίου, διπλά τζάμια, τύπος δαπέδων ξύλο, ανεξάρτητη κουζίνα, συναγερμός, επιτρέπονται κατοικίδια, εντός σχεδίου, οικιστική ζώνη, πρόσβαση: άσφαλτο, πλησίον πλατεία (έως 100μ).<br />
Ισόγειο διαμέρισμα κοντά στην Πλατεία Πολιτείας με ένα μάστερ υ/δ, ένα βεσέ, άνετο σαλόνι, πολύ μεγάλη κουζίνα, βεράντα και ωραίο κηπάκο. Έχει ανακαινισμένο μπάνιο στο υ/δ, καινούρια κουφώματα αλουμινίου, συναγερμό, θέρμανση πετρελαίου αυτόνομη. Αρκετά φωτεινό και λειτουργικό.<br />
Τιμή €1.180 (κωδ. 16870)<br />
DOVAS Real Estate 📍 Εδρεύουμε στην Κηφισιά (Κολοκοτρώνη 4, 📞 210 6230 900)  και στο Κολωνάκι (Ακαδημίας 16, 📞 211 7506 849).  Το χαρτοφυλάκιό μας ανανεώνεται καθημερινά με νέα ακίνητα.","0",,"0","4","1","0","2026-04-24","3","2","0","no","no","1","Αθήνα - Βόρεια Προάστια (Αττική)","Κηφισιά (Αθήνα - Βόρεια Προάστια)","1","105103","101","2108","106326","Double","1","1","0","0","1","1219724974","https://m2.spitogatos.gr/350698504_1600x1200.jpg?v=20130730","https://m3.spitogatos.gr/350698505_1600x1200.jpg?v=20130730","https://m1.spitogatos.gr/350698512_1600x1200.jpg?v=20130730","https://m3.spitogatos.gr/350698526_1600x1200.jpg?v=20130730","https://m1.spitogatos.gr/350698527_1600x1200.jpg?v=20130730","https://m3.spitogatos.gr/350698532_1600x1200.jpg?v=20130730","https://m3.spitogatos.gr/350698535_1600x1200.jpg?v=20130730","https://m3.spitogatos.gr/350698538_1600x1200.jpg?v=20130730","https://m3.spitogatos.gr/350698541_1600x1200.jpg?v=20130730","https://m3.spitogatos.gr/350698544_1600x1200.jpg?v=20130730","https://m1.spitogatos.gr/350698548_1600x1200.jpg?v=20130730",,,,,,,,,,,,,,,"0","0","2","1","38.083698","1","1","23.831345",,"0",,,"2026-07-28","0","0",,"0","1","1",,,"1","0","0","1","0","0","0","1180","2026-07-21 12:14:31","8","0","0","0","0","13.11","1280","true","1","3","6","1","1","2026","0","1","1","0","0","0","90","0",,,"0","1","0","2026-04-16","https://www.spitogatos.gr/en/property/1219724974",,"0",,"1990",,"residential"
"0","3",,"vip","4","Σοφία","39106","Τιμοθέου",,"0","1","0","0","2026-07-07","0","0","1","0","1",,"house",,"30","0","ΜΑΡΟΥΣΙ - Διαμέρισμα 150τμ σε οικόπεδο 2000τμ, 3 υ/δ, 1 master, 3ος, εξαιρετική κατάσταση, κατασκευή 2007, ενεργειακή κλάση Γ, σαλόνι, κουζίνα, 2 μπάνια, wc, αυτόνομη θέρμανση (φυσικό αέριο), μία κλειστή θέση parking, ήσυχο, φωτεινό, πρόσοψης, βαμμένο, ηλεκτρικά ρολά, αποθήκη 5τμ, ηλιακός, τζάκι, βεράντες, μεγάλες βεράντες, ασανσέρ, κήπος, κουφώματα αλουμινίου, διπλά τζάμια, σίτες, τύπος δαπέδων πλακάκι & ξύλο, τριφασικό ρεύμα, νυχτερινό ρεύμα, πόρτα ασφαλείας, συναγερμός, θυροτηλεόραση, εντός σχεδίου, οικιστική ζώνη, προσανατολισμός βορειοανατολικός, πρόσβαση: άσφαλτο.<br />
ΜΑΡΟΥΣΙ – Εξαιρετικό διαμέρισμα 150 τ.μ. με μεγάλες βεράντες και κλειστή θέση στάθμευσης<br />
<br />
Διατίθεται προς ενοικίαση φωτεινό και ιδιαίτερα προσεγμένο διαμέρισμα 150 τ.μ., στον 3ο όροφο σύγχρονης πολυκατοικίας, σε οικόπεδο 2.000 τ.μ., σε ήσυχη οικιστική περιοχή του Αμαρουσίου.<br />
Η κατοικία διαθέτει άνετο χώρο υποδοχής με τζάκι, τραπεζαρία και ενιαία (open plan) κουζίνα, προσφέροντας λειτουργικότητα και άνεση στην καθημερινότητα. Αποτελείται από τρία ευρύχωρα υπνοδωμάτια, εκ των οποίων το ένα είναι master με ιδιωτικό μπάνιο, ένα επιπλέον πλήρες μπάνιο που εξυπηρετεί τα υπόλοιπα δύο υπνοδωμάτια, καθώς και ένα WC επισκεπτών.<br />
Οι μεγάλες βεράντες προσφέρουν άπλετο φυσικό φως και ευχάριστους χώρους εξωτερικής διαβίωσης, ενώ ο βορειοανατολικός προσανατολισμός εξασφαλίζει δροσιά και φωτεινότητα καθ' όλη τη διάρκεια της ημέρας.<br />
Το διαμέρισμα βρίσκεται σε εξαιρετική κατάσταση και διαθέτει αυτόνομη θέρμανση φυσικού αερίου, ηλιακό θερμοσίφωνα, ηλεκτρικά ρολά, κουφώματα αλουμινίου με διπλά ενεργειακά τζάμια και σίτες, δάπεδα από πλακάκι και ξύλο, πόρτα ασφαλείας, συναγερμό, θυροτηλεόραση, τριφασικό και νυχτερινό ρεύμα, καθώς και ανελκυστήρα.<br />
Στην κατοικία αντιστοιχούν μία κλειστή θέση στάθμευσης και αποθήκη 5 τ.μ. στο υπόγειο. Το κτίριο περιβάλλεται από όμορφα διαμορφωμένο κοινόχρηστο κήπο και διαθέτει εύκολη πρόσβαση από ασφαλτοστρωμένο δρόμο.<br />
<br />
Χαρακτηριστικά:<br />
•	150 τ.μ.<br />
•	3ος όροφος<br />
•	3 υπνοδωμάτια (1 master)<br />
•	2 μπάνια + 1 WC<br />
•	Σαλόνι με τζάκι<br />
•	Open plan κουζίνα<br />
•	Αυτόνομη θέρμανση φυσικού αερίου<br />
•	Ηλιακός θερμοσίφωνας<br />
•	Κλειστή θέση στάθμευσης<br />
•	Αποθήκη 5 τ.μ.<br />
•	Μεγάλες βεράντες<br />
•	Ασανσέρ<br />
•	Ηλεκτρικά ρολά<br />
•	Κουφώματα αλουμινίου με διπλά τζάμια και σίτες<br />
•	Πόρτα ασφαλείας, συναγερμός, θυροτηλεόραση<br />
•	Ενεργειακή κλάση Γ<br />
<br />
Μια εξαιρετική επιλογή για όσους αναζητούν μία ευρύχωρη, ποιοτική κατοικία σε προνομιακή και ήσυχη περιοχή του Αμαρουσίου.<br />
<br />
Τιμή €1.800 (κωδ. 17390)<br />
DOVAS Real Estate 📍 Εδρεύουμε στην Κηφισιά (Κολοκοτρώνη 4, 📞 210 6230 900)  και στο Κολωνάκι (Ακαδημίας 16, 📞 211 7506 849).  Το χαρτοφυλάκιό μας ανανεώνεται καθημερινά με νέα ακίνητα.","0",,"1","5","1","1","2026-07-07","8","10","0","no","yes","1","Αθήνα - Βόρεια Προάστια (Αττική)","Μαρούσι (Αθήνα - Βόρεια Προάστια)","1","105103","101","2111",,"Double","1","2","0","0","1","1220319863","https://m1.spitogatos.gr/360724263_1600x1200.jpg?v=20130730","https://m1.spitogatos.gr/360724266_1600x1200.jpg?v=20130730","https://m3.spitogatos.gr/360724268_1600x1200.jpg?v=20130730","https://m3.spitogatos.gr/360724271_1600x1200.jpg?v=20130730","https://m1.spitogatos.gr/360724275_1600x1200.jpg?v=20130730","https://m3.spitogatos.gr/360724277_1600x1200.jpg?v=20130730","https://m2.spitogatos.gr/360724279_1600x1200.jpg?v=20130730","https://m2.spitogatos.gr/360724282_1600x1200.jpg?v=20130730","https://m3.spitogatos.gr/360724286_1600x1200.jpg?v=20130730","https://m1.spitogatos.gr/360724290_1600x1200.jpg?v=20130730","https://m1.spitogatos.gr/360724293_1600x1200.jpg?v=20130730","https://m2.spitogatos.gr/360724297_1600x1200.jpg?v=20130730","https://m1.spitogatos.gr/360724299_1600x1200.jpg?v=20130730","https://m1.spitogatos.gr/360724302_1600x1200.jpg?v=20130730",,,,,,,,,,,,"0","0","2","1","38.051315","1","1","23.796934","2000","0",,,"2026-07-28","0","0",,"1","1","2",,"5","1","0","1",,"0","0","0","1800",,,"0","0","0","0","12",,,"1","3","6","1","0",,"0","1","3","0","1","1","150","1","5",,"0","1","0","2026-07-07","https://www.spitogatos.gr/en/property/1220319863",,"0",,"2007",,"residential"
"1","4",,"vip","4","Ευάγγελος","2945","Σταματόπουλος","","1","1","0","0","2026-07-26","0","0","1","0","1",,"house",,"0","1","ΜΑΡΟΥΣΙ, Παράδεισος - Διαμέρισμα 138τμ, 3 υ/δ, 4ος, ανακαινισμένο, κατασκευή 1980, ανακαίνιση 2026, ενεργειακή κλάση Ε, σαλόνι, κουζίνα, 2 μπάνια, κεντρική θέρμανση (φυσικό αέριο), κλιματισμός, μία θέση parking στην πιλοτή, ήσυχο, διαμπερές, φωτεινό, γωνιακό, θέα πανοραμική, πρόσοψης, βαμμένο, αποθήκη, ηλιακός, τζάκι, βεράντες, μεγάλες βεράντες, ασανσέρ, κουφώματα αλουμινίου, διπλά τζάμια, τύπος δαπέδων μάρμαρο & ξύλο, ανεξάρτητη κουζίνα, πόρτα ασφαλείας, συναγερμός, επιτρέπονται κατοικίδια, εντός σχεδίου, οικιστική ζώνη.<br />
Στο Μαρούσι, στην περιοχή Παράδεισος, διατίθεται προς ενοικίαση εξαιρετικό διαμέρισμα 138 τ.μ., 4ου ορόφου, σε προσεγμένη πολυκατοικία.<br />
<br />
Το διαμέρισμα αποτελείται από άνετο και φωτεινό καθιστικό, ξεχωριστή κουζίνα, τρία ευρύχωρα υπνοδωμάτια και δύο μπάνια. <br />
<br />
Διαθέτει μεγάλες βεράντες που προσφέρουν άνεση και φυσικό φως σε όλους τους χώρους.<br />
<br />
Βρίσκεται σε ήσυχη και ιδιαίτερα προνομιακή τοποθεσία στον Παράδεισο Αμαρουσίου, με άμεση πρόσβαση στην Λεωφόρο Κηφισίας, σε εμπορικά καταστήματα, γραφεία, μέσα μεταφοράς και όλες τις απαραίτητες καθημερινές εξυπηρετήσεις<br />
.<br />
Αποτελεί ιδανική επιλογή για οικογένεια ή επαγγελματίες που αναζητούν ένα ευρύχωρο διαμέρισμα.<br />
<br />
Τιμή €1.500 (κωδ. 16579)<br />
DOVAS Real Estate 📍 Εδρεύουμε στην Κηφισιά (Κολοκοτρώνη 4, 📞 210 6230 900)  και στο Κολωνάκι (Ακαδημίας 16, 📞 211 7506 849).  Το χαρτοφυλάκιό μας ανανεώνεται καθημερινά με νέα ακίνητα.","0",,"1","7","1","1","2026-02-26","9","6","0","no","yes","0","Αθήνα - Βόρεια Προάστια (Αττική)","Μαρούσι (Αθήνα - Βόρεια Προάστια)","1","105103","101","2111","117002","Double","2","2","0","0","1","1219446728","https://m2.spitogatos.gr/363297691_1600x1200.jpg?v=20130730","https://m1.spitogatos.gr/363297693_1600x1200.jpg?v=20130730","https://m3.spitogatos.gr/346077512_1600x1200.jpg?v=20130730","https://m3.spitogatos.gr/346077515_1600x1200.jpg?v=20130730","https://m1.spitogatos.gr/346077519_1600x1200.jpg?v=20130730","https://m1.spitogatos.gr/347297715_1600x1200.jpg?v=20130730","https://m1.spitogatos.gr/347297718_1600x1200.jpg?v=20130730","https://m3.spitogatos.gr/347297720_1600x1200.jpg?v=20130730","https://m2.spitogatos.gr/347297722_1600x1200.jpg?v=20130730","https://m2.spitogatos.gr/347297725_1600x1200.jpg?v=20130730",,,,,,,,,,,,,,,,"0","0","2","1","38.033352","1","1","23.800323",,"0",,,"2026-07-28","0","0",,"0","0","2",,,"1","0","0","1","0","0","0","1500",,,"0","0","0","0","10.87",,,"1","3","6","1","1","2026","0",,"3","0","1","1","138","1",,,"0","1","0","2026-02-26","https://www.spitogatos.gr/en/property/1219446728",,"1",,"1980",,"residential"
"1","3","no","vip","4",,,,,"1","0","0","0","2026-07-28","0","0","1","0","1","0","house",,,"0","<br>Η Osmosis Real Estate με γραφεία σε Αθήνα και Θεσσαλονίκη, δημιουργήθηκε με σκοπό την καθολική υποστήριξη για οποιαδήποτε κτηματομεσιτική σας ανάγκη, με ανθρωποκεντρική προσέγγιση για τον κάθε πελάτη ξεχωριστά (tailor-made λύσεις). Εγγυόμαστε την άμεση και αποτελεσματική εξυπηρέτηση, δίνοντας στον εν δυνάμει ενδιαφερόμενο την επιλογή της ολοκληρωμένης παροχής υπηρεσιών. Συμβολαιογράφος - Δικηγόρος - Μηχανικός - Σύμβουλος Ακινήτων. Πλήρες πακέτο υπηρεσιών, δίχως καμία εξτρά κρυφή χρέωση! Κατά την υπόδειξη του ακινήτου είναι απαραίτητη η ταυτότητα και ο Α.Φ.Μ. σας βάσει του νόμου 4072/2012 για την υπογραφή του εντύπου υπόδειξη. <br>",,,"1","10","1","0","2026-07-28","8",,"0","no","yes","0","Αθήνα - Βόρεια Προάστια (Αττική)","Αγία Παρασκευή (Αθήνα - Βόρεια Προάστια)","1","105103","101","2101","107122","Double","4","2","0","0","1","1220505848","https://m2.spitogatos.gr/363535369_1600x1200.jpg?v=20130730","https://m1.spitogatos.gr/363535380_1600x1200.jpg?v=20130730","https://m3.spitogatos.gr/363535385_1600x1200.jpg?v=20130730","https://m1.spitogatos.gr/363535392_1600x1200.jpg?v=20130730","https://m3.spitogatos.gr/363535400_1600x1200.jpg?v=20130730","https://m1.spitogatos.gr/363535410_1600x1200.jpg?v=20130730","https://m1.spitogatos.gr/363535416_1600x1200.jpg?v=20130730","https://m1.spitogatos.gr/363535422_1600x1200.jpg?v=20130730","https://m2.spitogatos.gr/363535426_1600x1200.jpg?v=20130730","https://m2.spitogatos.gr/363535432_1600x1200.jpg?v=20130730","https://m1.spitogatos.gr/363535440_1600x1200.jpg?v=20130730","https://m1.spitogatos.gr/363535446_1600x1200.jpg?v=20130730","https://m1.spitogatos.gr/363535452_1600x1200.jpg?v=20130730","https://m2.spitogatos.gr/363535459_1600x1200.jpg?v=20130730","https://m1.spitogatos.gr/363535464_1600x1200.jpg?v=20130730","https://m2.spitogatos.gr/363535471_1600x1200.jpg?v=20130730","https://m1.spitogatos.gr/363535476_1600x1200.jpg?v=20130730","https://m3.spitogatos.gr/363535481_1600x1200.jpg?v=20130730","https://m2.spitogatos.gr/363535486_1600x1200.jpg?v=20130730","https://m1.spitogatos.gr/363535491_1600x1200.jpg?v=20130730","https://m1.spitogatos.gr/363535497_1600x1200.jpg?v=20130730","https://m2.spitogatos.gr/363535504_1600x1200.jpg?v=20130730","https://m1.spitogatos.gr/363535509_1600x1200.jpg?v=20130730","https://m3.spitogatos.gr/363535514_1600x1200.jpg?v=20130730","https://m1.spitogatos.gr/363535521_1600x1200.jpg?v=20130730","0","1","2","1","37.998775",,"1","23.814116",,"0",,,"2026-07-28","0","0",,"0","1","1",,"1","0","0","1","1","0","0","0","1100",,,"0","0","0","0","11.34",,,"1","3","6","1","0",,"0","1","2","0","1","0","97","1",,,"0","1","0","2026-07-28","https://www.spitogatos.gr/en/property/1220505848",,"1","0","1992","9LZp1jBsmWs","residential"
"1","1",,"vip","4","ΑΛΙΚΗ","63390","ΤΣΙΚΑ",,"0","0","0","0","2026-07-07","0","0","1","0","1",,"house",,"0","1","ΓΚΥΖΗ - Διαμέρισμα 96τμ, 2 υ/δ, 1ος, νεόδμητο, κατασκευή 2026, ενεργειακή κλάση Α+, σαλόνι, κουζίνα, μπάνιο, wc, αυτόνομη θέρμανση (αντλία θερμότητας), κλιματισμός, μία κλειστή θέση parking, φωτεινό, γωνιακό, βαμμένο, ηλεκτρικά ρολά, αποθήκη, θερμοπρόσοψη, βεράντες, ασανσέρ, κουφώματα ενεργειακά θερμοδιακοπής, διπλά τζάμια, σίτες, τύπος δαπέδων πλακάκι & ξύλο, νυχτερινό ρεύμα, πόρτα ασφαλείας, θυροτηλεόραση, επιτρέπονται κατοικίδια, εντός σχεδίου, οικιστική ζώνη, πρόσβαση: άσφαλτο.<br />
Τιμή €1.100 (κωδ. 17026)<br />
DOVAS Real Estate 📍 Εδρεύουμε στην Κηφισιά (Κολοκοτρώνη 4, 📞 210 6230 900)  και στο Κολωνάκι (Ακαδημίας 16, 📞 211 7506 849).  Το χαρτοφυλάκιό μας ανανεώνεται καθημερινά με νέα ακίνητα.","0",,"1","1","0","0","2026-05-08","6","10","0","no","yes","0","Αθήνα - Κέντρο (Αττική)","Πολύγωνο - Τουρκοβούνια (Αθήνα - Κέντρο)","1","105103","100","6014",,"Double","1","13","0","0","1","1219826499","https://m1.spitogatos.gr/352394754_1600x1200.jpg?v=20130730","https://m3.spitogatos.gr/352394756_1600x1200.jpg?v=20130730","https://m3.spitogatos.gr/352394759_1600x1200.jpg?v=20130730","https://m1.spitogatos.gr/352394760_1600x1200.jpg?v=20130730","https://m1.spitogatos.gr/352394763_1600x1200.jpg?v=20130730",,,,,,,,,,,,,,,,,,,,,"0","0","2","1","37.994015","1","1","23.749897",,"0",,,"2026-07-28","0","0","1","1","1","1",,,"1","0","1","1","0","0","0","1100",,,"0","0","0","0","11.46",,,"1","3","6","1","0",,"0","1","2","0","1","0","96","1",,,"0","1","0","2026-05-05","https://www.spitogatos.gr/en/property/1219826499",,"0",,"2026",,"residential"
"1","1",,"vip","4","Φώτης","49844","Προβίδας",,"1","1","0","0","2026-07-21","0","0","1","0","1",,"house",,"0","0","Σε αποκλειστικότητα από την Dovas Real Estate.<br />
<br />
Σπάνιο διαμπερές διαμέρισμα 117 τ.μ. 1ου ορόφου στην καρδιά του κέντρου της Κηφισιάς, ανακαινισμένο το 2023, με μεγάλους φωτεινούς χώρους και ιδανική διαρύθμιση.<br />
<br />
Διαθέτει μεταξύ άλλων, 2 Υ/Δ, 1 Μπάνιο, 1 W.C., Μεγάλο Σαλόνι με Τζάκι, Aνεξάρτητη Κουζίνα, Χώρο Υποδοχής, Μεγάλα Μπαλκόνια με Θέα σε Πράσινο, Αυτόνομη Θέρμανση Φυσ. Αερίου, 1 Υπόγεια Θέση Parking.<br />
<br />
Άμεσα Διαθέσιμο.<br />
<br />
Τιμή €2.100 (κωδ. 10439)<br />
DOVAS Real Estate 📍 Εδρεύουμε στην Κηφισιά (Κολοκοτρώνη 4, 📞 210 6230 900)  και στο Κολωνάκι (Ακαδημίας 16, 📞 211 7506 849).  Το χαρτοφυλάκιό μας ανανεώνεται καθημερινά με νέα ακίνητα.","0",,"1","6","1","1","2026-06-26","6","2","0","no","yes","1","Αθήνα - Βόρεια Προάστια (Αττική)","Κηφισιά (Αθήνα - Βόρεια Προάστια)","1","105103","101","2108","106282","Double","1","2","0","0","1","1220232163","https://m1.spitogatos.gr/359162046_1600x1200.jpg?v=20130730","https://m2.spitogatos.gr/359162047_1600x1200.jpg?v=20130730","https://m3.spitogatos.gr/359162060_1600x1200.jpg?v=20130730","https://m1.spitogatos.gr/359162061_1600x1200.jpg?v=20130730","https://m2.spitogatos.gr/359162062_1600x1200.jpg?v=20130730","https://m3.spitogatos.gr/359162063_1600x1200.jpg?v=20130730","https://m2.spitogatos.gr/359162089_1600x1200.jpg?v=20130730","https://m3.spitogatos.gr/359162090_1600x1200.jpg?v=20130730","https://m1.spitogatos.gr/359162091_1600x1200.jpg?v=20130730","https://m2.spitogatos.gr/359162092_1600x1200.jpg?v=20130730","https://m3.spitogatos.gr/359162093_1600x1200.jpg?v=20130730","https://m1.spitogatos.gr/359162112_1600x1200.jpg?v=20130730","https://m2.spitogatos.gr/359162113_1600x1200.jpg?v=20130730","https://m2.spitogatos.gr/359162128_1600x1200.jpg?v=20130730","https://m3.spitogatos.gr/359162129_1600x1200.jpg?v=20130730","https://m3.spitogatos.gr/359162138_1600x1200.jpg?v=20130730","https://m2.spitogatos.gr/359162143_1600x1200.jpg?v=20130730","https://m3.spitogatos.gr/359162144_1600x1200.jpg?v=20130730","https://m1.spitogatos.gr/359162145_1600x1200.jpg?v=20130730","https://m2.spitogatos.gr/359162146_1600x1200.jpg?v=20130730","https://m1.spitogatos.gr/359162157_1600x1200.jpg?v=20130730","https://m2.spitogatos.gr/359162158_1600x1200.jpg?v=20130730","https://m3.spitogatos.gr/359162159_1600x1200.jpg?v=20130730","https://m1.spitogatos.gr/359162160_1600x1200.jpg?v=20130730","https://m2.spitogatos.gr/359162161_1600x1200.jpg?v=20130730","0","0","2","1","38.073345","1","1","23.82185",,"1",,"0","2026-07-28","0","0",,"1","1","2",,"4","1","0","1",,"0","0","0","1850","2026-07-21 10:30:38","12","0","0","0","0","15.81","2100","true","1","3","6","1","1","2023","0","1","2","1","1","1","117","1",,,"0","1","0","2026-06-26","https://www.spitogatos.gr/en/property/1220232163",,"1",,"1901",,"residential"
"1","1","no","vip","4",,,,,"1","1","0","0","2026-06-17","0","1","0","0","1","0","house",,"50","0","<br>Κωδικός ακινήτου: 98291 - Αγία Παρασκευή. Ενοικιάζεται πλήρως επιπλωμένο και εξοπλισμένο διαμέρισμα στον 1ο όροφο, με συνολική επιφάνεια 95 τ.μ. Το διαμέρισμα διαθέτει 2 ευρύχωρα υπνοδωμάτια, σαλόνι, κουζίνα, μπάνιο και WC. Κατασκευασμένο το 2007, ανήκει στην ενεργειακή κλάση Γ και είναι εξοπλισμένο με αυτόνομη θέρμανση φυσικού αερίου.<br />
<br />
Απολαμβάνοντας θέα σε ανοιχτό ορίζοντα, το ακίνητο περιλαμβάνει κουφώματα αλουμινίου, ξύλινα πατώματα, πόρτα ασφαλείας, ανελκυστήρα και ιδιωτικό πάρκινγκ, καθώς και αποθήκη 3,5 τ.μ. στον υπόγειο χώρο. Περιβάλλεται από κήπο και προσφέρει τζάκι για ζεστές στιγμές. Το σύστημα κλιματισμού A/C είναι διαθέσιμο σε όλους τους χώρους, ενώ διαθέτει και συναγερμό.<br />
Η κουζίνα είναι ευρύχωρη και αυτόνομη, με μπαλκόνι, εστίες, ψυγείο, φούρνο, φούρνο μικροκυμάτων, πλυντήριο πιάτων και πλυντήριο ρούχων. Στο μπαλκόνι υπάρχει ντουλάπα για επιπλέον αποθήκευση. Το ακίνητο διαθέτει επίσης εξωτερικό μπάνιο και WC, τηλεόραση στο σαλόνι και στα υπνοδωμάτια, ηλεκτρικές τέντες και θυροτηλεόραση.<br />
<br />
Βρίσκεται κοντά στο DEREE και τη Γαλλική Σχολή, με άμεση πρόσβαση στην  Αγίου Ιωάννου και την Αττική Οδό. Σε κοντινή απόσταση θα βρείτε πλατεία, πάρκο και σχολεία, κάνοντάς το ιδανικό για οικογένειες και επαγγελματίες. Συνδυάζει άνεση, ασφάλεια και προνομιακή τοποθεσία! <br>| UNION PROPERTIES +30 2108087844 - +30 6940579421, https://www.union-properties.gr/, email: north@union-properties.gr<br />
| Η Union Properties καταβάλλει κάθε δυνατή προσπάθεια για την παροχή έγκυρων και επικαιροποιημένων πληροφοριών σχετικά με τα ακίνητα που προβάλλονται, καθώς και για την επαλήθευση των στοιχείων που παρέχονται από τους ιδιοκτήτες/πωλητές. Ωστόσο, δεν φέρει καμία ευθύνη για τυχόν ανακρίβειες, παραλείψεις ή μεταβολές στις πληροφορίες αυτές, εφόσον δεν έχει προηγηθεί σχετική έγγραφη ενημέρωση από τους πωλητές.<br />
Η θέση του ακινήτου στον χάρτη είναι ενδεικτική και ενδέχεται να μην ανταποκρίνεται με ακρίβεια στην πραγματική τοποθεσία.<br />
Σύμφωνα με τον Ν. 4072/11-4-2012 (ΦΕΚ 86 Α’), για την υπόδειξη οποιουδήποτε ακινήτου απαιτείται η προσκόμιση της αστυνομικής ταυτότητας και του Α.Φ.Μ. του ενδιαφερόμενου.",,,"1","5","0","1","2026-06-17","6","2","0","yes","yes","1","Αθήνα - Βόρεια Προάστια (Αττική)","Αγία Παρασκευή (Αθήνα - Βόρεια Προάστια)","1","105103","101","2101","107123","Double","1","2","0","0","1","1220142708","https://m2.spitogatos.gr/357619390_1600x1200.jpg?v=20130730","https://m1.spitogatos.gr/357619401_1600x1200.jpg?v=20130730","https://m2.spitogatos.gr/357619420_1600x1200.jpg?v=20130730","https://m1.spitogatos.gr/357619434_1600x1200.jpg?v=20130730","https://m3.spitogatos.gr/357619448_1600x1200.jpg?v=20130730","https://m3.spitogatos.gr/357619460_1600x1200.jpg?v=20130730","https://m2.spitogatos.gr/357619468_1600x1200.jpg?v=20130730","https://m2.spitogatos.gr/357619474_1600x1200.jpg?v=20130730","https://m3.spitogatos.gr/357619481_1600x1200.jpg?v=20130730","https://m3.spitogatos.gr/357619490_1600x1200.jpg?v=20130730","https://m1.spitogatos.gr/357619500_1600x1200.jpg?v=20130730","https://m1.spitogatos.gr/357619518_1600x1200.jpg?v=20130730","https://m3.spitogatos.gr/357619526_1600x1200.jpg?v=20130730","https://m1.spitogatos.gr/357619539_1600x1200.jpg?v=20130730","https://m1.spitogatos.gr/357619554_1600x1200.jpg?v=20130730","https://m2.spitogatos.gr/357619567_1600x1200.jpg?v=20130730",,,,,,,,,,"0","0","2","1","38.011162",,"1","23.835119",,"0",,,"2026-07-28","0","0",,"0","1","1","4","12","0","0","1",,"0","0","0","1500",,,"0","0","0","0","15.79",,,"1","3","6","1","0",,"0","1","2","0","1","0","95","1","3",,"0","1","0","2026-06-17","https://www.spitogatos.gr/en/property/1220142708",,"1","0","2007","w8Tj8OcBEzM","residential"
"1","Ground Floor",,"vip","4","Αλέξανδρος","2918","Δόβας","","1","1","0","0","2025-11-27","0","0","0","0","1",,"house",,"0","0","ΕΚΑΛΗ (ΑΤΤΙΚΗ - ΒΟΡΕΙΑ ΠΡΟΑΣΤΙΑ) - Οροφοδιαμέρισμα 110τμ, 2 υ/δ, 1 master, ισόγειο (110τμ), πλήρως ανακαινισμένο, κατασκευή 1980, ανακαίνιση 2023, ενεργειακή κλάση Α, σαλόνι, κουζίνα, 2 μπάνια, αυτόνομη θέρμανση (αντλία θερμότητας), κλιματισμός, ήσυχο, διαμπερές, φωτεινό, πρόσοψης, βαμμένο, ηλιακός, θερμοπρόσοψη, κήπος 200τμ, εντοιχισμένες συσκευές, κουφώματα αλουμινίου, διπλά τζάμια, σίτες, τύπος δαπέδων πλακάκι, ανεξάρτητη κουζίνα, χωρίς κοινόχρηστα, τριφασικό ρεύμα, πόρτα ασφαλείας, συναγερμός, κάμερες ασφαλείας, πολυτελές, ενδοδαπέδια θέρμανση, εντός σχεδίου, οικιστική ζώνη.<br />
Καταπληκτικό πλήρως ανακατασκευασμένο Ισόγειο διαμέρισμα με εξωτερικό χώρο, πολύ φωτεινό, με τρομερή αισθητική. Διαθέτει 2 υ/δ, 2 μπάνια, ωραιο φωτεινό σαλόνι κ ωραία λειτουργική κουζίνα. Δίνεταικαι επιπλωμένο.<br />
Τιμή €1.600 (κωδ. 11815)<br />
DOVAS Real Estate 📍 Εδρεύουμε στην Κηφισιά (Κολοκοτρώνη 4, 📞 210 6230 900)  και στο Κολωνάκι (Ακαδημίας 16, 📞 211 7506 849).  Το χαρτοφυλάκιό μας ανανεώνεται καθημερινά με νέα ακίνητα.","0",,"0","2","1","0","2026-06-18","3","4","0","no","no","1","Αθήνα - Βόρεια Προάστια (Αττική)","Εκάλη (Αθήνα - Βόρεια Προάστια)","1","105103","101","2106",,"Double","1","13","1","0","1","1217530143","https://m1.spitogatos.gr/314650857_1600x1200.jpg?v=20130730","https://m1.spitogatos.gr/314650860_1600x1200.jpg?v=20130730","https://m1.spitogatos.gr/314650863_1600x1200.jpg?v=20130730","https://m3.spitogatos.gr/314650865_1600x1200.jpg?v=20130730","https://m3.spitogatos.gr/314650868_1600x1200.jpg?v=20130730","https://m3.spitogatos.gr/314650871_1600x1200.jpg?v=20130730","https://m3.spitogatos.gr/314650874_1600x1200.jpg?v=20130730","https://m3.spitogatos.gr/314650877_1600x1200.jpg?v=20130730","https://m3.spitogatos.gr/314650880_1600x1200.jpg?v=20130730","https://m1.spitogatos.gr/314650884_1600x1200.jpg?v=20130730","https://m3.spitogatos.gr/314650886_1600x1200.jpg?v=20130730","https://m1.spitogatos.gr/314650890_1600x1200.jpg?v=20130730",,,,,,,,,,,,,,"0","0","2","1","38.111458","1","1","23.844738",,"1",,,"2026-07-28","0","0",,"0","0","2",,,"1","0","1",,"0","0","0","1600",,,"0","0","0","0","14.55",,,"1","3","6","1","1","2023","0",,"2","0","1","1","110","0",,,"0","1","0","2025-05-06","https://www.spitogatos.gr/en/property/1217530143",,"0","1","1980",,"residential"
"0","2","no","vip","4",,,,,"0","0","0","0","2026-05-22","0","0","1","15","1","0","house",,"25","1","Κωδικός ακινήτου: 1-1407 - Μαρούσι Άγιος Νικόλαος  ΕΝΟΙΚΙΑΖΕΤΑΙ  κατά αποκλειστικότητα  επιπλωμένο διαμέρισμα  στον 2 ο όροφο συνολικής επιφάνειας 55.00 τ.μ.  . Αποτελείται από 1 υπνοδωμάτιο, σαλόνι, κουζίνα, μπάνιο . Είναι κατασκευασμένο το 1980 με ενεργειακή κλάση Η  και διαθέτει θέρμανση αυτόνομη - πετρελαίου, θέα σε αστικό τοπίο, κουφώματα αλουμινίου συρόμενα, πατώματα από μάρμαρο και ξύλο, πόρτα ασφαλείας, ντουλάπες, ανελκυστήρα, κήπο, ηλεκτρικές συσκευές, διπλά τζάμια, ανοιχτωσιά, μπαλκόνια 15 τ.μ.      - Τιμή: 750 €  <br>ΜΑΡΟΥΣΙ (Αθήνα) ενοικιάζεται εκπληκτικής τοποθεσίας διαμέρισμα συνολικής επιφάνειας 55 τ.μ., 2ου ορόφου, με ασανσέρ, κατασκευής 1980, με αυτόνομη θέρμανση πετρέλαιο, επιπλωμένο, με ηλεκτρικές συσκευές (εκτός πλυντηρίου), γωνιακό, προσόψεως, ευάερο και ευήλιο, σε καλή κατάσταση. Βρίσκεται σε προνομιακή θέση, πλησίον της Λεωφόρου Κηφισίας, σε ένα από τα πλέον αναπτυγμένα και εμπορικά σημεία των βορείων προαστίων, προσφέροντας άμεση πρόσβαση σε κεντρικούς οδικούς άξονες, αγορές, επαγγελματικά κέντρα, χώρους εστίασης, υπηρεσίες, καταστήματα και καθημερινές παροχές που εξυπηρετούν κάθε ανάγκη. Απέχει 600 μέτρα από το Δάσος Συγγρού, ιδανικό για περίπατο, άθληση και επαφή με τη φύση, 1 χλμ. από το Γενικό Νοσοκομείο Αττικής ΚΑΤ, 1 χλμ. από τη Λεωφόρο Ειρήνης και μόλις 400 μέτρα από τον σταθμό ΗΣΑΠ Μαρούσι, εξασφαλίζοντας γρήγορες μετακινήσεις προς το κέντρο και τις γύρω περιοχές. Η γειτονιά συνδυάζει οικιστικό χαρακτήρα με έντονη εμπορική δραστηριότητα, διατηρώντας παράλληλα ισορροπία ανάμεσα στην ηρεμία και τη λειτουργικότητα, γεγονός που την καθιστά ιδιαίτερα ελκυστική για μόνιμη διαμονή. Στο εσωτερικό του ακινήτου συναντάμε ένα άνετο και φωτεινό σαλόνι, ανεξάρτητη κουζίνα, ένα ευρύχωρο υπνοδωμάτιο και μπάνιο. Επιπλέον, διαθέτει βεράντα 15 τ.μ., ιδανική για στιγμές χαλάρωσης και κοινωνικές συναθροίσεις. Αποτελεί εξαιρετική επιλογή για εργαζόμενους, επαγγελματίες, ζευγάρια, φοιτητές, στελέχη εταιρειών, ιατρικό προσωπικό ή άτομα που αναζητούν άνετη κατοικία σε κομβικό σημείο με υψηλό επίπεδο εξυπηρέτησης και εύκολη πρόσβαση σε μέσα μεταφοράς και βασικές υποδομές.          <br><br>Για την υπόδειξη του ακινήτου είναι απαραίτητη η προσκόμιση αστυνομικής ταυτότητας και το Α.Φ.Μ. σας (σύμφωνα με τον Ν.4072/11-4-2012 ΦΕΚ 86 Α). Παρακαλούμε για ραντεβού υπόδειξης επικοινωνήστε μαζί μας. Η επιτόπια υπόδειξη του ακινήτου επιβαρύνεται με 10€ πλέον ΦΠΑ 24%. Με την ολοκλήρωση της πράξης το παραπάνω ποσόν αφαιρείται από την Μεσιτική αμοιβή. Όλες οι πληροφορίες βασίζονται σε πληροφορίες που έχει προσκομίσει ο εντολέας. Η εταιρεία και οι συνεργάτες λειτουργούν στα πλαίσια εσωτερικού κανονισμού πιστοποιώντας την ποιότητα των παρεχόμενων υπηρεσιών σύμφωνα με τον νόμο περί μεσιτείας της Ελληνικής και Ευρωπαϊκής νομοθεσίας. Μέλος Διοικητικού Συμβουλίου Συλλόγου Μεσιτών Αστικών Συμβάσεων Θεσσαλονίκης - Ομοσπονδία Μεσιτών Αστικών Συμβάσεων Ελλάδος. <br> <br>",,,"1","9","1","0","2026-05-22","7","6","0","yes","no","1","Αθήνα - Βόρεια Προάστια (Αττική)","Μαρούσι (Αθήνα - Βόρεια Προάστια)","1","105103","101","2111","106340","Double","1","1","0","0","1","1219931988","https://m2.spitogatos.gr/354303055_1600x1200.jpg?v=20130730","https://m2.spitogatos.gr/354303061_1600x1200.jpg?v=20130730","https://m2.spitogatos.gr/354303067_1600x1200.jpg?v=20130730","https://m1.spitogatos.gr/354303072_1600x1200.jpg?v=20130730","https://m1.spitogatos.gr/354303078_1600x1200.jpg?v=20130730","https://m3.spitogatos.gr/354303083_1600x1200.jpg?v=20130730","https://m1.spitogatos.gr/354303090_1600x1200.jpg?v=20130730","https://m1.spitogatos.gr/354303093_1600x1200.jpg?v=20130730","https://m1.spitogatos.gr/354303096_1600x1200.jpg?v=20130730","https://m1.spitogatos.gr/354303102_1600x1200.jpg?v=20130730","https://m2.spitogatos.gr/354303109_1600x1200.jpg?v=20130730","https://m1.spitogatos.gr/354303117_1600x1200.jpg?v=20130730","https://m3.spitogatos.gr/354303122_1600x1200.jpg?v=20130730","https://m1.spitogatos.gr/354303129_1600x1200.jpg?v=20130730","https://m2.spitogatos.gr/354303133_1600x1200.jpg?v=20130730","https://m1.spitogatos.gr/354303141_1600x1200.jpg?v=20130730","https://m3.spitogatos.gr/354303149_1600x1200.jpg?v=20130730","https://m3.spitogatos.gr/354303158_1600x1200.jpg?v=20130730","https://m1.spitogatos.gr/354303165_1600x1200.jpg?v=20130730","https://m2.spitogatos.gr/354303175_1600x1200.jpg?v=20130730","https://m3.spitogatos.gr/354303182_1600x1200.jpg?v=20130730","https://m2.spitogatos.gr/354303190_1600x1200.jpg?v=20130730","https://m3.spitogatos.gr/354303203_1600x1200.jpg?v=20130730",,,"0","0","2","1","38.060047",,"1","23.80394",,"0",,,"2026-07-28","1","0",,"0","0","1",,"2","0","0","0",,"0","0","0","750",,,"0","0","0","0","13.64",,,"1","3","6","1","0",,"0","1","1","0","1","0","55","0",,"Βενιζέλου Ελευθέριου 26, 151 22, Μαρούσι","0","1","0","2026-05-22","https://www.spitogatos.gr/en/property/1219931988",,"1","0","1980","a9ZF14RYL2Q","residential"
"0","4","no","vip","4",,,,,"1","0","0","0","2026-06-03","0","0","0","0","1","0","house",,,"0","<br>ΚΩΔΙΚΟΣ ΑΚΙΝΗΤΟΥ: 98038 - ΜΑΡΟΥΣΙ ΕΝΟΙΚΙΑΖΕΤΑΙ νεόδμητο διαμέρισμα στον 4ο όροφο, συνολικής επιφάνειας 108 τ.μ. Το διαμέρισμα αποτελείται από 3 υπνοδωμάτια, ενιαία κουζίνα , μπάνιο και WC. Η κατασκευή του ξεκίνησε το 2024,  έχει ενεργειακή κλάση Α+ και διαθέτει θέρμανση με αντλία θερμότητας και ενεργειακό τζάκι, κουφώματα αλουμινίου, ξύλινα πατώματα, πόρτα ασφαλείας, ανελκυστήρα, πάρκινγκ, αποθήκη 8 τ.μ., σίτες, τριπλά τζάμια, boiler και θυροτηλεόραση. Το διαμέρισμα αποπνέει μια αίσθηση πολυτέλειας και άνεσης, προσφέροντας όλες τις σύγχρονες ανέσεις για μια ιδανική κατοικία. Η τοποθεσία του είναι ιδανική, σε κεντρικό σημείο της πόλης με εύκολη πρόσβαση σε όλες τις υπηρεσίες και τις δημόσιες συγκοινωνίες. Μην χάσετε την ευκαιρία να αποκτήσετε ένα μοναδικό ακίνητο σε μια από τις πιο ανεπτυγμένες περιοχές της πόλης. <br>| UNION PROPERTIES +30 2108087844 - +30 6940579421, https://www.union-properties.gr/, email: north@union-properties.gr<br />
| Η Union Properties καταβάλλει κάθε δυνατή προσπάθεια για την παροχή έγκυρων και επικαιροποιημένων πληροφοριών σχετικά με τα ακίνητα που προβάλλονται, καθώς και για την επαλήθευση των στοιχείων που παρέχονται από τους ιδιοκτήτες/πωλητές. Ωστόσο, δεν φέρει καμία ευθύνη για τυχόν ανακρίβειες, παραλείψεις ή μεταβολές στις πληροφορίες αυτές, εφόσον δεν έχει προηγηθεί σχετική έγγραφη ενημέρωση από τους πωλητές.<br />
Η θέση του ακινήτου στον χάρτη είναι ενδεικτική και ενδέχεται να μην ανταποκρίνεται με ακρίβεια στην πραγματική τοποθεσία.<br />
Σύμφωνα με τον Ν. 4072/11-4-2012 (ΦΕΚ 86 Α’), για την υπόδειξη οποιουδήποτε ακινήτου απαιτείται η προσκόμιση της αστυνομικής ταυτότητας και του Α.Φ.Μ. του ενδιαφερόμενου.",,,"1","1","1","0","2026-06-03","9","2","0","no","yes","0","Αθήνα - Βόρεια Προάστια (Αττική)","Μαρούσι (Αθήνα - Βόρεια Προάστια)","1","105103","101","2111","106298","Triple","4","13","0","0","1","1219996794","https://m3.spitogatos.gr/355457939_1600x1200.jpg?v=20130730","https://m2.spitogatos.gr/355457947_1600x1200.jpg?v=20130730","https://m1.spitogatos.gr/355457952_1600x1200.jpg?v=20130730","https://m2.spitogatos.gr/355457956_1600x1200.jpg?v=20130730","https://m1.spitogatos.gr/355457961_1600x1200.jpg?v=20130730","https://m3.spitogatos.gr/355457966_1600x1200.jpg?v=20130730","https://m1.spitogatos.gr/355457970_1600x1200.jpg?v=20130730","https://m1.spitogatos.gr/355457976_1600x1200.jpg?v=20130730",,,,,,,,,,,,,,,,,,"0","0","2","1","38.057369","1","1","23.799479",,"1",,,"2026-07-28","0","0","1","0","1","1",,"3","0","0","1",,"0","0","0","2000",,,"0","0","0","0","18.52",,,"1","3","6","1","0",,"0","1","3","0","1","0","108","1","8",,"0","1","0","2026-06-03","https://www.spitogatos.gr/en/property/1219996794",,"0","0","2024","lH5Vpd3Nzr4","residential"
"1","Lower Ground",,"vip","4",,,,,"0","0","0","0","2026-10-03","0","0","1","0","0",,"house",,,"1","Ξεκίνα να ζεις από την πρώτη μέρα, σε αυτό το κομψά επιπλωμένο διαμέρισμα τριών υπνοδωματίων της Blueground στο κέντρο της Κηφισιάς. Πλήρως εξοπλισμένο με έπιπλα μοναδικού design, ηλεκτρικές συσκευές τελευταίας τεχνολογίας.<br><br />
<br />
Η διαφημιζόμενη τιμή των €1,820/μήνα είναι η τιμή για 1 έτος, με ημερομηνία έναρξης Οκτωβρίου 2, 2026.<br />
<br>Οι τιμές διαφέρουν ανάλογα με τη διάρκεια παραμονής, την εποχικότητα και άλλους παράγοντες. Επισκεφθείτε τον ιστότοπό μας και εισάγετε τις ημερομηνίες διαμονής σας για να δείτε ενημερωμένες τιμές για την κράτησή σας. Η τιμή ισχύει μόνο με προκαταβολή· ενδέχεται να είναι υψηλότερη εάν πληρωθεί σε δόσεις.<br />
<br />
<b>Κλείστε αυτό το διαμέρισμα online!</b><br />
<br />
https://www.theblueground.com/p/furnished-apartments/ath-2227?utm_source=classified-4<br />
<br />
Aναβαθμίστε τη διαμονή σας με ένα πλήρως επιπλωμένο διαμέρισμα από τη Blueground:<br />
      – Επιπλωμένα σπίτια σε τιμές αντίστοιχες με τα ανεπίπλωτα<br />
      – Χωρίς κόστη εγκατάστασης ή αγοράς επίπλων - εξοικονομήστε χρόνο και χρήματα<br />
      – Έτοιμα για άμεση μετακόμιση - το μόνο που χρειάζεστε είναι η βαλίτσα σας<br />
<br />
<b>Ο χώρος</b><br><br />
Έπιπλα μοναδικού design, πλήρως εξοπλισμένη κουζίνα, smart TV ή/και ασύρματα ηχεία τελευταίας τεχνολογίας, είναι λίγες μόνο από τις ανέσεις που σου προσφέρει αυτό το διαμέρισμα τριών υπνοδωματίων της Blueground. Θα το αγαπήσεις όμως και για τη μοναδική του τοποθεσία, καθώς βρίσκεται σε ένα από τα πιο κεντρικά σημεία της Κηφισιάς.<br />
<br />
<b>Διαρρύθμιση δωματίων ύπνου</b><br />
    <br />
        Μονό κρεβάτι: 90 εκ.<br />
<br />
        Υπέρδιπλο κρεβάτι: 160 εκ.<br />
<br />
        Διπλό κρεβάτι: 140 εκ.<br />
<br />
<b>Παροχές κτιρίου</b><br />
<br />
      Πλυντήριο<br />
      Θέση στάθμευσης<br />
<br />
<br />
<b>Άφιξη και συνεχής υποστήριξη πελατών</b><br><br />
Κατά τη διάρκεια της διαμονής σου, η ομάδα μας θα είναι διαθέσιμη για να σε βοηθήσει με οτιδήποτε χρειαστείς. Μέσω της ειδικής mobile εφαρμογής της Blueground έχεις συνεχή υποστήριξη, ενώ μπορείς ακόμη να προγραμματίσεις υπηρεσίες καθαρισμού, συντήρησης ή επισκευής, με το πάτημα ενός κουμπιού.<br />
<br />
<b>Ιδανική τοποθεσία</b><br />
<br />
Η Κηφισιά είναι μια εύπορη γειτονιά που βρίσκεται στα βόρεια προάστια της Αθήνας, μόλις 14 χιλιόμετρα από το κέντρο της πόλης. Η περιοχή είναι περισσότερο γνωστή για τα πολυτελή κτίρια και τα αρχοντικά της που χρονολογούνται από διάφορες εποχές, τις μπουτίκ σχεδιαστών, τα υψηλής ποιότητας εστιατόρια και τα υπέροχα πάρκα. Η Κηφισιά φιλοξενεί επίσης το Μουσείο Γουλανδρή Φυσικής Ιστορίας. Μπορείτε να φτάσετε εύκολα στην Κηφισιά με λεωφορείο ή με τη γραμμή 1 του σιδηροδρομικού δικτύου της Αθήνας.","1",,"0","6","0","1","2026-07-15","2",,"0","yes","yes","0","Αθήνα - Βόρεια Προάστια (Αττική)","Κηφισιά (Αθήνα - Βόρεια Προάστια)","1","105103","101","2108",,,"1","1","0","0","1","1220391146","https://m3.spitogatos.gr/361921070_1600x1200.jpg?v=20130730","https://m3.spitogatos.gr/361921073_1600x1200.jpg?v=20130730","https://m2.spitogatos.gr/361921078_1600x1200.jpg?v=20130730","https://m1.spitogatos.gr/361921080_1600x1200.jpg?v=20130730","https://m1.spitogatos.gr/361921083_1600x1200.jpg?v=20130730","https://m2.spitogatos.gr/361921087_1600x1200.jpg?v=20130730","https://m2.spitogatos.gr/361921096_1600x1200.jpg?v=20130730","https://m1.spitogatos.gr/361921107_1600x1200.jpg?v=20130730","https://m1.spitogatos.gr/361921122_1600x1200.jpg?v=20130730","https://m3.spitogatos.gr/361921139_1600x1200.jpg?v=20130730","https://m3.spitogatos.gr/361921148_1600x1200.jpg?v=20130730","https://m1.spitogatos.gr/361921152_1600x1200.jpg?v=20130730","https://m3.spitogatos.gr/361921160_1600x1200.jpg?v=20130730","https://m2.spitogatos.gr/361921180_1600x1200.jpg?v=20130730","https://m3.spitogatos.gr/361921214_1600x1200.jpg?v=20130730","https://m3.spitogatos.gr/361921226_1600x1200.jpg?v=20130730","https://m2.spitogatos.gr/361921231_1600x1200.jpg?v=20130730","https://m2.spitogatos.gr/361921240_1600x1200.jpg?v=20130730","https://m3.spitogatos.gr/361921247_1600x1200.jpg?v=20130730","https://m3.spitogatos.gr/361921256_1600x1200.jpg?v=20130730","https://m1.spitogatos.gr/361921263_1600x1200.jpg?v=20130730","https://m3.spitogatos.gr/361921268_1600x1200.jpg?v=20130730","https://m1.spitogatos.gr/361921275_1600x1200.jpg?v=20130730","https://m1.spitogatos.gr/361921281_1600x1200.jpg?v=20130730","https://m1.spitogatos.gr/361921287_1600x1200.jpg?v=20130730","1","0",,"0","38.074421","3","0","23.802769",,"0",,,"2026-07-28","0","0",,"0","1","2",,,"1","0","1",,"0","0","0","1820",,,"0","0","0","0","12.38",,,"1","3","6","1","0",,,,"3","0","1",,"147","1",,"Agias Lavras 4","1","1","0","2026-07-15","https://www.spitogatos.gr/en/property/1220391146","https://nodalview.com/s/39SxbNrUb2VeSoHTFByqsZ","0",,"2004",,
"1","1",,"vip","4",,,,,"0","1","0","0","2026-08-06","0","0","1","0","0",,"house",,,"1","Νιώσε σαν στο σπίτι σου, όπου και αν επιλέξεις να μείνεις με την Blueground. Θα λατρέψεις αυτό το κομψά επιπλωμένο διαμέρισμα δύο υπνοδωματίων, για τη διακόσμησή του, την πλήρως εξοπλισμένη κουζίνα και το εκλεπτυσμένο καθιστικό του. Βρίσκεται σε ιδανική τοποθεσία, κοντά σε όλα όσα έχει να σου προσφέρει οι Αμπελόκηποι!<br><br />
<br />
Η διαφημιζόμενη τιμή των €1,050/μήνα είναι η τιμή για 1 έτος, με ημερομηνία έναρξης Αυγούστου 5, 2026. Η χαμηλότερη διαθέσιμη τιμή είναι €980/μήνα για μίσθωση 4 μήνα(μηνών) και 29 ημέρας(ημερών) με ημερομηνία έναρξης Αυγούστου 5, 2026.<br />
<br>Οι τιμές διαφέρουν ανάλογα με τη διάρκεια παραμονής, την εποχικότητα και άλλους παράγοντες. Επισκεφθείτε τον ιστότοπό μας και εισάγετε τις ημερομηνίες διαμονής σας για να δείτε ενημερωμένες τιμές για την κράτησή σας. Η τιμή ισχύει μόνο με προκαταβολή· ενδέχεται να είναι υψηλότερη εάν πληρωθεί σε δόσεις.<br />
<br />
<b>Κλείστε αυτό το διαμέρισμα online!</b><br />
<br />
https://www.theblueground.com/p/furnished-apartments/ath-2160?utm_source=classified-4<br />
<br />
Aναβαθμίστε τη διαμονή σας με ένα πλήρως επιπλωμένο διαμέρισμα από τη Blueground:<br />
      – Επιπλωμένα σπίτια σε τιμές αντίστοιχες με τα ανεπίπλωτα<br />
      – Χωρίς κόστη εγκατάστασης ή αγοράς επίπλων - εξοικονομήστε χρόνο και χρήματα<br />
      – Έτοιμα για άμεση μετακόμιση - το μόνο που χρειάζεστε είναι η βαλίτσα σας<br />
<br />
<b>Ο χώρος</b><br><br />
Νιώσε σαν στο σπίτι σου σε αυτό το επιπλωμένο διαμέρισμα της Blueground με το μοναδικό design, τα μοντέρνα έπιπλα και την πλήρως εξοπλισμένη κουζίνα.<br />
Δες τις αγαπημένες σου ταινίες στη smart TV ή άκουσε δυνατά μουσική στα ασύρματα ηχεία τελευταίας τεχνολογίας. Ό,τι και να αποφασίσεις να κάνεις το μόνο σίγουρο είναι πως θα αγαπήσεις όλα όσα σου προσφέρει αυτό το ευρύχωρο διαμέρισμα.<br />
<br />
<b>Διαρρύθμιση δωματίων ύπνου</b><br />
    <br />
        Μονό κρεβάτι: 90 εκ.<br />
<br />
        Υπέρδιπλο κρεβάτι: 160 εκ.<br />
<br />
<b>Παροχές κτιρίου</b><br />
<br />
      Πλυντήριο<br />
      Ταράτσα<br />
<br />
<br />
<b>Άφιξη και συνεχής υποστήριξη πελατών</b><br><br />
Κατά τη διάρκεια της διαμονής σου, η ομάδα μας θα είναι διαθέσιμη για να σε βοηθήσει με οτιδήποτε χρειαστείς. Μέσω της ειδικής mobile εφαρμογής της Blueground έχεις συνεχή υποστήριξη, ενώ μπορείς ακόμη να προγραμματίσεις υπηρεσίες καθαρισμού, συντήρησης ή επισκευής, με το πάτημα ενός κουμπιού.<br />
<br />
<b>Ιδανική τοποθεσία</b><br />
<br />
Οι Αμπελόκηποι είναι μια από τις μεγαλύτερες συνοικίες της Αθήνας, που βρίσκεται πέντε χιλιόμετρα από το κέντρο της πόλης. Η περιοχή φιλοξενεί το ψηλότερο κτίριο της πόλης, τον Πύργο της Αθήνας, όπου εδρεύουν πολλές εταιρείες. Υπάρχουν πολλά μπαρ, εστιατόρια και καφετέριες σε κοντινή απόσταση με τα πόδια. Η περιοχή εξυπηρετείται από δύο σταθμούς του μετρό: Πανόρμου και Αμπελόκηποι.","1",,"0","9","0","0","2026-05-27","6",,"0","yes","no","0","Αθήνα - Κέντρο (Αττική)","Αμπελόκηποι - Πεντάγωνο (Αθήνα - Κέντρο)","1","105103","100","6002",,,"1","2","0","0","1","1219956560","https://m3.spitogatos.gr/357428162_1600x1200.jpg?v=20130730","https://m2.spitogatos.gr/357428185_1600x1200.jpg?v=20130730","https://m3.spitogatos.gr/357428201_1600x1200.jpg?v=20130730","https://m1.spitogatos.gr/357428217_1600x1200.jpg?v=20130730","https://m2.spitogatos.gr/357428230_1600x1200.jpg?v=20130730","https://m3.spitogatos.gr/357428243_1600x1200.jpg?v=20130730","https://m3.spitogatos.gr/357428255_1600x1200.jpg?v=20130730","https://m3.spitogatos.gr/357428267_1600x1200.jpg?v=20130730","https://m1.spitogatos.gr/357428319_1600x1200.jpg?v=20130730","https://m2.spitogatos.gr/357428338_1600x1200.jpg?v=20130730","https://m2.spitogatos.gr/357428350_1600x1200.jpg?v=20130730","https://m1.spitogatos.gr/357428364_1600x1200.jpg?v=20130730","https://m1.spitogatos.gr/357428376_1600x1200.jpg?v=20130730","https://m1.spitogatos.gr/357428388_1600x1200.jpg?v=20130730","https://m3.spitogatos.gr/357428423_1600x1200.jpg?v=20130730","https://m1.spitogatos.gr/357428439_1600x1200.jpg?v=20130730","https://m3.spitogatos.gr/357428450_1600x1200.jpg?v=20130730","https://m2.spitogatos.gr/357428464_1600x1200.jpg?v=20130730","https://m1.spitogatos.gr/357428475_1600x1200.jpg?v=20130730","https://m3.spitogatos.gr/357428489_1600x1200.jpg?v=20130730","https://m3.spitogatos.gr/357428504_1600x1200.jpg?v=20130730","https://m3.spitogatos.gr/357428516_1600x1200.jpg?v=20130730","https://m1.spitogatos.gr/357428529_1600x1200.jpg?v=20130730","https://m3.spitogatos.gr/357428543_1600x1200.jpg?v=20130730","https://m3.spitogatos.gr/357428555_1600x1200.jpg?v=20130730","0","0",,"0","37.983311","1","0","23.761435",,"0",,,"2026-07-28","0","0",,"0","1","1",,,"1","0","1",,"0","0","0","1050",,,"0","0","0","0","13.13",,,"1","3","6","1","0",,,,"2","0","1",,"80","1",,"Avlidos 33","1","1","0","2026-05-27","https://www.spitogatos.gr/en/property/1219956560","https://nodalview.com/s/1m5S0KUVL99PX5jjALsUz6","0",,"1970",,
"1","2",,"vip","4",,,,,"0","0","0","0","2026-08-07","0","0","1","0","0",,"house",,,"1","Νιώσε σαν στο σπίτι σου, όπου και αν επιλέξεις να μείνεις με την Blueground. Θα λατρέψεις αυτό το όμορφα επιπλωμένο διαμέρισμα δύο υπνοδωματίων, για τη διακόσμησή του, την πλήρως εξοπλισμένη κουζίνα και το ελκυστικό καθιστικό του. Βρίσκεται σε ιδανική τοποθεσία, κοντά σε όλα όσα έχει να σου προσφέρει η Αθήνα!<br><br />
<br />
Η διαφημιζόμενη τιμή των €1,420/μήνα είναι η τιμή για 1 έτος, με ημερομηνία έναρξης Αυγούστου 6, 2026.<br />
<br>Οι τιμές διαφέρουν ανάλογα με τη διάρκεια παραμονής, την εποχικότητα και άλλους παράγοντες. Επισκεφθείτε τον ιστότοπό μας και εισάγετε τις ημερομηνίες διαμονής σας για να δείτε ενημερωμένες τιμές για την κράτησή σας. Η τιμή ισχύει μόνο με προκαταβολή· ενδέχεται να είναι υψηλότερη εάν πληρωθεί σε δόσεις.<br />
<br />
<b>Κλείστε αυτό το διαμέρισμα online!</b><br />
<br />
https://www.theblueground.com/p/furnished-apartments/ath-1189?utm_source=classified-4<br />
<br />
Aναβαθμίστε τη διαμονή σας με ένα πλήρως επιπλωμένο διαμέρισμα από τη Blueground:<br />
      – Επιπλωμένα σπίτια σε τιμές αντίστοιχες με τα ανεπίπλωτα<br />
      – Χωρίς κόστη εγκατάστασης ή αγοράς επίπλων - εξοικονομήστε χρόνο και χρήματα<br />
      – Έτοιμα για άμεση μετακόμιση - το μόνο που χρειάζεστε είναι η βαλίτσα σας<br />
<br />
<b>Ο χώρος</b><br><br />
Νιώσε σαν στο σπίτι σου σε αυτό το επιπλωμένο διαμέρισμα της Blueground με το μοναδικό design, τα μοντέρνα έπιπλα και την πλήρως εξοπλισμένη κουζίνα.<br />
Δες τις αγαπημένες σου ταινίες στη smart TV ή άκουσε δυνατά μουσική στα ασύρματα ηχεία τελευταίας τεχνολογίας. Ό,τι και να αποφασίσεις να κάνεις το μόνο σίγουρο είναι πως θα αγαπήσεις όλα όσα σου προσφέρει αυτό το ζεστό διαμέρισμα.<br />
<br />
<b>Διαρρύθμιση δωματίων ύπνου</b><br />
    <br />
        Υπέρδιπλο κρεβάτι: 160 εκ.<br />
<br />
        Διπλό κρεβάτι: 140 εκ.<br />
<br />
<b>Παροχές κτιρίου</b><br />
<br />
      Ασανσέρ<br />
      Πλυντήριο<br />
      Ταράτσα<br />
<br />
<br />
<b>Άφιξη και συνεχής υποστήριξη πελατών</b><br><br />
Κατά τη διάρκεια της διαμονής σου, η ομάδα μας θα είναι διαθέσιμη για να σε βοηθήσει με οτιδήποτε χρειαστείς. Μέσω της ειδικής mobile εφαρμογής της Blueground έχεις συνεχή υποστήριξη, ενώ μπορείς ακόμη να προγραμματίσεις υπηρεσίες καθαρισμού, συντήρησης ή επισκευής, με το πάτημα ενός κουμπιού.","1",,"1","8","0","0","2026-05-11","7",,"0","yes","no","0","Αθήνα - Κέντρο (Αττική)","Κουκάκι - Μακρυγιάννη (Αθήνα - Κέντρο)","1","105103","100","6011",,,"1","1","0","0","1","1219866296","https://m2.spitogatos.gr/359906479_1600x1200.jpg?v=20130730","https://m2.spitogatos.gr/359906530_1600x1200.jpg?v=20130730","https://m3.spitogatos.gr/359906552_1600x1200.jpg?v=20130730","https://m1.spitogatos.gr/359906574_1600x1200.jpg?v=20130730","https://m3.spitogatos.gr/359906597_1600x1200.jpg?v=20130730","https://m1.spitogatos.gr/359906619_1600x1200.jpg?v=20130730","https://m3.spitogatos.gr/359906639_1600x1200.jpg?v=20130730","https://m2.spitogatos.gr/359906659_1600x1200.jpg?v=20130730","https://m2.spitogatos.gr/359906689_1600x1200.jpg?v=20130730","https://m1.spitogatos.gr/359906709_1600x1200.jpg?v=20130730","https://m2.spitogatos.gr/359906731_1600x1200.jpg?v=20130730","https://m2.spitogatos.gr/359906749_1600x1200.jpg?v=20130730","https://m1.spitogatos.gr/359906769_1600x1200.jpg?v=20130730","https://m2.spitogatos.gr/359906791_1600x1200.jpg?v=20130730","https://m2.spitogatos.gr/359906815_1600x1200.jpg?v=20130730","https://m1.spitogatos.gr/359906838_1600x1200.jpg?v=20130730","https://m3.spitogatos.gr/359906858_1600x1200.jpg?v=20130730","https://m2.spitogatos.gr/359906881_1600x1200.jpg?v=20130730","https://m3.spitogatos.gr/359906897_1600x1200.jpg?v=20130730","https://m1.spitogatos.gr/359906919_1600x1200.jpg?v=20130730","https://m2.spitogatos.gr/359906941_1600x1200.jpg?v=20130730","https://m2.spitogatos.gr/359906956_1600x1200.jpg?v=20130730","https://m3.spitogatos.gr/359906975_1600x1200.jpg?v=20130730","https://m2.spitogatos.gr/359906992_1600x1200.jpg?v=20130730","https://m2.spitogatos.gr/359906998_1600x1200.jpg?v=20130730","0","0",,"0","37.967007","1","0","23.727182",,"0",,,"2026-07-28","0","0",,"0","0","1",,,"1","0","1",,"0","0","0","1420","2026-07-14 11:45:13","8","0","0","0","0","17.75","1540","true","1","3",,"1","0",,,,"2","0","1",,"80","0",,"Tsami Karatasou 3","1","1","0","2026-05-11","https://www.spitogatos.gr/en/property/1219866296","https://nodalview.com/s/0X9lrOTKP2GgwNU6ZMyyF6","0",,"1959",,
"1","3",,"vip","4",,,,,"0","0","0","0","2026-08-07","0","0","1","0","0",,"house",,,"1","Ξεκίνα να ζεις από την πρώτη μέρα, σε αυτό το μοντέρνα επιπλωμένο διαμέρισμα δύο υπνοδωματίων της Blueground στο κέντρο του Κολωνακίου. Πλήρως εξοπλισμένο με έπιπλα μοναδικού design, ηλεκτρικές συσκευές τελευταίας τεχνολογίας.<br><br />
<br />
Η διαφημιζόμενη τιμή των €1,930/μήνα είναι η τιμή για 1 έτος, με ημερομηνία έναρξης Αυγούστου 6, 2026.<br />
<br>Οι τιμές διαφέρουν ανάλογα με τη διάρκεια παραμονής, την εποχικότητα και άλλους παράγοντες. Επισκεφθείτε τον ιστότοπό μας και εισάγετε τις ημερομηνίες διαμονής σας για να δείτε ενημερωμένες τιμές για την κράτησή σας. Η τιμή ισχύει μόνο με προκαταβολή· ενδέχεται να είναι υψηλότερη εάν πληρωθεί σε δόσεις.<br />
<br />
<b>Κλείστε αυτό το διαμέρισμα online!</b><br />
<br />
https://www.theblueground.com/p/furnished-apartments/ath-1886?utm_source=classified-4<br />
<br />
Aναβαθμίστε τη διαμονή σας με ένα πλήρως επιπλωμένο διαμέρισμα από τη Blueground:<br />
      – Επιπλωμένα σπίτια σε τιμές αντίστοιχες με τα ανεπίπλωτα<br />
      – Χωρίς κόστη εγκατάστασης ή αγοράς επίπλων - εξοικονομήστε χρόνο και χρήματα<br />
      – Έτοιμα για άμεση μετακόμιση - το μόνο που χρειάζεστε είναι η βαλίτσα σας<br />
<br />
<b>Ο χώρος</b><br><br />
Νιώσε σαν στο σπίτι σου σε αυτό το επιπλωμένο διαμέρισμα της Blueground με το μοναδικό design, τα μοντέρνα έπιπλα και την πλήρως εξοπλισμένη κουζίνα.<br />
Δες τις αγαπημένες σου ταινίες στη smart TV ή άκουσε δυνατά μουσική στα ασύρματα ηχεία τελευταίας τεχνολογίας. Ό,τι και να αποφασίσεις να κάνεις το μόνο σίγουρο είναι πως θα αγαπήσεις όλα όσα σου προσφέρει αυτό το ζεστό διαμέρισμα.<br />
<br />
<b>Διαρρύθμιση δωματίων ύπνου</b><br />
    <br />
        Υπέρδιπλο κρεβάτι: 160 εκ.<br />
<br />
        Διπλό κρεβάτι: 140 εκ.<br />
<br />
<b>Παροχές κτιρίου</b><br />
<br />
      Ασανσέρ<br />
      Πλυντήριο<br />
      Επιτρέπονται κατοικίδια<br />
<br />
<br />
<b>Άφιξη και συνεχής υποστήριξη πελατών</b><br><br />
Κατά τη διάρκεια της διαμονής σου, η ομάδα μας θα είναι διαθέσιμη για να σε βοηθήσει με οτιδήποτε χρειαστείς. Μέσω της ειδικής mobile εφαρμογής της Blueground έχεις συνεχή υποστήριξη, ενώ μπορείς ακόμη να προγραμματίσεις υπηρεσίες καθαρισμού, συντήρησης ή επισκευής, με το πάτημα ενός κουμπιού.<br />
<br />
<b>Ιδανική τοποθεσία</b><br />
<br />
Το Κολωνάκι είναι μια από τις πιο ζωντανές και διάσημες γειτονιές της Αθήνας. Βρίσκεται στη νότια πλευρά του λόφου του Λυκαβηττού, με την πλατεία Συντάγματος σε μικρή απόσταση με τα πόδια. Το Κολωνάκι φημίζεται για τα πολυτελή εστιατόρια, τα εναλλακτικά μπιστρό και μπαρ, καθώς και για τη μοναδική ποικιλία καταστημάτων. Εδώ θα βρείτε επίσης αξιόλογες γκαλερί και μουσεία, όπως το Μουσείο Κυκλαδικής Τέχνης και το Μουσείο Μπενάκη. Τρεις σταθμοί του μετρό εξυπηρετούν την περιοχή: Ευαγγελισμός, Σύνταγμα και Πανεπιστημίου.","1",,"1","5","0","0","2026-03-04","8",,"0","yes","no","0","Αθήνα - Κέντρο (Αττική)","Κολωνάκι - Λυκαβηττός (Αθήνα - Κέντρο)","1","105103","100","6009","2019",,"1","2","0","0","1","1219478793","https://m1.spitogatos.gr/359919699_1600x1200.jpg?v=20130730","https://m3.spitogatos.gr/359919719_1600x1200.jpg?v=20130730","https://m1.spitogatos.gr/359919732_1600x1200.jpg?v=20130730","https://m1.spitogatos.gr/359919759_1600x1200.jpg?v=20130730","https://m2.spitogatos.gr/359919796_1600x1200.jpg?v=20130730","https://m3.spitogatos.gr/359919812_1600x1200.jpg?v=20130730","https://m1.spitogatos.gr/359919825_1600x1200.jpg?v=20130730","https://m2.spitogatos.gr/359919853_1600x1200.jpg?v=20130730","https://m3.spitogatos.gr/359919878_1600x1200.jpg?v=20130730","https://m1.spitogatos.gr/359919903_1600x1200.jpg?v=20130730","https://m3.spitogatos.gr/359919914_1600x1200.jpg?v=20130730","https://m2.spitogatos.gr/359919943_1600x1200.jpg?v=20130730","https://m3.spitogatos.gr/359919956_1600x1200.jpg?v=20130730","https://m3.spitogatos.gr/359919971_1600x1200.jpg?v=20130730","https://m3.spitogatos.gr/359919995_1600x1200.jpg?v=20130730","https://m2.spitogatos.gr/359920015_1600x1200.jpg?v=20130730","https://m1.spitogatos.gr/359920032_1600x1200.jpg?v=20130730","https://m2.spitogatos.gr/359920054_1600x1200.jpg?v=20130730","https://m3.spitogatos.gr/359920076_1600x1200.jpg?v=20130730","https://m3.spitogatos.gr/359920097_1600x1200.jpg?v=20130730","https://m1.spitogatos.gr/359920113_1600x1200.jpg?v=20130730","https://m1.spitogatos.gr/359920146_1600x1200.jpg?v=20130730","https://m1.spitogatos.gr/359920164_1600x1200.jpg?v=20130730","https://m2.spitogatos.gr/359920177_1600x1200.jpg?v=20130730","https://m1.spitogatos.gr/359920185_1600x1200.jpg?v=20130730","0","0",,"0","37.982372","1","0","23.752388",,"0",,,"2026-07-28","0","0",,"0","0","2",,,"1","0","1","1","0","0","0","1930",,,"0","0","0","0","20.32",,,"1","3",,"1","0",,,,"2","0","1",,"95","0",,"Dinokratous 131","1","1","0","2026-03-03","https://www.spitogatos.gr/en/property/1219478793","https://nodalview.com/s/00kOL-ZFX1Q9qbe3hyfevk","0",,"1966",,
"1","2",,"vip","4",,,,,"0","1","0","0","2026-10-15","0","0","1","0","0",,"house",,,"1","Νιώσε σαν στο σπίτι σου, όπου και αν επιλέξεις να μείνεις με την Blueground. Θα λατρέψεις αυτό το κομψά επιπλωμένο διαμέρισμα δύο υπνοδωματίων, για τη διακόσμησή του, την πλήρως εξοπλισμένη κουζίνα και το εκλεπτυσμένο καθιστικό του. Βρίσκεται σε ιδανική τοποθεσία, κοντά σε όλα όσα έχει να σου προσφέρει η Κηφισιά!<br><br />
<br />
Η διαφημιζόμενη τιμή των €1,700/μήνα είναι η τιμή για 1 έτος, με ημερομηνία έναρξης Οκτωβρίου 14, 2026. Η χαμηλότερη διαθέσιμη τιμή είναι €1,670/μήνα για μίσθωση 7 μήνα(μηνών) και 4 ημέρας(ημερών) με ημερομηνία έναρξης Οκτωβρίου 14, 2026.<br />
<br>Οι τιμές διαφέρουν ανάλογα με τη διάρκεια παραμονής, την εποχικότητα και άλλους παράγοντες. Επισκεφθείτε τον ιστότοπό μας και εισάγετε τις ημερομηνίες διαμονής σας για να δείτε ενημερωμένες τιμές για την κράτησή σας. Η τιμή ισχύει μόνο με προκαταβολή· ενδέχεται να είναι υψηλότερη εάν πληρωθεί σε δόσεις.<br />
<br />
<b>Κλείστε αυτό το διαμέρισμα online!</b><br />
<br />
https://www.theblueground.com/p/furnished-apartments/ath-1337?utm_source=classified-4<br />
<br />
Aναβαθμίστε τη διαμονή σας με ένα πλήρως επιπλωμένο διαμέρισμα από τη Blueground:<br />
      – Επιπλωμένα σπίτια σε τιμές αντίστοιχες με τα ανεπίπλωτα<br />
      – Χωρίς κόστη εγκατάστασης ή αγοράς επίπλων - εξοικονομήστε χρόνο και χρήματα<br />
      – Έτοιμα για άμεση μετακόμιση - το μόνο που χρειάζεστε είναι η βαλίτσα σας<br />
<br />
<b>Ο χώρος</b><br><br />
Έπιπλα μοναδικού design, πλήρως εξοπλισμένη κουζίνα, smart TV ή/και ασύρματα ηχεία τελευταίας τεχνολογίας, είναι λίγες μόνο από τις ανέσεις που σου προσφέρει αυτό το διαμέρισμα δύο υπνοδωματίων της Blueground. Θα το αγαπήσεις όμως και για τη μοναδική του τοποθεσία, καθώς βρίσκεται σε ένα από τα πιο κεντρικά σημεία της Κηφισιάς.<br />
<br />
<b>Διαρρύθμιση δωματίων ύπνου</b><br />
    <br />
        Υπέρδιπλο κρεβάτι: 160 εκ.<br />
<br />
        Διπλό κρεβάτι: 140 εκ.<br />
<br />
<b>Παροχές κτιρίου</b><br />
<br />
      Ασανσέρ<br />
      Πλυντήριο<br />
      Θέση στάθμευσης<br />
<br />
<br />
<b>Άφιξη και συνεχής υποστήριξη πελατών</b><br><br />
Κατά τη διάρκεια της διαμονής σου, η ομάδα μας θα είναι διαθέσιμη για να σε βοηθήσει με οτιδήποτε χρειαστείς. Μέσω της ειδικής mobile εφαρμογής της Blueground έχεις συνεχή υποστήριξη, ενώ μπορείς ακόμη να προγραμματίσεις υπηρεσίες καθαρισμού, συντήρησης ή επισκευής, με το πάτημα ενός κουμπιού.<br />
<br />
<b>Ιδανική τοποθεσία</b><br />
<br />
Η Κηφισιά είναι μια εύπορη γειτονιά που βρίσκεται στα βόρεια προάστια της Αθήνας, μόλις 14 χιλιόμετρα από το κέντρο της πόλης. Η περιοχή είναι περισσότερο γνωστή για τα πολυτελή κτίρια και τα αρχοντικά της που χρονολογούνται από διάφορες εποχές, τις μπουτίκ σχεδιαστών, τα υψηλής ποιότητας εστιατόρια και τα υπέροχα πάρκα. Η Κηφισιά φιλοξενεί επίσης το Μουσείο Γουλανδρή Φυσικής Ιστορίας. Μπορείτε να φτάσετε εύκολα στην Κηφισιά με λεωφορείο ή με τη γραμμή 1 του σιδηροδρομικού δικτύου της Αθήνας.","1",,"1","5","0","1","2026-07-20","7",,"0","yes","yes","1","Αθήνα - Βόρεια Προάστια (Αττική)","Κηφισιά (Αθήνα - Βόρεια Προάστια)","1","105103","101","2108",,,"1","2","0","0","1","1220425555","https://m2.spitogatos.gr/362461306_1600x1200.jpg?v=20130730","https://m3.spitogatos.gr/362461307_1600x1200.jpg?v=20130730","https://m2.spitogatos.gr/362461309_1600x1200.jpg?v=20130730","https://m1.spitogatos.gr/362461311_1600x1200.jpg?v=20130730","https://m2.spitogatos.gr/362461312_1600x1200.jpg?v=20130730","https://m2.spitogatos.gr/362461315_1600x1200.jpg?v=20130730","https://m2.spitogatos.gr/362461321_1600x1200.jpg?v=20130730","https://m2.spitogatos.gr/362461324_1600x1200.jpg?v=20130730","https://m1.spitogatos.gr/362461329_1600x1200.jpg?v=20130730","https://m3.spitogatos.gr/362461334_1600x1200.jpg?v=20130730","https://m2.spitogatos.gr/362461336_1600x1200.jpg?v=20130730","https://m1.spitogatos.gr/362461338_1600x1200.jpg?v=20130730","https://m3.spitogatos.gr/362461340_1600x1200.jpg?v=20130730","https://m3.spitogatos.gr/362461343_1600x1200.jpg?v=20130730","https://m2.spitogatos.gr/362461345_1600x1200.jpg?v=20130730","https://m1.spitogatos.gr/362461347_1600x1200.jpg?v=20130730","https://m3.spitogatos.gr/362461349_1600x1200.jpg?v=20130730","https://m1.spitogatos.gr/362461350_1600x1200.jpg?v=20130730","https://m3.spitogatos.gr/362461352_1600x1200.jpg?v=20130730","https://m3.spitogatos.gr/362461355_1600x1200.jpg?v=20130730","https://m3.spitogatos.gr/362461358_1600x1200.jpg?v=20130730","https://m2.spitogatos.gr/362461360_1600x1200.jpg?v=20130730","https://m1.spitogatos.gr/362461362_1600x1200.jpg?v=20130730","https://m1.spitogatos.gr/362461365_1600x1200.jpg?v=20130730","https://m1.spitogatos.gr/362461368_1600x1200.jpg?v=20130730","0","0",,"0","38.085476","1","0","23.822136",,"0",,,"2026-07-28","0","0",,"0","1","1",,,"1","0","1",,"0","0","0","1700",,,"0","0","0","0","17",,,"1","3","6","1","1",,,,"2","0","1",,"100","1",,"Levidou 85","1","1","0","2026-07-20","https://www.spitogatos.gr/en/property/1220425555","https://nodalview.com/s/1pPml0FrXEwPO4qMh01ddJ","0",,"1990",,
"1","4",,"vip","4",,,,,"0","0","0","0","2026-08-07","0","0","1","0","0",,"house",,,"1","Ανακάλυψε τα καλύτερα σημεία της Αθήνας , με αυτό το κομψό διαμέρισμα δύο υπνοδωματίων της Blueground. Προσφέρει μια πλήρως εξοπλισμένη κουζίνα, ένα όμορφο καθιστικό. Επίσης, καθ’όλη τη διάρκεια της διαμονής σου θα έχεις τη δυνατότητα να επικοινωνήσεις εύκολα και άμεσα με την ομάδα υποστήριξης πελατών και να βρεις χρήσιμες πληροφορίες τόσο για το διαμέρισμά σου όσο και για τη γειτονιά μέσω της ειδικής mobile εφαρμογής.<br><br />
<br />
Η διαφημιζόμενη τιμή των €920/μήνα είναι η τιμή για 1 έτος, με ημερομηνία έναρξης Αυγούστου 6, 2026. Η χαμηλότερη διαθέσιμη τιμή είναι €950/μήνα για μίσθωση 3 μήνα(μηνών) και 9 ημέρας(ημερών) με ημερομηνία έναρξης Αυγούστου 6, 2026.<br />
<br>Οι τιμές διαφέρουν ανάλογα με τη διάρκεια παραμονής, την εποχικότητα και άλλους παράγοντες. Επισκεφθείτε τον ιστότοπό μας και εισάγετε τις ημερομηνίες διαμονής σας για να δείτε ενημερωμένες τιμές για την κράτησή σας. Η τιμή ισχύει μόνο με προκαταβολή· ενδέχεται να είναι υψηλότερη εάν πληρωθεί σε δόσεις.<br />
<br />
<b>Κλείστε αυτό το διαμέρισμα online!</b><br />
<br />
<br />
<br />
Aναβαθμίστε τη διαμονή σας με ένα πλήρως επιπλωμένο διαμέρισμα από τη Blueground:<br />
      – Επιπλωμένα σπίτια σε τιμές αντίστοιχες με τα ανεπίπλωτα<br />
      – Χωρίς κόστη εγκατάστασης ή αγοράς επίπλων - εξοικονομήστε χρόνο και χρήματα<br />
      – Έτοιμα για άμεση μετακόμιση - το μόνο που χρειάζεστε είναι η βαλίτσα σας<br />
<br />
<b>Ο χώρος</b><br><br />
Νιώσε σαν στο σπίτι σου σε αυτό το επιπλωμένο διαμέρισμα της Blueground με το μοναδικό design, τα μοντέρνα έπιπλα και την πλήρως εξοπλισμένη κουζίνα.<br />
Δες τις αγαπημένες σου ταινίες στη smart TV ή άκουσε δυνατά μουσική στα ασύρματα ηχεία τελευταίας τεχνολογίας. Ό,τι και να αποφασίσεις να κάνεις το μόνο σίγουρο είναι πως θα αγαπήσεις όλα όσα σου προσφέρει αυτό το κομψό διαμέρισμα.<br />
<br />
<b>Διαρρύθμιση δωματίων ύπνου</b><br />
    <br />
        Υπέρδιπλο κρεβάτι: 160 εκ.<br />
<br />
<b>Παροχές κτιρίου</b><br />
<br />
      Ασανσέρ<br />
      Πλυντήριο<br />
<br />
<br />
<b>Άφιξη και συνεχής υποστήριξη πελατών</b><br><br />
Κατά τη διάρκεια της διαμονής σου, η ομάδα μας θα είναι διαθέσιμη για να σε βοηθήσει με οτιδήποτε χρειαστείς. Μέσω της ειδικής mobile εφαρμογής της Blueground έχεις συνεχή υποστήριξη, ενώ μπορείς ακόμη να προγραμματίσεις υπηρεσίες καθαρισμού, συντήρησης ή επισκευής, με το πάτημα ενός κουμπιού.","1",,"1","9","0","0","2026-05-13","9",,"0","yes","no","0","Αθήνα - Κέντρο (Αττική)","Παγκράτι (Αθήνα - Κέντρο)","1","105103","100","6013",,,"1","2","0","0","1","1219880340","https://m3.spitogatos.gr/362421494_1600x1200.jpg?v=20130730","https://m2.spitogatos.gr/362421502_1600x1200.jpg?v=20130730","https://m2.spitogatos.gr/362421508_1600x1200.jpg?v=20130730","https://m1.spitogatos.gr/362421519_1600x1200.jpg?v=20130730","https://m1.spitogatos.gr/362421528_1600x1200.jpg?v=20130730","https://m1.spitogatos.gr/362421537_1600x1200.jpg?v=20130730","https://m2.spitogatos.gr/362421544_1600x1200.jpg?v=20130730","https://m1.spitogatos.gr/362421552_1600x1200.jpg?v=20130730","https://m2.spitogatos.gr/362421562_1600x1200.jpg?v=20130730","https://m1.spitogatos.gr/362421570_1600x1200.jpg?v=20130730","https://m3.spitogatos.gr/362421578_1600x1200.jpg?v=20130730","https://m1.spitogatos.gr/362421585_1600x1200.jpg?v=20130730","https://m3.spitogatos.gr/362421590_1600x1200.jpg?v=20130730","https://m3.spitogatos.gr/362421596_1600x1200.jpg?v=20130730","https://m2.spitogatos.gr/362421604_1600x1200.jpg?v=20130730","https://m3.spitogatos.gr/362421614_1600x1200.jpg?v=20130730","https://m2.spitogatos.gr/362421619_1600x1200.jpg?v=20130730","https://m1.spitogatos.gr/362421621_1600x1200.jpg?v=20130730","https://m1.spitogatos.gr/362421624_1600x1200.jpg?v=20130730","https://m2.spitogatos.gr/362421625_1600x1200.jpg?v=20130730","https://m1.spitogatos.gr/362421627_1600x1200.jpg?v=20130730","https://m2.spitogatos.gr/362421631_1600x1200.jpg?v=20130730","https://m3.spitogatos.gr/362421635_1600x1200.jpg?v=20130730","https://m1.spitogatos.gr/362421639_1600x1200.jpg?v=20130730","https://m3.spitogatos.gr/362421641_1600x1200.jpg?v=20130730","0","0",,"0","37.972839","1","0","23.749861",,"0",,,"2026-07-28","0","0",,"0","0","1",,,"1","0","1",,"0","0","0","920",,,"0","0","0","0","15.33",,,"1","3",,"1","1",,,,"2","0","1",,"60","0",,"Efroniou 27","1","1","0","2026-05-13","https://www.spitogatos.gr/en/property/1219880340","https://nodalview.com/s/2pFezmrnD3Dw4aCy8pyWMO","0",,"1970",,
"1","4",,"vip","4",,,,,"0","0","0","0","2026-08-11","0","0","1","0","0",,"house",,,"1","Ξεκίνα να ζεις από την πρώτη μέρα, σε αυτό το μοντέρνα επιπλωμένο διαμέρισμα δύο υπνοδωματίων της Blueground στο κέντρο της Αθήνας. Πλήρως εξοπλισμένο με έπιπλα μοναδικού design, ηλεκτρικές συσκευές τελευταίας τεχνολογίας.<br><br />
<br />
Η διαφημιζόμενη τιμή των €1,960/μήνα είναι η τιμή για 1 έτος, με ημερομηνία έναρξης Αυγούστου 10, 2026. Η χαμηλότερη διαθέσιμη τιμή είναι €1,910/μήνα για μίσθωση 6 μήνα(μηνών) και 16 ημέρας(ημερών) με ημερομηνία έναρξης Αυγούστου 10, 2026.<br />
<br>Οι τιμές διαφέρουν ανάλογα με τη διάρκεια παραμονής, την εποχικότητα και άλλους παράγοντες. Επισκεφθείτε τον ιστότοπό μας και εισάγετε τις ημερομηνίες διαμονής σας για να δείτε ενημερωμένες τιμές για την κράτησή σας. Η τιμή ισχύει μόνο με προκαταβολή· ενδέχεται να είναι υψηλότερη εάν πληρωθεί σε δόσεις.<br />
<br />
<b>Κλείστε αυτό το διαμέρισμα online!</b><br />
<br />
https://www.theblueground.com/p/furnished-apartments/ath-507?utm_source=classified-4<br />
<br />
Aναβαθμίστε τη διαμονή σας με ένα πλήρως επιπλωμένο διαμέρισμα από τη Blueground:<br />
      – Επιπλωμένα σπίτια σε τιμές αντίστοιχες με τα ανεπίπλωτα<br />
      – Χωρίς κόστη εγκατάστασης ή αγοράς επίπλων - εξοικονομήστε χρόνο και χρήματα<br />
      – Έτοιμα για άμεση μετακόμιση - το μόνο που χρειάζεστε είναι η βαλίτσα σας<br />
<br />
<b>Ο χώρος</b><br><br />
Έπιπλα μοναδικού design, πλήρως εξοπλισμένη κουζίνα, smart TV ή/και ασύρματα ηχεία τελευταίας τεχνολογίας, είναι λίγες μόνο από τις ανέσεις που σου προσφέρει αυτό το διαμέρισμα δύο υπνοδωματίων της Blueground. Θα το αγαπήσεις όμως και για τη μοναδική του τοποθεσία, καθώς βρίσκεται σε ένα από τα πιο κεντρικά σημεία της Αθήνας.<br />
<br />
<b>Διαρρύθμιση δωματίων ύπνου</b><br />
    <br />
        Υπέρδιπλο κρεβάτι: 160 εκ.<br />
<br />
        Διπλό κρεβάτι: 140 εκ.<br />
<br />
<b>Παροχές κτιρίου</b><br />
<br />
      Ασανσέρ<br />
      Πλυντήριο<br />
<br />
<br />
<b>Άφιξη και συνεχής υποστήριξη πελατών</b><br><br />
Κατά τη διάρκεια της διαμονής σου, η ομάδα μας θα είναι διαθέσιμη για να σε βοηθήσει με οτιδήποτε χρειαστείς. Μέσω της ειδικής mobile εφαρμογής της Blueground έχεις συνεχή υποστήριξη, ενώ μπορείς ακόμη να προγραμματίσεις υπηρεσίες καθαρισμού, συντήρησης ή επισκευής, με το πάτημα ενός κουμπιού.","1",,"1","8","0","0","2026-04-15","9",,"0","yes","no","0","Αθήνα - Κέντρο (Αττική)","Κολωνάκι - Λυκαβηττός (Αθήνα - Κέντρο)","1","105103","100","6009","2027",,"1","2","0","0","1","1219706678","https://m1.spitogatos.gr/359902446_1600x1200.jpg?v=20130730","https://m1.spitogatos.gr/359902458_1600x1200.jpg?v=20130730","https://m2.spitogatos.gr/359902474_1600x1200.jpg?v=20130730","https://m2.spitogatos.gr/359902492_1600x1200.jpg?v=20130730","https://m2.spitogatos.gr/359902510_1600x1200.jpg?v=20130730","https://m3.spitogatos.gr/359902526_1600x1200.jpg?v=20130730","https://m2.spitogatos.gr/359902543_1600x1200.jpg?v=20130730","https://m1.spitogatos.gr/359902557_1600x1200.jpg?v=20130730","https://m1.spitogatos.gr/359902572_1600x1200.jpg?v=20130730","https://m3.spitogatos.gr/359902583_1600x1200.jpg?v=20130730","https://m3.spitogatos.gr/359902595_1600x1200.jpg?v=20130730","https://m2.spitogatos.gr/359902609_1600x1200.jpg?v=20130730","https://m1.spitogatos.gr/359902623_1600x1200.jpg?v=20130730","https://m1.spitogatos.gr/359902635_1600x1200.jpg?v=20130730","https://m2.spitogatos.gr/359902648_1600x1200.jpg?v=20130730","https://m3.spitogatos.gr/359902664_1600x1200.jpg?v=20130730","https://m2.spitogatos.gr/359902681_1600x1200.jpg?v=20130730","https://m1.spitogatos.gr/359902692_1600x1200.jpg?v=20130730","https://m3.spitogatos.gr/359902709_1600x1200.jpg?v=20130730","https://m1.spitogatos.gr/359902722_1600x1200.jpg?v=20130730","https://m2.spitogatos.gr/359902738_1600x1200.jpg?v=20130730","https://m1.spitogatos.gr/359902752_1600x1200.jpg?v=20130730","https://m2.spitogatos.gr/359902765_1600x1200.jpg?v=20130730","https://m2.spitogatos.gr/359902777_1600x1200.jpg?v=20130730","https://m1.spitogatos.gr/359902791_1600x1200.jpg?v=20130730","0","0",,"0","37.980595","1","0","23.746801",,"0",,,"2026-07-28","0","0",,"0","2","1",,,"1","0","1",,"0","0","0","1960",,,"0","0","0","0","23.06",,,"1","3","6","1","1",,,,"2","0","1",,"85","1",,"Kleomenous 57","1","1","0","2026-04-15","https://www.spitogatos.gr/en/property/1219706678","https://nodalview.com/s/1WHZTJ9yn1pR8B8en3NaXG","0",,"1970",,
"1","1",,"vip","4",,,,,"0","0","0","0","2026-07-30","0","0","1","0","0",,"house",,,"1","Ανακάλυψε τα καλύτερα σημεία του Χαλανδρίου , με αυτό το εκλεπτυσμένο διαμέρισμα τριών υπνοδωματίων της Blueground. Προσφέρει μια πλήρως εξοπλισμένη κουζίνα, ένα άνετο καθιστικό. Επίσης, καθ’όλη τη διάρκεια της διαμονής σου θα έχεις τη δυνατότητα να επικοινωνήσεις εύκολα και άμεσα με την ομάδα υποστήριξης πελατών και να βρεις χρήσιμες πληροφορίες τόσο για το διαμέρισμά σου όσο και για τη γειτονιά μέσω της ειδικής mobile εφαρμογής.<br><br />
<br />
Η διαφημιζόμενη τιμή των €1,450/μήνα είναι η τιμή για 1 έτος, με ημερομηνία έναρξης Ιουλίου 29, 2026.<br />
<br>Οι τιμές διαφέρουν ανάλογα με τη διάρκεια παραμονής, την εποχικότητα και άλλους παράγοντες. Επισκεφθείτε τον ιστότοπό μας και εισάγετε τις ημερομηνίες διαμονής σας για να δείτε ενημερωμένες τιμές για την κράτησή σας. Η τιμή ισχύει μόνο με προκαταβολή· ενδέχεται να είναι υψηλότερη εάν πληρωθεί σε δόσεις.<br />
<br />
<b>Κλείστε αυτό το διαμέρισμα online!</b><br />
<br />
https://www.theblueground.com/p/furnished-apartments/ath-1296?utm_source=classified-4<br />
<br />
Aναβαθμίστε τη διαμονή σας με ένα πλήρως επιπλωμένο διαμέρισμα από τη Blueground:<br />
      – Επιπλωμένα σπίτια σε τιμές αντίστοιχες με τα ανεπίπλωτα<br />
      – Χωρίς κόστη εγκατάστασης ή αγοράς επίπλων - εξοικονομήστε χρόνο και χρήματα<br />
      – Έτοιμα για άμεση μετακόμιση - το μόνο που χρειάζεστε είναι η βαλίτσα σας<br />
<br />
<b>Ο χώρος</b><br><br />
Έπιπλα μοναδικού design, πλήρως εξοπλισμένη κουζίνα, smart TV ή/και ασύρματα ηχεία τελευταίας τεχνολογίας, είναι λίγες μόνο από τις ανέσεις που σου προσφέρει αυτό το διαμέρισμα τριών υπνοδωματίων της Blueground. Θα το αγαπήσεις όμως και για τη μοναδική του τοποθεσία, καθώς βρίσκεται σε ένα από τα πιο κεντρικά σημεία του Χαλανδρίου.<br />
<br />
<b>Διαρρύθμιση δωματίων ύπνου</b><br />
    <br />
        Μονό κρεβάτι: 90 εκ.<br />
<br />
        Υπέρδιπλο κρεβάτι: 160 εκ.<br />
<br />
        Διπλό κρεβάτι: 140 εκ.<br />
<br />
<b>Παροχές κτιρίου</b><br />
<br />
      Ασανσέρ<br />
      Πλυντήριο<br />
      Θέση στάθμευσης<br />
<br />
<br />
<b>Άφιξη και συνεχής υποστήριξη πελατών</b><br><br />
Κατά τη διάρκεια της διαμονής σου, η ομάδα μας θα είναι διαθέσιμη για να σε βοηθήσει με οτιδήποτε χρειαστείς. Μέσω της ειδικής mobile εφαρμογής της Blueground έχεις συνεχή υποστήριξη, ενώ μπορείς ακόμη να προγραμματίσεις υπηρεσίες καθαρισμού, συντήρησης ή επισκευής, με το πάτημα ενός κουμπιού.<br />
<br />
<b>Ιδανική τοποθεσία</b><br />
<br />
Το Χαλάνδρι είναι μια ζωντανή γειτονιά, που βρίσκεται στα βόρεια προάστια, μόλις 10 χιλιόμετρα από το κέντρο της Αθήνας. Το Χαλάνδρι είναι γνωστό για τις εμπορικές του συνοικίες και τη ζωντανή σκηνή των μπαρ. Η περιοχή φιλοξενεί πολλές μεγάλες πολυεθνικές εταιρείες, οργανισμούς και πρεσβείες. Εξυπηρετείται από τους σταθμούς του μετρό Χαλάνδρι & Αγία Παρασκευή, καθώς και από συνδέσεις με λεωφορεία, ενώ έχει εύκολη πρόσβαση στην Αττική Οδό.","1",,"1","6","0","0","2026-04-09","6",,"0","yes","yes","1","Αθήνα - Βόρεια Προάστια (Αττική)","Χαλάνδρι (Αθήνα - Βόρεια Προάστια)","1","105103","101","2122",,,"1","2","0","0","1","1219687768","https://m3.spitogatos.gr/359907551_1600x1200.jpg?v=20130730","https://m1.spitogatos.gr/359907570_1600x1200.jpg?v=20130730","https://m3.spitogatos.gr/359907587_1600x1200.jpg?v=20130730","https://m2.spitogatos.gr/359907598_1600x1200.jpg?v=20130730","https://m2.spitogatos.gr/359907616_1600x1200.jpg?v=20130730","https://m2.spitogatos.gr/359907631_1600x1200.jpg?v=20130730","https://m3.spitogatos.gr/359907647_1600x1200.jpg?v=20130730","https://m1.spitogatos.gr/359907663_1600x1200.jpg?v=20130730","https://m2.spitogatos.gr/359907682_1600x1200.jpg?v=20130730","https://m3.spitogatos.gr/359907698_1600x1200.jpg?v=20130730","https://m2.spitogatos.gr/359907715_1600x1200.jpg?v=20130730","https://m3.spitogatos.gr/359907731_1600x1200.jpg?v=20130730","https://m3.spitogatos.gr/359907749_1600x1200.jpg?v=20130730","https://m2.spitogatos.gr/359907766_1600x1200.jpg?v=20130730","https://m3.spitogatos.gr/359907785_1600x1200.jpg?v=20130730","https://m1.spitogatos.gr/359907801_1600x1200.jpg?v=20130730","https://m1.spitogatos.gr/359907822_1600x1200.jpg?v=20130730","https://m3.spitogatos.gr/359907842_1600x1200.jpg?v=20130730","https://m1.spitogatos.gr/359907858_1600x1200.jpg?v=20130730","https://m1.spitogatos.gr/359907876_1600x1200.jpg?v=20130730","https://m2.spitogatos.gr/359907889_1600x1200.jpg?v=20130730","https://m3.spitogatos.gr/359907899_1600x1200.jpg?v=20130730","https://m1.spitogatos.gr/359907912_1600x1200.jpg?v=20130730","https://m1.spitogatos.gr/359907924_1600x1200.jpg?v=20130730","https://m3.spitogatos.gr/359907935_1600x1200.jpg?v=20130730","0","0",,"0","38.025013","1","0","23.82493",,"0",,,"2026-07-28","0","0",,"0","1","1",,,"1","0","1",,"0","0","0","1450",,,"0","0","0","0","13.18",,,"1","3",,"1","1",,,,"3","0","1",,"110","1",,"Theodosiou 15","1","1","0","2026-04-09","https://www.spitogatos.gr/en/property/1219687768","https://nodalview.com/s/1nhRVt3kj1nxsf6hl96h23","0",,"1999",,
"1","2","no","vip","4",,,,,"1","0","0","0","2026-07-28","0","1","1","0","1","0","house","0",,"0","Ενοικιάζεται Πλήρως Ανακαινισμένο Διαμέρισμα 54 τ.μ. – Εξάρχεια<br />
<br />
Ενοικιάζεται πλήρως ανακαινισμένο διαμέρισμα 54 τ.μ., στον 2ο όροφο, στην καρδιά των Εξαρχείων.<br />
<br />
Το διαμέρισμα έχει ανακαινιστεί πλήρως με σύγχρονα υλικά και προσεγμένη αισθητική, προσφέροντας έναν φωτεινό, άνετο και λειτουργικό χώρο διαβίωσης. Διαθέτει μοντέρνο μπάνιο, ξεχωριστό WC και πρακτική διαρρύθμιση που καλύπτει τις ανάγκες της σύγχρονης καθημερινότητας.<br />
<br />
Βρίσκεται σε εξαιρετική τοποθεσία, κοντά σε μέσα μαζικής μεταφοράς, πανεπιστήμια, καταστήματα, καφέ, εστιατόρια και το κέντρο της Αθήνας, αποτελώντας ιδανική επιλογή για επαγγελματίες, φοιτητές ή όσους επιθυμούν να ζήσουν σε μία από τις πιο ζωντανές γειτονιές της πόλης.<br />
<br />
Χαρακτηριστικά<br />
<br />
* 54 τ.μ.<br />
* 2ος όροφος<br />
* Πλήρως ανακαινισμένο<br />
* Σύγχρονο μπάνιο<br />
* Ξεχωριστό WC<br />
* Φωτεινό και λειτουργικό<br />
* Εξαιρετική κεντρική τοποθεσία<br />
* Άμεσα διαθέσιμο<br />
<br />
Ένα μοντέρνο διαμέρισμα που συνδυάζει άνεση, ποιότητα και προνομιακή τοποθεσία στην καρδιά των Εξαρχείων.",,"0","1","5","0","0","2026-07-28","7","10","0","no","no","0","Αθήνα - Κέντρο (Αττική)","Εξάρχεια - Νεάπολη (Αθήνα - Κέντρο)","1","105103","100","6007","2032","Double","3",,"0","0","1","1220505787","https://m1.spitogatos.gr/363533127_1600x1200.jpg?v=20130730","https://m2.spitogatos.gr/363533131_1600x1200.jpg?v=20130730","https://m1.spitogatos.gr/363533157_1600x1200.jpg?v=20130730","https://m3.spitogatos.gr/363533147_1600x1200.jpg?v=20130730","https://m1.spitogatos.gr/363533133_1600x1200.jpg?v=20130730","https://m3.spitogatos.gr/363533144_1600x1200.jpg?v=20130730","https://m2.spitogatos.gr/363533182_1600x1200.jpg?v=20130730","https://m3.spitogatos.gr/363533165_1600x1200.jpg?v=20130730","https://m1.spitogatos.gr/363533169_1600x1200.jpg?v=20130730","https://m2.spitogatos.gr/363533107_1600x1200.jpg?v=20130730",,,,,,,,,,,,,,,,"1","1","6","1","37.98761","1","1","23.740749",,"0","0","0","2026-07-28","0","0",,"0","1","1","5",,"1","0","1",,"0","0","0","720",,,"0","0","0","0","13.33",,,"1",,,"1","1","2026","0","1","1","0","1","0","54","0",,,"1","1","0","2026-07-28","https://www.spitogatos.gr/en/property/1220505787",,"0","0","1969",,"residential"
"1","2",,"vip","4",,,,,"0","1","0","0","2026-08-10","0","0","1","0","0",,"house",,,"1","Ξεκίνα να ζεις από την πρώτη μέρα, σε αυτό το κομψά επιπλωμένο διαμέρισμα στούντιο της Blueground στο κέντρο της Αθήνας. Πλήρως εξοπλισμένο με έπιπλα μοναδικού design, ηλεκτρικές συσκευές τελευταίας τεχνολογίας.<br><br />
<br />
Η διαφημιζόμενη τιμή των €860/μήνα είναι η τιμή για 1 έτος, με ημερομηνία έναρξης Αυγούστου 9, 2026. Η χαμηλότερη διαθέσιμη τιμή είναι €840/μήνα για μίσθωση 6 μήνα(μηνών) και 18 ημέρας(ημερών) με ημερομηνία έναρξης Αυγούστου 7, 2026.<br />
<br>Οι τιμές διαφέρουν ανάλογα με τη διάρκεια παραμονής, την εποχικότητα και άλλους παράγοντες. Επισκεφθείτε τον ιστότοπό μας και εισάγετε τις ημερομηνίες διαμονής σας για να δείτε ενημερωμένες τιμές για την κράτησή σας. Η τιμή ισχύει μόνο με προκαταβολή· ενδέχεται να είναι υψηλότερη εάν πληρωθεί σε δόσεις.<br />
<br />
<b>Κλείστε αυτό το διαμέρισμα online!</b><br />
<br />
https://www.theblueground.com/p/furnished-apartments/ath-1950?utm_source=classified-4<br />
<br />
Aναβαθμίστε τη διαμονή σας με ένα πλήρως επιπλωμένο διαμέρισμα από τη Blueground:<br />
      – Επιπλωμένα σπίτια σε τιμές αντίστοιχες με τα ανεπίπλωτα<br />
      – Χωρίς κόστη εγκατάστασης ή αγοράς επίπλων - εξοικονομήστε χρόνο και χρήματα<br />
      – Έτοιμα για άμεση μετακόμιση - το μόνο που χρειάζεστε είναι η βαλίτσα σας<br />
<br />
<b>Ο χώρος</b><br><br />
Νιώσε σαν στο σπίτι σου σε αυτό το επιπλωμένο διαμέρισμα της Blueground με το μοναδικό design, τα μοντέρνα έπιπλα και την πλήρως εξοπλισμένη κουζίνα.<br />
Δες τις αγαπημένες σου ταινίες στη smart TV ή άκουσε δυνατά μουσική στα ασύρματα ηχεία τελευταίας τεχνολογίας. Ό,τι και να αποφασίσεις να κάνεις το μόνο σίγουρο είναι πως θα αγαπήσεις όλα όσα σου προσφέρει αυτό το άνετο διαμέρισμα.<br />
<br />
<b>Διαρρύθμιση δωματίων ύπνου</b><br />
    <br />
        Διπλό κρεβάτι: 140 εκ.<br />
<br />
<b>Παροχές κτιρίου</b><br />
<br />
      Στεγνωτήριο<br />
      Ασανσέρ<br />
      Πλυντήριο<br />
      Επιτρέπονται κατοικίδια<br />
<br />
<br />
<b>Άφιξη και συνεχής υποστήριξη πελατών</b><br><br />
Κατά τη διάρκεια της διαμονής σου, η ομάδα μας θα είναι διαθέσιμη για να σε βοηθήσει με οτιδήποτε χρειαστείς. Μέσω της ειδικής mobile εφαρμογής της Blueground έχεις συνεχή υποστήριξη, ενώ μπορείς ακόμη να προγραμματίσεις υπηρεσίες καθαρισμού, συντήρησης ή επισκευής, με το πάτημα ενός κουμπιού.","1",,"1","9","0","0","2026-07-03","7",,"0","yes","no","0","Αθήνα - Κέντρο (Αττική)","Κολωνάκι - Λυκαβηττός (Αθήνα - Κέντρο)","1","105103","100","6009","2027",,"1",,"0","0","1","1220295316","https://m2.spitogatos.gr/361940674_1600x1200.jpg?v=20130730","https://m2.spitogatos.gr/361940677_1600x1200.jpg?v=20130730","https://m2.spitogatos.gr/361940680_1600x1200.jpg?v=20130730","https://m2.spitogatos.gr/361940683_1600x1200.jpg?v=20130730","https://m3.spitogatos.gr/361940687_1600x1200.jpg?v=20130730","https://m3.spitogatos.gr/361940690_1600x1200.jpg?v=20130730","https://m2.spitogatos.gr/361940692_1600x1200.jpg?v=20130730","https://m3.spitogatos.gr/361940696_1600x1200.jpg?v=20130730","https://m3.spitogatos.gr/361940699_1600x1200.jpg?v=20130730","https://m2.spitogatos.gr/361940704_1600x1200.jpg?v=20130730","https://m3.spitogatos.gr/361940708_1600x1200.jpg?v=20130730","https://m2.spitogatos.gr/361940710_1600x1200.jpg?v=20130730","https://m3.spitogatos.gr/361940711_1600x1200.jpg?v=20130730","https://m3.spitogatos.gr/361940714_1600x1200.jpg?v=20130730","https://m3.spitogatos.gr/361940717_1600x1200.jpg?v=20130730","https://m1.spitogatos.gr/361940718_1600x1200.jpg?v=20130730","https://m3.spitogatos.gr/361940720_1600x1200.jpg?v=20130730","https://m2.spitogatos.gr/361940722_1600x1200.jpg?v=20130730","https://m1.spitogatos.gr/361940724_1600x1200.jpg?v=20130730","https://m3.spitogatos.gr/361940726_1600x1200.jpg?v=20130730","https://m2.spitogatos.gr/361940728_1600x1200.jpg?v=20130730","https://m1.spitogatos.gr/361940730_1600x1200.jpg?v=20130730","https://m1.spitogatos.gr/361940733_1600x1200.jpg?v=20130730","https://m1.spitogatos.gr/361940736_1600x1200.jpg?v=20130730","https://m2.spitogatos.gr/361940740_1600x1200.jpg?v=20130730","0","0",,"0","37.986702","1","0","23.749052",,"0",,,"2026-07-28","0","0",,"0","0","1",,,"1","0","1","1","0","0","0","860","2026-07-15 16:10:08","8","0","0","0","0","19.11","930","true","1","3",,"1","0",,,,"0","0","1",,"45","0",,"Paliggenesias 7","1","1","0","2026-07-03","https://www.spitogatos.gr/en/property/1220295316","https://nodalview.com/s/2oYF-dN7LBSxAYOtROCmh8","0",,"1980",,
"1","5",,"vip","4",,,,,"0","0","0","0","2026-08-02","0","0","1","0","0",,"house",,,"1","Νιώσε σαν στο σπίτι σου, όπου και αν επιλέξεις να μείνεις με την Blueground. Θα λατρέψεις αυτό το όμορφα επιπλωμένο διαμέρισμα τριών υπνοδωματίων, για τη διακόσμησή του, την πλήρως εξοπλισμένη κουζίνα και το ελκυστικό καθιστικό του. Βρίσκεται σε ιδανική τοποθεσία, κοντά σε όλα όσα έχει να σου προσφέρει η Αθήνα!<br><br />
<br />
Η διαφημιζόμενη τιμή των €1,800/μήνα είναι η τιμή για 1 έτος, με ημερομηνία έναρξης Αυγούστου 1, 2026. Η χαμηλότερη διαθέσιμη τιμή είναι €1,750/μήνα για μίσθωση 6 μήνα(μηνών) και 25 ημέρας(ημερών) με ημερομηνία έναρξης Αυγούστου 1, 2026.<br />
<br>Οι τιμές διαφέρουν ανάλογα με τη διάρκεια παραμονής, την εποχικότητα και άλλους παράγοντες. Επισκεφθείτε τον ιστότοπό μας και εισάγετε τις ημερομηνίες διαμονής σας για να δείτε ενημερωμένες τιμές για την κράτησή σας. Η τιμή ισχύει μόνο με προκαταβολή· ενδέχεται να είναι υψηλότερη εάν πληρωθεί σε δόσεις.<br />
<br />
<b>Κλείστε αυτό το διαμέρισμα online!</b><br />
<br />
https://www.theblueground.com/p/furnished-apartments/ath-2268?utm_source=classified-4<br />
<br />
Aναβαθμίστε τη διαμονή σας με ένα πλήρως επιπλωμένο διαμέρισμα από τη Blueground:<br />
      – Επιπλωμένα σπίτια σε τιμές αντίστοιχες με τα ανεπίπλωτα<br />
      – Χωρίς κόστη εγκατάστασης ή αγοράς επίπλων - εξοικονομήστε χρόνο και χρήματα<br />
      – Έτοιμα για άμεση μετακόμιση - το μόνο που χρειάζεστε είναι η βαλίτσα σας<br />
<br />
<b>Ο χώρος</b><br><br />
Σε αυτό το κομψό Blueground διαμέρισμα τριών υπνοδωματίων, θα βρεις ένα χώρο προσεκτικά σχεδιασμένο και πλήρως εξοπλισμένο με έπιπλα μοναδικού design και ηλεκτρικές συσκευές τελευταίας τεχνολογίας.<br />
Νιώσε όμορφα και χαλαρά στο νέο σου σπίτι κάθε στιγμή. Και όταν θα θες να διασκεδάσεις, μπορείς να βγεις και να αφεθείς στον παλμό της Αθήνας ή να φέρεις τη διασκέδαση σπίτι, με τα ασύρματα ηχεία ή τη smart TV.<br />
<br />
<b>Διαρρύθμιση δωματίων ύπνου</b><br />
    <br />
        Υπέρδιπλο κρεβάτι: 160 εκ.<br />
<br />
        Διπλό κρεβάτι: 140 εκ.<br />
<br />
        Διπλό κρεβάτι: 140 εκ.<br />
<br />
<b>Παροχές κτιρίου</b><br />
<br />
      Ασανσέρ<br />
      Πλυντήριο<br />
<br />
<br />
<b>Άφιξη και συνεχής υποστήριξη πελατών</b><br><br />
Κατά τη διάρκεια της διαμονής σου, η ομάδα μας θα είναι διαθέσιμη για να σε βοηθήσει με οτιδήποτε χρειαστείς. Μέσω της ειδικής mobile εφαρμογής της Blueground έχεις συνεχή υποστήριξη, ενώ μπορείς ακόμη να προγραμματίσεις υπηρεσίες καθαρισμού, συντήρησης ή επισκευής, με το πάτημα ενός κουμπιού.","1",,"1","3","0","0","2026-07-01","10",,"0","yes","no","0","Αθήνα - Κέντρο (Αττική)","Παγκράτι (Αθήνα - Κέντρο)","1","105103","100","6013",,,"1",,"0","0","1","1220281732","https://m1.spitogatos.gr/360109809_1600x1200.jpg?v=20130730","https://m2.spitogatos.gr/360109819_1600x1200.jpg?v=20130730","https://m3.spitogatos.gr/360109826_1600x1200.jpg?v=20130730","https://m1.spitogatos.gr/360109830_1600x1200.jpg?v=20130730","https://m2.spitogatos.gr/360109837_1600x1200.jpg?v=20130730","https://m3.spitogatos.gr/360109841_1600x1200.jpg?v=20130730","https://m3.spitogatos.gr/360109850_1600x1200.jpg?v=20130730","https://m2.spitogatos.gr/360109855_1600x1200.jpg?v=20130730","https://m3.spitogatos.gr/360109859_1600x1200.jpg?v=20130730","https://m3.spitogatos.gr/360109865_1600x1200.jpg?v=20130730","https://m3.spitogatos.gr/360109868_1600x1200.jpg?v=20130730","https://m3.spitogatos.gr/360109871_1600x1200.jpg?v=20130730","https://m2.spitogatos.gr/360109876_1600x1200.jpg?v=20130730","https://m1.spitogatos.gr/360109881_1600x1200.jpg?v=20130730","https://m3.spitogatos.gr/360109892_1600x1200.jpg?v=20130730","https://m3.spitogatos.gr/360109901_1600x1200.jpg?v=20130730","https://m1.spitogatos.gr/360109911_1600x1200.jpg?v=20130730","https://m3.spitogatos.gr/360109922_1600x1200.jpg?v=20130730","https://m3.spitogatos.gr/360109934_1600x1200.jpg?v=20130730","https://m3.spitogatos.gr/360109943_1600x1200.jpg?v=20130730","https://m1.spitogatos.gr/360109947_1600x1200.jpg?v=20130730","https://m1.spitogatos.gr/360109950_1600x1200.jpg?v=20130730","https://m2.spitogatos.gr/360109954_1600x1200.jpg?v=20130730","https://m2.spitogatos.gr/360109960_1600x1200.jpg?v=20130730","https://m3.spitogatos.gr/360109967_1600x1200.jpg?v=20130730","0","0",,"0","37.973289","1","0","23.749687",,"0",,,"2026-07-28","0","0",,"0","1","1",,,"1","0","1",,"0","0","0","1800",,,"0","0","0","0","18",,,"1","3","6","1","1",,,,"3","0","1",,"100","0",,"Kritonos 13-15","1","1","0","2026-07-01","https://www.spitogatos.gr/en/property/1220281732","https://nodalview.com/s/1q8LdEUY1A7RhXvcDEoKij","0",,"1960",,
"1","1","no","vip","4",,,,,"0","1","0","0","2026-05-25","0","0","0","0","0","0","house",,"50","1","<br>Κωδικός ακινήτου: 97789 - Αγία Παρασκευή  - ΕΝΟΙΚΙΑΖΕΤΑΙ  διαμέρισμα στον 1ο όροφο, με συνολική επιφάνεια 150 τ.μ., ιδανικό για άνετη διαβίωση. Το ακίνητο διαθέτει δύο ευρύχωρα υπνοδωμάτια και home office, ένα φωτεινό σαλόνι και μια πλήρως εξοπλισμένη αυτόνομη κουζίνα, καθώς και WC για την εξυπηρέτησή σας. Κατασκευασμένο το 1980 και ανακαινισμένο το 2024.<br />
<br />
Περιλαμβάνει ατομική θέρμανση με φυσικό αέριο, κουφώματα αλουμινίου και ξύλινα πατώματα, προσφέροντας ζεστασιά και ασφάλεια. Η πόρτα ασφαλείας, ο συναγερμός και η θυροτηλεόραση εξασφαλίζουν την ηρεμία σας. Προσφέρει θέα σε αστικό τοπίο, μεγάλες βεράντες και ηλεκτρικά ρολά. Επιπλέον, το διαμέρισμα διαθέτει αποθήκη στο διαμέρισμα, A/C και ηλεκτρικές συσκευές όπως κουζίνα, πλυντήριο πιάτων και απορροφητήρα, ικανοποιώντας όλες τις καθημερινές σας ανάγκες. Το μικρό γραφείο προσφέρει έναν ιδανικό χώρο εργασίας ή μελέτης.<br />
<br />
Η τοποθεσία του είναι ιδανική, κοντά σε πάρκο, προσφέροντας ευκολία και πρόσβαση σε όλες τις ανέσεις της περιοχής. Μη χάσετε την ευκαιρία να ζήσετε σε αυτό το διαμέρισμα που συνδυάζει λειτουργικότητα και άνεση. <br>| UNION PROPERTIES +30 2108087844 - +30 6940579421, https://www.union-properties.gr/, email: north@union-properties.gr<br />
| Η Union Properties καταβάλλει κάθε δυνατή προσπάθεια για την παροχή έγκυρων και επικαιροποιημένων πληροφοριών σχετικά με τα ακίνητα που προβάλλονται, καθώς και για την επαλήθευση των στοιχείων που παρέχονται από τους ιδιοκτήτες/πωλητές. Ωστόσο, δεν φέρει καμία ευθύνη για τυχόν ανακρίβειες, παραλείψεις ή μεταβολές στις πληροφορίες αυτές, εφόσον δεν έχει προηγηθεί σχετική έγγραφη ενημέρωση από τους πωλητές.<br />
Η θέση του ακινήτου στον χάρτη είναι ενδεικτική και ενδέχεται να μην ανταποκρίνεται με ακρίβεια στην πραγματική τοποθεσία.<br />
Σύμφωνα με τον Ν. 4072/11-4-2012 (ΦΕΚ 86 Α’), για την υπόδειξη οποιουδήποτε ακινήτου απαιτείται η προσκόμιση της αστυνομικής ταυτότητας και του Α.Φ.Μ. του ενδιαφερόμενου.",,,"1","8","1","0","2026-05-25","6","2","0","no","no","0","Αθήνα - Βόρεια Προάστια (Αττική)","Αγία Παρασκευή (Αθήνα - Βόρεια Προάστια)","1","105103","101","2101","329489","Double","4","2","0","0","1","1219945656","https://m1.spitogatos.gr/355565736_1600x1200.jpg?v=20130730","https://m1.spitogatos.gr/355565754_1600x1200.jpg?v=20130730","https://m1.spitogatos.gr/355565757_1600x1200.jpg?v=20130730","https://m3.spitogatos.gr/355565762_1600x1200.jpg?v=20130730","https://m3.spitogatos.gr/355565768_1600x1200.jpg?v=20130730","https://m3.spitogatos.gr/355565774_1600x1200.jpg?v=20130730","https://m1.spitogatos.gr/355565781_1600x1200.jpg?v=20130730","https://m3.spitogatos.gr/355565786_1600x1200.jpg?v=20130730","https://m3.spitogatos.gr/355565795_1600x1200.jpg?v=20130730","https://m1.spitogatos.gr/355565799_1600x1200.jpg?v=20130730","https://m2.spitogatos.gr/355565803_1600x1200.jpg?v=20130730","https://m1.spitogatos.gr/355565808_1600x1200.jpg?v=20130730","https://m3.spitogatos.gr/355565813_1600x1200.jpg?v=20130730","https://m1.spitogatos.gr/355565817_1600x1200.jpg?v=20130730","https://m1.spitogatos.gr/355565823_1600x1200.jpg?v=20130730","https://m3.spitogatos.gr/355565825_1600x1200.jpg?v=20130730","https://m2.spitogatos.gr/355565827_1600x1200.jpg?v=20130730","https://m2.spitogatos.gr/355565830_1600x1200.jpg?v=20130730","https://m2.spitogatos.gr/355565836_1600x1200.jpg?v=20130730",,,,,,,"0","0","2","1","38.005936",,"1","23.818678",,"0",,,"2026-07-28","0","0",,"0","1","0","5",,"0","0","1",,"0","0","0","1500",,,"0","0","0","0","10",,,"1","3","6","1","0",,"0","1","2","0","1","0","150","1",,,"0","1","0","2026-05-25","https://www.spitogatos.gr/en/property/1219945656",,"1","0","1980","RwEfohpGUEA","residential"
"1","Ground Floor",,"vip","4",,,,,"0","0","0","0","2026-08-06","0","0","1","0","0",,"house",,,"1","Ανακάλυψε τα καλύτερα σημεία της Αθήνας , με αυτό το φωτεινό διαμέρισμα δύο υπνοδωματίων της Blueground. Προσφέρει μια πλήρως εξοπλισμένη κουζίνα, ένα όμορφο καθιστικό. Επίσης, καθ’όλη τη διάρκεια της διαμονής σου θα έχεις τη δυνατότητα να επικοινωνήσεις εύκολα και άμεσα με την ομάδα υποστήριξης πελατών και να βρεις χρήσιμες πληροφορίες τόσο για το διαμέρισμά σου όσο και για τη γειτονιά μέσω της ειδικής mobile εφαρμογής.<br><br />
<br />
Η διαφημιζόμενη τιμή των €1,400/μήνα είναι η τιμή για 1 έτος, με ημερομηνία έναρξης Αυγούστου 5, 2026. Η χαμηλότερη διαθέσιμη τιμή είναι €1,380/μήνα για μίσθωση 6 μήνα(μηνών) και 18 ημέρας(ημερών) με ημερομηνία έναρξης Αυγούστου 5, 2026.<br />
<br>Οι τιμές διαφέρουν ανάλογα με τη διάρκεια παραμονής, την εποχικότητα και άλλους παράγοντες. Επισκεφθείτε τον ιστότοπό μας και εισάγετε τις ημερομηνίες διαμονής σας για να δείτε ενημερωμένες τιμές για την κράτησή σας. Η τιμή ισχύει μόνο με προκαταβολή· ενδέχεται να είναι υψηλότερη εάν πληρωθεί σε δόσεις.<br />
<br />
<b>Κλείστε αυτό το διαμέρισμα online!</b><br />
<br />
https://www.theblueground.com/p/furnished-apartments/ath-540?utm_source=classified-4<br />
<br />
Aναβαθμίστε τη διαμονή σας με ένα πλήρως επιπλωμένο διαμέρισμα από τη Blueground:<br />
      – Επιπλωμένα σπίτια σε τιμές αντίστοιχες με τα ανεπίπλωτα<br />
      – Χωρίς κόστη εγκατάστασης ή αγοράς επίπλων - εξοικονομήστε χρόνο και χρήματα<br />
      – Έτοιμα για άμεση μετακόμιση - το μόνο που χρειάζεστε είναι η βαλίτσα σας<br />
<br />
<b>Ο χώρος</b><br><br />
Σε αυτό το άνετο Blueground διαμέρισμα δύο υπνοδωματίων, θα βρεις ένα χώρο προσεκτικά σχεδιασμένο και πλήρως εξοπλισμένο με έπιπλα μοναδικού design και ηλεκτρικές συσκευές τελευταίας τεχνολογίας.<br />
Νιώσε όμορφα και χαλαρά στο νέο σου σπίτι κάθε στιγμή. Και όταν θα θες να διασκεδάσεις, μπορείς να βγεις και να αφεθείς στον παλμό της Αθήνας ή να φέρεις τη διασκέδαση σπίτι, με τα ασύρματα ηχεία ή τη smart TV.<br />
<br />
<b>Διαρρύθμιση δωματίων ύπνου</b><br />
    <br />
        Υπέρδιπλο κρεβάτι: 160 εκ.<br />
<br />
        Διπλό κρεβάτι: 140 εκ.<br />
<br />
<b>Παροχές κτιρίου</b><br />
<br />
      Ασανσέρ<br />
      Πλυντήριο<br />
      Θέση στάθμευσης<br />
<br />
<br />
<b>Άφιξη και συνεχής υποστήριξη πελατών</b><br><br />
Κατά τη διάρκεια της διαμονής σου, η ομάδα μας θα είναι διαθέσιμη για να σε βοηθήσει με οτιδήποτε χρειαστείς. Μέσω της ειδικής mobile εφαρμογής της Blueground έχεις συνεχή υποστήριξη, ενώ μπορείς ακόμη να προγραμματίσεις υπηρεσίες καθαρισμού, συντήρησης ή επισκευής, με το πάτημα ενός κουμπιού.","1",,"1","5","0","1","2026-05-11","3",,"0","yes","yes","0","Αθήνα - Κέντρο (Αττική)","Κολωνάκι - Λυκαβηττός (Αθήνα - Κέντρο)","1","105103","100","6009","2027",,"1","1","0","0","1","1219861363","https://m2.spitogatos.gr/359902465_1600x1200.jpg?v=20130730","https://m3.spitogatos.gr/359902478_1600x1200.jpg?v=20130730","https://m2.spitogatos.gr/359902495_1600x1200.jpg?v=20130730","https://m3.spitogatos.gr/359902514_1600x1200.jpg?v=20130730","https://m2.spitogatos.gr/359902531_1600x1200.jpg?v=20130730","https://m1.spitogatos.gr/359902542_1600x1200.jpg?v=20130730","https://m2.spitogatos.gr/359902555_1600x1200.jpg?v=20130730","https://m2.spitogatos.gr/359902567_1600x1200.jpg?v=20130730","https://m2.spitogatos.gr/359902579_1600x1200.jpg?v=20130730","https://m2.spitogatos.gr/359902591_1600x1200.jpg?v=20130730","https://m1.spitogatos.gr/359902605_1600x1200.jpg?v=20130730","https://m1.spitogatos.gr/359902620_1600x1200.jpg?v=20130730","https://m3.spitogatos.gr/359902631_1600x1200.jpg?v=20130730","https://m3.spitogatos.gr/359902643_1600x1200.jpg?v=20130730","https://m1.spitogatos.gr/359902656_1600x1200.jpg?v=20130730","https://m2.spitogatos.gr/359902672_1600x1200.jpg?v=20130730","https://m3.spitogatos.gr/359902682_1600x1200.jpg?v=20130730","https://m1.spitogatos.gr/359902695_1600x1200.jpg?v=20130730","https://m3.spitogatos.gr/359902706_1600x1200.jpg?v=20130730","https://m3.spitogatos.gr/359902718_1600x1200.jpg?v=20130730","https://m1.spitogatos.gr/359902731_1600x1200.jpg?v=20130730","https://m3.spitogatos.gr/359902745_1600x1200.jpg?v=20130730","https://m2.spitogatos.gr/359902756_1600x1200.jpg?v=20130730","https://m2.spitogatos.gr/359902771_1600x1200.jpg?v=20130730","https://m3.spitogatos.gr/359902787_1600x1200.jpg?v=20130730","0","0",,"0","37.983353","1","0","23.741282",,"0",,,"2026-07-28","0","0",,"0","0","1",,,"1","0","0",,"0","0","0","1400",,,"0","0","0","0","18.67",,,"1","3","6","1","0",,,,"2","0","1",,"75","1",,"Doxapatri 10","1","1","0","2026-05-11","https://www.spitogatos.gr/en/property/1219861363",,"0",,"2005",,
"1","2",,"vip","4",,,,,"0","0","0","0","2026-08-07","0","0","1","0","0",,"house",,,"1","Νιώσε σαν στο σπίτι σου, όπου και αν επιλέξεις να μείνεις με την Blueground. Θα λατρέψεις αυτό το σύγχρονα επιπλωμένο διαμέρισμα δύο υπνοδωματίων, για τη διακόσμησή του, την πλήρως εξοπλισμένη κουζίνα και το ευρύχωρο καθιστικό του. Βρίσκεται σε ιδανική τοποθεσία, κοντά σε όλα όσα έχει να σου προσφέρει η Αθήνα!<br><br />
<br />
Η διαφημιζόμενη τιμή των €1,070/μήνα είναι η τιμή για 1 έτος, με ημερομηνία έναρξης Αυγούστου 6, 2026.<br />
<br>Οι τιμές διαφέρουν ανάλογα με τη διάρκεια παραμονής, την εποχικότητα και άλλους παράγοντες. Επισκεφθείτε τον ιστότοπό μας και εισάγετε τις ημερομηνίες διαμονής σας για να δείτε ενημερωμένες τιμές για την κράτησή σας. Η τιμή ισχύει μόνο με προκαταβολή· ενδέχεται να είναι υψηλότερη εάν πληρωθεί σε δόσεις.<br />
<br />
<b>Κλείστε αυτό το διαμέρισμα online!</b><br />
<br />
https://www.theblueground.com/p/furnished-apartments/ath-455?utm_source=classified-4<br />
<br />
Aναβαθμίστε τη διαμονή σας με ένα πλήρως επιπλωμένο διαμέρισμα από τη Blueground:<br />
      – Επιπλωμένα σπίτια σε τιμές αντίστοιχες με τα ανεπίπλωτα<br />
      – Χωρίς κόστη εγκατάστασης ή αγοράς επίπλων - εξοικονομήστε χρόνο και χρήματα<br />
      – Έτοιμα για άμεση μετακόμιση - το μόνο που χρειάζεστε είναι η βαλίτσα σας<br />
<br />
<b>Ο χώρος</b><br><br />
Σε αυτό το ζεστό Blueground διαμέρισμα δύο υπνοδωματίων, θα βρεις ένα χώρο προσεκτικά σχεδιασμένο και πλήρως εξοπλισμένο με έπιπλα μοναδικού design και ηλεκτρικές συσκευές τελευταίας τεχνολογίας.<br />
Νιώσε όμορφα και χαλαρά στο νέο σου σπίτι κάθε στιγμή. Και όταν θα θες να διασκεδάσεις, μπορείς να βγεις και να αφεθείς στον παλμό της Αθήνας ή να φέρεις τη διασκέδαση σπίτι, με τα ασύρματα ηχεία ή τη smart TV.<br />
<br />
<b>Διαρρύθμιση δωματίων ύπνου</b><br />
    <br />
        Υπέρδιπλο κρεβάτι: 160 εκ.<br />
<br />
        Υπέρδιπλο κρεβάτι: 160 εκ.<br />
<br />
<b>Παροχές κτιρίου</b><br />
<br />
      Ασανσέρ<br />
      Πλυντήριο<br />
<br />
<br />
<b>Άφιξη και συνεχής υποστήριξη πελατών</b><br><br />
Κατά τη διάρκεια της διαμονής σου, η ομάδα μας θα είναι διαθέσιμη για να σε βοηθήσει με οτιδήποτε χρειαστείς. Μέσω της ειδικής mobile εφαρμογής της Blueground έχεις συνεχή υποστήριξη, ενώ μπορείς ακόμη να προγραμματίσεις υπηρεσίες καθαρισμού, συντήρησης ή επισκευής, με το πάτημα ενός κουμπιού.","1",,"1","7","0","0","2026-07-23","7",,"0","yes","no","0","Αθήνα - Κέντρο (Αττική)","Παγκράτι (Αθήνα - Κέντρο)","1","105103","100","6013","2035",,"1","1","0","0","1","1220465906","https://m2.spitogatos.gr/362955664_1600x1200.jpg?v=20130730","https://m1.spitogatos.gr/362955675_1600x1200.jpg?v=20130730","https://m1.spitogatos.gr/362955684_1600x1200.jpg?v=20130730","https://m2.spitogatos.gr/362955691_1600x1200.jpg?v=20130730","https://m1.spitogatos.gr/362955696_1600x1200.jpg?v=20130730","https://m1.spitogatos.gr/362955714_1600x1200.jpg?v=20130730","https://m3.spitogatos.gr/362955716_1600x1200.jpg?v=20130730","https://m2.spitogatos.gr/362955718_1600x1200.jpg?v=20130730","https://m2.spitogatos.gr/362955721_1600x1200.jpg?v=20130730","https://m2.spitogatos.gr/362955724_1600x1200.jpg?v=20130730","https://m1.spitogatos.gr/362955726_1600x1200.jpg?v=20130730","https://m3.spitogatos.gr/362955734_1600x1200.jpg?v=20130730","https://m3.spitogatos.gr/362955749_1600x1200.jpg?v=20130730","https://m2.spitogatos.gr/362955760_1600x1200.jpg?v=20130730","https://m2.spitogatos.gr/362955772_1600x1200.jpg?v=20130730","https://m3.spitogatos.gr/362955785_1600x1200.jpg?v=20130730",,,,,,,,,,"0","0",,"0","37.974487","1","0","23.749512",,"0",,,"2026-07-28","0","0",,"0","0","1",,,"1","0","0",,"0","0","0","1070",,,"0","0","0","0","15.29",,,"1","3","6","1","1",,,,"2","0","1",,"70","0",,"Astidamantos 87","1","1","0","2026-07-23","https://www.spitogatos.gr/en/property/1220465906",,"0",,"1967",,
