"AC","Floor Level","accessibleForDisabled","adType_code","adType_id","agentEmployee_firstName","agentEmployee_id","agentEmployee_lastName","agentEmployee_telephone","airy","alarm","attic","auction","availability","availableForDailyRent","awning","balcony","balconyArea","bright","builtInBBQ","byTheSea","category","caveBuilding","commonExpenses","corner","description","distanceSea","doubleGlass","electricCarChargingFacilities","elevator","energyClass","facade","fireplace","firstPublishDate","floorNumber","floorType","forCommercialUse","furnished","garage","garden","geographiesByLevel_2_fullName","geographiesByLevel_4_fullName","geographyParentIds_0","geographyParentIds_1","geographyParentIds_2","geographyParentIds_4","geographyParentIds_5","glassType","heatingController","heatingMedium","heatingUnderFloor","holidayHome","host_id","id","images/0","images/1","images/2","images/3","images/4","images/5","images/6","images/7","images/8","images/9","images/10","images/11","images/12","images/13","images/14","images/15","images/16","images/17","images/18","images/19","images/20","images/21","images/22","images/23","images/24","internal_stairs","investment","joinery","kitchens","latitude","leased","levels","livingRooms","longitude","lotSize","luxHome","mannedReception","medicalOffice","modified","negotiablePrice","neoclassic","newDevelopment","nightPower","no_of_WC","no_of_bathrooms","numberOfFloors","orientation","painted","penthouse","pestNet","petsAllowed","playroom","pool","preserved","price","priceIncludesInternet","priceIncludesPower","priceIncludesSharedExp","priceIncludesWater","pricePerSqMeters","propertyPublishingOptionIds/0","propertyPublishingOptionIds/1","propertyPublishingOptionIds/2","published","renovated","renovationYear","requiresRenovation","road_type","rooms","satelite","secure_door","shortTermLetting","solar_heater","sq_meters","storage","storageArea","streetAddress","studentHome","subtype","unfinished","uploaded","url","vTourUrl","view","wholeFloorApartment","year_of_construction","zoning"
"1","1","no","vip","15",,,,,"1",,,"0","2026-07-20","0",,"1","0","1",,,"house",,"25","1","ΚΗΦΙΣΙΑ ΑΝΩ. Σε ήσυχο δρόμο, πλήρως ανεξάρτητο αριστοκρατικό οροφοδιαμέρισμα σε διπλοκατοικία, 120τμ, εντός διαμπερούς οικοπέδου, κατασκευής 1995. Με δική του είσοδο στο ισόγειο, ένας εντυπωσιακός χώρος υποδοχής γύρω στα 30τμ (επιπλέον των 120τμ) οδηγεί με μία ιδιαίτερα φαρδιά  ξύλινη σκάλα στο σαλόνι του διαμερίσματος, που διαθέτει τζάκι, κρυφούς φωτισμούς και επικοινωνεί με μεγάλη βεράντα με ανεμπόδιστη θέα προς Αθήνα. Ένας πολύ άνετος διάδρομος επικοινωνεί με την υπόλοιπη κατοικία, η οποία διαθέτει κλειστή μεγάλη κουζίνα με δυνατότητα για καθημερινό καθιστικό, πολλά ντουλάπια και επικοινωνεί με βεράντα που οδηγεί σε κήπο, τρία άνετα υπνοδωμάτια με πολλές ντουλάπες, εκ των οποίων το ένα με δική του βεράντα και κλιματιστική μονάδα, ένα πλήρες μπάνιο με μπανιέρα και ένα WC. Με δρύινα δάπεδα σε όλους τους χώρους, αλουμίνια με διπλά τζάμια, ανεξάρτητη θέρμανση με ατομικό λέβητα και δεξαμενή πετρελαίου, δύο θέσεις πάρκινγκ στο οικόπεδο του κτιρίου, σίτες σε όλα τα πορτοπαράθυρα, σιδεριές ασφαλείας, τριφασικό και νυχτερινό ρεύμα, αποτελεί ένα πλήρως εξοπλισμένο διαμέρισμα κατάλληλο για οικογένειες ή στελέχη επιχειρήσεων. Πολύ κοντά στο Κεφαλάρι, σε αγορά και σε σχολεία όλων των βαθμίδων, συστήνεται ανεπιφύλακτα για μακροχρόνια μόνο μίσθωση. Προσφέρεται στην τιμή των 1.20€, με κοινόχρηστες δαπάνες (κοινόχρηστο ηλεκτρικό, νερό, κηπουρό, καθαριότητα) στα 25€ μηνιαίως. ΑΠΑΓΟΡΕΥΟΝΤΑΙ ΤΑ ΚΑΤΟΙΚΙΔΙΑ.<br />
Πάρα πολλά ακόμη ακίνητα,  μικρότερα-μεγαλύτερα, στην Κηφισιά κ στους όμορους Δήμους. Μεσιτικό Κώστας Παντελαίων - Κηφισιά - 6945 39 20 60.  info@panteleon.gr Σε περίπτωση ενδιαφέροντος καλέστε  6945 39 20 60. 11:00-21:00.<br />
Email: info@panteleon.gr<br />
URL: https://www.panteleonrealestate.gr <br />
Μεσιτικό Κώστας Παντελαίων<br />
Λυκούργου 2, 145 62 Κηφισιά<br />
Κιν.: +30 6945 392060<br />
Τηλ.: +30 210 8050100<br />
更多KIFISSIA或者周边房产资源(公寓或者别墅），您可以通过以下方式联系我们:<br />
www.panteleonrealestate.gr <br />
Panteleon 地产中介- Kifissia - ( + 30 ) 6945-392060 <br />
邮箱:info@panteleon.gr.",,,,"0","5","1","1","2026-07-20","6","2",,,"yes","1","Αθήνα - Βόρεια Προάστια (Αττική)","Κηφισιά (Αθήνα - Βόρεια Προάστια)","1","105103","101","2108","106322","Triple","1","1",,,"1","1220423489","https://m1.spitogatos.gr/362427348_1600x1200.jpg?v=20130730","https://m1.spitogatos.gr/362427369_1600x1200.jpg?v=20130730","https://m3.spitogatos.gr/362427398_1600x1200.jpg?v=20130730","https://m3.spitogatos.gr/362427428_1600x1200.jpg?v=20130730","https://m1.spitogatos.gr/362427441_1600x1200.jpg?v=20130730","https://m1.spitogatos.gr/362427447_1600x1200.jpg?v=20130730","https://m2.spitogatos.gr/362427460_1600x1200.jpg?v=20130730","https://m3.spitogatos.gr/362427485_1600x1200.jpg?v=20130730","https://m3.spitogatos.gr/362427497_1600x1200.jpg?v=20130730","https://m2.spitogatos.gr/362427508_1600x1200.jpg?v=20130730","https://m3.spitogatos.gr/362427536_1600x1200.jpg?v=20130730","https://m1.spitogatos.gr/362427543_1600x1200.jpg?v=20130730","https://m1.spitogatos.gr/362427558_1600x1200.jpg?v=20130730","https://m2.spitogatos.gr/362427568_1600x1200.jpg?v=20130730","https://m3.spitogatos.gr/362427578_1600x1200.jpg?v=20130730","https://m2.spitogatos.gr/362427583_1600x1200.jpg?v=20130730","https://m3.spitogatos.gr/362427590_1600x1200.jpg?v=20130730","https://m3.spitogatos.gr/362427599_1600x1200.jpg?v=20130730","https://m2.spitogatos.gr/362427604_1600x1200.jpg?v=20130730","https://m3.spitogatos.gr/362427611_1600x1200.jpg?v=20130730","https://m3.spitogatos.gr/362427617_1600x1200.jpg?v=20130730","https://m2.spitogatos.gr/362427622_1600x1200.jpg?v=20130730","https://m2.spitogatos.gr/362427631_1600x1200.jpg?v=20130730","https://m2.spitogatos.gr/362427637_1600x1200.jpg?v=20130730","https://m1.spitogatos.gr/362427651_1600x1200.jpg?v=20130730","1",,"2","1","38.065849",,"1","1","23.831671","300",,,,"2026-07-30","0",,,"1","1","1","2","3","1",,"1",,,,,"1200","0","0","0","0","10","1","3","6","1","1","2020",,"1","3",,,,,"120",,,,,"1",,"2026-07-20","https://www.spitogatos.gr/en/property/1220423489","https://vtours.pepita.io/spitogatos/3d92878d-1521-48f5-93be-b0b9e4bec942","1","1","1990","residential"
"1","Ground Floor","yes","vip","15",,,,,"1","1",,"0","2026-07-01","0",,"1","0","1",,,"house",,,,"ΚΗΦΙΣΙΑ – ΚΕΦΑΛΑΡΙ. Σε καταπράσινη γειτονιά, αρχοντικό ισόγειο διαμέρισμα 180τμ διπλοκατοικίας, με στεγασμένη θέση πάρκινγκ και αποκλειστική χρήση κήπου 200τμ. Με πλήρως ανεξάρτητη είσοδο, διαθέτει μεγάλη σαλοτραπεζαρία με τζάκι, open plan κουζίνα με ηλεκτρικές συσκευές (ηλεκτρική κουζίνα, πλυντήριο πιάτων, πλυντήριο ρούχων, ψυγείο και καταψύκτη), τρία υπνοδωμάτια με τα μπάνια τους εκ των οποίων το master διαθέτει και τζάκι και αρκετούς αποθηκευτικούς χώρους. Με αυτόνομη θέρμανση πετρελαίου, δάπεδα από πέτρα και ξύλο, ξύλινα κουφώματα με διπλά τζάμια, σίτες, συναγερμό, κλιματισμό, τριφασικό ρεύμα, ηλιακό, μεγάλη βεράντα στο master υπνοδωμάτιο αποτελεί ένα πλήρως εξοπλισμένο διαμέρισμα, φτιαγμένο για ιδιοκατοίκηση. Σε πηλιορείτικο ύφος και στιλ, δίνει την αίσθηση διαμονής σε εξοχική κατοικία, παρότι προσφέρει παροχές σύγχρονου διαμερίσματος. Ιδανικό για οικογένειες ή στελέχη επιχειρήσεων που επιθυμούν την απόλυτη ηρεμία, ενώ βρίσκονται μόλις 1,5 χλμ από την πλατεία Κεφαλαρίου. Δεκτά κατοικίδια. Προσφέρεται στην τιμή των 1.900€. Δυνατότητα να μισθωθεί μερικώς ή πλήρως επιπλωμένο. Επιπλέον, διατίθεται και ανεξάρτητο διαμέρισμα 70τμ που επικοινωνεί εσωτερικά με την κατοικία, σε άλλη τιμή. ΑΞΙΖΕΙ ΝΑ ΤΟ ΕΠΙΣΚΕΦΘΕΙΤΕ.  <br />
Πάρα πολλά ακόμα ακίνητα,μικρότερα-μεγαλύτερα,στην Κηφισιά κ στους όμορους Δήμους www.panteleonrealestate.gr Μεσιτικό Κώστας Παντελαίων-Κηφισιά-6945-392060 info@panteleon.gr Σε περίπτωση ενδιαφέροντος καλέστε και στο κινητο απο 12:00 εως 20:00 .<br />
Email: info@panteleon.gr<br />
URL: https://www.panteleonrealestate.gr <br />
Μεσιτικό Κώστας Παντελαίων<br />
Λυκούργου 2, 145 62 Κηφισιά<br />
Κιν.: +30 6945 392060<br />
Τηλ.: +30 210 8050100<br />
更多KIFISSIA或者周边房产资源(公寓或者别墅），您可以通过以下方式联系我们:<br />
www.panteleonrealestate.gr <br />
Panteleon 地产中介- Kifissia - ( + 30 ) 6945-392060 <br />
邮箱:info@panteleon.gr",,,,,"5","1","1","2025-05-26","3","8",,,"yes","1","Αθήνα - Βόρεια Προάστια (Αττική)","Κηφισιά (Αθήνα - Βόρεια Προάστια)","1","105103","101","2108","106282","Triple","1","1",,,"1","1217644466","https://m3.spitogatos.gr/316668434_1600x1200.jpg?v=20130730","https://m3.spitogatos.gr/316669127_1600x1200.jpg?v=20130730","https://m1.spitogatos.gr/316669152_1600x1200.jpg?v=20130730","https://m2.spitogatos.gr/316669159_1600x1200.jpg?v=20130730","https://m1.spitogatos.gr/316669173_1600x1200.jpg?v=20130730","https://m3.spitogatos.gr/316669190_1600x1200.jpg?v=20130730","https://m1.spitogatos.gr/316669206_1600x1200.jpg?v=20130730","https://m3.spitogatos.gr/316669220_1600x1200.jpg?v=20130730","https://m2.spitogatos.gr/316669234_1600x1200.jpg?v=20130730","https://m3.spitogatos.gr/316669253_1600x1200.jpg?v=20130730","https://m2.spitogatos.gr/316669273_1600x1200.jpg?v=20130730","https://m1.spitogatos.gr/316669281_1600x1200.jpg?v=20130730","https://m1.spitogatos.gr/316669293_1600x1200.jpg?v=20130730","https://m2.spitogatos.gr/316669306_1600x1200.jpg?v=20130730","https://m2.spitogatos.gr/316669321_1600x1200.jpg?v=20130730","https://m2.spitogatos.gr/316669333_1600x1200.jpg?v=20130730","https://m3.spitogatos.gr/316669340_1600x1200.jpg?v=20130730","https://m2.spitogatos.gr/316669348_1600x1200.jpg?v=20130730","https://m2.spitogatos.gr/316669357_1600x1200.jpg?v=20130730","https://m3.spitogatos.gr/316669370_1600x1200.jpg?v=20130730","https://m1.spitogatos.gr/316669392_1600x1200.jpg?v=20130730","https://m3.spitogatos.gr/316669418_1600x1200.jpg?v=20130730","https://m3.spitogatos.gr/316669445_1600x1200.jpg?v=20130730","https://m1.spitogatos.gr/316669464_1600x1200.jpg?v=20130730","https://m2.spitogatos.gr/316669477_1600x1200.jpg?v=20130730",,,"4","1","38.076172",,"1","1","23.832861","1200",,,,"2026-07-30","0",,,"1","0","3","2","3","1",,"1","1",,,,"1900","0","0","0","0","10.56","1","3","6","1","1","2020",,"1","3",,"1",,"1","180",,,,,"1",,"2025-05-26","https://www.spitogatos.gr/en/property/1217644466","https://vtours.pepita.io/spitogatos/27c50a32-c47b-4a0a-a3bb-f52a1665331c","1","1","1980","residential"
"1","Ground Floor",,"vip","15",,,,,"1","1",,"0","2026-07-29","0",,"1","0","1",,,"house",,,,"ΚΗΦΙΣΙΑ – ΠΡΟΦΗΤΗΣ ΗΛΙΑΣ. Πολυτελής, minimal αρχιτεκτονικής μεζονέτα 245τμ, κατασκευής 2011, σε συγκρότημα κατοικιών με μεγάλη πισίνα, μόλις 10’ από το κέντρο της Κηφισιάς και τον ΗΣΑΠ. Η κατοικία αναπτύσσεται σε δύο κύρια επίπεδα, διαμορφωμένη σε 4 συνολικά ημιεπίπεδα ως εξής:<br />
Υπερυψωμένο ισόγειο: Φωτεινότατος ψηλοτάβανος χώρος καθιστικού και τραπεζαρίας με τζάκι, ανεξάρτητη κουζίνα με μικρή βεράντα και πρόσβαση στον ιδιόκτητο μικρό κήπο του σπιτιού και WC.<br />
A’ όροφος: Άνετο master υπνοδωμάτιο με μπάνιο με υδρομασάζ και 1 μικρότερο υπνοδωμάτιο, ιδανικό για γραφείο ή για μικρότερης ηλικίας παιδιά που επιθυμείτε να έχετε κοντά σας.<br />
Ημιόροφος: Δύο παιδικά υπνοδωμάτια που εξυπηρετούνται από WC-ντους με υδρομασάζ.<br />
Ημιυπόγειο: Άνετος ενιαίος χώρος playroom, που επικοινωνεί με το κλειστό γκαράζ για δύο αυτοκίνητα και τον αποθηκευτικό χώρο της μεζονέτας.<br />
‘Όλα τα επίπεδα διαθέτουν παρκέ πατώματα (ακόμα και στο playroom), αυτονομία θέρμανσης φυσικού αερίου με θερμοστάτη ανά επίπεδο, boiler, ηλιακό, κεντρικό σύστημα κλιματισμού, αλουμίνια με θερμομονωτικά τζάμια, πόρτα ασφαλείας, πληροί όλες τις προδιαγραφές μίας σύγχρονης κατοικίας. Με άμεση πρόσβαση στις κεντρικές οδικές αρτηρίες, το εμπορικό κέντρο, τα πάρκα και τα σχολεία της περιοχής είναι ιδανικό για υψηλόβαθμα στελέχη πολυεθνικών και πρεσβειών. Προσφέρεται στην τιμή των 4.000€. ΑΞΙΖΕΙ ΝΑ ΤΟ ΕΠΙΣΚΕΦΘΕΙΤΕ.<br />
Πάρα πολλά ακόμα ακίνητα,μικρότερα-μεγαλύτερα,στην Κηφισιά κ στους όμορους Δήμους www.panteleonrealestate.gr Μεσιτικό Κώστας Παντελαίων-Κηφισιά-6945-392060 info@panteleon.gr.  Σε περίπτωση ενδιαφέροντος καλέστε στο κινητό 6945-392060 από 11:00-21:00.<br />
Email: info@panteleon.gr<br />
URL: https://www.panteleonrealestate.gr <br />
Μεσιτικό Κώστας Παντελαίων<br />
Λυκούργου 2, 145 62 Κηφισιά<br />
Κιν.: +30 6945 392060<br />
Τηλ.: +30 210 8050100<br />
更多KIFISSIA或者周边房产资源(公寓或者别墅），您可以通过以下方式联系我们:<br />
www.panteleonrealestate.gr <br />
Panteleon 地产中介- Kifissia - ( + 30 ) 6945-392060 <br />
邮箱:info@panteleon.gr",,,,,"3",,"1","2026-07-29","3","2",,,"yes","1","Αθήνα - Βόρεια Προάστια (Αττική)","Κηφισιά (Αθήνα - Βόρεια Προάστια)","1","105103","101","2108","106361","Triple","1","2",,,"1","1220519321","https://m2.spitogatos.gr/363743545_1600x1200.jpg?v=20130730","https://m1.spitogatos.gr/363743550_1600x1200.jpg?v=20130730","https://m2.spitogatos.gr/363743554_1600x1200.jpg?v=20130730","https://m3.spitogatos.gr/363743561_1600x1200.jpg?v=20130730","https://m3.spitogatos.gr/363743579_1600x1200.jpg?v=20130730","https://m2.spitogatos.gr/363743620_1600x1200.jpg?v=20130730","https://m1.spitogatos.gr/363743646_1600x1200.jpg?v=20130730","https://m3.spitogatos.gr/363743657_1600x1200.jpg?v=20130730","https://m3.spitogatos.gr/363743663_1600x1200.jpg?v=20130730","https://m2.spitogatos.gr/363743695_1600x1200.jpg?v=20130730","https://m1.spitogatos.gr/363743703_1600x1200.jpg?v=20130730","https://m3.spitogatos.gr/363743726_1600x1200.jpg?v=20130730","https://m2.spitogatos.gr/363743740_1600x1200.jpg?v=20130730","https://m3.spitogatos.gr/363743747_1600x1200.jpg?v=20130730","https://m3.spitogatos.gr/363743768_1600x1200.jpg?v=20130730","https://m1.spitogatos.gr/363743769_1600x1200.jpg?v=20130730","https://m1.spitogatos.gr/363743772_1600x1200.jpg?v=20130730","https://m3.spitogatos.gr/363743777_1600x1200.jpg?v=20130730","https://m3.spitogatos.gr/363743801_1600x1200.jpg?v=20130730","https://m2.spitogatos.gr/363743815_1600x1200.jpg?v=20130730","https://m3.spitogatos.gr/363743816_1600x1200.jpg?v=20130730","https://m1.spitogatos.gr/363743817_1600x1200.jpg?v=20130730","https://m3.spitogatos.gr/363743819_1600x1200.jpg?v=20130730","https://m2.spitogatos.gr/363743821_1600x1200.jpg?v=20130730",,"1",,"2","1","38.069092",,"3","2","23.804831","1200","1",,,"2026-07-30","1",,,"1","1","2","3","3","1",,"1",,"1",,,"4000","0","0","0","0","16.33","1","3","6","1","1","2026",,"1","4",,"1",,"1","245","1",,,,"3",,"2026-07-29","https://www.spitogatos.gr/en/property/1220519321","https://vtours.pepita.io/spitogatos/8b005b16-2f69-4b91-9f38-a57e2d39ef8c","1",,"2011","residential"
"1","3","no","vip","14",,,,,"1","0","0","0","2025-04-06","0","0","1","0","1",,,"house",,,"0","Eνοικιάζεται εξαιρετικό επιπλωμένο διαμέρισμα 132τ.μ,στο Κέντρο της Κηφισιάς-αγοράς, πλήρως ανακαινισμένο τον Μάρτιο του 2017.<br />
<br />
Το διαμέρισμα έχει ιδιαίτερη αισθητική -διαρρύθμιση με καλόγουστα έπιπλα και εξοπλισμό.<br />
<br />
Αποτελείται απο μεγάλο χώρο υποδοχής με τζάκι, ωραία κλειστή λειτουργική κουζίνα πλήρως εξοπλισμένη, 2 μεγάλα υπνοδωμάτια, μεγάλες βεράντες με ωραία θέα, wc , 2 αποθηκευτικοί χώροι εντος της οικίας, 1 κλειστή θέση στάθμευσης.<br />
<br />
Διαθέτει κεντρική θέρμανση πετρελαίου, ηλιακό, πόρτα ασφαλείας, τζάκι, 2 κλιματιστικά, δρύινα δάπεδα παντού.<br />
<br />
Είναι πολύ φωτεινό, διαμπερές, πρόσοψης,επιτρέπονται τα κατοικίδια.<br />
<br />
ΜΕΣΙΤΙΚΟ Α.ΚΡΙΜΠΑ<br />
ΤΗΛ.6977244863<br />
210-8051912 <br />
Για περισσότερα ακίνητα επισκεφτείτε το site μας.<br />
<br />
www.krimpa.gr<br />
<br />
ΜΕΣΙΤΙΚΟ Α.ΚΡΙΜΠΑ<br />
ΤΗΛ.6977244863<br />
210-8051912",,"0",,"1","4","0","1","2017-04-04","8","2","0","yes","yes","1","Αθήνα - Βόρεια Προάστια (Αττική)","Κηφισιά (Αθήνα - Βόρεια Προάστια)","1","105103","101","2108","102108",,"1","1","0","0","1","125246673","https://m2.spitogatos.gr/106539253_1600x1200.jpg?v=20130730","https://m2.spitogatos.gr/106547074_1600x1200.jpg?v=20130730","https://m2.spitogatos.gr/106539259_1600x1200.jpg?v=20130730","https://m3.spitogatos.gr/106547069_1600x1200.jpg?v=20130730","https://m1.spitogatos.gr/106539252_1600x1200.jpg?v=20130730","https://m3.spitogatos.gr/106539254_1600x1200.jpg?v=20130730","https://m1.spitogatos.gr/106539255_1600x1200.jpg?v=20130730","https://m2.spitogatos.gr/106539256_1600x1200.jpg?v=20130730","https://m3.spitogatos.gr/106547072_1600x1200.jpg?v=20130730","https://m3.spitogatos.gr/106539257_1600x1200.jpg?v=20130730","https://m1.spitogatos.gr/106539258_1600x1200.jpg?v=20130730","https://m3.spitogatos.gr/106539260_1600x1200.jpg?v=20130730","https://m1.spitogatos.gr/106547076_1600x1200.jpg?v=20130730","https://m3.spitogatos.gr/106547078_1600x1200.jpg?v=20130730",,,,,,,,,,,,"0","0","2","1","38.072014",,"1","1","23.816036","132","1",,,"2026-07-31","0","0",,"0","1","1",,,"1","1","0","1","0","0","0","2200","0","0","0","0","16.67","1","3","6","1","1","2017","0","7","2","0","1","0","1","132","1",,"Κέντρο","0","1","0","2017-04-04","https://www.spitogatos.gr/en/property/125246673",,"1",,"1980","residential"
"1","1","no","vip","15","ΓΙΑΝΝΗΣ","5009","ΚΟΡΩΝΑΙΟΣ","6974100046","1","0","1","0","2026-02-20","0",,"1","15","1","0",,"house","0","0","0","Οροφοδιαμέρισμα 146τμ με σοφίτα, σε ήσυχη γειτονιά, 700 μέτρα από τον ΗΣΑΠ Κηφισιάς. Στον 1ο όροφο 103τμ, συναντάμε ένα μεγάλο ενιαίο χώρο σαλοτραπεζαρίας με τζάκι, κουζινα με πάσο, 2 υπνοδωμάτια, 1 λουτρό και βεράντες με θέα. Ανεβαίνοντας την εσωτερική σκάλα, βρίσκουμε μια πλήρως λειτουργική σοφίτα 43τμ με μεγάλο ύψος, 1 υπνοδωμάτιο, λουτρό και καθιστικό ή γραφείο, ιδανική για ένα μεγάλο παιδί που θέλει περισσότερη αυτονομία. Η θέρμανση είναι αυτόνομη με λέβητα πετρελαίου, έχει κλιματισμό, κουφώματα PVC με διπλά τζάμια, δεν έχει κοινόχρηστα και είναι άμεσα διαθέσιμη προς μίσθωση.",,,"0","0","7","1","1","2026-02-20","6","10","0","no","no","0","Αθήνα - Βόρεια Προάστια (Αττική)","Κηφισιά (Αθήνα - Βόρεια Προάστια)","1","105103","101","2108","106366","Double","1","1","0","0","1","1219421282","https://m2.spitogatos.gr/345621505_1600x1200.jpg?v=20130730","https://m2.spitogatos.gr/345621517_1600x1200.jpg?v=20130730","https://m1.spitogatos.gr/345621507_1600x1200.jpg?v=20130730","https://m1.spitogatos.gr/345621519_1600x1200.jpg?v=20130730","https://m2.spitogatos.gr/345621511_1600x1200.jpg?v=20130730","https://m1.spitogatos.gr/345621516_1600x1200.jpg?v=20130730","https://m3.spitogatos.gr/345621512_1600x1200.jpg?v=20130730","https://m2.spitogatos.gr/345621469_1600x1200.jpg?v=20130730","https://m3.spitogatos.gr/345621473_1600x1200.jpg?v=20130730","https://m2.spitogatos.gr/345621490_1600x1200.jpg?v=20130730","https://m2.spitogatos.gr/345621487_1600x1200.jpg?v=20130730","https://m1.spitogatos.gr/345621483_1600x1200.jpg?v=20130730","https://m1.spitogatos.gr/345621462_1600x1200.jpg?v=20130730","https://m1.spitogatos.gr/345621465_1600x1200.jpg?v=20130730","https://m3.spitogatos.gr/345621476_1600x1200.jpg?v=20130730","https://m1.spitogatos.gr/345621459_1600x1200.jpg?v=20130730","https://m1.spitogatos.gr/345621477_1600x1200.jpg?v=20130730","https://m1.spitogatos.gr/345621450_1600x1200.jpg?v=20130730","https://m2.spitogatos.gr/345621481_1600x1200.jpg?v=20130730","https://m3.spitogatos.gr/345621494_1600x1200.jpg?v=20130730","https://m2.spitogatos.gr/345621496_1600x1200.jpg?v=20130730","https://m1.spitogatos.gr/345621498_1600x1200.jpg?v=20130730","https://m1.spitogatos.gr/345621501_1600x1200.jpg?v=20130730","https://m2.spitogatos.gr/345621502_1600x1200.jpg?v=20130730","https://m3.spitogatos.gr/345621509_1600x1200.jpg?v=20130730","1","0","3","1","38.075733",,"2","1","23.804026",,"0","0","0","2026-07-20","0","0",,"1","0","2","2","10","1",,"1",,"0","0","0","1100","0","0","0","0","7.53","1","3","6","1","0",,"0","1","3","0","1",,"0","146","0",,,"0","1","0","2026-02-20","https://www.spitogatos.gr/en/property/1219421282",,"1","1","2004","residential"
"1","Ground Floor","no","vip","14",,,,,"1","0","0","0","2026-07-09","0","0","1","0","1","0",,"house","0",,"0","Σε έναν ήσυχο δρόμο της Πολιτείας Κηφισιάς, σε μικρή απόσταση από το Κεφαλάρι, ιδιωτικά σχολεία, καταστήματα καθημερινών αναγκών και μέσα μεταφοράς, βρίσκεται αυτή η πλήρως ανακαινισμένη μεζονέτα συνολικής επιφάνειας 300 τ.μ., ιδανική για οικογένειες που αναζητούν άνεση, λειτουργικότητα και υψηλή ποιότητα ζωής στα Βόρεια Προάστια.<br />
<br />
Η κατοικία αναπτύσσεται σε τρία επίπεδα των περίπου 100 τ.μ. το καθένα και συνδυάζει ευρύχωρους χώρους υποδοχής, άνετη καθημερινότητα και σύγχρονες προδιαγραφές διαβίωσης.<br />
<br />
Το ισόγειο φιλοξενεί τους χώρους υποδοχής, ένα ευρύχωρο καθιστικό με τζάκι, τραπεζαρία, ανεξάρτητη κουζίνα και WC επισκεπτών. Από το επίπεδο αυτό υπάρχει άμεση πρόσβαση στον ιδιωτικό κήπο αποκλειστικής χρήσης, προσφέροντας έναν όμορφο χώρο χαλάρωσης και φιλοξενίας.<br />
<br />
Στον πρώτο όροφο βρίσκονται τρία υπνοδωμάτια, εκ των οποίων το ένα είναι master, ένα επιπλέον μπάνιο και ένας άνετος χώρος καθιστικού ή TV room. Όλα τα υπνοδωμάτια διαθέτουν μεγάλες βεράντες που εξασφαλίζουν άπλετο φυσικό φως και αίσθηση ιδιωτικότητας.<br />
Το υπόγειο φιλοξενεί έναν ανεξάρτητο χώρο φιλοξενίας με μπάνιο, καθώς και laundry room, αποθηκευτικούς χώρους και κλειστό χώρο στάθμευσης για δύο αυτοκίνητα με εσωτερική πρόσβαση στην κατοικία.<br />
<br />
• 300 τ.μ.<br />
• 3 υπνοδωμάτια + ανεξάρτητος χώρος φιλοξενίας<br />
• 3 μπάνια & 1 WC<br />
• Καθιστικό με τζάκι<br />
• TV Room<br />
• Ιδιωτικός κήπος<br />
• Κλειστό parking <br />
• Laundry room<br />
• Αυτόνομη θέρμανση φυσικού αερίου <br />
• Εσωτερική σκάλα<br />
<br />
Σε εξαιρετική τοποθεσία της Πολιτείας, πολύ κοντά στο Κεφαλάρι, με εύκολη πρόσβαση σε ιδιωτικά σχολεία, αγορά, αθλητικές εγκαταστάσεις και βασικούς οδικούς άξονες, η κατοικία αποτελεί ιδανική επιλογή για όσους αναζητούν μια ποιοτική οικογενειακή κατοικία σε μία από τις πιο αγαπητές περιοχές των Βορείων Προαστίων.<br />
<br />
 IRG PRO INVESTMENT & RESIDENCY, ΣΚΟΥΦΑ 59 – ΚΟΛΩΝΑΚΙ, ΤΗΛ. 210 3639934, www.irgpro.com, info@irgpro.com",,,"0","0","5","1","1","2026-07-09","3","10","0","no","yes","1","Αθήνα - Βόρεια Προάστια (Αττική)","Κηφισιά (Αθήνα - Βόρεια Προάστια)","1","105103","101","2108","106326","Double","1","2","0","0","1","1220338762","https://m3.spitogatos.gr/361020605_1600x1200.jpg?v=20130730","https://m2.spitogatos.gr/361020610_1600x1200.jpg?v=20130730","https://m1.spitogatos.gr/361020612_1600x1200.jpg?v=20130730","https://m1.spitogatos.gr/361020615_1600x1200.jpg?v=20130730","https://m1.spitogatos.gr/361020618_1600x1200.jpg?v=20130730","https://m1.spitogatos.gr/361020621_1600x1200.jpg?v=20130730","https://m1.spitogatos.gr/361020624_1600x1200.jpg?v=20130730","https://m2.spitogatos.gr/361020625_1600x1200.jpg?v=20130730","https://m2.spitogatos.gr/361020628_1600x1200.jpg?v=20130730","https://m1.spitogatos.gr/361020630_1600x1200.jpg?v=20130730","https://m1.spitogatos.gr/361020633_1600x1200.jpg?v=20130730","https://m1.spitogatos.gr/361020636_1600x1200.jpg?v=20130730","https://m2.spitogatos.gr/361020640_1600x1200.jpg?v=20130730","https://m2.spitogatos.gr/361020643_1600x1200.jpg?v=20130730","https://m2.spitogatos.gr/361020646_1600x1200.jpg?v=20130730","https://m1.spitogatos.gr/361020648_1600x1200.jpg?v=20130730","https://m3.spitogatos.gr/361020653_1600x1200.jpg?v=20130730","https://m2.spitogatos.gr/361020658_1600x1200.jpg?v=20130730","https://m2.spitogatos.gr/361020661_1600x1200.jpg?v=20130730","https://m1.spitogatos.gr/361020669_1600x1200.jpg?v=20130730",,,,,,"1","0","2","1","38.083309",,"3","1","23.819908",,"1","0","0","2026-07-31","0","0",,"0","1","3",,,"0","0","1",,"0","0","0","2500","0","0","0","0","8.33","1","3","6","1","1","2024","0",,"3","0","1",,"1","300","1",,,"0","3","0","2026-07-09","https://www.spitogatos.gr/en/property/1220338762",,"1","0","1983","residential"
"1","Ground Floor","no","vip","14","Αλέξιος","81463","Κοσμόπουλος","6986109593","1","0","0","0","2026-06-02","0","0","1","0","1","0",,"house","0",,"0","Διατίθεται προς ενοικίαση ανακαινισμένη μεζονέτα 130 τ.μ., ισογείου και 1ου ορόφου (2 επιπέδων), στην περιοχή Κηφισιά – Αδάμες (Οικισμός Γράμμος – Φοίνικας).<br />
<br />
Το ακίνητο, κατασκευής 2006 και ανακαινισμένο το 2026, αποτελείται από δύο υπνοδωμάτια, δύο μπάνια, ένα WC, μία κουζίνα και ένα άνετο σαλόνι, προσφέροντας άνετη και λειτουργική διαρρύθμιση. Περιλαμβάνει επίσης μία θέση στάθμευσης σε ανοιχτό χώρο.<br />
<br />
Διαθέτει αυτόνομη θέρμανση με αντλία θερμότητας, ενδοδαπέδια θέρμανση και κλιματισμό, ενώ τα κουφώματα είναι αλουμινίου με διπλά τζάμια και τα δάπεδα συνδυάζουν πλακάκι και laminate. Επιπλέον περιλαμβάνει σίτες, αποθήκη, εσωτερική σκάλα, κήπο, πόρτα ασφαλείας, θυροτηλεόραση, κάμερες ασφαλείας και νυχτερινό ρεύμα.<br />
<br />
Η κατοικία είναι φωτεινή, διαμπερής, προσόψεως, πολυτελής και μοντέρνα, με ανατολικοδυτικό προσανατολισμό και θέα σε ανοιχτωσιά. Βρίσκεται σε ήσυχη γειτονιά, κοντά σε πάρκα, πλατείες και την Αττική Οδό.<br />
<br />
📍 Η αναφερόμενη τοποθεσία είναι ενδεικτική. Για περισσότερες πληροφορίες ή προγραμματισμό επίσκεψης:<br />
<br />
KOSMOS REAL ESTATE<br />
📞 Υπεύθυνος Ακινήτου: Κοσμόπουλος Αλέξης – 6986109593<br />
📧 info@kosmosrealestate.gr<br />
🌐 www.kosmosrealestate.gr",,,"0","0","2","1","1","2026-06-02","3","4","0","no","yes","1","Αθήνα - Βόρεια Προάστια (Αττική)","Κηφισιά (Αθήνα - Βόρεια Προάστια)","1","105103","101","2108","106330","Double","1","13","1","0","1","1219992400","https://m1.spitogatos.gr/355371393_1600x1200.jpg?v=20130730","https://m3.spitogatos.gr/355371395_1600x1200.jpg?v=20130730","https://m2.spitogatos.gr/355371397_1600x1200.jpg?v=20130730","https://m1.spitogatos.gr/355371399_1600x1200.jpg?v=20130730","https://m2.spitogatos.gr/355371400_1600x1200.jpg?v=20130730","https://m3.spitogatos.gr/355371401_1600x1200.jpg?v=20130730","https://m1.spitogatos.gr/355371402_1600x1200.jpg?v=20130730",,,,,,,,,,,,,,,,,,,"1","0","2","1","38.093102",,"2","1","23.78931",,"1","0","0","2026-07-30","0","0",,"1","1","2",,"2","0","0","1",,"0","0","0","1950","0","0","0","0","15","1","3","6","1","1","2026","0","1","2","0","1",,"0","130","1","60",,"0","3","0","2026-06-02","https://www.spitogatos.gr/en/property/1219992400",,"1","0","2006","residential"
"1","Ground Floor",,"vip","13",,,,,"1","1","1","0","2026-07-01","0","1","1","0","1","0",,"house",,,"0","ΚΗΦΙΣΙΑ Κάτω, σε άριστη κατάσταση μεζονέτα 350 τ.μ., 3 επιπέδων συν σοφίτα με εσωτερικό ασανσέρ, κατασκευής του 2006, ανεξάρτητη, με δική της είσοδο και ωραίο κήπο, φωτεινή, διαμπερής, ωραίοι χώροι υποδοχής, τζάκι, δρύινα δάπεδα παντού, χώρος τραπεζαρίας, ανεξάρτητη μεγάλη κουζίνα, wc, στον όροφο έχουμε 4 υ/δ (1 master), 2 μπάνια, σοφίτα η οποία μπορεί να χρησιμοποιηθεί ως 5ο υ/δ, ωραίο φωτεινό playroom με χώρο καθιστικού, τζάκι, kitchenette, δωμάτιο υπηρεσίας με μπάνιο, πλήρως ανεξάρτητη θέρμανση με ατομικό λέβητα πετρελαίου και αυτονομία ανά επίπεδο, boiler, ηλιακός, κλιματισμός, διπλά τζάμια, σίτες, ηλεκτρικά ρολά, συναγερμός, πόρτα ασφαλείας, ηλεκτρικές τέντες, αποθηκευτικοί χώροι, 2 θέσεις υπόγειο πάρκιν. Μισθωμένο, διαθέσιμο από 01/09/2026., τιμή 3.200€ (5601).",,,,"1","5","1","1","2026-03-11","3","2",,"no","yes","1","Αθήνα - Βόρεια Προάστια (Αττική)","Κηφισιά (Αθήνα - Βόρεια Προάστια)","1","105103","101","2108","106366",,"4","1","0",,"1","1216859175","https://m2.spitogatos.gr/303458161_1600x1200.jpg?v=20130730","https://m1.spitogatos.gr/303458154_1600x1200.jpg?v=20130730","https://m2.spitogatos.gr/303458095_1600x1200.jpg?v=20130730","https://m2.spitogatos.gr/303458122_1600x1200.jpg?v=20130730","https://m3.spitogatos.gr/303457952_1600x1200.jpg?v=20130730","https://m1.spitogatos.gr/303457917_1600x1200.jpg?v=20130730","https://m3.spitogatos.gr/303457937_1600x1200.jpg?v=20130730","https://m3.spitogatos.gr/303457976_1600x1200.jpg?v=20130730","https://m1.spitogatos.gr/303457992_1600x1200.jpg?v=20130730","https://m2.spitogatos.gr/303457963_1600x1200.jpg?v=20130730","https://m3.spitogatos.gr/303457913_1600x1200.jpg?v=20130730","https://m2.spitogatos.gr/303458056_1600x1200.jpg?v=20130730","https://m2.spitogatos.gr/303458041_1600x1200.jpg?v=20130730","https://m3.spitogatos.gr/303458150_1600x1200.jpg?v=20130730","https://m2.spitogatos.gr/303458137_1600x1200.jpg?v=20130730","https://m2.spitogatos.gr/303457915_1600x1200.jpg?v=20130730","https://m1.spitogatos.gr/303457929_1600x1200.jpg?v=20130730","https://m3.spitogatos.gr/303458075_1600x1200.jpg?v=20130730","https://m3.spitogatos.gr/303457907_1600x1200.jpg?v=20130730","https://m1.spitogatos.gr/303458145_1600x1200.jpg?v=20130730","https://m2.spitogatos.gr/303458167_1600x1200.jpg?v=20130730","https://m2.spitogatos.gr/303458179_1600x1200.jpg?v=20130730","https://m2.spitogatos.gr/303458188_1600x1200.jpg?v=20130730",,,"1",,"2","1",,,"4","1",,,"1","0",,"2026-07-31","0","0",,,"1","3",,,,,"1",,"1","0","0","3200","0","0","0","0","9.14","1","3","6","1",,,"0","1","6",,"1",,"1","350",,,,,"3","0","2024-12-16","https://www.spitogatos.gr/en/property/1216859175",,,"0","2006","residential"
"1","Ground Floor","yes","vip","13",,,,,"0","1","0","0","2026-01-01","0","0","1","0","1","0","false","house","0",,"0","Πολιτεία σε εκπληκτικό σημείο ανεξάρτητη μεζονέτα  . Κατασκευής 92. 400τμ τριών  επιπέδων με ασανσέρ , κήπο και πισίνα   . <br />
<br />
Το πρώτο επίπεδο (ισόγειο λόγο κλήσης  ) περιλαμβάνει :<br />
Playroom φωτεινό με τζακι  , wc , δωμάτιο υπηρεσίας, πρόσβαση σε κήπο    .<br />
Το δεύτερο επίπεδο (ισόγειο , είσοδος  ) περιλαμβάνει : Χώρο υποδοχής, σαλόνι με τζάκι , τραπεζαρία , βεράντα ,  ευρύχωρη κουζίνα ,wc ξένων άμεση πρόσβαση σε κήπο και πισίνα  .<br />
Το τρίτο επίπεδο (β όροφος ) περιλαμβάνει : τρία    υπνοδωμάτια , ( με μπάνιο και υδρομασάζ) βεράντες.<br />
Roof garden με πανοραμική θέα .<br />
 Αυτόνομη (ατομική) θέρμανση  ,  συναγερμός, δορυφορική κεραία  ,  ανελκυστήρας, κλιματισμός ,πόρτα ασφαλείας ,τζάκι ,ηλιακός, πισίνα , κήπος.","20000",,"1","1","6","1","1","2024-06-01","3","6","0","no","no","1","Αθήνα - Βόρεια Προάστια (Αττική)","Κηφισιά (Αθήνα - Βόρεια Προάστια)","1","105103","101","2108","106326","Double","4","1","0","0","1","1215870437","https://m3.spitogatos.gr/287189480_1600x1200.jpg?v=20130730","https://m1.spitogatos.gr/287189481_1600x1200.jpg?v=20130730","https://m2.spitogatos.gr/287189482_1600x1200.jpg?v=20130730","https://m3.spitogatos.gr/287189483_1600x1200.jpg?v=20130730","https://m1.spitogatos.gr/287189484_1600x1200.jpg?v=20130730","https://m2.spitogatos.gr/287189485_1600x1200.jpg?v=20130730","https://m3.spitogatos.gr/287189486_1600x1200.jpg?v=20130730","https://m1.spitogatos.gr/287189487_1600x1200.jpg?v=20130730","https://m2.spitogatos.gr/287189488_1600x1200.jpg?v=20130730","https://m3.spitogatos.gr/287189489_1600x1200.jpg?v=20130730",,,,,,,,,,,,,,,,"1","0","2","1","38.084377",,"3","1","23.83176",,"1","0","0","2026-07-31","0","0",,"1","1","3","3","3","1",,"1",,"1","1","0","4750","0","0","0","0","11.88","1","3","6","1","1",,"0","1","4","1","1",,"1","400","1","20",,"0","3","0","2024-06-01","https://www.spitogatos.gr/en/property/1215870437",,"1","0","1992","residential"
"1","2","no","vip","13","Κωνσταντίνος","2916","Σερβίτης","","1","1","0","0","2026-06-25","0","0","1","100","1","0","false","house","0","0","1","ΚΗΦΙΣΙΑ - Οροφοδιαμέρισμα 160τμ, 3 υ/δ, 1 master, 2ος, ρετιρέ, εξαιρετική κατάσταση, κατασκευή 2001, ανακαίνιση 2024, ενεργειακή κλάση Δ, σαλόνι, χωλ, κουζίνα, 2 μπάνια, wc, αυτόνομη θέρμανση (πετρέλαιο), κλιματισμός, τύπος κλιματισμού splits, μία κλειστή θέση parking, ήσυχο, διαμπερές, φωτεινό, γωνιακό, θέα απεριόριστη, βαμμένο, ηλεκτρικά ρολά, αποθήκη 8τμ, boiler, τζάκι, βεράντες, μεγάλες βεράντες, ασανσέρ, κουφώματα αλουμινίου, διπλά τζάμια, τύπος δαπέδων ξύλο, ανεξάρτητη κουζίνα, τριφασικό ρεύμα, νυχτερινό ρεύμα, πόρτα ασφαλείας, συναγερμός, θυροτηλεόραση, πολυτελές, internet, οικιστική ζώνη, προσανατολισμός ανατολικοδυτικός, πρόσβαση: άσφαλτο.<br />
Καταπληκτικό οροφοδιαμέρισμα 2ου ορόφου, με ιδιαίτερη αισθητική, σε ήσυχη γειτονιά στο Στροφύλι Κηφισιάς. Πρόκειται για μία πολυτελή κατοικία εντός συγκροτήματος, κατασκευής 2001, η οποία βρίσκεται σε εξαιρετική κατάσταση και συνδυάζει άνεση με υψηλή ποιότητα διαβίωσης.<br />
<br />
Το ακίνητο διαθέτει καλαίσθητο χώρο υποδοχής που οδηγεί σε ένα ευρύχωρο και φωτεινό σαλόνι με ενεργειακό τζάκι, το οποίο επικοινωνεί άμεσα με μεγάλη βεράντα με ανεμπόδιστη θέα προς το βουνό της Πάρνηθας. Στον ίδιο χώρο αναπτύσσεται η τραπεζαρία, ενώ υπάρχει και WC επισκεπτών, καλύπτοντας πλήρως τις ανάγκες της καθημερινότητας και της φιλοξενίας.<br />
<br />
Η κουζίνα είναι ανεξάρτητη, ιδιαίτερα άνετη και λειτουργική, με δικό της μπαλκόνι, ενώ διαθέτει και ξεχωριστό χώρο laundry. Στη συνέχεια συναντάμε τα τρία υπνοδωμάτια, όλα ευρύχωρα και φωτεινά. Το ένα αποτελεί master υπνοδωμάτιο με ιδιωτικό μπάνιο και άφθονους αποθηκευτικούς χώρους, ενώ τα άλλα δύο εξυπηρετούνται από ένα ακόμη πλήρες μπάνιο.<br />
<br />
Το διαμέρισμα συμπληρώνεται από αυτόνομη θέρμανση πετρελαίου με δικό του λέβητα, προσφέροντας αυτονομία και αποδοτικότητα, ενώ διαθέτει επίσης οπτική ίνα για υψηλές ταχύτητες internet.<br />
<br />
Στα επιπλέον χαρακτηριστικά περιλαμβάνονται μία άνετη, αποκλειστική υπόγεια θέση στάθμευσης με εύκολη πρόσβαση στο ασανσέρ, καθώς και δύο αποθήκες που ενισχύουν σημαντικά τη λειτουργικότητα του ακινήτου.<br />
<br />
Πρόκειται για ένα μοναδικό ακίνητο σε εξαιρετική τοποθεσία, που προσφέρει απόλυτη ησυχία, ιδιωτικότητα και άμεση πρόσβαση σε βασικές υποδομές και την αγορά της Κηφισιάς, αποτελώντας ιδανική επιλογή για οικογένεια που αναζητά ποιότητα και άνεση.<br />
<br />
Τιμή €2.000 (κωδ. 17427)<br />
DOVAS Real Estate 📍 Εδρεύουμε στην Κηφισιά (Κολοκοτρώνη 4, 📞 210 6230 900)  και στο Κολωνάκι (Ακαδημίας 16, 📞 211 7506 849).  Το χαρτοφυλάκιό μας ανανεώνεται καθημερινά με νέα ακίνητα.","20000","0","0","1","5","0","1","2026-06-25","7","2","0","no","yes","0","Αθήνα - Βόρεια Προάστια (Αττική)","Κηφισιά (Αθήνα - Βόρεια Προάστια)","1","105103","101","2108","106421","Double","1","1","0","0","1","1220212673","https://m1.spitogatos.gr/358955892_1600x1200.jpg?v=20130730","https://m2.spitogatos.gr/358955893_1600x1200.jpg?v=20130730","https://m2.spitogatos.gr/358955896_1600x1200.jpg?v=20130730","https://m3.spitogatos.gr/358955897_1600x1200.jpg?v=20130730","https://m2.spitogatos.gr/358955899_1600x1200.jpg?v=20130730","https://m3.spitogatos.gr/358955900_1600x1200.jpg?v=20130730","https://m3.spitogatos.gr/358955903_1600x1200.jpg?v=20130730","https://m1.spitogatos.gr/358955904_1600x1200.jpg?v=20130730","https://m1.spitogatos.gr/358955907_1600x1200.jpg?v=20130730","https://m3.spitogatos.gr/358955909_1600x1200.jpg?v=20130730","https://m2.spitogatos.gr/358955911_1600x1200.jpg?v=20130730","https://m1.spitogatos.gr/358955913_1600x1200.jpg?v=20130730","https://m3.spitogatos.gr/358955918_1600x1200.jpg?v=20130730","https://m2.spitogatos.gr/358955920_1600x1200.jpg?v=20130730","https://m1.spitogatos.gr/358955925_1600x1200.jpg?v=20130730","https://m2.spitogatos.gr/358955929_1600x1200.jpg?v=20130730","https://m3.spitogatos.gr/358955933_1600x1200.jpg?v=20130730","https://m3.spitogatos.gr/358955936_1600x1200.jpg?v=20130730","https://m1.spitogatos.gr/358955937_1600x1200.jpg?v=20130730","https://m2.spitogatos.gr/358955941_1600x1200.jpg?v=20130730","https://m1.spitogatos.gr/358955946_1600x1200.jpg?v=20130730","https://m1.spitogatos.gr/358955961_1600x1200.jpg?v=20130730","https://m1.spitogatos.gr/358955964_1600x1200.jpg?v=20130730","https://m1.spitogatos.gr/358955970_1600x1200.jpg?v=20130730","https://m2.spitogatos.gr/358955974_1600x1200.jpg?v=20130730","0","0","2","1","38.079735",,"1","1","23.812481","1500","1","0",,"2026-07-31","0","0",,"1","1","2","2","2","1","1","0",,"0","0","0","2000","0","0","0","0","12.5","1","3","6","1","1","2024","0","1","3","0","1",,"0","160","1","8","Μπενάκη Εμμανουήλ 34Β, Κηφισιά 14561","0","1","0","2026-06-25","https://www.spitogatos.gr/en/property/1220212673",,"1","1","2001","residential"
"0","1","no","vip","13","Κωνσταντίνος","2916","Σερβίτης","","1","1","0","0","2026-06-03","0","0","0","0","1","0","false","house","0","0","0","ΚΗΦΙΣΙΑ, Κέντρο - Μεζονέτα 400τμ, 3 υ/δ, 1 master, 3 επίπεδα: ημιυπόγειο-ισόγειο-1ος, εξαιρετική κατάσταση, κατασκευή 2008, ενεργειακή κλάση Δ, σαλόνι, χωλ, κουζίνα, 3 μπάνια, wc, αυτόνομη θέρμανση (φυσικό αέριο), 2 κλειστές θέσεις parking, ήσυχο, διαμπερές, φωτεινό, πρόσοψης, βαμμένο, ηλεκτρικά ρολά, αποθήκη, τζάκι, ασανσέρ, κήπος, εντοιχισμένες συσκευές, κουφώματα αλουμινίου, διπλά τζάμια, σίτες, τύπος δαπέδων ξύλο, ανεξάρτητη κουζίνα, γραφείο, τριφασικό ρεύμα, νυχτερινό ρεύμα, πόρτα ασφαλείας, συναγερμός, θυροτηλεόραση, πολυτελές, πισίνα, εσωτερική σκάλα, playroom, δωμάτιο υπηρεσίας, οικιστική ζώνη, πρόσβαση: άσφαλτο.<br />
**Κηφισιά, Κέντρο - Μεζονέτα  400τμ**<br />
Αυτή η εντυπωσιακή μεζονέτα  βρίσκεται στην καρδιά της Κηφισιάς. Με εμβαδόν 400 τετραγωνικών μέτρων, αποτελεί μια πολυτελή επιλογή για όσους αναζητούν άνεση και πολυτέλεια. Με άνετο κήπο και πισίνα, κατασκευή το 2008 και ενεργειακή κλάση Δ. Διαθέτει 3 υπνοδωμάτια, με 1 master υπνοδωμάτιο για την απόλυτη ιδιωτικότητα.<br />
Η κατοικία είναι σε 3 επίπεδα, ημιυπόγειο, ισόγειο και 1ος όροφος.<br />
Σαλόνι, κουζίνα, 3 μπάνια, wc, θέρμανση (φυσικό αέριο), 2 κλειστές θέσεις, αποθήκη, τζάκι, ασανσέρ, συναγερμός, δωμάτιο υπηρεσίας.<br />
- **Υπνοδωμάτια**: 3 (1 master)<br />
- **Επίπεδα**: ημιυπόγειο, ισόγειο, 1ος<br />
- **Κατάσταση**: Εξαιρετική<br />
- **Έτος κατασκευής**: 2008<br />
- **Ενεργειακή κλάση**: Δ<br />
- **Χαρακτηριστικά**: Σαλόνι, χωλ, κουζίνα, 3 μπάνια, wc, αυτόνομη θέρμανση (φυσικό αέριο), 2 κλειστές θέσεις parking, ήσυχο, διαμπερές, φωτεινό, πρόσοψης, βαμμένο, ηλεκτρικά ρολά, αποθήκη, τζάκι, ασανσέρ, κήπος, εντοιχισμένες συσκευές, κουφώματα αλουμινίου, διπλά τζάμια, σίτες, τύπος δαπέδων ξύλο, ανεξάρτητη κουζίνα, γραφείο, τριφασικό ρεύμα, νυχτερινό ρεύμα, πόρτα ασφαλείας, συναγερμός, θυροτηλεόραση, πολυτελές, πισίνα, εσωτερική σκάλα, playroom, δωμάτιο υπηρεσίας, οικιστική ζώνη<br />
(κωδ. 12052)<br />
<br />
Τιμή €5.000 (κωδ. 17270)<br />
DOVAS Real Estate 📍 Εδρεύουμε στην Κηφισιά (Κολοκοτρώνη 4, 📞 210 6230 900)  και στο Κολωνάκι (Ακαδημίας 16, 📞 211 7506 849).  Το χαρτοφυλάκιό μας ανανεώνεται καθημερινά με νέα ακίνητα.","20000","0","0","1","6","1","1","2026-06-03","6","2","0","no","yes","1","Αθήνα - Βόρεια Προάστια (Αττική)","Κηφισιά (Αθήνα - Βόρεια Προάστια)","1","105103","101","2108","106385","Double","1","2","0","0","1","1219999048","https://m3.spitogatos.gr/355485560_1600x1200.jpg?v=20130730","https://m1.spitogatos.gr/355485561_1600x1200.jpg?v=20130730","https://m3.spitogatos.gr/355485563_1600x1200.jpg?v=20130730","https://m1.spitogatos.gr/355485564_1600x1200.jpg?v=20130730","https://m2.spitogatos.gr/355485565_1600x1200.jpg?v=20130730","https://m1.spitogatos.gr/355485567_1600x1200.jpg?v=20130730","https://m2.spitogatos.gr/355485568_1600x1200.jpg?v=20130730","https://m1.spitogatos.gr/355485570_1600x1200.jpg?v=20130730","https://m2.spitogatos.gr/355485571_1600x1200.jpg?v=20130730","https://m3.spitogatos.gr/355485572_1600x1200.jpg?v=20130730","https://m2.spitogatos.gr/355485574_1600x1200.jpg?v=20130730","https://m1.spitogatos.gr/355485576_1600x1200.jpg?v=20130730","https://m3.spitogatos.gr/355485578_1600x1200.jpg?v=20130730","https://m1.spitogatos.gr/355485579_1600x1200.jpg?v=20130730","https://m3.spitogatos.gr/355485581_1600x1200.jpg?v=20130730","https://m2.spitogatos.gr/355485583_1600x1200.jpg?v=20130730","https://m3.spitogatos.gr/355485584_1600x1200.jpg?v=20130730","https://m1.spitogatos.gr/355485585_1600x1200.jpg?v=20130730","https://m2.spitogatos.gr/355485586_1600x1200.jpg?v=20130730","https://m3.spitogatos.gr/355485587_1600x1200.jpg?v=20130730","https://m1.spitogatos.gr/355485588_1600x1200.jpg?v=20130730","https://m2.spitogatos.gr/355485589_1600x1200.jpg?v=20130730","https://m3.spitogatos.gr/355485590_1600x1200.jpg?v=20130730","https://m1.spitogatos.gr/355485591_1600x1200.jpg?v=20130730",,"1","0","2","1","38.070236",,"3","1","23.817226",,"1","0","0","2026-07-31","0","0",,"1","1","3","2",,"1","0","1",,"1","1","0","5000","0","0","0","0","12.5","1","3","6","1","0","2024","0","1","3","0","1",,"0","400","1","10","Αλωνιών 34Α, Κηφισιά 14562","0","3","0","2026-06-03","https://www.spitogatos.gr/en/property/1219999048",,"0","0","2008","residential"
"1","2","no","vip","13","Κωνσταντίνος","2916","Σερβίτης","","1","1","0","0","2026-08-01","0","0","1","100","1","0","false","house","0","0","1","ΚΗΦΙΣΙΑ, Στροφύλι - Οροφοδιαμέρισμα 160τμ, 3 υ/δ, 1 master, 2ος, ρετιρέ, εξαιρετική κατάσταση, κατασκευή 2001, ενεργειακή κλάση Δ, σαλόνι, χωλ, κουζίνα, 2 μπάνια, wc, αυτόνομη θέρμανση (πετρέλαιο), κλιματισμός, τύπος κλιματισμού vrv, μία κλειστή θέση parking, ήσυχο, διαμπερές, φωτεινό, γωνιακό, θέα απεριόριστη, πρόσοψης, βαμμένο, αποθήκη, boiler, τζάκι, βεράντες, μεγάλες βεράντες, ασανσέρ, κουφώματα αλουμινίου, διπλά τζάμια, τύπος δαπέδων ξύλο, ανεξάρτητη κουζίνα, τριφασικό ρεύμα, νυχτερινό ρεύμα, πόρτα ασφαλείας, συναγερμός, θυροτηλεόραση, πολυτελές, internet, οικιστική ζώνη, πρόσβαση: άσφαλτο.<br />
Καταπληκτικό οροφοδιαμέρισμα 2ου ορόφου, με ιδιαίτερη αισθητική, σε ήσυχη γειτονιά στο Στροφύλι Κηφισιάς. Πρόκειται για μία πολυτελή κατοικία εντός συγκροτήματος, κατασκευής 2001, η οποία βρίσκεται σε εξαιρετική κατάσταση και συνδυάζει άνεση με υψηλή ποιότητα διαβίωσης.<br />
<br />
Το ακίνητο διαθέτει καλαίσθητο χώρο υποδοχής που οδηγεί σε ένα ευρύχωρο και φωτεινό σαλόνι με ενεργειακό τζάκι, το οποίο επικοινωνεί άμεσα με μεγάλη βεράντα με ανεμπόδιστη θέα προς το βουνό της Πάρνηθας. Στον ίδιο χώρο αναπτύσσεται η τραπεζαρία, ενώ υπάρχει και WC επισκεπτών, καλύπτοντας πλήρως τις ανάγκες της καθημερινότητας και της φιλοξενίας.<br />
<br />
Η κουζίνα είναι ανεξάρτητη, ιδιαίτερα άνετη και λειτουργική, με δικό της μπαλκόνι, ενώ διαθέτει και ξεχωριστό χώρο laundry. Στη συνέχεια συναντάμε τα τρία υπνοδωμάτια, όλα ευρύχωρα και φωτεινά. Το ένα αποτελεί master υπνοδωμάτιο με ιδιωτικό μπάνιο και άφθονους αποθηκευτικούς χώρους, ενώ τα άλλα δύο εξυπηρετούνται από ένα ακόμη πλήρες μπάνιο.<br />
<br />
Το διαμέρισμα συμπληρώνεται από αυτόνομη θέρμανση πετρελαίου με δικό του λέβητα, προσφέροντας αυτονομία και αποδοτικότητα, ενώ διαθέτει επίσης οπτική ίνα για υψηλές ταχύτητες internet.<br />
<br />
Στα επιπλέον χαρακτηριστικά περιλαμβάνονται μία άνετη, αποκλειστική υπόγεια θέση στάθμευσης με εύκολη πρόσβαση στο ασανσέρ, καθώς και δύο αποθήκες που ενισχύουν σημαντικά τη λειτουργικότητα του ακινήτου.<br />
<br />
Πρόκειται για ένα μοναδικό ακίνητο σε εξαιρετική τοποθεσία, που προσφέρει απόλυτη ησυχία, ιδιωτικότητα και άμεση πρόσβαση σε βασικές υποδομές και την αγορά της Κηφισιάς, αποτελώντας ιδανική επιλογή για οικογένεια που αναζητά ποιότητα και άνεση.<br />
<br />
Τιμή €2.000 (κωδ. 11509)<br />
DOVAS Real Estate 📍 Εδρεύουμε στην Κηφισιά (Κολοκοτρώνη 4, 📞 210 6230 900)  και στο Κολωνάκι (Ακαδημίας 16, 📞 211 7506 849).  Το χαρτοφυλάκιό μας ανανεώνεται καθημερινά με νέα ακίνητα.","20000","0","0","1","5","1","1","2026-06-25","7","2","0","no","yes","0","Αθήνα - Βόρεια Προάστια (Αττική)","Κηφισιά (Αθήνα - Βόρεια Προάστια)","1","105103","101","2108","106421","Double","1","1","0","0","1","1220212353","https://m3.spitogatos.gr/358948796_1600x1200.jpg?v=20130730","https://m1.spitogatos.gr/358948803_1600x1200.jpg?v=20130730","https://m3.spitogatos.gr/358948817_1600x1200.jpg?v=20130730","https://m2.spitogatos.gr/358948828_1600x1200.jpg?v=20130730","https://m2.spitogatos.gr/358948840_1600x1200.jpg?v=20130730","https://m3.spitogatos.gr/358948850_1600x1200.jpg?v=20130730","https://m1.spitogatos.gr/358948866_1600x1200.jpg?v=20130730","https://m3.spitogatos.gr/358948871_1600x1200.jpg?v=20130730","https://m3.spitogatos.gr/358948883_1600x1200.jpg?v=20130730","https://m1.spitogatos.gr/358948899_1600x1200.jpg?v=20130730","https://m3.spitogatos.gr/358948907_1600x1200.jpg?v=20130730","https://m3.spitogatos.gr/358948922_1600x1200.jpg?v=20130730","https://m2.spitogatos.gr/358948933_1600x1200.jpg?v=20130730","https://m1.spitogatos.gr/358948947_1600x1200.jpg?v=20130730","https://m1.spitogatos.gr/358948956_1600x1200.jpg?v=20130730","https://m1.spitogatos.gr/358948971_1600x1200.jpg?v=20130730","https://m3.spitogatos.gr/358948985_1600x1200.jpg?v=20130730","https://m1.spitogatos.gr/358948995_1600x1200.jpg?v=20130730","https://m3.spitogatos.gr/358948649_1600x1200.jpg?v=20130730","https://m3.spitogatos.gr/358948652_1600x1200.jpg?v=20130730","https://m1.spitogatos.gr/358948665_1600x1200.jpg?v=20130730","https://m3.spitogatos.gr/358948673_1600x1200.jpg?v=20130730","https://m3.spitogatos.gr/358948685_1600x1200.jpg?v=20130730","https://m1.spitogatos.gr/358948692_1600x1200.jpg?v=20130730","https://m1.spitogatos.gr/358948707_1600x1200.jpg?v=20130730","0","0","2","1","38.07901",,"1","1","23.809942","1500","1","0","0","2026-07-31","0","0",,"1","1","2","2","2","1","1","0",,"0","0","0","2000","0","0","0","0","12.5","1","3","6","1","0","2024","0","1","3","0","1",,"0","160","1","8",,"0","1","0","2026-06-25","https://www.spitogatos.gr/en/property/1220212353",,"1","1","2001","residential"
"1","Ground Floor",,"vip","13",,,,,"1","1","0","0","2026-07-13","0","1","1","0","1","1",,"house",,,"0","ΚΗΦΙΣΙΑ, Κεφαλάρι όριο με Πολιτεία, Μεζονέτα 205τμ, 3 επιπέδων με εσωτερικό ασανσέρ, κατασκευής του 1995, σε συγκρότημα κατοικιών με κοινόχρηστη πισίνα, ανεξάρτητη, με δική της είσοδο, πολύ φωτεινή, διαμπερής, με ωραίες βεράντες, στο υπερυψωμένο ισόγειο έχουμε χώρο σαλονιού με τζάκι και προόσβαση σε βεράντα, ανεξάρτητη κουζίνα με ηλεκτρικές συσκευές, wc, στον όροφο έχουμε 3 υ/δ με δρύινα δάπεδα, 1 μπάνιο, στο κατώτερο επίπέδο έχουμε πολύ φωτεινό χώρο playroom, ξενώνα ή δωμάτιο υπηρεσίας, 1 μπάνιο, εσωτερική αποθήκη, πλήρως ανεξάρτητη θέρμανση με δικό της λέβητα πετρελαίου, boiler, ηλιακός, κλιματισμός, διπλά τζάμια, σίτες, συναγερμός, κάμερες ασφαλείας, πόρτα ασφαλείας, τέντες, δοροφορική, φωτοβολταικά, bbq, 2 θέσεις πάρκιν. Το ακίνητο μισθώνεται επιπλωμένο, με τα έπιπλα που υπάρχουν στις φωτογραφίες., τιμή 3.500€ (5723).",,,,"1","3","1","1","2026-07-13","3","10",,"yes","yes",,"Αθήνα - Βόρεια Προάστια (Αττική)","Κηφισιά (Αθήνα - Βόρεια Προάστια)","1","105103","101","2108","106282",,"4","1","0",,"1","1220368827","https://m2.spitogatos.gr/361487833_1600x1200.jpg?v=20130730","https://m2.spitogatos.gr/361487563_1600x1200.jpg?v=20130730","https://m3.spitogatos.gr/361487597_1600x1200.jpg?v=20130730","https://m1.spitogatos.gr/361487607_1600x1200.jpg?v=20130730","https://m3.spitogatos.gr/361487618_1600x1200.jpg?v=20130730","https://m3.spitogatos.gr/361487624_1600x1200.jpg?v=20130730","https://m2.spitogatos.gr/361487740_1600x1200.jpg?v=20130730","https://m3.spitogatos.gr/361487771_1600x1200.jpg?v=20130730","https://m3.spitogatos.gr/361487798_1600x1200.jpg?v=20130730","https://m3.spitogatos.gr/361487819_1600x1200.jpg?v=20130730","https://m3.spitogatos.gr/361487873_1600x1200.jpg?v=20130730","https://m2.spitogatos.gr/361487644_1600x1200.jpg?v=20130730","https://m1.spitogatos.gr/361487658_1600x1200.jpg?v=20130730","https://m3.spitogatos.gr/361487711_1600x1200.jpg?v=20130730","https://m1.spitogatos.gr/361487727_1600x1200.jpg?v=20130730","https://m1.spitogatos.gr/361487517_1600x1200.jpg?v=20130730","https://m1.spitogatos.gr/361487631_1600x1200.jpg?v=20130730","https://m3.spitogatos.gr/361487696_1600x1200.jpg?v=20130730","https://m2.spitogatos.gr/361487536_1600x1200.jpg?v=20130730","https://m1.spitogatos.gr/361487544_1600x1200.jpg?v=20130730","https://m3.spitogatos.gr/361487843_1600x1200.jpg?v=20130730","https://m1.spitogatos.gr/361487778_1600x1200.jpg?v=20130730","https://m2.spitogatos.gr/361487887_1600x1200.jpg?v=20130730",,,"1",,"2","1",,,"3","1",,,,"0",,"2026-07-31","0",,,,"1","2",,,,,"1",,"1","1","0","3500","0","0","0","0","17.07","1","3","6","1",,,"0","1","4",,"1",,"1","205","1",,,,"3","0","2026-07-13","https://www.spitogatos.gr/en/property/1220368827",,,"0","1995","residential"
"1","2","no","vip","13","Αλέξιος","81463","Κοσμόπουλος","6986109593","0","1","0","0","2026-06-10","0","0","1","0","1","0",,"house","0","30","0","Διατίθεται προς ενοικίαση νεόδμητο ρετιρέ διαμέρισμα 95 τ.μ., 2ου ορόφου, στην περιοχή Κηφισιά, Ζηρίνειο. Το ακίνητο αποτελείται από τρία υπνοδωμάτια, δύο μπάνια, μία σύγχρονη κουζίνα και ένα άνετο σαλόνι, προσφέροντας λειτουργική διαρρύθμιση και υψηλό επίπεδο διαβίωσης. Κατασκευής 2023, το διαμέρισμα διαθέτει αυτόνομη θέρμανση με αντλία θερμότητας, ενδοδαπέδια θέρμανση, κλιματισμό και ηλιακό θερμοσίφωνα, εξασφαλίζοντας άριστη ενεργειακή απόδοση και άνεση καθ’ όλη τη διάρκεια του έτους. Τα κουφώματα είναι αλουμινίου και τα δάπεδα επενδεδυμένα με πλακάκια, ενώ η ενεργειακή του κλάση είναι Α. Επιπλέον περιλαμβάνει ασανσέρ, πόρτα ασφαλείας, συναγερμό, αποθήκη 6 τ.μ. και μία θέση στάθμευσης σε κλειστό χώρο, προσφέροντας αυξημένη ασφάλεια και πρακτικότητα.<br />
<br />
Το διαμέρισμα είναι ρετιρέ, φωτεινό και σε άριστη κατάσταση, με θέα σε αστικό τοπίο. Διατίθεται χωρίς έπιπλα, δίνοντας τη δυνατότητα στον νέο ενοικιαστή να διαμορφώσει τους χώρους σύμφωνα με το προσωπικό του γούστο και τις ανάγκες του. Βρίσκεται σε εξαιρετική τοποθεσία, κοντά σε συγκοινωνίες, το κέντρο της Κηφισιάς, την αγορά και χώρους εστίασης, προσφέροντας εύκολη πρόσβαση σε όλες τις καθημερινές ανάγκες και υπηρεσίες.<br />
<br />
📍 Η αναφερόμενη τοποθεσία είναι ενδεικτική. Για περισσότερες πληροφορίες ή προγραμματισμό επίσκεψης:<br />
<br />
KOSMOS REAL ESTATE<br />
📞 Υπεύθυνος Ακινήτου: Αλέξης – 6986109593<br />
📧 info@kosmosrealestate.gr<br />
🌐 www.kosmosrealestate.gr",,,"0","1","2","0","1","2026-06-10","7","4","0","no","yes","0","Αθήνα - Βόρεια Προάστια (Αττική)","Κηφισιά (Αθήνα - Βόρεια Προάστια)","1","105103","101","2108","106385",,"1","13","1","0","1","1220090248","https://m2.spitogatos.gr/356742283_1600x1200.jpg?v=20130730","https://m2.spitogatos.gr/356742286_1600x1200.jpg?v=20130730","https://m2.spitogatos.gr/356742289_1600x1200.jpg?v=20130730","https://m3.spitogatos.gr/356742293_1600x1200.jpg?v=20130730","https://m1.spitogatos.gr/356742294_1600x1200.jpg?v=20130730","https://m2.spitogatos.gr/356742313_1600x1200.jpg?v=20130730","https://m2.spitogatos.gr/356742316_1600x1200.jpg?v=20130730","https://m2.spitogatos.gr/356742334_1600x1200.jpg?v=20130730","https://m3.spitogatos.gr/356742338_1600x1200.jpg?v=20130730","https://m3.spitogatos.gr/356742341_1600x1200.jpg?v=20130730","https://m1.spitogatos.gr/356742357_1600x1200.jpg?v=20130730","https://m3.spitogatos.gr/356742359_1600x1200.jpg?v=20130730","https://m3.spitogatos.gr/356742374_1600x1200.jpg?v=20130730","https://m2.spitogatos.gr/356742385_1600x1200.jpg?v=20130730","https://m1.spitogatos.gr/356742390_1600x1200.jpg?v=20130730","https://m1.spitogatos.gr/356742396_1600x1200.jpg?v=20130730","https://m1.spitogatos.gr/356742402_1600x1200.jpg?v=20130730","https://m1.spitogatos.gr/356742417_1600x1200.jpg?v=20130730","https://m2.spitogatos.gr/356742424_1600x1200.jpg?v=20130730","https://m2.spitogatos.gr/356742430_1600x1200.jpg?v=20130730","https://m1.spitogatos.gr/356742441_1600x1200.jpg?v=20130730","https://m1.spitogatos.gr/356742456_1600x1200.jpg?v=20130730",,,,"0","0","2","1","38.068256",,"1","1","23.815012",,"0","0","0","2026-07-30","0","0","1","0","0","2",,,"0","1","0",,"0","0","0","1700","0","0","0","0","17.89","1","3","6","1","0",,"0","1","3","0","1",,"1","95","1","6",,"0","1","0","2026-06-10","https://www.spitogatos.gr/en/property/1220090248",,"1","0","2023","residential"
"1","1",,"vip","13",,,,,"1","1",,"0","2026-06-20","0",,"1","0","1",,,"house",,,"1","ΚΗΦΙΣΙΑ – ΚΕΝΤΡΟ. Εξαιρετική θέση, διαμέρισμα 130τμ, υπερυψωμένου 1ου ορόφου (σαν 2ος) σε συγκρότημα με μικτή χρήση (κατοικία – επαγγελματική στέγη). Διαθέτει μεγάλο σαλόνι με τζάκι, κλειστή κουζίνα, τρία υπνοδωμάτια εκ των οποίων το ένα μάστερ και δύο πλήρη μπάνια. Διαμπερές, με ανατολικομεσημβρινό προσανατολισμό, με μεγάλες βεράντες εκατέρωθεν, πρόκειται για ένα ιδιαίτερα φωτεινό και ευχάριστο διαμέρισμα στην καρδιά του προαστίου. Με μάρμαρο στους χώρους υποδοχής και δρύινα δάπεδα στα υπνοδωμάτια, αυτόνομη θέρμανση πετρελαίου, συναγερμό, ασανσέρ, πόρτα ασφαλείας, κάμερες ασφαλείας, συστήνεται ανεπιφύλακτα σε στελέχη επιχειρήσεων ή ολιγομελείς οικογένειες. Προσφέρεται στην τιμή των 1.600€. ΑΞΙΖΕΙ ΝΑ ΤΟ ΕΠΙΣΚΕΦΘΕΙΤΕ.<br />
Πάρα πολλά ακόμα ακίνητα , μικρότερα - μεγαλύτερα , στην Κηφισιά και στους όμορους Δήμους , www.panteleonrealestate.gr  Μεσιτικό Κώστας Παντελαίων - Κηφισιά - 6945-392060 info@panteleon.gr  Σε περίπτωση ενδιαφέροντος , καλέστε στο κινητό από 11:00-21:00 .<br />
Email: info@panteleon.gr<br />
URL: https://www.panteleonrealestate.gr <br />
Μεσιτικό Κώστας Παντελαίων<br />
Λυκούργου 2, 145 62 Κηφισιά<br />
Κιν.: +30 6945 392060<br />
Τηλ.: +30 210 8050100<br />
更多KIFISSIA或者周边房产资源(公寓或者别墅），您可以通过以下方式联系我们:<br />
www.panteleonrealestate.gr <br />
Panteleon 地产中介- Kifissia - ( + 30 ) 6945-392060 <br />
邮箱:info@panteleon.gr",,,,"1","5","1","1","2026-06-01","6","6","1",,"yes","1","Αθήνα - Βόρεια Προάστια (Αττική)","Κηφισιά (Αθήνα - Βόρεια Προάστια)","1","105103","101","2108","106421","Triple","1","1",,,"1","1219986524","https://m2.spitogatos.gr/355253815_1600x1200.jpg?v=20130730","https://m3.spitogatos.gr/355253825_1600x1200.jpg?v=20130730","https://m1.spitogatos.gr/355253829_1600x1200.jpg?v=20130730","https://m3.spitogatos.gr/355253831_1600x1200.jpg?v=20130730","https://m1.spitogatos.gr/355253832_1600x1200.jpg?v=20130730","https://m2.spitogatos.gr/355253833_1600x1200.jpg?v=20130730","https://m3.spitogatos.gr/355253834_1600x1200.jpg?v=20130730","https://m1.spitogatos.gr/355253835_1600x1200.jpg?v=20130730","https://m2.spitogatos.gr/355253836_1600x1200.jpg?v=20130730","https://m3.spitogatos.gr/355253837_1600x1200.jpg?v=20130730","https://m1.spitogatos.gr/355253838_1600x1200.jpg?v=20130730","https://m2.spitogatos.gr/355253839_1600x1200.jpg?v=20130730","https://m3.spitogatos.gr/355253840_1600x1200.jpg?v=20130730","https://m1.spitogatos.gr/355253841_1600x1200.jpg?v=20130730","https://m2.spitogatos.gr/355253842_1600x1200.jpg?v=20130730","https://m3.spitogatos.gr/355253843_1600x1200.jpg?v=20130730","https://m2.spitogatos.gr/355253845_1600x1200.jpg?v=20130730","https://m3.spitogatos.gr/355253846_1600x1200.jpg?v=20130730","https://m1.spitogatos.gr/355253850_1600x1200.jpg?v=20130730","https://m2.spitogatos.gr/355253854_1600x1200.jpg?v=20130730","https://m3.spitogatos.gr/355253858_1600x1200.jpg?v=20130730","https://m1.spitogatos.gr/355253862_1600x1200.jpg?v=20130730","https://m1.spitogatos.gr/355253865_1600x1200.jpg?v=20130730","https://m1.spitogatos.gr/355253868_1600x1200.jpg?v=20130730","https://m3.spitogatos.gr/355253870_1600x1200.jpg?v=20130730",,,"2","1","38.073879",,"1","1","23.811781","800",,,"1","2026-07-30","0",,,,"0","2","3","3","1",,,,,,,"1600","0","0","0","0","12.31","1","3","6","1","1",,,"1","3",,"1",,"1","130",,,,,"1",,"2026-06-01","https://www.spitogatos.gr/en/property/1219986524","https://vtours.pepita.io/spitogatos/47361c0a-da81-4389-b44c-f7add1da3d69","1",,"1998","residential"
,"3","yes","vip","13",,,,,"1",,,"0","2026-07-01","0",,"1","0","1",,,"house",,,"1","ΚΗΦΙΣΙΑ - ΚΕΝΤΡΟ. Πολύ φωτεινό και ευχάριστο διαμέρισμα 106τμ, Γ' ορόφου, δίπλα από το εμπορικό κέντρο, τις συγκοινωνίες και πολύ κοντά στο πανέμορφο Άλσος Συγγρού. Με μεγάλο χώρο υποδοχής που μπορεί να λειτουργήσει και ως ρεσεψιόν ή γραφείο, καθιστικό, δύο άνετα υπνοδωμάτια, πλήρες μπάνιο, WC και πολύ ευρύχωρη κουζίνα για χώρο καθημερινού καθιστικού, αυτόνομη θέρμανση φυσικού αερίου με θερμοστάτη ανά θερμαντικό σώμα, πόρτα ασφαλείας, διαθέτει βεράντες εκατέρωθεν και θέση στάθμευσης. Ιδανικό για στελέχη επιχειρήσεων ή ζευγάρι, καθώς και για επαγγελματική στέγη. ΑΠΑΓΟΡΕΥΟΝΤΑΙ ΤΑ ΚΑΤΟΙΚΙΔΙΑ. Προσφέρεται στην τιμή των 1.400€ ΤΕΛΙΚΗ, με ελάχιστες κοινόχρηστες δαπάνες.<br />
Πάρα πολλά ακόμα ακίνητα,μικρότερα-μεγαλύτερα,στην Κηφισιά και στους όμορους Δήμους στην ιστοσελίδα μας: www.panteleonrealestate.gr. Σε περίπτωση ενδιαφέροντος καλέστε και στο κινητό 6945-392060 11:00 - 21:00.<br />
Email: info@panteleon.gr<br />
URL: https://www.panteleonrealestate.gr <br />
Μεσιτικό Κώστας Παντελαίων<br />
Λυκούργου 2, 145 62 Κηφισιά<br />
Κιν.: +30 6945 392060<br />
Τηλ.: +30 210 8050100<br />
更多KIFISSIA或者周边房产资源(公寓或者别墅），您可以通过以下方式联系我们:<br />
www.panteleonrealestate.gr <br />
Panteleon 地产中介- Kifissia - ( + 30 ) 6945-392060 <br />
邮箱:info@panteleon.gr",,"1",,"1","5","1",,"2026-06-20","8","6","1",,"yes",,"Αθήνα - Βόρεια Προάστια (Αττική)","Κηφισιά (Αθήνα - Βόρεια Προάστια)","1","105103","101","2108","106385","Double","1","2",,,"1","1211580490","https://m1.spitogatos.gr/219187296_1600x1200.jpg?v=20130730","https://m2.spitogatos.gr/219187297_1600x1200.jpg?v=20130730","https://m3.spitogatos.gr/219187298_1600x1200.jpg?v=20130730","https://m2.spitogatos.gr/219187303_1600x1200.jpg?v=20130730","https://m1.spitogatos.gr/219187305_1600x1200.jpg?v=20130730","https://m2.spitogatos.gr/219187306_1600x1200.jpg?v=20130730","https://m1.spitogatos.gr/219187308_1600x1200.jpg?v=20130730","https://m1.spitogatos.gr/219187314_1600x1200.jpg?v=20130730","https://m1.spitogatos.gr/219187323_1600x1200.jpg?v=20130730","https://m1.spitogatos.gr/219187335_1600x1200.jpg?v=20130730","https://m3.spitogatos.gr/219187343_1600x1200.jpg?v=20130730","https://m2.spitogatos.gr/219187348_1600x1200.jpg?v=20130730","https://m1.spitogatos.gr/219187353_1600x1200.jpg?v=20130730","https://m1.spitogatos.gr/219187359_1600x1200.jpg?v=20130730","https://m1.spitogatos.gr/219187362_1600x1200.jpg?v=20130730","https://m1.spitogatos.gr/219187368_1600x1200.jpg?v=20130730","https://m3.spitogatos.gr/219187379_1600x1200.jpg?v=20130730","https://m1.spitogatos.gr/219187386_1600x1200.jpg?v=20130730","https://m2.spitogatos.gr/219187396_1600x1200.jpg?v=20130730","https://m3.spitogatos.gr/219187400_1600x1200.jpg?v=20130730","https://m3.spitogatos.gr/219187403_1600x1200.jpg?v=20130730","https://m2.spitogatos.gr/219187405_1600x1200.jpg?v=20130730","https://m3.spitogatos.gr/219187409_1600x1200.jpg?v=20130730","https://m3.spitogatos.gr/219187412_1600x1200.jpg?v=20130730","https://m1.spitogatos.gr/219187413_1600x1200.jpg?v=20130730",,,"1","1","38.069565",,"1","1","23.812094","1000",,,,"2026-07-30","0",,,,"1","1",,"2","1",,,,,,,"1400","0","0","0","0","13.21","1","3","6","1","1","2021",,"1","2",,"1",,,"106",,,,,"1",,"2021-09-13","https://www.spitogatos.gr/en/property/1211580490","https://vtours.pepita.io/spitogatos/79cb4a80-46d0-4b3f-9b37-dc0aab7f40bc","1",,"1980","residential"
,"3","yes","vip","13",,,,,"1",,,"0","2026-07-01","0",,"1","0","1",,,"house",,,"1","ΚΗΦΙΣΙΑ - ΚΕΝΤΡΟ. Πολύ φωτεινό και ευχάριστο διαμέρισμα 106τμ, Γ' ορόφου, δίπλα από το εμπορικό κέντρο, τις συγκοινωνίες και πολύ κοντά στο πανέμορφο Άλσος Συγγρού. Με μεγάλο χώρο υποδοχής που μπορεί να λειτουργήσει και ως ρεσεψιόν ή γραφείο, καθιστικό, δύο άνετα υπνοδωμάτια, πλήρες μπάνιο, WC και πολύ ευρύχωρη κουζίνα για χώρο καθημερινού καθιστικού, αυτόνομη θέρμανση φυσικού αερίου με θερμοστάτη ανά θερμαντικό σώμα, πόρτα ασφαλείας, διαθέτει βεράντες εκατέρωθεν και θέση στάθμευσης. Ιδανικό για στελέχη επιχειρήσεων ή ζευγάρι, καθώς και για επαγγελματική στέγη. ΑΠΑΓΟΡΕΥΟΝΤΑΙ ΤΑ ΚΑΤΟΙΚΙΔΙΑ. Προσφέρεται στην τιμή των 1.400€ ΤΕΛΙΚΗ, με ελάχιστες κοινόχρηστες δαπάνες.<br />
Πάρα πολλά ακόμα ακίνητα,μικρότερα-μεγαλύτερα,στην Κηφισιά και στους όμορους Δήμους στην ιστοσελίδα μας: www.panteleonrealestate.gr. Σε περίπτωση ενδιαφέροντος καλέστε και στο κινητό 6945-392060 11:00 - 21:00.<br />
Email: info@panteleon.gr<br />
URL: https://www.panteleonrealestate.gr <br />
Μεσιτικό Κώστας Παντελαίων<br />
Λυκούργου 2, 145 62 Κηφισιά<br />
Κιν.: +30 6945 392060<br />
Τηλ.: +30 210 8050100<br />
更多KIFISSIA或者周边房产资源(公寓或者别墅），您可以通过以下方式联系我们:<br />
www.panteleonrealestate.gr <br />
Panteleon 地产中介- Kifissia - ( + 30 ) 6945-392060 <br />
邮箱:info@panteleon.gr",,"1",,"1","5","1",,"2021-09-28","8","6","1",,"yes",,"Αθήνα - Βόρεια Προάστια (Αττική)","Κηφισιά (Αθήνα - Βόρεια Προάστια)","1","105103","101","2108","106385","Triple","1","2",,,"1","1211637757","https://m1.spitogatos.gr/220043400_1600x1200.jpg?v=20130730","https://m1.spitogatos.gr/220043403_1600x1200.jpg?v=20130730","https://m3.spitogatos.gr/220043405_1600x1200.jpg?v=20130730","https://m1.spitogatos.gr/220043406_1600x1200.jpg?v=20130730","https://m2.spitogatos.gr/220043407_1600x1200.jpg?v=20130730","https://m3.spitogatos.gr/220043408_1600x1200.jpg?v=20130730","https://m3.spitogatos.gr/220043420_1600x1200.jpg?v=20130730","https://m1.spitogatos.gr/220043430_1600x1200.jpg?v=20130730","https://m1.spitogatos.gr/220043439_1600x1200.jpg?v=20130730","https://m3.spitogatos.gr/220043441_1600x1200.jpg?v=20130730","https://m1.spitogatos.gr/220043445_1600x1200.jpg?v=20130730","https://m1.spitogatos.gr/220043451_1600x1200.jpg?v=20130730","https://m1.spitogatos.gr/220043460_1600x1200.jpg?v=20130730","https://m1.spitogatos.gr/220043463_1600x1200.jpg?v=20130730","https://m2.spitogatos.gr/220043464_1600x1200.jpg?v=20130730","https://m3.spitogatos.gr/220043465_1600x1200.jpg?v=20130730","https://m2.spitogatos.gr/220043467_1600x1200.jpg?v=20130730","https://m3.spitogatos.gr/220043474_1600x1200.jpg?v=20130730","https://m3.spitogatos.gr/220043480_1600x1200.jpg?v=20130730","https://m1.spitogatos.gr/220043487_1600x1200.jpg?v=20130730","https://m2.spitogatos.gr/220043494_1600x1200.jpg?v=20130730","https://m3.spitogatos.gr/220043495_1600x1200.jpg?v=20130730","https://m2.spitogatos.gr/220043497_1600x1200.jpg?v=20130730","https://m3.spitogatos.gr/220043498_1600x1200.jpg?v=20130730","https://m1.spitogatos.gr/220043499_1600x1200.jpg?v=20130730",,,"1","1","38.069641",,"1","1","23.812201","1000",,,,"2026-07-30","0",,,,"1","1",,"2","1",,,,,,,"1400","0","0","0","0","13.21","1","3","6","1","1","2021",,"1","2",,"1",,,"106",,,,,"1",,"2021-09-28","https://www.spitogatos.gr/en/property/1211637757","https://vtours.pepita.io/spitogatos/b6752339-3d78-4705-b890-9bc42cc02e21","1",,"1980","residential"
"1","2","yes","vip","13",,,,,"1","1","1","0","2026-07-16","0",,"1","0","1",,,"house",,,"1","ΚΗΦΙΣΙΑ - ΚΕΝΤΡΟ. Στην καρδιά του εμπορικού κέντρου της Κηφισιάς, μοναδικό διαμέρισμα 180τμ, τύπου μεζονέτας, δύο επιπέδων (2ος + σοφίτα), κατασκευής 2008, σε συγκρότημα λίγων κατοικιών, ιδιαίτερα καλαίσθητης κατασκευής, σε μίνιμαλ σχεδιασμό. Σε υπέροχο, καταπράσινο κήπο, η κατοικία αναπτύσσεται ως εξής:<br />
Β' όροφος: Καθιστικό με τζάκι που βγαίνει σε μεγάλη βεράντα, ενιαίο με τραπεζαρία και σκάλα ανόδου στη σοφίτα, ξεχωριστή κουζίνα εξοπλισμένη  με όλες τις ηλεκτρικές συσκευές (ψυγείο, απορροφητήρας, ενοιχισμένες εστίες, φούρνος και πλυντήριο πιάτων) με βεράντα, 1 υπνοδωμάτιο master με εσωτερικό λουτρό με μπανιέρα και 1 WC.<br />
Σοφίτα: 2 υπνοδωμάτια με ντουλάπες, 1 λουτρό με ντουζιέρα, καμπίνα και πλυντήριο ρούχων, διάδρομος και χώρος γραφείου με εντοιχιζόμενα ράφια.<br />
Διαθέτει πόρτα ασφαλείας, εξωτερικά κουφώματα αλουμινίου με διπλά τζάμια, σίτες και ηλεκτρικά ρολά, δρύινα δάπεδα και μάρμαρα Διονύσου, κρεμαστά και επιτοίχια φωτιστικά και πρίζες για Internet σε κάθε δωμάτιο. Με αυτόνομη θέρμανση με θερμοστάτη ανά επίπεδο, κλιματισμό για ψύξη - θέρμανση σε όλα τα δωμάτια, ηλιακό τριπλής ενέργειας, δορυφορική και κεντρική κεραία τηλεόρασης, 2 θέσεις στάθμευσης και αποθήκη στο υπόγειο του κτιρίου, αποτελεί ένα υπερσύγχρονο διαμέρισμα. Ιδανικό για υψηλόβαθμα στελέχη επιχειρήσεων και x-patriots που επιθυμούν να κινούνται στο κέντρο του προαστίου με τα πόδια. Διατίθεται στην τιμή των 3.500€, με πολύ οικονομικά κοινόχρηστα. <br />
Πάρα πολλά ακόμα ακίνητα , μικρότερα - μεγαλύτερα , στην Κηφισιά και στους όμορους Δήμους , www.panteleonrealestate.gr  Μεσιτικό Κώστας Παντελαίων - Κηφισιά - 6945-392060 info@panteleon.gr  Σε περίπτωση ενδιαφέροντος , καλέστε στο κινητό από 11:00-21:00 .<br />
Email: info@panteleon.gr<br />
URL: https://www.panteleonrealestate.gr <br />
Μεσιτικό Κώστας Παντελαίων<br />
Λυκούργου 2, 145 62 Κηφισιά<br />
Κιν.: +30 6945 392060<br />
Τηλ.: +30 210 8050100<br />
更多KIFISSIA或者周边房产资源(公寓或者别墅），您可以通过以下方式联系我们:<br />
www.panteleonrealestate.gr <br />
Panteleon 地产中介- Kifissia - ( + 30 ) 6945-392060 <br />
邮箱:info@panteleon.gr",,,,"1","3",,"1","2026-05-08","7","2",,,"yes","1","Αθήνα - Βόρεια Προάστια (Αττική)","Κηφισιά (Αθήνα - Βόρεια Προάστια)","1","105103","101","2108","102108","Triple","1","2",,,"1","1215416241","https://m3.spitogatos.gr/279875921_1600x1200.jpg?v=20130730","https://m2.spitogatos.gr/279875926_1600x1200.jpg?v=20130730","https://m2.spitogatos.gr/279875932_1600x1200.jpg?v=20130730","https://m3.spitogatos.gr/279875933_1600x1200.jpg?v=20130730","https://m1.spitogatos.gr/279875934_1600x1200.jpg?v=20130730","https://m2.spitogatos.gr/279875935_1600x1200.jpg?v=20130730","https://m1.spitogatos.gr/279875937_1600x1200.jpg?v=20130730","https://m3.spitogatos.gr/279875939_1600x1200.jpg?v=20130730","https://m2.spitogatos.gr/279875944_1600x1200.jpg?v=20130730","https://m2.spitogatos.gr/279875947_1600x1200.jpg?v=20130730","https://m1.spitogatos.gr/279875949_1600x1200.jpg?v=20130730","https://m1.spitogatos.gr/279875952_1600x1200.jpg?v=20130730","https://m1.spitogatos.gr/279875964_1600x1200.jpg?v=20130730","https://m1.spitogatos.gr/279875982_1600x1200.jpg?v=20130730","https://m1.spitogatos.gr/279875985_1600x1200.jpg?v=20130730","https://m3.spitogatos.gr/279875987_1600x1200.jpg?v=20130730","https://m2.spitogatos.gr/279875992_1600x1200.jpg?v=20130730","https://m1.spitogatos.gr/279875997_1600x1200.jpg?v=20130730","https://m1.spitogatos.gr/279876000_1600x1200.jpg?v=20130730","https://m1.spitogatos.gr/279876003_1600x1200.jpg?v=20130730","https://m1.spitogatos.gr/279876006_1600x1200.jpg?v=20130730","https://m3.spitogatos.gr/279876011_1600x1200.jpg?v=20130730","https://m2.spitogatos.gr/279876019_1600x1200.jpg?v=20130730","https://m2.spitogatos.gr/279876028_1600x1200.jpg?v=20130730","https://m2.spitogatos.gr/279876034_1600x1200.jpg?v=20130730","1",,"2","1","38.070934",,"2","1","23.813852","500","1",,,"2026-07-30","0",,,"1","1","2","3","3","1","1","1",,,,,"3500","0","0","0","0","19.44","1","3","6","1","1",,,"1","3","1","1",,"1","180","1",,,,"1",,"2024-02-26","https://www.spitogatos.gr/en/property/1215416241",,"1",,"2008","residential"
"1","2",,"vip","4",,,,,"0","1","0","0","2026-09-01","0","0","1","0","0",,,"house",,,"1","Νιώσε σαν στο σπίτι σου, όπου και αν επιλέξεις να μείνεις με την Blueground. Θα λατρέψεις αυτό το κομψά επιπλωμένο διαμέρισμα τριών υπνοδωματίων, για τη διακόσμησή του, την πλήρως εξοπλισμένη κουζίνα και το όμορφο καθιστικό του. Βρίσκεται σε ιδανική τοποθεσία, κοντά σε όλα όσα έχει να σου προσφέρει η Κηφισιά!<br><br />
<br />
Η διαφημιζόμενη τιμή των €2,610/μήνα είναι η τιμή για 1 έτος, με ημερομηνία έναρξης Αυγούστου 31, 2026.<br />
<br>Οι τιμές διαφέρουν ανάλογα με τη διάρκεια παραμονής, την εποχικότητα και άλλους παράγοντες. Επισκεφθείτε τον ιστότοπό μας και εισάγετε τις ημερομηνίες διαμονής σας για να δείτε ενημερωμένες τιμές για την κράτησή σας. Η τιμή ισχύει μόνο με προκαταβολή· ενδέχεται να είναι υψηλότερη εάν πληρωθεί σε δόσεις.<br />
<br />
<b>Κλείστε αυτό το διαμέρισμα online!</b><br />
<br />
https://www.theblueground.com/p/furnished-apartments/ath-861?utm_source=classified-4<br />
<br />
Aναβαθμίστε τη διαμονή σας με ένα πλήρως επιπλωμένο διαμέρισμα από τη Blueground:<br />
      – Επιπλωμένα σπίτια σε τιμές αντίστοιχες με τα ανεπίπλωτα<br />
      – Χωρίς κόστη εγκατάστασης ή αγοράς επίπλων - εξοικονομήστε χρόνο και χρήματα<br />
      – Έτοιμα για άμεση μετακόμιση - το μόνο που χρειάζεστε είναι η βαλίτσα σας<br />
<br />
<b>Ο χώρος</b><br><br />
Σε αυτό το άνετο Blueground διαμέρισμα τριών υπνοδωματίων, θα βρεις ένα χώρο προσεκτικά σχεδιασμένο και πλήρως εξοπλισμένο με έπιπλα μοναδικού design και ηλεκτρικές συσκευές τελευταίας τεχνολογίας.<br />
Νιώσε όμορφα και χαλαρά στο νέο σου σπίτι κάθε στιγμή. Και όταν θα θες να διασκεδάσεις, μπορείς να βγεις και να αφεθείς στον παλμό της Κηφισιάς ή να φέρεις τη διασκέδαση σπίτι, με τα ασύρματα ηχεία ή τη smart TV.<br />
<br />
<b>Διαρρύθμιση δωματίων ύπνου</b><br />
    <br />
        Υπέρδιπλο κρεβάτι: 160 εκ.<br />
<br />
        Διπλό κρεβάτι: 140 εκ.<br />
<br />
<b>Παροχές κτιρίου</b><br />
<br />
      Ασανσέρ<br />
      Πλυντήριο<br />
      Θέση στάθμευσης<br />
      Επιτρέπονται κατοικίδια<br />
<br />
<br />
<b>Άφιξη και συνεχής υποστήριξη πελατών</b><br><br />
Κατά τη διάρκεια της διαμονής σου, η ομάδα μας θα είναι διαθέσιμη για να σε βοηθήσει με οτιδήποτε χρειαστείς. Μέσω της ειδικής mobile εφαρμογής της Blueground έχεις συνεχή υποστήριξη, ενώ μπορείς ακόμη να προγραμματίσεις υπηρεσίες καθαρισμού, συντήρησης ή επισκευής, με το πάτημα ενός κουμπιού.<br />
<br />
<b>Ιδανική τοποθεσία</b><br />
<br />
Η Κηφισιά είναι μια εύπορη γειτονιά που βρίσκεται στα βόρεια προάστια της Αθήνας, μόλις 14 χιλιόμετρα από το κέντρο της πόλης. Η περιοχή είναι περισσότερο γνωστή για τα πολυτελή κτίρια και τα αρχοντικά της που χρονολογούνται από διάφορες εποχές, τις μπουτίκ σχεδιαστών, τα υψηλής ποιότητας εστιατόρια και τα υπέροχα πάρκα. Η Κηφισιά φιλοξενεί επίσης το Μουσείο Γουλανδρή Φυσικής Ιστορίας. Μπορείτε να φτάσετε εύκολα στην Κηφισιά με λεωφορείο ή με τη γραμμή 1 του σιδηροδρομικού δικτύου της Αθήνας.",,"1",,"1","6","0","0","2026-06-05","7",,"0","yes","yes","0","Αθήνα - Βόρεια Προάστια (Αττική)","Κηφισιά (Αθήνα - Βόρεια Προάστια)","1","105103","101","2108","106282",,"1","2","0","0","1","1220007708","https://m1.spitogatos.gr/359904276_1600x1200.jpg?v=20130730","https://m1.spitogatos.gr/359904291_1600x1200.jpg?v=20130730","https://m3.spitogatos.gr/359904302_1600x1200.jpg?v=20130730","https://m3.spitogatos.gr/359904314_1600x1200.jpg?v=20130730","https://m3.spitogatos.gr/359904326_1600x1200.jpg?v=20130730","https://m3.spitogatos.gr/359904341_1600x1200.jpg?v=20130730","https://m3.spitogatos.gr/359904353_1600x1200.jpg?v=20130730","https://m3.spitogatos.gr/359904368_1600x1200.jpg?v=20130730","https://m1.spitogatos.gr/359904378_1600x1200.jpg?v=20130730","https://m1.spitogatos.gr/359904393_1600x1200.jpg?v=20130730","https://m3.spitogatos.gr/359904410_1600x1200.jpg?v=20130730","https://m1.spitogatos.gr/359904426_1600x1200.jpg?v=20130730","https://m3.spitogatos.gr/359904443_1600x1200.jpg?v=20130730","https://m1.spitogatos.gr/359904459_1600x1200.jpg?v=20130730","https://m1.spitogatos.gr/359904477_1600x1200.jpg?v=20130730","https://m3.spitogatos.gr/359904491_1600x1200.jpg?v=20130730","https://m2.spitogatos.gr/359904505_1600x1200.jpg?v=20130730","https://m3.spitogatos.gr/359904518_1600x1200.jpg?v=20130730","https://m3.spitogatos.gr/359904527_1600x1200.jpg?v=20130730","https://m3.spitogatos.gr/359904539_1600x1200.jpg?v=20130730","https://m3.spitogatos.gr/359904551_1600x1200.jpg?v=20130730","https://m3.spitogatos.gr/359904560_1600x1200.jpg?v=20130730","https://m3.spitogatos.gr/359904569_1600x1200.jpg?v=20130730","https://m3.spitogatos.gr/359904578_1600x1200.jpg?v=20130730","https://m1.spitogatos.gr/359904588_1600x1200.jpg?v=20130730","0","0",,"0","38.07312",,"1","0","23.823427",,"0",,,"2026-08-01","0","0",,"0","0","2",,,"1","0","0","1","0","0","0","2610","0","0","0","0","19.33","1","3","6","1","0",,,,"3","0","1",,,"135","1",,"Pentelis 22","1","1","0","2026-06-05","https://www.spitogatos.gr/en/property/1220007708","https://www.nodalview.com/W91b89PHFguC6udL81rgFSqN","0",,"1984",
"1","2",,"vip","4",,,,,"0","0","0","0","2026-08-27","0","0","1","0","0",,,"house",,,"1","Νιώσε σαν στο σπίτι σου, όπου και αν επιλέξεις να μείνεις με την Blueground. Θα λατρέψεις αυτό το κομψά επιπλωμένο διαμέρισμα δύο υπνοδωματίων, για τη διακόσμησή του, την πλήρως εξοπλισμένη κουζίνα και το άνετο καθιστικό του. Βρίσκεται σε ιδανική τοποθεσία, κοντά σε όλα όσα έχει να σου προσφέρει η Κηφισιά!<br><br />
<br />
Η διαφημιζόμενη τιμή των €1,030/μήνα είναι η τιμή για 1 έτος, με ημερομηνία έναρξης Αυγούστου 26, 2026.<br />
<br>Οι τιμές διαφέρουν ανάλογα με τη διάρκεια παραμονής, την εποχικότητα και άλλους παράγοντες. Επισκεφθείτε τον ιστότοπό μας και εισάγετε τις ημερομηνίες διαμονής σας για να δείτε ενημερωμένες τιμές για την κράτησή σας. Η τιμή ισχύει μόνο με προκαταβολή· ενδέχεται να είναι υψηλότερη εάν πληρωθεί σε δόσεις.<br />
<br />
<b>Κλείστε αυτό το διαμέρισμα online!</b><br />
<br />
https://www.theblueground.com/p/furnished-apartments/ath-1961?utm_source=classified-4<br />
<br />
Aναβαθμίστε τη διαμονή σας με ένα πλήρως επιπλωμένο διαμέρισμα από τη Blueground:<br />
      – Επιπλωμένα σπίτια σε τιμές αντίστοιχες με τα ανεπίπλωτα<br />
      – Χωρίς κόστη εγκατάστασης ή αγοράς επίπλων - εξοικονομήστε χρόνο και χρήματα<br />
      – Έτοιμα για άμεση μετακόμιση - το μόνο που χρειάζεστε είναι η βαλίτσα σας<br />
<br />
<b>Ο χώρος</b><br><br />
Σε αυτό το κομψό Blueground διαμέρισμα δύο υπνοδωματίων, θα βρεις ένα χώρο προσεκτικά σχεδιασμένο και πλήρως εξοπλισμένο με έπιπλα μοναδικού design και ηλεκτρικές συσκευές τελευταίας τεχνολογίας.<br />
Νιώσε όμορφα και χαλαρά στο νέο σου σπίτι κάθε στιγμή. Και όταν θα θες να διασκεδάσεις, μπορείς να βγεις και να αφεθείς στον παλμό της Κηφισιάς ή να φέρεις τη διασκέδαση σπίτι, με τα ασύρματα ηχεία ή τη smart TV.<br />
<br />
<b>Διαρρύθμιση δωματίων ύπνου</b><br />
    <br />
        Υπέρδιπλο κρεβάτι: 160 εκ.<br />
<br />
        Διπλό κρεβάτι: 140 εκ.<br />
<br />
<b>Παροχές κτιρίου</b><br />
<br />
      Ασανσέρ<br />
      Πλυντήριο<br />
      Επιτρέπονται κατοικίδια<br />
<br />
<br />
<b>Άφιξη και συνεχής υποστήριξη πελατών</b><br><br />
Κατά τη διάρκεια της διαμονής σου, η ομάδα μας θα είναι διαθέσιμη για να σε βοηθήσει με οτιδήποτε χρειαστείς. Μέσω της ειδικής mobile εφαρμογής της Blueground έχεις συνεχή υποστήριξη, ενώ μπορείς ακόμη να προγραμματίσεις υπηρεσίες καθαρισμού, συντήρησης ή επισκευής, με το πάτημα ενός κουμπιού.<br />
<br />
<b>Ιδανική τοποθεσία</b><br />
<br />
Η Κηφισιά είναι μια εύπορη γειτονιά που βρίσκεται στα βόρεια προάστια της Αθήνας, μόλις 14 χιλιόμετρα από το κέντρο της πόλης. Η περιοχή είναι περισσότερο γνωστή για τα πολυτελή κτίρια και τα αρχοντικά της που χρονολογούνται από διάφορες εποχές, τις μπουτίκ σχεδιαστών, τα υψηλής ποιότητας εστιατόρια και τα υπέροχα πάρκα. Η Κηφισιά φιλοξενεί επίσης το Μουσείο Γουλανδρή Φυσικής Ιστορίας. Μπορείτε να φτάσετε εύκολα στην Κηφισιά με λεωφορείο ή με τη γραμμή 1 του σιδηροδρομικού δικτύου της Αθήνας.",,"1",,"1","8","0","0","2026-06-04","7",,"0","yes","no","1","Αθήνα - Βόρεια Προάστια (Αττική)","Κηφισιά (Αθήνα - Βόρεια Προάστια)","1","105103","101","2108",,,"1","2","0","0","1","1220000732","https://m1.spitogatos.gr/359920380_1600x1200.jpg?v=20130730","https://m2.spitogatos.gr/359920408_1600x1200.jpg?v=20130730","https://m2.spitogatos.gr/359920441_1600x1200.jpg?v=20130730","https://m2.spitogatos.gr/359920450_1600x1200.jpg?v=20130730","https://m1.spitogatos.gr/359920476_1600x1200.jpg?v=20130730","https://m2.spitogatos.gr/359920486_1600x1200.jpg?v=20130730","https://m3.spitogatos.gr/359920517_1600x1200.jpg?v=20130730","https://m3.spitogatos.gr/359920529_1600x1200.jpg?v=20130730","https://m1.spitogatos.gr/359920557_1600x1200.jpg?v=20130730","https://m3.spitogatos.gr/359920565_1600x1200.jpg?v=20130730","https://m1.spitogatos.gr/359920578_1600x1200.jpg?v=20130730","https://m2.spitogatos.gr/359920600_1600x1200.jpg?v=20130730","https://m3.spitogatos.gr/359920607_1600x1200.jpg?v=20130730","https://m1.spitogatos.gr/359920629_1600x1200.jpg?v=20130730","https://m2.spitogatos.gr/359920639_1600x1200.jpg?v=20130730","https://m1.spitogatos.gr/359920671_1600x1200.jpg?v=20130730","https://m1.spitogatos.gr/359920689_1600x1200.jpg?v=20130730","https://m3.spitogatos.gr/359920697_1600x1200.jpg?v=20130730","https://m3.spitogatos.gr/359920727_1600x1200.jpg?v=20130730","https://m3.spitogatos.gr/359920739_1600x1200.jpg?v=20130730","https://m1.spitogatos.gr/359920761_1600x1200.jpg?v=20130730","https://m2.spitogatos.gr/359920768_1600x1200.jpg?v=20130730","https://m3.spitogatos.gr/359920784_1600x1200.jpg?v=20130730","https://m3.spitogatos.gr/359920790_1600x1200.jpg?v=20130730","https://m3.spitogatos.gr/359920814_1600x1200.jpg?v=20130730","0","0",,"0","38.07085",,"1","0","23.804785",,"0",,,"2026-08-01","0","0",,"0","0","1",,,"1","0","1","1","0","0","0","1030","0","0","0","0","16.61","1","3","6","1","0",,,,"2","0","1",,,"62","0",,"Sokratous 1A","1","1","0","2026-06-04","https://www.spitogatos.gr/en/property/1220000732","https://nodalview.com/s/34BFNOgsfBXRmtwGi93I2N","0",,"1978",
"1","1",,"vip","4",,,,,"0","0","0","0","2026-08-07","0","0","1","0","0",,,"house",,,"1","Ανακάλυψε τα καλύτερα σημεία της Κηφισιάς , με αυτό το εκλεπτυσμένο διαμέρισμα δύο υπνοδωματίων της Blueground. Προσφέρει μια πλήρως εξοπλισμένη κουζίνα, ένα ευρύχωρο καθιστικό. Επίσης, καθ’όλη τη διάρκεια της διαμονής σου θα έχεις τη δυνατότητα να επικοινωνήσεις εύκολα και άμεσα με την ομάδα υποστήριξης πελατών και να βρεις χρήσιμες πληροφορίες τόσο για το διαμέρισμά σου όσο και για τη γειτονιά μέσω της ειδικής mobile εφαρμογής.<br><br />
<br />
Η διαφημιζόμενη τιμή των €1,790/μήνα είναι η τιμή για 1 έτος, με ημερομηνία έναρξης Αυγούστου 6, 2026.<br />
<br>Οι τιμές διαφέρουν ανάλογα με τη διάρκεια παραμονής, την εποχικότητα και άλλους παράγοντες. Επισκεφθείτε τον ιστότοπό μας και εισάγετε τις ημερομηνίες διαμονής σας για να δείτε ενημερωμένες τιμές για την κράτησή σας. Η τιμή ισχύει μόνο με προκαταβολή· ενδέχεται να είναι υψηλότερη εάν πληρωθεί σε δόσεις.<br />
<br />
<b>Κλείστε αυτό το διαμέρισμα online!</b><br />
<br />
https://www.theblueground.com/p/furnished-apartments/ath-1799?utm_source=classified-4<br />
<br />
Aναβαθμίστε τη διαμονή σας με ένα πλήρως επιπλωμένο διαμέρισμα από τη Blueground:<br />
      – Επιπλωμένα σπίτια σε τιμές αντίστοιχες με τα ανεπίπλωτα<br />
      – Χωρίς κόστη εγκατάστασης ή αγοράς επίπλων - εξοικονομήστε χρόνο και χρήματα<br />
      – Έτοιμα για άμεση μετακόμιση - το μόνο που χρειάζεστε είναι η βαλίτσα σας<br />
<br />
<b>Ο χώρος</b><br><br />
Έπιπλα μοναδικού design, πλήρως εξοπλισμένη κουζίνα, smart TV ή/και ασύρματα ηχεία τελευταίας τεχνολογίας, είναι λίγες μόνο από τις ανέσεις που σου προσφέρει αυτό το διαμέρισμα δύο υπνοδωματίων της Blueground. Θα το αγαπήσεις όμως και για τη μοναδική του τοποθεσία, καθώς βρίσκεται σε ένα από τα πιο κεντρικά σημεία της Κηφισιάς.<br />
<br />
<b>Διαρρύθμιση δωματίων ύπνου</b><br />
    <br />
        Υπέρδιπλο κρεβάτι: 160 εκ.<br />
<br />
        Διπλό κρεβάτι: 140 εκ.<br />
<br />
<b>Παροχές κτιρίου</b><br />
<br />
      Ασανσέρ<br />
      Πλυντήριο<br />
      Θέση στάθμευσης<br />
      Επιτρέπονται κατοικίδια<br />
<br />
<br />
<b>Άφιξη και συνεχής υποστήριξη πελατών</b><br><br />
Κατά τη διάρκεια της διαμονής σου, η ομάδα μας θα είναι διαθέσιμη για να σε βοηθήσει με οτιδήποτε χρειαστείς. Μέσω της ειδικής mobile εφαρμογής της Blueground έχεις συνεχή υποστήριξη, ενώ μπορείς ακόμη να προγραμματίσεις υπηρεσίες καθαρισμού, συντήρησης ή επισκευής, με το πάτημα ενός κουμπιού.<br />
<br />
<b>Ιδανική τοποθεσία</b><br />
<br />
Η Κηφισιά είναι μια εύπορη γειτονιά που βρίσκεται στα βόρεια προάστια της Αθήνας, μόλις 14 χιλιόμετρα από το κέντρο της πόλης. Η περιοχή είναι περισσότερο γνωστή για τα πολυτελή κτίρια και τα αρχοντικά της που χρονολογούνται από διάφορες εποχές, τις μπουτίκ σχεδιαστών, τα υψηλής ποιότητας εστιατόρια και τα υπέροχα πάρκα. Η Κηφισιά φιλοξενεί επίσης το Μουσείο Γουλανδρή Φυσικής Ιστορίας. Μπορείτε να φτάσετε εύκολα στην Κηφισιά με λεωφορείο ή με τη γραμμή 1 του σιδηροδρομικού δικτύου της Αθήνας.",,"1",,"1","8","0","1","2026-07-29","6",,"0","yes","yes","1","Αθήνα - Βόρεια Προάστια (Αττική)","Κηφισιά (Αθήνα - Βόρεια Προάστια)","1","105103","101","2108",,,"1","2","0","0","1","1220521582","https://m2.spitogatos.gr/363685651_1600x1200.jpg?v=20130730","https://m1.spitogatos.gr/363685656_1600x1200.jpg?v=20130730","https://m1.spitogatos.gr/363685659_1600x1200.jpg?v=20130730","https://m3.spitogatos.gr/363685667_1600x1200.jpg?v=20130730","https://m2.spitogatos.gr/363685672_1600x1200.jpg?v=20130730","https://m2.spitogatos.gr/363685675_1600x1200.jpg?v=20130730","https://m3.spitogatos.gr/363685679_1600x1200.jpg?v=20130730","https://m2.spitogatos.gr/363685684_1600x1200.jpg?v=20130730","https://m3.spitogatos.gr/363685688_1600x1200.jpg?v=20130730","https://m1.spitogatos.gr/363685695_1600x1200.jpg?v=20130730","https://m3.spitogatos.gr/363685700_1600x1200.jpg?v=20130730","https://m3.spitogatos.gr/363685706_1600x1200.jpg?v=20130730","https://m1.spitogatos.gr/363685710_1600x1200.jpg?v=20130730","https://m1.spitogatos.gr/363685716_1600x1200.jpg?v=20130730","https://m1.spitogatos.gr/363685725_1600x1200.jpg?v=20130730","https://m3.spitogatos.gr/363685730_1600x1200.jpg?v=20130730","https://m1.spitogatos.gr/363685737_1600x1200.jpg?v=20130730","https://m3.spitogatos.gr/363685742_1600x1200.jpg?v=20130730","https://m1.spitogatos.gr/363685749_1600x1200.jpg?v=20130730","https://m1.spitogatos.gr/363685755_1600x1200.jpg?v=20130730","https://m3.spitogatos.gr/363685763_1600x1200.jpg?v=20130730","https://m1.spitogatos.gr/363685770_1600x1200.jpg?v=20130730","https://m3.spitogatos.gr/363685778_1600x1200.jpg?v=20130730","https://m2.spitogatos.gr/363685783_1600x1200.jpg?v=20130730","https://m1.spitogatos.gr/363685785_1600x1200.jpg?v=20130730","0","0",,"0","38.085037",,"1","0","23.815947",,"0",,,"2026-08-01","0","0",,"0","0","2",,,"1","0","0","1","0","0","0","1790","0","0","0","0","16.27","1","3","6","1","1",,,,"2","0","1",,,"110","1",,"Sarantaporou 24","1","1","0","2026-07-29","https://www.spitogatos.gr/en/property/1220521582","https://nodalview.com/s/2xM47xdQvDCeZjGx9oNd7d","0",,"1990",
"1","1",,"vip","4",,,,,"0","1","0","0","2026-08-21","0","0","1","0","0",,,"house",,,"1","Ανακάλυψε τα καλύτερα σημεία της Κηφισιάς , με αυτό το κομψό διαμέρισμα τριών υπνοδωματίων της Blueground. Προσφέρει μια πλήρως εξοπλισμένη κουζίνα, ένα άνετο καθιστικό. Επίσης, καθ’όλη τη διάρκεια της διαμονής σου θα έχεις τη δυνατότητα να επικοινωνήσεις εύκολα και άμεσα με την ομάδα υποστήριξης πελατών και να βρεις χρήσιμες πληροφορίες τόσο για το διαμέρισμά σου όσο και για τη γειτονιά μέσω της ειδικής mobile εφαρμογής.<br><br />
<br />
Η διαφημιζόμενη τιμή των €1,770/μήνα είναι η τιμή για 1 έτος, με ημερομηνία έναρξης Αυγούστου 20, 2026.<br />
<br>Οι τιμές διαφέρουν ανάλογα με τη διάρκεια παραμονής, την εποχικότητα και άλλους παράγοντες. Επισκεφθείτε τον ιστότοπό μας και εισάγετε τις ημερομηνίες διαμονής σας για να δείτε ενημερωμένες τιμές για την κράτησή σας. Η τιμή ισχύει μόνο με προκαταβολή· ενδέχεται να είναι υψηλότερη εάν πληρωθεί σε δόσεις.<br />
<br />
<b>Κλείστε αυτό το διαμέρισμα online!</b><br />
<br />
https://www.theblueground.com/p/furnished-apartments/ath-1436?utm_source=classified-4<br />
<br />
Aναβαθμίστε τη διαμονή σας με ένα πλήρως επιπλωμένο διαμέρισμα από τη Blueground:<br />
      – Επιπλωμένα σπίτια σε τιμές αντίστοιχες με τα ανεπίπλωτα<br />
      – Χωρίς κόστη εγκατάστασης ή αγοράς επίπλων - εξοικονομήστε χρόνο και χρήματα<br />
      – Έτοιμα για άμεση μετακόμιση - το μόνο που χρειάζεστε είναι η βαλίτσα σας<br />
<br />
<b>Ο χώρος</b><br><br />
Νιώσε σαν στο σπίτι σου σε αυτό το επιπλωμένο διαμέρισμα της Blueground με το μοναδικό design, τα μοντέρνα έπιπλα και την πλήρως εξοπλισμένη κουζίνα.<br />
Δες τις αγαπημένες σου ταινίες στη smart TV ή άκουσε δυνατά μουσική στα ασύρματα ηχεία τελευταίας τεχνολογίας. Ό,τι και να αποφασίσεις να κάνεις το μόνο σίγουρο είναι πως θα αγαπήσεις όλα όσα σου προσφέρει αυτό το άνετο διαμέρισμα.<br />
<br />
<b>Διαρρύθμιση δωματίων ύπνου</b><br />
    <br />
        Υπέρδιπλο κρεβάτι: 160 εκ.<br />
<br />
        Διπλό κρεβάτι: 140 εκ.<br />
<br />
<b>Παροχές κτιρίου</b><br />
<br />
      Ασανσέρ<br />
      Πλυντήριο<br />
      Θέση στάθμευσης<br />
      Επιτρέπονται κατοικίδια<br />
<br />
<br />
<b>Άφιξη και συνεχής υποστήριξη πελατών</b><br><br />
Κατά τη διάρκεια της διαμονής σου, η ομάδα μας θα είναι διαθέσιμη για να σε βοηθήσει με οτιδήποτε χρειαστείς. Μέσω της ειδικής mobile εφαρμογής της Blueground έχεις συνεχή υποστήριξη, ενώ μπορείς ακόμη να προγραμματίσεις υπηρεσίες καθαρισμού, συντήρησης ή επισκευής, με το πάτημα ενός κουμπιού.<br />
<br />
<b>Ιδανική τοποθεσία</b><br />
<br />
Η Κηφισιά είναι μια εύπορη γειτονιά που βρίσκεται στα βόρεια προάστια της Αθήνας, μόλις 14 χιλιόμετρα από το κέντρο της πόλης. Η περιοχή είναι περισσότερο γνωστή για τα πολυτελή κτίρια και τα αρχοντικά της που χρονολογούνται από διάφορες εποχές, τις μπουτίκ σχεδιαστών, τα υψηλής ποιότητας εστιατόρια και τα υπέροχα πάρκα. Η Κηφισιά φιλοξενεί επίσης το Μουσείο Γουλανδρή Φυσικής Ιστορίας. Μπορείτε να φτάσετε εύκολα στην Κηφισιά με λεωφορείο ή με τη γραμμή 1 του σιδηροδρομικού δικτύου της Αθήνας.",,"1",,"1","6","0","1","2026-06-10","6",,"0","yes","yes","1","Αθήνα - Βόρεια Προάστια (Αττική)","Κηφισιά (Αθήνα - Βόρεια Προάστια)","1","105103","101","2108",,,"1","2","0","0","1","1220089855","https://m2.spitogatos.gr/359908864_1600x1200.jpg?v=20130730","https://m3.spitogatos.gr/359908886_1600x1200.jpg?v=20130730","https://m2.spitogatos.gr/359908909_1600x1200.jpg?v=20130730","https://m2.spitogatos.gr/359908930_1600x1200.jpg?v=20130730","https://m2.spitogatos.gr/359908954_1600x1200.jpg?v=20130730","https://m3.spitogatos.gr/359908970_1600x1200.jpg?v=20130730","https://m2.spitogatos.gr/359908987_1600x1200.jpg?v=20130730","https://m2.spitogatos.gr/359909008_1600x1200.jpg?v=20130730","https://m3.spitogatos.gr/359909027_1600x1200.jpg?v=20130730","https://m2.spitogatos.gr/359909047_1600x1200.jpg?v=20130730","https://m2.spitogatos.gr/359909065_1600x1200.jpg?v=20130730","https://m1.spitogatos.gr/359909085_1600x1200.jpg?v=20130730","https://m3.spitogatos.gr/359909105_1600x1200.jpg?v=20130730","https://m2.spitogatos.gr/359909119_1600x1200.jpg?v=20130730","https://m3.spitogatos.gr/359909138_1600x1200.jpg?v=20130730","https://m1.spitogatos.gr/359909157_1600x1200.jpg?v=20130730","https://m1.spitogatos.gr/359909175_1600x1200.jpg?v=20130730","https://m1.spitogatos.gr/359909190_1600x1200.jpg?v=20130730","https://m1.spitogatos.gr/359909208_1600x1200.jpg?v=20130730","https://m1.spitogatos.gr/359909223_1600x1200.jpg?v=20130730","https://m2.spitogatos.gr/359909245_1600x1200.jpg?v=20130730","https://m2.spitogatos.gr/359909263_1600x1200.jpg?v=20130730","https://m1.spitogatos.gr/359909280_1600x1200.jpg?v=20130730","https://m3.spitogatos.gr/359909300_1600x1200.jpg?v=20130730","https://m1.spitogatos.gr/359909316_1600x1200.jpg?v=20130730","0","0",,"0","38.083439",,"1","0","23.816946",,"0",,,"2026-08-01","0","0",,"0","0","1",,,"1","0","1","1","0","0","0","1770","0","0","0","0","17.7","1","3","6","1","1",,,,"3","0","1",,,"100","0",,"Kritis 15","1","1","0","2026-06-10","https://www.spitogatos.gr/en/property/1220089855","https://nodalview.com/s/3oBPYmDcn9gRBbLCqkpiE5","0",,"1980",
"1","Ground Floor",,"vip","4",,,,,"0","1","0","0","2026-08-08","0","0","0","0","0",,,"house",,,"1","Νιώσε σαν στο σπίτι σου, όπου και αν επιλέξεις να μείνεις με την Blueground. Θα λατρέψεις αυτό το κομψά επιπλωμένο διαμέρισμα δύο υπνοδωματίων, για τη διακόσμησή του, την πλήρως εξοπλισμένη κουζίνα και το όμορφο καθιστικό του. Βρίσκεται σε ιδανική τοποθεσία, κοντά σε όλα όσα έχει να σου προσφέρει η Κηφισιά!<br><br />
<br />
Η διαφημιζόμενη τιμή των €1,350/μήνα είναι η τιμή για 1 έτος, με ημερομηνία έναρξης Αυγούστου 7, 2026.<br />
<br>Οι τιμές διαφέρουν ανάλογα με τη διάρκεια παραμονής, την εποχικότητα και άλλους παράγοντες. Επισκεφθείτε τον ιστότοπό μας και εισάγετε τις ημερομηνίες διαμονής σας για να δείτε ενημερωμένες τιμές για την κράτησή σας. Η τιμή ισχύει μόνο με προκαταβολή· ενδέχεται να είναι υψηλότερη εάν πληρωθεί σε δόσεις.<br />
<br />
<b>Κλείστε αυτό το διαμέρισμα online!</b><br />
<br />
https://www.theblueground.com/p/furnished-apartments/ath-1210?utm_source=classified-4<br />
<br />
Aναβαθμίστε τη διαμονή σας με ένα πλήρως επιπλωμένο διαμέρισμα από τη Blueground:<br />
      – Επιπλωμένα σπίτια σε τιμές αντίστοιχες με τα ανεπίπλωτα<br />
      – Χωρίς κόστη εγκατάστασης ή αγοράς επίπλων - εξοικονομήστε χρόνο και χρήματα<br />
      – Έτοιμα για άμεση μετακόμιση - το μόνο που χρειάζεστε είναι η βαλίτσα σας<br />
<br />
<b>Ο χώρος</b><br><br />
Νιώσε σαν στο σπίτι σου σε αυτό το επιπλωμένο διαμέρισμα της Blueground με το μοναδικό design, τα μοντέρνα έπιπλα και την πλήρως εξοπλισμένη κουζίνα.<br />
Δες τις αγαπημένες σου ταινίες στη smart TV ή άκουσε δυνατά μουσική στα ασύρματα ηχεία τελευταίας τεχνολογίας. Ό,τι και να αποφασίσεις να κάνεις το μόνο σίγουρο είναι πως θα αγαπήσεις όλα όσα σου προσφέρει αυτό το εκλεπτυσμένο διαμέρισμα.<br />
<br />
<b>Διαρρύθμιση δωματίων ύπνου</b><br />
    <br />
        Υπέρδιπλο κρεβάτι: 160 εκ.<br />
<br />
        Διπλό κρεβάτι: 140 εκ.<br />
<br />
<b>Παροχές κτιρίου</b><br />
<br />
      Πλυντήριο<br />
      Επιτρέπονται κατοικίδια<br />
      Ταράτσα<br />
<br />
<br />
<b>Άφιξη και συνεχής υποστήριξη πελατών</b><br><br />
Κατά τη διάρκεια της διαμονής σου, η ομάδα μας θα είναι διαθέσιμη για να σε βοηθήσει με οτιδήποτε χρειαστείς. Μέσω της ειδικής mobile εφαρμογής της Blueground έχεις συνεχή υποστήριξη, ενώ μπορείς ακόμη να προγραμματίσεις υπηρεσίες καθαρισμού, συντήρησης ή επισκευής, με το πάτημα ενός κουμπιού.<br />
<br />
<b>Ιδανική τοποθεσία</b><br />
<br />
Η Κηφισιά είναι μια εύπορη γειτονιά που βρίσκεται στα βόρεια προάστια της Αθήνας, μόλις 14 χιλιόμετρα από το κέντρο της πόλης. Η περιοχή είναι περισσότερο γνωστή για τα πολυτελή κτίρια και τα αρχοντικά της που χρονολογούνται από διάφορες εποχές, τις μπουτίκ σχεδιαστών, τα υψηλής ποιότητας εστιατόρια και τα υπέροχα πάρκα. Η Κηφισιά φιλοξενεί επίσης το Μουσείο Γουλανδρή Φυσικής Ιστορίας. Μπορείτε να φτάσετε εύκολα στην Κηφισιά με λεωφορείο ή με τη γραμμή 1 του σιδηροδρομικού δικτύου της Αθήνας.",,"1",,"0","9","0","0","2026-05-08","3",,"0","yes","no","1","Αθήνα - Βόρεια Προάστια (Αττική)","Κηφισιά (Αθήνα - Βόρεια Προάστια)","1","105103","101","2108","106385",,"1","2","0","0","1","1219850062","https://m2.spitogatos.gr/359906488_1600x1200.jpg?v=20130730","https://m3.spitogatos.gr/359906540_1600x1200.jpg?v=20130730","https://m3.spitogatos.gr/359906561_1600x1200.jpg?v=20130730","https://m2.spitogatos.gr/359906584_1600x1200.jpg?v=20130730","https://m2.spitogatos.gr/359906605_1600x1200.jpg?v=20130730","https://m3.spitogatos.gr/359906624_1600x1200.jpg?v=20130730","https://m3.spitogatos.gr/359906645_1600x1200.jpg?v=20130730","https://m3.spitogatos.gr/359906666_1600x1200.jpg?v=20130730","https://m2.spitogatos.gr/359906683_1600x1200.jpg?v=20130730","https://m2.spitogatos.gr/359906701_1600x1200.jpg?v=20130730","https://m3.spitogatos.gr/359906723_1600x1200.jpg?v=20130730","https://m2.spitogatos.gr/359906746_1600x1200.jpg?v=20130730","https://m1.spitogatos.gr/359906766_1600x1200.jpg?v=20130730","https://m1.spitogatos.gr/359906784_1600x1200.jpg?v=20130730","https://m2.spitogatos.gr/359906806_1600x1200.jpg?v=20130730","https://m3.spitogatos.gr/359906825_1600x1200.jpg?v=20130730","https://m1.spitogatos.gr/359906847_1600x1200.jpg?v=20130730","https://m2.spitogatos.gr/359906866_1600x1200.jpg?v=20130730","https://m2.spitogatos.gr/359906887_1600x1200.jpg?v=20130730","https://m1.spitogatos.gr/359906907_1600x1200.jpg?v=20130730","https://m3.spitogatos.gr/359906924_1600x1200.jpg?v=20130730","https://m2.spitogatos.gr/359906938_1600x1200.jpg?v=20130730","https://m1.spitogatos.gr/359906961_1600x1200.jpg?v=20130730","https://m2.spitogatos.gr/359906980_1600x1200.jpg?v=20130730","https://m1.spitogatos.gr/359906994_1600x1200.jpg?v=20130730","0","0",,"0","38.068878",,"1","0","23.814064",,"0",,,"2026-08-01","0","0",,"0","0","1",,,"1","0","0","1","0","0","0","1350","0","0","0","0","13.5","1","3",,"1","1",,,,"2","0","1",,,"100","1",,"Omirou 21","1","1","0","2026-05-08","https://www.spitogatos.gr/en/property/1219850062","https://nodalview.com/s/2gF9lCKaP9pAF2CZO-Jt62","0",,"1990",
"1","Ground Floor",,"vip","4",,,,,"1","1","1","0",,"0","1","1","0","1",,,"house",,,"0","ΚΗΦΙΣΙΑ Στροφύλι, Εξαιρετική θέση, πλησίον αγοράς και ΗΣΑΠ, Μεζονέτα 400 τ.μ., 3 επιπέδων σύν σοφίτα με εσωτερικό ασανσέρ, κατασκευής του 2008, πολυτελούς κατασκευής, σε συγκρότημα 4 κατοικιών, με κοινόχρηστη πισίνα και πανέμορφο κοινόχρηστο και ιδιόχρηστο κήπο, με δική της είσοδο, πολύ φωτεινή, διαμπερής, με μεγάλα ανοίγματα, εντυπωσιακοί χώροι υποδοχής με άμεση πρόσβαση στον κήπο και την πισίνα, σαλόνι με τζάκι, δρύινα δάπεδα παντού, χώρος τραπεζαρίας, ανεξάρτητη μεγάλη κουζίνα με ηλεκτρικές συσκευές, wc, γκαρνταρόμπα, ο 1 ος όροφος διαθέτει μικρό χώρο καθιστικού, 3 άνετα υ/δ (το 1 master με βεστιάριο), 2 μπάνια, ηλιόλουστη μεγάλη σοφίτα με πρόσβαση σε roof garden με υπέροχη θέα και δικό της μπάνιο, για γραφείο ή 4ο υ/δ, μεγάλο φωτεινό playroom με χώρο καθιστικού και 2 ακόμα υ/δ, 1 μπάνιο, laundry, αυτονομία θέρμανσης ανά όροφο με φυσικό αέριο, boiler, κλιματισμός, διπλά τζάμια, σίτες, συναγερμός πόρτες ασφαλείας, δορυφορική κεραία, αποθήκη, 2 θέσεις υπόγειο πάρκιν., τιμή 4.800€ (5236).",,"1",,"1","5",,"1","2025-11-25","3","2","0","no","yes","1","Αθήνα - Βόρεια Προάστια (Αττική)","Κηφισιά (Αθήνα - Βόρεια Προάστια)","1","105103","101","2108","106421","Double","1","2","0","0","1","1212389178","https://m1.spitogatos.gr/231195534_1600x1200.jpg?v=20130730","https://m2.spitogatos.gr/335546224_1600x1200.jpg?v=20130730","https://m3.spitogatos.gr/335546135_1600x1200.jpg?v=20130730","https://m2.spitogatos.gr/335546164_1600x1200.jpg?v=20130730","https://m3.spitogatos.gr/335547278_1600x1200.jpg?v=20130730","https://m3.spitogatos.gr/335546210_1600x1200.jpg?v=20130730","https://m1.spitogatos.gr/335546196_1600x1200.jpg?v=20130730","https://m3.spitogatos.gr/335546096_1600x1200.jpg?v=20130730","https://m3.spitogatos.gr/335546054_1600x1200.jpg?v=20130730","https://m2.spitogatos.gr/335546080_1600x1200.jpg?v=20130730","https://m2.spitogatos.gr/335546926_1600x1200.jpg?v=20130730","https://m2.spitogatos.gr/335546980_1600x1200.jpg?v=20130730","https://m1.spitogatos.gr/335547087_1600x1200.jpg?v=20130730","https://m3.spitogatos.gr/335546726_1600x1200.jpg?v=20130730","https://m1.spitogatos.gr/335546784_1600x1200.jpg?v=20130730","https://m1.spitogatos.gr/335547189_1600x1200.jpg?v=20130730","https://m1.spitogatos.gr/335547327_1600x1200.jpg?v=20130730","https://m2.spitogatos.gr/335547313_1600x1200.jpg?v=20130730","https://m1.spitogatos.gr/335547513_1600x1200.jpg?v=20130730","https://m3.spitogatos.gr/335546861_1600x1200.jpg?v=20130730","https://m3.spitogatos.gr/335546282_1600x1200.jpg?v=20130730","https://m2.spitogatos.gr/231195553_1600x1200.jpg?v=20130730","https://m1.spitogatos.gr/231047274_1600x1200.jpg?v=20130730","https://m2.spitogatos.gr/231195934_1600x1200.jpg?v=20130730","https://m1.spitogatos.gr/335547366_1600x1200.jpg?v=20130730","1","0","2","1",,,"4","1",,,"1","0",,"2026-08-01","0",,,,"1","4",,,"1",,"1",,"1","1","0","4800","0","0","0","0","12","1","3","6","1",,,"0","1","6","1","1","0","0","400","1",,,"0","3","0","2022-04-06","https://www.spitogatos.gr/en/property/1212389178",,,"0","2008","residential"
"1","Ground Floor",,"vip","4",,,,,"0","1","0","0","2026-08-05","0","0","1","0","0",,,"house",,,"1","Ξεκίνα να ζεις από την πρώτη μέρα, σε αυτό το κομψά επιπλωμένο διαμέρισμα ενός υπνοδωματίου της Blueground στο κέντρο της Κηφισιάς. Πλήρως εξοπλισμένο με έπιπλα μοναδικού design, ηλεκτρικές συσκευές τελευταίας τεχνολογίας.<br><br />
<br />
Η διαφημιζόμενη τιμή των €1,190/μήνα είναι η τιμή για 1 έτος, με ημερομηνία έναρξης Αυγούστου 4, 2026.<br />
<br>Οι τιμές διαφέρουν ανάλογα με τη διάρκεια παραμονής, την εποχικότητα και άλλους παράγοντες. Επισκεφθείτε τον ιστότοπό μας και εισάγετε τις ημερομηνίες διαμονής σας για να δείτε ενημερωμένες τιμές για την κράτησή σας. Η τιμή ισχύει μόνο με προκαταβολή· ενδέχεται να είναι υψηλότερη εάν πληρωθεί σε δόσεις.<br />
<br />
<b>Κλείστε αυτό το διαμέρισμα online!</b><br />
<br />
https://www.theblueground.com/p/furnished-apartments/ath-1437?utm_source=classified-4<br />
<br />
Aναβαθμίστε τη διαμονή σας με ένα πλήρως επιπλωμένο διαμέρισμα από τη Blueground:<br />
      – Επιπλωμένα σπίτια σε τιμές αντίστοιχες με τα ανεπίπλωτα<br />
      – Χωρίς κόστη εγκατάστασης ή αγοράς επίπλων - εξοικονομήστε χρόνο και χρήματα<br />
      – Έτοιμα για άμεση μετακόμιση - το μόνο που χρειάζεστε είναι η βαλίτσα σας<br />
<br />
<b>Ο χώρος</b><br><br />
Έπιπλα μοναδικού design, πλήρως εξοπλισμένη κουζίνα, smart TV ή/και ασύρματα ηχεία τελευταίας τεχνολογίας, είναι λίγες μόνο από τις ανέσεις που σου προσφέρει αυτό το διαμέρισμα ενός υπνοδωματίου της Blueground. Θα το αγαπήσεις όμως και για τη μοναδική του τοποθεσία, καθώς βρίσκεται σε ένα από τα πιο κεντρικά σημεία της Κηφισιάς.<br />
<br />
<b>Διαρρύθμιση δωματίων ύπνου</b><br />
    <br />
        Υπέρδιπλο κρεβάτι: 160 εκ.<br />
<br />
<b>Παροχές κτιρίου</b><br />
<br />
      Ασανσέρ<br />
      Πλυντήριο<br />
<br />
<br />
<b>Άφιξη και συνεχής υποστήριξη πελατών</b><br><br />
Κατά τη διάρκεια της διαμονής σου, η ομάδα μας θα είναι διαθέσιμη για να σε βοηθήσει με οτιδήποτε χρειαστείς. Μέσω της ειδικής mobile εφαρμογής της Blueground έχεις συνεχή υποστήριξη, ενώ μπορείς ακόμη να προγραμματίσεις υπηρεσίες καθαρισμού, συντήρησης ή επισκευής, με το πάτημα ενός κουμπιού.<br />
<br />
<b>Ιδανική τοποθεσία</b><br />
<br />
Η Κηφισιά είναι μια εύπορη γειτονιά που βρίσκεται στα βόρεια προάστια της Αθήνας, μόλις 14 χιλιόμετρα από το κέντρο της πόλης. Η περιοχή είναι περισσότερο γνωστή για τα πολυτελή κτίρια και τα αρχοντικά της που χρονολογούνται από διάφορες εποχές, τις μπουτίκ σχεδιαστών, τα υψηλής ποιότητας εστιατόρια και τα υπέροχα πάρκα. Η Κηφισιά φιλοξενεί επίσης το Μουσείο Γουλανδρή Φυσικής Ιστορίας. Μπορείτε να φτάσετε εύκολα στην Κηφισιά με λεωφορείο ή με τη γραμμή 1 του σιδηροδρομικού δικτύου της Αθήνας.",,"1",,"1","8","0","0","2026-06-30","3",,"0","yes","no","1","Αθήνα - Βόρεια Προάστια (Αττική)","Κηφισιά (Αθήνα - Βόρεια Προάστια)","1","105103","101","2108",,,"1","2","0","0","1","1220269683","https://m2.spitogatos.gr/359917159_1600x1200.jpg?v=20130730","https://m2.spitogatos.gr/359917168_1600x1200.jpg?v=20130730","https://m3.spitogatos.gr/359917175_1600x1200.jpg?v=20130730","https://m3.spitogatos.gr/359917184_1600x1200.jpg?v=20130730","https://m2.spitogatos.gr/359917192_1600x1200.jpg?v=20130730","https://m1.spitogatos.gr/359917197_1600x1200.jpg?v=20130730","https://m2.spitogatos.gr/359917204_1600x1200.jpg?v=20130730","https://m1.spitogatos.gr/359917209_1600x1200.jpg?v=20130730","https://m3.spitogatos.gr/359917217_1600x1200.jpg?v=20130730","https://m2.spitogatos.gr/359917225_1600x1200.jpg?v=20130730","https://m3.spitogatos.gr/359917232_1600x1200.jpg?v=20130730","https://m1.spitogatos.gr/359917236_1600x1200.jpg?v=20130730","https://m3.spitogatos.gr/359917244_1600x1200.jpg?v=20130730","https://m1.spitogatos.gr/359917251_1600x1200.jpg?v=20130730","https://m1.spitogatos.gr/359917260_1600x1200.jpg?v=20130730","https://m3.spitogatos.gr/359917265_1600x1200.jpg?v=20130730","https://m2.spitogatos.gr/359917273_1600x1200.jpg?v=20130730","https://m3.spitogatos.gr/359917280_1600x1200.jpg?v=20130730","https://m1.spitogatos.gr/359917287_1600x1200.jpg?v=20130730","https://m3.spitogatos.gr/359917289_1600x1200.jpg?v=20130730","https://m2.spitogatos.gr/359917297_1600x1200.jpg?v=20130730","https://m3.spitogatos.gr/359917310_1600x1200.jpg?v=20130730","https://m2.spitogatos.gr/359917321_1600x1200.jpg?v=20130730",,,"0","0",,"0","38.070301",,"1","0","23.813715",,"0",,,"2026-08-01","0","0",,"0","0","1",,,"1","0","1",,"0","0","0","1190","0","0","0","0","17","1","3","6","1","1",,,,"1","0","1",,,"70","0",,"Alonion 8","1","1","0","2026-06-30","https://www.spitogatos.gr/en/property/1220269683","https://nodalview.com/s/2l0HZHfTX6Uu7XmiSADr-8","0",,"1981",
"1","3",,"vip","4",,,,,"0","0","0","0","2026-08-07","0","0","1","0","0",,,"house",,,"1","Νιώσε σαν στο σπίτι σου, όπου και αν επιλέξεις να μείνεις με την Blueground. Θα λατρέψεις αυτό το μοντέρνα επιπλωμένο διαμέρισμα δύο υπνοδωματίων, για τη διακόσμησή του, την πλήρως εξοπλισμένη κουζίνα και το άνετο καθιστικό του. Βρίσκεται σε ιδανική τοποθεσία, κοντά σε όλα όσα έχει να σου προσφέρει η Κηφισιά!<br><br />
<br />
Η διαφημιζόμενη τιμή των €1,850/μήνα είναι η τιμή για 1 έτος, με ημερομηνία έναρξης Αυγούστου 6, 2026.<br />
<br>Οι τιμές διαφέρουν ανάλογα με τη διάρκεια παραμονής, την εποχικότητα και άλλους παράγοντες. Επισκεφθείτε τον ιστότοπό μας και εισάγετε τις ημερομηνίες διαμονής σας για να δείτε ενημερωμένες τιμές για την κράτησή σας. Η τιμή ισχύει μόνο με προκαταβολή· ενδέχεται να είναι υψηλότερη εάν πληρωθεί σε δόσεις.<br />
<br />
<b>Κλείστε αυτό το διαμέρισμα online!</b><br />
<br />
https://www.theblueground.com/p/furnished-apartments/ath-421?utm_source=classified-4<br />
<br />
Aναβαθμίστε τη διαμονή σας με ένα πλήρως επιπλωμένο διαμέρισμα από τη Blueground:<br />
      – Επιπλωμένα σπίτια σε τιμές αντίστοιχες με τα ανεπίπλωτα<br />
      – Χωρίς κόστη εγκατάστασης ή αγοράς επίπλων - εξοικονομήστε χρόνο και χρήματα<br />
      – Έτοιμα για άμεση μετακόμιση - το μόνο που χρειάζεστε είναι η βαλίτσα σας<br />
<br />
<b>Ο χώρος</b><br><br />
Νιώσε σαν στο σπίτι σου σε αυτό το επιπλωμένο διαμέρισμα της Blueground με το μοναδικό design, τα μοντέρνα έπιπλα και την πλήρως εξοπλισμένη κουζίνα.<br />
Δες τις αγαπημένες σου ταινίες στη smart TV ή άκουσε δυνατά μουσική στα ασύρματα ηχεία τελευταίας τεχνολογίας. Ό,τι και να αποφασίσεις να κάνεις το μόνο σίγουρο είναι πως θα αγαπήσεις όλα όσα σου προσφέρει αυτό το εκλεπτυσμένο διαμέρισμα.<br />
<br />
<b>Διαρρύθμιση δωματίων ύπνου</b><br />
    <br />
        Υπέρδιπλο κρεβάτι: 160 εκ.<br />
<br />
        Υπέρδιπλο κρεβάτι: 160 εκ.<br />
<br />
<b>Παροχές κτιρίου</b><br />
<br />
      Ασανσέρ<br />
      Πλυντήριο<br />
      Επιτρέπονται κατοικίδια<br />
<br />
<br />
<b>Άφιξη και συνεχής υποστήριξη πελατών</b><br><br />
Κατά τη διάρκεια της διαμονής σου, η ομάδα μας θα είναι διαθέσιμη για να σε βοηθήσει με οτιδήποτε χρειαστείς. Μέσω της ειδικής mobile εφαρμογής της Blueground έχεις συνεχή υποστήριξη, ενώ μπορείς ακόμη να προγραμματίσεις υπηρεσίες καθαρισμού, συντήρησης ή επισκευής, με το πάτημα ενός κουμπιού.<br />
<br />
<b>Ιδανική τοποθεσία</b><br />
<br />
Η Κηφισιά είναι μια εύπορη γειτονιά που βρίσκεται στα βόρεια προάστια της Αθήνας, μόλις 14 χιλιόμετρα από το κέντρο της πόλης. Η περιοχή είναι περισσότερο γνωστή για τα πολυτελή κτίρια και τα αρχοντικά της που χρονολογούνται από διάφορες εποχές, τις μπουτίκ σχεδιαστών, τα υψηλής ποιότητας εστιατόρια και τα υπέροχα πάρκα. Η Κηφισιά φιλοξενεί επίσης το Μουσείο Γουλανδρή Φυσικής Ιστορίας. Μπορείτε να φτάσετε εύκολα στην Κηφισιά με λεωφορείο ή με τη γραμμή 1 του σιδηροδρομικού δικτύου της Αθήνας.",,"1",,"1","8","0","1","2026-05-23","8",,"0","yes","no","0","Αθήνα - Βόρεια Προάστια (Αττική)","Κηφισιά (Αθήνα - Βόρεια Προάστια)","1","105103","101","2108","106385",,"1","2","0","0","1","1219935375","https://m1.spitogatos.gr/359901684_1600x1200.jpg?v=20130730","https://m1.spitogatos.gr/359901705_1600x1200.jpg?v=20130730","https://m1.spitogatos.gr/359901729_1600x1200.jpg?v=20130730","https://m3.spitogatos.gr/359901749_1600x1200.jpg?v=20130730","https://m3.spitogatos.gr/359901767_1600x1200.jpg?v=20130730","https://m2.spitogatos.gr/359901793_1600x1200.jpg?v=20130730","https://m1.spitogatos.gr/359901810_1600x1200.jpg?v=20130730","https://m2.spitogatos.gr/359901826_1600x1200.jpg?v=20130730","https://m3.spitogatos.gr/359901842_1600x1200.jpg?v=20130730","https://m2.spitogatos.gr/359901859_1600x1200.jpg?v=20130730","https://m2.spitogatos.gr/359901871_1600x1200.jpg?v=20130730","https://m2.spitogatos.gr/359901880_1600x1200.jpg?v=20130730","https://m3.spitogatos.gr/359901893_1600x1200.jpg?v=20130730","https://m1.spitogatos.gr/359901903_1600x1200.jpg?v=20130730","https://m3.spitogatos.gr/359901914_1600x1200.jpg?v=20130730","https://m3.spitogatos.gr/359901923_1600x1200.jpg?v=20130730","https://m3.spitogatos.gr/359901935_1600x1200.jpg?v=20130730","https://m2.spitogatos.gr/359901949_1600x1200.jpg?v=20130730","https://m3.spitogatos.gr/359901959_1600x1200.jpg?v=20130730","https://m2.spitogatos.gr/359901973_1600x1200.jpg?v=20130730","https://m1.spitogatos.gr/359901990_1600x1200.jpg?v=20130730","https://m3.spitogatos.gr/359902001_1600x1200.jpg?v=20130730","https://m2.spitogatos.gr/359902009_1600x1200.jpg?v=20130730","https://m1.spitogatos.gr/359902044_1600x1200.jpg?v=20130730","https://m2.spitogatos.gr/359902048_1600x1200.jpg?v=20130730","0","0",,"0","38.070389",,"1","0","23.813734",,"0",,,"2026-08-01","0","0",,"0","1","1",,,"1","0","0","1","0","0","0","1850","0","0","0","0","18.5","1","3","6","1","0",,,,"2","0","0",,,"100","0",,"Alonion 8","1","1","0","2026-05-23","https://www.spitogatos.gr/en/property/1219935375",,"0",,"1981",
"1","Ground Floor","no","vip","4",,,,,"1","1","0","0","2026-05-08","0","0","1","0","1","0",,"house","0",,"0","Ενοικιάζεται ισόγειο οροφοδιαμέρισμα 160 μ2 στη Νέα Κηφισιά. Η αρχική κατασκευή είναι του 1970 , αλλά το 2010 έχει γίνει πλήρης ανακατασκευή. Έχει άνετο καθιστικό  - τραπεζαρία. ανεξάρτητη μοντέρνα κουζίνα , 1 μεγάλο master υπνοδωμάτιο , 1 υπνοδωμάτιο και 1 λουτρό. Διαθέτει αυτόνομη ενδοδαπέδια θέρμανση (αντλία θερμότητας) , A/C , τζάκι , δρύινο πάτωμα , άνετες βεράντες, κήπο αποκλειστικής χρήσης , 2 ανοιχτές θέσεις στάθμευσης , πόρτα ασφαλείας , κλειστό κύκλωμα τηλεόρασης , συναγερμό , φωτοβολταϊκά στη στέγη , όλες τις ηλεκτρικές συσκευές (φούρνο , εστίες, ψυγείο , πλυντήριο ρούχων , πλυντήριο πιάτων), κουφώματα αλουμινίου και διπλά τζάμια . Μπορεί να διατεθεί επιπλωμένο ή μερικώς επιπλωμένο. Ενεργειακή κλάση Β+. Είναι σε διπλοκατοικία εντός οικοπέδου 500 μ2 , κοντά στην πλατεία (ΘΑΝΟΠΟΥΛΟΣ) της Νέας Κηφισιάς. Έχει κοντά αγορά , τράπεζες , συγκοινωνία και άμεση πρόσβαση στην εθνική οδό. Τιμή: 2.000 €. <br />
NEW NEIGHBOUR REAL ESTATE AGENCY, Τηλέφωνο Επικοινωνίας: 2167005657, email: info@newneighbour.gr, website: www.newneighbour.gr",,,"0","0","3","0","1","2026-05-08","3","2","0","no","yes","1","Αθήνα - Βόρεια Προάστια (Αττική)","Κηφισιά (Αθήνα - Βόρεια Προάστια)","1","105103","101","2108","106375","Double","1","13","1","0","1","1219851553","https://m3.spitogatos.gr/352817972_1600x1200.jpg?v=20130730","https://m1.spitogatos.gr/352817973_1600x1200.jpg?v=20130730","https://m1.spitogatos.gr/352817976_1600x1200.jpg?v=20130730","https://m3.spitogatos.gr/352817978_1600x1200.jpg?v=20130730","https://m1.spitogatos.gr/352817982_1600x1200.jpg?v=20130730","https://m2.spitogatos.gr/352817986_1600x1200.jpg?v=20130730","https://m3.spitogatos.gr/352817990_1600x1200.jpg?v=20130730","https://m2.spitogatos.gr/352817995_1600x1200.jpg?v=20130730","https://m3.spitogatos.gr/352817999_1600x1200.jpg?v=20130730","https://m2.spitogatos.gr/352818001_1600x1200.jpg?v=20130730","https://m2.spitogatos.gr/352818004_1600x1200.jpg?v=20130730","https://m3.spitogatos.gr/352818005_1600x1200.jpg?v=20130730","https://m2.spitogatos.gr/352818007_1600x1200.jpg?v=20130730","https://m3.spitogatos.gr/352818008_1600x1200.jpg?v=20130730","https://m3.spitogatos.gr/352818011_1600x1200.jpg?v=20130730","https://m1.spitogatos.gr/352818012_1600x1200.jpg?v=20130730","https://m2.spitogatos.gr/352818016_1600x1200.jpg?v=20130730",,,,,,,,,"0","0","2","1","38.091042",,"1","1","23.799423","500","0","0","0","2026-08-01","0","0",,"0","0","2",,,"0","0","0",,"0","0","0","2000","0","0","0","0","12.5","1","3","6","1","1","2010","0","1","2","0","1",,"0","160","0",,,"0","1","0","2026-05-08","https://www.spitogatos.gr/en/property/1219851553",,"0","0","1970","residential"
"1","Ground Floor","no","vip","4",,,,,"1","1","0","0","2026-05-08","0","0","1","0","1","0",,"house","0",,"0","Ενοικιάζεται ισόγειο επιπλωμένο οροφοδιαμέρισμα 160 μ2 στη Νέα Κηφισιά. Η αρχική κατασκευή είναι του 1970 , αλλά το 2010 έχει γίνει πλήρης ανακατασκευή. Έχει άνετο καθιστικό  - τραπεζαρία. ανεξάρτητη μοντέρνα κουζίνα , 1 μεγάλο master υπνοδωμάτιο , 1 υπνοδωμάτιο και 1 λουτρό. Διαθέτει αυτόνομη ενδοδαπέδια θέρμανση (αντλία θερμότητας) , A/C , τζάκι , δρύινο πάτωμα , άνετες βεράντες, κήπο αποκλειστικής χρήσης , 2 ανοιχτές θέσεις στάθμευσης , πόρτα ασφαλείας , κλειστό κύκλωμα τηλεόρασης , συναγερμό , φωτοβολταϊκά στη στέγη , όλες τις ηλεκτρικές συσκευές (φούρνο , εστίες, ψυγείο , πλυντήριο ρούχων , πλυντήριο πιάτων), κουφώματα αλουμινίου και διπλά τζάμια . Ενεργειακή κλάση Β+. Είναι σε διπλοκατοικία εντός οικοπέδου 500 μ2 , κοντά στην πλατεία (ΘΑΝΟΠΟΥΛΟΣ) της Νέας Κηφισιάς. Έχει κοντά αγορά , τράπεζες , συγκοινωνία και άμεση πρόσβαση στην εθνική οδό. Τιμή: 2.500 €  <br />
NEW NEIGHBOUR REAL ESTATE AGENCY, Τηλέφωνο Επικοινωνίας: 2167005657, email: info@newneighbour.gr, website: www.newneighbour.gr",,,"0","0","3","0","1","2026-05-08","3","2","0","yes","yes","1","Αθήνα - Βόρεια Προάστια (Αττική)","Κηφισιά (Αθήνα - Βόρεια Προάστια)","1","105103","101","2108","106375","Double","1","13","1","0","1","1219851499","https://m1.spitogatos.gr/352817124_1600x1200.jpg?v=20130730","https://m3.spitogatos.gr/352817126_1600x1200.jpg?v=20130730","https://m2.spitogatos.gr/352817128_1600x1200.jpg?v=20130730","https://m1.spitogatos.gr/352817130_1600x1200.jpg?v=20130730","https://m3.spitogatos.gr/352817132_1600x1200.jpg?v=20130730","https://m1.spitogatos.gr/352817136_1600x1200.jpg?v=20130730","https://m3.spitogatos.gr/352817141_1600x1200.jpg?v=20130730","https://m3.spitogatos.gr/352817144_1600x1200.jpg?v=20130730","https://m1.spitogatos.gr/352817148_1600x1200.jpg?v=20130730","https://m1.spitogatos.gr/352817151_1600x1200.jpg?v=20130730","https://m2.spitogatos.gr/352817155_1600x1200.jpg?v=20130730","https://m2.spitogatos.gr/352817161_1600x1200.jpg?v=20130730","https://m3.spitogatos.gr/352817165_1600x1200.jpg?v=20130730","https://m1.spitogatos.gr/352817169_1600x1200.jpg?v=20130730","https://m2.spitogatos.gr/352817173_1600x1200.jpg?v=20130730","https://m2.spitogatos.gr/352817176_1600x1200.jpg?v=20130730","https://m2.spitogatos.gr/352817179_1600x1200.jpg?v=20130730",,,,,,,,,"0","0","2","1","38.090862",,"1","1","23.798973","500","0","0","0","2026-08-01","0","0",,"0","0","2",,,"0","0","0",,"0","0","0","2500","0","0","0","0","15.63","1","3","6","1","1","2010","0","1","2","0","1",,"0","160","0",,,"0","1","0","2026-05-08","https://www.spitogatos.gr/en/property/1219851499",,"0","0","1970","residential"
"0","Ground Floor","no","vip","4",,,,,"0","0","0","0","2026-07-01","0","1","0","0","0","0",,"house","0",,"0","Μεζονέτα προς Ενοικίαση - Κεφαλάρι<br />
<br />
Στην γειτονιά του Κεφαλαρίου, διατίθεται προς ενοικίαση εξαιρετική μεζονέτα 220 τ.μ., ιδανική για οικογένειες που αναζητούν άνεση, ιδιωτικότητα και υψηλή ποιότητα διαβίωσης.<br />
<br />
Η κατοικία διαθέτει τέσσερα ευρύχωρα υπνοδωμάτια, εκ των οποίων το ένα είναι master, δύο μπάνια και WC επισκεπτών. <br />
Οι φωτεινοί χώροι υποδοχής, η λειτουργική διαρρύθμιση και η άριστη κατάσταση του ακινήτου δημιουργούν ένα ιδιαίτερα ζεστό και φιλόξενο περιβάλλον.<br />
<br />
Ο όμορφα διαμορφωμένος κήπος αποτελεί ιδανικό χώρο για στιγμές χαλάρωσης και οικογενειακές συγκεντρώσεις, ενώ οι δύο κλειστές θέσεις στάθμευσης προσφέρουν άνεση και ασφάλεια.<br />
<br />
Κατασκευασμένη το 1990 και διατηρημένη σε εξαιρετική κατάσταση, η κατοικία διαθέτει αυτόνομη θέρμανση και βρίσκεται σε προνομιακή τοποθεσία, κοντά στην αγορά του Κεφαλαρίου και της Κηφισιάς.<br />
<br />
Μία ιδιαίτερα ποιοτική πρόταση μίσθωσης που συνδυάζει την ηρεμία του Κεφαλαρίου με την άνεση μιας ευρύχωρης κατοικίας, σε μία από τις πιο περιζήτητες περιοχές των προαστίων.<br />
<br />
<br />
Τιμή: €4.000<br />
Revithis & Partners<br />
Τηλέφωνο Επικοινωνίας: 2108135181<br />
email: info@revithis.com",,,"0","0","10","0","1","2026-07-01","3","6","0","no","yes","1","Αθήνα - Βόρεια Προάστια (Αττική)","Κηφισιά (Αθήνα - Βόρεια Προάστια)","1","105103","101","2108","106282","Double","1",,"0","0","1","1220283136","https://m2.spitogatos.gr/360129574_1600x1200.jpg?v=20130730","https://m3.spitogatos.gr/360129578_1600x1200.jpg?v=20130730","https://m1.spitogatos.gr/360129582_1600x1200.jpg?v=20130730","https://m3.spitogatos.gr/360129587_1600x1200.jpg?v=20130730","https://m1.spitogatos.gr/360129591_1600x1200.jpg?v=20130730","https://m1.spitogatos.gr/360129594_1600x1200.jpg?v=20130730","https://m1.spitogatos.gr/360129597_1600x1200.jpg?v=20130730","https://m1.spitogatos.gr/360129600_1600x1200.jpg?v=20130730","https://m2.spitogatos.gr/360129604_1600x1200.jpg?v=20130730","https://m3.spitogatos.gr/360129608_1600x1200.jpg?v=20130730","https://m1.spitogatos.gr/360129612_1600x1200.jpg?v=20130730","https://m2.spitogatos.gr/360129613_1600x1200.jpg?v=20130730","https://m3.spitogatos.gr/360129617_1600x1200.jpg?v=20130730","https://m1.spitogatos.gr/360129621_1600x1200.jpg?v=20130730","https://m2.spitogatos.gr/360129622_1600x1200.jpg?v=20130730","https://m3.spitogatos.gr/360129623_1600x1200.jpg?v=20130730","https://m2.spitogatos.gr/362069521_1600x1200.jpg?v=20130730","https://m3.spitogatos.gr/362069528_1600x1200.jpg?v=20130730","https://m3.spitogatos.gr/362069543_1600x1200.jpg?v=20130730","https://m2.spitogatos.gr/362069572_1600x1200.jpg?v=20130730","https://m2.spitogatos.gr/362069581_1600x1200.jpg?v=20130730","https://m3.spitogatos.gr/362069609_1600x1200.jpg?v=20130730","https://m1.spitogatos.gr/362069619_1600x1200.jpg?v=20130730","https://m1.spitogatos.gr/362069622_1600x1200.jpg?v=20130730","https://m1.spitogatos.gr/362069628_1600x1200.jpg?v=20130730","0","0","2","0","38.075638","0","1","0","23.824314","1000","0","0","0","2026-08-01","0","0",,"0","1","2",,,"0","0","1",,"0","0","0","4000","0","0","0","0","18.18","1","3","6","1","0",,"0",,"4","0","0",,"0","220","1",,,"0","3","0","2026-07-01","https://www.spitogatos.gr/en/property/1220283136",,"1","0","1990","residential"
"1","Ground Floor","no","vip","4",,,,,"1","0","1","0","2026-05-27","0","1","0","0","1","1",,"house","0",,"1","Αυτή η ευρύχωρη μεζονέτα 267τμ. συν 66τμ. αποθηκευτικοί χώροι βρίσκεται σε ήσυχη οικιστική περιοχή της Άνω Κηφισιάς και αποτελεί μέρος ενός προσεγμένου συγκροτήματος μόλις πέντε κατοικιών, κατασκευής 1994. Το ακίνητο διακρίνεται για την εξαιρετική λειτουργική της διαρρύθμιση, τους άνετους βοηθητικούς χώρους και την άμεση πρόσβαση στο ζωντανό κέντρο της Κηφισιάς με τα καταστήματα, τα εστιατόρια, τα καφέ, τις τράπεζες και όλες τις καθημερινές παροχές.<br />
<br />
Κύρια Κατοικία – 200τμ. που αναπτύσσεται σε δύο βασικά επίπεδα συν σοφίτα 40τμ.:<br />
<br />
Πρώτο Επίπεδο:<br />
Ευρύχωρο σαλόνι – τραπεζαρία με τζάκι<br />
Πλήρως εξοπλισμένη κουζίνα<br />
WC επισκεπτών<br />
Εξαιρετικά φωτεινός κλειστός χώρος (conservatory)<br />
<br />
Δεύτερο Επίπεδο:<br />
2 άνετα υπνοδωμάτια<br />
1 πλήρες μπάνιο<br />
Master υπνοδωμάτιο με en-suite μπάνιο<br />
Ξεχωριστός μικρός χώρος βεστιάριο<br />
<br />
Σοφίτα (40τμ.)<br />
Ένας ευέλικτος χώρος ιδανικός για:<br />
Γραφείο στο σπίτι<br />
Επιπλέον υπνοδωμάτιο<br />
Playroom ή δημιουργικό στούντιο<br />
<br />
Κατώτερο Επίπεδο – 67τμ. με άμεση πρόσβαση από τον ανηφορικό δρόμο – λειτουργεί ως ισόγειο λόγω κλίσης:<br />
Μεγάλος χώρος στάθμευσης για 2 αυτοκίνητα<br />
Χώρος πλυντηρίου (laundry room)<br />
Γραφείο<br />
WC επισκεπτών<br />
<br />
Επιπλέον Υπόγειο – 66τμ.<br />
Αποκλειστικά διαμορφωμένο ως αποθηκευτικός χώρος<br />
<br />
Πλεονεκτήματα Τοποθεσίας:<br />
Ήσυχη και οικογενειακή γειτονιά<br />
Κοντινή απόσταση από το εμπορικό κέντρο της Κηφισιάς<br />
Άμεση πρόσβαση σε εστιατόρια, καφέ, τράπεζες και καθημερινές παροχές<br />
Εξαιρετική συγκοινωνιακή σύνδεση<br />
<br />
Το ακίνητο συνδυάζει άνετους χώρους διαβίωσης, άφθονους αποθηκευτικούς χώρους και προνομιακή τοποθεσία, αποτελώντας ιδανική επιλογή για οικογένειες που αναζητούν ποιότητα ζωής και ευκολία σε μία από τις πιο περιζήτητες περιοχές των Βορείων Προαστίων.<br />
<br />
ΕΠΙΚΟΙΝΩΝΙΑ:<br />
A Beautiful Home<br />
Τηλέφωνο:+30 6987054298<br />
Email: harveysarakell@gmail.com / abhbrokers@gmail.com<br />
Ιστοσελίδα: www.abeautifulhome.gr<br />
Κωδικός Ακινήτου: RKIF200P",,,"0","0","5","1","1","2026-05-27","3","6","0","no","yes","1","Αθήνα - Βόρεια Προάστια (Αττική)","Κηφισιά (Αθήνα - Βόρεια Προάστια)","1","105103","101","2108",,"Double","4","13","0","0","1","1219964902","https://m2.spitogatos.gr/354897103_1600x1200.jpg?v=20130730","https://m1.spitogatos.gr/354897105_1600x1200.jpg?v=20130730","https://m2.spitogatos.gr/354897109_1600x1200.jpg?v=20130730","https://m1.spitogatos.gr/354897111_1600x1200.jpg?v=20130730","https://m1.spitogatos.gr/354897114_1600x1200.jpg?v=20130730","https://m2.spitogatos.gr/354897118_1600x1200.jpg?v=20130730","https://m3.spitogatos.gr/354897122_1600x1200.jpg?v=20130730","https://m1.spitogatos.gr/354897126_1600x1200.jpg?v=20130730","https://m1.spitogatos.gr/354897129_1600x1200.jpg?v=20130730","https://m2.spitogatos.gr/354897133_1600x1200.jpg?v=20130730","https://m2.spitogatos.gr/354897136_1600x1200.jpg?v=20130730","https://m1.spitogatos.gr/354897138_1600x1200.jpg?v=20130730","https://m1.spitogatos.gr/354897141_1600x1200.jpg?v=20130730","https://m2.spitogatos.gr/354897142_1600x1200.jpg?v=20130730","https://m1.spitogatos.gr/354897144_1600x1200.jpg?v=20130730","https://m1.spitogatos.gr/354897147_1600x1200.jpg?v=20130730","https://m2.spitogatos.gr/354897148_1600x1200.jpg?v=20130730","https://m2.spitogatos.gr/354897151_1600x1200.jpg?v=20130730","https://m2.spitogatos.gr/354897154_1600x1200.jpg?v=20130730","https://m1.spitogatos.gr/354897156_1600x1200.jpg?v=20130730","https://m2.spitogatos.gr/354897157_1600x1200.jpg?v=20130730","https://m3.spitogatos.gr/354897158_1600x1200.jpg?v=20130730","https://m2.spitogatos.gr/354897160_1600x1200.jpg?v=20130730","https://m3.spitogatos.gr/354897161_1600x1200.jpg?v=20130730","https://m2.spitogatos.gr/354897163_1600x1200.jpg?v=20130730","1","0","2","1","38.064919",,"1","1","23.832657",,"0","0","0","2026-08-01","0","0",,"0","2","2",,"3","0","0","0","1","0","0","0","2150","0","0","0","0","8.05","1","3","6","1","0",,"0",,"4","0","1",,"0","267","1",,,"0","3","0","2026-05-27","https://www.spitogatos.gr/en/property/1219964902",,"1","0","1994","residential"
