"AC","Floor Level","accessibleForDisabled","adType_code","adType_id","agentEmployee_firstName","agentEmployee_id","agentEmployee_lastName","agentEmployee_telephone","airy","alarm","attic","auction","availability","availableForDailyRent","awning","balcony","balconyArea","bright","builtInBBQ","byTheSea","category","caveBuilding","commonExpenses","corner","description","distanceSea","doubleGlass","electricCarChargingFacilities","elevator","energyClass","facade","fireplace","firstPublishDate","floorNumber","floorType","forCommercialUse","furnished","garage","garden","geographiesByLevel_2_fullName","geographiesByLevel_4_fullName","geographyParentIds_0","geographyParentIds_1","geographyParentIds_2","geographyParentIds_4","geographyParentIds_5","glassType","heatingController","heatingMedium","heatingUnderFloor","holidayHome","host_id","id","images/0","images/1","images/2","images/3","images/4","images/5","images/6","images/7","images/8","images/9","images/10","images/11","images/12","images/13","images/14","images/15","images/16","images/17","images/18","images/19","images/20","images/21","images/22","images/23","images/24","internal_stairs","investment","joinery","kitchens","latitude","levels","livingRooms","longitude","lotSize","luxHome","mannedReception","medicalOffice","modified","negotiablePrice","neoclassic","newDevelopment","nightPower","no_of_WC","no_of_bathrooms","numberOfFloors","orientation","painted","penthouse","pestNet","petsAllowed","playroom","pool","preserved","price","priceChangeDate","priceChangePercentage","priceIncludesInternet","priceIncludesPower","priceIncludesSharedExp","priceIncludesWater","pricePerSqMeters","pricePreReduction","priceReduced","propertyPublishingOptionIds/0","propertyPublishingOptionIds/1","propertyPublishingOptionIds/2","published","renovated","renovationYear","requiresRenovation","road_type","rooms","satelite","secure_door","showOnlyPartnerPhone","solar_heater","sq_meters","storage","storageArea","streetAddress","studentHome","subtype","unfinished","uploaded","url","vTourUrl","view","wholeFloorApartment","year_of_construction","youtubeVideoId","zoning"
"1","3","no","vip","15",,,,,"0","0","0","0","2026-06-13","0","0","1","30","1","0","true","house","0","1","0","Εσωτερικός κωδικός: E.GLY1252200<br />
🏡 Διαμέρισμα προς Ενοικίαση – Γλυφάδα Κέντρο<br />
💰 Τιμή: €2.200<br />
<br />
Εξαιρετικό πολυτελές διαμέρισμα 125 τ.μ. στον 3ο όροφο, σε μία από τις πιο προνομιακές τοποθεσίες της Γλυφάδας, δίπλα στην αγορά και σε κεντρικό σημείο της πόλης. Το ακίνητο βρίσκεται μόλις 200 μέτρα από τη θάλασσα και συνδυάζει άνεση, λειτουργικότητα και υψηλή αισθητική, αποτελώντας ιδανική επιλογή τόσο για μόνιμη κατοικία όσο και για εξοχική χρήση. Η φωτεινότητα των χώρων, η εξαιρετική διαρρύθμιση και η ήσυχη γειτονιά δημιουργούν ένα μοναδικό περιβάλλον διαβίωσης στην καρδιά της Αθηναϊκής Ριβιέρας.<br />
<br />
📐 Χαρακτηριστικά Ακινήτου:<br />
• Εμβαδόν: 125 τ.μ.<br />
• Όροφος: 3ος<br />
• 3 Υπνοδωμάτια<br />
• 2 Μπάνια<br />
• 1 Κουζίνα<br />
• 1 Σαλόνι<br />
• 1 Θέση στάθμευσης σε υπόγειο χώρο<br />
• Έτος κατασκευής: 2006<br />
• Κατάσταση: Ανακαινισμένο<br />
• Κουφώματα με διπλά τζάμια<br />
• Ενεργειακό Πιστοποιητικό: Γ<br />
<br />
🔥 Παροχές & Εξοπλισμός:<br />
• Αυτόνομη θέρμανση πετρελαίου<br />
• Κλιματισμός<br />
• Ηλιακός θερμοσίφωνας<br />
<br />
✨ Πλεονεκτήματα:<br />
• Προσόψεως<br />
• Φωτεινό<br />
• Πολυτελές<br />
• Βαμμένο<br />
• Καλή θέα<br />
• Ανατολικοδυτικός προσανατολισμός<br />
• Σίτες<br />
• Ασανσέρ<br />
• Αποθήκη<br />
• Ήσυχη γειτονιά<br />
• Μόλις 200 μέτρα από τη θάλασσα<br />
<br />
🌐 Περισσότερα ακίνητα και πληροφορίες: www.bestdealestate.com<br />
<br />
📞 Επικοινωνία: +30 210 895 8054 / +30 693 7155747 / +30 693 700 2113<br />
📧 Email: info@bestdealestate.com<br />
<br />
📌 Σημαντική Σημείωση:<br />
Η τοποθεσία στον χάρτη είναι ενδεικτική και δεν αντιστοιχεί στην ακριβή διεύθυνση του ακινήτου. Για την υπόδειξη απαιτείται η επίδειξη ταυτότητας και ΑΦΜ, σύμφωνα με τον Ν. 4072/11-4-2012 (ΦΕΚ 86 Α).","200",,"0","1","5","1","1","2026-06-13","8",,"0","no","yes","0","Αθήνα - Νότια Προάστια (Αττική)","Γλυφάδα (Αθήνα - Νότια Προάστια)","1","105103","102","2208","102208","Double","1","1","0","1","1","1220115880","https://m1.spitogatos.gr/361207824_1600x1200.jpg?v=20130730","https://m3.spitogatos.gr/361207826_1600x1200.jpg?v=20130730","https://m2.spitogatos.gr/361207828_1600x1200.jpg?v=20130730","https://m1.spitogatos.gr/361207830_1600x1200.jpg?v=20130730","https://m3.spitogatos.gr/361207832_1600x1200.jpg?v=20130730","https://m1.spitogatos.gr/361207833_1600x1200.jpg?v=20130730","https://m3.spitogatos.gr/361207835_1600x1200.jpg?v=20130730","https://m2.spitogatos.gr/361207837_1600x1200.jpg?v=20130730","https://m1.spitogatos.gr/361207839_1600x1200.jpg?v=20130730","https://m3.spitogatos.gr/361207841_1600x1200.jpg?v=20130730","https://m1.spitogatos.gr/361207842_1600x1200.jpg?v=20130730","https://m3.spitogatos.gr/361207844_1600x1200.jpg?v=20130730","https://m2.spitogatos.gr/361207846_1600x1200.jpg?v=20130730","https://m2.spitogatos.gr/361207849_1600x1200.jpg?v=20130730",,,,,,,,,,,,"0","0",,"1","37.857433","1","1","23.756765",,"1","0","0","2026-08-01","0","0",,"0","0","2","5","2","1","0","1",,"0","0","0","2200",,,"0","0","0","0","17.6",,,"1","3","6","1","1",,"0","1","3","0","0",,"1","125","1","8",,"0","1","0","2026-06-13","https://www.spitogatos.gr/en/property/1220115880","https://vtours.pepita.io/spitogatos/1087a607-0128-45db-802b-7842376ae1ab","1","0","2006","rL1WH6trxJ8","residential"
"0","2","no","vip","15",,,,,"1","1","0","0","2026-04-23","0","0","1","40","1","0",,"house","0","40","0","Εσωτερικός κωδικός: GLY1202190<br />
<br />
🏡 Διαμέρισμα προς Ενοικίαση – Γλυφάδα (Κάτω Γλυφάδα)<br />
💰 Τιμή: €2.190<br />
<br />
Ανακαινισμένο και ευρύχωρο διαμέρισμα 120 τ.μ. στον 2ο όροφο, σε εξαιρετική τοποθεσία στην Κάτω Γλυφάδα, κοντά στη θάλασσα και σε όλες τις βασικές υποδομές. Ιδανικό για οικογένεια που αναζητά άνεση και σύγχρονη αισθητική.<br />
<br />
📐 Χαρακτηριστικά Ακινήτου:<br />
• Εμβαδόν: 120 τ.μ.<br />
• Όροφος: 2ος<br />
• 3 Υπνοδωμάτια (1 Master)<br />
• 2 Μπάνια<br />
• 1 Κουζίνα<br />
• 1 Σαλόνι<br />
• Έτος κατασκευής: 2004<br />
• Έτος ανακαίνισης: 2026<br />
• Δάπεδα: Πλακάκια & Ξύλο<br />
• Κουφώματα αλουμινίου με διπλά τζάμια<br />
• Κεντρική θέρμανση με φυσικό αέριο<br />
• Ηλιακός & Boiler<br />
• Καλοριφέρ<br />
• Ενεργειακό Πιστοποιητικό: Ε<br />
• 1 θέση στάθμευσης (υπόγεια)<br />
• Ασανσέρ<br />
• Αποθήκη<br />
<br />
✨ Πλεονεκτήματα & Σημεία Υπεροχής:<br />
• Ανακαινισμένο<br />
• Προσόψεως, φωτεινό και διαμπερές<br />
• Πολυτελής και μοντέρνα αισθητική<br />
• Ανεμπόδιστη θέα σε ανοιχτωσιά<br />
• Νότιος προσανατολισμός<br />
• Σίτες<br />
• Πόρτα ασφαλείας & θυροτηλεόραση<br />
• Συναγερμός<br />
• Playroom<br />
• Νυχτερινό ρεύμα<br />
• Επιτρέπονται κατοικίδια<br />
• Ήσυχη γειτονιά<br />
• Βεράντα<br />
• Κοντά σε θάλασσα, συγκοινωνίες, αγορά & εμπορικά κέντρα<br />
<br />
🌐 Περισσότερα ακίνητα και πληροφορίες: www.bestdealestate.com<br />
<br />
📞 Επικοινωνία: +30 210 895 8054 / +30 693 7155747 / +30 693 700 2113<br />
📧 Email: info@bestdealestate.com<br />
<br />
📌 Σημαντική Σημείωση:<br />
Η τοποθεσία στον χάρτη είναι ενδεικτική και δεν αντιστοιχεί στην ακριβή διεύθυνση του ακινήτου. Για την υπόδειξη απαιτείται η επίδειξη ταυτότητας και ΑΦΜ, σύμφωνα με τον Ν. 4072/11-4-2012 (ΦΕΚ 86 Α).",,,"0","1","7","1","1","2026-04-23","7","10","0","no","yes","0","Αθήνα - Νότια Προάστια (Αττική)","Γλυφάδα (Αθήνα - Νότια Προάστια)","1","105103","102","2208","102208","Double","1","2","0","1","1","1219765054","https://m3.spitogatos.gr/362789228_1600x1200.jpg?v=20130730","https://m2.spitogatos.gr/362789236_1600x1200.jpg?v=20130730","https://m3.spitogatos.gr/362789243_1600x1200.jpg?v=20130730","https://m2.spitogatos.gr/362789248_1600x1200.jpg?v=20130730","https://m3.spitogatos.gr/362789255_1600x1200.jpg?v=20130730","https://m2.spitogatos.gr/362789263_1600x1200.jpg?v=20130730","https://m2.spitogatos.gr/362789272_1600x1200.jpg?v=20130730","https://m2.spitogatos.gr/362789281_1600x1200.jpg?v=20130730","https://m3.spitogatos.gr/362789291_1600x1200.jpg?v=20130730","https://m2.spitogatos.gr/362789299_1600x1200.jpg?v=20130730","https://m1.spitogatos.gr/362789307_1600x1200.jpg?v=20130730","https://m2.spitogatos.gr/362789317_1600x1200.jpg?v=20130730","https://m3.spitogatos.gr/362789327_1600x1200.jpg?v=20130730","https://m2.spitogatos.gr/362789335_1600x1200.jpg?v=20130730","https://m2.spitogatos.gr/362789344_1600x1200.jpg?v=20130730","https://m3.spitogatos.gr/362789354_1600x1200.jpg?v=20130730","https://m2.spitogatos.gr/362789362_1600x1200.jpg?v=20130730","https://m1.spitogatos.gr/362789370_1600x1200.jpg?v=20130730","https://m2.spitogatos.gr/362789374_1600x1200.jpg?v=20130730","https://m2.spitogatos.gr/362789377_1600x1200.jpg?v=20130730","https://m3.spitogatos.gr/362789381_1600x1200.jpg?v=20130730","https://m2.spitogatos.gr/362789383_1600x1200.jpg?v=20130730","https://m2.spitogatos.gr/362789386_1600x1200.jpg?v=20130730","https://m3.spitogatos.gr/362789390_1600x1200.jpg?v=20130730","https://m2.spitogatos.gr/362789392_1600x1200.jpg?v=20130730","0","0","2","1","37.853893","1","1","23.765352","500","1","0","0","2026-08-01","0","0",,"1","0","2",,"10","0","0","1","1","1","0","0","2190","2026-07-21 21:04:23","5","0","0","0","0","18.1","2300","true","1","3","6","1","1","2026","0","1","3","0","1",,"1","121","1","5",,"0","1","0","2026-04-23","https://www.spitogatos.gr/en/property/1219765054","https://vtours.pepita.io/spitogatos/2db724bc-7ec9-4473-995c-8a57e79f43c0","1","0","2004","rL1WH6trxJ8","residential"
"1","4","no","vip","15",,,,,"1","1","0","0","2025-12-14","0","1","1","150","1","0","true","house","0",,"0","Στην Γλυφαδα, μια προσεγμενη μεζονετα-ρετιρε, με απολαυστικη θεα στην θαλασσα και στο βουνο, βρισκεται προς ενοικιαση. Ειναι πληρως ανακαινισμενη προσφατα. Ξεκινωντας απο τον τριτο οροφο συνανταμε τρια μεγαλα υπνοδωματια, το ενα εκ των οποιων ειναι το κυριως, με συνεχομενο εξοπλισμενο μπανιο  εσωτερικα. Τα αλλα δυο υπνοδωματια μοιραζονται ενα εξοπλισμενο μπανιο με μπανιερα-τζακουζι και ντουζιέρα. Τα πατωματα ειναι παντου ξυλινα εξαιρετικης ποιοτητος και οι πορτες επισης. Επισης υπαρχει και ενα μικρο κουζινακι. Η βεραντα ειναι πολυ φαρδια με τεντες ηλεκτροκινητες, διπλα παραθυρα με σιτες και θεα στο πρασινο της περιοχης. Ανεβαινοντας στον πανω οροφο- ρετιρε, με την χρηση εσωτερικης μαρμαρινης σκαλας βλεπουμε ενα φωτεινο υπερυψωμενο σαλονι, με τζακι, τον χωρο της τραπεζαριας που ειναι πολυ φωτεινος και ευρυχωρος και μια μοντερνα εξοπλισμενη κουζινα, ανοιχτη στον χωρο, με φαρδυ παραθυρο που βλεπει στην θαλασσα. Οι παγκοι ειναι φτιαγμενοι απο υλικο corian και υπαρχει κεραμικη εστια, φουρνος, απορροφητηρας και φουρνος μικροκυματων. Τα πατωματα ειναι ξύλινα και μαρμαρινα. και προσβαση σε πολυ φαρδια βεραντα με θεα στο πρασινο της περιοχης. Τα τζαμια πολλα, διπλα, με σίτες και τα ρολα ηλεκτροκινητα. Το πατωμα παντου απο ξυλο εξαιρετικης ποιοτητας. Υπαρχει επιπλεον και ενα πολυ μοντερνο μπανιο ξενων.<br />
Το αξιοσημείωτο εδω ειναι οτι υπαρχει αμεση προσβαση σε ιδιοκτητη ταρατσα-βεραντα, η οποια ειναι παρα πολυ φαρδια, με διακοσμητικες ζαρντινιερες και μια θεα στην θαλασσα αλλα και στο πρασινο της περιοχης, η οποια ειναι κυριολεκτικα αφοπλιστικη. Οι πορτες ειναι ασφαλειας, το συστημα συναγερμου ειναι ενεργο, η θερμανση ειναι αυτονομη με πετρελαιο αλλα υπαρχει αναμονη για φυσικο αεριο και λειτουργει επιπροσθέτως κεντρικη μοναδα κλιματισμου για ψυξη και θερμανση. Τελος τρεις θεσεις σταθμευσης σε πυλωτη, ηλιακος θερμοσιφωνας και θυροτηλεοραση.","800","1","0","1","7","1","1","2025-12-14","9","10","0","no","yes","0","Αθήνα - Νότια Προάστια (Αττική)","Γλυφάδα (Αθήνα - Νότια Προάστια)","1","105103","102","2208","102208","Double","1","1","0","0","1","1218835227","https://m2.spitogatos.gr/361749238_1600x1200.jpg?v=20130730","https://m2.spitogatos.gr/361749247_1600x1200.jpg?v=20130730","https://m3.spitogatos.gr/361749254_1600x1200.jpg?v=20130730","https://m2.spitogatos.gr/361749262_1600x1200.jpg?v=20130730","https://m3.spitogatos.gr/361749269_1600x1200.jpg?v=20130730","https://m1.spitogatos.gr/361749276_1600x1200.jpg?v=20130730","https://m2.spitogatos.gr/361749283_1600x1200.jpg?v=20130730","https://m3.spitogatos.gr/361749290_1600x1200.jpg?v=20130730","https://m2.spitogatos.gr/361749298_1600x1200.jpg?v=20130730","https://m2.spitogatos.gr/361749304_1600x1200.jpg?v=20130730","https://m1.spitogatos.gr/361749312_1600x1200.jpg?v=20130730","https://m2.spitogatos.gr/361749319_1600x1200.jpg?v=20130730","https://m1.spitogatos.gr/361749327_1600x1200.jpg?v=20130730","https://m1.spitogatos.gr/361749336_1600x1200.jpg?v=20130730","https://m2.spitogatos.gr/361749343_1600x1200.jpg?v=20130730","https://m2.spitogatos.gr/361749349_1600x1200.jpg?v=20130730","https://m2.spitogatos.gr/361749358_1600x1200.jpg?v=20130730","https://m3.spitogatos.gr/361749371_1600x1200.jpg?v=20130730","https://m3.spitogatos.gr/361749380_1600x1200.jpg?v=20130730","https://m2.spitogatos.gr/361749388_1600x1200.jpg?v=20130730","https://m1.spitogatos.gr/361749396_1600x1200.jpg?v=20130730","https://m2.spitogatos.gr/361749406_1600x1200.jpg?v=20130730","https://m2.spitogatos.gr/361749415_1600x1200.jpg?v=20130730","https://m3.spitogatos.gr/361749422_1600x1200.jpg?v=20130730","https://m2.spitogatos.gr/361749427_1600x1200.jpg?v=20130730","1","0","2","11","37.855255","2","1","23.761248","450","1","0","0","2026-08-01","0","0",,"0","1","2","4","2","1","1","0",,"0","0","0","2900",,,"0","0","0","0","15.26",,,"1","3","6","1","1","2010","0","1","3","0","1",,"0","190","1",,"Θεμιστοκλέους 44, Γλυφάδα 16674","0","1","0","2025-12-14","https://www.spitogatos.gr/en/property/1218835227",,"1","1","1989",,"residential"
"1","Ground Floor",,"vip","15",,,,,"0","1","0","0","2026-08-03","0","0","1","0","0",,,"house",,,"1","Ανακάλυψε τα καλύτερα σημεία της Γλυφάδας , με αυτό το εκλεπτυσμένο διαμέρισμα ενός υπνοδωματίου της Blueground. Προσφέρει μια πλήρως εξοπλισμένη κουζίνα, ένα ευρύχωρο καθιστικό. Επίσης, καθ’όλη τη διάρκεια της διαμονής σου θα έχεις τη δυνατότητα να επικοινωνήσεις εύκολα και άμεσα με την ομάδα υποστήριξης πελατών και να βρεις χρήσιμες πληροφορίες τόσο για το διαμέρισμά σου όσο και για τη γειτονιά μέσω της ειδικής mobile εφαρμογής.<br><br />
<br />
Η διαφημιζόμενη τιμή των €2,270/μήνα είναι η τιμή για 1 έτος, με ημερομηνία έναρξης Αυγούστου 2, 2026.<br />
<br>Οι τιμές διαφέρουν ανάλογα με τη διάρκεια παραμονής, την εποχικότητα και άλλους παράγοντες. Επισκεφθείτε τον ιστότοπό μας και εισάγετε τις ημερομηνίες διαμονής σας για να δείτε ενημερωμένες τιμές για την κράτησή σας. Η τιμή ισχύει μόνο με προκαταβολή· ενδέχεται να είναι υψηλότερη εάν πληρωθεί σε δόσεις.<br />
<br />
<b>Κλείστε αυτό το διαμέρισμα online!</b><br />
<br />
https://www.theblueground.com/p/furnished-apartments/ath-1307?utm_source=classified-4<br />
<br />
Aναβαθμίστε τη διαμονή σας με ένα πλήρως επιπλωμένο διαμέρισμα από τη Blueground:<br />
      – Επιπλωμένα σπίτια σε τιμές αντίστοιχες με τα ανεπίπλωτα<br />
      – Χωρίς κόστη εγκατάστασης ή αγοράς επίπλων - εξοικονομήστε χρόνο και χρήματα<br />
      – Έτοιμα για άμεση μετακόμιση - το μόνο που χρειάζεστε είναι η βαλίτσα σας<br />
<br />
<b>Ο χώρος</b><br><br />
Νιώσε σαν στο σπίτι σου σε αυτό το επιπλωμένο διαμέρισμα της Blueground με το μοναδικό design, τα μοντέρνα έπιπλα και την πλήρως εξοπλισμένη κουζίνα.<br />
Δες τις αγαπημένες σου ταινίες στη smart TV ή άκουσε δυνατά μουσική στα ασύρματα ηχεία τελευταίας τεχνολογίας. Ό,τι και να αποφασίσεις να κάνεις το μόνο σίγουρο είναι πως θα αγαπήσεις όλα όσα σου προσφέρει αυτό το άνετο διαμέρισμα.<br />
<br />
<b>Διαρρύθμιση δωματίων ύπνου</b><br />
    <br />
        Υπέρδιπλο κρεβάτι: 160 εκ.<br />
<br />
<b>Παροχές κτιρίου</b><br />
<br />
      Ασανσέρ<br />
      Πισίνα<br />
      Πλυντήριο<br />
<br />
<br />
<b>Άφιξη και συνεχής υποστήριξη πελατών</b><br><br />
Κατά τη διάρκεια της διαμονής σου, η ομάδα μας θα είναι διαθέσιμη για να σε βοηθήσει με οτιδήποτε χρειαστείς. Μέσω της ειδικής mobile εφαρμογής της Blueground έχεις συνεχή υποστήριξη, ενώ μπορείς ακόμη να προγραμματίσεις υπηρεσίες καθαρισμού, συντήρησης ή επισκευής, με το πάτημα ενός κουμπιού.<br />
<br />
<b>Ιδανική τοποθεσία</b><br />
<br />
Η Γλυφάδα είναι η μεγαλύτερη παραθαλάσσια γειτονιά της Αθηναϊκής Ριβιέρας, σε απόσταση μόλις 15 χιλιομέτρων από το κέντρο της πόλης. Πρόκειται για μια περιοχή με μπουτίκ σχεδιαστών, μοντέρνα καφέ, εστιατόρια υψηλών προδιαγραφών, αμμώδεις παραλίες και τέσσερις μαρίνες. Επιπλέον, εδώ βρίσκεται το πρώτο γήπεδο γκολφ στην Ελλάδα. Η Γλυφάδα θεωρείται μια από τις πιο διάσημες περιοχές για να μείνετε κοντά στην Αθήνα. Από εδώ μπορείτε να φτάσετε στο κέντρο της Αθήνας με το τραμ, το λεωφορείο ή το αυτοκίνητο.",,"1",,"1","5","0","0","2025-07-21","3",,"0","yes","no","1","Αθήνα - Νότια Προάστια (Αττική)","Γλυφάδα (Αθήνα - Νότια Προάστια)","1","105103","102","2208",,,"1","2","0","0","1","1217960627","https://m2.spitogatos.gr/359907550_1600x1200.jpg?v=20130730","https://m2.spitogatos.gr/359907565_1600x1200.jpg?v=20130730","https://m2.spitogatos.gr/359907583_1600x1200.jpg?v=20130730","https://m3.spitogatos.gr/359907599_1600x1200.jpg?v=20130730","https://m3.spitogatos.gr/359907617_1600x1200.jpg?v=20130730","https://m3.spitogatos.gr/359907632_1600x1200.jpg?v=20130730","https://m1.spitogatos.gr/359907645_1600x1200.jpg?v=20130730","https://m3.spitogatos.gr/359907662_1600x1200.jpg?v=20130730","https://m3.spitogatos.gr/359907677_1600x1200.jpg?v=20130730","https://m2.spitogatos.gr/359907691_1600x1200.jpg?v=20130730","https://m1.spitogatos.gr/359907708_1600x1200.jpg?v=20130730","https://m3.spitogatos.gr/359907725_1600x1200.jpg?v=20130730","https://m1.spitogatos.gr/359907744_1600x1200.jpg?v=20130730","https://m2.spitogatos.gr/359907763_1600x1200.jpg?v=20130730","https://m1.spitogatos.gr/359907783_1600x1200.jpg?v=20130730","https://m2.spitogatos.gr/359907802_1600x1200.jpg?v=20130730","https://m3.spitogatos.gr/359907824_1600x1200.jpg?v=20130730","https://m1.spitogatos.gr/359907843_1600x1200.jpg?v=20130730","https://m1.spitogatos.gr/359907861_1600x1200.jpg?v=20130730","https://m3.spitogatos.gr/359907878_1600x1200.jpg?v=20130730","https://m1.spitogatos.gr/359907891_1600x1200.jpg?v=20130730","https://m2.spitogatos.gr/359907904_1600x1200.jpg?v=20130730","https://m3.spitogatos.gr/359907917_1600x1200.jpg?v=20130730","https://m3.spitogatos.gr/359907929_1600x1200.jpg?v=20130730","https://m1.spitogatos.gr/359907939_1600x1200.jpg?v=20130730","0","0",,"0","37.86306","1","0","23.757366",,"0",,,"2026-08-01","0","0","1","0","0","1",,,"1","0","1",,"0","1","0","2270","2026-07-29 10:10:51","3","0","0","0","0","26.71","2340","true","1","3","6","1","1",,,,"1","0","1",,,"85","0",,"Filikis Eterias 7","1","1","0","2025-07-20","https://www.spitogatos.gr/en/property/1217960627","https://nodalview.com/s/0ZxsWBrGH28OGlqkp0Z2O_","0",,"2022",,
"1","1",,"vip","15",,,,,"0","0","0","0","2026-08-03","0","0","1","0","0",,,"house",,,"1","Νιώσε σαν στο σπίτι σου, όπου και αν επιλέξεις να μείνεις με την Blueground. Θα λατρέψεις αυτό το κομψά επιπλωμένο διαμέρισμα τριών υπνοδωματίων, για τη διακόσμησή του, την πλήρως εξοπλισμένη κουζίνα και το ελκυστικό καθιστικό του. Βρίσκεται σε ιδανική τοποθεσία, κοντά σε όλα όσα έχει να σου προσφέρει η Γλυφάδα!<br><br />
<br />
Η διαφημιζόμενη τιμή των €1,550/μήνα είναι η τιμή για 1 έτος, με ημερομηνία έναρξης Αυγούστου 2, 2026. Η χαμηλότερη διαθέσιμη τιμή είναι €1,240/μήνα για μίσθωση 2 μήνα(μηνών) και 28 ημέρας(ημερών) με ημερομηνία έναρξης Αυγούστου 2, 2026.<br />
<br>Οι τιμές διαφέρουν ανάλογα με τη διάρκεια παραμονής, την εποχικότητα και άλλους παράγοντες. Επισκεφθείτε τον ιστότοπό μας και εισάγετε τις ημερομηνίες διαμονής σας για να δείτε ενημερωμένες τιμές για την κράτησή σας. Η τιμή ισχύει μόνο με προκαταβολή· ενδέχεται να είναι υψηλότερη εάν πληρωθεί σε δόσεις.<br />
<br />
<b>Κλείστε αυτό το διαμέρισμα online!</b><br />
<br />
https://www.theblueground.com/p/furnished-apartments/ath-1063?utm_source=classified-4<br />
<br />
Aναβαθμίστε τη διαμονή σας με ένα πλήρως επιπλωμένο διαμέρισμα από τη Blueground:<br />
      – Επιπλωμένα σπίτια σε τιμές αντίστοιχες με τα ανεπίπλωτα<br />
      – Χωρίς κόστη εγκατάστασης ή αγοράς επίπλων - εξοικονομήστε χρόνο και χρήματα<br />
      – Έτοιμα για άμεση μετακόμιση - το μόνο που χρειάζεστε είναι η βαλίτσα σας<br />
<br />
<b>Ο χώρος</b><br><br />
Νιώσε σαν στο σπίτι σου σε αυτό το επιπλωμένο διαμέρισμα της Blueground με το μοναδικό design, τα μοντέρνα έπιπλα και την πλήρως εξοπλισμένη κουζίνα.<br />
Δες τις αγαπημένες σου ταινίες στη smart TV ή άκουσε δυνατά μουσική στα ασύρματα ηχεία τελευταίας τεχνολογίας. Ό,τι και να αποφασίσεις να κάνεις το μόνο σίγουρο είναι πως θα αγαπήσεις όλα όσα σου προσφέρει αυτό το κομψό διαμέρισμα.<br />
<br />
<b>Διαρρύθμιση δωματίων ύπνου</b><br />
    <br />
        Μονό κρεβάτι: 90 εκ.<br />
<br />
        Υπέρδιπλο κρεβάτι: 160 εκ.<br />
<br />
        Διπλό κρεβάτι: 140 εκ.<br />
<br />
<b>Παροχές κτιρίου</b><br />
<br />
      Πλυντήριο<br />
      Επιτρέπονται κατοικίδια<br />
<br />
<br />
<b>Άφιξη και συνεχής υποστήριξη πελατών</b><br><br />
Κατά τη διάρκεια της διαμονής σου, η ομάδα μας θα είναι διαθέσιμη για να σε βοηθήσει με οτιδήποτε χρειαστείς. Μέσω της ειδικής mobile εφαρμογής της Blueground έχεις συνεχή υποστήριξη, ενώ μπορείς ακόμη να προγραμματίσεις υπηρεσίες καθαρισμού, συντήρησης ή επισκευής, με το πάτημα ενός κουμπιού.<br />
<br />
<b>Ιδανική τοποθεσία</b><br />
<br />
Η Γλυφάδα είναι η μεγαλύτερη παραθαλάσσια γειτονιά της Αθηναϊκής Ριβιέρας, σε απόσταση μόλις 15 χιλιομέτρων από το κέντρο της πόλης. Πρόκειται για μια περιοχή με μπουτίκ σχεδιαστών, μοντέρνα καφέ, εστιατόρια υψηλών προδιαγραφών, αμμώδεις παραλίες και τέσσερις μαρίνες. Επιπλέον, εδώ βρίσκεται το πρώτο γήπεδο γκολφ στην Ελλάδα. Η Γλυφάδα θεωρείται μια από τις πιο διάσημες περιοχές για να μείνετε κοντά στην Αθήνα. Από εδώ μπορείτε να φτάσετε στο κέντρο της Αθήνας με το τραμ, το λεωφορείο ή το αυτοκίνητο.",,"1",,"0","4","0","0","2026-06-13","6",,"0","yes","no","0","Αθήνα - Νότια Προάστια (Αττική)","Γλυφάδα (Αθήνα - Νότια Προάστια)","1","105103","102","2208","102208",,"1","1","0","0","1","1220112777","https://m3.spitogatos.gr/359905556_1600x1200.jpg?v=20130730","https://m1.spitogatos.gr/359905575_1600x1200.jpg?v=20130730","https://m1.spitogatos.gr/359905611_1600x1200.jpg?v=20130730","https://m1.spitogatos.gr/359905626_1600x1200.jpg?v=20130730","https://m1.spitogatos.gr/359905641_1600x1200.jpg?v=20130730","https://m1.spitogatos.gr/359905662_1600x1200.jpg?v=20130730","https://m2.spitogatos.gr/359905681_1600x1200.jpg?v=20130730","https://m2.spitogatos.gr/359905708_1600x1200.jpg?v=20130730","https://m1.spitogatos.gr/359905725_1600x1200.jpg?v=20130730","https://m2.spitogatos.gr/359905744_1600x1200.jpg?v=20130730","https://m2.spitogatos.gr/359905765_1600x1200.jpg?v=20130730","https://m3.spitogatos.gr/359905781_1600x1200.jpg?v=20130730","https://m1.spitogatos.gr/359905800_1600x1200.jpg?v=20130730","https://m3.spitogatos.gr/359905817_1600x1200.jpg?v=20130730","https://m1.spitogatos.gr/359905833_1600x1200.jpg?v=20130730","https://m3.spitogatos.gr/359905850_1600x1200.jpg?v=20130730","https://m1.spitogatos.gr/359905893_1600x1200.jpg?v=20130730","https://m1.spitogatos.gr/359905929_1600x1200.jpg?v=20130730","https://m3.spitogatos.gr/359905952_1600x1200.jpg?v=20130730","https://m3.spitogatos.gr/359905973_1600x1200.jpg?v=20130730","https://m3.spitogatos.gr/359905988_1600x1200.jpg?v=20130730","https://m3.spitogatos.gr/359906003_1600x1200.jpg?v=20130730","https://m3.spitogatos.gr/359906027_1600x1200.jpg?v=20130730","https://m3.spitogatos.gr/359906045_1600x1200.jpg?v=20130730","https://m2.spitogatos.gr/359906056_1600x1200.jpg?v=20130730","0","0",,"0","37.873993","1","0","23.755552",,"0",,,"2026-08-01","0","0",,"0","1","1",,,"1","0","0","1","0","0","0","1550","2026-07-20 09:40:39","13","0","0","0","0","11.07","1780","true","1","3","6","1","1",,,,"3","0","1",,,"140","0",,"Likourgou 37","1","1","0","2026-06-13","https://www.spitogatos.gr/en/property/1220112777","https://nodalview.com/cD29BQPTP261pNbt4YD6s1JQ","0",,"1987",,
"1","4","no","vip","15",,,,,"0","0","0","0","2026-07-24","0","0","1","20","1","0",,"house","0","1","0","Εσωτερικός κωδικός: E.GLY1001450<br />
<br />
🏡 Επιπλωμένο Διαμέρισμα προς Ενοικίαση – Γλυφάδα, Κέντρο (Κάτω Γλυφάδα)<br />
💰 Τιμή: €1.450<br />
<br />
Πλήρως επιπλωμένο και ανακαινισμένο διαμέρισμα 100 τ.μ. στον 4ο όροφο, σε προνομιακή τοποθεσία στο κέντρο της Γλυφάδας. Το ακίνητο συνδυάζει σύγχρονη αισθητική, άνετους χώρους και εξαιρετική λειτουργικότητα, προσφέροντας μια μοναδική εμπειρία διαμονής λίγα μόλις λεπτά από τη θάλασσα, την αγορά και τα κορυφαία καταστήματα και εστιατόρια της περιοχής.<br />
<br />
Αποτελεί ιδανική επιλογή για όσους αναζητούν μια ποιοτική κατοικία σε μία από τις πιο δημοφιλείς περιοχές της Αθηναϊκής Ριβιέρας.<br />
<br />
📐 Χαρακτηριστικά Ακινήτου:<br />
• Εμβαδόν: 98 τ.μ.<br />
• Όροφος: 4ος<br />
• 2 Υπνοδωμάτια<br />
• 1 Μπάνιο<br />
• 1 WC<br />
• 1 Κουζίνα<br />
• 1 Σαλόνι<br />
• Οικόπεδο: 500 τ.μ.<br />
• Έτος κατασκευής: 1980<br />
• Ανακαίνιση: 2024<br />
• Κατάσταση: Ανακαινισμένο<br />
• Δάπεδα: Πλακάκια & Ξύλο<br />
• Κουφώματα αλουμινίου με διπλά τζάμια<br />
• Ενεργειακό Πιστοποιητικό: Δ<br />
<br />
🔥 Παροχές & Εξοπλισμός:<br />
• Αυτόνομη θέρμανση πετρελαίου<br />
• Κλιματισμός<br />
• Πλήρως επιπλωμένο<br />
• Ηλεκτρικές συσκευές<br />
<br />
✨ Πλεονεκτήματα:<br />
• Προσόψεως<br />
• Φωτεινό, ευάερο και ευήλιο<br />
• Πολυτελής και μοντέρνα αισθητική<br />
• Ανατολικομεσημβρινός προσανατολισμός<br />
• Ανοιχτωσιά και ανεμπόδιστη θέα<br />
• Σίτες<br />
• Ασανσέρ<br />
• Πόρτα ασφαλείας<br />
• Ήσυχη γειτονιά<br />
• Άνετη βεράντα<br />
<br />
📍 Τοποθεσία:<br />
Το ακίνητο βρίσκεται στο κέντρο της Κάτω Γλυφάδας, σε εξαιρετικό σημείο, κοντά σε συγκοινωνίες, πάρκα, super market, εμπορικό κέντρο, αγορά και τη θάλασσα. Η τοποθεσία προσφέρει άμεση πρόσβαση σε όλες τις καθημερινές ανέσεις, καθώς και στα καταστήματα, τα καφέ και τα εστιατόρια που κάνουν τη Γλυφάδα έναν από τους πιο δημοφιλείς προορισμούς της Αθηναϊκής Ριβιέρας.<br />
<br />
🌐 Περισσότερα ακίνητα και πληροφορίες: www.bestdealestate.com<br />
<br />
📞 Επικοινωνία: +30 210 895 8054 / +30 693 7155747 / +30 693 700 2113<br />
<br />
📧 Email: info@bestdealestate.com<br />
<br />
📌 Σημαντική Σημείωση:<br />
Η τοποθεσία στον χάρτη είναι ενδεικτική και δεν αντιστοιχεί στην ακριβή διεύθυνση του ακινήτου. Για την υπόδειξη απαιτείται η επίδειξη ταυτότητας και ΑΦΜ, σύμφωνα με τον Ν. 4072/11-4-2012 (ΦΕΚ 86 Α).",,,"0","1","6","1","1","2026-07-24","9","10","0","yes","no","0","Αθήνα - Νότια Προάστια (Αττική)","Γλυφάδα (Αθήνα - Νότια Προάστια)","1","105103","102","2208","102208","Double","1","1","0","1","1","1220481461","https://m3.spitogatos.gr/363132710_1600x1200.jpg?v=20130730","https://m2.spitogatos.gr/363137560_1600x1200.jpg?v=20130730","https://m2.spitogatos.gr/363137566_1600x1200.jpg?v=20130730","https://m3.spitogatos.gr/363137570_1600x1200.jpg?v=20130730","https://m3.spitogatos.gr/363137573_1600x1200.jpg?v=20130730","https://m2.spitogatos.gr/363137575_1600x1200.jpg?v=20130730","https://m2.spitogatos.gr/363137578_1600x1200.jpg?v=20130730","https://m2.spitogatos.gr/363137581_1600x1200.jpg?v=20130730","https://m2.spitogatos.gr/363137584_1600x1200.jpg?v=20130730","https://m1.spitogatos.gr/363137586_1600x1200.jpg?v=20130730","https://m1.spitogatos.gr/363137589_1600x1200.jpg?v=20130730","https://m3.spitogatos.gr/363137591_1600x1200.jpg?v=20130730","https://m2.spitogatos.gr/363136837_1600x1200.jpg?v=20130730","https://m2.spitogatos.gr/363137593_1600x1200.jpg?v=20130730","https://m3.spitogatos.gr/363137594_1600x1200.jpg?v=20130730","https://m2.spitogatos.gr/363137596_1600x1200.jpg?v=20130730","https://m3.spitogatos.gr/363137597_1600x1200.jpg?v=20130730","https://m2.spitogatos.gr/363137599_1600x1200.jpg?v=20130730","https://m2.spitogatos.gr/363137602_1600x1200.jpg?v=20130730","https://m1.spitogatos.gr/363137604_1600x1200.jpg?v=20130730","https://m2.spitogatos.gr/363137608_1600x1200.jpg?v=20130730","https://m3.spitogatos.gr/363137612_1600x1200.jpg?v=20130730","https://m1.spitogatos.gr/363137616_1600x1200.jpg?v=20130730","https://m1.spitogatos.gr/363137625_1600x1200.jpg?v=20130730",,"0","0","2","1","37.862373","1","1","23.756958","500","1","0","0","2026-08-01","0","0",,"0","1","1",,"3","0","0","1",,"0","0","0","1450",,,"0","0","0","0","14.5",,,"1","3","6","1","1","2024","0","1","2","0","1",,"0","100","0",,,"1","1","0","2026-07-24","https://www.spitogatos.gr/en/property/1220481461","https://vtours.pepita.io/spitogatos/6642b06c-5572-4044-8bbd-ad24b552d079","1","0","1980","rL1WH6trxJ8","residential"
"1","2","no","vip","15",,,,,"0","1","0","0","2026-07-23","0","0","1","25","1","0",,"house","0","1","0","Εσωτερικός κωδικός: E.GOLF1452600<br />
<br />
🏡 Διαμέρισμα προς Ενοικίαση – Γλυφάδα, Γκολφ<br />
💰 Τιμή: €2.600<br />
<br />
Πολυτελές και πλήρως ανακαινισμένο διαμέρισμα 145 τ.μ. στον 2ο όροφο, σε μία από τις πιο προνομιακές περιοχές της Γλυφάδας, κοντά στο Γκολφ. Το ακίνητο διαθέτει μοντέρνα αισθητική, υψηλή ποιότητα κατασκευής και άνετους χώρους, προσφέροντας ένα ιδανικό περιβάλλον διαβίωσης στα νότια προάστια.<br />
<br />
Η κατοικία είναι επιπλωμένη και συνδυάζει την άνεση με την κομψότητα, ενώ η θέα προς τη θάλασσα και η ανοιχτωσιά δημιουργούν μια μοναδική αίσθηση χαλάρωσης και πολυτέλειας.<br />
<br />
📐 Χαρακτηριστικά Ακινήτου:<br />
• Εμβαδόν: 145 τ.μ.<br />
• Όροφος: 2ος<br />
• 3 Υπνοδωμάτια<br />
• 2 Μπάνια<br />
• 1 Κουζίνα<br />
• 1 Σαλόνι<br />
• Θέση στάθμευσης: 1 (υπόγειος χώρος)<br />
• Αποθήκη<br />
• Οικόπεδο: 500 τ.μ.<br />
• Έτος κατασκευής: 2000<br />
• Κατάσταση: Ανακαινισμένο<br />
• Δάπεδα: Πλακάκια & Ξύλο<br />
• Κουφώματα αλουμινίου με διπλά τζάμια<br />
• Ενεργειακό Πιστοποιητικό: Α+<br />
<br />
🔥 Παροχές & Εξοπλισμός:<br />
• Αυτόνομη θέρμανση πετρελαίου<br />
• Κλιματισμός<br />
• Ηλιακός θερμοσίφωνας<br />
• Ηλεκτρικές συσκευές<br />
<br />
✨ Πλεονεκτήματα:<br />
• Επιπλωμένο<br />
• Φωτεινό, ευάερο και ευήλιο<br />
• Πολυτελής και μοντέρνα αισθητική<br />
• Ανατολικομεσημβρινός προσανατολισμός<br />
• Θέα θάλασσα και ανοιχτωσιά<br />
• Σίτες<br />
• Ηλεκτρικές συσκευές<br />
• Αποθήκη<br />
• Πόρτα ασφαλείας<br />
• Συναγερμός<br />
• Ήσυχη γειτονιά<br />
• Άνετη βεράντα<br />
<br />
📍 Τοποθεσία:<br />
Το ακίνητο βρίσκεται σε εξαιρετικό σημείο στη Γλυφάδα - Γκολφ, κοντά σε συγκοινωνίες, πάρκα, super market, αγορά και το κέντρο της Γλυφάδας. Η περιοχή προσφέρει υψηλή ποιότητα ζωής, εύκολη πρόσβαση σε όλες τις καθημερινές ανέσεις και άμεση σύνδεση με τη θάλασσα και την Αθηναϊκή Ριβιέρα.<br />
<br />
🌐 Περισσότερα ακίνητα και πληροφορίες: www.bestdealestate.com<br />
<br />
📞 Επικοινωνία: +30 210 895 8054 / +30 693 7155747 / +30 693 700 2113<br />
📧 Email: info@bestdealestate.com<br />
<br />
📌 Σημαντική Σημείωση:<br />
Η τοποθεσία στον χάρτη είναι ενδεικτική και δεν αντιστοιχεί στην ακριβή διεύθυνση του ακινήτου. Για την υπόδειξη απαιτείται η επίδειξη ταυτότητας και ΑΦΜ, σύμφωνα με τον Ν. 4072/11-4-2012 (ΦΕΚ 86 Α).",,,"0","0","1","0","1","2026-07-23","7","10","0","yes","yes","0","Αθήνα - Νότια Προάστια (Αττική)","Γλυφάδα (Αθήνα - Νότια Προάστια)","1","105103","102","2208","106293","Double","1","1","0","1","1","1220462277","https://m1.spitogatos.gr/363166305_1600x1200.jpg?v=20130730","https://m2.spitogatos.gr/363166306_1600x1200.jpg?v=20130730","https://m3.spitogatos.gr/363166307_1600x1200.jpg?v=20130730","https://m1.spitogatos.gr/363166308_1600x1200.jpg?v=20130730","https://m2.spitogatos.gr/363166309_1600x1200.jpg?v=20130730","https://m3.spitogatos.gr/363166310_1600x1200.jpg?v=20130730","https://m1.spitogatos.gr/363166311_1600x1200.jpg?v=20130730","https://m2.spitogatos.gr/363166312_1600x1200.jpg?v=20130730","https://m3.spitogatos.gr/363166313_1600x1200.jpg?v=20130730","https://m1.spitogatos.gr/363166314_1600x1200.jpg?v=20130730","https://m2.spitogatos.gr/363166315_1600x1200.jpg?v=20130730","https://m3.spitogatos.gr/363166316_1600x1200.jpg?v=20130730","https://m3.spitogatos.gr/363166412_1600x1200.jpg?v=20130730","https://m1.spitogatos.gr/363166413_1600x1200.jpg?v=20130730","https://m2.spitogatos.gr/363166414_1600x1200.jpg?v=20130730","https://m1.spitogatos.gr/363166416_1600x1200.jpg?v=20130730","https://m2.spitogatos.gr/363166417_1600x1200.jpg?v=20130730","https://m1.spitogatos.gr/363166419_1600x1200.jpg?v=20130730","https://m2.spitogatos.gr/363166420_1600x1200.jpg?v=20130730","https://m1.spitogatos.gr/363166422_1600x1200.jpg?v=20130730",,,,,,"0","0","2","1","37.875854","1","1","23.745035","500","1","0","0","2026-08-01","0","0",,"0","0","2",,"3","0","0","1",,"0","0","0","2600",,,"0","0","0","0","17.93",,,"1","3","6","1","1",,"0","1","3","0","1",,"1","145","1","10",,"1","1","0","2026-07-23","https://www.spitogatos.gr/en/property/1220462277","https://vtours.pepita.io/spitogatos/b6b176f8-940c-454f-9aba-4b3d3ce60cfd","1","0","2000","rL1WH6trxJ8","residential"
"1","3","no","vip","15",,,,,"0","1","0","0","2026-06-12","0","1","0","0","1","0",,"house",,,"0","Κωδικός ακινήτου: 29376 - Γλυφάδα Κάτω Γλυφάδα  ΕΝΟΙΚΙΑΖΕΤΑΙ   ανακαινισμένο  διαμέρισμα  στον 3 ο όροφο συνολικής επιφάνειας 125.00 τ.μ.  . Αποτελείται από 2 υπνοδωμάτια, σαλόνι, κουζίνα, 2 μπάνια . Είναι κατασκευασμένο το 1980 με ενεργειακή κλάση Γ και ανακαινίστηκε το 2010. Διαθέτει θέρμανση ατομική - πετρέλαιο, θέα σε ανοιχτό ορίζοντα, κουφώματα αλουμινίου, πατώματα από μάρμαρο και ξύλο, πόρτα ασφαλείας με τρίαινα, εντοιχιζόμενες ντουλάπες, ανελκυστήρα, πάρκινγκ, αποθήκη , τζάκι, A/C, συναγερμό, ηλεκτρικές συσκευές, τέντες, σίτες, ανοιχτωσιά      - Τιμή: 2.200 €  <br> <br>Σημείωση: Το σημείο στο χάρτη είναι ενδεικτικό δεν καθορίζει την πραγματική διεύθυνση του ακινήτου!<br />
<br />
Προσοχή: Για την υπόδειξη του ακινήτου είναι απαραίτητη η υπόδειξη της αστυνομικής ταυτότητας και του Α.Φ.Μ. σας σύμφωνα με τον Ν.4072/11-4-2012 ΦΕΚ 86Α",,,,"1","5","1","1","2026-06-12","8","6","0","no","yes","0","Αθήνα - Νότια Προάστια (Αττική)","Γλυφάδα (Αθήνα - Νότια Προάστια)","1","105103","102","2208","102208","Single","4","1","0","0","1","1220111215","https://m1.spitogatos.gr/357070017_1600x1200.jpg?v=20130730","https://m2.spitogatos.gr/357070033_1600x1200.jpg?v=20130730","https://m2.spitogatos.gr/357070045_1600x1200.jpg?v=20130730","https://m1.spitogatos.gr/357070053_1600x1200.jpg?v=20130730","https://m3.spitogatos.gr/357070058_1600x1200.jpg?v=20130730","https://m1.spitogatos.gr/357070068_1600x1200.jpg?v=20130730","https://m1.spitogatos.gr/357070071_1600x1200.jpg?v=20130730","https://m3.spitogatos.gr/357070073_1600x1200.jpg?v=20130730","https://m2.spitogatos.gr/357070081_1600x1200.jpg?v=20130730","https://m1.spitogatos.gr/357070095_1600x1200.jpg?v=20130730","https://m1.spitogatos.gr/357070098_1600x1200.jpg?v=20130730","https://m2.spitogatos.gr/357070108_1600x1200.jpg?v=20130730","https://m3.spitogatos.gr/357070112_1600x1200.jpg?v=20130730","https://m3.spitogatos.gr/357070139_1600x1200.jpg?v=20130730","https://m3.spitogatos.gr/357070157_1600x1200.jpg?v=20130730","https://m2.spitogatos.gr/357070165_1600x1200.jpg?v=20130730","https://m3.spitogatos.gr/357070169_1600x1200.jpg?v=20130730","https://m2.spitogatos.gr/357070171_1600x1200.jpg?v=20130730","https://m3.spitogatos.gr/357070199_1600x1200.jpg?v=20130730","https://m3.spitogatos.gr/357070211_1600x1200.jpg?v=20130730","https://m2.spitogatos.gr/357070213_1600x1200.jpg?v=20130730","https://m1.spitogatos.gr/357070218_1600x1200.jpg?v=20130730",,,,"0","0","2","1","37.857334",,"1","23.757698",,"0",,,"2026-07-31","0","0",,"0","0","2",,,"0","0","1",,"0","0","0","2200",,,"0","0","0","0","17.6",,,"1","3","6","1","1","2010","0","1","2","0","1",,"0","125","1",,,"0","1","0","2026-06-12","https://www.spitogatos.gr/en/property/1220111215",,"1","1","1980",,"residential"
"1","2","no","vip","15",,,,,"0","0","0","0","2026-07-31","0","1","1","0","1","0",,"house",,"45","0","Κωδικός ακινήτου: 838600 - Γλυφάδα Άνω Γλυφάδα  ΕΝΟΙΚΙΑΖΕΤΑΙ     διαμέρισμα  στον 2 ο όροφο συνολικής επιφάνειας 54.00 τ.μ.  . Αποτελείται από 2 υπνοδωμάτια,  σαλοκουζίνα, μπάνιο . Είναι κατασκευασμένο το 2002 με ενεργειακή κλάση Δ  και διαθέτει θέρμανση αυτόνομη - φυσικού αερίου, θέα σε αστικό τοπίο, κουφώματα αλουμινίου, πατώματα από πλακάκι και ξύλο, πόρτα θωρακισμένη, εντοιχιζόμενες ντουλάπες, ανελκυστήρα, κήπο, A/C, ηλεκτρικές συσκευές, τέντες, σίτες, διπλά τζάμια, ηλιακό θερμοσίφωνα, δορυφορική κεραία, θυροτηλεόραση, ανοιχτωσιά      - Τιμή: 750 €  <br>Το ακίνητο βρίσκεται σε ήσυχη γειτονιά δίπλα σε συγκοινωνίες, καταστήματα και χώρους εστίασης. Διαθέτει μεγάλη βεράντα για στιγμές χαλάρωσης, φωτεινούς και άνετους χώρους και πολύ λειτουργική διαρρύθμιση. Η κουζίνα είναι εξοπλισμένη με ψυγείο, πλυντήριο πιάτων και ηλεκτρική κουζίνα και επίσης το διαμέρισμα μπορεί να δοθεί με επίπλωση αλλά και χωρίς έπιπλα. Ένα όμορφο περιποιημένο διαμέρισμα που αποτελεί ιδανική επιλογή για ένα άτομο αλλά και ζευγάρι, προσφέροντας άνεση και ποιοτική διαβίωση σε μία από τις πιο περιζήτητες περιοχές της Γλυφάδας.  <br>Η τοποθεσία του ακινήτου εμφανίζεται στον χάρτη κατά προσέγγιση.Poreia Real Estate, Τηλ. Επικοινωνίας: 2291078133 , email: info@poreiarealestate.gr /  www.poreiarealestate.gr",,,,"1","6","0","0","2026-07-31","7","10","0","no","no","1","Αθήνα - Νότια Προάστια (Αττική)","Γλυφάδα (Αθήνα - Νότια Προάστια)","1","105103","102","2208","117611","Double","1","2","0","0","1","1220543778","https://m2.spitogatos.gr/364141975_1600x1200.jpg?v=20130730","https://m3.spitogatos.gr/364141976_1600x1200.jpg?v=20130730","https://m1.spitogatos.gr/364141977_1600x1200.jpg?v=20130730","https://m2.spitogatos.gr/364141978_1600x1200.jpg?v=20130730","https://m3.spitogatos.gr/364141979_1600x1200.jpg?v=20130730","https://m3.spitogatos.gr/364141982_1600x1200.jpg?v=20130730","https://m1.spitogatos.gr/364141986_1600x1200.jpg?v=20130730","https://m1.spitogatos.gr/364141989_1600x1200.jpg?v=20130730","https://m2.spitogatos.gr/364141990_1600x1200.jpg?v=20130730","https://m3.spitogatos.gr/364141991_1600x1200.jpg?v=20130730","https://m1.spitogatos.gr/364141992_1600x1200.jpg?v=20130730",,,,,,,,,,,,,,,"0","0","2","1","37.888584","1","1","23.772398",,"1",,,"2026-07-31","0","0",,"0","0","1","3","5","1","0","1",,"0","0","0","750",,,"0","0","0","0","13.89",,,"1","3","6","1","0",,"0","2","2","1","1",,"1","54","0",,,"1","1","0","2026-07-31","https://www.spitogatos.gr/en/property/1220543778",,"1","0","2002","rIgt3f3UQpQ","residential"
"1","3","no","vip","15",,,,,"0","1","1","0","2026-06-10","0","0","0","0","0","0",,"house","0",,"0","Πλήρως επιπλωμένο ρετιρέ, σε 2 επίπεδα, 142 τ.μ. βρίσκεται σε άριστη κατάσταση και είναι έτοιμο προς κατοίκηση, αποτελώντας μέρος boutique πολυκατοικίας με συνολικά τρεις κατοικίες. Βρίσκεται στο Πυρνάρι της Γλυφάδας, μία από τις πιο περιζήτητες περιοχές, πολύ κοντά σε εμπορικό δρόμο και με εύκολη πρόσβαση σε καταστήματα και υπηρεσίες. Από τη βασική βεράντα προσφέρεται όμορφη θέα στον Σαρωνικό, ιδανική για χαλάρωση. Ο 3ος όροφος διαθέτει φωτεινό καθιστικό με τζάκι, ενιαία κουζίνα και τραπεζαρία καθώς και master υπνοδωμάτιο με en-suite μπάνιο. Ο 4ος όροφος προσφέρει ησυχία με μεγάλη πίσω βεράντα και θέα στο βουνό, δύο υπνοδωμάτια με κοινό μπάνιο και ένα ακόμη master υπνοδωμάτιο με en-suite μπάνιο. Η κατοικία διαθέτει θέση στάθμευσης στην πιλοτή και αποθηκευτικό χώρο στο υπόγειο, προσφέροντας άνεση, λειτουργικότητα και υψηλή ποιότητα διαβίωσης.",,,"0","1","1","0","1","2026-06-10","8","10","0","yes","yes","0","Αθήνα - Νότια Προάστια (Αττική)","Γλυφάδα (Αθήνα - Νότια Προάστια)","1","105103","102","2208","106436","Double","1","13","0","0","1","1220091886","https://m3.spitogatos.gr/356768354_1600x1200.jpg?v=20130730","https://m3.spitogatos.gr/356768357_1600x1200.jpg?v=20130730","https://m3.spitogatos.gr/356768360_1600x1200.jpg?v=20130730","https://m1.spitogatos.gr/356768364_1600x1200.jpg?v=20130730","https://m3.spitogatos.gr/356768366_1600x1200.jpg?v=20130730","https://m3.spitogatos.gr/356768369_1600x1200.jpg?v=20130730","https://m3.spitogatos.gr/356768372_1600x1200.jpg?v=20130730","https://m2.spitogatos.gr/356768374_1600x1200.jpg?v=20130730","https://m3.spitogatos.gr/356768375_1600x1200.jpg?v=20130730","https://m1.spitogatos.gr/356768376_1600x1200.jpg?v=20130730","https://m2.spitogatos.gr/356768377_1600x1200.jpg?v=20130730","https://m3.spitogatos.gr/356768378_1600x1200.jpg?v=20130730","https://m1.spitogatos.gr/356768379_1600x1200.jpg?v=20130730","https://m2.spitogatos.gr/356768380_1600x1200.jpg?v=20130730","https://m3.spitogatos.gr/356768381_1600x1200.jpg?v=20130730","https://m1.spitogatos.gr/356768382_1600x1200.jpg?v=20130730","https://m2.spitogatos.gr/356768383_1600x1200.jpg?v=20130730","https://m3.spitogatos.gr/356768384_1600x1200.jpg?v=20130730","https://m1.spitogatos.gr/356768385_1600x1200.jpg?v=20130730","https://m2.spitogatos.gr/356768386_1600x1200.jpg?v=20130730","https://m3.spitogatos.gr/356768387_1600x1200.jpg?v=20130730","https://m1.spitogatos.gr/356768388_1600x1200.jpg?v=20130730",,,,"1","0","2","1","37.876522","2","0","23.769844",,"1","0","0","2026-07-31","0","0","1","0","0","3",,"12","0","1","0",,"0","0","0","3500",,,"0","0","0","0","24.65",,,"1","3","6","1","0",,"0",,"4","0","1",,"1","142","1",,,"0","3","0","2026-06-10","https://www.spitogatos.gr/en/property/1220091886",,"1","0","2022","3UduhFGrkt8","residential"
"1","3","no","vip","15",,,,,"1","0","0","0","2025-10-21","0","0","1","0","1","0",,"house","0",,"0","Στην καρδιά της Κάτω Γλυφάδας, αυτό το φωτεινό και καλαίσθητο διαμέρισμα 96 τ.μ. στον 4ο όροφο συνδυάζει ιδανικά την άνεση με την κομψότητα. Διαθέτει δύο ευρύχωρα υπνοδωμάτια και δύο μπάνια, ενώ ο ενιαίος χώρος του ενσωματώνει την κουζίνα, το σαλόνι με τζάκι και την τραπεζαρία, δημιουργώντας μια ζεστή και λειτουργική ατμόσφαιρα. Η μεγάλη βεράντα προσφέρει φυσικό φως και την άνεση του εξωτερικού χώρου.<br />
Το διαμέρισμα διαθέτει αυτόνομη θέρμανση, κλιματισμό και πόρτα ασφαλείας, ενώ συνοδεύεται από μία υπόγεια θέση στάθμευσης και αποθήκη. Η τοποθεσία του είναι εξαιρετικά προνομιακή, σε κοντινή απόσταση από μέσα μαζικής μεταφοράς, εμπορικά καταστήματα, σχολεία, εμπορικό κέντρο και την παραλία. Ένα ακίνητο που συνδυάζει ποιότητα, πρακτικότητα και υψηλή αισθητική.<br />
Διατίθεται επιπλωμένο ή και χωρίς έπιπλα.",,,"0","1","5","0","1","2025-10-21","8","2","0","no","yes","1","Αθήνα - Νότια Προάστια (Αττική)","Γλυφάδα (Αθήνα - Νότια Προάστια)","1","105103","102","2208","102208",,"1",,"0","0","1","1218444851","https://m3.spitogatos.gr/348677603_1600x1200.jpg?v=20130730","https://m2.spitogatos.gr/348677605_1600x1200.jpg?v=20130730","https://m1.spitogatos.gr/348677607_1600x1200.jpg?v=20130730","https://m3.spitogatos.gr/330916157_1600x1200.jpg?v=20130730","https://m2.spitogatos.gr/330916162_1600x1200.jpg?v=20130730","https://m2.spitogatos.gr/330916168_1600x1200.jpg?v=20130730","https://m3.spitogatos.gr/330916175_1600x1200.jpg?v=20130730","https://m1.spitogatos.gr/330916185_1600x1200.jpg?v=20130730","https://m3.spitogatos.gr/330916193_1600x1200.jpg?v=20130730",,,,,,,,,,,,,,,,,"0","0","2","1","37.866482","1","1","23.745777",,"1","0","0","2026-07-31","0","0",,"0","0","2",,,"1","0","1",,"0","0","0","2000",,,"0","0","0","0","20.83",,,"1","6",,"1","0",,"0",,"2","0","1",,"0","96","1",,,"0","1","0","2025-10-21","https://www.spitogatos.gr/en/property/1218444851",,"0","0","2006",,"residential"
"0","Ground Floor","no","vip","15","Όλγα","32193","Στεφανίδου","6942201869","0","1","0","0","2026-05-22","0","0","1","0","1","0",,"house","0",,"0","Ενοικιάζεται νεόδμητη μεζονέτα 145 τ.μ. δύο επιπέδων (ισόγειο 80 τ.μ. και 1ος 65 τ.μ.) στη Γλυφάδα, κατασκευής 2025, σε εξαιρετική τοποθεσία κοντά σε μέσα μεταφοράς, αγορά και χώρους εστίασης. Το ακίνητο διαθέτει ιδιωτικό κήπο 170 τ.μ. με πισίνα 20 τ.μ., προσφέροντας ιδανικές συνθήκες άνεσης και ιδιωτικότητας. Αποτελείται από 3 υπνοδωμάτια (το ένα master), εκ των οποίων τα δύο βρίσκονται στον 1ο όροφο και το ένα στο ισόγειο, 2 μπάνια και ενιαίο χώρο σαλονιού-κουζίνας, ενώ τα δύο υπνοδωμάτια διαθέτουν walk-in closet. Υπάρχει επίσης χώρος για laundry και εσωτερική αποθήκη, καθώς και επιπλέον αποθήκη 15 τ.μ. και μία θέση στάθμευσης σε υπόγειο χώρο. Η θέρμανση είναι αυτόνομη με αντλία θερμότητας (fan coil) και ενδοδαπέδια, ενώ υπάρχουν και μονάδες κλιματισμού στα υπνοδωμάτια για ψύξη και θέρμανση. Διαθέτει ενεργειακό τζάκι, κουφώματα αλουμινίου με διπλά τζάμια, ηλεκτρικά ρολά, δρύινα πατώματα και πλακάκια στα μπάνια, ενώ η ενεργειακή του κλάση είναι Α+. Η κατοικία είναι φωτεινή, μοντέρνα και πλήρως εξοπλισμένη με ηλεκτρικές συσκευές, ενώ περιλαμβάνει επίσης εσωτερική σκάλα, πόρτα ασφαλείας, σύστημα συναγερμού και όμορφο διαμορφωμένο κήπο με δέντρα, αποτελώντας μια εξαιρετική επιλογή για ποιοτική διαβίωση.",,,"0","0","1","1","1","2026-05-22","3","2","0","no","yes","1","Αθήνα - Νότια Προάστια (Αττική)","Γλυφάδα (Αθήνα - Νότια Προάστια)","1","105103","102","2208",,"Double","1","9","1","0","1","1219932932","https://m1.spitogatos.gr/358535319_1600x1200.jpg?v=20130730","https://m1.spitogatos.gr/358535325_1600x1200.jpg?v=20130730","https://m3.spitogatos.gr/358535330_1600x1200.jpg?v=20130730","https://m2.spitogatos.gr/358535335_1600x1200.jpg?v=20130730","https://m3.spitogatos.gr/358535339_1600x1200.jpg?v=20130730","https://m1.spitogatos.gr/358535343_1600x1200.jpg?v=20130730","https://m3.spitogatos.gr/358535348_1600x1200.jpg?v=20130730","https://m2.spitogatos.gr/358535350_1600x1200.jpg?v=20130730","https://m3.spitogatos.gr/358535354_1600x1200.jpg?v=20130730","https://m2.spitogatos.gr/358535356_1600x1200.jpg?v=20130730","https://m2.spitogatos.gr/358535359_1600x1200.jpg?v=20130730","https://m1.spitogatos.gr/358535361_1600x1200.jpg?v=20130730","https://m1.spitogatos.gr/358535364_1600x1200.jpg?v=20130730","https://m3.spitogatos.gr/358535366_1600x1200.jpg?v=20130730","https://m3.spitogatos.gr/358535369_1600x1200.jpg?v=20130730","https://m3.spitogatos.gr/358535372_1600x1200.jpg?v=20130730","https://m3.spitogatos.gr/358535375_1600x1200.jpg?v=20130730","https://m3.spitogatos.gr/358535390_1600x1200.jpg?v=20130730","https://m2.spitogatos.gr/358535395_1600x1200.jpg?v=20130730","https://m1.spitogatos.gr/358535400_1600x1200.jpg?v=20130730","https://m2.spitogatos.gr/358535404_1600x1200.jpg?v=20130730","https://m2.spitogatos.gr/358535407_1600x1200.jpg?v=20130730",,,,"1","0","2","1","37.876297","2","1","23.754377",,"0","0","0","2026-07-31","0","0","1","0","0","2",,"1","0","0","0",,"0","1","0","4500",,,"0","0","0","0","31.03",,,"1","3","6","1","0",,"0","2","3","0","1",,"0","145","1",,,"0","3","0","2026-05-22","https://www.spitogatos.gr/en/property/1219932932",,"0","0","2025",,"residential"
"1","3","no","vip","15",,,,,"1","1","0","0","2026-07-27","0","0","1","0","0","0",,"house",,,"0","<br><strong>Πολυτελής μεζονέτα 170 τ.μ. | 3ου ορόφου | Γλυφάδα<br />
        Αττικής</strong><br />
<br />
Διατίθεται προς μακροχρόνια μίσθωση  μεζονέτα 170<br />
    τ.μ. στον 3ο όροφο εξαιρετικής πολυκατοικίας . Ο χώρος συνδυάζει υψηλή αισθητική, άρτια λειτουργικότητα και premium<br />
    εξοπλισμό, που σπάνια συναντάται σε ενοικιαζόμενο ακίνητο.<br />
<br />
<strong>Διαρρύθμιση:</strong> 3 υπνοδωμάτια | 2 καθιστικά | 1 κουζίνα<br />
    | 1 μπάνιο | 1 WC | 2 θέσεις στάθμευσης<br />
<br />
<strong>Χαρακτηριστικά:</strong><br />
<br />
<br />
    <strong>Εντυπωσιακά<br />
            μπαλκόνια</strong> με θέα στη θάλασσα και στο πράσινο <br />
    <strong>Τζάκι</strong><br />
        στο κύριο καθιστικό για ζεστές χειμωνιάτικες βραδιές<br />
    <strong>BBQ</strong><br />
        για υπαίθριες συγκεντρώσεις<br />
    <strong>Πλήρως<br />
            επιπλωμένο</strong> με γούστο <br />
    <strong>Σύγχρονη<br />
            κουζίνα</strong> εξοπλισμένη με premium συσκευές <br />
    <strong>Κλιματισμός</strong><br />
        σε όλους τους χώρους<br />
    <strong>2<br />
            θέσεις στάθμευσης</strong> στο κτίριο<br />
<br />
<br />
Ιδανικό για οικογένεια που αναζητά υψηλό επίπεδο διαμονής<br />
    στην πιο ζωντανή περιοχή του Νότου, με εύκολη πρόσβαση σε σχολεία, εμπορικά<br />
    κέντρα, εστιατόρια και θάλασσα.<br><br><br>-----------------------------------<strong>Luxury<br />
            Maisonette 170 m² | 3rd Floor | Glyfada, Athens</strong><br />
<br />
Available<br />
        for long-term rental: a stunning 170 m² maisonette on the 3rd floor  in a most convinient and peaceful neighborhood . This property combines<br />
        sophisticated design, excellent functionality, and premium finishes rarely<br />
        found in a rental.<br />
<br />
<strong>Layout:</strong> 3 bedrooms | 2 living rooms | 1<br />
        kitchen | 1 bathroom | 1 WC | 2 parking spaces<br />
<br />
<strong>Features:</strong><br />
<br />
<br />
    <strong>Spectacular balconies</strong> with sea views and lush garden<br />
            views <br />
    <strong>Fireplace</strong> in the main living room<br />
    <strong>BBQ</strong><br />
        area for outdoor entertaining<br />
    <strong>Fully furnished</strong> to a high standard with<br />
            quality furniture throughout<br />
    <strong>Modern kitchen</strong> equipped with premium<br />
            appliances <br />
    <strong>Air<br />
            conditioning</strong> throughout<br />
    <strong>2 dedicated parking spaces</strong> within the building<br />
<br />
<br />
Ideal for a<br />
        family seeking a premium lifestyle in one of Athens' most vibrant southern<br />
        suburbs, with easy access to schools, shopping centres, restaurants and the<br />
        sea. (closest metro station :Elliniko ) <br />
<br />
<br />
<br />
    <br />
<br />
<br />
<br />
For inquiries: re@premo.gr<br />
<br />
 <br> <br>με εκτίμηση,<br />
Γιώργος Μιχαηλίδης",,,,"0","4","0","0","2026-07-21","8","10","0","yes","yes","1","Αθήνα - Νότια Προάστια (Αττική)","Γλυφάδα (Αθήνα - Νότια Προάστια)","1","105103","102","2208","106436","Single","1","1","1","0","1","1220431775","https://m1.spitogatos.gr/362562558_1600x1200.jpg?v=20130730","https://m1.spitogatos.gr/362562570_1600x1200.jpg?v=20130730","https://m3.spitogatos.gr/362562581_1600x1200.jpg?v=20130730","https://m1.spitogatos.gr/362562591_1600x1200.jpg?v=20130730",,,,,,,,,,,,,,,,,,,,,,"0","0","2","1","37.871532","2","2","23.764645",,"1",,,"2026-07-31","0","0",,"0","1","1",,,"0","0","0","1","0","0","0","3500",,,"0","0","0","0","20.59",,,"1","3","6","1","0",,"0","1","3","0","1",,"1","170","0",,,"0","3","0","2026-07-21","https://www.spitogatos.gr/en/property/1220431775",,"1","0","2011",,"residential"
"1","4","no","vip","15",,,,,"1","0","0","0","2026-05-26","0","0","1","0","1","0",,"house","0",,"1","Διαμέρισμα Προς Ενοικίαση, όροφος: 4ος, στην περιοχή: Γλυφάδα - Άνω Γλυφάδα. Το εμβαδόν του ακινήτου είναι 57 τ.μ.. Αποτελείται από: 2 Υ/Δ, 1 μπάνιο/α, 1 κουζίνα/ες, 1 σαλόνι/α. Έχει κατασκευαστεί το 2018, ενώ επίσης διατίθεται Κλιματισμός, έχει κουφώματα Αλουμινίου με Διπλά τζάμια, ενεργειακό πιστοποιητικό: Β και τα δάπεδα είναι: Ξύλο. Η κατάστασή του είναι: Καταπληκτική, έχει θέα Θάλασσα. Το ακίνητο είναι Βαμμένο, Επιπλωμένο, Γωνιακό, Προσόψεως, Φωτεινό, Διαμπερές και επίσης διαθέτει τα παρακάτω χαρακτηριστικά και πλεονεκτήματα: Ασανσέρ, Ηλεκτρ. Συσκευές, Πόρτα Ασφαλείας, Θυροτηλεόραση, Επιτρέπονται Κατοικίδια. . Τιμή: €1.300. Apostolidis Real Estate, Τηλέφωνο Επικοινωνίας: 2108949186, email: apostolidisrealestate@gmail.com",,,"0","1","4","1","0","2026-05-26","9","2","0","yes","no","0","Αθήνα - Νότια Προάστια (Αττική)","Γλυφάδα (Αθήνα - Νότια Προάστια)","1","105103","102","2208","106436","Double",,,"0","0","1","1219952546","https://m1.spitogatos.gr/354657858_1600x1200.jpg?v=20130730","https://m2.spitogatos.gr/354657862_1600x1200.jpg?v=20130730","https://m3.spitogatos.gr/354657863_1600x1200.jpg?v=20130730","https://m3.spitogatos.gr/354657866_1600x1200.jpg?v=20130730","https://m3.spitogatos.gr/354657869_1600x1200.jpg?v=20130730","https://m2.spitogatos.gr/354657871_1600x1200.jpg?v=20130730","https://m1.spitogatos.gr/354657873_1600x1200.jpg?v=20130730","https://m2.spitogatos.gr/354657874_1600x1200.jpg?v=20130730","https://m1.spitogatos.gr/354657876_1600x1200.jpg?v=20130730","https://m3.spitogatos.gr/354657878_1600x1200.jpg?v=20130730","https://m2.spitogatos.gr/354657880_1600x1200.jpg?v=20130730","https://m1.spitogatos.gr/354657882_1600x1200.jpg?v=20130730","https://m2.spitogatos.gr/354657883_1600x1200.jpg?v=20130730","https://m1.spitogatos.gr/354657885_1600x1200.jpg?v=20130730","https://m3.spitogatos.gr/354657887_1600x1200.jpg?v=20130730","https://m2.spitogatos.gr/354657889_1600x1200.jpg?v=20130730","https://m3.spitogatos.gr/354657890_1600x1200.jpg?v=20130730","https://m2.spitogatos.gr/354657892_1600x1200.jpg?v=20130730","https://m1.spitogatos.gr/354657894_1600x1200.jpg?v=20130730","https://m3.spitogatos.gr/354657896_1600x1200.jpg?v=20130730","https://m1.spitogatos.gr/354657900_1600x1200.jpg?v=20130730","https://m3.spitogatos.gr/354657905_1600x1200.jpg?v=20130730","https://m1.spitogatos.gr/354657909_1600x1200.jpg?v=20130730","https://m2.spitogatos.gr/354657913_1600x1200.jpg?v=20130730","https://m3.spitogatos.gr/354657917_1600x1200.jpg?v=20130730","0","0","2","1","37.889713","1","1","23.762379",,"0","0","0","2026-07-31","0","0","1","0","0","1",,,"1","0","0","1","0","0","0","1300",,,"0","0","0","0","22.81",,,"1","3","6","1","0",,"0",,"2","0","1",,"0","57","0",,,"0","1","0","2026-05-26","https://www.spitogatos.gr/en/property/1219952546",,"1","0","2018","BK6lw914BpM","residential"
"1","2","no","vip","15","ΒΑΓΓΕΛΗΣ","43331","ΧΡΥΣΟΦΑΚΗΣ","+306982449424","1","1","0","0","2026-07-02","0","1","1","0","1","0","false","house","0","1","0","Πολυτελές Διαμέρισμα 157τ.μ. με Πανοραμική Θέα στο Golf Γλυφάδας<br />
Κωδικός Ακινήτου: 20289345<br />
<br />
Διατίθεται προς ενοικίαση ευρύχωρο διαμέρισμα 157 τ.μ. σε μία από τις πιο προνομιακές περιοχές της Γλυφάδας, με μοναδική θέα στο Golf. Πρόκειται για μία κατοικία που συνδυάζει άνεση, λειτουργικότητα και εξαιρετική τοποθεσία, ιδανική για οικογένειες ή επαγγελματίες που αναζητούν υψηλή ποιότητα διαβίωσης στα Νότια Προάστια.<br />
<br />
Το διαμέρισμα αναπτύσσεται σε ένα επίπεδο και διαθέτει τρία ευρύχωρα υπνοδωμάτια, μεγάλο και φωτεινό σαλόνι, ανεξάρτητη κουζίνα και δύο πλήρη μπάνια, προσφέροντας άνετους και λειτουργικούς χώρους για την καθημερινότητα.<br />
<br />
Η κατοικία ξεχωρίζει για τη μοναδική ανεμπόδιστη θέα προς το Golf Γλυφάδας, καθώς και για την εξαιρετική της θέση, με άμεση πρόσβαση στην αγορά της Γλυφάδας, σχολεία, μέσα μαζικής μεταφοράς, αθλητικές εγκαταστάσεις και την παραλιακή ζώνη.<br />
<br />
Χαρακτηριστικά Ακινήτου<br />
Εμβαδόν: 157 τ.μ.<br />
Τιμή: 1.400€/μήνα<br />
3 Υπνοδωμάτια<br />
1 Σαλόνι<br />
1 Κουζίνα<br />
2 Μπάνια<br />
Έτος κατασκευής: 1980<br />
Διαθέσιμο από: 02/07/2026<br />
Εξαιρετική θέα στο Golf Γλυφάδας<br />
Ιδανικό για οικογένεια ή στελέχη επιχειρήσεων<br />
Ήσυχη και ιδιαίτερα προνομιακή γειτονιά<br />
<br />
Ένα ακίνητο που προσφέρει άνετους χώρους, εξαιρετική τοποθεσία και μοναδική θέα, αποτελώντας μία εξαιρετική επιλογή για όσους επιθυμούν να κατοικήσουν σε μία από τις πιο περιζήτητες περιοχές της Αθηναϊκής Ριβιέρας.<br />
<br />
Sunny Group Real Estate<br />
6982449424<br />
www.sunnygroup.gr","9000",,"0","0","6","1","1","2026-07-02","7","4","0","no","no","1","Αθήνα - Νότια Προάστια (Αττική)","Γλυφάδα (Αθήνα - Νότια Προάστια)","1","105103","102","2208","106293","Double","1","1","0","0","1","1220289345","https://m2.spitogatos.gr/360233320_1600x1200.jpg?v=20130730","https://m3.spitogatos.gr/360233264_1600x1200.jpg?v=20130730","https://m2.spitogatos.gr/360233269_1600x1200.jpg?v=20130730","https://m2.spitogatos.gr/360233272_1600x1200.jpg?v=20130730","https://m2.spitogatos.gr/360233260_1600x1200.jpg?v=20130730","https://m3.spitogatos.gr/360233276_1600x1200.jpg?v=20130730","https://m1.spitogatos.gr/360233280_1600x1200.jpg?v=20130730","https://m3.spitogatos.gr/360233285_1600x1200.jpg?v=20130730","https://m2.spitogatos.gr/360233290_1600x1200.jpg?v=20130730","https://m2.spitogatos.gr/360233296_1600x1200.jpg?v=20130730","https://m1.spitogatos.gr/360233298_1600x1200.jpg?v=20130730","https://m2.spitogatos.gr/360233302_1600x1200.jpg?v=20130730","https://m3.spitogatos.gr/360233306_1600x1200.jpg?v=20130730","https://m1.spitogatos.gr/360233310_1600x1200.jpg?v=20130730","https://m1.spitogatos.gr/360233313_1600x1200.jpg?v=20130730","https://m3.spitogatos.gr/360233318_1600x1200.jpg?v=20130730","https://m3.spitogatos.gr/360233324_1600x1200.jpg?v=20130730","https://m2.spitogatos.gr/360233329_1600x1200.jpg?v=20130730","https://m2.spitogatos.gr/360233332_1600x1200.jpg?v=20130730","https://m3.spitogatos.gr/360233336_1600x1200.jpg?v=20130730","https://m3.spitogatos.gr/360233339_1600x1200.jpg?v=20130730","https://m1.spitogatos.gr/360233343_1600x1200.jpg?v=20130730","https://m2.spitogatos.gr/360233347_1600x1200.jpg?v=20130730","https://m3.spitogatos.gr/360233351_1600x1200.jpg?v=20130730","https://m3.spitogatos.gr/360233354_1600x1200.jpg?v=20130730","1","0","2","1","37.876812","1","1","23.75145","200","0","0","0","2026-07-31","0","0",,"0","0","2","2","3","1","1","1",,"0","0","0","1400",,,"0","0","0","0","8.92",,,"1","3","6","1","1",,"0","1","3","0","1","1","1","157","0",,"Μπουμπουλίνας 14, Γλυφάδα 16675","0","1","0","2026-07-02","https://www.spitogatos.gr/en/property/1220289345",,"1","1","1980",,"residential"
"1","Ground Floor","no","vip","15",,,,,"1","1","0","0","2014-06-30","0","0","1","0","1",,,"house",,,"0","Εξαιρετική μονοκατοικία τριών επιπέδων σε προνομιακή θέση στους πρόποδες του Υμηττού, με όμορφη θέα σε βουνό και θάλασσα. Το ακίνητο κατασκευάστηκε το 2007 και ανακαινίστηκε πλήρως το 2026, διατηρώντας άριστη κατάσταση και υψηλό επίπεδο ποιότητας. Αναπτύσσεται σε 250 τ.μ. και διαθέτει ευρύχωρους χώρους υποδοχής, 4 υπνοδωμάτια εκ των οποίων το ένα master, 2 μπάνια, 2 WC, playroom και λειτουργική εσωτερική διαρρύθμιση. Στο υπόγειο υπάρχει ανεξάρτητος χώρος που περιλαμβάνει 2 επιπλέον υπνοδωμάτια, καθιστικό, μπάνιο και αποθήκη, ιδανικός για φιλοξενούμενους ή προσωπικό. Προσφέρει αυτόνομη θέρμανση πετρελαίου, τζάκι, κλιματισμό, ηλιακό θερμοσίφωνα, διπλά τζάμια, μεγάλες βεράντες, κήπο, ασανσέρ, πόρτα ασφαλείας, συναγερμό, κάμερες καθώς και θυροτηλεόραση. Επιπλέον διαθέτει δύο κλειστές θέσεις στάθμευσης και τρεις αποθήκες. Ένα ιδιαίτερα προσεγμένο και καλοδιατηρημένο ακίνητο σε ήσυχη γειτονιά της Αίγλης, ιδανικό για όσους αναζητούν άνεση, ιδιωτικότητα και ποιοτική διαβίωση στα Νότια Προάστια. <br />
Τιμή: 4.500€, Κωδ. :  3951, Look2Book Τηλ: 2108940006,6944991499 , e-mail: info@look2book.gr, website: www.look2book.gr",,"1",,"1","5","0","1","2026-06-12","3",,"0","no","yes","1","Αθήνα - Νότια Προάστια (Αττική)","Γλυφάδα (Αθήνα - Νότια Προάστια)","1","105103","102","2208","106436",,"1","1","0","0","1","1220107953","https://m3.spitogatos.gr/357021269_1600x1200.jpg?v=20130730","https://m1.spitogatos.gr/357021273_1600x1200.jpg?v=20130730","https://m3.spitogatos.gr/357021275_1600x1200.jpg?v=20130730","https://m1.spitogatos.gr/357021279_1600x1200.jpg?v=20130730","https://m1.spitogatos.gr/357021282_1600x1200.jpg?v=20130730","https://m2.spitogatos.gr/357021286_1600x1200.jpg?v=20130730","https://m1.spitogatos.gr/357021288_1600x1200.jpg?v=20130730","https://m2.spitogatos.gr/357021292_1600x1200.jpg?v=20130730","https://m1.spitogatos.gr/357021294_1600x1200.jpg?v=20130730","https://m3.spitogatos.gr/357021296_1600x1200.jpg?v=20130730","https://m2.spitogatos.gr/357021298_1600x1200.jpg?v=20130730","https://m1.spitogatos.gr/357021300_1600x1200.jpg?v=20130730","https://m1.spitogatos.gr/357021303_1600x1200.jpg?v=20130730","https://m3.spitogatos.gr/357021305_1600x1200.jpg?v=20130730","https://m2.spitogatos.gr/357021307_1600x1200.jpg?v=20130730",,,,,,,,,,,"1","0","2","1","37.875172","3","2","23.76844",,"0",,,"2026-07-31","0","0",,"0","2","2",,,"1","0","0",,"1","0","0","4500",,,"0","0","0","0","18",,,"1","3","6","1","1","2026","0","1","4","0","1",,"1","250","1",,,"0","4","0","2026-06-12","https://www.spitogatos.gr/en/property/1220107953",,"1",,"2007",,
"1","3",,"vip","15",,,,,"0","0","0","0","2026-08-11","0","0","1","0","0",,,"house",,,"1","Νιώσε σαν στο σπίτι σου, όπου και αν επιλέξεις να μείνεις με την Blueground. Θα λατρέψεις αυτό το κομψά επιπλωμένο διαμέρισμα τριών υπνοδωματίων, για τη διακόσμησή του, την πλήρως εξοπλισμένη κουζίνα και το ελκυστικό καθιστικό του. Βρίσκεται σε ιδανική τοποθεσία, κοντά σε όλα όσα έχει να σου προσφέρει η Γλυφάδα!<br><br />
<br />
Η διαφημιζόμενη τιμή των €2,570/μήνα είναι η τιμή για 1 έτος, με ημερομηνία έναρξης Αυγούστου 10, 2026.<br />
<br>Οι τιμές διαφέρουν ανάλογα με τη διάρκεια παραμονής, την εποχικότητα και άλλους παράγοντες. Επισκεφθείτε τον ιστότοπό μας και εισάγετε τις ημερομηνίες διαμονής σας για να δείτε ενημερωμένες τιμές για την κράτησή σας. Η τιμή ισχύει μόνο με προκαταβολή· ενδέχεται να είναι υψηλότερη εάν πληρωθεί σε δόσεις.<br />
<br />
<b>Κλείστε αυτό το διαμέρισμα online!</b><br />
<br />
https://www.theblueground.com/p/furnished-apartments/ath-2187?utm_source=classified-4<br />
<br />
Aναβαθμίστε τη διαμονή σας με ένα πλήρως επιπλωμένο διαμέρισμα από τη Blueground:<br />
      – Επιπλωμένα σπίτια σε τιμές αντίστοιχες με τα ανεπίπλωτα<br />
      – Χωρίς κόστη εγκατάστασης ή αγοράς επίπλων - εξοικονομήστε χρόνο και χρήματα<br />
      – Έτοιμα για άμεση μετακόμιση - το μόνο που χρειάζεστε είναι η βαλίτσα σας<br />
<br />
<b>Ο χώρος</b><br><br />
Σε αυτό το υπέροχο Blueground διαμέρισμα τριών υπνοδωματίων, θα βρεις ένα χώρο προσεκτικά σχεδιασμένο και πλήρως εξοπλισμένο με έπιπλα μοναδικού design και ηλεκτρικές συσκευές τελευταίας τεχνολογίας.<br />
Νιώσε όμορφα και χαλαρά στο νέο σου σπίτι κάθε στιγμή. Και όταν θα θες να διασκεδάσεις, μπορείς να βγεις και να αφεθείς στον παλμό της Γλυφάδας ή να φέρεις τη διασκέδαση σπίτι, με τα ασύρματα ηχεία ή τη smart TV.<br />
<br />
<b>Διαρρύθμιση δωματίων ύπνου</b><br />
    <br />
        Μονό κρεβάτι: 90 εκ.<br />
<br />
        Υπέρδιπλο κρεβάτι: 160 εκ.<br />
<br />
        Διπλό κρεβάτι: 140 εκ.<br />
<br />
<b>Παροχές κτιρίου</b><br />
<br />
      Ασανσέρ<br />
      Πλυντήριο<br />
<br />
<br />
<b>Άφιξη και συνεχής υποστήριξη πελατών</b><br><br />
Κατά τη διάρκεια της διαμονής σου, η ομάδα μας θα είναι διαθέσιμη για να σε βοηθήσει με οτιδήποτε χρειαστείς. Μέσω της ειδικής mobile εφαρμογής της Blueground έχεις συνεχή υποστήριξη, ενώ μπορείς ακόμη να προγραμματίσεις υπηρεσίες καθαρισμού, συντήρησης ή επισκευής, με το πάτημα ενός κουμπιού.<br />
<br />
<b>Ιδανική τοποθεσία</b><br />
<br />
Η Γλυφάδα είναι η μεγαλύτερη παραθαλάσσια γειτονιά της Αθηναϊκής Ριβιέρας, σε απόσταση μόλις 15 χιλιομέτρων από το κέντρο της πόλης. Πρόκειται για μια περιοχή με μπουτίκ σχεδιαστών, μοντέρνα καφέ, εστιατόρια υψηλών προδιαγραφών, αμμώδεις παραλίες και τέσσερις μαρίνες. Επιπλέον, εδώ βρίσκεται το πρώτο γήπεδο γκολφ στην Ελλάδα. Η Γλυφάδα θεωρείται μια από τις πιο διάσημες περιοχές για να μείνετε κοντά στην Αθήνα. Από εδώ μπορείτε να φτάσετε στο κέντρο της Αθήνας με το τραμ, το λεωφορείο ή το αυτοκίνητο.",,"0",,"1","4","0","0","2026-05-24","8",,"0","yes","no","0","Αθήνα - Νότια Προάστια (Αττική)","Γλυφάδα (Αθήνα - Νότια Προάστια)","1","105103","102","2208",,,"1",,"0","0","1","1219942386","https://m3.spitogatos.gr/354497114_1600x1200.jpg?v=20130730","https://m1.spitogatos.gr/354497118_1600x1200.jpg?v=20130730","https://m3.spitogatos.gr/354497123_1600x1200.jpg?v=20130730","https://m3.spitogatos.gr/354497126_1600x1200.jpg?v=20130730","https://m1.spitogatos.gr/354497133_1600x1200.jpg?v=20130730","https://m1.spitogatos.gr/354497136_1600x1200.jpg?v=20130730","https://m2.spitogatos.gr/354497140_1600x1200.jpg?v=20130730","https://m3.spitogatos.gr/354497144_1600x1200.jpg?v=20130730","https://m3.spitogatos.gr/354497147_1600x1200.jpg?v=20130730","https://m2.spitogatos.gr/354497152_1600x1200.jpg?v=20130730","https://m3.spitogatos.gr/354497156_1600x1200.jpg?v=20130730","https://m3.spitogatos.gr/354497162_1600x1200.jpg?v=20130730","https://m1.spitogatos.gr/354497166_1600x1200.jpg?v=20130730","https://m2.spitogatos.gr/354497176_1600x1200.jpg?v=20130730","https://m1.spitogatos.gr/354497184_1600x1200.jpg?v=20130730","https://m1.spitogatos.gr/354497193_1600x1200.jpg?v=20130730","https://m3.spitogatos.gr/354497204_1600x1200.jpg?v=20130730","https://m3.spitogatos.gr/354497213_1600x1200.jpg?v=20130730","https://m3.spitogatos.gr/354497219_1600x1200.jpg?v=20130730","https://m1.spitogatos.gr/354497226_1600x1200.jpg?v=20130730","https://m2.spitogatos.gr/354497230_1600x1200.jpg?v=20130730","https://m1.spitogatos.gr/354497235_1600x1200.jpg?v=20130730","https://m2.spitogatos.gr/354497242_1600x1200.jpg?v=20130730","https://m1.spitogatos.gr/354497247_1600x1200.jpg?v=20130730","https://m2.spitogatos.gr/354497254_1600x1200.jpg?v=20130730","0","0",,"0","37.86797","1","0","23.758686",,"0",,,"2026-07-31","0","0",,"0","0","2",,,"1","0","0",,"0","0","0","2570",,,"0","0","0","0","16.06",,,"1","3",,"1","0",,,,"3","0","0",,,"160","0",,"Omirou 28","1","1","0","2026-05-24","https://www.spitogatos.gr/en/property/1219942386","https://nodalview.com/s/0RoWUulnPAqhVFhTMiBg3m","0",,"1990",,
"1","4",,"vip","15",,,,,"0","0","0","0","2026-09-08","0","0","1","0","0",,,"house",,,"1","Ανακάλυψε τα καλύτερα σημεία της Γλυφάδας , με αυτό το άνετο διαμέρισμα τριών υπνοδωματίων της Blueground. Προσφέρει μια πλήρως εξοπλισμένη κουζίνα, ένα όμορφο καθιστικό. Επίσης, καθ’όλη τη διάρκεια της διαμονής σου θα έχεις τη δυνατότητα να επικοινωνήσεις εύκολα και άμεσα με την ομάδα υποστήριξης πελατών και να βρεις χρήσιμες πληροφορίες τόσο για το διαμέρισμά σου όσο και για τη γειτονιά μέσω της ειδικής mobile εφαρμογής.<br><br />
<br />
Η διαφημιζόμενη τιμή των €1,350/μήνα είναι η τιμή για 1 έτος, με ημερομηνία έναρξης Σεπτεμβρίου 7, 2026.<br />
<br>Οι τιμές διαφέρουν ανάλογα με τη διάρκεια παραμονής, την εποχικότητα και άλλους παράγοντες. Επισκεφθείτε τον ιστότοπό μας και εισάγετε τις ημερομηνίες διαμονής σας για να δείτε ενημερωμένες τιμές για την κράτησή σας. Η τιμή ισχύει μόνο με προκαταβολή· ενδέχεται να είναι υψηλότερη εάν πληρωθεί σε δόσεις.<br />
<br />
<b>Κλείστε αυτό το διαμέρισμα online!</b><br />
<br />
https://www.theblueground.com/p/furnished-apartments/ath-1067?utm_source=classified-4<br />
<br />
Aναβαθμίστε τη διαμονή σας με ένα πλήρως επιπλωμένο διαμέρισμα από τη Blueground:<br />
      – Επιπλωμένα σπίτια σε τιμές αντίστοιχες με τα ανεπίπλωτα<br />
      – Χωρίς κόστη εγκατάστασης ή αγοράς επίπλων - εξοικονομήστε χρόνο και χρήματα<br />
      – Έτοιμα για άμεση μετακόμιση - το μόνο που χρειάζεστε είναι η βαλίτσα σας<br />
<br />
<b>Ο χώρος</b><br><br />
Σε αυτό το άνετο Blueground διαμέρισμα τριών υπνοδωματίων, θα βρεις ένα χώρο προσεκτικά σχεδιασμένο και πλήρως εξοπλισμένο με έπιπλα μοναδικού design και ηλεκτρικές συσκευές τελευταίας τεχνολογίας.<br />
Νιώσε όμορφα και χαλαρά στο νέο σου σπίτι κάθε στιγμή. Και όταν θα θες να διασκεδάσεις, μπορείς να βγεις και να αφεθείς στον παλμό της Γλυφάδας ή να φέρεις τη διασκέδαση σπίτι, με τα ασύρματα ηχεία ή τη smart TV.<br />
<br />
<b>Διαρρύθμιση δωματίων ύπνου</b><br />
    <br />
        Υπέρδιπλο κρεβάτι: 160 εκ.<br />
<br />
        Διπλό κρεβάτι: 140 εκ.<br />
<br />
<b>Παροχές κτιρίου</b><br />
<br />
      Ασανσέρ<br />
      Πλυντήριο<br />
      Θέση στάθμευσης<br />
      Επιτρέπονται κατοικίδια<br />
<br />
<br />
<b>Άφιξη και συνεχής υποστήριξη πελατών</b><br><br />
Κατά τη διάρκεια της διαμονής σου, η ομάδα μας θα είναι διαθέσιμη για να σε βοηθήσει με οτιδήποτε χρειαστείς. Μέσω της ειδικής mobile εφαρμογής της Blueground έχεις συνεχή υποστήριξη, ενώ μπορείς ακόμη να προγραμματίσεις υπηρεσίες καθαρισμού, συντήρησης ή επισκευής, με το πάτημα ενός κουμπιού.<br />
<br />
<b>Ιδανική τοποθεσία</b><br />
<br />
Η Γλυφάδα είναι η μεγαλύτερη παραθαλάσσια γειτονιά της Αθηναϊκής Ριβιέρας, σε απόσταση μόλις 15 χιλιομέτρων από το κέντρο της πόλης. Πρόκειται για μια περιοχή με μπουτίκ σχεδιαστών, μοντέρνα καφέ, εστιατόρια υψηλών προδιαγραφών, αμμώδεις παραλίες και τέσσερις μαρίνες. Επιπλέον, εδώ βρίσκεται το πρώτο γήπεδο γκολφ στην Ελλάδα. Η Γλυφάδα θεωρείται μια από τις πιο διάσημες περιοχές για να μείνετε κοντά στην Αθήνα. Από εδώ μπορείτε να φτάσετε στο κέντρο της Αθήνας με το τραμ, το λεωφορείο ή το αυτοκίνητο.",,"1",,"1","5","0","0","2026-05-11","9",,"0","yes","yes","0","Αθήνα - Νότια Προάστια (Αττική)","Γλυφάδα (Αθήνα - Νότια Προάστια)","1","105103","102","2208",,,"1","2","0","0","1","1219863171","https://m3.spitogatos.gr/359905559_1600x1200.jpg?v=20130730","https://m2.spitogatos.gr/359905570_1600x1200.jpg?v=20130730","https://m2.spitogatos.gr/359905606_1600x1200.jpg?v=20130730","https://m2.spitogatos.gr/359905621_1600x1200.jpg?v=20130730","https://m3.spitogatos.gr/359905637_1600x1200.jpg?v=20130730","https://m3.spitogatos.gr/359905652_1600x1200.jpg?v=20130730","https://m3.spitogatos.gr/359905670_1600x1200.jpg?v=20130730","https://m1.spitogatos.gr/359905695_1600x1200.jpg?v=20130730","https://m3.spitogatos.gr/359905712_1600x1200.jpg?v=20130730","https://m1.spitogatos.gr/359905731_1600x1200.jpg?v=20130730","https://m3.spitogatos.gr/359905751_1600x1200.jpg?v=20130730","https://m2.spitogatos.gr/359905771_1600x1200.jpg?v=20130730","https://m3.spitogatos.gr/359905790_1600x1200.jpg?v=20130730","https://m1.spitogatos.gr/359905806_1600x1200.jpg?v=20130730","https://m3.spitogatos.gr/359905823_1600x1200.jpg?v=20130730","https://m1.spitogatos.gr/359905839_1600x1200.jpg?v=20130730","https://m2.spitogatos.gr/359905873_1600x1200.jpg?v=20130730","https://m3.spitogatos.gr/359905895_1600x1200.jpg?v=20130730","https://m3.spitogatos.gr/359905919_1600x1200.jpg?v=20130730","https://m3.spitogatos.gr/359905931_1600x1200.jpg?v=20130730","https://m2.spitogatos.gr/359905954_1600x1200.jpg?v=20130730","https://m2.spitogatos.gr/359905969_1600x1200.jpg?v=20130730","https://m3.spitogatos.gr/359905985_1600x1200.jpg?v=20130730","https://m1.spitogatos.gr/359906001_1600x1200.jpg?v=20130730","https://m3.spitogatos.gr/359906021_1600x1200.jpg?v=20130730","0","0",,"0","37.872025","1","0","23.756824",,"0",,,"2026-07-31","0","0",,"0","0","2",,,"1","0","1","1","0","0","0","1350","2026-07-30 10:53:32","5","0","0","0","0","11.74","1420","true","1","3",,"1","1",,,,"3","0","1",,,"115","0",,"Irodotou 23","1","1","0","2026-05-11","https://www.spitogatos.gr/en/property/1219863171","https://nodalview.com/rnETa6nsVQEGcZTatx3fg8Ya","0",,"1990",,
"0","2",,"vip","15",,,,,"1","0","0","0","2026-06-12","0","0","1","1","1","0","true","house","0","0","0","Γλυφάδα, Κάτω Γλυφάδα: Ενοικιάζεται διαμπερές Διαμέρισμα 105τ.μ. προσόψεως στον 2ο όροφο με ασανσέρ με κεντρική θέρμανση πετρελαίου. Αποτελείται από 2 υπνοδωμάτια με μεγάλες ντουλάπες, 1 κουζίνα, 1 σαλόνι, Κήπο, αποθήκη, μπάνιο και 1 WC. Είναι κατασκευασμένο το 1980, βαμμένο, στο Κέντρο Γλυφάδας,κοντά σε θάλασσα (200μ), αγορά, σχολείο, MMM και διαθέτει θέα στην πλατεία, πόρτα ασφαλείας, ενεργειακή κλάση Δ, δάπεδα από μάρμαρο, τζάκι.. Τιμή 1.800€ (Συζητήσιμη) | Κωδικός Ακινήτου: #5630<br>","200",,"0","1","6","1","1","2026-06-25","7","1","0","no","no","1","Αθήνα - Νότια Προάστια (Αττική)","Γλυφάδα (Αθήνα - Νότια Προάστια)","1","105103","102","2208","102208","Single","2","1","0","0","1","1220213517","https://m1.spitogatos.gr/358970874_1600x1200.jpg?v=20130730","https://m1.spitogatos.gr/358970880_1600x1200.jpg?v=20130730","https://m3.spitogatos.gr/358970888_1600x1200.jpg?v=20130730","https://m1.spitogatos.gr/358970892_1600x1200.jpg?v=20130730","https://m1.spitogatos.gr/358970898_1600x1200.jpg?v=20130730","https://m3.spitogatos.gr/358970912_1600x1200.jpg?v=20130730","https://m1.spitogatos.gr/358970919_1600x1200.jpg?v=20130730","https://m2.spitogatos.gr/358970926_1600x1200.jpg?v=20130730","https://m3.spitogatos.gr/358970933_1600x1200.jpg?v=20130730","https://m1.spitogatos.gr/358970940_1600x1200.jpg?v=20130730","https://m2.spitogatos.gr/358970953_1600x1200.jpg?v=20130730","https://m3.spitogatos.gr/358970960_1600x1200.jpg?v=20130730","https://m1.spitogatos.gr/358970970_1600x1200.jpg?v=20130730","https://m1.spitogatos.gr/358970973_1600x1200.jpg?v=20130730","https://m3.spitogatos.gr/358970978_1600x1200.jpg?v=20130730","https://m1.spitogatos.gr/358970982_1600x1200.jpg?v=20130730","https://m1.spitogatos.gr/358970985_1600x1200.jpg?v=20130730","https://m3.spitogatos.gr/358970990_1600x1200.jpg?v=20130730","https://m2.spitogatos.gr/358970995_1600x1200.jpg?v=20130730","https://m3.spitogatos.gr/358970999_1600x1200.jpg?v=20130730","https://m3.spitogatos.gr/358971005_1600x1200.jpg?v=20130730","https://m1.spitogatos.gr/358971015_1600x1200.jpg?v=20130730","https://m3.spitogatos.gr/358971023_1600x1200.jpg?v=20130730","https://m3.spitogatos.gr/358971032_1600x1200.jpg?v=20130730",,"0","0",,"1","37.861122","1","1","23.75215",,"0","0","0","2026-07-30","0","0",,"0","1","1",,"3","1","0","0",,"0","0","0","1800",,,"0","0","0","0","17.14",,,"1","3","6","1","0",,"0","1","2","0","1",,"0","105","1",,,"0","1","0","2026-06-25","https://www.spitogatos.gr/en/property/1220213517",,"1",,"1980",,
"1","Ground Floor","no","vip","15",,,,,"0","1","0","0","2026-07-29","0","0","0","0","0","1",,"house","0",,"0","Στο καταπράσινο και ιδιαίτερα προνομιακό σημείο του Γκολφ, διατίθεται προς ενοικίαση εξαιρετική μεζονέτα 253 τ.μ., με αποκλειστική χρήση πανέμορφου κήπου γεμάτου λουλούδια, λεμονιές και ώριμα δέντρα, δημιουργώντας ένα ιδανικό περιβάλλον χαλάρωσης και ιδιωτικότητας. Ο εξωτερικός χώρος διαθέτει BBQ και μεγάλες γωνιές για στιγμές φιλοξενίας και οικογενειακής απόλαυσης.<br />
<br />
Η κατοικία αναπτύσσεται σε δύο επίπεδα και συνδυάζει άνεση, λειτουργικότητα και ζεστή ατμόσφαιρα. Στον 1ο όροφο συναντάμε ένα εντυπωσιακά φωτεινό σαλόνι με τζάκι, μεγάλες μπαλκονόπορτες και ευρύχωρη βεράντα με όμορφη θέα στον κήπο. Η μοντέρνα, πλήρως ανακαινισμένη κουζίνα προσφέρει άνεση και αισθητική, ενώ στο ίδιο επίπεδο υπάρχουν επίσης γραφείο, δύο υπνοδωμάτια — εκ των οποίων το ένα master — και ένα επιπλέον μπάνιο.<br />
<br />
Στο ισόγειο βρίσκεται ένα μεγάλο και φιλόξενο playroom με κουζινάκι και μπάνιο με ντουζιέρα. Επιπλέον, υπάρχουν δύο υπνοδωμάτια με μπάνιο και ανεξάρτητη είσοδο, ιδανικά για φιλοξενούμενους, προσωπικό ή μεγαλύτερη αυτονομία των μελών της οικογένειας.<br />
<br />
Η κατοικία διαθέτει αυτονομία θέρμανσης ανά όροφο με φυσικό αέριο, air condtition, συναγερμό, σίτες, boiler, αποθήκη και μία κλειστή θέση στάθμευσης.<br />
<br />
Βρίσκεται σε εξαιρετική τοποθεσία, κοντά στην αγορά, τα μέσα μαζικής μεταφοράς και πάρκο, προσφέροντας ιδανική ισορροπία ανάμεσα στην ηρεμία και την άμεση πρόσβαση σε όλες τις καθημερινές ανάγκες.",,,"0","1","5","0","1","2026-07-29","3","10","0","no","yes","1","Αθήνα - Νότια Προάστια (Αττική)","Γλυφάδα (Αθήνα - Νότια Προάστια)","1","105103","102","2208","106293","Double","1","2","0","0","1","1220522944","https://m1.spitogatos.gr/363705720_1600x1200.jpg?v=20130730","https://m3.spitogatos.gr/363705725_1600x1200.jpg?v=20130730","https://m3.spitogatos.gr/363705728_1600x1200.jpg?v=20130730","https://m2.spitogatos.gr/363705733_1600x1200.jpg?v=20130730","https://m1.spitogatos.gr/363705735_1600x1200.jpg?v=20130730","https://m2.spitogatos.gr/363705739_1600x1200.jpg?v=20130730","https://m2.spitogatos.gr/363705742_1600x1200.jpg?v=20130730","https://m2.spitogatos.gr/363705745_1600x1200.jpg?v=20130730","https://m1.spitogatos.gr/363705759_1600x1200.jpg?v=20130730","https://m3.spitogatos.gr/363705761_1600x1200.jpg?v=20130730","https://m2.spitogatos.gr/363705778_1600x1200.jpg?v=20130730","https://m3.spitogatos.gr/363705782_1600x1200.jpg?v=20130730","https://m1.spitogatos.gr/363705786_1600x1200.jpg?v=20130730","https://m2.spitogatos.gr/363705790_1600x1200.jpg?v=20130730","https://m2.spitogatos.gr/363705796_1600x1200.jpg?v=20130730","https://m3.spitogatos.gr/363705800_1600x1200.jpg?v=20130730","https://m1.spitogatos.gr/363705804_1600x1200.jpg?v=20130730","https://m2.spitogatos.gr/363705814_1600x1200.jpg?v=20130730","https://m3.spitogatos.gr/363705818_1600x1200.jpg?v=20130730","https://m2.spitogatos.gr/363705832_1600x1200.jpg?v=20130730","https://m1.spitogatos.gr/363705834_1600x1200.jpg?v=20130730","https://m2.spitogatos.gr/363705838_1600x1200.jpg?v=20130730","https://m2.spitogatos.gr/363705841_1600x1200.jpg?v=20130730","https://m2.spitogatos.gr/363705844_1600x1200.jpg?v=20130730","https://m3.spitogatos.gr/363705848_1600x1200.jpg?v=20130730","1","0","2","2","37.883778","2","1","23.744761",,"1","0","0","2026-07-29","0","0",,"0","0","4",,,"0","0","1",,"1","0","0","3000",,,"0","0","0","0","11.86",,,"1","3","6","1","1",,"0","1","5","0","1",,"0","253","1",,,"0","3","0","2026-07-29","https://www.spitogatos.gr/en/property/1220522944",,"1","0","2011",,"residential"
"1","1","no","vip","15",,,,,"1","0","0","0","2026-04-23","0","1","0","0","1","1",,"house",,,"0","Κωδικός ακινήτου: 74-4763 - Γλυφάδα Πυρνάρι  ΕΝΟΙΚΙΑΖΕΤΑΙ     διαμέρισμα  στον 1 ο όροφο συνολικής επιφάνειας 90.00 τ.μ.  . Αποτελείται από 2 υπνοδωμάτια, σαλόνι, κουζίνα, μπάνιο και WC. Είναι κατασκευασμένο το 2010 με ενεργειακή κλάση Ε  και διαθέτει θέρμανση αυτόνομη - πετρελαίου, θέα σε θάλασσα, κουφώματα αλουμινίου, πατώματα από πλακάκι, πόρτα θωρακισμένη, εντοιχιζόμενες ντουλάπες, τζάκι, A/C, ηλεκτρικές συσκευές, τέντες, διπλά τζάμια, ηλιακό θερμοσίφωνα, BBQ, ανοιχτωσιά      - Τιμή: 1.200 €  <br>Διατίθεται προς ενοικίαση διαμέρισμα σε ήσυχη γειτονιά στην περιοχή της Γλυφάδας. Το διαμέρισμα έχει συνολική επιφάνεια 110 τμ, στον 1ο όροφο και διαθέτει σαλόνι με μεγάλη βεράντα με μερική θέα θάλασσα, ενιαία κουζίνα εξοπλισμένη με πλυντήριο πιάτων και εστίες κουζίνας, ένα WC, δύο υπνοδωμάτια  και ένα λουτρό. Επίσης το διαμέρισμα έχει ηλιακό, πόρτα ασφαλείας, ηλ. τέντες, 3 κλιματιστικά, αυτονομία θέρμανσης με πετρέλαιο και εγκατάσταση για συναγερμό. Δεν διαθέτει ανελκυστήρα. <br>Brokerhouse Real Estate - Website: www.brokerhouse.gr",,"1",,"0","7","1","1","2026-04-23","6","4","0","no","no","0","Αθήνα - Νότια Προάστια (Αττική)","Γλυφάδα (Αθήνα - Νότια Προάστια)","1","105103","102","2208",,"Double","1","1","0","0","1","1216177219","https://m3.spitogatos.gr/351354821_1600x1200.jpg?v=20130730","https://m3.spitogatos.gr/351354827_1600x1200.jpg?v=20130730","https://m3.spitogatos.gr/351354833_1600x1200.jpg?v=20130730","https://m2.spitogatos.gr/351354838_1600x1200.jpg?v=20130730","https://m1.spitogatos.gr/351354843_1600x1200.jpg?v=20130730","https://m2.spitogatos.gr/351354847_1600x1200.jpg?v=20130730","https://m2.spitogatos.gr/351354853_1600x1200.jpg?v=20130730","https://m3.spitogatos.gr/351354857_1600x1200.jpg?v=20130730","https://m2.spitogatos.gr/351354862_1600x1200.jpg?v=20130730","https://m3.spitogatos.gr/351354866_1600x1200.jpg?v=20130730","https://m2.spitogatos.gr/351354871_1600x1200.jpg?v=20130730","https://m2.spitogatos.gr/351354874_1600x1200.jpg?v=20130730","https://m1.spitogatos.gr/351354879_1600x1200.jpg?v=20130730",,,,,,,,,,,,,"0","0","2","1","37.872681",,"1","23.773144",,"0",,,"2026-07-28","1","0",,"0","1","1",,"2","1","0","0",,"0","0","0","1200",,,"0","0","0","0","13.33",,,"1","3","6","1","0",,"0","1","2","0","1",,"1","90","0",,,"0","1","0","2024-08-01","https://www.spitogatos.gr/en/property/1216177219",,"1","0","2010","vGpeJDZITdA","residential"
"1","3","no","vip","15",,,,,"1","0","0","0","2026-06-29","0","1","1","10","1","0","true","house","0",,"1","Εξαιρετικό διώροφο διαμέρισμα 90 τ.μ. στην καρδιά της Γλυφάδας<br />
<br />
Στο πιο ζωντανό και εμπορικό σημείο της Γλυφάδας, εκεί όπου συναντώνται η κοσμοπολίτικη ατμόσφαιρα, η αγορά και η σύγχρονη αστική ζωή, διατίθεται προς μίσθωση αυτό το ιδιαίτερο διαμέρισμα 90 τ.μ., αναπτυγμένο σε δύο επίπεδα.<br />
<br />
Η κατοικία διαθέτει δύο άνετα υπνοδωμάτια, μπάνιο με υδρομασάζ, επιπλέον WC και λειτουργική διαρρύθμιση που εξασφαλίζει άνεση και πρακτικότητα στην καθημερινότητα.<br />
<br />
Η προνομιακή του θέση προσφέρει άμεση πρόσβαση στα καταστήματα, τα εστιατόρια, τις καφετέριες και τα μέσα μεταφοράς του κέντρου της Γλυφάδας, καθιστώντας το ιδανική επιλογή για όσους επιθυμούν να απολαμβάνουν όλα τα πλεονεκτήματα της περιοχής σε απόσταση λίγων μόλις βημάτων.<br />
<br />
Μια σπάνια ευκαιρία μίσθωσης σε μία από τις πιο περιζήτητες περιοχές της Αθηναϊκής Ριβιέρας.","1000",,"0","1","9","1","0","2026-06-10","8","4","0","yes","no","0","Αθήνα - Νότια Προάστια (Αττική)","Γλυφάδα (Αθήνα - Νότια Προάστια)","1","105103","102","2208","102208","Double","1","2","0","1","1","1220091306","https://m1.spitogatos.gr/359121168_1600x1200.jpg?v=20130730","https://m2.spitogatos.gr/359119999_1600x1200.jpg?v=20130730","https://m3.spitogatos.gr/359119934_1600x1200.jpg?v=20130730","https://m2.spitogatos.gr/359119933_1600x1200.jpg?v=20130730","https://m2.spitogatos.gr/359119936_1600x1200.jpg?v=20130730","https://m2.spitogatos.gr/359119963_1600x1200.jpg?v=20130730","https://m3.spitogatos.gr/359119964_1600x1200.jpg?v=20130730","https://m3.spitogatos.gr/359119967_1600x1200.jpg?v=20130730","https://m1.spitogatos.gr/359119968_1600x1200.jpg?v=20130730","https://m3.spitogatos.gr/359119949_1600x1200.jpg?v=20130730","https://m1.spitogatos.gr/359119965_1600x1200.jpg?v=20130730","https://m2.spitogatos.gr/359120035_1600x1200.jpg?v=20130730","https://m2.spitogatos.gr/359119969_1600x1200.jpg?v=20130730","https://m1.spitogatos.gr/359120031_1600x1200.jpg?v=20130730","https://m2.spitogatos.gr/359120032_1600x1200.jpg?v=20130730","https://m2.spitogatos.gr/359119996_1600x1200.jpg?v=20130730","https://m3.spitogatos.gr/359120000_1600x1200.jpg?v=20130730","https://m2.spitogatos.gr/359120002_1600x1200.jpg?v=20130730","https://m3.spitogatos.gr/359120003_1600x1200.jpg?v=20130730","https://m1.spitogatos.gr/359120016_1600x1200.jpg?v=20130730","https://m2.spitogatos.gr/359121166_1600x1200.jpg?v=20130730","https://m3.spitogatos.gr/359120033_1600x1200.jpg?v=20130730","https://m3.spitogatos.gr/359121167_1600x1200.jpg?v=20130730","https://m1.spitogatos.gr/359119998_1600x1200.jpg?v=20130730","https://m2.spitogatos.gr/356760886_1600x1200.jpg?v=20130730","1","0","2","1","37.859631","2","1","23.75782",,"0","0","0","2026-07-22","0","0",,"0","1","1","4","8","1","0","0",,"0","0","0","1800",,,"0","0","0","0","20",,,"1",,,"1","1","2026","0","1","2","0","1",,"0","90","0",,,"0","1","0","2026-06-10","https://www.spitogatos.gr/en/property/1220091306",,"1","0",,"9wJLsgmIIMY","residential"
"1","3",,"vip","15",,,,,,,,"0","2026-07-01","0","1","1","0","1",,,"house",,,,"Κωδικός Ακινήτου: S2-18627 Τοποθεσία: Γλυφάδα – Κέντρο<br />
<br />
 Ενοικιάζεται Επιπλωμένο & Πλήρως Εξοπλισμένο Διαμέρισμα 150 τ.μ. – 3ος Όροφος Στο κέντρο της Γλυφάδας, σε εξαιρετικό σημείο με άμεση πρόσβαση σε καταστήματα, μέσα μεταφοράς και όλες τις απαραίτητες υπηρεσίες, διατίθεται προς ενοικίαση πλήρως ανακαινισμένο και επιπλωμένο διαμέρισμα 150 τ.μ. Βρίσκεται στον 3ο όροφο καλοδιατηρημένης πολυκατοικίας και προσφέρει άνεση, λειτουργικότητα και μοντέρνο ύφος διαβίωσης. Διαρρύθμιση: 3 Υ/Δ, το 1 master,Ευρύχωρο σαλόνι με τζάκιΠλήρως εξοπλισμένη κουζίνα2 ΜπάνιαΜεγάλα μπαλκόνιαΧαρακτηριστικά και Παροχές: Έτος ανακαίνισης: 2022Αυτόνομη θέρμανση πετρελαίουΚλιματιστικά (A/C)ΤζάκιΔιπλά τζάμιαΚουφώματα αλουμινίουΘωρακισμένη πόρταΑνελκυστήρας Ξύλινα πατώματα BoilerΦωτεινοί χώροι με άπλετο φυσικό φωςΜηνιαίο Μίσθωμα: €3.700",,,,"1","6","1","1","2026-06-26","8",,,"yes",,,"Αθήνα - Νότια Προάστια (Αττική)","Γλυφάδα (Αθήνα - Νότια Προάστια)","1","105103","102","2208","102208","Double","1","1",,,"1","1220246218","https://m3.spitogatos.gr/359434715_1600x1200.jpg?v=20130730","https://m3.spitogatos.gr/359434718_1600x1200.jpg?v=20130730","https://m2.spitogatos.gr/359434723_1600x1200.jpg?v=20130730","https://m1.spitogatos.gr/359434725_1600x1200.jpg?v=20130730","https://m3.spitogatos.gr/359434733_1600x1200.jpg?v=20130730","https://m3.spitogatos.gr/359434736_1600x1200.jpg?v=20130730","https://m2.spitogatos.gr/359434762_1600x1200.jpg?v=20130730","https://m1.spitogatos.gr/359434764_1600x1200.jpg?v=20130730","https://m1.spitogatos.gr/359434767_1600x1200.jpg?v=20130730","https://m1.spitogatos.gr/359434770_1600x1200.jpg?v=20130730","https://m3.spitogatos.gr/359434772_1600x1200.jpg?v=20130730","https://m2.spitogatos.gr/359434774_1600x1200.jpg?v=20130730","https://m1.spitogatos.gr/359434776_1600x1200.jpg?v=20130730","https://m2.spitogatos.gr/359434780_1600x1200.jpg?v=20130730","https://m1.spitogatos.gr/359434782_1600x1200.jpg?v=20130730","https://m2.spitogatos.gr/359434783_1600x1200.jpg?v=20130730","https://m3.spitogatos.gr/359434787_1600x1200.jpg?v=20130730","https://m1.spitogatos.gr/359434794_1600x1200.jpg?v=20130730","https://m1.spitogatos.gr/359434809_1600x1200.jpg?v=20130730","https://m1.spitogatos.gr/359434812_1600x1200.jpg?v=20130730","https://m2.spitogatos.gr/359434813_1600x1200.jpg?v=20130730","https://m3.spitogatos.gr/359434817_1600x1200.jpg?v=20130730","https://m2.spitogatos.gr/359434819_1600x1200.jpg?v=20130730","https://m3.spitogatos.gr/359434823_1600x1200.jpg?v=20130730","https://m1.spitogatos.gr/359434827_1600x1200.jpg?v=20130730",,,"2","1","37.860901","1","1","23.755671",,"1",,,"2026-07-10","0",,,,"0","2",,,"1",,,,,,,"3700",,,"0","0","0","0","24.67",,,"1","3",,"1","1","2022",,"7","3",,"1",,,"150",,,,,"1",,"2026-06-26","https://www.spitogatos.gr/en/property/1220246218",,,,"1998",,"residential"
"1","4","no","vip","15",,,,,"1","1","0","0","2026-06-25","0","1","1","0","1","0","true","house","0",,"0","Στην υπέροχη Γλυφάδα, καθιστώντας την απόλυτη επιλογή για εκείνους που επιθυμούν τον συνδυασμό ανεπανάληπτης θέας και πολυτέλειας, βρίσκεται αυτό το διαμέρισμα 190 τ.μ. Ιδιαίτερα εντυπωσιακό, προσφέρει μια φανταστική πανοραμική θέα προς τη θάλασσα και το Γκολφ, που διαχέεται μέσα από κάθε γωνιά του χώρου. Ο ευρύχωρος χώρος υποδοχής με το τζάκι, προσφέρει ένα άνετο και ζεστό περιβάλλον για κοινωνικές συναντήσεις. Η πλήρως εξοπλισμένη κουζίνα είναι ένας ονειρεμένος χώρος για κάθε γαστρονομική εξερεύνηση. Τα τρία μεγάλα master en-suite υπνοδωμάτια προσφέρουν πολυτέλεια και άνεση. Διαθέτει αυτονομία με φυσικό αέριο και μια θέση στάθμευσης στο υπόγειο. Σε κεντρικό σημείο, κοντά στην θάλασσα και την αγορά!","200",,"0","1","2","1","1","2026-06-25","9","2","0","no","yes","0","Αθήνα - Νότια Προάστια (Αττική)","Γλυφάδα (Αθήνα - Νότια Προάστια)","1","105103","102","2208","106293","Double","1","2","0","1","1","1220214420","https://m1.spitogatos.gr/358989423_1600x1200.jpg?v=20130730","https://m1.spitogatos.gr/358989429_1600x1200.jpg?v=20130730","https://m1.spitogatos.gr/358989453_1600x1200.jpg?v=20130730","https://m1.spitogatos.gr/358989474_1600x1200.jpg?v=20130730","https://m2.spitogatos.gr/358989481_1600x1200.jpg?v=20130730","https://m2.spitogatos.gr/358989487_1600x1200.jpg?v=20130730","https://m3.spitogatos.gr/358989494_1600x1200.jpg?v=20130730","https://m2.spitogatos.gr/358989511_1600x1200.jpg?v=20130730","https://m2.spitogatos.gr/358989535_1600x1200.jpg?v=20130730","https://m3.spitogatos.gr/358989542_1600x1200.jpg?v=20130730","https://m1.spitogatos.gr/358989552_1600x1200.jpg?v=20130730","https://m1.spitogatos.gr/358989564_1600x1200.jpg?v=20130730","https://m2.spitogatos.gr/358989568_1600x1200.jpg?v=20130730","https://m1.spitogatos.gr/358989576_1600x1200.jpg?v=20130730","https://m1.spitogatos.gr/358989582_1600x1200.jpg?v=20130730","https://m1.spitogatos.gr/358989585_1600x1200.jpg?v=20130730","https://m1.spitogatos.gr/358989591_1600x1200.jpg?v=20130730","https://m3.spitogatos.gr/358989605_1600x1200.jpg?v=20130730","https://m2.spitogatos.gr/358989616_1600x1200.jpg?v=20130730","https://m1.spitogatos.gr/358989624_1600x1200.jpg?v=20130730","https://m3.spitogatos.gr/358989632_1600x1200.jpg?v=20130730",,,,,"0","0","2","1","37.869682","1","1","23.747396",,"1","0","0","2026-07-01","0","0","1","1","1","3",,,"0","0","0",,"0","0","0","7500",,,"0","0","0","0","39.47",,,"1","3","6","1","0",,"0","1","3","1","1",,"1","190","1",,,"0","1","0","2026-06-25","https://www.spitogatos.gr/en/property/1220214420",,"1","0","2015",,"residential"
"1","2","no","vip","15",,,,,"1","1","0","0","2026-06-19","0","0","1","0","1",,,"house",,,"0","Γλυφάδα, Κάτω Γλυφάδα, Διαμέρισμα Προς Ενοικίαση, 165 τ.μ., Κατάσταση: Καταπληκτική, Όροφος: 2ος, 1 Επίπεδο/α, 3 Υ/Δ (1 Master), 1 Κουζίνα/ες, 2 Μπάνιο/α, Θέρμανση: Αυτόνομη - Φυσικό Αέριο, Θέα: Καλή, Ενεργειακό Πιστοποιητικό: Β, Kουφώματα: Αλουμινίου, Χαρακτηριστικά: Ασανσέρ, Πόρτα Ασφαλείας, Συναγερμός, Αποθήκη, Τζάκι, Νυχτερινό ρεύμα, Internet, Ηλ. Συσκευές, Εσωτερική Σκάλα, Διπλά Τζάμια, Σίτες, Βεράντες, Χωρίς Κοινόχρηστα, Επιπλωμένο, Πολυτελές, Ρετιρέ, Διαμπερές, Φωτεινό, Κλιματισμός, Ηλιακός, Δέντρα, Κοντά σε: Super Market,σχολεια,εστιατορια, Τιμή: 3.500€. LuckyLand, Τηλ. Επικοινωνίας: 6932759898, email: nlikitsakos@gmail.com",,"1",,"1","4","0","1","2026-06-19","7",,"0","yes","no","0","Αθήνα - Νότια Προάστια (Αττική)","Γλυφάδα (Αθήνα - Νότια Προάστια)","1","105103","102","2208","106293",,"1","2","0","0","1","1220159533","https://m3.spitogatos.gr/357893864_1600x1200.jpg?v=20130730","https://m3.spitogatos.gr/357893867_1600x1200.jpg?v=20130730","https://m2.spitogatos.gr/357893869_1600x1200.jpg?v=20130730","https://m3.spitogatos.gr/357893873_1600x1200.jpg?v=20130730","https://m1.spitogatos.gr/357893874_1600x1200.jpg?v=20130730","https://m2.spitogatos.gr/357893875_1600x1200.jpg?v=20130730","https://m2.spitogatos.gr/357893878_1600x1200.jpg?v=20130730","https://m1.spitogatos.gr/357893895_1600x1200.jpg?v=20130730","https://m2.spitogatos.gr/357893911_1600x1200.jpg?v=20130730","https://m1.spitogatos.gr/357893922_1600x1200.jpg?v=20130730","https://m1.spitogatos.gr/357893925_1600x1200.jpg?v=20130730","https://m3.spitogatos.gr/357893927_1600x1200.jpg?v=20130730","https://m3.spitogatos.gr/357893945_1600x1200.jpg?v=20130730","https://m1.spitogatos.gr/357893961_1600x1200.jpg?v=20130730","https://m2.spitogatos.gr/357893965_1600x1200.jpg?v=20130730","https://m2.spitogatos.gr/357893968_1600x1200.jpg?v=20130730","https://m3.spitogatos.gr/357893975_1600x1200.jpg?v=20130730","https://m3.spitogatos.gr/357893981_1600x1200.jpg?v=20130730","https://m2.spitogatos.gr/357893983_1600x1200.jpg?v=20130730",,,,,,,"1","0","2","1","37.873936","1","1","23.752203",,"1",,,"2026-06-20","0","0",,"1","0","2",,,"0","1","1",,"0","0","0","3500",,,"0","0","0","0","21.21",,,"1","3","6","1","0",,"0",,"3","0","1",,"1","165","1",,,"0","1","0","2026-06-19","https://www.spitogatos.gr/en/property/1220159533",,"1",,,,
"1","2","no","vip","14",,,,,"1","0","0","0","2026-07-20","0","1","1","0","1","0","true","house","0","50","1","Εξαιρετικό διαμέρισμα 120 τ.μ., 2ου ορόφου, σε ήσυχη και προνομιακή περιοχή της Άνω Γλυφάδας, με όμορφη θέα στη θάλασσα και άμεση πρόσβαση σε όλες τις καθημερινές ανάγκες.<br />
<br />
Το ακίνητο διαθέτει:<br />
<br />
* 2 μεγάλα υπνοδωμάτια<br />
* 1 επιπλέον βοηθητικό δωμάτιο (ιδανικό για γραφείο, ξενώνα ή αποθηκευτικό χώρο)<br />
* 1 άνετο μπάνιο<br />
* 1 WC<br />
* Ευρύχωρο και φωτεινό σαλόνι με τζάκι<br />
* Μεγάλα μπαλκόνια με ηλεκτρικές τέντες<br />
* Διπλά κουφώματα αλουμινίου<br />
* Θέση στάθμευσης<br />
<br />
Βρίσκεται σε ήσυχη γειτονιά με εύκολη πρόσβαση σε αγορά, σούπερ μάρκετ, σχολεία και μέσα μαζικής μεταφοράς, συνδυάζοντας άνεση, λειτουργικότητα και ποιότητα ζωής.<br />
<br />
Ιδανική επιλογή για οικογένεια ή για όσους αναζητούν ένα ευρύχωρο διαμέρισμα σε μία από τις πιο περιζήτητες περιοχές των νοτίων προαστίων.<br />
Άμεσα διαθέσιμο<br />
Για περισσότερες πληροφορίες ή για προγραμματισμό επίσκεψης, επικοινωνήστε μαζί μας","800",,"0","1","4","1","1","2026-07-20","7","6","0","no","yes","1","Αθήνα - Νότια Προάστια (Αττική)","Γλυφάδα (Αθήνα - Νότια Προάστια)","1","105103","102","2208","106436","Double","2","1","0","0","1","1220425793","https://m2.spitogatos.gr/362468038_1600x1200.jpg?v=20130730","https://m1.spitogatos.gr/362468040_1600x1200.jpg?v=20130730","https://m3.spitogatos.gr/362468039_1600x1200.jpg?v=20130730","https://m2.spitogatos.gr/362468041_1600x1200.jpg?v=20130730","https://m3.spitogatos.gr/362468042_1600x1200.jpg?v=20130730","https://m1.spitogatos.gr/362468043_1600x1200.jpg?v=20130730","https://m2.spitogatos.gr/362468044_1600x1200.jpg?v=20130730","https://m2.spitogatos.gr/362468047_1600x1200.jpg?v=20130730","https://m3.spitogatos.gr/362468048_1600x1200.jpg?v=20130730","https://m1.spitogatos.gr/362468049_1600x1200.jpg?v=20130730","https://m2.spitogatos.gr/362468050_1600x1200.jpg?v=20130730","https://m3.spitogatos.gr/362468051_1600x1200.jpg?v=20130730","https://m1.spitogatos.gr/362468052_1600x1200.jpg?v=20130730",,,,,,,,,,,,,"1","0","2","1","37.870522","1","1","23.7659",,"1","0","0","2026-08-01","0","0",,"1","1","1","3","10","1","0","1",,"0","0","0","1350",,,"0","0","0","0","11.25",,,"1","3","6","1","1","2020","0","1","2","1","1",,"1","120","0",,"Ιλίου, 25, Γλυφάδα Ελλάδα, 16674","0","1","0","2026-07-20","https://www.spitogatos.gr/en/property/1220425793",,"1","1","1990",,"residential"
"1","5",,"vip","14",,,,,,,,"0","2026-07-31","0",,,"0","1",,,"house",,,,"Κωδικός Ακινήτου: S2-18737 Τοποθεσία: Γλυφάδα – Περιοχή Γκολφ<br />
<br />
 Ενοικιάζεται Διαμέρισμα 95 τ.μ. – 5ος Όροφος Στην πολυζητημένη περιοχή της Γλυφάδας (Γκολφ), διατίθεται προς ενοικίαση πλήρως ανακαινισμένο ρετιρέ διαμέρισμα επιφάνειας 95 τ.μ., στον 5ο όροφο καλοδιατηρημένης πολυκατοικίας. Το ακίνητο αποτελείται από άνετο σαλόνι με τζάκι, ξεχωριστή κουζίνα, δύο υπνοδωμάτια με εντοιχιζόμενες ντουλάπες και ένα μπάνιο. Ανακαινίστηκε πλήρως το 2023 και προσφέρει σύγχρονες ανέσεις που εξασφαλίζουν υψηλό επίπεδο διαβίωσης. Χαρακτηριστικά & Παροχές: Έτος κατασκευής: 1985 | Ανακαίνιση: 2023Σύστημα θέρμανσης: Κλιματιστικά (A/C)Κουφώματα αλουμινίου με διπλά τζάμιαΞύλινα δάπεδαΘωρακισμένη πόρτα ασφαλείαςΗλιακός θερμοσίφωναςΑνοιχτή θέα και άπλετο φυσικό φωςΑσανσέρΙδιωτικός χώρος στάθμευσηςΤο διαμέρισμα ξεχωρίζει για την εξαιρετική του τοποθεσία, σε ήσυχο και πράσινο περιβάλλον, με εύκολη πρόσβαση σε αγορές, συγκοινωνίες, σχολεία και την παραλιακή ζώνη. Μηνιαίο Μίσθωμα: 2.000 €",,,,"1","7","1","1","2026-07-31","10","2",,"yes","yes",,"Αθήνα - Νότια Προάστια (Αττική)","Γλυφάδα (Αθήνα - Νότια Προάστια)","1","105103","102","2208","102208","Double","4","4",,,"1","1220540424","https://m3.spitogatos.gr/364077509_1600x1200.jpg?v=20130730","https://m3.spitogatos.gr/364077515_1600x1200.jpg?v=20130730","https://m1.spitogatos.gr/364077519_1600x1200.jpg?v=20130730","https://m3.spitogatos.gr/364077524_1600x1200.jpg?v=20130730","https://m3.spitogatos.gr/364077530_1600x1200.jpg?v=20130730","https://m2.spitogatos.gr/364077532_1600x1200.jpg?v=20130730","https://m1.spitogatos.gr/364077537_1600x1200.jpg?v=20130730","https://m1.spitogatos.gr/364077540_1600x1200.jpg?v=20130730","https://m2.spitogatos.gr/364077544_1600x1200.jpg?v=20130730","https://m1.spitogatos.gr/364077549_1600x1200.jpg?v=20130730","https://m1.spitogatos.gr/364077552_1600x1200.jpg?v=20130730","https://m1.spitogatos.gr/364077555_1600x1200.jpg?v=20130730","https://m2.spitogatos.gr/364077559_1600x1200.jpg?v=20130730","https://m3.spitogatos.gr/364077563_1600x1200.jpg?v=20130730","https://m1.spitogatos.gr/364077567_1600x1200.jpg?v=20130730","https://m2.spitogatos.gr/364077571_1600x1200.jpg?v=20130730","https://m1.spitogatos.gr/364077576_1600x1200.jpg?v=20130730","https://m1.spitogatos.gr/364077579_1600x1200.jpg?v=20130730","https://m3.spitogatos.gr/364077584_1600x1200.jpg?v=20130730","https://m1.spitogatos.gr/364077588_1600x1200.jpg?v=20130730","https://m3.spitogatos.gr/364077590_1600x1200.jpg?v=20130730",,,,,,,"2","1","37.870991","1","1","23.756132",,"1",,,"2026-07-31","0",,,,"0","1",,,"1","1",,,,,,"2000",,,"0","0","0","0","21.05",,,"1","3",,"1","1","2023",,"7","2",,"1",,"1","95",,,,,"1",,"2026-07-31","https://www.spitogatos.gr/en/property/1220540424",,"1",,"1985",,"residential"
"1","2",,"vip","14",,,,,,,,"0","2026-07-31","0",,"1","0","1",,,"house",,,,"Κωδικός ακινήτου: S2-18739 Τοποθεσία: Κάτω Γλυφάδα Μίσθωμα: 2.600 €  Ενοικιάζεται πολυτελές ανακαινισμένο επιπλωμένο διαμέρισμα 2 ου ορόφου συνολικής επιφάνειας 100.00 τ.μ..    Διαρρύθμιση - Εσωτερικοί Χώροι:  2 υπνοδωμάτια,  Μεγάλο Σαλόνι με τζάκι,  Κουζίνα,  Μπάνιο, WC  Παροχές - Εξοπλισμός: Ενεργειακή κλάση Β, Ανακαίνιση 2024, Θέρμανση αντλία θερμότητας, Κουφώματα αλουμινίου,  Ανελκυστήρα,  A/C,  Ηλεκτρικές συσκευές,  Διπλά τζάμια, Πόρτα ασφαλείας, Μπαλκόνια με απεριόριστη θέα  Bρίσκεται σε υπέροχη και προνομιακή τοποθεσία πλησίον αγοράς, σχολείων, Μέσα μαζικής μεταφοράς.",,,,"1","4","1",,"2026-07-31","7",,,"yes",,,"Αθήνα - Νότια Προάστια (Αττική)","Γλυφάδα (Αθήνα - Νότια Προάστια)","1","105103","102","2208","102208","Double","1","13",,,"1","1220539314","https://m1.spitogatos.gr/364058643_1600x1200.jpg?v=20130730","https://m3.spitogatos.gr/364058645_1600x1200.jpg?v=20130730","https://m1.spitogatos.gr/364058649_1600x1200.jpg?v=20130730","https://m3.spitogatos.gr/364058654_1600x1200.jpg?v=20130730","https://m1.spitogatos.gr/364058658_1600x1200.jpg?v=20130730","https://m2.spitogatos.gr/364058659_1600x1200.jpg?v=20130730","https://m3.spitogatos.gr/364058663_1600x1200.jpg?v=20130730","https://m2.spitogatos.gr/364058665_1600x1200.jpg?v=20130730","https://m1.spitogatos.gr/364058667_1600x1200.jpg?v=20130730","https://m3.spitogatos.gr/364058669_1600x1200.jpg?v=20130730","https://m2.spitogatos.gr/364058671_1600x1200.jpg?v=20130730","https://m3.spitogatos.gr/364058675_1600x1200.jpg?v=20130730","https://m2.spitogatos.gr/364058677_1600x1200.jpg?v=20130730","https://m2.spitogatos.gr/364058680_1600x1200.jpg?v=20130730","https://m1.spitogatos.gr/364058682_1600x1200.jpg?v=20130730","https://m3.spitogatos.gr/364058684_1600x1200.jpg?v=20130730","https://m1.spitogatos.gr/364058685_1600x1200.jpg?v=20130730","https://m3.spitogatos.gr/364058687_1600x1200.jpg?v=20130730","https://m2.spitogatos.gr/364058692_1600x1200.jpg?v=20130730","https://m1.spitogatos.gr/364058694_1600x1200.jpg?v=20130730","https://m3.spitogatos.gr/364058696_1600x1200.jpg?v=20130730","https://m2.spitogatos.gr/364058698_1600x1200.jpg?v=20130730","https://m1.spitogatos.gr/364058700_1600x1200.jpg?v=20130730","https://m2.spitogatos.gr/364058704_1600x1200.jpg?v=20130730","https://m3.spitogatos.gr/364058708_1600x1200.jpg?v=20130730",,,"2","1","37.859509","1","1","23.76149",,"1",,,"2026-07-31","0",,,,"1","1",,,"1",,,,,,,"2600",,,"0","0","0","0","26",,,"1","3",,"1","1","2024",,,"2",,"1",,,"100",,,,,"1",,"2026-07-31","https://www.spitogatos.gr/en/property/1220539314",,"1",,"1990",,"residential"
"1","1",,"vip","14",,,,,,"0",,"0","2026-07-31","0","1","1","11","1",,"true","house",,,,"Κωδικός ακινήτου: S2-18746 Περιοχή: Κέντρο Γλυφάδα Τιμή Ενοικίασης: 2.800 € / μήναΠρος ενοικίαση ανακαινισμένο, πλήρως επιπλωμένο και εξοπλισμένο διαμέρισμα στον 1ο όροφο συνολικής επιφάνειας 110 τ.μΔιαρρύθμιση:3 υπνοδωμάτιαΕνιαίο χώρο καθιστικού και τραπεζαρίας, Κουζίνα, 1 μπάνιο και WC.  Χαρακτηριστικά - Παροχές:Ανακαίνιση  2024, Θέρμανση  κεντρική - πετρέλαιο,κουφώματα αλουμινίου, πόρτα ασφαλείας , ανελκυστήρα, 2 θέσεις στάθμευσης, μεγάλα μπαλκόνια , A/C, ηλεκτρικές συσκευές, διπλά τζάμια. Βρίσκεται σε εξαιρετική τοποθεσία, δίπλα σε όλες τις ανέσεις, την αγορά και απέχοντας μόνο 300 μέτρα από τη θάλασσα.","300",,,"1","6","1","0","2026-07-31","6",,,"yes","yes","0","Αθήνα - Νότια Προάστια (Αττική)","Γλυφάδα (Αθήνα - Νότια Προάστια)","1","105103","102","2208","102208","Double","2","1",,,"1","1220539174","https://m2.spitogatos.gr/364055743_1600x1200.jpg?v=20130730","https://m3.spitogatos.gr/364055744_1600x1200.jpg?v=20130730","https://m2.spitogatos.gr/364055746_1600x1200.jpg?v=20130730","https://m1.spitogatos.gr/364055748_1600x1200.jpg?v=20130730","https://m2.spitogatos.gr/364055749_1600x1200.jpg?v=20130730","https://m3.spitogatos.gr/364055750_1600x1200.jpg?v=20130730","https://m2.spitogatos.gr/364055752_1600x1200.jpg?v=20130730","https://m1.spitogatos.gr/364055754_1600x1200.jpg?v=20130730","https://m3.spitogatos.gr/364055756_1600x1200.jpg?v=20130730","https://m1.spitogatos.gr/364055757_1600x1200.jpg?v=20130730","https://m2.spitogatos.gr/364055758_1600x1200.jpg?v=20130730","https://m1.spitogatos.gr/364055760_1600x1200.jpg?v=20130730","https://m3.spitogatos.gr/364055762_1600x1200.jpg?v=20130730","https://m2.spitogatos.gr/364055764_1600x1200.jpg?v=20130730","https://m3.spitogatos.gr/364055765_1600x1200.jpg?v=20130730","https://m2.spitogatos.gr/364055767_1600x1200.jpg?v=20130730","https://m3.spitogatos.gr/364055768_1600x1200.jpg?v=20130730","https://m2.spitogatos.gr/364055770_1600x1200.jpg?v=20130730","https://m1.spitogatos.gr/364055772_1600x1200.jpg?v=20130730","https://m2.spitogatos.gr/364055773_1600x1200.jpg?v=20130730","https://m1.spitogatos.gr/364055775_1600x1200.jpg?v=20130730","https://m2.spitogatos.gr/364055776_1600x1200.jpg?v=20130730","https://m1.spitogatos.gr/364055778_1600x1200.jpg?v=20130730","https://m2.spitogatos.gr/364055779_1600x1200.jpg?v=20130730","https://m1.spitogatos.gr/364055781_1600x1200.jpg?v=20130730",,,"2","1","37.865662","1","1","23.74608","150","1",,,"2026-07-31","0",,,,"1","1",,,"1",,"0",,,"0",,"2800",,,"0","0","0","0","25.45",,,"1","3",,"1","1","2024",,"7","3",,"1",,,"110",,,,,"1",,"2026-07-31","https://www.spitogatos.gr/en/property/1220539174",,,,"1980",,"residential"
"1","1","no","vip","14",,,,,"0","1","0","0","2026-04-21","0","1","1","0","0","0",,"house","0",,"1","Μεζονέτα Τριών Επιπέδων προςΕνοικίαση στη Γλυφάδα – 145 τ.μ.<br />
<br />
Πωλείται μοντέρνα μεζονέτα 2 επιπέδων στην καρδιά της Γλυφάδας, ιδανική για οικογένειες που αναζητούν άνεση και λειτουργικότητα.<br />
<br />
Χαρακτηριστικά ακινήτου:<br />
<br />
Εμβαδόν: 145τ.μ.<br />
Υπνοδωμάτια: 3<br />
Μπάνια: 2 πλήρη + 1 WC<br />
Κουζίνες: 1 πλήρως εξοπλισμένες<br />
Θέση στάθμευσης: 1 σε ανοιχτό χώρο<br />
Θέρμανση: Αυτόνομη με φυσικό αέριο<br />
Ανακαίνιση: 2022<br />
Ενεργειακό πιστοποιητικό: Δ<br />
Επιπλέον: Κήπος, αποθήκη, εσωτερική σκάλα<br />
<br />
Πλεονεκτήματα:<br />
<br />
Τριώροφη διάταξη για άνετη διαβίωση και διαχωρισμό χώρων<br />
Πρόσφατα ανακαινισμένη, έτοιμη για άμεση κατοίκηση<br />
Ιδανική για οικογένειες ή για χρήση ως διπλή κατοικία λόγω των δύο κουζινών<br />
Ευχάριστος κήπος για στιγμές χαλάρωσης και κοινωνικές δραστηριότητες<br />
<br />
Η μεζονέτα βρίσκεται σε ήσυχη και ταυτόχρονα κεντρική περιοχή της Γλυφάδας, κοντά σε σχολεία, καταστήματα, καφέ και παραλίες.<br />
<br />
 Τιμή: €2.300. Katerina Chartoulari Real Estate, Τηλέφωνο Επικοινωνίας: 2108976105, email: info@chartoulari.gr, website: www.chartoulari.gr",,,"0","0","6","0","1","2026-04-21","6","2","0","no","yes","1","Αθήνα - Νότια Προάστια (Αττική)","Γλυφάδα (Αθήνα - Νότια Προάστια)","1","105103","102","2208",,"Double","1","2","0","0","1","1219749436","https://m3.spitogatos.gr/358548782_1600x1200.jpg?v=20130730","https://m1.spitogatos.gr/358548786_1600x1200.jpg?v=20130730","https://m1.spitogatos.gr/351117936_1600x1200.jpg?v=20130730","https://m2.spitogatos.gr/351117940_1600x1200.jpg?v=20130730","https://m2.spitogatos.gr/351117946_1600x1200.jpg?v=20130730","https://m1.spitogatos.gr/351117951_1600x1200.jpg?v=20130730","https://m3.spitogatos.gr/351117953_1600x1200.jpg?v=20130730","https://m3.spitogatos.gr/351117956_1600x1200.jpg?v=20130730","https://m1.spitogatos.gr/351119253_1600x1200.jpg?v=20130730","https://m1.spitogatos.gr/351119259_1600x1200.jpg?v=20130730","https://m1.spitogatos.gr/351117966_1600x1200.jpg?v=20130730","https://m2.spitogatos.gr/351117970_1600x1200.jpg?v=20130730","https://m1.spitogatos.gr/351117975_1600x1200.jpg?v=20130730",,,,,,,,,,,,,"1","0","2","1","37.868633","2","1","23.753733",,"0","0","0","2026-07-31","0","0",,"1","1","2",,,"0","0","1",,"0","0","0","2150",,,"0","0","0","0","14.83",,,"1","3","6","1","0",,"0",,"3","0","1",,"1","145","1",,,"0","3","0","2026-04-21","https://www.spitogatos.gr/en/property/1219749436",,"1","0","1983",,"residential"
