"AC","Floor Level","accessibleForDisabled","adType_code","adType_id","agentEmployee_firstName","agentEmployee_id","agentEmployee_lastName","agentEmployee_telephone","airy","alarm","attic","auction","availability","availableForDailyRent","awning","balcony","balconyArea","bright","builtInBBQ","byTheSea","category","caveBuilding","commonExpenses","contactEnquirer_id","corner","description","distanceSea","doubleGlass","electricCarChargingFacilities","elevator","energyClass","enquirerId","enquirer_blocked","enquirer_contactHours","enquirer_email","enquirer_enquirerId","enquirer_firstName","enquirer_lastName","enquirer_telephone","facade","fireplace","firstPublishDate","floorNumber","floorType","forCommercialUse","furnished","garage","garden","geographiesByLevel_2_fullName","geographiesByLevel_4_fullName","geographyParentIds_0","geographyParentIds_1","geographyParentIds_2","geographyParentIds_4","geographyParentIds_5","glassType","heatingController","heatingMedium","heatingUnderFloor","holidayHome","host_id","id","images/0","images/1","images/2","images/3","images/4","images/5","images/6","images/7","images/8","images/9","images/10","images/11","images/12","images/13","images/14","images/15","images/16","images/17","images/18","images/19","images/20","images/21","images/22","images/23","images/24","internal_stairs","investment","joinery","kitchens","latitude","levels","livingRooms","longitude","lotSize","luxHome","mannedReception","medicalOffice","modified","negotiablePrice","neoclassic","newDevelopment","nightPower","noAgentFee","no_of_WC","no_of_bathrooms","numberOfFloors","orientation","painted","penthouse","pestNet","petsAllowed","playroom","pool","preserved","price","priceChangeDate","priceChangePercentage","priceIncludesInternet","priceIncludesPower","priceIncludesSharedExp","priceIncludesWater","pricePerSqMeters","pricePreReduction","priceReduced","propertyPublishingOptionIds/0","propertyPublishingOptionIds/1","propertyPublishingOptionIds/2","propertyPublishingOptionIds/3","published","renovated","renovationYear","requiresRenovation","road_type","rooms","satelite","secure_door","solar_heater","sq_meters","storage","storageArea","streetAddress","studentHome","subtype","unfinished","uploaded","url","vTourUrl","view","wholeFloorApartment","year_of_construction","youtubeVideoId","zoning"
"1","2","no","vip","14","Αλέξιος","81463","Κοσμόπουλος","6986109593","0","1","0","0","2026-07-17","0","0","1","0","1","0",,"house","0",,,"0","Διατίθεται προς ενοικίαση διαμέρισμα 140 τ.μ., 2ου ορόφου, στην περιοχή Βριλήσσια, Κέντρο. Το ακίνητο αποτελείται από τρία υπνοδωμάτια, ένα μπάνιο, ένα WC, μία κουζίνα και ένα ευρύχωρο σαλόνι με ενεργειακό τζάκι, προσφέροντας άνετη και λειτουργική διαρρύθμιση. Επιπλέον, διαθέτει μία ανοιχτή θέση στάθμευσης. Το διαμέρισμα βρίσκεται σε πολύ καλή κατάσταση και διαθέτει αυτόνομη θέρμανση με πετρέλαιο, κλιματισμό, ηλιακό θερμοσίφωνα, θερμομόνωση, κουφώματα αλουμινίου με τριπλά τζάμια και δάπεδα από πλακάκι και ξύλο. Το ενεργειακό πιστοποιητικό είναι κατηγορίας Β. Επιπλέον περιλαμβάνει σίτες, ασανσέρ, ηλεκτρικές συσκευές, αποθήκη, πόρτα ασφαλείας, σύστημα συναγερμού και οπτική ίνα, προσφέροντας υψηλό επίπεδο άνεσης και ασφάλειας.<br />
<br />
Το διαμέρισμα είναι φωτεινό, με ανατολικοδυτικό προσανατολισμό και απολαμβάνει θέα σε πάρκο, βουνό και αστικό τοπίο. Βρίσκεται σε εξαιρετική τοποθεσία, κοντά σε Μετρό, συγκοινωνίες, κέντρο πόλης, αγορά και χώρους εστίασης, καλύπτοντας όλες τις καθημερινές ανάγκες.<br />
<br />
📍 Η αναφερόμενη τοποθεσία είναι ενδεικτική. Για περισσότερες πληροφορίες ή προγραμματισμό επίσκεψης:<br />
<br />
KOSMOS REAL ESTATE<br />
📞 Υπεύθυνος Ακινήτου: Αλέξης – 6986109593<br />
📧 info@kosmosrealestate.gr<br />
🌐 www.kosmosrealestate.gr",,,"0","1","4",,,,,,,,,"0","1","2026-07-17","7","10","0","no","yes","0","Αθήνα - Βόρεια Προάστια (Αττική)","Βριλήσσια (Αθήνα - Βόρεια Προάστια)","1","105103","101","2103","102103","Triple","1","1","0","0","1","1220407503","https://m3.spitogatos.gr/362177195_1600x1200.jpg?v=20130730","https://m3.spitogatos.gr/362177198_1600x1200.jpg?v=20130730","https://m3.spitogatos.gr/362177201_1600x1200.jpg?v=20130730","https://m3.spitogatos.gr/362177204_1600x1200.jpg?v=20130730","https://m1.spitogatos.gr/362177208_1600x1200.jpg?v=20130730","https://m3.spitogatos.gr/362177213_1600x1200.jpg?v=20130730","https://m3.spitogatos.gr/362177216_1600x1200.jpg?v=20130730","https://m1.spitogatos.gr/362177217_1600x1200.jpg?v=20130730","https://m3.spitogatos.gr/362177219_1600x1200.jpg?v=20130730","https://m2.spitogatos.gr/362177221_1600x1200.jpg?v=20130730","https://m2.spitogatos.gr/362177224_1600x1200.jpg?v=20130730","https://m2.spitogatos.gr/362177227_1600x1200.jpg?v=20130730","https://m2.spitogatos.gr/362177230_1600x1200.jpg?v=20130730","https://m1.spitogatos.gr/362177232_1600x1200.jpg?v=20130730","https://m3.spitogatos.gr/362177234_1600x1200.jpg?v=20130730","https://m2.spitogatos.gr/362177236_1600x1200.jpg?v=20130730","https://m3.spitogatos.gr/362177237_1600x1200.jpg?v=20130730","https://m2.spitogatos.gr/362177239_1600x1200.jpg?v=20130730","https://m1.spitogatos.gr/362177241_1600x1200.jpg?v=20130730","https://m2.spitogatos.gr/362177242_1600x1200.jpg?v=20130730",,,,,,"0","0","2","1","38.030392","1","1","23.836239",,"0","0","0","2026-07-30","0","0",,"0",,"1","1",,"2","0","0","1",,"0","0","0","1550",,,"0","0","0","0","11.07",,,"1","3","6",,"1","0",,"0","1","3","0","1","1","140","1",,,"0","1","0","2026-07-17","https://www.spitogatos.gr/en/property/1220407503",,"1","0",,,"residential"
"1","Ground Floor","no","vip","13",,,,,"0","0","0","0","2026-07-17","0","1","1","0","0","0","false","house",,"30",,"0","<br>Κωδικός ακινήτου: 2385968 - Ενοικίαση Διαμερίσματος στα Άνω Βριλήσσια<br />
<br />
Πρόκειται για ένα υπερυψωμένο ισόγειο διαμέρισμα συνολικής επιφάνειας 168 τ.μ., που προσφέρει άνεση και λειτουργικότητα. Το ακίνητο διαθέτει 3 ευρύχωρα υπνοδωμάτια, ένα ζεστό σαλόνι, πλήρως εξοπλισμένη κουζίνα, μπάνιο και WC, ιδανικά σχεδιασμένα για τις ανάγκες μιας οικογένειας.<br />
<br />
Κατασκευασμένο το 2000, το διαμέρισμα διαθέτει ενεργειακή κλάση Γ, παρέχοντας οικονομία στην κατανάλωση ενέργειας. Η αυτόνομη θέρμανση με πετρέλαιο εξασφαλίζει ζεστασιά κατά τους χειμερινούς μήνες, ενώ τα κουφώματα αλουμινίου προσφέρουν εξαιρετική μόνωση. <br />
<br />
Ανακαλύψτε τη μαγευτική θέα στη θάλασσα από το χώρο σας, απολαμβάνοντας παράλληλα τον όμορφο κήπο που περιβάλλει το ακίνητο. Οι ανέσεις περιλαμβάνουν πόρτα ασφαλείας για επιπλέον προστασία, εντοιχιζόμενες ντουλάπες για οργανωμένο αποθηκευτικό χώρο, A/C για δροσιά το καλοκαίρι, καθώς και τέντες και σίτες για άνεση και προστασία από τον ήλιο.<br />
<br />
Ο ηλιακός θερμοσίφωνας και το boiler προσφέρουν ανεξάρτητη παροχή ζεστού νερού, ενώ η τοποθεσία του ακινήτου είναι ιδανική, με απόσταση μόλις 13 χλμ. από τη θάλασσα και 13 χλμ. από το αεροδρόμιο.<br />
<br />
Η τιμή ενοικίασης ανέρχεται σε 1.300 €, προσφέροντας μια μοναδική ευκαιρία για μια άνετη ζωή στα Άνω Βριλήσσια.<br>Το στίγμα στο χάρτη δεν υποδεικνύει την ακριβή τοποθεσία του<br />
    ακινήτου, αλλά πλησίον αυτής. Δείτε και άλλα ακίνητα στο www.smartdeals.gr. Απαραίτητη για την υπόδειξη του<br />
        ακινήτου η προσκόμιση της ταυτότητας και του ΑΦΜ του<br />
    ενδιαφερομένου αγοραστή/ενοικιαστή, βάσει του Νόμου 4072/11.4.2012.  <br><br />
    Smart Deals Real Estate, 210 6080500<br />
        / realestate.smartdeals@gmail.com<br />
<br> <br>","13000",,,"0","5",,,,,,,,,"0","0","2026-07-17","3",,"0","no","no","1","Αθήνα - Βόρεια Προάστια (Αττική)","Βριλήσσια (Αθήνα - Βόρεια Προάστια)","1","105103","101","2103","6500","Single","1","1","0","0","1","1220409307","https://m1.spitogatos.gr/362663760_1600x1200.jpg?v=20130730","https://m2.spitogatos.gr/362663770_1600x1200.jpg?v=20130730","https://m3.spitogatos.gr/362663792_1600x1200.jpg?v=20130730","https://m2.spitogatos.gr/362663821_1600x1200.jpg?v=20130730","https://m1.spitogatos.gr/362663826_1600x1200.jpg?v=20130730","https://m1.spitogatos.gr/362663844_1600x1200.jpg?v=20130730","https://m3.spitogatos.gr/362663849_1600x1200.jpg?v=20130730","https://m3.spitogatos.gr/362663879_1600x1200.jpg?v=20130730","https://m2.spitogatos.gr/362663887_1600x1200.jpg?v=20130730","https://m3.spitogatos.gr/362663897_1600x1200.jpg?v=20130730","https://m2.spitogatos.gr/362663905_1600x1200.jpg?v=20130730","https://m1.spitogatos.gr/362663910_1600x1200.jpg?v=20130730","https://m3.spitogatos.gr/362663966_1600x1200.jpg?v=20130730",,,,,,,,,,,,,"0","0","2","1","38.046959",,"1","23.84811",,"0",,,"2026-08-01","0","0",,"0",,"1","1",,"2","0","0","1",,"0","0","0","1300",,,"0","0","0","0","7.74",,,"1","3","6",,"1","0",,"0","1","3","0","1","1","168","0",,"Κουντουριώτου 10, 152 35, Βριλήσσια","0","1","0","2026-07-17","https://www.spitogatos.gr/en/property/1220409307",,"1","0","2000","nH6MpNkfvbI","residential"
"1","2","no","vip","13",,,,,"1","1","0","0","2026-07-07","0","0","0","0","1","0",,"house","0","60",,"0","Διαμέρισμα Προς Ενοικίαση, όροφος: 2ος, στην περιοχή: Βριλήσσια - Κέντρο. Το εμβαδόν του ακινήτου είναι 105 τ.μ.. Αποτελείται από: 2 Υ/Δ, 2 μπάνιο/α, 1 κουζίνα/ες, 1 σαλόνι/α, ενώ διαθέτει 1 θέσεις στάθμευσης (1 Σε υπόγειο χώρο). Έχει κατασκευαστεί το 2007. Η θέρμανση του ακινήτου είναι Αυτόνομη με Αντλία θερμότητας, ενώ επίσης διατίθεται Κλιματισμός, Ηλιακός, έχει κουφώματα Αλουμινίου με Διπλά τζάμια, ενεργειακό πιστοποιητικό: Δ και τα δάπεδα είναι: Πλακάκια, Ξύλο. Η κατάστασή του είναι: Ανακαινισμένο, βρίσκεται κοντά σε Συγκοινωνίες, Σχολείο, Super Market, Εστίαση, έχει θέα Βουνό και έχει Βόρειοανατολικό προσανατολισμό. Το ακίνητο είναι Ρετιρέ, Προσόψεως, Φωτεινό, Ευάερο, Ευήλιο, Διαμπερές, Πολυτελές και επίσης διαθέτει τα παρακάτω χαρακτηριστικά και πλεονεκτήματα: Σίτες, Ασανσέρ, Αποθήκη, Πόρτα Ασφαλείας, Συναγερμός, Επιτρέπονται Κατοικίδια, Βεράντα. Τιμή: €1.400. Iakovatos Real Estate, Τηλέφωνο Επικοινωνίας: 6970559278, email: christos.iakovatos@gmail.com",,,"0","1","6",,,,,,,,,"1","1","2026-07-07","7","10","0","no","yes","0","Αθήνα - Βόρεια Προάστια (Αττική)","Βριλήσσια (Αθήνα - Βόρεια Προάστια)","1","105103","101","2103","106378","Double","1","13","0","0","1","1220320119","https://m3.spitogatos.gr/360726665_1600x1200.jpg?v=20130730","https://m1.spitogatos.gr/360726696_1600x1200.jpg?v=20130730","https://m2.spitogatos.gr/360726703_1600x1200.jpg?v=20130730","https://m1.spitogatos.gr/360726714_1600x1200.jpg?v=20130730","https://m1.spitogatos.gr/360726723_1600x1200.jpg?v=20130730","https://m2.spitogatos.gr/360726748_1600x1200.jpg?v=20130730","https://m2.spitogatos.gr/360726778_1600x1200.jpg?v=20130730","https://m3.spitogatos.gr/360726785_1600x1200.jpg?v=20130730","https://m3.spitogatos.gr/360726797_1600x1200.jpg?v=20130730","https://m3.spitogatos.gr/360726806_1600x1200.jpg?v=20130730","https://m3.spitogatos.gr/360726827_1600x1200.jpg?v=20130730","https://m2.spitogatos.gr/360726841_1600x1200.jpg?v=20130730","https://m1.spitogatos.gr/360726849_1600x1200.jpg?v=20130730","https://m1.spitogatos.gr/360726861_1600x1200.jpg?v=20130730","https://m2.spitogatos.gr/360726874_1600x1200.jpg?v=20130730","https://m1.spitogatos.gr/360726879_1600x1200.jpg?v=20130730","https://m2.spitogatos.gr/360726883_1600x1200.jpg?v=20130730","https://m3.spitogatos.gr/360726887_1600x1200.jpg?v=20130730","https://m3.spitogatos.gr/360726905_1600x1200.jpg?v=20130730","https://m2.spitogatos.gr/360726931_1600x1200.jpg?v=20130730","https://m2.spitogatos.gr/360726946_1600x1200.jpg?v=20130730","https://m1.spitogatos.gr/360726954_1600x1200.jpg?v=20130730","https://m3.spitogatos.gr/360726980_1600x1200.jpg?v=20130730","https://m2.spitogatos.gr/360726994_1600x1200.jpg?v=20130730","https://m3.spitogatos.gr/360727013_1600x1200.jpg?v=20130730","0","0","2","1","38.043823","1","1","23.836914",,"1","0","0","2026-08-01","0","0",,"0",,"0","2",,"5","0","1","1","1","0","0","0","1400","2026-07-18 13:15:51","7","0","0","0","0","13.33","1500","true","1","3","6",,"1","1",,"0","1","2","0","1","1","105","1","11",,"0","1","0","2026-07-07","https://www.spitogatos.gr/en/property/1220320119",,"1","0","2007",,"residential"
"1","4","no","vip","13",,,,,"0","1","0","0","2026-07-08","0","0","1","0","1","0",,"house",,,,"1","Κωδικός ακινήτου: 6815288 - Βριλήσσια Κέντρο  ΕΝΟΙΚΙΑΖΕΤΑΙ   νεόδμητη  μεζονέτα  στον 4 ο όροφο συνολικής επιφάνειας 185.00 τ.μ.  . Αποτελείται από 3 υπνοδωμάτια, σαλόνι, κουζίνα, 3 μπάνια και WC. Είναι κατασκευασμένη το 2026 με ενεργειακή κλάση Α+  και διαθέτει θέρμανση ενδοδαπέδια - φυσικού αερίου, απεριόριστη θέα, κουφώματα ενεργειακά, ξύλινα πατώματα, πόρτα θωρακισμένη, εντοιχιζόμενες ντουλάπες, ανελκυστήρα, πάρκινγκ, αποθήκη 25 τ.μ., κήπο, τζάκι, εγκαταστάσεις φόρτισης ηλεκτρικού αυτοκινήτου, A/C, προεγκατάσταση Α/C, τριπλή ενέργεια, θέρμανση ανα επίπεδο, συναγερμό, ηλεκτρικές συσκευές, σίτες, τριπλά τζάμια, ηλιακό θερμοσίφωνα, Roof Garden, φωτοβολταικά, dressing room, δορυφορική κεραία, θυροτηλεόραση, ανοιχτωσιά, εσωτερική σκάλα, οπτικές ίνες      - Τιμή: 4.500 €  <br><strong><br>Σε μία από τις πιο προνομιακές τοποθεσίες των Βριλησσίων, απέναντι από πάρκο, διατίθεται προς ενοικίαση νεόδμητη ρετιρέ μεζονέτα 185 τ.μ., 4ου και 5ου ορόφου, με αποκλειστικής χρήσης roof garden και πανοραμική, ανεμπόδιστη θέα.<br></strong>Πρόκειται για μία κατοικία υψηλών προδιαγραφών με σύγχρονο minimal σχεδιασμό, που συνδυάζει απόλυτη ιδιωτικότητα, έντονο φυσικό φως και μία εμπειρία διαβίωσης που ξεχωρίζει.<strong><br><br>Εσωτερική Διαρρύθμιση και Ροή Χώρων<br><br></strong>►<strong>Κύριο επίπεδο (4ος όροφος</strong>)<br>   • Ευρύχωρος χώρος υποδοχής με ενιαίο living room και τζάκι<br>   • Μεγάλες βεράντες με ανοιχτό ορίζοντα και θέα σε πράσινο<br>  • Ανεξάρτητη, εργονομική κουζίνα minimal αισθητικής με εντοιχισμένες ηλεκτρικές συσκευές<br>  • 2 Master υπνοδωμάτια με en suite μπάνια <br>    • 1 WC επισκεπτών<br>Όλοι οι χώροι αναπτύσσονται περιμετρικά με μεγάλα ανοίγματα, εξασφαλίζοντας μοναδική φωτεινότητα και άμεση επαφή με τις εξωτερικές βεράντες.<br>►<strong>Επίπεδο δώματος (5ος όροφος)</strong><br>  • 1 Penthouse Master υπνοδωμάτιο με walk-in closet και ιδιωτικό μπάνιο που μπορεί να χρησιμοποιηθεί και ως γραφείο υψηλών προδιαγραφών, ξενώνας ή χώρος χαλάρωσης,<br>   αφού διαθέτει και δική του είσοδο.<br>  <br>Τα μεγάλα ανοίγματα και η περιμετρική θέα δημιουργούν ένα εντυπωσιακό και ιδιαίτερα φωτεινό περιβάλλον.<strong><br><br>Εξωτερικοί Χώροι<br><br></strong>Το αποκλειστικής χρήσης <strong>roof garden </strong>με φυτεμένο δώμα αποτελεί το απόλυτο highlight της κατοικίας, προσφέροντας ανεμπόδιστη καθηλωτική  θέα και υψηλό επίπεδο ιδιωτικότητας.<br />
Ένας χώρος ιδανικός για διαμόρφωση καθιστικού ή σημείου χαλάρωσης, που αναβαθμίζει ουσιαστικά την εμπειρία κατοίκησης, αποδίδοντας την αίσθηση ενός σύγχρονου penthouse με έντονο lifestyle χαρακτήρα.<br><br><strong>Τεχνικά Προδιαγραφές και Εξοπλισμός<br></strong><br>♦ Έτος κατασκευής: 2026<br>♦ Ενεργειακή κλάση: Α+<br>♦ Ενδοδαπέδια θέρμανση με φυσικό αέριο<br>♦ Σύστημα κλιματισμού VRV<br>♦ Τζάκι<br>♦ Ηλιακός θερμοσίφωνας<br>♦ Φωτοβολταϊκά panels για μείωση κοινόχρηστου ενεργειακού κόστους<br>♦ Ηλεκτρικές συσκευές<br>♦ Ενεργειακά κουφώματα βαρέως τύπου με τριπλά τζάμια και σίτες<br>♦ Ξύλινα δάπεδα σε όλους τους χώρους και Ενεργειακό τζάκι<br>♦ Κρυφός φωτισμός<br>♦ Πόρτα ασφαλείας και συναγερμός και στα δύο επίπεδα και Θυροτηλεόραση<br>♦ 2  θέσεις στάθμευσης με φορτιστή ηλεκτρικού οχήματος<br>♦ Αποθήκη υπογείου 25 τ.μ.<br><br><strong>Τοποθεσία<br></strong><br>Το ακίνητο βρίσκεται σε εξαιρετικό σημείο των Βριλησσίων, απέναντι από πάρκο και σε ήσυχη, οικιστική ζώνη.<br>Σε πολύ κοντινή απόσταση βρίσκονται το<strong> Μετρό και ο Προαστιακός Δουκίσσης Πλακεντίας</strong>, καθώς και σχολεία, πλατείες και τοπική αγορά, ενώ υπάρχει άμεση πρόσβαση σε βασικούς οδικούς άξονες και την<strong> Αττική Οδό</strong>.<br>Η τοποθεσία συνδυάζει ιδανικά την ηρεμία με την άμεση σύνδεση με το κέντρο, καθιστώντας το ακίνητο ιδανική επιλογή για απαιτητικούς ενοικιαστές που αναζητούν υψηλό επίπεδο διαβίωσης.<br><br>*Το ακίνητο δεν διατίθεται επιπλωμένο. Οι φωτογραφίες αποτελούν φωτορεαλιστική απεικόνιση.<br><br> <br>Περισσότερα διαθέσιμα ακίνητα στο www.dp-properties.gr",,,"1","1","1",,,,,,,,,"1","1","2026-07-08","9","2","0","no","yes","1","Αθήνα - Βόρεια Προάστια (Αττική)","Βριλήσσια (Αθήνα - Βόρεια Προάστια)","1","105103","101","2103","102103","Triple","1","2","1","0","1","1220329918","https://m2.spitogatos.gr/360885391_1600x1200.jpg?v=20130730","https://m2.spitogatos.gr/360885394_1600x1200.jpg?v=20130730","https://m3.spitogatos.gr/360885398_1600x1200.jpg?v=20130730","https://m2.spitogatos.gr/360885403_1600x1200.jpg?v=20130730","https://m3.spitogatos.gr/360885407_1600x1200.jpg?v=20130730","https://m1.spitogatos.gr/360885414_1600x1200.jpg?v=20130730","https://m2.spitogatos.gr/360885421_1600x1200.jpg?v=20130730","https://m3.spitogatos.gr/360885431_1600x1200.jpg?v=20130730","https://m1.spitogatos.gr/360885441_1600x1200.jpg?v=20130730","https://m1.spitogatos.gr/360885453_1600x1200.jpg?v=20130730","https://m2.spitogatos.gr/360885463_1600x1200.jpg?v=20130730","https://m3.spitogatos.gr/360885500_1600x1200.jpg?v=20130730","https://m2.spitogatos.gr/360885508_1600x1200.jpg?v=20130730","https://m3.spitogatos.gr/360885518_1600x1200.jpg?v=20130730","https://m3.spitogatos.gr/360885527_1600x1200.jpg?v=20130730","https://m1.spitogatos.gr/360885534_1600x1200.jpg?v=20130730","https://m1.spitogatos.gr/360885540_1600x1200.jpg?v=20130730","https://m1.spitogatos.gr/360885546_1600x1200.jpg?v=20130730","https://m2.spitogatos.gr/360885550_1600x1200.jpg?v=20130730","https://m3.spitogatos.gr/360885557_1600x1200.jpg?v=20130730","https://m3.spitogatos.gr/360885560_1600x1200.jpg?v=20130730","https://m3.spitogatos.gr/360885566_1600x1200.jpg?v=20130730","https://m3.spitogatos.gr/360885569_1600x1200.jpg?v=20130730","https://m1.spitogatos.gr/360885576_1600x1200.jpg?v=20130730","https://m2.spitogatos.gr/360885583_1600x1200.jpg?v=20130730","1","0",,"1","38.030746",,"1","23.833664",,"1",,,"2026-07-31","1","0","1","0",,"1","3",,"5","1","1","1","1","0","0","0","4500",,,"0","0","0","0","24.32",,,"1","3","6",,"1","0",,"0","1","3","1","1","1","185","1","25",,"0","3","0","2026-07-08","https://www.spitogatos.gr/en/property/1220329918",,"1","0","2026",,"residential"
"1","2","no","vip","4",,,,,"0","0","0","0","2026-07-24","0","0","0","0","1","0","false","house",,,,"0","<br>Πρόκειται για μια εξαιρετική  κατοικία υψηλών προδιαγραφών που συνδυάζει σύγχρονη αισθητική, λειτουργικότητα και κορυφαία ενεργειακή απόδοση. Το διαμέρισμα διαθέτει τρία ανετα  υπνοδωμάτια με δρύινα πατώματα, εκ των οποίων το ένα απο αυτα  είναι master με ιδιωτικό μπάνιο, καθώς και ένα επιπλέον μπάνιο για τα δυο δωματια. Φ ωτεινοί χώροι του προσφέρουν ιδανικές συνθήκες διαβίωσης για οικογένεια<br><br>Η κουζίνα είναι πλήρως εξοπλισμένη με εντοιχισμένες ηλεκτρικές εστίες και εντοιχισμένο πλυντήριο πιάτων, προσφέροντας λειτουργικότητα και σύγχρονη αισθητική. Τα κοινόχρηστα παραμένουν ιδιαίτερα χαμηλά, ενισχύοντας ακόμη περισσότερο την οικονομία του ακινήτου.<br><br>Το ακινητο διαθέτει ενδοδαπέδια θέρμανση με φυσικό αέριο, ηλιακό θερμοσίφωνα και σύγχρονες ενεργειακές προδιαγραφές που εξασφαλίζουν υψηλή ενεργειακή απόδοση και χαμηλό κόστος διαβίωσης. Επιπλέον, διαθέτει κλιματιστικά σε όλους τους χώρους για ιδανικές συνθήκες άνεσης καθ’ όλη τη διάρκεια του έτους.<br>ΣτοΤα Βριλήσσια  βρίσκονται σε ιδανική τοποθεσία στη περιοχη με την μεγαλυτερη ζητη στα βορεια προαστεια  ανάμεσα στα πολυσύχναστα προάστια του Αμαρουσίου, του Χαλανδρίου και της Πεντέλης.<br><br>Βρίσκεται πολύ κοντά στην Αττική Οδό και εξυπηρετείται από δύο προαστιακούς σιδηροδρομικούς σταθμούς  Δουκίσσης Πλακεντίας και σταθμό Πεντέλης και ένα σταθμό μετρό.. Το αεροδρόμιο απέχει μόλις 20 λεπτά οδικώς με το αυτοκίνητο. <br>","12000",,"1","1","4",,,,,,,,,"0","0","2026-07-24","7",,"0","no","yes","0","Αθήνα - Βόρεια Προάστια (Αττική)","Βριλήσσια (Αθήνα - Βόρεια Προάστια)","1","105103","101","2103","102103","Double","4","2","0","0","1","1220479779","https://m2.spitogatos.gr/363103195_1600x1200.jpg?v=20130730","https://m3.spitogatos.gr/363103202_1600x1200.jpg?v=20130730","https://m3.spitogatos.gr/363103208_1600x1200.jpg?v=20130730","https://m1.spitogatos.gr/363103215_1600x1200.jpg?v=20130730","https://m3.spitogatos.gr/363103220_1600x1200.jpg?v=20130730","https://m3.spitogatos.gr/363103226_1600x1200.jpg?v=20130730","https://m2.spitogatos.gr/363103231_1600x1200.jpg?v=20130730","https://m3.spitogatos.gr/363103238_1600x1200.jpg?v=20130730","https://m1.spitogatos.gr/363103245_1600x1200.jpg?v=20130730","https://m3.spitogatos.gr/363103250_1600x1200.jpg?v=20130730","https://m3.spitogatos.gr/363103256_1600x1200.jpg?v=20130730","https://m3.spitogatos.gr/363103259_1600x1200.jpg?v=20130730","https://m1.spitogatos.gr/363103263_1600x1200.jpg?v=20130730","https://m1.spitogatos.gr/363103269_1600x1200.jpg?v=20130730","https://m3.spitogatos.gr/363103277_1600x1200.jpg?v=20130730","https://m2.spitogatos.gr/363103285_1600x1200.jpg?v=20130730","https://m1.spitogatos.gr/363103293_1600x1200.jpg?v=20130730",,,,,,,,,"0","0",,"1","38.033672",,"1","23.835503",,"1",,,"2026-08-01","1","0","1","0",,"0","2","4","3","0","0","1",,"0","0","0","2000",,,"0","0","0","0","16.67",,,"1","3","6",,"1","0",,"0","7","3","0","1","1","120","1",,"Σαλαμίνας 58, 152 35, Βριλήσσια","0","1","0","2026-07-24","https://www.spitogatos.gr/en/property/1220479779",,"1","0","2023","nH6MpNkfvbI","residential"
"1","2",,"vip","4",,,,,"0","1","0","0","2026-08-17","0","0","1","0","0",,,"house",,,,"1","Νιώσε σαν στο σπίτι σου, όπου και αν επιλέξεις να μείνεις με την Blueground. Θα λατρέψεις αυτό το κομψά επιπλωμένο διαμέρισμα τριών υπνοδωματίων, για τη διακόσμησή του, την πλήρως εξοπλισμένη κουζίνα και το ελκυστικό καθιστικό του. Βρίσκεται σε ιδανική τοποθεσία, κοντά σε όλα όσα έχει να σου προσφέρει τα Βριλήσσια!<br><br />
<br />
Η διαφημιζόμενη τιμή των €1,100/μήνα είναι η τιμή για 1 έτος, με ημερομηνία έναρξης Αυγούστου 16, 2026. Η χαμηλότερη διαθέσιμη τιμή είναι €890/μήνα για μίσθωση 2 μήνα(μηνών) και 14 ημέρας(ημερών) με ημερομηνία έναρξης Αυγούστου 16, 2026.<br />
<br>Οι τιμές διαφέρουν ανάλογα με τη διάρκεια παραμονής, την εποχικότητα και άλλους παράγοντες. Επισκεφθείτε τον ιστότοπό μας και εισάγετε τις ημερομηνίες διαμονής σας για να δείτε ενημερωμένες τιμές για την κράτησή σας. Η τιμή ισχύει μόνο με προκαταβολή· ενδέχεται να είναι υψηλότερη εάν πληρωθεί σε δόσεις.<br />
<br />
<b>Κλείστε αυτό το διαμέρισμα online!</b><br />
<br />
https://www.theblueground.com/p/furnished-apartments/ath-1226?utm_source=classified-4<br />
<br />
Aναβαθμίστε τη διαμονή σας με ένα πλήρως επιπλωμένο διαμέρισμα από τη Blueground:<br />
      – Επιπλωμένα σπίτια σε τιμές αντίστοιχες με τα ανεπίπλωτα<br />
      – Χωρίς κόστη εγκατάστασης ή αγοράς επίπλων - εξοικονομήστε χρόνο και χρήματα<br />
      – Έτοιμα για άμεση μετακόμιση - το μόνο που χρειάζεστε είναι η βαλίτσα σας<br />
<br />
<b>Ο χώρος</b><br><br />
Νιώσε σαν στο σπίτι σου σε αυτό το επιπλωμένο διαμέρισμα της Blueground με το μοναδικό design, τα μοντέρνα έπιπλα και την πλήρως εξοπλισμένη κουζίνα.<br />
Δες τις αγαπημένες σου ταινίες στη smart TV ή άκουσε δυνατά μουσική στα ασύρματα ηχεία τελευταίας τεχνολογίας. Ό,τι και να αποφασίσεις να κάνεις το μόνο σίγουρο είναι πως θα αγαπήσεις όλα όσα σου προσφέρει αυτό το εκλεπτυσμένο διαμέρισμα.<br />
<br />
<b>Διαρρύθμιση δωματίων ύπνου</b><br />
    <br />
        Υπέρδιπλο κρεβάτι: 160 εκ.<br />
<br />
        Διπλό κρεβάτι: 140 εκ.<br />
<br />
        Υπέρδιπλο κρεβάτι: 160 εκ.<br />
<br />
<b>Παροχές κτιρίου</b><br />
<br />
      Πλυντήριο<br />
      Θέση στάθμευσης<br />
      Ταράτσα<br />
<br />
<br />
<b>Άφιξη και συνεχής υποστήριξη πελατών</b><br><br />
Κατά τη διάρκεια της διαμονής σου, η ομάδα μας θα είναι διαθέσιμη για να σε βοηθήσει με οτιδήποτε χρειαστείς. Μέσω της ειδικής mobile εφαρμογής της Blueground έχεις συνεχή υποστήριξη, ενώ μπορείς ακόμη να προγραμματίσεις υπηρεσίες καθαρισμού, συντήρησης ή επισκευής, με το πάτημα ενός κουμπιού.<br />
<br />
<b>Ιδανική τοποθεσία</b><br />
<br />
Αυτό το κατάλυμα βρίσκεται στα βόρεια προάστια της Αθήνας, στα Βριλήσσια, και περιβάλλεται από πολλά πάρκα και αθλητικές εγκαταστάσεις. Η γειτονιά φιλοξενεί επίσης πολλά καταστήματα, καφετέριες και εστιατόρια. Τα Βριλήσσια απέχουν 15χλμ. από το ιστορικό κέντρο της Αθήνας, με εύκολη πρόσβαση στην Αττική Οδό.",,"1",,"0","5",,,,,,,,,"0","1","2026-04-08","7",,"0","yes","yes","1","Αθήνα - Βόρεια Προάστια (Αττική)","Βριλήσσια (Αθήνα - Βόρεια Προάστια)","1","105103","101","2103","106378",,"1","2","0","0","1","1219685005","https://m3.spitogatos.gr/359907020_1600x1200.jpg?v=20130730","https://m1.spitogatos.gr/359907036_1600x1200.jpg?v=20130730","https://m3.spitogatos.gr/359907050_1600x1200.jpg?v=20130730","https://m1.spitogatos.gr/359907063_1600x1200.jpg?v=20130730","https://m1.spitogatos.gr/359907078_1600x1200.jpg?v=20130730","https://m1.spitogatos.gr/359907096_1600x1200.jpg?v=20130730","https://m3.spitogatos.gr/359907116_1600x1200.jpg?v=20130730","https://m2.spitogatos.gr/359907133_1600x1200.jpg?v=20130730","https://m2.spitogatos.gr/359907154_1600x1200.jpg?v=20130730","https://m3.spitogatos.gr/359907173_1600x1200.jpg?v=20130730","https://m1.spitogatos.gr/359907195_1600x1200.jpg?v=20130730","https://m1.spitogatos.gr/359907216_1600x1200.jpg?v=20130730","https://m2.spitogatos.gr/359907232_1600x1200.jpg?v=20130730","https://m3.spitogatos.gr/359907251_1600x1200.jpg?v=20130730","https://m3.spitogatos.gr/359907269_1600x1200.jpg?v=20130730","https://m2.spitogatos.gr/359907289_1600x1200.jpg?v=20130730","https://m1.spitogatos.gr/359907309_1600x1200.jpg?v=20130730","https://m2.spitogatos.gr/359907328_1600x1200.jpg?v=20130730","https://m2.spitogatos.gr/359907349_1600x1200.jpg?v=20130730","https://m1.spitogatos.gr/359907366_1600x1200.jpg?v=20130730","https://m3.spitogatos.gr/359907383_1600x1200.jpg?v=20130730","https://m2.spitogatos.gr/359907400_1600x1200.jpg?v=20130730","https://m1.spitogatos.gr/359907420_1600x1200.jpg?v=20130730","https://m3.spitogatos.gr/359907446_1600x1200.jpg?v=20130730","https://m2.spitogatos.gr/359907466_1600x1200.jpg?v=20130730","1","0",,"0","38.044754","3","0","23.84351",,"0",,,"2026-08-01","0","0",,"0",,"1","1",,,"1","0","1",,"0","0","0","1100","2026-07-29 10:10:47","14","0","0","0","0","5.5","1280","true","1","3",,,"1","0",,,,"3","0","1",,"200","1",,"Dimitriou Mitropoulou 19","1","3","0","2026-04-08","https://www.spitogatos.gr/en/property/1219685005","https://nodalview.com/s/3tX50J_jTDRQ2WXKnJDvim","0",,"1999",,
"0","1","no","vip","4",,,,,"1","0","0","0","2026-07-20","0","0","1","0","1",,,"house",,,,"0","Προς Ενοικίαση Οροφοδιαμέρισμα, Βριλήσσια, 156 τ.μ., 1ος Όροφος, 3 Υ/Δ, 1 Μπάνιο/α, 1 WC, Kουφώματα: Αλουμινίου, Έτος κατασκευής: 1975, Κατάσταση: Καταπληκτική, Ενεργειακό Πιστοποιητικό: Δ, Χαρακτηριστικά:  Πόρτα Ασφαλείας, Θυροτηλεόραση, Διπλά Τζάμια, Βεράντες, Χωρίς Κοινόχρηστα, Πολυτελές, Διαμπερές, Προσόψεως, Φωτεινό, Boiler, Βαμμένο, Ανακαινισμένο, Ατομική - Φυσικό Αέριο Θέρμανση, Τιμή: 1.300€.",,"1",,"0","6",,,,,,,,,"1","0","2026-07-20","6",,"0","no","no","0","Αθήνα - Βόρεια Προάστια (Αττική)","Βριλήσσια (Αθήνα - Βόρεια Προάστια)","1","105103","101","2103",,,"1","2","0","0","1","1220426483","https://m3.spitogatos.gr/362479526_1600x1200.jpg?v=20130730","https://m1.spitogatos.gr/362479527_1600x1200.jpg?v=20130730","https://m2.spitogatos.gr/362479528_1600x1200.jpg?v=20130730","https://m3.spitogatos.gr/362479529_1600x1200.jpg?v=20130730","https://m1.spitogatos.gr/362479530_1600x1200.jpg?v=20130730","https://m2.spitogatos.gr/362479531_1600x1200.jpg?v=20130730","https://m3.spitogatos.gr/362479532_1600x1200.jpg?v=20130730","https://m1.spitogatos.gr/362479533_1600x1200.jpg?v=20130730","https://m2.spitogatos.gr/362479534_1600x1200.jpg?v=20130730",,,,,,,,,,,,,,,,,"0","0","2","0","38.034367","1","0","23.82552",,"1",,,"2026-07-31","0","0",,"0",,"1","1",,,"1","0","0",,"0","0","0","1300",,,"0","0","0","0","8.33",,,"1","3","6",,"1","1",,"0",,"3","0","1","0","156","0",,,"0","1","0","2026-07-20","https://www.spitogatos.gr/en/property/1220426483",,"0",,"1975",,
"1","3","no","vip","4",,,,,"1","0","0","0","2026-07-23","0","0","0","0","1","0",,"house","0","30",,"1","Διαμέρισμα Προς Ενοικίαση, όροφος: 3ος, στην περιοχή: Βριλήσσια. Το εμβαδόν του ακινήτου είναι 130 τ.μ.. Αποτελείται από: 3 Υ/Δ, 1 μπάνιο/α, 1 wc, 1 κουζίνα/ες, 1 σαλόνι/α, ενώ διαθέτει 1 θέσεις στάθμευσης (1 Σε κλειστό χώρο). Έχει κατασκευαστεί το 1995. Η θέρμανση του ακινήτου είναι Αυτόνομη με Φυσικό αέριο, ενώ επίσης διατίθεται Κλιματισμός, ενεργειακό πιστοποιητικό: Β. Η κατάστασή του είναι: Ανακαινισμένο, Καταπληκτική, βρίσκεται κοντά σε Μετρό, έχει θέα Βουνό, Καλή και έχει Βόρειοανατολικό προσανατολισμό. Το ακίνητο είναι Γωνιακό, Προσόψεως, Φωτεινό, Ευάερο, Ευήλιο, Διαμπερές και επίσης διαθέτει τα παρακάτω χαρακτηριστικά και πλεονεκτήματα: Ασανσέρ, Αποθήκη, Κήπος, Πόρτα Ασφαλείας, Βεράντα. Τιμή: €1.250. Equal Real Estate, Τηλέφωνο Επικοινωνίας: 2106203777, email: equal.pr.mn@gmail.com, website: www.equal.pr.mn@gmail.com<br />
<br />
Μπορείτε να δείτε περισσότερα ακίνητα στο site μας equalestate.gr",,,"0","1","4",,,,,,,,,"1","1","2026-07-23","8",,"0","no","yes","1","Αθήνα - Βόρεια Προάστια (Αττική)","Βριλήσσια (Αθήνα - Βόρεια Προάστια)","1","105103","101","2103",,,"1","2","0","0","1","1220465388","https://m2.spitogatos.gr/363616471_1600x1200.jpg?v=20130730","https://m3.spitogatos.gr/363616472_1600x1200.jpg?v=20130730","https://m1.spitogatos.gr/363616473_1600x1200.jpg?v=20130730","https://m2.spitogatos.gr/363616474_1600x1200.jpg?v=20130730","https://m3.spitogatos.gr/363616475_1600x1200.jpg?v=20130730","https://m1.spitogatos.gr/363616476_1600x1200.jpg?v=20130730","https://m2.spitogatos.gr/363616477_1600x1200.jpg?v=20130730","https://m3.spitogatos.gr/363616478_1600x1200.jpg?v=20130730","https://m1.spitogatos.gr/363616479_1600x1200.jpg?v=20130730","https://m2.spitogatos.gr/363616480_1600x1200.jpg?v=20130730","https://m3.spitogatos.gr/363616481_1600x1200.jpg?v=20130730","https://m1.spitogatos.gr/363616482_1600x1200.jpg?v=20130730","https://m2.spitogatos.gr/363616483_1600x1200.jpg?v=20130730","https://m3.spitogatos.gr/363616484_1600x1200.jpg?v=20130730","https://m1.spitogatos.gr/363616485_1600x1200.jpg?v=20130730","https://m2.spitogatos.gr/363616486_1600x1200.jpg?v=20130730","https://m3.spitogatos.gr/363616487_1600x1200.jpg?v=20130730","https://m1.spitogatos.gr/363616488_1600x1200.jpg?v=20130730","https://m2.spitogatos.gr/363616489_1600x1200.jpg?v=20130730","https://m3.spitogatos.gr/363616490_1600x1200.jpg?v=20130730","https://m1.spitogatos.gr/363616491_1600x1200.jpg?v=20130730","https://m1.spitogatos.gr/363616494_1600x1200.jpg?v=20130730","https://m1.spitogatos.gr/363616497_1600x1200.jpg?v=20130730","https://m2.spitogatos.gr/363616501_1600x1200.jpg?v=20130730","https://m3.spitogatos.gr/363616505_1600x1200.jpg?v=20130730","0","0",,"1","38.035339","1","1","23.843672",,"0","0","0","2026-07-31","0","0",,"0",,"1","1",,"5","0","0","0",,"0","0","0","1250","2026-07-31 19:42:15","7","0","0","0","0","9.62","1350","true","1","3","6",,"1","1",,"0",,"3","0","1","0","130","1",,,"0","1","0","2026-07-23","https://www.spitogatos.gr/en/property/1220465388",,"1","0","1995",,"residential"
"1","2","no","vip","4",,,,,"1","1","0","0","2026-03-19","0","0","1","0","1","0",,"house","0",,,"0","Άνω Βριλήσσια οροφομεζονέτα 170 τμ 1ου - 2ου. Το ακίνητο διατίθεται πλήρως επιπλωμένο, έχει πολύ καλό προσανατολισμό αλλά και πρόσβαση (5 λεπτά με αυτοκίνητο) προς μετρό - Αττική - προαστιακό.<br />
<br />
Εξαιρετικής αισθητικής έχει ανακαινιστεί από τους ιδιοκτήτες του με τις καλύτερες των προδιαγραφών, θέα προς το λεκανοπέδιο από τους περισσότερους χώρους του.<br />
<br />
Άριστος διαμπερής χώρος υποδοχής τζάκι με πρόσβαση σε δύο μεγάλους εξώστες, ανεξάρτητη άνετη κουζίνα με επίσης δική της βεράντα, 3υ/δ αξιοπρεπή εκ των οποίων το 1υ/δ με δικό του λουτρό,  μπάνιο, wc ξένων - α/θ φυσικού αερίου, 3 θέσεις parking, αποθήκη 15 τμ, συναγερμός, κωδ. 58698",,"1","0","0","5",,,,,,,,,"1","1","2026-03-19","7","6","0","yes","yes","0","Αθήνα - Βόρεια Προάστια (Αττική)","Βριλήσσια (Αθήνα - Βόρεια Προάστια)","1","105103","101","2103","6500","Double","1","2","0","0","1","1219578123","https://m1.spitogatos.gr/348252051_1600x1200.jpg?v=20130730","https://m2.spitogatos.gr/348252052_1600x1200.jpg?v=20130730","https://m3.spitogatos.gr/348252053_1600x1200.jpg?v=20130730","https://m1.spitogatos.gr/348252054_1600x1200.jpg?v=20130730","https://m2.spitogatos.gr/348252055_1600x1200.jpg?v=20130730","https://m3.spitogatos.gr/348252056_1600x1200.jpg?v=20130730","https://m1.spitogatos.gr/348252057_1600x1200.jpg?v=20130730","https://m2.spitogatos.gr/348252058_1600x1200.jpg?v=20130730","https://m2.spitogatos.gr/348252061_1600x1200.jpg?v=20130730","https://m2.spitogatos.gr/348252064_1600x1200.jpg?v=20130730","https://m2.spitogatos.gr/348252067_1600x1200.jpg?v=20130730","https://m2.spitogatos.gr/348252070_1600x1200.jpg?v=20130730","https://m3.spitogatos.gr/348252074_1600x1200.jpg?v=20130730","https://m3.spitogatos.gr/348252077_1600x1200.jpg?v=20130730","https://m3.spitogatos.gr/348252080_1600x1200.jpg?v=20130730","https://m3.spitogatos.gr/348252083_1600x1200.jpg?v=20130730","https://m3.spitogatos.gr/348252086_1600x1200.jpg?v=20130730","https://m2.spitogatos.gr/348252091_1600x1200.jpg?v=20130730","https://m2.spitogatos.gr/348252094_1600x1200.jpg?v=20130730","https://m1.spitogatos.gr/348252096_1600x1200.jpg?v=20130730","https://m3.spitogatos.gr/348252098_1600x1200.jpg?v=20130730","https://m3.spitogatos.gr/348252101_1600x1200.jpg?v=20130730","https://m1.spitogatos.gr/348252105_1600x1200.jpg?v=20130730","https://m1.spitogatos.gr/348252108_1600x1200.jpg?v=20130730","https://m2.spitogatos.gr/348252112_1600x1200.jpg?v=20130730","1","0","2","1","38.047974","2","1","23.848249",,"1",,"0","2026-07-31","0","0",,"0",,"1","2",,,"1","0","0",,"0","0","0","2600",,,"0","0","0","0","15.29",,,"1","3","6","8","1","1","2023","0",,"3","0","1","0","170","1","15",,"0","3","0","2026-03-19","https://www.spitogatos.gr/en/property/1219578123",,"1","1","1996",,
"1","2","no","vip","4",,,,,"1","1","0","0","2026-07-12","0","1","1","0","1","0",,"house","0",,,"0","Οροφοδιαμέρισμα 2ου ορόφου,πανταχόθεν ελεύθερο , με μεγάλες βεράντες.<br />
Σε ευέλικτο σημείο,κέντρο απόκεντρο.<br />
Σε απόσταση περιπάτου το κέντρο της αγοράς της περιοχής.<br />
Ανετο,φωτεινό με μεγάλους χώρους υποδοχής,ανεξάρτητη κουζίνα,τρία ευρύχωρα υπνοδωμάτια ,ένα μπάνιο και ένα w.c.Ισόγειος χώρος στάθμευσης στην πλωτή και υπόγεια αποθήκη.<br />
Ατομική εγκατάσταση φυσικού αερίου.",,,"0","1","5",,,,,,,,,"1","1","2026-07-12","7","6",,"no","yes","0","Αθήνα - Βόρεια Προάστια (Αττική)","Βριλήσσια (Αθήνα - Βόρεια Προάστια)","1","105103","101","2103","102103","Double","4","2","0","0","1","1220363072","https://m3.spitogatos.gr/361393028_1600x1200.jpg?v=20130730","https://m1.spitogatos.gr/361393041_1600x1200.jpg?v=20130730","https://m1.spitogatos.gr/361393047_1600x1200.jpg?v=20130730","https://m2.spitogatos.gr/361393063_1600x1200.jpg?v=20130730","https://m2.spitogatos.gr/361393078_1600x1200.jpg?v=20130730","https://m2.spitogatos.gr/361393084_1600x1200.jpg?v=20130730","https://m1.spitogatos.gr/361393095_1600x1200.jpg?v=20130730","https://m3.spitogatos.gr/361393097_1600x1200.jpg?v=20130730","https://m2.spitogatos.gr/361393099_1600x1200.jpg?v=20130730","https://m3.spitogatos.gr/361393100_1600x1200.jpg?v=20130730","https://m1.spitogatos.gr/361393104_1600x1200.jpg?v=20130730","https://m3.spitogatos.gr/361393136_1600x1200.jpg?v=20130730","https://m1.spitogatos.gr/361393167_1600x1200.jpg?v=20130730","https://m2.spitogatos.gr/361393168_1600x1200.jpg?v=20130730","https://m3.spitogatos.gr/361393157_1600x1200.jpg?v=20130730","https://m3.spitogatos.gr/361393187_1600x1200.jpg?v=20130730",,,,,,,,,,"0","0","2","1","38.03933","1","1","23.82633",,,"0",,"2026-07-31","0","0",,,,"1","1","4",,"1","0","0",,"0","0","0","1400",,,"0","0","0","0","9.79",,,"1","3",,,"1","0",,"0","1","3","1","1","0","143","1","10",,"0","1","0","2026-07-12","https://www.spitogatos.gr/en/property/1220363072",,"0","1",,,"residential"
"1","4","no","vip","4",,,,,"1","0","0","0","2026-08-01","0","1","0","0","1","0",,"house",,"90",,"1","Κωδικός ακινήτου: 2-1598 - Βριλήσσια Κέντρο  ΕΝΟΙΚΙΑΖΕΤΑΙ    επιπλωμένο διαμέρισμα  στον 4 ο όροφο συνολικής επιφάνειας 133.00 τ.μ.  . Αποτελείται από 3 υπνοδωμάτια, σαλόνι, κουζίνα, 2 μπάνια . Είναι κατασκευασμένο το 1991 με ενεργειακή κλάση Γ  και διαθέτει θέρμανση αυτόνομη - φυσικού αερίου, απεριόριστη θέα, κουφώματα ενεργειακά, ξύλινα πατώματα, πόρτα ασφαλείας, εντοιχιζόμενες ντουλάπες, ανελκυστήρα, πάρκινγκ, αποθήκη , κήπο, τζάκι, A/C, ηλεκτρικές συσκευές, τέντες, σίτες, διπλά τζάμια, τριπλά τζάμια, ηλιακό θερμοσίφωνα, Roof Garden, θυροτηλεόραση, νυχτερινό ρεύμα, ανοιχτωσιά      - Τιμή: 2.300 €  <br> <br><br />
Για περισσότερα ακίνητα επισκεφτείτε το site μας.<br />
<br />
www.krimpa.gr<br />
<br />
ΜΕΣΙΤΙΚΟ Α.ΚΡΙΜΠΑ<br />
ΤΗΛ.6977244863<br />
210-8051912",,,,"1","5",,,,,,,,,"1","1","2026-07-16","9","2","0","yes","yes","1","Αθήνα - Βόρεια Προάστια (Αττική)","Βριλήσσια (Αθήνα - Βόρεια Προάστια)","1","105103","101","2103","102103","Triple","1","2","0","0","1","1220398140","https://m3.spitogatos.gr/362033300_1600x1200.jpg?v=20130730","https://m2.spitogatos.gr/362033308_1600x1200.jpg?v=20130730","https://m3.spitogatos.gr/362033330_1600x1200.jpg?v=20130730","https://m2.spitogatos.gr/362033338_1600x1200.jpg?v=20130730","https://m1.spitogatos.gr/362033346_1600x1200.jpg?v=20130730","https://m3.spitogatos.gr/362033354_1600x1200.jpg?v=20130730","https://m2.spitogatos.gr/362033359_1600x1200.jpg?v=20130730","https://m2.spitogatos.gr/362033365_1600x1200.jpg?v=20130730","https://m2.spitogatos.gr/362033383_1600x1200.jpg?v=20130730","https://m1.spitogatos.gr/362033391_1600x1200.jpg?v=20130730","https://m2.spitogatos.gr/362033398_1600x1200.jpg?v=20130730","https://m3.spitogatos.gr/362033408_1600x1200.jpg?v=20130730","https://m2.spitogatos.gr/362033416_1600x1200.jpg?v=20130730","https://m1.spitogatos.gr/362033424_1600x1200.jpg?v=20130730","https://m2.spitogatos.gr/362033431_1600x1200.jpg?v=20130730","https://m2.spitogatos.gr/362033440_1600x1200.jpg?v=20130730","https://m3.spitogatos.gr/362033450_1600x1200.jpg?v=20130730","https://m1.spitogatos.gr/362033460_1600x1200.jpg?v=20130730","https://m2.spitogatos.gr/362033470_1600x1200.jpg?v=20130730","https://m1.spitogatos.gr/362033484_1600x1200.jpg?v=20130730","https://m2.spitogatos.gr/362033497_1600x1200.jpg?v=20130730",,,,,"0","0",,"1","38.042061","1","1","23.83375",,"1",,,"2026-07-31","0","0",,"1",,"0","2",,,"0","1","1","1","0","0","0","2300",,,"0","0","0","0","17.29",,,"1","3","6",,"1","0",,"0","7","3","0","1","1","133","1",,,"0","1","0","2026-07-16","https://www.spitogatos.gr/en/property/1220398140",,"1","0","1991",,"residential"
"1","2","no","vip","4",,,,,"1","1","0","0","2026-07-16","0","0","0","0","1","0",,"house",,,,"1","Κωδικός ακινήτου: 2-1599 - Βριλήσσια Κέντρο  ΕΝΟΙΚΙΑΖΕΤΑΙ     διαμέρισμα  στον 2 ο όροφο συνολικής επιφάνειας 140.00 τ.μ.  . Αποτελείται από 3 υπνοδωμάτια, σαλόνι, κουζίνα, μπάνιο και WC. Είναι κατασκευασμένο το 2006 με ενεργειακή κλάση Β  και διαθέτει θέρμανση αυτόνομη - πετρελαίου, απεριόριστη θέα, κουφώματα ενεργειακά, πατώματα από πλακάκι και ξύλο, πόρτα ασφαλείας, εντοιχιζόμενες ντουλάπες, ανελκυστήρα, πάρκινγκ, αποθήκη , κήπο, τζάκι, A/C, συναγερμό, ηλεκτρικές συσκευές, σίτες, διπλά τζάμια, τριπλά τζάμια, ηλιακό θερμοσίφωνα, boiler, θυροτηλεόραση, νυχτερινό ρεύμα, ανοιχτωσιά, οπτικές ίνες      - Τιμή: 1.500 €  <br><br>Βρίσκεται σε ωραίο ήσυχο σημείο, 6 λεπτα με τα πόδια απο το Μετρό Δουκίσσης Πλακεντίας. <br><br />
Για περισσότερα ακίνητα επισκεφτείτε το site μας.<br />
<br />
www.krimpa.gr<br />
<br />
ΜΕΣΙΤΙΚΟ Α.ΚΡΙΜΠΑ<br />
ΤΗΛ.6977244863<br />
210-8051912",,,,"1","4",,,,,,,,,"1","1","2026-07-16","7","10","0","no","yes","1","Αθήνα - Βόρεια Προάστια (Αττική)","Βριλήσσια (Αθήνα - Βόρεια Προάστια)","1","105103","101","2103","102103","Triple","1","1","0","0","1","1220401169","https://m3.spitogatos.gr/362106953_1600x1200.jpg?v=20130730","https://m1.spitogatos.gr/362106954_1600x1200.jpg?v=20130730","https://m2.spitogatos.gr/362106955_1600x1200.jpg?v=20130730","https://m3.spitogatos.gr/362106956_1600x1200.jpg?v=20130730","https://m1.spitogatos.gr/362106957_1600x1200.jpg?v=20130730","https://m2.spitogatos.gr/362106958_1600x1200.jpg?v=20130730","https://m3.spitogatos.gr/362106959_1600x1200.jpg?v=20130730","https://m1.spitogatos.gr/362106960_1600x1200.jpg?v=20130730","https://m2.spitogatos.gr/362106961_1600x1200.jpg?v=20130730","https://m3.spitogatos.gr/362106962_1600x1200.jpg?v=20130730","https://m1.spitogatos.gr/362106963_1600x1200.jpg?v=20130730","https://m2.spitogatos.gr/362106964_1600x1200.jpg?v=20130730","https://m3.spitogatos.gr/362106965_1600x1200.jpg?v=20130730","https://m1.spitogatos.gr/362106966_1600x1200.jpg?v=20130730",,,,,,,,,,,,"0","0",,"1","38.02948",,"1","23.835529",,"1",,,"2026-07-31","0","0",,"1",,"1","1",,,"0","0","1",,"0","0","0","1500",,,"0","0","0","0","10.71",,,"1","3","6",,"1","0",,"0","1","3","0","1","1","140","1",,,"0","1","0","2026-07-16","https://www.spitogatos.gr/en/property/1220401169",,"1","0","2006",,"residential"
"1","3","no","vip","4",,,,,"0","1","0","0","2026-07-08","0","0","1","0","1","0",,"house",,,,"0","Κωδικός ακινήτου: 6815289 - Βριλήσσια Κέντρο  ΕΝΟΙΚΙΑΖΕΤΑΙ   νεόδμητο  διαμέρισμα  στον 3 ο όροφο συνολικής επιφάνειας 144.00 τ.μ.  . Αποτελείται από 3 υπνοδωμάτια, σαλόνι, κουζίνα, 2 μπάνια και WC. Είναι κατασκευασμένο το 2026 με ενεργειακή κλάση Α+  και διαθέτει θέρμανση ενδοδαπέδια - φυσικού αερίου, απεριόριστη θέα, κουφώματα ενεργειακά, ξύλινα πατώματα, πόρτα ασφαλείας με τρίαινα, εντοιχιζόμενες ντουλάπες, ανελκυστήρα, πάρκινγκ, αποθήκη 9 τ.μ., τζάκι, εγκαταστάσεις φόρτισης ηλεκτρικού αυτοκινήτου, A/C, προεγκατάσταση Α/C, τριπλή ενέργεια, συναγερμό, σίτες, τριπλά τζάμια, ηλιακό θερμοσίφωνα, φωτοβολταικά, dressing room, laundry room, θυροτηλεόραση, ανοιχτωσιά, οπτικές ίνες      - Τιμή: 3.500 €  <br><strong><br>Σε μία από τις πλέον προνομιακές και ήσυχες γειτονιές των Βριλησσίων, διατίθεται προς ενοικίαση νεόδμητο διαμέρισμα υψηλών προδιαγραφών, συνολικής επιφάνειας 144 τ.μ.</strong><br>Πρόκειται για μία κατοικία σύγχρονης αρχιτεκτονικής με minimal σχεδιασμό, που συνδυάζει πολυτέλεια και άνεση.<br>Τα μεγάλα ανοίγματα του καθιστικού επιτρέπουν στο φυσικό φως να κυριαρχεί σε όλους τους χώρους, δημιουργώντας μία μοναδική αίσθηση ευρυχωρίας.<br><br><strong>Εσωτερική Διαμόρφωση Χώρων</strong><br>-Εντυπωσιακός ενιαίος χώρος υποδοχής με βεστιάριο, χώρο σαλονιού και τραπεζαρίας με τζάκι<br>-Σύγχρονη κλειστή κουζίνα σε minimal σχεδιασμό<br>-3 άνετα υπνοδωμάτια → 1 Master υπνοδωμάτιο με en suite μπάνιο και walk-in closet<br>-2 επιπλέον υπνοδωμάτια που εξυπηρετούνται από το 2ο μπάνιο<br>-1 wc επισκεπτών<br><br>'Ολοι οι χώροι του διαμερίσματος συνδέονται αρμονικά ενισχύοντας τη συνολική αισθητική και λειτουργικότητα της κατοικίας, απολαμβάνοντας παράλληλα μια υπέροχη θέα.<br><br><strong>Τεχνικά Χαρακτηριστικά και Παροχές</strong><br>• Έτος κατασκευής: 2026<br>• Ενεργειακή κλάση: Α+<br>• Ενδοδαπέδια θέρμανση με φυσικό αέριο<br>• Σύστημα κλιματισμού VRV<br>• Τζάκι<br>• Ηλιακός θερμοσίφωνας<br>• Φωτοβολταϊκά panels για μείωση κόστους ενέργειας<br>• Ενεργειακά κουφώματα βαρέως τύπου με τριπλά τζάμια και σίτες<br>• Δρύινα δάπεδα υψηλής αισθητικής σε όλους τους χώρους<br>• Πόρτα ασφαλείας και σύστημα συναγερμού<br>• Θυροτηλεόραση<br>• Led φωτισμός εσωτερικά στις ντουλάπες<br>• Κλιματισμός<br>• 1 θέση στάθμευσης υπογείου 22 τ.μ. με δυνατότητα φόρτισης ηλεκτρικού οχήματος<br>• Αποθήκη υπογείου περίπου 14 τ.μ.<br><br><strong>Εξωτερικοί Χώροι</strong><br><strong>Η εντυπωσιακά μεγάλη βεράντα προσόψεως</strong> του διαμερίσματος σε συνδυασμό με τα μεγάλα  κουφώματα  αποτελεί μια συνέχεια του εσωτερικού σαλονιού, δημιουργώντας ένα ενιαίο περιβάλλον διαβίωσης που συνδυάζει αρμονικά το μέσα με το έξω.<br>Μπορεί να φιλοξενήσει ένα εξωτερικό καθιστικό ιδανικό για στιγμές χαλάρωσης και φιλοξενίας κατά την μεγαλύτερη διάρκεια του έτους.<br><strong>Η χωροθέτηση του διαμερίσματος επιτρέπει σε όλα τα δωμάτια να βλέπουν σε πάρκο, κήπους και την Πεντέλη.</strong><br>Ο συνολικός σχεδιασμός του εξωτερικού χώρου αναβαθμίζει ουσιαστικά την καθημερινή εμπειρία κατοίκησης, προσφέροντας έναν υψηλής αισθητικής και λειτουργικό χώρο ζωής.<br><br><strong>Τοποθεσία</strong><br>Το ακίνητο βρίσκεται σε εξαιρετικό σημείο των Βριλησσίων, απέναντι από πάρκο και σε ήσυχη γειτονιά, με άμεση πρόσβαση σε τοπική αγορά, σχολεία και καθημερινές εξυπηρετήσεις.<br>Σε πολύ κοντινή απόσταση βρίσκονται το<strong> Μετρό και ο Προαστιακός Δουκίσσης Πλακεντίας</strong>, ενώ εξασφαλίζεται εύκολη σύνδεση με βασικούς οδικούς άξονες και την<strong> Αττική Οδό</strong>.<br>Η τοποθεσία συνδυάζει ιδανικά την ηρεμία και το πράσινο με την άμεση πρόσβαση στην πόλη, καθιστώντας το ακίνητο ιδανική επιλογή για οικογένειες και απαιτητικούς ενοικιαστές που αναζητούν υψηλό επίπεδο διαβίωσης.<br><br>*Το ακίνητο προσφέρεται χωρίς επίπλωση και οι φωτογραφίες αποτελούν φωτορεαλιστική απεικόνιση.<br>.<br><br> <br>Περισσότερα διαθέσιμα ακίνητα στο www.dp-properties.gr",,,"1","1","1",,,,,,,,,"1","1","2026-07-08","8","2","0","no","yes","0","Αθήνα - Βόρεια Προάστια (Αττική)","Βριλήσσια (Αθήνα - Βόρεια Προάστια)","1","105103","101","2103","102103","Triple","1","2","1","0","1","1220330027","https://m1.spitogatos.gr/360887610_1600x1200.jpg?v=20130730","https://m3.spitogatos.gr/360887615_1600x1200.jpg?v=20130730","https://m3.spitogatos.gr/360887618_1600x1200.jpg?v=20130730","https://m2.spitogatos.gr/360887623_1600x1200.jpg?v=20130730","https://m3.spitogatos.gr/360887630_1600x1200.jpg?v=20130730","https://m3.spitogatos.gr/360887633_1600x1200.jpg?v=20130730","https://m1.spitogatos.gr/360887637_1600x1200.jpg?v=20130730","https://m1.spitogatos.gr/360887640_1600x1200.jpg?v=20130730","https://m2.spitogatos.gr/360887644_1600x1200.jpg?v=20130730","https://m2.spitogatos.gr/360887647_1600x1200.jpg?v=20130730","https://m2.spitogatos.gr/360887653_1600x1200.jpg?v=20130730","https://m3.spitogatos.gr/360887657_1600x1200.jpg?v=20130730","https://m3.spitogatos.gr/360887663_1600x1200.jpg?v=20130730","https://m2.spitogatos.gr/360887668_1600x1200.jpg?v=20130730","https://m1.spitogatos.gr/360887673_1600x1200.jpg?v=20130730","https://m3.spitogatos.gr/360887678_1600x1200.jpg?v=20130730","https://m1.spitogatos.gr/360887688_1600x1200.jpg?v=20130730","https://m1.spitogatos.gr/360887694_1600x1200.jpg?v=20130730","https://m1.spitogatos.gr/360887724_1600x1200.jpg?v=20130730","https://m1.spitogatos.gr/360887727_1600x1200.jpg?v=20130730","https://m2.spitogatos.gr/360887728_1600x1200.jpg?v=20130730","https://m2.spitogatos.gr/360887731_1600x1200.jpg?v=20130730","https://m1.spitogatos.gr/360887733_1600x1200.jpg?v=20130730","https://m2.spitogatos.gr/360887734_1600x1200.jpg?v=20130730","https://m3.spitogatos.gr/360887735_1600x1200.jpg?v=20130730","0","0",,"1","38.030746",,"1","23.833664",,"1",,,"2026-07-31","0","0","1","0",,"1","2","4","5","1","0","1","1","0","0","0","3500",,,"0","0","0","0","24.31",,,"1","3","6",,"1","0",,"0","1","3","0","1","1","144","1","9",,"0","1","0","2026-07-08","https://www.spitogatos.gr/en/property/1220330027",,"1","0","2026",,"residential"
"1","2","yes","vip","4",,,,,"1","1","0","0","2026-07-10","0","1","1","0","1",,,"house",,,,"1","Βριλήσσια, Κέντρο, Διαμέρισμα Προς Ενοικίαση, 78 τ.μ., Κατάσταση: Καταπληκτική, Όροφος: 2ος, 1 Επίπεδο/α, 2 Υ/Δ 1 Κουζίνα/ες, 1 Μπάνιο/α, Θέρμανση: Αυτόνομη - Πετρέλαιο, Έτος κατασκευής: 2013, Ενεργειακό Πιστοποιητικό: Β, 2 θέση/εις στάθμευσης, Δάπεδα: Πατώματα + Πλακάκια, Kουφώματα: Αλουμινίου, Χαρακτηριστικά: Ασανσέρ, Πόρτα Ασφαλείας, Συναγερμός, Θυροτηλεόραση, Τζάκι, Νυχτερινό ρεύμα, Internet, Ηλ. Συσκευές, Διπλά Τζάμια, Σίτες, Τέντες, Βεράντες, Επιτρέπονται Κατοικίδια, Επιπλωμένο, Πολυτελές, Ρετιρέ, Διαμπερές, Προσόψεως, Φωτεινό, Γωνιακό, Κλιματισμός, Ηλιακός, Boiler, Κήπος, Νεόδμητο, Βαμμένο, Ανακαινισμένο,  Ενοίκιο (Για 12+ μήνες 1520€), Ενοίκιο (Για 6+ μήνες 1570€), Ενοίκιο (Για 2+ μήνες 1620€), Ενοίκιο (Για 1 μήνα 1770€), Τιμή: 1.520€. Yestayhomes, Τηλ. Επικοινωνίας: 6951683696",,"1",,"1","4",,,,,,,,,"1","1","2026-03-30","7","10","0","yes","yes","1","Αθήνα - Βόρεια Προάστια (Αττική)","Βριλήσσια (Αθήνα - Βόρεια Προάστια)","1","105103","101","2103","102103",,"1","1","0","0","1","1217194815","https://m2.spitogatos.gr/309137380_1600x1200.jpg?v=20130730","https://m1.spitogatos.gr/309137382_1600x1200.jpg?v=20130730","https://m2.spitogatos.gr/309137383_1600x1200.jpg?v=20130730","https://m1.spitogatos.gr/309137385_1600x1200.jpg?v=20130730","https://m3.spitogatos.gr/309137387_1600x1200.jpg?v=20130730","https://m1.spitogatos.gr/309137388_1600x1200.jpg?v=20130730","https://m1.spitogatos.gr/309137391_1600x1200.jpg?v=20130730","https://m2.spitogatos.gr/309137392_1600x1200.jpg?v=20130730","https://m1.spitogatos.gr/309137394_1600x1200.jpg?v=20130730","https://m3.spitogatos.gr/309137396_1600x1200.jpg?v=20130730","https://m1.spitogatos.gr/309137397_1600x1200.jpg?v=20130730","https://m2.spitogatos.gr/309137398_1600x1200.jpg?v=20130730","https://m3.spitogatos.gr/309137399_1600x1200.jpg?v=20130730","https://m1.spitogatos.gr/309137400_1600x1200.jpg?v=20130730","https://m2.spitogatos.gr/309137401_1600x1200.jpg?v=20130730","https://m3.spitogatos.gr/309137402_1600x1200.jpg?v=20130730","https://m1.spitogatos.gr/309137403_1600x1200.jpg?v=20130730","https://m2.spitogatos.gr/309137404_1600x1200.jpg?v=20130730","https://m3.spitogatos.gr/309137405_1600x1200.jpg?v=20130730","https://m1.spitogatos.gr/309137406_1600x1200.jpg?v=20130730","https://m2.spitogatos.gr/309137407_1600x1200.jpg?v=20130730","https://m3.spitogatos.gr/309137408_1600x1200.jpg?v=20130730","https://m1.spitogatos.gr/309137409_1600x1200.jpg?v=20130730","https://m2.spitogatos.gr/309137410_1600x1200.jpg?v=20130730","https://m1.spitogatos.gr/309137412_1600x1200.jpg?v=20130730","0","0","2","1","38.030506","1","1","23.828453",,"1",,,"2026-07-30","0","0",,"1",,"0","1",,,"1","1","1","1","0","0","0","1520",,,"0","0","0","0","19.49",,,"1","3","6",,"1","1","2023","0","1","2","0","1","1","78","0",,,"0","1","0","2025-02-28","https://www.spitogatos.gr/en/property/1217194815",,"0",,"2013",,"residential"
"0","1","yes","vip","4",,,,,"1","0","1","0","2026-10-08","0","1","1","0","1",,,"house",,,,"1","Βριλήσσια, Άνω Βριλήσσια, Μεζονέτα Προς Ενοικίαση, 127 τ.μ., Κατάσταση: Καταπληκτική, Όροφος: 1ος, 2 Επίπεδο/α, 3 Υ/Δ 1 Κουζίνα/ες, 2 Μπάνιο/α, Θέρμανση: Αυτόνομη - Φυσικό Αέριο, Θέα: Μπροστά σε Πάρκο, Έτος κατασκευής: 1994, Ενεργειακό Πιστοποιητικό: Β, 2 θέση/εις στάθμευσης, Δάπεδα: Πατώματα + Πλακάκια, Kουφώματα: Αλουμινίου, Χαρακτηριστικά: Ασανσέρ, Πόρτα Ασφαλείας, Θυροτηλεόραση, Αποθήκη, Σοφίτα, Νυχτερινό ρεύμα, Internet, Ηλ. Συσκευές, Εσωτερική Σκάλα, Διπλά Τζάμια, Σίτες, Τέντες, Βεράντες, Επιτρέπονται Κατοικίδια, Επιπλωμένο, Πολυτελές, Ρετιρέ, Διαμπερές, Προσόψεως, Φωτεινό, Γωνιακό, Boiler, Κήπος, Βαμμένο, Ανακαινισμένο,  Ενοίκιο (Για 12+ μήνες 1850€), Ενοίκιο (Για 6+ μήνες 1900€), Ενοίκιο (Για 2+ μήνες 1950€), Ενοίκιο (Για 1 μήνα 2120€), Προσανατολισμός: Ανατολικομεσημβρινός, Τιμή: 1.850€. Yestayhomes, Τηλ. Επικοινωνίας: 6986749007",,"1",,"1","4",,,,,,,,,"1","0","2026-05-25","6","10","0","yes","yes","1","Αθήνα - Βόρεια Προάστια (Αττική)","Βριλήσσια (Αθήνα - Βόρεια Προάστια)","1","105103","101","2103","106378",,"1","2","0","0","1","1219945315","https://m3.spitogatos.gr/354515813_1600x1200.jpg?v=20130730","https://m3.spitogatos.gr/354515816_1600x1200.jpg?v=20130730","https://m2.spitogatos.gr/354515818_1600x1200.jpg?v=20130730","https://m3.spitogatos.gr/354515819_1600x1200.jpg?v=20130730","https://m2.spitogatos.gr/354515821_1600x1200.jpg?v=20130730","https://m1.spitogatos.gr/354515823_1600x1200.jpg?v=20130730","https://m2.spitogatos.gr/354515827_1600x1200.jpg?v=20130730","https://m1.spitogatos.gr/354515829_1600x1200.jpg?v=20130730","https://m2.spitogatos.gr/354515836_1600x1200.jpg?v=20130730","https://m3.spitogatos.gr/354515840_1600x1200.jpg?v=20130730","https://m2.spitogatos.gr/354515845_1600x1200.jpg?v=20130730","https://m3.spitogatos.gr/354515852_1600x1200.jpg?v=20130730","https://m1.spitogatos.gr/354515856_1600x1200.jpg?v=20130730","https://m2.spitogatos.gr/354515863_1600x1200.jpg?v=20130730","https://m3.spitogatos.gr/354515867_1600x1200.jpg?v=20130730","https://m1.spitogatos.gr/354515871_1600x1200.jpg?v=20130730","https://m1.spitogatos.gr/354515874_1600x1200.jpg?v=20130730","https://m1.spitogatos.gr/354515877_1600x1200.jpg?v=20130730","https://m3.spitogatos.gr/354515882_1600x1200.jpg?v=20130730","https://m3.spitogatos.gr/354515885_1600x1200.jpg?v=20130730","https://m3.spitogatos.gr/354515888_1600x1200.jpg?v=20130730","https://m3.spitogatos.gr/354515891_1600x1200.jpg?v=20130730",,,,"1","0","2","1","38.037132","2","1","23.843809",,"1",,,"2026-07-30","0","0",,"1",,"0","2",,"3","1","1","1","1","0","0","0","1850",,,"0","0","0","0","14.57",,,"1","3","6",,"1","1","2021","0","1","3","0","1","0","127","1",,,"0","3","0","2026-05-25","https://www.spitogatos.gr/en/property/1219945315",,"1",,"1994",,"residential"
"1","4",,"vip","4",,,,,"1","0","0","0","2026-07-06","0","0","1","0","1",,,"house",,"90",,"0","ΒΡΙΛΗΣΣΙΑ, Κέντρο - Διαμέρισμα 133τμ, πλήρως επιπλωμένο, 3 υ/δ, 4ος, εξαιρετική κατάσταση, κατασκευή 1991, ενεργειακή κλάση Γ, σαλόνι, κουζίνα, 2 μπάνια, αυτόνομη θέρμανση (φυσικό αέριο), κλιματισμός, parking, διαμπερές, φωτεινό, θέα απεριόριστη, πρόσοψης, ηλιακός, boiler, τζάκι, βεράντες, μεγάλες βεράντες, ασανσέρ, ιδιόκτητη ταράτσα, εντοιχισμένες συσκευές, κουφώματα αλουμινίου, διπλά τζάμια, σίτες, νυχτερινό ρεύμα, πόρτα ασφαλείας, δορυφορική σύνδεση, internet, επιτρέπονται κατοικίδια, εντός σχεδίου, οικιστική ζώνη, πρόσβαση: άσφαλτο, βραχυπρόθεσμη ενοικίαση.<br />
Βραχυπρόθεσμη ενοικίαση διαμερίσματος ρετιρέ 133τμ, με ελάχιστη διάρκεια 60 ημερών και μέγιστη 12 μηνών..<br />
Διαθέσιμο από Σεπτέμβριο.<br />
<br />
Τιμή €2.800 (κωδ. RR3843) +30 210 2201931 |<br />
<br />
Καλέστε όλο το 24ωρο  |   Ανοικτά μέχρι αργά & Σαββατοκύριακα | H θέση στο χάρτη είναι ενδεικτική  |  92% των συναντήσεων εκτελούνται το πολύ σε 24 ώρες  |  Μιλάμε 7 γλώσσες  |  Δείτε video ακινήτων στο YouTube κανάλι μας  |  Μας βρίσκετε στο Whatsapp, Viber & FaceTime  |  Δείτε τα ακίνητά μας και σε 360tour στο www.GreeKorner.gr",,"0",,"1","5",,,,,,,,,"1","1","2026-07-06","9",,"0","yes","yes","0","Αθήνα - Βόρεια Προάστια (Αττική)","Βριλήσσια (Αθήνα - Βόρεια Προάστια)","1","105103","101","2103","106378","Double","1","2","0","0","1","1220315950","https://m3.spitogatos.gr/360659606_1600x1200.jpg?v=20130730","https://m1.spitogatos.gr/360659610_1600x1200.jpg?v=20130730","https://m3.spitogatos.gr/360659612_1600x1200.jpg?v=20130730","https://m3.spitogatos.gr/360659615_1600x1200.jpg?v=20130730","https://m3.spitogatos.gr/360659618_1600x1200.jpg?v=20130730","https://m2.spitogatos.gr/360659620_1600x1200.jpg?v=20130730","https://m2.spitogatos.gr/360659623_1600x1200.jpg?v=20130730","https://m1.spitogatos.gr/360659625_1600x1200.jpg?v=20130730","https://m1.spitogatos.gr/360659628_1600x1200.jpg?v=20130730","https://m1.spitogatos.gr/360659631_1600x1200.jpg?v=20130730","https://m3.spitogatos.gr/360659633_1600x1200.jpg?v=20130730","https://m3.spitogatos.gr/360659636_1600x1200.jpg?v=20130730","https://m3.spitogatos.gr/360659639_1600x1200.jpg?v=20130730","https://m2.spitogatos.gr/360659641_1600x1200.jpg?v=20130730","https://m1.spitogatos.gr/360659643_1600x1200.jpg?v=20130730","https://m3.spitogatos.gr/360659645_1600x1200.jpg?v=20130730","https://m2.spitogatos.gr/360659647_1600x1200.jpg?v=20130730","https://m1.spitogatos.gr/360659649_1600x1200.jpg?v=20130730","https://m3.spitogatos.gr/360659651_1600x1200.jpg?v=20130730","https://m2.spitogatos.gr/360659653_1600x1200.jpg?v=20130730","https://m1.spitogatos.gr/360659655_1600x1200.jpg?v=20130730",,,,,"0","0","2","1","38.042854","1","1","23.836506",,"0",,,"2026-07-29","0","0",,"1",,"0","2",,,"0","0","1","1","0","0","0","2800",,,"0","0","0","0","21.05",,,"1","3","6",,"1","0",,"0","1","3","1","1","1","133","0",,,"0","1","0","2026-07-06","https://www.spitogatos.gr/en/property/1220315950",,"1",,"1991",,"residential"
"1","4","yes","vip","4",,,,,"1","0","0","0","2027-09-03","0","1","0","0","1",,,"house",,,,"1","Βριλήσσια, Άνω Βριλήσσια, Διαμέρισμα Προς Ενοικίαση, 109 τ.μ., Κατάσταση: Καταπληκτική, Όροφος: 4ος, 3 Υ/Δ 1 Κουζίνα/ες, 1 Μπάνιο/α, 1 WC, Θέρμανση: Αυτόνομη - Φυσικό Αέριο, Θέα: Απεριόριστη, Έτος κατασκευής: 1993, Ενεργειακό Πιστοποιητικό: Γ, 2 θέση/εις στάθμευσης, Δάπεδα: Πατώματα + Πλακάκια, Kουφώματα: Αλουμινίου, Χαρακτηριστικά: Ασανσέρ, Πόρτα Ασφαλείας, Θυροτηλεόραση, Τζάκι, Νυχτερινό ρεύμα, Internet, Ηλ. Συσκευές, Διπλά Τζάμια, Τέντες, Επιτρέπονται Κατοικίδια, Επιπλωμένο, Πολυτελές, Διαμπερές, Προσόψεως, Φωτεινό, Γωνιακό, Κλιματισμός, Ηλιακός, Βαμμένο, Ανακαινισμένο,  Ενοίκιο (Για 12+ μήνες 1780€), Ενοίκιο (Για 6+ μήνες 1830€), Ενοίκιο (Για 2+ μήνες 1880€), Ενοίκιο (Για 1 μήνα 2050€), Προσανατολισμός: Ανατολικομεσημβρινός, Τιμή: 1.780€. Yestayhomes, Τηλ. Επικοινωνίας: 6951683696",,"1",,"1","5",,,,,,,,,"1","1","2025-11-25","9","10","0","yes","yes","0","Αθήνα - Βόρεια Προάστια (Αττική)","Βριλήσσια (Αθήνα - Βόρεια Προάστια)","1","105103","101","2103","102103",,"1","2","0","0","1","1218720061","https://m1.spitogatos.gr/335532207_1600x1200.jpg?v=20130730","https://m2.spitogatos.gr/335532211_1600x1200.jpg?v=20130730","https://m3.spitogatos.gr/335532215_1600x1200.jpg?v=20130730","https://m1.spitogatos.gr/335532219_1600x1200.jpg?v=20130730","https://m3.spitogatos.gr/335532224_1600x1200.jpg?v=20130730","https://m3.spitogatos.gr/335532227_1600x1200.jpg?v=20130730","https://m2.spitogatos.gr/335532232_1600x1200.jpg?v=20130730","https://m3.spitogatos.gr/335532239_1600x1200.jpg?v=20130730","https://m1.spitogatos.gr/335532243_1600x1200.jpg?v=20130730","https://m2.spitogatos.gr/335532247_1600x1200.jpg?v=20130730","https://m2.spitogatos.gr/335532250_1600x1200.jpg?v=20130730","https://m2.spitogatos.gr/335532253_1600x1200.jpg?v=20130730","https://m1.spitogatos.gr/335532255_1600x1200.jpg?v=20130730","https://m1.spitogatos.gr/335532258_1600x1200.jpg?v=20130730","https://m3.spitogatos.gr/335532260_1600x1200.jpg?v=20130730","https://m2.spitogatos.gr/335532262_1600x1200.jpg?v=20130730","https://m3.spitogatos.gr/335532263_1600x1200.jpg?v=20130730","https://m1.spitogatos.gr/335532264_1600x1200.jpg?v=20130730","https://m2.spitogatos.gr/335532265_1600x1200.jpg?v=20130730","https://m1.spitogatos.gr/335532267_1600x1200.jpg?v=20130730","https://m2.spitogatos.gr/335532268_1600x1200.jpg?v=20130730","https://m3.spitogatos.gr/335532269_1600x1200.jpg?v=20130730","https://m1.spitogatos.gr/335532270_1600x1200.jpg?v=20130730",,,"0","0","2","1","38.028767","1","1","23.836349",,"1",,,"2026-07-29","0","0",,"1",,"1","1",,"3","1","0","0","1","0","0","0","1780",,,"0","0","0","0","16.33",,,"1","3","6",,"1","1",,"0","1","3","0","1","1","109","0",,,"0","1","0","2025-11-25","https://www.spitogatos.gr/en/property/1218720061",,"1",,"1993",,"residential"
"0","4","yes","vip","4",,,,,"1","1","0","0","2026-08-20","0","1","1","0","1","0",,"house","0","40",,"1","ΒΡΙΛΗΣΣΙΑ | Φωτεινό Διαμέρισμα με Μεγάλες Περιμετρικές Βεράντες & Ανοιχτή Θέα<br />
<br />
Λουσμένο στο φυσικό φως, με μεγάλες μπαλκονόπορτες, περιμετρικές βεράντες που λειτουργούν σαν δεύτερο καθιστικό και ανοιχτή θέα στο πράσινο και τα βουνά, το διαμέρισμα αυτό συνδυάζει άνεση, ιδιωτικότητα και εξαιρετική ποιότητα ζωής.<br />
<br />
	Πρόκειται για κλασική κατασκευή υψηλής ποιότητας, με ευρύχωρους χώρους που σπάνια συναντώνται σε νεότερα διαμερίσματα. Ο εντυπωσιακός ενιαίος χώρος σαλονιού-τραπεζαρίας δημιουργεί την αίσθηση ενός ακόμη μεγαλύτερου σπιτιού, ιδανικού τόσο για την καθημερινότητα όσο και για τη φιλοξενία.<br />
<br />
	Τα δύο φωτεινά υπνοδωμάτια (περίπου 16 τ.μ. το καθένα) διαθέτουν μεγάλες εντοιχισμένες ντουλάπες, ενώ τα ξύλινα δάπεδά τους θα παραδοθούν πλήρως ανακαινισμένα. Το διαμέρισμα διαθέτει επίσης ευρύχωρο μπάνιο και ανεξάρτητο WC επισκεπτών.<br />
        Οι μεγάλες περιμετρικές βεράντες αποτελούν φυσική προέκταση των εσωτερικών χώρων, προσφέροντας ιδιωτικότητα, ανοιχτό ορίζοντα και άπλετο φυσικό φως καθ' όλη τη διάρκεια της ημέρας.<br />
Χαρακτηριστικά<br />
• 2 μεγάλα υπνοδωμάτια (~16 τ.μ. το καθένα)<br />
• Ευρύχωρο σαλόνι – τραπεζαρία<br />
• 1 μπάνιο, 1 WC επισκεπτών <br />
• Ατομική θέρμανση φυσικού αερίου<br />
• Διπλά τζάμια<br />
• Συναγερμός<br />
• Τέντες<br />
• Θέση στάθμευσης σε πιλοτή<br />
• 2 πατάρια αποθήκευσης<br />
• Μεγάλες περιμετρικές βεράντες με άνετο χώρο για τραπεζαρία, καθιστικό και πλούσιο πράσινο.<br />
           Σε ένα από τα καλύτερα σημεία των Βριλησσίων, με άμεση πρόσβαση στη Λεωφόρο Πεντέλης, τον Προαστιακό, την Αττική Οδό, το Κολυμβητήριο, την τοπική αγορά, το Αττικό Πάρκο και τον ποδηλατόδρομο.<br />
                                                Παράδοση από 20 Αυγούστου.",,,"0","1","5",,,,,,,,,"1","0","2026-07-12","9","6","1","no","yes","1","Αθήνα - Βόρεια Προάστια (Αττική)","Βριλήσσια (Αθήνα - Βόρεια Προάστια)","1","105103","101","2103","102103","Double","4","2","0","0","1","1220362736","https://m2.spitogatos.gr/361388143_1600x1200.jpg?v=20130730","https://m3.spitogatos.gr/361388144_1600x1200.jpg?v=20130730","https://m2.spitogatos.gr/361388152_1600x1200.jpg?v=20130730","https://m2.spitogatos.gr/361388161_1600x1200.jpg?v=20130730","https://m2.spitogatos.gr/361388176_1600x1200.jpg?v=20130730","https://m1.spitogatos.gr/361388178_1600x1200.jpg?v=20130730","https://m2.spitogatos.gr/361388200_1600x1200.jpg?v=20130730","https://m3.spitogatos.gr/361388210_1600x1200.jpg?v=20130730","https://m3.spitogatos.gr/361388213_1600x1200.jpg?v=20130730","https://m3.spitogatos.gr/361388180_1600x1200.jpg?v=20130730","https://m3.spitogatos.gr/361388207_1600x1200.jpg?v=20130730","https://m3.spitogatos.gr/361388225_1600x1200.jpg?v=20130730","https://m3.spitogatos.gr/361388267_1600x1200.jpg?v=20130730","https://m1.spitogatos.gr/361388331_1600x1200.jpg?v=20130730","https://m2.spitogatos.gr/361388347_1600x1200.jpg?v=20130730","https://m3.spitogatos.gr/361388462_1600x1200.jpg?v=20130730","https://m3.spitogatos.gr/361388480_1600x1200.jpg?v=20130730","https://m1.spitogatos.gr/361388487_1600x1200.jpg?v=20130730","https://m2.spitogatos.gr/361388494_1600x1200.jpg?v=20130730","https://m1.spitogatos.gr/361388571_1600x1200.jpg?v=20130730","https://m2.spitogatos.gr/361388572_1600x1200.jpg?v=20130730","https://m2.spitogatos.gr/361388506_1600x1200.jpg?v=20130730","https://m2.spitogatos.gr/361388575_1600x1200.jpg?v=20130730","https://m3.spitogatos.gr/361388576_1600x1200.jpg?v=20130730","https://m2.spitogatos.gr/361388584_1600x1200.jpg?v=20130730","1",,"2","1","38.033096","1","1","23.829081",,"0","0",,"2026-07-29","0","0",,"0",,"1","1","4","2","1","1","0",,"0","0","0","1050",,,"0","0","0","0","10.71",,,"1","6","8",,"1","1","2026",,"1","2","0","0","1","98","0",,,"0","1","0","2026-07-12","https://www.spitogatos.gr/en/property/1220362736",,"1","0","1990",,"residential"
"1","Ground Floor","no","vip","1",,,,,"0","1","0","0","2026-01-19","0","1","1","0","1",,,"house",,,,"1","Βριλήσσια, Α΄ Ζώνη, ΕΝΟΙΚΙΑΖΕΤΑΙ  Νεόδμητη  Πολυτελής Μεζονέτα  225,86 τ.μ., με αισθητική minimal 2 επιπέδων, και Ισογείου και 1ου ορόφου, με αποκλειστική χρήση κήπου 350 τμ με πισίνα και BBQ. <br />
<br />
Το συγκεκριμένο ακίνητο είναι μοναδικό γιατί συγκεντρώνει αισθητική που σου δημιουργεί ευχάριστο περιβάλλον για να θέλεις να μένεις σε έναν τέτοιο χώρο, τις πιο σύγχρονες προδιαγραφές που υπάρχουν και την εξαιρετική τοποθεσία.<br />
<br />
Ενεργειακό Πιστοποιητικό: Α+<br />
<br />
Ισόγειο : σαλόνι, τραπεζαρία με ύψος 5,30 μέτρα, τζάκι ενεργειακό, μεγάλη κουζίνα Open Plan, πλήρως εξοπλισμένη, με 90άρα εστία, ενσωματωμένο απορροφητήρα πάγκου, εντοιχιζόμενους φούρνους ψησίματος και μικροκυμάτων άνω πάγκου, εντοιχιζόμενη καφετιέρα με συρτάρια θέρμανσης, πλυντήριο πιάτων, ψυγείο ντουλάπα με παροχή νερού, 2 μεγάλες νησίδες εργασίας με συνδυασμό για χώρο φαγητού, 1 υ/δ και 1 μπάνιο.<br />
<br />
1ος όροφος : 3 ευρύχωρα master υ/δ, με τα μπάνια τους και laundry room .<br />
<br />
Έχει 3πλό προσανατολισμό, μεγάλα ανοίγματα, κουφώματα αλουμινίου με ενεργειακά τζάμια εξωτερικά και AntiVandal εσωτερικά. Μεγάλες βεράντες, κήπος 349,59 τμ, με γκαζόν και δένδρα, πισίνα 32,55 τμ και χώρος για BBQ.  3 θέσεις στάθμευσης υπογείου και αποθήκη 16,19 τμ. Δάπεδα ξύλινα και γρανιτοπλακάκια στα μπάνια. Έξτρα ηχομόνωση με διπλό soundbar και silconic και κρυφός φωτισμός led. Διαθέτει πόρτα ασφαλείας, οπτική ινα, δομημένη καλωδίωση, σύστημα συναγερμού, δορυφορική κεραία, γεννήτρια, παροχή για μία θέση ταχυφορτιστή ηλεκτρικού αυτοκινήτου, ενδοδαπέδια θέρμανση μέσω καυστήρα αερίου DAIKIN, εναλλακτικά αντλία θερμότητας νερού συστήματος DAIKIN. Καναλάτο σύστημα οροφής για ψύξη και θέρμανση μέσω της αντλίας θερμότητας νερού συστήματος DAIKIN. Αυτονομία για ψύξη και θέρμανση σε κάθε δωμάτιο, ηλιακός θερμοσίφωνας 2πλής ενέργειας και λέβητας αερίου.<br />
<br />
Προκειται για ένα Smart House, με την προηγμένη τεχνολογία KNX και με την δυνατότητα πολλαπλού προγραμματισμού και ελέγχου όλων των συστημάτων του συγκεκριμένου ακινήτου (φωτισμός, θέρμανση, κλιματισμός, ασθενή και ισχυρά ρεύματα) δια μέσω του κινητού τηλεφώνου κι εξ’ αποστάσεως.<br />
<br />
Το ακίνητο είναι πολύ κοντά σε Διεθνή και Ελληνικά σχολεία, αγορά, super markets,  Μετρό, Προαστιακό, αθλητικά κι ιατρικά κέντρα, συγκοινωνίες, και σε μεγάλους οδικούς άξονες.<br />
<br />
Τιμή Μίσθωσης : 7.500€. <br />
<br />
Property Plan, Τηλ. Επικοινωνίας: 6977007787, email: tzannoustellina@yahoo.gr<br />
<br />
Υπόδειξη Ακινήτου γίνεται μόνο με  την επίδειξη της Αστυνομικής Ταυτότητας και Α.Φ.Μ του Πελάτη βάσει του <br />
<br />
Ν.4557/2018 (ΦΕΚ 139/2018) και ΠΟΛ 1200/29.10.2018 (ΦΕΚ  Β’ 4869/2018) <br />
<br />
 Η Μεσιτική Αμοιβή για τις ΠΩΛΗΣΕΙΣ  ανέρχεται σε ποσοστό 2% επί της πραγματικής αξίας της πώλησης συν ΦΠΑ ( 24%),  και για τις ΕΝΟΙΚΙΑΣΕΙΣ  ένα μίσθωμα συν ΦΠΑ (24%). <br />
<br />
Οι αμοιβές  αυτές αφορούν τον κάθε συμβαλλόμενο ξεχωριστά.  <br />
<br />
 Σε περίπτωση πώλησης σε τίμημα κάτω των 100.000€  έως 50.001€  η Μεσιτική Αμοιβή  ανέρχεται  στο κατ´ αποκοπή ποσόν των 2.000€ συν ΦΠΑ (24%). <br />
<br />
 Σε πώληση με τίμημα κάτω των 50.001€ η Μεσιτική Αμοιβή ανέρχεται στο κατ´ αποκοπή ποσόν των 1.500€ συν ΦΠΑ (24%).",,"0",,"1","1",,,,,,,,,"0","1","2026-01-19","3","2","0","no","yes","1","Αθήνα - Βόρεια Προάστια (Αττική)","Βριλήσσια (Αθήνα - Βόρεια Προάστια)","1","105103","101","2103",,,"1",,"1","0","1","1219093604","https://m2.spitogatos.gr/347741845_1600x1200.jpg?v=20130730","https://m3.spitogatos.gr/347741846_1600x1200.jpg?v=20130730","https://m1.spitogatos.gr/347741847_1600x1200.jpg?v=20130730","https://m1.spitogatos.gr/340874145_1600x1200.jpg?v=20130730","https://m3.spitogatos.gr/340874159_1600x1200.jpg?v=20130730","https://m3.spitogatos.gr/340874162_1600x1200.jpg?v=20130730","https://m3.spitogatos.gr/340874192_1600x1200.jpg?v=20130730","https://m1.spitogatos.gr/340874199_1600x1200.jpg?v=20130730","https://m3.spitogatos.gr/340874204_1600x1200.jpg?v=20130730","https://m1.spitogatos.gr/340874226_1600x1200.jpg?v=20130730","https://m3.spitogatos.gr/340874228_1600x1200.jpg?v=20130730","https://m1.spitogatos.gr/340874241_1600x1200.jpg?v=20130730","https://m2.spitogatos.gr/340874245_1600x1200.jpg?v=20130730","https://m3.spitogatos.gr/340874246_1600x1200.jpg?v=20130730","https://m2.spitogatos.gr/340874248_1600x1200.jpg?v=20130730","https://m2.spitogatos.gr/340874251_1600x1200.jpg?v=20130730","https://m3.spitogatos.gr/340874255_1600x1200.jpg?v=20130730","https://m2.spitogatos.gr/340874278_1600x1200.jpg?v=20130730","https://m1.spitogatos.gr/340874283_1600x1200.jpg?v=20130730","https://m3.spitogatos.gr/340874288_1600x1200.jpg?v=20130730","https://m2.spitogatos.gr/340874317_1600x1200.jpg?v=20130730","https://m1.spitogatos.gr/340874325_1600x1200.jpg?v=20130730","https://m3.spitogatos.gr/340874330_1600x1200.jpg?v=20130730","https://m2.spitogatos.gr/340874335_1600x1200.jpg?v=20130730","https://m2.spitogatos.gr/340874338_1600x1200.jpg?v=20130730","1","0",,"1","38.030903","2","1","23.833841",,"1",,,"2026-07-27","0","0","1","1",,"0","4",,,"0","0","1",,"0","1","0","7500",,,"0","0","0","0","33.19",,,"1","3","6",,"1","0",,"0","1","4","0","1","1","226","1",,,"0","3","0","2026-01-19","https://www.spitogatos.gr/en/property/1219093604",,"0",,"2026",,"residential"
"1","4","no","prime","12",,,,,,"1","0","0","2026-06-26","0",,"1","0",,,,"house",,,,,"Αυτή η μεζονέτα είναι η επιτομή του ""penthouse living"". Με συνολική επιφάνεια 185 τ.μ. και καταλαμβάνοντας τον 4ο και 5ο όροφο (δώμα), προσφέρει μια αίσθηση υπεροχής και απόλυτης ιδιωτικότητας.<br />
Πρόκειται για ένα ακίνητο σπάνιων προδιαγραφών που συνδυάζει την πολυτέλεια με την ευελιξία. Η διαρρύθμιση έχει σχεδιαστεί ώστε να προσφέρει άνεση και αυτονομία, ενώ η ποιότητα κατασκευής ακολουθεί τα υψηλότερα πρότυπα της αγοράς.<br />
Στο πρώτο επίπεδο κυριαρχεί το τεράστιο σαλόνι, ένας χώρος υψηλής αισθητικής με μεγάλες τζαμαρίες που ""φέρνουν"" το τοπίο μέσα στο σπίτι. Η κουζίνα είναι ανεξάρτητη, προσφέροντας εργονομία και ιδιωτικότητα, ενώ το επίπεδο συμπληρώνουν 2 ευρύχωρα υπνοδωμάτια και 2 πλήρη μπάνια. Το highlight του ορόφου είναι το τεράστιο μπαλκόνι, ένας ιδανικός χώρος εκτόνωσης με καθηλωτική και ανεμπόδιστη περιμετρική θέα.<br />
Μέσω της καλαίσθητης εσωτερικής σκάλας  οδηγούμαστε στο δώμα (5ος όροφος), έναν χώρο που κόβει την ανάσα. Εκεί βρίσκεται το τρίτο, επιβλητικό Master υπνοδωμάτιο με δικό του μπάνιο, περιτριγυρισμένο από υαλοπετάσματα δαπέδου-οροφής που «ανοίγουν» τη θέα προς τον ορίζοντα, προσφέροντας απόλυτη ιδιωτικότητα και ανεξάρτητη είσοδο από το κλιμακοστάσιο. <br />
Το επίπεδο αυτό προσφέρει μοναδική αυτονομία, καθώς διαθέτει δικιά του ανεξάρτητη είσοδο απευθείας από το ασανσέρ αλλά και κλιμακοστάσιο του 5ου ορόφου, καθιστώντας το ιδανικό για master suite, ξενώνα ή ένα υπερπολυτελές γραφείο.<br />
<br />
<br />
Κορυφαία Τεχνικά Χαρακτηριστικά:<br />
<br />
Ενεργειακή Υπεροχή: Ενδοδαπέδια θέρμανση, φυσικό αέριο και κλιματισμός τελευταίας γενιάς.<br />
<br />
Minimal Design: Τζάκι σύγχρονης αισθητικής, δρύινα πατώματα, κρυφοί φωτισμοί.<br />
<br />
Ασφάλεια: Πόρτες ασφαλείας και στα δύο επίπεδα, σύστημα συναγερμού και θυροτηλεόραση.<br />
<br />
Παροχές: Αποθήκη και 2 υπόγειες θέσεις στάθμευσης με υποδομή φόρτισης ηλεκτρικού αυτοκινήτου.<br />
<br />
Ιδιαίτερο πλεονέκτημα αποτελεί η εγκατάσταση φωτοβολταϊκών πάνελ για τη χρήση των κοινοχρήστων χώρων, γεγονός που μειώνει δραστικά τα πάγια έξοδα των ενοίκων, καθιστώντας το διαμέρισμα μια πραγματικά μοναδική επιλογή.<br />
Ένα ακίνητο που δεν αποτελεί απλώς μια κατοικία, αλλά μια δήλωση αισθητικής για όσους απαιτούν το καλύτερο, από τη θέα μέχρι την τελευταία κατασκευαστική λεπτομέρεια.<br />
<br />
Οι εικόνες στο Exposé ενδέχεται να έχουν βελτιστοποιηθεί ή προσαρμοστεί με χρήση τεχνητής νοημοσύνης για λόγους απεικόνισης.<br />
Τα Βριλήσσια απέχουν μόλις 30 λεπτά με το αυτοκίνητο από το κέντρο της Αθήνας και βρίσκονται σε ιδανική τοποθεσία ανάμεσα στα πολυσύχναστα προάστια του Αμαρουσίου, του Χαλανδρίου και της Πεντέλης. Μοναδικά Χαρακτηριστικά: Τα Βριλήσσια είναι ένα ήσυχο αστικό προάστιο με καλή ποιότητα ζωής. Είναι ιδανικό για οικογένειες καθώς διαθέτει πολλά πάρκα και παιδικές χαρές και βρίσκεται σε πολύ κοντινή απόσταση από πολλά διεθνή σχολεία. Δύο δημοφιλή κέντρα δραστηριοτήτων είναι οι κύριες πλατείες (η πλατεία Ηρώων και η πλατεία Αναλήψεως), γύρω από τις οποίες συγκεντρώνονται καφετέριες, κομψά εστιατόρια, μπουτίκ και τράπεζες. Προσβασιμότητα: Βρίσκεται πολύ κοντά στην Αττική Οδό και εξυπηρετείται από δύο προαστιακούς σιδηροδρομικούς σταθμούς (το σταθμό Δουκίσσης Πλακεντίας και το σταθμό Πεντέλης) και ένα σταθμό μετρό (Δουκίσσης Πλακεντίας). Αρκετά λεωφορεία εξυπηρετούν προορισμούς σε γειτονικά προάστια καθώς και στο κέντρο της Αθήνας. Το αεροδρόμιο απέχει μόλις 30 λεπτά οδικώς και η Εθνική Οδός απέχει 10 λεπτά με το αυτοκίνητο. Επενδυτική Δυναμική: Η ιδανική επιλογή για εξαιρετική διαβίωση κοντά στο κέντρο της πόλης σε μια πολυτελή αστική περιοχή, με καλή απόδοση της επένδυσης.",,,,"0","1",,,,,,,,,,"1","2026-02-12","9","2",,"no","yes","0","Αθήνα - Βόρεια Προάστια (Αττική)","Βριλήσσια (Αθήνα - Βόρεια Προάστια)","1","105103","101","2103",,,"1","2","1","0","1","1219375579","https://m2.spitogatos.gr/359342866_1600x1200.jpg?v=20130730","https://m3.spitogatos.gr/359342882_1600x1200.jpg?v=20130730","https://m2.spitogatos.gr/359342887_1600x1200.jpg?v=20130730","https://m3.spitogatos.gr/359342894_1600x1200.jpg?v=20130730","https://m3.spitogatos.gr/359342900_1600x1200.jpg?v=20130730","https://m3.spitogatos.gr/359342915_1600x1200.jpg?v=20130730","https://m2.spitogatos.gr/359342929_1600x1200.jpg?v=20130730","https://m2.spitogatos.gr/359342932_1600x1200.jpg?v=20130730","https://m2.spitogatos.gr/359342935_1600x1200.jpg?v=20130730","https://m2.spitogatos.gr/359342938_1600x1200.jpg?v=20130730","https://m3.spitogatos.gr/359342942_1600x1200.jpg?v=20130730","https://m1.spitogatos.gr/359342955_1600x1200.jpg?v=20130730","https://m3.spitogatos.gr/359342960_1600x1200.jpg?v=20130730","https://m3.spitogatos.gr/359342963_1600x1200.jpg?v=20130730","https://m2.spitogatos.gr/359342968_1600x1200.jpg?v=20130730","https://m3.spitogatos.gr/359342972_1600x1200.jpg?v=20130730","https://m2.spitogatos.gr/359342992_1600x1200.jpg?v=20130730","https://m2.spitogatos.gr/359342995_1600x1200.jpg?v=20130730","https://m1.spitogatos.gr/359343012_1600x1200.jpg?v=20130730",,,,,,,,,,"0","38.029343","4","0","23.8351",,,,,"2026-07-31","0",,"1",,,"1","3",,,,"1",,,,"0",,"4500",,,"0","0","0","0","24.32",,,"1","3","6",,"1","0",,"0","1","3",,"1",,"185","1",,,,"1",,"2026-02-12","https://www.spitogatos.gr/en/property/1219375579",,,,"2026",,"residential"
"0","1","no","prime","3",,,,,"1","0","0","0","2026-07-16","0","0","0","0","1","0",,"house","0",,,"0","Διαμέρισμα Προς Ενοικίαση, όροφος: 1ος, στην περιοχή: Βριλήσσια. Το εμβαδόν του ακινήτου είναι 155 τ.μ. και βρίσκεται σε οικόπεδο 500 τ.μ.. Αποτελείται από: 3 Υ/Δ, 1 μπάνιο/α, 1 wc, 1 κουζίνα/ες, 1 σαλόνι/α. Έχει κατασκευαστεί το 1975. Η θέρμανση του ακινήτου είναι Αυτόνομη με Φυσικό αέριο, ενώ επίσης διατίθεται Boiler, ενεργειακό πιστοποιητικό: Ε. Η κατάστασή του είναι: Ανακαινισμένο, Καταπληκτική, 300 Μέτρα από προαστιακός και έχει Ανατολικομεσημβρινό προσανατολισμό. Το ακίνητο είναι Προσόψεως, Φωτεινό, Ευάερο, Ευήλιο, Διαμπερές, Κήπος, Πόρτα Ασφαλείας, Χωρίς Κοινόχρηστα, Νυχτερινό Ρεύμα, Ησυχη γειτονιά, Βεράντα. Τιμή: €1.300. Equal Real Estate, Τηλέφωνο Επικοινωνίας: 2106203777, email: equal.pr.mn@gmail.com, website: www.equal.pr.mn@gmail.com<br />
<br />
Μπορείτε να δείτε περισσότερα ακίνητα στο site μας equalestate.gr",,,"0","0","7",,,,,,,,,"1","1","2026-07-16","6",,"0","no","no","1","Αθήνα - Βόρεια Προάστια (Αττική)","Βριλήσσια (Αθήνα - Βόρεια Προάστια)","1","105103","101","2103",,,"1","2","0","0","1","1220396987","https://m3.spitogatos.gr/362014670_1600x1200.jpg?v=20130730","https://m1.spitogatos.gr/362014674_1600x1200.jpg?v=20130730","https://m3.spitogatos.gr/362014679_1600x1200.jpg?v=20130730","https://m1.spitogatos.gr/362014683_1600x1200.jpg?v=20130730","https://m1.spitogatos.gr/362014686_1600x1200.jpg?v=20130730","https://m2.spitogatos.gr/362014690_1600x1200.jpg?v=20130730","https://m2.spitogatos.gr/362014693_1600x1200.jpg?v=20130730","https://m2.spitogatos.gr/362014696_1600x1200.jpg?v=20130730","https://m2.spitogatos.gr/362014699_1600x1200.jpg?v=20130730","https://m2.spitogatos.gr/362014702_1600x1200.jpg?v=20130730","https://m3.spitogatos.gr/362014706_1600x1200.jpg?v=20130730",,,,,,,,,,,,,,,"0","0",,"1","38.034565","1","1","23.82572","500","0","0","0","2026-07-31","0","0",,"1",,"1","1",,"3","0","0","0",,"0","0","0","1300",,,"0","0","0","0","8.39",,,"1","3","6",,"1","1",,"0",,"3","0","1","0","155","0",,,"0","1","0","2026-07-16","https://www.spitogatos.gr/en/property/1220396987",,"0","0","1975",,"residential"
"1","4","no","prime","3",,,,,"1","0","0","0","2026-07-17","0","0","1","0","1","0",,"house","0",,,"0","Διαμέρισμα Προς Ενοικίαση, όροφος: 4ος, στην περιοχή: Βριλήσσια. Το εμβαδόν του ακινήτου είναι 135 τ.μ.. Αποτελείται από: 3 Υ/Δ, 2 μπάνιο/α, 1 κουζίνα/ες, 1 σαλόνι/α, ενώ διαθέτει 1 θέσεις στάθμευσης Σε κλειστό χώρο) ( η 2  κατόπιν συνεννόησης ),  συν αποκλειστική χρήση ταράτσας. . Η θέρμανση του ακινήτου είναι Αυτόνομη με Φυσικό αέριο, ενώ επίσης διατίθεται Κλιματισμός, Ηλιακός, έχει κουφώματα Αλουμινίου με Τριπλά - Ενεργειακά τζάμια, ενεργειακό πιστοποιητικό: Γ και τα δάπεδα είναι: Ξύλο. Η κατάστασή του είναι: Καταπληκτική, βρίσκεται κοντά σε Συγκοινωνίες, Αγορά, Εστίαση, έχει θέα Βουνό, Πράσινο, Ανεμπόδιστη. Το ακίνητο είναι Επιπλωμένο, Ρετιρέ, Προσόψεως, Φωτεινό, Ευάερο, Διαμπερές, Πολυτελές και επίσης διαθέτει τα παρακάτω χαρακτηριστικά και πλεονεκτήματα: Ασανσέρ, Ηλεκτρ. Συσκευές, Αποθήκη, Πόρτα Ασφαλείας, Θυροτηλεόραση, Νυχτερινό Ρεύμα, Επιτρέπονται Κατοικίδια ( κατόπιν συνεννόησης ) , Οπτική ίνα, Βεράντα, Γραφείο. Τιμή: €2.300. Equal Real Estate, Τηλέφωνο Επικοινωνίας: 2106203777, email: equal.pr.mn@gmail.com, website: www.equal.pr.mn@gmail.com<br />
<br />
Μπορείτε να δείτε περισσότερα ακίνητα στο site μας equalestate.gr",,,"0","1","5",,,,,,,,,"1","1","2026-07-17","9","2","0","yes","yes","0","Αθήνα - Βόρεια Προάστια (Αττική)","Βριλήσσια (Αθήνα - Βόρεια Προάστια)","1","105103","101","2103",,"Triple","1","2","0","0","1","1220405945","https://m3.spitogatos.gr/362153681_1600x1200.jpg?v=20130730","https://m1.spitogatos.gr/362153685_1600x1200.jpg?v=20130730","https://m1.spitogatos.gr/362153688_1600x1200.jpg?v=20130730","https://m2.spitogatos.gr/362153692_1600x1200.jpg?v=20130730","https://m3.spitogatos.gr/362153696_1600x1200.jpg?v=20130730","https://m1.spitogatos.gr/362153700_1600x1200.jpg?v=20130730","https://m2.spitogatos.gr/362153707_1600x1200.jpg?v=20130730","https://m2.spitogatos.gr/362153713_1600x1200.jpg?v=20130730","https://m3.spitogatos.gr/362153741_1600x1200.jpg?v=20130730","https://m3.spitogatos.gr/362153768_1600x1200.jpg?v=20130730","https://m3.spitogatos.gr/362153774_1600x1200.jpg?v=20130730","https://m2.spitogatos.gr/362153788_1600x1200.jpg?v=20130730","https://m2.spitogatos.gr/362153794_1600x1200.jpg?v=20130730","https://m2.spitogatos.gr/362153797_1600x1200.jpg?v=20130730","https://m1.spitogatos.gr/362153802_1600x1200.jpg?v=20130730","https://m3.spitogatos.gr/362153804_1600x1200.jpg?v=20130730","https://m1.spitogatos.gr/362153808_1600x1200.jpg?v=20130730","https://m1.spitogatos.gr/362153811_1600x1200.jpg?v=20130730","https://m1.spitogatos.gr/362153817_1600x1200.jpg?v=20130730","https://m2.spitogatos.gr/362153821_1600x1200.jpg?v=20130730","https://m2.spitogatos.gr/362153824_1600x1200.jpg?v=20130730","https://m3.spitogatos.gr/362153828_1600x1200.jpg?v=20130730",,,,"0","0","2","1","38.042263","1","1","23.833954",,"1","0","0","2026-07-31","0","0",,"1",,"0","2",,,"0","1","0","1","0","0","0","2300",,,"0","0","0","0","17.04",,,"1","3","6",,"1","0",,"0",,"3","0","1","1","135","1",,,"0","1","0","2026-07-17","https://www.spitogatos.gr/en/property/1220405945",,"1","0",,,"residential"
"0","1","no","prime","3",,,,,"0","0","0","0","2026-08-01","0","0","0","0","1","0",,"house",,,,"0","Κωδικός ακινήτου: 4511 - Βριλήσσια Κέντρο  ΕΝΟΙΚΙΑΖΕΤΑΙ     διαμέρισμα  στον 1 ο όροφο συνολικής επιφάνειας 156.00 τ.μ. σε οικόπεδο 500 τ.μ. . Αποτελείται από 3 υπνοδωμάτια, 2 σαλόνια, κουζίνα, μπάνιο και WC. Είναι κατασκευασμένο το 1975 με ενεργειακή κλάση Ε  και διαθέτει θέρμανση αυτόνομη - φυσικού αερίου, θέα σε αστικό τοπίο, κουφώματα αλουμινίου, πατώματα από μωσαϊκό και ξύλο, πόρτα ασφαλείας, εντοιχιζόμενες ντουλάπες, κήπο, τζάκι, προεγκατάσταση Α/C, διπλά τζάμια, θυροτηλεόραση, νυχτερινό ρεύμα      - Τιμή: 1.300 €  <br> <br>",,,,"0","7",,,,,,,,,"1","1","2026-07-28","6","11","0","no","no","1","Αθήνα - Βόρεια Προάστια (Αττική)","Βριλήσσια (Αθήνα - Βόρεια Προάστια)","1","105103","101","2103","102103","Double","1","2","0","0","1","1220508179","https://m3.spitogatos.gr/363566300_1600x1200.jpg?v=20130730","https://m1.spitogatos.gr/363566304_1600x1200.jpg?v=20130730","https://m2.spitogatos.gr/363566320_1600x1200.jpg?v=20130730","https://m1.spitogatos.gr/363566340_1600x1200.jpg?v=20130730","https://m2.spitogatos.gr/363566344_1600x1200.jpg?v=20130730","https://m3.spitogatos.gr/363566348_1600x1200.jpg?v=20130730","https://m1.spitogatos.gr/363566373_1600x1200.jpg?v=20130730","https://m2.spitogatos.gr/363566398_1600x1200.jpg?v=20130730","https://m3.spitogatos.gr/363566405_1600x1200.jpg?v=20130730","https://m2.spitogatos.gr/363566419_1600x1200.jpg?v=20130730",,,,,,,,,,,,,,,,"0","0","2","1","38.034119","1","2","23.825569","500","0",,,"2026-07-31","0","0",,"1",,"1","1",,"3","1","0","0",,"0","0","0","1300",,,"0","0","0","0","8.33",,,"1","3","6",,"1","0",,"0","1","3","0","1","0","156","0",,,"0","1","0","2026-07-28","https://www.spitogatos.gr/en/property/1220508179",,"1","1","1975","1s0QZ2wXZ34","residential"
"1","1","no","prime","3",,,,,,"1","1","0","1970-01-21","0",,"1","0",,,,"house",,,,,"Στους πρόποδες της Πεντέλης, στην πιο ήσυχη και καταπράσινη γειτονιά των Άνω Βριλησσίων, διατίθεται προς ενοικίαση μια μοναδική οροφομεζονέτα 170 τ.μ., που συνδυάζει υψηλή αισθητική, σύγχρονη λειτουργικότητα και μαγευτική θέα σε ολόκληρη την Αθήνα.<br />
<br />
Η κατοικία εκτείνεται στον 1ο όροφο και τον επάνω επίπεδο ενός καλοδιατηρημένου κτιρίου, κατασκευής 1990, το οποίο ανακαινίστηκε ριζικά το 2015 με εξαιρετικά υλικά, δίνοντας έμφαση τόσο στη λεπτομέρεια όσο και στη διαχρονικότητα του design.<br />
<br />
Η διαρρύθμιση της οροφομεζονέτας εξασφαλίζει απόλυτη αυτονομία και άνεση στους ενοίκους της:<br />
• Στο πρώτο επίπεδο, βρίσκονται δύο ευρύχωρα υπνοδωμάτια, φωτεινά και προσεκτικά επιπλωμένα, ένα κομψό μπάνιο, ένα επιπλέον WC, καθώς και μια ανεξάρτητη, πλήρως εξοπλισμένη κουζίνα με ποιοτικές ηλεκτρικές συσκευές και άφθονο αποθηκευτικό χώρο. Το σαλόνι και ο χώρος τραπεζαρίας με μαγευτική θέα και εξαιρετική διαρρύθμιση συμπληρώνουν με αρτιότητα τον όροφο.<br />
• Ο επάνω όροφος φιλοξενεί μία υπέροχη master κρεβατοκάμαρα με ιδιωτικό μπάνιο και πρόσβαση σε υπέροχη βεράντα, απ’ όπου μπορεί κανείς να απολαύσει αδιάκοπη θέα προς τον ορίζοντα της πόλης και τα φωτισμένα βράδια της Αττικής.<br />
<br />
Η κατοικία διατίθεται πλήρως επιπλωμένη, με προσεγμένες επιλογές που αναδεικνύουν τον εκλεπτυσμένο χαρακτήρα του ακινήτου. Ιδανική για όσους επιζητούν υψηλό επίπεδο διαβίωσης, σε συνδυασμό με την ηρεμία της περιοχής και την άμεση πρόσβαση σε αγορά, σχολεία και μεταφορές.<br />
<br />
Στα επιπλέον πλεονεκτήματα περιλαμβάνονται:<br />
• Τρεις (3) θέσεις στάθμευσης στην πυλωτή, που καλύπτουν πλήρως τις ανάγκες μιας οικογένειας ή επαγγελματία.<br />
• Μεγάλη αποθήκη στο υπόγειο του κτιρίου, προσφέροντας σημαντικό χώρο οργάνωσης.<br />
• Αυτόνομη θέρμανση, σύγχρονα κουφώματα και προηγμένα τεχνικά χαρακτηριστικά που διασφαλίζουν άνεση και ενεργειακή απόδοση.<br />
<br />
Πρόκειται για ένα ακίνητο που ξεχωρίζει όχι μόνο για την αρχιτεκτονική του δομή και την ποιότητα κατασκευής, αλλά και για το μοναδικό του «παράθυρο» στην πόλη – μια κατοικία φτιαγμένη για να προσφέρει ζεστασιά, πολυτέλεια και γαλήνη.<br />
Τα Βριλήσσια απέχουν μόλις 30 λεπτά με το αυτοκίνητο από το κέντρο της Αθήνας και βρίσκονται σε ιδανική τοποθεσία ανάμεσα στα πολυσύχναστα προάστια του Αμαρουσίου, του Χαλανδρίου και της Πεντέλης. <br />
Μοναδικά Χαρακτηριστικά: Τα Βριλήσσια είναι ένα ήσυχο αστικό προάστιο με καλή ποιότητα ζωής. Είναι ιδανικό για οικογένειες καθώς διαθέτει πολλά πάρκα και παιδικές χαρές και βρίσκεται σε πολύ κοντινή απόσταση από πολλά διεθνή σχολεία. Δύο δημοφιλή κέντρα δραστηριοτήτων είναι οι κύριες πλατείες (η πλατεία Ηρώων και η πλατεία Αναλήψεως), γύρω από τις οποίες συγκεντρώνονται καφετέριες, κομψά εστιατόρια, μπουτίκ και τράπεζες.<br />
 Προσβασιμότητα: Βρίσκεται πολύ κοντά στην Αττική Οδό και εξυπηρετείται από δύο προαστιακούς σιδηροδρομικούς σταθμούς (το σταθμό Δουκίσσης Πλακεντίας και το σταθμό Πεντέλης) και ένα σταθμό μετρό (Δουκίσσης Πλακεντίας). Αρκετά λεωφορεία εξυπηρετούν προορισμούς σε γειτονικά προάστια καθώς και στο κέντρο της Αθήνας. Το αεροδρόμιο απέχει μόλις 30 λεπτά οδικώς και η Εθνική Οδός απέχει 10 λεπτά με το αυτοκίνητο.<br />
 Επενδυτική Δυναμική: Η ιδανική επιλογή για εξαιρετική διαβίωση κοντά στο κέντρο της πόλης σε μια πολυτελή αστική περιοχή, με καλή απόδοση της επένδυσης.",,,,"0","5",,,,,,,,,,"1","2025-09-25","6",,,"yes","yes","0","Αθήνα - Βόρεια Προάστια (Αττική)","Βριλήσσια (Αθήνα - Βόρεια Προάστια)","1","105103","101","2103",,,"1","2","0","1","1","1218300947","https://m1.spitogatos.gr/347176698_1600x1200.jpg?v=20130730","https://m3.spitogatos.gr/347176787_1600x1200.jpg?v=20130730","https://m2.spitogatos.gr/347177023_1600x1200.jpg?v=20130730","https://m2.spitogatos.gr/347177203_1600x1200.jpg?v=20130730","https://m1.spitogatos.gr/347177388_1600x1200.jpg?v=20130730","https://m1.spitogatos.gr/347177634_1600x1200.jpg?v=20130730","https://m3.spitogatos.gr/347177738_1600x1200.jpg?v=20130730","https://m2.spitogatos.gr/347177830_1600x1200.jpg?v=20130730","https://m1.spitogatos.gr/347177949_1600x1200.jpg?v=20130730","https://m2.spitogatos.gr/347178052_1600x1200.jpg?v=20130730","https://m2.spitogatos.gr/347178199_1600x1200.jpg?v=20130730","https://m1.spitogatos.gr/347178291_1600x1200.jpg?v=20130730","https://m1.spitogatos.gr/347178348_1600x1200.jpg?v=20130730","https://m2.spitogatos.gr/347178388_1600x1200.jpg?v=20130730","https://m3.spitogatos.gr/347178428_1600x1200.jpg?v=20130730","https://m2.spitogatos.gr/347178502_1600x1200.jpg?v=20130730","https://m1.spitogatos.gr/347178594_1600x1200.jpg?v=20130730","https://m3.spitogatos.gr/347178776_1600x1200.jpg?v=20130730","https://m2.spitogatos.gr/347178808_1600x1200.jpg?v=20130730","https://m1.spitogatos.gr/347178999_1600x1200.jpg?v=20130730","https://m3.spitogatos.gr/347179115_1600x1200.jpg?v=20130730","https://m3.spitogatos.gr/347179286_1600x1200.jpg?v=20130730","https://m2.spitogatos.gr/347179384_1600x1200.jpg?v=20130730","https://m2.spitogatos.gr/347179483_1600x1200.jpg?v=20130730","https://m3.spitogatos.gr/347179673_1600x1200.jpg?v=20130730",,,,"0","38.046452","2","0","23.848598",,,,,"2026-07-31","0",,,,,"1","3",,"5",,"0",,,,"0",,"2800",,,"0","0","0","0","16.47",,,"1","3","6",,"1","0",,"0","1","3",,"1",,"170","1",,,,"1",,"2025-09-25","https://www.spitogatos.gr/en/property/1218300947",,,,"1991",,"residential"
"1","4",,"prime","3",,,,,"1","0","0","0","2026-07-06","0","0","1","0","1",,,"house",,"90",,"0","ΒΡΙΛΗΣΣΙΑ, Κέντρο - Διαμέρισμα 133τμ, πλήρως επιπλωμένο, 3 υ/δ, 4ος, εξαιρετική κατάσταση, κατασκευή 1991, ενεργειακή κλάση Γ, σαλόνι, κουζίνα, 2 μπάνια, αυτόνομη θέρμανση (φυσικό αέριο), κλιματισμός, parking, διαμπερές, φωτεινό, θέα απεριόριστη, πρόσοψης, ηλιακός, boiler, τζάκι, βεράντες, μεγάλες βεράντες, ασανσέρ, ιδιόκτητη ταράτσα, εντοιχισμένες συσκευές, κουφώματα αλουμινίου, διπλά τζάμια, σίτες, νυχτερινό ρεύμα, πόρτα ασφαλείας, δορυφορική σύνδεση, internet, επιτρέπονται κατοικίδια, εντός σχεδίου, οικιστική ζώνη, πρόσβαση: άσφαλτο, βραχυπρόθεσμη ενοικίαση.<br />
Βραχυπρόθεσμη ενοικίαση διαμερίσματος ρετιρέ 133τμ, με ελάχιστη διάρκεια 60 ημερών και μέγιστη 12 μηνών..<br />
Διαθέσιμο από Σεπτέμβριο.<br />
<br />
Τιμή €2.800 (κωδ. RR3843) +30 210 2201931 |<br />
<br />
Καλέστε όλο το 24ωρο  |   Ανοικτά μέχρι αργά & Σαββατοκύριακα | H θέση στο χάρτη είναι ενδεικτική  |  92% των συναντήσεων εκτελούνται το πολύ σε 24 ώρες  |  Μιλάμε 7 γλώσσες  |  Δείτε video ακινήτων στο YouTube κανάλι μας  |  Μας βρίσκετε στο Whatsapp, Viber & FaceTime  |  Δείτε τα ακίνητά μας και σε 360tour στο www.GreeKorner.gr",,"0",,"1","5",,,,,,,,,"1","1","2026-07-06","9",,"0","yes","yes","0","Αθήνα - Βόρεια Προάστια (Αττική)","Βριλήσσια (Αθήνα - Βόρεια Προάστια)","1","105103","101","2103","106378","Double","1","2","0","0","1","1220315951","https://m2.spitogatos.gr/360659605_1600x1200.jpg?v=20130730","https://m2.spitogatos.gr/360659608_1600x1200.jpg?v=20130730","https://m2.spitogatos.gr/360659611_1600x1200.jpg?v=20130730","https://m2.spitogatos.gr/360659614_1600x1200.jpg?v=20130730","https://m1.spitogatos.gr/360659616_1600x1200.jpg?v=20130730","https://m1.spitogatos.gr/360659619_1600x1200.jpg?v=20130730","https://m1.spitogatos.gr/360659622_1600x1200.jpg?v=20130730","https://m3.spitogatos.gr/360659624_1600x1200.jpg?v=20130730","https://m3.spitogatos.gr/360659627_1600x1200.jpg?v=20130730","https://m2.spitogatos.gr/360659629_1600x1200.jpg?v=20130730","https://m2.spitogatos.gr/360659632_1600x1200.jpg?v=20130730","https://m2.spitogatos.gr/360659635_1600x1200.jpg?v=20130730","https://m1.spitogatos.gr/360659637_1600x1200.jpg?v=20130730","https://m1.spitogatos.gr/360659640_1600x1200.jpg?v=20130730","https://m3.spitogatos.gr/360659642_1600x1200.jpg?v=20130730","https://m2.spitogatos.gr/360659644_1600x1200.jpg?v=20130730","https://m1.spitogatos.gr/360659646_1600x1200.jpg?v=20130730","https://m3.spitogatos.gr/360659648_1600x1200.jpg?v=20130730","https://m2.spitogatos.gr/360659650_1600x1200.jpg?v=20130730","https://m1.spitogatos.gr/360659652_1600x1200.jpg?v=20130730","https://m3.spitogatos.gr/360659654_1600x1200.jpg?v=20130730",,,,,"0","0","2","1","38.042854","1","1","23.836506",,"0",,,"2026-08-01","0","0",,"1",,"0","2",,,"0","0","1","1","0","0","0","2800",,,"0","0","0","0","21.05",,,"1","3","6",,"1","0",,"0","1","3","1","1","1","133","0",,,"0","1","0","2026-07-06","https://www.spitogatos.gr/en/property/1220315951",,"1",,"1991",,"residential"
"1","3","no","prime","3",,,,,"0","1","0","0","2026-05-14","0","1","1","0","1","0",,"house","0",,,"1","Διαμέρισμα Προς Ενοικίαση, όροφος: 3ος, στην περιοχή: Βριλήσσια - Κέντρο. Το εμβαδόν του ακινήτου είναι 114 τ.μ.. Αποτελείται από: 3 Υ/Δ, 2 μπάνιο/α, 1 κουζίνα/ες, 1 σαλόνι/α, ενώ διαθέτει 1 θέσεις στάθμευσης (1 Σε ανοιχτό χώρο). Έχει κατασκευαστεί το 1981 και ανακαινίστηκε το 2026. Η θέρμανση του ακινήτου είναι Ατομική με Φυσικό αέριο, ενώ επίσης διατίθεται Κλιματισμός, έχει κουφώματα Αλουμινίου με Διπλά τζάμια, ενεργειακό πιστοποιητικό: Ζ και τα δάπεδα είναι: Πλακάκια. Η κατάστασή του είναι: Ανακαινισμένο, Καταπληκτική. Το ακίνητο είναι Βαμμένο, Γωνιακό, Προσόψεως, Φωτεινό, Πολυτελές, είναι κατάλληλο για Επαγγελματικό και επίσης διαθέτει τα παρακάτω χαρακτηριστικά και πλεονεκτήματα: Τέντες, Ασανσέρ, Ηλεκτρ. Συσκευές, Αποθήκη, Κήπος, Πόρτα Ασφαλείας, Θυροτηλεόραση, Συναγερμός, Γκαζόν, Δέντρα.. Τιμή: €1.450. Access Properties, Τηλέφωνο Επικοινωνίας: +302100100001, +306936747007, email: info@accessproperties.gr, website: https://accessproperties.gr",,,"0","1","8",,,,,,,,,"1","1","2026-05-14","8","4","1","no","yes","1","Αθήνα - Βόρεια Προάστια (Αττική)","Βριλήσσια (Αθήνα - Βόρεια Προάστια)","1","105103","101","2103","102103","Double","4","2","0","0","1","1219887418","https://m3.spitogatos.gr/353498804_1600x1200.jpg?v=20130730","https://m3.spitogatos.gr/353498807_1600x1200.jpg?v=20130730","https://m1.spitogatos.gr/353498811_1600x1200.jpg?v=20130730","https://m1.spitogatos.gr/353498814_1600x1200.jpg?v=20130730","https://m2.spitogatos.gr/353498818_1600x1200.jpg?v=20130730","https://m1.spitogatos.gr/353498823_1600x1200.jpg?v=20130730","https://m3.spitogatos.gr/353498825_1600x1200.jpg?v=20130730","https://m1.spitogatos.gr/353498829_1600x1200.jpg?v=20130730","https://m1.spitogatos.gr/353498832_1600x1200.jpg?v=20130730","https://m2.spitogatos.gr/353498836_1600x1200.jpg?v=20130730","https://m3.spitogatos.gr/353498840_1600x1200.jpg?v=20130730","https://m3.spitogatos.gr/353498843_1600x1200.jpg?v=20130730","https://m2.spitogatos.gr/353498848_1600x1200.jpg?v=20130730","https://m3.spitogatos.gr/353498852_1600x1200.jpg?v=20130730","https://m3.spitogatos.gr/353498855_1600x1200.jpg?v=20130730","https://m1.spitogatos.gr/353498859_1600x1200.jpg?v=20130730","https://m2.spitogatos.gr/353498863_1600x1200.jpg?v=20130730","https://m3.spitogatos.gr/353498867_1600x1200.jpg?v=20130730","https://m3.spitogatos.gr/353498870_1600x1200.jpg?v=20130730","https://m2.spitogatos.gr/353498875_1600x1200.jpg?v=20130730","https://m2.spitogatos.gr/353498878_1600x1200.jpg?v=20130730","https://m2.spitogatos.gr/353498881_1600x1200.jpg?v=20130730","https://m1.spitogatos.gr/353498883_1600x1200.jpg?v=20130730","https://m1.spitogatos.gr/353498886_1600x1200.jpg?v=20130730","https://m3.spitogatos.gr/353498888_1600x1200.jpg?v=20130730","0","0","2","1","38.037918","1","1","23.825443",,"1","0","0","2026-07-31","1","0",,"0",,"0","2",,,"1","0","0",,"0","0","0","1450",,,"0","0","0","0","12.72",,,"1","3","6",,"1","1","2026","0",,"3","0","1","0","114","1",,,"0","1","0","2026-05-14","https://www.spitogatos.gr/en/property/1219887418",,"0","0","1981",,"residential"
"1","1",,"prime","3",,,,,"1","1",,"0","2026-08-01","0",,"1","0","1",,,"house",,,,,"ΒΡΙΛΗΣΣΙΑ πλησίον πλατεία Αναλήψεως διαμέρισμα 130 τ.μ. προσόψεως 1ου, φωτεινό, 3 υ/δ, σαλόνι με τζάκι, ανακαινισμένη κουζίνα, μπάνιο, wc, βεράντες περιμετρικά, αποθήκη, ηλιακός, αυτονομία με πετρέλαιο, σίτες, πόρτα ασφαλείας, συναγερμός, parking, μισθώνεται 1.200ευρώ. (44655) ΚΤΗΜΑ PLAN Ν.ΔΡΑΚΟΠΟΥΛΟΥ - Μ.ΣΑΡΙΔΑΚΗ, 2106196421, Κ.Βάρναλη 42, Νέα Ερυθραία, www.drakopoulou.gr ,ΜΕΛΟΣ Μ.Α.Σ.<br />
*Η τοποθεσία είναι κατά προσέγγιση και δεν αντιπροσωπεύει την πραγματική διεύθυνση του ακινήτου.",,,,"1","5",,,,,,,,,"1","1","2026-07-14","6","6",,,"yes",,"Αθήνα - Βόρεια Προάστια (Αττική)","Βριλήσσια (Αθήνα - Βόρεια Προάστια)","1","105103","101","2103","102103","Double","1","1",,,"1","1220374962","https://m1.spitogatos.gr/361675248_1600x1200.jpg?v=20130730","https://m2.spitogatos.gr/361675279_1600x1200.jpg?v=20130730","https://m3.spitogatos.gr/361675286_1600x1200.jpg?v=20130730","https://m2.spitogatos.gr/361675288_1600x1200.jpg?v=20130730","https://m3.spitogatos.gr/361675301_1600x1200.jpg?v=20130730","https://m3.spitogatos.gr/361675325_1600x1200.jpg?v=20130730","https://m2.spitogatos.gr/361675330_1600x1200.jpg?v=20130730","https://m1.spitogatos.gr/361675335_1600x1200.jpg?v=20130730","https://m2.spitogatos.gr/361675336_1600x1200.jpg?v=20130730","https://m1.spitogatos.gr/361675338_1600x1200.jpg?v=20130730","https://m2.spitogatos.gr/361675339_1600x1200.jpg?v=20130730","https://m1.spitogatos.gr/361675359_1600x1200.jpg?v=20130730","https://m3.spitogatos.gr/361675367_1600x1200.jpg?v=20130730","https://m1.spitogatos.gr/361675383_1600x1200.jpg?v=20130730","https://m1.spitogatos.gr/361675374_1600x1200.jpg?v=20130730","https://m2.spitogatos.gr/361675375_1600x1200.jpg?v=20130730","https://m2.spitogatos.gr/361675390_1600x1200.jpg?v=20130730","https://m3.spitogatos.gr/361675391_1600x1200.jpg?v=20130730","https://m1.spitogatos.gr/361675389_1600x1200.jpg?v=20130730",,,,,,,,,"2","1","38.032509","1","1","23.828402",,,,,"2026-07-29","0",,,,,"1","1","4",,,,"1",,,,,"1200",,,"0","0","0","0","9.23",,,"1","6",,,"1","1",,,,"3",,"1","1","130","1",,"Βερνάρδου Δημ. 16, Βριλήσσια 15235",,"1",,"2026-07-14","https://www.spitogatos.gr/en/property/1220374962",,,,,,"residential"
"1","Ground Floor","yes","up","2",,,,,"1","0","0","0","2026-07-20","0","1","1","20","1","0","false","house","0","0",,"0","ΑΠΟΚΛΕΙΣΤΙΚΑ |Ένα μικρό διαμαντάκι στην καρδιά των Βριλησσίων  – Υπερυψωμένο ισόγειο στα Βριλήσσια<br />
Υπάρχουν κατοικίες που απλώς καλύπτουν τις ανάγκες της καθημερινότητας και υπάρχουν εκείνες που σε κάνουν να αισθάνεσαι αμέσως σαν στο σπίτι σου. Αυτό το υπερυψωμένο ισόγειο διαμέρισμα ανήκει ξεκάθαρα στη δεύτερη κατηγορία.<br />
<br />
Πρόκειται για ένα μικρό διαμαντάκι, κρυμμένο σε μία ήσυχη γειτονιά, στην καρδιά των Βριλησσίων. Η κατοικία ανακαινίστηκε εκ βάθρων με προδιαγραφές ιδιοκατοίκησης, γεγονός που αποτυπώνεται στην ποιότητα των εργασιών, την προσοχή στη λεπτομέρεια και τη λειτουργικότητα των χώρων. Τελικά, αντί να κατοικηθεί από τους ιδιοκτήτες της, διατίθεται προς ενοικίαση, προσφέροντας μια σπάνια ευκαιρία στον επόμενο ένοικό της.<br />
<br />
Με την είσοδο στην κατοικία συναντάμε έναν άνετο και φωτεινό χώρο υποδοχής που δημιουργεί μια ιδιαίτερα ζεστή ατμόσφαιρα. Στη συνέχεια αναπτύσσονται τα δύο ευρύχωρα υπνοδωμάτια, εκ των οποίων το ένα διαθέτει έξοδο στην πρόσοψη του κτιρίου, ενώ το δεύτερο επικοινωνεί με τη μεγάλη πίσω βεράντα, προσφέροντας ηρεμία και ιδιωτικότητα.<br />
<br />
Το λουτρό είναι ιδιαίτερα ευρύχωρο, φωτίζεται φυσικά μέσω παραθύρου και προσφέρει άνεση στην καθημερινή χρήση. Η μεγάλη και λειτουργική κουζίνα διαθέτει επίσης έξοδο στη βεράντα της πίσω πλευράς, έναν χώρο ιδανικό για τοποθέτηση BBQ, οικογενειακά γεύματα ή όμορφες στιγμές με φίλους.<br />
<br />
Η κατοικία θερμαίνεται με ατομικό λέβητα φυσικού αερίου, εξασφαλίζοντας οικονομία και αυτονομία. Παράλληλα, η ιδιωτική της είσοδος και η αυλή αποκλειστικής χρήσης χαρίζουν την αίσθηση μιας ανεξάρτητης μονοκατοικίας, προσφέροντας ιδιωτικότητα που σπάνια συναντά κανείς σε διαμέρισμα.<br />
<br />
Μια εξαιρετική πρόταση για όσους αναζητούν ένα ποιοτικό, προσεγμένο και πραγματικά ζεστό σπίτι, σε μία από τις πιο αγαπημένες και προνομιακές περιοχές των Βριλησσίων, με άμεση πρόσβαση σε αγορά, σχολεία, συγκοινωνίες και βασικές αρτηρίες.","8000",,"0","0","4",,,,,,,,,"1","0","2026-07-18","3","4","1","no","no",,"Αθήνα - Βόρεια Προάστια (Αττική)","Βριλήσσια (Αθήνα - Βόρεια Προάστια)","1","105103","101","2103","102103","Double","4","2","0","0","1","1220415526","https://m1.spitogatos.gr/362309280_1600x1200.jpg?v=20130730","https://m3.spitogatos.gr/362309282_1600x1200.jpg?v=20130730","https://m3.spitogatos.gr/362309285_1600x1200.jpg?v=20130730","https://m1.spitogatos.gr/362309295_1600x1200.jpg?v=20130730","https://m3.spitogatos.gr/362309297_1600x1200.jpg?v=20130730","https://m1.spitogatos.gr/362309298_1600x1200.jpg?v=20130730","https://m2.spitogatos.gr/362309299_1600x1200.jpg?v=20130730","https://m3.spitogatos.gr/362309300_1600x1200.jpg?v=20130730","https://m2.spitogatos.gr/362309302_1600x1200.jpg?v=20130730","https://m3.spitogatos.gr/362309303_1600x1200.jpg?v=20130730","https://m1.spitogatos.gr/362309304_1600x1200.jpg?v=20130730","https://m2.spitogatos.gr/362309305_1600x1200.jpg?v=20130730","https://m3.spitogatos.gr/362309306_1600x1200.jpg?v=20130730","https://m3.spitogatos.gr/362309309_1600x1200.jpg?v=20130730","https://m1.spitogatos.gr/362309310_1600x1200.jpg?v=20130730","https://m3.spitogatos.gr/362309312_1600x1200.jpg?v=20130730","https://m2.spitogatos.gr/362309344_1600x1200.jpg?v=20130730","https://m3.spitogatos.gr/362309345_1600x1200.jpg?v=20130730","https://m2.spitogatos.gr/362309314_1600x1200.jpg?v=20130730",,,,,,,"0","0","2","1","38.03677","1","1","23.835827","300","1","0","1","2026-07-30","0","0",,"1",,"0","1","3","2","1",,"1",,"0","0","0","1050",,,"0","0","0","0","13.82",,,"1","3","6",,"1","1","2025","0","1","2","1","1",,"76","0",,,"0","1","0","2026-07-18","https://www.spitogatos.gr/en/property/1220415526",,"1","1",,,"residential"
"1","4",,"up","1",,,,,,,,"0","2026-08-01","0",,"1","0",,,,"house",,,"10451826",,"ΒΡΙΛΗΣΣΙΑ Κέντρο, μοναδικό, διαμπερές, διαμέρισμα 124 τ.μ., 4ου, γωνιακό, προσόψεως, 3 υ/δ, μπάνιο, wc, θέρμανση: αυτόνομη θέρμανση με κεντρική εγκατάσταση, μέσο θέρμανσης: φυσικό αέριο, κλιματισμός, τζάκι, ηλιακός, τέντες, απεριόριστη θέα σε Σαρωνικό, Υμητο, Πεντέλη, Παρνηθα,  υπόγειο πάρκιν, αποθήκη, νυχτερινό ρεύμα,  ζώνη οικιστική, δάπεδα: παρκέ, μάρμαρο, 5 λεπτά με τα πόδια μετρό δουκίσσης πλακεντίας αλλά και κοντά σε τρία supermarket. Διαθέτει 3 ΥΔ με ντουλάπες, 1 μπάνιο και 1 WC, κουζίνα,χώρος τραπεζαρίας και σαλόνι με τζάκι, Δεν επιτρέπονται κατοικίδια. <br />
Επικοινωνία 9:00-19.00",,,,"1","5","5759331","no","morning","chfilippas@gmail.com","10451826","ΧΑΡΗΣ","ΦΙΛΙΠΠΑΣ","+306945752707",,"1","2026-07-30","9",,,,"yes","1","Αθήνα - Βόρεια Προάστια (Αττική)","Βριλήσσια (Αθήνα - Βόρεια Προάστια)","1","105103","101","2103","102103",,"1","2",,,"1","1214802825","https://m3.spitogatos.gr/269403215_1600x1200.jpg?v=20130730","https://m2.spitogatos.gr/363835525_1600x1200.jpg?v=20130730","https://m2.spitogatos.gr/269403205_1600x1200.jpg?v=20130730","https://m1.spitogatos.gr/269403192_1600x1200.jpg?v=20130730","https://m1.spitogatos.gr/269403222_1600x1200.jpg?v=20130730","https://m3.spitogatos.gr/269403227_1600x1200.jpg?v=20130730","https://m2.spitogatos.gr/269403241_1600x1200.jpg?v=20130730","https://m1.spitogatos.gr/269403243_1600x1200.jpg?v=20130730","https://m2.spitogatos.gr/269403247_1600x1200.jpg?v=20130730","https://m2.spitogatos.gr/269403271_1600x1200.jpg?v=20130730","https://m3.spitogatos.gr/269403422_1600x1200.jpg?v=20130730","https://m2.spitogatos.gr/269403430_1600x1200.jpg?v=20130730","https://m1.spitogatos.gr/363835488_1600x1200.jpg?v=20130730","https://m3.spitogatos.gr/363835496_1600x1200.jpg?v=20130730","https://m2.spitogatos.gr/363835504_1600x1200.jpg?v=20130730","https://m3.spitogatos.gr/363835508_1600x1200.jpg?v=20130730","https://m1.spitogatos.gr/363835518_1600x1200.jpg?v=20130730","https://m3.spitogatos.gr/363835532_1600x1200.jpg?v=20130730","https://m2.spitogatos.gr/363835537_1600x1200.jpg?v=20130730","https://m1.spitogatos.gr/363835545_1600x1200.jpg?v=20130730","https://m1.spitogatos.gr/363835554_1600x1200.jpg?v=20130730","https://m2.spitogatos.gr/363835561_1600x1200.jpg?v=20130730","https://m3.spitogatos.gr/363835571_1600x1200.jpg?v=20130730",,,,,,"1","38.027802","1","1","23.832729","1300","1",,,"2026-07-30","0",,,,"yes","1","1",,,,,,,,,,"1400",,,"0","0","0","0","11.29",,,"4",,,,"1","1",,,,"3",,,"1","124","1",,"Κρήτης, 9",,"1",,"2023-10-20","https://www.spitogatos.gr/en/property/1214802825",,"1",,,,"residential"
"1","2","no","up","2",,,,,"0","0","0","0","2026-07-09","0","0","0","0","0","0",,"house",,,,"0","Κωδικός ακινήτου: 500873 - Χαλάνδρι Κάτω Χαλάνδρι  ΕΝΟΙΚΙΑΖΕΤΑΙ   ανακαινισμένο  διαμέρισμα  στον 2 ο όροφο συνολικής επιφάνειας 83.00 τ.μ.  . Αποτελείται από 2 υπνοδωμάτια, σαλόνι, κουζίνα, μπάνιο . Είναι κατασκευασμένο το 1987 με ενεργειακή κλάση Γ  και διαθέτει θέρμανση αυτόνομη - φυσικού αερίου,  κουφώματα αλουμινίου, πατώματα από μάρμαρο και ξύλο, πόρτα ασφαλείας, εντοιχιζόμενες ντουλάπες, A/C, διπλά τζάμια, ηλιακό θερμοσίφωνα      - Τιμή: 790 €  <br>Σε πολύ καλή κατάσταση διατηρημένο, χτισμένο από τον ίδιο τον ιδιοκτήτη, κοντά σε Μετρό, προαστιακό κι Αττική οδό. Ηλιόλουστο, πλησίον πολλών σούπερ μάρκετ και γενικά αγοράς. <br> <br> | Δείτε περισσότερα ακίνητα στο site μας https://www.seven7stonesproperties.com/  <br>| Οι πληροφορίες και τα χαρακτηριστικά των ακινήτων έχουν καταχωρηθεί βάσει των πληροφοριών και στοιχείων που προσκόμισε ο εντολέας. <br>| Το σημείο στο χάρτη δεν ανταποκρίνεται στην πραγματική διεύθυνση του ακινήτου. <br> | Όλα τα ακίνητα που προβάλλουμε μέσω internet είναι διαθέσιμα, καθώς γίνεται συνεχής ενημέρωση και αποσύρονται τα μη διαθέσιμα. <br>| Κατά την υπόδειξη του ακινήτου είναι απαραίτητη η αστυνομική ταυτότητα ή ο Α.Φ.Μ, σύμφωνα με τον Νόμο Ν.4072/2012 - ΦΕΚ 86/Α/11-4-2012",,,,"0","5",,,,,,,,,"0","0","2026-07-09","7","6","0","no","no","0","Αθήνα - Βόρεια Προάστια (Αττική)","Βριλήσσια (Αθήνα - Βόρεια Προάστια)","1","105103","101","2103","102103","Double","1","2","0","0","1","1220336073","https://m2.spitogatos.gr/360981253_1600x1200.jpg?v=20130730","https://m3.spitogatos.gr/360981254_1600x1200.jpg?v=20130730","https://m1.spitogatos.gr/360981255_1600x1200.jpg?v=20130730","https://m2.spitogatos.gr/360981256_1600x1200.jpg?v=20130730","https://m3.spitogatos.gr/360981257_1600x1200.jpg?v=20130730","https://m1.spitogatos.gr/360981258_1600x1200.jpg?v=20130730","https://m1.spitogatos.gr/360981261_1600x1200.jpg?v=20130730","https://m1.spitogatos.gr/360981285_1600x1200.jpg?v=20130730",,,,,,,,,,,,,,,,,,"0","0","2","1","38.029518",,"1","23.826998",,"0",,,"2026-07-17","0","0",,"0",,"0","1",,,"0","0","0",,"0","0","0","790","2026-07-17 13:10:06","6","0","0","0","0","9.52","840","true","1","3","6",,"1","1",,"0","7","2","0","1","1","83","0",,,"0","1","0","2026-07-09","https://www.spitogatos.gr/en/property/1220336073",,"0","0","1987",,"residential"
