"AC","Floor Level","accessibleForDisabled","adType_code","adType_id","agentEmployee_firstName","agentEmployee_id","agentEmployee_lastName","agentEmployee_telephone","airy","alarm","attic","auction","availability","availableForDailyRent","awning","balcony","balconyArea","bright","builtInBBQ","byTheSea","category","caveBuilding","commonExpenses","contactEnquirer_id","corner","description","distanceSea","doubleGlass","electricCarChargingFacilities","elevator","energyClass","enquirerId","enquirer_blocked","enquirer_contactHours","enquirer_email","enquirer_enquirerId","enquirer_firstName","enquirer_lastName","enquirer_telephone","facade","fireplace","firstPublishDate","floorNumber","floorType","forCommercialUse","furnished","garage","garden","geographiesByLevel_2_fullName","geographiesByLevel_4_fullName","geographyParentIds_0","geographyParentIds_1","geographyParentIds_2","geographyParentIds_4","geographyParentIds_5","glassType","heatingController","heatingMedium","heatingUnderFloor","holidayHome","host_id","id","images/0","images/1","images/2","images/3","images/4","images/5","images/6","images/7","images/8","images/9","images/10","images/11","images/12","images/13","images/14","images/15","images/16","images/17","images/18","images/19","images/20","images/21","images/22","images/23","images/24","internal_stairs","investment","joinery","kitchens","latitude","levels","livingRooms","longitude","lotSize","luxHome","mannedReception","medicalOffice","modified","negotiablePrice","neoclassic","newDevelopment","nightPower","noAgentFee","no_of_WC","no_of_bathrooms","numberOfFloors","orientation","painted","penthouse","pestNet","petsAllowed","playroom","pool","preserved","price","priceChangeDate","priceChangePercentage","priceIncludesInternet","priceIncludesPower","priceIncludesSharedExp","priceIncludesWater","pricePerSqMeters","pricePreReduction","priceReduced","propertyPublishingOptionIds/0","propertyPublishingOptionIds/1","propertyPublishingOptionIds/2","published","renovated","renovationYear","requiresRenovation","road_type","rooms","satelite","secure_door","showOnlyPartnerPhone","solar_heater","sq_meters","storage","streetAddress","studentHome","subtype","unfinished","uploaded","url","vTourUrl","view","wholeFloorApartment","year_of_construction","youtubeVideoId","zoning"
"1","3","no","vip","15",,,,,"0","0","0","0","2026-07-24","0","1","1","12","1","0","false","house","0","30",,"0"," <br><br />
Κωδικός Ακινήτου: #7783<br><br />
Στην περιζήτητη περιοχή  Κουκάκι, δίπλα στην Παιδική Χαρά και σε μικρή απόσταση από το ιστορικό και εμπορικό κέντρο, διατίθεται προς ενοικίαση μερικώς ανακαινισμένο και πλήρως επιπλωμένο διαμέρισμα 55 τ.μ., στον 3ο όροφο πολυκατοικίας με ασανσέρ. Το ακίνητο διαθέτει έναν άνετο υπνοδωμάτιο, φωτεινό σαλόνι, ξεχωριστή κουζίνα και μπάνιο. Προσφέρει κεντρική θέρμανση φυσικού αερίου, κλιματισμό, πόρτα ασφαλείας, κουφώματα αλουμινίου με διπλά τζάμια, καθώς και νυχτερινό ρεύμα για εξοικονόμηση ενέργειας. Τα δάπεδα από ξύλο και μωσαϊκό συνδυάζουν κομψότητα και αυθεντικό χαρακτήρα, ενώ οι τέντες, οι σίτες και το πατάρι αποθήκευσης ενισχύουν τη λειτουργικότητα του χώρου. Πρόκειται για μια εξαιρετική πρόταση κατοικίας σε μία από τις πιο αγαπημένες και ζωντανές γειτονιές της Αθήνας.<br><br />
Τιμή: 700€ | Κωδικός Ακινήτου: #7783<br><br />
 <br><br />
ΚΑΤΑ ΤΗΝ ΥΠΟΔΕΙΞΗ ΤΟΥ ΑΚΙΝΗΤΟΥ ΑΠΑΙΤΕΙΤΑΙ ΝΑ ΓΙΝΕΤΑΙ ΕΠΙΔΕΙΞΗ ΤΗΣ ΑΣΤΥΝΟΜΙΚΗΣ ΣΑΣ ΤΑΥΤΟΤΗΤΑΣ ΣΥΜΦΩΝΑ ΜΕ ΤΟΝ Ν.4072/11-04-2012 Φ.Ε.Κ 86Α<br /><br />ΤΑ ΣΤΟΙΧΕΙΑ ΤΩΝ ΑΚΙΝΗΤΩΝ ΕΙΝΑΙ ΚΑΤΑ ΔΗΛΩΣΗ ΤΟΥ ΙΔΙΟΚΤΗΤΗ<br /><br />ΑΚΙΝΗΤΑ ΑΠΟΚΛΕΙΣΤΙΚΗΣ ΔΙΑΘΕΣΗΣ ΜΕ ΦΩΤΟΓΡΑΦΙΕΣ ΠΟΥ ΔΙΑΧΕΙΡΙΖΕΤΑΙ Η ΕΤΑΙΡΙΑ ΜΑΣ ΘΑ ΒΡΕΙΤΕ ΣΤΗΝ ΙΣΤΟΣΕΛΙΔΑ ΜΑΣ<br /><br /> ►WEBSITE: www.tzelihome.gr<br /><br /> ✔ ΓΙΑ ΤΗΝ ΚΑΛΥΤΕΡΗ ΕΞΥΠΗΡΕΤΗΣΗ ΣΑΣ ΧΡΗΣΙΜΟΠΟΙΕΙΣΤΕ ΤΟΝ ΚΩΔΙΚΟ ΑΚΙΝΗΤΟΥ ΠΟΥ ΑΝΑΓΡΑΦΕΤΑΙ ΣΤΗΝ ΠΕΡΙΓΡΑΦΗ<br /> ✔ Η ΔΙΕΥΘΥΝΣΗ ΣΤΟΝ ΧΑΡΤΗ ΕΧΕΙ ΤΟΠΟΘΕΤΗΘΕΙ ΚΑΤΑ ΠΡΟΣΕΓΓΙΣΗ<br /> ✔ ΟΙ ΑΚΡΙΒΕΙΣ ΠΛΗΡΟΦΟΡΙΕΣ ΤΗΣ ΔΙΕΥΘΥΝΣΗΣ ΠΑΡΕΧΟΝΤΑΙ ΣΤΗΝ ΥΠΟΔΕΙΞΗ ΤΟΥ ΑΚΙΝΗΤΟΥ<br /><br /> ΜΕΣΙΤΙΚΟ ΓΡΑΦΕΙΟ TZELI HOME<br /> ΥΜΗΤΤΟΥ 41 , ΚΑΙΣΑΡΙΑΝΗ , ΤΚ 16121<br /><br /> ΕΠΙΚΟΙΝΩΝΗΣΤΕ ΜΑΖΙ ΜΑΣ:<br /> ►WEBSITE : www.tzelihome.gr<br /> ►E-MAIL : tzelihome@gmail.com<br /> ►ΚΙΝΗΤΟ : 6906.062.919 <br /> ►ΤΗΛΕΦΩΝΟ : 211.001.4573 & 211.001.4574<br>","7000",,"0","1","8",,,,,,,,,"0","0","2026-07-24","8","11","0","yes","no","0","Αθήνα - Κέντρο (Αττική)","Κουκάκι - Μακρυγιάννη (Αθήνα - Κέντρο)","1","105103","100","6011","6131","Double","2","2","0","0","1","1220481615","https://m3.spitogatos.gr/363134927_1600x1200.jpg?v=20130730","https://m2.spitogatos.gr/363134929_1600x1200.jpg?v=20130730","https://m3.spitogatos.gr/363134933_1600x1200.jpg?v=20130730","https://m2.spitogatos.gr/363134935_1600x1200.jpg?v=20130730","https://m2.spitogatos.gr/363134938_1600x1200.jpg?v=20130730","https://m1.spitogatos.gr/363134940_1600x1200.jpg?v=20130730","https://m1.spitogatos.gr/363134943_1600x1200.jpg?v=20130730","https://m3.spitogatos.gr/363134945_1600x1200.jpg?v=20130730","https://m1.spitogatos.gr/363134949_1600x1200.jpg?v=20130730","https://m3.spitogatos.gr/363134951_1600x1200.jpg?v=20130730","https://m3.spitogatos.gr/363134954_1600x1200.jpg?v=20130730","https://m1.spitogatos.gr/363134958_1600x1200.jpg?v=20130730","https://m1.spitogatos.gr/363134961_1600x1200.jpg?v=20130730","https://m1.spitogatos.gr/363134964_1600x1200.jpg?v=20130730","https://m1.spitogatos.gr/363134967_1600x1200.jpg?v=20130730","https://m2.spitogatos.gr/363134971_1600x1200.jpg?v=20130730","https://m1.spitogatos.gr/363134973_1600x1200.jpg?v=20130730","https://m3.spitogatos.gr/363134975_1600x1200.jpg?v=20130730","https://m2.spitogatos.gr/363134977_1600x1200.jpg?v=20130730","https://m2.spitogatos.gr/363134980_1600x1200.jpg?v=20130730","https://m3.spitogatos.gr/363134981_1600x1200.jpg?v=20130730","https://m1.spitogatos.gr/363134982_1600x1200.jpg?v=20130730","https://m3.spitogatos.gr/363134984_1600x1200.jpg?v=20130730","https://m1.spitogatos.gr/363134985_1600x1200.jpg?v=20130730","https://m2.spitogatos.gr/363134986_1600x1200.jpg?v=20130730","0","0","2","1","37.964844","1","1","23.722582",,"0","0","0","2026-07-28","0","0",,"1",,"0","1",,"11","0","0","1",,"0","0","0","700",,,"0","0","0","0","12.73",,,"1","3","6","1","1","2020","0","1","1","0","1",,"0","55","0",,"0","1","0","2026-07-24","https://www.spitogatos.gr/en/property/1220481615",,"0",,"1975","myMItlrSVAc","residential"
"1","5","no","vip","13",,,,,"1",,"0","0","2026-08-01","0","1","1","0","1","0",,"house","0",,,"0","Ενοικιάζεται Ανακαινισμένο Ρετιρέ Διαμέρισμα 41 τ.μ. στο Κουκάκι – Πλησίον Μετρό Συγγρού-Φιξ<br />
<br />
Διατίθεται προς μακροπρόθεσμη ή μεσοπρόθεσμη μίσθωση. <br />
Εξαιρετικό ρετιρέ διαμέρισμα 41 τ.μ. στον 5ο όροφο προσεγμένης πολυκατοικίας με ασανσέρ.<br />
Το ακίνητο είναι προσόψεως, διαμπερές, ενώ διαθέτει μεγάλη βεράντα. Έχει ανακαινιστεί το 2025 και παραδίδεται πλήρως επιπλωμένο και εξοπλισμένο με σύγχρονες ηλεκτρικές συσκευές, έτοιμο για άμεση κατοίκηση.<br />
<br />
Διαρρύθμιση Χώρων:<br />
1 Άνετο Υπνοδωμάτιο με αποθηκευτικούς χώρους.<br />
Ενιαίος Χώρος σαλόνι - κουζίνα.<br />
Σύγχρονο Μπάνιο.<br />
<br />
Ανέσεις & Χαρακτηριστικά<br />
Θέρμανση/Ψύξη: Κεντρική θέρμανση φυσικού αερίου (σε λειτουργία) και 2 κλιματιστικά (A/C).<br />
Μεγάλη βεράντα ιδανική για στιγμές χαλάρωσης.<br />
<br />
Τοποθεσία & Συγκοινωνίες:<br />
Το διαμέρισμα βρίσκεται σε στρατηγικό και εξαιρετικά προνομιακό σημείο, προσφέροντας άμεση πρόσβαση σε όλες τις βασικές υποδομές της πόλης:<br />
<br />
Μέσα Μαζικής Μεταφοράς: Μόλις 550 μέτρα από τον σταθμό του Μετρό «Συγγρού-Φιξ» και του τραμ, καθώς και ελάχιστα μέτρα από στάσεις λεωφορείων.<br />
<br />
Εκπαίδευση: Σε απόσταση 700 μέτρων από το Πάντειο Πανεπιστήμιο, γεγονός που το καθιστά ιδανικό και για ακαδημαϊκούς/φοιτητές.<br />
<br />
Αγορά: Δίπλα σε super market, φαρμακεία, καφέ και εστιατόρια και στον κεντρικό πεζόδρομο ""Γεωργίου Ολυμπίου"".<br />
<br />
Σημείωση: Ιδανική επιλογή για στελέχη επιχειρήσεων, ψηφιακούς νομάδες ή φοιτητές που αναζητούν μια έτοιμη, ποιοτική λύση στέγασης στην καρδιά της Αθήνας.<br />
<br />
Τιμή: 850€<br />
<br />
RELLIA REAL ESTATE (ΚΩΔ. ΑΚΙΝΗΤΟΥ 101)<br />
ΤΗΛ. ΕΠΙΚΟΙΝΩΝΙΑΣ: 2109213670 / 6983444800 / 6983444801",,,"0","1","6",,,,,,,,,"1","0","2026-06-05","10","6",,"yes","no","0","Αθήνα - Κέντρο (Αττική)","Κουκάκι - Μακρυγιάννη (Αθήνα - Κέντρο)","1","105103","100","6011","6131",,"2","2",,,"1","1220009158","https://m1.spitogatos.gr/355670772_1600x1200.jpg?v=20130730","https://m1.spitogatos.gr/355670757_1600x1200.jpg?v=20130730","https://m1.spitogatos.gr/355670760_1600x1200.jpg?v=20130730","https://m1.spitogatos.gr/355670763_1600x1200.jpg?v=20130730","https://m3.spitogatos.gr/355670768_1600x1200.jpg?v=20130730","https://m1.spitogatos.gr/355670766_1600x1200.jpg?v=20130730","https://m2.spitogatos.gr/355670752_1600x1200.jpg?v=20130730","https://m1.spitogatos.gr/355670754_1600x1200.jpg?v=20130730","https://m3.spitogatos.gr/355670774_1600x1200.jpg?v=20130730","https://m2.spitogatos.gr/355670704_1600x1200.jpg?v=20130730","https://m1.spitogatos.gr/355670709_1600x1200.jpg?v=20130730","https://m2.spitogatos.gr/355670740_1600x1200.jpg?v=20130730","https://m1.spitogatos.gr/355670733_1600x1200.jpg?v=20130730","https://m2.spitogatos.gr/355670737_1600x1200.jpg?v=20130730","https://m1.spitogatos.gr/355670742_1600x1200.jpg?v=20130730","https://m2.spitogatos.gr/355670776_1600x1200.jpg?v=20130730","https://m1.spitogatos.gr/355670778_1600x1200.jpg?v=20130730","https://m3.spitogatos.gr/355670744_1600x1200.jpg?v=20130730","https://m2.spitogatos.gr/355670746_1600x1200.jpg?v=20130730","https://m3.spitogatos.gr/355670750_1600x1200.jpg?v=20130730",,,,,,"0",,"2","1","37.962742","1","1","23.72164",,"1","0",,"2026-07-28","0","0",,,,"0","1",,,"1","1","1",,"0","0","0","850",,,"0","0","0","0","20.73",,,"1","3",,"1","1","2025","0","1","1",,"1",,"1","41","0","Δημητρακόπουλου Ν., 95, Αθήνα Ελλάδα, 11741","1","1","0","2026-06-05","https://www.spitogatos.gr/en/property/1220009158",,"1",,,"jrM5drWFo-g","residential"
"1","3","no","vip","4",,,,,"1","0","0","0","2026-04-17","0","1","0","0","1","0","false","house","0","30",,"0","Στην καρδιά του Κουκακίου, σε ένα από τα πιο ζωντανά και αυθεντικά σημεία της πόλης, εκεί όπου ο παλμός της Αθήνας συναντά την ιστορία της, αυτό το διαμέρισμα στον τρίτο όροφο δεν είναι απλώς μια κατοικία είναι μια εμπειρία ζωής. Βρίσκεται δίπλα στον πεζόδρομο της Γ. Ολυμπίου στο Φιξ, σε άμεση γειτνίαση με το Μουσείο Ακρόπολης και τους εμβληματικούς αρχαιολογικούς χώρους, προσφέροντας καθημερινά την αίσθηση ότι ζείτε μέσα σε ένα διαρκές πολιτιστικό σκηνικό.<br />
Με επιφάνεια 75 τ.μ., το διαμέρισμα συνδυάζει αρμονικά τη σύγχρονη αισθητική με τη λειτουργικότητα. <br />
Πρόκειται για μια πλήρως ανακαινισμένη κατοικία το 2026, υψηλών προδιαγραφών και αισθητικής, που δεν έχει κατοικηθεί ακόμη, προσφέροντας την αίσθηση του ολοκαίνουργιου. <br />
Οι χώροι είναι προσεκτικά μελετημένοι, με δύο υπνοδωμάτια που εξασφαλίζουν ιδιωτικότητα και άνεση, ένα κομψό μπάνιο, πλήρως εξοπλισμένη κουζίνα και ένα φωτεινό σαλόνι που προσκαλεί σε στιγμές χαλάρωσης ή φιλοξενίας.<br />
Η κατοικία διακρίνεται για τον διαμπερή και φωτεινό της χαρακτήρα, με ανατολικοδυτικό προσανατολισμό που επιτρέπει στο φυσικό φως να διαχέεται σε κάθε γωνιά της ημέρας. <br />
Τα δάπεδα από ξύλο και πλακάκι προσθέτουν ζεστασιά και κομψότητα, ενώ τα κουφώματα αλουμινίου με διπλά τζάμια εξασφαλίζουν ησυχία και ενεργειακή απόδοση.<br />
Η ατομική θέρμανση με ρεύμα, ο κλιματισμός και ο ηλιακός θερμοσίφωνας καλύπτουν πλήρως τις ανάγκες σύγχρονης διαβίωσης.<br />
Πλήρως επιπλωμένο και εξοπλισμένο με ηλεκτρικές συσκευές, το διαμέρισμα είναι έτοιμο να υποδεχθεί τον επόμενο ένοικο χωρίς καμία απολύτως ανάγκη επιπλέον επένδυσης. <br />
Παράλληλα, διαθέτει όλα τα στοιχεία που αναβαθμίζουν την καθημερινότητα, όπως πόρτα ασφαλείας, ασανσέρ, σίτες, τέντες, πρόσβαση σε internet και ευρύχωρη βεράντα που λειτουργεί ως προσωπικό καταφύγιο μέσα στην πόλη. <br />
Η δυνατότητα φιλοξενίας κατοικίδιων προσθέτει ακόμη μία πινελιά ελευθερίας σε αυτό το ολοκληρωμένο οικιστικό σύνολο.<br />
Πρόκειται για μια πρόσοψης, πολυτελή και παραδοσιακή κατοικία σε καταπληκτική κατάσταση, ιδανική για μόνιμη διαμονή σε μια από τις πιο περιζήτητες περιοχές της Αθήνας.<br />
Το Κουκάκι αποτελεί σταθερά κορυφαία επιλογή για όσους αναζητούν αστική ζωή με χαρακτήρα, άμεση πρόσβαση σε μέσα μεταφοράς, χώρους πολιτισμού, εστίασης και ψυχαγωγίας.<br />
Για περισσότερες πληροφορίες μπορείτε να επικοινωνήσετε με την Urban Real Estate στο email: info@urban-realestate.gr<br />
Οι πληροφορίες και τα χαρακτηριστικά των ακινήτων έχουν καταχωρηθεί βάσει των πληροφοριών και στοιχείων που μας προσκομίστηκαν.<br />
Η τοποθεσία του ακινήτου στον χάρτη είναι ενδεικτική.<br />
Η ενεργειακή κλάση των ακινήτων που είναι απαραίτητη η έκδοση ΠΕΑ μπορεί να διαφέρει από την αναγραφόμενη.<br />
Όλοι οι παρευρισκόμενοι κατά την υπόδειξη του ακινήτου είναι απαραίτητο να επιδείξουν την αστυνομική τους ταυτότητα και τον Α.Φ.Μ τους, σύμφωνα με τον Νόμο Ν.4072/2012 - ΦΕΚ 86/Α/11-4-2012.","2000000",,"0","1","10",,,,,,,,,"1","0","2026-04-17","8","10","0","no","no","0","Αθήνα - Κέντρο (Αττική)","Κουκάκι - Μακρυγιάννη (Αθήνα - Κέντρο)","1","105103","100","6011","6131","Double","4","4","0","0","1","1219731752","https://m2.spitogatos.gr/350826964_1600x1200.jpg?v=20130730","https://m1.spitogatos.gr/350826966_1600x1200.jpg?v=20130730","https://m2.spitogatos.gr/350826967_1600x1200.jpg?v=20130730","https://m1.spitogatos.gr/350826969_1600x1200.jpg?v=20130730","https://m2.spitogatos.gr/350826970_1600x1200.jpg?v=20130730","https://m1.spitogatos.gr/350826972_1600x1200.jpg?v=20130730","https://m2.spitogatos.gr/350826973_1600x1200.jpg?v=20130730","https://m1.spitogatos.gr/350826975_1600x1200.jpg?v=20130730","https://m2.spitogatos.gr/350826976_1600x1200.jpg?v=20130730","https://m1.spitogatos.gr/350826978_1600x1200.jpg?v=20130730","https://m2.spitogatos.gr/350826979_1600x1200.jpg?v=20130730","https://m2.spitogatos.gr/350826982_1600x1200.jpg?v=20130730","https://m2.spitogatos.gr/350826985_1600x1200.jpg?v=20130730","https://m3.spitogatos.gr/350826986_1600x1200.jpg?v=20130730","https://m2.spitogatos.gr/350826988_1600x1200.jpg?v=20130730","https://m3.spitogatos.gr/350826989_1600x1200.jpg?v=20130730","https://m2.spitogatos.gr/350826991_1600x1200.jpg?v=20130730","https://m3.spitogatos.gr/350826992_1600x1200.jpg?v=20130730","https://m2.spitogatos.gr/350826994_1600x1200.jpg?v=20130730","https://m3.spitogatos.gr/350826995_1600x1200.jpg?v=20130730","https://m2.spitogatos.gr/350826997_1600x1200.jpg?v=20130730","https://m3.spitogatos.gr/350826998_1600x1200.jpg?v=20130730","https://m2.spitogatos.gr/350827000_1600x1200.jpg?v=20130730","https://m3.spitogatos.gr/350827001_1600x1200.jpg?v=20130730","https://m2.spitogatos.gr/350827003_1600x1200.jpg?v=20130730","0","0","2","1","37.96236","1","1","23.722078",,"1","0","0","2026-07-28","0","0",,"0",,"0","1",,"2","1","0","1","1","0","0","0","1400",,,"0","0","0","0","18.67",,,"1","3","6","1","1","2026","0","1","2","0","1",,"1","75","0",,"0","1","0","2026-04-17","https://www.spitogatos.gr/en/property/1219731752","https://vtours.pepita.io/spitogatos/34f6b1ce-b1bf-4d25-b7b5-3a608d51053d","0","0","1970","4zqH-pjnoX4","residential"
"1","Ground Floor","no","vip","4",,,,,"0","0","0","0","2026-07-27","0","1","1","4","1","0",,"house","0",,,"0","Διαμέρισμα 37 τμ ημιυπόγειο, ολικά ανακαινισμένο τον Ιούλιο του 2023. Αποτελείται από  1 ανοικτού τύπου κουζίνα, πλήρως εξοπλισμένη με ηλεκτρικές συσκευές, 1 λουτρό με ντουζιέρα, 1 υ/δ και 1 καθιστικό σε ενιαίο χώρο. Διαθέτει πόρτα ασφαλείας, κεντρική θέρμανση φυσικού αερίου, 1 a/c για ψύξη-θέρμανση, κουφώματα αλουμινίου, διπλά τζάμια, σίτες. Όμορφη επίπλωση και πλήρη εξοπλισμό. Όλα καινούρια. Διαθέτει όμορφη κοινόχρηστη αυλή με δένδρα σε κήπο. Βρίσκεται σε ΕΞΑΙΡΕΤΙΚΟ ΣΗΜΕΙΟ  στο κέντρο 250 μέτρα από το Μουσείο της Ακρόπολης, 320 μέτρα από την στάση Metro Φιξ, 500 μέτρα από στάση μετρό Ακρόπολη, 350 μέτρα από Συγγρού, 400 μέτρα από Λόφο Φιλοπάππου, 600 μέτρα από μαζεμένα καταστήματα εστίασης  και 20 μέτρα από super market. Απαραίτητη για την υπόδειξη του ακινήτου είναι η προσκόμιση αστυνομικής ταυτότητας ή διαβατηρίου όλων όσων επιθυμούν να δουν το ακίνητο, πριν την υπογραφή του εντύπου υπόδειξης. NEON Real Estate.",,,"0","0","6",,,,,,,,,"0","0","2026-07-27","3",,"0","yes","no","1","Αθήνα - Κέντρο (Αττική)","Κουκάκι - Μακρυγιάννη (Αθήνα - Κέντρο)","1","105103","100","6011",,"Double","2","2","0","0","1","1220498187","https://m1.spitogatos.gr/363405702_1600x1200.jpg?v=20130730","https://m2.spitogatos.gr/363405706_1600x1200.jpg?v=20130730","https://m1.spitogatos.gr/363405708_1600x1200.jpg?v=20130730","https://m2.spitogatos.gr/363405712_1600x1200.jpg?v=20130730","https://m2.spitogatos.gr/363405715_1600x1200.jpg?v=20130730","https://m1.spitogatos.gr/363405717_1600x1200.jpg?v=20130730","https://m1.spitogatos.gr/363405720_1600x1200.jpg?v=20130730","https://m3.spitogatos.gr/363405725_1600x1200.jpg?v=20130730","https://m1.spitogatos.gr/363405729_1600x1200.jpg?v=20130730","https://m1.spitogatos.gr/363405732_1600x1200.jpg?v=20130730","https://m3.spitogatos.gr/363405734_1600x1200.jpg?v=20130730","https://m2.spitogatos.gr/363405736_1600x1200.jpg?v=20130730","https://m1.spitogatos.gr/363405738_1600x1200.jpg?v=20130730","https://m3.spitogatos.gr/363405743_1600x1200.jpg?v=20130730","https://m2.spitogatos.gr/363405748_1600x1200.jpg?v=20130730",,,,,,,,,,,"0","0","2","1","37.966618","1","1","23.726013",,"0","0","0","2026-07-28","0","0",,"0",,"0","1",,,"1","0","1",,"0","0","0","600",,,"0","0","0","0","16.22",,,"1","3","6","1","1","2023","0","1","1","0","1",,"0","37","0",,"0","2","0","2026-07-27","https://www.spitogatos.gr/en/property/1220498187",,"0","0","1970",,
"1","3",,"vip","4",,,,,"0","0","0","0","2026-09-29","0","0","1","0","0",,,"house",,,,"1","Νιώσε σαν στο σπίτι σου, όπου και αν επιλέξεις να μείνεις με την Blueground. Θα λατρέψεις αυτό το όμορφα επιπλωμένο διαμέρισμα δύο υπνοδωματίων, για τη διακόσμησή του, την πλήρως εξοπλισμένη κουζίνα και το εκλεπτυσμένο καθιστικό του. Βρίσκεται σε ιδανική τοποθεσία, κοντά σε όλα όσα έχει να σου προσφέρει η Αθήνα!<br><br />
<br />
Η διαφημιζόμενη τιμή των €900/μήνα είναι η τιμή για 1 έτος, με ημερομηνία έναρξης Σεπτεμβρίου 28, 2026. Η χαμηλότερη διαθέσιμη τιμή είναι €880/μήνα για μίσθωση 7 μήνα(μηνών) και 4 ημέρας(ημερών) με ημερομηνία έναρξης Σεπτεμβρίου 28, 2026.<br />
<br>Οι τιμές διαφέρουν ανάλογα με τη διάρκεια παραμονής, την εποχικότητα και άλλους παράγοντες. Επισκεφθείτε τον ιστότοπό μας και εισάγετε τις ημερομηνίες διαμονής σας για να δείτε ενημερωμένες τιμές για την κράτησή σας. Η τιμή ισχύει μόνο με προκαταβολή· ενδέχεται να είναι υψηλότερη εάν πληρωθεί σε δόσεις.<br />
<br />
<b>Κλείστε αυτό το διαμέρισμα online!</b><br />
<br />
https://www.theblueground.com/p/furnished-apartments/ath-1965?utm_source=classified-4<br />
<br />
Aναβαθμίστε τη διαμονή σας με ένα πλήρως επιπλωμένο διαμέρισμα από τη Blueground:<br />
      – Επιπλωμένα σπίτια σε τιμές αντίστοιχες με τα ανεπίπλωτα<br />
      – Χωρίς κόστη εγκατάστασης ή αγοράς επίπλων - εξοικονομήστε χρόνο και χρήματα<br />
      – Έτοιμα για άμεση μετακόμιση - το μόνο που χρειάζεστε είναι η βαλίτσα σας<br />
<br />
<b>Ο χώρος</b><br><br />
Νιώσε σαν στο σπίτι σου σε αυτό το επιπλωμένο διαμέρισμα της Blueground με το μοναδικό design, τα μοντέρνα έπιπλα και την πλήρως εξοπλισμένη κουζίνα.<br />
Δες τις αγαπημένες σου ταινίες στη smart TV ή άκουσε δυνατά μουσική στα ασύρματα ηχεία τελευταίας τεχνολογίας. Ό,τι και να αποφασίσεις να κάνεις το μόνο σίγουρο είναι πως θα αγαπήσεις όλα όσα σου προσφέρει αυτό το υπέροχο διαμέρισμα.<br />
<br />
<b>Διαρρύθμιση δωματίων ύπνου</b><br />
    <br />
        Υπέρδιπλο κρεβάτι: 160 εκ.<br />
<br />
        Διπλό κρεβάτι: 140 εκ.<br />
<br />
<b>Παροχές κτιρίου</b><br />
<br />
      Ασανσέρ<br />
      Πλυντήριο<br />
<br />
<br />
<b>Άφιξη και συνεχής υποστήριξη πελατών</b><br><br />
Κατά τη διάρκεια της διαμονής σου, η ομάδα μας θα είναι διαθέσιμη για να σε βοηθήσει με οτιδήποτε χρειαστείς. Μέσω της ειδικής mobile εφαρμογής της Blueground έχεις συνεχή υποστήριξη, ενώ μπορείς ακόμη να προγραμματίσεις υπηρεσίες καθαρισμού, συντήρησης ή επισκευής, με το πάτημα ενός κουμπιού.",,"1",,"1","5",,,,,,,,,"0","0","2025-12-06","8",,"0","yes","no","0","Αθήνα - Κέντρο (Αττική)","Κουκάκι - Μακρυγιάννη (Αθήνα - Κέντρο)","1","105103","100","6011","6131",,"1",,"0","0","1","1218757370","https://m2.spitogatos.gr/359920381_1600x1200.jpg?v=20130730","https://m1.spitogatos.gr/359920407_1600x1200.jpg?v=20130730","https://m3.spitogatos.gr/359920436_1600x1200.jpg?v=20130730","https://m2.spitogatos.gr/359920447_1600x1200.jpg?v=20130730","https://m1.spitogatos.gr/359920473_1600x1200.jpg?v=20130730","https://m1.spitogatos.gr/359920485_1600x1200.jpg?v=20130730","https://m3.spitogatos.gr/359920514_1600x1200.jpg?v=20130730","https://m3.spitogatos.gr/359920526_1600x1200.jpg?v=20130730","https://m3.spitogatos.gr/359920535_1600x1200.jpg?v=20130730","https://m1.spitogatos.gr/359920563_1600x1200.jpg?v=20130730","https://m2.spitogatos.gr/359920576_1600x1200.jpg?v=20130730","https://m3.spitogatos.gr/359920601_1600x1200.jpg?v=20130730","https://m3.spitogatos.gr/359920610_1600x1200.jpg?v=20130730","https://m1.spitogatos.gr/359920632_1600x1200.jpg?v=20130730","https://m2.spitogatos.gr/359920648_1600x1200.jpg?v=20130730","https://m3.spitogatos.gr/359920655_1600x1200.jpg?v=20130730","https://m1.spitogatos.gr/359920674_1600x1200.jpg?v=20130730","https://m3.spitogatos.gr/359920691_1600x1200.jpg?v=20130730","https://m2.spitogatos.gr/359920699_1600x1200.jpg?v=20130730","https://m1.spitogatos.gr/359920734_1600x1200.jpg?v=20130730","https://m1.spitogatos.gr/359920740_1600x1200.jpg?v=20130730","https://m3.spitogatos.gr/359920760_1600x1200.jpg?v=20130730","https://m3.spitogatos.gr/359920766_1600x1200.jpg?v=20130730","https://m2.spitogatos.gr/359920783_1600x1200.jpg?v=20130730","https://m2.spitogatos.gr/359920789_1600x1200.jpg?v=20130730","0","0",,"0","37.963226","1","0","23.720406",,"0",,,"2026-07-28","0","0",,"0",,"1","1",,,"1","0","1",,"0","0","0","900","2026-07-14 11:46:21","11","0","0","0","0","12.68","1010","true","1","3","6","1","0",,,,"2","0","1",,,"71","0","Mpeles 6","1","1","0","2025-12-01","https://www.spitogatos.gr/en/property/1218757370","https://nodalview.com/s/36sFaigcr2Fgx695TA9AhE","0",,"1965",,
"1","Lower Ground","no","vip","4","Γ","60975","ΜΑΝΤΑΣ","+306970285233","0","0","0","0","2026-06-13","0","0","1","5","1","0","false","house","0","12",,"0","ΕΝΟΙΚΙΑΖΕΤΑΙ Ημιυπόγειο διαμέρισμα 54 τ.μ. | Κουκάκι | Πλήρως ανακαινισμένο 2026<br />
<br />
Ενοικιάζεται μοντέρνο ημιυπόγειο διαμέρισμα 54 τ.μ. με πρόσβαση σε αυλή σε ένα από τα πιο ζωντανά και περιζήτητα σημεία της Αθήνας — στην καρδιά του Κουκακίου, δίπλα στο Μουσείο Ακρόπολης.<br />
<br />
Σε κεντρικό σημείο με εξαιρετική πρόσβαση:<br />
<br />
- 5 λεπτά πεζής διαδρομής από τον σταθμό Μετρό Ακρόπολη και Σύγγρου-Φιξ<br />
- Άμεση πρόσβαση σε εστιατόρια, καφέ και σούπερ μάρκετ<br />
<br />
Χαρακτηριστικά <br />
<br />
- Ολοκληρωτική ανακαίνιση το 2026 με υψηλής ποιότητας υλικά<br />
- 2 air condition για δροσιά το καλοκαίρι<br />
- Ηλιακός θερμοσίφωνας <br />
- Θερμοπομποί για ζεστασιά τον χειμώνα<br />
- Έξυπνη διαρρύθμιση που αξιοποιεί στο έπακρο τα 54 τ.μ.<br />
<br />
Ιδανικό για <br />
- Νέους επαγγελματίες <br />
- Φοιτητές/τριες που αναζητούν σύγχρονη διαμονή σε κορυφαία τοποθεσία, χωρίς συμβιβασμούς σε ποιότητα και άνεση.<br />
<br />
Για πληροφορίες και ραντεβού επικοινωνήστε μαζί μας.<br />
<br />
Επικοινωνία:<br />
+30 6970285233 (Viber & WhatsApp)<br />
<br />
Η αναγραφόμενη διεύθυνση είναι κατά προσέγγιση. Κατά την υπόδειξη απαιτείται επίδειξη ταυτότητας, σύμφωνα με τον Ν. 4072/2012.","15000",,"0","0","5",,,,,,,,,"1","0","2026-06-13","2","4","1","no","no","0","Αθήνα - Κέντρο (Αττική)","Κουκάκι - Μακρυγιάννη (Αθήνα - Κέντρο)","1","105103","100","6011","2028","Double","1","6","0","0","1","1220115051","https://m3.spitogatos.gr/357135926_1600x1200.jpg?v=20130730","https://m3.spitogatos.gr/357135914_1600x1200.jpg?v=20130730","https://m2.spitogatos.gr/357135892_1600x1200.jpg?v=20130730","https://m3.spitogatos.gr/357135890_1600x1200.jpg?v=20130730","https://m1.spitogatos.gr/357135906_1600x1200.jpg?v=20130730","https://m1.spitogatos.gr/357135888_1600x1200.jpg?v=20130730","https://m3.spitogatos.gr/357135908_1600x1200.jpg?v=20130730","https://m2.spitogatos.gr/357135886_1600x1200.jpg?v=20130730","https://m1.spitogatos.gr/357135924_1600x1200.jpg?v=20130730","https://m1.spitogatos.gr/357135891_1600x1200.jpg?v=20130730","https://m1.spitogatos.gr/357135903_1600x1200.jpg?v=20130730","https://m2.spitogatos.gr/357135904_1600x1200.jpg?v=20130730","https://m3.spitogatos.gr/357135905_1600x1200.jpg?v=20130730","https://m2.spitogatos.gr/357135919_1600x1200.jpg?v=20130730","https://m3.spitogatos.gr/357135887_1600x1200.jpg?v=20130730","https://m2.spitogatos.gr/357135916_1600x1200.jpg?v=20130730","https://m2.spitogatos.gr/357135913_1600x1200.jpg?v=20130730","https://m3.spitogatos.gr/357135911_1600x1200.jpg?v=20130730","https://m1.spitogatos.gr/357136527_1600x1200.jpg?v=20130730","https://m2.spitogatos.gr/357135922_1600x1200.jpg?v=20130730","https://m1.spitogatos.gr/357135918_1600x1200.jpg?v=20130730","https://m1.spitogatos.gr/357135921_1600x1200.jpg?v=20130730","https://m1.spitogatos.gr/357135909_1600x1200.jpg?v=20130730","https://m3.spitogatos.gr/357135893_1600x1200.jpg?v=20130730","https://m1.spitogatos.gr/357135894_1600x1200.jpg?v=20130730","0","1","2","1","37.966511","1","1","23.726709","200","0","0","1","2026-07-28","1","0",,"0",,"0","1","5","8","1",,"1","1","0","0","0","590","2026-07-17 10:52:30","8","0","0","0","0","10.93","640","true","1","3","6","1","1","2026","0","1","1","0","1",,"1","54","0",,"1","1","0","2026-06-13","https://www.spitogatos.gr/en/property/1220115051","https://kuula.co/share/collection/7TfYQ?logo=0&info=0&fs=1&vr=1&zoom=1&sd=1&initload=0&thumbs=1","0","0","1963","nuSKpzPMq18","residential"
"1",,"no","vip","4",,,,,"1","1","0","0","2026-03-02","0","1","1","0","1","0",,"house","0",,,"0","Νεόδμητο κτίριο του 2026 στη Νότη Μπότσαρη 16, Κουκάκι, με 24 πλήρως επιπλωμένα διαμερίσματα διαθέσιμα από 1η Μαρτίου 2026. Κάθε διαμέρισμα είναι αυτόνομο και περιλαμβάνει ξεχωριστό μπάνιο, κουζίνα και σαλόνι. Είναι εξοπλισμένα με όλες τις βασικές ηλεκτρικές συσκευές. Το κτίριο διαθέτει επίσης κοινόχρηστους χώρους, όπως σαλόνι, ταράτσα, πλυντήρια και στεγνωτήρια για χρήση από όλους τους ενοικιαστές.<br />
<br />
Στην τιμή του ενοικίου περιλαμβάνονται το φυσικό αέριο για το ζεστό νερό, ο λογαριασμός νερού, τα κοινόχρηστα, η χρήση πλυντηρίων και στεγνωτηρίων, καθώς και Internet. Το μόνο πρόσθετο κόστος για τον ενοικιαστή είναι η κατανάλωση ηλεκτρικού ρεύματος του διαμερίσματός του. <br />
<br />
Τα συμβόλαια ενοικίασης διατίθενται για διάρκεια από 3 μήνες έως 1 χρόνο, με δυνατότητα ανανέωσης. Τιμές από 900€/μήνα. Χωρίς μεσιτική αμοιβή<br />
<br />
Για περισσότερες πληροφορίες και ραντεβού, επικοινωνήστε στο 2117505121 ή στο rentals@diamonagreece.gr",,,"0","1","1",,,,,,,,,"1","0","2026-01-14","0",,,"yes","no","0","Αθήνα - Κέντρο (Αττική)","Κουκάκι - Μακρυγιάννη (Αθήνα - Κέντρο)","1","105103","100","6011","2021",,"4","4","0",,"1","1219053224","https://m2.spitogatos.gr/346694272_1600x1200.jpg?v=20130730","https://m1.spitogatos.gr/352518792_1600x1200.jpg?v=20130730","https://m3.spitogatos.gr/352519064_1600x1200.jpg?v=20130730","https://m1.spitogatos.gr/352518756_1600x1200.jpg?v=20130730","https://m1.spitogatos.gr/352519497_1600x1200.jpg?v=20130730","https://m3.spitogatos.gr/346693880_1600x1200.jpg?v=20130730","https://m1.spitogatos.gr/352518834_1600x1200.jpg?v=20130730","https://m2.spitogatos.gr/352519573_1600x1200.jpg?v=20130730","https://m1.spitogatos.gr/352519083_1600x1200.jpg?v=20130730","https://m2.spitogatos.gr/352519012_1600x1200.jpg?v=20130730","https://m2.spitogatos.gr/346693945_1600x1200.jpg?v=20130730","https://m1.spitogatos.gr/346693953_1600x1200.jpg?v=20130730","https://m3.spitogatos.gr/352518734_1600x1200.jpg?v=20130730","https://m3.spitogatos.gr/346693874_1600x1200.jpg?v=20130730","https://m1.spitogatos.gr/346693875_1600x1200.jpg?v=20130730","https://m2.spitogatos.gr/352518907_1600x1200.jpg?v=20130730","https://m1.spitogatos.gr/346698123_1600x1200.jpg?v=20130730","https://m2.spitogatos.gr/346693879_1600x1200.jpg?v=20130730","https://m3.spitogatos.gr/346693877_1600x1200.jpg?v=20130730","https://m3.spitogatos.gr/346694207_1600x1200.jpg?v=20130730","https://m3.spitogatos.gr/346694225_1600x1200.jpg?v=20130730","https://m2.spitogatos.gr/346694260_1600x1200.jpg?v=20130730","https://m1.spitogatos.gr/352519764_1600x1200.jpg?v=20130730","https://m2.spitogatos.gr/361722073_1600x1200.jpg?v=20130730","https://m2.spitogatos.gr/361722115_1600x1200.jpg?v=20130730","0",,"2","1","37.964619","1","0","23.72493",,"1","0",,"2026-07-27","0","0","1","0","yes","0","1","8",,"1",,"1",,"1","0","0","800",,,"1","0","1","1","20",,,"4",,,"1",,,"0",,"0",,"1",,"0","40","0","Μπότσαρη Νότη, 16, Αθήνα Ελλάδα, 11741","1","2","0","2026-01-14","https://www.spitogatos.gr/en/property/1219053224",,"0",,"2026",,
"1","3","no","vip","4",,,,,"1","0","0","0","2026-07-01","0","0","1","0","1","0",,"house","0",,,"0","Διαμέρισμα Προς Ενοικίαση, όροφος: 3ος, στην περιοχή: Κουκάκι - Μακρυγιάννη - Φιξ. Το εμβαδόν του ακινήτου είναι 55 τ.μ.. Αποτελείται από: 2 Υ/Δ, 1 μπάνιο/α, 1 κουζίνα/ες, 1 σαλόνι/α. Έχει κατασκευαστεί το 2007. Η θέρμανση του ακινήτου είναι Χωρίς, ενώ επίσης διατίθεται Κλιματισμός, έχει κουφώματα Αλουμινίου με Διπλά τζάμια, ενεργειακό πιστοποιητικό: Δ και τα δάπεδα είναι: Πλακάκια. Η κατάστασή του είναι: Φρεσκοβαμμένο, Πολύ καλή, βρίσκεται κοντά σε Μετρό, Τραμ, Συγκοινωνίες, Super Market, Κέντρο Πόλης, Ακρόπολη, Πανεπιστήμιο και έχει Δυτικομεσημβρινό προσανατολισμό. Το ακίνητο είναι Βαμμένο, Προσόψεως, Φωτεινό, Διαμπερές, είναι κατάλληλο για Φοιτητές, Συγκατοίκηση και επίσης διαθέτει τα παρακάτω χαρακτηριστικά και πλεονεκτήματα: Ασανσέρ, Ηλεκτρ. Συσκευές, Πόρτα Ασφαλείας, Ησυχη γειτονιά, Βεράντα. Τιμή: €700. TOPONYM EVA I. DIMITRIOU, Τηλέφωνο Επικοινωνίας: 6974218921, email: eva.i.dimitriou@gmail.com",,,"0","1","6",,,,,,,,,"1","0","2026-06-24","8","4","0","no","no","0","Αθήνα - Κέντρο (Αττική)","Κουκάκι - Μακρυγιάννη (Αθήνα - Κέντρο)","1","105103","100","6011","2021","Double","3",,"0","0","1","1220193508","https://m3.spitogatos.gr/358663679_1600x1200.jpg?v=20130730","https://m3.spitogatos.gr/358663676_1600x1200.jpg?v=20130730","https://m3.spitogatos.gr/358663682_1600x1200.jpg?v=20130730","https://m3.spitogatos.gr/358663685_1600x1200.jpg?v=20130730","https://m2.spitogatos.gr/358663687_1600x1200.jpg?v=20130730","https://m3.spitogatos.gr/358663691_1600x1200.jpg?v=20130730","https://m3.spitogatos.gr/358663694_1600x1200.jpg?v=20130730","https://m3.spitogatos.gr/358663697_1600x1200.jpg?v=20130730","https://m1.spitogatos.gr/358663701_1600x1200.jpg?v=20130730","https://m1.spitogatos.gr/358663704_1600x1200.jpg?v=20130730","https://m1.spitogatos.gr/358663707_1600x1200.jpg?v=20130730",,,,,,,,,,,,,,,"0","0","2","1","37.964424","1","1","23.725473",,"0","0","0","2026-07-27","0","0",,"0",,"0","1","5","8","1","0","0",,"0","0","0","700","2026-07-25 20:49:49","7","0","0","0","0","12.73","750","true","1","3","6","1","0",,"0","1","2","0","1",,"0","55","0",,"1","1","0","2026-06-24","https://www.spitogatos.gr/en/property/1220193508",,"0","0","2007",,"residential"
,"3",,"vip","4",,,,,,"1",,"0","2026-07-04","0","1","1","0",,"0",,"house",,,,,"Ένα φωτεινό ρετιρέ 3ου ορόφου με έξοδο σε άνετη βεράντα και σε εξαιρετική τοποθεσία στην καρδιά στο Κουκάκι, 5λ από τη στάση του μετρό φιξ.<br />
Ιδιοχρησια ταρατσας με θέα Ακρόπολη και Φολοππάπου!!<br />
Νέα κατασκευή του 2005 με εξαιρετικό γούστο φτιαγμένο έχει χρήση ταρατσας. Για όποιον αναζητά ένα σπίτι με χαρακτήρα για αίσθηση άπλετου και γαλήνιου χώρου. Καλέστε μας για επίσκεψη στο χώρο.<br />
(Η πινέζα στο χάρτη είναι ενδεικτική της περιοχής κι όχι η ακριβής)",,,,"1","5",,,,,,,,,"1","0","2026-07-04","8",,,"no",,,"Αθήνα - Κέντρο (Αττική)","Κουκάκι - Μακρυγιάννη (Αθήνα - Κέντρο)","1","105103","100","6011","2028",,"1","2",,,"1","1220303231","https://m2.spitogatos.gr/361375681_1600x1200.jpg?v=20130730","https://m3.spitogatos.gr/361066088_1600x1200.jpg?v=20130730","https://m1.spitogatos.gr/361066083_1600x1200.jpg?v=20130730","https://m1.spitogatos.gr/360467844_1600x1200.jpg?v=20130730","https://m2.spitogatos.gr/360467848_1600x1200.jpg?v=20130730","https://m3.spitogatos.gr/360467849_1600x1200.jpg?v=20130730","https://m1.spitogatos.gr/360467850_1600x1200.jpg?v=20130730","https://m3.spitogatos.gr/361066091_1600x1200.jpg?v=20130730","https://m2.spitogatos.gr/360467851_1600x1200.jpg?v=20130730","https://m3.spitogatos.gr/360467852_1600x1200.jpg?v=20130730","https://m1.spitogatos.gr/360467853_1600x1200.jpg?v=20130730","https://m2.spitogatos.gr/360467854_1600x1200.jpg?v=20130730","https://m3.spitogatos.gr/360467855_1600x1200.jpg?v=20130730","https://m1.spitogatos.gr/360467856_1600x1200.jpg?v=20130730","https://m2.spitogatos.gr/360467857_1600x1200.jpg?v=20130730","https://m3.spitogatos.gr/360467858_1600x1200.jpg?v=20130730","https://m1.spitogatos.gr/360467862_1600x1200.jpg?v=20130730","https://m1.spitogatos.gr/360467859_1600x1200.jpg?v=20130730","https://m2.spitogatos.gr/360467860_1600x1200.jpg?v=20130730","https://m3.spitogatos.gr/360467861_1600x1200.jpg?v=20130730","https://m2.spitogatos.gr/361066093_1600x1200.jpg?v=20130730","https://m2.spitogatos.gr/361066096_1600x1200.jpg?v=20130730","https://m1.spitogatos.gr/361066098_1600x1200.jpg?v=20130730","https://m3.spitogatos.gr/361066100_1600x1200.jpg?v=20130730",,"0",,"2","1","37.965965","1","1","23.724413",,,,,"2026-07-26","0",,,,,"0","1",,,"1",,"1",,,"0",,"1300",,,"0","0","0","0","14.13",,,"1","3","6","1",,,,,"2",,"1",,,"92",,"Γκίωνη 8, Αθήνα 11742",,"1",,"2026-07-04","https://www.spitogatos.gr/en/property/1220303231",,"1",,"2005",,
,"5",,"vip","4",,,,,,,,"0","2026-06-26","0",,,"0",,,,"house",,,,,"Κουκάκι κοντά στο σταθμό μετρό Συγγρού Φιξ ενοικιάζεται διαμέρισμα 68 τετραγωνικά 5ου ορόφου.",,,,"1","8",,,,,,,,,,,"2026-06-26","10",,,,,,"Αθήνα - Κέντρο (Αττική)","Κουκάκι - Μακρυγιάννη (Αθήνα - Κέντρο)","1","105103","100","6011","2021","Double",,,,,"1","1220247675","https://m2.spitogatos.gr/359486554_1600x1200.jpg?v=20130730","https://m1.spitogatos.gr/359486562_1600x1200.jpg?v=20130730","https://m2.spitogatos.gr/359486563_1600x1200.jpg?v=20130730","https://m3.spitogatos.gr/359486564_1600x1200.jpg?v=20130730","https://m3.spitogatos.gr/359486576_1600x1200.jpg?v=20130730","https://m1.spitogatos.gr/359486577_1600x1200.jpg?v=20130730","https://m2.spitogatos.gr/359486578_1600x1200.jpg?v=20130730",,,,,,,,,,,,,,,,,,,,,"2","1","37.964458","1","1","23.725611",,,,,"2026-07-25","0",,,,,"0","1",,,,,,,,,,"650",,,"0","0","0","0","9.56",,,"1","3",,"1",,,,,"1",,"1",,,"68",,,,"1",,"2026-06-26","https://www.spitogatos.gr/en/property/1220247675",,,,,,
"1","1","no","vip","4",,,,,"0","0","0","0","2026-08-01","0","1","1","0","0","0",,"house",,,,"0","<br>Μια πολυτελώς ανακαινισμένη και επιπλωμένη γκαρσονιέρα με πλήρη εξοπλισμό, ηλεκτρικές συσκευές και aircondition στο Κουκάκι. Για ΄όσους ψάχνουν ένα ιδιαίτερο και ήσυχο σπίτι στην περιοχή του Κουκακίου. Διαθέσιμο από 1/8/2026 <br>",,,,"1","8",,,,,,,,,"0","0","2026-07-19","6","2","0","yes","no","0","Αθήνα - Κέντρο (Αττική)","Κουκάκι - Μακρυγιάννη (Αθήνα - Κέντρο)","1","105103","100","6011","6131","Double","1","4","0","0","1","1220418040","https://m1.spitogatos.gr/362341728_1600x1200.jpg?v=20130730","https://m3.spitogatos.gr/362341730_1600x1200.jpg?v=20130730","https://m2.spitogatos.gr/362341732_1600x1200.jpg?v=20130730","https://m1.spitogatos.gr/362341734_1600x1200.jpg?v=20130730","https://m3.spitogatos.gr/362341736_1600x1200.jpg?v=20130730","https://m2.spitogatos.gr/362341738_1600x1200.jpg?v=20130730","https://m1.spitogatos.gr/362341740_1600x1200.jpg?v=20130730","https://m3.spitogatos.gr/362341742_1600x1200.jpg?v=20130730",,,,,,,,,,,,,,,,,,"0","0","2","1","37.961914",,"1","23.721392",,"1",,,"2026-07-26","0","0",,"0",,"0","1",,,"1","0","1",,"0","0","0","660",,,"0","0","0","0","14.67",,,"1","3","6","1","1","2019","0","7","1","0","1",,"0","45","0",,"1","1","0","2026-07-19","https://www.spitogatos.gr/en/property/1220418040",,"0","0","1975",,"residential"
"1","Ground Floor","no","vip","4",,,,,"0","0","0","0","2026-07-21","0","0","0","0","0","0",,"house","0",,,"0","Κουκάκι - Ακρόπολη: ενοικιάζεται διαμέρισμα 35τμ., ανακαινισμένο και επιπλωμένο, υπερυψωμένο ισόγειο με μπαλκόνι. Αποτελείται από ενιαίο σαλόνι με την κουζίνα, υπνοδωμάτιο και μπάνιο. Διαθέτει θέρμανση με καλοριφέρ, κλιματισμό, ηλιακό θερμοσίφωνα, κουφώματα αλουμινίου με διπλά τζάμια, πόρτα ασφαλείας  και δάπεδα από πλακάκι και ξύλο. <br />
Τιμή: €650<br />
SPACE REAL ESTATE<br />
Τηλέφωνο Επικοινωνίας: 2103009091<br />
Email: info@realspace.gr<br />
Website: https://realspace.gr/",,,"0","0","9",,,,,,,,,"0","0","2026-07-21","3","10","0","yes","no","0","Αθήνα - Κέντρο (Αττική)","Κουκάκι - Μακρυγιάννη (Αθήνα - Κέντρο)","1","105103","100","6011",,"Double","2","1","0","0","1","1220433914","https://m2.spitogatos.gr/362595301_1600x1200.jpg?v=20130730","https://m3.spitogatos.gr/362595302_1600x1200.jpg?v=20130730","https://m2.spitogatos.gr/362595304_1600x1200.jpg?v=20130730","https://m3.spitogatos.gr/362595308_1600x1200.jpg?v=20130730","https://m1.spitogatos.gr/362595312_1600x1200.jpg?v=20130730","https://m3.spitogatos.gr/362595314_1600x1200.jpg?v=20130730","https://m1.spitogatos.gr/362595315_1600x1200.jpg?v=20130730","https://m2.spitogatos.gr/362595316_1600x1200.jpg?v=20130730","https://m1.spitogatos.gr/362595318_1600x1200.jpg?v=20130730",,,,,,,,,,,,,,,,,"0","0","2","1","37.96516","1","1","23.725061",,"0","0","0","2026-07-21","0","0",,"0",,"0","1",,,"0","0","0",,"0","0","0","650",,,"0","0","0","0","18.57",,,"1","3","6","1","1","2019","0",,"1","0","1",,"1","35","0",,"0","1","0","2026-07-21","https://www.spitogatos.gr/en/property/1220433914",,"0","0","1970",,"residential"
"1","1","no","up","2","ΘΑΛΕΙΑ","76478","ΔΑΛΓΙΑΝΝΑΚΗ","+306934127271","0","0","0","0","2026-09-01","0","1","1","0","1","0","false","house","0","20",,"0","ΚΟΥΚΑΚΙ ,ΠΑΙΔΙΚΗ ΧΑΡΑ , Ανακαινισμένο και πλήρως επιπλωμένο διαμέρισμα 2 υπνοδωματίων προς ενοικίαση.<br />
<br />
<br />
Το διαμέρισμα αποτελείται από δύο υπνοδωμάτια, ευρύχωρο σαλόνι με τηλεόραση, πλήρως εξοπλισμένη κουζίνα και σύγχρονα μπάνια. Διαθέτει επίσης μπαλκόνι.<br />
Φωτεινό, ανακαινισμένο και πλήρως επιπλωμένο διαμέρισμα στον 1ο όροφο πολυκατοικίας, στην καρδιά του Κουκακίου. Ιδανικό για φοιτητές ή νέους επαγγελματίες που αναζητούν άνετη και ποιοτική διαμονή σε κεντρική τοποθεσία, με εγγύτητα στα ΜΜΜ.<br />
<br />
<br />
Βρίσκεται σε απόσταση 4 λεπτών με τα πόδια από το Μουσείο Ακρόπολης και 8 λεπτών από τον Ιερό Βράχο. Δύο σταθμοί μετρό (Ακρόπολη και Συγγρού-Φιξ) σε απόσταση 5 λεπτών με τα πόδια εξασφαλίζουν εύκολη πρόσβαση σε όλη την Αθήνα.<br />
Η περιοχή του Κουκακίου διαθέτει καφετέριες, ταβέρνες, φούρνους και σούπερ μάρκετ σε κοντινή απόσταση. Ήσυχη γειτονιά, ασφαλής και με έντονο αθηναϊκό χαρακτήρα.<br />
<br />
Βασικά χαρακτηριστικά<br />
Εμβαδόν: — τ.μ. 52<br />
Όροφος: 1ος<br />
Υπνοδωμάτια: 2<br />
Μπάνια: 1<br />
Επιπλωμένο: Ναι<br />
Μπαλκόνι: Ναι<br />
Θέρμανση: Κλιματισμός<br />
Κατάσταση: Άριστη<br />
<br />
Ιδανικό για φοιτητές ή ζευγάρι.<br />
<br />
ΤΟ ΑΚΙΝΗΤΟ ΠΡΟΩΘΕΙΤΑΙ ΑΠΟ ΤΗ GOLDEN HOUSES REAL ESTATE","8000",,"0","1","7",,,,,,,,,"1","0","2026-07-27","6","2","0","yes","no","0","Αθήνα - Κέντρο (Αττική)","Κουκάκι - Μακρυγιάννη (Αθήνα - Κέντρο)","1","105103","100","6011","6131","Double","1","4","0","0","1","1220499812","https://m3.spitogatos.gr/363435395_1600x1200.jpg?v=20130730","https://m2.spitogatos.gr/363435463_1600x1200.jpg?v=20130730","https://m2.spitogatos.gr/363435502_1600x1200.jpg?v=20130730","https://m2.spitogatos.gr/363435511_1600x1200.jpg?v=20130730","https://m1.spitogatos.gr/363435534_1600x1200.jpg?v=20130730","https://m1.spitogatos.gr/363435564_1600x1200.jpg?v=20130730","https://m3.spitogatos.gr/363435596_1600x1200.jpg?v=20130730","https://m2.spitogatos.gr/363435622_1600x1200.jpg?v=20130730","https://m3.spitogatos.gr/363435632_1600x1200.jpg?v=20130730","https://m2.spitogatos.gr/363435691_1600x1200.jpg?v=20130730","https://m2.spitogatos.gr/363435709_1600x1200.jpg?v=20130730","https://m1.spitogatos.gr/363435654_1600x1200.jpg?v=20130730","https://m3.spitogatos.gr/363435770_1600x1200.jpg?v=20130730","https://m3.spitogatos.gr/363435674_1600x1200.jpg?v=20130730","https://m1.spitogatos.gr/363435738_1600x1200.jpg?v=20130730","https://m3.spitogatos.gr/363435785_1600x1200.jpg?v=20130730","https://m3.spitogatos.gr/363435845_1600x1200.jpg?v=20130730","https://m3.spitogatos.gr/363435851_1600x1200.jpg?v=20130730",,,,,,,,"0","0","2","1","37.96447","1","1","23.72295",,"1","0","0","2026-07-27","0","0",,"0",,"0","1","4","6","1",,"1",,"0","1","0","950",,,"0","0","0","0","18.27",,,"1",,,"1","0","2025","0","1","2","0","1","1","0","52","0",,"1","1","0","2026-07-27","https://www.spitogatos.gr/en/property/1220499812",,"1",,"1969",,"residential"
"1","5","no","prime","3","Βασίλης","99683","Θαλασσινός","2103300020","1","0","0","0","2026-11-01","0","0","0","0","1","0",,"house",,,,"0","<br>Ενοικιάζεται φωτεινό, διαμπερές ρετιρέ 5ου ορόφου με μεγάλο μπαλκόνι, συνολικής επιφάνειας 70 τ.μ., σε μία από τις πιο προνομιακές και περιζήτητες περιοχές της Αθήνας, στο Κουκάκι – Μακρυγιάννη, λίγα μόλις βήματα από το Μουσείο της Ακρόπολης. <br>Το διαμέρισμα αποτελείται από δύο άνετα υπνοδωμάτια, ευρύχωρο σαλόνι, ανεξάρτητη κουζίνα και μπάνιο. <br>Διαθέτει κουφώματα αλουμινίου, ξύλινα δάπεδα, θωρακισμένη πόρτα ασφαλείας, εντοιχισμένες ντουλάπες, ανελκυστήρα, κλιματισμό (A/C) και θέα στο αστικό τοπίο. <br>Η τοποθεσία του προσφέρει εξαιρετική πρόσβαση στις συγκοινωνίες, καθώς βρίσκεται μόλις 140 μέτρα από τον σταθμό Μετρό Ακρόπολη και 140 μέτρα από στάση λεωφορείου, εξασφαλίζοντας άμεση σύνδεση με κάθε σημείο της Αθήνας. <br>Η μοναδική του θέση, δίπλα στο Μουσείο της Ακρόπολης, σε χώρους πολιτισμού, εστιατόρια, καφέ και εμπορικά καταστήματα, το καθιστά ιδανική επιλογή για όσους επιθυμούν να ζουν στην καρδιά της ιστορικής Αθήνας.<br>Διαθέσιμο απο 1 Νοεμβρίου.  <br>Lion Real Estate<br />
www.lionrealestate.gr<br />
Ζωοδόχου Πηγής 38-40, 10681 Αθήνα<br />
Τηλ.: 210 3300020<br />
________________________________________________________________________________________<br />
Σημαντική ενημέρωση<br />
<br />
Για την υπόδειξη ακινήτων απαιτείται η επίδειξη της αστυνομικής ταυτότητας ή του διαβατηρίου, σύμφωνα με τις διατάξεις του Ν. 4557/2018, όπως ισχύει, σχετικά με την εφαρμογή μέτρων δέουσας επιμέλειας και την πρόληψη της νομιμοποίησης εσόδων από εγκληματικές δραστηριότητες<br />
________________________________________________________________________________________<br />
Ώρες επικοινωνίας: 09:00 – 21:00<br />
<br />
Σύμβουλος Ακινήτων<br />
κ. Βασίλης Θαλασσινός<br />
Κιν.: 694 385 5557",,,,"1","3",,,,,,,,,"0","0","2026-07-27","10","2","0","no","no","0","Αθήνα - Κέντρο (Αττική)","Κουκάκι - Μακρυγιάννη (Αθήνα - Κέντρο)","1","105103","100","6011","2028","Single","3",,"0","0","1","1220498506","https://m2.spitogatos.gr/363434392_1600x1200.jpg?v=20130730","https://m1.spitogatos.gr/363434394_1600x1200.jpg?v=20130730","https://m2.spitogatos.gr/363434395_1600x1200.jpg?v=20130730","https://m1.spitogatos.gr/363434397_1600x1200.jpg?v=20130730","https://m2.spitogatos.gr/363434398_1600x1200.jpg?v=20130730",,,,,,,,,,,,,,,,,,,,,"0","0","2","1","37.96838",,"1","23.730177",,"0",,,"2026-07-28","0","0",,"0",,"0","1",,,"0","1","0",,"0","0","0","1200",,,"0","0","0","0","17.14",,,"1","3","6","1","0",,"0","7","2","0","1",,"0","70","0",,"0","1","0","2026-07-27","https://www.spitogatos.gr/en/property/1220498506",,"1","0","1968",,"residential"
"0","3","yes","up","2",,,,,"0","0","0","0","2026-04-08","0","1","0","0","1","0",,"house",,,,"1","<br>Κωδικός ακινήτου: 23899 - Κουκάκι - Μακρυγιάννη Κουκάκι - Παιδική Χαρά ΕΝΟΙΚΙΑΖΕΤΑΙ διαμέρισμα στον 3 ο όροφο συνολικής επιφάνειας 100.00 τ.μ. . Είναι κατασκευασμένο το 1975 με ενεργειακή κλάση Ε και ανακαινίστηκε το 2021. Μεσημβρινό γωνιακό διαμέρισμα, στο Κουκάκι, μόλις 500 μέτρα από το Μετρό Συγγρού - Φιξ και το Τράμ. Κοντά του, βρίσκεται η ζωντανή και πλούσια αγορά της περιοχής. Άνετο, με μεγάλο χώρο υποδοχής, σαλόνι, μεγάλη ανακαινισμένη κουζίνα, τρία υπνοδωμάτια, μπάνιο και αποθήκη οικίας, με παράθυρο σε φωταγωγό. Μία μεγάλη βεράντα με μήκος 10 μέτρα καί φάρδος 1,25 καθώς και μία μικρότερη πλαισιώνουν το διαμέρισμα. Διαθέτει πόρτα ασφαλείας και ή πολυκατοικία καθαρή και προσεγμένη, με ανακαινισμένο ανελκυστήρα. Τα κοινόχρηστα είναι ελάχιστα και η θέρμανση είναι κεντρική φυσικού αερίου. Διαθέτει ΑΜΑ καί έχει άδεια γιά βραχυχρόνια μίσθωση !  - Τιμή: 1.400 € <br>",,,,"1","7",,,,,,,,,"1","0","2026-04-09","8","10","0","no","no","0","Αθήνα - Κέντρο (Αττική)","Κουκάκι - Μακρυγιάννη (Αθήνα - Κέντρο)","1","105103","100","6011","6131","Single","2","2","0","0","1","1219689649","https://m3.spitogatos.gr/351322385_1600x1200.jpg?v=20130730","https://m1.spitogatos.gr/351322386_1600x1200.jpg?v=20130730","https://m2.spitogatos.gr/351322387_1600x1200.jpg?v=20130730","https://m3.spitogatos.gr/351322388_1600x1200.jpg?v=20130730","https://m2.spitogatos.gr/351322390_1600x1200.jpg?v=20130730","https://m1.spitogatos.gr/351322392_1600x1200.jpg?v=20130730","https://m1.spitogatos.gr/351322395_1600x1200.jpg?v=20130730","https://m3.spitogatos.gr/351322397_1600x1200.jpg?v=20130730","https://m2.spitogatos.gr/351322399_1600x1200.jpg?v=20130730","https://m2.spitogatos.gr/351322402_1600x1200.jpg?v=20130730","https://m3.spitogatos.gr/351322406_1600x1200.jpg?v=20130730","https://m2.spitogatos.gr/351322408_1600x1200.jpg?v=20130730","https://m2.spitogatos.gr/351322411_1600x1200.jpg?v=20130730","https://m2.spitogatos.gr/351322414_1600x1200.jpg?v=20130730","https://m1.spitogatos.gr/351322422_1600x1200.jpg?v=20130730","https://m3.spitogatos.gr/351322427_1600x1200.jpg?v=20130730","https://m3.spitogatos.gr/351322430_1600x1200.jpg?v=20130730","https://m3.spitogatos.gr/351322433_1600x1200.jpg?v=20130730","https://m2.spitogatos.gr/351322438_1600x1200.jpg?v=20130730","https://m1.spitogatos.gr/351322443_1600x1200.jpg?v=20130730","https://m2.spitogatos.gr/351322450_1600x1200.jpg?v=20130730","https://m3.spitogatos.gr/351322457_1600x1200.jpg?v=20130730",,,,"0","0","1","1","37.962261",,"1","23.721512",,"0",,,"2026-07-27","1","0",,"0",,"0","1",,"3","0","0","0",,"0","0","0","1400",,,"0","0","0","0","14",,,"1","3","6","1","0",,"0","2","3","0","1",,"0","100","1",,"0","1","0","2026-04-09","https://www.spitogatos.gr/en/property/1219689649",,"1","0","1975",,"residential"
"1","3",,"up","2",,,,,"1",,,"0","2025-03-20","0","1","1","0","1",,,"house",,,,,"Διαμέρισμα προς ενοικίαση ενός υπνοδωματείου,φωτεινό,στον 3ο όροφο,επιπλωμένο,με κεντρική θέρμανση και κλιματισμό.Διαθέτει απρόσκοπτη θέα στον λόφο Φιλοππάπου.",,,,"1","2",,,,,,,,,,,"2026-07-13","8","1",,"yes",,,"Αθήνα - Κέντρο (Αττική)","Κουκάκι - Μακρυγιάννη (Αθήνα - Κέντρο)","1","105103","100","6011","6131",,"2",,,,"1","1217296161","https://m3.spitogatos.gr/310904807_1600x1200.jpg?v=20130730","https://m1.spitogatos.gr/310904829_1600x1200.jpg?v=20130730","https://m1.spitogatos.gr/310902813_1600x1200.jpg?v=20130730","https://m3.spitogatos.gr/310902794_1600x1200.jpg?v=20130730","https://m2.spitogatos.gr/310902703_1600x1200.jpg?v=20130730","https://m1.spitogatos.gr/310904823_1600x1200.jpg?v=20130730","https://m3.spitogatos.gr/310902707_1600x1200.jpg?v=20130730","https://m2.spitogatos.gr/310902745_1600x1200.jpg?v=20130730","https://m3.spitogatos.gr/310902764_1600x1200.jpg?v=20130730","https://m2.spitogatos.gr/310902790_1600x1200.jpg?v=20130730","https://m2.spitogatos.gr/310904812_1600x1200.jpg?v=20130730","https://m2.spitogatos.gr/310904818_1600x1200.jpg?v=20130730","https://m3.spitogatos.gr/310904834_1600x1200.jpg?v=20130730",,,,,,,,,,,,,,,"2","1","37.965408","1","1","23.72365",,,,,"2026-07-13","1",,,,,"0","1",,,"1",,,,,,,"1000",,,"0","0","0","0","15.38",,,"1","6",,"1","1",,,,"1",,"1",,,"65",,,,"1",,"2025-03-20","https://www.spitogatos.gr/en/property/1217296161",,"1",,,,
"1","Ground Floor","no","up","2",,,,,"0","0","0","0","2026-07-20","0","0","0","0","0","0",,"house","0","1",,"0","Διαμέρισμα Προς Ενοικίαση, όροφος: Ισόγειο, στην περιοχή: Ιστορικό Κέντρο. Το εμβαδόν του ακινήτου είναι 85 τ.μ.. Αποτελείται από: 2 Υ/Δ, 1 μπάνιο/α, 1 wc, 1 κουζίνα/ες, 1 σαλόνι/α. Έχει κατασκευαστεί το 1939 και ανακαινίστηκε το 2022. Η θέρμανση του ακινήτου είναι Κεντρική με Πετρέλαιο, ενώ επίσης διατίθεται Κλιματισμός, Καλοριφέρ, έχει κουφώματα Αλουμινίου με Tριπλά τζάμια, ενεργειακό πιστοποιητικό: Β και τα δάπεδα είναι: Πλακάκια, Βυνίλιο. Η κατάστασή του είναι: Ανακαινισμένο, Καταπληκτική, βρίσκεται κοντά σε Μετρό, Συγκοινωνίες, 800 Μέτρα από μετρό (ΦΙΞ). Το ακίνητο είναι Βαμμένο, Επιπλωμένο, Ισόγειος κατοικία, είναι κατάλληλο για Βραχυχρόνια Μίσθωση, Συγκατοίκηση και επίσης διαθέτει τα παρακάτω χαρακτηριστικά και πλεονεκτήματα: Ηλεκτρ. Συσκευές, Ησυχη γειτονιά. Τιμή: €920. AGENDA PROPERTIES, Τηλέφωνο Επικοινωνίας: 2112164980, email: info.agenda.properties@gmail.com, website: https://agendaproperties.gr",,,"0","0","4",,,,,,,,,"0","0","2026-07-20","3","4","0","yes","no","0","Αθήνα - Κέντρο (Αττική)","Κουκάκι - Μακρυγιάννη (Αθήνα - Κέντρο)","1","105103","100","6011",,"Triple","2","1","0","0","1","1220423607","https://m3.spitogatos.gr/362428400_1600x1200.jpg?v=20130730","https://m3.spitogatos.gr/362428403_1600x1200.jpg?v=20130730","https://m2.spitogatos.gr/362428405_1600x1200.jpg?v=20130730","https://m1.spitogatos.gr/362428407_1600x1200.jpg?v=20130730","https://m1.spitogatos.gr/362428410_1600x1200.jpg?v=20130730","https://m2.spitogatos.gr/362428414_1600x1200.jpg?v=20130730","https://m1.spitogatos.gr/362428416_1600x1200.jpg?v=20130730","https://m1.spitogatos.gr/362428419_1600x1200.jpg?v=20130730","https://m1.spitogatos.gr/362428422_1600x1200.jpg?v=20130730","https://m2.spitogatos.gr/362428423_1600x1200.jpg?v=20130730","https://m2.spitogatos.gr/362428426_1600x1200.jpg?v=20130730","https://m3.spitogatos.gr/362428427_1600x1200.jpg?v=20130730","https://m2.spitogatos.gr/362428429_1600x1200.jpg?v=20130730","https://m3.spitogatos.gr/362428430_1600x1200.jpg?v=20130730","https://m2.spitogatos.gr/362428432_1600x1200.jpg?v=20130730","https://m1.spitogatos.gr/362428434_1600x1200.jpg?v=20130730","https://m3.spitogatos.gr/362428436_1600x1200.jpg?v=20130730","https://m2.spitogatos.gr/362428438_1600x1200.jpg?v=20130730","https://m2.spitogatos.gr/362428441_1600x1200.jpg?v=20130730",,,,,,,"0","0","2","1","37.963757","1","1","23.717197",,"0","0","0","2026-07-21","0","0",,"0",,"1","1",,,"1","0","0",,"0","0","0","920",,,"0","0","0","0","10.82",,,"1","3","6","1","1","2022","0",,"2","0","0",,"0","85","0",,"0","1","0","2026-07-20","https://www.spitogatos.gr/en/property/1220423607",,"0","0","1939","pImDEEznPEw","residential"
"1","5","no","simple","1",,,,,"0","0","0","0","2026-06-18","0","1","1","38","1","0",,"house","0","30",,"0","Φωτεινό διαμέρισμα με ανεμπόδιστη θέα στην Ακρόπολη και τον Λόφο Φιλοπάππου, προς πώληση στο Κουκάκι, κοντά στον σταθμό Μετρό Συγγρού-Φιξ και το Πάντειο Πανεπιστήμιο. Το φωτεινό και ευάερο αυτό διαμέρισμα αποτελείται από 2 υπνοδωμάτια, ευρύχωρο καθιστικό, κουζίνα, 1 μπάνιο και 1 WC. Το ακίνητο κατασκευάστηκε το 1975 και ανακαινίστηκε πλήρως το 2026, προσφέροντας έναν σύγχρονο και άνετο χώρο διαβίωσης σε μία από τις πιο περιζήτητες περιοχές της Αθήνας. Διαθέτει κλιματισμό, κουφώματα αλουμινίου με διπλά τζάμια, δάπεδα από πλακάκι και laminate, πόρτα ασφαλείας, τέντες και ανελκυστήρα. Διαθέτει Ενεργειακό Πιστοποιητικό κατηγορίας Δ και βρίσκεται σε άριστη ανακαινισμένη κατάσταση. Το ακίνητο απολαμβάνει ανοιχτή πανοραμική θέα στην πόλη, με θέα στην Ακρόπολη, τον Λόφο Φιλοπάππου και το βουνό. Ο βόρειος και νότιος προσανατολισμός του εξασφαλίζει άφθονο φυσικό φως καθ’ όλη τη διάρκεια της ημέρας. Εξαιρετική τοποθεσία, κοντά σε μετρό, τραμ, μέσα μαζικής μεταφοράς, πάρκα, σχολεία, το Πάντειο Πανεπιστήμιο, σούπερ μάρκετ, τράπεζες, τοπική αγορά, καφέ, εστιατόρια και πολιτιστικούς χώρους.<br />
Αποστάσεις:<br />
• Σταθμός Μετρό Συγγρού-Φιξ: περίπου 400 μ.<br />
• Μέσα Μαζικής Μεταφοράς: περίπου 100 μ.<br />
• Σύνδεση Τραμ, Κασομούλη / Συγγρού: περίπου 300 μ.<br />
• Πάντειο Πανεπιστήμιο: περίπου 200 μ.<br />
• Πλατεία Κουντουριώτου / παιδική χαρά: περίπου 200 μ.<br />
• 33ο Λύκειο Αθηνών: περίπου 250 μ.<br />
• Τράπεζες: περίπου 250 μ.<br />
• Σούπερ Μάρκετ: περίπου 400 μ.<br />
• Τοπική αγορά: περίπου 300 μ.<br />
• Στέγη Ιδρύματος Ωνάση / περιοχή Odeon Starcity: περίπου 500 μ.<br />
Επιτρέπονται κατοικίδια.<br />
Τιμή: €1.000<br />
RE/MAX Abacus Properties 1<br />
Τηλέφωνο επικοινωνίας: +30 216 070 5066<br />
Email: info@remax-abacus.gr",,,"0","1","6",,,,,,,,,"0","0","2026-06-18","10","4","0","no","no","0","Αθήνα - Κέντρο (Αττική)","Κουκάκι - Μακρυγιάννη (Αθήνα - Κέντρο)","1","105103","100","6011",,"Double","4","9","0","0","1","1220151334","https://m2.spitogatos.gr/357759235_1600x1200.jpg?v=20130730","https://m3.spitogatos.gr/357759239_1600x1200.jpg?v=20130730","https://m1.spitogatos.gr/357759243_1600x1200.jpg?v=20130730","https://m3.spitogatos.gr/357759248_1600x1200.jpg?v=20130730","https://m1.spitogatos.gr/357759252_1600x1200.jpg?v=20130730","https://m2.spitogatos.gr/357759256_1600x1200.jpg?v=20130730","https://m1.spitogatos.gr/357759261_1600x1200.jpg?v=20130730","https://m3.spitogatos.gr/357759269_1600x1200.jpg?v=20130730","https://m2.spitogatos.gr/357759274_1600x1200.jpg?v=20130730","https://m1.spitogatos.gr/357759279_1600x1200.jpg?v=20130730","https://m2.spitogatos.gr/357759283_1600x1200.jpg?v=20130730","https://m1.spitogatos.gr/357759288_1600x1200.jpg?v=20130730","https://m2.spitogatos.gr/357759295_1600x1200.jpg?v=20130730","https://m3.spitogatos.gr/357759302_1600x1200.jpg?v=20130730","https://m3.spitogatos.gr/357759308_1600x1200.jpg?v=20130730","https://m1.spitogatos.gr/357759318_1600x1200.jpg?v=20130730","https://m2.spitogatos.gr/357759328_1600x1200.jpg?v=20130730","https://m2.spitogatos.gr/357759334_1600x1200.jpg?v=20130730","https://m2.spitogatos.gr/357759346_1600x1200.jpg?v=20130730","https://m1.spitogatos.gr/357759354_1600x1200.jpg?v=20130730","https://m1.spitogatos.gr/357759363_1600x1200.jpg?v=20130730","https://m1.spitogatos.gr/357759372_1600x1200.jpg?v=20130730","https://m3.spitogatos.gr/357759380_1600x1200.jpg?v=20130730","https://m2.spitogatos.gr/357759388_1600x1200.jpg?v=20130730","https://m2.spitogatos.gr/357759397_1600x1200.jpg?v=20130730","0","0","2","1","37.960915","1","1","23.719999",,"0","0","0","2026-07-28","0","0",,"0",,"1","1",,"4","0","1","0","1","0","0","0","1000",,,"0","0","0","0","12.5",,,"1","3","6","1","1","2026","0",,"2","0","1",,"0","80","0",,"0","1","0","2026-06-18","https://www.spitogatos.gr/en/property/1220151334","https://vtours.pepita.io/spitogatos/f87fb437-3c6c-47a3-adc6-20c553caeea1","1","0","1975","YFRWyUmsG94","residential"
"1","3",,"up","1",,,,,,,,"0","2026-09-01","0",,,"0",,,,"house",,"0","18062217",,"Το διαμέρισμα βρίσκεται στην οδό Βεΐκου, στην καρδιά του Κουκακίου — της γειτονιάς που φιγουράρει σταθερά στις λίστες με τις «πιο cool της Αθήνας», κι όμως παραμένει η Αθήνα όπου ζουν πραγματικά οι Αθηναίοι. Δύο λεπτά από την πόρτα, ο πεζόδρομος της Γεωργάκη Ολυμπίου γεμίζει τραπεζάκια από το πρωί μέχρι αργά μετά τα μεσάνυχτα: freddo espresso στο Laluk το πρωί, φρέσκα καλαμαράκια και τσίπουρο στου Λώλου όταν βραδιάζει. Λίγο πιο κάτω, το Omsom σερβίρει specialty καφέ την ημέρα και κοκτέιλ το βράδυ.<br />
Εδώ η ιστορία βρίσκεται σε απόσταση περιπάτου. Το Μουσείο της Ακρόπολης απέχει δέκα λεπτά με τα πόδια και ο Παρθενώνας λίγα λεπτά παραπάνω, ενώ τα πευκόφυτα μονοπάτια του Φιλοπάππου — με την ωραιότερη δωρεάν θέα ηλιοβασιλέματος στην Ακρόπολη — ξεκινούν μόλις πέντε λεπτά από το σπίτι. Και στη γωνία, το παλιό εργοστάσιο Φιξ στεγάζει σήμερα το Εθνικό Μουσείο Σύγχρονης Τέχνης (ΕΜΣΤ).<br />
Οι μετακινήσεις είναι εξίσου απλές. Το μετρό Συγγρού–Φιξ απέχει πέντε λεπτά περπάτημα και μόλις δύο στάσεις από το Σύνταγμα, το τραμ για την παραλιακή ξεκινά από το ίδιο σημείο, ενώ μία εύκολη αλλαγή σας βγάζει στη γραμμή του αεροδρομίου. Κι ανάμεσα σε όλα αυτά, φούρνοι, μίνι μάρκετ και φαρμακεία σε κάθε γωνιά.<br />
Κέντρο της Αθήνας, χωρίς τα πλήθη. Μια αληθινή γειτονιά — όχι καρτ ποστάλ.",,,,"1","7","4660383","no","morning","michail.xynos@hotmail.com","18062217","Μιχαήλ","Ξυνός","+306934358688",,,"2026-07-13","8",,,"yes",,,"Αθήνα - Κέντρο (Αττική)","Κουκάκι - Μακρυγιάννη (Αθήνα - Κέντρο)","1","105103","100","6011","6131",,"2","1",,"0","1","1220369830","https://m3.spitogatos.gr/361505171_1600x1200.jpg?v=20130730","https://m1.spitogatos.gr/361505175_1600x1200.jpg?v=20130730","https://m2.spitogatos.gr/361505182_1600x1200.jpg?v=20130730","https://m1.spitogatos.gr/361505187_1600x1200.jpg?v=20130730","https://m1.spitogatos.gr/361505208_1600x1200.jpg?v=20130730","https://m1.spitogatos.gr/361505214_1600x1200.jpg?v=20130730","https://m3.spitogatos.gr/361505234_1600x1200.jpg?v=20130730","https://m2.spitogatos.gr/361505242_1600x1200.jpg?v=20130730","https://m2.spitogatos.gr/361505248_1600x1200.jpg?v=20130730","https://m3.spitogatos.gr/361505252_1600x1200.jpg?v=20130730","https://m1.spitogatos.gr/361505259_1600x1200.jpg?v=20130730","https://m1.spitogatos.gr/361505262_1600x1200.jpg?v=20130730","https://m3.spitogatos.gr/361505279_1600x1200.jpg?v=20130730","https://m1.spitogatos.gr/361505292_1600x1200.jpg?v=20130730",,,,,,,,,,,,,,,"1","37.963619","1","1","23.721809",,"1",,,"2026-07-13","0",,,,"yes","0","1",,,,"0",,,,,,"950",,,"0","0","0","0","18.27",,,"4",,,"1","1",,,,"2",,"1",,"1","52",,"Βεΐκου, 101 117 41 Αθήνα","1","1",,"2026-07-13","https://www.spitogatos.gr/en/property/1220369830",,,,"1968",,
"1","1",,"simple","1",,,,,"0","0","0","0","2026-07-30","0","0","1","0","0",,,"house",,,,"1","Νιώσε σαν στο σπίτι σου, όπου και αν επιλέξεις να μείνεις με την Blueground. Θα λατρέψεις αυτό το σύγχρονα επιπλωμένο διαμέρισμα δύο υπνοδωματίων, για τη διακόσμησή του, την πλήρως εξοπλισμένη κουζίνα και το υπέροχο καθιστικό του. Βρίσκεται σε ιδανική τοποθεσία, κοντά σε όλα όσα έχει να σου προσφέρει η Αθήνα!<br><br />
<br />
Η διαφημιζόμενη τιμή των €900/μήνα είναι η τιμή για 1 έτος, με ημερομηνία έναρξης Ιουλίου 29, 2026. Η χαμηλότερη διαθέσιμη τιμή είναι €760/μήνα για μίσθωση 1 μήνα(μηνών) και 13 ημέρας(ημερών) με ημερομηνία έναρξης Ιουλίου 29, 2026.<br />
<br>Οι τιμές διαφέρουν ανάλογα με τη διάρκεια παραμονής, την εποχικότητα και άλλους παράγοντες. Επισκεφθείτε τον ιστότοπό μας και εισάγετε τις ημερομηνίες διαμονής σας για να δείτε ενημερωμένες τιμές για την κράτησή σας. Η τιμή ισχύει μόνο με προκαταβολή· ενδέχεται να είναι υψηλότερη εάν πληρωθεί σε δόσεις.<br />
<br />
<b>Κλείστε αυτό το διαμέρισμα online!</b><br />
<br />
https://www.theblueground.com/p/furnished-apartments/ath-1679?utm_source=classified-4<br />
<br />
Aναβαθμίστε τη διαμονή σας με ένα πλήρως επιπλωμένο διαμέρισμα από τη Blueground:<br />
      – Επιπλωμένα σπίτια σε τιμές αντίστοιχες με τα ανεπίπλωτα<br />
      – Χωρίς κόστη εγκατάστασης ή αγοράς επίπλων - εξοικονομήστε χρόνο και χρήματα<br />
      – Έτοιμα για άμεση μετακόμιση - το μόνο που χρειάζεστε είναι η βαλίτσα σας<br />
<br />
<b>Ο χώρος</b><br><br />
Νιώσε σαν στο σπίτι σου σε αυτό το επιπλωμένο διαμέρισμα της Blueground με το μοναδικό design, τα μοντέρνα έπιπλα και την πλήρως εξοπλισμένη κουζίνα.<br />
Δες τις αγαπημένες σου ταινίες στη smart TV ή άκουσε δυνατά μουσική στα ασύρματα ηχεία τελευταίας τεχνολογίας. Ό,τι και να αποφασίσεις να κάνεις το μόνο σίγουρο είναι πως θα αγαπήσεις όλα όσα σου προσφέρει αυτό το κομψό διαμέρισμα.<br />
<br />
<b>Διαρρύθμιση δωματίων ύπνου</b><br />
    <br />
        Υπέρδιπλο κρεβάτι: 160 εκ.<br />
<br />
        Διπλό κρεβάτι: 140 εκ.<br />
<br />
<b>Παροχές κτιρίου</b><br />
<br />
      Ασανσέρ<br />
      Πλυντήριο<br />
      Επιτρέπονται κατοικίδια<br />
<br />
<br />
<b>Άφιξη και συνεχής υποστήριξη πελατών</b><br><br />
Κατά τη διάρκεια της διαμονής σου, η ομάδα μας θα είναι διαθέσιμη για να σε βοηθήσει με οτιδήποτε χρειαστείς. Μέσω της ειδικής mobile εφαρμογής της Blueground έχεις συνεχή υποστήριξη, ενώ μπορείς ακόμη να προγραμματίσεις υπηρεσίες καθαρισμού, συντήρησης ή επισκευής, με το πάτημα ενός κουμπιού.",,"1",,"1","6",,,,,,,,,"0","0","2026-03-13","6",,"0","yes","no","0","Αθήνα - Κέντρο (Αττική)","Κουκάκι - Μακρυγιάννη (Αθήνα - Κέντρο)","1","105103","100","6011","2021",,"1","2","0","0","1","1219536334","https://m1.spitogatos.gr/359910900_1600x1200.jpg?v=20130730","https://m1.spitogatos.gr/359910915_1600x1200.jpg?v=20130730","https://m3.spitogatos.gr/359910926_1600x1200.jpg?v=20130730","https://m2.spitogatos.gr/359910940_1600x1200.jpg?v=20130730","https://m1.spitogatos.gr/359910954_1600x1200.jpg?v=20130730","https://m1.spitogatos.gr/359910969_1600x1200.jpg?v=20130730","https://m1.spitogatos.gr/359910990_1600x1200.jpg?v=20130730","https://m3.spitogatos.gr/359911004_1600x1200.jpg?v=20130730","https://m1.spitogatos.gr/359911020_1600x1200.jpg?v=20130730","https://m1.spitogatos.gr/359911035_1600x1200.jpg?v=20130730","https://m3.spitogatos.gr/359911055_1600x1200.jpg?v=20130730","https://m2.spitogatos.gr/359911075_1600x1200.jpg?v=20130730","https://m3.spitogatos.gr/359911091_1600x1200.jpg?v=20130730","https://m1.spitogatos.gr/359911104_1600x1200.jpg?v=20130730","https://m1.spitogatos.gr/359911122_1600x1200.jpg?v=20130730","https://m1.spitogatos.gr/359911143_1600x1200.jpg?v=20130730","https://m2.spitogatos.gr/359911162_1600x1200.jpg?v=20130730","https://m2.spitogatos.gr/359911180_1600x1200.jpg?v=20130730","https://m1.spitogatos.gr/359911197_1600x1200.jpg?v=20130730","https://m1.spitogatos.gr/359911212_1600x1200.jpg?v=20130730","https://m1.spitogatos.gr/359911230_1600x1200.jpg?v=20130730","https://m3.spitogatos.gr/359911247_1600x1200.jpg?v=20130730","https://m2.spitogatos.gr/359911261_1600x1200.jpg?v=20130730","https://m2.spitogatos.gr/359911276_1600x1200.jpg?v=20130730","https://m1.spitogatos.gr/359911293_1600x1200.jpg?v=20130730","0","0",,"0","37.966648","1","0","23.727558",,"0",,,"2026-07-28","0","0",,"0",,"0","1",,,"1","0","0","1","0","0","0","900",,,"0","0","0","0","13.85",,,"1","3","6","1","1",,,,"2","0","1",,,"65","0","Veikou 23","1","1","0","2026-03-12","https://www.spitogatos.gr/en/property/1219536334","https://nodalview.com/s/1PAwBUNbn4Nh7p0I5PNQ92","0",,"1971",,
"1","2",,"up","1",,,,,,,,"0","2026-07-27","0",,,"0",,,,"house",,"5","18201821",,"ΕΝΟΙΚΙΑΖΕΤΑΙ<br />
<br />
Πλήρως επιπλωμένο διαμέρισμα<br />
<br />
📍 Σε κεντρικό σημείο<br />
<br />
🚇 300 μέτρα από τον σταθμό Μετρό Συγγρού–Φιξ<br />
🏛️ 800 μέτρα από το Μουσείο Ακρόπολης<br />
🎨 200 μέτρα από το Εθνικό Μουσείο Σύγχρονης Τέχνης (ΕΜΣΤ)<br />
🍽️ Δίπλα σε εστιατόρια, μπαρ και καφέ<br />
<br />
ΟΧΙ ΜΕΣΙΤΕΣ",,,,"1","1","9530360","no","all","xarisnitsios@gmail.com","18201821","Χαράλαμπος","Νίτσιος","6948881307",,,"2026-07-27","7",,,"yes",,,"Αθήνα - Κέντρο (Αττική)","Κουκάκι - Μακρυγιάννη (Αθήνα - Κέντρο)","1","105103","100","6011","6131",,"1","4",,"1","1","1220497037","https://m1.spitogatos.gr/363389961_1600x1200.jpg?v=20130730","https://m3.spitogatos.gr/363389963_1600x1200.jpg?v=20130730","https://m2.spitogatos.gr/363389965_1600x1200.jpg?v=20130730","https://m1.spitogatos.gr/363389970_1600x1200.jpg?v=20130730","https://m2.spitogatos.gr/363389971_1600x1200.jpg?v=20130730","https://m1.spitogatos.gr/363389973_1600x1200.jpg?v=20130730","https://m1.spitogatos.gr/363389976_1600x1200.jpg?v=20130730","https://m3.spitogatos.gr/363389978_1600x1200.jpg?v=20130730","https://m1.spitogatos.gr/363389982_1600x1200.jpg?v=20130730","https://m3.spitogatos.gr/363389984_1600x1200.jpg?v=20130730","https://m2.spitogatos.gr/363389989_1600x1200.jpg?v=20130730","https://m3.spitogatos.gr/363389993_1600x1200.jpg?v=20130730","https://m3.spitogatos.gr/363389996_1600x1200.jpg?v=20130730","https://m2.spitogatos.gr/363390004_1600x1200.jpg?v=20130730","https://m1.spitogatos.gr/363390009_1600x1200.jpg?v=20130730","https://m1.spitogatos.gr/363390015_1600x1200.jpg?v=20130730","https://m1.spitogatos.gr/363390018_1600x1200.jpg?v=20130730","https://m3.spitogatos.gr/363390023_1600x1200.jpg?v=20130730","https://m1.spitogatos.gr/363390030_1600x1200.jpg?v=20130730","https://m2.spitogatos.gr/363390037_1600x1200.jpg?v=20130730","https://m1.spitogatos.gr/363390042_1600x1200.jpg?v=20130730","https://m3.spitogatos.gr/363390050_1600x1200.jpg?v=20130730","https://m1.spitogatos.gr/363390054_1600x1200.jpg?v=20130730","https://m3.spitogatos.gr/363390059_1600x1200.jpg?v=20130730","https://m1.spitogatos.gr/363390063_1600x1200.jpg?v=20130730",,,,"1","37.963718","1","1","23.72333","70",,,,"2026-07-27","0",,,"1","yes","1","1",,"8",,"0",,,,,,"1200",,,"0","0","0","0","17.14",,,"4",,,"1","1",,,,"1",,"1",,"1","70",,"Ζίννη Αναστασίου, 26 117 41 Αθήνα","1","1",,"2026-07-27","https://www.spitogatos.gr/en/property/1220497037",,,,"1980","DyYUKz7Z92Y","residential"
"1","4",,"simple","1",,,,,"0","0","0","0","2026-08-13","0","0","1","0","0",,,"house",,,,"1","Νιώσε σαν στο σπίτι σου, όπου και αν επιλέξεις να μείνεις με την Blueground. Θα λατρέψεις αυτό το μοντέρνα επιπλωμένο διαμέρισμα ενός υπνοδωματίου, για τη διακόσμησή του, την πλήρως εξοπλισμένη κουζίνα και το υπέροχο καθιστικό του. Βρίσκεται σε ιδανική τοποθεσία, κοντά σε όλα όσα έχει να σου προσφέρει η Αθήνα!<br><br />
<br />
Η διαφημιζόμενη τιμή των €820/μήνα είναι η τιμή για 1 έτος, με ημερομηνία έναρξης Αυγούστου 12, 2026.<br />
<br>Οι τιμές διαφέρουν ανάλογα με τη διάρκεια παραμονής, την εποχικότητα και άλλους παράγοντες. Επισκεφθείτε τον ιστότοπό μας και εισάγετε τις ημερομηνίες διαμονής σας για να δείτε ενημερωμένες τιμές για την κράτησή σας. Η τιμή ισχύει μόνο με προκαταβολή· ενδέχεται να είναι υψηλότερη εάν πληρωθεί σε δόσεις.<br />
<br />
<b>Κλείστε αυτό το διαμέρισμα online!</b><br />
<br />
https://www.theblueground.com/p/furnished-apartments/ath-1593?utm_source=classified-4<br />
<br />
Aναβαθμίστε τη διαμονή σας με ένα πλήρως επιπλωμένο διαμέρισμα από τη Blueground:<br />
      – Επιπλωμένα σπίτια σε τιμές αντίστοιχες με τα ανεπίπλωτα<br />
      – Χωρίς κόστη εγκατάστασης ή αγοράς επίπλων - εξοικονομήστε χρόνο και χρήματα<br />
      – Έτοιμα για άμεση μετακόμιση - το μόνο που χρειάζεστε είναι η βαλίτσα σας<br />
<br />
<b>Ο χώρος</b><br><br />
Σε αυτό το κομψό Blueground διαμέρισμα ενός υπνοδωματίου, θα βρεις ένα χώρο προσεκτικά σχεδιασμένο και πλήρως εξοπλισμένο με έπιπλα μοναδικού design και ηλεκτρικές συσκευές τελευταίας τεχνολογίας.<br />
Νιώσε όμορφα και χαλαρά στο νέο σου σπίτι κάθε στιγμή. Και όταν θα θες να διασκεδάσεις, μπορείς να βγεις και να αφεθείς στον παλμό της Αθήνας ή να φέρεις τη διασκέδαση σπίτι, με τα ασύρματα ηχεία ή τη smart TV.<br />
<br />
<b>Διαρρύθμιση δωματίων ύπνου</b><br />
    <br />
        Υπέρδιπλο κρεβάτι: 160 εκ.<br />
<br />
<b>Παροχές κτιρίου</b><br />
<br />
      Ασανσέρ<br />
      Πλυντήριο<br />
<br />
<br />
<b>Άφιξη και συνεχής υποστήριξη πελατών</b><br><br />
Κατά τη διάρκεια της διαμονής σου, η ομάδα μας θα είναι διαθέσιμη για να σε βοηθήσει με οτιδήποτε χρειαστείς. Μέσω της ειδικής mobile εφαρμογής της Blueground έχεις συνεχή υποστήριξη, ενώ μπορείς ακόμη να προγραμματίσεις υπηρεσίες καθαρισμού, συντήρησης ή επισκευής, με το πάτημα ενός κουμπιού.",,"1",,"1","6",,,,,,,,,"0","0","2026-05-23","9",,"0","yes","no","0","Αθήνα - Κέντρο (Αττική)","Κουκάκι - Μακρυγιάννη (Αθήνα - Κέντρο)","1","105103","100","6011",,,"1","2","0","0","1","1219935382","https://m1.spitogatos.gr/359910366_1600x1200.jpg?v=20130730","https://m1.spitogatos.gr/359910378_1600x1200.jpg?v=20130730","https://m2.spitogatos.gr/359910382_1600x1200.jpg?v=20130730","https://m3.spitogatos.gr/359910389_1600x1200.jpg?v=20130730","https://m2.spitogatos.gr/359910400_1600x1200.jpg?v=20130730","https://m3.spitogatos.gr/359910407_1600x1200.jpg?v=20130730","https://m1.spitogatos.gr/359910414_1600x1200.jpg?v=20130730","https://m3.spitogatos.gr/359910419_1600x1200.jpg?v=20130730","https://m3.spitogatos.gr/359910425_1600x1200.jpg?v=20130730","https://m2.spitogatos.gr/359910430_1600x1200.jpg?v=20130730","https://m3.spitogatos.gr/359910434_1600x1200.jpg?v=20130730","https://m1.spitogatos.gr/359910438_1600x1200.jpg?v=20130730","https://m2.spitogatos.gr/359910442_1600x1200.jpg?v=20130730","https://m2.spitogatos.gr/359910448_1600x1200.jpg?v=20130730","https://m1.spitogatos.gr/359910453_1600x1200.jpg?v=20130730","https://m3.spitogatos.gr/359910461_1600x1200.jpg?v=20130730","https://m2.spitogatos.gr/359910472_1600x1200.jpg?v=20130730","https://m1.spitogatos.gr/359910480_1600x1200.jpg?v=20130730","https://m3.spitogatos.gr/359910488_1600x1200.jpg?v=20130730","https://m1.spitogatos.gr/359910495_1600x1200.jpg?v=20130730","https://m2.spitogatos.gr/359910502_1600x1200.jpg?v=20130730","https://m2.spitogatos.gr/359910511_1600x1200.jpg?v=20130730","https://m1.spitogatos.gr/359910525_1600x1200.jpg?v=20130730","https://m3.spitogatos.gr/359910533_1600x1200.jpg?v=20130730","https://m1.spitogatos.gr/359910540_1600x1200.jpg?v=20130730","0","0",,"0","37.964649","1","0","23.724489",,"0",,,"2026-07-28","0","0",,"0",,"0","1",,,"1","0","0",,"0","0","0","820",,,"0","0","0","0","18.22",,,"1","3","6","1","1",,,,"1","0","1",,,"45","0","Dimitrakopoulou 66","1","1","0","2026-05-23","https://www.spitogatos.gr/en/property/1219935382","https://nodalview.com/s/0JKxtXb0jBbA8nNpElxCV1","0",,"1970",,
"1","3",,"simple","1",,,,,"0","0","0","0","2026-08-24","0","0","1","0","0",,,"house",,,,"1","Ξεκίνα να ζεις από την πρώτη μέρα, σε αυτό το μοντέρνα επιπλωμένο διαμέρισμα ενός υπνοδωματίου της Blueground στο κέντρο της Αθήνας. Πλήρως εξοπλισμένο με έπιπλα μοναδικού design, ηλεκτρικές συσκευές τελευταίας τεχνολογίας.<br><br />
<br />
Η διαφημιζόμενη τιμή των €860/μήνα είναι η τιμή για 1 έτος, με ημερομηνία έναρξης Αυγούστου 23, 2026.<br />
<br>Οι τιμές διαφέρουν ανάλογα με τη διάρκεια παραμονής, την εποχικότητα και άλλους παράγοντες. Επισκεφθείτε τον ιστότοπό μας και εισάγετε τις ημερομηνίες διαμονής σας για να δείτε ενημερωμένες τιμές για την κράτησή σας. Η τιμή ισχύει μόνο με προκαταβολή· ενδέχεται να είναι υψηλότερη εάν πληρωθεί σε δόσεις.<br />
<br />
<b>Κλείστε αυτό το διαμέρισμα online!</b><br />
<br />
https://www.theblueground.com/p/furnished-apartments/ath-2016?utm_source=classified-4<br />
<br />
Aναβαθμίστε τη διαμονή σας με ένα πλήρως επιπλωμένο διαμέρισμα από τη Blueground:<br />
      – Επιπλωμένα σπίτια σε τιμές αντίστοιχες με τα ανεπίπλωτα<br />
      – Χωρίς κόστη εγκατάστασης ή αγοράς επίπλων - εξοικονομήστε χρόνο και χρήματα<br />
      – Έτοιμα για άμεση μετακόμιση - το μόνο που χρειάζεστε είναι η βαλίτσα σας<br />
<br />
<b>Ο χώρος</b><br><br />
Σε αυτό το εκλεπτυσμένο Blueground διαμέρισμα ενός υπνοδωματίου, θα βρεις ένα χώρο προσεκτικά σχεδιασμένο και πλήρως εξοπλισμένο με έπιπλα μοναδικού design και ηλεκτρικές συσκευές τελευταίας τεχνολογίας.<br />
Νιώσε όμορφα και χαλαρά στο νέο σου σπίτι κάθε στιγμή. Και όταν θα θες να διασκεδάσεις, μπορείς να βγεις και να αφεθείς στον παλμό της Αθήνας ή να φέρεις τη διασκέδαση σπίτι, με τα ασύρματα ηχεία ή τη smart TV.<br />
<br />
<b>Διαρρύθμιση δωματίων ύπνου</b><br />
    <br />
        Υπέρδιπλο κρεβάτι: 160 εκ.<br />
<br />
<b>Παροχές κτιρίου</b><br />
<br />
      Ασανσέρ<br />
      Πλυντήριο<br />
      Επιτρέπονται κατοικίδια<br />
<br />
<br />
<b>Άφιξη και συνεχής υποστήριξη πελατών</b><br><br />
Κατά τη διάρκεια της διαμονής σου, η ομάδα μας θα είναι διαθέσιμη για να σε βοηθήσει με οτιδήποτε χρειαστείς. Μέσω της ειδικής mobile εφαρμογής της Blueground έχεις συνεχή υποστήριξη, ενώ μπορείς ακόμη να προγραμματίσεις υπηρεσίες καθαρισμού, συντήρησης ή επισκευής, με το πάτημα ενός κουμπιού.",,"1",,"1","7",,,,,,,,,"0","0","2026-07-21","8",,"0","yes","no","0","Αθήνα - Κέντρο (Αττική)","Κουκάκι - Μακρυγιάννη (Αθήνα - Κέντρο)","1","105103","100","6011",,,"1","2","0","0","1","1220430790","https://m3.spitogatos.gr/362546672_1600x1200.jpg?v=20130730","https://m3.spitogatos.gr/362546675_1600x1200.jpg?v=20130730","https://m3.spitogatos.gr/362546681_1600x1200.jpg?v=20130730","https://m2.spitogatos.gr/362546686_1600x1200.jpg?v=20130730","https://m2.spitogatos.gr/362546689_1600x1200.jpg?v=20130730","https://m1.spitogatos.gr/362546694_1600x1200.jpg?v=20130730","https://m3.spitogatos.gr/362546699_1600x1200.jpg?v=20130730","https://m3.spitogatos.gr/362546705_1600x1200.jpg?v=20130730","https://m1.spitogatos.gr/362546712_1600x1200.jpg?v=20130730","https://m3.spitogatos.gr/362546723_1600x1200.jpg?v=20130730","https://m2.spitogatos.gr/362546731_1600x1200.jpg?v=20130730","https://m2.spitogatos.gr/362546740_1600x1200.jpg?v=20130730","https://m2.spitogatos.gr/362546746_1600x1200.jpg?v=20130730","https://m2.spitogatos.gr/362546752_1600x1200.jpg?v=20130730","https://m2.spitogatos.gr/362546755_1600x1200.jpg?v=20130730","https://m2.spitogatos.gr/362546758_1600x1200.jpg?v=20130730","https://m1.spitogatos.gr/362546760_1600x1200.jpg?v=20130730","https://m3.spitogatos.gr/362546762_1600x1200.jpg?v=20130730","https://m3.spitogatos.gr/362546765_1600x1200.jpg?v=20130730","https://m3.spitogatos.gr/362546771_1600x1200.jpg?v=20130730","https://m3.spitogatos.gr/362546777_1600x1200.jpg?v=20130730","https://m2.spitogatos.gr/362546785_1600x1200.jpg?v=20130730",,,,"0","0",,"0","37.964493","1","0","23.722338",,"0",,,"2026-07-28","0","0",,"0",,"0","1",,,"1","0","1","1","0","0","0","860",,,"0","0","0","0","15.64",,,"1","3","6","1","0",,,,"1","0","1",,,"55","0","Anastasiou Zinni 12","1","1","0","2026-07-21","https://www.spitogatos.gr/en/property/1220430790","https://nodalview.com/s/3nqEL8wMP17h8pMAA1K5Tq","0",,"1972",,
"1","1",,"simple","1",,,,,"0","0","0","0","2026-07-30","0","0","1","0","0",,,"house",,,,"1","Ανακάλυψε τα καλύτερα σημεία της Αθήνας , με αυτό το ελκυστικό διαμέρισμα δύο υπνοδωματίων της Blueground. Προσφέρει μια πλήρως εξοπλισμένη κουζίνα, ένα υπέροχο καθιστικό. Επίσης, καθ’όλη τη διάρκεια της διαμονής σου θα έχεις τη δυνατότητα να επικοινωνήσεις εύκολα και άμεσα με την ομάδα υποστήριξης πελατών και να βρεις χρήσιμες πληροφορίες τόσο για το διαμέρισμά σου όσο και για τη γειτονιά μέσω της ειδικής mobile εφαρμογής.<br><br />
<br />
Η διαφημιζόμενη τιμή των €1,120/μήνα είναι η τιμή για 1 έτος, με ημερομηνία έναρξης Ιουλίου 29, 2026. Η χαμηλότερη διαθέσιμη τιμή είναι €850/μήνα για μίσθωση 1 μήνα(μηνών) και 19 ημέρας(ημερών) με ημερομηνία έναρξης Ιουλίου 29, 2026.<br />
<br>Οι τιμές διαφέρουν ανάλογα με τη διάρκεια παραμονής, την εποχικότητα και άλλους παράγοντες. Επισκεφθείτε τον ιστότοπό μας και εισάγετε τις ημερομηνίες διαμονής σας για να δείτε ενημερωμένες τιμές για την κράτησή σας. Η τιμή ισχύει μόνο με προκαταβολή· ενδέχεται να είναι υψηλότερη εάν πληρωθεί σε δόσεις.<br />
<br />
<b>Κλείστε αυτό το διαμέρισμα online!</b><br />
<br />
https://www.theblueground.com/p/furnished-apartments/ath-1782?utm_source=classified-4<br />
<br />
Aναβαθμίστε τη διαμονή σας με ένα πλήρως επιπλωμένο διαμέρισμα από τη Blueground:<br />
      – Επιπλωμένα σπίτια σε τιμές αντίστοιχες με τα ανεπίπλωτα<br />
      – Χωρίς κόστη εγκατάστασης ή αγοράς επίπλων - εξοικονομήστε χρόνο και χρήματα<br />
      – Έτοιμα για άμεση μετακόμιση - το μόνο που χρειάζεστε είναι η βαλίτσα σας<br />
<br />
<b>Ο χώρος</b><br><br />
Νιώσε σαν στο σπίτι σου σε αυτό το επιπλωμένο διαμέρισμα της Blueground με το μοναδικό design, τα μοντέρνα έπιπλα και την πλήρως εξοπλισμένη κουζίνα.<br />
Δες τις αγαπημένες σου ταινίες στη smart TV ή άκουσε δυνατά μουσική στα ασύρματα ηχεία τελευταίας τεχνολογίας. Ό,τι και να αποφασίσεις να κάνεις το μόνο σίγουρο είναι πως θα αγαπήσεις όλα όσα σου προσφέρει αυτό το υπέροχο διαμέρισμα.<br />
<br />
<b>Διαρρύθμιση δωματίων ύπνου</b><br />
    <br />
        Υπέρδιπλο κρεβάτι: 160 εκ.<br />
<br />
        Διπλό κρεβάτι: 140 εκ.<br />
<br />
<b>Παροχές κτιρίου</b><br />
<br />
      Ασανσέρ<br />
      Πλυντήριο<br />
      Επιτρέπονται κατοικίδια<br />
<br />
<br />
<b>Άφιξη και συνεχής υποστήριξη πελατών</b><br><br />
Κατά τη διάρκεια της διαμονής σου, η ομάδα μας θα είναι διαθέσιμη για να σε βοηθήσει με οτιδήποτε χρειαστείς. Μέσω της ειδικής mobile εφαρμογής της Blueground έχεις συνεχή υποστήριξη, ενώ μπορείς ακόμη να προγραμματίσεις υπηρεσίες καθαρισμού, συντήρησης ή επισκευής, με το πάτημα ενός κουμπιού.",,"1",,"1","5",,,,,,,,,"0","0","2025-08-29","6",,"0","yes","no","0","Αθήνα - Κέντρο (Αττική)","Κουκάκι - Μακρυγιάννη (Αθήνα - Κέντρο)","1","105103","100","6011",,,"1",,"0","0","1","1218140065","https://m1.spitogatos.gr/359911947_1600x1200.jpg?v=20130730","https://m3.spitogatos.gr/359911964_1600x1200.jpg?v=20130730","https://m3.spitogatos.gr/359911979_1600x1200.jpg?v=20130730","https://m2.spitogatos.gr/359911996_1600x1200.jpg?v=20130730","https://m3.spitogatos.gr/359912006_1600x1200.jpg?v=20130730","https://m3.spitogatos.gr/359912018_1600x1200.jpg?v=20130730","https://m2.spitogatos.gr/359912035_1600x1200.jpg?v=20130730","https://m3.spitogatos.gr/359912048_1600x1200.jpg?v=20130730","https://m1.spitogatos.gr/359912061_1600x1200.jpg?v=20130730","https://m2.spitogatos.gr/359912074_1600x1200.jpg?v=20130730","https://m2.spitogatos.gr/359912089_1600x1200.jpg?v=20130730","https://m3.spitogatos.gr/359912102_1600x1200.jpg?v=20130730","https://m3.spitogatos.gr/359912117_1600x1200.jpg?v=20130730","https://m2.spitogatos.gr/359912128_1600x1200.jpg?v=20130730","https://m3.spitogatos.gr/359912141_1600x1200.jpg?v=20130730","https://m2.spitogatos.gr/359912152_1600x1200.jpg?v=20130730","https://m2.spitogatos.gr/359912164_1600x1200.jpg?v=20130730","https://m2.spitogatos.gr/359912176_1600x1200.jpg?v=20130730","https://m2.spitogatos.gr/359912188_1600x1200.jpg?v=20130730","https://m3.spitogatos.gr/359912201_1600x1200.jpg?v=20130730","https://m1.spitogatos.gr/359912211_1600x1200.jpg?v=20130730","https://m2.spitogatos.gr/359912224_1600x1200.jpg?v=20130730","https://m1.spitogatos.gr/359912235_1600x1200.jpg?v=20130730","https://m2.spitogatos.gr/359912245_1600x1200.jpg?v=20130730","https://m3.spitogatos.gr/359912255_1600x1200.jpg?v=20130730","0","0",,"0","37.962727","1","0","23.721514",,"0",,,"2026-07-28","0","0",,"0",,"0","1",,,"1","0","0","1","0","0","0","1120",,,"0","0","0","0","11.79",,,"1","3",,"1","0",,,,"2","0","1",,,"95","0","Dimitrakopoulou 97","1","1","0","2025-08-28","https://www.spitogatos.gr/en/property/1218140065","https://nodalview.com/s/1ecmX_PgnCTeLKhdEpkJYG","0",,"1972",,
"1","2","no","simple","1",,,,,"1","0","0","0","2026-08-27","0","1","1","0","1","0",,"house","0",,,"1","Η αναγραφόμενη τιμή αφορά μίσθωση 12 μηνών με προπληρωμή, εξαιρουμένων λογαριασμών και κοινοχρήστων.<br />
Κλείστε αυτό το διαμέρισμα τώρα:<br />
https://www.movingdoors.com/listing/furnished-apartments-athens-greece/athens-ath26044<br />
<br />
Καλώς ήρθατε στη Moving Doors! Σ' ένα πλήρως επιπλωμένο, ιδανικό διαμέρισμα 2 υπνοδωματίων στο Κουκάκι, όπου η πολυτέλεια συναντά την άνεση. Στη Moving Doors προσφέρουμε πλήρως εξοπλισμένα διαμερίσματα με μοντέρνο σχεδιασμό, που συνδυάζουν την κομψότητα με τη ζεστή ατμόσφαιρα του σπιτιού. Είτε επισκέπτεστε την Αθήνα για δουλειά, διασκέδαση ή οικογενειακές διακοπές, αυτό το πλήρως επιπλωμένο διαμέρισμα δεν είναι απλώς ένας χώρος διαμονής – είναι το δεύτερο σπίτι σας.<br />
<br />
Τί το κάνει ξεχωριστό:<br />
✔ Ευρύχωρο, πλήρως επιπλωμένο διαμέρισμα 2 υπνοδωματίων στο Κουκάκι, ιδανικό για οικογένειες, παρέες ή επαγγελματίες<br />
✔ Απολαύστε premium ήχο με το ηχοσύστημα Marshall ή απολαύστε τον καφέ σας με τη μηχανή Nespresso<br />
✔ Γρήγορο internet<br />
✔ Ιδανική τοποθεσία, μόλις λίγα λεπτά από τα καλύτερα αξιοθέατα, καφέ και σημεία ενδιαφέροντος<br />
✔ Καθ’ όλη τη διάρκεια της διαμονής σας, μπορείτε να επικοινωνείτε εύκολα με την ομάδα υποστήριξης πελατών<br />
✔ Επαγγελματικές υπηρεσίες καθαριότητας και concierge, στη διάθεσή σας για κάθε σας ανάγκη<br />
<br />
Είτε σχεδιάζετε μια σύντομη είτε μια παρατεταμένη διαμονή, η Moving Doors σας προσφέρει πολυτελή διαμερίσματα στην Αθήνα, που συνδυάζουν στυλ, λειτουργικότητα και άνεση. Με προσοχή στη λεπτομέρεια, σας προσφέρουμε όλα όσα χρειάζεστε για μια ευχάριστη και ξέγνοιαστη διαμονή.",,,"0","1","10",,,,,,,,,"1","0","2026-06-09","7","10","0","yes","no","0","Αθήνα - Κέντρο (Αττική)","Κουκάκι - Μακρυγιάννη (Αθήνα - Κέντρο)","1","105103","100","6011","2028",,"2","2","0","0","1","1220077308","https://m2.spitogatos.gr/360361300_1600x1200.jpg?v=20130730","https://m3.spitogatos.gr/360361301_1600x1200.jpg?v=20130730","https://m2.spitogatos.gr/360361306_1600x1200.jpg?v=20130730","https://m1.spitogatos.gr/360361302_1600x1200.jpg?v=20130730","https://m2.spitogatos.gr/360361303_1600x1200.jpg?v=20130730","https://m3.spitogatos.gr/360361307_1600x1200.jpg?v=20130730","https://m1.spitogatos.gr/360361308_1600x1200.jpg?v=20130730","https://m2.spitogatos.gr/360361309_1600x1200.jpg?v=20130730","https://m3.spitogatos.gr/360361310_1600x1200.jpg?v=20130730","https://m1.spitogatos.gr/360361311_1600x1200.jpg?v=20130730","https://m2.spitogatos.gr/360361312_1600x1200.jpg?v=20130730","https://m3.spitogatos.gr/360361313_1600x1200.jpg?v=20130730","https://m1.spitogatos.gr/360361314_1600x1200.jpg?v=20130730","https://m2.spitogatos.gr/360361315_1600x1200.jpg?v=20130730","https://m3.spitogatos.gr/360361316_1600x1200.jpg?v=20130730","https://m1.spitogatos.gr/360361317_1600x1200.jpg?v=20130730","https://m3.spitogatos.gr/360361304_1600x1200.jpg?v=20130730","https://m2.spitogatos.gr/360361318_1600x1200.jpg?v=20130730","https://m3.spitogatos.gr/360361319_1600x1200.jpg?v=20130730","https://m1.spitogatos.gr/360361320_1600x1200.jpg?v=20130730","https://m3.spitogatos.gr/356767337_1600x1200.jpg?v=20130730",,,,,"0","0","2","1","37.967541","1","1","23.729271",,"1",,"0","2026-07-28","0",,,"0",,"0","1","6","1","1","0","0",,"0","0","0","1390",,,"0","0","0","0","16.95",,,"1","3",,"1","1","2026","0","1","2","0","1",,"0","82",,"Χατζηχρήστου 14, Αθήνα 11742","1","1","0","2026-06-09","https://www.spitogatos.gr/en/property/1220077308","https://tour.giraffe360.com/472f31571505450bac6113bf7544fbbe/?lsf=1","1","0","1975",,"residential"
"1","1",,"simple","1",,,,,"0","1","0","0","2026-11-02","0","0","1","0","0",,,"house",,,,"1","Νιώσε σαν στο σπίτι σου, όπου και αν επιλέξεις να μείνεις με την Blueground. Θα λατρέψεις αυτό το σύγχρονα επιπλωμένο διαμέρισμα δύο υπνοδωματίων, για τη διακόσμησή του, την πλήρως εξοπλισμένη κουζίνα και το εκλεπτυσμένο καθιστικό του. Βρίσκεται σε ιδανική τοποθεσία, κοντά σε όλα όσα έχει να σου προσφέρει ο Φιλοπάππου!<br><br />
<br />
Η διαφημιζόμενη τιμή των €1,180/μήνα είναι η τιμή για 1 έτος, με ημερομηνία έναρξης Νοεμβρίου 1, 2026. Η χαμηλότερη διαθέσιμη τιμή είναι €1,120/μήνα για μίσθωση 7 μήνα(μηνών) και 4 ημέρας(ημερών) με ημερομηνία έναρξης Νοεμβρίου 1, 2026.<br />
<br>Οι τιμές διαφέρουν ανάλογα με τη διάρκεια παραμονής, την εποχικότητα και άλλους παράγοντες. Επισκεφθείτε τον ιστότοπό μας και εισάγετε τις ημερομηνίες διαμονής σας για να δείτε ενημερωμένες τιμές για την κράτησή σας. Η τιμή ισχύει μόνο με προκαταβολή· ενδέχεται να είναι υψηλότερη εάν πληρωθεί σε δόσεις.<br />
<br />
<b>Κλείστε αυτό το διαμέρισμα online!</b><br />
<br />
https://www.theblueground.com/p/furnished-apartments/ath-548?utm_source=classified-4<br />
<br />
Aναβαθμίστε τη διαμονή σας με ένα πλήρως επιπλωμένο διαμέρισμα από τη Blueground:<br />
      – Επιπλωμένα σπίτια σε τιμές αντίστοιχες με τα ανεπίπλωτα<br />
      – Χωρίς κόστη εγκατάστασης ή αγοράς επίπλων - εξοικονομήστε χρόνο και χρήματα<br />
      – Έτοιμα για άμεση μετακόμιση - το μόνο που χρειάζεστε είναι η βαλίτσα σας<br />
<br />
<b>Ο χώρος</b><br><br />
Σε αυτό το κομψό Blueground διαμέρισμα δύο υπνοδωματίων, θα βρεις ένα χώρο προσεκτικά σχεδιασμένο και πλήρως εξοπλισμένο με έπιπλα μοναδικού design και ηλεκτρικές συσκευές τελευταίας τεχνολογίας.<br />
Νιώσε όμορφα και χαλαρά στο νέο σου σπίτι κάθε στιγμή. Και όταν θα θες να διασκεδάσεις, μπορείς να βγεις και να αφεθείς στον παλμό του Φιλοπάππου ή να φέρεις τη διασκέδαση σπίτι, με τα ασύρματα ηχεία ή τη smart TV.<br />
<br />
<b>Διαρρύθμιση δωματίων ύπνου</b><br />
    <br />
        Υπέρδιπλο κρεβάτι: 160 εκ.<br />
<br />
        Υπέρδιπλο κρεβάτι: 160 εκ.<br />
<br />
<b>Παροχές κτιρίου</b><br />
<br />
      Ασανσέρ<br />
      Πλυντήριο<br />
      Θέση στάθμευσης<br />
<br />
<br />
<b>Άφιξη και συνεχής υποστήριξη πελατών</b><br><br />
Κατά τη διάρκεια της διαμονής σου, η ομάδα μας θα είναι διαθέσιμη για να σε βοηθήσει με οτιδήποτε χρειαστείς. Μέσω της ειδικής mobile εφαρμογής της Blueground έχεις συνεχή υποστήριξη, ενώ μπορείς ακόμη να προγραμματίσεις υπηρεσίες καθαρισμού, συντήρησης ή επισκευής, με το πάτημα ενός κουμπιού.",,"1",,"1","7",,,,,,,,,"0","0","2026-07-28","6",,"0","yes","yes","0","Αθήνα - Κέντρο (Αττική)","Κουκάκι - Μακρυγιάννη (Αθήνα - Κέντρο)","1","105103","100","6011","6131",,"1","2","0","0","1","1220508846","https://m3.spitogatos.gr/363579701_1600x1200.jpg?v=20130730","https://m2.spitogatos.gr/363579703_1600x1200.jpg?v=20130730","https://m2.spitogatos.gr/363579706_1600x1200.jpg?v=20130730","https://m2.spitogatos.gr/363579709_1600x1200.jpg?v=20130730","https://m1.spitogatos.gr/363579714_1600x1200.jpg?v=20130730","https://m1.spitogatos.gr/363579717_1600x1200.jpg?v=20130730","https://m1.spitogatos.gr/363579720_1600x1200.jpg?v=20130730","https://m2.spitogatos.gr/363579724_1600x1200.jpg?v=20130730","https://m3.spitogatos.gr/363579728_1600x1200.jpg?v=20130730","https://m2.spitogatos.gr/363579733_1600x1200.jpg?v=20130730","https://m3.spitogatos.gr/363579737_1600x1200.jpg?v=20130730","https://m2.spitogatos.gr/363579742_1600x1200.jpg?v=20130730","https://m2.spitogatos.gr/363579748_1600x1200.jpg?v=20130730","https://m2.spitogatos.gr/363579754_1600x1200.jpg?v=20130730","https://m1.spitogatos.gr/363579759_1600x1200.jpg?v=20130730","https://m3.spitogatos.gr/363579764_1600x1200.jpg?v=20130730","https://m2.spitogatos.gr/363579766_1600x1200.jpg?v=20130730","https://m2.spitogatos.gr/363579775_1600x1200.jpg?v=20130730","https://m1.spitogatos.gr/363579780_1600x1200.jpg?v=20130730","https://m3.spitogatos.gr/363579785_1600x1200.jpg?v=20130730","https://m2.spitogatos.gr/363579790_1600x1200.jpg?v=20130730","https://m1.spitogatos.gr/363579795_1600x1200.jpg?v=20130730","https://m3.spitogatos.gr/363579800_1600x1200.jpg?v=20130730","https://m1.spitogatos.gr/363579804_1600x1200.jpg?v=20130730","https://m2.spitogatos.gr/363579808_1600x1200.jpg?v=20130730","0","0",,"0","37.9641","1","0","23.717955",,"0",,,"2026-07-28","0","0",,"0",,"0","1",,,"1","0","0",,"0","0","0","1180",,,"0","0","0","0","15.73",,,"1","3","6","1","0",,,,"2","0","1",,,"75","1","Diovounioti 43","1","1","0","2026-07-28","https://www.spitogatos.gr/en/property/1220508846",,"0",,"2006","yb85qbhgtYI",
"1","5","no","simple","1",,,,,"1","0","0","0","2026-03-02","0","1","1","25","1",,"false","house",,,,"0","Πλήρες ανακαινισμένο, διαμπερές ρετιρέ στο Κουκάκι, με θέα στην Ακρόπολη, λόφο Φιλοπάππου, και Υμηττό .<br />
Το διαμέρισμα 80m2 με εξώστη διαθέτει χώρο εισόδου, καθιστικό, 2 υπνοδωμάτια με μεγάλες ντουλάπες και λουτρό. Η ανεξάρτητη, κουζίνα διαθέτει νέες, εντοιχισμένες συσκευές (εστία, φούρνος, πλυντήριο πιάτων)<br />
Χαρακτηριστικά του διαμερίσματος :<br />
Νέα ενεργειακά κουφώματα, νέα μόνωση ταράτσας, ηλεκτρικό ρολό, αντλία θερμότητας για θέρμανση και κλιματισμό σε κάθε δωμάτιο, νέες τέντες.<br />
Ενοικίαση, Διαμέρισμα,  Μπάνια: 1,  Εμβαδόν: 80 τ.μ.,  Δωμάτια: 2,  Έτος κατασκευής: 1983,  Κλιματισμός,  Θέα,  Βεράντα,  Ασανσέρ,  Εσωτερική σκάλα,  Ρετιρέ,  Πόρτα ασφαλείας,  Ηλιακός θερμοσίφωνας,  Όροφος: 5ος,  Κατάλληλο για Επαγγ. Χρήση,  Πρόσοψης,  Επιτρέπονται κατοικίδια,  Ανακαινισμένο,  Σίτες,  Τέντα,  Διπλά τζάμια,  Διαμπερές,  Φωτεινό,  Βαμμένο,  Κουζίνες: 1,  Κουφώματα: Αλουμινίου,  Τύπος δαπέδων: Ξύλο,  Επιφάνεια oικοπέδου: 500 τ.μ.,  Θέρμανση: Αυτόνομη θέρμανση,  Μέσο θέρμανσης: Πετρέλαιο,  Πρόσβαση από: Άσφαλτο,  Ζώνη: Οικιστική ζώνη,  Ενεργειακή κλάση: Δ,  Προσανατολισμός: Ανατολικός,  Ρεύμα: Μονοφασικό,  Έτος Ανακαίνισης: 2025,  Εμβαδό Μπαλκονιών: 25,  Απόσταση απο θάλασσα: 10000","10000","1",,"1","6",,,,,,,,,"1","0","2026-02-04","10","2","1","no","no","0","Αθήνα - Κέντρο (Αττική)","Κουκάκι - Μακρυγιάννη (Αθήνα - Κέντρο)","1","105103","100","6011","6131",,"1","4","0","0","1","1219316374","https://m2.spitogatos.gr/346490176_1600x1200.jpg?v=20130730","https://m3.spitogatos.gr/346490177_1600x1200.jpg?v=20130730","https://m1.spitogatos.gr/346490178_1600x1200.jpg?v=20130730","https://m2.spitogatos.gr/346490179_1600x1200.jpg?v=20130730","https://m3.spitogatos.gr/346490180_1600x1200.jpg?v=20130730","https://m1.spitogatos.gr/346490181_1600x1200.jpg?v=20130730","https://m2.spitogatos.gr/346490182_1600x1200.jpg?v=20130730","https://m3.spitogatos.gr/346490183_1600x1200.jpg?v=20130730","https://m1.spitogatos.gr/346490184_1600x1200.jpg?v=20130730","https://m2.spitogatos.gr/346490185_1600x1200.jpg?v=20130730","https://m3.spitogatos.gr/346490186_1600x1200.jpg?v=20130730","https://m1.spitogatos.gr/346490187_1600x1200.jpg?v=20130730","https://m2.spitogatos.gr/346490188_1600x1200.jpg?v=20130730","https://m3.spitogatos.gr/346490189_1600x1200.jpg?v=20130730","https://m1.spitogatos.gr/346490190_1600x1200.jpg?v=20130730","https://m2.spitogatos.gr/346490191_1600x1200.jpg?v=20130730",,,,,,,,,,"1","0","2","1","37.961708","1","1","23.719479",,"0",,,"2026-03-02","0","0",,"0",,"0","1",,"1","1","1","1","1","0","0","0","1150",,,"0","0","0","0","14.38",,,"1","3","6","1","1","2025","0","1","2","0","1",,"1","80","0","Δημητρακοπούλου 130, Αθήνα 117 41, Ελλάδα","0","1","0","2026-02-04","https://www.spitogatos.gr/en/property/1219316374",,"1",,"1983",,"residential"
"0","1","no","simple","1",,,,,"0","0","0","0","2026-07-22","0","1","0","15","1","0","false","house","0","0",,"1","Κωδικός Ακινήτου: #12633. Κουκάκι - Μακρυγιάννη, Φιξ: Ενοικιάζεται μερικώς ανακαινισμένο γωνιακό Διαμέρισμα 101τ.μ. στον 1ο όροφο με ασανσέρ με κεντρική θέρμανση φυσικού αερίου. Αποτελείται από 2 υπνοδωμάτια, 1 κουζίνα, 1 σαλόνι, και μπάνιο. Είναι κατασκευασμένο το 1975, βαμμένο, κοντά σε ΜΕΣΑ ΜΑΖΙΚΗΣ ΜΕΤΑΦΟΡΑΣ και διαθέτει  δάπεδα από πλακάκι & ξύλο, τέντες.. Επιπλέον χαρακτηριστικά: ΘΥΡΟΤΗΛΕΟΡΑΣΗ, ΠΑΤΑΡΙ ΑΠΟΘΗΚΕΥΣΗΣ .<br><br />
Τιμή 900€ | Κωδικός Ακινήτου: #12633<br><br />
 <br><br />
ΚΑΤΑ ΤΗΝ ΥΠΟΔΕΙΞΗ ΤΟΥ ΑΚΙΝΗΤΟΥ ΑΠΑΙΤΕΙΤΑΙ ΝΑ ΓΙΝΕΤΑΙ ΕΠΙΔΕΙΞΗ ΤΗΣ ΑΣΤΥΝΟΜΙΚΗΣ ΣΑΣ ΤΑΥΤΟΤΗΤΑΣ ΣΥΜΦΩΝΑ ΜΕ ΤΟΝ Ν.4072/11-04-2012 Φ.Ε.Κ 86Α<br /><br />ΤΑ ΣΤΟΙΧΕΙΑ ΤΩΝ ΑΚΙΝΗΤΩΝ ΕΙΝΑΙ ΚΑΤΑ ΔΗΛΩΣΗ ΤΟΥ ΙΔΙΟΚΤΗΤΗ<br /><br />ΑΚΙΝΗΤΑ ΑΠΟΚΛΕΙΣΤΙΚΗΣ ΔΙΑΘΕΣΗΣ ΜΕ ΦΩΤΟΓΡΑΦΙΕΣ ΠΟΥ ΔΙΑΧΕΙΡΙΖΕΤΑΙ Η ΕΤΑΙΡΙΑ ΜΑΣ ΘΑ ΒΡΕΙΤΕ ΣΤΗΝ ΙΣΤΟΣΕΛΙΔΑ ΜΑΣ<br /><br /> ►WEBSITE: www.tzelihome.gr<br /><br /> ✔ ΓΙΑ ΤΗΝ ΚΑΛΥΤΕΡΗ ΕΞΥΠΗΡΕΤΗΣΗ ΣΑΣ ΧΡΗΣΙΜΟΠΟΙΕΙΣΤΕ ΤΟΝ ΚΩΔΙΚΟ ΑΚΙΝΗΤΟΥ ΠΟΥ ΑΝΑΓΡΑΦΕΤΑΙ ΣΤΗΝ ΠΕΡΙΓΡΑΦΗ<br /> ✔ Η ΔΙΕΥΘΥΝΣΗ ΣΤΟΝ ΧΑΡΤΗ ΕΧΕΙ ΤΟΠΟΘΕΤΗΘΕΙ ΚΑΤΑ ΠΡΟΣΕΓΓΙΣΗ<br /> ✔ ΟΙ ΑΚΡΙΒΕΙΣ ΠΛΗΡΟΦΟΡΙΕΣ ΤΗΣ ΔΙΕΥΘΥΝΣΗΣ ΠΑΡΕΧΟΝΤΑΙ ΣΤΗΝ ΥΠΟΔΕΙΞΗ ΤΟΥ ΑΚΙΝΗΤΟΥ<br /><br /> ΜΕΣΙΤΙΚΟ ΓΡΑΦΕΙΟ TZELI HOME<br /> ΥΜΗΤΤΟΥ 41 , ΚΑΙΣΑΡΙΑΝΗ , ΤΚ 16121<br /><br /> ΕΠΙΚΟΙΝΩΝΗΣΤΕ ΜΑΖΙ ΜΑΣ:<br /> ►WEBSITE : www.tzelihome.gr<br /> ►E-MAIL : tzelihome@gmail.com<br /> ►ΚΙΝΗΤΟ : 6906.062.919 <br /> ►ΤΗΛΕΦΩΝΟ : 211.001.4573 & 211.001.4574<br>","8000",,"0","1","9",,,,,,,,,"0","0","2026-07-22","6","10","0","no","no","0","Αθήνα - Κέντρο (Αττική)","Κουκάκι - Μακρυγιάννη (Αθήνα - Κέντρο)","1","105103","100","6011","2021","Single","2","2","0","0","1","1220451025","https://m2.spitogatos.gr/362808916_1600x1200.jpg?v=20130730","https://m1.spitogatos.gr/362808918_1600x1200.jpg?v=20130730","https://m3.spitogatos.gr/362808920_1600x1200.jpg?v=20130730","https://m1.spitogatos.gr/362808921_1600x1200.jpg?v=20130730","https://m3.spitogatos.gr/362808923_1600x1200.jpg?v=20130730","https://m1.spitogatos.gr/362808927_1600x1200.jpg?v=20130730","https://m1.spitogatos.gr/362808930_1600x1200.jpg?v=20130730","https://m2.spitogatos.gr/362808931_1600x1200.jpg?v=20130730","https://m3.spitogatos.gr/362808935_1600x1200.jpg?v=20130730","https://m2.spitogatos.gr/362808937_1600x1200.jpg?v=20130730","https://m2.spitogatos.gr/362808940_1600x1200.jpg?v=20130730","https://m3.spitogatos.gr/362808941_1600x1200.jpg?v=20130730","https://m3.spitogatos.gr/362808944_1600x1200.jpg?v=20130730","https://m1.spitogatos.gr/362808945_1600x1200.jpg?v=20130730","https://m3.spitogatos.gr/362808947_1600x1200.jpg?v=20130730","https://m2.spitogatos.gr/362808949_1600x1200.jpg?v=20130730","https://m1.spitogatos.gr/362808951_1600x1200.jpg?v=20130730","https://m3.spitogatos.gr/362808953_1600x1200.jpg?v=20130730","https://m1.spitogatos.gr/362808954_1600x1200.jpg?v=20130730","https://m3.spitogatos.gr/362808956_1600x1200.jpg?v=20130730","https://m1.spitogatos.gr/362808957_1600x1200.jpg?v=20130730","https://m3.spitogatos.gr/362808959_1600x1200.jpg?v=20130730","https://m1.spitogatos.gr/362808960_1600x1200.jpg?v=20130730","https://m3.spitogatos.gr/362808962_1600x1200.jpg?v=20130730","https://m2.spitogatos.gr/362808964_1600x1200.jpg?v=20130730","0","0","1","1","37.965988","1","1","23.726427",,"0","0","0","2026-07-22","0","0",,"0",,"0","1",,"2","1","0","0",,"0","0","0","900",,,"0","0","0","0","8.91",,,"1","3","6","1","1","2024","0","1","2","0","0",,"0","101","0",,"0","1","0","2026-07-22","https://www.spitogatos.gr/en/property/1220451025",,"0",,"1975","Tg9-7E8aerE","residential"
"1","5","no","simple","1",,,,,"0","0","0","0","2026-06-02","0","1","1","30","1","0","false","house","0","20",,"0","Κωδικός Ακινήτου: 11913.<br><br />
Στο Κουκάκι, σε μία από τις πιο δημοφιλείς και περιζήτητες γειτονιές της Αθήνας, δίπλα στην Παιδική Χαρά και σε μικρή απόσταση από το ιστορικό κέντρο, διατίθεται προς ενοικίαση φωτεινό και προσεγμένο διαμέρισμα 45 τ.μ. στον 5ο όροφο πολυκατοικίας με ασανσέρ. Το ακίνητο είναι μερικώς ανακαινισμένο και προσφέρει έναν λειτουργικό και άνετο χώρο διαβίωσης, αποτελούμενο από σαλόνι, ανεξάρτητη κουζίνα, υπνοδωμάτιο και μπάνιο. Διαθέτει αυτόνομη θέρμανση φυσικού αερίου, κλιματισμό, πόρτα ασφαλείας, κουφώματα αλουμινίου με διπλά τζάμια και τέντες, εξασφαλίζοντας άνεση και οικονομία καθ’ όλη τη διάρκεια του έτους. Τα δάπεδα από μωσαϊκό και ξύλο προσδίδουν ιδιαίτερο χαρακτήρα και διαχρονική αισθητική, ενώ το πατάρι αποθήκευσης προσφέρει επιπλέον πρακτικούς χώρους οργάνωσης. Πρόκειται για μια εξαιρετική επιλογή για επαγγελματίες, φοιτητές ή ζευγάρια που επιθυμούν να κατοικήσουν σε μια ζωντανή περιοχή με άμεση πρόσβαση σε μέσα μεταφοράς, εμπορικά καταστήματα, χώρους εστίασης και τα σημαντικότερα σημεία ενδιαφέροντος της πόλης.<br><br />
 <br><br />
Τιμή μίσθωσης: 750€. Κωδικός Ακινήτου: 11913.<br><br />
<br /> ΚΑΤΑ ΤΗΝ ΥΠΟΔΕΙΞΗ ΤΟΥ ΑΚΙΝΗΤΟΥ ΑΠΑΙΤΕΙΤΑΙ ΝΑ ΓΙΝΕΤΑΙ ΕΠΙΔΕΙΞΗ ΤΗΣ ΑΣΤΥΝΟΜΙΚΗΣ ΣΑΣ ΤΑΥΤΟΤΗΤΑΣ ΣΥΜΦΩΝΑ ΜΕ ΤΟΝ Ν.4072/11-04-2012 Φ.Ε.Κ 86Α<br /><br />ΤΑ ΣΤΟΙΧΕΙΑ ΤΩΝ ΑΚΙΝΗΤΩΝ ΕΙΝΑΙ ΚΑΤΑ ΔΗΛΩΣΗ ΤΟΥ ΙΔΙΟΚΤΗΤΗ<br /><br />ΑΚΙΝΗΤΑ ΑΠΟΚΛΕΙΣΤΙΚΗΣ ΔΙΑΘΕΣΗΣ ΜΕ ΦΩΤΟΓΡΑΦΙΕΣ ΠΟΥ ΔΙΑΧΕΙΡΙΖΕΤΑΙ Η ΕΤΑΙΡΙΑ ΜΑΣ ΘΑ ΒΡΕΙΤΕ ΣΤΗΝ ΙΣΤΟΣΕΛΙΔΑ ΜΑΣ<br /><br /> ►WEBSITE: www.tzelihome.gr<br /><br /> ✔ ΓΙΑ ΤΗΝ ΚΑΛΥΤΕΡΗ ΕΞΥΠΗΡΕΤΗΣΗ ΣΑΣ ΧΡΗΣΙΜΟΠΟΙΕΙΣΤΕ ΤΟΝ ΚΩΔΙΚΟ ΑΚΙΝΗΤΟΥ ΠΟΥ ΑΝΑΓΡΑΦΕΤΑΙ ΣΤΗΝ ΠΕΡΙΓΡΑΦΗ<br /> ✔ Η ΔΙΕΥΘΥΝΣΗ ΣΤΟΝ ΧΑΡΤΗ ΕΧΕΙ ΤΟΠΟΘΕΤΗΘΕΙ ΚΑΤΑ ΠΡΟΣΕΓΓΙΣΗ<br /> ✔ ΟΙ ΑΚΡΙΒΕΙΣ ΠΛΗΡΟΦΟΡΙΕΣ ΤΗΣ ΔΙΕΥΘΥΝΣΗΣ ΠΑΡΕΧΟΝΤΑΙ ΣΤΗΝ ΥΠΟΔΕΙΞΗ ΤΟΥ ΑΚΙΝΗΤΟΥ<br /><br /> ΜΕΣΙΤΙΚΟ ΓΡΑΦΕΙΟ TZELI HOME<br /> ΥΜΗΤΤΟΥ 41 , ΚΑΙΣΑΡΙΑΝΗ , ΤΚ 16121<br /><br /> ΕΠΙΚΟΙΝΩΝΗΣΤΕ ΜΑΖΙ ΜΑΣ:<br /> ►WEBSITE : www.tzelihome.gr<br /> ►E-MAIL : tzelihome@gmail.com<br /> ►ΚΙΝΗΤΟ : 6906.062.919 <br /> ►ΤΗΛΕΦΩΝΟ : 211.001.4573 & 211.001.4574<br>","6000",,"0","1","8",,,,,,,,,"0","0","2026-06-02","10","11","0","no","no","0","Αθήνα - Κέντρο (Αττική)","Κουκάκι - Μακρυγιάννη (Αθήνα - Κέντρο)","1","105103","100","6011","6131","Double","1","2","0","0","1","1219993501","https://m3.spitogatos.gr/356948567_1600x1200.jpg?v=20130730","https://m1.spitogatos.gr/356948571_1600x1200.jpg?v=20130730","https://m2.spitogatos.gr/356948575_1600x1200.jpg?v=20130730","https://m3.spitogatos.gr/356948579_1600x1200.jpg?v=20130730","https://m1.spitogatos.gr/356948583_1600x1200.jpg?v=20130730","https://m1.spitogatos.gr/356948586_1600x1200.jpg?v=20130730","https://m1.spitogatos.gr/356948589_1600x1200.jpg?v=20130730","https://m3.spitogatos.gr/356948591_1600x1200.jpg?v=20130730","https://m1.spitogatos.gr/356948592_1600x1200.jpg?v=20130730","https://m3.spitogatos.gr/356948594_1600x1200.jpg?v=20130730","https://m3.spitogatos.gr/356948597_1600x1200.jpg?v=20130730","https://m3.spitogatos.gr/356948600_1600x1200.jpg?v=20130730","https://m2.spitogatos.gr/356948602_1600x1200.jpg?v=20130730","https://m1.spitogatos.gr/356948604_1600x1200.jpg?v=20130730","https://m1.spitogatos.gr/356948607_1600x1200.jpg?v=20130730","https://m3.spitogatos.gr/356948609_1600x1200.jpg?v=20130730","https://m1.spitogatos.gr/356948610_1600x1200.jpg?v=20130730","https://m3.spitogatos.gr/356948612_1600x1200.jpg?v=20130730","https://m2.spitogatos.gr/356948614_1600x1200.jpg?v=20130730","https://m3.spitogatos.gr/356948615_1600x1200.jpg?v=20130730","https://m2.spitogatos.gr/356948617_1600x1200.jpg?v=20130730","https://m2.spitogatos.gr/356948620_1600x1200.jpg?v=20130730","https://m1.spitogatos.gr/356948622_1600x1200.jpg?v=20130730","https://m1.spitogatos.gr/356948625_1600x1200.jpg?v=20130730","https://m3.spitogatos.gr/356948627_1600x1200.jpg?v=20130730","0","0","2","1","37.961987","1","1","23.718767",,"0","0","0","2026-06-11","0","0",,"0",,"0","1",,"11","1","1","0",,"0","0","0","750",,,"0","0","0","0","16.67",,,"1","3","6","1","1","2026","0","1","1","0","1",,"0","45","0",,"0","1","0","2026-06-02","https://www.spitogatos.gr/en/property/1219993501",,"0",,"1965","szi6c-uEGfM","residential"
"1","2","no","simple","1",,,,,"0","0","0","0","2026-05-25","0","1","0","9","1","0","false","house","0","20",,"0","Κωδικός Ακινήτου: #11788  Κουκάκι - Μακρυγιάννη, Φιξ: Ενοικιάζεται άνετο και φωτεινό διαμέρισμα 71 τ.μ. στον 2ο όροφο πολυκατοικίας με ασανσέρ, σε ιδιαίτερα εξυπηρετική τοποθεσία με εύκολη πρόσβαση σε μέσα μαζικής μεταφοράς. Το ακίνητο διαθέτει λειτουργική διαρρύθμιση και αποτελείται από δύο υπνοδωμάτια, ευρύχωρο σαλόνι, κουζίνα και μπάνιο, προσφέροντας έναν πρακτικό και ευχάριστο χώρο διαβίωσης. Είναι κατασκευής 1972 και διαθέτει κεντρική θέρμανση πετρελαίου, πόρτα ασφαλείας, κλιματισμό και τέντες, καλύπτοντας τις ανάγκες άνεσης και ασφάλειας της καθημερινότητας. Τα δάπεδα από μωσαϊκό και ξύλο προσδίδουν διαχρονικό χαρακτήρα και ζεστή αίσθηση στον χώρο, ενώ το πατάρι αποθήκευσης προσφέρει επιπλέον αποθηκευτική ευκολία. Ιδιαίτερο πλεονέκτημα αποτελεί το γεγονός ότι επιτρέπονται τα κατοικίδια, καθιστώντας το ακίνητο ιδανική επιλογή για όσους αναζητούν μία φιλική και λειτουργική κατοικία σε προνομιακή περιοχή.<br><br />
 <br><br />
 <br><br />
Τιμή 720€ | Κωδικός Ακινήτου: #11788<br><br />
 <br><br />
<br /> ΚΑΤΑ ΤΗΝ ΥΠΟΔΕΙΞΗ ΤΟΥ ΑΚΙΝΗΤΟΥ ΑΠΑΙΤΕΙΤΑΙ ΝΑ ΓΙΝΕΤΑΙ ΕΠΙΔΕΙΞΗ ΤΗΣ ΑΣΤΥΝΟΜΙΚΗΣ ΣΑΣ ΤΑΥΤΟΤΗΤΑΣ ΣΥΜΦΩΝΑ ΜΕ ΤΟΝ Ν.4072/11-04-2012 Φ.Ε.Κ 86Α<br /><br />ΤΑ ΣΤΟΙΧΕΙΑ ΤΩΝ ΑΚΙΝΗΤΩΝ ΕΙΝΑΙ ΚΑΤΑ ΔΗΛΩΣΗ ΤΟΥ ΙΔΙΟΚΤΗΤΗ<br /><br />ΑΚΙΝΗΤΑ ΑΠΟΚΛΕΙΣΤΙΚΗΣ ΔΙΑΘΕΣΗΣ ΜΕ ΦΩΤΟΓΡΑΦΙΕΣ ΠΟΥ ΔΙΑΧΕΙΡΙΖΕΤΑΙ Η ΕΤΑΙΡΙΑ ΜΑΣ ΘΑ ΒΡΕΙΤΕ ΣΤΗΝ ΙΣΤΟΣΕΛΙΔΑ ΜΑΣ<br /><br /> ►WEBSITE: www.tzelihome.gr<br /><br /> ✔ ΓΙΑ ΤΗΝ ΚΑΛΥΤΕΡΗ ΕΞΥΠΗΡΕΤΗΣΗ ΣΑΣ ΧΡΗΣΙΜΟΠΟΙΕΙΣΤΕ ΤΟΝ ΚΩΔΙΚΟ ΑΚΙΝΗΤΟΥ ΠΟΥ ΑΝΑΓΡΑΦΕΤΑΙ ΣΤΗΝ ΠΕΡΙΓΡΑΦΗ<br /> ✔ Η ΔΙΕΥΘΥΝΣΗ ΣΤΟΝ ΧΑΡΤΗ ΕΧΕΙ ΤΟΠΟΘΕΤΗΘΕΙ ΚΑΤΑ ΠΡΟΣΕΓΓΙΣΗ<br /> ✔ ΟΙ ΑΚΡΙΒΕΙΣ ΠΛΗΡΟΦΟΡΙΕΣ ΤΗΣ ΔΙΕΥΘΥΝΣΗΣ ΠΑΡΕΧΟΝΤΑΙ ΣΤΗΝ ΥΠΟΔΕΙΞΗ ΤΟΥ ΑΚΙΝΗΤΟΥ<br /><br /> ΜΕΣΙΤΙΚΟ ΓΡΑΦΕΙΟ TZELI HOME<br /> ΥΜΗΤΤΟΥ 41 , ΚΑΙΣΑΡΙΑΝΗ , ΤΚ 16121<br /><br /> ΕΠΙΚΟΙΝΩΝΗΣΤΕ ΜΑΖΙ ΜΑΣ:<br /> ►WEBSITE : www.tzelihome.gr<br /> ►E-MAIL : tzelihome@gmail.com<br /> ►ΚΙΝΗΤΟ : 6906.062.919 <br /> ►ΤΗΛΕΦΩΝΟ : 211.001.4573 & 211.001.4574<br>","5000",,"0","1","8",,,,,,,,,"0","0","2026-05-25","7","11","0","no","no","0","Αθήνα - Κέντρο (Αττική)","Κουκάκι - Μακρυγιάννη (Αθήνα - Κέντρο)","1","105103","100","6011","2021","Single","2","1","0","0","1","1219948184","https://m1.spitogatos.gr/361806183_1600x1200.jpg?v=20130730","https://m2.spitogatos.gr/361806187_1600x1200.jpg?v=20130730","https://m3.spitogatos.gr/361806188_1600x1200.jpg?v=20130730","https://m3.spitogatos.gr/361806191_1600x1200.jpg?v=20130730","https://m2.spitogatos.gr/361806193_1600x1200.jpg?v=20130730","https://m2.spitogatos.gr/361806196_1600x1200.jpg?v=20130730","https://m1.spitogatos.gr/361806198_1600x1200.jpg?v=20130730","https://m2.spitogatos.gr/361806199_1600x1200.jpg?v=20130730","https://m1.spitogatos.gr/361806201_1600x1200.jpg?v=20130730","https://m3.spitogatos.gr/361806203_1600x1200.jpg?v=20130730","https://m2.spitogatos.gr/361806205_1600x1200.jpg?v=20130730","https://m3.spitogatos.gr/361806206_1600x1200.jpg?v=20130730","https://m1.spitogatos.gr/361806207_1600x1200.jpg?v=20130730","https://m3.spitogatos.gr/361806209_1600x1200.jpg?v=20130730","https://m2.spitogatos.gr/361806211_1600x1200.jpg?v=20130730","https://m1.spitogatos.gr/361806213_1600x1200.jpg?v=20130730","https://m2.spitogatos.gr/361806214_1600x1200.jpg?v=20130730","https://m1.spitogatos.gr/361806222_1600x1200.jpg?v=20130730","https://m3.spitogatos.gr/361806224_1600x1200.jpg?v=20130730","https://m1.spitogatos.gr/361806225_1600x1200.jpg?v=20130730","https://m3.spitogatos.gr/361806227_1600x1200.jpg?v=20130730","https://m1.spitogatos.gr/361806228_1600x1200.jpg?v=20130730","https://m3.spitogatos.gr/361806230_1600x1200.jpg?v=20130730","https://m3.spitogatos.gr/361806245_1600x1200.jpg?v=20130730","https://m1.spitogatos.gr/361806261_1600x1200.jpg?v=20130730","0","0","1","1","37.965096","1","1","23.726379",,"0","0","0","2026-07-14","0","0",,"0",,"0","1",,"3","0","0","0","1","0","0","0","720",,,"0","0","0","0","10.14",,,"1","3","6","1","0",,"0","1","2","0","1",,"0","71","0",,"0","1","0","2026-05-25","https://www.spitogatos.gr/en/property/1219948184",,"0",,"1972","CT3QahJG80U","residential"
