"AC","Floor Level","accessibleForDisabled","adType_code","adType_id","agentEmployee_firstName","agentEmployee_id","agentEmployee_lastName","agentEmployee_telephone","airy","alarm","attic","auction","availability","availableForDailyRent","awning","balcony","balconyArea","bright","builtInBBQ","byTheSea","category","caveBuilding","commonExpenses","corner","description","distanceSea","doubleGlass","electricCarChargingFacilities","elevator","energyClass","facade","fireplace","firstPublishDate","floorNumber","floorType","forCommercialUse","furnished","garage","garden","geographiesByLevel_2_fullName","geographiesByLevel_4_fullName","geographyParentIds_0","geographyParentIds_1","geographyParentIds_2","geographyParentIds_4","geographyParentIds_5","glassType","heatingController","heatingMedium","heatingUnderFloor","holidayHome","host_id","id","images/0","images/1","images/2","images/3","images/4","images/5","images/6","images/7","images/8","images/9","images/10","images/11","images/12","images/13","images/14","images/15","images/16","images/17","images/18","images/19","images/20","images/21","images/22","images/23","images/24","internal_stairs","investment","joinery","kitchens","latitude","levels","livingRooms","longitude","lotSize","luxHome","mannedReception","medicalOffice","modified","negotiablePrice","neoclassic","newDevelopment","nightPower","no_of_WC","no_of_bathrooms","numberOfFloors","orientation","painted","penthouse","pestNet","petsAllowed","playroom","pool","preserved","price","priceChangeDate","priceChangePercentage","priceIncludesInternet","priceIncludesPower","priceIncludesSharedExp","priceIncludesWater","pricePerSqMeters","pricePreReduction","priceReduced","propertyPublishingOptionIds/0","propertyPublishingOptionIds/1","propertyPublishingOptionIds/2","published","renovated","renovationYear","requiresRenovation","road_type","rooms","satelite","secure_door","shortTermLetting","solar_heater","sq_meters","storage","storageArea","streetAddress","studentHome","subtype","unfinished","uploaded","url","vTourUrl","view","wholeFloorApartment","year_of_construction","youtubeVideoId","zoning"
"1","7","no","vip","4",,,,,"1","0","0","0","2026-08-07","0","0","1","0","1",,,"house",,,"1","Χαλάνδρι, Κάτω Χαλάνδρι, Διαμέρισμα Προς Ενοικίαση, 150 τ.μ., Κατάσταση: Ανακαινισμένο, Όροφος: 7ος, 1 Επίπεδο/α, 3 Υ/Δ 1 Κουζίνα/ες, 1 Μπάνιο/α, 1 WC, Θέρμανση: Κεντρική - Φυσικό Αέριο, Θέα: Καλή, Ενεργειακό Πιστοποιητικό: Δ, 1 θέση/εις στάθμευσης, Δάπεδα: Παρκέ, Kουφώματα: Αλουμινίου, Χαρακτηριστικά: Ασανσέρ, Πόρτα Ασφαλείας, Αποθήκη, Καλωδιακή Τηλεόραση, Internet, Ηλ. Συσκευές, Διπλά Τζάμια, Βεράντες, Επιτρέπονται Κατοικίδια, Επενδυτικό, Πολυτελές, Διαμπερές, Προσόψεως, Φωτεινό, Γωνιακό, Κλιματισμός,  Ενοίκιο (Για 12+ μήνες € 2100), Ενοίκιο (Για 6+ μήνες € 2180), Ενοίκιο (Για 2+ μήνες € 2260), Ενοίκιο (Για 1 μήνα € 2320), Προσανατολισμός: Γωνιακό, Κοντά σε: Πλατεία, Τιμή: 2.100€. Yestayhomes, Τηλ. Επικοινωνίας: 6986749007",,"1",,"1","6","1","0","2026-07-14","12","2","0","no","yes","0","Αθήνα - Βόρεια Προάστια (Αττική)","Χαλάνδρι (Αθήνα - Βόρεια Προάστια)","1","105103","101","2122","329482",,"2","2","0","0","1","1220313963","https://m3.spitogatos.gr/360630128_1600x1200.jpg?v=20130730","https://m1.spitogatos.gr/360630132_1600x1200.jpg?v=20130730","https://m1.spitogatos.gr/360630138_1600x1200.jpg?v=20130730","https://m1.spitogatos.gr/360630141_1600x1200.jpg?v=20130730","https://m2.spitogatos.gr/360630145_1600x1200.jpg?v=20130730","https://m2.spitogatos.gr/360630148_1600x1200.jpg?v=20130730","https://m1.spitogatos.gr/360630153_1600x1200.jpg?v=20130730","https://m2.spitogatos.gr/360630154_1600x1200.jpg?v=20130730","https://m2.spitogatos.gr/360630157_1600x1200.jpg?v=20130730","https://m1.spitogatos.gr/360630159_1600x1200.jpg?v=20130730","https://m1.spitogatos.gr/360630162_1600x1200.jpg?v=20130730","https://m1.spitogatos.gr/360630165_1600x1200.jpg?v=20130730","https://m1.spitogatos.gr/360630168_1600x1200.jpg?v=20130730","https://m2.spitogatos.gr/360630172_1600x1200.jpg?v=20130730","https://m3.spitogatos.gr/360630176_1600x1200.jpg?v=20130730","https://m3.spitogatos.gr/360630182_1600x1200.jpg?v=20130730","https://m1.spitogatos.gr/360630189_1600x1200.jpg?v=20130730","https://m1.spitogatos.gr/360630195_1600x1200.jpg?v=20130730","https://m3.spitogatos.gr/360630200_1600x1200.jpg?v=20130730","https://m2.spitogatos.gr/360630205_1600x1200.jpg?v=20130730","https://m1.spitogatos.gr/360630210_1600x1200.jpg?v=20130730","https://m2.spitogatos.gr/360630217_1600x1200.jpg?v=20130730","https://m2.spitogatos.gr/360630220_1600x1200.jpg?v=20130730","https://m3.spitogatos.gr/360630224_1600x1200.jpg?v=20130730","https://m2.spitogatos.gr/360630226_1600x1200.jpg?v=20130730","0","1","2","1","38.012524","1","1","23.789402",,"1",,,"2026-07-28","0","0",,"0","1","1",,,"0","0","0","1","0","0","0","2100",,,"0","0","0","0","14",,,"1","3","6","1","1",,"0","1","3","0","1",,"0","150","1",,,"0","1","0","2026-07-06","https://www.spitogatos.gr/en/property/1220313963",,"1",,,,"residential"
"1","3",,"vip","4",,,,,"0","1","0","0","2026-08-07","0","0","1","0","0",,,"house",,,"1","Ξεκίνα να ζεις από την πρώτη μέρα, σε αυτό το κομψά επιπλωμένο διαμέρισμα δύο υπνοδωματίων της Blueground στο κέντρο του Αμαρουσίου. Πλήρως εξοπλισμένο με έπιπλα μοναδικού design, ηλεκτρικές συσκευές τελευταίας τεχνολογίας.<br><br />
<br />
Η διαφημιζόμενη τιμή των €1,170/μήνα είναι η τιμή για 1 έτος, με ημερομηνία έναρξης Αυγούστου 6, 2026.<br />
<br>Οι τιμές διαφέρουν ανάλογα με τη διάρκεια παραμονής, την εποχικότητα και άλλους παράγοντες. Επισκεφθείτε τον ιστότοπό μας και εισάγετε τις ημερομηνίες διαμονής σας για να δείτε ενημερωμένες τιμές για την κράτησή σας. Η τιμή ισχύει μόνο με προκαταβολή· ενδέχεται να είναι υψηλότερη εάν πληρωθεί σε δόσεις.<br />
<br />
<b>Κλείστε αυτό το διαμέρισμα online!</b><br />
<br />
https://www.theblueground.com/p/furnished-apartments/ath-801?utm_source=classified-4<br />
<br />
Aναβαθμίστε τη διαμονή σας με ένα πλήρως επιπλωμένο διαμέρισμα από τη Blueground:<br />
      – Επιπλωμένα σπίτια σε τιμές αντίστοιχες με τα ανεπίπλωτα<br />
      – Χωρίς κόστη εγκατάστασης ή αγοράς επίπλων - εξοικονομήστε χρόνο και χρήματα<br />
      – Έτοιμα για άμεση μετακόμιση - το μόνο που χρειάζεστε είναι η βαλίτσα σας<br />
<br />
<b>Ο χώρος</b><br><br />
Νιώσε σαν στο σπίτι σου σε αυτό το επιπλωμένο διαμέρισμα της Blueground με το μοναδικό design, τα μοντέρνα έπιπλα και την πλήρως εξοπλισμένη κουζίνα.<br />
Δες τις αγαπημένες σου ταινίες στη smart TV ή άκουσε δυνατά μουσική στα ασύρματα ηχεία τελευταίας τεχνολογίας. Ό,τι και να αποφασίσεις να κάνεις το μόνο σίγουρο είναι πως θα αγαπήσεις όλα όσα σου προσφέρει αυτό το κομψό διαμέρισμα.<br />
<br />
<b>Διαρρύθμιση δωματίων ύπνου</b><br />
    <br />
        Υπέρδιπλο κρεβάτι: 160 εκ.<br />
<br />
        Διπλό κρεβάτι: 140 εκ.<br />
<br />
<b>Παροχές κτιρίου</b><br />
<br />
      Ασανσέρ<br />
      Πλυντήριο<br />
      Θέση στάθμευσης<br />
      Επιτρέπονται κατοικίδια<br />
<br />
<br />
<b>Άφιξη και συνεχής υποστήριξη πελατών</b><br><br />
Κατά τη διάρκεια της διαμονής σου, η ομάδα μας θα είναι διαθέσιμη για να σε βοηθήσει με οτιδήποτε χρειαστείς. Μέσω της ειδικής mobile εφαρμογής της Blueground έχεις συνεχή υποστήριξη, ενώ μπορείς ακόμη να προγραμματίσεις υπηρεσίες καθαρισμού, συντήρησης ή επισκευής, με το πάτημα ενός κουμπιού.<br />
<br />
<b>Ιδανική τοποθεσία</b><br />
<br />
Το Μαρούσι είναι μια καταπράσινη γειτονιά που βρίσκεται στα βόρεια προάστια, 14 χιλιόμετρα από το κέντρο της Αθήνας. Ως ένα από τα σημαντικότερα επιχειρηματικά κέντρα της πόλης, φιλοξενεί πολλές μεγάλες πολυεθνικές εταιρείες και οργανισμούς. Στη γειτονιά βρίσκεται επίσης το μεγαλύτερο δάσος της αστικής Αθήνας, η Δάσος Συγγρού, το Ολυμπιακό Αθλητικό Συγκρότημα της Αθήνας από τους Θερινούς Ολυμπιακούς Αγώνες του 2004. Το Mall Athens, ένα από τα μεγαλύτερα εμπορικά κέντρα της νοτιοανατολικής Ευρώπης, και το εμπορικό κέντρο Golden Hall αποτελούν επίσης το σπίτι του Αμαρουσίου. Η περιοχή εξυπηρετείται από τους σιδηροδρομικούς σταθμούς Μαρούσι και ΚΑΤ και από ένα δίκτυο λεωφορειακών γραμμών.",,"1",,"1","6","0","1","2026-07-07","8",,"0","yes","yes","0","Αθήνα - Βόρεια Προάστια (Αττική)","Μαρούσι (Αθήνα - Βόρεια Προάστια)","1","105103","101","2111",,,"1","1","0","0","1","1220320097","https://m2.spitogatos.gr/360726103_1600x1200.jpg?v=20130730","https://m1.spitogatos.gr/360726114_1600x1200.jpg?v=20130730","https://m2.spitogatos.gr/360726124_1600x1200.jpg?v=20130730","https://m3.spitogatos.gr/360726149_1600x1200.jpg?v=20130730","https://m2.spitogatos.gr/360726160_1600x1200.jpg?v=20130730","https://m3.spitogatos.gr/360726167_1600x1200.jpg?v=20130730","https://m1.spitogatos.gr/360726177_1600x1200.jpg?v=20130730","https://m1.spitogatos.gr/360726183_1600x1200.jpg?v=20130730","https://m2.spitogatos.gr/360726193_1600x1200.jpg?v=20130730","https://m1.spitogatos.gr/360726198_1600x1200.jpg?v=20130730","https://m3.spitogatos.gr/360726203_1600x1200.jpg?v=20130730","https://m1.spitogatos.gr/360726216_1600x1200.jpg?v=20130730","https://m1.spitogatos.gr/360726231_1600x1200.jpg?v=20130730","https://m2.spitogatos.gr/360726238_1600x1200.jpg?v=20130730","https://m2.spitogatos.gr/360726244_1600x1200.jpg?v=20130730","https://m3.spitogatos.gr/360726254_1600x1200.jpg?v=20130730","https://m1.spitogatos.gr/360726270_1600x1200.jpg?v=20130730","https://m2.spitogatos.gr/360726274_1600x1200.jpg?v=20130730","https://m3.spitogatos.gr/360726287_1600x1200.jpg?v=20130730","https://m1.spitogatos.gr/360726294_1600x1200.jpg?v=20130730","https://m3.spitogatos.gr/360726323_1600x1200.jpg?v=20130730",,,,,"0","0",,"0","38.054352","1","0","23.826345",,"0",,,"2026-07-28","0","0",,"0","0","1",,,"1","0","1","1","0","0","0","1170",,,"0","0","0","0","13",,,"1","3","6","1","0",,,,"2","0","1",,,"90","0",,"Louki Akrita 14","1","1","0","2026-07-07","https://www.spitogatos.gr/en/property/1220320097","https://nodalview.com/kY8HFs3rVApkZR9QCHSsyk5V","0",,"2008",,
"1","4","no","vip","4",,,,,"1","1","0","0","2026-07-14","0","1","1","0","1",,,"house",,,"0","Προς Ενοικίαση Μεζονέτα, Χαλάνδρι, 75 τ.μ., 4ος Όροφος, 2 Υ/Δ, 1 Μπάνιο/α, 1 WC, 1 Κουζίνα/ες, 1 Τζάκι/α, Kουφώματα: Αλουμινίου, 1 parking, Έτος κατασκευής: 2009, Κατάσταση: Καταπληκτική, Ενεργειακό Πιστοποιητικό: Α, Χαρακτηριστικά:  Πόρτα Ασφαλείας, Συναγερμός, Θυροτηλεόραση, Αποθήκη, Τζάκι, Νυχτερινό ρεύμα, Διπλά Τζάμια, Σίτες, Τέντες, Βεράντες, Επιτρέπονται Κατοικίδια, Πολυτελές, Ρετιρέ, Διαμπερές, Προσόψεως, Φωτεινό, Κλιματισμός, Ηλιακός, Boiler, Νεόδμητο, Βαμμένο,  ΔΙΑΘΕΣΙΜΟ ΑΠΟ 15 ΑΥΓΟΥΣΤΟΥ, Αυτόνομη - Πετρέλαιο Θέρμανση, Τιμή: 1.000€.",,"1",,"0","2","1","1","2026-07-14","9",,"0","no","yes","0","Αθήνα - Βόρεια Προάστια (Αττική)","Χαλάνδρι (Αθήνα - Βόρεια Προάστια)","1","105103","101","2122",,,"1","1","0","0","1","1220376304","https://m3.spitogatos.gr/361702424_1600x1200.jpg?v=20130730","https://m2.spitogatos.gr/361702426_1600x1200.jpg?v=20130730","https://m1.spitogatos.gr/361702428_1600x1200.jpg?v=20130730","https://m1.spitogatos.gr/361702431_1600x1200.jpg?v=20130730","https://m3.spitogatos.gr/361702457_1600x1200.jpg?v=20130730","https://m2.spitogatos.gr/361702459_1600x1200.jpg?v=20130730","https://m2.spitogatos.gr/361702462_1600x1200.jpg?v=20130730","https://m3.spitogatos.gr/361702463_1600x1200.jpg?v=20130730","https://m3.spitogatos.gr/361702475_1600x1200.jpg?v=20130730","https://m1.spitogatos.gr/361702509_1600x1200.jpg?v=20130730","https://m3.spitogatos.gr/361702514_1600x1200.jpg?v=20130730","https://m2.spitogatos.gr/361702516_1600x1200.jpg?v=20130730","https://m3.spitogatos.gr/361702520_1600x1200.jpg?v=20130730","https://m2.spitogatos.gr/361702525_1600x1200.jpg?v=20130730","https://m2.spitogatos.gr/361702543_1600x1200.jpg?v=20130730",,,,,,,,,,,"0","0","2","1","38.021294","1","1","23.796122",,"1",,,"2026-07-28","0","0",,"1","1","1",,,"1","1","1","1","0","0","0","1000",,,"0","0","0","0","13.33",,,"1","3","6","1","0",,"0",,"2","0","1",,"1","75","1",,,"0","3","0","2026-07-14","https://www.spitogatos.gr/en/property/1220376304",,"0",,"2009",,
"1","Ground Floor","no","vip","4",,,,,"1","1","1","0","2026-06-03","0","0","1","0","1",,,"house",,,"0","Προς Ενοικίαση Μεζονέτα, Μαρούσι, Όριο Βριλησσίων, 160 τ.μ., 4 Επίπεδο/α, Ισόγειο Όροφος, 3 Υ/Δ, 1 Μπάνιο/α, 2 WC, 1 Κουζίνα/ες, 1 Τζάκι/α, Kουφώματα: Αλουμινίου, 1 parking, Έτος κατασκευής: 2025, Κατάσταση: Καταπληκτική, Ενεργειακό Πιστοποιητικό: Α++, Χαρακτηριστικά:  Πόρτα Ασφαλείας, Συναγερμός, Θυροτηλεόραση, Αποθήκη, Τζάκι, Σοφίτα, Νυχτερινό ρεύμα, Εσωτερική Σκάλα, Διπλά Τζάμια, Σίτες, Βεράντες, Επιτρέπονται Κατοικίδια, Χωρίς Κοινόχρηστα, Πολυτελές, Διαμπερές, Προσόψεως, Φωτεινό, Κλιματισμός, Ηλιακός, Boiler, Νεόδμητο, Βαμμένο, Ατομική - Φυσικό Αέριο Θέρμανση, Τιμή: 1.600€.",,"1",,"0","1","1","1","2026-06-03","3",,"0","no","yes","0","Αθήνα - Βόρεια Προάστια (Αττική)","Μαρούσι (Αθήνα - Βόρεια Προάστια)","1","105103","101","2111","106425",,"1","2","0","0","1","1219993925","https://m2.spitogatos.gr/355400050_1600x1200.jpg?v=20130730","https://m1.spitogatos.gr/355400052_1600x1200.jpg?v=20130730","https://m1.spitogatos.gr/355400055_1600x1200.jpg?v=20130730","https://m3.spitogatos.gr/355400057_1600x1200.jpg?v=20130730","https://m2.spitogatos.gr/355400059_1600x1200.jpg?v=20130730","https://m2.spitogatos.gr/355400062_1600x1200.jpg?v=20130730","https://m1.spitogatos.gr/355400064_1600x1200.jpg?v=20130730","https://m3.spitogatos.gr/355400066_1600x1200.jpg?v=20130730","https://m2.spitogatos.gr/355400068_1600x1200.jpg?v=20130730","https://m1.spitogatos.gr/355400070_1600x1200.jpg?v=20130730","https://m1.spitogatos.gr/355400073_1600x1200.jpg?v=20130730","https://m3.spitogatos.gr/355400075_1600x1200.jpg?v=20130730","https://m2.spitogatos.gr/355400077_1600x1200.jpg?v=20130730","https://m1.spitogatos.gr/355400079_1600x1200.jpg?v=20130730","https://m2.spitogatos.gr/355400080_1600x1200.jpg?v=20130730","https://m3.spitogatos.gr/355400081_1600x1200.jpg?v=20130730","https://m1.spitogatos.gr/355400082_1600x1200.jpg?v=20130730","https://m2.spitogatos.gr/355400083_1600x1200.jpg?v=20130730","https://m3.spitogatos.gr/355400084_1600x1200.jpg?v=20130730","https://m1.spitogatos.gr/355400085_1600x1200.jpg?v=20130730","https://m2.spitogatos.gr/355400086_1600x1200.jpg?v=20130730","https://m3.spitogatos.gr/355400087_1600x1200.jpg?v=20130730","https://m1.spitogatos.gr/355400088_1600x1200.jpg?v=20130730","https://m2.spitogatos.gr/355400089_1600x1200.jpg?v=20130730","https://m3.spitogatos.gr/355400090_1600x1200.jpg?v=20130730","1","0","2","1","38.042809","4","1","23.826395",,"1",,,"2026-07-28","0","0","1","1","2","1",,,"1","0","1","1","0","0","0","1600",,,"0","0","0","0","10",,,"1","3","6","1","0",,"0",,"3","0","1",,"1","160","1",,,"0","3","0","2026-06-03","https://www.spitogatos.gr/en/property/1219993925",,"0",,"2025",,
"1","1","no","vip","4","Νίκη - Κωνσταντίνα","26002","Δάγλα","6932362803","1","0","0","0","2026-10-01","0","1","1","12","1","0","false","house","0","40","0","🏡 **ΜΑΡΟΥΣΙ | Επιπλωμένο Διαμέρισμα 50 τ.μ. | Μεγάλη Βεράντα | Parking | Αποθήκη | Έτοιμο προς Κατοίκηση**<br />
<br />
💶 **Τιμή:** €900/μήνα<br />
📍 **Περιοχή:** Μαρούσι<br />
📐 **Εμβαδόν:** 50 τ.μ.<br />
🏢 **Όροφος:** 1ος<br />
🛏️ **Υπνοδωμάτια:** 1<br />
🛁 **Μπάνιο:** 1<br />
🌿 **Βεράντα:** 12 τ.μ.<br />
🚗 **Parking:** Ιδιωτική θέση<br />
📦 **Αποθήκη:** Ναι<br />
🔥 **Θέρμανση:** Αυτόνομη πετρελαίου<br />
🗓️ **Διαθέσιμο από:** Δεκέμβρη 2026<br />
<br />
---<br />
<br />
 ✨ Ένα κομψό και πλήρως επιπλωμένο διαμέρισμα στην καρδιά του Αμαρουσίου<br />
<br />
Σε μία από τις πιο ήσυχες και ποιοτικές γειτονιές του Αμαρουσίου διατίθεται προς ενοικίαση ένα ιδιαίτερα προσεγμένο διαμέρισμα **50 τ.μ.**, πλήρως επιπλωμένο και έτοιμο να υποδεχθεί τον νέο του ενοικιαστή.<br />
<br />
Η κατοικία συνδυάζει λειτουργικότητα, άνεση και υψηλή αισθητική, αποτελώντας ιδανική επιλογή για στελέχη εταιρειών, επαγγελματίες, ζευγάρια και όσους αναζητούν μία ποιοτική κατοικία στα Βόρεια Προάστια.<br />
<br />
Το φωτεινό καθιστικό, το άνετο υπνοδωμάτιο, η λειτουργική κουζίνα και η ευρύχωρη βεράντα 12 τ.μ. δημιουργούν ένα ευχάριστο περιβάλλον για καθημερινή διαβίωση και στιγμές χαλάρωσης.<br />
<br />
🏠 Χαρακτηριστικά Ακινήτου<br />
<br />
✔️ Πλήρως επιπλωμένο<br />
✔️ Φωτεινό σαλόνι<br />
✔️ Άνετο υπνοδωμάτιο<br />
✔️ Λειτουργική κουζίνα<br />
✔️ Μπάνιο με μπανιέρα<br />
✔️ Μεγάλη βεράντα 12 τ.μ.<br />
✔️ Αυτόνομη θέρμανση πετρελαίου<br />
✔️ Ιδιωτική θέση στάθμευσης<br />
✔️ Αποθήκη<br />
✔️ Έτοιμο για άμεση εγκατάσταση<br />
<br />
📍 Προνομιακή Τοποθεσία<br />
<br />
Το διαμέρισμα βρίσκεται σε εξαιρετικό σημείο του Αμαρουσίου, με εύκολη πρόσβαση σε:<br />
<br />
🚇 Μέσα Μαζικής Μεταφοράς<br />
🛍️ Εμπορικά καταστήματα & Super Market<br />
☕ Καφέ & Εστιατόρια<br />
🌳 Πάρκα & χώρους πρασίνου<br />
🏥 Νοσοκομεία και Ιατρικά Κέντρα<br />
🏢 Επιχειρηματικά κέντρα και μεγάλες εταιρείες<br />
🛣️ Λεωφόρο Κηφισίας & Αττική Οδό<br />
<br />
Κωδικός Ακινήτου: 00293<br />
Landtourist Overseas, Λυκαβηττού 25, Κολωνάκι, Τηλέφωνο Γραφείου: 2103638040, Ώρες Λειτουργίας: 9:00 - 21:00<br />
Πηδικτάκης Γιάννης: 6973094689.","6000",,"0","1","4","1","1","2026-07-17","6","10","0","yes","yes","1","Αθήνα - Βόρεια Προάστια (Αττική)","Μαρούσι (Αθήνα - Βόρεια Προάστια)","1","105103","101","2111","106349","Double","1","2","0","0","1","1217680867","https://m1.spitogatos.gr/321544266_1600x1200.jpg?v=20130730","https://m2.spitogatos.gr/321544273_1600x1200.jpg?v=20130730","https://m1.spitogatos.gr/321544269_1600x1200.jpg?v=20130730","https://m1.spitogatos.gr/321544260_1600x1200.jpg?v=20130730","https://m2.spitogatos.gr/321544255_1600x1200.jpg?v=20130730","https://m1.spitogatos.gr/321544242_1600x1200.jpg?v=20130730","https://m2.spitogatos.gr/321544294_1600x1200.jpg?v=20130730","https://m1.spitogatos.gr/321544263_1600x1200.jpg?v=20130730","https://m3.spitogatos.gr/321544280_1600x1200.jpg?v=20130730","https://m2.spitogatos.gr/321544276_1600x1200.jpg?v=20130730","https://m3.spitogatos.gr/321544283_1600x1200.jpg?v=20130730","https://m3.spitogatos.gr/321544286_1600x1200.jpg?v=20130730","https://m1.spitogatos.gr/321544290_1600x1200.jpg?v=20130730","https://m1.spitogatos.gr/321544299_1600x1200.jpg?v=20130730","https://m1.spitogatos.gr/321544302_1600x1200.jpg?v=20130730","https://m2.spitogatos.gr/321544306_1600x1200.jpg?v=20130730","https://m3.spitogatos.gr/321544307_1600x1200.jpg?v=20130730",,,,,,,,,"0","1","2","1","38.047668","1","2","23.813641","400","0","0","0","2026-07-28","0","0",,"0","0","1","5","2","1",,"0","1","0","0","0","900",,,"0","0","0","0","18",,,"1","3",,"1","1","2010","0","1","1","1","1",,"0","50","1","5","Μαραθωνοδρόμου, 121, Μαρούσι Ελλάδα, 15125","1","1","0","2025-06-02","https://www.spitogatos.gr/en/property/1217680867",,"1","0","2002",,"residential"
"1","1",,"vip","4",,,,,"0","1","0","0","2026-08-07","0","0","1","0","0",,,"house",,,"1","Ανακάλυψε τα καλύτερα σημεία του Χαλανδρίου , με αυτό το ζεστό διαμέρισμα ενός υπνοδωματίου της Blueground. Προσφέρει μια πλήρως εξοπλισμένη κουζίνα, ένα όμορφο καθιστικό. Επίσης, καθ’όλη τη διάρκεια της διαμονής σου θα έχεις τη δυνατότητα να επικοινωνήσεις εύκολα και άμεσα με την ομάδα υποστήριξης πελατών και να βρεις χρήσιμες πληροφορίες τόσο για το διαμέρισμά σου όσο και για τη γειτονιά μέσω της ειδικής mobile εφαρμογής.<br><br />
<br />
Η διαφημιζόμενη τιμή των €1,060/μήνα είναι η τιμή για 1 έτος, με ημερομηνία έναρξης Αυγούστου 6, 2026.<br />
<br>Οι τιμές διαφέρουν ανάλογα με τη διάρκεια παραμονής, την εποχικότητα και άλλους παράγοντες. Επισκεφθείτε τον ιστότοπό μας και εισάγετε τις ημερομηνίες διαμονής σας για να δείτε ενημερωμένες τιμές για την κράτησή σας. Η τιμή ισχύει μόνο με προκαταβολή· ενδέχεται να είναι υψηλότερη εάν πληρωθεί σε δόσεις.<br />
<br />
<b>Κλείστε αυτό το διαμέρισμα online!</b><br />
<br />
https://www.theblueground.com/p/furnished-apartments/ath-2073?utm_source=classified-4<br />
<br />
Aναβαθμίστε τη διαμονή σας με ένα πλήρως επιπλωμένο διαμέρισμα από τη Blueground:<br />
      – Επιπλωμένα σπίτια σε τιμές αντίστοιχες με τα ανεπίπλωτα<br />
      – Χωρίς κόστη εγκατάστασης ή αγοράς επίπλων - εξοικονομήστε χρόνο και χρήματα<br />
      – Έτοιμα για άμεση μετακόμιση - το μόνο που χρειάζεστε είναι η βαλίτσα σας<br />
<br />
<b>Ο χώρος</b><br><br />
Σε αυτό το εκλεπτυσμένο Blueground διαμέρισμα ενός υπνοδωματίου, θα βρεις ένα χώρο προσεκτικά σχεδιασμένο και πλήρως εξοπλισμένο με έπιπλα μοναδικού design και ηλεκτρικές συσκευές τελευταίας τεχνολογίας.<br />
Νιώσε όμορφα και χαλαρά στο νέο σου σπίτι κάθε στιγμή. Και όταν θα θες να διασκεδάσεις, μπορείς να βγεις και να αφεθείς στον παλμό του Χαλανδρίου ή να φέρεις τη διασκέδαση σπίτι, με τα ασύρματα ηχεία ή τη smart TV.<br />
<br />
<b>Διαρρύθμιση δωματίων ύπνου</b><br />
    <br />
        Υπέρδιπλο κρεβάτι: 160 εκ.<br />
<br />
<b>Παροχές κτιρίου</b><br />
<br />
      Ασανσέρ<br />
      Θέση στάθμευσης<br />
      Επιτρέπονται κατοικίδια<br />
<br />
<br />
<b>Άφιξη και συνεχής υποστήριξη πελατών</b><br><br />
Κατά τη διάρκεια της διαμονής σου, η ομάδα μας θα είναι διαθέσιμη για να σε βοηθήσει με οτιδήποτε χρειαστείς. Μέσω της ειδικής mobile εφαρμογής της Blueground έχεις συνεχή υποστήριξη, ενώ μπορείς ακόμη να προγραμματίσεις υπηρεσίες καθαρισμού, συντήρησης ή επισκευής, με το πάτημα ενός κουμπιού.<br />
<br />
<b>Ιδανική τοποθεσία</b><br />
<br />
Το Χαλάνδρι είναι μια ζωντανή γειτονιά, που βρίσκεται στα βόρεια προάστια, μόλις 10 χιλιόμετρα από το κέντρο της Αθήνας. Το Χαλάνδρι είναι γνωστό για τις εμπορικές του συνοικίες και τη ζωντανή σκηνή των μπαρ. Η περιοχή φιλοξενεί πολλές μεγάλες πολυεθνικές εταιρείες, οργανισμούς και πρεσβείες. Εξυπηρετείται από τους σταθμούς του μετρό Χαλάνδρι & Αγία Παρασκευή, καθώς και από συνδέσεις με λεωφορεία, ενώ έχει εύκολη πρόσβαση στην Αττική Οδό.",,"1",,"1","4","0","0","2026-05-14","6",,"0","yes","yes","1","Αθήνα - Βόρεια Προάστια (Αττική)","Χαλάνδρι (Αθήνα - Βόρεια Προάστια)","1","105103","101","2122",,,"1",,"0","0","1","1219888090","https://m1.spitogatos.gr/359922042_1600x1200.jpg?v=20130730","https://m2.spitogatos.gr/359922070_1600x1200.jpg?v=20130730","https://m2.spitogatos.gr/359922106_1600x1200.jpg?v=20130730","https://m2.spitogatos.gr/359922121_1600x1200.jpg?v=20130730","https://m3.spitogatos.gr/359922143_1600x1200.jpg?v=20130730","https://m2.spitogatos.gr/359922175_1600x1200.jpg?v=20130730","https://m1.spitogatos.gr/359922186_1600x1200.jpg?v=20130730","https://m2.spitogatos.gr/359922196_1600x1200.jpg?v=20130730","https://m3.spitogatos.gr/359922224_1600x1200.jpg?v=20130730","https://m3.spitogatos.gr/359922251_1600x1200.jpg?v=20130730","https://m3.spitogatos.gr/358965071_1600x1200.jpg?v=20130730","https://m1.spitogatos.gr/358965087_1600x1200.jpg?v=20130730","https://m3.spitogatos.gr/358965101_1600x1200.jpg?v=20130730","https://m2.spitogatos.gr/358965118_1600x1200.jpg?v=20130730","https://m3.spitogatos.gr/358965134_1600x1200.jpg?v=20130730","https://m1.spitogatos.gr/358965150_1600x1200.jpg?v=20130730","https://m1.spitogatos.gr/358965165_1600x1200.jpg?v=20130730","https://m2.spitogatos.gr/358965181_1600x1200.jpg?v=20130730","https://m2.spitogatos.gr/358662373_1600x1200.jpg?v=20130730","https://m2.spitogatos.gr/358662385_1600x1200.jpg?v=20130730","https://m2.spitogatos.gr/358662397_1600x1200.jpg?v=20130730","https://m3.spitogatos.gr/358662413_1600x1200.jpg?v=20130730","https://m2.spitogatos.gr/358662427_1600x1200.jpg?v=20130730","https://m2.spitogatos.gr/358662439_1600x1200.jpg?v=20130730","https://m2.spitogatos.gr/358662448_1600x1200.jpg?v=20130730","0","0",,"0","38.018909","1","0","23.79884",,"0",,,"2026-07-28","0","0",,"0","0","1",,,"1","0","0","1","0","0","0","1060",,,"0","0","0","0","20.38",,,"1","3","6","1","0",,,,"1","0","1",,,"52","1",,"Olimpionikon 1","1","1","0","2026-05-14","https://www.spitogatos.gr/en/property/1219888090",,"0",,"2006",,
,"4",,"vip","4",,,,,,,,"0","2026-06-24","0",,"1","0","1",,,"house",,,,"Εξαιρετικό διαμέρισμα 118 τμ, 4ου ορόφου, το οποίο διαθέτει 3 Υ/Δ, 1 μπάνιο, 1 WC. Η θέρμανσή του είναι κεντρική πετρελαίου , και διαθέτει και κλιματισμό. Το ακίνητο είναι πολύ φωτεινό, ευάερο, έχει τεράστιες βεράντες με απεριόριστη θέα που το καθιστούν ιδανικό τόσο για οικογένεια 'οσο και για χρήση ως επαγγελματικής στέγης.Το ακίνητο βρίσκεται σε προνομιακό σημείο στο Χαλάνδρι με άμεση πρόσβαση σε όλα τα σημεία ενδιαφέροντος της πόλης.",,,,"1","7",,,"2026-06-23","9",,"1",,,,"Αθήνα - Βόρεια Προάστια (Αττική)","Χαλάνδρι (Αθήνα - Βόρεια Προάστια)","1","105103","101","2122","102122",,"1","1",,,"1","1220184933","https://m1.spitogatos.gr/358548465_1600x1200.jpg?v=20130730","https://m2.spitogatos.gr/358548469_1600x1200.jpg?v=20130730","https://m2.spitogatos.gr/358548466_1600x1200.jpg?v=20130730","https://m2.spitogatos.gr/358548463_1600x1200.jpg?v=20130730","https://m2.spitogatos.gr/358548457_1600x1200.jpg?v=20130730","https://m3.spitogatos.gr/358548461_1600x1200.jpg?v=20130730","https://m3.spitogatos.gr/358548497_1600x1200.jpg?v=20130730","https://m3.spitogatos.gr/358548500_1600x1200.jpg?v=20130730","https://m3.spitogatos.gr/358548488_1600x1200.jpg?v=20130730","https://m1.spitogatos.gr/358548471_1600x1200.jpg?v=20130730","https://m1.spitogatos.gr/358548483_1600x1200.jpg?v=20130730","https://m2.spitogatos.gr/358548484_1600x1200.jpg?v=20130730","https://m1.spitogatos.gr/358548480_1600x1200.jpg?v=20130730","https://m3.spitogatos.gr/358548476_1600x1200.jpg?v=20130730","https://m1.spitogatos.gr/358548474_1600x1200.jpg?v=20130730","https://m1.spitogatos.gr/358548492_1600x1200.jpg?v=20130730","https://m1.spitogatos.gr/358548495_1600x1200.jpg?v=20130730","https://m2.spitogatos.gr/358548505_1600x1200.jpg?v=20130730","https://m2.spitogatos.gr/358548508_1600x1200.jpg?v=20130730","https://m1.spitogatos.gr/358548516_1600x1200.jpg?v=20130730",,,,,,,"1",,"1","38.022339","1","1","23.800659",,,,"1","2026-07-28","1",,,,"1","1",,,,"1",,,,,,"1500",,,"0","0","0","0","12.71",,,"1",,,"1",,,,,"3",,"1",,,"118",,,,,"1",,"2026-06-23","https://www.spitogatos.gr/en/property/1220184933",,,,"1978",,
"1","1",,"vip","4",,,,,"1",,"1","0","2026-07-12","0","1","1","0","1",,,"house",,"0","1","****ΑΠΟΚΛΕΙΣΤΙΚΗ ΔΙΑΘΕΣΗ ΑΠΟ ΤΗΝ P&CC PROPERTIES**** ΣΕ ΕΞΑΙΡΕΤΙΚΟ και ΗΣΥΧΟ ΣΗΜΕΙΟ και ΜΕ ΑΜΕΣΗ ΠΡΟΣΒΑΣΗ σε ΑΤΤΙΚΗ ΟΔΟ και Λ.ΚΗΦΙΣΙΑΣ μισθώνεται ΟΡΟΦΟΜΕΖΟΝΕΤΑ (1ου-3ου ορόφου Η ΟΠΟΙΑ ΜΠΟΡΕΙ ΝΑ ΔΙΑΤΕΘΕΙ ΚΑΙ ΠΛΗΡΩΣ ΕΠΙΠΛΩΜΕΝΗ ΓΙΑ ΟΠΟΙΟΝ ΤΟ ΕΠΙΘΥΜΕΙ έναντι 1800 ευρώ ανά μήνα) ΑΠΟΤΕΛΟΥΜΕΝΗ ΑΠΟ ΤΡΙΑ ΕΠΙΠΕΔΑ συν ΣΟΦΙΤΑ οπού στο πρώτο επιπεδο έχουμε έναν ΠΟΛΥ ΟΜΟΡΦΟ ΑΝΙΣΟΠΕΔΟ ΧΩΡΟ ΥΠΟΔΟΧΗΣ με υπέροχο living room με ΕΝΕΡΓΕΙΑΚΟ ΤΣΑΚΙ και πρόσβαση στην ΜΕΓΑΛΗ ΒΕΡΑΝΤΑ, ενώ στο ίδιο επίπεδο είναι και η ΜΕΓΑΛΗ OPEN PLAN ΕΝΤΟΙΧΙΣΜΕΝΗ ΚΟΥΖΙΝΑ με μασίφ ιταλικά έπιπλα και ένα wc επισκεπτών. Στο δέυτερο επίπεδο συναντάμε ένα ΔΕΥΤΕΡΟ ΚΑΘΙΣΤΙΚΟ αλλά και χώρο τραπεζαρίας και γραφείου ενώ στο τρίτο επίπεδο έχουμε ΤΡΙΑ ΥΠΝΟΔΩΜΑΤΙΑ με πρόσβαση σε βεράντες εκ των οποίων ΤΟ ΕΝΑ MASTER  με δικό του λουτρό συν ένα επίπλέον λουτρό που εξυπηρετεί τα άλλα δύο υπνοδωμάτια. ΕΠΙΠΛΕΟΝ υπάρχει και ΜΕΓΑΛΗ ΣΟΦΙΤΑ (με κανονικό ύψος) η οποία διαθέτει δικό της λουτρό αλλά και πολύ μεγάλη βεράντα. Η σοφίτα μπορεί να λειτουργήσει και σαν πολύ μεγάλο τέταρτο υπνοδωμάτιο ή χώρο εργασίας η ακόμα και playroom. Το ακίνητο εκτός των άλλων διαθέτει ΞΥΛΙΝΑ ΔΑΠΕΔΑ ΕΞΑΙΡΕΤΙΚΗΣ ΠΟΙΟΤΗΤΑΣ ΠΑΝΤΟΥ, ΑΥΤΟΝΟΜΙΑ ΘΕΡΜΑΝΣΗΣ ανά επίπεδο, ΚΛΙΜΑΤΙΣΜΟ στα δύο δωμάτια, ΚΟΥΦΩΜΑΤΑ ΑΛΟΥΜΙΝΙΟΥ ΜΕ ΔΙΠΛΑ ΚΡΥΣΤΑΛΛΑ ΚΑΙ ΣΙΤΕΣ ΠΑΝΤΟΥ,  εγκατεστημένο ΗΛΙΑΚΟ, BOILER, ΤΕΝΤΕΣ, ΠΟΡΤΑ ΑΣΦΑΛΕΙΑΣ, ΜΕΓΑΛΗ ΑΠΟΘΗΚΗ υπογείου, ΧΩΡΙΣ ΚΟΙΝΟΧΡΗΣΤΑ και θα παραδοθεί ΦΡΕΣΚΟΒΑΜΜΕΝΟ σε ΚΑΤΑΣΤΑΣΗ ΚΑΙΝΟΥΡΙΟΥ. Τα κατοικιδια ΔΕΝ γίνονται δεκτά λόγω της ύπαρξης ξύλινων δαπέδων σε όλο το ακίνητο. ΔΙΑΘΕΣΙΜΟ ΑΠΟ 10/9. **** ΤΟ ΑΚΙΝΗΤΟ ΜΠΟΡΕΙ ΝΑ ΠΑΡΑΔΟΘΕΙ ΚΑΙ ΠΛΗΡΩΣ ΕΠΙΠΛΩΜΕΝΟ ΕΝΑΝΤΙ 1800 ΕΥΡΩ ΑΝΑ ΜΗΝΑ ****ΟΙ ΠΑΡΑΠΑΝΩ ΤΙΜΕΣ ΕΙΝΑΙ ΤΕΛΙΚΕΣ****",,,,,"5","1","1","2026-07-12","6","2",,"yes",,,"Αθήνα - Βόρεια Προάστια (Αττική)","Μαρούσι (Αθήνα - Βόρεια Προάστια)","1","105103","101","2111","117001","Double","1","1",,,"1","1220362863","https://m3.spitogatos.gr/361390340_1600x1200.jpg?v=20130730","https://m3.spitogatos.gr/361390487_1600x1200.jpg?v=20130730","https://m1.spitogatos.gr/361390485_1600x1200.jpg?v=20130730","https://m1.spitogatos.gr/361390728_1600x1200.jpg?v=20130730","https://m1.spitogatos.gr/361390332_1600x1200.jpg?v=20130730","https://m2.spitogatos.gr/361390309_1600x1200.jpg?v=20130730","https://m2.spitogatos.gr/361390327_1600x1200.jpg?v=20130730","https://m3.spitogatos.gr/361390322_1600x1200.jpg?v=20130730","https://m2.spitogatos.gr/361390318_1600x1200.jpg?v=20130730","https://m2.spitogatos.gr/361390321_1600x1200.jpg?v=20130730","https://m3.spitogatos.gr/361390319_1600x1200.jpg?v=20130730","https://m1.spitogatos.gr/361390311_1600x1200.jpg?v=20130730","https://m1.spitogatos.gr/361390305_1600x1200.jpg?v=20130730","https://m3.spitogatos.gr/361390316_1600x1200.jpg?v=20130730","https://m2.spitogatos.gr/361390330_1600x1200.jpg?v=20130730","https://m3.spitogatos.gr/361390307_1600x1200.jpg?v=20130730","https://m3.spitogatos.gr/361390328_1600x1200.jpg?v=20130730","https://m1.spitogatos.gr/361390911_1600x1200.jpg?v=20130730","https://m3.spitogatos.gr/361390331_1600x1200.jpg?v=20130730","https://m3.spitogatos.gr/361390310_1600x1200.jpg?v=20130730","https://m2.spitogatos.gr/361390315_1600x1200.jpg?v=20130730","https://m1.spitogatos.gr/361390320_1600x1200.jpg?v=20130730","https://m1.spitogatos.gr/361390329_1600x1200.jpg?v=20130730","https://m1.spitogatos.gr/361390317_1600x1200.jpg?v=20130730","https://m3.spitogatos.gr/361390325_1600x1200.jpg?v=20130730","1",,"2","1","38.043934","3","2","23.812138",,"1",,,"2026-07-28","0",,,,"2","3",,"11","1",,"1",,"1",,,"1500","2026-07-16 08:54:55","17","0","0","0","0","7.98","1800","true","1","6",,"1","1",,,"1","4","1","1",,"1","188","1",,,,"3",,"2026-07-12","https://www.spitogatos.gr/en/property/1220362863",,,"1","2005",,"residential"
"1","1","no","vip","4",,,,,"1","1","0","0","2026-07-08","0","0","1","0","1","0",,"house","0",,"0","ΧΑΛΑΝΔΡΙ Διατίθεται προς ενοικίαση εξαιρετικό διαμέρισμα 61 τ.μ., στον 1ο όροφο, πλήρως ανακαινισμένο, επιπλωμένο και εξοπλισμένο με όλες τις απαραίτητες ηλεκτρικές συσκευές, έτοιμο να υποδεχθεί τους νέους του ενοίκους χωρίς καμία επιπλέον ανάγκη. Η κατοικία διαθέτει φωτεινό χώρο υποδοχής με άνετη διαρρύθμιση, ο οποίος συνδυάζεται αρμονικά με σύγχρονη κουζίνα open plan, δημιουργώντας έναν λειτουργικό και ευχάριστο χώρο καθημερινής διαβίωσης. Περιλαμβάνει ένα ευρύχωρο υπνοδωμάτιο και ένα μοντέρνο λουτρό, ενώ η ιδιαίτερα ευχάριστη βεράντα αποτελεί ιδανικό σημείο για στιγμές χαλάρωσης και φιλοξενίας. Το διαμέρισμα προσφέρει υψηλή ενεργειακή απόδοση και σύγχρονες ανέσεις, καθώς διαθέτει αντλία θερμότητας για οικονομική θέρμανση και ψύξη, ηλιακό θερμοσίφωνα για μειωμένη κατανάλωση ενέργειας, ενεργειακά κουφώματα αλουμινίου με θερμοδιακοπή και ποιοτικούς διπλούς υαλοπίνακες που εξασφαλίζουν άριστη θερμομόνωση και ηχομόνωση. Επιπλέον, διαθέτει πόρτα ασφαλείας για μεγαλύτερη προστασία και ιδιωτική θέση στάθμευσης, προσφέροντας σημαντική ευκολία στην καθημερινότητα. Πρόκειται για μια εξαιρετική επιλογή που συνδυάζει σύγχρονη αισθητική, λειτουργικότητα και άνεση, ιδανική για επαγγελματίες, ζευγάρια ή όσους αναζητούν μια κατοικία υψηλών προδιαγραφών, πλήρως εξοπλισμένη και έτοιμη προς άμεση εγκατάσταση. (Κωδ 4394)  <br />
<br />
Το στίγμα στο χάρτη είναι ενδεικτικό και δεν υποδεικνύει ακριβή θέση του ακινήτου.<br />
<br />
Η περιγραφή βασίζεται σε πληροφορίες από τον ιδιοκτήτη ή εκπρόσωπο του. Τα στοιχεία παρέχονται με καλή πίστη και δεν αποτελούν μέρος σύμβασης. Το κτηματομεσιτικό γραφείο  Home Project δεν φέρει καμία ευθύνη για την ακρίβεια των πληροφοριών.",,"1","0","1","2","1","0","2026-07-08","6",,"0","yes","yes","0","Αθήνα - Βόρεια Προάστια (Αττική)","Χαλάνδρι (Αθήνα - Βόρεια Προάστια)","1","105103","101","2122",,"Double","1",,"0","0","1","1220330263","https://m3.spitogatos.gr/360904034_1600x1200.jpg?v=20130730","https://m1.spitogatos.gr/360904038_1600x1200.jpg?v=20130730","https://m2.spitogatos.gr/360904042_1600x1200.jpg?v=20130730",,,,,,,,,,,,,,,,,,,,,,,"0","0","2","1","38.010391","1","1","23.787741",,"0",,"0","2026-07-28","0","0",,"0","0","1",,"1","1","0","1",,"0","0","0","1300",,,"0","0","0","0","21.31",,,"1","3","6","1","1","2025","0",,"1","1","1",,"1","61","0",,,"0","1","0","2026-07-08","https://www.spitogatos.gr/en/property/1220330263",,"1","0","1983",,
"0","3",,"vip","4","Σοφία","39106","Τιμοθέου",,"0","1","0","0","2026-07-07","0","0","1","0","1",,,"house",,"30","0","ΜΑΡΟΥΣΙ - Διαμέρισμα 150τμ σε οικόπεδο 2000τμ, 3 υ/δ, 1 master, 3ος, εξαιρετική κατάσταση, κατασκευή 2007, ενεργειακή κλάση Γ, σαλόνι, κουζίνα, 2 μπάνια, wc, αυτόνομη θέρμανση (φυσικό αέριο), μία κλειστή θέση parking, ήσυχο, φωτεινό, πρόσοψης, βαμμένο, ηλεκτρικά ρολά, αποθήκη 5τμ, ηλιακός, τζάκι, βεράντες, μεγάλες βεράντες, ασανσέρ, κήπος, κουφώματα αλουμινίου, διπλά τζάμια, σίτες, τύπος δαπέδων πλακάκι & ξύλο, τριφασικό ρεύμα, νυχτερινό ρεύμα, πόρτα ασφαλείας, συναγερμός, θυροτηλεόραση, εντός σχεδίου, οικιστική ζώνη, προσανατολισμός βορειοανατολικός, πρόσβαση: άσφαλτο.<br />
ΜΑΡΟΥΣΙ – Εξαιρετικό διαμέρισμα 150 τ.μ. με μεγάλες βεράντες και κλειστή θέση στάθμευσης<br />
<br />
Διατίθεται προς ενοικίαση φωτεινό και ιδιαίτερα προσεγμένο διαμέρισμα 150 τ.μ., στον 3ο όροφο σύγχρονης πολυκατοικίας, σε οικόπεδο 2.000 τ.μ., σε ήσυχη οικιστική περιοχή του Αμαρουσίου.<br />
Η κατοικία διαθέτει άνετο χώρο υποδοχής με τζάκι, τραπεζαρία και ενιαία (open plan) κουζίνα, προσφέροντας λειτουργικότητα και άνεση στην καθημερινότητα. Αποτελείται από τρία ευρύχωρα υπνοδωμάτια, εκ των οποίων το ένα είναι master με ιδιωτικό μπάνιο, ένα επιπλέον πλήρες μπάνιο που εξυπηρετεί τα υπόλοιπα δύο υπνοδωμάτια, καθώς και ένα WC επισκεπτών.<br />
Οι μεγάλες βεράντες προσφέρουν άπλετο φυσικό φως και ευχάριστους χώρους εξωτερικής διαβίωσης, ενώ ο βορειοανατολικός προσανατολισμός εξασφαλίζει δροσιά και φωτεινότητα καθ' όλη τη διάρκεια της ημέρας.<br />
Το διαμέρισμα βρίσκεται σε εξαιρετική κατάσταση και διαθέτει αυτόνομη θέρμανση φυσικού αερίου, ηλιακό θερμοσίφωνα, ηλεκτρικά ρολά, κουφώματα αλουμινίου με διπλά ενεργειακά τζάμια και σίτες, δάπεδα από πλακάκι και ξύλο, πόρτα ασφαλείας, συναγερμό, θυροτηλεόραση, τριφασικό και νυχτερινό ρεύμα, καθώς και ανελκυστήρα.<br />
Στην κατοικία αντιστοιχούν μία κλειστή θέση στάθμευσης και αποθήκη 5 τ.μ. στο υπόγειο. Το κτίριο περιβάλλεται από όμορφα διαμορφωμένο κοινόχρηστο κήπο και διαθέτει εύκολη πρόσβαση από ασφαλτοστρωμένο δρόμο.<br />
<br />
Χαρακτηριστικά:<br />
•	150 τ.μ.<br />
•	3ος όροφος<br />
•	3 υπνοδωμάτια (1 master)<br />
•	2 μπάνια + 1 WC<br />
•	Σαλόνι με τζάκι<br />
•	Open plan κουζίνα<br />
•	Αυτόνομη θέρμανση φυσικού αερίου<br />
•	Ηλιακός θερμοσίφωνας<br />
•	Κλειστή θέση στάθμευσης<br />
•	Αποθήκη 5 τ.μ.<br />
•	Μεγάλες βεράντες<br />
•	Ασανσέρ<br />
•	Ηλεκτρικά ρολά<br />
•	Κουφώματα αλουμινίου με διπλά τζάμια και σίτες<br />
•	Πόρτα ασφαλείας, συναγερμός, θυροτηλεόραση<br />
•	Ενεργειακή κλάση Γ<br />
<br />
Μια εξαιρετική επιλογή για όσους αναζητούν μία ευρύχωρη, ποιοτική κατοικία σε προνομιακή και ήσυχη περιοχή του Αμαρουσίου.<br />
<br />
Τιμή €1.800 (κωδ. 17390)<br />
DOVAS Real Estate 📍 Εδρεύουμε στην Κηφισιά (Κολοκοτρώνη 4, 📞 210 6230 900)  και στο Κολωνάκι (Ακαδημίας 16, 📞 211 7506 849).  Το χαρτοφυλάκιό μας ανανεώνεται καθημερινά με νέα ακίνητα.",,"0",,"1","5","1","1","2026-07-07","8","10","0","no","yes","1","Αθήνα - Βόρεια Προάστια (Αττική)","Μαρούσι (Αθήνα - Βόρεια Προάστια)","1","105103","101","2111",,"Double","1","2","0","0","1","1220319863","https://m1.spitogatos.gr/360724263_1600x1200.jpg?v=20130730","https://m1.spitogatos.gr/360724266_1600x1200.jpg?v=20130730","https://m3.spitogatos.gr/360724268_1600x1200.jpg?v=20130730","https://m3.spitogatos.gr/360724271_1600x1200.jpg?v=20130730","https://m1.spitogatos.gr/360724275_1600x1200.jpg?v=20130730","https://m3.spitogatos.gr/360724277_1600x1200.jpg?v=20130730","https://m2.spitogatos.gr/360724279_1600x1200.jpg?v=20130730","https://m2.spitogatos.gr/360724282_1600x1200.jpg?v=20130730","https://m3.spitogatos.gr/360724286_1600x1200.jpg?v=20130730","https://m1.spitogatos.gr/360724290_1600x1200.jpg?v=20130730","https://m1.spitogatos.gr/360724293_1600x1200.jpg?v=20130730","https://m2.spitogatos.gr/360724297_1600x1200.jpg?v=20130730","https://m1.spitogatos.gr/360724299_1600x1200.jpg?v=20130730","https://m1.spitogatos.gr/360724302_1600x1200.jpg?v=20130730",,,,,,,,,,,,"0","0","2","1","38.051315","1","1","23.796934","2000","0",,,"2026-07-28","0","0",,"1","1","2",,"5","1","0","1",,"0","0","0","1800",,,"0","0","0","0","12",,,"1","3","6","1","0",,"0","1","3","0","1",,"1","150","1","5",,"0","1","0","2026-07-07","https://www.spitogatos.gr/en/property/1220319863",,"0",,"2007",,"residential"
"0","1",,"vip","4",,,,,"1","0","0","0","2026-07-25","0","1","1","0","1","0",,"house","0",,"1","Εξαιρετικό ηλιόλουστο οροφοδιαμέρισμα 120 τ.μ., σε προνομιακή τοποθεσία, σε μικρή απόσταση από το κέντρο του Αμαρουσίου και τον σταθμό ΗΣΑΠ, με άμεση πρόσβαση σε αγορά, σχολεία και συγκοινωνίες.<br />
Το διαμέρισμα διαθέτει ευρύχωρο και φωτεινό σαλόνι, ανεξάρτητη κουζίνα, τρία άνετα υπνοδωμάτια και ένα μπάνιο. Οι μεγάλες βεράντες με τέντες προσφέρουν άνετους χώρους για χαλάρωση και καθημερινή χρήση.<br />
Είναι εξοπλισμένο με κουφώματα αλουμινίου με διπλά ενεργειακά τζάμια, ενώ διαθέτει πλήρως αυτόνομη θέρμανση φυσικού αερίου με ατομικό  λέβητα, εξασφαλίζοντας οικονομία και άνεση όλο τον χρόνο.<br />
Μια ιδανική επιλογή για οικογένειες ή όσους αναζητούν μια ευρύχωρη κατοικία σε μία από τις πιο περιζήτητες περιοχές των βορείων προαστίων.<br />
Θέα οικιστική.<br />
Μεσιτικό Καρώνη τηλ. 2106125826, 6932535700<br />
www.mesitikokaroni.gr",,,"0","0","6","1","0","2026-07-25","6","6","0","no","no","1","Αθήνα - Βόρεια Προάστια (Αττική)","Μαρούσι (Αθήνα - Βόρεια Προάστια)","1","105103","101","2111","106298","Double","1","2","0","0","1","1220486046","https://m2.spitogatos.gr/363224077_1600x1200.jpg?v=20130730","https://m2.spitogatos.gr/363224095_1600x1200.jpg?v=20130730","https://m2.spitogatos.gr/363224089_1600x1200.jpg?v=20130730","https://m2.spitogatos.gr/363224092_1600x1200.jpg?v=20130730","https://m1.spitogatos.gr/363224082_1600x1200.jpg?v=20130730","https://m3.spitogatos.gr/363224090_1600x1200.jpg?v=20130730","https://m1.spitogatos.gr/363224085_1600x1200.jpg?v=20130730","https://m3.spitogatos.gr/363224093_1600x1200.jpg?v=20130730","https://m1.spitogatos.gr/363224094_1600x1200.jpg?v=20130730","https://m3.spitogatos.gr/363224087_1600x1200.jpg?v=20130730","https://m1.spitogatos.gr/363224088_1600x1200.jpg?v=20130730","https://m1.spitogatos.gr/363224091_1600x1200.jpg?v=20130730","https://m2.spitogatos.gr/363224890_1600x1200.jpg?v=20130730","https://m2.spitogatos.gr/363224083_1600x1200.jpg?v=20130730","https://m3.spitogatos.gr/363224783_1600x1200.jpg?v=20130730","https://m3.spitogatos.gr/363224084_1600x1200.jpg?v=20130730","https://m1.spitogatos.gr/363224079_1600x1200.jpg?v=20130730","https://m3.spitogatos.gr/363224078_1600x1200.jpg?v=20130730","https://m3.spitogatos.gr/363224081_1600x1200.jpg?v=20130730","https://m1.spitogatos.gr/363224781_1600x1200.jpg?v=20130730","https://m2.spitogatos.gr/363224080_1600x1200.jpg?v=20130730",,,,,"0","0","2","1","38.05328","1","1","23.798809",,,"0",,"2026-07-28","1","0",,"0","0","1","2","10","1",,"0",,"0","0","0","1050",,,"0","0","0","0","8.75",,,"1","3","6","1","1","2025","0","1","3","0","1",,"0","120","0",,,"0","1","0","2026-07-25","https://www.spitogatos.gr/en/property/1220486046",,"1","1","1981",,"residential"
"1","4",,"vip","4","Ευάγγελος","2945","Σταματόπουλος","","1","1","0","0","2026-07-26","0","0","1","0","1",,,"house",,"0","1","ΜΑΡΟΥΣΙ, Παράδεισος - Διαμέρισμα 138τμ, 3 υ/δ, 4ος, ανακαινισμένο, κατασκευή 1980, ανακαίνιση 2026, ενεργειακή κλάση Ε, σαλόνι, κουζίνα, 2 μπάνια, κεντρική θέρμανση (φυσικό αέριο), κλιματισμός, μία θέση parking στην πιλοτή, ήσυχο, διαμπερές, φωτεινό, γωνιακό, θέα πανοραμική, πρόσοψης, βαμμένο, αποθήκη, ηλιακός, τζάκι, βεράντες, μεγάλες βεράντες, ασανσέρ, κουφώματα αλουμινίου, διπλά τζάμια, τύπος δαπέδων μάρμαρο & ξύλο, ανεξάρτητη κουζίνα, πόρτα ασφαλείας, συναγερμός, επιτρέπονται κατοικίδια, εντός σχεδίου, οικιστική ζώνη.<br />
Στο Μαρούσι, στην περιοχή Παράδεισος, διατίθεται προς ενοικίαση εξαιρετικό διαμέρισμα 138 τ.μ., 4ου ορόφου, σε προσεγμένη πολυκατοικία.<br />
<br />
Το διαμέρισμα αποτελείται από άνετο και φωτεινό καθιστικό, ξεχωριστή κουζίνα, τρία ευρύχωρα υπνοδωμάτια και δύο μπάνια. <br />
<br />
Διαθέτει μεγάλες βεράντες που προσφέρουν άνεση και φυσικό φως σε όλους τους χώρους.<br />
<br />
Βρίσκεται σε ήσυχη και ιδιαίτερα προνομιακή τοποθεσία στον Παράδεισο Αμαρουσίου, με άμεση πρόσβαση στην Λεωφόρο Κηφισίας, σε εμπορικά καταστήματα, γραφεία, μέσα μεταφοράς και όλες τις απαραίτητες καθημερινές εξυπηρετήσεις<br />
.<br />
Αποτελεί ιδανική επιλογή για οικογένεια ή επαγγελματίες που αναζητούν ένα ευρύχωρο διαμέρισμα.<br />
<br />
Τιμή €1.500 (κωδ. 16579)<br />
DOVAS Real Estate 📍 Εδρεύουμε στην Κηφισιά (Κολοκοτρώνη 4, 📞 210 6230 900)  και στο Κολωνάκι (Ακαδημίας 16, 📞 211 7506 849).  Το χαρτοφυλάκιό μας ανανεώνεται καθημερινά με νέα ακίνητα.",,"0",,"1","7","1","1","2026-02-26","9","6","0","no","yes","0","Αθήνα - Βόρεια Προάστια (Αττική)","Μαρούσι (Αθήνα - Βόρεια Προάστια)","1","105103","101","2111","117002","Double","2","2","0","0","1","1219446728","https://m2.spitogatos.gr/363297691_1600x1200.jpg?v=20130730","https://m1.spitogatos.gr/363297693_1600x1200.jpg?v=20130730","https://m3.spitogatos.gr/346077512_1600x1200.jpg?v=20130730","https://m3.spitogatos.gr/346077515_1600x1200.jpg?v=20130730","https://m1.spitogatos.gr/346077519_1600x1200.jpg?v=20130730","https://m1.spitogatos.gr/347297715_1600x1200.jpg?v=20130730","https://m1.spitogatos.gr/347297718_1600x1200.jpg?v=20130730","https://m3.spitogatos.gr/347297720_1600x1200.jpg?v=20130730","https://m2.spitogatos.gr/347297722_1600x1200.jpg?v=20130730","https://m2.spitogatos.gr/347297725_1600x1200.jpg?v=20130730",,,,,,,,,,,,,,,,"0","0","2","1","38.033352","1","1","23.800323",,"0",,,"2026-07-28","0","0",,"0","0","2",,,"1","0","0","1","0","0","0","1500",,,"0","0","0","0","10.87",,,"1","3","6","1","1","2026","0",,"3","0","1",,"1","138","1",,,"0","1","0","2026-02-26","https://www.spitogatos.gr/en/property/1219446728",,"1",,"1980",,"residential"
"1","2",,"vip","4","Μαρία","39734","Χριστέλλου",,"1","1","0","0","2026-06-29","0","0","1","0","1",,,"house",,"0","0","ΧΑΛΑΝΔΡΙ, Κάτω Χαλάνδρι - Οροφοδιαμέρισμα 184τμ, μη επιπλωμένο, 3 υ/δ, 1 master, 2ος (184τμ), ρετιρέ, πολύ καλή κατάσταση, κατασκευή 1980, ανακαίνιση 2019, ενεργειακή κλάση Η, σαλόνι, χωλ, κουζίνα, 3 μπάνια, αυτόνομη θέρμανση (αντλία θερμότητας), κλιματισμός, ήσυχο, διαμπερές, φωτεινό, πρόσοψης, βαμμένο, ηλιακός, τζάκι, βεράντες, μεγάλες βεράντες, ασανσέρ, εντοιχισμένες συσκευές, κουφώματα αλουμινίου, διπλά τζάμια, τύπος δαπέδων ξύλο, ανεξάρτητη κουζίνα, γραφείο, πόρτα ασφαλείας, συναγερμός, θυροτηλεόραση, δωμάτιο υπηρεσίας, internet, εντός σχεδίου, οικιστική ζώνη.<br />
ΠΕΡΙΓΡΑΦΗ <br />
ΕΞΑΙΡΕΤΙΚΟ ΡΕΤΙΡΕ ΟΡΟΦΟΔΙΑΜΕΡΙΣΜΑ 185 τμ ΠΡΟΣ ΕΝΟΙΚΙΑΣΗ ΣΤΟ ΧΑΛΑΝΔΡΙ ΠΛΗΣΙΟΝ ΑΒΑΝΑΣ ΣΕ ΤΡΙΩΡΟΦΗ ΠΟΛΥΚΑΤΟΙΚΙΑ  ΩΡΑΙΑΣ ΑΙΣΘΗΤΙΚΗΣ.<br />
ΔΙΑΘΕΤΕΙ ΜΕΓΑΛΗ ΕΙΣΟΔΟ/ΧΟΛ , ΠΟΛΥ ΜΕΓΑΛΟ ΣΑΛΟΝΙ ΜΕ ΤΖΑΚΙ ΚΑΙ ΠΡΟΣΒΑΣΗ ΣΕ ΜΕΓΑΛΗ ΣΚΕΠΑΣΤΗ ΒΕΡΑΝΤΑ, ΤΡΑΠΕΖΑΡΙΑ ΜΕ ΠΟΡΤΑ ΠΟΥ ΣΥΓΚΟΙΝΩΝΕΙ ΜΕ ΤΗΝ ΑΝΕΞΑΡΤΗΤΗ ΚΟΥΖΙΝΑ. <br />
Η ΚΟΥΖΙΝΑ ΕΙΝΑΙ ΔΙΧΩΡΗ ΜΕ ΜΕΓΑΛΑ ΠΑΡΑΘΥΡΑ ΚΑΙ ΜΠΑΛΚΟΝΙ ΚΑΙ ΧΩΡΟ ΚΑΘΙΣΤΙΚΟΥ/ ΤΡΑΠΕΖΑΡΙΑΣ. ΣΤΗΝ ΚΟΥΖΙΝΑ ΥΠΑΡΧΕΙ ΠΟΡΤΑ Η ΟΠΟΙΑ ΟΔΗΓΕΙ ΣΤΟ ΔΩΜΑΤΙΟ ΥΠΗΡΕΣΙΑΣ , ΤΟ ΟΠΟΙΟ ΔΙΑΘΕΤΕΙ ΜΠΑΝΙΟ.<br />
ΔΕΞΙΑ ΤΗΣ ΕΙΣΟΔΟΥ ΞΕΚΙΝΑΕΙ ΔΙΑΔΡΟΜΟΣ Ο ΟΠΟΙΟΣ ΟΔΗΓΕΙ ΣΤΑ 3 Υ/Δ.  TO 1 MASTER KAI TA  ΑΛΛΑ ΔΥΟ ΕΧΟΥΝ ΚΟΙΝΟ ΜΠΑΝΙΟ. ΚΑΙ ΤΑ 2 ΑΥΤΑ Υ/Δ  ΜΟΙΡΑΖΟΝΤΑΙ ΕΝΑ ΜΕΓΑΛΟ ΜΠΑΛΚΟΝΙ.<br />
<br />
Τιμή €2.300 (κωδ. 15845)<br />
DOVAS Real Estate 📍 Εδρεύουμε στην Κηφισιά (Κολοκοτρώνη 4, 📞 210 6230 900)  και στο Κολωνάκι (Ακαδημίας 16, 📞 211 7506 849).  Το χαρτοφυλάκιό μας ανανεώνεται καθημερινά με νέα ακίνητα.",,"0",,"1","9","1","1","2026-06-15","7","2","0","no","no","0","Αθήνα - Βόρεια Προάστια (Αττική)","Χαλάνδρι (Αθήνα - Βόρεια Προάστια)","1","105103","101","2122","329483","Double","1","13","0","0","1","1220127383","https://m2.spitogatos.gr/357369079_1600x1200.jpg?v=20130730","https://m3.spitogatos.gr/357369080_1600x1200.jpg?v=20130730","https://m1.spitogatos.gr/357369081_1600x1200.jpg?v=20130730","https://m2.spitogatos.gr/357369082_1600x1200.jpg?v=20130730","https://m3.spitogatos.gr/357369083_1600x1200.jpg?v=20130730","https://m1.spitogatos.gr/357369084_1600x1200.jpg?v=20130730","https://m3.spitogatos.gr/357369086_1600x1200.jpg?v=20130730","https://m2.spitogatos.gr/357369088_1600x1200.jpg?v=20130730","https://m1.spitogatos.gr/357369090_1600x1200.jpg?v=20130730","https://m3.spitogatos.gr/357369092_1600x1200.jpg?v=20130730","https://m1.spitogatos.gr/357369093_1600x1200.jpg?v=20130730","https://m3.spitogatos.gr/357369095_1600x1200.jpg?v=20130730","https://m1.spitogatos.gr/357369096_1600x1200.jpg?v=20130730","https://m2.spitogatos.gr/357369097_1600x1200.jpg?v=20130730","https://m3.spitogatos.gr/357369098_1600x1200.jpg?v=20130730","https://m1.spitogatos.gr/357369099_1600x1200.jpg?v=20130730","https://m2.spitogatos.gr/357369100_1600x1200.jpg?v=20130730","https://m3.spitogatos.gr/357369101_1600x1200.jpg?v=20130730","https://m1.spitogatos.gr/357369102_1600x1200.jpg?v=20130730","https://m2.spitogatos.gr/357369103_1600x1200.jpg?v=20130730","https://m3.spitogatos.gr/357369104_1600x1200.jpg?v=20130730","https://m1.spitogatos.gr/357369105_1600x1200.jpg?v=20130730","https://m2.spitogatos.gr/357369106_1600x1200.jpg?v=20130730",,,"0","0","2","1","38.019077","1","1","23.788445",,"0",,,"2026-07-28","0","0",,"0","0","3",,,"1","1","0",,"0","0","0","2300",,,"0","0","0","0","12.5",,,"1","3","6","1","1","2019","0",,"3","0","1",,"1","184","0",,,"0","1","0","2026-06-15","https://www.spitogatos.gr/en/property/1220127383",,"0","1","1980",,"residential"
"0","2","no","vip","4",,,,,"0","0","0","0","2026-05-22","0","0","1","15","1","0",,"house",,"25","1","Κωδικός ακινήτου: 1-1407 - Μαρούσι Άγιος Νικόλαος  ΕΝΟΙΚΙΑΖΕΤΑΙ  κατά αποκλειστικότητα  επιπλωμένο διαμέρισμα  στον 2 ο όροφο συνολικής επιφάνειας 55.00 τ.μ.  . Αποτελείται από 1 υπνοδωμάτιο, σαλόνι, κουζίνα, μπάνιο . Είναι κατασκευασμένο το 1980 με ενεργειακή κλάση Η  και διαθέτει θέρμανση αυτόνομη - πετρελαίου, θέα σε αστικό τοπίο, κουφώματα αλουμινίου συρόμενα, πατώματα από μάρμαρο και ξύλο, πόρτα ασφαλείας, ντουλάπες, ανελκυστήρα, κήπο, ηλεκτρικές συσκευές, διπλά τζάμια, ανοιχτωσιά, μπαλκόνια 15 τ.μ.      - Τιμή: 750 €  <br>ΜΑΡΟΥΣΙ (Αθήνα) ενοικιάζεται εκπληκτικής τοποθεσίας διαμέρισμα συνολικής επιφάνειας 55 τ.μ., 2ου ορόφου, με ασανσέρ, κατασκευής 1980, με αυτόνομη θέρμανση πετρέλαιο, επιπλωμένο, με ηλεκτρικές συσκευές (εκτός πλυντηρίου), γωνιακό, προσόψεως, ευάερο και ευήλιο, σε καλή κατάσταση. Βρίσκεται σε προνομιακή θέση, πλησίον της Λεωφόρου Κηφισίας, σε ένα από τα πλέον αναπτυγμένα και εμπορικά σημεία των βορείων προαστίων, προσφέροντας άμεση πρόσβαση σε κεντρικούς οδικούς άξονες, αγορές, επαγγελματικά κέντρα, χώρους εστίασης, υπηρεσίες, καταστήματα και καθημερινές παροχές που εξυπηρετούν κάθε ανάγκη. Απέχει 600 μέτρα από το Δάσος Συγγρού, ιδανικό για περίπατο, άθληση και επαφή με τη φύση, 1 χλμ. από το Γενικό Νοσοκομείο Αττικής ΚΑΤ, 1 χλμ. από τη Λεωφόρο Ειρήνης και μόλις 400 μέτρα από τον σταθμό ΗΣΑΠ Μαρούσι, εξασφαλίζοντας γρήγορες μετακινήσεις προς το κέντρο και τις γύρω περιοχές. Η γειτονιά συνδυάζει οικιστικό χαρακτήρα με έντονη εμπορική δραστηριότητα, διατηρώντας παράλληλα ισορροπία ανάμεσα στην ηρεμία και τη λειτουργικότητα, γεγονός που την καθιστά ιδιαίτερα ελκυστική για μόνιμη διαμονή. Στο εσωτερικό του ακινήτου συναντάμε ένα άνετο και φωτεινό σαλόνι, ανεξάρτητη κουζίνα, ένα ευρύχωρο υπνοδωμάτιο και μπάνιο. Επιπλέον, διαθέτει βεράντα 15 τ.μ., ιδανική για στιγμές χαλάρωσης και κοινωνικές συναθροίσεις. Αποτελεί εξαιρετική επιλογή για εργαζόμενους, επαγγελματίες, ζευγάρια, φοιτητές, στελέχη εταιρειών, ιατρικό προσωπικό ή άτομα που αναζητούν άνετη κατοικία σε κομβικό σημείο με υψηλό επίπεδο εξυπηρέτησης και εύκολη πρόσβαση σε μέσα μεταφοράς και βασικές υποδομές.          <br><br>Για την υπόδειξη του ακινήτου είναι απαραίτητη η προσκόμιση αστυνομικής ταυτότητας και το Α.Φ.Μ. σας (σύμφωνα με τον Ν.4072/11-4-2012 ΦΕΚ 86 Α). Παρακαλούμε για ραντεβού υπόδειξης επικοινωνήστε μαζί μας. Η επιτόπια υπόδειξη του ακινήτου επιβαρύνεται με 10€ πλέον ΦΠΑ 24%. Με την ολοκλήρωση της πράξης το παραπάνω ποσόν αφαιρείται από την Μεσιτική αμοιβή. Όλες οι πληροφορίες βασίζονται σε πληροφορίες που έχει προσκομίσει ο εντολέας. Η εταιρεία και οι συνεργάτες λειτουργούν στα πλαίσια εσωτερικού κανονισμού πιστοποιώντας την ποιότητα των παρεχόμενων υπηρεσιών σύμφωνα με τον νόμο περί μεσιτείας της Ελληνικής και Ευρωπαϊκής νομοθεσίας. Μέλος Διοικητικού Συμβουλίου Συλλόγου Μεσιτών Αστικών Συμβάσεων Θεσσαλονίκης - Ομοσπονδία Μεσιτών Αστικών Συμβάσεων Ελλάδος. <br> <br>",,,,"1","9","1","0","2026-05-22","7","6","0","yes","no","1","Αθήνα - Βόρεια Προάστια (Αττική)","Μαρούσι (Αθήνα - Βόρεια Προάστια)","1","105103","101","2111","106340","Double","1","1","0","0","1","1219931988","https://m2.spitogatos.gr/354303055_1600x1200.jpg?v=20130730","https://m2.spitogatos.gr/354303061_1600x1200.jpg?v=20130730","https://m2.spitogatos.gr/354303067_1600x1200.jpg?v=20130730","https://m1.spitogatos.gr/354303072_1600x1200.jpg?v=20130730","https://m1.spitogatos.gr/354303078_1600x1200.jpg?v=20130730","https://m3.spitogatos.gr/354303083_1600x1200.jpg?v=20130730","https://m1.spitogatos.gr/354303090_1600x1200.jpg?v=20130730","https://m1.spitogatos.gr/354303093_1600x1200.jpg?v=20130730","https://m1.spitogatos.gr/354303096_1600x1200.jpg?v=20130730","https://m1.spitogatos.gr/354303102_1600x1200.jpg?v=20130730","https://m2.spitogatos.gr/354303109_1600x1200.jpg?v=20130730","https://m1.spitogatos.gr/354303117_1600x1200.jpg?v=20130730","https://m3.spitogatos.gr/354303122_1600x1200.jpg?v=20130730","https://m1.spitogatos.gr/354303129_1600x1200.jpg?v=20130730","https://m2.spitogatos.gr/354303133_1600x1200.jpg?v=20130730","https://m1.spitogatos.gr/354303141_1600x1200.jpg?v=20130730","https://m3.spitogatos.gr/354303149_1600x1200.jpg?v=20130730","https://m3.spitogatos.gr/354303158_1600x1200.jpg?v=20130730","https://m1.spitogatos.gr/354303165_1600x1200.jpg?v=20130730","https://m2.spitogatos.gr/354303175_1600x1200.jpg?v=20130730","https://m3.spitogatos.gr/354303182_1600x1200.jpg?v=20130730","https://m2.spitogatos.gr/354303190_1600x1200.jpg?v=20130730","https://m3.spitogatos.gr/354303203_1600x1200.jpg?v=20130730",,,"0","0","2","1","38.060047",,"1","23.80394",,"0",,,"2026-07-28","1","0",,"0","0","1",,"2","0","0","0",,"0","0","0","750",,,"0","0","0","0","13.64",,,"1","3","6","1","0",,"0","1","1","0","1",,"0","55","0",,"Βενιζέλου Ελευθέριου 26, 151 22, Μαρούσι","0","1","0","2026-05-22","https://www.spitogatos.gr/en/property/1219931988",,"1","0","1980","a9ZF14RYL2Q","residential"
"0","4","no","vip","4",,,,,"1","0","0","0","2026-06-03","0","0","0","0","1","0",,"house",,,"0","<br>ΚΩΔΙΚΟΣ ΑΚΙΝΗΤΟΥ: 98038 - ΜΑΡΟΥΣΙ ΕΝΟΙΚΙΑΖΕΤΑΙ νεόδμητο διαμέρισμα στον 4ο όροφο, συνολικής επιφάνειας 108 τ.μ. Το διαμέρισμα αποτελείται από 3 υπνοδωμάτια, ενιαία κουζίνα , μπάνιο και WC. Η κατασκευή του ξεκίνησε το 2024,  έχει ενεργειακή κλάση Α+ και διαθέτει θέρμανση με αντλία θερμότητας και ενεργειακό τζάκι, κουφώματα αλουμινίου, ξύλινα πατώματα, πόρτα ασφαλείας, ανελκυστήρα, πάρκινγκ, αποθήκη 8 τ.μ., σίτες, τριπλά τζάμια, boiler και θυροτηλεόραση. Το διαμέρισμα αποπνέει μια αίσθηση πολυτέλειας και άνεσης, προσφέροντας όλες τις σύγχρονες ανέσεις για μια ιδανική κατοικία. Η τοποθεσία του είναι ιδανική, σε κεντρικό σημείο της πόλης με εύκολη πρόσβαση σε όλες τις υπηρεσίες και τις δημόσιες συγκοινωνίες. Μην χάσετε την ευκαιρία να αποκτήσετε ένα μοναδικό ακίνητο σε μια από τις πιο ανεπτυγμένες περιοχές της πόλης. <br>| UNION PROPERTIES +30 2108087844 - +30 6940579421, https://www.union-properties.gr/, email: north@union-properties.gr<br />
| Η Union Properties καταβάλλει κάθε δυνατή προσπάθεια για την παροχή έγκυρων και επικαιροποιημένων πληροφοριών σχετικά με τα ακίνητα που προβάλλονται, καθώς και για την επαλήθευση των στοιχείων που παρέχονται από τους ιδιοκτήτες/πωλητές. Ωστόσο, δεν φέρει καμία ευθύνη για τυχόν ανακρίβειες, παραλείψεις ή μεταβολές στις πληροφορίες αυτές, εφόσον δεν έχει προηγηθεί σχετική έγγραφη ενημέρωση από τους πωλητές.<br />
Η θέση του ακινήτου στον χάρτη είναι ενδεικτική και ενδέχεται να μην ανταποκρίνεται με ακρίβεια στην πραγματική τοποθεσία.<br />
Σύμφωνα με τον Ν. 4072/11-4-2012 (ΦΕΚ 86 Α’), για την υπόδειξη οποιουδήποτε ακινήτου απαιτείται η προσκόμιση της αστυνομικής ταυτότητας και του Α.Φ.Μ. του ενδιαφερόμενου.",,,,"1","1","1","0","2026-06-03","9","2","0","no","yes","0","Αθήνα - Βόρεια Προάστια (Αττική)","Μαρούσι (Αθήνα - Βόρεια Προάστια)","1","105103","101","2111","106298","Triple","4","13","0","0","1","1219996794","https://m3.spitogatos.gr/355457939_1600x1200.jpg?v=20130730","https://m2.spitogatos.gr/355457947_1600x1200.jpg?v=20130730","https://m1.spitogatos.gr/355457952_1600x1200.jpg?v=20130730","https://m2.spitogatos.gr/355457956_1600x1200.jpg?v=20130730","https://m1.spitogatos.gr/355457961_1600x1200.jpg?v=20130730","https://m3.spitogatos.gr/355457966_1600x1200.jpg?v=20130730","https://m1.spitogatos.gr/355457970_1600x1200.jpg?v=20130730","https://m1.spitogatos.gr/355457976_1600x1200.jpg?v=20130730",,,,,,,,,,,,,,,,,,"0","0","2","1","38.057369","1","1","23.799479",,"1",,,"2026-07-28","0","0","1","0","1","1",,"3","0","0","1",,"0","0","0","2000",,,"0","0","0","0","18.52",,,"1","3","6","1","0",,"0","1","3","0","1",,"0","108","1","8",,"0","1","0","2026-06-03","https://www.spitogatos.gr/en/property/1219996794",,"0","0","2024","lH5Vpd3Nzr4","residential"
"1","Ground Floor","no","vip","4",,,,,"1","1","0","0","2026-07-29","0","1","1","0","1","0",,"house","0",,"1","Η αναγραφόμενη τιμή αφορά μίσθωση 12 μηνών με προπληρωμή, εξαιρουμένων λογαριασμών και κοινοχρήστων.<br />
Κλείστε αυτό το διαμέρισμα τώρα:<br />
https://movingdoors.com/listing/athens-ath26043<br />
<br />
Καλώς ήρθατε στη Moving Doors! Σε μια πλήρως επιπλωμένη, ιδανική μεζονέτα 4 υπνοδωματίων στο Μαρούσι, όπου η πολυτέλεια συναντά την άνεση. Στη Moving Doors προσφέρουμε πλήρως εξοπλισμένα διαμερίσματα με μοντέρνο σχεδιασμό, που συνδυάζουν την κομψότητα με τη ζεστή ατμόσφαιρα του σπιτιού. Είτε επισκέπτεστε την Αθήνα για δουλειά, διασκέδαση ή οικογενειακές διακοπές, αυτό το πλήρως επιπλωμένο διαμέρισμα δεν είναι απλώς ένας χώρος διαμονής – είναι το δεύτερο σπίτι σας.<br />
<br />
Τί το κάνει ξεχωριστό:<br />
✔ Ευρύχωρη, πλήρως επιπλωμένη, ιδανική μεζονέτα στο Μαρούσι, ιδανική για οικογένειες, παρέες ή επαγγελματίες<br />
✔ Απολαύστε premium ήχο με το ηχοσύστημα Marshall ή απολαύστε τον καφέ σας με τη μηχανή Nespresso<br />
✔ Γρήγορο internet<br />
✔ Ιδανική τοποθεσία, μόλις λίγα λεπτά από τα καλύτερα αξιοθέατα, καφέ και σημεία ενδιαφέροντος<br />
✔ Καθ’ όλη τη διάρκεια της διαμονής σας, μπορείτε να επικοινωνείτε εύκολα με την ομάδα υποστήριξης πελατών<br />
✔ Επαγγελματικές υπηρεσίες καθαριότητας και concierge, στη διάθεσή σας για κάθε σας ανάγκη<br />
<br />
Είτε σχεδιάζετε μια σύντομη είτε μια παρατεταμένη διαμονή, η Moving Doors σας προσφέρει πολυτελή διαμερίσματα στην Αθήνα, που συνδυάζουν στυλ, λειτουργικότητα και άνεση. Με προσοχή στη λεπτομέρεια, σας προσφέρουμε όλα όσα χρειάζεστε για μια ευχάριστη και ξέγνοιαστη διαμονή.",,,"0","0","5","1","1","2026-06-05","3","10","0","yes","yes","1","Αθήνα - Βόρεια Προάστια (Αττική)","Μαρούσι (Αθήνα - Βόρεια Προάστια)","1","105103","101","2111","117001","Double","1","1","0","1","1","1219990510","https://m3.spitogatos.gr/357641483_1600x1200.jpg?v=20130730","https://m1.spitogatos.gr/357641499_1600x1200.jpg?v=20130730","https://m2.spitogatos.gr/357641500_1600x1200.jpg?v=20130730","https://m3.spitogatos.gr/357641501_1600x1200.jpg?v=20130730","https://m3.spitogatos.gr/357641504_1600x1200.jpg?v=20130730","https://m2.spitogatos.gr/357641515_1600x1200.jpg?v=20130730","https://m3.spitogatos.gr/357641516_1600x1200.jpg?v=20130730","https://m1.spitogatos.gr/357641517_1600x1200.jpg?v=20130730","https://m2.spitogatos.gr/357641518_1600x1200.jpg?v=20130730","https://m3.spitogatos.gr/357641528_1600x1200.jpg?v=20130730","https://m1.spitogatos.gr/357641529_1600x1200.jpg?v=20130730","https://m2.spitogatos.gr/357641542_1600x1200.jpg?v=20130730","https://m1.spitogatos.gr/357641544_1600x1200.jpg?v=20130730","https://m2.spitogatos.gr/357641548_1600x1200.jpg?v=20130730","https://m3.spitogatos.gr/357641564_1600x1200.jpg?v=20130730","https://m3.spitogatos.gr/357641567_1600x1200.jpg?v=20130730","https://m2.spitogatos.gr/357641572_1600x1200.jpg?v=20130730","https://m2.spitogatos.gr/357641575_1600x1200.jpg?v=20130730","https://m3.spitogatos.gr/357641576_1600x1200.jpg?v=20130730","https://m2.spitogatos.gr/357641578_1600x1200.jpg?v=20130730","https://m2.spitogatos.gr/357641581_1600x1200.jpg?v=20130730","https://m1.spitogatos.gr/357641595_1600x1200.jpg?v=20130730","https://m1.spitogatos.gr/357641598_1600x1200.jpg?v=20130730","https://m1.spitogatos.gr/357641601_1600x1200.jpg?v=20130730","https://m3.spitogatos.gr/357641603_1600x1200.jpg?v=20130730","1","0","2","2","38.04686","3","1","23.81531",,"1","0","0","2026-07-28","0","0",,"0","1","3","2","1","1",,"1",,"0","0","0","1950",,,"0","0","0","0","10.43",,,"1","3",,"1","0",,"0","1","3","0","1",,"1","187","1",,"Μαραθωνοδρόμου 135, Μαρούσι 15125","1","3","0","2026-06-02","https://www.spitogatos.gr/en/property/1219990510","https://tour.giraffe360.com/97e64bd5d3c044ffa9cf54453f894718/","0","1","2000",,"residential"
"1","2","no","vip","4",,,,,"1","1",,"0","2026-06-02","0","1","1","0","1",,,"house","0",,"0","Κάτω Χαλάνδρι, περιοχή Αγ Άννα. Οροφοδιαμέρισμα σύγχρονης αρχιτεκτονικής , υπο ανακαίνιση, 180 τ.μ. 2ου ορόφου, σε διόροφη οικοδομή με ασανσέρ . Φωτεινό, διαμπερές. Διαθέτει συνολικά  4 υπνοδωμάτια , 3 λουτρά, κουζίνα, σαλόνι καθιστικό, τζάκι. Σε όλους τους χώρους επένδυση ξύλου στην οροφή.Νέα Κεντρική εγκατάσταση  Ψύξης - Θέρμανσης. Συναγερμός , Πόρτα ασφαλείας, βεράντες. Μεσιτικό make a deal Real Estate: + +306977645050 ( και στο whatsapp), +30 2111826860, + 30 2107223476",,,,"1","6","1","1","2026-06-02","7","2","1","no",,,"Αθήνα - Βόρεια Προάστια (Αττική)","Χαλάνδρι (Αθήνα - Βόρεια Προάστια)","1","105103","101","2122","329483","Double","1","4","0",,"1","1219990551","https://m1.spitogatos.gr/355340865_1600x1200.jpg?v=20130730","https://m1.spitogatos.gr/355340994_1600x1200.jpg?v=20130730","https://m3.spitogatos.gr/355340696_1600x1200.jpg?v=20130730","https://m2.spitogatos.gr/355340899_1600x1200.jpg?v=20130730","https://m2.spitogatos.gr/355341067_1600x1200.jpg?v=20130730","https://m3.spitogatos.gr/355341182_1600x1200.jpg?v=20130730","https://m1.spitogatos.gr/355341120_1600x1200.jpg?v=20130730","https://m2.spitogatos.gr/355341292_1600x1200.jpg?v=20130730","https://m3.spitogatos.gr/355341389_1600x1200.jpg?v=20130730","https://m1.spitogatos.gr/355341597_1600x1200.jpg?v=20130730","https://m2.spitogatos.gr/355341691_1600x1200.jpg?v=20130730","https://m3.spitogatos.gr/355341815_1600x1200.jpg?v=20130730","https://m3.spitogatos.gr/355341908_1600x1200.jpg?v=20130730","https://m1.spitogatos.gr/355341960_1600x1200.jpg?v=20130730","https://m1.spitogatos.gr/355342005_1600x1200.jpg?v=20130730","https://m1.spitogatos.gr/355342053_1600x1200.jpg?v=20130730","https://m1.spitogatos.gr/355342071_1600x1200.jpg?v=20130730","https://m3.spitogatos.gr/355342175_1600x1200.jpg?v=20130730","https://m2.spitogatos.gr/355342300_1600x1200.jpg?v=20130730",,,,,,,,,"2","1","38.017429","1","1","23.7885",,"1","0",,"2026-07-28","1","0",,"0","0","3","3",,"1",,"1",,,"0",,"2300",,,"0","0","0","0","12.5",,,"1","3",,"1",,"2020","0","1","4",,"1",,"1","184",,,,,"1","0","2026-06-02","https://www.spitogatos.gr/en/property/1219990551",,,"1","1988",,"residential"
"1","1",,"vip","4",,,,,"0","1","0","0","2026-08-29","0","0","1","0","0",,,"house",,,"1","Ανακάλυψε τα καλύτερα σημεία του Χαλανδρίου , με αυτό το φωτεινό διαμέρισμα τριών υπνοδωματίων της Blueground. Προσφέρει μια πλήρως εξοπλισμένη κουζίνα, ένα ευρύχωρο καθιστικό. Επίσης, καθ’όλη τη διάρκεια της διαμονής σου θα έχεις τη δυνατότητα να επικοινωνήσεις εύκολα και άμεσα με την ομάδα υποστήριξης πελατών και να βρεις χρήσιμες πληροφορίες τόσο για το διαμέρισμά σου όσο και για τη γειτονιά μέσω της ειδικής mobile εφαρμογής.<br><br />
<br />
Η διαφημιζόμενη τιμή των €1,470/μήνα είναι η τιμή για 1 έτος, με ημερομηνία έναρξης Αυγούστου 28, 2026.<br />
<br>Οι τιμές διαφέρουν ανάλογα με τη διάρκεια παραμονής, την εποχικότητα και άλλους παράγοντες. Επισκεφθείτε τον ιστότοπό μας και εισάγετε τις ημερομηνίες διαμονής σας για να δείτε ενημερωμένες τιμές για την κράτησή σας. Η τιμή ισχύει μόνο με προκαταβολή· ενδέχεται να είναι υψηλότερη εάν πληρωθεί σε δόσεις.<br />
<br />
<b>Κλείστε αυτό το διαμέρισμα online!</b><br />
<br />
https://www.theblueground.com/p/furnished-apartments/ath-1333?utm_source=classified-4<br />
<br />
Aναβαθμίστε τη διαμονή σας με ένα πλήρως επιπλωμένο διαμέρισμα από τη Blueground:<br />
      – Επιπλωμένα σπίτια σε τιμές αντίστοιχες με τα ανεπίπλωτα<br />
      – Χωρίς κόστη εγκατάστασης ή αγοράς επίπλων - εξοικονομήστε χρόνο και χρήματα<br />
      – Έτοιμα για άμεση μετακόμιση - το μόνο που χρειάζεστε είναι η βαλίτσα σας<br />
<br />
<b>Ο χώρος</b><br><br />
Σε αυτό το ευρύχωρο Blueground διαμέρισμα τριών υπνοδωματίων, θα βρεις ένα χώρο προσεκτικά σχεδιασμένο και πλήρως εξοπλισμένο με έπιπλα μοναδικού design και ηλεκτρικές συσκευές τελευταίας τεχνολογίας.<br />
Νιώσε όμορφα και χαλαρά στο νέο σου σπίτι κάθε στιγμή. Και όταν θα θες να διασκεδάσεις, μπορείς να βγεις και να αφεθείς στον παλμό του Χαλανδρίου ή να φέρεις τη διασκέδαση σπίτι, με τα ασύρματα ηχεία ή τη smart TV.<br />
<br />
<b>Διαρρύθμιση δωματίων ύπνου</b><br />
    <br />
        Υπέρδιπλο κρεβάτι: 160 εκ.<br />
<br />
        Διπλό κρεβάτι: 140 εκ.<br />
<br />
<b>Παροχές κτιρίου</b><br />
<br />
      Ασανσέρ<br />
      Πλυντήριο<br />
      Θέση στάθμευσης<br />
<br />
<br />
<b>Άφιξη και συνεχής υποστήριξη πελατών</b><br><br />
Κατά τη διάρκεια της διαμονής σου, η ομάδα μας θα είναι διαθέσιμη για να σε βοηθήσει με οτιδήποτε χρειαστείς. Μέσω της ειδικής mobile εφαρμογής της Blueground έχεις συνεχή υποστήριξη, ενώ μπορείς ακόμη να προγραμματίσεις υπηρεσίες καθαρισμού, συντήρησης ή επισκευής, με το πάτημα ενός κουμπιού.<br />
<br />
<b>Ιδανική τοποθεσία</b><br />
<br />
Το Χαλάνδρι είναι μια ζωντανή γειτονιά, που βρίσκεται στα βόρεια προάστια, μόλις 10 χιλιόμετρα από το κέντρο της Αθήνας. Το Χαλάνδρι είναι γνωστό για τις εμπορικές του συνοικίες και τη ζωντανή σκηνή των μπαρ. Η περιοχή φιλοξενεί πολλές μεγάλες πολυεθνικές εταιρείες, οργανισμούς και πρεσβείες. Εξυπηρετείται από τους σταθμούς του μετρό Χαλάνδρι & Αγία Παρασκευή, καθώς και από συνδέσεις με λεωφορεία, ενώ έχει εύκολη πρόσβαση στην Αττική Οδό.",,"1",,"1","5","0","0","2026-05-08","6",,"0","yes","yes","1","Αθήνα - Βόρεια Προάστια (Αττική)","Χαλάνδρι (Αθήνα - Βόρεια Προάστια)","1","105103","101","2122",,,"1","1","0","0","1","1219848517","https://m2.spitogatos.gr/359908012_1600x1200.jpg?v=20130730","https://m2.spitogatos.gr/359908036_1600x1200.jpg?v=20130730","https://m2.spitogatos.gr/359908051_1600x1200.jpg?v=20130730","https://m3.spitogatos.gr/359908067_1600x1200.jpg?v=20130730","https://m1.spitogatos.gr/359908080_1600x1200.jpg?v=20130730","https://m2.spitogatos.gr/359908096_1600x1200.jpg?v=20130730","https://m2.spitogatos.gr/359908108_1600x1200.jpg?v=20130730","https://m3.spitogatos.gr/359908127_1600x1200.jpg?v=20130730","https://m2.spitogatos.gr/359908156_1600x1200.jpg?v=20130730","https://m2.spitogatos.gr/359908183_1600x1200.jpg?v=20130730","https://m2.spitogatos.gr/359908198_1600x1200.jpg?v=20130730","https://m1.spitogatos.gr/359908212_1600x1200.jpg?v=20130730","https://m2.spitogatos.gr/359908231_1600x1200.jpg?v=20130730","https://m1.spitogatos.gr/359908248_1600x1200.jpg?v=20130730","https://m2.spitogatos.gr/359908264_1600x1200.jpg?v=20130730","https://m1.spitogatos.gr/359908278_1600x1200.jpg?v=20130730","https://m2.spitogatos.gr/359908291_1600x1200.jpg?v=20130730","https://m1.spitogatos.gr/359908305_1600x1200.jpg?v=20130730","https://m2.spitogatos.gr/359908318_1600x1200.jpg?v=20130730","https://m3.spitogatos.gr/359908334_1600x1200.jpg?v=20130730","https://m3.spitogatos.gr/359908352_1600x1200.jpg?v=20130730","https://m3.spitogatos.gr/359908364_1600x1200.jpg?v=20130730","https://m2.spitogatos.gr/359908381_1600x1200.jpg?v=20130730","https://m2.spitogatos.gr/359908393_1600x1200.jpg?v=20130730","https://m2.spitogatos.gr/359908411_1600x1200.jpg?v=20130730","0","0",,"0","38.030159","1","0","23.824511",,"0",,,"2026-07-28","0","0",,"0","0","2",,,"1","0","0",,"0","0","0","1470",,,"0","0","0","0","13.36",,,"1","3","6","1","1",,,,"3","0","1",,,"110","0",,"Lakonias 29","1","1","0","2026-05-08","https://www.spitogatos.gr/en/property/1219848517","https://nodalview.com/s/3IbFV9eXrBk8gywImiQyiJ","0",,"1983",,
"0","Ground Floor",,"vip","4",,,,,"1","1","0","0","2026-07-28","0","0","1","0","1",,,"house",,"0","0","Χαλάνδρι – Κάτω Χαλάνδρι | Όροφο διαμέρισμα προς ενοικίαση. <br />
Στο Κάτω Χαλάνδρι, σε ήσυχη οικιστική περιοχή με εύκολη πρόσβαση, διατίθεται προς πώληση εξαιρετικό όροφο διαμέρισμα συνολικής επιφάνειας 146 τ.μ., σε υπερυψωμένο ισόγειο καλοδιατηρημένης πολυκατοικίας. <br />
Το ακίνητο είναι κατασκευής 1975 και έχει ανακατασκευαστεί πλήρως το 2026, με νέες ηλεκτρολογικές και υδραυλικές εγκαταστάσεις. <br />
Βρίσκεται σε άριστη κατάσταση και ξεχωρίζει για τους άνετους, φωτεινούς και λειτουργικούς χώρους του. <br />
Είναι διαμπερές, προσόψεως, ιδιαίτερα φωτεινό και διαθέτει μεγάλες βεράντες, προσφέροντας άνεση στην καθημερινή διαβίωση. <br />
Αποτελείται από ευρύχωρο σαλόνι με μαρμάρινα δάπεδα, ανεξάρτητη κουζίνα, τρία υπνοδωμάτια με ξύλινα δάπεδα άριστης ποιότητας, ένα μπάνιο και ένα WC επισκεπτών. <br />
Διαθέτει αυτόνομη θέρμανση φυσικού αερίου, ενεργειακά κουφώματα αλουμινίου με θερμοδιακοπή, διπλούς υαλοπίνακες, σίτες, ηλεκτρικά ρολά, boiler, πόρτα ασφαλείας, θυροτηλεόραση, προ εγκατάσταση συστήματος συναγερμού, πατάρι, καθώς και δύο ανοιχτές θέσεις στάθμευσης. <br />
Έχει δυτικό μεσημβρινό προσανατολισμό. <br />
Χωρίς κοινόχρηστα. <br />
Η τοποθεσία του είναι ιδιαίτερα εξυπηρετική, καθώς απέχει περίπου 800 μ. από σταθμό μετρό, 500 μ. από την τοπική αγορά και 500 μ. από στάση λεωφορείου. <br />
Πρόκειται για ένα πολυτελές και άνετο διαμέρισμα, ιδανικό για οικογένεια, σε μία από τις πιο όμορφες και ήσυχες περιοχές του Κάτω Χαλανδρίου.<br />
Επικοινωνήστε μαζί μας για περισσότερες πληροφορίες ή για να προγραμματίσετε επίσκεψη.<br />
<br />
Το στίγμα στο χάρτη είναι ενδεικτικό και δεν υποδεικνύει ακριβή θέση του ακινήτου.<br />
<br />
Η περιγραφή βασίζεται σε πληροφορίες από τον ιδιοκτήτη ή εκπρόσωπο του. <br />
Τα στοιχεία παρέχονται με καλή πίστη και δεν αποτελούν μέρος σύμβασης. <br />
Το κτηματομεσιτικό γραφείο  Royal Estates δεν φέρει καμία ευθύνη για την ακρίβεια των πληροφοριών.<br />
<br />
Η μεσιτική αμοιβή προς το γραφείο μας, σε περίπτωση αγοραπωλησίας του συγκεκριμένου ακινήτου, ανέρχεται στο 2% (δύο τοις εκατό) επί της συνολικής πραγματικής αξίας της κύριας συμβάσεως και πλέον του νόμιμου Φ.Π.A (24%), η σε περίπτωση μίσθωσης η μεσιτική αμοιβή είναι ισόποση του μισθώματος και πλέον του νόμιμου Φ.Π.Α. (24%).<br />
Η επίδειξη ταυτότητας και Α.Φ.Μ. απαιτείται κατά την επίσκεψη, βάση του Νόμου 4072/11.4.2012.<br />
<br />
Περισσότερα ακίνητα, στην ιστοσελίδα μας www.royalestates.com.gr<br />
<br />
Royal Estates.<br />
Κτηματομεσιτικές Υπηρεσίες.<br />
Τηλέφωνα: 210 677 0491,  Φαξ: 210 6770 494.<br />
akinita@royalestates.com.gr.<br />
www.royalestates.com.gr",,"0",,"0","7","1","0","2026-07-04","3","6","0","no","yes","1","Αθήνα - Βόρεια Προάστια (Αττική)","Χαλάνδρι (Αθήνα - Βόρεια Προάστια)","1","105103","101","2122","329481","Double","1","2","0","0","1","1220304068","https://m3.spitogatos.gr/360477203_1600x1200.jpg?v=20130730","https://m2.spitogatos.gr/360477205_1600x1200.jpg?v=20130730","https://m2.spitogatos.gr/360477208_1600x1200.jpg?v=20130730","https://m3.spitogatos.gr/360477209_1600x1200.jpg?v=20130730","https://m3.spitogatos.gr/360477212_1600x1200.jpg?v=20130730","https://m3.spitogatos.gr/360477215_1600x1200.jpg?v=20130730","https://m2.spitogatos.gr/360477217_1600x1200.jpg?v=20130730","https://m1.spitogatos.gr/360477219_1600x1200.jpg?v=20130730","https://m2.spitogatos.gr/360477220_1600x1200.jpg?v=20130730","https://m3.spitogatos.gr/360477221_1600x1200.jpg?v=20130730","https://m1.spitogatos.gr/360477222_1600x1200.jpg?v=20130730","https://m2.spitogatos.gr/360477223_1600x1200.jpg?v=20130730","https://m3.spitogatos.gr/360477224_1600x1200.jpg?v=20130730","https://m1.spitogatos.gr/360477225_1600x1200.jpg?v=20130730","https://m2.spitogatos.gr/360477226_1600x1200.jpg?v=20130730","https://m3.spitogatos.gr/360477227_1600x1200.jpg?v=20130730","https://m1.spitogatos.gr/360477228_1600x1200.jpg?v=20130730","https://m2.spitogatos.gr/360477229_1600x1200.jpg?v=20130730","https://m3.spitogatos.gr/360477230_1600x1200.jpg?v=20130730","https://m1.spitogatos.gr/360477231_1600x1200.jpg?v=20130730","https://m2.spitogatos.gr/360477232_1600x1200.jpg?v=20130730","https://m3.spitogatos.gr/360477233_1600x1200.jpg?v=20130730","https://m1.spitogatos.gr/360477234_1600x1200.jpg?v=20130730","https://m2.spitogatos.gr/360477235_1600x1200.jpg?v=20130730","https://m3.spitogatos.gr/360477236_1600x1200.jpg?v=20130730","0","0","2","1","38.010036","1","1","23.79118",,"1",,,"2026-07-28","1","0",,"0","1","1",,"8","1","0","1",,"0","0","0","1800",,,"0","0","0","0","12.33",,,"1","3","6","1","1","2026","0","1","3","0","1",,"0","146","0",,,"0","1","0","2026-07-04","https://www.spitogatos.gr/en/property/1220304068",,"0","1","1975",,"residential"
"1","5",,"vip","4",,,,,"0","0","0","0","2026-09-02","0","0","1","0","0",,,"house",,,"1","Ξεκίνα να ζεις από την πρώτη μέρα, σε αυτό το όμορφα επιπλωμένο διαμέρισμα τριών υπνοδωματίων της Blueground στο κέντρο του Χαλανδρίου. Πλήρως εξοπλισμένο με έπιπλα μοναδικού design, ηλεκτρικές συσκευές τελευταίας τεχνολογίας.<br><br />
<br />
Η διαφημιζόμενη τιμή των €1,880/μήνα είναι η τιμή για 1 έτος, με ημερομηνία έναρξης Σεπτεμβρίου 1, 2026. Η χαμηλότερη διαθέσιμη τιμή είναι €1,760/μήνα για μίσθωση 5 μήνα(μηνών) και 21 ημέρας(ημερών) με ημερομηνία έναρξης Σεπτεμβρίου 1, 2026.<br />
<br>Οι τιμές διαφέρουν ανάλογα με τη διάρκεια παραμονής, την εποχικότητα και άλλους παράγοντες. Επισκεφθείτε τον ιστότοπό μας και εισάγετε τις ημερομηνίες διαμονής σας για να δείτε ενημερωμένες τιμές για την κράτησή σας. Η τιμή ισχύει μόνο με προκαταβολή· ενδέχεται να είναι υψηλότερη εάν πληρωθεί σε δόσεις.<br />
<br />
<b>Κλείστε αυτό το διαμέρισμα online!</b><br />
<br />
https://www.theblueground.com/p/furnished-apartments/ath-348?utm_source=classified-4<br />
<br />
Aναβαθμίστε τη διαμονή σας με ένα πλήρως επιπλωμένο διαμέρισμα από τη Blueground:<br />
      – Επιπλωμένα σπίτια σε τιμές αντίστοιχες με τα ανεπίπλωτα<br />
      – Χωρίς κόστη εγκατάστασης ή αγοράς επίπλων - εξοικονομήστε χρόνο και χρήματα<br />
      – Έτοιμα για άμεση μετακόμιση - το μόνο που χρειάζεστε είναι η βαλίτσα σας<br />
<br />
<b>Ο χώρος</b><br><br />
Νιώσε σαν στο σπίτι σου σε αυτό το επιπλωμένο διαμέρισμα της Blueground με το μοναδικό design, τα μοντέρνα έπιπλα και την πλήρως εξοπλισμένη κουζίνα.<br />
Δες τις αγαπημένες σου ταινίες στη smart TV ή άκουσε δυνατά μουσική στα ασύρματα ηχεία τελευταίας τεχνολογίας. Ό,τι και να αποφασίσεις να κάνεις το μόνο σίγουρο είναι πως θα αγαπήσεις όλα όσα σου προσφέρει αυτό το άνετο διαμέρισμα.<br />
<br />
<b>Διαρρύθμιση δωματίων ύπνου</b><br />
    <br />
        Μονό κρεβάτι: 90 εκ.<br />
<br />
        Υπέρδιπλο κρεβάτι: 160 εκ.<br />
<br />
        Υπέρδιπλο κρεβάτι: 160 εκ.<br />
<br />
<b>Παροχές κτιρίου</b><br />
<br />
      Ασανσέρ<br />
      Πλυντήριο<br />
      Θέση στάθμευσης<br />
<br />
<br />
<b>Άφιξη και συνεχής υποστήριξη πελατών</b><br><br />
Κατά τη διάρκεια της διαμονής σου, η ομάδα μας θα είναι διαθέσιμη για να σε βοηθήσει με οτιδήποτε χρειαστείς. Μέσω της ειδικής mobile εφαρμογής της Blueground έχεις συνεχή υποστήριξη, ενώ μπορείς ακόμη να προγραμματίσεις υπηρεσίες καθαρισμού, συντήρησης ή επισκευής, με το πάτημα ενός κουμπιού.<br />
<br />
<b>Ιδανική τοποθεσία</b><br />
<br />
Το Χαλάνδρι είναι μια ζωντανή γειτονιά, που βρίσκεται στα βόρεια προάστια, μόλις 10 χιλιόμετρα από το κέντρο της Αθήνας. Το Χαλάνδρι είναι γνωστό για τις εμπορικές του συνοικίες και τη ζωντανή σκηνή των μπαρ. Η περιοχή φιλοξενεί πολλές μεγάλες πολυεθνικές εταιρείες, οργανισμούς και πρεσβείες. Εξυπηρετείται από τους σταθμούς του μετρό Χαλάνδρι & Αγία Παρασκευή, καθώς και από συνδέσεις με λεωφορεία, ενώ έχει εύκολη πρόσβαση στην Αττική Οδό.",,"1",,"1","6","0","0","2026-04-27","10",,"0","yes","yes","0","Αθήνα - Βόρεια Προάστια (Αττική)","Χαλάνδρι (Αθήνα - Βόρεια Προάστια)","1","105103","101","2122",,,"1","1","0","0","1","1219782043","https://m1.spitogatos.gr/359901135_1600x1200.jpg?v=20130730","https://m3.spitogatos.gr/359901152_1600x1200.jpg?v=20130730","https://m3.spitogatos.gr/359901170_1600x1200.jpg?v=20130730","https://m2.spitogatos.gr/359901190_1600x1200.jpg?v=20130730","https://m3.spitogatos.gr/359901209_1600x1200.jpg?v=20130730","https://m1.spitogatos.gr/359901228_1600x1200.jpg?v=20130730","https://m1.spitogatos.gr/359901252_1600x1200.jpg?v=20130730","https://m2.spitogatos.gr/359901277_1600x1200.jpg?v=20130730","https://m3.spitogatos.gr/359901299_1600x1200.jpg?v=20130730","https://m1.spitogatos.gr/359901321_1600x1200.jpg?v=20130730","https://m1.spitogatos.gr/359901342_1600x1200.jpg?v=20130730","https://m3.spitogatos.gr/359901365_1600x1200.jpg?v=20130730","https://m3.spitogatos.gr/359901386_1600x1200.jpg?v=20130730","https://m1.spitogatos.gr/359901402_1600x1200.jpg?v=20130730","https://m2.spitogatos.gr/359901421_1600x1200.jpg?v=20130730","https://m2.spitogatos.gr/359901433_1600x1200.jpg?v=20130730","https://m1.spitogatos.gr/359901450_1600x1200.jpg?v=20130730","https://m2.spitogatos.gr/359901463_1600x1200.jpg?v=20130730","https://m1.spitogatos.gr/359901477_1600x1200.jpg?v=20130730","https://m2.spitogatos.gr/359901496_1600x1200.jpg?v=20130730","https://m2.spitogatos.gr/359901511_1600x1200.jpg?v=20130730","https://m3.spitogatos.gr/359901524_1600x1200.jpg?v=20130730","https://m2.spitogatos.gr/359901541_1600x1200.jpg?v=20130730","https://m1.spitogatos.gr/359901558_1600x1200.jpg?v=20130730",,"0","0",,"0","38.022427","1","0","23.814798",,"0",,,"2026-07-28","0","0",,"0","1","1",,,"1","0","0",,"0","0","0","1880",,,"0","0","0","0","16.35",,,"1","3",,"1","1",,,,"3","0","1",,,"115","1",,"Olimpou 83","1","1","0","2026-04-27","https://www.spitogatos.gr/en/property/1219782043",,"0",,"1992",,
"1","1","yes","vip","4",,,,,"1","0","0","0","2026-07-20","0","0","1","0","1","0",,"house","0",,"0","Χαλάνδρι, διατίθεται υπέροχο Νεόδμητο διαμέρισμα 45τμ, 1ου Ορ., προσόψεως, ημιεπιπλωμένο, με θέση στάθμευσης και αποθήκη 15τμ. Αποτελείται από, κουζίνα open plan ενιαία με σαλόνι, 1 υδ και λουτρό με ντους. Διαθέτει ατομική θέρμανση με αντλία θερμότητας, δάπεδα παρκέ, πόρτα ασφαλείας, θυροτηλεόραση, κουφώματα αλουμινίου με 2πλα ενεργειακά κρύσταλλα, σίτες, ηλεκτρικά ρολά, βεράντα με ανοιχτωσιά στην πρόσοψη και μπαλκόνι πίσω. Θα παραδοθεί με όλες τις ηλεκτρικές συσκευές και 2 κλιματιστικά. Το διαμέρισμα είναι διαμπερές, πολύ φωτεινό, με καλή γειτνίαση και πλησίον Μετρό, ΜΜΜ και Αγοράς. Τιμή: €980. RIZOS REALTY, Τηλ. Επικοινωνίας: (+30) 210 722 2221, email: info@rizosrealty.com, Www.rizosrealty.com",,,"0","1","1","1","0","2026-07-20","6","2","1","no","yes","0","Αθήνα - Βόρεια Προάστια (Αττική)","Χαλάνδρι (Αθήνα - Βόρεια Προάστια)","1","105103","101","2122",,"Double","4","13","0","0","1","1220421230","https://m2.spitogatos.gr/362913037_1600x1200.jpg?v=20130730","https://m1.spitogatos.gr/362913039_1600x1200.jpg?v=20130730","https://m2.spitogatos.gr/362913040_1600x1200.jpg?v=20130730","https://m1.spitogatos.gr/362913042_1600x1200.jpg?v=20130730","https://m2.spitogatos.gr/362913043_1600x1200.jpg?v=20130730","https://m1.spitogatos.gr/362913045_1600x1200.jpg?v=20130730","https://m3.spitogatos.gr/362913047_1600x1200.jpg?v=20130730","https://m2.spitogatos.gr/362913049_1600x1200.jpg?v=20130730","https://m3.spitogatos.gr/362913050_1600x1200.jpg?v=20130730","https://m2.spitogatos.gr/362913052_1600x1200.jpg?v=20130730","https://m1.spitogatos.gr/362913054_1600x1200.jpg?v=20130730","https://m1.spitogatos.gr/362913057_1600x1200.jpg?v=20130730","https://m3.spitogatos.gr/362913059_1600x1200.jpg?v=20130730","https://m3.spitogatos.gr/362913062_1600x1200.jpg?v=20130730","https://m2.spitogatos.gr/362913064_1600x1200.jpg?v=20130730","https://m2.spitogatos.gr/362913067_1600x1200.jpg?v=20130730","https://m2.spitogatos.gr/362913070_1600x1200.jpg?v=20130730","https://m1.spitogatos.gr/362913072_1600x1200.jpg?v=20130730",,,,,,,,"0","0","2","1","38.010044","1","1","23.800169",,"1","0","0","2026-07-28","0","0","1","0","0","1",,"4","1","0","1",,"0","0","0","980",,,"0","0","0","0","21.78",,,"1","3","6","1","0",,"0","1","1","0","1",,"0","45","1","15",,"1","1","0","2026-07-20","https://www.spitogatos.gr/en/property/1220421230",,"1","0","2022",,"residential"
"1","3","no","vip","4",,,,,"1","1","0","0","2026-07-29","0","1","1","0","1","0",,"house","0",,"1","Η αναγραφόμενη τιμή αφορά μίσθωση 12 μηνών με προπληρωμή, εξαιρουμένων λογαριασμών και κοινοχρήστων.<br />
Κλείστε αυτό το διαμέρισμα τώρα:<br />
https://movingdoors.com/listing/athens-ath26057<br />
<br />
Καλώς ήρθατε στη Moving Doors! Σ' ένα πλήρως επιπλωμένο, ιδανικό διαμέρισμα 3 υπνοδωματίων στο Χαλάνδρι, όπου η πολυτέλεια συναντά την άνεση. Στη Moving Doors προσφέρουμε πλήρως εξοπλισμένα διαμερίσματα με μοντέρνο σχεδιασμό, που συνδυάζουν την κομψότητα με τη ζεστή ατμόσφαιρα του σπιτιού. Είτε επισκέπτεστε την Αθήνα για δουλειά, διασκέδαση ή οικογενειακές διακοπές, αυτό το πλήρως επιπλωμένο διαμέρισμα δεν είναι απλώς ένας χώρος διαμονής – είναι το δεύτερο σπίτι σας.<br />
<br />
Τί το κάνει ξεχωριστό:<br />
✔ Ευρύχωρο, πλήρως επιπλωμένο διαμέρισμα 3 υπνοδωματίων στο Παλαιό Φάληρο, ιδανικό για οικογένειες, παρέες ή επαγγελματίες<br />
✔ Απολαύστε premium ήχο με το ηχοσύστημα Marshall ή απολαύστε τον καφέ σας με τη μηχανή Nespresso<br />
✔ Γρήγορο internet<br />
✔ Ιδανική τοποθεσία, μόλις λίγα λεπτά από τα καλύτερα αξιοθέατα, καφέ και σημεία ενδιαφέροντος<br />
✔ Καθ’ όλη τη διάρκεια της διαμονής σας, μπορείτε να επικοινωνείτε εύκολα με την ομάδα υποστήριξης πελατών<br />
✔ Επαγγελματικές υπηρεσίες καθαριότητας και concierge, στη διάθεσή σας για κάθε σας ανάγκη<br />
<br />
Είτε σχεδιάζετε μια σύντομη είτε μια παρατεταμένη διαμονή, η Moving Doors σας προσφέρει πολυτελή διαμερίσματα στην Αθήνα, που συνδυάζουν στυλ, λειτουργικότητα και άνεση. Με προσοχή στη λεπτομέρεια, σας προσφέρουμε όλα όσα χρειάζεστε για μια ευχάριστη και ξέγνοιαστη διαμονή.",,,"0","1","5","1","1","2026-07-15","8","10","0","yes","yes","1","Αθήνα - Βόρεια Προάστια (Αττική)","Χαλάνδρι (Αθήνα - Βόρεια Προάστια)","1","105103","101","2122","102122","Double","2","1","0","1","1","1220392857","https://m1.spitogatos.gr/362754762_1600x1200.jpg?v=20130730","https://m2.spitogatos.gr/362754769_1600x1200.jpg?v=20130730","https://m2.spitogatos.gr/362754772_1600x1200.jpg?v=20130730","https://m2.spitogatos.gr/362754778_1600x1200.jpg?v=20130730","https://m2.spitogatos.gr/362754781_1600x1200.jpg?v=20130730","https://m1.spitogatos.gr/362754786_1600x1200.jpg?v=20130730","https://m1.spitogatos.gr/362754789_1600x1200.jpg?v=20130730","https://m1.spitogatos.gr/362754795_1600x1200.jpg?v=20130730","https://m1.spitogatos.gr/362754801_1600x1200.jpg?v=20130730","https://m3.spitogatos.gr/362754806_1600x1200.jpg?v=20130730","https://m2.spitogatos.gr/362754811_1600x1200.jpg?v=20130730","https://m1.spitogatos.gr/362754816_1600x1200.jpg?v=20130730","https://m3.spitogatos.gr/362754821_1600x1200.jpg?v=20130730","https://m1.spitogatos.gr/362754825_1600x1200.jpg?v=20130730","https://m3.spitogatos.gr/362754830_1600x1200.jpg?v=20130730","https://m2.spitogatos.gr/362754835_1600x1200.jpg?v=20130730","https://m2.spitogatos.gr/362754838_1600x1200.jpg?v=20130730","https://m2.spitogatos.gr/362754847_1600x1200.jpg?v=20130730","https://m1.spitogatos.gr/362754852_1600x1200.jpg?v=20130730","https://m3.spitogatos.gr/362754857_1600x1200.jpg?v=20130730","https://m1.spitogatos.gr/362754861_1600x1200.jpg?v=20130730","https://m1.spitogatos.gr/362754867_1600x1200.jpg?v=20130730","https://m2.spitogatos.gr/362754871_1600x1200.jpg?v=20130730","https://m3.spitogatos.gr/362754875_1600x1200.jpg?v=20130730","https://m1.spitogatos.gr/361948329_1600x1200.jpg?v=20130730","0","0","2","1","38.018661","1","1","23.797569",,"1","0","0","2026-07-28","0","0",,"0","0","1","4","1","1","0","1",,"0","0","0","1480",,,"0","0","0","0","17.01",,,"1","3",,"1","0",,"0","1","3","1","1",,"1","87","1",,"Περικλέους, 14, Χαλάνδρι Ελλάδα, 15232","1","1","0","2026-07-15","https://www.spitogatos.gr/en/property/1220392857","https://my.matterport.com/show/?m=J6yc8Csfaww","1","1","2009",,"residential"
"0","2","no","vip","4","Αλέξιος","81463","Κοσμόπουλος","6986109593","1","1","0","0","2026-07-03","0","0","1","0","1","0",,"house","0",,"0","Διατίθεται προς ενοικίαση οροφοδιαμέρισμα 120 τ.μ., 2ου ορόφου, στην περιοχή Μαρούσι, Παράδεισος. Το ακίνητο αποτελείται από τρία υπνοδωμάτια, ένα μπάνιο, ένα WC, κουζίνα και ευρύχωρο σαλόνι, προσφέροντας άνετη και λειτουργική διαρρύθμιση για οικογένεια. Διαθέτει αυτόνομη θέρμανση με πετρέλαιο, καλοριφέρ, κουφώματα αλουμινίου και δάπεδα από πλακάκι.<br />
<br />
Το διαμέρισμα είναι φωτεινό, διαμπερές, ευάερο και ευήλιο, με ανεμπόδιστη θέα στο πράσινο. Επιπλέον διαθέτει αποθήκη, σύστημα συναγερμού, ενώ δεν υπάρχουν κοινόχρηστα. Το ακίνητο προσφέρει τρεις ανοιχτές θέσεις στάθμευσης μέσα σε μεγάλο οικόπεδο. Δεν διαθέτει ασανσέρ. Βρίσκεται σε εξαιρετική τοποθεσία, κοντά σε συγκοινωνίες, το κέντρο της πόλης, την αγορά και χώρους εστίασης.<br />
<br />
Διαθέσιμο από 01/08/2026<br />
<br />
📍 Η αναφερόμενη τοποθεσία είναι ενδεικτική. Για περισσότερες πληροφορίες ή προγραμματισμό επίσκεψης:<br />
<br />
KOSMOS REAL ESTATE<br />
📞 Υπεύθυνος Ακινήτου: Αλέξης – 6986109593<br />
📧 info@kosmosrealestate.gr<br />
🌐 https://www.kosmosrealestate.gr/el",,,"0","0","2","0","1","2026-07-03","7","4","0","no","yes","0","Αθήνα - Βόρεια Προάστια (Αττική)","Μαρούσι (Αθήνα - Βόρεια Προάστια)","1","105103","101","2111","117002",,"1","1","0","0","1","1220295785","https://m2.spitogatos.gr/360342268_1600x1200.jpg?v=20130730","https://m3.spitogatos.gr/360342272_1600x1200.jpg?v=20130730","https://m3.spitogatos.gr/360342278_1600x1200.jpg?v=20130730","https://m3.spitogatos.gr/360342284_1600x1200.jpg?v=20130730","https://m2.spitogatos.gr/360342286_1600x1200.jpg?v=20130730","https://m3.spitogatos.gr/360342290_1600x1200.jpg?v=20130730","https://m2.spitogatos.gr/360342298_1600x1200.jpg?v=20130730","https://m1.spitogatos.gr/360342306_1600x1200.jpg?v=20130730","https://m2.spitogatos.gr/360342313_1600x1200.jpg?v=20130730","https://m2.spitogatos.gr/360342322_1600x1200.jpg?v=20130730","https://m1.spitogatos.gr/360342327_1600x1200.jpg?v=20130730","https://m1.spitogatos.gr/360342333_1600x1200.jpg?v=20130730","https://m3.spitogatos.gr/360342338_1600x1200.jpg?v=20130730","https://m2.spitogatos.gr/360342343_1600x1200.jpg?v=20130730","https://m3.spitogatos.gr/360342347_1600x1200.jpg?v=20130730","https://m1.spitogatos.gr/360342351_1600x1200.jpg?v=20130730","https://m2.spitogatos.gr/360342355_1600x1200.jpg?v=20130730","https://m2.spitogatos.gr/360342358_1600x1200.jpg?v=20130730","https://m1.spitogatos.gr/360342360_1600x1200.jpg?v=20130730",,,,,,,"0","0","2","1","38.03566","1","1","23.816343",,"0","0","0","2026-07-28","0","0",,"0","1","1",,,"0","0","0","1","0","0","0","1100",,,"0","0","0","0","9.17",,,"1","3","6","1","0",,"0","1","3","0","0",,"0","120","1",,,"0","1","0","2026-07-03","https://www.spitogatos.gr/en/property/1220295785",,"1","1",,,"residential"
"0","4","no","vip","4",,,,,"1","0","0","0","2026-06-19","0","0","1","0","1","0",,"house","0",,"1","Μαρούσι  διαμέρισμα 125 τ.μ. με πανοραμική θέα <br />
<br />
Στον 4ο όροφο μιας ήσυχης και ιδιαίτερα καλής γειτονιάς του Αμαρουσίου, διατίθεται προς ενοικίαση ένα φωτεινό και πλήρως ανακαινισμένο διαμέρισμα 125 τ.μ., με ανοιχτή, ανεμπόδιστη θέα και εξαιρετικό νότιο προσανατολισμό. ☀️<br />
<br />
Το ακίνητο ξεχωρίζει για τα περιμετρικά μπαλκόνια του, που αναπτύσσονται και στις τέσσερις πλευρές του διαμερίσματος, προσφέροντας άπλετο φυσικό φως, αερισμό και την αίσθηση ενός πραγματικά ανοιχτού σπιτιού. Η γωνιακή και διαμπερής του διάταξη, σε συνδυασμό με την πανοραμική θέα, δημιουργεί ένα ιδιαίτερα ευχάριστο περιβάλλον για καθημερινή κατοίκηση.<br />
<br />
Αποτελείται από άνετο σαλόνι, ξεχωριστή κουζίνα, 3 υπνοδωμάτια, 1 μπάνιο και 1 WC, καλύπτοντας ιδανικά τις ανάγκες μιας οικογένειας ή επαγγελματιών που αναζητούν άνεση και ποιότητα ζωής στο Μαρούσι.<br />
<br />
✨ Βασικά χαρακτηριστικά:<br />
• 125 τ.μ. | 4ος όροφος<br />
• 3 υπνοδωμάτια<br />
• 1 μπάνιο & 1 WC<br />
• Ανακαινισμένο<br />
• Περιμετρικά μπαλκόνια σε 4 πλευρές<br />
• Πανοραμική & ανεμπόδιστη θέα<br />
• Νότιος προσανατολισμός<br />
• Γωνιακό, προσόψεως, φωτεινό, ευάερο, ευήλιο & διαμπερές<br />
• Κεντρική θέρμανση με φυσικό αέριο<br />
• Κουφώματα αλουμινίου με διπλά τζάμια<br />
• Δάπεδα από ξύλο & μάρμαρο<br />
• Ασανσέρ<br />
• Πόρτα ασφαλείας<br />
• Μόλις 500 μ. από τον ΗΣΑΠ Αμαρουσίου<br />
<br />
💶 Τιμή ενοικίασης: €1.000<br />
<br />
Αναλαμβάνουμε πωλήσεις και αναθέσεις κατοικιών, επαγγελματικών χώρων, οικοπέδων και επενδυτικών ακινήτων σε όλη την Αθήνα.<br />
Με έδρα το Κολωνάκι και πολυετή εμπειρία στην αγορά real estate, προσφέρουμε υπεύθυνη καθοδήγηση, αξιόπιστες εκτιμήσεις και στοχευμένη προώθηση κάθε ακινήτου.<br />
Για εσάς που αναζητάτε επαγγελματισμό, διαφάνεια και αποτελέσματα στην αγορά ή πώληση ακινήτου. Patsis Real Estate<br />
📍 Κουμπάρη 3, Κολωνάκι – ☎️ 210 3600030 – ✉️ info@patsisrealestate.gr<br />
```",,,"0","1","6","1","0","2026-06-19","9","6","0","no","no","0","Αθήνα - Βόρεια Προάστια (Αττική)","Μαρούσι (Αθήνα - Βόρεια Προάστια)","1","105103","101","2111","106298","Double","2","2","0","0","1","1220158859","https://m3.spitogatos.gr/357889307_1600x1200.jpg?v=20130730","https://m2.spitogatos.gr/357889312_1600x1200.jpg?v=20130730","https://m3.spitogatos.gr/357889316_1600x1200.jpg?v=20130730","https://m3.spitogatos.gr/357889322_1600x1200.jpg?v=20130730","https://m2.spitogatos.gr/357889324_1600x1200.jpg?v=20130730","https://m1.spitogatos.gr/357889329_1600x1200.jpg?v=20130730","https://m3.spitogatos.gr/357889334_1600x1200.jpg?v=20130730","https://m1.spitogatos.gr/357889338_1600x1200.jpg?v=20130730","https://m3.spitogatos.gr/357889340_1600x1200.jpg?v=20130730","https://m2.spitogatos.gr/357889348_1600x1200.jpg?v=20130730","https://m1.spitogatos.gr/357889353_1600x1200.jpg?v=20130730","https://m3.spitogatos.gr/357889361_1600x1200.jpg?v=20130730",,,,,,,,,,,,,,"0","0","2","1","38.057365","1","1","23.799618",,"0","0","0","2026-07-28","0","0",,"0","1","1",,"10","0","0","0",,"0","0","0","1000","2026-07-16 15:03:40","9","0","0","0","0","8","1100","true","1","3","6","1","1",,"0",,"3","0","1",,"0","125","0",,,"0","1","0","2026-06-19","https://www.spitogatos.gr/en/property/1220158859",,"1","0","1980",,"residential"
"1","Ground Floor","no","vip","4",,,,,"1","1","0","0","2026-07-15","0","0","0","0","1","0",,"house",,,"0","<br>Ενοικιάζεται εξαιρετικό επιπλωμένο διαμέρισμα 120τ.μ, κατασκευής του 2012, με ιδιόχρηστο κήπο, πλησίον Υγεία και Κηφισίας , σε ωραίο, ήσυχο σημείο.<br />
<br />
Το διαμέρισμα είναι πλήρως επιπλωμένο και εξοπλισμένο, ιδιαίτερης αισθητικής.<br />
<br />
Αποτελείται αποτελείται απο χώρο υποδοχής με τζάκι, ενιαία λειτουργική κουζίνα πλήρως εξοπλισμένη, 3 ευρύχωρα υπνοδωμάτια, εκ των οποίων το 1 μαστερ, 2ο πλήρες μπάνιο που εξυπηρετεί τα άλλα 2 υπνοδωμάτια, ιδιόχρηστος κήπος περίπου 60τ.μ, αποθήκη 10τ.μ, 1 θέση στάθμευσης.<br />
<br />
Διαθέτει αυτόνομη ενδοδαπέδια θέρμανση φυσικού αερίου, μποιλερ, ενεργειακά διπλά τζάμια, σίτες, πόρτα ασφαλείας, συναγερμό, 4 airconditions, τζάκι.<br />
<br />
Είναι πολύ φωτεινό, διαμπερές, πρόσοψης, επιτρέπονται τα κατοικίδια, εχει λίγα κοινόχρηστα.<br />
<br />
ΜΕΣΙΤΙΚΟ Α.ΚΡΙΜΠΑ<br />
ΤΗΛ.6977244863<br />
210-8051912 <br><br />
Για περισσότερα ακίνητα επισκεφτείτε το site μας.<br />
<br />
www.krimpa.gr<br />
<br />
ΜΕΣΙΤΙΚΟ Α.ΚΡΙΜΠΑ<br />
ΤΗΛ.6977244863<br />
210-8051912",,"1",,"1","5","0","1","2017-03-22","3","2","0","yes","yes","1","Αθήνα - Βόρεια Προάστια (Αττική)","Μαρούσι (Αθήνα - Βόρεια Προάστια)","1","105103","101","2111","117000","Double","1","1","0","0","1","125212291","https://m2.spitogatos.gr/105700471_1600x1200.jpg?v=20130730","https://m1.spitogatos.gr/105700476_1600x1200.jpg?v=20130730","https://m1.spitogatos.gr/105700482_1600x1200.jpg?v=20130730","https://m1.spitogatos.gr/105700485_1600x1200.jpg?v=20130730","https://m1.spitogatos.gr/105700491_1600x1200.jpg?v=20130730","https://m2.spitogatos.gr/105700498_1600x1200.jpg?v=20130730","https://m3.spitogatos.gr/105700502_1600x1200.jpg?v=20130730","https://m2.spitogatos.gr/105700504_1600x1200.jpg?v=20130730","https://m2.spitogatos.gr/105700510_1600x1200.jpg?v=20130730","https://m3.spitogatos.gr/105700514_1600x1200.jpg?v=20130730","https://m1.spitogatos.gr/105700518_1600x1200.jpg?v=20130730","https://m3.spitogatos.gr/105700523_1600x1200.jpg?v=20130730","https://m1.spitogatos.gr/105700527_1600x1200.jpg?v=20130730","https://m3.spitogatos.gr/105700532_1600x1200.jpg?v=20130730","https://m1.spitogatos.gr/105700536_1600x1200.jpg?v=20130730","https://m1.spitogatos.gr/105700539_1600x1200.jpg?v=20130730","https://m3.spitogatos.gr/105700544_1600x1200.jpg?v=20130730","https://m3.spitogatos.gr/105700547_1600x1200.jpg?v=20130730","https://m1.spitogatos.gr/105700554_1600x1200.jpg?v=20130730","https://m2.spitogatos.gr/105700558_1600x1200.jpg?v=20130730","https://m3.spitogatos.gr/105700565_1600x1200.jpg?v=20130730","https://m1.spitogatos.gr/105700569_1600x1200.jpg?v=20130730","https://m1.spitogatos.gr/105700575_1600x1200.jpg?v=20130730",,,"0","0","2","1","38.02832",,"1","23.786945","120","1",,,"2026-07-28","0","0",,"0","1","2",,,"1","0","1","1","0","0","0","1540",,,"0","0","0","0","12.83",,,"1","3","6","1","0",,"0","7","3","0","1","0","1","120","1",,"Νέα Φιλοθέη","0","1","0","2017-03-22","https://www.spitogatos.gr/en/property/125212291",,"1","0","2012",,"residential"
"1","Ground Floor","no","vip","4",,,,,"1","1","1","0","2026-06-30","0","0","0","0","1","1",,"house","0",,"0","ID.2505104 - Μεζονέτα Προς Ενοικίαση, όροφος: Υπόγειο, Ισόγειο, 1ος (3 Επίπεδα), στην περιοχή: Μαρούσι -Στούντιο Άλφα. Το εμβαδόν του ακινήτου είναι 220 τ.μ.. Αποτελείται από: 5 Υ/Δ (3Master), 4 μπάνιο/α, 1 wc, 1κουζίνα/ες, 1 σαλόνι/α, 3 τζάκι/α, ενώ οι θέσεις στάθμευσης που διαθέτει είναι: 1 Σε υπόγειο χώρο. Έχει κατασκευαστεί το 2002 και ανακαινίστηκε το 2025. Η θέρμανση του ακινήτου είναι Αυτόνομη με Φυσικό αέριο, ενώ επίσης διατίθεται Κλιματισμός, Ηλιακός, Boiler, έχει κουφώματα Αλουμινίου με Διπλά τζάμια, ενεργειακό πιστοποιητικό: Α και τα δάπεδα είναι: Ξύλο. Η κατάστασή του είναι: Καταπληκτική. Το ακίνητο είναι Προσόψεως, Φωτεινό, Ευάερο, Ευήλιο, Διαμπερές, είναι κατάλληλο για Golden visa και επίσης διαθέτει τα παρακάτω χαρακτηριστικά και πλεονεκτήματα: Ασανσέρ, Αποθήκη, Σοφίτα, Εσωτερική σκάλα, Πισίνα, Κήπος, Πόρτα Ασφαλείας, Συναγερμός, Playroom, BBQ, Δορυφορική, Νυχτερινό Ρεύμα. Δίνεται και επιπλωμένο Τιμή: €2.500. Aspis Real Estate Αμαρουσίου, Τηλέφωνο Επικοινωνίας: 2106124800, email: marousi@aspis-realestate.gr",,,"0","1","2","1","1","2026-06-30","3","2","0","no","yes","1","Αθήνα - Βόρεια Προάστια (Αττική)","Μαρούσι (Αθήνα - Βόρεια Προάστια)","1","105103","101","2111","106305","Double","1","2","0","0","1","1220270221","https://m3.spitogatos.gr/359925956_1600x1200.jpg?v=20130730","https://m1.spitogatos.gr/359925960_1600x1200.jpg?v=20130730","https://m3.spitogatos.gr/359925965_1600x1200.jpg?v=20130730","https://m3.spitogatos.gr/359925968_1600x1200.jpg?v=20130730","https://m1.spitogatos.gr/359925972_1600x1200.jpg?v=20130730","https://m3.spitogatos.gr/359925974_1600x1200.jpg?v=20130730","https://m1.spitogatos.gr/359925978_1600x1200.jpg?v=20130730","https://m3.spitogatos.gr/359925983_1600x1200.jpg?v=20130730","https://m3.spitogatos.gr/359925986_1600x1200.jpg?v=20130730","https://m3.spitogatos.gr/359925989_1600x1200.jpg?v=20130730","https://m3.spitogatos.gr/359925992_1600x1200.jpg?v=20130730","https://m3.spitogatos.gr/359925995_1600x1200.jpg?v=20130730","https://m2.spitogatos.gr/359925997_1600x1200.jpg?v=20130730","https://m3.spitogatos.gr/359926001_1600x1200.jpg?v=20130730","https://m2.spitogatos.gr/359926003_1600x1200.jpg?v=20130730","https://m1.spitogatos.gr/359926005_1600x1200.jpg?v=20130730","https://m2.spitogatos.gr/359926006_1600x1200.jpg?v=20130730","https://m1.spitogatos.gr/359926008_1600x1200.jpg?v=20130730","https://m3.spitogatos.gr/359926010_1600x1200.jpg?v=20130730","https://m3.spitogatos.gr/359926013_1600x1200.jpg?v=20130730","https://m2.spitogatos.gr/359926015_1600x1200.jpg?v=20130730","https://m2.spitogatos.gr/359926018_1600x1200.jpg?v=20130730","https://m3.spitogatos.gr/359926019_1600x1200.jpg?v=20130730","https://m1.spitogatos.gr/359926023_1600x1200.jpg?v=20130730","https://m3.spitogatos.gr/359926025_1600x1200.jpg?v=20130730","1","0","2","1","38.051472","3","1","23.824368",,"0","0","0","2026-07-28","0","0",,"1","1","4","4",,"0","0","0",,"1","1","0","2500",,,"0","0","0","0","11.36",,,"1","3","6","1","0",,"0","1","5","1","1",,"1","220","1",,,"0","3","0","2026-06-30","https://www.spitogatos.gr/en/property/1220270221",,"0","0","2002","FoavbWFzs-A","residential"
"1","3","no","vip","4",,,,,"1","1","0","0","2026-05-16","0","0","0","0","1","0",,"house",,,"0","Κωδικός ακινήτου: 2-1571 - Μαρούσι Άγιοι Ανάργυροι  ΕΝΟΙΚΙΑΖΕΤΑΙ    επιπλωμένο διαμέρισμα  στον 3 ο όροφο συνολικής επιφάνειας 100.00 τ.μ.  . Αποτελείται από 2 υπνοδωμάτια,  σαλοκουζίνα, μπάνιο και WC. Είναι κατασκευασμένο το 2008 με ενεργειακή κλάση Γ  και διαθέτει θέρμανση αυτόνομη - φυσικού αερίου, θέα σε ανοιχτό ορίζοντα, κουφώματα αλουμινίου, ξύλινα πατώματα, πόρτα ασφαλείας, εντοιχιζόμενες ντουλάπες, ανελκυστήρα, πάρκινγκ, κήπο, τζάκι, A/C, συναγερμό, ηλεκτρικές συσκευές, σίτες, διπλά τζάμια, ηλιακό θερμοσίφωνα, boiler, θυροτηλεόραση, νυχτερινό ρεύμα, ανοιχτωσιά      - Τιμή: 1.540 €  <br> <br><br />
Για περισσότερα ακίνητα επισκεφτείτε το site μας.<br />
<br />
www.krimpa.gr<br />
<br />
ΜΕΣΙΤΙΚΟ Α.ΚΡΙΜΠΑ<br />
ΤΗΛ.6977244863<br />
210-8051912",,,,"1","5","1","1","2026-07-20","8","2","0","yes","yes","1","Αθήνα - Βόρεια Προάστια (Αττική)","Μαρούσι (Αθήνα - Βόρεια Προάστια)","1","105103","101","2111","1170124","Double","1","2","0","0","1","1220423972","https://m1.spitogatos.gr/362434869_1600x1200.jpg?v=20130730","https://m3.spitogatos.gr/362434877_1600x1200.jpg?v=20130730","https://m2.spitogatos.gr/362434885_1600x1200.jpg?v=20130730","https://m1.spitogatos.gr/362434887_1600x1200.jpg?v=20130730","https://m3.spitogatos.gr/362434889_1600x1200.jpg?v=20130730","https://m3.spitogatos.gr/362434892_1600x1200.jpg?v=20130730","https://m1.spitogatos.gr/362434896_1600x1200.jpg?v=20130730","https://m1.spitogatos.gr/362434899_1600x1200.jpg?v=20130730","https://m1.spitogatos.gr/362434902_1600x1200.jpg?v=20130730","https://m2.spitogatos.gr/362434906_1600x1200.jpg?v=20130730","https://m3.spitogatos.gr/362434910_1600x1200.jpg?v=20130730","https://m3.spitogatos.gr/362434916_1600x1200.jpg?v=20130730","https://m2.spitogatos.gr/362434924_1600x1200.jpg?v=20130730","https://m3.spitogatos.gr/362434931_1600x1200.jpg?v=20130730","https://m2.spitogatos.gr/362434939_1600x1200.jpg?v=20130730","https://m3.spitogatos.gr/362434949_1600x1200.jpg?v=20130730",,,,,,,,,,"0","0","2","1","38.050236",,"1","23.803431",,"1",,,"2026-07-28","0","0",,"1","1","1",,,"1","0","1","1","0","0","0","1540",,,"0","0","0","0","15.4",,,"1","3","6","1","0",,"0","1","2","0","1",,"1","100","0",,,"0","1","0","2026-07-20","https://www.spitogatos.gr/en/property/1220423972",,"1","0","2008",,"residential"
"1","4","no","vip","4",,,,,"1","0","0","0","2026-08-07","0","1","0","0","1","0",,"house",,,"1","Κωδικός ακινήτου: 2-1471 - Μαρούσι Σωρός  ΕΝΟΙΚΙΑΖΕΤΑΙ   ανακαινισμένο επιπλωμένο διαμέρισμα  στον 4 ο όροφο συνολικής επιφάνειας 107.00 τ.μ.  . Αποτελείται από 3 υπνοδωμάτια, σαλόνι, κουζίνα, μπάνιο και WC. Είναι κατασκευασμένο το 2011 με ενεργειακή κλάση Γ και ανακαινίστηκε το 2022. Διαθέτει θέρμανση αυτόνομη - πετρελαίου, θέα σε ανοιχτό ορίζοντα, κουφώματα αλουμινίου, πατώματα από πλακάκι και ξύλο, πόρτα ασφαλείας, εντοιχιζόμενες ντουλάπες, ανελκυστήρα, πάρκινγκ, αποθήκη , κήπο, τζάκι, A/C, ηλεκτρικές συσκευές, τέντες, διπλά τζάμια, νυχτερινό ρεύμα, ανοιχτωσιά      - Τιμή: 1.620 €  <br><br><br>Ενοικιάζεται πολυτελές επιπλωμένο διαμέρισμα 107 τ.μ., πλησίον Δαχτυλίδι Κηφισίας--Αττική Οδός.<br> <br><br />
Για περισσότερα ακίνητα επισκεφτείτε το site μας.<br />
<br />
www.krimpa.gr<br />
<br />
ΜΕΣΙΤΙΚΟ Α.ΚΡΙΜΠΑ<br />
ΤΗΛ.6977244863<br />
210-8051912",,"1",,"1","5","1","1","2024-07-16","9","10","0","yes","yes","1","Αθήνα - Βόρεια Προάστια (Αττική)","Μαρούσι (Αθήνα - Βόρεια Προάστια)","1","105103","101","2111","117001","Double","1","1","0","0","1","1216098383","https://m2.spitogatos.gr/290836282_1600x1200.jpg?v=20130730","https://m3.spitogatos.gr/290836286_1600x1200.jpg?v=20130730","https://m2.spitogatos.gr/290836294_1600x1200.jpg?v=20130730","https://m3.spitogatos.gr/290836304_1600x1200.jpg?v=20130730","https://m3.spitogatos.gr/290836316_1600x1200.jpg?v=20130730","https://m1.spitogatos.gr/290836323_1600x1200.jpg?v=20130730","https://m2.spitogatos.gr/290836327_1600x1200.jpg?v=20130730","https://m2.spitogatos.gr/290836330_1600x1200.jpg?v=20130730","https://m1.spitogatos.gr/290836338_1600x1200.jpg?v=20130730","https://m3.spitogatos.gr/290836346_1600x1200.jpg?v=20130730","https://m2.spitogatos.gr/290836354_1600x1200.jpg?v=20130730","https://m1.spitogatos.gr/290836365_1600x1200.jpg?v=20130730","https://m3.spitogatos.gr/290836376_1600x1200.jpg?v=20130730","https://m3.spitogatos.gr/290836385_1600x1200.jpg?v=20130730","https://m3.spitogatos.gr/290836391_1600x1200.jpg?v=20130730","https://m1.spitogatos.gr/290836395_1600x1200.jpg?v=20130730","https://m3.spitogatos.gr/290836400_1600x1200.jpg?v=20130730","https://m3.spitogatos.gr/290836403_1600x1200.jpg?v=20130730",,,,,,,,"0","0","2","1","38.041325","1","1","23.810163",,"1",,,"2026-07-28","0","0",,"1","1","1",,,"1","0","0","1","0","0","0","1620",,,"0","0","0","0","15.14",,,"1","3","6","1","1","2022","0","1","3","0","1",,"0","107","1",,,"0","1","0","2024-07-16","https://www.spitogatos.gr/en/property/1216098383",,"1","0","2011",,"residential"
"1","2","no","vip","4",,,,,"1","1","0","0","2026-07-06","0","0","0","0","1","0",,"house",,,"0","<br>Ενοικιάζεται πολύ καλό διαμέρισμα 109τ.μ.,2ου ορόφου, σε ωραίο ήσυχο σημείο, πλησίον Κηφισίας-Δαχτυλίδι-ΗΣΑΠ Αμαρουσίου.<br />
<br />
Αποτελείται απο ωραίο χώρο υποδοχής με τζάκι, ενιαία λειτουργική κουζίνα, ωραίες βεράντες με θέα πράσινο, 3 ευρύχωρα υπνοδωμάτια,w.c. 1 υπόγεια θέση στάθμευσης, αποθήκη.<br />
<br />
Διαθέτει αυτόνομη θέρμανση φυσικού αερίου, ηλιακό, μποιλερ, συναγερμό, πόρτα ασφαλείας, διπλά τζάμια, κλιματιστικά σε όλους τους χώρους.<br />
<br />
Είναι πολύ φωτεινό, πρόσοψης, γωνιακό και επιτρέπονται τα κατοικίδια. 1350ε για 1 έτος+<br />
<br />
ΜΕΣΙΤΙΚΟ Α.ΚΡΙΜΠΑ<br />
<br />
ΤΗΛ.6977244863<br />
210-8051912 <br><br />
Για περισσότερα ακίνητα επισκεφτείτε το site μας.<br />
<br />
www.krimpa.gr<br />
<br />
ΜΕΣΙΤΙΚΟ Α.ΚΡΙΜΠΑ<br />
ΤΗΛ.6977244863<br />
210-8051912",,"1",,"1","2","0","1","2020-01-14","7","10","0","yes","yes","1","Αθήνα - Βόρεια Προάστια (Αττική)","Μαρούσι (Αθήνα - Βόρεια Προάστια)","1","105103","101","2111","106331","Double","4","1","0","0","1","129346208","https://m2.spitogatos.gr/185279329_1600x1200.jpg?v=20130730","https://m3.spitogatos.gr/185280602_1600x1200.jpg?v=20130730","https://m3.spitogatos.gr/185279330_1600x1200.jpg?v=20130730","https://m1.spitogatos.gr/185279331_1600x1200.jpg?v=20130730","https://m2.spitogatos.gr/185279332_1600x1200.jpg?v=20130730","https://m3.spitogatos.gr/185279333_1600x1200.jpg?v=20130730","https://m1.spitogatos.gr/185279334_1600x1200.jpg?v=20130730","https://m3.spitogatos.gr/185279336_1600x1200.jpg?v=20130730","https://m1.spitogatos.gr/185279337_1600x1200.jpg?v=20130730","https://m3.spitogatos.gr/185279339_1600x1200.jpg?v=20130730","https://m1.spitogatos.gr/185279340_1600x1200.jpg?v=20130730","https://m3.spitogatos.gr/185279342_1600x1200.jpg?v=20130730","https://m2.spitogatos.gr/185279344_1600x1200.jpg?v=20130730","https://m3.spitogatos.gr/185279345_1600x1200.jpg?v=20130730","https://m2.spitogatos.gr/185279347_1600x1200.jpg?v=20130730","https://m1.spitogatos.gr/185279349_1600x1200.jpg?v=20130730","https://m2.spitogatos.gr/185279350_1600x1200.jpg?v=20130730","https://m1.spitogatos.gr/185279352_1600x1200.jpg?v=20130730","https://m3.spitogatos.gr/185279354_1600x1200.jpg?v=20130730",,,,,,,"0","0","2","1","38.056","1","1","23.815598",,"1",,,"2026-07-28","0","0",,"0","1","1",,,"1","0","0","1","0","0","0","1580",,,"0","0","0","0","14.5",,,"1","3","6","1","0",,"0","7","3","0","1","0","1","109","1",,,"0","1","0","2020-01-14","https://www.spitogatos.gr/en/property/129346208",,"1","0","2004",,"residential"
"1","4","no","vip","4",,,,,"1","0","0","0","2026-06-16","0","0","0","0","1","0",,"house",,,"1","Κωδικός ακινήτου: 2-1593 - Μαρούσι Παράδεισος  ΕΝΟΙΚΙΑΖΕΤΑΙ   ανακαινισμένο επιπλωμένο διαμέρισμα  στον 4 ο όροφο συνολικής επιφάνειας 150.00 τ.μ.  . Αποτελείται από 3 υπνοδωμάτια, σαλόνι, κουζίνα, 2 μπάνια . Είναι κατασκευασμένο το 1979 με ενεργειακή κλάση Γ και ανακαινίστηκε το 2025. Διαθέτει θέρμανση αυτόνομη - πετρελαίου, θέα σε ανοιχτό ορίζοντα, κουφώματα αλουμινίου, ξύλινα πατώματα, πόρτα ασφαλείας, εντοιχιζόμενες ντουλάπες, ανελκυστήρα, πάρκινγκ, κήπο, τζάκι, A/C, ηλεκτρικές συσκευές, διπλά τζάμια, boiler, θυροτηλεόραση, νυχτερινό ρεύμα, ανοιχτωσιά      - Τιμή: 2.100 €  <br><br>Ενοικιάζεται πολυτελές επιπλωμένο και πλήρως εξοπλισμένο διαμέρισμα 150τ.μ. Βρίσκεται πλησίον Προαστιακού Πεντέλης- Δαχτυλίδι Κηφισίας-Αττική Οδό. <br><br />
Για περισσότερα ακίνητα επισκεφτείτε το site μας.<br />
<br />
www.krimpa.gr<br />
<br />
ΜΕΣΙΤΙΚΟ Α.ΚΡΙΜΠΑ<br />
ΤΗΛ.6977244863<br />
210-8051912",,,,"1","5","1","1","2026-06-16","9","2","0","yes","yes","1","Αθήνα - Βόρεια Προάστια (Αττική)","Μαρούσι (Αθήνα - Βόρεια Προάστια)","1","105103","101","2111","117002","Double","1","1","0","0","1","1220135171","https://m3.spitogatos.gr/357484232_1600x1200.jpg?v=20130730","https://m1.spitogatos.gr/357484245_1600x1200.jpg?v=20130730","https://m1.spitogatos.gr/357484257_1600x1200.jpg?v=20130730","https://m2.spitogatos.gr/357484270_1600x1200.jpg?v=20130730","https://m2.spitogatos.gr/357484282_1600x1200.jpg?v=20130730","https://m2.spitogatos.gr/357484291_1600x1200.jpg?v=20130730","https://m3.spitogatos.gr/357484301_1600x1200.jpg?v=20130730","https://m1.spitogatos.gr/357484305_1600x1200.jpg?v=20130730","https://m2.spitogatos.gr/357484306_1600x1200.jpg?v=20130730","https://m2.spitogatos.gr/357484309_1600x1200.jpg?v=20130730","https://m2.spitogatos.gr/357484312_1600x1200.jpg?v=20130730","https://m1.spitogatos.gr/357484314_1600x1200.jpg?v=20130730","https://m1.spitogatos.gr/357484317_1600x1200.jpg?v=20130730","https://m2.spitogatos.gr/357484321_1600x1200.jpg?v=20130730","https://m3.spitogatos.gr/357484325_1600x1200.jpg?v=20130730","https://m1.spitogatos.gr/357484329_1600x1200.jpg?v=20130730",,,,,,,,,,"0","0","2","1","38.034657",,"1","23.816488",,"1",,,"2026-07-28","0","0",,"1","0","2",,,"1","0","0","1","0","0","0","2100",,,"0","0","0","0","14",,,"1","3","6","1","1","2025","0","1","3","0","1",,"0","150","0",,,"0","1","0","2026-06-16","https://www.spitogatos.gr/en/property/1220135171",,"1","0","1979",,"residential"
