"AC","Floor Level","accessibleForDisabled","adType_code","adType_id","agentEmployee_firstName","agentEmployee_id","agentEmployee_lastName","agentEmployee_telephone","airy","alarm","attic","auction","availability","availableForDailyRent","awning","balcony","balconyArea","bright","builtInBBQ","byTheSea","category","caveBuilding","commonExpenses","corner","description","distanceSea","doubleGlass","electricCarChargingFacilities","elevator","energyClass","facade","fireplace","firstPublishDate","floorNumber","floorType","forCommercialUse","furnished","garage","garden","geographiesByLevel_2_fullName","geographiesByLevel_4_fullName","geographyParentIds_0","geographyParentIds_1","geographyParentIds_2","geographyParentIds_4","geographyParentIds_5","glassType","heatingController","heatingMedium","heatingUnderFloor","holidayHome","host_id","id","images/0","images/1","images/2","images/3","images/4","images/5","images/6","images/7","images/8","images/9","images/10","images/11","images/12","images/13","images/14","images/15","images/16","images/17","images/18","images/19","images/20","images/21","images/22","images/23","images/24","internal_stairs","investment","joinery","kitchens","latitude","levels","livingRooms","longitude","lotSize","luxHome","mannedReception","medicalOffice","modified","negotiablePrice","neoclassic","newDevelopment","nightPower","no_of_WC","no_of_bathrooms","numberOfFloors","orientation","painted","penthouse","pestNet","petsAllowed","playroom","pool","preserved","price","priceIncludesInternet","priceIncludesPower","priceIncludesSharedExp","priceIncludesWater","pricePerSqMeters","propertyPublishingOptionIds/0","propertyPublishingOptionIds/1","propertyPublishingOptionIds/2","propertyPublishingOptionIds/3","published","renovated","renovationYear","requiresRenovation","road_type","rooms","satelite","secure_door","solar_heater","sq_meters","storage","storageArea","streetAddress","studentHome","subtype","unfinished","uploaded","url","vTourUrl","view","wholeFloorApartment","year_of_construction","youtubeVideoId","zoning"
"0","Ground Floor","no","vip","15",,,,,"0","0","0","0","2026-06-17","0","0","0","0","0","0",,"house","0",,"0","Διαμέρισμα προς Ενοικίαση - Παλαιό Ψυχικό<br />
<br />
Σε μία από τις πιο εκλεκτές και ήσυχες γειτονιές του Παλαιού Ψυχικού, διατίθεται προς ενοικίαση πλήρως ανακαινισμένο διαμέρισμα ισογείου 140 τ.μ., που συνδυάζει κομψότητα, λειτουργικότητα και σύγχρονες ενεργειακές προδιαγραφές.<br />
<br />
Αποτελείται από χώρο υποδοχής με τζάκι, τραπεζαρία, ξεχωριστή κουζίνα, WC επισκεπτών, ένα master υπνοδωμάτιο και δύο επιπλέον υπνοδωμάτια που εξυπηρετούνται από ένα πλήρες μπάνιο.<br />
Η ανεξάρτητη κουζίνα είναι λειτουργική και πρακτική, ιδανική για τις ανάγκες μιας σύγχρονης οικογένειας.<br />
<br />
Το διαμέρισμα έχει ανακαινιστεί πλήρως και διαθέτει αυτόνομη θέρμανση φυσικού αερίου, εξωτερική θερμοπρόσοψη, θερμοδιακοπτόμενα κουφώματα αλουμινίου, πόρτα ασφαλείας και εγκατάσταση συναγερμού, εξασφαλίζοντας υψηλό επίπεδο άνεσης, ασφάλειας και ενεργειακής απόδοσης.<br />
<br />
Επιπλέον περιλαμβάνονται δύο στεγασμένες υπαίθριες θέσεις στάθμευσης και αποθήκη, προσφέροντας πρακτικές λύσεις για την καθημερινότητα.<br />
<br />
Τιμή: €3.500<br />
Revithis & Partners<br />
Τηλέφωνο Επικοινωνίας: 2108135181<br />
email: info@revithis.com",,,"0","0","4","0","0","2026-06-17","3",,"0","no","no","0","Αθήνα - Βόρεια Προάστια (Αττική)","Παλαιό Ψυχικό (Αθήνα - Βόρεια Προάστια)","1","105103","101","2124",,,,,"0","0","1","1220141558","https://m1.spitogatos.gr/357614262_1600x1200.jpg?v=20130730","https://m3.spitogatos.gr/360952394_1600x1200.jpg?v=20130730","https://m1.spitogatos.gr/360952398_1600x1200.jpg?v=20130730","https://m2.spitogatos.gr/360952405_1600x1200.jpg?v=20130730","https://m2.spitogatos.gr/360952411_1600x1200.jpg?v=20130730","https://m3.spitogatos.gr/360952415_1600x1200.jpg?v=20130730","https://m2.spitogatos.gr/360952417_1600x1200.jpg?v=20130730","https://m1.spitogatos.gr/360952422_1600x1200.jpg?v=20130730","https://m2.spitogatos.gr/360952426_1600x1200.jpg?v=20130730","https://m3.spitogatos.gr/360952430_1600x1200.jpg?v=20130730","https://m1.spitogatos.gr/360952434_1600x1200.jpg?v=20130730",,,,,,,,,,,,,,,"0","0",,"0","38.013039","1","0","23.772312",,"0","0","0","2026-08-01","0","0",,"0","1","2",,,"0","0","0",,"0","0","0","3500","0","0","0","0","25","1","3","6",,"1","0",,"0",,"3","0","0","0","140","0",,,"0","1","0","2026-06-17","https://www.spitogatos.gr/en/property/1220141558",,"0","0","1985",,"residential"
"0","3","no","vip","15",,,,,"0","0","0","0","2026-06-17","0","0","0","0","0","0",,"house","0",,"0","Διαμέρισμα προς Ενοικίαση - Παλαιό Ψυχικό<br />
<br />
Σε μία από τις πιο εκλεκτές και ήσυχες γειτονιές του Παλαιού Ψυχικού, διατίθεται προς ενοικίαση πλήρως ανακαινισμένο διαμέρισμα 180 τ.μ., στον 3ο όροφο, που συνδυάζει κομψότητα, λειτουργικότητα και σύγχρονες ενεργειακές προδιαγραφές.<br />
<br />
Η κατοικία διαθέτει έναν ιδιαίτερα φωτεινό και ευρύχωρο χώρο υποδοχής με τζάκι, ξεχωριστή τραπεζαρία και μεγάλες βεράντες που προσφέρουν άνεση και ευχάριστη αίσθηση διαβίωσης. <br />
Η ανεξάρτητη κουζίνα είναι λειτουργική και πρακτική, ιδανική για τις ανάγκες μιας σύγχρονης οικογένειας.<br />
<br />
Ο χώρος των υπνοδωματίων περιλαμβάνει τρία άνετα υπνοδωμάτια, εκ των οποίων το ένα είναι master με ιδιωτικό μπάνιο, ενώ εξυπηρετούνται επιπλέον από ένα πλήρες μπάνιο και WC επισκεπτών. <br />
Ένα επιπλέον δωμάτιο μπορεί να χρησιμοποιηθεί ως ξενώνας, γραφείο ή δωμάτιο υπηρεσίας, προσφέροντας ευελιξία ανάλογα με τις ανάγκες του ενοικιαστή.<br />
<br />
Το διαμέρισμα έχει ανακαινιστεί πλήρως και διαθέτει αυτόνομη θέρμανση φυσικού αερίου, εξωτερική θερμοπρόσοψη, θερμοδιακοπτόμενα κουφώματα αλουμινίου, πόρτα ασφαλείας και εγκατάσταση συναγερμού, εξασφαλίζοντας υψηλό επίπεδο άνεσης, ασφάλειας και ενεργειακής απόδοσης.<br />
<br />
Επιπλέον περιλαμβάνονται δύο στεγασμένες υπαίθριες θέσεις στάθμευσης και αποθήκη, προσφέροντας πρακτικές λύσεις για την καθημερινότητα.<br />
<br />
Μία εξαιρετική πρόταση κατοικίας σε μία από τις πλέον αριστοκρατικές περιοχές της Αθήνας, ιδανική για όσους αναζητούν ποιότητα, άνεση και προνομιακή τοποθεσία στο Παλαιό Ψυχικό.<br />
<br />
Τιμή: €6.000<br />
Revithis & Partners<br />
Τηλέφωνο Επικοινωνίας: 2108135181<br />
email: info@revithis.com",,,"0","0","4","0","0","2026-06-17","8",,"0","no","no","0","Αθήνα - Βόρεια Προάστια (Αττική)","Παλαιό Ψυχικό (Αθήνα - Βόρεια Προάστια)","1","105103","101","2124",,,,,"0","0","1","1220142466","https://m2.spitogatos.gr/359858392_1600x1200.jpg?v=20130730","https://m3.spitogatos.gr/359858393_1600x1200.jpg?v=20130730","https://m3.spitogatos.gr/357615173_1600x1200.jpg?v=20130730","https://m1.spitogatos.gr/359858394_1600x1200.jpg?v=20130730","https://m2.spitogatos.gr/359858395_1600x1200.jpg?v=20130730","https://m2.spitogatos.gr/359858413_1600x1200.jpg?v=20130730","https://m1.spitogatos.gr/359858433_1600x1200.jpg?v=20130730","https://m2.spitogatos.gr/359858434_1600x1200.jpg?v=20130730","https://m3.spitogatos.gr/359858447_1600x1200.jpg?v=20130730","https://m3.spitogatos.gr/359858462_1600x1200.jpg?v=20130730","https://m1.spitogatos.gr/359858463_1600x1200.jpg?v=20130730","https://m1.spitogatos.gr/359858475_1600x1200.jpg?v=20130730","https://m3.spitogatos.gr/359858498_1600x1200.jpg?v=20130730","https://m1.spitogatos.gr/359858499_1600x1200.jpg?v=20130730","https://m3.spitogatos.gr/359858510_1600x1200.jpg?v=20130730","https://m1.spitogatos.gr/359858511_1600x1200.jpg?v=20130730","https://m1.spitogatos.gr/359858529_1600x1200.jpg?v=20130730","https://m2.spitogatos.gr/359858542_1600x1200.jpg?v=20130730","https://m3.spitogatos.gr/359858543_1600x1200.jpg?v=20130730","https://m1.spitogatos.gr/359858544_1600x1200.jpg?v=20130730","https://m1.spitogatos.gr/359858577_1600x1200.jpg?v=20130730","https://m2.spitogatos.gr/359858578_1600x1200.jpg?v=20130730",,,,"0","0",,"0","38.013039","1","0","23.772312",,"0","0","0","2026-08-01","0","0",,"0","1","2",,,"0","0","0",,"0","0","0","6000","0","0","0","0","33.33","1","3","6",,"1","0",,"0",,"4","0","0","0","180","0",,,"0","1","0","2026-06-17","https://www.spitogatos.gr/en/property/1220142466",,"0","0","1985",,"residential"
"0","2","no","vip","15",,,,,"0","0","0","0","2026-06-17","0","0","0","0","0","0",,"house","0",,"0","Διαμέρισμα προς Ενοικίαση - Παλαιό Ψυχικό<br />
<br />
Σε μία από τις πιο εκλεκτές και ήσυχες γειτονιές του Παλαιού Ψυχικού, διατίθεται προς ενοικίαση πλήρως ανακαινισμένο διαμέρισμα 216 τ.μ., στον 2ο όροφο, που συνδυάζει κομψότητα, λειτουργικότητα και σύγχρονες ενεργειακές προδιαγραφές.<br />
<br />
Η κατοικία διαθέτει έναν ιδιαίτερα φωτεινό και ευρύχωρο χώρο υποδοχής με τζάκι, ξεχωριστή τραπεζαρία και μεγάλες βεράντες που προσφέρουν άνεση και ευχάριστη αίσθηση διαβίωσης. <br />
Η ανεξάρτητη κουζίνα είναι λειτουργική και πρακτική, ιδανική για τις ανάγκες μιας σύγχρονης οικογένειας.<br />
<br />
Ο χώρος των υπνοδωματίων περιλαμβάνει τρία άνετα υπνοδωμάτια, εκ των οποίων το ένα είναι master με ιδιωτικό μπάνιο, ενώ εξυπηρετούνται επιπλέον από ένα πλήρες μπάνιο και WC επισκεπτών. <br />
Ένα επιπλέον δωμάτιο μπορεί να χρησιμοποιηθεί ως ξενώνας, γραφείο ή δωμάτιο υπηρεσίας, προσφέροντας ευελιξία ανάλογα με τις ανάγκες του ενοικιαστή.<br />
<br />
Το διαμέρισμα έχει ανακαινιστεί πλήρως και διαθέτει αυτόνομη θέρμανση φυσικού αερίου, εξωτερική θερμοπρόσοψη, θερμοδιακοπτόμενα κουφώματα αλουμινίου, πόρτα ασφαλείας και εγκατάσταση συναγερμού, εξασφαλίζοντας υψηλό επίπεδο άνεσης, ασφάλειας και ενεργειακής απόδοσης.<br />
<br />
Επιπλέον περιλαμβάνονται δύο στεγασμένες υπαίθριες θέσεις στάθμευσης και αποθήκη, προσφέροντας πρακτικές λύσεις για την καθημερινότητα.<br />
<br />
Μία εξαιρετική πρόταση κατοικίας σε μία από τις πλέον αριστοκρατικές περιοχές της Αθήνας, ιδανική για όσους αναζητούν ποιότητα, άνεση και προνομιακή τοποθεσία στο Παλαιό Ψυχικό.<br />
<br />
Τιμή: €6.000<br />
Revithis & Partners<br />
Τηλέφωνο Επικοινωνίας: 2108135181<br />
email: info@revithis.com",,,"0","0","4","0","0","2026-06-17","7",,"0","no","no","0","Αθήνα - Βόρεια Προάστια (Αττική)","Παλαιό Ψυχικό (Αθήνα - Βόρεια Προάστια)","1","105103","101","2124",,,,,"0","0","1","1220142478","https://m2.spitogatos.gr/359933392_1600x1200.jpg?v=20130730","https://m1.spitogatos.gr/359933406_1600x1200.jpg?v=20130730","https://m2.spitogatos.gr/359933425_1600x1200.jpg?v=20130730","https://m3.spitogatos.gr/359933429_1600x1200.jpg?v=20130730","https://m2.spitogatos.gr/357615598_1600x1200.jpg?v=20130730","https://m3.spitogatos.gr/357615602_1600x1200.jpg?v=20130730","https://m3.spitogatos.gr/357615605_1600x1200.jpg?v=20130730","https://m1.spitogatos.gr/357615609_1600x1200.jpg?v=20130730","https://m1.spitogatos.gr/357615618_1600x1200.jpg?v=20130730","https://m3.spitogatos.gr/357615623_1600x1200.jpg?v=20130730","https://m2.spitogatos.gr/357615628_1600x1200.jpg?v=20130730","https://m1.spitogatos.gr/357615636_1600x1200.jpg?v=20130730","https://m3.spitogatos.gr/357615641_1600x1200.jpg?v=20130730","https://m2.spitogatos.gr/357615649_1600x1200.jpg?v=20130730","https://m3.spitogatos.gr/357615659_1600x1200.jpg?v=20130730","https://m2.spitogatos.gr/357615664_1600x1200.jpg?v=20130730","https://m3.spitogatos.gr/357615671_1600x1200.jpg?v=20130730","https://m3.spitogatos.gr/357615677_1600x1200.jpg?v=20130730","https://m2.spitogatos.gr/357615682_1600x1200.jpg?v=20130730","https://m1.spitogatos.gr/357615687_1600x1200.jpg?v=20130730",,,,,,"0","0",,"0","38.013039","1","0","23.772312",,"0","0","0","2026-08-01","0","0",,"0","1","2",,,"0","0","0",,"0","0","0","6000","0","0","0","0","27.78","1","3","6",,"1","0",,"0",,"4","0","0","0","216","0",,,"0","1","0","2026-06-17","https://www.spitogatos.gr/en/property/1220142478",,"0","0","1985",,"residential"
"1",,"yes","vip","15",,,,,"1","1","0","0","2026-07-01","0","1","1","50","1","0",,"house","0","80","0","ΟΡΟΦΟΔΙΑΜΕΡΙΣΜΑ Β ΟΡΟΦΟΥ  200 ΤΜ ΕΝΤΟΣ ΤΡΙΟΡΟΦΗΣ ΟΙΚΟΔΟΜΗΣ ΑΡΙΣΤΗΣ ΘΕΣΕΩΣ ΚΟΝΤΑ ΠΛΑΤΕΙΑΣ ΕΥΚΑΛΥΠΤΩΝ , ΜΕ ΕΝΙΑΙΟΥΣ ΧΩΡΟΥΣ ΥΠΟΔΟΧΗΣ ΤΖΑΚΙ ΠΑΤΩΜΑΤΑ ΠΑΝΤΟΥ ΤΡΙΑ ΥΠΝΟΔΩΜΑΤΙΑ ΤΑ ΔΥΟ ΜΑΣΤΕΡ , ΤΡΙΑ ΠΛΗΡΗ ΜΠΑΝΙΑ, ΠΟΛΛΕΣ ΝΤΟΥΛΑΠΕΣ, ΜΕΓΑΛΕΣ ΒΕΡΑΝΤΕΣ ΜΕ ΘΕΑ , ΚΟΥΖΙΝΑ ΜΕ ΔΙΚΟ ΤΗΣ ΚΑΘΙΣΤΙΚΟ , ΘΕΣΗ ΣΚΕΠΑΣΤΗ ΠΑΡΚΙΝΚ .",,,"0","1","5","1","1","2026-06-17","0","2","0","no","yes","0","Αθήνα - Βόρεια Προάστια (Αττική)","Παλαιό Ψυχικό (Αθήνα - Βόρεια Προάστια)","1","105103","101","2124","123010","Double","1","2","0","0","1","1220141503","https://m2.spitogatos.gr/357600376_1600x1200.jpg?v=20130730","https://m3.spitogatos.gr/357600527_1600x1200.jpg?v=20130730","https://m1.spitogatos.gr/357600666_1600x1200.jpg?v=20130730","https://m3.spitogatos.gr/357600755_1600x1200.jpg?v=20130730","https://m2.spitogatos.gr/357600832_1600x1200.jpg?v=20130730","https://m3.spitogatos.gr/357600989_1600x1200.jpg?v=20130730","https://m1.spitogatos.gr/357601134_1600x1200.jpg?v=20130730","https://m3.spitogatos.gr/357601148_1600x1200.jpg?v=20130730","https://m3.spitogatos.gr/357601265_1600x1200.jpg?v=20130730","https://m3.spitogatos.gr/357601385_1600x1200.jpg?v=20130730","https://m1.spitogatos.gr/357601572_1600x1200.jpg?v=20130730","https://m2.spitogatos.gr/357601594_1600x1200.jpg?v=20130730","https://m2.spitogatos.gr/357601651_1600x1200.jpg?v=20130730","https://m2.spitogatos.gr/357601831_1600x1200.jpg?v=20130730","https://m3.spitogatos.gr/357601874_1600x1200.jpg?v=20130730","https://m1.spitogatos.gr/357601947_1600x1200.jpg?v=20130730","https://m3.spitogatos.gr/357602105_1600x1200.jpg?v=20130730","https://m1.spitogatos.gr/357602211_1600x1200.jpg?v=20130730",,,,,,,,"0","1","2","1","38.004639","1","1","23.771681","700","1","0","0","2026-08-01","1","0",,"1","0","3",,"3","1",,"1",,"0","0","0","3800","0","0","0","0","19","1","3","6",,"1","1","2020","0","1","3","1","1","0","200","0",,,"0","1","0","2026-06-17","https://www.spitogatos.gr/en/property/1220141503",,"1",,"2005",,"residential"
"0","1","no","vip","15",,,,,"0","0","0","0","2026-06-17","0","0","0","0","0","0",,"house","0",,"0","Διαμέρισμα προς Ενοικίαση - Παλαιό Ψυχικό<br />
<br />
Σε μία από τις πιο εκλεκτές και ήσυχες γειτονιές του Παλαιού Ψυχικού, διατίθεται προς ενοικίαση πλήρως ανακαινισμένο διαμέρισμα 195 τ.μ., στον 1ο όροφο, που συνδυάζει κομψότητα, λειτουργικότητα και σύγχρονες ενεργειακές προδιαγραφές.<br />
<br />
Η κατοικία διαθέτει έναν ιδιαίτερα φωτεινό και ευρύχωρο χώρο υποδοχής με τζάκι, ξεχωριστή τραπεζαρία και μεγάλες βεράντες που προσφέρουν άνεση και ευχάριστη αίσθηση διαβίωσης. <br />
Η ανεξάρτητη κουζίνα είναι λειτουργική και πρακτική, ιδανική για τις ανάγκες μιας σύγχρονης οικογένειας.<br />
<br />
Ο χώρος των υπνοδωματίων περιλαμβάνει τρία άνετα υπνοδωμάτια, εκ των οποίων το ένα είναι master με ιδιωτικό μπάνιο, ενώ εξυπηρετούνται επιπλέον από ένα πλήρες μπάνιο και WC επισκεπτών. <br />
Ένα επιπλέον δωμάτιο μπορεί να χρησιμοποιηθεί ως ξενώνας, γραφείο ή δωμάτιο υπηρεσίας, προσφέροντας ευελιξία ανάλογα με τις ανάγκες του ενοικιαστή.<br />
<br />
Το διαμέρισμα έχει ανακαινιστεί πλήρως και διαθέτει αυτόνομη θέρμανση φυσικού αερίου, εξωτερική θερμοπρόσοψη, θερμοδιακοπτόμενα κουφώματα αλουμινίου, πόρτα ασφαλείας και εγκατάσταση συναγερμού, εξασφαλίζοντας υψηλό επίπεδο άνεσης, ασφάλειας και ενεργειακής απόδοσης.<br />
<br />
Επιπλέον περιλαμβάνονται δύο στεγασμένες υπαίθριες θέσεις στάθμευσης και αποθήκη, προσφέροντας πρακτικές λύσεις για την καθημερινότητα.<br />
<br />
Μία εξαιρετική πρόταση κατοικίας σε μία από τις πλέον αριστοκρατικές περιοχές της Αθήνας, ιδανική για όσους αναζητούν ποιότητα, άνεση και προνομιακή τοποθεσία στο Παλαιό Ψυχικό.<br />
<br />
Τιμή: €5.000<br />
Revithis & Partners<br />
Τηλέφωνο Επικοινωνίας: 2108135181<br />
email: info@revithis.com",,,"0","0","4","0","0","2026-06-17","6",,"0","no","no","0","Αθήνα - Βόρεια Προάστια (Αττική)","Παλαιό Ψυχικό (Αθήνα - Βόρεια Προάστια)","1","105103","101","2124",,,,,"0","0","1","1220142483","https://m3.spitogatos.gr/357615734_1600x1200.jpg?v=20130730","https://m2.spitogatos.gr/357615739_1600x1200.jpg?v=20130730","https://m3.spitogatos.gr/357615743_1600x1200.jpg?v=20130730","https://m3.spitogatos.gr/357615746_1600x1200.jpg?v=20130730","https://m1.spitogatos.gr/357615750_1600x1200.jpg?v=20130730","https://m2.spitogatos.gr/357615754_1600x1200.jpg?v=20130730","https://m2.spitogatos.gr/357615757_1600x1200.jpg?v=20130730","https://m3.spitogatos.gr/357615761_1600x1200.jpg?v=20130730","https://m2.spitogatos.gr/357615763_1600x1200.jpg?v=20130730","https://m2.spitogatos.gr/357615766_1600x1200.jpg?v=20130730","https://m2.spitogatos.gr/357615769_1600x1200.jpg?v=20130730","https://m2.spitogatos.gr/357615772_1600x1200.jpg?v=20130730","https://m2.spitogatos.gr/357615775_1600x1200.jpg?v=20130730","https://m1.spitogatos.gr/357615777_1600x1200.jpg?v=20130730","https://m3.spitogatos.gr/357615779_1600x1200.jpg?v=20130730","https://m1.spitogatos.gr/357615783_1600x1200.jpg?v=20130730",,,,,,,,,,"0","0",,"0","38.013039","1","0","23.772312",,"0","0","0","2026-08-01","0","0",,"0","1","2",,,"0","0","0",,"0","0","0","5000","0","0","0","0","25.64","1","3","6",,"1","0",,"0",,"3","0","0","0","195","0",,,"0","1","0","2026-06-17","https://www.spitogatos.gr/en/property/1220142483",,"0","0","1985",,"residential"
"1","Ground Floor",,"vip","15","Κωνσταντίνα","49395","Μέρμηγκα","+306988275522","1","1",,"0",,"0",,"1","0","1",,,"house",,,"1","Παλαιό Ψυχικό Μονοκατοικία 1000m² 4 επιπέδων σε οικόπεδο 1300m².Αποτελείται από 14 υπνοδωμάτια, 8 μπάνια, 8 wc, 4 κουζίνες, 4 καθιστικά με τζάκι. Επίσης διαθέτει πόρτα ασφαλείας με συναγερμό μεγάλες βεράντες με θέα στον κήπο και την πισίνα διπλά τζάμια θέρμανση πετρελαίου αποθήκη και 2 θέσεις στάθμευσης.",,"1",,,"1","1","1","2021-09-02","3","2",,"no","yes","1","Αθήνα - Βόρεια Προάστια (Αττική)","Παλαιό Ψυχικό (Αθήνα - Βόρεια Προάστια)","1","105103","101","2124","123011","Double","1","1",,,"1","1211532178","https://m2.spitogatos.gr/220838665_1600x1200.jpg?v=20130730","https://m1.spitogatos.gr/220838670_1600x1200.jpg?v=20130730","https://m2.spitogatos.gr/220838650_1600x1200.jpg?v=20130730","https://m1.spitogatos.gr/220838655_1600x1200.jpg?v=20130730","https://m3.spitogatos.gr/220838663_1600x1200.jpg?v=20130730","https://m1.spitogatos.gr/220838667_1600x1200.jpg?v=20130730","https://m1.spitogatos.gr/220838676_1600x1200.jpg?v=20130730","https://m1.spitogatos.gr/220838673_1600x1200.jpg?v=20130730","https://m3.spitogatos.gr/220838681_1600x1200.jpg?v=20130730","https://m2.spitogatos.gr/220838698_1600x1200.jpg?v=20130730","https://m1.spitogatos.gr/220838685_1600x1200.jpg?v=20130730","https://m3.spitogatos.gr/220838711_1600x1200.jpg?v=20130730","https://m1.spitogatos.gr/220838733_1600x1200.jpg?v=20130730","https://m1.spitogatos.gr/220838688_1600x1200.jpg?v=20130730","https://m2.spitogatos.gr/220838677_1600x1200.jpg?v=20130730","https://m3.spitogatos.gr/220838678_1600x1200.jpg?v=20130730","https://m2.spitogatos.gr/220838680_1600x1200.jpg?v=20130730","https://m3.spitogatos.gr/220838696_1600x1200.jpg?v=20130730","https://m1.spitogatos.gr/220838703_1600x1200.jpg?v=20130730","https://m1.spitogatos.gr/220838727_1600x1200.jpg?v=20130730","https://m2.spitogatos.gr/220838725_1600x1200.jpg?v=20130730","https://m1.spitogatos.gr/220838730_1600x1200.jpg?v=20130730","https://m2.spitogatos.gr/220838713_1600x1200.jpg?v=20130730","https://m3.spitogatos.gr/220838717_1600x1200.jpg?v=20130730","https://m3.spitogatos.gr/220838720_1600x1200.jpg?v=20130730",,,"2","4","38.013123","3","4","23.772343",,"1",,,"2026-08-01","0",,,,"8","8",,"3","1",,,,"1","1",,"17000","0","0","0","0","17","1","3","6","8","1","1","2020",,,"14",,"1","1","1000","1",,,,"4",,"2021-09-02","https://www.spitogatos.gr/en/property/1211532178",,"1",,"2007",,"residential"
"1","Ground Floor",,"vip","15",,,,,"1","1","0","0",,"0","0","1","0","1",,,"house",,,"0","Ψυχικό, Παλαιό Ψυχικό , Μεζονέτα Προς Ενοικίαση 410 τ.μ., σε οικόπεδο 2000 τ.μ. ,η  οποία αποτελείται απο 4 επίπεδα, υπόγειο, ισόγειο, πρώτος οροφος και σοφίτα. Στο ισόγειο βρίσκονται το σαλόνι, το καθιστικό με τα 2 τζάκια, w/c και κουζίνα πλήρως εξοπλισμένη με ηλεκτρικές συσκευές Στον πρώτο όροφο υπάρχουν τα 3 master  υπνοδωμάτια με δικά τους μπάνια και μεγάλες ντουλάπες. Το 1 master  υπνοδωμάτιο έχει walk in closet, τζάκι και τζακούζι.<br />
Στην σοφίτα υπάρχουν αποθηκευτικοί χώροι και είναι ένας χώρος που μπορεί να διαμορφωθεί ως χώρος γρφαείου ή ως ξενώνας .<br />
Στο υπόγειο υπάρχει το playroom, laundry room, service room πληρως εξοπλισμένο , w/c και τζάκι. Επίσης υπάρχει πόρτα ασφαλείας που οδηγεί στο garage 3 θέσεων. Στο χώρο στάθμευσης υπάρχει η δυνατότητα εγκατάστασης παροχής για φόρτιση ηλεκτρικού αυτοκινήτου. Επιπροσθέτως σε αυτό το επίπεδο υπάρχει η γεννήτρια ρεύματος, το σύστημα πυρόσβεσης και η αποθήκη. Διαθέτει πισίνα, κήπο, συναγερμό, θυροτηλεόραση και κάμερες ασφαλείας.",,,,"1","6","1","1","2025-12-04","3","6","0","no","yes","1","Αθήνα - Βόρεια Προάστια (Αττική)","Παλαιό Ψυχικό (Αθήνα - Βόρεια Προάστια)","1","105103","101","2124","123011","Double","1","2",,"0","1","1218777543","https://m1.spitogatos.gr/336559023_1600x1200.jpg?v=20130730","https://m3.spitogatos.gr/336559103_1600x1200.jpg?v=20130730","https://m2.spitogatos.gr/336559036_1600x1200.jpg?v=20130730","https://m2.spitogatos.gr/336559039_1600x1200.jpg?v=20130730","https://m1.spitogatos.gr/336559038_1600x1200.jpg?v=20130730","https://m1.spitogatos.gr/336559053_1600x1200.jpg?v=20130730","https://m3.spitogatos.gr/336559055_1600x1200.jpg?v=20130730","https://m1.spitogatos.gr/336559056_1600x1200.jpg?v=20130730","https://m1.spitogatos.gr/336559068_1600x1200.jpg?v=20130730","https://m2.spitogatos.gr/336559069_1600x1200.jpg?v=20130730","https://m3.spitogatos.gr/336559070_1600x1200.jpg?v=20130730",,,,,,,,,,,,,,,"1","0","2","0","38.014339","4","1","23.773245","2000","1","0","0","2026-07-31","0","0",,"1","1","4",,"3","1",,"1",,"1","1","0","10000","0","0","0","0","24.39","1","3","6",,"1",,,"0","1","4",,"1","1","410","1",,,"0","3","0","2025-12-04","https://www.spitogatos.gr/en/property/1218777543",,"1",,"2008",,"residential"
"1","2","yes","vip","15",,,,,"1","1","0","0","2026-07-24","0","0","0","0","1","0",,"house",,,"0","<br>Κωδικός ακινήτου: 99103 – Νέο Ψυχικό | Πολυτελής Νεόδμητη Οροφομεζονέτα προς Ενοικίαση Σε μία από τις πιο προνομιακές και περιζήτητες τοποθεσίες του Νέου Ψυχικού, κοντά στην Αγία Σοφία, διατίθεται προς ενοικίαση μια εξαιρετική νεόδμητη οροφομεζονέτα υψηλών προδιαγραφών. Βρίσκεται σε ήσυχη και καταπράσινη γειτονιά, με άμεση πρόσβαση σε σταθμό μετρό, πάρκα, σχολεία, αγορά και όλες τις απαραίτητες υπηρεσίες. Η κατοικία ξεχωρίζει για την άριστη εργονομική διαρρύθμιση, τους φωτεινούς και ευάερους χώρους, τα μεγάλα ανοίγματα και την ευρύχωρη βεράντα πρόσοψης. Διαθέτει τρία άνετα υπνοδωμάτια, εκ των οποίων το ένα αποτελεί master με ιδιωτικό (en suite) μπάνιο, ενώ κάθε επίπεδο διαθέτει ανεξάρτητη είσοδο, τόσο από τον 2ο όσο και από τον 3ο όροφο, προσφέροντας αυξημένη λειτουργικότητα και ιδιωτικότητα. Η κατασκευή είναι κορυφαίας ποιότητας, με σύγχρονη αρχιτεκτονική και μινιμαλιστικό σχεδιασμό. Η ενεργειακή κλάση Α+ εξασφαλίζει υψηλή ενεργειακή απόδοση, χάρη στην εξωτερική θερμοπρόσοψη, τα βαρέος τύπου θερμοδιακοπτόμενα κουφώματα αλουμινίου με ενεργειακούς υαλοπίνακες, τα ηλεκτρικά ρολά, την ενδοδαπέδια θέρμανση με αντλία θερμότητας και τον κλιματισμό σε όλους τους χώρους. Επιπλέον, διαθέτει κρυφό και LED φωτισμό, δρύινα δάπεδα σε όλους τους χώρους και πλήρη δομημένη καλωδίωση. Το ακίνητο παραδίδεται πλήρως εξοπλισμένο με όλες τις απαραίτητες ηλεκτρικές συσκευές, όπως εντοιχισμένο φούρνο, εστίες, ψυγείο, πλυντήριο πιάτων και πλυντήριο ρούχων, αποτελώντας ιδανική επιλογή για όσους αναζητούν μια σύγχρονη κατοικία υψηλής αισθητικής και άνεσης σε μία από τις καλύτερες περιοχές των βορείων προαστίων. Επικοινωνήστε μαζί μας σήμερα για περισσότερες πληροφορίες ή για να προγραμματίσετε την προσωπική σας ξενάγηση.<br><br>Property Code: 99103 – Neo Psychiko | Brand-New Luxury Duplex Apartment for Rent Available for rent in one of the most prestigious locations of Neo Psychiko, near Agia Sofia, this exceptional newly built duplex apartment combines premium construction quality, contemporary architecture, and minimalist design. Situated in a quiet and elegant residential neighborhood, it offers immediate access to the metro, parks, schools, shopping, and all essential amenities. The residence features a thoughtfully designed layout with bright, airy interiors, large floor-to-ceiling openings, and a spacious front-facing veranda. It offers three comfortable bedrooms, including a master suite with an en-suite bathroom. Each level has its own independent entrance, accessible from both the 2nd and 3rd floors, ensuring maximum privacy and flexibility. Built to the highest standards, the property boasts an A+ energy rating, including external thermal insulation, heavy-duty thermally insulated aluminum frames with energy-efficient glazing, electric shutters, underfloor heating with a heat pump, air conditioning in every room, concealed and LED lighting, premium oak flooring throughout, and structured cabling. The apartment is delivered fully equipped with high-quality built-in appliances, including an oven, cooktop, refrigerator, dishwasher, and washing machine, making it move-in ready. An outstanding opportunity for those seeking a luxurious, energy-efficient home in one of Athens' most sought-after residential areas. Contact us today for more information or to schedule your private viewing.<br> <br>| UNION PROPERTIES +30 2108087844 - +30 6940579421, https://www.union-properties.gr/, email: north@union-properties.gr<br />
| Η Union Properties καταβάλλει κάθε δυνατή προσπάθεια για την παροχή έγκυρων και επικαιροποιημένων πληροφοριών σχετικά με τα ακίνητα που προβάλλονται, καθώς και για την επαλήθευση των στοιχείων που παρέχονται από τους ιδιοκτήτες/πωλητές. Ωστόσο, δεν φέρει καμία ευθύνη για τυχόν ανακρίβειες, παραλείψεις ή μεταβολές στις πληροφορίες αυτές, εφόσον δεν έχει προηγηθεί σχετική έγγραφη ενημέρωση από τους πωλητές.<br />
Η θέση του ακινήτου στον χάρτη είναι ενδεικτική και ενδέχεται να μην ανταποκρίνεται με ακρίβεια στην πραγματική τοποθεσία.<br />
Σύμφωνα με τον Ν. 4072/11-4-2012 (ΦΕΚ 86 Α’), για την υπόδειξη οποιουδήποτε ακινήτου απαιτείται η προσκόμιση της αστυνομικής ταυτότητας και του Α.Φ.Μ. του ενδιαφερόμενου.",,,,"1","1","1","0","2026-07-24","7","2","0","no","yes","0","Αθήνα - Βόρεια Προάστια (Αττική)","Νέο Ψυχικό (Αθήνα - Βόρεια Προάστια)","1","105103","101","2115","123002","Double","1","13","1","0","1","1220481471","https://m1.spitogatos.gr/363132810_1600x1200.jpg?v=20130730","https://m2.spitogatos.gr/363132817_1600x1200.jpg?v=20130730","https://m1.spitogatos.gr/363132825_1600x1200.jpg?v=20130730","https://m3.spitogatos.gr/363132830_1600x1200.jpg?v=20130730","https://m1.spitogatos.gr/363132837_1600x1200.jpg?v=20130730","https://m2.spitogatos.gr/363132844_1600x1200.jpg?v=20130730","https://m2.spitogatos.gr/363132850_1600x1200.jpg?v=20130730","https://m3.spitogatos.gr/363132857_1600x1200.jpg?v=20130730","https://m2.spitogatos.gr/363132862_1600x1200.jpg?v=20130730","https://m1.spitogatos.gr/363132867_1600x1200.jpg?v=20130730","https://m2.spitogatos.gr/363132871_1600x1200.jpg?v=20130730","https://m2.spitogatos.gr/363132880_1600x1200.jpg?v=20130730","https://m2.spitogatos.gr/363132883_1600x1200.jpg?v=20130730","https://m2.spitogatos.gr/363132886_1600x1200.jpg?v=20130730","https://m3.spitogatos.gr/363132890_1600x1200.jpg?v=20130730","https://m3.spitogatos.gr/363132893_1600x1200.jpg?v=20130730","https://m2.spitogatos.gr/363132895_1600x1200.jpg?v=20130730","https://m2.spitogatos.gr/363132910_1600x1200.jpg?v=20130730","https://m2.spitogatos.gr/363132913_1600x1200.jpg?v=20130730","https://m2.spitogatos.gr/363132928_1600x1200.jpg?v=20130730",,,,,,"1","0","2","1","38.007744","2","1","23.780508",,"1",,,"2026-07-31","0","0","1","1","0","2","7","10","0","0","1",,"0","0","0","2700","0","0","0","0","22.5","1","3","6",,"1","0",,"0","1","3","0","1","1","120","1","10",,"0","3","0","2026-07-24","https://www.spitogatos.gr/en/property/1220481471",,"1","0","2026","JDgd0eGzPKk","residential"
"1","1","no","vip","15",,,,,"1","1","0","0","2026-07-23","0","0","1","0","1","0",,"house",,,"1","Κωδικός ακινήτου: 6115349 - Παλαιό Ψυχικό Ευκάλυπτοι - Άνω Φάρος  ΕΝΟΙΚΙΑΖΕΤΑΙ   ανακαινισμένο επιπλωμένο διαμέρισμα  στον 1 ο όροφο συνολικής επιφάνειας 168.00 τ.μ.  . Αποτελείται από 3 υπνοδωμάτια,  σαλοκουζίνα, 3 μπάνια και WC. Είναι κατασκευασμένο το 1962 με ενεργειακή κλάση Β+ και ανακαινίστηκε το 2026. Διαθέτει θέρμανση ατομική - φυσικό αέριο, θέα σε ανοιχτό ορίζοντα, κουφώματα ενεργειακά, ξύλινα πατώματα, πόρτα ασφαλείας με τρίαινα, εντοιχιζόμενες ντουλάπες, πάρκινγκ, αποθήκη , κήπο, τζάκι, A/C, συναγερμό, ηλεκτρικές συσκευές, σίτες, διπλά τζάμια, τριπλά τζάμια, σκαλιά εισόδου, dressing room, laundry room, κάμερες, θυροτηλεόραση, ανοιχτωσιά      - Τιμή: 5.000 €  <br><br><strong>Σε μία από τις πλέον εκλεκτές και περιζήτητες περιοχές της Αθήνας, στον Φάρο Παλαιού Ψυχικού, διατίθεται προς ενοικίαση ένα εξαιρετικό, πλήρως ανακαινισμένο διαμέρισμα 168 τ.μ. υψηλής αισθητικής, που συνδυάζει αρμονικά τη σύγχρονη λειτουργικότητα με την ποιοτική κατασκευή. </strong><br>Με εκλεπτυσμένη μινιμαλιστική αισθητική και επιλεγμένα επώνυμα έπιπλα, το ακίνητο αποπνέει διαχρονική κομψότητα και υψηλού επιπέδου διαβίωση.<br>Το ακίνητο βρίσκεται στον 1ο όροφο προσεγμένης πολυκατοικίας και ανακαινίστηκε ριζικά με ιδιαίτερη προσοχή στη λεπτομέρεια, προσφέροντας ένα ολοκαίνουργιο περιβάλλον διαβίωσης.<br>Το επίπεδο ασφάλειας είναι ιδιαίτερα υψηλό, καθώς η κατοικία βρίσκεται σε άμεση γειτνίαση με πρεσβείες και φυλασσόμενα ακίνητα με παρουσία 24ωρης επιτήρησης στην ευρύτερη περιοχή, αναβαθμίζοντας έτσι την κατοικία.<br><br><strong>Εσωτερική Διαρρύθμιση Χώρων</strong><br>• Το διαμέρισμα είναι διαμπερές και γωνιακό με μεγάλα ανοίγματα και ανοιχτό ορίζοντα προς την πόλη. <br>• Ο ενιαίος χώρος υποδοχής με την ανοιχτού τύπου κουζίνα δημιουργεί έναν σύγχρονο και ιδιαίτερα λειτουργικό χώρο, λουσμένο στο φυσικό φως.<br>• 3 άνετα υπνοδωμάτια, όλα με en suite μπάνιο, δικό τους μπαλκόνι με θέα στον πράσινο κοινόχρηστο κήπο και ειδικά διαμορφωμένο χώρο γραφείου<br>• 3 ευρύχωρα σύγχρονα μπάνια με ντουζιέρες και μπανιέρες<br>• 1 WC επισκεπτών<br>• 2 ευρύχωρες walk-in-closets στα 2 από τα 3 υ/δ<br>• Άνετες καθιστικές βεράντες με σκίαστρα για απόλυτη ιδιωτικότητα που λειτουργούν ως προέκταση του εσωτερικού χώρου.<br>• Η διαρρύθμιση έχει σχεδιαστεί ώστε να εξασφαλίζει άνεση και υψηλή ποιότητα καθημερινής διαβίωσης.<br><br><strong>Τεχνικά Χαρακτηριστικά και Παροχές</strong><br>►Πλήρης και ποιοτική ανακαίνιση με σύγχρονα υλικά<br>►Minimal αρχιτεκτονική αισθητική<br>►Ηχομόνωση και Θερμομόνωση<br>►Αυτόνομη θέρμανση με φυσικό αέριο και ατομικό λέβητα<br>►Ζεστό νερό όλο το 24ωρο<br>►Προηγμένο σύστημα συναγερμού και CCTV κάμερες<br>►Ενεργειακά κουφώματα με τριπλά τζάμια, ηλεκτρικά ρολά και σίτες<br>►Δρύινα πατώματα Α ποιότητας σε όλους τους χώρους<br>►Πλήρως εξοπλισμένο και επιπλωμένο ώστε να καλύψει όλες τις σύγχρονες ανάγκες<br>►Δίκτυο Internet Wifi<br>►1 Ανοιχτή θέση στάθμευσης<br>►Αποθηκευτικός χώρος<br>►Πρόσβαση σε κοινόχρηστο διαμορφωμένο κήπο στην πίσω πλευρά <br>►Καλοδιατηρημένη πολυκατοικία 3 κατοικιών<br><br><strong>Τοποθεσία</strong><br>Το Παλαιό Ψυχικό είναι μία από τις πιο αριστοκρατικές και ήσυχες κατοικημένες περιοχές της Αθήνας, με άμεση πρόσβαση στο κέντρο της πόλης, σε βασικούς οδικούς άξονες, <strong>διεθνή και ιδιωτικά  σχολεία</strong> και πλήθος καθημερινών εξυπηρετήσεων. Σε κοντινή απόσταση βρίσκεται το <strong>εμπορικό κέντρο της περιοχής και η τοπική αγορά, χώροι εστίασης και διασκέδασης, το Golden Hall, The Mall, μεγάλες αλυσίδες super markets, δημόσια και ιδιωτικά νοσοκομεία.</strong><br>Εξυπηρετείται από αστικές γραμμές λεωφορείων. <br>Η τοποθεσία συνδυάζει ιδανικά την απόλυτη ασφάλεια με την ευκολία πρόσβασης σε κάθε σημείο της πόλης, καθιστώντας το ακίνητο ιδανική επιλογή για οικογένειες, διπλωμάτες, ακολούθους πρεσβειών, επαγγελματίες και στελέχη που επιλέγουν να εγκατασταθούν στην Αθήνα, συνδυάζοντας εργασία και ποιοτική καθημερινότητα.<br><br><br> <br>Περισσότερα διαθέσιμα ακίνητα στην ιστοσελίδα μας: www.dp-properties.gr",,,,"0","3","1","1","2026-07-23","6","2","0","yes","yes","1","Αθήνα - Βόρεια Προάστια (Αττική)","Παλαιό Ψυχικό (Αθήνα - Βόρεια Προάστια)","1","105103","101","2124","123012","Triple","4","2","0","0","1","1220462145","https://m2.spitogatos.gr/364117453_1600x1200.jpg?v=20130730","https://m3.spitogatos.gr/364117454_1600x1200.jpg?v=20130730","https://m3.spitogatos.gr/364117457_1600x1200.jpg?v=20130730","https://m1.spitogatos.gr/364117458_1600x1200.jpg?v=20130730","https://m2.spitogatos.gr/364117459_1600x1200.jpg?v=20130730","https://m3.spitogatos.gr/364117460_1600x1200.jpg?v=20130730","https://m1.spitogatos.gr/364117461_1600x1200.jpg?v=20130730","https://m3.spitogatos.gr/364117463_1600x1200.jpg?v=20130730","https://m1.spitogatos.gr/364117464_1600x1200.jpg?v=20130730","https://m2.spitogatos.gr/364117465_1600x1200.jpg?v=20130730","https://m3.spitogatos.gr/364117466_1600x1200.jpg?v=20130730","https://m2.spitogatos.gr/364117468_1600x1200.jpg?v=20130730","https://m3.spitogatos.gr/364117469_1600x1200.jpg?v=20130730","https://m1.spitogatos.gr/364117470_1600x1200.jpg?v=20130730","https://m2.spitogatos.gr/364117471_1600x1200.jpg?v=20130730","https://m3.spitogatos.gr/364117472_1600x1200.jpg?v=20130730","https://m1.spitogatos.gr/364117473_1600x1200.jpg?v=20130730","https://m3.spitogatos.gr/364117475_1600x1200.jpg?v=20130730","https://m1.spitogatos.gr/364117476_1600x1200.jpg?v=20130730","https://m2.spitogatos.gr/364117477_1600x1200.jpg?v=20130730","https://m3.spitogatos.gr/364117478_1600x1200.jpg?v=20130730","https://m1.spitogatos.gr/364117479_1600x1200.jpg?v=20130730","https://m2.spitogatos.gr/364117480_1600x1200.jpg?v=20130730","https://m1.spitogatos.gr/364117482_1600x1200.jpg?v=20130730","https://m2.spitogatos.gr/364117483_1600x1200.jpg?v=20130730","0","0",,"1","38.008812",,"1","23.776783",,"1",,,"2026-07-31","0","0",,"0","1","3","3","12","1","0","1",,"0","0","0","5000","0","0","0","0","29.76","1","3","6",,"1","1","2026","0","1","3","0","1","0","168","1",,,"0","1","0","2026-07-23","https://www.spitogatos.gr/en/property/1220462145",,"1","1","1962",,"residential"
"1","2",,"vip","15",,,,,"0","0","0","0","2026-08-13","0","0","1","0","0",,,"house",,,"1","Ξεκίνα να ζεις από την πρώτη μέρα, σε αυτό το σύγχρονα επιπλωμένο διαμέρισμα τριών υπνοδωματίων της Blueground στο κέντρο του Ψυχικού. Πλήρως εξοπλισμένο με έπιπλα μοναδικού design, ηλεκτρικές συσκευές τελευταίας τεχνολογίας.<br><br />
<br />
Η διαφημιζόμενη τιμή των €1,850/μήνα είναι η τιμή για 1 έτος, με ημερομηνία έναρξης Αυγούστου 12, 2026.<br />
<br>Οι τιμές διαφέρουν ανάλογα με τη διάρκεια παραμονής, την εποχικότητα και άλλους παράγοντες. Επισκεφθείτε τον ιστότοπό μας και εισάγετε τις ημερομηνίες διαμονής σας για να δείτε ενημερωμένες τιμές για την κράτησή σας. Η τιμή ισχύει μόνο με προκαταβολή· ενδέχεται να είναι υψηλότερη εάν πληρωθεί σε δόσεις.<br />
<br />
<b>Κλείστε αυτό το διαμέρισμα online!</b><br />
<br />
https://www.theblueground.com/p/furnished-apartments/ath-310?utm_source=classified-4<br />
<br />
Aναβαθμίστε τη διαμονή σας με ένα πλήρως επιπλωμένο διαμέρισμα από τη Blueground:<br />
      – Επιπλωμένα σπίτια σε τιμές αντίστοιχες με τα ανεπίπλωτα<br />
      – Χωρίς κόστη εγκατάστασης ή αγοράς επίπλων - εξοικονομήστε χρόνο και χρήματα<br />
      – Έτοιμα για άμεση μετακόμιση - το μόνο που χρειάζεστε είναι η βαλίτσα σας<br />
<br />
<b>Ο χώρος</b><br><br />
Σε αυτό το υπέροχο Blueground διαμέρισμα τριών υπνοδωματίων, θα βρεις ένα χώρο προσεκτικά σχεδιασμένο και πλήρως εξοπλισμένο με έπιπλα μοναδικού design και ηλεκτρικές συσκευές τελευταίας τεχνολογίας.<br />
Νιώσε όμορφα και χαλαρά στο νέο σου σπίτι κάθε στιγμή. Και όταν θα θες να διασκεδάσεις, μπορείς να βγεις και να αφεθείς στον παλμό του Ψυχικού ή να φέρεις τη διασκέδαση σπίτι, με τα ασύρματα ηχεία ή τη smart TV.<br />
<br />
<b>Διαρρύθμιση δωματίων ύπνου</b><br />
    <br />
        Υπέρδιπλο κρεβάτι: 160 εκ.<br />
<br />
        Υπέρδιπλο κρεβάτι: 160 εκ.<br />
<br />
        Διπλό κρεβάτι: 140 εκ.<br />
<br />
<b>Παροχές κτιρίου</b><br />
<br />
      Ασανσέρ<br />
      Πλυντήριο<br />
      Θέση στάθμευσης<br />
<br />
<br />
<b>Άφιξη και συνεχής υποστήριξη πελατών</b><br><br />
Κατά τη διάρκεια της διαμονής σου, η ομάδα μας θα είναι διαθέσιμη για να σε βοηθήσει με οτιδήποτε χρειαστείς. Μέσω της ειδικής mobile εφαρμογής της Blueground έχεις συνεχή υποστήριξη, ενώ μπορείς ακόμη να προγραμματίσεις υπηρεσίες καθαρισμού, συντήρησης ή επισκευής, με το πάτημα ενός κουμπιού.<br />
<br />
<b>Ιδανική τοποθεσία</b><br />
<br />
Το Ψυχικό είναι μια από τις πιο πράσινες και όμορφες γειτονιές της Αθήνας, που βρίσκεται μόλις 5 χιλιόμετρα βορειοανατολικά του κέντρου της πόλης. Η περιοχή αποτελείται από δύο μικρότερες γειτονιές: το Ψυχικό, γνωστό και ως Παλαιό Ψυχικό, και το Νέο Ψυχικό. Το Ψυχικό είναι μια αριστοκρατική περιοχή γεμάτη με κτίρια και αρχοντικά υψηλών προδιαγραφών, εστιατόρια και καφετέριες υψηλής ποιότητας, καθώς και γνωστά διεθνή σχολεία.",,"1",,"1","6","0","0","2025-05-06","7",,"0","yes","yes","1","Αθήνα - Βόρεια Προάστια (Αττική)","Παλαιό Ψυχικό (Αθήνα - Βόρεια Προάστια)","1","105103","101","2124",,,"1","2","0","0","1","1217528954","https://m3.spitogatos.gr/359901131_1600x1200.jpg?v=20130730","https://m2.spitogatos.gr/359901148_1600x1200.jpg?v=20130730","https://m1.spitogatos.gr/359901168_1600x1200.jpg?v=20130730","https://m1.spitogatos.gr/359901189_1600x1200.jpg?v=20130730","https://m1.spitogatos.gr/359901213_1600x1200.jpg?v=20130730","https://m3.spitogatos.gr/359901239_1600x1200.jpg?v=20130730","https://m3.spitogatos.gr/359901266_1600x1200.jpg?v=20130730","https://m3.spitogatos.gr/359901287_1600x1200.jpg?v=20130730","https://m3.spitogatos.gr/359901311_1600x1200.jpg?v=20130730","https://m1.spitogatos.gr/359901327_1600x1200.jpg?v=20130730","https://m3.spitogatos.gr/359901347_1600x1200.jpg?v=20130730","https://m2.spitogatos.gr/359901367_1600x1200.jpg?v=20130730","https://m2.spitogatos.gr/359901388_1600x1200.jpg?v=20130730","https://m2.spitogatos.gr/359901406_1600x1200.jpg?v=20130730","https://m2.spitogatos.gr/359901427_1600x1200.jpg?v=20130730","https://m1.spitogatos.gr/359901444_1600x1200.jpg?v=20130730","https://m3.spitogatos.gr/359901461_1600x1200.jpg?v=20130730","https://m1.spitogatos.gr/359901480_1600x1200.jpg?v=20130730","https://m1.spitogatos.gr/359901504_1600x1200.jpg?v=20130730","https://m2.spitogatos.gr/359901520_1600x1200.jpg?v=20130730","https://m1.spitogatos.gr/359901537_1600x1200.jpg?v=20130730","https://m2.spitogatos.gr/359901556_1600x1200.jpg?v=20130730","https://m3.spitogatos.gr/359901569_1600x1200.jpg?v=20130730","https://m2.spitogatos.gr/359901583_1600x1200.jpg?v=20130730","https://m1.spitogatos.gr/359901594_1600x1200.jpg?v=20130730","0","0",,"0","37.999172","1","0","23.769884",,"0",,,"2026-07-31","0","0","1","0","1","2",,,"1","0","1",,"0","0","0","1850","0","0","0","0","16.82","1","3","6",,"1","0",,,,"3","0","1",,"110","0",,"Marathonodromou 11","1","1","0","2025-05-06","https://www.spitogatos.gr/en/property/1217528954","https://nodalview.com/s/38AS-HjbP2sQ59G-qCMhkn","0",,"2017",,
,,,"vip","14",,,,,"1","1","0","0","2026-01-31","0",,,"0","1",,,"house",,,,"Αρχοντική μονοκατοικία 283μ2 στο Νεο  Ψυχικό, ιδιαίτερης αισθητικής.<br />
Αναπτύσσεται σε τρία επίπεδα. Στο υπερυψωμένο , μεγάλο προχώλ με υπέροχη σκάλα, μεγάλο , φωτεινο σαλόνι με τζάκι με έξοδο σε μεγάλη βεράντα και στον κήπο, κουζίνα μεγάλη, wc ξένων.<br />
Στον 1ο όροφο με 3 ( τρία )μεγάλα ΥΔ και δύο μπάνια, καθιστικό ή γραφείο.<br />
Στο φωτεινό  ημιυπόγειο υπάρχει μεγάλο σαλόνι με τζάκι, κουζινάκι , βοηθητικό ΥΔ με μπάνιο , πλυσταριό, αποθήκη. Έχει έξοδο στον πίσω κήπο με λεμονιές και μανταρινιές.. Ανακαινισμένη η κατοικία το 2019<br />
Διαθέτει επίσης : θέρμανση με φυσικό αέριο, συναγερμό , υπαίθριο  χώρο στάθμευσης, εντός του οικοπέδου, τριών θέσεων, τρείς πόρτες ασφαλείας.<br />
Μία ιδιαίτερη κατοικία για οικογένειες και Πρεσβείες. ΤΙΜΗ 3900<br />
ΕΥΑΓΓΕΛΙΑ ΚΥΡΙΑΚΟΥ , ΜΕΣΙΤΙΚΟ. τηλ/νο 6977744953, email:evag.kyr@gmail.com",,,,"0","5","1","1","2026-01-31","0","2",,"no","yes","1","Αθήνα - Βόρεια Προάστια (Αττική)","Νέο Ψυχικό (Αθήνα - Βόρεια Προάστια)","1","105103","101","2115","123002","Double","4","2",,,"1","1219294223","https://m3.spitogatos.gr/343334465_1600x1200.jpg?v=20130730","https://m2.spitogatos.gr/343334446_1600x1200.jpg?v=20130730","https://m2.spitogatos.gr/343334467_1600x1200.jpg?v=20130730","https://m1.spitogatos.gr/343334454_1600x1200.jpg?v=20130730","https://m2.spitogatos.gr/343334455_1600x1200.jpg?v=20130730","https://m2.spitogatos.gr/343334449_1600x1200.jpg?v=20130730","https://m1.spitogatos.gr/343334457_1600x1200.jpg?v=20130730","https://m2.spitogatos.gr/343334458_1600x1200.jpg?v=20130730","https://m1.spitogatos.gr/343334460_1600x1200.jpg?v=20130730","https://m2.spitogatos.gr/343334461_1600x1200.jpg?v=20130730","https://m2.spitogatos.gr/343334464_1600x1200.jpg?v=20130730","https://m2.spitogatos.gr/343334452_1600x1200.jpg?v=20130730","https://m3.spitogatos.gr/343334453_1600x1200.jpg?v=20130730","https://m1.spitogatos.gr/343334469_1600x1200.jpg?v=20130730","https://m3.spitogatos.gr/343334471_1600x1200.jpg?v=20130730","https://m2.spitogatos.gr/343334473_1600x1200.jpg?v=20130730","https://m3.spitogatos.gr/343334474_1600x1200.jpg?v=20130730","https://m1.spitogatos.gr/343334475_1600x1200.jpg?v=20130730","https://m2.spitogatos.gr/343334476_1600x1200.jpg?v=20130730","https://m1.spitogatos.gr/343334478_1600x1200.jpg?v=20130730","https://m2.spitogatos.gr/343334479_1600x1200.jpg?v=20130730","https://m1.spitogatos.gr/343334481_1600x1200.jpg?v=20130730","https://m2.spitogatos.gr/343334482_1600x1200.jpg?v=20130730","https://m2.spitogatos.gr/343334485_1600x1200.jpg?v=20130730","https://m3.spitogatos.gr/343334486_1600x1200.jpg?v=20130730","1",,"2","2","38.009441","3","2","23.7838",,,,,"2026-08-01","0","1",,,"1","3",,"3","1",,,,,"0",,"3900","0","0","0","0","13.78","1","3","6",,"1","1","2019","0","1","4",,"1",,"283","1",,,,"4",,"2026-01-31","https://www.spitogatos.gr/en/property/1219294223",,,,"1963",,"residential"
"1","3","no","vip","14",,,,,"1","1","0","0","2026-06-25","0","0","1","0","1","0",,"house","0",,"0","ΝΕΟ ΨΥΧΙΚΟ Διατίθεται προς μίσθωση εξαιρετικό νεόδμητο οροφοδιαμέρισμα 113 τ.μ., 3ου ορόφου, σε σύγχρονη πολυτελή κατασκευή υψηλών προδιαγραφών και ενεργειακής κλάσης Α+. Το ακίνητο εντυπωσιάζει με τη minimal αισθητική του, τη διακριτική πολυτέλεια και την άριστη ποιότητα κατασκευής, προσφέροντας έναν ιδανικό συνδυασμό κομψότητας και λειτουργικότητας. Αναπτύσσεται σε έναν ιδιαίτερα άνετο και φωτεινό χώρο υποδοχής, ο οποίος ανοίγεται σε μεγάλη βεράντα, δημιουργώντας ιδανικές συνθήκες για καθημερινή διαβίωση αλλά και φιλοξενία και open plan κουζίνα με όλες τις ηλεκτρικές συσκευές. Το διαμέρισμα περιλαμβάνει τρία ευρύχωρα υπνοδωμάτια, εκ των οποίων το 1 master και λουτρό που εξυπηρετεί τα 2 υ/δ, με έμφαση στην άνεση και την εργονομία. Υπάρχει ανεξάρτητο σημείο εγκατάστασης laundry room. Τα δρύινα πατώματα σε όλους τους χώρους προσδίδουν ζεστασιά και διαχρονικό χαρακτήρα, ενώ η ενδοδαπέδια θέρμανση με αντλία θερμότητας εξασφαλίζει υψηλή ενεργειακή απόδοση και ιδανικές συνθήκες διαβίωσης καθ’ όλη τη διάρκεια του έτους. Το ακίνητο συνοδεύεται από 2 θέσεις στάθμευσης και αποθήκη. Είναι ιδιαίτερα φωτεινό, με ανατολικό προσανατολισμό και αυξημένη αίσθηση ιδιωτικότητας λόγω ορόφου, βρίσκεται σε προνομιακό και ήσυχο σημείο του Νέου Ψυχικού, με εύκολη πρόσβαση σε αγορά, σχολεία και βασικούς οδικούς άξονες. (Κωδ 4456)  <br />
<br />
Το στίγμα στο χάρτη είναι ενδεικτικό και δεν υποδεικνύει ακριβή θέση του ακινήτου.<br />
<br />
Η περιγραφή βασίζεται σε πληροφορίες από τον ιδιοκτήτη ή εκπρόσωπο του. Τα στοιχεία παρέχονται με καλή πίστη και δεν αποτελούν μέρος σύμβασης. Το κτηματομεσιτικό γραφείο  Home Project δεν φέρει καμία ευθύνη για την ακρίβεια των πληροφοριών.",,"1","0","1","1","1","0","2026-05-02","8","2","0","no","yes","0","Αθήνα - Βόρεια Προάστια (Αττική)","Νέο Ψυχικό (Αθήνα - Βόρεια Προάστια)","1","105103","101","2115",,"Double","1",,"1","0","1","1219814014","https://m1.spitogatos.gr/356863410_1600x1200.jpg?v=20130730","https://m1.spitogatos.gr/356863422_1600x1200.jpg?v=20130730","https://m2.spitogatos.gr/356863435_1600x1200.jpg?v=20130730","https://m1.spitogatos.gr/356863443_1600x1200.jpg?v=20130730","https://m2.spitogatos.gr/356863453_1600x1200.jpg?v=20130730","https://m2.spitogatos.gr/356863468_1600x1200.jpg?v=20130730","https://m1.spitogatos.gr/356863479_1600x1200.jpg?v=20130730","https://m2.spitogatos.gr/356863492_1600x1200.jpg?v=20130730","https://m2.spitogatos.gr/356863510_1600x1200.jpg?v=20130730","https://m2.spitogatos.gr/356863528_1600x1200.jpg?v=20130730","https://m2.spitogatos.gr/356863543_1600x1200.jpg?v=20130730","https://m2.spitogatos.gr/356863552_1600x1200.jpg?v=20130730","https://m3.spitogatos.gr/356863562_1600x1200.jpg?v=20130730","https://m2.spitogatos.gr/356863573_1600x1200.jpg?v=20130730","https://m3.spitogatos.gr/356863583_1600x1200.jpg?v=20130730","https://m1.spitogatos.gr/356863596_1600x1200.jpg?v=20130730","https://m2.spitogatos.gr/356863621_1600x1200.jpg?v=20130730","https://m2.spitogatos.gr/356863639_1600x1200.jpg?v=20130730","https://m1.spitogatos.gr/356863656_1600x1200.jpg?v=20130730",,,,,,,"0","0","2","1","38.007141","1","1","23.784088",,"1",,"0","2026-07-31","0","0","1","0","0","2",,"1","1","0","0","1","0","0","0","2500","0","0","0","0","22.12","1","3","6",,"1","0",,"0",,"3","1","1","1","113","1",,,"0","1","0","2026-05-02","https://www.spitogatos.gr/en/property/1219814014",,"1","1","2024",,
"1","Ground Floor","no","vip","14",,,,,"1","1","0","0","2026-06-19","0","0","0","0","1","0",,"house","0",,"0","Διαμέρισμα Προς Ενοικίαση, όροφος: Υπερυψωμένο Ισόγειο, στην περιοχή: Παλαιό Ψυχικό. Το εμβαδόν του ακινήτου είναι 115 τ.μ.. Αποτελείται από: 3 Υ/Δ, 2 μπάνιο/α, 1 κουζίνα/ες, 1 σαλόνι/α. Έχει κατασκευαστεί το 1977 και ανακαινίστηκε το 2026. Η θέρμανση του ακινήτου είναι Αυτόνομη με Φυσικό αέριο, ενώ επίσης διατίθεται Κλιματισμός, Ηλιακός, Boiler, έχει κουφώματα Αλουμινίου με Διπλά τζάμια, ενεργειακό πιστοποιητικό: Δ και τα δάπεδα είναι: Ξύλο. Η κατάστασή του είναι: Ανακαινισμένο, Πολύ καλή, βρίσκεται κοντά σε Συγκοινωνίες. Το ακίνητο είναι Βαμμένο, Φωτεινό, Ευάερο, Ευήλιο, Διαμπερές και επίσης διαθέτει τα παρακάτω χαρακτηριστικά και πλεονεκτήματα: Σίτες, Ηλεκτρ. Συσκευές, Κήπος, Πόρτα Ασφαλείας, Συναγερμός, Χωρίς Κοινόχρηστα, Νυχτερινό Ρεύμα, Ησυχη γειτονιά, Βεράντα. Δεν επιτρέπονται τα κατοικίδια, Διαθέτει 2 κλιματιστικά, Χωρίς Ασανσέρ, εκτός από τα τρία υπνοδωμάτια υπάρχει επιπλέον δωμάτιο που μπορεί να χρησιμοποιηθεί ως γραφείο , ή ακόμα και ξενώνας. Τιμή: €1.400. Art Real Estate, Τηλέφωνο Επικοινωνίας: 6972057075, email: info@artrealestate.gr, website: https://www.artrealestate.gr/",,,"0","0","6","0","1","2026-06-19","3","2","0","no","no","1","Αθήνα - Βόρεια Προάστια (Αττική)","Παλαιό Ψυχικό (Αθήνα - Βόρεια Προάστια)","1","105103","101","2124","123010","Double","1","2","0","0","1","1220161325","https://m2.spitogatos.gr/358252108_1600x1200.jpg?v=20130730","https://m2.spitogatos.gr/357925276_1600x1200.jpg?v=20130730","https://m2.spitogatos.gr/357925279_1600x1200.jpg?v=20130730","https://m2.spitogatos.gr/358252111_1600x1200.jpg?v=20130730","https://m1.spitogatos.gr/358252113_1600x1200.jpg?v=20130730","https://m1.spitogatos.gr/358252116_1600x1200.jpg?v=20130730","https://m2.spitogatos.gr/358252117_1600x1200.jpg?v=20130730","https://m2.spitogatos.gr/358252120_1600x1200.jpg?v=20130730","https://m1.spitogatos.gr/358252122_1600x1200.jpg?v=20130730","https://m3.spitogatos.gr/358252124_1600x1200.jpg?v=20130730","https://m2.spitogatos.gr/358252126_1600x1200.jpg?v=20130730","https://m2.spitogatos.gr/358252129_1600x1200.jpg?v=20130730","https://m1.spitogatos.gr/358252131_1600x1200.jpg?v=20130730","https://m1.spitogatos.gr/358252134_1600x1200.jpg?v=20130730","https://m1.spitogatos.gr/358252137_1600x1200.jpg?v=20130730","https://m3.spitogatos.gr/358252139_1600x1200.jpg?v=20130730","https://m1.spitogatos.gr/358252143_1600x1200.jpg?v=20130730","https://m1.spitogatos.gr/358252146_1600x1200.jpg?v=20130730","https://m1.spitogatos.gr/358252149_1600x1200.jpg?v=20130730","https://m1.spitogatos.gr/358252152_1600x1200.jpg?v=20130730","https://m3.spitogatos.gr/358252154_1600x1200.jpg?v=20130730","https://m3.spitogatos.gr/358252157_1600x1200.jpg?v=20130730","https://m1.spitogatos.gr/357925347_1600x1200.jpg?v=20130730","https://m3.spitogatos.gr/357925352_1600x1200.jpg?v=20130730",,"0","0","2","1","38.00066","1","1","23.766787",,"0","0","0","2026-07-31","1","0",,"1","0","2",,,"1","0","1",,"0","0","0","1400","0","0","0","0","12.17","1","3","6",,"1","1","2026","0","1","3","0","1","1","115","0",,,"0","1","0","2026-06-19","https://www.spitogatos.gr/en/property/1220161325",,"0","0","1977",,"residential"
"1","1","no","vip","4",,,,,"1","0","0","0","2026-06-10","0","1","1","35","1","0","false","house","0","40","0","ΚΑΤΑΠΛΗΚΤΙΚΟ ΟΡΟΦΟΔΙΑΜΕΡΙΣΜΑ  200 Τ.Μ..ΠΟΛΥΤΕΛΟΥΣ ΚΑΤΑΣΚΕΥΗΣ..ΙΔΙΑΙΤΕΡΗΣ ΑΡΧΙΤΕΚΤΟΝΙΚΗΣ..ΣΤΗΝ ΚΑΡΔΙΑ ΤΟΥ ΠΑΛΑΙΟΥ ΨΥΧΙΚΟΥ..ΣΕ ΕΝΑ ΑΠΟ ΤΑ ΚΑΛΥΤΕΡΑ ΣΗΜΕΙΑ...ΣΕ ΓΕΙΤΟΝΙΑ ΥΨΙΣΤΗΣ ΑΣΦΑΛΕΙΑΣ.. ΔΙΑΘΕΤΕΙ  ΕΞΑΙΡΕΤΙΚΗ ΔΙΑΡΥΘΜΙΣΗ ΧΩΡΩΝ...ΕΝΑ ΜΕΓΑΛΟ ΟΜΟΡΦΟ ΣΑΛΟΝΙ ΜΕ ΤΖΑΚΙ..ΔΡΥΙΝΑ ΠΑΤΩΜΑΤΑ.. ΚΑΙ ΠΡΟΣΒΑΣΗ ΣΕ ΜΕΓΑΛΗ ΒΕΡΑΝΤΑ...ENAN ΥΠΕΡΟΧΟ ΧΩΡΟ ΤΡΑΠΕΖΑΡΙΑΣ...ΜΕΓΑΛΗ ΜΟΝΤΕΡΝΑ ΚΑΙ ΛΕΙΤΟΥΡΓΙΚΗ ΚΟΥΖΙΝΑ...ΣΤΗΝ ΣΥΝΕΧΕΙΑ ΣΥΝΑΝΤΑΜΕ  ΤΡΙΑ  ΥΠΝΟΔΩΜΑΤΙΑ  (ΤΑ 2 MASTER ME EN SUITE ΜΠΑΝΙΟ )..ΤΑ ΟΠΟΙΑ ΕΧΟΥΝ ΠΡΟΣΒΑΣΗ ΣΕ ΜΕΓΑΛΗ ΒΕΡΑΝΤΑ ΜΕ ΘΕΑ ΤΟΝ ΜΕΓΑΛΟ ΚΑΤΑΠΡΑΣΙΝΟ ΚΗΠΟ... ΕΠΙΣΗΣ ΔΙΑΘΕΤΕΙ 1 ΘΕΣΗ ΓΚΑΡΑΖ..ΚΑΙ ΒΡΙΣΚΕΤΑΙ ΣΕ ΕΝΑ ΑΠΟ ΤΑ ΠΙΟ ΠΕΡΙΖΗΤΗΤΑ ΣΗΜΕΙΑ ΤΟΥ ΠΑΛΑΙΟΥ ΨΥΧΙΚΟΥ...ΕΞΑΙΡΕΤΙΚΟ ΟΡΟΦΟΔΙΑΜΕΡΙΣΜΑ...βρίσκεται σε οικόπεδο 720 τ.μ.. Αποτελείται από: 3 Υ/Δ (2 Master), 3 μπάνιο/α, 1 wc, 1 κουζίνα/ες, 1 σαλόνι/α. Έχει κατασκευαστεί το 2007. Η θέρμανση του ακινήτου είναι Ατομική με Φυσικό αέριο, ενώ επίσης διατίθεται Κλιματισμός, έχει κουφώματα Αλουμινίου, Θερμοδιακοπτόμενα με Διπλά τζάμια, ενεργειακό πιστοποιητικό: Α+ και τα δάπεδα είναι: Ξύλο. Η κατάστασή του είναι: Καταπληκτική, βρίσκεται κοντά σε Συγκοινωνίες, Πάρκο, Σχολείο, Πλατεία, Super Market, έχει θέα Πράσινο, Ανοιχτωσιά και έχει Ανατολικομεσημβρινό προσανατολισμό. Το ακίνητο είναι Οροφοδιαμέρισμα, Προσόψεως, Φωτεινό, Διαμπερές, Πολυτελές, Μοντέρνο και επίσης διαθέτει τα παρακάτω χαρακτηριστικά και πλεονεκτήματα: Ασανσέρ, Αποθήκη, Πόρτα Ασφαλείας. Τιμή: €3.800. Luxury Home Properties, Τηλέφωνο Επικοινωνίας: 6931211233, email: luxuryhomepro@yahoo.gr","4500",,"0","1","1","1","1","2026-06-01","6","2","0","no","yes","1","Αθήνα - Βόρεια Προάστια (Αττική)","Παλαιό Ψυχικό (Αθήνα - Βόρεια Προάστια)","1","105103","101","2124","123010","Double","4","2","0","0","1","1219987666","https://m3.spitogatos.gr/358440710_1600x1200.jpg?v=20130730","https://m3.spitogatos.gr/358440716_1600x1200.jpg?v=20130730","https://m3.spitogatos.gr/358440713_1600x1200.jpg?v=20130730","https://m3.spitogatos.gr/358440707_1600x1200.jpg?v=20130730","https://m1.spitogatos.gr/358440720_1600x1200.jpg?v=20130730","https://m3.spitogatos.gr/358440731_1600x1200.jpg?v=20130730","https://m3.spitogatos.gr/358440728_1600x1200.jpg?v=20130730","https://m2.spitogatos.gr/358440724_1600x1200.jpg?v=20130730","https://m1.spitogatos.gr/358440735_1600x1200.jpg?v=20130730","https://m2.spitogatos.gr/358440739_1600x1200.jpg?v=20130730","https://m1.spitogatos.gr/358440741_1600x1200.jpg?v=20130730","https://m1.spitogatos.gr/358440744_1600x1200.jpg?v=20130730","https://m2.spitogatos.gr/358537243_1600x1200.jpg?v=20130730","https://m2.spitogatos.gr/358537249_1600x1200.jpg?v=20130730","https://m1.spitogatos.gr/358537257_1600x1200.jpg?v=20130730","https://m2.spitogatos.gr/358537264_1600x1200.jpg?v=20130730","https://m2.spitogatos.gr/358537270_1600x1200.jpg?v=20130730","https://m2.spitogatos.gr/358537279_1600x1200.jpg?v=20130730","https://m2.spitogatos.gr/358537288_1600x1200.jpg?v=20130730","https://m1.spitogatos.gr/358537296_1600x1200.jpg?v=20130730","https://m1.spitogatos.gr/358537305_1600x1200.jpg?v=20130730","https://m1.spitogatos.gr/358537314_1600x1200.jpg?v=20130730","https://m2.spitogatos.gr/358537321_1600x1200.jpg?v=20130730","https://m1.spitogatos.gr/358537329_1600x1200.jpg?v=20130730","https://m1.spitogatos.gr/358537335_1600x1200.jpg?v=20130730","0","0","2","1","38.004646","1","1","23.770809","720","1","0","0","2026-08-01","0","0",,"0","0","3","3","3","1","0","0",,"0","0","0","3800","0","0","0","0","19","1","3","6",,"1","0",,"0","1","3","0","1","0","200","1",,,"0","1","0","2026-06-01","https://www.spitogatos.gr/en/property/1219987666",,"1","1","2007",,"residential"
"1","1","no","vip","4",,,,,"1","1","1","0","2026-09-01","0","1","1","65","1","0","false","house","0",,"0","ΚΑΤΑΠΛΗΚΤΙΚΗ ΜΕΖΟΝΕΤΑ ΠΟΛΥΤΕΛΟΥΣ ΚΑΤΑΣΚΕΥΗΣ..ΙΔΙΑΙΤΕΡΗΣ ΑΡΧΙΤΕΚΤΟΝΙΚΗΣ... ΣΕ ΕΝΑ ΑΠΟ ΤΑ ΚΑΛΥΤΕΡΑ ΣΗΜΕΙΑ ΤΟΥ ΠΑΛΑΙΟΥ ΨΥΧΙΚΟΥ...ΣΕ ΚΑΤΑΠΡΑΣΙΝΟ ΠΕΡΙΒΑΛΛΟΝ ΜΕ ΥΠΕΡΟΧΗ ΠΙΣΙΝΑ ΚΑΙ ΕΝΤΥΠΩΣΙΑΚΟ ΠΑΝΕΜΟΡΦΟ  ΣΑΛΟΝΙ ΜΕ  ΔΡΥΙΝΑ ΠΑΤΩΜΑΤΑ, ΤΖΑΚΙ ΚΑΙ ΜΕΓΑΛΕΣ ΒΕΡΑΝΤΕΣ ΜΕ ΘΕΑ... ΣΤΟ ΕΠΙΠΕΔΟ ΤΟΥ ΠΡΩΤΟΥ ΟΡΟΦΟΥ ΣΥΝΑΝΤΑΜΕ ΕΝΑ ΕΝΤΥΠΩΣΙΑΚΟ ΨΗΛΟΤΑΒΑΝΟ ΣΑΛΟΝΙ ΜΕ ΜΕΓΑΛΑ ΑΝΟΙΓΜΑΤΑ.. VRV ΚΛΙΜΑΤΙΣΜΟ ΚΑΙ ΠΡΟΣΒΑΣΗ ΣΕ ΜΕΓΑΛΗ ΒΕΡΑΝΤΑ ΜΕ ΘΕΑ ΚΑΙ ΠΡΑΣΙΝΟ...ΣΤΗ ΣΥΝΕΧΕΙΑ ΥΠΑΡΧΟΥΝ ΤΟ W.C ΕΠΙΣΚΕΠΤΩΝ  MIA ΥΠΕΡΟΧΗ ΜΕΓΑΛΗ ΚΟΥΖΙΝΑ ΜΕ ΟΜΟΡΦΟ ΚΑΘΗΜΕΡΙΝΟ ΚΑΘΙΣΤΙΚΟ ΚΑΙ ΠΡΟΣΒΑΣΗ ΣΤΗΝ ΜΕΓΑΛΗ ΒΕΡΑΝΤΑ...3 ΜΕΓΑΛΑ  ΥΠΝΟΔΩΜΑΤΙΑ ΚΑΙ ΕΝΑ ΜΕΓΑΛΟ ΜΠΑΝΙΟ....ΣΤΟ ΕΠΑΝΩ ΕΠΙΠΕΔΟ ΥΠΑΡΧΕΙ ΕΝΑ ΦΑΝΤΑΣΤΙΚΟ ΑΝΕΞΑΡΤΗΤΟ ΔΙΑΜΕΡΙΣΜΑ..ΜΕ ΣΑΛΟΝΙ ΜΕ ΤΖΑΚΙ..ΔΡΥΙΝΑ ΠΑΤΩΜΑΤΑ..ΜΕΓΑΛΗ ΚΟΥΖΙΝΑ..ΕΝΑ ΠΑΝΕΜΟΡΦΟ MASTER-BEDROOM..ΜΕ ΥΠΕΡΟΧΗ ΒΕΡΑΝΤΑ ΜΕ ΠΑΝΟΡΑΜΙΚΗ ΘΕΑ..ΤΟ ΑΚΙΝΗΤΟ ΣΥΝΔΥΑΖΕΙ ΤΗΝ ΑΝΕΣΗ ΜΕ ΤΗΝ ΛΕΙΤΟΥΡΓΙΚΟΤΗΤΑ..ΔΗΜΙΟΥΡΓΟΝΤΑΣ ΕΝΑ ΠΕΡΙΒΑΛΛΟΝ ΓΙΑ ΜΙΑ ΕΥΧΑΡΙΣΤΗ ΚΑΙ ΑΝΕΤΗ ΔΙΑΜΟΝΗ.... Έχει κατασκευαστεί το 2004. Η θέρμανση του ακινήτου είναι Αυτόνομη με Πετρέλαιο, ενώ επίσης διατίθεται Κλιματισμός, Ηλιακός, έχει κουφώματα Αλουμινίου με Διπλά τζάμια, ενεργειακό πιστοποιητικό: Α και τα δάπεδα είναι: Ξύλο. Η κατάστασή του είναι: Καταπληκτική, βρίσκεται κοντά σε Συγκοινωνίες, Σχολείο, Πλατεία, Super Market, έχει θέα Πράσινο, Ανοιχτωσιά, Ανεμπόδιστη και έχει Ανατολικομεσημβρινό προσανατολισμό. Το ακίνητο είναι Βαμμένο, Ρετιρέ, Προσόψεως, Φωτεινό, Διαμπερές, Πολυτελές και επίσης διαθέτει τα παρακάτω χαρακτηριστικά και πλεονεκτήματα: Σίτες, Τέντες, Ασανσέρ, Ηλεκτρ. Συσκευές, Αποθήκη, Σοφίτα, Εσωτερική Σκάλα, Πισίνα, Κήπος, Πόρτα Ασφαλείας, Συναγερμός,  Playroom, Δορυφορική, Ησυχη γειτονιά, Δωμάτιο υπηρεσίας. Τιμή: €5500. Luxury Home Properties, Τηλέφωνο Επικοινωνίας: 6931211233, email: luxuryhomepro@yahoo.gr","4000",,"0","1","2","1","1","2026-07-23","6","2","0","no","yes","1","Αθήνα - Βόρεια Προάστια (Αττική)","Παλαιό Ψυχικό (Αθήνα - Βόρεια Προάστια)","1","105103","101","2124","123010","Double","1","1","0","0","1","1220461389","https://m3.spitogatos.gr/362902556_1600x1200.jpg?v=20130730","https://m1.spitogatos.gr/362902563_1600x1200.jpg?v=20130730","https://m1.spitogatos.gr/362902569_1600x1200.jpg?v=20130730","https://m2.spitogatos.gr/362902576_1600x1200.jpg?v=20130730","https://m3.spitogatos.gr/362902583_1600x1200.jpg?v=20130730","https://m1.spitogatos.gr/362902590_1600x1200.jpg?v=20130730","https://m3.spitogatos.gr/362902595_1600x1200.jpg?v=20130730","https://m3.spitogatos.gr/362902601_1600x1200.jpg?v=20130730","https://m3.spitogatos.gr/362902610_1600x1200.jpg?v=20130730","https://m2.spitogatos.gr/362902618_1600x1200.jpg?v=20130730","https://m1.spitogatos.gr/362902623_1600x1200.jpg?v=20130730","https://m2.spitogatos.gr/362902630_1600x1200.jpg?v=20130730","https://m2.spitogatos.gr/362902636_1600x1200.jpg?v=20130730","https://m2.spitogatos.gr/362902642_1600x1200.jpg?v=20130730","https://m3.spitogatos.gr/362902646_1600x1200.jpg?v=20130730","https://m3.spitogatos.gr/362902649_1600x1200.jpg?v=20130730","https://m3.spitogatos.gr/362902652_1600x1200.jpg?v=20130730","https://m1.spitogatos.gr/362902656_1600x1200.jpg?v=20130730","https://m3.spitogatos.gr/362902658_1600x1200.jpg?v=20130730","https://m1.spitogatos.gr/362902662_1600x1200.jpg?v=20130730","https://m3.spitogatos.gr/362902667_1600x1200.jpg?v=20130730","https://m2.spitogatos.gr/362902672_1600x1200.jpg?v=20130730","https://m2.spitogatos.gr/362902678_1600x1200.jpg?v=20130730","https://m2.spitogatos.gr/362902684_1600x1200.jpg?v=20130730","https://m2.spitogatos.gr/362902687_1600x1200.jpg?v=20130730","1","0","2","2","38.003513","2","2","23.771667","700","1","0","0","2026-08-01","0","0",,"0","1","2","2","3","0","1","1",,"0","1","0","5500","0","0","0","0","14.47","1","3","6",,"1","1",,"0","1","4","1","1","1","380","1",,,"0","3","0","2026-07-23","https://www.spitogatos.gr/en/property/1220461389",,"1","0","2004",,"residential"
"1","Ground Floor","no","vip","4",,,,,"1","0","0","0","2026-07-31","0","0","0","0","1","0",,"house","0","0",,"Φωτεινό και ιδιαίτερα προσεγμένο διαμέρισμα 38 τ.μ., ισογείου, σε μία από τις πιο ήσυχες και ποιοτικές γειτονιές του Παλαιού Ψυχικού.<br />
Το ακίνητο αποτελείται από καθιστικό, ένα  υπνοδωμάτιο, λουτρό και ανεξάρτητη, εξοπλισμένη κουζίνα με φούρνο, απορροφητήρα και ψυγείο, προσφέροντας όλες τις απαραίτητες ανέσεις για άμεση εγκατάσταση.<br />
Διαθέτει πόρτα ασφαλείας, κουφώματα αλουμινίου με διπλά τζάμια και σίτες, καθώς και δύο κλιματιστικές μονάδες που εξασφαλίζουν άνετες συνθήκες θέρμανσης και ψύξης καθ' όλη τη διάρκεια του έτους.<br />
Βρίσκεται σε ήσυχη, καταπράσινη και ασφαλή γειτονιά, με εύκολη πρόσβαση στην τοπική αγορά, συνδυάζοντας την ηρεμία με την πρακτικότητα της καθημερινότητας.<br />
Αποτελεί ιδανική επιλογή για έναν επαγγελματία, εργαζόμενο ή φοιτητή που επιθυμεί να κατοικήσει σε μία από τις πλέον προνομιακές περιοχές των Βορείων Προαστίων, σε έναν λειτουργικό και ανεξάρτητο χώρο με άμεση δυνατότητα κατοίκησης.",,,"0","0","8","0","0","2026-07-31","3","1","1","no","no","1","Αθήνα - Βόρεια Προάστια (Αττική)","Παλαιό Ψυχικό (Αθήνα - Βόρεια Προάστια)","1","105103","101","2124","123010","Double","3",,"0","0","1","1220540617","https://m2.spitogatos.gr/364081831_1600x1200.jpg?v=20130730","https://m1.spitogatos.gr/364081833_1600x1200.jpg?v=20130730","https://m1.spitogatos.gr/364081836_1600x1200.jpg?v=20130730","https://m2.spitogatos.gr/364081837_1600x1200.jpg?v=20130730","https://m2.spitogatos.gr/364081840_1600x1200.jpg?v=20130730","https://m3.spitogatos.gr/364081844_1600x1200.jpg?v=20130730","https://m1.spitogatos.gr/364081845_1600x1200.jpg?v=20130730","https://m2.spitogatos.gr/364081849_1600x1200.jpg?v=20130730","https://m2.spitogatos.gr/364081852_1600x1200.jpg?v=20130730","https://m1.spitogatos.gr/364081854_1600x1200.jpg?v=20130730","https://m3.spitogatos.gr/364081859_1600x1200.jpg?v=20130730","https://m2.spitogatos.gr/364081861_1600x1200.jpg?v=20130730","https://m1.spitogatos.gr/364081863_1600x1200.jpg?v=20130730",,,,,,,,,,,,,"0","1","2","1","38.005005","1","1","23.765402",,"1","0","0","2026-08-01","0","0",,"0","0","1","2",,"1",,"1",,"0","0","0","600","0","0","0","0","15.79","1","3",,,"1","1","2020","0","1","1","0","1","0","38","0",,,"1","1","0","2026-07-31","https://www.spitogatos.gr/en/property/1220540617",,"0","0","1970",,"residential"
"0","Ground Floor","no","vip","4",,,,,"1","1","0","0","2026-06-07","0","0","1","0","1","0",,"house","0",,"0","Σε ωραίο σημείο του Παλαιού Ψυχικού, ισόγειο διαμέρισμα 154 τ.μ. Αποτελείται από μεγάλο χώρο υποδοχής, κουζίνα πλήρως εξοπλισμένη με ηλεκτρικές συσκευές, 3 υπνοδωμάτια, 1 μπάνιο και WC. Το διαμέρισμα διαθέτει κουφώματα αλουμινίου με μονά τζάμια, συναγερμό εξωτερικό και εσωτερικό, ξύλινα δάπεδα σε όλους τους χώρους και αποθήκη. Η θέρμανση είναι με πετρέλαιο και μοιράζεται με ένα ακόμη διαμέρισμα του κτιρίου. Δεν διαθέτει θέση στάθμευσης.",,,"0","0","8","1","0","2026-06-07","3","2","0","no","no","0","Αθήνα - Βόρεια Προάστια (Αττική)","Παλαιό Ψυχικό (Αθήνα - Βόρεια Προάστια)","1","105103","101","2124",,"Single",,"1","0","0","1","1220064635","https://m2.spitogatos.gr/356343202_1600x1200.jpg?v=20130730","https://m3.spitogatos.gr/356343203_1600x1200.jpg?v=20130730","https://m1.spitogatos.gr/356343204_1600x1200.jpg?v=20130730","https://m3.spitogatos.gr/356343206_1600x1200.jpg?v=20130730","https://m3.spitogatos.gr/356343209_1600x1200.jpg?v=20130730","https://m3.spitogatos.gr/356343212_1600x1200.jpg?v=20130730","https://m1.spitogatos.gr/356343213_1600x1200.jpg?v=20130730","https://m2.spitogatos.gr/356343214_1600x1200.jpg?v=20130730","https://m3.spitogatos.gr/356343215_1600x1200.jpg?v=20130730","https://m1.spitogatos.gr/356343216_1600x1200.jpg?v=20130730","https://m2.spitogatos.gr/356343217_1600x1200.jpg?v=20130730","https://m3.spitogatos.gr/356343218_1600x1200.jpg?v=20130730","https://m1.spitogatos.gr/356343219_1600x1200.jpg?v=20130730","https://m2.spitogatos.gr/356343220_1600x1200.jpg?v=20130730","https://m3.spitogatos.gr/356343221_1600x1200.jpg?v=20130730","https://m1.spitogatos.gr/356343222_1600x1200.jpg?v=20130730","https://m2.spitogatos.gr/356343223_1600x1200.jpg?v=20130730","https://m3.spitogatos.gr/356343224_1600x1200.jpg?v=20130730","https://m2.spitogatos.gr/356343226_1600x1200.jpg?v=20130730",,,,,,,"0","0","2","1","38.012012","1","1","23.778017",,"0","0","0","2026-08-01","0","0",,"0","1","1",,,"0","0","0",,"0","0","0","2150","0","0","0","0","13.96","1","3","6",,"1","0",,"0","1","3","0","0","0","154","1",,,"0","1","0","2026-06-07","https://www.spitogatos.gr/en/property/1220064635",,"1","0",,,"residential"
"1","Ground Floor","no","vip","4",,,,,"1","0","0","0","2026-07-29","0","0","1","0","1",,,"house",,,"0","Προς Ενοικίαση Διαμέρισμα, Νέο Ψυχικό, Αγία Σοφία, 65 τ.μ., Ισόγειο Όροφος, 1 Υ/Δ, 1 Μπάνιο/α, 1 Κουζίνα/ες, Δάπεδα: Πλακάκια + Παρκέ, Kουφώματα: Αλουμινίου, 1 parking, Έτος κατασκευής: 2004, Κατάσταση: Καταπληκτική, Ενεργειακό Πιστοποιητικό: Γ, Χαρακτηριστικά:  Πόρτα Ασφαλείας, Θυροτηλεόραση, Ηλ. Συσκευές, Διπλά Τζάμια, Σίτες, Βεράντες, Επιτρέπονται Κατοικίδια, Πολυτελές, Διαμπερές, Προσόψεως, Φωτεινό, Κλιματισμός, Νεόδμητο, Βαμμένο, Ανακαινισμένο, Για Φοιτητές,  ΕΞΑΙΡΕΤΙΚΟ ΔΙΑΜΕΡΙΣΜΑ ΠΛΗΡΩΣ ΑΝΑΚΑΙΝΙΣΜΕΝΟ ΤΟ 2026.ΑΡΙΣΤΗ ΚΑΤΑΣΤΑΣΗ,ΙΔΑΝΙΚΗ ΤΟΠΟΘΕΣΙΑ.ΑΠΟΚΛΕΙΣΤΙΚΗ ΧΡΗΣΗ ΑΥΛΗΣ.PARKING.ΚΑΙΝΟΥΡΓΙΕΣ ΗΛ.ΣΥΣΚΕΥΕΣ., Αυτόνομη - Πετρέλαιο Θέρμανση, Τιμή: 950€. Τηλ. συνεργάτη: 6947427691",,"1",,"0","5","1","0","2026-07-29","3",,"0","no","yes","0","Αθήνα - Βόρεια Προάστια (Αττική)","Νέο Ψυχικό (Αθήνα - Βόρεια Προάστια)","1","105103","101","2115","123000",,"1","1","0","0","1","1220526347","https://m1.spitogatos.gr/363759420_1600x1200.jpg?v=20130730","https://m1.spitogatos.gr/363759423_1600x1200.jpg?v=20130730","https://m2.spitogatos.gr/363759424_1600x1200.jpg?v=20130730","https://m2.spitogatos.gr/363759427_1600x1200.jpg?v=20130730","https://m3.spitogatos.gr/363759428_1600x1200.jpg?v=20130730","https://m1.spitogatos.gr/363759429_1600x1200.jpg?v=20130730","https://m3.spitogatos.gr/363759431_1600x1200.jpg?v=20130730","https://m1.spitogatos.gr/363759432_1600x1200.jpg?v=20130730","https://m3.spitogatos.gr/363759434_1600x1200.jpg?v=20130730","https://m1.spitogatos.gr/363759435_1600x1200.jpg?v=20130730","https://m2.spitogatos.gr/363759436_1600x1200.jpg?v=20130730","https://m3.spitogatos.gr/363759437_1600x1200.jpg?v=20130730","https://m1.spitogatos.gr/363759438_1600x1200.jpg?v=20130730","https://m2.spitogatos.gr/363759439_1600x1200.jpg?v=20130730","https://m3.spitogatos.gr/363759440_1600x1200.jpg?v=20130730","https://m1.spitogatos.gr/363759441_1600x1200.jpg?v=20130730","https://m2.spitogatos.gr/363759442_1600x1200.jpg?v=20130730","https://m3.spitogatos.gr/363759443_1600x1200.jpg?v=20130730","https://m1.spitogatos.gr/363759444_1600x1200.jpg?v=20130730","https://m2.spitogatos.gr/363759445_1600x1200.jpg?v=20130730","https://m3.spitogatos.gr/363759446_1600x1200.jpg?v=20130730",,,,,"0","0","2","1","38.003323","1","1","23.78112",,"1",,,"2026-07-31","0","0",,"0","0","1",,,"1","0","1","1","0","0","0","950","0","0","0","0","14.62","1","3","6",,"1","1","2026","0",,"1","0","1","0","65","0",,,"1","1","0","2026-07-29","https://www.spitogatos.gr/en/property/1220526347",,"0",,"2004",,"residential"
"1","1","yes","vip","14",,,,,"1","0","0","0","2026-07-09","0","0","1","0","1","0",,"house","0",,"0","Π. Ψυχικό ιδιαίτερης σύλληψης και αισθητικής προσέγγισης οροφοδιαμέρισμα 200τμ.,1ου ορόφου, σε κτίριο με ισχυρό αρχιτεκτονικό αποτύπωμα. Το οροφοδιαμέρισμα στεγάζει χώρο υποδοχής με δρύινο πάτωμα και τζάκι, με έξοδο σε φαρδύ εξώστη προσόψεως, ανεξάρτητη κουζίνα, καθημερινή τραπεζαρία, 3 υ/δ τα 2 εκ των οποίων με en suite λουτό, wc επισκεπτών. Εμφανίζει χαρακτηριστικά όπως αυτονομία θέρμανσης με παροχή φυσικού αερίου, boiler ζεστού νερού, προεγκατάσταση συναγερμού, air condition σε όλους τους χώρους, κ.α.  Προσφέρεται με θέση στάθμευσης, κωδ. 43216",,"1","0","1","4","1","1","2026-06-03","6","2","0","no","yes","0","Αθήνα - Βόρεια Προάστια (Αττική)","Παλαιό Ψυχικό (Αθήνα - Βόρεια Προάστια)","1","105103","101","2124","123010","Double","1","2","0","0","1","1220000401","https://m1.spitogatos.gr/361095876_1600x1200.jpg?v=20130730","https://m2.spitogatos.gr/361095877_1600x1200.jpg?v=20130730","https://m3.spitogatos.gr/361095878_1600x1200.jpg?v=20130730","https://m2.spitogatos.gr/361095880_1600x1200.jpg?v=20130730","https://m1.spitogatos.gr/361095882_1600x1200.jpg?v=20130730","https://m2.spitogatos.gr/361095883_1600x1200.jpg?v=20130730","https://m1.spitogatos.gr/361095885_1600x1200.jpg?v=20130730","https://m2.spitogatos.gr/355509979_1600x1200.jpg?v=20130730","https://m2.spitogatos.gr/355509985_1600x1200.jpg?v=20130730","https://m1.spitogatos.gr/361095888_1600x1200.jpg?v=20130730","https://m3.spitogatos.gr/361095890_1600x1200.jpg?v=20130730","https://m1.spitogatos.gr/355510005_1600x1200.jpg?v=20130730","https://m2.spitogatos.gr/355510012_1600x1200.jpg?v=20130730","https://m2.spitogatos.gr/355510018_1600x1200.jpg?v=20130730","https://m3.spitogatos.gr/355510025_1600x1200.jpg?v=20130730","https://m1.spitogatos.gr/355510032_1600x1200.jpg?v=20130730","https://m2.spitogatos.gr/355510042_1600x1200.jpg?v=20130730","https://m2.spitogatos.gr/355510051_1600x1200.jpg?v=20130730","https://m1.spitogatos.gr/355510059_1600x1200.jpg?v=20130730","https://m3.spitogatos.gr/361095893_1600x1200.jpg?v=20130730","https://m3.spitogatos.gr/361095896_1600x1200.jpg?v=20130730","https://m2.spitogatos.gr/361095898_1600x1200.jpg?v=20130730","https://m1.spitogatos.gr/361095900_1600x1200.jpg?v=20130730","https://m1.spitogatos.gr/361095903_1600x1200.jpg?v=20130730","https://m3.spitogatos.gr/361095905_1600x1200.jpg?v=20130730","1","0","2","1","38.004581","1","1","23.773085","740","1",,"0","2026-07-31","0","0",,"0","0","3",,"3","1","0","0","1","0","0","0","3800","0","0","0","0","19","1","3","6",,"1","0",,"0",,"3","0","1","0","200","0",,,"0","1","0","2026-06-03","https://www.spitogatos.gr/en/property/1220000401",,"0","1","2005",,
"0","Ground Floor","yes","vip","4",,,,,"1",,"0","0","2026-09-01","0","0","1","40","1","0","false","house","0",,"0","Π.ΨΥΧΙΚΟ,  ΣΕ ΗΣΥΧΟ ΣΗΜΕΙΟ,  ΑΡΧΟΝΤΙΚΟ  ΙΣΟΓΕΙΟ ΟΡΟΦΟΔΙΑΜΕΡΙΣΜΑ 190ΤΜ ΜΕ ΘΕΑ ΣΕ ΚΑΤΑΠΡΑΣΙΝΟ  ΚΗΠΟ, ΑΝΑΚΑΙΝΙΣΜΕΝΟ,   ΠΕΡΙΛΑΜΒΑΝΕΙ ΕΥΡΥΧΩΡΟ ΚΑΘΙΣΤΙΚΟ ΜΕ ΤΖΑΚΙ, ΚΟΥΖΙΝΑ, 3 ΥΠΝΟΔΩΜΑΤΙΑ (1 ΜΑΣΤΕΡ),  2 ΜΠΑΝΙΑ,  WC,  ΘΕΣΗ ΣΤΑΘΜΕΥΣΗΣ,  ΑΠΟΘΗΚΗ, ΑΤΟΜΙΚΗ ΘΕΡΜΑΝΣΗ ΑΕΡΙΟΥ. ΤΗΛ. 6944 724259  GOLD APTOWN REAL ESTATE goldaptowninfo@gmail.com","20000",,"0",,"7","1","1","2026-07-09","3","6","0","no","yes","1","Αθήνα - Βόρεια Προάστια (Αττική)","Παλαιό Ψυχικό (Αθήνα - Βόρεια Προάστια)","1","105103","101","2124","123013","Double","1","2","0","1","1","1220343308","https://m1.spitogatos.gr/362916498_1600x1200.jpg?v=20130730","https://m1.spitogatos.gr/363555354_1600x1200.jpg?v=20130730","https://m3.spitogatos.gr/363555383_1600x1200.jpg?v=20130730",,,,,,,,,,,,,,,,,,,,,,,,,"2","1",,"1","1",,"700","1","0","0","2026-07-31","0","0",,"1","1","2","3",,"1",,"1",,"0","0","0","3500","0","0","0","0","18.42","1","3",,,"1","1","2022","0","1","3","0",,"1","190","1","25",,"0","1","0","2026-07-09","https://www.spitogatos.gr/en/property/1220343308",,"0","1","1975",,"residential"
"1","Ground Floor","no","vip","4",,,,,"1","1","0","0","2026-07-13","0","0","1","0","1","0",,"house","0",,"0","Επιπλωμένο, πλήρως ανακαινισμένο διαμέρισμα 95 τ.μ. στο ισογείο διαμπερές και ιδιαίτερα φωτεινό, σε ήσυχη οικιστική περιοχή. Διαθέτει 2 υ/δ, άνετο σαλόνι με τζάκι, κουζίνα, 2 μπάνια, βεράντα και κήπο. Εξοπλισμένο με αυτόνομη θέρμανση, A/C, ενεργειακά κουφώματα με διπλά τζάμια, πόρτα ασφαλείας, συναγερμό, κάμερες και σύγχρονη θυροτηλεόραση, προσφέρει υψηλό επίπεδο άνεσης και ασφάλειας. Διαθέτει επίσης υποδομές οπτικής ίνας, ιδανικό για τηλεργασία. Ιδανική επιλογή για οικογένειες, επαγγελματίες και άτομα που αναζητούν ποιοτική κατοικία σε προνομιακή περιοχή. Τιμή 1.500€, κωδ. 7093",,"1","0","0","4","1","1","2026-04-15","3",,"0","yes","no","1","Αθήνα - Βόρεια Προάστια (Αττική)","Παλαιό Ψυχικό (Αθήνα - Βόρεια Προάστια)","1","105103","101","2124",,,"1",,"0","0","1","1219712829","https://m3.spitogatos.gr/350482631_1600x1200.jpg?v=20130730","https://m1.spitogatos.gr/350482710_1600x1200.jpg?v=20130730","https://m3.spitogatos.gr/350482772_1600x1200.jpg?v=20130730","https://m1.spitogatos.gr/350482854_1600x1200.jpg?v=20130730","https://m2.spitogatos.gr/350484565_1600x1200.jpg?v=20130730","https://m1.spitogatos.gr/351040806_1600x1200.jpg?v=20130730","https://m1.spitogatos.gr/350482950_1600x1200.jpg?v=20130730","https://m3.spitogatos.gr/351040817_1600x1200.jpg?v=20130730","https://m2.spitogatos.gr/351040822_1600x1200.jpg?v=20130730","https://m3.spitogatos.gr/351040826_1600x1200.jpg?v=20130730","https://m1.spitogatos.gr/351040827_1600x1200.jpg?v=20130730","https://m3.spitogatos.gr/351040829_1600x1200.jpg?v=20130730","https://m2.spitogatos.gr/351040837_1600x1200.jpg?v=20130730","https://m3.spitogatos.gr/351040862_1600x1200.jpg?v=20130730","https://m3.spitogatos.gr/351040868_1600x1200.jpg?v=20130730","https://m2.spitogatos.gr/351040873_1600x1200.jpg?v=20130730","https://m2.spitogatos.gr/351041041_1600x1200.jpg?v=20130730","https://m1.spitogatos.gr/351040878_1600x1200.jpg?v=20130730","https://m1.spitogatos.gr/351041049_1600x1200.jpg?v=20130730","https://m2.spitogatos.gr/351041050_1600x1200.jpg?v=20130730","https://m3.spitogatos.gr/351041051_1600x1200.jpg?v=20130730","https://m1.spitogatos.gr/351041055_1600x1200.jpg?v=20130730","https://m2.spitogatos.gr/351041059_1600x1200.jpg?v=20130730","https://m1.spitogatos.gr/351041067_1600x1200.jpg?v=20130730",,"0","0",,"1",,"1","1",,,"0",,"0","2026-07-31","0","0",,"0","0","2",,,"1","0","1",,"0","0","0","1500","0","0","0","0","15.79","1","3","6",,"1","1",,"0",,"2","1","1","1","95","0",,,"1","1","0","2026-04-15","https://www.spitogatos.gr/en/property/1219712829",,"0","0","1989",,
"1","Ground Floor","no","vip","4",,,,,,"1","0","0","2026-05-25","0",,"1","0",,,,"house",,,,"Ένα πραγματικά σπάνιο ακίνητο στο Παλαιό Ψυχικό που συνδυάζει τοποθεσία, ανεμπόδιστη θέα προς τον Υμηττό, ανέσεις όπως κήπος και ιδιωτική πισίνα, ιδιωτικότητα και εξαιρετική κατασκευή. Πρόκειται για ανεξάρτητη μεζονέτα 370 τ.μ. που αναπτύσσεται σε τρία επίπεδα και εξυπηρετείται από ασανσέρ που παρέχει πρόσβαση σε όλους τους ορόφους και αποτελείται από μεγάλο σαλόνι με κεκλιμένη οροφή με skylight, η συνέχεια του οποίου είναι μπαλκόνι 40 τ.μ., ανεξάρτητη κουζίνα, τέσσερα (4) υπνοδωμάτια και τέσσερα (4) μπάνια καθώς επίσης και δεύτερο καθιστικό με απευθείας πρόσβαση στο επίπεδο της πισίνας και του κήπου. Οι βοηθητικοί χώροι αποτελούνται από δύο (2) θέσεις στάθμευσης, η μία των οποίων είναι πλήρως στεγασμένη και αποθήκη. Το υπέροχο αυτό σπίτι χτίστηκε το 1992 και ανακαινίστηκε εξ ολοκλήρου το 2018. Χαρακτηρίζεται από άνεση, φωτεινότητα και πολύ καλή κατασκευή. Έχει δική του θέρμανση πετρελαίου, κλιματισμό, ξύλινα δάπεδα, αλουμινένιες μπαλκονόπορτες και παράθυρα με διπλούς υαλοπίνακες, θωρακισμένη εξώθυρα, συναγερμό, playroom και τζάκι. Κατοικίδια ευπρόσδεκτα. Πρόκειται για ένα ακίνητο που πρέπει οπωσδήποτε να το δείτε για να εκτιμήσετε την πραγματική του αξία, ποιότητα και φιλικότητα προς τον χρήστη.<br />
Διαθέσιμο 7/2026<br />
<br />
Οι εικόνες στο Exposé ενδέχεται να έχουν βελτιστοποιηθεί ή προσαρμοστεί με χρήση τεχνητής νοημοσύνης για λόγους απεικόνισης.<br />
Τοποθεσία: Το Παλαιό Ψυχικό απέχει μόλις 5χλμ. από το κέντρο της Αθήνας<br />
Μοναδικά χαρακτηριστικά: Πρόκειται για ένα αυστηρά κατοικημένο προάστιο της Αθήνας, με αποτέλεσμα οι εμπορικές επιχειρήσεις να επιτρέπονται να λειτουργούν μόνο μέσα σε δύο μικρές καθορισμένες ζώνες. Το Παλαιό Ψυχικό θεωρείται ιστορικά ως το «σπίτι» της αθηναϊκής αριστοκρατίας και ακόμα και σήμερα η περιοχή παραμένει ως ένα από τα πλουσιότερα προάστια της Αθήνας, με πολύ υψηλή αξία γης , με πολλές πρεσβείες, νεοκλασικά κτίρια αλλά και μερικές σύγχρονες κατοικίες με υψηλό αρχιτεκτονικό σχεδιασμό, που σέβονται όμως το μοναδικό τοπίο της περιοχής. Στο Παλαιό Ψυχικό βρίσκονται πολλά προνομιακά σχολεία (όπως το Κολλέγιο Αθηνών)  καθώς και πολλά ξενόγλωσσα εκπαιδευτικά ιδρύματα.<br />
Προσβασιμότητα: Η Λεωφόρος Κηφισίας βρίσκεται σε απόσταση αναπνοής, προσφέροντας εύκολη πρόσβαση στο κέντρο της Αθήνας αλλά και στα βόρεια προάστια, ενώ η πρόσβαση στην Αττική Οδό απέχει λιγότερο από 5 χιλιόμετρα, γεγονός που κάνει τη διαδρομή προς το αεροδρόμιο γρήγορη  σε μόλις 30 λεπτά.",,,,"1","6",,"1","2026-04-24","3",,,"no","yes","1","Αθήνα - Βόρεια Προάστια (Αττική)","Παλαιό Ψυχικό (Αθήνα - Βόρεια Προάστια)","1","105103","101","2124",,,"1","1","0","0","1","1219770064","https://m2.spitogatos.gr/354491008_1600x1200.jpg?v=20130730","https://m3.spitogatos.gr/354491012_1600x1200.jpg?v=20130730","https://m2.spitogatos.gr/354491014_1600x1200.jpg?v=20130730","https://m2.spitogatos.gr/354491017_1600x1200.jpg?v=20130730","https://m3.spitogatos.gr/354491018_1600x1200.jpg?v=20130730","https://m2.spitogatos.gr/354491020_1600x1200.jpg?v=20130730","https://m3.spitogatos.gr/354491021_1600x1200.jpg?v=20130730","https://m2.spitogatos.gr/354491023_1600x1200.jpg?v=20130730",,,,,,,,,,,,,,,,,,,,,"0","38.013229","3","0","23.765451",,,,,"2026-07-31","0",,,,"1","4",,"1",,"0",,"1",,"1",,"8000","0","0","0","0","21.62","1","3","6",,"1","0",,"0","1","4",,"1",,"370","1",,,,"1",,"2026-04-24","https://www.spitogatos.gr/en/property/1219770064",,,,"1992",,"residential"
"1","3","no","vip","4",,,,,"1","1","0","0","2026-06-30","0","0","1","0","1","0",,"house","0",,"0","Πολυτελές Νεόδμητο Οροφοδιαμέρισμα 115 τ.μ. Νέο Ψυχικό.<br />
<br />
Σε μία από τις πιο προνομιακές και ήσυχες περιοχές του Νέου Ψυχικού, διατίθεται προς ενοικίαση εξαιρετικό οροφοδιαμέρισμα 3ου ορόφου, συνολικής επιφάνειας 115 τ.μ., σύγχρονης κατασκευής (2026), υψηλών προδιαγραφών και ενεργειακής απόδοσης Α+.<br />
<br />
Η κατοικία προσφέρει ευρύχωρο και φωτεινό σαλόνι με άμεση πρόσβαση σε μεγάλη βεράντα, μοντέρνα κουζίνα εξοπλισμένη με ηλεκτρικές συσκευές, τρία υπνοδωμάτια, εκ των οποίων το ένα είναι master με ιδιωτικό μπάνιο, ένα επιπλέον μπάνιο και ένα WC επισκεπτών και χωρο Landry.<br />
<br />
Το διαμέρισμα  είναι διαμπερές, προσόψεως, ιδιαίτερα φωτεινό και ευάερο, με βορειοανατολικό προσανατολισμό και ανεμπόδιστη θέα σε ανοιχτωσιά και αστικό τοπίο.<br />
Συνοδεύεται από 2 πάρκιν και μία αποθήκη.<br />
<br />
Επιπλέον χαρακτηριστικά:<br />
<br />
<br />
	• Aυτόνομη ενδοδαπέδια θέρμανση με αντλία θερμότητας  <br />
        • VRV Kλιματισμός <br />
	• 2 θέσεις στάθμευσης (1 υπόγεια & 1 στην πιλοτή)<br />
	• Φορτιστής ηλεκτρικού αυτοκινήτου<br />
	• Αποθήκη<br />
	• Πόρτα ασφαλείας<br />
	• Θυροτηλεόραση<br />
	• Συναγερμός<br />
	• Ηλεκτρικά ρολά<br />
	• Σίτες",,,"1","1","1","1","1","2026-06-30","8","2","0","no","yes","0","Αθήνα - Βόρεια Προάστια (Αττική)","Νέο Ψυχικό (Αθήνα - Βόρεια Προάστια)","1","105103","101","2115",,"Double","4","13","1","0","1","1220271816","https://m3.spitogatos.gr/359950352_1600x1200.jpg?v=20130730","https://m1.spitogatos.gr/359950353_1600x1200.jpg?v=20130730","https://m3.spitogatos.gr/359950355_1600x1200.jpg?v=20130730","https://m3.spitogatos.gr/359950358_1600x1200.jpg?v=20130730","https://m1.spitogatos.gr/359950362_1600x1200.jpg?v=20130730","https://m1.spitogatos.gr/359950365_1600x1200.jpg?v=20130730","https://m3.spitogatos.gr/359950373_1600x1200.jpg?v=20130730","https://m3.spitogatos.gr/359950379_1600x1200.jpg?v=20130730","https://m3.spitogatos.gr/359950385_1600x1200.jpg?v=20130730",,,,,,,,,,,,,,,,,"0","0","2","1","38.005733","1","1","23.783327",,"1","0","0","2026-07-31","0","0","1","0","1","2",,"5","0","0","1",,"0","0","0","2500","0","0","0","0","21.74","1","3","6",,"1","0",,"0",,"3","0","1","0","115","1",,,"0","1","0","2026-06-30","https://www.spitogatos.gr/en/property/1220271816",,"1","1","2026",,"residential"
"1","Ground Floor","no","vip","4",,,,,"1","0","0","0","2026-07-31","0","1","0","0","1","0",,"house","0",,"1","Στο Νέο Ψυχικό, σε ήσυχη γειτονιά και κοντά σε πρεσβείες, διατίθεται προς ενοικίαση φωτεινό και πλήρως επιπλωμένο οροφοδιαμέρισμα 90 τ.μ., σε υπερυψωμένο ισόγειο.<br />
<br />
Αποτελείται από δύο υπνοδωμάτια, άνετο χώρο καθιστικού, μπάνιο και βεράντα. Είναι γωνιακό, προσόψεως και διαμπερές, με δυτικό προσανατολισμό, προσφέροντας άπλετο φυσικό φως και καλό αερισμό.<br />
<br />
Κατασκευάστηκε το 1993 και ανακαινίστηκε το 2020, ενώ παραδίδεται πλήρως επιπλωμένο και εξοπλισμένο με ηλεκτρικές συσκευές. Διαθέτει αυτόνομη θέρμανση πετρελαίου, κλιματισμό, κουφώματα αλουμινίου με διπλά τζάμια, πόρτα ασφαλείας, τέντες και δάπεδα από ξύλο και πλακάκι. Περιλαμβάνεται μία θέση στάθμευσης σε ανοιχτό χώρο.<br />
<br />
Βρίσκεται σε ιδιαίτερα προνομιακό σημείο, κοντά σε μετρό, μέσα μαζικής μεταφοράς, σχολεία, πλατεία, αγορά, super market και χώρους εστίασης και ψυχαγωγίας, με εύκολη πρόσβαση στο κέντρο της Αθήνας και την Αττική Οδό.<br />
<br />
Ιδανική επιλογή για στελέχη εταιρειών, προσωπικό πρεσβειών ή διπλωματική κατοικία. Τιμή: €1.200. ORAMA PROPERTIES ADVISORS, Τηλέφωνο Επικοινωνίας: 2107108146, email: info@orama-advisors.gr, website: www.orama-advisors.gr",,,"0","0","7","1","1","2026-07-31","3","10","0","yes","yes","0","Αθήνα - Βόρεια Προάστια (Αττική)","Νέο Ψυχικό (Αθήνα - Βόρεια Προάστια)","1","105103","101","2115",,"Double","1","1","0","0","1","1220541488","https://m2.spitogatos.gr/364106773_1600x1200.jpg?v=20130730","https://m2.spitogatos.gr/364106776_1600x1200.jpg?v=20130730","https://m2.spitogatos.gr/364106779_1600x1200.jpg?v=20130730","https://m3.spitogatos.gr/364106783_1600x1200.jpg?v=20130730","https://m3.spitogatos.gr/364106786_1600x1200.jpg?v=20130730","https://m3.spitogatos.gr/364106789_1600x1200.jpg?v=20130730","https://m2.spitogatos.gr/364106794_1600x1200.jpg?v=20130730","https://m2.spitogatos.gr/364106797_1600x1200.jpg?v=20130730","https://m3.spitogatos.gr/364106801_1600x1200.jpg?v=20130730",,,,,,,,,,,,,,,,,"0","0","2","0","38.005505","1","0","23.785877",,"0","0","0","2026-07-31","0","0",,"0","0","1",,"7","1","0","0",,"0","0","0","1200","0","0","0","0","13.33","1","3","6",,"1","0",,"0","1","2","0","1","0","90","0",,,"0","1","0","2026-07-31","https://www.spitogatos.gr/en/property/1220541488",,"1","1","1993",,"residential"
"1","Ground Floor",,"vip","4",,,,,"1","1","0","0","2026-05-13","0","0","1","0","1",,,"house",,"0","0","Παλαιό Ψυχικό – Σπάνιο Ακίνητο προς Ενοικίαση<br />
<br />
Σε ένα από τα κορυφαία σημεία του Παλαιού Ψυχικού, ανάμεσα σε πρεσβείες και μονοκατοικίες, μέσα σε ένα ασφαλές και καταπράσινο περιβάλλον, διατίθεται προς ενοικίαση μοναδικό ανακαινισμένο κτίριο με ιδιαίτερο χαρακτήρα.<br />
<br />
Ιδανικό για:<br />
	•	Πρεσβείες και διπλωματικές κατοικίες<br />
	•	Μεγάλες οικογένειες που αναζητούν άνεση αλλά και ανεξαρτησία<br />
<br />
Διαρρύθμιση:<br />
	•	Ισόγειο διαμέρισμα: 140 τ.μ. https://www.greekorner.com/property/external-link/RR3575<br />
	•	Διαμέρισμα 1ου ορόφου 195 τ.μ. https://www.greekorner.com/property/external-link/RR3576<br />
	•	Διαμέρισμα 2ου ορόφου: 216 τ.μ. https://www.greekorner.com/property/external-link/RR3577<br />
	•	Διαμέρισμα 3ου ορόφου: 180 τ.μ. https://www.greekorner.com/property/external-link/RR3578<br />
<br />
	•	Αποθήκη<br />
	•	Βοηθητικό εξωτερικό κλιμακοστάσιο<br />
<br />
(Σημείωση: Το διαμέρισμα ενοικιάζεται μόνο σε συνδυασμό με τουλάχιστον ένα από τα παραπάνω διαμερίσματα.)<br />
<br />
Παροχές & Χαρακτηριστικά:<br />
	•	Απόλυτη ιδιωτικότητα<br />
	•	Αριστοκρατική τοποθεσία (AAA)<br />
	•	Αναμονές για κλιματιστικά<br />
	•	Αναμονές για κάμερες ασφαλείας (CCTV)<br />
	•	Περιβάλλοντας χώρος<br />
	•	Στην τιμή δεν περιλαμβάνονται οι ηλεκτρικές συσκευές<br />
<br />
Όροι Ενοικίασης:<br />
<br />
Το ακίνητο μπορεί να ενοικιαστεί στο σύνολό του ή ανά δύο διαμερίσματα.<br />
Τιμή €4.200 (κωδ. RR3575) +30 210 2201931 | Καλέστε όλο το 24ωρο  |   Ανοικτά μέχρι αργά & Σαββατοκύριακα | H θέση στο χάρτη είναι ενδεικτική  |  92% των συναντήσεων εκτελούνται το πολύ σε 24 ώρες  |  Μιλάμε 7 γλώσσες  |  Δείτε video ακινήτων στο YouTube κανάλι μας  |  Μας βρίσκετε στο Whatsapp, Viber & FaceTime  |  Δείτε τα ακίνητά μας και σε 360tour στο www.GreeKorner.gr",,"0",,"1","4","0","1","2026-05-13","3","10","0","no","yes","1","Αθήνα - Βόρεια Προάστια (Αττική)","Παλαιό Ψυχικό (Αθήνα - Βόρεια Προάστια)","1","105103","101","2124",,"Double","4","2","0","0","1","1219879429","https://m3.spitogatos.gr/353373380_1600x1200.jpg?v=20130730","https://m2.spitogatos.gr/353373382_1600x1200.jpg?v=20130730","https://m1.spitogatos.gr/353373384_1600x1200.jpg?v=20130730","https://m2.spitogatos.gr/353373385_1600x1200.jpg?v=20130730","https://m1.spitogatos.gr/353373387_1600x1200.jpg?v=20130730","https://m3.spitogatos.gr/353373389_1600x1200.jpg?v=20130730","https://m3.spitogatos.gr/353373392_1600x1200.jpg?v=20130730","https://m1.spitogatos.gr/353373393_1600x1200.jpg?v=20130730","https://m1.spitogatos.gr/353373396_1600x1200.jpg?v=20130730","https://m3.spitogatos.gr/353373398_1600x1200.jpg?v=20130730","https://m3.spitogatos.gr/353373401_1600x1200.jpg?v=20130730","https://m1.spitogatos.gr/353373402_1600x1200.jpg?v=20130730","https://m1.spitogatos.gr/353373405_1600x1200.jpg?v=20130730","https://m1.spitogatos.gr/353373408_1600x1200.jpg?v=20130730","https://m2.spitogatos.gr/353373409_1600x1200.jpg?v=20130730","https://m1.spitogatos.gr/353373411_1600x1200.jpg?v=20130730","https://m2.spitogatos.gr/353373412_1600x1200.jpg?v=20130730","https://m1.spitogatos.gr/353373414_1600x1200.jpg?v=20130730","https://m1.spitogatos.gr/353373417_1600x1200.jpg?v=20130730","https://m3.spitogatos.gr/353373419_1600x1200.jpg?v=20130730","https://m2.spitogatos.gr/353373421_1600x1200.jpg?v=20130730","https://m1.spitogatos.gr/353373423_1600x1200.jpg?v=20130730","https://m1.spitogatos.gr/353373426_1600x1200.jpg?v=20130730","https://m1.spitogatos.gr/353373429_1600x1200.jpg?v=20130730","https://m3.spitogatos.gr/353373431_1600x1200.jpg?v=20130730","0","0","2","1","38.014812","1","1","23.771",,"1",,,"2026-08-01","0","0",,"1","1","2",,,"1","0","1",,"0","0","0","3500","0","0","0","0","25","1","3","6",,"1","1","2025","0","1","3","0","1","0","140","1","9",,"0","1","0","2026-05-13","https://www.spitogatos.gr/en/property/1219879429",,"0",,"1901",,"residential"
"1","4",,"vip","4",,,,,"1","1","0","0","2026-07-31","0","1","0","0","1",,,"house",,"0","1","Νέο Ψυχικό – Άγιος Γεώργιος | Πολυτελής όροφο-μεζονέτα προς μίσθωση<br />
Στην προνομιακή και ήσυχη περιοχή του Αγίου Γεωργίου, στο Νέο Ψυχικό, διατίθεται προς μίσθωση πολυτελής όροφο-μεζονέτα συνολικής επιφάνειας 140 τ.μ., η οποία αναπτύσσεται στον 4ο και 5ο όροφο σύγχρονου κτιρίου κατασκευής 2024.<br />
Το ακίνητο χαρακτηρίζεται από minimal αισθητική, υψηλή ποιότητα κατασκευής και εξαιρετικά προσεγμένες λεπτομέρειες. Είναι γωνιακό, προσόψεως, διαμπερές και ιδιαίτερα φωτεινό, με ανατολικό προσανατολισμό, μεγάλες βεράντες και ανεμπόδιστη θέα.<br />
Η μεζονέτα περιλαμβάνει:<br />
4ος όροφος (102 τ.μ.): ευρύχωρο καθιστικό με ενεργειακό τζάκι και πρόσβαση σε μεγάλη βεράντα, ενιαίος χώρος με σύγχρονη κουζίνα, πλήρως εξοπλισμένη με εντοιχισμένες ηλεκτρικές συσκευές, δύο υπνοδωμάτια, μπάνιο, WC επισκεπτών, χώρο laundry room, μπαλκόνια και πολλούς αποθηκευτικούς χώρους.<br />
5ος όροφος (38 τ.μ.): μεγάλη βεράντα, playroom ή χώρος γραφείου, ένα master υπνοδωμάτιο με ιδιωτικό μπάνιο en suite και βεστιάριο, καθώς και επιπλέον μπάνιο.<br />
Διαθέτει ατομική θέρμανση μέσω αντλίας θερμότητας και ενδοδαπέδιου συστήματος, κεντρικό σύστημα κλιματισμού VRV, θερμοπρόσοψη και ενεργειακή κλάση Α+, εξασφαλίζοντας υψηλή ενεργειακή απόδοση και ιδανικές συνθήκες διαβίωσης καθ’ όλη τη διάρκεια του έτους.<br />
Τα ενεργειακά κουφώματα αλουμινίου με θερμοδιακοπή, οι διπλοί υαλοπίνακες, οι σίτες και τα ηλεκτρικά ρολά ενισχύουν τη θερμομόνωση και την ηχομόνωση του ακινήτου.<br />
Οι εσωτερικοί χώροι διαθέτουν ξύλινα δάπεδα, ψευδοροφές και κρυφό φωτισμό, δημιουργώντας μια σύγχρονη και ιδιαίτερα κομψή ατμόσφαιρα.<br />
Επιπλέον, η κατοικία διαθέτει πόρτα ασφαλείας, σύστημα συναγερμού, θυροτηλεόραση, τριφασικό ρεύμα, boiler, σύνδεση internet και ανελκυστήρα.<br />
Στο ακίνητο αντιστοιχούν αποθήκη 4 τ.μ., δύο θέσεις στάθμευσης στο υπόγειο με φορτιστή ηλεκτρικού αυτοκινήτου, καθώς και ανεξάρτητο δωμάτιο υπηρετικού προσωπικού με ιδιωτικό μπάνιο, επίσης στο υπόγειο.<br />
Η τοποθεσία προσφέρει άμεση πρόσβαση σε βασικούς οδικούς άξονες, αγορά, σχολεία και μέσα μαζικής μεταφοράς, ενώ ο πλησιέστερος σταθμός μετρό βρίσκεται σε απόσταση περίπου 500 μέτρων.<br />
Ιδανική επιλογή για όσους αναζητούν μια σύγχρονη, πολυτελή και ενεργειακά αποδοτική κατοικία σε μία από τις πλέον περιζήτητες περιοχές των βορείων προαστίων.<br />
Επικοινωνήστε μαζί μας για περισσότερες πληροφορίες ή για να προγραμματίσετε επίσκεψη.<br />
<br />
Το στίγμα στο χάρτη είναι ενδεικτικό και δεν υποδεικνύει ακριβή θέση του ακινήτου.<br />
<br />
Η περιγραφή βασίζεται σε πληροφορίες από τον ιδιοκτήτη ή εκπρόσωπο του. <br />
Τα στοιχεία παρέχονται με καλή πίστη και δεν αποτελούν μέρος σύμβασης. <br />
Το κτηματομεσιτικό γραφείο  Royal Estates δεν φέρει καμία ευθύνη για την ακρίβεια των πληροφοριών.<br />
<br />
Η μεσιτική αμοιβή προς το γραφείο μας, σε περίπτωση αγοραπωλησίας του συγκεκριμένου ακινήτου, ανέρχεται στο 2% (δύο τοις εκατό) επί της συνολικής πραγματικής αξίας της κύριας συμβάσεως και πλέον του νόμιμου Φ.Π.A (24%), η σε περίπτωση μίσθωσης η μεσιτική αμοιβή είναι ισόποση του μισθώματος και πλέον του νόμιμου Φ.Π.Α. (24%).<br />
Η επίδειξη ταυτότητας και Α.Φ.Μ. απαιτείται κατά την επίσκεψη, βάση του Νόμου 4072/11.4.2012.<br />
<br />
Περισσότερα ακίνητα, στην ιστοσελίδα μας www.royalestates.com.gr<br />
<br />
Royal Estates.<br />
Κτηματομεσιτικές Υπηρεσίες.<br />
Τηλέφωνα: 210 677 0491,  Φαξ: 210 6770 494.<br />
akinita@royalestates.com.gr.<br />
www.royalestates.com.gr",,"0","1","1","1","1","1","2026-07-15","9","2","0","no","yes","0","Αθήνα - Βόρεια Προάστια (Αττική)","Νέο Ψυχικό (Αθήνα - Βόρεια Προάστια)","1","105103","101","2115","123002","Double","4","13","1","0","1","1220393531","https://m3.spitogatos.gr/363576137_1600x1200.jpg?v=20130730","https://m1.spitogatos.gr/363576138_1600x1200.jpg?v=20130730","https://m2.spitogatos.gr/363576139_1600x1200.jpg?v=20130730","https://m3.spitogatos.gr/363576140_1600x1200.jpg?v=20130730","https://m1.spitogatos.gr/363576141_1600x1200.jpg?v=20130730","https://m2.spitogatos.gr/363576142_1600x1200.jpg?v=20130730","https://m3.spitogatos.gr/363576143_1600x1200.jpg?v=20130730","https://m2.spitogatos.gr/363576145_1600x1200.jpg?v=20130730","https://m3.spitogatos.gr/363576146_1600x1200.jpg?v=20130730","https://m1.spitogatos.gr/363576147_1600x1200.jpg?v=20130730","https://m2.spitogatos.gr/363576148_1600x1200.jpg?v=20130730","https://m3.spitogatos.gr/363576149_1600x1200.jpg?v=20130730","https://m2.spitogatos.gr/363576151_1600x1200.jpg?v=20130730","https://m3.spitogatos.gr/363576152_1600x1200.jpg?v=20130730","https://m1.spitogatos.gr/363576153_1600x1200.jpg?v=20130730","https://m2.spitogatos.gr/363576154_1600x1200.jpg?v=20130730","https://m2.spitogatos.gr/363576157_1600x1200.jpg?v=20130730","https://m3.spitogatos.gr/363576158_1600x1200.jpg?v=20130730","https://m1.spitogatos.gr/363576159_1600x1200.jpg?v=20130730","https://m2.spitogatos.gr/363576160_1600x1200.jpg?v=20130730","https://m3.spitogatos.gr/363576161_1600x1200.jpg?v=20130730","https://m2.spitogatos.gr/363576163_1600x1200.jpg?v=20130730","https://m1.spitogatos.gr/363576165_1600x1200.jpg?v=20130730","https://m3.spitogatos.gr/363576167_1600x1200.jpg?v=20130730","https://m2.spitogatos.gr/363576169_1600x1200.jpg?v=20130730","1","0","2","1","38.003929","2","1","23.782639",,"1",,,"2026-07-31","0","0","1","0","1","3",,"1","1","1","1",,"0","0","0","3500","0","0","0","0","25","1","3","6",,"1","0",,"0","1","3","0","1","1","140","1","4",,"0","3","0","2026-07-15","https://www.spitogatos.gr/en/property/1220393531",,"1","1","2024",,"residential"
"0","Ground Floor","no","vip","4",,,,,"0","1","0","0","2026-05-21","0","0","0","0","0","0",,"house",,,"0","<br>Στο Παλαιό Ψυχικό στην οδό Κάλβου, σε κτήριο επώνυμης αρχιτεκτονικής με τέσσερα διαμερίσματα διατίθεται για μίσθωση ισόγειο διαμέρισμα 140τμ. Το διαμέρισμα αλλά και ολόκληρο το κτήριο έχουν πλήρως ανακαινιστεί το 2025. <br />
Το ακίνητο περιλαμβάνει χώρους υποδοχής, κλειστή κουζίνα, δύο υπνοδωμάτια με δύο μπάνια εκ των οποίων το ένα master με μπάνιο ensuite και  ένα τρίτο δωμάτιο με μπάνιο/μπάνιο επισκεπτών κατάλληλο για φιλοξενία/οικιακή βοηθό. <br />
Το διαμέρισμα έχει πολύ καλή διαρρύθμιση και διαθέτει τζάκι στους χώρους υποδοχής, θερμοπρόσοψη, θερμοδιακοπτόμενα κουφώματα, δύο υπαίθριες στεγασμένες θέσεις στάθμευσης με αναμονή για ηλεκτρική φόρτιση αυτοκινήτων, αποθήκη, αυτόνομη θέρμανση με φα, πόρτα ασφαλείας, αναμονές για a/c, συναγερμό και σκίαστρα. Το διαμέρισμα διαθέτει επίσης κηπάριο μπροστά στην κουζίνα και τα υπνοδωμάτια.<br />
Στο ισόγειο οι χώροι υποδοχής είναι με πλακίδιο- κουζίνα και μπάνια-, ενώ διάδρομοι και τα υπνοδωμάτια είναι με δρύινα πατώματα.  Οι κοινόχρηστοι υπαίθριοι χώροι έχουν όμορφη φύτευση και έχουν προβλεφθεί κάμερες και προβολείς ασφαλείας περιμετρικά στο κτήριο.<br />
Ενεργειακή κλάση Α. <br>",,,,"0","2","0","1","2026-05-21","3","2","0","no","yes","1","Αθήνα - Βόρεια Προάστια (Αττική)","Παλαιό Ψυχικό (Αθήνα - Βόρεια Προάστια)","1","105103","101","2124","123011","Single","1","2","0","0","1","1219926985","https://m2.spitogatos.gr/354553369_1600x1200.jpg?v=20130730","https://m1.spitogatos.gr/354553374_1600x1200.jpg?v=20130730","https://m3.spitogatos.gr/354553382_1600x1200.jpg?v=20130730","https://m1.spitogatos.gr/354553386_1600x1200.jpg?v=20130730","https://m1.spitogatos.gr/354553392_1600x1200.jpg?v=20130730","https://m3.spitogatos.gr/354553397_1600x1200.jpg?v=20130730","https://m2.spitogatos.gr/354553399_1600x1200.jpg?v=20130730",,,,,,,,,,,,,,,,,,,"0","0",,"1","38.013447",,"0","23.77424",,"0",,,"2026-07-31","0","0",,"0","0","3",,,"0","0","0",,"0","0","0","3500","0","0","0","0","25","1","3","6",,"1","0",,"0","7","3","0","1","0","140","1",,,"0","1","0","2026-05-21","https://www.spitogatos.gr/en/property/1219926985",,"0","0","1985",,"residential"
"1","Ground Floor","no","vip","4",,,,,"1","1","0","0","2026-06-10","0","1","1","0","1","0",,"house","0",,"0","Μεγαλοπρεπές Αρχοντικό στο Παλαιό Ψυχικό 800τ.μ., σε οικόπεδο 850τ.μ., γωνιακό, το οποίο περιβάλλεται από έναν όμορφο και πολύ μεγάλο κήπο με εντυπωσιακά ψηλή περίφραξη δέντρων που προσφέρει πλήρη ιδιωτικότητα και αναπτύσσεται σε 3 επίπεδα. Η κεντρική είσοδος της οικίας βρίσκεται στο υπερυψωμένο ισόγειο, επιφάνειας 330τ.μ., όπου κεντρίζει το ενδιαφέρον του επισκέπτη η διπλή σφυρήλατη πόρτα της, που μας οδηγεί στον προθάλαμο της οικίας, όπου κυριαρχεί ένα εντυπωσιακό μαύρο δάπεδο, εξαιρετικής τεχνικής μωσαϊκό, και στο βάθος δεσπόζει μία επιβλητική δρύϊνη σκάλα με συνδυασμό μαύρου μαρμάρου και μεγάλη ενδιάμεση πλατφόρμα. Αυτός ο εντυπωσιακός χώρος είναι η καρδιά του αρχοντικού, το σημείο αναφοράς από το οποίο επεκτείνονται όλοι οι υπόλοιποι χώροι του. Στην αριστερή πτέρυγα βρίσκεται ο επίσημος χώρος υποδοχής, μεγάλων διαστάσεων, αποτελούμενος από 2 σαλόνια με τζάκι καθώς και ο χώρος της επίσημης τραπεζαρίας. Μεγάλες τζαμόπορτες περικλύουν όλον τον χώρο και οδηγούν σε μία υπέροχη τεράστια βεράντα, με θέα τον δεντρόφυτο κήπο. Στην δεξιά πτέρυγα, βρίσκεται το γραφείο, WC επισκεπτών, ο ξενώνας με το μπάνιο του, το καθημερινό σαλόνι με το τζάκι του και τον χώρο τραπεζαρίας. Η μεγάλη ανεξάρτητη κουζίνα της οικίας βρίσκεται ανάμεσα στις δύο τραπεζαρίες της οικίας, ώστε να διευκολύνει την πρόσβαση προς αυτές. Στο επίπεδο του 1ου ορόφου, επιφάνειας 230τ.μ. υπάρχει ένα άνετο, ιδιαιτέρως φωτεινό καθιστικό με μεγάλες τζαμόπορτες που βγάζουν σε βεράντα. Στην αριστερή του μεριά βρίσκεται το μεγαλύτερο master υπνοδωμάτιο της οικίας, με μπάνιο en suite και μία εντυπωσιακή βεράντα με όμορφη θέα. Στην δεξιά μεριά του καθιστικού βρίσκεται το δεύτερο master υπνοδωμάτιο με το μπάνιο του καθώς και τα υπόλοιπα τρία, τα οποία εξυπηρετούνται από άλλο ένα μπάνιο. Όλα τα δωμάτια διαθέτουν την δική τους βεράντα με θέα πράσινο. Στο ημιυπόγειο της οικίας επιφάνειας 240τ.μ. υπάρχει δωμάτιο οικιακής βοηθού με δικό του μπάνιο, δωμάτια που μπορούν να αξιοποιηθούν ως playroom, laundry room, πολλοί και μεγάλοι αποθηκευτικοί χώροι με ντουλάπες και το garage. Πρόκειται για ένα μοναδικό Αρχοντικό με πέτρα, που αναδύει μία διαχρονική επιβλητική κομψότητα και βρίσκεται σε ένα από τα καλύτερα σημεία του Παλαιού Ψυχικού. <br />
<br />
INTERATTICA REAL ESTATE, Τηλ. Επικοινωνίας:  2108015631 - 6983392994, email: pkiritsis@interattica.com<br />
<br />
Μεσιτικό Γραφείο | Ενοικιάσεις Ακινήτων Παλαιό Ψυχικό-Βόρεια Προάστια",,,"0","0","8","1","0","2026-06-10","3","2","0","no","yes","1","Αθήνα - Βόρεια Προάστια (Αττική)","Παλαιό Ψυχικό (Αθήνα - Βόρεια Προάστια)","1","105103","101","2124",,"Double","1","2","0","0","1","1220089876","https://m3.spitogatos.gr/356737127_1600x1200.jpg?v=20130730","https://m2.spitogatos.gr/356737129_1600x1200.jpg?v=20130730","https://m1.spitogatos.gr/356737131_1600x1200.jpg?v=20130730","https://m2.spitogatos.gr/356737132_1600x1200.jpg?v=20130730","https://m1.spitogatos.gr/356737134_1600x1200.jpg?v=20130730","https://m2.spitogatos.gr/356737141_1600x1200.jpg?v=20130730","https://m1.spitogatos.gr/356737143_1600x1200.jpg?v=20130730","https://m1.spitogatos.gr/356737146_1600x1200.jpg?v=20130730","https://m3.spitogatos.gr/356737148_1600x1200.jpg?v=20130730","https://m1.spitogatos.gr/356737149_1600x1200.jpg?v=20130730","https://m1.spitogatos.gr/356737152_1600x1200.jpg?v=20130730","https://m3.spitogatos.gr/356737154_1600x1200.jpg?v=20130730","https://m1.spitogatos.gr/356737155_1600x1200.jpg?v=20130730","https://m1.spitogatos.gr/356737158_1600x1200.jpg?v=20130730","https://m1.spitogatos.gr/356737161_1600x1200.jpg?v=20130730","https://m2.spitogatos.gr/356737165_1600x1200.jpg?v=20130730","https://m2.spitogatos.gr/356737168_1600x1200.jpg?v=20130730","https://m1.spitogatos.gr/356737170_1600x1200.jpg?v=20130730","https://m1.spitogatos.gr/356737173_1600x1200.jpg?v=20130730","https://m2.spitogatos.gr/356737177_1600x1200.jpg?v=20130730","https://m1.spitogatos.gr/356737182_1600x1200.jpg?v=20130730","https://m2.spitogatos.gr/356737186_1600x1200.jpg?v=20130730","https://m1.spitogatos.gr/356737188_1600x1200.jpg?v=20130730","https://m1.spitogatos.gr/356737197_1600x1200.jpg?v=20130730","https://m3.spitogatos.gr/356737199_1600x1200.jpg?v=20130730","1","0","2","1","38.007172","3","2","23.774084",,"1","0","0","2026-07-31","0","0",,"0","3","5",,,"1","0","1",,"0","0","0","12000","0","0","0","0","15","1","3","6",,"1","1","1999","0",,"6","0","0","1","800","1",,,"0","10","0","2026-06-10","https://www.spitogatos.gr/en/property/1220089876",,"1","0","1965",,"residential"
"1","1",,"vip","4",,,,,"0","1","0","0","2026-10-02","0","0","1","0","0",,,"house",,,"1","Νιώσε σαν στο σπίτι σου, όπου και αν επιλέξεις να μείνεις με την Blueground. Θα λατρέψεις αυτό το κομψά επιπλωμένο διαμέρισμα τριών υπνοδωματίων, για τη διακόσμησή του, την πλήρως εξοπλισμένη κουζίνα και το όμορφο καθιστικό του. Βρίσκεται σε ιδανική τοποθεσία, κοντά σε όλα όσα έχει να σου προσφέρει το Ψυχικό!<br><br />
<br />
Η διαφημιζόμενη τιμή των €2,490/μήνα είναι η τιμή για 1 έτος, με ημερομηνία έναρξης Οκτωβρίου 1, 2026. Η χαμηλότερη διαθέσιμη τιμή είναι €2,180/μήνα για μίσθωση 6 μήνα(μηνών) και 6 ημέρας(ημερών) με ημερομηνία έναρξης Οκτωβρίου 1, 2026.<br />
<br>Οι τιμές διαφέρουν ανάλογα με τη διάρκεια παραμονής, την εποχικότητα και άλλους παράγοντες. Επισκεφθείτε τον ιστότοπό μας και εισάγετε τις ημερομηνίες διαμονής σας για να δείτε ενημερωμένες τιμές για την κράτησή σας. Η τιμή ισχύει μόνο με προκαταβολή· ενδέχεται να είναι υψηλότερη εάν πληρωθεί σε δόσεις.<br />
<br />
<b>Κλείστε αυτό το διαμέρισμα online!</b><br />
<br />
https://www.theblueground.com/p/furnished-apartments/ath-1500?utm_source=classified-4<br />
<br />
Aναβαθμίστε τη διαμονή σας με ένα πλήρως επιπλωμένο διαμέρισμα από τη Blueground:<br />
      – Επιπλωμένα σπίτια σε τιμές αντίστοιχες με τα ανεπίπλωτα<br />
      – Χωρίς κόστη εγκατάστασης ή αγοράς επίπλων - εξοικονομήστε χρόνο και χρήματα<br />
      – Έτοιμα για άμεση μετακόμιση - το μόνο που χρειάζεστε είναι η βαλίτσα σας<br />
<br />
<b>Ο χώρος</b><br><br />
Νιώσε σαν στο σπίτι σου σε αυτό το επιπλωμένο διαμέρισμα της Blueground με το μοναδικό design, τα μοντέρνα έπιπλα και την πλήρως εξοπλισμένη κουζίνα.<br />
Δες τις αγαπημένες σου ταινίες στη smart TV ή άκουσε δυνατά μουσική στα ασύρματα ηχεία τελευταίας τεχνολογίας. Ό,τι και να αποφασίσεις να κάνεις το μόνο σίγουρο είναι πως θα αγαπήσεις όλα όσα σου προσφέρει αυτό το υπέροχο διαμέρισμα.<br />
<br />
<b>Διαρρύθμιση δωματίων ύπνου</b><br />
    <br />
        Υπέρδιπλο κρεβάτι: 160 εκ.<br />
<br />
        Διπλό κρεβάτι: 140 εκ.<br />
<br />
<b>Άφιξη και συνεχής υποστήριξη πελατών</b><br><br />
Κατά τη διάρκεια της διαμονής σου, η ομάδα μας θα είναι διαθέσιμη για να σε βοηθήσει με οτιδήποτε χρειαστείς. Μέσω της ειδικής mobile εφαρμογής της Blueground έχεις συνεχή υποστήριξη, ενώ μπορείς ακόμη να προγραμματίσεις υπηρεσίες καθαρισμού, συντήρησης ή επισκευής, με το πάτημα ενός κουμπιού.<br />
<br />
<b>Ιδανική τοποθεσία</b><br />
<br />
Το Ψυχικό είναι μια από τις πιο πράσινες και όμορφες γειτονιές της Αθήνας, που βρίσκεται μόλις 5 χιλιόμετρα βορειοανατολικά του κέντρου της πόλης. Η περιοχή αποτελείται από δύο μικρότερες γειτονιές: το Ψυχικό, γνωστό και ως Παλαιό Ψυχικό, και το Νέο Ψυχικό. Το Ψυχικό είναι μια αριστοκρατική περιοχή γεμάτη με κτίρια και αρχοντικά υψηλών προδιαγραφών, εστιατόρια και καφετέριες υψηλής ποιότητας, καθώς και γνωστά διεθνή σχολεία.",,"1",,"0","4","0","0","2026-05-13","6",,"0","yes","no","1","Αθήνα - Βόρεια Προάστια (Αττική)","Παλαιό Ψυχικό (Αθήνα - Βόρεια Προάστια)","1","105103","101","2124","123012",,"1","2","0","0","1","1219878974","https://m3.spitogatos.gr/359909390_1600x1200.jpg?v=20130730","https://m3.spitogatos.gr/359909420_1600x1200.jpg?v=20130730","https://m3.spitogatos.gr/359909435_1600x1200.jpg?v=20130730","https://m3.spitogatos.gr/359909450_1600x1200.jpg?v=20130730","https://m1.spitogatos.gr/359909466_1600x1200.jpg?v=20130730","https://m2.spitogatos.gr/359909488_1600x1200.jpg?v=20130730","https://m1.spitogatos.gr/359909514_1600x1200.jpg?v=20130730","https://m3.spitogatos.gr/359909534_1600x1200.jpg?v=20130730","https://m3.spitogatos.gr/359909549_1600x1200.jpg?v=20130730","https://m3.spitogatos.gr/359909567_1600x1200.jpg?v=20130730","https://m3.spitogatos.gr/359909579_1600x1200.jpg?v=20130730","https://m3.spitogatos.gr/359909591_1600x1200.jpg?v=20130730","https://m3.spitogatos.gr/359909606_1600x1200.jpg?v=20130730","https://m2.spitogatos.gr/359909623_1600x1200.jpg?v=20130730","https://m1.spitogatos.gr/359909637_1600x1200.jpg?v=20130730","https://m2.spitogatos.gr/359909659_1600x1200.jpg?v=20130730","https://m1.spitogatos.gr/359909676_1600x1200.jpg?v=20130730","https://m2.spitogatos.gr/359909689_1600x1200.jpg?v=20130730","https://m1.spitogatos.gr/359909703_1600x1200.jpg?v=20130730","https://m2.spitogatos.gr/359909716_1600x1200.jpg?v=20130730","https://m1.spitogatos.gr/359909730_1600x1200.jpg?v=20130730","https://m2.spitogatos.gr/359909746_1600x1200.jpg?v=20130730","https://m2.spitogatos.gr/359909761_1600x1200.jpg?v=20130730","https://m3.spitogatos.gr/359909774_1600x1200.jpg?v=20130730","https://m1.spitogatos.gr/359909784_1600x1200.jpg?v=20130730","0","0",,"0","38.013977","1","0","23.781347",,"0",,,"2026-07-31","0","0",,"0","1","1",,,"1","0","1",,"0","0","0","2490","0","0","0","0","19.92","1","3",,,"1","1",,,,"3","0","1",,"125","0",,"Chaoulant 2","1","1","0","2026-05-13","https://www.spitogatos.gr/en/property/1219878974","https://nodalview.com/s/08H8HVvvD9hR70cfMyrC3a","0",,"1974",,
"1","1",,"vip","4",,,,,"0","0","0","0","2026-09-02","0","0","1","0","0",,,"house",,,"1","Νιώσε σαν στο σπίτι σου, όπου και αν επιλέξεις να μείνεις με την Blueground. Θα λατρέψεις αυτό το σύγχρονα επιπλωμένο διαμέρισμα δύο υπνοδωματίων, για τη διακόσμησή του, την πλήρως εξοπλισμένη κουζίνα και το εκλεπτυσμένο καθιστικό του. Βρίσκεται σε ιδανική τοποθεσία, κοντά σε όλα όσα έχει να σου προσφέρει το Ψυχικό!<br><br />
<br />
Η διαφημιζόμενη τιμή των €1,440/μήνα είναι η τιμή για 1 έτος, με ημερομηνία έναρξης Σεπτεμβρίου 1, 2026.<br />
<br>Οι τιμές διαφέρουν ανάλογα με τη διάρκεια παραμονής, την εποχικότητα και άλλους παράγοντες. Επισκεφθείτε τον ιστότοπό μας και εισάγετε τις ημερομηνίες διαμονής σας για να δείτε ενημερωμένες τιμές για την κράτησή σας. Η τιμή ισχύει μόνο με προκαταβολή· ενδέχεται να είναι υψηλότερη εάν πληρωθεί σε δόσεις.<br />
<br />
<b>Κλείστε αυτό το διαμέρισμα online!</b><br />
<br />
https://www.theblueground.com/p/furnished-apartments/ath-307?utm_source=classified-4<br />
<br />
Aναβαθμίστε τη διαμονή σας με ένα πλήρως επιπλωμένο διαμέρισμα από τη Blueground:<br />
      – Επιπλωμένα σπίτια σε τιμές αντίστοιχες με τα ανεπίπλωτα<br />
      – Χωρίς κόστη εγκατάστασης ή αγοράς επίπλων - εξοικονομήστε χρόνο και χρήματα<br />
      – Έτοιμα για άμεση μετακόμιση - το μόνο που χρειάζεστε είναι η βαλίτσα σας<br />
<br />
<b>Ο χώρος</b><br><br />
Νιώσε σαν στο σπίτι σου σε αυτό το επιπλωμένο διαμέρισμα της Blueground με το μοναδικό design, τα μοντέρνα έπιπλα και την πλήρως εξοπλισμένη κουζίνα.<br />
Δες τις αγαπημένες σου ταινίες στη smart TV ή άκουσε δυνατά μουσική στα ασύρματα ηχεία τελευταίας τεχνολογίας. Ό,τι και να αποφασίσεις να κάνεις το μόνο σίγουρο είναι πως θα αγαπήσεις όλα όσα σου προσφέρει αυτό το άνετο διαμέρισμα.<br />
<br />
<b>Διαρρύθμιση δωματίων ύπνου</b><br />
    <br />
        Υπέρδιπλο κρεβάτι: 160 εκ.<br />
<br />
        Διπλό κρεβάτι: 140 εκ.<br />
<br />
<b>Παροχές κτιρίου</b><br />
<br />
      Ασανσέρ<br />
      Πλυντήριο<br />
      Θέση στάθμευσης<br />
      Επιτρέπονται κατοικίδια<br />
<br />
<br />
<b>Άφιξη και συνεχής υποστήριξη πελατών</b><br><br />
Κατά τη διάρκεια της διαμονής σου, η ομάδα μας θα είναι διαθέσιμη για να σε βοηθήσει με οτιδήποτε χρειαστείς. Μέσω της ειδικής mobile εφαρμογής της Blueground έχεις συνεχή υποστήριξη, ενώ μπορείς ακόμη να προγραμματίσεις υπηρεσίες καθαρισμού, συντήρησης ή επισκευής, με το πάτημα ενός κουμπιού.<br />
<br />
<b>Ιδανική τοποθεσία</b><br />
<br />
Το Ψυχικό είναι μια από τις πιο πράσινες και όμορφες γειτονιές της Αθήνας, που βρίσκεται μόλις 5 χιλιόμετρα βορειοανατολικά του κέντρου της πόλης. Η περιοχή αποτελείται από δύο μικρότερες γειτονιές: το Ψυχικό, γνωστό και ως Παλαιό Ψυχικό, και το Νέο Ψυχικό. Το Ψυχικό είναι μια αριστοκρατική περιοχή γεμάτη με κτίρια και αρχοντικά υψηλών προδιαγραφών, εστιατόρια και καφετέριες υψηλής ποιότητας, καθώς και γνωστά διεθνή σχολεία.",,"1",,"1","6","0","0","2026-01-30","6",,"0","yes","yes","1","Αθήνα - Βόρεια Προάστια (Αττική)","Παλαιό Ψυχικό (Αθήνα - Βόρεια Προάστια)","1","105103","101","2124",,,"1","2","0","0","1","1219278033","https://m1.spitogatos.gr/359901129_1600x1200.jpg?v=20130730","https://m2.spitogatos.gr/359901151_1600x1200.jpg?v=20130730","https://m1.spitogatos.gr/359901174_1600x1200.jpg?v=20130730","https://m1.spitogatos.gr/359901198_1600x1200.jpg?v=20130730","https://m2.spitogatos.gr/359901220_1600x1200.jpg?v=20130730","https://m2.spitogatos.gr/359901247_1600x1200.jpg?v=20130730","https://m2.spitogatos.gr/359901274_1600x1200.jpg?v=20130730","https://m1.spitogatos.gr/359901297_1600x1200.jpg?v=20130730","https://m3.spitogatos.gr/359901320_1600x1200.jpg?v=20130730","https://m3.spitogatos.gr/359901344_1600x1200.jpg?v=20130730","https://m2.spitogatos.gr/359901361_1600x1200.jpg?v=20130730","https://m2.spitogatos.gr/359901379_1600x1200.jpg?v=20130730","https://m2.spitogatos.gr/359901403_1600x1200.jpg?v=20130730","https://m3.spitogatos.gr/359901416_1600x1200.jpg?v=20130730","https://m1.spitogatos.gr/359901432_1600x1200.jpg?v=20130730","https://m1.spitogatos.gr/359901447_1600x1200.jpg?v=20130730","https://m1.spitogatos.gr/359901462_1600x1200.jpg?v=20130730","https://m2.spitogatos.gr/359901484_1600x1200.jpg?v=20130730","https://m1.spitogatos.gr/359901507_1600x1200.jpg?v=20130730","https://m2.spitogatos.gr/359901526_1600x1200.jpg?v=20130730","https://m3.spitogatos.gr/359901545_1600x1200.jpg?v=20130730","https://m1.spitogatos.gr/359901561_1600x1200.jpg?v=20130730","https://m3.spitogatos.gr/359901581_1600x1200.jpg?v=20130730","https://m2.spitogatos.gr/359901592_1600x1200.jpg?v=20130730","https://m2.spitogatos.gr/359901604_1600x1200.jpg?v=20130730","0","0",,"0","37.998699","1","0","23.769474",,"0",,,"2026-07-31","0","0","1","0","0","2",,,"1","0","0","1","0","0","0","1440","0","0","0","0","16.94","1","3","6",,"1","0",,,,"2","0","1",,"85","0",,"Marathonodromou 11","1","1","0","2026-01-30","https://www.spitogatos.gr/en/property/1219278033",,"0",,"2017",,
