"AC","Floor Level","accessibleForDisabled","adType_code","adType_id","agentEmployee_firstName","agentEmployee_id","agentEmployee_lastName","agentEmployee_telephone","airy","alarm","attic","auction","availability","availableForDailyRent","awning","balcony","balconyArea","bright","builtInBBQ","byTheSea","category","caveBuilding","commonExpenses","corner","description","distanceSea","doubleGlass","electricCarChargingFacilities","elevator","energyClass","facade","fireplace","firstPublishDate","floorNumber","floorType","forCommercialUse","furnished","garage","garden","geographiesByLevel_2_fullName","geographiesByLevel_4_fullName","geographyParentIds_0","geographyParentIds_1","geographyParentIds_2","geographyParentIds_4","geographyParentIds_5","glassType","heatingController","heatingMedium","heatingUnderFloor","holidayHome","host_id","id","images/0","images/1","images/2","images/3","images/4","images/5","images/6","images/7","images/8","images/9","images/10","images/11","images/12","images/13","images/14","images/15","images/16","images/17","images/18","images/19","images/20","images/21","images/22","images/23","images/24","internal_stairs","investment","joinery","kitchens","latitude","levels","livingRooms","longitude","lotSize","luxHome","mannedReception","medicalOffice","modified","negotiablePrice","neoclassic","newDevelopment","nightPower","noAgentFee","no_of_WC","no_of_bathrooms","numberOfFloors","orientation","painted","penthouse","pestNet","petsAllowed","playroom","pool","preserved","price","priceChangeDate","priceChangePercentage","priceIncludesInternet","priceIncludesPower","priceIncludesSharedExp","priceIncludesWater","pricePerSqMeters","pricePreReduction","priceReduced","propertyPublishingOptionIds/0","propertyPublishingOptionIds/1","propertyPublishingOptionIds/2","published","renovated","renovationYear","requiresRenovation","road_type","rooms","satelite","secure_door","showOnlyPartnerPhone","solar_heater","sq_meters","storage","streetAddress","studentHome","subtype","unfinished","uploaded","url","vTourUrl","view","wholeFloorApartment","year_of_construction","youtubeVideoId","zoning"
"0","3","no","vip","15",,,,,"1","0","0","0","2026-07-27","0","0","1","10","1","0","false","house","0","20","0","Κωδικός Ακινήτου: #12685<br><br />
Στην περιοχή Κάτω Ιλίσια της Καισαριανής, διατίθεται προς ενοικίαση πλήρως ανακαινισμένο, διαμπερές και ιδιαίτερα φωτεινό διαμέρισμα 86 τ.μ., στον 3ο όροφο πολυκατοικίας με ανελκυστήρα. Το ακίνητο διαθέτει λειτουργική διαρρύθμιση και αποτελείται από δύο άνετα υπνοδωμάτια, ευρύχωρο σαλόνι, ανεξάρτητη κουζίνα, μπάνιο και αποθήκη, καλύπτοντας ιδανικά τις ανάγκες μιας οικογένειας ή ενός ζευγαριού που αναζητά άνεση και ποιότητα διαβίωσης. Κατασκευής 2007 και πρόσφατα ανακαινισμένο, προσφέρει αυτόνομη θέρμανση πετρελαίου, κουφώματα αλουμινίου με διπλά τζάμια και δάπεδα από πλακάκι, ενώ η προνομιακή του θέση ως διαμέρισμα προσόψεως εξασφαλίζει άπλετο φυσικό φως και όμορφη, ανεμπόδιστη θέα. Βρίσκεται σε εξαιρετική τοποθεσία, πολύ κοντά στο κέντρο της περιοχής, με εύκολη πρόσβαση σε μέσα μαζικής μεταφοράς, καταστήματα, σχολεία και όλες τις απαραίτητες καθημερινές υπηρεσίες. Μια εξαιρετική επιλογή για όσους αναζητούν ένα προσεγμένο και άνετο σπίτι σε μία από τις πιο εξυπηρετούμενες περιοχές της Αθήνας.<br><br />
 <br><br />
Τιμή ενοικίασης: 850€  Κωδικός Ακινήτου: #12685<br><br />
 <br><br />
ΚΑΤΑ ΤΗΝ ΥΠΟΔΕΙΞΗ ΤΟΥ ΑΚΙΝΗΤΟΥ ΑΠΑΙΤΕΙΤΑΙ ΝΑ ΓΙΝΕΤΑΙ ΕΠΙΔΕΙΞΗ ΤΗΣ ΑΣΤΥΝΟΜΙΚΗΣ ΣΑΣ ΤΑΥΤΟΤΗΤΑΣ ΣΥΜΦΩΝΑ ΜΕ ΤΟΝ Ν.4072/11-04-2012 Φ.Ε.Κ 86Α<br /><br />ΤΑ ΣΤΟΙΧΕΙΑ ΤΩΝ ΑΚΙΝΗΤΩΝ ΕΙΝΑΙ ΚΑΤΑ ΔΗΛΩΣΗ ΤΟΥ ΙΔΙΟΚΤΗΤΗ<br /><br />ΑΚΙΝΗΤΑ ΑΠΟΚΛΕΙΣΤΙΚΗΣ ΔΙΑΘΕΣΗΣ ΜΕ ΦΩΤΟΓΡΑΦΙΕΣ ΠΟΥ ΔΙΑΧΕΙΡΙΖΕΤΑΙ Η ΕΤΑΙΡΙΑ ΜΑΣ ΘΑ ΒΡΕΙΤΕ ΣΤΗΝ ΙΣΤΟΣΕΛΙΔΑ ΜΑΣ<br /><br /> ►WEBSITE: www.tzelihome.gr<br /><br /> ✔ ΓΙΑ ΤΗΝ ΚΑΛΥΤΕΡΗ ΕΞΥΠΗΡΕΤΗΣΗ ΣΑΣ ΧΡΗΣΙΜΟΠΟΙΕΙΣΤΕ ΤΟΝ ΚΩΔΙΚΟ ΑΚΙΝΗΤΟΥ ΠΟΥ ΑΝΑΓΡΑΦΕΤΑΙ ΣΤΗΝ ΠΕΡΙΓΡΑΦΗ<br /> ✔ Η ΔΙΕΥΘΥΝΣΗ ΣΤΟΝ ΧΑΡΤΗ ΕΧΕΙ ΤΟΠΟΘΕΤΗΘΕΙ ΚΑΤΑ ΠΡΟΣΕΓΓΙΣΗ<br /> ✔ ΟΙ ΑΚΡΙΒΕΙΣ ΠΛΗΡΟΦΟΡΙΕΣ ΤΗΣ ΔΙΕΥΘΥΝΣΗΣ ΠΑΡΕΧΟΝΤΑΙ ΣΤΗΝ ΥΠΟΔΕΙΞΗ ΤΟΥ ΑΚΙΝΗΤΟΥ<br /><br /> ΜΕΣΙΤΙΚΟ ΓΡΑΦΕΙΟ TZELI HOME<br /> ΥΜΗΤΤΟΥ 41 , ΚΑΙΣΑΡΙΑΝΗ , ΤΚ 16121<br /><br /> ΕΠΙΚΟΙΝΩΝΗΣΤΕ ΜΑΖΙ ΜΑΣ:<br /> ►WEBSITE : www.tzelihome.gr<br /> ►E-MAIL : tzelihome@gmail.com<br /> ►ΚΙΝΗΤΟ : 6906.062.919 <br /> ►ΤΗΛΕΦΩΝΟ : 211.001.4573 & 211.001.4574<br>","7000",,"0","1","4","1","0","2026-07-27","8","4","0","no","no","0","Αθήνα - Νότια Προάστια (Αττική)","Καισαριανή (Αθήνα - Νότια Προάστια)","1","105103","102","2214","102214","Double","1","1","0","0","1","1220497018","https://m1.spitogatos.gr/363387948_1600x1200.jpg?v=20130730","https://m3.spitogatos.gr/363387956_1600x1200.jpg?v=20130730","https://m2.spitogatos.gr/363387961_1600x1200.jpg?v=20130730","https://m2.spitogatos.gr/363387982_1600x1200.jpg?v=20130730","https://m3.spitogatos.gr/363387989_1600x1200.jpg?v=20130730","https://m2.spitogatos.gr/363387994_1600x1200.jpg?v=20130730","https://m2.spitogatos.gr/363388000_1600x1200.jpg?v=20130730","https://m1.spitogatos.gr/363388005_1600x1200.jpg?v=20130730","https://m2.spitogatos.gr/363388009_1600x1200.jpg?v=20130730","https://m3.spitogatos.gr/363388013_1600x1200.jpg?v=20130730","https://m2.spitogatos.gr/363388015_1600x1200.jpg?v=20130730","https://m3.spitogatos.gr/363388022_1600x1200.jpg?v=20130730","https://m3.spitogatos.gr/363388025_1600x1200.jpg?v=20130730","https://m3.spitogatos.gr/363388028_1600x1200.jpg?v=20130730","https://m1.spitogatos.gr/363388035_1600x1200.jpg?v=20130730","https://m3.spitogatos.gr/363388040_1600x1200.jpg?v=20130730","https://m2.spitogatos.gr/363388045_1600x1200.jpg?v=20130730","https://m3.spitogatos.gr/363388049_1600x1200.jpg?v=20130730","https://m3.spitogatos.gr/363388052_1600x1200.jpg?v=20130730","https://m3.spitogatos.gr/363388055_1600x1200.jpg?v=20130730","https://m2.spitogatos.gr/363388057_1600x1200.jpg?v=20130730","https://m2.spitogatos.gr/363388063_1600x1200.jpg?v=20130730","https://m3.spitogatos.gr/363388067_1600x1200.jpg?v=20130730",,,"0","0","2","1","37.967728","1","1","23.759983",,"0","0","0","2026-08-01","0","0",,"0",,"0","1",,"2","1","0","0",,"0","0","0","850",,,"0","0","0","0","9.88",,,"1","3","6","1","1","2023","0","1","2","0","0",,"0","86","1",,"0","1","0","2026-07-27","https://www.spitogatos.gr/en/property/1220497018",,"1",,"2007","rIH6dahirxg","residential"
"1","1","no","vip","15",,,,,"0","0","0","0","2026-07-31","0","1","1","15","1","0","false","house","0","50","0","Κωδικός Ακινήτου: #12748 | Καισαριανή, Σκοπευτήριο: Ενοικιάζεται πλήρως ανακαινισμένο διαμέρισμα 76 τ.μ. στον 1ο όροφο με άμεση πρόσβαση μέσω ασανσέρ και κεντρική θέρμανση φυσικού αερίου. Το διαμέρισμα διαθέτει 2 άνετα υπνοδωμάτια, πλήρως εξοπλισμένη κουζίνα, ευρύχωρο σαλόνι και μπάνιο, ιδανικό για άνετη διαμονή σε ένα ανανεωμένο και σύγχρονο περιβάλλον. Κατασκευασμένο το 1978 και πρόσφατα ανακαινισμένο, το διαμέρισμα βρίσκεται σε κεντρική τοποθεσία, κοντά στο κέντρο της πόλης, προσφέροντας άμεση πρόσβαση σε όλες τις υπηρεσίες και τα μέσα μεταφοράς. Διαθέτει κουφώματα αλουμινίου με διπλά τζάμια για καλύτερη μόνωση, πόρτα ασφαλείας για την προστασία σας, καθώς και κλιματισμό για άνεση καθ’ όλη τη διάρκεια του χρόνου. Τα δάπεδα του διαμερίσματος συνδυάζουν μάρμαρο και ξύλο, προσφέροντας έναν κομψό και ζεστό χώρο. Οι τέντες εξασφαλίζουν επιπλέον προστασία από τον ήλιο και αναβαθμίζουν τη λειτουργικότητα του χώρου. Επιπλέον, διαθέτει πατάρι αποθήκευσης, προσφέροντας έξτρα χώρο για την αποθήκευση αντικειμένων και την οργάνωση του σπιτιού. Ένα άρτια ανακαινισμένο διαμέρισμα που συνδυάζει την άνεση με την πρακτικότητα, έτοιμο να καλωσορίσει τους νέους του ενοικιαστές. Διαθέτει και 1 θέση στάθμευσης πιλοτής για μηχανή.<br><br />
 <br><br />
 <br><br />
 <br><br />
 <br><br />
 <br><br />
Τιμή 1.100€ | Κωδικός Ακινήτου: #12748<br><br />
 <br><br />
 <br><br />
ΚΑΤΑ ΤΗΝ ΥΠΟΔΕΙΞΗ ΤΟΥ ΑΚΙΝΗΤΟΥ ΑΠΑΙΤΕΙΤΑΙ ΝΑ ΓΙΝΕΤΑΙ ΕΠΙΔΕΙΞΗ ΤΗΣ ΑΣΤΥΝΟΜΙΚΗΣ ΣΑΣ ΤΑΥΤΟΤΗΤΑΣ ΣΥΜΦΩΝΑ ΜΕ ΤΟΝ Ν.4072/11-04-2012 Φ.Ε.Κ 86Α<br /><br />ΤΑ ΣΤΟΙΧΕΙΑ ΤΩΝ ΑΚΙΝΗΤΩΝ ΕΙΝΑΙ ΚΑΤΑ ΔΗΛΩΣΗ ΤΟΥ ΙΔΙΟΚΤΗΤΗ<br /><br />ΑΚΙΝΗΤΑ ΑΠΟΚΛΕΙΣΤΙΚΗΣ ΔΙΑΘΕΣΗΣ ΜΕ ΦΩΤΟΓΡΑΦΙΕΣ ΠΟΥ ΔΙΑΧΕΙΡΙΖΕΤΑΙ Η ΕΤΑΙΡΙΑ ΜΑΣ ΘΑ ΒΡΕΙΤΕ ΣΤΗΝ ΙΣΤΟΣΕΛΙΔΑ ΜΑΣ<br /><br /> ►WEBSITE: www.tzelihome.gr<br /><br /> ✔ ΓΙΑ ΤΗΝ ΚΑΛΥΤΕΡΗ ΕΞΥΠΗΡΕΤΗΣΗ ΣΑΣ ΧΡΗΣΙΜΟΠΟΙΕΙΣΤΕ ΤΟΝ ΚΩΔΙΚΟ ΑΚΙΝΗΤΟΥ ΠΟΥ ΑΝΑΓΡΑΦΕΤΑΙ ΣΤΗΝ ΠΕΡΙΓΡΑΦΗ<br /> ✔ Η ΔΙΕΥΘΥΝΣΗ ΣΤΟΝ ΧΑΡΤΗ ΕΧΕΙ ΤΟΠΟΘΕΤΗΘΕΙ ΚΑΤΑ ΠΡΟΣΕΓΓΙΣΗ<br /> ✔ ΟΙ ΑΚΡΙΒΕΙΣ ΠΛΗΡΟΦΟΡΙΕΣ ΤΗΣ ΔΙΕΥΘΥΝΣΗΣ ΠΑΡΕΧΟΝΤΑΙ ΣΤΗΝ ΥΠΟΔΕΙΞΗ ΤΟΥ ΑΚΙΝΗΤΟΥ<br /><br /> ΜΕΣΙΤΙΚΟ ΓΡΑΦΕΙΟ TZELI HOME<br /> ΥΜΗΤΤΟΥ 41 , ΚΑΙΣΑΡΙΑΝΗ , ΤΚ 16121<br /><br /> ΕΠΙΚΟΙΝΩΝΗΣΤΕ ΜΑΖΙ ΜΑΣ:<br /> ►WEBSITE : www.tzelihome.gr<br /> ►E-MAIL : tzelihome@gmail.com<br /> ►ΚΙΝΗΤΟ : 6906.062.919 <br /> ►ΤΗΛΕΦΩΝΟ : 211.001.4573 & 211.001.4574<br>","8000",,"0","1","8","0","0","2026-07-31","6","6","0","yes","no","0","Αθήνα - Νότια Προάστια (Αττική)","Καισαριανή (Αθήνα - Νότια Προάστια)","1","105103","102","2214","102214","Double","2","2","0","0","1","1220542831","https://m3.spitogatos.gr/364116605_1600x1200.jpg?v=20130730","https://m1.spitogatos.gr/364116606_1600x1200.jpg?v=20130730","https://m2.spitogatos.gr/364116607_1600x1200.jpg?v=20130730","https://m3.spitogatos.gr/364116608_1600x1200.jpg?v=20130730","https://m1.spitogatos.gr/364116609_1600x1200.jpg?v=20130730","https://m2.spitogatos.gr/364116610_1600x1200.jpg?v=20130730","https://m3.spitogatos.gr/364116611_1600x1200.jpg?v=20130730","https://m2.spitogatos.gr/364116613_1600x1200.jpg?v=20130730","https://m3.spitogatos.gr/364116614_1600x1200.jpg?v=20130730","https://m1.spitogatos.gr/364116615_1600x1200.jpg?v=20130730","https://m2.spitogatos.gr/364116616_1600x1200.jpg?v=20130730","https://m3.spitogatos.gr/364116617_1600x1200.jpg?v=20130730","https://m1.spitogatos.gr/364116618_1600x1200.jpg?v=20130730","https://m2.spitogatos.gr/364116619_1600x1200.jpg?v=20130730","https://m3.spitogatos.gr/364116620_1600x1200.jpg?v=20130730","https://m1.spitogatos.gr/364116621_1600x1200.jpg?v=20130730","https://m2.spitogatos.gr/364116622_1600x1200.jpg?v=20130730","https://m3.spitogatos.gr/364116623_1600x1200.jpg?v=20130730","https://m1.spitogatos.gr/364116624_1600x1200.jpg?v=20130730","https://m2.spitogatos.gr/364116625_1600x1200.jpg?v=20130730","https://m3.spitogatos.gr/364116626_1600x1200.jpg?v=20130730",,,,,"0","0","2","1","37.967506","1","1","23.759502",,"0","0","0","2026-08-01","0","0",,"0",,"0","1",,"3","0","0","0",,"0","0","0","1100",,,"0","0","0","0","14.47",,,"1","3","6","1","1","2024","0","1","2","0","1",,"0","76","0",,"0","1","0","2026-07-31","https://www.spitogatos.gr/en/property/1220542831",,"0",,"1978","rdzXxnZov8E","residential"
"1","Ground Floor","no","vip","15",,,,,"0","0","0","0","2026-07-30","0","0","0","1","1","0","false","house","0","0","0","Κωδικός Ακινήτου: #12731<br><br />
Καισαριανή – Άγιος Νικόλαος | Πλήρως ανακαινισμένο και επιπλωμένο studio 53 τ.μ.<br><br />
Σε μια ήσυχη γειτονιά της Καισαριανής, σε μικρή απόσταση από το κέντρο και με εύκολη πρόσβαση σε μέσα μεταφοράς και όλες τις καθημερινές ανέσεις, διατίθεται προς ενοικίαση ένα πλήρως ανακαινισμένο ισόγειο studio 53 τ.μ. Το ακίνητο είναι πλήρως επιπλωμένο και έτοιμο να υποδεχθεί τον νέο του ενοικιαστή, προσφέροντας λειτουργική διαρρύθμιση με άνετο υπνοδωμάτιο, φωτεινό σαλόνι, ανεξάρτητη κουζίνα και σύγχρονο μπάνιο. Διαθέτει κουφώματα αλουμινίου με διπλά τζάμια, πόρτα ασφαλείας, κλιματισμό, δάπεδα από πλακάκι και μπόιλερ, εξασφαλίζοντας άνεση και πρακτικότητα στην καθημερινότητα. Επιπλέον, η ιδιωτική αυλή προσφέρει έναν ευχάριστο εξωτερικό χώρο για στιγμές χαλάρωσης. Ένα σημαντικό πλεονέκτημα του ακινήτου είναι ότι δεν επιβαρύνεται με μηνιαία κοινόχρηστα, αποτελώντας μια ιδιαίτερα συμφέρουσα επιλογή για όσους αναζητούν μια ποιοτική και έτοιμη προς κατοίκηση κατοικία.<br><br />
 <br><br />
Τιμή: 800€ | Κωδικός Ακινήτου: #12731<br><br />
ΚΑΤΑ ΤΗΝ ΥΠΟΔΕΙΞΗ ΤΟΥ ΑΚΙΝΗΤΟΥ ΑΠΑΙΤΕΙΤΑΙ ΝΑ ΓΙΝΕΤΑΙ ΕΠΙΔΕΙΞΗ ΤΗΣ ΑΣΤΥΝΟΜΙΚΗΣ ΣΑΣ ΤΑΥΤΟΤΗΤΑΣ ΣΥΜΦΩΝΑ ΜΕ ΤΟΝ Ν.4072/11-04-2012 Φ.Ε.Κ 86Α<br /><br />ΤΑ ΣΤΟΙΧΕΙΑ ΤΩΝ ΑΚΙΝΗΤΩΝ ΕΙΝΑΙ ΚΑΤΑ ΔΗΛΩΣΗ ΤΟΥ ΙΔΙΟΚΤΗΤΗ<br /><br />ΑΚΙΝΗΤΑ ΑΠΟΚΛΕΙΣΤΙΚΗΣ ΔΙΑΘΕΣΗΣ ΜΕ ΦΩΤΟΓΡΑΦΙΕΣ ΠΟΥ ΔΙΑΧΕΙΡΙΖΕΤΑΙ Η ΕΤΑΙΡΙΑ ΜΑΣ ΘΑ ΒΡΕΙΤΕ ΣΤΗΝ ΙΣΤΟΣΕΛΙΔΑ ΜΑΣ<br /><br /> ►WEBSITE: www.tzelihome.gr<br /><br /> ✔ ΓΙΑ ΤΗΝ ΚΑΛΥΤΕΡΗ ΕΞΥΠΗΡΕΤΗΣΗ ΣΑΣ ΧΡΗΣΙΜΟΠΟΙΕΙΣΤΕ ΤΟΝ ΚΩΔΙΚΟ ΑΚΙΝΗΤΟΥ ΠΟΥ ΑΝΑΓΡΑΦΕΤΑΙ ΣΤΗΝ ΠΕΡΙΓΡΑΦΗ<br /> ✔ Η ΔΙΕΥΘΥΝΣΗ ΣΤΟΝ ΧΑΡΤΗ ΕΧΕΙ ΤΟΠΟΘΕΤΗΘΕΙ ΚΑΤΑ ΠΡΟΣΕΓΓΙΣΗ<br /> ✔ ΟΙ ΑΚΡΙΒΕΙΣ ΠΛΗΡΟΦΟΡΙΕΣ ΤΗΣ ΔΙΕΥΘΥΝΣΗΣ ΠΑΡΕΧΟΝΤΑΙ ΣΤΗΝ ΥΠΟΔΕΙΞΗ ΤΟΥ ΑΚΙΝΗΤΟΥ<br /><br /> ΜΕΣΙΤΙΚΟ ΓΡΑΦΕΙΟ TZELI HOME<br /> ΥΜΗΤΤΟΥ 41 , ΚΑΙΣΑΡΙΑΝΗ , ΤΚ 16121<br /><br /> ΕΠΙΚΟΙΝΩΝΗΣΤΕ ΜΑΖΙ ΜΑΣ:<br /> ►WEBSITE : www.tzelihome.gr<br /> ►E-MAIL : tzelihome@gmail.com<br /> ►ΚΙΝΗΤΟ : 6906.062.919 <br /> ►ΤΗΛΕΦΩΝΟ : 211.001.4573 & 211.001.4574<br>","7000",,"0","0","7","0","0","2026-07-30","3","4","0","yes","no","0","Αθήνα - Νότια Προάστια (Αττική)","Καισαριανή (Αθήνα - Νότια Προάστια)","1","105103","102","2214","123160","Double","1","4","0","0","1","1220531931","https://m3.spitogatos.gr/363832898_1600x1200.jpg?v=20130730","https://m3.spitogatos.gr/363832901_1600x1200.jpg?v=20130730","https://m3.spitogatos.gr/363832904_1600x1200.jpg?v=20130730","https://m3.spitogatos.gr/363832907_1600x1200.jpg?v=20130730","https://m3.spitogatos.gr/363832910_1600x1200.jpg?v=20130730","https://m1.spitogatos.gr/363832914_1600x1200.jpg?v=20130730","https://m1.spitogatos.gr/363832917_1600x1200.jpg?v=20130730","https://m3.spitogatos.gr/363832922_1600x1200.jpg?v=20130730","https://m3.spitogatos.gr/363832925_1600x1200.jpg?v=20130730","https://m2.spitogatos.gr/363832927_1600x1200.jpg?v=20130730","https://m1.spitogatos.gr/363832929_1600x1200.jpg?v=20130730","https://m3.spitogatos.gr/363832931_1600x1200.jpg?v=20130730","https://m2.spitogatos.gr/363832933_1600x1200.jpg?v=20130730","https://m2.spitogatos.gr/363832936_1600x1200.jpg?v=20130730","https://m1.spitogatos.gr/363832938_1600x1200.jpg?v=20130730","https://m2.spitogatos.gr/363832942_1600x1200.jpg?v=20130730","https://m1.spitogatos.gr/363832947_1600x1200.jpg?v=20130730","https://m3.spitogatos.gr/363832955_1600x1200.jpg?v=20130730","https://m3.spitogatos.gr/363832967_1600x1200.jpg?v=20130730","https://m1.spitogatos.gr/363832971_1600x1200.jpg?v=20130730","https://m2.spitogatos.gr/363832972_1600x1200.jpg?v=20130730","https://m2.spitogatos.gr/363832975_1600x1200.jpg?v=20130730","https://m1.spitogatos.gr/363832977_1600x1200.jpg?v=20130730","https://m3.spitogatos.gr/363832979_1600x1200.jpg?v=20130730","https://m2.spitogatos.gr/363832981_1600x1200.jpg?v=20130730","0","0","2","1","37.972805","1","1","23.754824",,"0","0","0","2026-08-01","0","0",,"0",,"0","1",,"11","1","0","0",,"0","0","0","800",,,"0","0","0","0","15.09",,,"1","3","6","1","1","2026","0","1","1","0","1",,"0","53","0",,"0","2","0","2026-07-30","https://www.spitogatos.gr/en/property/1220531931",,"0",,"1975","h8r98Rnx6xg","residential"
"1","4","no","vip","15",,,,,"0","0","0","0","2026-07-27","0","0","1","6","1","0","false","house","0","0","0"," Κωδικός Ακινήτου: #12688<br><br />
Καισαριανή, Άγιος Νικόλαος Καισαριανής: Ενοικιάζεται νεόδμητο studio 27 τ.μ. στον 4ο όροφο με ασανσέρ. Πρόκειται για ένα σύγχρονο και φωτεινό διαμέρισμα, κατασκευής 2024, ιδανικό για φοιτητές, εργαζόμενους ή όσους αναζητούν μια ποιοτική κατοικία σε εξαιρετική τοποθεσία. Αποτελείται από άνετο χώρο ύπνου, λειτουργική κουζίνα και μοντέρνο μπάνιο, ενώ διαθέτει ξύλινα δάπεδα, κουφώματα αλουμινίου με διπλά τζάμια, πόρτα ασφαλείας, κλιματισμό και όμορφη θέα. Βρίσκεται πολύ κοντά στο κέντρο της περιοχής, με εύκολη πρόσβαση σε μέσα μεταφοράς, καταστήματα και όλες τις καθημερινές εξυπηρετήσεις. Στις παροχές περιλαμβάνονται όλα τα έξοδα (all inclusive), προσφέροντας μια άνετη και ξέγνοιαστη διαμονή χωρίς επιπλέον επιβαρύνσεις.<br><br />
 <br><br />
Τιμή 620€ | Κωδικός Ακινήτου: #12688<br><br />
 <br><br />
<br /> ΚΑΤΑ ΤΗΝ ΥΠΟΔΕΙΞΗ ΤΟΥ ΑΚΙΝΗΤΟΥ ΑΠΑΙΤΕΙΤΑΙ ΝΑ ΓΙΝΕΤΑΙ ΕΠΙΔΕΙΞΗ ΤΗΣ ΑΣΤΥΝΟΜΙΚΗΣ ΣΑΣ ΤΑΥΤΟΤΗΤΑΣ ΣΥΜΦΩΝΑ ΜΕ ΤΟΝ Ν.4072/11-04-2012 Φ.Ε.Κ 86Α<br /><br />ΤΑ ΣΤΟΙΧΕΙΑ ΤΩΝ ΑΚΙΝΗΤΩΝ ΕΙΝΑΙ ΚΑΤΑ ΔΗΛΩΣΗ ΤΟΥ ΙΔΙΟΚΤΗΤΗ<br /><br />ΑΚΙΝΗΤΑ ΑΠΟΚΛΕΙΣΤΙΚΗΣ ΔΙΑΘΕΣΗΣ ΜΕ ΦΩΤΟΓΡΑΦΙΕΣ ΠΟΥ ΔΙΑΧΕΙΡΙΖΕΤΑΙ Η ΕΤΑΙΡΙΑ ΜΑΣ ΘΑ ΒΡΕΙΤΕ ΣΤΗΝ ΙΣΤΟΣΕΛΙΔΑ ΜΑΣ<br /><br /> ►WEBSITE: www.tzelihome.gr<br /><br /> ✔ ΓΙΑ ΤΗΝ ΚΑΛΥΤΕΡΗ ΕΞΥΠΗΡΕΤΗΣΗ ΣΑΣ ΧΡΗΣΙΜΟΠΟΙΕΙΣΤΕ ΤΟΝ ΚΩΔΙΚΟ ΑΚΙΝΗΤΟΥ ΠΟΥ ΑΝΑΓΡΑΦΕΤΑΙ ΣΤΗΝ ΠΕΡΙΓΡΑΦΗ<br /> ✔ Η ΔΙΕΥΘΥΝΣΗ ΣΤΟΝ ΧΑΡΤΗ ΕΧΕΙ ΤΟΠΟΘΕΤΗΘΕΙ ΚΑΤΑ ΠΡΟΣΕΓΓΙΣΗ<br /> ✔ ΟΙ ΑΚΡΙΒΕΙΣ ΠΛΗΡΟΦΟΡΙΕΣ ΤΗΣ ΔΙΕΥΘΥΝΣΗΣ ΠΑΡΕΧΟΝΤΑΙ ΣΤΗΝ ΥΠΟΔΕΙΞΗ ΤΟΥ ΑΚΙΝΗΤΟΥ<br /><br /> ΜΕΣΙΤΙΚΟ ΓΡΑΦΕΙΟ TZELI HOME<br /> ΥΜΗΤΤΟΥ 41 , ΚΑΙΣΑΡΙΑΝΗ , ΤΚ 16121<br /><br /> ΕΠΙΚΟΙΝΩΝΗΣΤΕ ΜΑΖΙ ΜΑΣ:<br /> ►WEBSITE : www.tzelihome.gr<br /> ►E-MAIL : tzelihome@gmail.com<br /> ►ΚΙΝΗΤΟ : 6906.062.919 <br /> ►ΤΗΛΕΦΩΝΟ : 211.001.4573 & 211.001.4574<br>","7000",,"0","1","4","0","0","2026-07-27","9","2","0","no","no","0","Αθήνα - Νότια Προάστια (Αττική)","Καισαριανή (Αθήνα - Νότια Προάστια)","1","105103","102","2214","123162","Double","1","4","0","0","1","1220499187","https://m1.spitogatos.gr/363424860_1600x1200.jpg?v=20130730","https://m3.spitogatos.gr/363424862_1600x1200.jpg?v=20130730","https://m3.spitogatos.gr/363424865_1600x1200.jpg?v=20130730","https://m2.spitogatos.gr/363424867_1600x1200.jpg?v=20130730","https://m1.spitogatos.gr/363424869_1600x1200.jpg?v=20130730","https://m1.spitogatos.gr/363424872_1600x1200.jpg?v=20130730","https://m1.spitogatos.gr/363424875_1600x1200.jpg?v=20130730","https://m3.spitogatos.gr/363424877_1600x1200.jpg?v=20130730","https://m3.spitogatos.gr/363424880_1600x1200.jpg?v=20130730",,,,,,,,,,,,,,,,,"0","0","2","1","37.96994","1","0","23.756153",,"0","0","0","2026-08-01","0","0","1","0",,"0","1",,"11","1","1","0",,"0","0","0","620",,,"0","0","0","0","22.96",,,"1","3","6","1","0",,"0","1","1","0","1",,"0","27","0",,"1","2","0","2026-07-27","https://www.spitogatos.gr/en/property/1220499187",,"1",,"2024","5YeWbvNlVcE","residential"
"0","2","no","vip","15",,,,,"0","0","0","0","2026-07-29","0","1","1","5","1","0","false","house","0","40","0","Κωδικός Ακινήτου: #12718<br><br />
Στο κέντρο της Καισαριανής, σε ιδιαίτερα προνομιακή τοποθεσία με άμεση πρόσβαση στην τοπική αγορά, τις συγκοινωνίες και κάθε καθημερινή εξυπηρέτηση, διατίθεται προς ενοικίαση μερικώς ανακαινισμένο διαμέρισμα 54 τ.μ., στον 2ο όροφο πολυκατοικίας με ασανσέρ. Πρόκειται για μια λειτουργική και φωτεινή κατοικία, ιδανική για έναν επαγγελματία ή ζευγάρι που αναζητά άνεση και πρακτικότητα σε μια ζωντανή γειτονιά της Αθήνας. Το διαμέρισμα αποτελείται από ένα ευρύχωρο υπνοδωμάτιο, άνετο καθιστικό, ανεξάρτητη κουζίνα, μπάνιο και αποθήκη, ενώ διαθέτει επιπλέον πατάρι αποθήκευσης, προσφέροντας σημαντικούς επιπλέον χώρους για οργάνωση. Είναι εξοπλισμένο με κουφώματα αλουμινίου με διπλά τζάμια, μαρμάρινα δάπεδα, τέντες και κεντρική θέρμανση, συνδυάζοντας λειτουργικότητα και καθημερινή άνεση. Ένα ακόμη σημαντικό πλεονέκτημα του ακινήτου είναι ότι επιτρέπονται τα κατοικίδια, καθιστώντας το ιδανική επιλογή για όσους επιθυμούν να συγκατοικήσουν με τον τετράποδο φίλο τους.<br><br />
 <br><br />
Τιμή ενοικίασης: 600€  Κωδικός Ακινήτου: #12718<br><br />
<br /> ΚΑΤΑ ΤΗΝ ΥΠΟΔΕΙΞΗ ΤΟΥ ΑΚΙΝΗΤΟΥ ΑΠΑΙΤΕΙΤΑΙ ΝΑ ΓΙΝΕΤΑΙ ΕΠΙΔΕΙΞΗ ΤΗΣ ΑΣΤΥΝΟΜΙΚΗΣ ΣΑΣ ΤΑΥΤΟΤΗΤΑΣ ΣΥΜΦΩΝΑ ΜΕ ΤΟΝ Ν.4072/11-04-2012 Φ.Ε.Κ 86Α<br /><br />ΤΑ ΣΤΟΙΧΕΙΑ ΤΩΝ ΑΚΙΝΗΤΩΝ ΕΙΝΑΙ ΚΑΤΑ ΔΗΛΩΣΗ ΤΟΥ ΙΔΙΟΚΤΗΤΗ<br /><br />ΑΚΙΝΗΤΑ ΑΠΟΚΛΕΙΣΤΙΚΗΣ ΔΙΑΘΕΣΗΣ ΜΕ ΦΩΤΟΓΡΑΦΙΕΣ ΠΟΥ ΔΙΑΧΕΙΡΙΖΕΤΑΙ Η ΕΤΑΙΡΙΑ ΜΑΣ ΘΑ ΒΡΕΙΤΕ ΣΤΗΝ ΙΣΤΟΣΕΛΙΔΑ ΜΑΣ<br /><br /> ►WEBSITE: www.tzelihome.gr<br /><br /> ✔ ΓΙΑ ΤΗΝ ΚΑΛΥΤΕΡΗ ΕΞΥΠΗΡΕΤΗΣΗ ΣΑΣ ΧΡΗΣΙΜΟΠΟΙΕΙΣΤΕ ΤΟΝ ΚΩΔΙΚΟ ΑΚΙΝΗΤΟΥ ΠΟΥ ΑΝΑΓΡΑΦΕΤΑΙ ΣΤΗΝ ΠΕΡΙΓΡΑΦΗ<br /> ✔ Η ΔΙΕΥΘΥΝΣΗ ΣΤΟΝ ΧΑΡΤΗ ΕΧΕΙ ΤΟΠΟΘΕΤΗΘΕΙ ΚΑΤΑ ΠΡΟΣΕΓΓΙΣΗ<br /> ✔ ΟΙ ΑΚΡΙΒΕΙΣ ΠΛΗΡΟΦΟΡΙΕΣ ΤΗΣ ΔΙΕΥΘΥΝΣΗΣ ΠΑΡΕΧΟΝΤΑΙ ΣΤΗΝ ΥΠΟΔΕΙΞΗ ΤΟΥ ΑΚΙΝΗΤΟΥ<br /><br /> ΜΕΣΙΤΙΚΟ ΓΡΑΦΕΙΟ TZELI HOME<br /> ΥΜΗΤΤΟΥ 41 , ΚΑΙΣΑΡΙΑΝΗ , ΤΚ 16121<br /><br /> ΕΠΙΚΟΙΝΩΝΗΣΤΕ ΜΑΖΙ ΜΑΣ:<br /> ►WEBSITE : www.tzelihome.gr<br /> ►E-MAIL : tzelihome@gmail.com<br /> ►ΚΙΝΗΤΟ : 6906.062.919 <br /> ►ΤΗΛΕΦΩΝΟ : 211.001.4573 & 211.001.4574<br>","7000",,"0","1","7","0","0","2026-07-29","7","1","0","no","no","0","Αθήνα - Νότια Προάστια (Αττική)","Καισαριανή (Αθήνα - Νότια Προάστια)","1","105103","102","2214","123162","Double","2",,"0","0","1","1220521516","https://m1.spitogatos.gr/363684825_1600x1200.jpg?v=20130730","https://m1.spitogatos.gr/363684834_1600x1200.jpg?v=20130730","https://m2.spitogatos.gr/363684841_1600x1200.jpg?v=20130730","https://m2.spitogatos.gr/363684847_1600x1200.jpg?v=20130730","https://m3.spitogatos.gr/363684857_1600x1200.jpg?v=20130730","https://m1.spitogatos.gr/363684867_1600x1200.jpg?v=20130730","https://m2.spitogatos.gr/363684877_1600x1200.jpg?v=20130730","https://m1.spitogatos.gr/363684885_1600x1200.jpg?v=20130730","https://m3.spitogatos.gr/363684896_1600x1200.jpg?v=20130730","https://m2.spitogatos.gr/363684904_1600x1200.jpg?v=20130730","https://m1.spitogatos.gr/363684912_1600x1200.jpg?v=20130730","https://m1.spitogatos.gr/363684918_1600x1200.jpg?v=20130730","https://m3.spitogatos.gr/363684926_1600x1200.jpg?v=20130730",,,,,,,,,,,,,"0","0","2","1","37.968357","1","1","23.755135",,"0","0","0","2026-08-01","0","0",,"0",,"0","1",,"11","0","0","0","1","0","0","0","600",,,"0","0","0","0","11.11",,,"1","3","6","1","1","2010","0","1","1","0","0",,"0","54","1",,"0","1","0","2026-07-29","https://www.spitogatos.gr/en/property/1220521516",,"0",,"1980","U_pU8hiiXYY","residential"
,"3",,"vip","15",,,,,"1",,"0","0","2026-07-26","0","1","1","0","1",,,"house",,,"0",,,,,"1","6","1","0","2026-07-26","8",,"0","yes",,"0","Αθήνα - Νότια Προάστια (Αττική)","Καισαριανή (Αθήνα - Νότια Προάστια)","1","105103","102","2214","123161","Double",,,,"0","1","1220490911","https://m2.spitogatos.gr/363298069_1600x1200.jpg?v=20130730","https://m1.spitogatos.gr/363298017_1600x1200.jpg?v=20130730","https://m3.spitogatos.gr/363298022_1600x1200.jpg?v=20130730","https://m2.spitogatos.gr/363298024_1600x1200.jpg?v=20130730","https://m1.spitogatos.gr/363298026_1600x1200.jpg?v=20130730","https://m3.spitogatos.gr/363298028_1600x1200.jpg?v=20130730","https://m2.spitogatos.gr/363298030_1600x1200.jpg?v=20130730","https://m3.spitogatos.gr/363298034_1600x1200.jpg?v=20130730","https://m2.spitogatos.gr/363298036_1600x1200.jpg?v=20130730","https://m1.spitogatos.gr/363298038_1600x1200.jpg?v=20130730","https://m2.spitogatos.gr/363298039_1600x1200.jpg?v=20130730","https://m3.spitogatos.gr/363298040_1600x1200.jpg?v=20130730","https://m1.spitogatos.gr/363298050_1600x1200.jpg?v=20130730","https://m2.spitogatos.gr/363298051_1600x1200.jpg?v=20130730","https://m3.spitogatos.gr/363298052_1600x1200.jpg?v=20130730","https://m1.spitogatos.gr/363298053_1600x1200.jpg?v=20130730","https://m2.spitogatos.gr/363298054_1600x1200.jpg?v=20130730","https://m3.spitogatos.gr/363298055_1600x1200.jpg?v=20130730","https://m2.spitogatos.gr/363298057_1600x1200.jpg?v=20130730","https://m3.spitogatos.gr/363298058_1600x1200.jpg?v=20130730","https://m2.spitogatos.gr/363298060_1600x1200.jpg?v=20130730","https://m1.spitogatos.gr/363298062_1600x1200.jpg?v=20130730","https://m2.spitogatos.gr/363298063_1600x1200.jpg?v=20130730","https://m1.spitogatos.gr/363298065_1600x1200.jpg?v=20130730",,"0","0","2","1","37.97242","1","1","23.75371",,,,"0","2026-08-01","0","0",,,,"0","1",,,,"0",,,"0","0","0","1300",,,"0","0","0","0","13",,,"1",,,"1",,,"0","1","2",,"1",,,"100","0",,"0","1",,"2026-07-26","https://www.spitogatos.gr/en/property/1220490911",,"0","1",,,"residential"
"1","Lower Ground","no","vip","15",,,,,"0","0","0","0","2026-07-22","0","0","0","1","1","0","false","house","0","0","0","Κωδικός Ακινήτου: #12621<br><br />
Στην περιοχή των Κάτω Ιλισίων στην Καισαριανή διατίθεται προς ενοικίαση πλήρως ανακαινισμένο και πλήρως επιπλωμένο studio 28 τ.μ., σε ημιυπόγειο, ιδανικό για φοιτητές, εργαζόμενους ή όσους αναζητούν μια σύγχρονη και οικονομική κατοικία σε εξαιρετική τοποθεσία. Το ακίνητο είναι λειτουργικά διαμορφωμένο και αποτελείται από άνετο χώρο ύπνου, κουζίνα και μπάνιο, ενώ είναι έτοιμο για άμεση εγκατάσταση. Κατασκευής 1975 και πλήρως ανακαινισμένο, διαθέτει κουφώματα αλουμινίου με διπλά τζάμια, πόρτα ασφαλείας, κλιματισμό και δάπεδα από πλακάκι, προσφέροντας άνεση και ασφάλεια στην καθημερινότητα. Ένα από τα σημαντικότερα πλεονεκτήματά του είναι ότι δεν επιβαρύνεται με μηνιαία κοινόχρηστα, ενώ παρέχεται δωρεάν σύνδεση internet, μειώνοντας σημαντικά το συνολικό κόστος διαβίωσης. Η προνομιακή του θέση, κοντά στο κέντρο, σε μέσα μαζικής μεταφοράς, πανεπιστημιακές σχολές, καταστήματα και όλες τις απαραίτητες υπηρεσίες, το καθιστά μια εξαιρετική επιλογή για όσους επιθυμούν μια άνετη και πρακτική κατοικία σε ιδιαίτερα προσιτή τιμή.<br><br />
 <br><br />
Τιμή ενοικίασης: 500€. Κωδικός Ακινήτου: #12621<br><br />
 <br><br />
.ΚΑΤΑ ΤΗΝ ΥΠΟΔΕΙΞΗ ΤΟΥ ΑΚΙΝΗΤΟΥ ΑΠΑΙΤΕΙΤΑΙ ΝΑ ΓΙΝΕΤΑΙ ΕΠΙΔΕΙΞΗ ΤΗΣ ΑΣΤΥΝΟΜΙΚΗΣ ΣΑΣ ΤΑΥΤΟΤΗΤΑΣ ΣΥΜΦΩΝΑ ΜΕ ΤΟΝ Ν.4072/11-04-2012 Φ.Ε.Κ 86Α<br /><br />ΤΑ ΣΤΟΙΧΕΙΑ ΤΩΝ ΑΚΙΝΗΤΩΝ ΕΙΝΑΙ ΚΑΤΑ ΔΗΛΩΣΗ ΤΟΥ ΙΔΙΟΚΤΗΤΗ<br /><br />ΑΚΙΝΗΤΑ ΑΠΟΚΛΕΙΣΤΙΚΗΣ ΔΙΑΘΕΣΗΣ ΜΕ ΦΩΤΟΓΡΑΦΙΕΣ ΠΟΥ ΔΙΑΧΕΙΡΙΖΕΤΑΙ Η ΕΤΑΙΡΙΑ ΜΑΣ ΘΑ ΒΡΕΙΤΕ ΣΤΗΝ ΙΣΤΟΣΕΛΙΔΑ ΜΑΣ<br /><br /> ►WEBSITE: www.tzelihome.gr<br /><br /> ✔ ΓΙΑ ΤΗΝ ΚΑΛΥΤΕΡΗ ΕΞΥΠΗΡΕΤΗΣΗ ΣΑΣ ΧΡΗΣΙΜΟΠΟΙΕΙΣΤΕ ΤΟΝ ΚΩΔΙΚΟ ΑΚΙΝΗΤΟΥ ΠΟΥ ΑΝΑΓΡΑΦΕΤΑΙ ΣΤΗΝ ΠΕΡΙΓΡΑΦΗ<br /> ✔ Η ΔΙΕΥΘΥΝΣΗ ΣΤΟΝ ΧΑΡΤΗ ΕΧΕΙ ΤΟΠΟΘΕΤΗΘΕΙ ΚΑΤΑ ΠΡΟΣΕΓΓΙΣΗ<br /> ✔ ΟΙ ΑΚΡΙΒΕΙΣ ΠΛΗΡΟΦΟΡΙΕΣ ΤΗΣ ΔΙΕΥΘΥΝΣΗΣ ΠΑΡΕΧΟΝΤΑΙ ΣΤΗΝ ΥΠΟΔΕΙΞΗ ΤΟΥ ΑΚΙΝΗΤΟΥ<br /><br /> ΜΕΣΙΤΙΚΟ ΓΡΑΦΕΙΟ TZELI HOME<br /> ΥΜΗΤΤΟΥ 41 , ΚΑΙΣΑΡΙΑΝΗ , ΤΚ 16121<br /><br /> ΕΠΙΚΟΙΝΩΝΗΣΤΕ ΜΑΖΙ ΜΑΣ:<br /> ►WEBSITE : www.tzelihome.gr<br /> ►E-MAIL : tzelihome@gmail.com<br /> ►ΚΙΝΗΤΟ : 6906.062.919 <br /> ►ΤΗΛΕΦΩΝΟ : 211.001.4573 & 211.001.4574<br>","8000",,"0","0","7","0","0","2026-07-22","2","4","0","yes","no","0","Αθήνα - Νότια Προάστια (Αττική)","Καισαριανή (Αθήνα - Νότια Προάστια)","1","105103","102","2214","123160","Double","1","4","0","0","1","1220450538","https://m3.spitogatos.gr/363225791_1600x1200.jpg?v=20130730","https://m2.spitogatos.gr/363225793_1600x1200.jpg?v=20130730","https://m1.spitogatos.gr/363225795_1600x1200.jpg?v=20130730","https://m2.spitogatos.gr/363225799_1600x1200.jpg?v=20130730","https://m1.spitogatos.gr/363225801_1600x1200.jpg?v=20130730","https://m3.spitogatos.gr/363225803_1600x1200.jpg?v=20130730","https://m3.spitogatos.gr/363225806_1600x1200.jpg?v=20130730","https://m1.spitogatos.gr/363225810_1600x1200.jpg?v=20130730","https://m3.spitogatos.gr/363225815_1600x1200.jpg?v=20130730","https://m2.spitogatos.gr/363225820_1600x1200.jpg?v=20130730","https://m2.spitogatos.gr/363225826_1600x1200.jpg?v=20130730","https://m1.spitogatos.gr/363225831_1600x1200.jpg?v=20130730","https://m2.spitogatos.gr/363225835_1600x1200.jpg?v=20130730","https://m1.spitogatos.gr/363225840_1600x1200.jpg?v=20130730","https://m1.spitogatos.gr/363225846_1600x1200.jpg?v=20130730","https://m1.spitogatos.gr/363225849_1600x1200.jpg?v=20130730","https://m1.spitogatos.gr/363225852_1600x1200.jpg?v=20130730","https://m3.spitogatos.gr/363225866_1600x1200.jpg?v=20130730","https://m1.spitogatos.gr/363225870_1600x1200.jpg?v=20130730","https://m1.spitogatos.gr/363225873_1600x1200.jpg?v=20130730","https://m2.spitogatos.gr/363225877_1600x1200.jpg?v=20130730","https://m2.spitogatos.gr/363225880_1600x1200.jpg?v=20130730","https://m2.spitogatos.gr/363225883_1600x1200.jpg?v=20130730","https://m2.spitogatos.gr/363225889_1600x1200.jpg?v=20130730","https://m3.spitogatos.gr/363225893_1600x1200.jpg?v=20130730","0","0","2","1","37.973263","1","0","23.754387",,"0","0","0","2026-07-31","0","0",,"0",,"0","1",,"11","0","0","0",,"0","0","0","500",,,"0","0","0","0","17.86",,,"1","3","6","1","1","2026","0","1","1","0","1",,"0","28","0",,"0","2","0","2026-07-22","https://www.spitogatos.gr/en/property/1220450538",,"0",,"1975","aIhdFOabT38","residential"
"0","5","no","vip","15",,,,,"1","0","0","0","2026-07-27","0","1","0","0","1","0",,"house","0",,"0","Διαμέρισμα Προς Ενοικίαση, όροφος: 5ος, στην περιοχή: Παγκράτι - Κέντρο Παγκρατίου. Το εμβαδόν του ακινήτου είναι 87 τ.μ.. Αποτελείται από: 3 Υ/Δ, 1 μπάνιο κουζίνα- σαλόνι. Έχει κατασκευαστεί το 1973 και ανακαινίστηκε το 2026. Η θέρμανση του ακινήτου είναι Αυτόνομη με Φυσικό αέριο, ενώ επίσης διατίθεται Θερμοπρόσοψη, έχει κουφώματα Αλουμινίου με Διπλά τζάμια, ενεργειακό πιστοποιητικό: Δ. Η κατάστασή του είναι: Ανακαινισμένο. Βρίσκεται 100 μέτρα με τα πόδια από τον υπό κατασκευή σταθμό Μετρό Καισαριανή. Είναι κοντά σε Συγκοινωνίες, Σχολείο, Super Market, Μουσείο, Αγορά, Αττική οδό, Εθνική οδό, Εστίαση, καταστήματα.  Έχει θέα Λυκαβηττό,  Βουνό, Πράσινο, Ανοιχτωσιά, Αστικό τοπίο. Το ακίνητο είναι Φωτεινό, Ευάερο, Διαμπερές, Πολυτελές και επίσης διαθέτει τα παρακάτω χαρακτηριστικά και πλεονεκτήματα: Τέντες, Ασανσέρ, Πόρτα Ασφαλείας, Βεράντα 50 τ.μ. Τιμή: €950. GD REAL ESTATE, Τηλέφωνα  Επικοινωνίας: 6946530683, 2107653049, 6946100608  email: info@gd-realestate.co   site: gd-realestate.co",,,"0","1","6","0","0","2026-07-27","10",,"0","no","no","0","Αθήνα - Νότια Προάστια (Αττική)","Καισαριανή (Αθήνα - Νότια Προάστια)","1","105103","102","2214","123162","Double","1","2","0","0","1","1220497427","https://m1.spitogatos.gr/363394125_1600x1200.jpg?v=20130730","https://m3.spitogatos.gr/363394130_1600x1200.jpg?v=20130730","https://m2.spitogatos.gr/363394135_1600x1200.jpg?v=20130730","https://m2.spitogatos.gr/363394141_1600x1200.jpg?v=20130730","https://m1.spitogatos.gr/363394146_1600x1200.jpg?v=20130730","https://m1.spitogatos.gr/363394149_1600x1200.jpg?v=20130730","https://m3.spitogatos.gr/363394151_1600x1200.jpg?v=20130730","https://m1.spitogatos.gr/363394155_1600x1200.jpg?v=20130730","https://m3.spitogatos.gr/363394160_1600x1200.jpg?v=20130730","https://m3.spitogatos.gr/363394163_1600x1200.jpg?v=20130730",,,,,,,,,,,,,,,,"0","0","2","1","37.968102","1","1","23.753904",,"1","0","0","2026-07-31","0","0",,"0",,"0","1",,,"0","0","0",,"0","0","0","950",,,"0","0","0","0","10.92",,,"1","3","6","1","1","2026","0",,"3","0","1",,"0","87","0",,"0","1","0","2026-07-27","https://www.spitogatos.gr/en/property/1220497427",,"1","0","1973",,"residential"
"1","3","no","vip","14",,,,,"1","0","0","0","2026-06-25","0","1","0","0","1","0",,"house","0",,"0","Διαμέρισμα Προς Ενοικίαση, όροφος: 3ος, στην περιοχή: Παγκράτι. Το εμβαδόν του ακινήτου είναι 75 τ.μ.. Αποτελείται από: 2 Υ/Δ, 1 μπάνιο/α, 1 κουζίνα/ες. Έχει κατασκευαστεί το 1974 και ανακαινίστηκε το 2025, ενώ επίσης διατίθεται Κλιματισμός, έχει κουφώματα Αλουμινίου, ενεργειακό πιστοποιητικό: Β. Η κατάστασή του είναι: Ανακαινισμένο, βρίσκεται κοντά σε Συγκοινωνίες, έχει θέα Ανεμπόδιστη. Το ακίνητο είναι Βαμμένο, Προσόψεως, Εσωτερικό, Φωτεινό, Ευάερο, Ευήλιο, Διαμπερές και επίσης διαθέτει τα παρακάτω χαρακτηριστικά και πλεονεκτήματα: Τέντες, Ασανσέρ, Πόρτα Ασφαλείας, Βεράντα. Τιμή: €900. Art Real Estate, Τηλέφωνο Επικοινωνίας: 6988577744, email: info@artrealestate.gr, website: https://www.artrealestate.gr/",,,"0","1","4","1","0","2026-06-25","8",,"0","no","no","0","Αθήνα - Νότια Προάστια (Αττική)","Καισαριανή (Αθήνα - Νότια Προάστια)","1","105103","102","2214",,,,,"0","0","1","1220212392","https://m2.spitogatos.gr/362281672_1600x1200.jpg?v=20130730","https://m1.spitogatos.gr/362281674_1600x1200.jpg?v=20130730","https://m2.spitogatos.gr/362281675_1600x1200.jpg?v=20130730","https://m1.spitogatos.gr/362281677_1600x1200.jpg?v=20130730","https://m2.spitogatos.gr/362281681_1600x1200.jpg?v=20130730","https://m1.spitogatos.gr/362281683_1600x1200.jpg?v=20130730","https://m1.spitogatos.gr/362281689_1600x1200.jpg?v=20130730","https://m3.spitogatos.gr/362281691_1600x1200.jpg?v=20130730","https://m1.spitogatos.gr/362281692_1600x1200.jpg?v=20130730","https://m2.spitogatos.gr/362281693_1600x1200.jpg?v=20130730","https://m3.spitogatos.gr/362281694_1600x1200.jpg?v=20130730","https://m1.spitogatos.gr/362281695_1600x1200.jpg?v=20130730","https://m3.spitogatos.gr/362281697_1600x1200.jpg?v=20130730","https://m2.spitogatos.gr/362281699_1600x1200.jpg?v=20130730","https://m2.spitogatos.gr/362281702_1600x1200.jpg?v=20130730","https://m3.spitogatos.gr/362281703_1600x1200.jpg?v=20130730","https://m1.spitogatos.gr/362281704_1600x1200.jpg?v=20130730","https://m2.spitogatos.gr/362281705_1600x1200.jpg?v=20130730","https://m3.spitogatos.gr/362281706_1600x1200.jpg?v=20130730","https://m1.spitogatos.gr/362281707_1600x1200.jpg?v=20130730","https://m1.spitogatos.gr/362281728_1600x1200.jpg?v=20130730",,,,,"0","0","2","1","37.967865","1","0","23.754097",,"0","0","0","2026-07-31","0","0",,"0",,"0","1",,,"1","0","0",,"0","0","0","900","2026-07-24 12:10:57","10","0","0","0","0","12","1000","true","1","3","6","1","1","2025","0","1","2","0","1",,"0","75","0",,"0","1","0","2026-06-25","https://www.spitogatos.gr/en/property/1220212392",,"1","0","1974",,"residential"
"1","3","yes","vip","13",,,,,"1","0","0","0","2026-07-15","0","1","1","30","1","0","false","house","0","30","0","Εξαιρετικό διαμέρισμα 85 τ.μ. | 3ος όροφος | Σύγχρονη κατασκευή | Parking | 1.050€/μήνα<br />
<br />
Διατίθεται προς ενοικίαση εξαιρετικό διαμέρισμα 85 τ.μ., στον 3ο όροφο σύγχρονης και άριστα συντηρημένης πολυκατοικίας κατασκευής 2007, σε ιδιαίτερα προνομιακή και ήσυχη τοποθεσία, μόλις 50 μέτρα από τη Υμηττού. Η θέση του ακινήτου προσφέρει άμεση πρόσβαση σε κεντρικούς οδικούς άξονες, μέσα μαζικής μεταφοράς, καταστήματα και όλες τις καθημερινές υπηρεσίες, συνδυάζοντας ιδανικά την ηρεμία της γειτονιάς με την ευκολία της πόλης.<br />
<br />
Το διαμέρισμα βρίσκεται σε άριστη κατάσταση, είναι ανακαινισμένο και φρεσκοβαμμένο, έτοιμο να υποδεχθεί τον νέο του ενοικιαστή χωρίς να απαιτείται καμία επιπλέον εργασία.<br />
<br />
Αποτελείται από ευρύχωρο και φωτεινό καθιστικό, λειτουργική κουζίνα με εντοιχισμένες ηλεκτρικές συσκευές, δύο άνετα υπνοδωμάτια με μεγάλες εντοιχισμένες ντουλάπες, ένα πλήρες μπάνιο και επιπλέον WC. Διαθέτει επίσης πατάρι και πολλούς αποθηκευτικούς χώρους που καλύπτουν πλήρως τις ανάγκες μιας οικογένειας ή ενός ζευγαριού.<br />
<br />
Το μεγάλο, ηλιόλουστο μπαλκόνι των 30 τ.μ. με τέντες αποτελεί ιδανικό χώρο για στιγμές χαλάρωσης και φιλοξενίας.<br />
<br />
Χαρακτηριστικά ακινήτου<br />
85 τ.μ.<br />
3ος όροφος<br />
Κατασκευή 2007<br />
Ανακαινισμένο και φρεσκοβαμμένο<br />
2 υπνοδωμάτια<br />
1 μπάνιο & 1 WC<br />
Εντοιχισμένες ηλεκτρικές συσκευές<br />
Κλιματισμός (A/C)<br />
Αυτόνομη θέρμανση φυσικού αερίου<br />
Ηλιακός θερμοσίφωνας<br />
Πόρτα ασφαλείας<br />
Κουφώματα αλουμινίου με διπλά ενεργειακά τζάμια<br />
Σίτες<br />
Μεγάλο μπαλκόνι 30 τ.μ. με τέντες<br />
Πολλοί αποθηκευτικοί χώροι & πατάρι<br />
Θέση στάθμευσης στην πιλοτή για ένα αυτοκίνητο και ένα ή δύο δίκυκλα, ανάλογα με το μέγεθός τους<br />
χαμηλά κοινόχρηστα (περίπου 20–30€/μήνα)<br />
<br />
Ένα ιδιαίτερα προσεγμένο και ποιοτικό ακίνητο που ξεχωρίζει για την εξαιρετική του κατάσταση, τη λειτουργική του διαρρύθμιση, τους άνετους αποθηκευτικούς χώρους και την προνομιακή του τοποθεσία.<br />
<br />
Τιμή ενοικίασης: 1.050€ / μήνα<br />
<br />
Άμεσα διαθέσιμο. Περισσότερες πληροφορίες 698 600 45 87 Μπακαγιάννης Περίανδρος","5000",,"0","1","2","1","0","2026-07-15","8","4","1","no","yes","0","Αθήνα - Νότια Προάστια (Αττική)","Καισαριανή (Αθήνα - Νότια Προάστια)","1","105103","102","2214","123161","Double","1","2","0","0","1","1220389043","https://m3.spitogatos.gr/363700607_1600x1200.jpg?v=20130730","https://m2.spitogatos.gr/363700585_1600x1200.jpg?v=20130730","https://m2.spitogatos.gr/363700591_1600x1200.jpg?v=20130730","https://m2.spitogatos.gr/363700594_1600x1200.jpg?v=20130730","https://m2.spitogatos.gr/363700618_1600x1200.jpg?v=20130730","https://m1.spitogatos.gr/363700614_1600x1200.jpg?v=20130730","https://m1.spitogatos.gr/363700638_1600x1200.jpg?v=20130730","https://m2.spitogatos.gr/363700642_1600x1200.jpg?v=20130730","https://m2.spitogatos.gr/363700582_1600x1200.jpg?v=20130730","https://m2.spitogatos.gr/363700612_1600x1200.jpg?v=20130730","https://m1.spitogatos.gr/363700665_1600x1200.jpg?v=20130730","https://m2.spitogatos.gr/363700675_1600x1200.jpg?v=20130730","https://m1.spitogatos.gr/363700677_1600x1200.jpg?v=20130730","https://m1.spitogatos.gr/363700680_1600x1200.jpg?v=20130730","https://m1.spitogatos.gr/363700683_1600x1200.jpg?v=20130730","https://m2.spitogatos.gr/363700687_1600x1200.jpg?v=20130730","https://m3.spitogatos.gr/363700688_1600x1200.jpg?v=20130730","https://m3.spitogatos.gr/363700691_1600x1200.jpg?v=20130730","https://m2.spitogatos.gr/363700693_1600x1200.jpg?v=20130730","https://m3.spitogatos.gr/363700697_1600x1200.jpg?v=20130730","https://m1.spitogatos.gr/363700698_1600x1200.jpg?v=20130730","https://m2.spitogatos.gr/363700702_1600x1200.jpg?v=20130730","https://m3.spitogatos.gr/363700703_1600x1200.jpg?v=20130730","https://m1.spitogatos.gr/363700719_1600x1200.jpg?v=20130730","https://m3.spitogatos.gr/363700724_1600x1200.jpg?v=20130730","1","0","2","1","37.970825","1","1","23.755596","230","1","0","0","2026-07-29","0","0",,"1",,"1","1","6","2","1","0","1",,"0","0","0","1050",,,"0","0","0","0","12.35",,,"1",,,"1","1","2023","0","1","2","0","1",,"1","85","0",,"1","1","0","2026-07-15","https://www.spitogatos.gr/en/property/1220389043",,"1","0","2008",,"residential"
"1","3",,"vip","4",,,,,"0","0","0","0","2026-10-05","0","0","1","0","0",,,"house",,,"1","Ξεκίνα να ζεις από την πρώτη μέρα, σε αυτό το κομψά επιπλωμένο διαμέρισμα δύο υπνοδωματίων της Blueground στο κέντρο της Καισαριανής. Πλήρως εξοπλισμένο με έπιπλα μοναδικού design, ηλεκτρικές συσκευές τελευταίας τεχνολογίας.<br><br />
<br />
Η διαφημιζόμενη τιμή των €990/μήνα είναι η τιμή για 1 έτος, με ημερομηνία έναρξης Οκτωβρίου 4, 2026. Η χαμηλότερη διαθέσιμη τιμή είναι €960/μήνα για μίσθωση 7 μήνα(μηνών) με ημερομηνία έναρξης Οκτωβρίου 4, 2026.<br />
<br>Οι τιμές διαφέρουν ανάλογα με τη διάρκεια παραμονής, την εποχικότητα και άλλους παράγοντες. Επισκεφθείτε τον ιστότοπό μας και εισάγετε τις ημερομηνίες διαμονής σας για να δείτε ενημερωμένες τιμές για την κράτησή σας. Η τιμή ισχύει μόνο με προκαταβολή· ενδέχεται να είναι υψηλότερη εάν πληρωθεί σε δόσεις.<br />
<br />
<b>Κλείστε αυτό το διαμέρισμα online!</b><br />
<br />
https://www.theblueground.com/p/furnished-apartments/ath-1396?utm_source=classified-4<br />
<br />
Aναβαθμίστε τη διαμονή σας με ένα πλήρως επιπλωμένο διαμέρισμα από τη Blueground:<br />
      – Επιπλωμένα σπίτια σε τιμές αντίστοιχες με τα ανεπίπλωτα<br />
      – Χωρίς κόστη εγκατάστασης ή αγοράς επίπλων - εξοικονομήστε χρόνο και χρήματα<br />
      – Έτοιμα για άμεση μετακόμιση - το μόνο που χρειάζεστε είναι η βαλίτσα σας<br />
<br />
<b>Ο χώρος</b><br><br />
Έπιπλα μοναδικού design, πλήρως εξοπλισμένη κουζίνα, smart TV ή/και ασύρματα ηχεία τελευταίας τεχνολογίας, είναι λίγες μόνο από τις ανέσεις που σου προσφέρει αυτό το διαμέρισμα δύο υπνοδωματίων της Blueground. Θα το αγαπήσεις όμως και για τη μοναδική του τοποθεσία, καθώς βρίσκεται σε ένα από τα πιο κεντρικά σημεία της Καισαριανής.<br />
<br />
<b>Διαρρύθμιση δωματίων ύπνου</b><br />
    <br />
        Υπέρδιπλο κρεβάτι: 160 εκ.<br />
<br />
        Διπλό κρεβάτι: 140 εκ.<br />
<br />
<b>Παροχές κτιρίου</b><br />
<br />
      Ασανσέρ<br />
      Πλυντήριο<br />
      Επιτρέπονται κατοικίδια<br />
<br />
<br />
<b>Άφιξη και συνεχής υποστήριξη πελατών</b><br><br />
Κατά τη διάρκεια της διαμονής σου, η ομάδα μας θα είναι διαθέσιμη για να σε βοηθήσει με οτιδήποτε χρειαστείς. Μέσω της ειδικής mobile εφαρμογής της Blueground έχεις συνεχή υποστήριξη, ενώ μπορείς ακόμη να προγραμματίσεις υπηρεσίες καθαρισμού, συντήρησης ή επισκευής, με το πάτημα ενός κουμπιού.",,"1",,"1","7","0","0","2026-07-15","8",,"0","yes","no","0","Αθήνα - Νότια Προάστια (Αττική)","Καισαριανή (Αθήνα - Νότια Προάστια)","1","105103","102","2214",,,"1","2","0","0","1","1218971701","https://m3.spitogatos.gr/361927757_1600x1200.jpg?v=20130730","https://m3.spitogatos.gr/361927763_1600x1200.jpg?v=20130730","https://m3.spitogatos.gr/361927769_1600x1200.jpg?v=20130730","https://m2.spitogatos.gr/361927774_1600x1200.jpg?v=20130730","https://m2.spitogatos.gr/361927777_1600x1200.jpg?v=20130730","https://m1.spitogatos.gr/361927782_1600x1200.jpg?v=20130730","https://m3.spitogatos.gr/361927784_1600x1200.jpg?v=20130730","https://m3.spitogatos.gr/361927790_1600x1200.jpg?v=20130730","https://m1.spitogatos.gr/361927794_1600x1200.jpg?v=20130730","https://m2.spitogatos.gr/361927798_1600x1200.jpg?v=20130730","https://m1.spitogatos.gr/361927800_1600x1200.jpg?v=20130730","https://m3.spitogatos.gr/361927802_1600x1200.jpg?v=20130730","https://m3.spitogatos.gr/361927805_1600x1200.jpg?v=20130730","https://m3.spitogatos.gr/361927808_1600x1200.jpg?v=20130730","https://m1.spitogatos.gr/361927809_1600x1200.jpg?v=20130730","https://m3.spitogatos.gr/361927811_1600x1200.jpg?v=20130730","https://m1.spitogatos.gr/361927812_1600x1200.jpg?v=20130730","https://m3.spitogatos.gr/361927814_1600x1200.jpg?v=20130730","https://m1.spitogatos.gr/361927815_1600x1200.jpg?v=20130730","https://m3.spitogatos.gr/361927817_1600x1200.jpg?v=20130730","https://m1.spitogatos.gr/361927818_1600x1200.jpg?v=20130730","https://m3.spitogatos.gr/361927820_1600x1200.jpg?v=20130730","https://m2.spitogatos.gr/361927822_1600x1200.jpg?v=20130730","https://m3.spitogatos.gr/361927826_1600x1200.jpg?v=20130730","https://m2.spitogatos.gr/361927831_1600x1200.jpg?v=20130730","0","0",,"0","37.97184","1","0","23.752224",,"0",,,"2026-08-01","0","0",,"0",,"0","1",,,"1","0","1","1","0","0","0","990",,,"0","0","0","0","13.2",,,"1","3",,"1","1",,,,"2","0","1",,,"75","1","Theagenous 34","1","1","0","2026-01-07","https://www.spitogatos.gr/en/property/1218971701","https://nodalview.com/s/0DkwPm9fTCOQek8N3UbCkt","0",,"1970",,
"1","2",,"vip","4",,,,,"1",,"0","0","2026-08-01","0","1","1","20","1","0",,"house",,,,"Διαμερισμα 48τμ, στον δευτερο οροφο νεόδμητης πολυκατοικίας, διαμπερες, φωτεινο, θωρακισμενη πορτα ασφαλειας, μεγαλες βεραντες, χαμηλα κοινοχρηστα, 5 λεπτα απο την εισοδο της πανεπιστημιούπολης.",,,,"1","3","1","0","2026-08-01","7",,,"no","no",,"Αθήνα - Νότια Προάστια (Αττική)","Καισαριανή (Αθήνα - Νότια Προάστια)","1","105103","102","2214","123162","Double","1","2","0",,"1","1220546871","https://m2.spitogatos.gr/364245391_1600x1200.jpg?v=20130730","https://m1.spitogatos.gr/364245393_1600x1200.jpg?v=20130730","https://m2.spitogatos.gr/364245394_1600x1200.jpg?v=20130730","https://m1.spitogatos.gr/364245396_1600x1200.jpg?v=20130730","https://m2.spitogatos.gr/364245397_1600x1200.jpg?v=20130730","https://m1.spitogatos.gr/364245399_1600x1200.jpg?v=20130730",,,,,,,,,,,,,,,,,,,,"0",,"2","1","37.97047","1","1","23.757851",,,,,"2026-08-01","0",,,"0",,"0","1","5",,"1","0","1",,"0",,"0","600",,,"0","0","0","0","12.5",,,"1",,,"1",,,"0","1","1","1","1",,,"48","0",,"1","1","0","2026-08-01","https://www.spitogatos.gr/en/property/1220546871",,"1","0","2006",,"residential"
"1","1",,"vip","4",,,,,"0","0","0","0","2026-09-29","0","0","1","0","0",,,"house",,,"1","Νιώσε σαν στο σπίτι σου, όπου και αν επιλέξεις να μείνεις με την Blueground. Θα λατρέψεις αυτό το κομψά επιπλωμένο διαμέρισμα δύο υπνοδωματίων, για τη διακόσμησή του, την πλήρως εξοπλισμένη κουζίνα και το ελκυστικό καθιστικό του. Βρίσκεται σε ιδανική τοποθεσία, κοντά σε όλα όσα έχει να σου προσφέρει η Καισαριανή!<br><br />
<br />
Η διαφημιζόμενη τιμή των €1,060/μήνα είναι η τιμή για 1 έτος, με ημερομηνία έναρξης Σεπτεμβρίου 28, 2026. Η χαμηλότερη διαθέσιμη τιμή είναι €1,040/μήνα για μίσθωση 8 μήνα(μηνών) και 16 ημέρας(ημερών) με ημερομηνία έναρξης Σεπτεμβρίου 28, 2026.<br />
<br>Οι τιμές διαφέρουν ανάλογα με τη διάρκεια παραμονής, την εποχικότητα και άλλους παράγοντες. Επισκεφθείτε τον ιστότοπό μας και εισάγετε τις ημερομηνίες διαμονής σας για να δείτε ενημερωμένες τιμές για την κράτησή σας. Η τιμή ισχύει μόνο με προκαταβολή· ενδέχεται να είναι υψηλότερη εάν πληρωθεί σε δόσεις.<br />
<br />
<b>Κλείστε αυτό το διαμέρισμα online!</b><br />
<br />
https://www.theblueground.com/p/furnished-apartments/ath-1527?utm_source=classified-4<br />
<br />
Aναβαθμίστε τη διαμονή σας με ένα πλήρως επιπλωμένο διαμέρισμα από τη Blueground:<br />
      – Επιπλωμένα σπίτια σε τιμές αντίστοιχες με τα ανεπίπλωτα<br />
      – Χωρίς κόστη εγκατάστασης ή αγοράς επίπλων - εξοικονομήστε χρόνο και χρήματα<br />
      – Έτοιμα για άμεση μετακόμιση - το μόνο που χρειάζεστε είναι η βαλίτσα σας<br />
<br />
<b>Ο χώρος</b><br><br />
Σε αυτό το ελκυστικό Blueground διαμέρισμα δύο υπνοδωματίων, θα βρεις ένα χώρο προσεκτικά σχεδιασμένο και πλήρως εξοπλισμένο με έπιπλα μοναδικού design και ηλεκτρικές συσκευές τελευταίας τεχνολογίας.<br />
Νιώσε όμορφα και χαλαρά στο νέο σου σπίτι κάθε στιγμή. Και όταν θα θες να διασκεδάσεις, μπορείς να βγεις και να αφεθείς στον παλμό της Καισαριανής ή να φέρεις τη διασκέδαση σπίτι, με τα ασύρματα ηχεία ή τη smart TV.<br />
<br />
<b>Διαρρύθμιση δωματίων ύπνου</b><br />
    <br />
        Υπέρδιπλο κρεβάτι: 160 εκ.<br />
<br />
        Διπλό κρεβάτι: 140 εκ.<br />
<br />
<b>Παροχές κτιρίου</b><br />
<br />
      Ασανσέρ<br />
      Πλυντήριο<br />
<br />
<br />
<b>Άφιξη και συνεχής υποστήριξη πελατών</b><br><br />
Κατά τη διάρκεια της διαμονής σου, η ομάδα μας θα είναι διαθέσιμη για να σε βοηθήσει με οτιδήποτε χρειαστείς. Μέσω της ειδικής mobile εφαρμογής της Blueground έχεις συνεχή υποστήριξη, ενώ μπορείς ακόμη να προγραμματίσεις υπηρεσίες καθαρισμού, συντήρησης ή επισκευής, με το πάτημα ενός κουμπιού.",,"1",,"1","8","0","0","2026-07-03","6",,"0","yes","no","0","Αθήνα - Νότια Προάστια (Αττική)","Καισαριανή (Αθήνα - Νότια Προάστια)","1","105103","102","2214",,,"1",,"0","0","1","1220292246","https://m1.spitogatos.gr/360283767_1600x1200.jpg?v=20130730","https://m3.spitogatos.gr/360283769_1600x1200.jpg?v=20130730","https://m2.spitogatos.gr/360283771_1600x1200.jpg?v=20130730","https://m2.spitogatos.gr/360283774_1600x1200.jpg?v=20130730","https://m1.spitogatos.gr/360283776_1600x1200.jpg?v=20130730","https://m3.spitogatos.gr/360283778_1600x1200.jpg?v=20130730","https://m3.spitogatos.gr/360283781_1600x1200.jpg?v=20130730","https://m2.spitogatos.gr/360283783_1600x1200.jpg?v=20130730","https://m1.spitogatos.gr/360283785_1600x1200.jpg?v=20130730","https://m2.spitogatos.gr/360283786_1600x1200.jpg?v=20130730","https://m1.spitogatos.gr/360283788_1600x1200.jpg?v=20130730","https://m1.spitogatos.gr/360283791_1600x1200.jpg?v=20130730","https://m1.spitogatos.gr/360283794_1600x1200.jpg?v=20130730","https://m3.spitogatos.gr/360283796_1600x1200.jpg?v=20130730","https://m2.spitogatos.gr/360283798_1600x1200.jpg?v=20130730","https://m1.spitogatos.gr/360283800_1600x1200.jpg?v=20130730","https://m3.spitogatos.gr/360283802_1600x1200.jpg?v=20130730","https://m2.spitogatos.gr/360283804_1600x1200.jpg?v=20130730","https://m2.spitogatos.gr/360283807_1600x1200.jpg?v=20130730","https://m1.spitogatos.gr/360283809_1600x1200.jpg?v=20130730","https://m3.spitogatos.gr/360283811_1600x1200.jpg?v=20130730","https://m1.spitogatos.gr/360283812_1600x1200.jpg?v=20130730","https://m1.spitogatos.gr/360283815_1600x1200.jpg?v=20130730",,,"0","0",,"0","37.969612","1","0","23.752483",,"0",,,"2026-08-01","0","0",,"0",,"0","1",,,"1","0","1",,"0","0","0","1060",,,"0","0","0","0","13.25",,,"1","3","6","1","1",,,,"2","0","1",,,"80","0","Formionos 35","1","1","0","2026-07-03","https://www.spitogatos.gr/en/property/1220292246","https://nodalview.com/s/3X093sqyHFaOzYy3hEZigs","0",,"1962",,
"1","1","no","vip","4",,,,,"1","0","0","0","2026-07-03","0","1","1","0","1","0",,"house","0",,"1","Ανακαινισμένο διαμέρισμα 52τμ. , 1ου ορόφου στην οδό Φορμίωνος στα σύνορα Παγκρατίου και Καισαριανής, πλησίον των μέσων μαζικής μεταφοράς, του υπό κατασκευή σταθμού Μετρό Καισαριανής, της Πανεπιστημιούπολης και όλης της πλούσιας και υπερπλήρους αγοράς της περιοχής.<br />
<br />
Το διαμέρισμα αποτελείται από σαλόνι με κουζίνα ανοιχτού τύπου, υπνοδωμάτιο, μπάνιο και μπαλκόνια και στις δύο του πλευρές. Στην πίσω του πλευρά, η βεράντα είναι μεγάλη, έχει πρόσβαση από το σαλόνι και μπορεί να διαμορφωθεί σε πολύ ιδιαίτερο κι ευχάριστο σημείο του διαμερίσματος. <br />
<br />
Υπάρχει πόρτα ασφαλείας, κουφώματα αλουμινίου με διπλά κρύσταλλα και σίτες, ξύλινα πατώματα, εντοιχισμένη κουζίνα / φούρνος & 2 κλιματιστικά.<br />
<br />
VIDEO LINK : https://www.youtube.com/watch?v=J9YLmq_LJoI<br />
<br />
ΕΠΙΚΟΙΝΩΝΙΑ:<br />
A Beautiful Home<br />
Τηλέφωνο:+30 6987054298<br />
Email: harveysarakell@gmail.com / abhbrokers@gmail.com<br />
Ιστοσελίδα: www.abeautifulhome.gr<br />
Κωδικός Ακινήτου: SFOR52GG",,,"0","1","6","1","0","2026-07-03","6","2","1","no","no","0","Αθήνα - Νότια Προάστια (Αττική)","Καισαριανή (Αθήνα - Νότια Προάστια)","1","105103","102","2214","106370","Double","2","1","0","0","1","1220296082","https://m2.spitogatos.gr/360348364_1600x1200.jpg?v=20130730","https://m1.spitogatos.gr/360348369_1600x1200.jpg?v=20130730","https://m2.spitogatos.gr/360348376_1600x1200.jpg?v=20130730","https://m2.spitogatos.gr/360348382_1600x1200.jpg?v=20130730","https://m1.spitogatos.gr/360348387_1600x1200.jpg?v=20130730","https://m3.spitogatos.gr/360348392_1600x1200.jpg?v=20130730","https://m1.spitogatos.gr/360348396_1600x1200.jpg?v=20130730","https://m3.spitogatos.gr/360348398_1600x1200.jpg?v=20130730","https://m2.spitogatos.gr/360348400_1600x1200.jpg?v=20130730","https://m1.spitogatos.gr/360348402_1600x1200.jpg?v=20130730","https://m3.spitogatos.gr/360348407_1600x1200.jpg?v=20130730","https://m3.spitogatos.gr/360348413_1600x1200.jpg?v=20130730","https://m1.spitogatos.gr/360348417_1600x1200.jpg?v=20130730","https://m2.spitogatos.gr/360348424_1600x1200.jpg?v=20130730","https://m1.spitogatos.gr/360348429_1600x1200.jpg?v=20130730","https://m3.spitogatos.gr/360348434_1600x1200.jpg?v=20130730","https://m2.spitogatos.gr/360348439_1600x1200.jpg?v=20130730","https://m3.spitogatos.gr/360348443_1600x1200.jpg?v=20130730","https://m2.spitogatos.gr/360348448_1600x1200.jpg?v=20130730","https://m2.spitogatos.gr/360348451_1600x1200.jpg?v=20130730","https://m2.spitogatos.gr/360348454_1600x1200.jpg?v=20130730",,,,,"0","1","2","1","37.96283","1","1","23.758692",,"0","0","0","2026-08-01","0","0",,"0",,"0","1",,,"1","0","1","1","0","0","0","690",,,"0","0","0","0","13.27",,,"1","3","6","1","1","2022","0","1","1","0","1",,"0","52","0",,"1","1","0","2026-07-03","https://www.spitogatos.gr/en/property/1220296082",,"0","0","1961","J9YLmq_LJoI","residential"
"1","5",,"vip","4","Parkside","94401","Units","+306940006565",,,,"0","2026-03-22","0","1","1","24","1",,,"house",,"0",,"Το Units Parkside βρίσκεται στην Καισαριανή, δίπλα στην Πανεπιστημιούπολη Ζωγράφου, σε υπερσύγχρονο κτίριο 2.000 τ.μ. ενεργειακής κλάσης Α, σχεδιασμένο ειδικά για φοιτητική διαμονή. Τα studios είναι πλήρως επιπλωμένα και έτοιμα για άμεση εγκατάσταση, αποτελώντας μια πρακτική και οργανωμένη λύση για φοιτητές και νέους (18- 26 ετών) που θέλουν να ζουν κοντά στο πανεπιστήμιο χωρίς απρόβλεπτα έξοδα.<br />
<br />
Το studio διαθέτει ιδιωτική κουζίνα και μπάνιο, προσφέροντας πλήρη αυτονομία στην καθημερινότητα. Είναι πλήρως εξοπλισμένο με διπλό κρεβάτι με ανατομικό στρώμα Greco Strom, προστατευτικό στρώματος και μαξιλάρια, Πολυθρόνα και κάθισμα πουφ, τραπεζάκι, γραφείο με καρέκλα και φωτιστικό, Smart TV 40’’, κλιματισμό (A/C) για ψύξη και θέρμανση, κουρτίνες, ηλεκτρικά παντζούρια, καθρέφτη και βασικό εξοπλισμό μπάνιου. Διαθέτει μεγάλο ιδιωτικό μπαλκόνι με έπιπλα εξωτερικού χώρου και ηλεκτρικές τέντες.<br />
<br />
Η κουζίνα περιλαμβάνει ψυγείο, ηλεκτρικό φούρνο, ηλεκτρική εστία, απορροφητήρα, βραστήρα, τοστιέρα και στεγνωτήρα πιάτων.<br />
<br />
⚡Το ενοίκιο είναι all-inclusive, δηλαδή περιλαμβάνει όλους τους βασικούς λογαριασμούς και τα έξοδα του διαμερίσματος:<br />
• Ρεύμα<br />
• Νερό (ζεστό νερό 24/7)<br />
• Super-Fast WiFi<br />
• Θέρμανση και ψύξη<br />
• Κοινόχρηστα<br />
<br />
Οι ένοικοι έχουν ελεύθερη πρόσβαση σε κοινόχρηστους χώρους που λειτουργούν όλο το 24ωρο, όπως πλήρως εξοπλισμένο γυμναστήριο, laundry room με επαγγελματικά πλυντήρια και στεγνωτήρια και social areas για διάβασμα, χαλάρωση ή συναντήσεις με άλλους ενοίκους.<br />
<br />
Το κτίριο διαθέτει σύγχρονες υποδομές ασφάλειας και υποστήριξης, όπως CCTV, ελεγχόμενη πρόσβαση και νυχτερινή περίπολο ασφαλείας 7 ημέρες την εβδομάδα. Παρέχεται επίσης τεχνική υποστήριξη και άμεση συντήρηση σε περίπτωση που προκύψει οποιοδήποτε θέμα.<br />
<br />
📍Η τοποθεσία συνδυάζει άμεση πρόσβαση στην Πανεπιστημιούπολη Ζωγράφου και το ΕΚΠΑ, με εύκολη σύνδεση στο κέντρο της Αθήνας. Σε κοντινή απόσταση βρίσκεται και το Πάρκο Σκοπευτηρίου, ιδανικό για βόλτα και χαλάρωση.<br />
<br />
Υπάρχει δυνατότητα ξενάγησης στο κτίριο είτε δια ζώσης είτε online.<br />
<br />
Η ενοικίαση γίνεται απευθείας από την εταιρεία διαχείρισης και δεν υπάρχει μεσιτική αμοιβή.<br />
Διατίθενται για μακροχρόνια μίσθωση.<br />
<br />
Units | Unique Student Homes 🏠<br />
<br />
📞 Τηλέφωνο: (+30) 694 000 6565<br />
🕘 Ώρες Επικοινωνίας: Δευτέρα – Παρασκευή, 09:00 – 20:00<br />
🌐 Website: units.gr",,,,"1","2","1",,"2026-03-21","10","4",,"yes",,,"Αθήνα - Νότια Προάστια (Αττική)","Καισαριανή (Αθήνα - Νότια Προάστια)","1","105103","102","2214","106370","Triple","1","4",,,"1","1219583415","https://m3.spitogatos.gr/348438953_1600x1200.jpg?v=20130730","https://m3.spitogatos.gr/348438962_1600x1200.jpg?v=20130730","https://m3.spitogatos.gr/348438968_1600x1200.jpg?v=20130730","https://m2.spitogatos.gr/348438976_1600x1200.jpg?v=20130730","https://m2.spitogatos.gr/348438985_1600x1200.jpg?v=20130730","https://m1.spitogatos.gr/348438993_1600x1200.jpg?v=20130730","https://m3.spitogatos.gr/348438998_1600x1200.jpg?v=20130730","https://m2.spitogatos.gr/348439003_1600x1200.jpg?v=20130730","https://m3.spitogatos.gr/348439007_1600x1200.jpg?v=20130730","https://m2.spitogatos.gr/348439012_1600x1200.jpg?v=20130730","https://m1.spitogatos.gr/348439014_1600x1200.jpg?v=20130730","https://m1.spitogatos.gr/348439017_1600x1200.jpg?v=20130730",,,,,,,,,,,,,,"1",,"2","1","37.963829","1","0","23.7584",,,,,"2026-08-01","0",,"1",,"yes","0","1","5",,"1",,"1",,,,,"830",,,"1","1","1","1","33.2",,,"4",,,"1","1","2026",,"1","0",,"1","1","1","25",,"Σειρήνων, 45, Καισαριανή Ελλάδα, 16121","1","2",,"2026-03-20","https://www.spitogatos.gr/en/property/1219583415",,"1",,"2026",,"residential"
"1","5",,"vip","4","Parkside","94401","Units","+306940006565",,,,"0","2026-03-22","0","1","1","20","1",,,"house",,"0",,"Το Units Parkside βρίσκεται στην Καισαριανή, δίπλα στην Πανεπιστημιούπολη Ζωγράφου, σε υπερσύγχρονο κτίριο 2.000 τ.μ. ενεργειακής κλάσης Α, σχεδιασμένο ειδικά για φοιτητική διαμονή. Τα studios είναι πλήρως επιπλωμένα και έτοιμα για άμεση εγκατάσταση, αποτελώντας μια πρακτική και οργανωμένη λύση για φοιτητές και νέους (18-26 ετών) που θέλουν να ζουν κοντά στο πανεπιστήμιο χωρίς απρόβλεπτα έξοδα.<br />
<br />
Το studio διαθέτει ιδιωτική κουζίνα και μπάνιο, προσφέροντας πλήρη αυτονομία στην καθημερινότητα. Είναι πλήρως εξοπλισμένο με διπλό κρεβάτι με ανατομικό στρώμα Greco Strom, προστατευτικό στρώματος και μαξιλάρια, κάθισμα πουφ, μεγάλο γραφείο με καρέκλα και φωτιστικό, Smart TV 40’’, κλιματισμό (A/C) για ψύξη και θέρμανση, κουρτίνες, ηλεκτρικά παντζούρια, καθρέφτη και βασικό εξοπλισμό μπάνιου. Διαθέτει μεγάλο ιδιωτικό μπαλκόνι με έπιπλα εξωτερικού χώρου και ηλεκτρικές τέντες.<br />
<br />
Η κουζίνα περιλαμβάνει ψυγείο, ηλεκτρικό φούρνο, ηλεκτρική εστία, απορροφητήρα, βραστήρα, τοστιέρα και στεγνωτήρα πιάτων.<br />
<br />
⚡Το ενοίκιο είναι all-inclusive, δηλαδή περιλαμβάνει όλους τους βασικούς λογαριασμούς και τα έξοδα του διαμερίσματος:<br />
• Ρεύμα<br />
• Νερό (ζεστό νερό 24/7)<br />
• Super-Fast WiFi<br />
• Θέρμανση και ψύξη<br />
• Κοινόχρηστα<br />
<br />
Οι ένοικοι έχουν ελεύθερη πρόσβαση σε κοινόχρηστους χώρους που λειτουργούν όλο το 24ωρο, όπως πλήρως εξοπλισμένο γυμναστήριο, laundry room με επαγγελματικά πλυντήρια και στεγνωτήρια και social areas για διάβασμα, χαλάρωση ή συναντήσεις με άλλους ενοίκους.<br />
<br />
Το κτίριο διαθέτει σύγχρονες υποδομές ασφάλειας και υποστήριξης, όπως CCTV, ελεγχόμενη πρόσβαση και νυχτερινή περίπολο ασφαλείας 7 ημέρες την εβδομάδα. Παρέχεται επίσης τεχνική υποστήριξη και άμεση συντήρηση σε περίπτωση που προκύψει οποιοδήποτε θέμα.<br />
<br />
📍Η τοποθεσία συνδυάζει άμεση πρόσβαση στην Πανεπιστημιούπολη Ζωγράφου και το ΕΚΠΑ, με εύκολη σύνδεση στο κέντρο της Αθήνας. Σε κοντινή απόσταση βρίσκεται και το Πάρκο Σκοπευτηρίου, ιδανικό για βόλτα και χαλάρωση.<br />
<br />
Υπάρχει δυνατότητα ξενάγησης στο κτίριο είτε δια ζώσης είτε online.<br />
<br />
Η ενοικίαση γίνεται απευθείας από την εταιρεία διαχείρισης και δεν υπάρχει μεσιτική αμοιβή.<br />
Διατίθενται για μακροχρόνια μίσθωση.<br />
<br />
Units | Unique Student Homes 🏠<br />
<br />
📞 Τηλέφωνο: (+30) 694 000 6565<br />
🕘 Ώρες Επικοινωνίας: Δευτέρα – Παρασκευή, 09:00 – 20:00<br />
🌐 Website: units.gr",,,,"1","2","1",,"2026-03-21","10","4",,"yes",,,"Αθήνα - Νότια Προάστια (Αττική)","Καισαριανή (Αθήνα - Νότια Προάστια)","1","105103","102","2214","106370","Triple","1","4",,,"1","1219583393","https://m1.spitogatos.gr/348437205_1600x1200.jpg?v=20130730","https://m3.spitogatos.gr/348437210_1600x1200.jpg?v=20130730","https://m1.spitogatos.gr/348437214_1600x1200.jpg?v=20130730","https://m3.spitogatos.gr/348437216_1600x1200.jpg?v=20130730","https://m1.spitogatos.gr/348437217_1600x1200.jpg?v=20130730","https://m2.spitogatos.gr/348437221_1600x1200.jpg?v=20130730","https://m3.spitogatos.gr/348437222_1600x1200.jpg?v=20130730","https://m3.spitogatos.gr/348437225_1600x1200.jpg?v=20130730","https://m1.spitogatos.gr/348437229_1600x1200.jpg?v=20130730","https://m2.spitogatos.gr/348437233_1600x1200.jpg?v=20130730","https://m2.spitogatos.gr/348437239_1600x1200.jpg?v=20130730","https://m3.spitogatos.gr/348437249_1600x1200.jpg?v=20130730",,,,,,,,,,,,,,"1",,"2","1","37.963829","1","0","23.7584",,,,,"2026-08-01","0",,"1",,"yes","0","1","5",,"1",,"1",,,,,"780",,,"1","1","1","1","35.45",,,"4",,,"1","1","2026",,"1","0",,"1","1","1","22",,"Σειρήνων, 45, Καισαριανή Ελλάδα, 16121","1","2",,"2026-03-20","https://www.spitogatos.gr/en/property/1219583393",,"1",,"2026",,"residential"
"1","3",,"vip","4","Parkside","94401","Units","+306940006565",,,,"0","2026-03-22","0",,"1","0","1",,,"house",,"0",,"Το Units Parkside βρίσκεται στην Καισαριανή, δίπλα στην Πανεπιστημιούπολη Ζωγράφου, σε υπερσύγχρονο κτίριο 2.000 τ.μ. ενεργειακής κλάσης Α, σχεδιασμένο ειδικά για φοιτητική διαμονή. Τα studios είναι πλήρως επιπλωμένα και έτοιμα για άμεση εγκατάσταση, αποτελώντας μια πρακτική και οργανωμένη λύση για φοιτητές και νέους (18-26 ετών) που θέλουν να ζουν κοντά στο πανεπιστήμιο χωρίς απρόβλεπτα έξοδα.<br />
<br />
Το studio διαθέτει ιδιωτική κουζίνα και μπάνιο, προσφέροντας πλήρη αυτονομία στην καθημερινότητα. Είναι πλήρως εξοπλισμένο με διπλό κρεβάτι με ανατομικό στρώμα Greco Strom, προστατευτικό στρώματος και μαξιλάρια, πολυθρόνα και τραπεζάκι, γραφείο με καρέκλα και φωτιστικό, Smart TV 40’’, κλιματισμό (A/C) για ψύξη και θέρμανση, κουρτίνες, ηλεκτρικά παντζούρια, καθρέφτη και βασικό εξοπλισμό μπάνιου. Διαθέτει ιδιωτικό μπαλκόνι με έπιπλα εξωτερικού χώρου.<br />
<br />
Η κουζίνα περιλαμβάνει ψυγείο, ηλεκτρικό φούρνο, ηλεκτρική εστία, απορροφητήρα, βραστήρα, τοστιέρα και στεγνωτήρα πιάτων.<br />
<br />
⚡Το ενοίκιο είναι all-inclusive, δηλαδή περιλαμβάνει όλους τους βασικούς λογαριασμούς και τα έξοδα του διαμερίσματος:<br />
• Ρεύμα<br />
• Νερό (ζεστό νερό 24/7)<br />
• Super-Fast WiFi<br />
• Θέρμανση και ψύξη<br />
• Κοινόχρηστα<br />
<br />
Οι ένοικοι έχουν ελεύθερη πρόσβαση σε κοινόχρηστους χώρους που λειτουργούν όλο το 24ωρο, όπως πλήρως εξοπλισμένο γυμναστήριο, laundry room με επαγγελματικά πλυντήρια και στεγνωτήρια και social areas για διάβασμα, χαλάρωση ή συναντήσεις με άλλους ενοίκους.<br />
<br />
Το κτίριο διαθέτει σύγχρονες υποδομές ασφάλειας και υποστήριξης, όπως CCTV, ελεγχόμενη πρόσβαση και νυχτερινή περίπολο ασφαλείας 7 ημέρες την εβδομάδα. Παρέχεται επίσης τεχνική υποστήριξη και άμεση συντήρηση σε περίπτωση που προκύψει οποιοδήποτε θέμα.<br />
<br />
📍Η τοποθεσία συνδυάζει άμεση πρόσβαση στην Πανεπιστημιούπολη Ζωγράφου και το ΕΚΠΑ, με εύκολη σύνδεση στο κέντρο της Αθήνας. Σε κοντινή απόσταση βρίσκεται και το Πάρκο Σκοπευτηρίου, ιδανικό για βόλτα και χαλάρωση.<br />
<br />
Υπάρχει δυνατότητα ξενάγησης στο κτίριο είτε δια ζώσης είτε online.<br />
<br />
Η ενοικίαση γίνεται απευθείας από την εταιρεία διαχείρισης και δεν υπάρχει μεσιτική αμοιβή.<br />
Διατίθενται για μακροχρόνια μίσθωση.<br />
<br />
Units | Unique Student Homes 🏠<br />
<br />
📞 Τηλέφωνο: (+30) 694 000 6565<br />
🕘 Ώρες Επικοινωνίας: Δευτέρα – Παρασκευή, 09:00 – 20:00<br />
🌐 Website: units.gr",,,,"1","2","1",,"2026-03-21","8","4",,"yes",,,"Αθήνα - Νότια Προάστια (Αττική)","Καισαριανή (Αθήνα - Νότια Προάστια)","1","105103","102","2214","106370","Triple","1","4",,,"1","1219583358","https://m2.spitogatos.gr/348436648_1600x1200.jpg?v=20130730","https://m3.spitogatos.gr/348436655_1600x1200.jpg?v=20130730","https://m2.spitogatos.gr/348436657_1600x1200.jpg?v=20130730","https://m3.spitogatos.gr/348436658_1600x1200.jpg?v=20130730","https://m1.spitogatos.gr/348436659_1600x1200.jpg?v=20130730","https://m3.spitogatos.gr/348436661_1600x1200.jpg?v=20130730","https://m1.spitogatos.gr/348436665_1600x1200.jpg?v=20130730","https://m2.spitogatos.gr/348436669_1600x1200.jpg?v=20130730","https://m3.spitogatos.gr/348436673_1600x1200.jpg?v=20130730","https://m1.spitogatos.gr/348436677_1600x1200.jpg?v=20130730","https://m3.spitogatos.gr/348436682_1600x1200.jpg?v=20130730","https://m1.spitogatos.gr/348436686_1600x1200.jpg?v=20130730",,,,,,,,,,,,,,"1",,"2","1","37.963829","1","0","23.7584",,,,,"2026-08-01","0",,"1",,"yes","0","1","5",,"1",,"1",,,,,"720",,,"1","1","1","1","36",,,"4",,,"1","1","2026",,"1","0",,"1","1","1","20",,"Σειρήνων, 45, Καισαριανή Ελλάδα, 16121","1","2",,"2026-03-20","https://www.spitogatos.gr/en/property/1219583358",,"1",,"2026",,
"1","3",,"vip","4","Parkside","94401","Units","+306940006565",,,,"0",,"0",,,"0","1",,,"house",,"0",,"Το Units Parkside βρίσκεται στην Καισαριανή, δίπλα στην Πανεπιστημιούπολη Ζωγράφου, σε υπερσύγχρονο κτίριο 2.000 τ.μ. ενεργειακής κλάσης Α, σχεδιασμένο ειδικά για φοιτητική διαμονή (18 - 26 ετών). <br />
<br />
Τα studios είναι πλήρως επιπλωμένα και έτοιμα για άμεση εγκατάσταση, αποτελώντας μια πρακτική και οργανωμένη λύση για φοιτητές και νέους που θέλουν να ζουν κοντά στο πανεπιστήμιο χωρίς απρόβλεπτα έξοδα.<br />
<br />
Το studio διαθέτει ιδιωτική κουζίνα και μπάνιο, προσφέροντας πλήρη αυτονομία στην καθημερινότητα. Είναι πλήρως εξοπλισμένο με διπλό κρεβάτι με ανατομικό στρώμα Greco Strom, προστατευτικό στρώματος και μαξιλάρια, γραφείο με καρέκλα και φωτιστικό, Smart TV 40’’, κλιματισμό (A/C) για ψύξη και θέρμανση, κουρτίνες, ηλεκτρικά παντζούρια, καθρέφτη και βασικό εξοπλισμό μπάνιου. Διαθέτει ιδιωτικό μπαλκόνι με έπιπλα εξωτερικού χώρου.<br />
<br />
Η κουζίνα περιλαμβάνει ψυγείο, ηλεκτρικό φούρνο, ηλεκτρική εστία, απορροφητήρα, βραστήρα, τοστιέρα και στεγνωτήρα πιάτων.<br />
<br />
⚡Το ενοίκιο είναι all-inclusive, δηλαδή περιλαμβάνει όλους τους βασικούς λογαριασμούς και τα έξοδα του διαμερίσματος:<br />
• Ρεύμα<br />
• Νερό (ζεστό νερό 24/7)<br />
• Super-Fast WiFi<br />
• Θέρμανση και ψύξη<br />
• Κοινόχρηστα<br />
<br />
Οι ένοικοι έχουν ελεύθερη πρόσβαση σε κοινόχρηστους χώρους που λειτουργούν όλο το 24ωρο, όπως πλήρως εξοπλισμένο γυμναστήριο, laundry room με επαγγελματικά πλυντήρια και στεγνωτήρια και social areas για διάβασμα, χαλάρωση ή συναντήσεις με άλλους ενοίκους.<br />
<br />
Το κτίριο διαθέτει σύγχρονες υποδομές ασφάλειας και υποστήριξης, όπως CCTV, ελεγχόμενη πρόσβαση και νυχτερινή περίπολο ασφαλείας 7 ημέρες την εβδομάδα. Παρέχεται επίσης τεχνική υποστήριξη και άμεση συντήρηση σε περίπτωση που προκύψει οποιοδήποτε θέμα.<br />
<br />
📍Η τοποθεσία συνδυάζει άμεση πρόσβαση στην Πανεπιστημιούπολη Ζωγράφου και το ΕΚΠΑ, με εύκολη σύνδεση στο κέντρο της Αθήνας. Σε κοντινή απόσταση βρίσκεται και το Πάρκο Σκοπευτηρίου, ιδανικό για βόλτα και χαλάρωση.<br />
<br />
Υπάρχει δυνατότητα ξενάγησης στο κτίριο είτε δια ζώσης είτε online.<br />
<br />
Η ενοικίαση γίνεται απευθείας από την εταιρεία διαχείρισης και δεν υπάρχει μεσιτική αμοιβή.<br />
Διατίθενται για μακροχρόνια μίσθωση.<br />
<br />
Units | Unique Student Homes 🏠<br />
<br />
📞 Τηλέφωνο: (+30) 694 000 6565<br />
🕘 Ώρες Επικοινωνίας: Δευτέρα – Παρασκευή, 09:00 – 20:00<br />
🌐 Website: units.gr",,,,"1","2","0",,"2026-03-21","8","4",,"yes",,,"Αθήνα - Νότια Προάστια (Αττική)","Καισαριανή (Αθήνα - Νότια Προάστια)","1","105103","102","2214","106370","Triple","1","4",,,"1","1219583061","https://m1.spitogatos.gr/348329499_1600x1200.jpg?v=20130730","https://m1.spitogatos.gr/348328917_1600x1200.jpg?v=20130730","https://m3.spitogatos.gr/348328928_1600x1200.jpg?v=20130730","https://m2.spitogatos.gr/348328936_1600x1200.jpg?v=20130730","https://m2.spitogatos.gr/348328942_1600x1200.jpg?v=20130730","https://m1.spitogatos.gr/348328947_1600x1200.jpg?v=20130730","https://m3.spitogatos.gr/348328949_1600x1200.jpg?v=20130730","https://m3.spitogatos.gr/348328958_1600x1200.jpg?v=20130730","https://m2.spitogatos.gr/348328960_1600x1200.jpg?v=20130730",,,,,,,,,,,,,,,,,"1",,"2","1","37.963829","1","0","23.7584",,,,,"2026-08-01","0",,"1",,"yes","0","1","5",,"1",,"1",,,,,"660",,,"1","1","1","1","33",,,"4",,,"1","1","2026",,"1","0",,"1","1","1","20",,"Σειρήνων, 45, Καισαριανή Ελλάδα, 16121","1","2",,"2026-03-20","https://www.spitogatos.gr/en/property/1219583061",,"1",,"2026",,"residential"
"1","1","no","vip","4","ΓΙΑΝΝΗΣ","61093","ΠΑΠΑΔΗΜΗΤΡΙΟΥ","+306940408618","1","0","0","0","2026-07-16","0","1","1","3","1","0","false","house","0","14","0","ΠΑΓΚΡΑΤΙ - ΟΡΙΑ ΜΕ ΚΑΙΣΑΡΙΑΝΗ ΕΝΟΙΚΙΑΖΕΤΑΙ ΜΕΡΙΚΩΣ ΑΝΑΚΑΙΝΙΣΜΕΝΟ Διαμέρισμα στον πρώτο (1ο) όροφο πολυκατοικίας, συνολικής επιφάνειας 48,50τμ. <br />
Διαρρύθμιση: <br />
-1 σαλόνι<br />
-1 κουζίνα<br />
-1 χωλλ<br />
-1 κυρίως δωμάτιο<br />
-1 μπάνιο <br />
Διαθέτει: <br />
-κουφώματα αλουμινίου με διπλά τζάμια <br />
-πόρτα ασφαλείας<br />
-δάπεδο από πλακάκι/ξύλο <br />
-κλιματισμό ψύξης/θέρμανσης<br />
-μικρό ψυγείο<br />
Είναι προσόψεως και φωτεινό κατά την διάρκεια της ημέρας. <br />
Βρίσκεται 12 λεπτά πεζής διαδρομής από το Μετρό Ευαγγελισμός, κοντά σε κεντρικό δρόμο με αστικές συγκοινωνίες που εξυπηρετούν το κέντρο της Αθήνας.  <br />
Η περιοχή διαθέτει σουπερμάρκετ, καταστήματα εστίασης (καφέ, εστιατόρια). <br />
Ιδανικό για φοιτητή.<br />
<br />
Επικοινωνήστε στο τηλ: +30 6940408618 (viber, WhatsApp) σχετικά με το ακίνητο, το κτίριο, την περιοχή καθώς και για την υπόδειξη του ακινήτου ή επισκεφτείτε την ιστοσελίδα μας  www.megahouse.gr","15000",,"0","1","8","1","0","2026-07-05","6","10","0","no","no","0","Αθήνα - Νότια Προάστια (Αττική)","Καισαριανή (Αθήνα - Νότια Προάστια)","1","105103","102","2214","123161","Double","4","4","0","0","1","1220307483","https://m2.spitogatos.gr/360531625_1600x1200.jpg?v=20130730","https://m1.spitogatos.gr/360531639_1600x1200.jpg?v=20130730","https://m2.spitogatos.gr/360531637_1600x1200.jpg?v=20130730","https://m3.spitogatos.gr/360531626_1600x1200.jpg?v=20130730","https://m1.spitogatos.gr/360531618_1600x1200.jpg?v=20130730","https://m1.spitogatos.gr/360531630_1600x1200.jpg?v=20130730","https://m2.spitogatos.gr/360531631_1600x1200.jpg?v=20130730","https://m1.spitogatos.gr/360531636_1600x1200.jpg?v=20130730","https://m1.spitogatos.gr/360531627_1600x1200.jpg?v=20130730","https://m2.spitogatos.gr/360531628_1600x1200.jpg?v=20130730","https://m1.spitogatos.gr/360531615_1600x1200.jpg?v=20130730","https://m2.spitogatos.gr/360531616_1600x1200.jpg?v=20130730","https://m3.spitogatos.gr/360531629_1600x1200.jpg?v=20130730","https://m3.spitogatos.gr/360531632_1600x1200.jpg?v=20130730","https://m1.spitogatos.gr/360531624_1600x1200.jpg?v=20130730","https://m2.spitogatos.gr/360531619_1600x1200.jpg?v=20130730","https://m1.spitogatos.gr/360531621_1600x1200.jpg?v=20130730","https://m3.spitogatos.gr/360531620_1600x1200.jpg?v=20130730","https://m3.spitogatos.gr/360531623_1600x1200.jpg?v=20130730","https://m2.spitogatos.gr/360531622_1600x1200.jpg?v=20130730","https://m2.spitogatos.gr/360531634_1600x1200.jpg?v=20130730","https://m1.spitogatos.gr/360531633_1600x1200.jpg?v=20130730","https://m3.spitogatos.gr/360531635_1600x1200.jpg?v=20130730","https://m3.spitogatos.gr/360531638_1600x1200.jpg?v=20130730","https://m3.spitogatos.gr/360531617_1600x1200.jpg?v=20130730","0","0","2","1","37.971275","1","1","23.752045","235","1","0","0","2026-08-01","1","0",,"0",,"0","1","5","1","0",,"0",,"0","0","0","690",,,"0","0","0","0","14.08",,,"1","3","6","1","1","2025","0","1","1","0","1","1","0","49","0","Δράκοντος 15, Καισαριανή 16121","1","1","0","2026-07-05","https://www.spitogatos.gr/en/property/1220307483","https://kuula.co/share/collection/7TXVF?logo=1&card=1&info=0&logosize=72&fs=1&vr=1&sd=1&thumbs=1&margin=0","0","0","1970","E3JGaeJq1V4","residential"
"1","1","no","vip","4",,,,,"1","0","0","0","2026-07-02","0","1","1","0","1",,,"house",,,"1","Αθήνα, Παγκράτι, Οροφοδιαμέρισμα Προς Ενοικίαση, 80 τ.μ., Κατάσταση: Καταπληκτική, Όροφος: 1ος, 1 Επίπεδο/α, 2 Υ/Δ 1 Κουζίνα/ες, 1 Μπάνιο/α, 1 WC, Θέρμανση: Ατομική - Φυσικό Αέριο, Θέα: Αστικό τοπίο, Έτος κατασκευής: 2010, Ενεργειακό Πιστοποιητικό: Γ, Δάπεδα: Πατώματα + Πλακάκια, Kουφώματα: Αλουμινίου, Χαρακτηριστικά: Ασανσέρ, Πόρτα Ασφαλείας, Νυχτερινό ρεύμα, Καλωδιακή Τηλεόραση, Internet, Ηλ. Συσκευές, Διπλά Τζάμια, Σίτες, Τέντες, Βεράντες, Επιπλωμένο, Πολυτελές, Διαμπερές, Προσόψεως, Φωτεινό, Γωνιακό, Κλιματισμός, Νεόδμητο, Βαμμένο, Ανακαινισμένο,  Ενοίκιο (Για 12+ μήνες 1290€), Ενοίκιο (Για 6+ μήνες 1340€), Ενοίκιο (Για 2+ μήνες 1390€), Ενοίκιο (Για 1 μήνα 1560€), Τιμή: 1.290€. Yestayhomes, Τηλ. Επικοινωνίας: 6986749007",,"1",,"1","5","1","0","2025-11-25","6","10","0","yes","no","0","Αθήνα - Νότια Προάστια (Αττική)","Καισαριανή (Αθήνα - Νότια Προάστια)","1","105103","102","2214",,,"1","2","0","0","1","1218720729","https://m2.spitogatos.gr/335542795_1600x1200.jpg?v=20130730","https://m2.spitogatos.gr/335542801_1600x1200.jpg?v=20130730","https://m2.spitogatos.gr/335542804_1600x1200.jpg?v=20130730","https://m1.spitogatos.gr/335542809_1600x1200.jpg?v=20130730","https://m3.spitogatos.gr/335542811_1600x1200.jpg?v=20130730","https://m2.spitogatos.gr/335542813_1600x1200.jpg?v=20130730","https://m2.spitogatos.gr/335542816_1600x1200.jpg?v=20130730","https://m3.spitogatos.gr/335542820_1600x1200.jpg?v=20130730","https://m2.spitogatos.gr/335542822_1600x1200.jpg?v=20130730","https://m1.spitogatos.gr/335542824_1600x1200.jpg?v=20130730","https://m3.spitogatos.gr/335542829_1600x1200.jpg?v=20130730","https://m2.spitogatos.gr/335542831_1600x1200.jpg?v=20130730","https://m1.spitogatos.gr/335542836_1600x1200.jpg?v=20130730","https://m1.spitogatos.gr/335542839_1600x1200.jpg?v=20130730","https://m3.spitogatos.gr/335542844_1600x1200.jpg?v=20130730","https://m1.spitogatos.gr/335542848_1600x1200.jpg?v=20130730","https://m3.spitogatos.gr/335542850_1600x1200.jpg?v=20130730","https://m1.spitogatos.gr/335542854_1600x1200.jpg?v=20130730","https://m2.spitogatos.gr/335542858_1600x1200.jpg?v=20130730","https://m2.spitogatos.gr/335542861_1600x1200.jpg?v=20130730","https://m1.spitogatos.gr/335542863_1600x1200.jpg?v=20130730","https://m1.spitogatos.gr/335542866_1600x1200.jpg?v=20130730","https://m3.spitogatos.gr/335542868_1600x1200.jpg?v=20130730","https://m3.spitogatos.gr/335542871_1600x1200.jpg?v=20130730","https://m2.spitogatos.gr/335542873_1600x1200.jpg?v=20130730","0","0","2","1","37.972416","1","1","23.753761",,"1",,,"2026-07-31","0","0",,"1",,"1","1",,,"1","0","1",,"0","0","0","1290",,,"0","0","0","0","16.13",,,"1","6",,"1","1",,"0","1","2","0","1",,"0","80","0",,"0","1","0","2025-11-25","https://www.spitogatos.gr/en/property/1218720729",,"1",,"2010",,"residential"
"1","5",,"vip","4",,,,,"1","0","0","0","2026-07-14","0","0","1","0","1","0",,"house","0",,"0","Διαμέρισμα 5ου ορόφου στην Καισαριανή,  Ούλωφ Πάλμε 3 Καισαριανή. Πλήρως ανακαινισμένο διαμέρισμα το 2025. Πλήρως επιπλωμένο με ηλεκτρικές συσκευές. Αυτόνομη θέρμανση και ψύξη με αντλίες θερμότητας – fan coil και ηλιακό θερμοσίφωνα για ζεστό νερό. Σε κεντρικό σημείο της Καισαριανής, 20 μέτρα από το Πάρκο Σκοπευτηρίου,  σε κτίριο ανακατασκευασμένο το 2025.  Πολυτελή υλικά σύγχρονων και υψηλών προδιαγραφών, κέλυφος θερμοπρόσοψης σε όλο το κτίριο, κουφώματα αλουμινίου με διπλά τζάμια, πόρτα ασφαλείας, προεγκατάσταση συναγερμού. Σε εξαιρετική και πολύ βολική τοποθεσία. Τηλέφωνο 2110154740    (09:00   - 17:00   ) - 6936596246   - 6932643134   - Homeward Development.",,,"0","1","2","1","0","2026-07-13","10","4","0","yes","no","0","Αθήνα - Νότια Προάστια (Αττική)","Καισαριανή (Αθήνα - Νότια Προάστια)","1","105103","102","2214","123162","Double","1","9","0","0","1","1220366241","https://m3.spitogatos.gr/361450514_1600x1200.jpg?v=20130730","https://m1.spitogatos.gr/361450533_1600x1200.jpg?v=20130730","https://m2.spitogatos.gr/361450486_1600x1200.jpg?v=20130730","https://m3.spitogatos.gr/361450490_1600x1200.jpg?v=20130730","https://m3.spitogatos.gr/361450496_1600x1200.jpg?v=20130730","https://m3.spitogatos.gr/361450511_1600x1200.jpg?v=20130730","https://m2.spitogatos.gr/361450513_1600x1200.jpg?v=20130730","https://m2.spitogatos.gr/361450516_1600x1200.jpg?v=20130730","https://m2.spitogatos.gr/361450525_1600x1200.jpg?v=20130730","https://m2.spitogatos.gr/361450534_1600x1200.jpg?v=20130730","https://m1.spitogatos.gr/361450536_1600x1200.jpg?v=20130730","https://m2.spitogatos.gr/361450537_1600x1200.jpg?v=20130730","https://m1.spitogatos.gr/361450479_1600x1200.jpg?v=20130730","https://m3.spitogatos.gr/361450484_1600x1200.jpg?v=20130730","https://m1.spitogatos.gr/361450485_1600x1200.jpg?v=20130730","https://m1.spitogatos.gr/361452543_1600x1200.jpg?v=20130730",,,,,,,,,,"1","0","2","1","37.966869","1","1","23.758591",,"1","0","0","2026-07-31","0","0",,"0",,"0","1","5",,"1","1","1",,"0","0","0","880",,,"0","0","0","0","14.67",,,"1",,,"1","1","2025","0","1","2","0","1",,"1","60","1","Ούλωφ Πάλμε, 3, Καισαριανή Ελλάδα, 16121","1","1","0","2026-07-13","https://www.spitogatos.gr/en/property/1220366241",,"1","1",,,"residential"
"1","3","no","vip","4","Unity Smart Living","99571","ΚΑΙΣΑΡΙΑΝΗ","+306980796682","1","1","0","0","2026-06-26","0","0","1","0","1","0",,"house","0","0","1","Η Καισαριανή σε πάει παντού<br />
<br />
Η Unity Smart Living στην Καισαριανή δημιουργεί μια νέα εμπειρία φοιτητικής κατοικίας σε μία από τις πιο στρατηγικές τοποθεσίες της Αθήνας. Εδώ, η καθημερινότητα γίνεται πιο εύκολη, οι μετακινήσεις λιγότερες και ο χρόνος αποκτά μεγαλύτερη αξία.<br />
<br />
Η Καισαριανή αποτελεί το ιδανικό σημείο εκκίνησης για τη φοιτητική ζωή στην Αθήνα. Βρίσκεται δίπλα στην Πανεπιστημιούπολη Ζωγράφου, την Πολυτεχνειούπολη και τις σχολές του Γουδή, όπως η Ιατρική και η Οδοντιατρική, επιτρέποντας στους φοιτητές να βρίσκονται στη σχολή τους μέσα σε λίγα μόλις λεπτά.<br />
<br />
Κοντά στις σχολές. Κοντά σε όλα.<br />
Η τοποθεσία του κτιρίου προσφέρει σημαντική εξοικονόμηση χρόνου στην καθημερινότητα. Οι πανεπιστημιακές εγκαταστάσεις βρίσκονται σε πολύ μικρή απόσταση, ενώ το κέντρο της Αθήνας απέχει περίπου 10–15 λεπτά και το Παγκράτι μόλις 5 λεπτά.<br />
Είτε πρόκειται για τη σχολή, είτε για μια έξοδο με φίλους, είτε για τις καθημερινές υποχρεώσεις, όλα βρίσκονται κοντά.<br />
<br />
Μια πόλη που μετακινείται εύκολα<br />
<br />
Η περιοχή εξυπηρετείται από στάσεις λεωφορείων σε walking distance, ενώ προσφέρει εύκολη πρόσβαση στο μετρό και στο κέντρο της Αθήνας. Η μετακίνηση γίνεται γρήγορα και άνετα, χωρίς να είναι απαραίτητη η χρήση αυτοκινήτου.<br />
<br />
Μια ολοκληρωμένη γειτονιά<br />
Η Καισαριανή διατηρεί τον χαρακτήρα μιας αυθεντικής αθηναϊκής γειτονιάς. Καφέ, εστιατόρια, super market, φούρνοι, φαρμακεία και όλες οι βασικές υπηρεσίες βρίσκονται λίγα μόλις βήματα από το σπίτι, προσφέροντας μια καθημερινότητα πρακτική, άνετη και λειτουργική.<br />
<br />
Δίπλα στην πόλη. Δίπλα στη φύση.<br />
Ένα από τα σημαντικότερα πλεονεκτήματα της περιοχής είναι η άμεση γειτνίαση με τον Υμηττό. Οι φοιτητές μπορούν εύκολα να απολαύσουν περπάτημα, τρέξιμο ή υπαίθριες δραστηριότητες, συνδυάζοντας τους γρήγορους ρυθμούς της Αθήνας με στιγμές χαλάρωσης μέσα στη φύση.<br />
<br />
Ισορροπία στην καθημερινότητα.<br />
<br />
Σε αντίθεση με άλλες περιοχές του κέντρου, η Καισαριανή προσφέρει ένα πιο ήρεμο και ανθρώπινο περιβάλλον, χωρίς να χάνει την άμεση σύνδεσή της με τα σημαντικότερα σημεία της πόλης. Είναι μια περιοχή που επιτρέπει στους φοιτητές να απολαμβάνουν την ενέργεια της Αθήνας, διατηρώντας παράλληλα την ποιότητα ζωής που χρειάζονται.<br />
<br />
Σύγχρονη φοιτητική διαμονή με την υπογραφή της Unity Smart Living<br />
<br />
Όπως σε όλα τα κτίρια της Unity Smart Living, οι ένοικοι απολαμβάνουν σύγχρονα, πλήρως εξοπλισμένα διαμερίσματα, προηγμένες υπηρεσίες, υψηλά πρότυπα ασφάλειας, τεχνολογικές λύσεις και μια ολοκληρωμένη εμπειρία φοιτητικής διαμονής.<br />
<br />
Η νέα εμπειρία φοιτητικής ζωής στην Αθήνα<br />
<br />
Η Unity Smart Living στην Καισαριανή δεν είναι απλώς μια φοιτητική κατοικία. Είναι μια σύγχρονη κοινότητα που επαναπροσδιορίζει τη φοιτητική διαμονή στην Αθήνα, συνδυάζοντας στρατηγική τοποθεσία, σύγχρονες παροχές, εύκολη πρόσβαση στις πανεπιστημιακές σχολές και μια καθημερινότητα που σου δίνει περισσότερο χρόνο για όσα πραγματικά έχουν σημασία.",,,"0","1","1","1","0","2026-06-26","8","4","0","yes","no","0","Αθήνα - Νότια Προάστια (Αττική)","Καισαριανή (Αθήνα - Νότια Προάστια)","1","105103","102","2214","106370","Double","4",,"0","0","1","1220242302","https://m2.spitogatos.gr/359377519_1600x1200.jpg?v=20130730","https://m3.spitogatos.gr/359377424_1600x1200.jpg?v=20130730","https://m2.spitogatos.gr/359377426_1600x1200.jpg?v=20130730","https://m3.spitogatos.gr/359377457_1600x1200.jpg?v=20130730","https://m2.spitogatos.gr/359377453_1600x1200.jpg?v=20130730","https://m1.spitogatos.gr/359377428_1600x1200.jpg?v=20130730","https://m3.spitogatos.gr/359377430_1600x1200.jpg?v=20130730","https://m3.spitogatos.gr/359377433_1600x1200.jpg?v=20130730","https://m2.spitogatos.gr/359377435_1600x1200.jpg?v=20130730","https://m3.spitogatos.gr/359377439_1600x1200.jpg?v=20130730","https://m3.spitogatos.gr/359377442_1600x1200.jpg?v=20130730","https://m3.spitogatos.gr/359377445_1600x1200.jpg?v=20130730","https://m1.spitogatos.gr/359377449_1600x1200.jpg?v=20130730","https://m2.spitogatos.gr/359525362_1600x1200.jpg?v=20130730",,,,,,,,,,,,"1","0","2","1","37.96381","1","1","23.75882",,"1","0","0","2026-07-31","0","0","1","0","yes","0","1","5",,"1","0","1",,"0","0","0","610",,,"1","1","1","1","20.33",,,"4",,,"1","1","2026","0","2","1","0","1",,"1","30","0","Αδριανουπόλεως, 45, Καισαριανή Ελλάδα, 16121","1","1","0","2026-06-26","https://www.spitogatos.gr/en/property/1220242302",,"1","0","2026",,"residential"
"0","2","no","vip","4",,,,,"1","0","0","0","2026-03-19","0","1","0","0","1","0",,"house","0",,"0","Διαμέρισμα Προς Ενοικίαση, όροφος: 2ος, στην περιοχή: Παγκράτι. Το εμβαδόν του ακινήτου είναι 78 τ.μ.. Αποτελείται από: 2 Υ/Δ, 1 μπάνιο/α, 1 wc, 1 κουζίνα/ες, 1 σαλόνι/α. Έχει κατασκευαστεί το 1970 και ανακαινίστηκε το 2025. Η θέρμανση του ακινήτου είναι Αυτόνομη με Φυσικό αέριο, έχει κουφώματα Αλουμινίου με Διπλά τζάμια, ενεργειακό πιστοποιητικό: Γ και τα δάπεδα είναι: Πλακάκια, Ξύλο, Μωσαικό. Η κατάστασή του είναι: Ανακαινισμένο, Πολύ καλή, βρίσκεται κοντά σε Μετρό, Συγκοινωνίες, έχει θέα Ανεμπόδιστη. Το ακίνητο είναι Προσόψεως, Εσωτερικό, Φωτεινό, Ευάερο, Ευήλιο, Διαμπερές και επίσης διαθέτει τα παρακάτω χαρακτηριστικά και πλεονεκτήματα: Τέντες, Ασανσέρ, Πόρτα Ασφαλείας, Επιτρέπονται Κατοικίδια, Βεράντα. Τιμή: €700. Art Real Estate, Τηλέφωνο Επικοινωνίας: 6988577744, email: info@artrealestate.gr, website: https://www.artrealestate.gr/",,,"0","1","5","1","0","2026-03-19","7","10","0","no","no","0","Αθήνα - Νότια Προάστια (Αττική)","Καισαριανή (Αθήνα - Νότια Προάστια)","1","105103","102","2214","123162","Double","1","2","0","0","1","1219574660","https://m1.spitogatos.gr/348191847_1600x1200.jpg?v=20130730","https://m3.spitogatos.gr/348191858_1600x1200.jpg?v=20130730","https://m1.spitogatos.gr/348191871_1600x1200.jpg?v=20130730","https://m1.spitogatos.gr/348191883_1600x1200.jpg?v=20130730","https://m2.spitogatos.gr/348191896_1600x1200.jpg?v=20130730","https://m1.spitogatos.gr/348191904_1600x1200.jpg?v=20130730","https://m2.spitogatos.gr/348191911_1600x1200.jpg?v=20130730","https://m2.spitogatos.gr/348191917_1600x1200.jpg?v=20130730","https://m3.spitogatos.gr/348191924_1600x1200.jpg?v=20130730","https://m3.spitogatos.gr/348191930_1600x1200.jpg?v=20130730","https://m2.spitogatos.gr/348191938_1600x1200.jpg?v=20130730","https://m1.spitogatos.gr/348191943_1600x1200.jpg?v=20130730","https://m3.spitogatos.gr/348191951_1600x1200.jpg?v=20130730","https://m1.spitogatos.gr/348191955_1600x1200.jpg?v=20130730","https://m1.spitogatos.gr/348191964_1600x1200.jpg?v=20130730","https://m3.spitogatos.gr/348191969_1600x1200.jpg?v=20130730","https://m2.spitogatos.gr/348191977_1600x1200.jpg?v=20130730","https://m1.spitogatos.gr/348191982_1600x1200.jpg?v=20130730","https://m2.spitogatos.gr/348191989_1600x1200.jpg?v=20130730","https://m2.spitogatos.gr/348191998_1600x1200.jpg?v=20130730","https://m1.spitogatos.gr/348192006_1600x1200.jpg?v=20130730",,,,,"0","0","2","1","37.96748","1","1","23.754318",,"0","0","0","2026-07-31","0","0",,"0",,"1","1",,,"0","0","0","1","0","0","0","700",,,"0","0","0","0","8.97",,,"1","3","6","1","1","2025","0","1","2","0","1",,"0","78","0",,"0","1","0","2026-03-19","https://www.spitogatos.gr/en/property/1219574660",,"1","0","1970",,"residential"
"1","1","no","vip","4",,,,,"1","1","0","0","2027-09-16","0","1","1","0","1",,,"house",,,"1","Αθήνα, Ιλίσια-Χίλτον, Διαμέρισμα Προς Ενοικίαση, 50 τ.μ., Κατάσταση: Καταπληκτική, Όροφος: 1ος, 1 Επίπεδο/α, 1 Υ/Δ 1 Κουζίνα/ες, 1 Μπάνιο/α, Θέρμανση: Κεντρική - Φυσικό Αέριο, Έτος κατασκευής: 1987, Ενεργειακό Πιστοποιητικό: Ε, Δάπεδα: Πατώματα + Πλακάκια, Kουφώματα: Αλουμινίου, Χαρακτηριστικά: Ασανσέρ, Πόρτα Ασφαλείας, Συναγερμός, Νυχτερινό ρεύμα, Καλωδιακή Τηλεόραση, Internet, Ηλ. Συσκευές, Διπλά Τζάμια, Σίτες, Τέντες, Βεράντες, Επιπλωμένο, Πολυτελές, Διαμπερές, Προσόψεως, Φωτεινό, Γωνιακό, Κλιματισμός, Βαμμένο, Ανακαινισμένο,  Ενοίκιο (Για 12+ μήνες 990€), Ενοίκιο (Για 6+ μήνες 1040€), Ενοίκιο (Για 2+ μήνες 1090€), Ενοίκιο (Για 1 μήνα 1260€), Τιμή: 990€. Yestayhomes, Τηλ. Επικοινωνίας: 6986749007",,"1",,"1","7","1","0","2025-12-24","6","10","0","yes","no","0","Αθήνα - Νότια Προάστια (Αττική)","Καισαριανή (Αθήνα - Νότια Προάστια)","1","105103","102","2214","123161",,"2","2","0","0","1","1218891155","https://m1.spitogatos.gr/338554158_1600x1200.jpg?v=20130730","https://m2.spitogatos.gr/338554159_1600x1200.jpg?v=20130730","https://m3.spitogatos.gr/338554160_1600x1200.jpg?v=20130730","https://m1.spitogatos.gr/338554161_1600x1200.jpg?v=20130730","https://m2.spitogatos.gr/338554162_1600x1200.jpg?v=20130730","https://m3.spitogatos.gr/338554163_1600x1200.jpg?v=20130730","https://m1.spitogatos.gr/338554164_1600x1200.jpg?v=20130730","https://m2.spitogatos.gr/338554165_1600x1200.jpg?v=20130730","https://m1.spitogatos.gr/338554167_1600x1200.jpg?v=20130730","https://m2.spitogatos.gr/338554168_1600x1200.jpg?v=20130730","https://m1.spitogatos.gr/338554170_1600x1200.jpg?v=20130730","https://m2.spitogatos.gr/338554171_1600x1200.jpg?v=20130730","https://m3.spitogatos.gr/338554172_1600x1200.jpg?v=20130730","https://m2.spitogatos.gr/338554174_1600x1200.jpg?v=20130730","https://m1.spitogatos.gr/338554176_1600x1200.jpg?v=20130730","https://m2.spitogatos.gr/338554177_1600x1200.jpg?v=20130730","https://m3.spitogatos.gr/338554178_1600x1200.jpg?v=20130730","https://m1.spitogatos.gr/338554179_1600x1200.jpg?v=20130730","https://m2.spitogatos.gr/338554180_1600x1200.jpg?v=20130730","https://m3.spitogatos.gr/338554181_1600x1200.jpg?v=20130730","https://m3.spitogatos.gr/338554184_1600x1200.jpg?v=20130730","https://m2.spitogatos.gr/338554186_1600x1200.jpg?v=20130730","https://m1.spitogatos.gr/338554188_1600x1200.jpg?v=20130730",,,"0","0","2","1","37.972424","1","1","23.751999",,"1",,,"2026-07-30","0","0",,"1",,"0","1",,,"1","0","1",,"0","0","0","990",,,"0","0","0","0","19.8",,,"1","3","6","1","1","2021","0","1","1","0","1",,"0","50","0",,"0","1","0","2025-12-24","https://www.spitogatos.gr/en/property/1218891155",,"0",,"1987",,"residential"
"1","Upper Ground",,"vip","4",,,,,"0","0","0","0","2026-07-27","0","0","0","0","0",,,"house",,"0","0","Ενοικιάζεται στούντιο/γκαρσονιέρα, 30τ.μ., πρόσοψης, στην περιοχή ""Καισαριανή"" σύνορα με Παγκράτι. Βρίσκεται στον ημιώροφο σε καλοδιατηρημένη οικοδομή και διαθέτει ασανσέρ. Αποτελεί μια αξιόλογη επιλογή για φοιτητές καθώς βρίσκεται σε κεντρικό σημείο πλησίον μμμ και αγοράς. Κατασκευάστηκε το 1973, ενώ ανακαινίστηκε το 2019. <br />
<br />
<br />
Αποτελείται από 1 υπνοδωμάτιο με ντουλάπα και σαλοκουζίνα.<br />
<br />
Στα εσωτερικά του στοιχεία αξίζει να σημειωθούν η πόρτα ασφαλείας.<br />
<br />
Διαθέτει κουφώματα αλουμινίου με διπλά τζάμια. Τα δάπεδα είναι από ξύλο και πέτρα.<br />
<br />
Διαθέτει κεντρική θέρμανση με πετρέλαιο. Επιπρόσθετα υπάρχει κλιματισμός. Η ενεργειακή του κλάση είναι E.<br />
<br />
Βρίσκεται κοντά σε στάση λεωφορείου και εμπορικό κέντρο.<br />
<br />
Τιμή ενοικίασης: 480€/μήνα. Το ακίνητο είναι άμεσα διαθέσιμο.<br />
<br />
Κωδικός ακινήτου: 2062K<br />
<br />
Loftland Realty Group<br />
Γαλήνης 1, Άλιμος, Ελλάδα<br />
loftlandrealty@gmail.com<br />
Τηλέφωνο: 00302109952406<br />
Κινητό: 00306983704862",,"1",,"1","7","1","0","2026-07-27","4","8","0","no","no","0","Αθήνα - Νότια Προάστια (Αττική)","Καισαριανή (Αθήνα - Νότια Προάστια)","1","105103","102","2214","123162",,"2","1","0","0","1","1220500921","https://m3.spitogatos.gr/363452426_1600x1200.jpg?v=20130730","https://m1.spitogatos.gr/363452427_1600x1200.jpg?v=20130730","https://m2.spitogatos.gr/363452428_1600x1200.jpg?v=20130730","https://m3.spitogatos.gr/363452429_1600x1200.jpg?v=20130730","https://m1.spitogatos.gr/363452430_1600x1200.jpg?v=20130730","https://m2.spitogatos.gr/363452431_1600x1200.jpg?v=20130730","https://m3.spitogatos.gr/363452432_1600x1200.jpg?v=20130730","https://m1.spitogatos.gr/363452433_1600x1200.jpg?v=20130730","https://m2.spitogatos.gr/363452434_1600x1200.jpg?v=20130730","https://m3.spitogatos.gr/363452435_1600x1200.jpg?v=20130730","https://m1.spitogatos.gr/363452436_1600x1200.jpg?v=20130730","https://m2.spitogatos.gr/363452437_1600x1200.jpg?v=20130730","https://m3.spitogatos.gr/363452438_1600x1200.jpg?v=20130730","https://m1.spitogatos.gr/363452439_1600x1200.jpg?v=20130730","https://m2.spitogatos.gr/363452440_1600x1200.jpg?v=20130730",,,,,,,,,,,"0","0","2","1","37.968338",,"1","23.754416",,"0",,,"2026-07-27","0","0",,"0",,"0","0",,,"0","0","0",,"0","0","0","480",,,"0","0","0","0","16",,,"1","3","6","1","1","2019","0",,"1","0","1",,"0","30","0","Ηρ. Σκοπευτηρίου 17, Καισαριανή 161 21, Ελλάδα","1","2","0","2026-07-27","https://www.spitogatos.gr/en/property/1220500921",,"0",,"1973",,
"1","6",,"vip","4",,,,,"1",,,"0","2026-09-01","1",,"1","25","1",,,"house",,,,,,,,"1","2","1","1","2026-07-01","11","10",,"no","yes",,"Αθήνα - Νότια Προάστια (Αττική)","Καισαριανή (Αθήνα - Νότια Προάστια)","1","105103","102","2214","102214","Triple","1","2","0",,"1","1220284176","https://m2.spitogatos.gr/360149497_1600x1200.jpg?v=20130730","https://m1.spitogatos.gr/360149499_1600x1200.jpg?v=20130730","https://m2.spitogatos.gr/360149500_1600x1200.jpg?v=20130730","https://m1.spitogatos.gr/360149502_1600x1200.jpg?v=20130730","https://m2.spitogatos.gr/360149503_1600x1200.jpg?v=20130730","https://m3.spitogatos.gr/360149504_1600x1200.jpg?v=20130730","https://m2.spitogatos.gr/360149506_1600x1200.jpg?v=20130730","https://m3.spitogatos.gr/360149507_1600x1200.jpg?v=20130730","https://m2.spitogatos.gr/360149509_1600x1200.jpg?v=20130730","https://m1.spitogatos.gr/360149511_1600x1200.jpg?v=20130730","https://m2.spitogatos.gr/360149512_1600x1200.jpg?v=20130730","https://m3.spitogatos.gr/360149513_1600x1200.jpg?v=20130730","https://m2.spitogatos.gr/360149515_1600x1200.jpg?v=20130730","https://m3.spitogatos.gr/360149516_1600x1200.jpg?v=20130730","https://m1.spitogatos.gr/360149517_1600x1200.jpg?v=20130730","https://m3.spitogatos.gr/360149519_1600x1200.jpg?v=20130730","https://m1.spitogatos.gr/360149520_1600x1200.jpg?v=20130730","https://m2.spitogatos.gr/360149521_1600x1200.jpg?v=20130730","https://m1.spitogatos.gr/360149523_1600x1200.jpg?v=20130730","https://m2.spitogatos.gr/360149524_1600x1200.jpg?v=20130730","https://m3.spitogatos.gr/360149525_1600x1200.jpg?v=20130730","https://m2.spitogatos.gr/360149527_1600x1200.jpg?v=20130730","https://m1.spitogatos.gr/360149529_1600x1200.jpg?v=20130730","https://m3.spitogatos.gr/360149531_1600x1200.jpg?v=20130730","https://m3.spitogatos.gr/360149534_1600x1200.jpg?v=20130730",,,"2","1","37.970451","2","1","23.76046",,"1",,,"2026-07-27","0",,,,,"1","1","6","7","1","1",,,"0","0","0","1200",,,"0","0","0","0","15",,,"1",,,"1",,,"0","1","2","1","1",,"1","80","0",,,"3","0","2026-07-01","https://www.spitogatos.gr/en/property/1220284176",,"1","0","2008",,"residential"
"1","1",,"vip","4","Ιωάννης","198","Νικολάου","6945338167 6947982617","1","1","0","0","2026-06-30","0","1","1","0","1","0",,"house","0",,,"Ανακαινισμένο επιπλωμένο δυάρι διαμέρισμα 46 τ.μ. 1ου ορόφου στην περιοχή της Καισαριανής. <br />
Φωτεινή κουζίνα με ηλεκτρική κουζίνα και ψυγείο.<br />
Σαλόνι με τριθέσιο καναπέ και καινούριο κλιματιστικό. <br />
Λουτρό με μπανιέρα. <br />
Ένα υπνοδωμάτιο με ντουλάπα και κλιματισμό.<br />
Μεγάλη βεράντα με ανοιχτό ορίζοντα.<br />
Συναγερμός και πόρτα ασφαλείας. <br />
Ηλιακός θερμοσίφωνας, αυτόνομη θέρμανση με πετρέλαιο και κλιματισμός.",,,"0","1","7",,"0","2026-06-30","6",,,"yes","no","0","Αθήνα - Νότια Προάστια (Αττική)","Καισαριανή (Αθήνα - Νότια Προάστια)","1","105103","102","2214","123163",,"1","1","0",,"1","1220271114","https://m1.spitogatos.gr/359942262_1600x1200.jpg?v=20130730","https://m2.spitogatos.gr/359942290_1600x1200.jpg?v=20130730","https://m3.spitogatos.gr/359942300_1600x1200.jpg?v=20130730","https://m3.spitogatos.gr/359942303_1600x1200.jpg?v=20130730","https://m3.spitogatos.gr/359942306_1600x1200.jpg?v=20130730","https://m1.spitogatos.gr/359942310_1600x1200.jpg?v=20130730","https://m3.spitogatos.gr/359942312_1600x1200.jpg?v=20130730","https://m3.spitogatos.gr/359942315_1600x1200.jpg?v=20130730","https://m1.spitogatos.gr/359942319_1600x1200.jpg?v=20130730","https://m2.spitogatos.gr/359942323_1600x1200.jpg?v=20130730","https://m3.spitogatos.gr/359942324_1600x1200.jpg?v=20130730","https://m1.spitogatos.gr/359942331_1600x1200.jpg?v=20130730","https://m3.spitogatos.gr/359942333_1600x1200.jpg?v=20130730","https://m2.spitogatos.gr/359942335_1600x1200.jpg?v=20130730","https://m2.spitogatos.gr/359942341_1600x1200.jpg?v=20130730","https://m3.spitogatos.gr/359942342_1600x1200.jpg?v=20130730","https://m2.spitogatos.gr/359942347_1600x1200.jpg?v=20130730","https://m1.spitogatos.gr/359942349_1600x1200.jpg?v=20130730","https://m1.spitogatos.gr/359942355_1600x1200.jpg?v=20130730","https://m3.spitogatos.gr/359942357_1600x1200.jpg?v=20130730","https://m2.spitogatos.gr/359942359_1600x1200.jpg?v=20130730","https://m2.spitogatos.gr/359942365_1600x1200.jpg?v=20130730","https://m3.spitogatos.gr/359942372_1600x1200.jpg?v=20130730","https://m2.spitogatos.gr/359942377_1600x1200.jpg?v=20130730",,"0",,,"1","37.966778","1","1","23.765251",,,"0",,"2026-06-30","0","0",,"0",,"0","1",,,"1",,,,"0","0","0","600",,,"0","0","0","0","13.04",,,"1","3","6","1","1",,"0","1","1","0","1",,"1","46","0",,,"1","0","2026-06-30","https://www.spitogatos.gr/en/property/1220271114",,"1",,"1990",,"residential"
"1","2","no","vip","4",,,,,"1","0","0","0","2026-10-07","0","1","1","0","1",,,"house",,,"1","Αθήνα, Παγκράτι, Διαμέρισμα Προς Ενοικίαση, 80 τ.μ., Κατάσταση: Ανακαινισμένο, Όροφος: 2ος, 1 Επίπεδο/α, 2 Υ/Δ 1 Κουζίνα/ες, 1 Μπάνιο/α, Θέρμανση: Κεντρική - Φυσικό Αέριο, Θέα: Αστικό τοπίο, Έτος κατασκευής: 1960, Ενεργειακό Πιστοποιητικό: Ζ, Δάπεδα: Παρκέ, Kουφώματα: Αλουμινίου, Χαρακτηριστικά: Ασανσέρ, Πόρτα Ασφαλείας, Θυροτηλεόραση, Καλωδιακή Τηλεόραση, Internet, Ηλ. Συσκευές, Διπλά Τζάμια, Σίτες, Τέντες, Βεράντες, Metro, Πολυτελές, Διαμπερές, Προσόψεως, Φωτεινό, Γωνιακό, Κλιματισμός, Βαμμένο, Ανακαινισμένο,  Ενοίκιο (Για 12+ μήνες € 1140), Ενοίκιο (Για 6+ μήνες € 1190), Ενοίκιο (Για 2+ μήνες € 1280), Ενοίκιο (Για 1 μήνα € 1440), Προσανατολισμός: Βόρειος, Κοντά σε: Metro, Τιμή: 1.140€. Yestayhomes, Τηλ. Επικοινωνίας: 6986749007",,"1",,"1","8","1","0","2025-10-23","7","2","0","no","no","0","Αθήνα - Νότια Προάστια (Αττική)","Καισαριανή (Αθήνα - Νότια Προάστια)","1","105103","102","2214",,"Double","2","2","0","0","1","1212772335","https://m2.spitogatos.gr/237347299_1600x1200.jpg?v=20130730","https://m3.spitogatos.gr/237347300_1600x1200.jpg?v=20130730","https://m1.spitogatos.gr/237347301_1600x1200.jpg?v=20130730","https://m2.spitogatos.gr/237347302_1600x1200.jpg?v=20130730","https://m3.spitogatos.gr/237347303_1600x1200.jpg?v=20130730","https://m1.spitogatos.gr/237347304_1600x1200.jpg?v=20130730","https://m2.spitogatos.gr/237347305_1600x1200.jpg?v=20130730","https://m3.spitogatos.gr/237347306_1600x1200.jpg?v=20130730","https://m1.spitogatos.gr/237347307_1600x1200.jpg?v=20130730","https://m2.spitogatos.gr/237347308_1600x1200.jpg?v=20130730","https://m3.spitogatos.gr/237347309_1600x1200.jpg?v=20130730","https://m1.spitogatos.gr/237347310_1600x1200.jpg?v=20130730","https://m2.spitogatos.gr/237347311_1600x1200.jpg?v=20130730","https://m3.spitogatos.gr/237347312_1600x1200.jpg?v=20130730","https://m1.spitogatos.gr/237347313_1600x1200.jpg?v=20130730","https://m1.spitogatos.gr/237347316_1600x1200.jpg?v=20130730","https://m2.spitogatos.gr/237347317_1600x1200.jpg?v=20130730","https://m3.spitogatos.gr/237347318_1600x1200.jpg?v=20130730","https://m1.spitogatos.gr/237347319_1600x1200.jpg?v=20130730","https://m2.spitogatos.gr/237347320_1600x1200.jpg?v=20130730","https://m3.spitogatos.gr/237347321_1600x1200.jpg?v=20130730","https://m1.spitogatos.gr/237347322_1600x1200.jpg?v=20130730","https://m2.spitogatos.gr/237347323_1600x1200.jpg?v=20130730","https://m3.spitogatos.gr/237347324_1600x1200.jpg?v=20130730","https://m1.spitogatos.gr/237347325_1600x1200.jpg?v=20130730","0","0","2","1","37.972836","1","1","23.750631",,"1",,,"2026-06-08","0","0",,"0",,"0","1",,"4","1","0","1",,"0","0","0","1140",,,"0","0","0","0","14.25",,,"1","3","6","1","1","2021","0","1","2","0","1",,"0","80","0",,"0","1","0","2022-07-08","https://www.spitogatos.gr/en/property/1212772335",,"1",,"1960",,"residential"
"0","3","no","prime","12","Αλέξιος","81463","Κοσμόπουλος","6986109593","1","0","0","0","2026-06-08","0","1","0","0","1","0",,"house","0","45","0","Διατίθεται προς ενοικίαση πλήρως ανακαινισμένο διαμέρισμα 100 τ.μ., στην περιοχή Καισαριανή, Άγιος Νικόλαος. Το ακίνητο αποτελείται από δύο άνετα υπνοδωμάτια, ένα μπάνιο, μία κουζίνα και δύο χώρους σαλονιού που χωρίζονται με συρόμενη πόρτα, προσφέροντας ευελιξία στη διαμόρφωση του χώρου. Επιπλέον διαθέτει ευρύχωρο χωλ και δύο μπαλκόνια που εξυπηρετούν ιδανικά τις ανάγκες της καθημερινής διαβίωσης. <br />
<br />
Το διαμέρισμα είναι φρεσκοβαμμένο και βρίσκεται σε άριστη κατάσταση. Διαθέτει αυτόνομη θέρμανση με φυσικό αέριο και ηλιακό θερμοσίφωνα διπλής ενέργειας, προσφέροντας αυξημένη οικονομία στην κατανάλωση ενέργειας. Τα κουφώματα είναι αλουμινίου με διπλά τζάμια, ενώ τα δάπεδα συνδυάζουν πλακάκι και ξύλο, δημιουργώντας ένα ζεστό και λειτουργικό περιβάλλον. Επιπλέον διαθέτει ασανσέρ, πόρτα ασφαλείας και ολοκαίνουργιες τέντες στα δύο μπαλκόνια, προσφέροντας επιπλέον άνεση και προστασία. Το διαμέρισμα είναι προσόψεως, φωτεινό και διαμπερές, με ευχάριστη θέα στο αστικό τοπίο και εξαιρετικό φυσικό φωτισμό καθ’ όλη τη διάρκεια της ημέρας. Βρίσκεται σε ιδιαίτερα προνομιακή τοποθεσία, κοντά σε συγκοινωνίες, αγορά, καταστήματα και χώρους εστίασης, προσφέροντας εύκολη πρόσβαση σε όλες τις καθημερινές ανάγκες.<br />
<br />
📍 Η αναφερόμενη τοποθεσία είναι ενδεικτική. Για περισσότερες πληροφορίες ή προγραμματισμό επίσκεψης:<br />
<br />
KOSMOS REAL ESTATE<br />
📞 Υπεύθυνος Ακινήτου: Αλέξης Κοσμόπουλος - 6986109593<br />
📧 info@kosmosrealestate.gr<br />
🌐 www.kosmosrealestate.gr",,,"0","1","4","1","0","2026-06-08","8","10","0","no","no","0","Αθήνα - Νότια Προάστια (Αττική)","Καισαριανή (Αθήνα - Νότια Προάστια)","1","105103","102","2214","123162","Double","1","2","0","0","1","1220070240","https://m3.spitogatos.gr/356440292_1600x1200.jpg?v=20130730","https://m1.spitogatos.gr/356440293_1600x1200.jpg?v=20130730","https://m2.spitogatos.gr/356440294_1600x1200.jpg?v=20130730","https://m3.spitogatos.gr/356440295_1600x1200.jpg?v=20130730","https://m1.spitogatos.gr/356440296_1600x1200.jpg?v=20130730","https://m1.spitogatos.gr/356440299_1600x1200.jpg?v=20130730","https://m1.spitogatos.gr/356440302_1600x1200.jpg?v=20130730","https://m3.spitogatos.gr/356440304_1600x1200.jpg?v=20130730","https://m1.spitogatos.gr/356440305_1600x1200.jpg?v=20130730","https://m3.spitogatos.gr/356440307_1600x1200.jpg?v=20130730","https://m1.spitogatos.gr/356440308_1600x1200.jpg?v=20130730","https://m3.spitogatos.gr/356440310_1600x1200.jpg?v=20130730","https://m2.spitogatos.gr/356440312_1600x1200.jpg?v=20130730","https://m3.spitogatos.gr/356440316_1600x1200.jpg?v=20130730","https://m1.spitogatos.gr/356440320_1600x1200.jpg?v=20130730","https://m2.spitogatos.gr/356440324_1600x1200.jpg?v=20130730","https://m2.spitogatos.gr/356440330_1600x1200.jpg?v=20130730","https://m2.spitogatos.gr/356440336_1600x1200.jpg?v=20130730","https://m3.spitogatos.gr/356440343_1600x1200.jpg?v=20130730","https://m3.spitogatos.gr/356440349_1600x1200.jpg?v=20130730",,,,,,"0","0","2","1","37.967834","1","1","23.754105",,"0","0","0","2026-07-30","0","0",,"0",,"0","1",,,"0","0","0",,"0","0","0","980",,,"0","0","0","0","9.8",,,"1","3","6","1","1",,"0","1","2","0","1",,"1","100","0",,"0","1","0","2026-06-08","https://www.spitogatos.gr/en/property/1220070240",,"1","0","1970",,"residential"
"1","1","no","prime","3",,,,,"0","0","0","0","2026-07-30","0","1","1","0","0","0",,"house","0",,"0","Διαμέρισμα Προς Ενοικίαση, όροφος: 1ος, στην περιοχή: Καισαριανή. Το εμβαδόν του ακινήτου είναι 80 τ.μ.. Αποτελείται από: 2 Υ/Δ, 1 μπάνιο/α, 1 κουζίνα/ες, 1 σαλόνι/α και ανακαινίστηκε το 2023. Η θέρμανση του ακινήτου είναι Κεντρική με Φυσικό αέριο, ενώ επίσης διατίθεται Κλιματισμός, έχει κουφώματα Αλουμινίου με Διπλά τζάμια, ενεργειακό πιστοποιητικό: Γ και τα δάπεδα είναι: Ξύλο, Μάρμαρο. Η κατάστασή του είναι: Ανακαινισμένο, Καταπληκτική, βρίσκεται κοντά σε Συγκοινωνίες, Σχολείο, Λαική αγορά, Super Market και έχει Ανατολικομεσημβρινό προσανατολισμό. Το ακίνητο είναι Επιπλωμένο, είναι κατάλληλο για Φοιτητές και επίσης διαθέτει τα παρακάτω χαρακτηριστικά και πλεονεκτήματα: Τέντες, Ασανσέρ, Ηλεκτρ. Συσκευές. Τιμή: €1.100. M & V REAL ESTATE Ο.Ε, Τηλέφωνο Επικοινωνίας: 6976138578, email: info@mvrealestate.gr",,,"0","1","5","0","0","2026-07-30","6","6","0","yes","no","0","Αθήνα - Νότια Προάστια (Αττική)","Καισαριανή (Αθήνα - Νότια Προάστια)","1","105103","102","2214",,"Double","2","2","0","0","1","1220534226","https://m2.spitogatos.gr/363871792_1600x1200.jpg?v=20130730","https://m1.spitogatos.gr/363871794_1600x1200.jpg?v=20130730","https://m1.spitogatos.gr/363871797_1600x1200.jpg?v=20130730","https://m3.spitogatos.gr/363871799_1600x1200.jpg?v=20130730","https://m2.spitogatos.gr/363871801_1600x1200.jpg?v=20130730","https://m1.spitogatos.gr/363871806_1600x1200.jpg?v=20130730","https://m2.spitogatos.gr/363871807_1600x1200.jpg?v=20130730","https://m3.spitogatos.gr/363871808_1600x1200.jpg?v=20130730","https://m1.spitogatos.gr/363871809_1600x1200.jpg?v=20130730","https://m3.spitogatos.gr/363871811_1600x1200.jpg?v=20130730","https://m2.spitogatos.gr/363871813_1600x1200.jpg?v=20130730","https://m1.spitogatos.gr/363871815_1600x1200.jpg?v=20130730","https://m2.spitogatos.gr/363871825_1600x1200.jpg?v=20130730","https://m2.spitogatos.gr/363871828_1600x1200.jpg?v=20130730","https://m3.spitogatos.gr/363871832_1600x1200.jpg?v=20130730","https://m3.spitogatos.gr/363871835_1600x1200.jpg?v=20130730","https://m1.spitogatos.gr/363871836_1600x1200.jpg?v=20130730","https://m1.spitogatos.gr/363871839_1600x1200.jpg?v=20130730","https://m1.spitogatos.gr/363871842_1600x1200.jpg?v=20130730","https://m3.spitogatos.gr/363871844_1600x1200.jpg?v=20130730","https://m3.spitogatos.gr/363871847_1600x1200.jpg?v=20130730","https://m3.spitogatos.gr/363871850_1600x1200.jpg?v=20130730","https://m1.spitogatos.gr/363871851_1600x1200.jpg?v=20130730","https://m2.spitogatos.gr/363871855_1600x1200.jpg?v=20130730","https://m3.spitogatos.gr/363871856_1600x1200.jpg?v=20130730","0","0","2","1","37.967812","1","1","23.756994",,"0","0","0","2026-08-01","0","0",,"0",,"0","1",,"3","0","0","0",,"0","0","0","1100",,,"0","0","0","0","13.75",,,"1","3","6","1","1","2023","0",,"2","0","0",,"0","80","0",,"1","1","0","2026-07-30","https://www.spitogatos.gr/en/property/1220534226",,"0","0",,,"residential"
