"AC","Floor Level","accessibleForDisabled","adType_code","adType_id","agentEmployee_firstName","agentEmployee_id","agentEmployee_lastName","agentEmployee_telephone","airy","alarm","attic","auction","availability","availableForDailyRent","awning","balcony","balconyArea","bright","builtInBBQ","byTheSea","category","caveBuilding","commonExpenses","corner","description","distanceSea","doubleGlass","electricCarChargingFacilities","elevator","energyClass","facade","fireplace","firstPublishDate","floorNumber","floorType","forCommercialUse","furnished","garage","garden","geographiesByLevel_2_fullName","geographiesByLevel_4_fullName","geographyParentIds_0","geographyParentIds_1","geographyParentIds_2","geographyParentIds_4","geographyParentIds_5","glassType","heatingController","heatingMedium","heatingUnderFloor","holidayHome","host_id","id","images/0","images/1","images/2","images/3","images/4","images/5","images/6","images/7","images/8","images/9","images/10","images/11","images/12","images/13","images/14","images/15","images/16","images/17","images/18","images/19","images/20","images/21","images/22","images/23","images/24","internal_stairs","investment","joinery","kitchens","latitude","levels","livingRooms","longitude","lotSize","luxHome","mannedReception","medicalOffice","modified","negotiablePrice","neoclassic","nightPower","no_of_WC","no_of_bathrooms","orientation","painted","penthouse","pestNet","petsAllowed","playroom","pool","preserved","price","priceChangeDate","priceChangePercentage","priceIncludesInternet","priceIncludesPower","priceIncludesSharedExp","priceIncludesWater","pricePerSqMeters","pricePreReduction","priceReduced","propertyPublishingOptionIds/0","propertyPublishingOptionIds/1","propertyPublishingOptionIds/2","published","renovated","renovationYear","requiresRenovation","road_type","rooms","satelite","secure_door","solar_heater","sq_meters","storage","streetAddress","studentHome","subtype","unfinished","uploaded","url","view","wholeFloorApartment","year_of_construction","youtubeVideoId","zoning"
"1","Ground Floor","yes","simple","1",,,,,"0","0","0","0","2026-02-28","0","0","0","0","0",,"false","house",,"0","0","Ενοικίαζεται διαμέρισμα στούντιο 53τμ σε ισόγειο. Ανακαινισμένο το 2025 στα σύνορα Νέου κόσμου με Νέα Σμύρνη. Είναι πλήρως επιπλωμένο με έπιπλα πολυτελείας. Ολα τα έπιπλα και τα σκεύη είναι ολοκαίνουργιο αχρησιμοποίητα. Διαθέτει κάμερα ασφαλείας στην είσοδο του διαμερίσματος. Δεν επιτρέπονται τα κατοικίδια. Δεν έχει κοινόχρηστα. Τιμή 900€<br />
Ενοικίαση, Διαμέρισμα,  Μπάνια: 1,  Εμβαδόν: 53 τ.μ.,  Δωμάτια: 1,  Έτος κατασκευής: 1974,  Για φοιτητές,  Κλιματισμός,  Επιπλωμένο,  Εσωτερική σκάλα,  Όροφος: Ισόγειο,  Πρόσοψης,  Δορυφορική κεραία,  Ανακαινισμένο,  Κουζίνες: 1,  Κουφώματα: Αλουμινίου,  Τύπος δαπέδων: Μωσαϊκό,  Επιφάνεια oικοπέδου: 250 τ.μ.,  Πρόσβαση για ΑΜΕΑ,  Θέρμανση: Αυτόνομη θέρμανση,  Μέσο θέρμανσης: Ρεύμα,  Πρόσβαση από: Άσφαλτο,  Ζώνη: Οικιστική ζώνη,  Νεοκλασσικό,  Ενεργειακή κλάση: Ε,  Προσανατολισμός: Ανατολικός,  Ρεύμα: Μονοφασικό,  Απόσταση απο θάλασσα: 3000","3000","0",,"0","7","1","0","2025-05-20","3","5","0","yes","no","0","Αθήνα - Κέντρο (Αττική)","Νέος Κόσμος (Αθήνα - Κέντρο)","1","105103","100","2033","5144",,"1","4","0","0","1","1217612669","https://m1.spitogatos.gr/316813002_1600x1200.jpg?v=20130730","https://m3.spitogatos.gr/316813004_1600x1200.jpg?v=20130730","https://m2.spitogatos.gr/316813006_1600x1200.jpg?v=20130730","https://m3.spitogatos.gr/316813007_1600x1200.jpg?v=20130730","https://m2.spitogatos.gr/316813009_1600x1200.jpg?v=20130730","https://m1.spitogatos.gr/316813011_1600x1200.jpg?v=20130730","https://m1.spitogatos.gr/316813014_1600x1200.jpg?v=20130730","https://m2.spitogatos.gr/316813018_1600x1200.jpg?v=20130730","https://m2.spitogatos.gr/316813021_1600x1200.jpg?v=20130730","https://m1.spitogatos.gr/316813023_1600x1200.jpg?v=20130730","https://m2.spitogatos.gr/316813027_1600x1200.jpg?v=20130730","https://m2.spitogatos.gr/316813030_1600x1200.jpg?v=20130730","https://m2.spitogatos.gr/316813033_1600x1200.jpg?v=20130730","https://m2.spitogatos.gr/316813036_1600x1200.jpg?v=20130730","https://m1.spitogatos.gr/316813038_1600x1200.jpg?v=20130730",,,,,,,,,,,"1","0","2","1","37.950329","1","0","23.721527",,"0",,,"2026-02-28","0","1","0","0","1","1","0","0","0",,"0","0","0","650",,,"0","0","0","0","12.26",,,"1","3","6","1","1",,"0","1","1","1","0","0","53","0","Κακαβάκη 4, Αθήνα 117 44, Ελλάδα","1","1","0","2025-05-20","https://www.spitogatos.gr/en/property/1217612669","0",,"1974",,"residential"
"0","3","no","simple","1",,,,,"1","0","0","0","2026-05-05","0","1","1","0","1","0","false","house","0",,"0","Διατίθεται προς ενοικίαση ανακαινισμένο οροφοδιαμέρισμα 3ου ορόφου, επιφάνειας 120 τ.μ., σε εξαιρετικά προνομιακή τοποθεσία στον Άγιο Δημήτριο.<br />
<br />
Το ακίνητο διαθέτει άνετη και λειτουργική διαρρύθμιση, με τρία υπνοδωμάτια, ευρύχωρο σαλόνι, ανεξάρτητη κουζίνα, ένα μπάνιο και ένα WC, αποτελώντας ιδανική επιλογή για οικογένεια ή επαγγελματίες που αναζητούν άνετους χώρους διαβίωσης.<br />
<br />
Η διαμπερής του διάταξη, ο βορειοανατολικός προσανατολισμός και οι δύο βεράντες εξασφαλίζουν φυσικό φως και ευχάριστη αίσθηση ανοιχτού χώρου καθ’ όλη τη διάρκεια της ημέρας.<br />
<br />
Ιδιαίτερο πλεονέκτημα αποτελεί η τοποθεσία του, καθώς βρίσκεται σε μικρή απόσταση με τα πόδια από σταθμό μετρό και προσφέρει άμεση πρόσβαση σε βασική οδική αρτηρία, διευκολύνοντας σημαντικά την καθημερινή μετακίνηση. Παράλληλα, το κέντρο της Αθήνας, το Μητροπολιτικό Πάρκο Ελληνικού και η παραλιακή ζώνη της Αθηναϊκής Ριβιέρας είναι εύκολα προσβάσιμα, ενώ σε κοντινή απόσταση βρίσκονται καταστήματα, σχολεία και όλες οι απαραίτητες υποδομές.<br />
<br />
Το ακίνητο διαθέτει ατομική θέρμανση με θερμοσυσσωρευτές, ηλιακό θερμοσίφωνα, κουφώματα αλουμινίου με ενεργειακά διπλά τζάμια και δάπεδα από πλακάκι και ξύλο. Επιπλέον, περιλαμβάνει πόρτα ασφαλείας, τέντες και σύνδεση internet, ενώ επιτρέπονται κατοικίδια.<br />
<br />
Ένα άνετο και φωτεινό διαμέρισμα, έτοιμο να φιλοξενήσει μια πρακτική και ευχάριστη καθημερινότητα.<br />
<br />
Για άμεση και προσωπική εξυπηρέτηση, επικοινωνήστε σήμερα με το Axon Real Estate στο 2109229058 ή στο info@axon.com.gr. Η έμπειρη ομάδα μας σας απαντά γρήγορα και με συνέπεια, προτείνοντας λύσεις προσαρμοσμένες στις ανάγκες σας και συνοδεύοντας κάθε βήμα της αναζήτησής σας μέχρι να αποκτήσετε το ιδανικό σπίτι. Ένας εξειδικευμένος συνεργάτης είναι πάντα στη διάθεσή σας για άμεσο ραντεβού και υπεύθυνη ενημέρωση, ώστε να απολαύσετε μια πραγματικά ανώτερη εμπειρία αγοράς ακινήτου.<br />
<br />
Παρακαλείται ο ενδιαφερόμενος όπως, κατά την προσέλευση στο ραντεβού, φέρει απαραιτήτως μαζί του την αστυνομική του ταυτότητα, για λόγους ταυτοποίησης.<br />
<br />
Axon Real Estate, Τηλέφωνο Επικοινωνίας: 2109229058, email: info@axon.com.gr, website: www.axonrealestate.gr","4000",,"0","0","6","1","0","2026-05-05","8","10","0","no","no","0","Αθήνα - Νότια Προάστια (Αττική)","Δάφνη (Αθήνα - Νότια Προάστια)","1","105103","102","2209",,"Double","4","6","0","0","1","1219826757","https://m1.spitogatos.gr/352398921_1600x1200.jpg?v=20130730","https://m3.spitogatos.gr/352398923_1600x1200.jpg?v=20130730","https://m1.spitogatos.gr/352398927_1600x1200.jpg?v=20130730","https://m1.spitogatos.gr/352398936_1600x1200.jpg?v=20130730","https://m1.spitogatos.gr/352398942_1600x1200.jpg?v=20130730","https://m3.spitogatos.gr/352398947_1600x1200.jpg?v=20130730","https://m1.spitogatos.gr/352398954_1600x1200.jpg?v=20130730","https://m2.spitogatos.gr/352398961_1600x1200.jpg?v=20130730","https://m2.spitogatos.gr/352398967_1600x1200.jpg?v=20130730","https://m3.spitogatos.gr/352398974_1600x1200.jpg?v=20130730","https://m3.spitogatos.gr/352398980_1600x1200.jpg?v=20130730","https://m1.spitogatos.gr/352398987_1600x1200.jpg?v=20130730","https://m1.spitogatos.gr/352398993_1600x1200.jpg?v=20130730","https://m1.spitogatos.gr/352398999_1600x1200.jpg?v=20130730","https://m3.spitogatos.gr/352399004_1600x1200.jpg?v=20130730","https://m2.spitogatos.gr/352399009_1600x1200.jpg?v=20130730","https://m2.spitogatos.gr/352399015_1600x1200.jpg?v=20130730","https://m2.spitogatos.gr/352399018_1600x1200.jpg?v=20130730","https://m1.spitogatos.gr/352399020_1600x1200.jpg?v=20130730","https://m3.spitogatos.gr/352399022_1600x1200.jpg?v=20130730","https://m3.spitogatos.gr/352399025_1600x1200.jpg?v=20130730",,,,,"0","1","2","1","37.945858","1","1","23.740807",,"0","0",,"2026-05-05","0","0","0","1","1","5","1","0","0","1","0","0","0","1100",,,"0","0","0","0","9.17",,,"1","3","6","1","1","2025","0","1","3","0","1","1","120","0",,"1","1","0","2026-05-05","https://www.spitogatos.gr/en/property/1219826757","1","1","1980","B9iOV0YJyIc","residential"
"0","2","no","simple","1",,,,,"1","0","0","0","2026-05-27","0","0","1","15","1","0","false","house","0","15","0","Κωδικός Ακινήτου: #11822. Νέος Κόσμος, Κυνοσάργους: Ενοικιάζεται μερικώς ανακαινισμένο διαμπερές Διαμέρισμα 55τ.μ. στον 2ο όροφο με ασανσέρ. Αποτελείται από 1 υπνοδωμάτιο, 1 κουζίνα, 1 σαλόνι, και μπάνιο. Είναι κατασκευασμένο το 1970, βαμμένο, κοντά σε ΜΕΣΑ ΜΑΖΙΚΗΣ ΜΕΤΑΦΟΡΑΣ και διαθέτει κουφώματα αλουμινίου με διπλά τζάμια, δάπεδα από πλακάκι & ξύλο, σίτες.. Επιπλέον χαρακτηριστικά: ΗΛΕΚΤΡΙΚΑ ΡΟΛΑ, ΠΑΤΑΡΙ ΑΠΟΘΗΚΕΥΣΗΣ .<br><br />
Τιμή 700€ | Κωδικός Ακινήτου: #11822<br><br />
<br /> ΚΑΤΑ ΤΗΝ ΥΠΟΔΕΙΞΗ ΤΟΥ ΑΚΙΝΗΤΟΥ ΑΠΑΙΤΕΙΤΑΙ ΝΑ ΓΙΝΕΤΑΙ ΕΠΙΔΕΙΞΗ ΤΗΣ ΑΣΤΥΝΟΜΙΚΗΣ ΣΑΣ ΤΑΥΤΟΤΗΤΑΣ ΣΥΜΦΩΝΑ ΜΕ ΤΟΝ Ν.4072/11-04-2012 Φ.Ε.Κ 86Α<br /><br />ΤΑ ΣΤΟΙΧΕΙΑ ΤΩΝ ΑΚΙΝΗΤΩΝ ΕΙΝΑΙ ΚΑΤΑ ΔΗΛΩΣΗ ΤΟΥ ΙΔΙΟΚΤΗΤΗ<br /><br />ΑΚΙΝΗΤΑ ΑΠΟΚΛΕΙΣΤΙΚΗΣ ΔΙΑΘΕΣΗΣ ΜΕ ΦΩΤΟΓΡΑΦΙΕΣ ΠΟΥ ΔΙΑΧΕΙΡΙΖΕΤΑΙ Η ΕΤΑΙΡΙΑ ΜΑΣ ΘΑ ΒΡΕΙΤΕ ΣΤΗΝ ΙΣΤΟΣΕΛΙΔΑ ΜΑΣ<br /><br /> ►WEBSITE: www.tzelihome.gr<br /><br /> ✔ ΓΙΑ ΤΗΝ ΚΑΛΥΤΕΡΗ ΕΞΥΠΗΡΕΤΗΣΗ ΣΑΣ ΧΡΗΣΙΜΟΠΟΙΕΙΣΤΕ ΤΟΝ ΚΩΔΙΚΟ ΑΚΙΝΗΤΟΥ ΠΟΥ ΑΝΑΓΡΑΦΕΤΑΙ ΣΤΗΝ ΠΕΡΙΓΡΑΦΗ<br /> ✔ Η ΔΙΕΥΘΥΝΣΗ ΣΤΟΝ ΧΑΡΤΗ ΕΧΕΙ ΤΟΠΟΘΕΤΗΘΕΙ ΚΑΤΑ ΠΡΟΣΕΓΓΙΣΗ<br /> ✔ ΟΙ ΑΚΡΙΒΕΙΣ ΠΛΗΡΟΦΟΡΙΕΣ ΤΗΣ ΔΙΕΥΘΥΝΣΗΣ ΠΑΡΕΧΟΝΤΑΙ ΣΤΗΝ ΥΠΟΔΕΙΞΗ ΤΟΥ ΑΚΙΝΗΤΟΥ<br /><br /> ΜΕΣΙΤΙΚΟ ΓΡΑΦΕΙΟ TZELI HOME<br /> ΥΜΗΤΤΟΥ 41 , ΚΑΙΣΑΡΙΑΝΗ , ΤΚ 16121<br /><br /> ΕΠΙΚΟΙΝΩΝΗΣΤΕ ΜΑΖΙ ΜΑΣ:<br /> ►WEBSITE : www.tzelihome.gr<br /> ►E-MAIL : tzelihome@gmail.com<br /> ►ΚΙΝΗΤΟ : 6906.062.919 <br /> ►ΤΗΛΕΦΩΝΟ : 211.001.4573 & 211.001.4574<br>","5000",,"0","1","7","0","0","2026-05-27","7","10","0","no","no","0","Αθήνα - Κέντρο (Αττική)","Νέος Κόσμος (Αθήνα - Κέντρο)","1","105103","100","2033","5147","Double","1","4","0","0","1","1219964494","https://m1.spitogatos.gr/354885807_1600x1200.jpg?v=20130730","https://m2.spitogatos.gr/354885808_1600x1200.jpg?v=20130730","https://m2.spitogatos.gr/354885811_1600x1200.jpg?v=20130730","https://m2.spitogatos.gr/354885814_1600x1200.jpg?v=20130730","https://m2.spitogatos.gr/354885817_1600x1200.jpg?v=20130730","https://m2.spitogatos.gr/354885820_1600x1200.jpg?v=20130730","https://m2.spitogatos.gr/354885823_1600x1200.jpg?v=20130730","https://m2.spitogatos.gr/354885826_1600x1200.jpg?v=20130730","https://m1.spitogatos.gr/354885828_1600x1200.jpg?v=20130730","https://m3.spitogatos.gr/354885830_1600x1200.jpg?v=20130730","https://m2.spitogatos.gr/354885832_1600x1200.jpg?v=20130730","https://m3.spitogatos.gr/354885833_1600x1200.jpg?v=20130730","https://m2.spitogatos.gr/354885835_1600x1200.jpg?v=20130730","https://m1.spitogatos.gr/354885837_1600x1200.jpg?v=20130730","https://m3.spitogatos.gr/354885839_1600x1200.jpg?v=20130730","https://m2.spitogatos.gr/354885841_1600x1200.jpg?v=20130730","https://m1.spitogatos.gr/354885843_1600x1200.jpg?v=20130730","https://m3.spitogatos.gr/354885845_1600x1200.jpg?v=20130730","https://m2.spitogatos.gr/354885847_1600x1200.jpg?v=20130730","https://m2.spitogatos.gr/354885850_1600x1200.jpg?v=20130730","https://m1.spitogatos.gr/354885852_1600x1200.jpg?v=20130730","https://m2.spitogatos.gr/354885853_1600x1200.jpg?v=20130730","https://m1.spitogatos.gr/354885855_1600x1200.jpg?v=20130730","https://m1.spitogatos.gr/354885858_1600x1200.jpg?v=20130730","https://m1.spitogatos.gr/354885861_1600x1200.jpg?v=20130730","0","0","2","1","37.965824","1","1","23.732143",,"0","0","0","2026-06-04","0","0","0","0","1","2","1","0","1",,"0","0","0","700",,,"0","0","0","0","12.73",,,"1","3","6","1","1","2025","0","1","1","0","0","0","55","0",,"0","1","0","2026-05-27","https://www.spitogatos.gr/en/property/1219964494","0",,"1970","1USkl6NVZx0","residential"
"0","2","no","simple","1",,,,,"0","0","0","0","2026-05-26","0","1","0","8","1","0","false","house","0","20","0","Κωδικός Ακινήτου: #11800  -  Νέος Κόσμος, Κέντρο: Ενοικιάζεται ανακαινισμένο και ιδιαίτερα λειτουργικό διαμέρισμα 68 τ.μ., στον 2ο όροφο πολυκατοικίας με ασανσέρ, σε σημείο με εύκολη πρόσβαση σε μέσα μαζικής μεταφοράς και καθημερινές ανέσεις. Το ακίνητο διαθέτει άνετους και φωτεινούς χώρους και αποτελείται από δύο υπνοδωμάτια, ευρύχωρο σαλόνι, ανεξάρτητη κουζίνα και μπάνιο, καλύπτοντας ιδανικά τις ανάγκες μιας οικογένειας ή ζευγαριού. Κατασκευής 1980, προσφέρει πρακτικότητα και άνεση στην καθημερινή διαβίωση. Διαθέτει κουφώματα αλουμινίου, πόρτα ασφαλείας, δάπεδα από πλακάκι και ξύλο, καθώς και τέντες, ενώ το πατάρι αποθήκευσης προσφέρει επιπλέον αποθηκευτικό χώρο. Μία προσεγμένη επιλογή κατοικίας σε προνομιακή τοποθεσία, ιδανική για όσους αναζητούν ένα άνετο και λειτουργικό σπίτι μέσα στην πόλη.<br><br />
 <br><br />
Τιμή 800€ | Κωδικός Ακινήτου: #11800<br><br />
 <br><br />
 <br><br />
<br /> ΚΑΤΑ ΤΗΝ ΥΠΟΔΕΙΞΗ ΤΟΥ ΑΚΙΝΗΤΟΥ ΑΠΑΙΤΕΙΤΑΙ ΝΑ ΓΙΝΕΤΑΙ ΕΠΙΔΕΙΞΗ ΤΗΣ ΑΣΤΥΝΟΜΙΚΗΣ ΣΑΣ ΤΑΥΤΟΤΗΤΑΣ ΣΥΜΦΩΝΑ ΜΕ ΤΟΝ Ν.4072/11-04-2012 Φ.Ε.Κ 86Α<br /><br />ΤΑ ΣΤΟΙΧΕΙΑ ΤΩΝ ΑΚΙΝΗΤΩΝ ΕΙΝΑΙ ΚΑΤΑ ΔΗΛΩΣΗ ΤΟΥ ΙΔΙΟΚΤΗΤΗ<br /><br />ΑΚΙΝΗΤΑ ΑΠΟΚΛΕΙΣΤΙΚΗΣ ΔΙΑΘΕΣΗΣ ΜΕ ΦΩΤΟΓΡΑΦΙΕΣ ΠΟΥ ΔΙΑΧΕΙΡΙΖΕΤΑΙ Η ΕΤΑΙΡΙΑ ΜΑΣ ΘΑ ΒΡΕΙΤΕ ΣΤΗΝ ΙΣΤΟΣΕΛΙΔΑ ΜΑΣ<br /><br /> ►WEBSITE: www.tzelihome.gr<br /><br /> ✔ ΓΙΑ ΤΗΝ ΚΑΛΥΤΕΡΗ ΕΞΥΠΗΡΕΤΗΣΗ ΣΑΣ ΧΡΗΣΙΜΟΠΟΙΕΙΣΤΕ ΤΟΝ ΚΩΔΙΚΟ ΑΚΙΝΗΤΟΥ ΠΟΥ ΑΝΑΓΡΑΦΕΤΑΙ ΣΤΗΝ ΠΕΡΙΓΡΑΦΗ<br /> ✔ Η ΔΙΕΥΘΥΝΣΗ ΣΤΟΝ ΧΑΡΤΗ ΕΧΕΙ ΤΟΠΟΘΕΤΗΘΕΙ ΚΑΤΑ ΠΡΟΣΕΓΓΙΣΗ<br /> ✔ ΟΙ ΑΚΡΙΒΕΙΣ ΠΛΗΡΟΦΟΡΙΕΣ ΤΗΣ ΔΙΕΥΘΥΝΣΗΣ ΠΑΡΕΧΟΝΤΑΙ ΣΤΗΝ ΥΠΟΔΕΙΞΗ ΤΟΥ ΑΚΙΝΗΤΟΥ<br /><br /> ΜΕΣΙΤΙΚΟ ΓΡΑΦΕΙΟ TZELI HOME<br /> ΥΜΗΤΤΟΥ 41 , ΚΑΙΣΑΡΙΑΝΗ , ΤΚ 16121<br /><br /> ΕΠΙΚΟΙΝΩΝΗΣΤΕ ΜΑΖΙ ΜΑΣ:<br /> ►WEBSITE : www.tzelihome.gr<br /> ►E-MAIL : tzelihome@gmail.com<br /> ►ΚΙΝΗΤΟ : 6906.062.919 <br /> ►ΤΗΛΕΦΩΝΟ : 211.001.4573 & 211.001.4574<br>","5000",,"0","1","7","0","0","2026-05-26","7","10","0","no","no","0","Αθήνα - Κέντρο (Αττική)","Νέος Κόσμος (Αθήνα - Κέντρο)","1","105103","100","2033","5144","Single","3","1","0","0","1","1219954880","https://m3.spitogatos.gr/354697262_1600x1200.jpg?v=20130730","https://m2.spitogatos.gr/354697267_1600x1200.jpg?v=20130730","https://m1.spitogatos.gr/354697275_1600x1200.jpg?v=20130730","https://m2.spitogatos.gr/354697282_1600x1200.jpg?v=20130730","https://m2.spitogatos.gr/354697288_1600x1200.jpg?v=20130730","https://m1.spitogatos.gr/354697293_1600x1200.jpg?v=20130730","https://m2.spitogatos.gr/354697297_1600x1200.jpg?v=20130730","https://m1.spitogatos.gr/354697302_1600x1200.jpg?v=20130730","https://m1.spitogatos.gr/354697305_1600x1200.jpg?v=20130730","https://m3.spitogatos.gr/354697310_1600x1200.jpg?v=20130730","https://m1.spitogatos.gr/354697314_1600x1200.jpg?v=20130730","https://m3.spitogatos.gr/354697319_1600x1200.jpg?v=20130730","https://m1.spitogatos.gr/354697323_1600x1200.jpg?v=20130730","https://m2.spitogatos.gr/354697327_1600x1200.jpg?v=20130730","https://m2.spitogatos.gr/354697330_1600x1200.jpg?v=20130730","https://m3.spitogatos.gr/354697331_1600x1200.jpg?v=20130730","https://m3.spitogatos.gr/354697334_1600x1200.jpg?v=20130730","https://m2.spitogatos.gr/354697336_1600x1200.jpg?v=20130730","https://m3.spitogatos.gr/354697340_1600x1200.jpg?v=20130730","https://m2.spitogatos.gr/354697342_1600x1200.jpg?v=20130730","https://m1.spitogatos.gr/354697344_1600x1200.jpg?v=20130730","https://m1.spitogatos.gr/354697347_1600x1200.jpg?v=20130730","https://m1.spitogatos.gr/354697350_1600x1200.jpg?v=20130730","https://m3.spitogatos.gr/354697352_1600x1200.jpg?v=20130730","https://m2.spitogatos.gr/354697354_1600x1200.jpg?v=20130730","0","0","2","1","37.953556","1","1","23.724157",,"0","0","0","2026-05-26","0","0","0","0","1","3","0","0","0",,"0","0","0","800",,,"0","0","0","0","11.76",,,"1","3","6","1","0",,"0","1","2","0","1","0","68","0",,"0","1","0","2026-05-26","https://www.spitogatos.gr/en/property/1219954880","0",,"1980","-ki90FnTlmY","residential"
"1","4","no","simple","1",,,,,"0","0","0","0","2026-05-18","0","1","1","14","0","0","false","house","0","15","0"," Κωδικός Ακινήτου: #11676. Νέος Κόσμος, Άγιος Ιωάννης: Ενοικιάζεται πλήρως ανακαινισμένο Διαμέρισμα 40τ.μ. στον 4ο όροφο με ασανσέρ με αυτόνομη θέρμανση υγραερίου. Αποτελείται από 1 υπνοδωμάτιο, 1 κουζίνα, 1 σαλόνι και μπάνιο. Είναι κατασκευασμένο το 1978, βαμμένο, κοντά σε ΜΕΣΑ ΜΑΖΙΚΗΣ ΜΕΤΑΦΟΡΑΣ και διαθέτει κουφώματα αλουμινίου, πόρτα ασφαλείας, κλιματισμό,  δάπεδα από πλακάκι, τέντες.. Επιπλέον χαρακτηριστικά: ΘΥΡΟΤΗΛΕΟΡΑΣΗ.<br><br />
Τιμή 650€ | Κωδικός Ακινήτου: #11676<br><br />
<br /> ΚΑΤΑ ΤΗΝ ΥΠΟΔΕΙΞΗ ΤΟΥ ΑΚΙΝΗΤΟΥ ΑΠΑΙΤΕΙΤΑΙ ΝΑ ΓΙΝΕΤΑΙ ΕΠΙΔΕΙΞΗ ΤΗΣ ΑΣΤΥΝΟΜΙΚΗΣ ΣΑΣ ΤΑΥΤΟΤΗΤΑΣ ΣΥΜΦΩΝΑ ΜΕ ΤΟΝ Ν.4072/11-04-2012 Φ.Ε.Κ 86Α<br /><br />ΤΑ ΣΤΟΙΧΕΙΑ ΤΩΝ ΑΚΙΝΗΤΩΝ ΕΙΝΑΙ ΚΑΤΑ ΔΗΛΩΣΗ ΤΟΥ ΙΔΙΟΚΤΗΤΗ<br /><br />ΑΚΙΝΗΤΑ ΑΠΟΚΛΕΙΣΤΙΚΗΣ ΔΙΑΘΕΣΗΣ ΜΕ ΦΩΤΟΓΡΑΦΙΕΣ ΠΟΥ ΔΙΑΧΕΙΡΙΖΕΤΑΙ Η ΕΤΑΙΡΙΑ ΜΑΣ ΘΑ ΒΡΕΙΤΕ ΣΤΗΝ ΙΣΤΟΣΕΛΙΔΑ ΜΑΣ<br /><br /> ►WEBSITE: www.tzelihome.gr<br /><br /> ✔ ΓΙΑ ΤΗΝ ΚΑΛΥΤΕΡΗ ΕΞΥΠΗΡΕΤΗΣΗ ΣΑΣ ΧΡΗΣΙΜΟΠΟΙΕΙΣΤΕ ΤΟΝ ΚΩΔΙΚΟ ΑΚΙΝΗΤΟΥ ΠΟΥ ΑΝΑΓΡΑΦΕΤΑΙ ΣΤΗΝ ΠΕΡΙΓΡΑΦΗ<br /> ✔ Η ΔΙΕΥΘΥΝΣΗ ΣΤΟΝ ΧΑΡΤΗ ΕΧΕΙ ΤΟΠΟΘΕΤΗΘΕΙ ΚΑΤΑ ΠΡΟΣΕΓΓΙΣΗ<br /> ✔ ΟΙ ΑΚΡΙΒΕΙΣ ΠΛΗΡΟΦΟΡΙΕΣ ΤΗΣ ΔΙΕΥΘΥΝΣΗΣ ΠΑΡΕΧΟΝΤΑΙ ΣΤΗΝ ΥΠΟΔΕΙΞΗ ΤΟΥ ΑΚΙΝΗΤΟΥ<br /><br /> ΜΕΣΙΤΙΚΟ ΓΡΑΦΕΙΟ TZELI HOME<br /> ΥΜΗΤΤΟΥ 41 , ΚΑΙΣΑΡΙΑΝΗ , ΤΚ 16121<br /><br /> ΕΠΙΚΟΙΝΩΝΗΣΤΕ ΜΑΖΙ ΜΑΣ:<br /> ►WEBSITE : www.tzelihome.gr<br /> ►E-MAIL : tzelihome@gmail.com<br /> ►ΚΙΝΗΤΟ : 6906.062.919 <br /> ►ΤΗΛΕΦΩΝΟ : 211.001.4573 & 211.001.4574<br>","6500",,"0","1","6","0","0","2026-05-18","9","4","0","no","no","0","Αθήνα - Κέντρο (Αττική)","Νέος Κόσμος (Αθήνα - Κέντρο)","1","105103","100","2033","5146","Single","1","3","0","0","1","1219906348","https://m2.spitogatos.gr/353835103_1600x1200.jpg?v=20130730","https://m3.spitogatos.gr/353835104_1600x1200.jpg?v=20130730","https://m1.spitogatos.gr/353835105_1600x1200.jpg?v=20130730","https://m2.spitogatos.gr/353835106_1600x1200.jpg?v=20130730","https://m3.spitogatos.gr/353835107_1600x1200.jpg?v=20130730","https://m1.spitogatos.gr/353835108_1600x1200.jpg?v=20130730","https://m3.spitogatos.gr/353835110_1600x1200.jpg?v=20130730","https://m1.spitogatos.gr/353835111_1600x1200.jpg?v=20130730","https://m3.spitogatos.gr/353835113_1600x1200.jpg?v=20130730","https://m2.spitogatos.gr/353835115_1600x1200.jpg?v=20130730","https://m1.spitogatos.gr/353835117_1600x1200.jpg?v=20130730","https://m3.spitogatos.gr/353835122_1600x1200.jpg?v=20130730","https://m2.spitogatos.gr/353835124_1600x1200.jpg?v=20130730","https://m3.spitogatos.gr/353835128_1600x1200.jpg?v=20130730","https://m3.spitogatos.gr/353835131_1600x1200.jpg?v=20130730","https://m3.spitogatos.gr/353835134_1600x1200.jpg?v=20130730","https://m3.spitogatos.gr/353835137_1600x1200.jpg?v=20130730","https://m2.spitogatos.gr/353835142_1600x1200.jpg?v=20130730","https://m1.spitogatos.gr/353835144_1600x1200.jpg?v=20130730","https://m1.spitogatos.gr/353835147_1600x1200.jpg?v=20130730","https://m1.spitogatos.gr/353835150_1600x1200.jpg?v=20130730","https://m1.spitogatos.gr/353835153_1600x1200.jpg?v=20130730","https://m3.spitogatos.gr/353835155_1600x1200.jpg?v=20130730","https://m2.spitogatos.gr/353835157_1600x1200.jpg?v=20130730","https://m1.spitogatos.gr/353835159_1600x1200.jpg?v=20130730","0","0","2","1","37.957508","1","1","23.735533",,"0","0","0","2026-05-27","0","0","0","0","1","3","1","0","0",,"0","0","0","650",,,"0","0","0","0","16.25",,,"1","3","6","1","1","2020","0","1","1","0","1","0","40","0",,"0","1","0","2026-05-18","https://www.spitogatos.gr/en/property/1219906348","0",,"1978","TRi7DcKIeP8","residential"
"1","Lower Ground","no","simple","1",,,,,"1","0","0","0","2026-04-18","0","0","0","1","1","0","false","house","0","10","0"," <br><br />
Κωδικός Ακινήτου: #11273 — Νέος Κόσμος, περιοχή Κυνοσάργους: Διατίθεται προς ενοικίαση ένα κομψό, πλήρως ανακαινισμένο και διαμπερές διαμέρισμα 45 τ.μ., σε ημιυπόγειο επίπεδο, με σύγχρονη ενδοδαπέδια θέρμανση που εξασφαλίζει άνεση όλο τον χρόνο. Το ακίνητο αποτελείται από ένα άνετο υπνοδωμάτιο, λειτουργική κουζίνα, ευχάριστο καθιστικό και σύγχρονο μπάνιο, ενώ προσφέρεται πλήρως επιπλωμένο, έτοιμο να καλύψει άμεσα τις ανάγκες του νέου ενοικιαστή. Κατασκευής 1965, έχει ανακαινιστεί πλήρως και είναι φρεσκοβαμμένο, συνδυάζοντας χαρακτήρα με σύγχρονες παροχές. Διαθέτει κουφώματα αλουμινίου με διπλά τζάμια για καλύτερη ηχομόνωση και θερμομόνωση, πόρτα ασφαλείας, κλιματισμό, δάπεδα από πλακάκι, σίτες και ηλιακό θερμοσίφωνα. Βρίσκεται σε ιδιαίτερα προνομιακή τοποθεσία, πολύ κοντά στο κέντρο της πόλης, με εύκολη πρόσβαση σε μέσα μεταφοράς και βασικές υποδομές, ενώ τα κοινόχρηστα παραμένουν σε χαμηλά επίπεδα, αποτελώντας μια εξαιρετική επιλογή για όσους αναζητούν άνεση και πρακτικότητα σε κεντρικό σημείο.<br><br />
 <br><br />
Τιμή: 680€ — Κωδικός Ακινήτου: #11273<br><br />
ΚΑΤΑ ΤΗΝ ΥΠΟΔΕΙΞΗ ΤΟΥ ΑΚΙΝΗΤΟΥ ΑΠΑΙΤΕΙΤΑΙ ΝΑ ΓΙΝΕΤΑΙ ΕΠΙΔΕΙΞΗ ΤΗΣ ΑΣΤΥΝΟΜΙΚΗΣ ΣΑΣ ΤΑΥΤΟΤΗΤΑΣ ΣΥΜΦΩΝΑ ΜΕ ΤΟΝ Ν.4072/11-04-2012 Φ.Ε.Κ 86Α<br /><br />ΤΑ ΣΤΟΙΧΕΙΑ ΤΩΝ ΑΚΙΝΗΤΩΝ ΕΙΝΑΙ ΚΑΤΑ ΔΗΛΩΣΗ ΤΟΥ ΙΔΙΟΚΤΗΤΗ<br /><br />ΑΚΙΝΗΤΑ ΑΠΟΚΛΕΙΣΤΙΚΗΣ ΔΙΑΘΕΣΗΣ ΜΕ ΦΩΤΟΓΡΑΦΙΕΣ ΠΟΥ ΔΙΑΧΕΙΡΙΖΕΤΑΙ Η ΕΤΑΙΡΙΑ ΜΑΣ ΘΑ ΒΡΕΙΤΕ ΣΤΗΝ ΙΣΤΟΣΕΛΙΔΑ ΜΑΣ<br /><br /> ►WEBSITE: www.tzelihome.gr<br /><br /> ✔ ΓΙΑ ΤΗΝ ΚΑΛΥΤΕΡΗ ΕΞΥΠΗΡΕΤΗΣΗ ΣΑΣ ΧΡΗΣΙΜΟΠΟΙΕΙΣΤΕ ΤΟΝ ΚΩΔΙΚΟ ΑΚΙΝΗΤΟΥ ΠΟΥ ΑΝΑΓΡΑΦΕΤΑΙ ΣΤΗΝ ΠΕΡΙΓΡΑΦΗ<br /> ✔ Η ΔΙΕΥΘΥΝΣΗ ΣΤΟΝ ΧΑΡΤΗ ΕΧΕΙ ΤΟΠΟΘΕΤΗΘΕΙ ΚΑΤΑ ΠΡΟΣΕΓΓΙΣΗ<br /> ✔ ΟΙ ΑΚΡΙΒΕΙΣ ΠΛΗΡΟΦΟΡΙΕΣ ΤΗΣ ΔΙΕΥΘΥΝΣΗΣ ΠΑΡΕΧΟΝΤΑΙ ΣΤΗΝ ΥΠΟΔΕΙΞΗ ΤΟΥ ΑΚΙΝΗΤΟΥ<br /><br /> ΜΕΣΙΤΙΚΟ ΓΡΑΦΕΙΟ TZELI HOME<br /> ΥΜΗΤΤΟΥ 41 , ΚΑΙΣΑΡΙΑΝΗ , ΤΚ 16121<br /><br /> ΕΠΙΚΟΙΝΩΝΗΣΤΕ ΜΑΖΙ ΜΑΣ:<br /> ►WEBSITE : www.tzelihome.gr<br /> ►E-MAIL : tzelihome@gmail.com<br /> ►ΚΙΝΗΤΟ : 6906.062.919 <br /> ►ΤΗΛΕΦΩΝΟ : 211.001.4573 & 211.001.4574<br>","6000",,"0","0","7","0","0","2026-04-18","2","4","0","yes","no","0","Αθήνα - Κέντρο (Αττική)","Νέος Κόσμος (Αθήνα - Κέντρο)","1","105103","100","2033","5147","Double","1","4","1","0","1","1219736455","https://m3.spitogatos.gr/351385661_1600x1200.jpg?v=20130730","https://m1.spitogatos.gr/351385662_1600x1200.jpg?v=20130730","https://m2.spitogatos.gr/351385663_1600x1200.jpg?v=20130730","https://m3.spitogatos.gr/351385664_1600x1200.jpg?v=20130730","https://m1.spitogatos.gr/351385665_1600x1200.jpg?v=20130730","https://m2.spitogatos.gr/351385666_1600x1200.jpg?v=20130730","https://m3.spitogatos.gr/351385667_1600x1200.jpg?v=20130730","https://m1.spitogatos.gr/351385668_1600x1200.jpg?v=20130730","https://m2.spitogatos.gr/351385669_1600x1200.jpg?v=20130730","https://m1.spitogatos.gr/351385671_1600x1200.jpg?v=20130730","https://m2.spitogatos.gr/351385675_1600x1200.jpg?v=20130730","https://m1.spitogatos.gr/351385677_1600x1200.jpg?v=20130730","https://m1.spitogatos.gr/351385680_1600x1200.jpg?v=20130730","https://m3.spitogatos.gr/351385682_1600x1200.jpg?v=20130730","https://m2.spitogatos.gr/351385687_1600x1200.jpg?v=20130730","https://m3.spitogatos.gr/351385691_1600x1200.jpg?v=20130730","https://m1.spitogatos.gr/351385695_1600x1200.jpg?v=20130730","https://m3.spitogatos.gr/351385700_1600x1200.jpg?v=20130730","https://m1.spitogatos.gr/351385704_1600x1200.jpg?v=20130730","https://m3.spitogatos.gr/351385706_1600x1200.jpg?v=20130730","https://m1.spitogatos.gr/351385707_1600x1200.jpg?v=20130730","https://m2.spitogatos.gr/351385708_1600x1200.jpg?v=20130730","https://m3.spitogatos.gr/351385709_1600x1200.jpg?v=20130730","https://m1.spitogatos.gr/351385710_1600x1200.jpg?v=20130730","https://m2.spitogatos.gr/351385711_1600x1200.jpg?v=20130730","0","0","2","1","37.961578","1","1","23.727455",,"0","0","0","2026-04-23","0","0","0","0","1","11","1","0","1",,"0","0","0","680",,,"0","0","0","0","15.11",,,"1","3","6","1","1","2025","0","1","1","0","1","1","45","0",,"0","1","0","2026-04-18","https://www.spitogatos.gr/en/property/1219736455","0",,"1965","WmF6HivVj6s","residential"
"1","1","no","simple","1",,,,,"1","0","0","0","2026-04-17","0","1","1","8","1","0","false","house","0","0","0","Κωδικός Ακινήτου: #11270 — Στην καρδιά του Νέου Κόσμου, σε προνομιακή τοποθεσία με άμεση πρόσβαση στο κέντρο, διατίθεται προς ενοικίαση φωτεινό και διαμπερές διαμέρισμα 75 τ.μ., προσόψεως, στον 1ο όροφο καλοδιατηρημένης πολυκατοικίας με ασανσέρ. Το ακίνητο, κατασκευής 2010, προσφέρει άνεση και λειτουργικότητα, καθώς αποτελείται από δύο ευρύχωρα υπνοδωμάτια, άνετο σαλόνι, ανεξάρτητη κουζίνα, δύο μπάνια και πρακτικό αποθηκευτικό χώρο. Διατίθεται πλήρως επιπλωμένο και εξοπλισμένο, έτοιμο να καλύψει τις ανάγκες μιας σύγχρονης κατοικίας. Διαθέτει αυτόνομη θέρμανση φυσικού αερίου, κλιματισμό, κουφώματα αλουμινίου με διπλά τζάμια, πόρτα ασφαλείας, καθώς και δάπεδα από πλακάκι και ξύλο που συνδυάζουν αισθητική και αντοχή. Στα επιπλέον πλεονεκτήματα περιλαμβάνονται η θυροτηλεόραση, οι τέντες και η εξωτερική καλυμμένη θέση στάθμευσης, στοιχεία που ενισχύουν την άνεση και την ασφάλεια της καθημερινότητας. Μια εξαιρετική επιλογή για όσους αναζητούν ποιοτική διαμονή σε κεντρικό σημείο της πόλης.<br><br />
 <br><br />
Τιμή ενοικίασης: 950€ — Κωδικός Ακινήτου: #11270<br><br />
 <br><br />
ΚΑΤΑ ΤΗΝ ΥΠΟΔΕΙΞΗ ΤΟΥ ΑΚΙΝΗΤΟΥ ΑΠΑΙΤΕΙΤΑΙ ΝΑ ΓΙΝΕΤΑΙ ΕΠΙΔΕΙΞΗ ΤΗΣ ΑΣΤΥΝΟΜΙΚΗΣ ΣΑΣ ΤΑΥΤΟΤΗΤΑΣ ΣΥΜΦΩΝΑ ΜΕ ΤΟΝ Ν.4072/11-04-2012 Φ.Ε.Κ 86Α<br /><br />ΤΑ ΣΤΟΙΧΕΙΑ ΤΩΝ ΑΚΙΝΗΤΩΝ ΕΙΝΑΙ ΚΑΤΑ ΔΗΛΩΣΗ ΤΟΥ ΙΔΙΟΚΤΗΤΗ<br /><br />ΑΚΙΝΗΤΑ ΑΠΟΚΛΕΙΣΤΙΚΗΣ ΔΙΑΘΕΣΗΣ ΜΕ ΦΩΤΟΓΡΑΦΙΕΣ ΠΟΥ ΔΙΑΧΕΙΡΙΖΕΤΑΙ Η ΕΤΑΙΡΙΑ ΜΑΣ ΘΑ ΒΡΕΙΤΕ ΣΤΗΝ ΙΣΤΟΣΕΛΙΔΑ ΜΑΣ<br /><br /> ►WEBSITE: www.tzelihome.gr<br /><br /> ✔ ΓΙΑ ΤΗΝ ΚΑΛΥΤΕΡΗ ΕΞΥΠΗΡΕΤΗΣΗ ΣΑΣ ΧΡΗΣΙΜΟΠΟΙΕΙΣΤΕ ΤΟΝ ΚΩΔΙΚΟ ΑΚΙΝΗΤΟΥ ΠΟΥ ΑΝΑΓΡΑΦΕΤΑΙ ΣΤΗΝ ΠΕΡΙΓΡΑΦΗ<br /> ✔ Η ΔΙΕΥΘΥΝΣΗ ΣΤΟΝ ΧΑΡΤΗ ΕΧΕΙ ΤΟΠΟΘΕΤΗΘΕΙ ΚΑΤΑ ΠΡΟΣΕΓΓΙΣΗ<br /> ✔ ΟΙ ΑΚΡΙΒΕΙΣ ΠΛΗΡΟΦΟΡΙΕΣ ΤΗΣ ΔΙΕΥΘΥΝΣΗΣ ΠΑΡΕΧΟΝΤΑΙ ΣΤΗΝ ΥΠΟΔΕΙΞΗ ΤΟΥ ΑΚΙΝΗΤΟΥ<br /><br /> ΜΕΣΙΤΙΚΟ ΓΡΑΦΕΙΟ TZELI HOME<br /> ΥΜΗΤΤΟΥ 41 , ΚΑΙΣΑΡΙΑΝΗ , ΤΚ 16121<br /><br /> ΕΠΙΚΟΙΝΩΝΗΣΤΕ ΜΑΖΙ ΜΑΣ:<br /> ►WEBSITE : www.tzelihome.gr<br /> ►E-MAIL : tzelihome@gmail.com<br /> ►ΚΙΝΗΤΟ : 6906.062.919 <br /> ►ΤΗΛΕΦΩΝΟ : 211.001.4573 & 211.001.4574<br>","6000",,"0","1","6","1","0","2026-04-17","6","10","0","yes","yes","0","Αθήνα - Κέντρο (Αττική)","Νέος Κόσμος (Αθήνα - Κέντρο)","1","105103","100","2033","5144","Double","1","2","0","0","1","1219733503","https://m1.spitogatos.gr/350856510_1600x1200.jpg?v=20130730","https://m2.spitogatos.gr/350856511_1600x1200.jpg?v=20130730","https://m3.spitogatos.gr/350856512_1600x1200.jpg?v=20130730","https://m1.spitogatos.gr/350856513_1600x1200.jpg?v=20130730","https://m2.spitogatos.gr/350856514_1600x1200.jpg?v=20130730","https://m3.spitogatos.gr/350856515_1600x1200.jpg?v=20130730","https://m1.spitogatos.gr/350856516_1600x1200.jpg?v=20130730","https://m2.spitogatos.gr/350856517_1600x1200.jpg?v=20130730","https://m1.spitogatos.gr/350856519_1600x1200.jpg?v=20130730","https://m3.spitogatos.gr/350856521_1600x1200.jpg?v=20130730","https://m1.spitogatos.gr/350856522_1600x1200.jpg?v=20130730","https://m2.spitogatos.gr/350856523_1600x1200.jpg?v=20130730","https://m3.spitogatos.gr/350856524_1600x1200.jpg?v=20130730","https://m1.spitogatos.gr/350856525_1600x1200.jpg?v=20130730","https://m2.spitogatos.gr/350856526_1600x1200.jpg?v=20130730","https://m3.spitogatos.gr/350856527_1600x1200.jpg?v=20130730","https://m2.spitogatos.gr/350856529_1600x1200.jpg?v=20130730","https://m3.spitogatos.gr/350856530_1600x1200.jpg?v=20130730","https://m1.spitogatos.gr/350856531_1600x1200.jpg?v=20130730","https://m3.spitogatos.gr/350856533_1600x1200.jpg?v=20130730","https://m2.spitogatos.gr/350856535_1600x1200.jpg?v=20130730","https://m3.spitogatos.gr/350856536_1600x1200.jpg?v=20130730","https://m2.spitogatos.gr/350856538_1600x1200.jpg?v=20130730","https://m3.spitogatos.gr/350856539_1600x1200.jpg?v=20130730","https://m3.spitogatos.gr/350856542_1600x1200.jpg?v=20130730","0","0","2","1","37.954815","1","1","23.722658",,"0","0","0","2026-07-23","0","0","0","0","2","11","0","0","0",,"0","0","0","950",,,"0","0","0","0","12.67",,,"1","3","6","1","0",,"0","1","2","0","1","0","75","1",,"0","1","0","2026-04-17","https://www.spitogatos.gr/en/property/1219733503","0",,"2010","kvodTymEvrE","residential"
"1","3","no","simple","1",,,,,"1","0","0","0","2026-04-14","0","0","1","10","1","0","false","house","0","15","0","Κωδικός Ακινήτου: #11227  Νέος Κόσμος, Κέντρο: Ενοικιάζεται πλήρως ανακαινισμένο και διαμπερές διαμέρισμα 65 τ.μ. στον 3ο όροφο χωρίς ασανσέρ, ιδανικό για άνετη και σύγχρονη διαβίωση. Το ακίνητο αποτελείται από δύο φωτεινά υπνοδωμάτια, ευχάριστο σαλόνι, λειτουργική κουζίνα και μπάνιο, προσφέροντας πρακτική διαρρύθμιση και άνεση στην καθημερινότητα. Έχει κατασκευαστεί το 1980 και είναι πρόσφατα βαμμένο, έτοιμο προς κατοίκηση. Διαθέτει όμορφη θέα, κουφώματα αλουμινίου με διπλά τζάμια για βελτιωμένη θερμομόνωση και ηχομόνωση, καθώς και κλιματισμό για ιδανικές συνθήκες καθ’ όλη τη διάρκεια του έτους. Τα δάπεδα από πλακάκι και ξύλο συνδυάζουν ανθεκτικότητα και ζεστή αισθητική. Βρίσκεται σε εξαιρετική τοποθεσία, κοντά σε μέσα μαζικής μεταφοράς, εξασφαλίζοντας εύκολη πρόσβαση σε κάθε σημείο της πόλης. Ένα προσεγμένο ακίνητο που αποτελεί ιδανική επιλογή για όσους αναζητούν άνεση και λειτουργικότητα.<br><br />
 <br><br />
 <br><br />
Τιμή 600€ | Κωδικός Ακινήτου: #11227<br><br />
 <br><br />
<br /> ΚΑΤΑ ΤΗΝ ΥΠΟΔΕΙΞΗ ΤΟΥ ΑΚΙΝΗΤΟΥ ΑΠΑΙΤΕΙΤΑΙ ΝΑ ΓΙΝΕΤΑΙ ΕΠΙΔΕΙΞΗ ΤΗΣ ΑΣΤΥΝΟΜΙΚΗΣ ΣΑΣ ΤΑΥΤΟΤΗΤΑΣ ΣΥΜΦΩΝΑ ΜΕ ΤΟΝ Ν.4072/11-04-2012 Φ.Ε.Κ 86Α<br /><br />ΤΑ ΣΤΟΙΧΕΙΑ ΤΩΝ ΑΚΙΝΗΤΩΝ ΕΙΝΑΙ ΚΑΤΑ ΔΗΛΩΣΗ ΤΟΥ ΙΔΙΟΚΤΗΤΗ<br /><br />ΑΚΙΝΗΤΑ ΑΠΟΚΛΕΙΣΤΙΚΗΣ ΔΙΑΘΕΣΗΣ ΜΕ ΦΩΤΟΓΡΑΦΙΕΣ ΠΟΥ ΔΙΑΧΕΙΡΙΖΕΤΑΙ Η ΕΤΑΙΡΙΑ ΜΑΣ ΘΑ ΒΡΕΙΤΕ ΣΤΗΝ ΙΣΤΟΣΕΛΙΔΑ ΜΑΣ<br /><br /> ►WEBSITE: www.tzelihome.gr<br /><br /> ✔ ΓΙΑ ΤΗΝ ΚΑΛΥΤΕΡΗ ΕΞΥΠΗΡΕΤΗΣΗ ΣΑΣ ΧΡΗΣΙΜΟΠΟΙΕΙΣΤΕ ΤΟΝ ΚΩΔΙΚΟ ΑΚΙΝΗΤΟΥ ΠΟΥ ΑΝΑΓΡΑΦΕΤΑΙ ΣΤΗΝ ΠΕΡΙΓΡΑΦΗ<br /> ✔ Η ΔΙΕΥΘΥΝΣΗ ΣΤΟΝ ΧΑΡΤΗ ΕΧΕΙ ΤΟΠΟΘΕΤΗΘΕΙ ΚΑΤΑ ΠΡΟΣΕΓΓΙΣΗ<br /> ✔ ΟΙ ΑΚΡΙΒΕΙΣ ΠΛΗΡΟΦΟΡΙΕΣ ΤΗΣ ΔΙΕΥΘΥΝΣΗΣ ΠΑΡΕΧΟΝΤΑΙ ΣΤΗΝ ΥΠΟΔΕΙΞΗ ΤΟΥ ΑΚΙΝΗΤΟΥ<br /><br /> ΜΕΣΙΤΙΚΟ ΓΡΑΦΕΙΟ TZELI HOME<br /> ΥΜΗΤΤΟΥ 41 , ΚΑΙΣΑΡΙΑΝΗ , ΤΚ 16121<br /><br /> ΕΠΙΚΟΙΝΩΝΗΣΤΕ ΜΑΖΙ ΜΑΣ:<br /> ►WEBSITE : www.tzelihome.gr<br /> ►E-MAIL : tzelihome@gmail.com<br /> ►ΚΙΝΗΤΟ : 6906.062.919 <br /> ►ΤΗΛΕΦΩΝΟ : 211.001.4573 & 211.001.4574<br>","4500",,"0","0","8","0","0","2026-04-14","8","10","0","no","no","0","Αθήνα - Κέντρο (Αττική)","Νέος Κόσμος (Αθήνα - Κέντρο)","1","105103","100","2033","5146","Double","1","4","0","0","1","1219703898","https://m2.spitogatos.gr/350337364_1600x1200.jpg?v=20130730","https://m3.spitogatos.gr/350337365_1600x1200.jpg?v=20130730","https://m2.spitogatos.gr/350337367_1600x1200.jpg?v=20130730","https://m1.spitogatos.gr/350337369_1600x1200.jpg?v=20130730","https://m2.spitogatos.gr/350337370_1600x1200.jpg?v=20130730","https://m1.spitogatos.gr/350337372_1600x1200.jpg?v=20130730","https://m2.spitogatos.gr/350337373_1600x1200.jpg?v=20130730","https://m3.spitogatos.gr/350337374_1600x1200.jpg?v=20130730","https://m3.spitogatos.gr/350337377_1600x1200.jpg?v=20130730","https://m1.spitogatos.gr/350337378_1600x1200.jpg?v=20130730","https://m1.spitogatos.gr/350337381_1600x1200.jpg?v=20130730","https://m2.spitogatos.gr/350337382_1600x1200.jpg?v=20130730","https://m1.spitogatos.gr/350337384_1600x1200.jpg?v=20130730","https://m1.spitogatos.gr/350337387_1600x1200.jpg?v=20130730","https://m2.spitogatos.gr/350337388_1600x1200.jpg?v=20130730","https://m1.spitogatos.gr/350337390_1600x1200.jpg?v=20130730","https://m3.spitogatos.gr/350337392_1600x1200.jpg?v=20130730","https://m2.spitogatos.gr/350337394_1600x1200.jpg?v=20130730","https://m2.spitogatos.gr/350337397_1600x1200.jpg?v=20130730","https://m3.spitogatos.gr/350337401_1600x1200.jpg?v=20130730","https://m1.spitogatos.gr/350337405_1600x1200.jpg?v=20130730","https://m3.spitogatos.gr/350337407_1600x1200.jpg?v=20130730","https://m2.spitogatos.gr/350337412_1600x1200.jpg?v=20130730","https://m1.spitogatos.gr/350337414_1600x1200.jpg?v=20130730","https://m3.spitogatos.gr/350337419_1600x1200.jpg?v=20130730","0","0","2","1","37.956764","1","1","23.730312",,"0","0","0","2026-04-23","0","0","0","0","1","3","1","0","0",,"0","0","0","600",,,"0","0","0","0","9.23",,,"1","3","6","1","1","2019","0","1","2","0","0","0","65","0",,"0","1","0","2026-04-14","https://www.spitogatos.gr/en/property/1219703898","1",,"1980","lS8UaaJAXzA","residential"
"1","3","no","simple","1",,,,,"1","0","0","0","2026-04-06","0","0","1","10","1","0","false","house","0","25","0","Κωδικός Ακινήτου: #11140. Ιστορικό Κέντρο, Ακρόπολη: Ενοικιάζεται μερικώς ανακαινισμένο διαμπερές Διαμέρισμα 67τ.μ. στον 3ο όροφο με ασανσέρ. Αποτελείται από 2 υπνοδωμάτια, 1 κουζίνα, 1 σαλόνι, και μπάνιο. Είναι κατασκευασμένο το 1966, βαμμένο, κοντά σε ΜΕΣΑ ΜΑΖΙΚΗΣ ΜΕΤΑΦΟΡΑΣ και διαθέτει ωραία θέα, πόρτα ασφαλείας, κλιματισμό,  δάπεδα από μωσαϊκό & ξύλο.. Επιπλέον χαρακτηριστικά: ΘΥΡΟΤΗΛΕΟΡΑΣΗ, ΠΑΤΑΡΙ ΑΠΟΘΗΚΕΥΣΗΣ .<br><br />
Τιμή 700€ | Κωδικός Ακινήτου: #11140<br><br />
 <br><br />
<br /> ΚΑΤΑ ΤΗΝ ΥΠΟΔΕΙΞΗ ΤΟΥ ΑΚΙΝΗΤΟΥ ΑΠΑΙΤΕΙΤΑΙ ΝΑ ΓΙΝΕΤΑΙ ΕΠΙΔΕΙΞΗ ΤΗΣ ΑΣΤΥΝΟΜΙΚΗΣ ΣΑΣ ΤΑΥΤΟΤΗΤΑΣ ΣΥΜΦΩΝΑ ΜΕ ΤΟΝ Ν.4072/11-04-2012 Φ.Ε.Κ 86Α<br /><br />ΤΑ ΣΤΟΙΧΕΙΑ ΤΩΝ ΑΚΙΝΗΤΩΝ ΕΙΝΑΙ ΚΑΤΑ ΔΗΛΩΣΗ ΤΟΥ ΙΔΙΟΚΤΗΤΗ<br /><br />ΑΚΙΝΗΤΑ ΑΠΟΚΛΕΙΣΤΙΚΗΣ ΔΙΑΘΕΣΗΣ ΜΕ ΦΩΤΟΓΡΑΦΙΕΣ ΠΟΥ ΔΙΑΧΕΙΡΙΖΕΤΑΙ Η ΕΤΑΙΡΙΑ ΜΑΣ ΘΑ ΒΡΕΙΤΕ ΣΤΗΝ ΙΣΤΟΣΕΛΙΔΑ ΜΑΣ<br /><br /> ►WEBSITE: www.tzelihome.gr<br /><br /> ✔ ΓΙΑ ΤΗΝ ΚΑΛΥΤΕΡΗ ΕΞΥΠΗΡΕΤΗΣΗ ΣΑΣ ΧΡΗΣΙΜΟΠΟΙΕΙΣΤΕ ΤΟΝ ΚΩΔΙΚΟ ΑΚΙΝΗΤΟΥ ΠΟΥ ΑΝΑΓΡΑΦΕΤΑΙ ΣΤΗΝ ΠΕΡΙΓΡΑΦΗ<br /> ✔ Η ΔΙΕΥΘΥΝΣΗ ΣΤΟΝ ΧΑΡΤΗ ΕΧΕΙ ΤΟΠΟΘΕΤΗΘΕΙ ΚΑΤΑ ΠΡΟΣΕΓΓΙΣΗ<br /> ✔ ΟΙ ΑΚΡΙΒΕΙΣ ΠΛΗΡΟΦΟΡΙΕΣ ΤΗΣ ΔΙΕΥΘΥΝΣΗΣ ΠΑΡΕΧΟΝΤΑΙ ΣΤΗΝ ΥΠΟΔΕΙΞΗ ΤΟΥ ΑΚΙΝΗΤΟΥ<br /><br /> ΜΕΣΙΤΙΚΟ ΓΡΑΦΕΙΟ TZELI HOME<br /> ΥΜΗΤΤΟΥ 41 , ΚΑΙΣΑΡΙΑΝΗ , ΤΚ 16121<br /><br /> ΕΠΙΚΟΙΝΩΝΗΣΤΕ ΜΑΖΙ ΜΑΣ:<br /> ►WEBSITE : www.tzelihome.gr<br /> ►E-MAIL : tzelihome@gmail.com<br /> ►ΚΙΝΗΤΟ : 6906.062.919 <br /> ►ΤΗΛΕΦΩΝΟ : 211.001.4573 & 211.001.4574<br>","7000",,"0","1","9","0","0","2026-04-06","8","11","0","no","no","0","Αθήνα - Κέντρο (Αττική)","Νέος Κόσμος (Αθήνα - Κέντρο)","1","105103","100","2033","5147","Single","1","4","0","0","1","1219675067","https://m3.spitogatos.gr/349832897_1600x1200.jpg?v=20130730","https://m1.spitogatos.gr/349832901_1600x1200.jpg?v=20130730","https://m1.spitogatos.gr/349832904_1600x1200.jpg?v=20130730","https://m3.spitogatos.gr/349832906_1600x1200.jpg?v=20130730","https://m1.spitogatos.gr/349832910_1600x1200.jpg?v=20130730","https://m1.spitogatos.gr/349832913_1600x1200.jpg?v=20130730","https://m2.spitogatos.gr/349832914_1600x1200.jpg?v=20130730","https://m1.spitogatos.gr/349832916_1600x1200.jpg?v=20130730","https://m3.spitogatos.gr/349832918_1600x1200.jpg?v=20130730","https://m2.spitogatos.gr/349832920_1600x1200.jpg?v=20130730","https://m1.spitogatos.gr/349832922_1600x1200.jpg?v=20130730","https://m3.spitogatos.gr/349832924_1600x1200.jpg?v=20130730","https://m2.spitogatos.gr/349832926_1600x1200.jpg?v=20130730","https://m1.spitogatos.gr/349832928_1600x1200.jpg?v=20130730","https://m1.spitogatos.gr/349832931_1600x1200.jpg?v=20130730","https://m1.spitogatos.gr/349832934_1600x1200.jpg?v=20130730","https://m3.spitogatos.gr/349832936_1600x1200.jpg?v=20130730","https://m1.spitogatos.gr/349832940_1600x1200.jpg?v=20130730","https://m1.spitogatos.gr/349832943_1600x1200.jpg?v=20130730","https://m1.spitogatos.gr/349832946_1600x1200.jpg?v=20130730","https://m2.spitogatos.gr/349832947_1600x1200.jpg?v=20130730","https://m3.spitogatos.gr/349832948_1600x1200.jpg?v=20130730","https://m1.spitogatos.gr/349832949_1600x1200.jpg?v=20130730","https://m2.spitogatos.gr/349832950_1600x1200.jpg?v=20130730","https://m3.spitogatos.gr/349832951_1600x1200.jpg?v=20130730","0","0","1","1","37.967548","1","1","23.731514",,"0","0","0","2026-05-21","0","0","0","0","1","2","1","0","0",,"0","0","0","700",,,"0","0","0","0","10.45",,,"1","3","6","1","1","2025","0","1","2","0","1","0","67","0",,"0","1","0","2026-04-06","https://www.spitogatos.gr/en/property/1219675067","1",,"1966","tA33ruplPDA","residential"
"1","1","no","simple","1",,,,,"0","0","0","0","2026-02-20","0","0","0","12","1","0","false","house","0","0","0","Κωδικός Ακινήτου: #10582   Νέος Κόσμος, Άγιος Σώστης: Ενοικιάζεται ευρύχωρο και φωτεινό διαμέρισμα 110 τ.μ., στον 1ο όροφο πολυκατοικίας με ασανσέρ, το οποίο έχει ανακαινιστεί μερικώς και προσφέρει άνεση και λειτουργικότητα για σύγχρονες ανάγκες διαβίωσης. Το ακίνητο αποτελείται από δύο άνετα υπνοδωμάτια, ευρύχωρο σαλόνι ιδανικό για στιγμές χαλάρωσης και φιλοξενίας, ανεξάρτητη κουζίνα και δύο μπάνια που εξυπηρετούν ιδανικά μια οικογένεια ή επαγγελματίες που επιθυμούν επιπλέον ευελιξία στους χώρους. Κατασκευής 1968, συνδυάζει τη στιβαρότητα της εποχής με σύγχρονες παρεμβάσεις, διαθέτοντας κουφώματα αλουμινίου με διπλά τζάμια, πόρτα ασφαλείας, κλιματισμό και ηλιακό θερμοσίφωνα. Τα δάπεδα από πλακάκι και ξύλο προσδίδουν ζεστασιά και πρακτικότητα, ενώ η άμεση πρόσβαση σε μέσα μαζικής μεταφοράς καθιστά το ακίνητο ιδιαίτερα εξυπηρετικό για την καθημερινότητά σας. Ενεργειακή κλάση Ζ. Ένα αξιόλογο ακίνητο που συνδυάζει τοποθεσία, άνεση και λειτουργικότητα.<br><br />
 <br><br />
 <br><br />
Τιμή 750€ | Κωδικός Ακινήτου: #10582<br><br />
 <br><br />
ΚΑΤΑ ΤΗΝ ΥΠΟΔΕΙΞΗ ΤΟΥ ΑΚΙΝΗΤΟΥ ΑΠΑΙΤΕΙΤΑΙ ΝΑ ΓΙΝΕΤΑΙ ΕΠΙΔΕΙΞΗ ΤΗΣ ΑΣΤΥΝΟΜΙΚΗΣ ΣΑΣ ΤΑΥΤΟΤΗΤΑΣ ΣΥΜΦΩΝΑ ΜΕ ΤΟΝ Ν.4072/11-04-2012 Φ.Ε.Κ 86Α<br /><br />ΤΑ ΣΤΟΙΧΕΙΑ ΤΩΝ ΑΚΙΝΗΤΩΝ ΕΙΝΑΙ ΚΑΤΑ ΔΗΛΩΣΗ ΤΟΥ ΙΔΙΟΚΤΗΤΗ<br /><br />ΑΚΙΝΗΤΑ ΑΠΟΚΛΕΙΣΤΙΚΗΣ ΔΙΑΘΕΣΗΣ ΜΕ ΦΩΤΟΓΡΑΦΙΕΣ ΠΟΥ ΔΙΑΧΕΙΡΙΖΕΤΑΙ Η ΕΤΑΙΡΙΑ ΜΑΣ ΘΑ ΒΡΕΙΤΕ ΣΤΗΝ ΙΣΤΟΣΕΛΙΔΑ ΜΑΣ<br /><br /> ►WEBSITE: www.tzelihome.gr<br /><br /> ✔ ΓΙΑ ΤΗΝ ΚΑΛΥΤΕΡΗ ΕΞΥΠΗΡΕΤΗΣΗ ΣΑΣ ΧΡΗΣΙΜΟΠΟΙΕΙΣΤΕ ΤΟΝ ΚΩΔΙΚΟ ΑΚΙΝΗΤΟΥ ΠΟΥ ΑΝΑΓΡΑΦΕΤΑΙ ΣΤΗΝ ΠΕΡΙΓΡΑΦΗ<br /> ✔ Η ΔΙΕΥΘΥΝΣΗ ΣΤΟΝ ΧΑΡΤΗ ΕΧΕΙ ΤΟΠΟΘΕΤΗΘΕΙ ΚΑΤΑ ΠΡΟΣΕΓΓΙΣΗ<br /> ✔ ΟΙ ΑΚΡΙΒΕΙΣ ΠΛΗΡΟΦΟΡΙΕΣ ΤΗΣ ΔΙΕΥΘΥΝΣΗΣ ΠΑΡΕΧΟΝΤΑΙ ΣΤΗΝ ΥΠΟΔΕΙΞΗ ΤΟΥ ΑΚΙΝΗΤΟΥ<br /><br /> ΜΕΣΙΤΙΚΟ ΓΡΑΦΕΙΟ TZELI HOME<br /> ΥΜΗΤΤΟΥ 41 , ΚΑΙΣΑΡΙΑΝΗ , ΤΚ 16121<br /><br /> ΕΠΙΚΟΙΝΩΝΗΣΤΕ ΜΑΖΙ ΜΑΣ:<br /> ►WEBSITE : www.tzelihome.gr<br /> ►E-MAIL : tzelihome@gmail.com<br /> ►ΚΙΝΗΤΟ : 6906.062.919 <br /> ►ΤΗΛΕΦΩΝΟ : 211.001.4573 & 211.001.4574<br>","5000",,"0","1","8","0","0","2026-02-20","6","10","0","no","no","0","Αθήνα - Κέντρο (Αττική)","Νέος Κόσμος (Αθήνα - Κέντρο)","1","105103","100","2033","5145","Double","1","4","0","0","1","1219424071","https://m2.spitogatos.gr/347208259_1600x1200.jpg?v=20130730","https://m1.spitogatos.gr/347208261_1600x1200.jpg?v=20130730","https://m1.spitogatos.gr/347208264_1600x1200.jpg?v=20130730","https://m1.spitogatos.gr/347208267_1600x1200.jpg?v=20130730","https://m2.spitogatos.gr/347208268_1600x1200.jpg?v=20130730","https://m1.spitogatos.gr/347208270_1600x1200.jpg?v=20130730","https://m1.spitogatos.gr/347208273_1600x1200.jpg?v=20130730","https://m3.spitogatos.gr/347208275_1600x1200.jpg?v=20130730","https://m2.spitogatos.gr/347208277_1600x1200.jpg?v=20130730","https://m1.spitogatos.gr/347208279_1600x1200.jpg?v=20130730","https://m1.spitogatos.gr/347208282_1600x1200.jpg?v=20130730","https://m3.spitogatos.gr/347208284_1600x1200.jpg?v=20130730","https://m2.spitogatos.gr/347208286_1600x1200.jpg?v=20130730","https://m3.spitogatos.gr/347208287_1600x1200.jpg?v=20130730","https://m2.spitogatos.gr/347208289_1600x1200.jpg?v=20130730","https://m3.spitogatos.gr/347208290_1600x1200.jpg?v=20130730","https://m2.spitogatos.gr/347208292_1600x1200.jpg?v=20130730","https://m1.spitogatos.gr/347208294_1600x1200.jpg?v=20130730","https://m3.spitogatos.gr/347208296_1600x1200.jpg?v=20130730","https://m1.spitogatos.gr/347208300_1600x1200.jpg?v=20130730","https://m2.spitogatos.gr/347208301_1600x1200.jpg?v=20130730","https://m3.spitogatos.gr/347208302_1600x1200.jpg?v=20130730","https://m2.spitogatos.gr/347208304_1600x1200.jpg?v=20130730","https://m3.spitogatos.gr/347208305_1600x1200.jpg?v=20130730","https://m2.spitogatos.gr/347208307_1600x1200.jpg?v=20130730","0","0","2","1","37.955101","1","1","23.717636",,"0","0","0","2026-07-23","0","0","0","0","2","3","0","0","0",,"0","0","0","750",,,"0","0","0","0","6.82",,,"1","3","6","1","1","2000","0","1","2","0","1","1","110","0",,"0","1","0","2026-02-20","https://www.spitogatos.gr/en/property/1219424071","0",,"1968","QEpVmzb7_VY","residential"
"0","1","no","simple","1",,,,,"1","0","0","0","2025-12-09","0","0","1","12","1","0","false","house","0","20","0","Κωδικός Ακινήτου: #9789 | Νέος Κόσμος, Κυνοσάργους: Ενοικιάζεται πλήρως ανακαινισμένο, διαμπερές διαμέρισμα 78 τ.μ., προσόψεως, στον 1ο όροφο πολυκατοικίας με ασανσέρ, το οποίο προσφέρει άνεση και λειτουργικότητα σε μια ιδιαίτερα προνομιακή τοποθεσία κοντά στο κέντρο. Το ακίνητο διαθέτει κεντρική θέρμανση πετρελαίου και αποτελείται από δύο υπνοδωμάτια, φωτεινό σαλόνι, ξεχωριστή κουζίνα, μπάνιο και αποθήκη, εξασφαλίζοντας πρακτική διαρρύθμιση για κάθε ανάγκη. Η πρόσφατη ανακαίνιση, τα κουφώματα αλουμινίου με διπλά τζάμια, καθώς και τα δάπεδα από μωσαϊκό και ξύλο, προσδίδουν μοντέρνα αισθητική και αναβαθμισμένη ποιότητα διαβίωσης. Κατασκευασμένο το 1972 και πρόσφατα βαμμένο, το διαμέρισμα αποτελεί μια εξαιρετική επιλογή για όσους αναζητούν έναν προσεγμένο και άνετο χώρο σε κομβικό σημείο της πόλης<br><br />
 <br><br />
 <br><br />
Τιμή 850€ | Κωδικός Ακινήτου: #9789<br><br />
 <br><br />
 <br><br />
<br /> ΚΑΤΑ ΤΗΝ ΥΠΟΔΕΙΞΗ ΤΟΥ ΑΚΙΝΗΤΟΥ ΑΠΑΙΤΕΙΤΑΙ ΝΑ ΓΙΝΕΤΑΙ ΕΠΙΔΕΙΞΗ ΤΗΣ ΑΣΤΥΝΟΜΙΚΗΣ ΣΑΣ ΤΑΥΤΟΤΗΤΑΣ ΣΥΜΦΩΝΑ ΜΕ ΤΟΝ Ν.4072/11-04-2012 Φ.Ε.Κ 86Α<br /><br />ΤΑ ΣΤΟΙΧΕΙΑ ΤΩΝ ΑΚΙΝΗΤΩΝ ΕΙΝΑΙ ΚΑΤΑ ΔΗΛΩΣΗ ΤΟΥ ΙΔΙΟΚΤΗΤΗ<br /><br />ΑΚΙΝΗΤΑ ΑΠΟΚΛΕΙΣΤΙΚΗΣ ΔΙΑΘΕΣΗΣ ΜΕ ΦΩΤΟΓΡΑΦΙΕΣ ΠΟΥ ΔΙΑΧΕΙΡΙΖΕΤΑΙ Η ΕΤΑΙΡΙΑ ΜΑΣ ΘΑ ΒΡΕΙΤΕ ΣΤΗΝ ΙΣΤΟΣΕΛΙΔΑ ΜΑΣ<br /><br /> ►WEBSITE: www.tzelihome.gr<br /><br /> ✔ ΓΙΑ ΤΗΝ ΚΑΛΥΤΕΡΗ ΕΞΥΠΗΡΕΤΗΣΗ ΣΑΣ ΧΡΗΣΙΜΟΠΟΙΕΙΣΤΕ ΤΟΝ ΚΩΔΙΚΟ ΑΚΙΝΗΤΟΥ ΠΟΥ ΑΝΑΓΡΑΦΕΤΑΙ ΣΤΗΝ ΠΕΡΙΓΡΑΦΗ<br /> ✔ Η ΔΙΕΥΘΥΝΣΗ ΣΤΟΝ ΧΑΡΤΗ ΕΧΕΙ ΤΟΠΟΘΕΤΗΘΕΙ ΚΑΤΑ ΠΡΟΣΕΓΓΙΣΗ<br /> ✔ ΟΙ ΑΚΡΙΒΕΙΣ ΠΛΗΡΟΦΟΡΙΕΣ ΤΗΣ ΔΙΕΥΘΥΝΣΗΣ ΠΑΡΕΧΟΝΤΑΙ ΣΤΗΝ ΥΠΟΔΕΙΞΗ ΤΟΥ ΑΚΙΝΗΤΟΥ<br /><br /> ΜΕΣΙΤΙΚΟ ΓΡΑΦΕΙΟ TZELI HOME<br /> ΥΜΗΤΤΟΥ 41 , ΚΑΙΣΑΡΙΑΝΗ , ΤΚ 16121<br /><br /> ΕΠΙΚΟΙΝΩΝΗΣΤΕ ΜΑΖΙ ΜΑΣ:<br /> ►WEBSITE : www.tzelihome.gr<br /> ►E-MAIL : tzelihome@gmail.com<br /> ►ΚΙΝΗΤΟ : 6906.062.919 <br /> ►ΤΗΛΕΦΩΝΟ : 211.001.4573 & 211.001.4574<br>","4500",,"0","1","7","1","0","2026-06-13","6","11","0","no","no","0","Αθήνα - Κέντρο (Αττική)","Νέος Κόσμος (Αθήνα - Κέντρο)","1","105103","100","2033","5147","Double","2","1","0","0","1","1218802785","https://m2.spitogatos.gr/337776913_1600x1200.jpg?v=20130730","https://m1.spitogatos.gr/337776915_1600x1200.jpg?v=20130730","https://m2.spitogatos.gr/337776916_1600x1200.jpg?v=20130730","https://m1.spitogatos.gr/337776918_1600x1200.jpg?v=20130730","https://m2.spitogatos.gr/337776919_1600x1200.jpg?v=20130730","https://m1.spitogatos.gr/337776921_1600x1200.jpg?v=20130730","https://m2.spitogatos.gr/337776922_1600x1200.jpg?v=20130730","https://m3.spitogatos.gr/337776923_1600x1200.jpg?v=20130730","https://m2.spitogatos.gr/337776925_1600x1200.jpg?v=20130730","https://m3.spitogatos.gr/337776926_1600x1200.jpg?v=20130730","https://m1.spitogatos.gr/337776927_1600x1200.jpg?v=20130730","https://m3.spitogatos.gr/337776929_1600x1200.jpg?v=20130730","https://m1.spitogatos.gr/337776930_1600x1200.jpg?v=20130730","https://m3.spitogatos.gr/337776932_1600x1200.jpg?v=20130730","https://m1.spitogatos.gr/337776933_1600x1200.jpg?v=20130730","https://m1.spitogatos.gr/337776939_1600x1200.jpg?v=20130730","https://m3.spitogatos.gr/337776941_1600x1200.jpg?v=20130730","https://m2.spitogatos.gr/337776943_1600x1200.jpg?v=20130730","https://m3.spitogatos.gr/337776947_1600x1200.jpg?v=20130730","https://m3.spitogatos.gr/337776950_1600x1200.jpg?v=20130730","https://m2.spitogatos.gr/337776955_1600x1200.jpg?v=20130730","https://m1.spitogatos.gr/337776957_1600x1200.jpg?v=20130730","https://m1.spitogatos.gr/337776960_1600x1200.jpg?v=20130730","https://m3.spitogatos.gr/337776962_1600x1200.jpg?v=20130730","https://m2.spitogatos.gr/337776967_1600x1200.jpg?v=20130730","0","0","2","1","37.966629","1","1","23.732313",,"0","0","0","2026-07-21","0","0","0","0","1","11","1","0","0",,"0","0","0","850",,,"0","0","0","0","10.9",,,"1","3","6","1","1","2024","0","1","2","0","0","0","78","1",,"0","1","0","2025-12-09","https://www.spitogatos.gr/en/property/1218802785","0",,"1972","yHoJg2euQYY","residential"
"1","3","no","simple","1",,,,,"1","0","0","0","2026-03-26","0","1","0","0","1","0",,"house",,,"0","Κωδικός ακινήτου: 44-4416 - Δάφνη Άνω Δάφνη  ΕΝΟΙΚΙΑΖΕΤΑΙ     διαμέρισμα  στον 3 ο όροφο συνολικής επιφάνειας 110.00 τ.μ.  . Αποτελείται από 3 υπνοδωμάτια,  σαλοκουζίνα, μπάνιο και WC. Είναι κατασκευασμένο το 1987 με ενεργειακή κλάση Δ  και διαθέτει θέρμανση ατομική - ηλεκτρικό, θέα σε ανοιχτό ορίζοντα, κουφώματα συνθετικά,   εντοιχιζόμενες ντουλάπες, πάρκινγκ, A/C, τέντες, ηλιακό θερμοσίφωνα, νυχτερινό ρεύμα, ανοιχτωσιά     απόσταση από μετρό 650 μέτρα - Τιμή: 750 €  <br>Προσφέρεται προς ενοικίαση εξαιρετικό διαμέρισμα 3ου ορόφου σε άριστη κατάσταση, πρόσφατα βαμμένο και έτοιμο για κατοίκηση. Το ακίνητο διακρίνεται για την εργονομία και την άνεσή του, διαθέτοντας έναν ενιαίο και ευρύχωρο χώρο σαλονοκουζίνας που εξασφαλίζει τη μέγιστη λειτουργικότητα στην καθημερινότητα. Η κατοικία περιλαμβάνει τρία υπνοδωμάτια, εκ των οποίων τα δύο είναι εξοπλισμένα με ευρύχωρες ντουλάπες, προσφέροντας άφθονους αποθηκευτικούς χώρους. Το μπάνιο είναι πλήρως εξοπλισμένο, ενώ υπάρχει επιπλέον και ένα αυτόνομο WC για την καλύτερη εξυπηρέτηση των αναγκών των ενοίκων. Για την οικονομία στην κατανάλωση ενέργειας και τη συνεχή παροχή ζεστού νερού, το διαμέρισμα διαθέτει ηλιακό θερμοσίφωνα, ενώ είναι εξοπλισμένο και με κλιματισμό A/C για την ιδανική ρύθμιση της θερμοκρασίας όλες τις εποχές του χρόνου. Οι τέντες στα μπαλκόνια προσφέρουν προστασία και ιδιωτικότητα, ενώ το εσωτερικό πατάρι αποτελεί μια πολύτιμη επιπλέον λύση αποθήκευσης. Στις παροχές περιλαμβάνεται αποκλειστική θέση στάθμευσης, εξασφαλίζοντας την εύκολη πρόσβαση στο όχημά σας. <strong>Σημειώνεται ότι το κτίριο δεν διαθέτει ανελκυστήρα και δεν επιτρέπονται τα κατοικίδια ζώα.</strong> <br>Τηλ: (+30)210 2201935 ,  e-mail: info@remaxlysis.com<br />
www.remax-lysis.gr<br />
<br />
| Οι πληροφορίες και τα χαρακτηριστικά των ακινήτων έχουν καταχωρηθεί βάσει των πληροφοριών και στοιχείων που προσκόμισε ο εντολέας.<br />
| Το σημείο στο χάρτη δεν ανταποκρίνεται στην πραγματική διεύθυνση του ακινήτου.<br />
| Όλα τα ακίνητα που προβάλλουμε μέσω internet είναι διαθέσιμα, καθώς γίνεται συνεχής ενημέρωση και αποσύρονται τα μη διαθέσιμα.<br />
| Κατά την υπόδειξη του ακινήτου είναι απαραίτητη η αστυνομική ταυτότητα ή ο Α.Φ.Μ, σύμφωνα με τον Νόμο Ν.4072/2012 - ΦΕΚ 86/Α/11-4-2012",,,,"0","6","0","0","2026-03-27","8",,"0","no","yes","0","Αθήνα - Νότια Προάστια (Αττική)","Δάφνη (Αθήνα - Νότια Προάστια)","1","105103","102","2209","123193","Single","4","4","0","0","1","1219618385","https://m1.spitogatos.gr/349053537_1600x1200.jpg?v=20130730","https://m1.spitogatos.gr/349053540_1600x1200.jpg?v=20130730","https://m3.spitogatos.gr/349053545_1600x1200.jpg?v=20130730","https://m1.spitogatos.gr/349053549_1600x1200.jpg?v=20130730","https://m3.spitogatos.gr/349053554_1600x1200.jpg?v=20130730","https://m1.spitogatos.gr/349053558_1600x1200.jpg?v=20130730","https://m2.spitogatos.gr/349053565_1600x1200.jpg?v=20130730","https://m2.spitogatos.gr/349053571_1600x1200.jpg?v=20130730","https://m1.spitogatos.gr/349053576_1600x1200.jpg?v=20130730","https://m2.spitogatos.gr/349053580_1600x1200.jpg?v=20130730","https://m3.spitogatos.gr/349053584_1600x1200.jpg?v=20130730","https://m2.spitogatos.gr/349053589_1600x1200.jpg?v=20130730","https://m3.spitogatos.gr/349053593_1600x1200.jpg?v=20130730","https://m3.spitogatos.gr/349053596_1600x1200.jpg?v=20130730","https://m1.spitogatos.gr/349053600_1600x1200.jpg?v=20130730","https://m3.spitogatos.gr/349053602_1600x1200.jpg?v=20130730","https://m2.spitogatos.gr/349053604_1600x1200.jpg?v=20130730",,,,,,,,,"0","0","3","1","37.946667",,"1","23.741556",,"0",,,"2026-06-22","0","0","1","1","1",,"1","0","0",,"0","0","0","750",,,"0","0","0","0","6.82",,,"1","3","6","1","0",,"0","2","3","0","0","1","110","0","Αριστοτέλους 24, 172 36, Άγιος Δημήτριος","0","1","0","2026-03-27","https://www.spitogatos.gr/en/property/1219618385","1","1","1987",,"residential"
"0","3","no","simple","1",,,,,"0","0","0","0","2026-07-28","0","0","1","0","0","0",,"house",,"30","0","<br>Σε μία από τις πλέον προνομιακές περιοχές της Αθήνας, διατίθεται προς ενοικίαση εξαιρετικό διαμέρισμα 3ου ορόφου, πλήρως επιπλωμένο και εξοπλισμένο, σε άριστη κατάσταση, έτοιμο να υποδεχθεί τον νέο του ενοικιαστή χωρίς καμία επιπλέον ανάγκη .Η κατοικία συνδυάζει άνεση, λειτουργικότητα και μοναδική τοποθεσία, προσφέροντας άμεση πρόσβαση στο ιστορικό κέντρο της πόλης και στα σημαντικότερα σημεία ενδιαφέροντος.Χαρακτηριστικά Ακινήτου3ος όροφος με ανελκυστήρα.Ένα ευρύχωρο υπνοδωμάτιο.Φωτεινό καθιστικό με ενιαία, πλήρως εξοπλισμένη κουζίνα.Άνετο μπάνιο.Μεγάλη βεράντα με καινούριες τέντες και εξαιρετική θέα προς την Ακρόπολη.ΕξοπλισμόςSmart TV.Ηλεκτρική κουζίνα με φούρνο.Ψυγείο.Πλυντήριο ρούχων.Κλιματιστικό (A/C).Καφετιέρα espresso και φίλτρου.Πλήρης επίπλωση και οικιακός εξοπλισμός.ΤοποθεσίαΤο ακίνητο βρίσκεται σε εξαιρετικά προνομιακό σημείο, μόλις <strong>500 μ. από τον σταθμό Μετρό Συγγρού-Φιξ</strong>, <strong>600 μ. από τη στάση Τραμ</strong> και <strong>100–150 μ. από στάσεις λεωφορείων</strong>, εξασφαλίζοντας άμεση και εύκολη πρόσβαση σε κάθε σημείο της Αθήνας.Σε κοντινή απόσταση βρίσκονται η Ακρόπολη και το ιστορικό κέντρο, καθώς και πανεπιστημιακές σχολές, χώροι πολιτισμού, εμπορικά καταστήματα, καφέ, εστιατόρια και όλες οι απαραίτητες καθημερινές υποδομές.Μία κατοικία υψηλών προδιαγραφών, ιδανική για όσους επιθυμούν να συνδυάσουν την ποιότητα διαβίωσης με μία από τις πιο περιζήτητες τοποθεσίες της πρωτεύουσας. <br>",,,,"0","5","0","0","2026-07-28","8","4","0","no","no","0","Αθήνα - Κέντρο (Αττική)","Νέος Κόσμος (Αθήνα - Κέντρο)","1","105103","100","2033","5147","Single","4","2","0","0","1","1220509504","https://m1.spitogatos.gr/363593301_1600x1200.jpg?v=20130730","https://m3.spitogatos.gr/363593303_1600x1200.jpg?v=20130730","https://m2.spitogatos.gr/363593305_1600x1200.jpg?v=20130730","https://m2.spitogatos.gr/363593308_1600x1200.jpg?v=20130730","https://m2.spitogatos.gr/363593311_1600x1200.jpg?v=20130730","https://m2.spitogatos.gr/363593314_1600x1200.jpg?v=20130730","https://m3.spitogatos.gr/363593318_1600x1200.jpg?v=20130730","https://m3.spitogatos.gr/363593321_1600x1200.jpg?v=20130730","https://m3.spitogatos.gr/363593324_1600x1200.jpg?v=20130730","https://m1.spitogatos.gr/363593328_1600x1200.jpg?v=20130730","https://m1.spitogatos.gr/363593334_1600x1200.jpg?v=20130730","https://m2.spitogatos.gr/363593338_1600x1200.jpg?v=20130730","https://m1.spitogatos.gr/363593343_1600x1200.jpg?v=20130730","https://m2.spitogatos.gr/363593347_1600x1200.jpg?v=20130730","https://m2.spitogatos.gr/363593350_1600x1200.jpg?v=20130730","https://m1.spitogatos.gr/363593352_1600x1200.jpg?v=20130730","https://m1.spitogatos.gr/363593355_1600x1200.jpg?v=20130730",,,,,,,,,"0","0","2","1","37.96273",,"1","23.727194","200","0",,,"2026-07-28","0","0","0","0","1",,"0","0","0",,"0","0","0","850",,,"0","0","0","0","20.73",,,"1","3","6","1","0",,"0","2","1","0","1","0","41","0","Θαρύπου 38, 117 43, Αθήνα","1","1","0","2026-07-28","https://www.spitogatos.gr/en/property/1220509504","1","0","1998",,"residential"
"1","2","no","simple","1",,,,,"1","0","0","0","2026-05-26","0","1","0","10","1","0","false","house","0","0","0","Κωδικός Ακινήτου: #11796  | Νέος Κόσμος, Κέντρο:  Ενοικιάζεται μερικώς ανακαινισμένο, διαμπερές διαμέρισμα 75 τ.μ., προσόψεως, στον 2ο όροφο με ασανσέρ, πολυκατοικίας με κεντρική θέρμανση πετρελαίου. Η κατοικία διαθέτει δύο υπνοδωμάτια, άνετο σαλόνι, λειτουργική κουζίνα και μπάνιο, προσφέροντας μια ισορροπημένη και πρακτική διαρρύθμιση για καθημερινή άνεση. Τα δάπεδα από μάρμαρο και ξύλο, σε συνδυασμό με τις τέντες και τον ηλιακό θερμοσίφωνα, ενισχύουν τη λειτουργικότητα και την αισθητική του χώρου, ενώ ο κλιματισμός και το νυχτερινό ρεύμα συμβάλλουν στη βέλτιστη ενεργειακή διαχείριση. Η τοποθεσία κοντά στο κέντρο εξασφαλίζει άμεση πρόσβαση σε συγκοινωνίες, καταστήματα και υπηρεσίες, καθιστώντας το ακίνητο ιδανική επιλογή για οικογένειες αλλά και επαγγελματίες που επιθυμούν να συνδυάσουν την καθημερινή άνεση με την πρακτικότητα της κεντρικής θέσης.<br><br />
 <br><br />
Τιμή 770€ | Κωδικός Ακινήτου: #11796<br><br />
 <br><br />
ΚΑΤΑ ΤΗΝ ΥΠΟΔΕΙΞΗ ΤΟΥ ΑΚΙΝΗΤΟΥ ΑΠΑΙΤΕΙΤΑΙ ΝΑ ΓΙΝΕΤΑΙ ΕΠΙΔΕΙΞΗ ΤΗΣ ΑΣΤΥΝΟΜΙΚΗΣ ΣΑΣ ΤΑΥΤΟΤΗΤΑΣ ΣΥΜΦΩΝΑ ΜΕ ΤΟΝ Ν.4072/11-04-2012 Φ.Ε.Κ 86Α<br /><br />ΤΑ ΣΤΟΙΧΕΙΑ ΤΩΝ ΑΚΙΝΗΤΩΝ ΕΙΝΑΙ ΚΑΤΑ ΔΗΛΩΣΗ ΤΟΥ ΙΔΙΟΚΤΗΤΗ<br /><br />ΑΚΙΝΗΤΑ ΑΠΟΚΛΕΙΣΤΙΚΗΣ ΔΙΑΘΕΣΗΣ ΜΕ ΦΩΤΟΓΡΑΦΙΕΣ ΠΟΥ ΔΙΑΧΕΙΡΙΖΕΤΑΙ Η ΕΤΑΙΡΙΑ ΜΑΣ ΘΑ ΒΡΕΙΤΕ ΣΤΗΝ ΙΣΤΟΣΕΛΙΔΑ ΜΑΣ<br /><br /> ►WEBSITE: www.tzelihome.gr<br /><br /> ✔ ΓΙΑ ΤΗΝ ΚΑΛΥΤΕΡΗ ΕΞΥΠΗΡΕΤΗΣΗ ΣΑΣ ΧΡΗΣΙΜΟΠΟΙΕΙΣΤΕ ΤΟΝ ΚΩΔΙΚΟ ΑΚΙΝΗΤΟΥ ΠΟΥ ΑΝΑΓΡΑΦΕΤΑΙ ΣΤΗΝ ΠΕΡΙΓΡΑΦΗ<br /> ✔ Η ΔΙΕΥΘΥΝΣΗ ΣΤΟΝ ΧΑΡΤΗ ΕΧΕΙ ΤΟΠΟΘΕΤΗΘΕΙ ΚΑΤΑ ΠΡΟΣΕΓΓΙΣΗ<br /> ✔ ΟΙ ΑΚΡΙΒΕΙΣ ΠΛΗΡΟΦΟΡΙΕΣ ΤΗΣ ΔΙΕΥΘΥΝΣΗΣ ΠΑΡΕΧΟΝΤΑΙ ΣΤΗΝ ΥΠΟΔΕΙΞΗ ΤΟΥ ΑΚΙΝΗΤΟΥ<br /><br /> ΜΕΣΙΤΙΚΟ ΓΡΑΦΕΙΟ TZELI HOME<br /> ΥΜΗΤΤΟΥ 41 , ΚΑΙΣΑΡΙΑΝΗ , ΤΚ 16121<br /><br /> ΕΠΙΚΟΙΝΩΝΗΣΤΕ ΜΑΖΙ ΜΑΣ:<br /> ►WEBSITE : www.tzelihome.gr<br /> ►E-MAIL : tzelihome@gmail.com<br /> ►ΚΙΝΗΤΟ : 6906.062.919 <br /> ►ΤΗΛΕΦΩΝΟ : 211.001.4573 & 211.001.4574<br>","5500",,"0","1","8","1","0","2026-05-26","7","6","0","no","no","0","Αθήνα - Κέντρο (Αττική)","Νέος Κόσμος (Αθήνα - Κέντρο)","1","105103","100","2033","5144","Single","2","1","0","0","1","1219954851","https://m3.spitogatos.gr/354696824_1600x1200.jpg?v=20130730","https://m1.spitogatos.gr/354696825_1600x1200.jpg?v=20130730","https://m1.spitogatos.gr/354696828_1600x1200.jpg?v=20130730","https://m3.spitogatos.gr/354696830_1600x1200.jpg?v=20130730","https://m1.spitogatos.gr/354696831_1600x1200.jpg?v=20130730","https://m3.spitogatos.gr/354696833_1600x1200.jpg?v=20130730","https://m2.spitogatos.gr/354696835_1600x1200.jpg?v=20130730","https://m3.spitogatos.gr/354696836_1600x1200.jpg?v=20130730","https://m2.spitogatos.gr/354696838_1600x1200.jpg?v=20130730","https://m2.spitogatos.gr/354696841_1600x1200.jpg?v=20130730","https://m3.spitogatos.gr/354696845_1600x1200.jpg?v=20130730","https://m2.spitogatos.gr/354696847_1600x1200.jpg?v=20130730","https://m3.spitogatos.gr/354696848_1600x1200.jpg?v=20130730","https://m2.spitogatos.gr/354696850_1600x1200.jpg?v=20130730","https://m1.spitogatos.gr/354696852_1600x1200.jpg?v=20130730","https://m2.spitogatos.gr/354696853_1600x1200.jpg?v=20130730","https://m1.spitogatos.gr/354696855_1600x1200.jpg?v=20130730","https://m3.spitogatos.gr/354696857_1600x1200.jpg?v=20130730","https://m1.spitogatos.gr/354696858_1600x1200.jpg?v=20130730","https://m1.spitogatos.gr/354696861_1600x1200.jpg?v=20130730","https://m2.spitogatos.gr/354696865_1600x1200.jpg?v=20130730","https://m1.spitogatos.gr/354696867_1600x1200.jpg?v=20130730","https://m1.spitogatos.gr/354696870_1600x1200.jpg?v=20130730","https://m1.spitogatos.gr/354696876_1600x1200.jpg?v=20130730",,"0","0","1","1","37.95472","1","1","23.722897",,"0","0","0","2026-07-14","0","0","1","0","1","3","0","0","0",,"0","0","0","770","2026-07-14 14:30:36","4","0","0","0","0","10.27","800","true","1","3","6","1","1","2000","0","1","2","0","0","1","75","0",,"0","1","0","2026-05-26","https://www.spitogatos.gr/en/property/1219954851","0",,"1980","2xBsrSGfDS8","residential"
"0","1","no","simple","1",,,,,"1","0","0","0","2026-04-17","0","0","1","15","1","0","false","house","0","0","0"," Κωδικός Ακινήτου: #11267  Νέος Κόσμος, Κέντρο: Ενοικιάζεται διαμπερές και ιδιαίτερα φωτεινό διαμέρισμα 56 τ.μ., στον 1ο όροφο πολυκατοικίας με ασανσέρ, σε σημείο με άμεση πρόσβαση σε μέσα μαζικής μεταφοράς και καθημερινές εξυπηρετήσεις. Το ακίνητο διαθέτει πρακτική και λειτουργική διαρρύθμιση, αποτελούμενο από άνετο υπνοδωμάτιο, ευχάριστο σαλόνι, ανεξάρτητη κουζίνα και μπάνιο, προσφέροντας άνετη διαβίωση. Κατασκευής 1994, βρίσκεται σε καλή κατάσταση και αποτελεί ιδανική επιλογή για όσους αναζητούν έναν ζεστό και ευχάριστο χώρο κατοικίας. Διαθέτει αυτόνομη θέρμανση πετρελαίου, κουφώματα αλουμινίου, καθώς και δάπεδα από πλακάκι και ξύλο που προσδίδουν πρακτικότητα και αισθητική στον χώρο. Επιπλέον, το νυχτερινό ρεύμα συμβάλλει στην εξοικονόμηση ενέργειας. Η διαμπερής του διάταξη εξασφαλίζει φυσικό φωτισμό και καλό αερισμό καθ’ όλη τη διάρκεια της ημέρας, καθιστώντας το μια ιδιαίτερα ελκυστική επιλογή για άνετη και λειτουργική κατοικία.<br><br />
 <br><br />
 <br><br />
Τιμή 700€ | Κωδικός Ακινήτου: #11267<br><br />
 <br><br />
 <br><br />
ΚΑΤΑ ΤΗΝ ΥΠΟΔΕΙΞΗ ΤΟΥ ΑΚΙΝΗΤΟΥ ΑΠΑΙΤΕΙΤΑΙ ΝΑ ΓΙΝΕΤΑΙ ΕΠΙΔΕΙΞΗ ΤΗΣ ΑΣΤΥΝΟΜΙΚΗΣ ΣΑΣ ΤΑΥΤΟΤΗΤΑΣ ΣΥΜΦΩΝΑ ΜΕ ΤΟΝ Ν.4072/11-04-2012 Φ.Ε.Κ 86Α<br /><br />ΤΑ ΣΤΟΙΧΕΙΑ ΤΩΝ ΑΚΙΝΗΤΩΝ ΕΙΝΑΙ ΚΑΤΑ ΔΗΛΩΣΗ ΤΟΥ ΙΔΙΟΚΤΗΤΗ<br /><br />ΑΚΙΝΗΤΑ ΑΠΟΚΛΕΙΣΤΙΚΗΣ ΔΙΑΘΕΣΗΣ ΜΕ ΦΩΤΟΓΡΑΦΙΕΣ ΠΟΥ ΔΙΑΧΕΙΡΙΖΕΤΑΙ Η ΕΤΑΙΡΙΑ ΜΑΣ ΘΑ ΒΡΕΙΤΕ ΣΤΗΝ ΙΣΤΟΣΕΛΙΔΑ ΜΑΣ<br /><br /> ►WEBSITE: www.tzelihome.gr<br /><br /> ✔ ΓΙΑ ΤΗΝ ΚΑΛΥΤΕΡΗ ΕΞΥΠΗΡΕΤΗΣΗ ΣΑΣ ΧΡΗΣΙΜΟΠΟΙΕΙΣΤΕ ΤΟΝ ΚΩΔΙΚΟ ΑΚΙΝΗΤΟΥ ΠΟΥ ΑΝΑΓΡΑΦΕΤΑΙ ΣΤΗΝ ΠΕΡΙΓΡΑΦΗ<br /> ✔ Η ΔΙΕΥΘΥΝΣΗ ΣΤΟΝ ΧΑΡΤΗ ΕΧΕΙ ΤΟΠΟΘΕΤΗΘΕΙ ΚΑΤΑ ΠΡΟΣΕΓΓΙΣΗ<br /> ✔ ΟΙ ΑΚΡΙΒΕΙΣ ΠΛΗΡΟΦΟΡΙΕΣ ΤΗΣ ΔΙΕΥΘΥΝΣΗΣ ΠΑΡΕΧΟΝΤΑΙ ΣΤΗΝ ΥΠΟΔΕΙΞΗ ΤΟΥ ΑΚΙΝΗΤΟΥ<br /><br /> ΜΕΣΙΤΙΚΟ ΓΡΑΦΕΙΟ TZELI HOME<br /> ΥΜΗΤΤΟΥ 41 , ΚΑΙΣΑΡΙΑΝΗ , ΤΚ 16121<br /><br /> ΕΠΙΚΟΙΝΩΝΗΣΤΕ ΜΑΖΙ ΜΑΣ:<br /> ►WEBSITE : www.tzelihome.gr<br /> ►E-MAIL : tzelihome@gmail.com<br /> ►ΚΙΝΗΤΟ : 6906.062.919 <br /> ►ΤΗΛΕΦΩΝΟ : 211.001.4573 & 211.001.4574<br>","5000",,"0","1","6","0","0","2026-04-17","6","10","0","no","no","0","Αθήνα - Κέντρο (Αττική)","Νέος Κόσμος (Αθήνα - Κέντρο)","1","105103","100","2033","5144","Single","1","1","0","0","1","1219733493","https://m2.spitogatos.gr/350856406_1600x1200.jpg?v=20130730","https://m1.spitogatos.gr/350856408_1600x1200.jpg?v=20130730","https://m3.spitogatos.gr/350856410_1600x1200.jpg?v=20130730","https://m1.spitogatos.gr/350856414_1600x1200.jpg?v=20130730","https://m1.spitogatos.gr/350856417_1600x1200.jpg?v=20130730","https://m1.spitogatos.gr/350856420_1600x1200.jpg?v=20130730","https://m1.spitogatos.gr/350856423_1600x1200.jpg?v=20130730","https://m2.spitogatos.gr/350856427_1600x1200.jpg?v=20130730","https://m1.spitogatos.gr/350856429_1600x1200.jpg?v=20130730","https://m1.spitogatos.gr/350856432_1600x1200.jpg?v=20130730","https://m2.spitogatos.gr/350856433_1600x1200.jpg?v=20130730","https://m3.spitogatos.gr/350856434_1600x1200.jpg?v=20130730","https://m3.spitogatos.gr/350856437_1600x1200.jpg?v=20130730","https://m1.spitogatos.gr/350856438_1600x1200.jpg?v=20130730","https://m2.spitogatos.gr/350856439_1600x1200.jpg?v=20130730","https://m3.spitogatos.gr/350856440_1600x1200.jpg?v=20130730","https://m1.spitogatos.gr/350856441_1600x1200.jpg?v=20130730","https://m2.spitogatos.gr/350856442_1600x1200.jpg?v=20130730","https://m3.spitogatos.gr/350856443_1600x1200.jpg?v=20130730","https://m1.spitogatos.gr/350856444_1600x1200.jpg?v=20130730","https://m2.spitogatos.gr/350856445_1600x1200.jpg?v=20130730","https://m1.spitogatos.gr/350856447_1600x1200.jpg?v=20130730","https://m3.spitogatos.gr/350856449_1600x1200.jpg?v=20130730","https://m1.spitogatos.gr/350856453_1600x1200.jpg?v=20130730",,"0","0","2","1","37.951927","1","1","23.722132",,"0","0","0","2026-04-24","0","0","1","0","1","3","0","0","0",,"0","0","0","700",,,"0","0","0","0","12.5",,,"1","3","6","1","0",,"0","1","1","0","0","0","56","0",,"0","1","0","2026-04-17","https://www.spitogatos.gr/en/property/1219733493","0",,"1994","EzdcyE9qUT8","residential"
"1","2","no","simple","1",,,,,"0","0","0","0","2026-03-10","0","0","1","15","1","0","false","house","0","30","0","Κωδικός Ακινήτου: #10804<br><br />
Κουκάκι – Μακρυγιάννη, Φιξ: Ενοικιάζεται πλήρως ανακαινισμένο διαμέρισμα 82 τ.μ. στον 2ο όροφο πολυκατοικίας με ασανσέρ, σε εξαιρετική τοποθεσία κοντά σε μέσα μαζικής μεταφοράς και σε σημεία ιδιαίτερου ενδιαφέροντος της πόλης. Το ακίνητο διαθέτει άνετη και λειτουργική διαρρύθμιση και αποτελείται από δύο ευρύχωρα υπνοδωμάτια, φωτεινό σαλόνι, ανεξάρτητη κουζίνα και μπάνιο, προσφέροντας ένα ευχάριστο και πρακτικό περιβάλλον διαβίωσης. Η οικοδομή είναι κατασκευής 1970, ενώ το διαμέρισμα έχει ανακαινιστεί πλήρως, συνδυάζοντας τον κλασικό χαρακτήρα με σύγχρονες ανέσεις. Διαθέτει κεντρική θέρμανση φυσικού αερίου, κουφώματα αλουμινίου με διπλά τζάμια, πόρτα ασφαλείας και κλιματισμό, εξασφαλίζοντας άνεση και ασφάλεια. Τα δάπεδα από μωσαϊκό και ξύλο προσδίδουν διαχρονική αισθητική και ζεστασιά στους χώρους. Χάρη στη διάταξη και την τοποθεσία του, το ακίνητο αποτελεί ιδανική επιλογή για οικογένειες που αναζητούν ένα άνετο σπίτι σε μια από τις πιο δημοφιλείς περιοχές της Αθήνας.<br><br />
 <br><br />
Τιμή: 850€ | Κωδικός Ακινήτου: #10804<br><br />
 <br><br />
ΚΑΤΑ ΤΗΝ ΥΠΟΔΕΙΞΗ ΤΟΥ ΑΚΙΝΗΤΟΥ ΑΠΑΙΤΕΙΤΑΙ ΝΑ ΓΙΝΕΤΑΙ ΕΠΙΔΕΙΞΗ ΤΗΣ ΑΣΤΥΝΟΜΙΚΗΣ ΣΑΣ ΤΑΥΤΟΤΗΤΑΣ ΣΥΜΦΩΝΑ ΜΕ ΤΟΝ Ν.4072/11-04-2012 Φ.Ε.Κ 86Α<br /><br />ΤΑ ΣΤΟΙΧΕΙΑ ΤΩΝ ΑΚΙΝΗΤΩΝ ΕΙΝΑΙ ΚΑΤΑ ΔΗΛΩΣΗ ΤΟΥ ΙΔΙΟΚΤΗΤΗ<br /><br />ΑΚΙΝΗΤΑ ΑΠΟΚΛΕΙΣΤΙΚΗΣ ΔΙΑΘΕΣΗΣ ΜΕ ΦΩΤΟΓΡΑΦΙΕΣ ΠΟΥ ΔΙΑΧΕΙΡΙΖΕΤΑΙ Η ΕΤΑΙΡΙΑ ΜΑΣ ΘΑ ΒΡΕΙΤΕ ΣΤΗΝ ΙΣΤΟΣΕΛΙΔΑ ΜΑΣ<br /><br /> ►WEBSITE: www.tzelihome.gr<br /><br /> ✔ ΓΙΑ ΤΗΝ ΚΑΛΥΤΕΡΗ ΕΞΥΠΗΡΕΤΗΣΗ ΣΑΣ ΧΡΗΣΙΜΟΠΟΙΕΙΣΤΕ ΤΟΝ ΚΩΔΙΚΟ ΑΚΙΝΗΤΟΥ ΠΟΥ ΑΝΑΓΡΑΦΕΤΑΙ ΣΤΗΝ ΠΕΡΙΓΡΑΦΗ<br /> ✔ Η ΔΙΕΥΘΥΝΣΗ ΣΤΟΝ ΧΑΡΤΗ ΕΧΕΙ ΤΟΠΟΘΕΤΗΘΕΙ ΚΑΤΑ ΠΡΟΣΕΓΓΙΣΗ<br /> ✔ ΟΙ ΑΚΡΙΒΕΙΣ ΠΛΗΡΟΦΟΡΙΕΣ ΤΗΣ ΔΙΕΥΘΥΝΣΗΣ ΠΑΡΕΧΟΝΤΑΙ ΣΤΗΝ ΥΠΟΔΕΙΞΗ ΤΟΥ ΑΚΙΝΗΤΟΥ<br /><br /> ΜΕΣΙΤΙΚΟ ΓΡΑΦΕΙΟ TZELI HOME<br /> ΥΜΗΤΤΟΥ 41 , ΚΑΙΣΑΡΙΑΝΗ , ΤΚ 16121<br /><br /> ΕΠΙΚΟΙΝΩΝΗΣΤΕ ΜΑΖΙ ΜΑΣ:<br /> ►WEBSITE : www.tzelihome.gr<br /> ►E-MAIL : tzelihome@gmail.com<br /> ►ΚΙΝΗΤΟ : 6906.062.919 <br /> ►ΤΗΛΕΦΩΝΟ : 211.001.4573 & 211.001.4574<br>","5000",,"0","1","6","0","0","2026-03-10","7","11","0","no","no","0","Αθήνα - Κέντρο (Αττική)","Νέος Κόσμος (Αθήνα - Κέντρο)","1","105103","100","2033","5147","Double","2","2","0","0","1","1219520945","https://m1.spitogatos.gr/347332821_1600x1200.jpg?v=20130730","https://m3.spitogatos.gr/347332823_1600x1200.jpg?v=20130730","https://m1.spitogatos.gr/347332827_1600x1200.jpg?v=20130730","https://m1.spitogatos.gr/347332830_1600x1200.jpg?v=20130730","https://m1.spitogatos.gr/347332833_1600x1200.jpg?v=20130730","https://m1.spitogatos.gr/347332836_1600x1200.jpg?v=20130730","https://m1.spitogatos.gr/347332839_1600x1200.jpg?v=20130730","https://m1.spitogatos.gr/347332842_1600x1200.jpg?v=20130730","https://m3.spitogatos.gr/347332844_1600x1200.jpg?v=20130730","https://m2.spitogatos.gr/347332846_1600x1200.jpg?v=20130730","https://m1.spitogatos.gr/347332848_1600x1200.jpg?v=20130730","https://m1.spitogatos.gr/347332851_1600x1200.jpg?v=20130730","https://m1.spitogatos.gr/347332854_1600x1200.jpg?v=20130730","https://m3.spitogatos.gr/347332859_1600x1200.jpg?v=20130730","https://m3.spitogatos.gr/347332862_1600x1200.jpg?v=20130730","https://m2.spitogatos.gr/347332864_1600x1200.jpg?v=20130730","https://m1.spitogatos.gr/347332866_1600x1200.jpg?v=20130730","https://m2.spitogatos.gr/347332867_1600x1200.jpg?v=20130730","https://m1.spitogatos.gr/347332869_1600x1200.jpg?v=20130730","https://m2.spitogatos.gr/347332870_1600x1200.jpg?v=20130730","https://m1.spitogatos.gr/347332872_1600x1200.jpg?v=20130730","https://m3.spitogatos.gr/347332874_1600x1200.jpg?v=20130730","https://m2.spitogatos.gr/347332876_1600x1200.jpg?v=20130730","https://m3.spitogatos.gr/347332877_1600x1200.jpg?v=20130730",,"0","0","2","1","37.967293","1","1","23.731619",,"0","0","0","2026-07-23","0","0","0","0","1","2","0","0","0",,"0","0","0","850",,,"0","0","0","0","10.37",,,"1","3","6","1","1","2024","0","1","2","0","1","0","82","0",,"0","1","0","2026-03-10","https://www.spitogatos.gr/en/property/1219520945","0",,"1970","4zaBuJhct_Y","residential"
"1","4","no","simple","1",,,,,"0","0","0","0","2026-01-31","0","0","0","14","1","0","false","house","0","20","0","Κωδικός Ακινήτου: #10341 | Νέος Κόσμος, Κυνοσάργους: Ενοικιάζεται πλήρως ανακαινισμένο διαμέρισμα 95 τ.μ., προσόψεως, στον 4ο όροφο πολυκατοικίας με ασανσέρ. Το ακίνητο είναι πλήρως επιπλωμένο και έτοιμο προς κατοίκηση, προσφέροντας άνεση, λειτουργικότητα και σύγχρονο στιλ. Διαθέτει δύο υπνοδωμάτια, μοντέρνα κουζίνα, άνετο σαλόνι και δύο μπάνια, καλύπτοντας πλήρως τις ανάγκες μιας οικογένειας ή επαγγελματία. Είναι κατασκευής 1968, με πόρτα ασφαλείας, κλιματισμό, δάπεδα από πλακάκι και ξύλο, ενώ βρίσκεται κοντά σε μέσα μαζικής μεταφοράς, εξασφαλίζοντας εύκολη πρόσβαση σε όλες τις περιοχές της πόλης. Ένα καλαίσθητο και λειτουργικό διαμέρισμα, ιδανικό για όσους αναζητούν άνετη και ποιοτική κατοικία σε εξαιρετικό σημείο.<br><br />
 <br><br />
 <br><br />
Τιμή 1.100€ | Κωδικός Ακινήτου: #10341<br><br />
 <br><br />
<br /> ΚΑΤΑ ΤΗΝ ΥΠΟΔΕΙΞΗ ΤΟΥ ΑΚΙΝΗΤΟΥ ΑΠΑΙΤΕΙΤΑΙ ΝΑ ΓΙΝΕΤΑΙ ΕΠΙΔΕΙΞΗ ΤΗΣ ΑΣΤΥΝΟΜΙΚΗΣ ΣΑΣ ΤΑΥΤΟΤΗΤΑΣ ΣΥΜΦΩΝΑ ΜΕ ΤΟΝ Ν.4072/11-04-2012 Φ.Ε.Κ 86Α<br /><br />ΤΑ ΣΤΟΙΧΕΙΑ ΤΩΝ ΑΚΙΝΗΤΩΝ ΕΙΝΑΙ ΚΑΤΑ ΔΗΛΩΣΗ ΤΟΥ ΙΔΙΟΚΤΗΤΗ<br /><br />ΑΚΙΝΗΤΑ ΑΠΟΚΛΕΙΣΤΙΚΗΣ ΔΙΑΘΕΣΗΣ ΜΕ ΦΩΤΟΓΡΑΦΙΕΣ ΠΟΥ ΔΙΑΧΕΙΡΙΖΕΤΑΙ Η ΕΤΑΙΡΙΑ ΜΑΣ ΘΑ ΒΡΕΙΤΕ ΣΤΗΝ ΙΣΤΟΣΕΛΙΔΑ ΜΑΣ<br /><br /> ►WEBSITE: www.tzelihome.gr<br /><br /> ✔ ΓΙΑ ΤΗΝ ΚΑΛΥΤΕΡΗ ΕΞΥΠΗΡΕΤΗΣΗ ΣΑΣ ΧΡΗΣΙΜΟΠΟΙΕΙΣΤΕ ΤΟΝ ΚΩΔΙΚΟ ΑΚΙΝΗΤΟΥ ΠΟΥ ΑΝΑΓΡΑΦΕΤΑΙ ΣΤΗΝ ΠΕΡΙΓΡΑΦΗ<br /> ✔ Η ΔΙΕΥΘΥΝΣΗ ΣΤΟΝ ΧΑΡΤΗ ΕΧΕΙ ΤΟΠΟΘΕΤΗΘΕΙ ΚΑΤΑ ΠΡΟΣΕΓΓΙΣΗ<br /> ✔ ΟΙ ΑΚΡΙΒΕΙΣ ΠΛΗΡΟΦΟΡΙΕΣ ΤΗΣ ΔΙΕΥΘΥΝΣΗΣ ΠΑΡΕΧΟΝΤΑΙ ΣΤΗΝ ΥΠΟΔΕΙΞΗ ΤΟΥ ΑΚΙΝΗΤΟΥ<br /><br /> ΜΕΣΙΤΙΚΟ ΓΡΑΦΕΙΟ TZELI HOME<br /> ΥΜΗΤΤΟΥ 41 , ΚΑΙΣΑΡΙΑΝΗ , ΤΚ 16121<br /><br /> ΕΠΙΚΟΙΝΩΝΗΣΤΕ ΜΑΖΙ ΜΑΣ:<br /> ►WEBSITE : www.tzelihome.gr<br /> ►E-MAIL : tzelihome@gmail.com<br /> ►ΚΙΝΗΤΟ : 6906.062.919 <br /> ►ΤΗΛΕΦΩΝΟ : 211.001.4573 & 211.001.4574<br>","5000",,"0","1","5","1","0","2026-01-31","9","10","0","yes","no","0","Αθήνα - Κέντρο (Αττική)","Νέος Κόσμος (Αθήνα - Κέντρο)","1","105103","100","2033","5147","Single","1","4","0","0","1","1219295525","https://m1.spitogatos.gr/343355727_1600x1200.jpg?v=20130730","https://m2.spitogatos.gr/343355728_1600x1200.jpg?v=20130730","https://m3.spitogatos.gr/343355729_1600x1200.jpg?v=20130730","https://m3.spitogatos.gr/343355732_1600x1200.jpg?v=20130730","https://m2.spitogatos.gr/343355734_1600x1200.jpg?v=20130730","https://m2.spitogatos.gr/343355737_1600x1200.jpg?v=20130730","https://m2.spitogatos.gr/343355740_1600x1200.jpg?v=20130730","https://m1.spitogatos.gr/343355742_1600x1200.jpg?v=20130730","https://m1.spitogatos.gr/343355745_1600x1200.jpg?v=20130730","https://m1.spitogatos.gr/343355748_1600x1200.jpg?v=20130730","https://m1.spitogatos.gr/343355751_1600x1200.jpg?v=20130730","https://m1.spitogatos.gr/343355754_1600x1200.jpg?v=20130730","https://m3.spitogatos.gr/343355756_1600x1200.jpg?v=20130730","https://m3.spitogatos.gr/343355759_1600x1200.jpg?v=20130730","https://m3.spitogatos.gr/343355762_1600x1200.jpg?v=20130730","https://m2.spitogatos.gr/343355764_1600x1200.jpg?v=20130730","https://m3.spitogatos.gr/343355765_1600x1200.jpg?v=20130730","https://m1.spitogatos.gr/343355766_1600x1200.jpg?v=20130730","https://m2.spitogatos.gr/343355767_1600x1200.jpg?v=20130730","https://m3.spitogatos.gr/343355768_1600x1200.jpg?v=20130730","https://m1.spitogatos.gr/343355769_1600x1200.jpg?v=20130730","https://m2.spitogatos.gr/343355770_1600x1200.jpg?v=20130730","https://m3.spitogatos.gr/343355771_1600x1200.jpg?v=20130730","https://m1.spitogatos.gr/343355772_1600x1200.jpg?v=20130730",,"0","0","1","1","37.96283","1","1","23.727316",,"0","0","0","2026-07-23","0","0","0","0","2","3","0","0","0",,"0","0","0","1100",,,"0","0","0","0","11.58",,,"1","3","6","1","1","2020","0","1","2","0","1","0","95","0",,"0","1","0","2026-01-31","https://www.spitogatos.gr/en/property/1219295525","0",,"1968","bO2W_YcJQ3k","residential"
"1","Basement","no","simple","1",,,,,"1","0","0","0","2026-07-20","0","0","0","8","1","0","false","house","0","0","0","Κωδικός Ακινήτου: #12584<br><br />
Στο κέντρο του Νέου Κόσμου διατίθεται προς ενοικίαση πλήρως ανακαινισμένο, διαμπερές διαμέρισμα 75 τ.μ. σε υπόγειο, το οποίο συνδυάζει λειτουργικότητα, σύγχρονες παροχές και άνετους χώρους. Η κατοικία αποτελείται από ευρύχωρο σαλόνι, ανεξάρτητη κουζίνα, δύο άνετα υπνοδωμάτια, δύο μπάνια και αποθήκη, προσφέροντας μια εξαιρετικά πρακτική διαρρύθμιση που καλύπτει τις ανάγκες οικογένειας, συγκατοίκησης ή επαγγελματιών που επιθυμούν επιπλέον χώρους. Κατασκευής 1970 και πλήρως ανακαινισμένο, παραδίδεται φρεσκοβαμμένο και εξοπλισμένο με κεντρική θέρμανση πετρελαίου, κλιματισμό, κουφώματα αλουμινίου με διπλά ενεργειακά τζάμια, πόρτα ασφαλείας, ηλεκτρικά ρολά, θυροτηλεόραση, σίτες και δάπεδα από πλακάκι που προσφέρουν αντοχή και εύκολη συντήρηση. Ιδιαίτερο πλεονέκτημα του ακινήτου αποτελεί η ιδιωτική αυλή, ένας ευχάριστος εξωτερικός χώρος που μπορεί να αξιοποιηθεί για στιγμές χαλάρωσης ή καθημερινής χρήσης. Βρίσκεται σε εξαιρετική τοποθεσία, πολύ κοντά στο κέντρο του Νέου Κόσμου, με άμεση πρόσβαση σε μέσα σταθερής τροχιάς και συγκοινωνίες, καταστήματα, σχολεία και όλες τις απαραίτητες υπηρεσίες, αποτελώντας μια ιδανική επιλογή για όσους αναζητούν άνεση και ευκολία στην καθημερινότητά τους.<br><br />
 <br><br />
Τιμή ενοικίασης: 800€ | Κωδικός Ακινήτου: #12584<br><br />
 <br><br />
<br /> ΚΑΤΑ ΤΗΝ ΥΠΟΔΕΙΞΗ ΤΟΥ ΑΚΙΝΗΤΟΥ ΑΠΑΙΤΕΙΤΑΙ ΝΑ ΓΙΝΕΤΑΙ ΕΠΙΔΕΙΞΗ ΤΗΣ ΑΣΤΥΝΟΜΙΚΗΣ ΣΑΣ ΤΑΥΤΟΤΗΤΑΣ ΣΥΜΦΩΝΑ ΜΕ ΤΟΝ Ν.4072/11-04-2012 Φ.Ε.Κ 86Α<br /><br />ΤΑ ΣΤΟΙΧΕΙΑ ΤΩΝ ΑΚΙΝΗΤΩΝ ΕΙΝΑΙ ΚΑΤΑ ΔΗΛΩΣΗ ΤΟΥ ΙΔΙΟΚΤΗΤΗ<br /><br />ΑΚΙΝΗΤΑ ΑΠΟΚΛΕΙΣΤΙΚΗΣ ΔΙΑΘΕΣΗΣ ΜΕ ΦΩΤΟΓΡΑΦΙΕΣ ΠΟΥ ΔΙΑΧΕΙΡΙΖΕΤΑΙ Η ΕΤΑΙΡΙΑ ΜΑΣ ΘΑ ΒΡΕΙΤΕ ΣΤΗΝ ΙΣΤΟΣΕΛΙΔΑ ΜΑΣ<br /><br /> ►WEBSITE: www.tzelihome.gr<br /><br /> ✔ ΓΙΑ ΤΗΝ ΚΑΛΥΤΕΡΗ ΕΞΥΠΗΡΕΤΗΣΗ ΣΑΣ ΧΡΗΣΙΜΟΠΟΙΕΙΣΤΕ ΤΟΝ ΚΩΔΙΚΟ ΑΚΙΝΗΤΟΥ ΠΟΥ ΑΝΑΓΡΑΦΕΤΑΙ ΣΤΗΝ ΠΕΡΙΓΡΑΦΗ<br /> ✔ Η ΔΙΕΥΘΥΝΣΗ ΣΤΟΝ ΧΑΡΤΗ ΕΧΕΙ ΤΟΠΟΘΕΤΗΘΕΙ ΚΑΤΑ ΠΡΟΣΕΓΓΙΣΗ<br /> ✔ ΟΙ ΑΚΡΙΒΕΙΣ ΠΛΗΡΟΦΟΡΙΕΣ ΤΗΣ ΔΙΕΥΘΥΝΣΗΣ ΠΑΡΕΧΟΝΤΑΙ ΣΤΗΝ ΥΠΟΔΕΙΞΗ ΤΟΥ ΑΚΙΝΗΤΟΥ<br /><br /> ΜΕΣΙΤΙΚΟ ΓΡΑΦΕΙΟ TZELI HOME<br /> ΥΜΗΤΤΟΥ 41 , ΚΑΙΣΑΡΙΑΝΗ , ΤΚ 16121<br /><br /> ΕΠΙΚΟΙΝΩΝΗΣΤΕ ΜΑΖΙ ΜΑΣ:<br /> ►WEBSITE : www.tzelihome.gr<br /> ►E-MAIL : tzelihome@gmail.com<br /> ►ΚΙΝΗΤΟ : 6906.062.919 <br /> ►ΤΗΛΕΦΩΝΟ : 211.001.4573 & 211.001.4574<br>","6000",,"0","0","6","0","0","2026-07-20","1","4","0","no","no","0","Αθήνα - Κέντρο (Αττική)","Νέος Κόσμος (Αθήνα - Κέντρο)","1","105103","100","2033","5145","Double","2","1","0","0","1","1220425028","https://m1.spitogatos.gr/362452848_1600x1200.jpg?v=20130730","https://m1.spitogatos.gr/362452854_1600x1200.jpg?v=20130730","https://m2.spitogatos.gr/362452858_1600x1200.jpg?v=20130730","https://m3.spitogatos.gr/362452862_1600x1200.jpg?v=20130730","https://m3.spitogatos.gr/362452868_1600x1200.jpg?v=20130730","https://m3.spitogatos.gr/362452871_1600x1200.jpg?v=20130730","https://m2.spitogatos.gr/362452873_1600x1200.jpg?v=20130730","https://m1.spitogatos.gr/362452875_1600x1200.jpg?v=20130730","https://m1.spitogatos.gr/362452878_1600x1200.jpg?v=20130730","https://m3.spitogatos.gr/362452880_1600x1200.jpg?v=20130730","https://m1.spitogatos.gr/362452881_1600x1200.jpg?v=20130730","https://m3.spitogatos.gr/362452883_1600x1200.jpg?v=20130730","https://m2.spitogatos.gr/362452885_1600x1200.jpg?v=20130730","https://m3.spitogatos.gr/362452886_1600x1200.jpg?v=20130730","https://m2.spitogatos.gr/362452888_1600x1200.jpg?v=20130730","https://m1.spitogatos.gr/362452890_1600x1200.jpg?v=20130730","https://m2.spitogatos.gr/362452891_1600x1200.jpg?v=20130730","https://m2.spitogatos.gr/362452894_1600x1200.jpg?v=20130730","https://m1.spitogatos.gr/362452896_1600x1200.jpg?v=20130730","https://m1.spitogatos.gr/362452899_1600x1200.jpg?v=20130730","https://m1.spitogatos.gr/362452902_1600x1200.jpg?v=20130730","https://m2.spitogatos.gr/362452903_1600x1200.jpg?v=20130730","https://m2.spitogatos.gr/362452906_1600x1200.jpg?v=20130730",,,"0","0","2","1","37.954914","1","1","23.719015",,"0","0","0","2026-07-22","0","0","0","0","2","11","1","0","1",,"0","0","0","800",,,"0","0","0","0","10.67",,,"1","3","6","1","1","2026","0","1","2","0","1","0","75","1",,"0","1","0","2026-07-20","https://www.spitogatos.gr/en/property/1220425028","0",,"1970","M_5mlQ98mW8","residential"
"1","2","no","simple","1",,,,,"0","0","0","0","2026-07-01","0","0","0","0","0","0",,"house",,,"0","Κωδικός ακινήτου: 48-4625 - Δάφνη Άνω Δάφνη  ΕΝΟΙΚΙΑΖΕΤΑΙ   ανακαινισμένο επιπλωμένο διαμέρισμα  στον 2 ο όροφο συνολικής επιφάνειας 66.00 τ.μ.  . Αποτελείται από 2 υπνοδωμάτια, σαλόνι, κουζίνα, μπάνιο . Είναι κατασκευασμένο το 1974 με ενεργειακή κλάση Γ  και διαθέτει θέρμανση ατομική - ηλεκτρικό, θέα σε αστικό τοπίο,  ξύλινα πατώματα, πόρτα ασφαλείας, εντοιχιζόμενες ντουλάπες, ανελκυστήρα, A/C, ηλεκτρικές συσκευές, διπλά τζάμια     απόσταση από μετρό 450 μέτρα - Τιμή: 680 €  <br>Προς ενοικίαση υπέροχο επιπλωμένο διαμέρισμα 2ου ορόφου στη Δάφνη.<br>Πρόκειται για ακίνητο 66 τμ, 2ου ορόφου το οποίο αποτελείτε από 2 Υ/Δ, κουζίνα και μπάνιο. Το διαμέρισμα είναι πλήρως επιπλωμένο και διαθέτει και τις ηλεκτρικές συσκευές όπως ψυγείο, φούρνο, πλυντήριο και κλιματιστικά. Το ακίνητο βρίσκεται σε πολύ προνομιακή θέση μιας και είναι μόλις 7 λεπτά από τον σταθμό του μετρό Δάφνη και δίπλα από την γυμναστική ακαδημία. Αποτελεί μια τέλεια επιλογή είτε για φοιτητές είτε για οικογένειες.<br> <br>Τηλ: (+30)210 2201935 ,  e-mail: info@remaxlysis.com<br />
www.remax-lysis.gr<br />
<br />
| Οι πληροφορίες και τα χαρακτηριστικά των ακινήτων έχουν καταχωρηθεί βάσει των πληροφοριών και στοιχείων που προσκόμισε ο εντολέας.<br />
| Το σημείο στο χάρτη δεν ανταποκρίνεται στην πραγματική διεύθυνση του ακινήτου.<br />
| Όλα τα ακίνητα που προβάλλουμε μέσω internet είναι διαθέσιμα, καθώς γίνεται συνεχής ενημέρωση και αποσύρονται τα μη διαθέσιμα.<br />
| Κατά την υπόδειξη του ακινήτου είναι απαραίτητη η αστυνομική ταυτότητα ή ο Α.Φ.Μ, σύμφωνα με τον Νόμο Ν.4072/2012 - ΦΕΚ 86/Α/11-4-2012",,,,"1","5","0","0","2026-06-30","7","2","0","yes","no","0","Αθήνα - Νότια Προάστια (Αττική)","Δάφνη (Αθήνα - Νότια Προάστια)","1","105103","102","2209","123191","Double","4","4","0","0","1","1220271179","https://m1.spitogatos.gr/362572347_1600x1200.jpg?v=20130730","https://m3.spitogatos.gr/362572349_1600x1200.jpg?v=20130730","https://m2.spitogatos.gr/362572351_1600x1200.jpg?v=20130730","https://m1.spitogatos.gr/362572353_1600x1200.jpg?v=20130730","https://m1.spitogatos.gr/362572356_1600x1200.jpg?v=20130730","https://m3.spitogatos.gr/362572358_1600x1200.jpg?v=20130730","https://m3.spitogatos.gr/362572364_1600x1200.jpg?v=20130730","https://m3.spitogatos.gr/362572367_1600x1200.jpg?v=20130730","https://m3.spitogatos.gr/362572373_1600x1200.jpg?v=20130730","https://m1.spitogatos.gr/362572380_1600x1200.jpg?v=20130730","https://m2.spitogatos.gr/362572387_1600x1200.jpg?v=20130730","https://m3.spitogatos.gr/362572394_1600x1200.jpg?v=20130730","https://m3.spitogatos.gr/362572400_1600x1200.jpg?v=20130730","https://m3.spitogatos.gr/362572406_1600x1200.jpg?v=20130730","https://m1.spitogatos.gr/362572410_1600x1200.jpg?v=20130730","https://m3.spitogatos.gr/362572418_1600x1200.jpg?v=20130730",,,,,,,,,,"0","0",,"1","37.953724",,"1","23.74036",,"0",,,"2026-07-21","0","0","0","0","1",,"0","0","0",,"0","0","0","680",,,"0","0","0","0","10.3",,,"1","3","6","1","1",,"0","2","2","0","1","0","66","0","Κρεστένων 6-12, 172 37, Δάφνη","1","1","0","2026-06-30","https://www.spitogatos.gr/en/property/1220271179","1","0","1974",,"residential"
"0","2","yes","simple","1",,,,,"0","0","0","0","2026-07-13","0","1","0","1","1",,"false","house",,"25","1","Ενοικιάζεται φωτεινό και ευρύχωρο διαμέρισμα 95 τ.μ. σε εξαιρετική περιοχή, ιδανικό για οικογένεια ή ζευγάρι. Το ακίνητο διαθέτει 2 άνετα υπνοδωμάτια, μεγάλο μπάνιο με παράθυρο για φυσικό φωτισμό και αερισμό, ανεξάρτητη και ιδιαίτερα φωτεινή κουζίνα, καθώς και ευρύχωρο σαλόνι ενιαίο με τραπεζαρία. Επιπλέον, διαθέτει εσωτερική αποθήκη, κουφώματα αλουμινίου με διπλά τζάμια, κεντρική θέρμανση πετρελαίου και πόρτα εισόδου ασφαλείας με διπλές κλειδαριές. Βρίσκεται σε προνομιακή τοποθεσία, κοντά σε σχολεία, εμπορικούς δρόμους, σούπερ μάρκετ, χώρους εστίασης και διασκέδασης, ενώ εξυπηρετείται άμεσα από συχνές συγκοινωνίες, προσφέροντας άνεση και ευκολία στην καθημερινότητα.  Ενοικίαση, Διαμέρισμα,  Μπάνια: 1,  Εμβαδόν: 95 τ.μ.,  Δωμάτια: 2,  Έτος κατασκευής: 1976,  Για φοιτητές,  Ασανσέρ,  Αποθήκη,  Όροφος: 2ος,  Κατάλληλο για Επαγγ. Χρήση,  Γωνιακό,  Επιτρέπονται κατοικίδια,  Ανακαινισμένο,  Τέντα,  Φωτεινό,  Κουζίνες: 1,  Κουφώματα: Αλουμινίου,  Τύπος δαπέδων: Μάρμαρο,  Επιφάνεια oικοπέδου: 400 τ.μ.,  Πρόσβαση για ΑΜΕΑ,  Eπίπεδα: 1,  Θέρμανση: Κεντρική θέρμανση,  Μέσο θέρμανσης: Πετρέλαιο,  Πρόσβαση από: Άσφαλτο,  Ζώνη: Οικιστική ζώνη,  Ενεργειακή κλάση: Δ,  Προσανατολισμός: Νοτιοανατολικός,  Ρεύμα: Μονοφασικό,  Έτος Ανακαίνισης: 2022,  Απόσταση απο θάλασσα: 4000,  Μηνιαία κοινόχρηστα: 25","4000","0",,"1","6","0","0","2026-06-19","7","1","1","no","no","0","Αθήνα - Νότια Προάστια (Αττική)","Δάφνη (Αθήνα - Νότια Προάστια)","1","105103","102","2209","123190",,"2","1","0","0","1","1220160347","https://m2.spitogatos.gr/361462072_1600x1200.jpg?v=20130730","https://m1.spitogatos.gr/361462077_1600x1200.jpg?v=20130730","https://m2.spitogatos.gr/361462084_1600x1200.jpg?v=20130730","https://m2.spitogatos.gr/361462117_1600x1200.jpg?v=20130730","https://m3.spitogatos.gr/361462124_1600x1200.jpg?v=20130730","https://m2.spitogatos.gr/361462132_1600x1200.jpg?v=20130730","https://m2.spitogatos.gr/361462144_1600x1200.jpg?v=20130730","https://m1.spitogatos.gr/361462149_1600x1200.jpg?v=20130730","https://m2.spitogatos.gr/361462156_1600x1200.jpg?v=20130730","https://m3.spitogatos.gr/361462160_1600x1200.jpg?v=20130730","https://m1.spitogatos.gr/361462200_1600x1200.jpg?v=20130730","https://m2.spitogatos.gr/361462204_1600x1200.jpg?v=20130730","https://m3.spitogatos.gr/361462208_1600x1200.jpg?v=20130730","https://m2.spitogatos.gr/361462222_1600x1200.jpg?v=20130730","https://m1.spitogatos.gr/361462239_1600x1200.jpg?v=20130730","https://m2.spitogatos.gr/361462240_1600x1200.jpg?v=20130730","https://m3.spitogatos.gr/361462241_1600x1200.jpg?v=20130730","https://m2.spitogatos.gr/361462243_1600x1200.jpg?v=20130730","https://m3.spitogatos.gr/361462244_1600x1200.jpg?v=20130730","https://m2.spitogatos.gr/361462246_1600x1200.jpg?v=20130730","https://m1.spitogatos.gr/361462275_1600x1200.jpg?v=20130730","https://m3.spitogatos.gr/361462286_1600x1200.jpg?v=20130730","https://m3.spitogatos.gr/361462289_1600x1200.jpg?v=20130730","https://m2.spitogatos.gr/361462306_1600x1200.jpg?v=20130730",,"0","0","2","1","37.951305","1","1","23.729269",,"0",,,"2026-07-13","0","0","0","0","1","11","0","0","0","1","0","0","0","700",,,"0","0","0","0","7.37",,,"1","3","6","1","1","2022","0","1","2","0","0","0","95","1","","1","1","0","2026-06-19","https://www.spitogatos.gr/en/property/1220160347","0",,"1976",,"residential"
"1","2","no","simple","1",,,,,"1","0","0","0","2026-05-26","0","1","1","0","1","0",,"house","0","25","0","Διαμέρισμα Προς Ενοικίαση, όροφος: 2ος, στην περιοχή: Νέος Κόσμος. Το εμβαδόν του ακινήτου είναι 74 τ.μ.. Αποτελείται από: 2 Υ/Δ, 1 μπάνιο/α, 1 κουζίνα/ες, 1 σαλόνι/α. Έχει κατασκευαστεί το 1980. Η θέρμανση του ακινήτου είναι Κεντρική με Πετρέλαιο, ενώ επίσης διατίθεται Κλιματισμός, Ηλιακός, έχει κουφώματα Ξύλινα με Διπλά τζάμια, ενεργειακό πιστοποιητικό: Δ και τα δάπεδα είναι: Ξύλο, Μάρμαρο. Η κατάστασή του είναι: Φρεσκοβαμμένο, βρίσκεται κοντά σε Μετρό, Συγκοινωνίες, Super Market, έχει θέα Αστικό τοπίο. Το ακίνητο είναι Οροφοδιαμέρισμα, Προσόψεως, Φωτεινό, Ευάερο, Διαμπερές, είναι κατάλληλο για Φοιτητές, Συγκατοίκηση και επίσης διαθέτει τα παρακάτω χαρακτηριστικά και πλεονεκτήματα: Τέντες, Ασανσέρ, Ησυχη γειτονιά. Ως εγγύηση ο ιδιοκτήτης ζητά 1 ενοίκιο και το τρέχον. . Τιμή: €770. Lionbridge, Τηλέφωνο Επικοινωνίας: 2109969646, 6980980431, email: info@lionbridge.gr",,,"0","1","6","1","0","2026-05-26","7","6","0","no","no","0","Αθήνα - Κέντρο (Αττική)","Νέος Κόσμος (Αθήνα - Κέντρο)","1","105103","100","2033",,"Double","2","1","0","0","1","1219954352","https://m2.spitogatos.gr/354685936_1600x1200.jpg?v=20130730","https://m3.spitogatos.gr/354685940_1600x1200.jpg?v=20130730","https://m3.spitogatos.gr/354685943_1600x1200.jpg?v=20130730","https://m1.spitogatos.gr/354685947_1600x1200.jpg?v=20130730","https://m1.spitogatos.gr/354685950_1600x1200.jpg?v=20130730","https://m3.spitogatos.gr/354685955_1600x1200.jpg?v=20130730","https://m1.spitogatos.gr/354685959_1600x1200.jpg?v=20130730","https://m1.spitogatos.gr/354685962_1600x1200.jpg?v=20130730","https://m3.spitogatos.gr/354685967_1600x1200.jpg?v=20130730","https://m3.spitogatos.gr/354685970_1600x1200.jpg?v=20130730","https://m1.spitogatos.gr/354685971_1600x1200.jpg?v=20130730","https://m3.spitogatos.gr/354685973_1600x1200.jpg?v=20130730","https://m3.spitogatos.gr/354685976_1600x1200.jpg?v=20130730","https://m3.spitogatos.gr/354685979_1600x1200.jpg?v=20130730","https://m2.spitogatos.gr/354685981_1600x1200.jpg?v=20130730","https://m3.spitogatos.gr/354685985_1600x1200.jpg?v=20130730","https://m2.spitogatos.gr/354685987_1600x1200.jpg?v=20130730","https://m1.spitogatos.gr/354685989_1600x1200.jpg?v=20130730","https://m1.spitogatos.gr/354685992_1600x1200.jpg?v=20130730","https://m3.spitogatos.gr/354685994_1600x1200.jpg?v=20130730","https://m3.spitogatos.gr/354685997_1600x1200.jpg?v=20130730","https://m1.spitogatos.gr/354685998_1600x1200.jpg?v=20130730","https://m3.spitogatos.gr/354686003_1600x1200.jpg?v=20130730","https://m3.spitogatos.gr/354686006_1600x1200.jpg?v=20130730","https://m1.spitogatos.gr/354686010_1600x1200.jpg?v=20130730","0","0","1","1","37.955223","1","1","23.723312",,"0","0","0","2026-07-21","0","0","0","0","1",,"0","0","0",,"0","0","0","770","2026-07-21 12:59:30","4","0","0","0","0","10.41","800","true","1","3","6","1","0",,"0",,"2","0","0","1","74","0",,"1","1","0","2026-05-26","https://www.spitogatos.gr/en/property/1219954352","1","1","1980",,"residential"
"1","3","no","simple","1","Αλέξιος","81463","Κοσμόπουλος","6986109593","0","0","0","0","2026-07-28","0","0","1","0","1","0",,"house","0","70","0","Διατίθεται προς ενοικίαση πλήρως επιπλωμένο και πλήρως εξοπλισμένο οροφοδιαμέρισμα 60 τ.μ., 3ου ορόφου, σε οικόπεδο 1.000 τ.μ., στην περιοχή Νέος Κόσμος, Κυνοσάργους. Το ακίνητο αποτελείται από ένα υπνοδωμάτιο, ένα μπάνιο, μία κουζίνα και ένα άνετο σαλόνι, προσφέροντας λειτουργική και άνετη διαρρύθμιση. Επιπλέον διαθέτει μία θέση στάθμευσης σε ανοιχτό χώρο. Έχει κατασκευαστεί το 2010 και διαθέτει αυτόνομη θέρμανση με φυσικό αέριο, κλιματισμό και καλοριφέρ. Τα κουφώματα είναι αλουμινίου με διπλά τζάμια, τα δάπεδα είναι από πλακάκι και το ενεργειακό πιστοποιητικό είναι κατηγορίας Α+.<br />
<br />
Το διαμέρισμα είναι ανακαινισμένο, σε πολύ καλή κατάσταση, οροφοδιαμέρισμα, επιπλωμένο και φωτεινό, με βορειοδυτικό προσανατολισμό και θέα στο αστικό τοπίο. Επιπλέον διαθέτει ασανσέρ, ηλεκτρικές συσκευές, πόρτα ασφαλείας και ευρύχωρη βεράντα. Βρίσκεται σε εξαιρετική τοποθεσία, κοντά σε μετρό, συγκοινωνίες, το κέντρο της πόλης, την αγορά και χώρους εστίασης.<br />
<br />
Διαθεσιμότητα: 01/09/2026 έως 31/05/2027.<br />
<br />
📍 Η αναφερόμενη τοποθεσία είναι ενδεικτική. Για περισσότερες πληροφορίες ή προγραμματισμό επίσκεψης:<br />
<br />
KOSMOS REAL ESTATE<br />
📞 Υπεύθυνος Ακινήτου: Αλέξης - 6986109593<br />
📧 info@kosmosrealestate.gr<br />
🌐 www.kosmosrealestate.gr",,,"0","1","1","0","0","2026-07-28","8","4","0","yes","yes","0","Αθήνα - Κέντρο (Αττική)","Νέος Κόσμος (Αθήνα - Κέντρο)","1","105103","100","2033","5147","Double","1","2","0","0","1","1220506625","https://m2.spitogatos.gr/363543343_1600x1200.jpg?v=20130730","https://m1.spitogatos.gr/363543345_1600x1200.jpg?v=20130730","https://m3.spitogatos.gr/363543347_1600x1200.jpg?v=20130730","https://m3.spitogatos.gr/363543353_1600x1200.jpg?v=20130730","https://m1.spitogatos.gr/363543360_1600x1200.jpg?v=20130730","https://m2.spitogatos.gr/363543364_1600x1200.jpg?v=20130730","https://m2.spitogatos.gr/363543367_1600x1200.jpg?v=20130730","https://m3.spitogatos.gr/363543374_1600x1200.jpg?v=20130730","https://m2.spitogatos.gr/363543388_1600x1200.jpg?v=20130730","https://m2.spitogatos.gr/363543394_1600x1200.jpg?v=20130730","https://m2.spitogatos.gr/363543403_1600x1200.jpg?v=20130730","https://m1.spitogatos.gr/363543411_1600x1200.jpg?v=20130730","https://m3.spitogatos.gr/363543419_1600x1200.jpg?v=20130730","https://m3.spitogatos.gr/363543425_1600x1200.jpg?v=20130730","https://m1.spitogatos.gr/363543429_1600x1200.jpg?v=20130730","https://m3.spitogatos.gr/363543437_1600x1200.jpg?v=20130730","https://m2.spitogatos.gr/363543445_1600x1200.jpg?v=20130730","https://m3.spitogatos.gr/363543458_1600x1200.jpg?v=20130730","https://m3.spitogatos.gr/363543461_1600x1200.jpg?v=20130730","https://m2.spitogatos.gr/363543463_1600x1200.jpg?v=20130730","https://m2.spitogatos.gr/363543469_1600x1200.jpg?v=20130730","https://m2.spitogatos.gr/363543475_1600x1200.jpg?v=20130730","https://m2.spitogatos.gr/363543493_1600x1200.jpg?v=20130730",,,"0","0","2","1","37.96447","1","1","23.728415","1000","0","0","0","2026-07-28","0","0","0","0","1","6","0","0","0",,"0","0","0","800",,,"0","0","0","0","13.33",,,"1","3","6","1","1",,"0","1","1","0","1","0","60","0",,"0","1","0","2026-07-28","https://www.spitogatos.gr/en/property/1220506625","1","1","2010",,"residential"
"1","3","no","simple","1",,,,,"0","0","0","0","2026-07-21","0","1","1","0","1","0",,"house","0",,"0","Ενοικιάζεται διαμέρισμα 70τ.μ 3ου ορόφου επί της οδού Λ. Συγγρού στο Νέο Κόσμο σε 4όροφο κτίριο κατασκευής 1970, διαμπερές, προσόψεως, φωτεινό και επενδυτικό σε καλή κατάσταση. Αποτελείται από 1 φωτεινό Υ/Δ με ντουλάπες και πρόσβαση σε μπαλκόνι, μπάνιο και κουζίνα εσωτερικά με παράθυρο, φωτεινό σαλόνι με πρόσβαση σε μπαλκόνι, κουφώματα αλουμινίου με διπλά ενεργειακά τζάμια, δάπεδα μάρμαρα - ξύλο. <br />
Διαθέτει πόρτα ασφαλείας, 2 κλιματιστικά, ηλιακό, πόρτες με μαγνητικά stop, σύστημα φίλτρανσης νερού, μπαλκόνι με τέντες και με καταπληκτική θέα σε Φιλοπάππου και Λυκαβηττό, ασανσέρ. Κατάλληλο για κάθε χρήση, κατοικία, επαγγελματική στέγη, επένδυση, AIRBnB. Βρίσκεται 5 λεπτά από το σταθμό Μετρό Φιξ και Νέου Κόσμου, 3 λεπτά με τα πόδια από στάση Τραμ, μπροστά από 4 στάσεις λεωφορείων προς όλες τις κατευθύνσεις και πολύ κοντά σε Ηλεκτρικό και Προαστιακό σταθμό.<br />
Η πολυκατοικία βρίσκεται σε κομβικό σημείο 100 μέτρα από το Πάντειο Πανεπιστήμιο και δίπλα στο ξενοδοχείο ΙΝΤΕΡΚΟΝΤΙΝΕΝΤΑΛ, σε αγορά, σχολεία και πάρκα και με 2 μεγάλους και φροντισμένους Δημόσιους χώρους για δωρεάν στάθμευση που χωρούν δεκάδες αυτοκίνητα. <br />
<br />
Τιμή,  650 ευρώ<br />
<br />
<br />
Down Town Properties <br />
Τηλέφωνο Επικοινωνίας: 2105225000, email: info@downtownproperties.eu <br />
Website:www.downtownproperties.eu<br />
<br />
Προσοχή! Για την υπόδειξη του ακινήτου είναι απαραίτητη η υπόδειξη της αστυνομικής ταυτότητας και του Α.Φ.Μ. σας σύμφωνα με τον Ν.4072/11-4-2012 ΦΕΚ 86 Α.",,,"0","1","7","1","0","2026-07-21","8","6","1","no","no","0","Αθήνα - Κέντρο (Αττική)","Νέος Κόσμος (Αθήνα - Κέντρο)","1","105103","100","2033",,"Double","2",,"0","0","1","1220431568","https://m3.spitogatos.gr/362559203_1600x1200.jpg?v=20130730","https://m3.spitogatos.gr/362559206_1600x1200.jpg?v=20130730","https://m3.spitogatos.gr/362559209_1600x1200.jpg?v=20130730","https://m1.spitogatos.gr/362559213_1600x1200.jpg?v=20130730","https://m3.spitogatos.gr/362559215_1600x1200.jpg?v=20130730","https://m1.spitogatos.gr/362559219_1600x1200.jpg?v=20130730","https://m2.spitogatos.gr/362559223_1600x1200.jpg?v=20130730","https://m1.spitogatos.gr/362559228_1600x1200.jpg?v=20130730","https://m2.spitogatos.gr/362559232_1600x1200.jpg?v=20130730","https://m1.spitogatos.gr/362559237_1600x1200.jpg?v=20130730","https://m1.spitogatos.gr/362559240_1600x1200.jpg?v=20130730","https://m2.spitogatos.gr/362559244_1600x1200.jpg?v=20130730","https://m1.spitogatos.gr/362559249_1600x1200.jpg?v=20130730","https://m1.spitogatos.gr/362559255_1600x1200.jpg?v=20130730","https://m2.spitogatos.gr/362559259_1600x1200.jpg?v=20130730","https://m2.spitogatos.gr/362559265_1600x1200.jpg?v=20130730","https://m3.spitogatos.gr/362559272_1600x1200.jpg?v=20130730","https://m1.spitogatos.gr/362559279_1600x1200.jpg?v=20130730","https://m1.spitogatos.gr/362559288_1600x1200.jpg?v=20130730","https://m2.spitogatos.gr/362559295_1600x1200.jpg?v=20130730","https://m2.spitogatos.gr/362559301_1600x1200.jpg?v=20130730","https://m2.spitogatos.gr/362559310_1600x1200.jpg?v=20130730","https://m2.spitogatos.gr/362559316_1600x1200.jpg?v=20130730","https://m2.spitogatos.gr/362559322_1600x1200.jpg?v=20130730","https://m2.spitogatos.gr/362559328_1600x1200.jpg?v=20130730","0","0","2","1","37.958252","1","1","23.719791",,"0","0","0","2026-07-21","0","0","0","0","1",,"0","0","0","1","0","0","0","650",,,"0","0","0","0","9.29",,,"1","3","6","1","0",,"0","1","1","0","1","1","70","0",,"1","1","0","2026-07-21","https://www.spitogatos.gr/en/property/1220431568","1","0","1970","zFHinRlq7zw","residential"
"1","2","no","simple","1",,,,,"1","0","0","0","2026-07-07","0","1","0","0","1","0",,"house","0",,"0","Ενοικιάζεται ευρύχωρο και φωτεινό διαμέρισμα 50 τ.μ., 2ου ορόφου, στην περιοχή Νέος Κόσμος – Κυνοσάργους, σε εξαιρετική τοποθεσία με άμεση πρόσβαση σε μετρό, τραμ, συγκοινωνίες, αγορά, σχολεία, πάρκα και το κέντρο της πόλης.<br />
Το διαμέρισμα διαθέτει πολύ καλή και λειτουργική διαρρύθμιση χώρου και αποτελείται από άνετο σαλόνι, ξεχωριστή κουζίνα, 1 υπνοδωμάτιο και 1 μπάνιο. Είναι ψηλοτάβανο, γεγονός που προσφέρει αίσθηση άνεσης και ευρυχωρίας, ενώ διαθέτει πατάρι για επιπλέον αποθηκευτικό χώρο και μεγάλες ντουλάπες.<br />
Το ακίνητο βρίσκεται σε πολύ καλή κατάσταση και διαθέτει αυτόνομη θέρμανση με ρεύμα, κλιματισμό, κουφώματα αλουμινίου με διπλά ενεργειακά τζάμια, σίτες, τέντες, ηλεκτρικά ρολά, πόρτα ασφαλείας, θυροτηλεόραση και ηλεκτρικές συσκευές. Τα δάπεδα είναι από πλακάκι και ξύλο, ενώ το ενεργειακό πιστοποιητικό είναι κατηγορίας Δ.<br />
Είναι φωτεινό, ευάερο, ευήλιο και διαμπερές, με μπαλκόνι και αστική θέα. Η ηχομόνωση και τα διπλά τζάμια προσφέρουν επιπλέον άνεση στην καθημερινή διαβίωση.<br />
Μία εξαιρετική επιλογή για όσους αναζητούν ένα άνετο, λειτουργικό και προσεγμένο διαμέρισμα σε κεντρικό σημείο της Αθήνας, με εύκολη πρόσβαση σε όλες τις απαραίτητες υποδομές και μέσα μεταφοράς.<br />
Mobilia Real Estate, Τηλέφωνο Επικοινωνίας: 2107563200, email: info@mobilia.gr, website: https://www.mobilia.gr",,,"0","0","6","0","0","2026-07-07","7","10","0","no","no","0","Αθήνα - Κέντρο (Αττική)","Νέος Κόσμος (Αθήνα - Κέντρο)","1","105103","100","2033","5147","Double","1","4","0","0","1","1220322300","https://m2.spitogatos.gr/360766201_1600x1200.jpg?v=20130730","https://m2.spitogatos.gr/360766204_1600x1200.jpg?v=20130730","https://m2.spitogatos.gr/360766207_1600x1200.jpg?v=20130730","https://m2.spitogatos.gr/360766210_1600x1200.jpg?v=20130730","https://m3.spitogatos.gr/360766214_1600x1200.jpg?v=20130730","https://m3.spitogatos.gr/360766217_1600x1200.jpg?v=20130730","https://m2.spitogatos.gr/360766219_1600x1200.jpg?v=20130730","https://m3.spitogatos.gr/360766223_1600x1200.jpg?v=20130730","https://m3.spitogatos.gr/360766226_1600x1200.jpg?v=20130730","https://m1.spitogatos.gr/360766230_1600x1200.jpg?v=20130730","https://m1.spitogatos.gr/360766236_1600x1200.jpg?v=20130730","https://m2.spitogatos.gr/360766243_1600x1200.jpg?v=20130730","https://m1.spitogatos.gr/360766248_1600x1200.jpg?v=20130730","https://m2.spitogatos.gr/360766252_1600x1200.jpg?v=20130730","https://m2.spitogatos.gr/360766258_1600x1200.jpg?v=20130730","https://m2.spitogatos.gr/360766264_1600x1200.jpg?v=20130730","https://m1.spitogatos.gr/360766272_1600x1200.jpg?v=20130730","https://m1.spitogatos.gr/360766278_1600x1200.jpg?v=20130730","https://m2.spitogatos.gr/360766285_1600x1200.jpg?v=20130730","https://m3.spitogatos.gr/360766289_1600x1200.jpg?v=20130730","https://m2.spitogatos.gr/360766294_1600x1200.jpg?v=20130730","https://m3.spitogatos.gr/360766298_1600x1200.jpg?v=20130730","https://m2.spitogatos.gr/360766300_1600x1200.jpg?v=20130730","https://m2.spitogatos.gr/360766303_1600x1200.jpg?v=20130730","https://m2.spitogatos.gr/360766306_1600x1200.jpg?v=20130730","0","0","2","1","37.959919","1","1","23.728989",,"0","0","0","2026-07-27","0","0","0","0","1",,"0","0","1",,"0","0","0","700",,,"0","0","0","0","14",,,"1","3","6","1","0",,"0",,"1","0","1","0","50","0",,"0","1","0","2026-07-07","https://www.spitogatos.gr/en/property/1220322300","1","0","1980",,"residential"
"0","3","no","simple","1",,,,,"1","0","0","0","2026-07-27","0","1","1","11","1","0",,"house","0",,"1","Διατίθεται προς ενοικίαση ένα πολύ καλό διαμέρισμα 60 τ.μ., του 3ου όροφο, στην περιοχή του Νέου Κόσμου δίπλα από τον Λόφο Λαμπράκη. Το ακίνητο έχει υποβληθεί σε μερική ανακαίνιση, προσφέροντας έναν άνετο και περιποιημένο χώρο διαβίωσης. Πρόκειται για ένα φωτεινό διαμπερές διαμέρισμα με ανατολικό προσανατολισμό και δύο μπαλκονάκια που προσφέρουν θέα προς τον Λυκαβητό και σε διπλανό πάρκο.<br />
<br />
Η διαρρύθμιση περιλαμβάνει ένα άνετο υπνοδωμάτιο με ξύλινο πάτωμα, ενώ το υπόλοιπο σπίτι διαθέτει πλακάκια. Επίσης μπάνιο με ντουζιέρα, κουζίνα και σαλόνι. Για την απόλυτη άνεση όλες τις εποχές διαθέτει δύο κλιματιστικά, κουφώματα αλουμινίου με διπλά τζάμια, τέντες καθώς επίσης και για ασφάλεια θυροτηλεόραση και πόρτα ασφαλείας.<br />
<br />
Βρίσκεται σε ήσυχη γειτονιά, με άμεση πρόσβαση σε συγκοινωνίες (Μετρό Αγ. Ιωάννη 650 μ. 9¨και Μετρό Νέου Κόσμου 850 μ, 11¨), σχολεία, παιδικό σταθμό και Super Market.<br />
<br />
** Ιδανικό για:<br />
🎓 Φοιτητές<br />
💼 Singles/Επαγγελματίες που αναζητούν μια άνετη κατοικία<br />
<br />
** Παρακολουθήστε το σχετικό VIDEO και επικοινωνήστε:<br />
🎥  https://youtu.be/x3uHIk7zd2s<br />
<br />
Πρόσθετες Υπηρεσίες:<br />
Ρεύμα & Ίντερνετ: σας βοηθάμε δωρεάν να επιλέξετε πάροχο και να ολοκληρώσετε τις συμβάσεις<br />
Επίσκεψη στο Ακίνητο:<br />
Για την πραγματοποίηση του ραντεβού απαιτείται ταυτότητα/διαβατήριο από όλους τους επισκέπτες και υπογραφή της Εντολής Υπόδειξης.<br />
*Τα στοιχεία της αγγελίας βασίζονται σε πληροφορίες του ιδιοκτήτη.   Χ.Ρ.",,,"0","1","9","1","0","2026-07-27","8","10","0","no","no","0","Αθήνα - Κέντρο (Αττική)","Νέος Κόσμος (Αθήνα - Κέντρο)","1","105103","100","2033","5147","Double","2","1","0","0","1","1220498135","https://m2.spitogatos.gr/363404887_1600x1200.jpg?v=20130730","https://m3.spitogatos.gr/363404888_1600x1200.jpg?v=20130730","https://m1.spitogatos.gr/363404889_1600x1200.jpg?v=20130730","https://m2.spitogatos.gr/363404890_1600x1200.jpg?v=20130730","https://m3.spitogatos.gr/363404891_1600x1200.jpg?v=20130730","https://m2.spitogatos.gr/363404893_1600x1200.jpg?v=20130730","https://m1.spitogatos.gr/363404895_1600x1200.jpg?v=20130730","https://m3.spitogatos.gr/363404897_1600x1200.jpg?v=20130730","https://m2.spitogatos.gr/363404899_1600x1200.jpg?v=20130730","https://m1.spitogatos.gr/363404901_1600x1200.jpg?v=20130730","https://m3.spitogatos.gr/363404903_1600x1200.jpg?v=20130730","https://m2.spitogatos.gr/363404905_1600x1200.jpg?v=20130730","https://m2.spitogatos.gr/363404908_1600x1200.jpg?v=20130730","https://m3.spitogatos.gr/363404912_1600x1200.jpg?v=20130730","https://m3.spitogatos.gr/363404915_1600x1200.jpg?v=20130730","https://m1.spitogatos.gr/363404919_1600x1200.jpg?v=20130730","https://m1.spitogatos.gr/363404925_1600x1200.jpg?v=20130730",,,,,,,,,"0","0","2","1","37.960663","1","1","23.73391",,"0","0","0","2026-07-27","0","0","0","0","1",,"1","0","0",,"0","0","0","640",,,"0","0","0","0","10.67",,,"1","3","6","1","0",,"0",,"1","0","1","0","60","0",,"0","1","0","2026-07-27","https://www.spitogatos.gr/en/property/1220498135","1","0","1980","x3uHIk7zd2s","residential"
"1","2","no","simple","1",,,,,"1","0","0","0","2026-06-16","0","1","1","0","1","0",,"house","0",,"0","Διαμέρισμα Προς Ενοικίαση, όροφος: 2ος, στην περιοχή: Νέος Κόσμος. Το εμβαδόν του ακινήτου είναι 62 τ.μ.. Αποτελείται από: 2 Υ/Δ, 1 μπάνιο/α, 1 κουζίνα/ες, 1 σαλόνι/α. Έχει κατασκευαστεί το 1965. Η θέρμανση του ακινήτου είναι Κεντρική με Πετρέλαιο, ενώ επίσης διατίθεται Κλιματισμός, Boiler, έχει κουφώματα Αλουμινίου με Διπλά τζάμια, ενεργειακό πιστοποιητικό: Β και τα δάπεδα είναι: Ξύλο. Η κατάστασή του είναι: Φρεσκοβαμμένο, βρίσκεται κοντά σε Μετρό, Συγκοινωνίες, Πλατεία, Super Market, έχει θέα Αστικό τοπίο. Το ακίνητο είναι Επιπλωμένο, Προσόψεως, Φωτεινό, Ευάερο, Διαμπερές, είναι κατάλληλο για Συγκατοίκηση και επίσης διαθέτει τα παρακάτω χαρακτηριστικά και πλεονεκτήματα: Σίτες, Τέντες, Ηλεκτρ. Συσκευές, Πόρτα Ασφαλείας, Ησυχη γειτονιά. Ως εγγύηση ο ιδιοκτήτης ζητά 2 ενοίκια και το τρέχον. . Τιμή: €650. Lionbridge, Τηλέφωνο Επικοινωνίας: 2109969646, 6980980431, email: info@lionbridge.gr",,,"0","0","4","1","0","2026-06-16","7","2","0","yes","no","0","Αθήνα - Κέντρο (Αττική)","Νέος Κόσμος (Αθήνα - Κέντρο)","1","105103","100","2033",,"Double","2","1","0","0","1","1220132143","https://m1.spitogatos.gr/357432348_1600x1200.jpg?v=20130730","https://m1.spitogatos.gr/357432351_1600x1200.jpg?v=20130730","https://m2.spitogatos.gr/357432355_1600x1200.jpg?v=20130730","https://m1.spitogatos.gr/357432375_1600x1200.jpg?v=20130730","https://m1.spitogatos.gr/357432387_1600x1200.jpg?v=20130730","https://m3.spitogatos.gr/357432395_1600x1200.jpg?v=20130730","https://m3.spitogatos.gr/357432398_1600x1200.jpg?v=20130730","https://m2.spitogatos.gr/357432403_1600x1200.jpg?v=20130730","https://m3.spitogatos.gr/357432407_1600x1200.jpg?v=20130730","https://m3.spitogatos.gr/357432428_1600x1200.jpg?v=20130730","https://m2.spitogatos.gr/357432436_1600x1200.jpg?v=20130730","https://m3.spitogatos.gr/357432443_1600x1200.jpg?v=20130730","https://m2.spitogatos.gr/357432448_1600x1200.jpg?v=20130730","https://m2.spitogatos.gr/357432478_1600x1200.jpg?v=20130730","https://m3.spitogatos.gr/357432482_1600x1200.jpg?v=20130730","https://m1.spitogatos.gr/357432489_1600x1200.jpg?v=20130730","https://m3.spitogatos.gr/357432494_1600x1200.jpg?v=20130730","https://m2.spitogatos.gr/357432508_1600x1200.jpg?v=20130730","https://m3.spitogatos.gr/357432521_1600x1200.jpg?v=20130730","https://m1.spitogatos.gr/357432525_1600x1200.jpg?v=20130730","https://m2.spitogatos.gr/357432541_1600x1200.jpg?v=20130730","https://m3.spitogatos.gr/357432545_1600x1200.jpg?v=20130730","https://m3.spitogatos.gr/357432551_1600x1200.jpg?v=20130730","https://m1.spitogatos.gr/357432555_1600x1200.jpg?v=20130730","https://m1.spitogatos.gr/357432570_1600x1200.jpg?v=20130730","0","0","2","1","37.960449","1","1","23.730318",,"0","0","0","2026-06-16","0","0","0","0","1",,"0","0","1",,"0","0","0","650",,,"0","0","0","0","10.48",,,"1","3","6","1","0",,"0",,"2","0","1","0","62","0",,"0","1","0","2026-06-16","https://www.spitogatos.gr/en/property/1220132143","1","0","1965",,"residential"
"1","Lower Ground","no","simple","1",,,,,"0","0","0","0","2026-07-02","0","0","0","1","0",,"true","house",,"1","0","Μοντέρνο, πανέμορφο μικρό διαμέρισμα σε εξαιρετικό σημείο, ανάμεσα σε Νέο Κόσμο και Μετς. Είναι πολύ έξυπνα διαμορφωμένο με πολλούς αποθηκευτικούς χώρους και μια δόση διακριτικής πολυτέλειας.  Είναι κατάλληλο για φοιτητές ή εργαζόμενους και μπορεί να φιλοξενήσει άτομα στο σαλόνι διότι διαθέτει καναπέ - κρεβάτι.  Παρά τα τετραγωνικά του οι χώροι του είναι πολύ άνετοι και μπορούν να εξασφαλίσουν ιδιοτικότητα και πολύ ευχάριστη διαβίωση. Έχει πρόσβαση σε  μετρό και λεωφορεία και είναι πολύ κοντά στην ΄ περιοχή της Ακρόπολης και το κέντρο της Αθήνας.  Ενοικίαση, Διαμέρισμα,  Μπάνια: 1,  Εμβαδόν: 45 τ.μ.,  Δωμάτια: 1,  Έτος κατασκευής: 1970,  Για φοιτητές,  Κλιματισμός,  Ασανσέρ,  Επιπλωμένο,  Πόρτα ασφαλείας,  Όροφος: Ημιυπόγειο,  Πρόσοψης,  Επιτρέπονται κατοικίδια,  Ανακαινισμένο,  Κουζίνες: 1,  Κουφώματα: Αλουμινίου,  Τύπος δαπέδων: Πλακάκι,  Επιφάνεια oικοπέδου: 1 τ.μ.,  Θέρμανση: Αυτόνομη θέρμανση,  Μέσο θέρμανσης: Ρεύμα,  Πρόσβαση από: Άσφαλτο,  Ζώνη: Οικιστική ζώνη,  Ενεργειακή κλάση: Δ,  Προσανατολισμός: Νοτιοδυτικός,  Ρεύμα: Μονοφασικό,  Έτος Ανακαίνισης: 2022,  Απόσταση απο θάλασσα: 6,  Μηνιαία κοινόχρηστα: 1","6","0",,"1","6","1","0","2026-07-02","2","4","0","yes","no","0","Αθήνα - Κέντρο (Αττική)","Νέος Κόσμος (Αθήνα - Κέντρο)","1","105103","100","2033","5147",,"1","4","0","0","1","1220286647","https://m1.spitogatos.gr/360190482_1600x1200.jpg?v=20130730","https://m2.spitogatos.gr/360190486_1600x1200.jpg?v=20130730","https://m2.spitogatos.gr/360190489_1600x1200.jpg?v=20130730","https://m3.spitogatos.gr/360190493_1600x1200.jpg?v=20130730","https://m1.spitogatos.gr/360190497_1600x1200.jpg?v=20130730","https://m2.spitogatos.gr/360190501_1600x1200.jpg?v=20130730","https://m3.spitogatos.gr/360190505_1600x1200.jpg?v=20130730","https://m2.spitogatos.gr/360190507_1600x1200.jpg?v=20130730","https://m1.spitogatos.gr/360190512_1600x1200.jpg?v=20130730","https://m1.spitogatos.gr/360190515_1600x1200.jpg?v=20130730","https://m1.spitogatos.gr/360190518_1600x1200.jpg?v=20130730","https://m3.spitogatos.gr/360190523_1600x1200.jpg?v=20130730","https://m2.spitogatos.gr/360190528_1600x1200.jpg?v=20130730","https://m1.spitogatos.gr/360190533_1600x1200.jpg?v=20130730","https://m2.spitogatos.gr/360190537_1600x1200.jpg?v=20130730","https://m3.spitogatos.gr/360190544_1600x1200.jpg?v=20130730","https://m2.spitogatos.gr/360190549_1600x1200.jpg?v=20130730","https://m2.spitogatos.gr/360190561_1600x1200.jpg?v=20130730","https://m3.spitogatos.gr/360190568_1600x1200.jpg?v=20130730","https://m2.spitogatos.gr/360190576_1600x1200.jpg?v=20130730","https://m1.spitogatos.gr/360190584_1600x1200.jpg?v=20130730","https://m3.spitogatos.gr/360190592_1600x1200.jpg?v=20130730",,,,"0","0","2","1","37.961208","1","1","23.732496",,"0",,,"2026-07-02","0","0","0","0","1","12","0","0","0","1","0","0","0","600",,,"0","0","0","0","13.33",,,"1","3","6","1","1","2022","0","1","1","0","1","0","45","0","","1","1","0","2026-07-02","https://www.spitogatos.gr/en/property/1220286647","0",,"1970",,"residential"
"1","4","no","simple","1",,,,,"1","0","0","0","2026-06-17","0","1","1","6","1",,"true","house",,"20","1","Ενοικιάζεται διαμέρισμα 56 τ.μ προσόψεως στο κέντρο του  Νέου Κόσμου  σε έναν από τους πιο ζωντανούς δρόμους και καλά συνδεδεμένους δρόμου,ς 4ου ορόφου φωτεινό με φυσικό φώς που πλημμυρίζει τον χώρο Διαθέτει 1 θέση πάρκινγκ .<br />
Άμεση πρόσβαση σε τράμ και μετρό και όλες τις αστικές ευκολίες. Ιδανικό για κατοικία ή επαγγελματική χρήση.<br />
Μην χάσετε την ευκαιρία να ζήσετε σε μία από τις πιο ζωντανές γειτονιές της Αθήνας.Ενοικιάζεται διαμέρισμα 56 τ.μ προσόψεως στο κέντρο του  Νέου Κόσμου  σε έναν από τους πιο ζωντανούς δρόμους και καλά συνδεδεμένους δρόμου,ς 4ου ορόφου φωτεινό με φυσικό φώς που πλημμυρίζει τον χώρο Διαθέτει 1 θέση πάρκινγκ .<br />
Άμεση πρόσβαση σε τράμ και μετρό και όλες τις αστικές ευκολίες. Ιδανικό για κατοικία ή επαγγελματική χρήση.<br />
Μην χάσετε την ευκαιρία να ζήσετε σε μία από τις πιο ζωντανές γειτονιές της Αθήνας.<br />
Ενοικίαση, Διαμέρισμα,  Μπάνια: 1,  Εμβαδόν: 56 τ.μ.,  Δωμάτια: 1,  Έτος κατασκευής: 1985,  Για φοιτητές,  Κλιματισμός,  Θέα,  Βεράντα,  Ασανσέρ,  Πόρτα ασφαλείας,  Θέση στάθμευσης,  Όροφος: 4ος,  Κατάλληλο για Επαγγ. Χρήση,  Γωνιακό,  Πρόσοψης,  Επιτρέπονται κατοικίδια,  Ανακαινισμένο,  Τέντα,  Διαμπερές,  Φωτεινό,  Κουζίνες: 1,  Κουφώματα: Αλουμινίου,  Τύπος δαπέδων: Πλακάκι,  Επιφάνεια oικοπέδου: 350 τ.μ.,  Θέρμανση: Αυτόνομη θέρμανση,  Μέσο θέρμανσης: Ρεύμα,  Πρόσβαση από: Άσφαλτο,  Ζώνη: Οικιστική ζώνη,  Ενεργειακή κλάση: Ε,  Προσανατολισμός: Ανατολικός,  Ρεύμα: Μονοφασικό,  Εμβαδό Μπαλκονιών: 6,  Απόσταση απο θάλασσα: 4.5,  Μηνιαία κοινόχρηστα: 20","5","0",,"1","7","1","0","2026-06-17","9","4","1","no","yes","0","Αθήνα - Κέντρο (Αττική)","Νέος Κόσμος (Αθήνα - Κέντρο)","1","105103","100","2033","5144",,"1","4","0","0","1","1220146121","https://m3.spitogatos.gr/357674531_1600x1200.jpg?v=20130730","https://m2.spitogatos.gr/357674533_1600x1200.jpg?v=20130730","https://m3.spitogatos.gr/357674561_1600x1200.jpg?v=20130730","https://m2.spitogatos.gr/357674566_1600x1200.jpg?v=20130730","https://m3.spitogatos.gr/357674567_1600x1200.jpg?v=20130730","https://m1.spitogatos.gr/357674568_1600x1200.jpg?v=20130730","https://m1.spitogatos.gr/357674571_1600x1200.jpg?v=20130730","https://m3.spitogatos.gr/357674573_1600x1200.jpg?v=20130730","https://m1.spitogatos.gr/357674574_1600x1200.jpg?v=20130730","https://m3.spitogatos.gr/357674576_1600x1200.jpg?v=20130730","https://m2.spitogatos.gr/357674578_1600x1200.jpg?v=20130730","https://m1.spitogatos.gr/357674580_1600x1200.jpg?v=20130730","https://m1.spitogatos.gr/357674583_1600x1200.jpg?v=20130730","https://m3.spitogatos.gr/357674585_1600x1200.jpg?v=20130730","https://m2.spitogatos.gr/357674587_1600x1200.jpg?v=20130730","https://m3.spitogatos.gr/357674588_1600x1200.jpg?v=20130730","https://m1.spitogatos.gr/357674589_1600x1200.jpg?v=20130730","https://m2.spitogatos.gr/357674590_1600x1200.jpg?v=20130730","https://m3.spitogatos.gr/357674591_1600x1200.jpg?v=20130730","https://m1.spitogatos.gr/357674592_1600x1200.jpg?v=20130730","https://m2.spitogatos.gr/357674593_1600x1200.jpg?v=20130730","https://m3.spitogatos.gr/357674594_1600x1200.jpg?v=20130730","https://m2.spitogatos.gr/357674596_1600x1200.jpg?v=20130730",,,"0","0","2","1","37.955307","1","0","23.724007",,"0",,,"2026-06-17","0","0","0","0","1","1","0","0","0","1","0","0","0","850",,,"0","0","0","0","15.18",,,"1","3","6","1","1",,"0","1","1","0","1","0","56","0","","1","1","0","2026-06-17","https://www.spitogatos.gr/en/property/1220146121","1",,"1985",,"residential"
"1","Ground Floor",,"simple","1",,,,,"0","1","0","0","2026-07-26","0","1","0","0","1",,,"house",,"0","0","ΝΕΟΣ ΚΟΣΜΟΣ, Δουργούτι - Διαμέρισμα 30τμ, 1 υ/δ, υπερυψωμένο ισόγειο, πλήρως ανακαινισμένο, κατασκευή 1975, ανακαίνιση 2025, ενεργειακή κλάση Α, σαλόνι, κουζίνα, μπάνιο, κεντρική θέρμανση (φυσικό αέριο), κλιματισμός, ήσυχο, φωτεινό, πρόσοψης, βαμμένο, ηλεκτρικά ρολά, τέντες, ασανσέρ, πατάρι, εντοιχισμένες συσκευές, κουφώματα αλουμινίου, διπλά τζάμια, σίτες, τύπος δαπέδων πλακάκι & ξύλο, ανεξάρτητη κουζίνα, χωρίς κοινόχρηστα, πόρτα ασφαλείας, συναγερμός, οικιστική ζώνη.<br />
Φωτεινοτατο σε καλο σημείο κοντα σε αγορα και συγκοινωνιες.[Στην τιμή περιλαμβάνονται τα κοινόχρηστα]<br />
Τιμή €550 (κωδ. 5659) 6906389682 TIME REAL ESTATE",,"0",,"1","2","1","0","2026-06-13","3","10","0","no","no","0","Αθήνα - Κέντρο (Αττική)","Νέος Κόσμος (Αθήνα - Κέντρο)","1","105103","100","2033",,"Double","2","2","0","0","1","1220116038","https://m1.spitogatos.gr/363106785_1600x1200.jpg?v=20130730","https://m1.spitogatos.gr/363106788_1600x1200.jpg?v=20130730","https://m1.spitogatos.gr/363106791_1600x1200.jpg?v=20130730","https://m1.spitogatos.gr/357149268_1600x1200.jpg?v=20130730","https://m1.spitogatos.gr/363106794_1600x1200.jpg?v=20130730","https://m3.spitogatos.gr/363106796_1600x1200.jpg?v=20130730","https://m3.spitogatos.gr/363106799_1600x1200.jpg?v=20130730","https://m3.spitogatos.gr/363106802_1600x1200.jpg?v=20130730","https://m2.spitogatos.gr/363106804_1600x1200.jpg?v=20130730","https://m1.spitogatos.gr/357149274_1600x1200.jpg?v=20130730","https://m2.spitogatos.gr/357149275_1600x1200.jpg?v=20130730","https://m3.spitogatos.gr/357149276_1600x1200.jpg?v=20130730","https://m1.spitogatos.gr/357149277_1600x1200.jpg?v=20130730","https://m2.spitogatos.gr/357149278_1600x1200.jpg?v=20130730","https://m3.spitogatos.gr/357149279_1600x1200.jpg?v=20130730","https://m1.spitogatos.gr/357149280_1600x1200.jpg?v=20130730","https://m2.spitogatos.gr/357149281_1600x1200.jpg?v=20130730","https://m3.spitogatos.gr/357149282_1600x1200.jpg?v=20130730","https://m1.spitogatos.gr/357149283_1600x1200.jpg?v=20130730","https://m2.spitogatos.gr/357149284_1600x1200.jpg?v=20130730","https://m3.spitogatos.gr/357149285_1600x1200.jpg?v=20130730","https://m1.spitogatos.gr/357149286_1600x1200.jpg?v=20130730","https://m2.spitogatos.gr/357149287_1600x1200.jpg?v=20130730","https://m1.spitogatos.gr/357149289_1600x1200.jpg?v=20130730","https://m2.spitogatos.gr/357149290_1600x1200.jpg?v=20130730","0","0","2","1","37.956001","1","1","23.720734",,"0",,,"2026-07-27","0","0","0","0","1",,"1","0","1",,"0","0","0","550",,,"0","0","0","0","18.33",,,"1","3",,"1","1","2025","0",,"1","0","1","0","30","0",,"0","1","0","2026-06-13","https://www.spitogatos.gr/en/property/1220116038","0",,"1975","Mi8mbN5lrn8","residential"
"1","Ground Floor",,"simple","1",,,,,"1","0","0","0","2026-07-21","0","0","1","0","1",,,"house",,"10","0","ΝΕΟΣ ΚΟΣΜΟΣ, Κυνοσάργους - Ενοικιάζεται κουκλίστικο διαμέρισμα ριζικά ανακαινισμένο με εξαιρετικά υλικά, πλήρως επιπλωμένο με φροντίδα, λεπτό γούστο και προσοχή στην λεπτομέρεια. Έχει εμβαδό 40 τ.μ και βρίσκεται σε υπερυψωμένο ισόγειο πολυκατοικίας στον Ν. Κόσμο. Αποτελείται από ένα μικρό σαλονάκι / χώλ, minimal design μπάνιο, μοντέρνα κουζίνα ενιαία με τον χώρο και άνετο υπνοδωμάτιο το οποίο βγαίνει σε μπαλκόνι που βλέπει στην εσωτερική αυλή της πολυκατοικίας. Το διαμέρισμα διαθέτει κεντρική θέρμανση φυσικού αερίου, πόρτα ασφαλείας, κλειστό κύκλωμα τηλεόρασης στην εξώπορτα, κουφώματα αλουμινίου με διπλά τζάμια και σίτες και είναι εξοπλισμένο με όλες τις απαραίτητες ηλεκτρικές συσκευές (εντοιχισμένη κουζίνα, ψυγείο, πλυντήριο ρούχων). Βρίσκεται σε εξαιρετικό σημείο με άμεση πρόσβαση σε μέσα μαζικής μεταφοράς, μόλις 5' με τα πόδια από τους σταθμούς μετρό Συγγρού - Φιξ και Ακρόπολης, από το τραμ και όλα τα λεωφορεία προς το κέντρο αλλά και προς τα νότια προάστια και την παραλία. Θα προτιμηθούν ένοικοι χωρίς κατοικίδιο.<br />
Δείτε όλα μας τα ακίνητα στο www.cityliferealestate.gr<br />
Τιμή €520 (κωδ. 2462) 6936650882, 6937143433, 2168082991 CITY LIFE Real Estate",,"0",,"0","6","1","0","2026-07-21","3","10","0","yes","no","0","Αθήνα - Κέντρο (Αττική)","Νέος Κόσμος (Αθήνα - Κέντρο)","1","105103","100","2033","5147","Double","2","2","0","0","1","1220428581","https://m2.spitogatos.gr/362510506_1600x1200.jpg?v=20130730","https://m1.spitogatos.gr/362510508_1600x1200.jpg?v=20130730","https://m1.spitogatos.gr/362510511_1600x1200.jpg?v=20130730","https://m2.spitogatos.gr/362510515_1600x1200.jpg?v=20130730","https://m3.spitogatos.gr/362510519_1600x1200.jpg?v=20130730","https://m3.spitogatos.gr/362510522_1600x1200.jpg?v=20130730","https://m1.spitogatos.gr/362510526_1600x1200.jpg?v=20130730","https://m2.spitogatos.gr/362510527_1600x1200.jpg?v=20130730","https://m2.spitogatos.gr/362510530_1600x1200.jpg?v=20130730","https://m2.spitogatos.gr/362510533_1600x1200.jpg?v=20130730","https://m1.spitogatos.gr/362510535_1600x1200.jpg?v=20130730","https://m3.spitogatos.gr/362510537_1600x1200.jpg?v=20130730","https://m2.spitogatos.gr/362510539_1600x1200.jpg?v=20130730","https://m1.spitogatos.gr/362510541_1600x1200.jpg?v=20130730","https://m2.spitogatos.gr/362510542_1600x1200.jpg?v=20130730","https://m1.spitogatos.gr/362510544_1600x1200.jpg?v=20130730","https://m3.spitogatos.gr/362510546_1600x1200.jpg?v=20130730","https://m1.spitogatos.gr/362510547_1600x1200.jpg?v=20130730","https://m3.spitogatos.gr/362510549_1600x1200.jpg?v=20130730","https://m1.spitogatos.gr/362510550_1600x1200.jpg?v=20130730",,,,,,"0","0","2","1","37.963402","1","1","23.730591",,"0",,,"2026-07-28","0","0","0","0","1","7","1","0","1",,"0","0","0","520",,,"0","0","0","0","13",,,"1","3","6","1","1","2022","0","1","1","0","1","0","40","0",,"0","1","0","2026-07-21","https://www.spitogatos.gr/en/property/1220428581","0",,"1975","OPiGPGbSRSs","residential"
