"AC","Floor Level","accessibleForDisabled","adType_code","adType_id","agentEmployee_firstName","agentEmployee_id","agentEmployee_lastName","agentEmployee_telephone","airy","alarm","attic","auction","availability","availableForDailyRent","awning","balcony","balconyArea","bright","builtInBBQ","byTheSea","category","caveBuilding","commonExpenses","contactEnquirer_id","corner","description","distanceSea","doubleGlass","electricCarChargingFacilities","elevator","energyClass","enquirerId","enquirer_blocked","enquirer_contactHours","enquirer_email","enquirer_enquirerId","enquirer_firstName","enquirer_lastName","enquirer_telephone","facade","fireplace","firstPublishDate","floorNumber","floorType","forCommercialUse","furnished","garage","garden","geographiesByLevel_2_fullName","geographiesByLevel_4_fullName","geographyParentIds_0","geographyParentIds_1","geographyParentIds_2","geographyParentIds_4","geographyParentIds_5","glassType","heatingController","heatingMedium","heatingUnderFloor","holidayHome","host_id","id","images/0","images/1","images/2","images/3","images/4","images/5","images/6","images/7","images/8","images/9","images/10","images/11","images/12","images/13","images/14","images/15","images/16","images/17","images/18","images/19","images/20","images/21","images/22","images/23","images/24","internal_stairs","investment","joinery","kitchens","latitude","leased","levels","livingRooms","longitude","lotSize","luxHome","mannedReception","medicalOffice","modified","negotiablePrice","neoclassic","newDevelopment","nightPower","noAgentFee","no_of_WC","no_of_bathrooms","numberOfFloors","orientation","painted","penthouse","pestNet","petsAllowed","playroom","pool","preserved","price","priceIncludesInternet","priceIncludesPower","priceIncludesSharedExp","priceIncludesWater","pricePerSqMeters","propertyPublishingOptionIds/0","propertyPublishingOptionIds/1","propertyPublishingOptionIds/2","publicParking","published","renovated","renovationYear","requiresRenovation","road_type","rooms","satelite","secure_door","solar_heater","sq_meters","storage","storageArea","streetAddress","studentHome","subtype","unfinished","uploaded","url","vTourUrl","view","wholeFloorApartment","year_of_construction","youtubeVideoId","zoning"
"1","2","yes","vip","15",,,,,"1","1","0","0","2026-08-31","0","0","0","0","1","0",,"house",,,,"1","Κωδικός ακινήτου: 6115002 - Πεύκη Άνω Πεύκη  ΕΝΟΙΚΙΑΖΕΤΑΙ   νεόδμητη επιπλωμένη μεζονέτα  στον 2 ο όροφο συνολικής επιφάνειας 140.00 τ.μ. σε οικόπεδο 500 τ.μ. . Αποτελείται από 3 υπνοδωμάτια, σαλόνι, κουζίνα, 2 μπάνια και WC. Είναι κατασκευασμένη το 2026 με ενεργειακή κλάση Α+  και διαθέτει θέρμανση ενδοδαπέδια - αντλία θερμότητας, απεριόριστη θέα, κουφώματα ενεργειακά, ξύλινα πατώματα, πόρτα ασφαλείας με τρίαινα, εντοιχιζόμενες ντουλάπες, ανελκυστήρα, πρόσβαση ΑΜΕΑ, πάρκινγκ, αποθήκη , τζάκι, πισίνα, εγκαταστάσεις φόρτισης ηλεκτρικού αυτοκινήτου, A/C, θέρμανση ανα επίπεδο, συναγερμό, ηλεκτρικές συσκευές, σίτες, διπλά τζάμια, ηλιακό θερμοσίφωνα, Roof Garden, laundry room, θυροτηλεόραση, ανοιχτωσιά, εσωτερική σκάλα    απόσταση από αεροδρόμιο 29000 μέτρα  - Τιμή: 3.500 €  <br><br><strong>Σε ένα από τα πιο ήσυχα και ποιοτικά σημεία της Άνω Πεύκης, μέσα σε περιβάλλον απόλυτης ιδιωτικότητας και ανοιχτού ορίζοντα, διατίθεται προς ενοικίαση μία εξαιρετικής αισθητικής νεόδμητη επιπλωμένη οροφομεζονέτα 140 τ.μ., κατασκευής 2026.</strong> <br>Η κατοικία αναπτύσσεται σε δύο επίπεδα <strong>2ου και 3ου ορόφου</strong> και συνδυάζει σύγχρονη αρχιτεκτονική, υψηλή ενεργειακή απόδοση και πολυτελείς παροχές, προσφέροντας έναν μοναδικό τρόπο διαβίωσης στα Βόρεια Προάστια.<br>Ξεχωρίζει για την <strong>ιδιωτική πισίνα στο roof garden, </strong>την ανοιγοκλεινόμενη πέργκολα και την ανεμπόδιστη θέα που χαρίζει αίσθηση ελευθερίας και απόλυτης άνεσης.<br><br><strong>Εσωτερική Διαρρύθμιση Χώρων<br></strong><br>Η μεζονέτα διαθέτει λειτουργική και ιδιαίτερα προσεγμένη διαρρύθμιση, με άνετους χώρους και μεγάλες επιφάνειες που λούζονται από φυσικό φως.<br />
<br />
<br>-Ευρύχωρο σαλόνι με ενεργειακό τζάκι<br>-Σύγχρονη πλήρως εξοπλισμένη κουζίνα<br>-Τρία άνετα υπνοδωμάτια με εντοιχισμένες ντουλάπες<br>-Δύο πλήρη μπάνια και 1 WC επισκεπτών<br>-Μεγάλες βεράντες με ανοιχτωσιά και ανεμπόδιστη θέα<br>-Roof garden με αποκλειστική χρήση ιδιωτικής πισίνας και πέργκολας<br>Η κατοικία προσφέρεται πλήρως επιπλωμένη και εξοπλισμένη, ενώ υπάρχει δυνατότητα μίσθωσης και χωρίς επίπλωση.<br><strong>Τεχνικά Χαρακτηριστικά και Παροχές</strong><br><br>Η κατοικία έχει κατασκευαστεί με έμφαση στην ποιότητα, την ενεργειακή απόδοση και τις σύγχρονες τεχνολογικές απαιτήσεις.<br>►Κατασκευή 2026 και Ενεργειακή κλάση Α+<br>►Ενδοδαπέδια θέρμανση με αντλία θερμότητας ανά επίπεδο<br>►Fan coil οροφής και Κλιματισμός<br>►Ενεργειακό τζάκι<br>►Ενεργειακά κουφώματα με διπλά τζάμια και σίτες<br>►Ξύλινα δάπεδα<br>►Πόρτα ασφαλείας με κλειδαριά τριών σημείων και σύστημα συναγερμού<br>►Θυροτηλεόραση<br>►Ηλιακός θερμοσίφωνας<br>►Ανελκυστήρας και πρόσβαση ΑΜΕΑ<br>►Υπόγεια αποθήκη<br>►Θέση στάθμευσης υπογείου  και φόρτισης ηλεκτρικού οχήματος<br>►Ηλεκτρικές συσκευές και εξοπλισμός<br>►Ιδιωτική πισίνα και Roof Garden με ανοιγοκλεινόμενη πέργκολα<br><br><strong>Τοποθεσία</strong><br><br>Το ακίνητο βρίσκεται σε ιδιαίτερα προνομιακό σημείο της Άνω Πεύκης, σε ήσυχο και πανταχόθεν ανοιχτό οικόπεδο 500 τ.μ., προσφέροντας ιδιωτικότητα και υψηλή ποιότητα ζωής.<br>Η περιοχή συνδυάζει κατοικία υψηλών προδιαγραφών με εύκολη πρόσβαση σε βασικές οδικές αρτηρίες, σχολεία, αγορά και μέσα μεταφοράς, αποτελώντας μία από τις πλέον περιζήτητες επιλογές στα Βόρεια Προάστια για οικογένειες και στελέχη εταιρειών.<br><strong><br>Γιατί να το Επιλέξετε</strong><br><br>Πρόκειται για μία κατοικία υψηλών απαιτήσεων που συνδυάζει σύγχρονη αισθητική, κορυφαία ενεργειακή απόδοση και μοναδικές παροχές, όπως ιδιωτική πισίνα, roof garden και εγκατάσταση φόρτισης ηλεκτρικού αυτοκινήτου.<br>Μία σπάνια πρόταση ενοικίασης στην Άνω Πεύκη, ιδανική για όσους αναζητούν πολυτέλεια, άνεση και ιδιωτικότητα σε ένα από τα καλύτερα σημεία των Βορείων Προαστίων.<br><br><br> <br>Περισσότερα διαθέσιμα ακίνητα στην ιστοσελίδα μας: www.dp-properties.gr",,,"1","1","1",,,,,,,,,"1","1","2026-05-22","7","2","0","yes","yes","0","Αθήνα - Βόρεια Προάστια (Αττική)","Πεύκη (Αθήνα - Βόρεια Προάστια)","1","105103","101","2118","123050","Double","1","13","1","0","1","1219934882","https://m1.spitogatos.gr/354345714_1600x1200.jpg?v=20130730","https://m2.spitogatos.gr/354345718_1600x1200.jpg?v=20130730","https://m2.spitogatos.gr/354345721_1600x1200.jpg?v=20130730","https://m3.spitogatos.gr/354345722_1600x1200.jpg?v=20130730","https://m1.spitogatos.gr/354345723_1600x1200.jpg?v=20130730","https://m2.spitogatos.gr/354345724_1600x1200.jpg?v=20130730","https://m1.spitogatos.gr/354345726_1600x1200.jpg?v=20130730",,,,,,,,,,,,,,,,,,,"1","0",,"1","38.061779",,,"1","23.793959","500","1",,,"2026-07-31","0","0","1","0",,"1","2","3","3","1","1","1","1","0","1","0","3500","0","0","0","0","25","1","3","6",,"1","0",,"0","1","3","0","1","1","140","1",,,"0","3","0","2026-05-22","https://www.spitogatos.gr/en/property/1219934882",,"1","0","2026",,"residential"
"0","2","no","vip","4",,,,,"1","1","0","0","2026-05-13","0","0","0","0","1","0",,"house",,,,"1","<br>Πολυτελής Οροφομεζονέτα προς Ενοικίαση στην Πεύκη – Κωδικός Ακινήτου: 97565<br />
<br />
Ανακαλύψτε την απόλυτη πολυτέλεια σε αυτή την εντυπωσιακή επιπλωμένη μεζονέτα 2ου-3ου, συνολικής επιφάνειας 140 τ.μ., που ενοικιάζεται σε ένα οικόπεδο 500 τ.μ. Κατασκευασμένη το 2026, αυτή η κατοικία συνδυάζει σύγχρονη αρχιτεκτονική με υψηλής ποιότητας υλικά, προσφέροντας ενεργειακή κλάση Α+.<br />
<br />
Η μεζονέτα διαθέτει τρία ευρύχωρα υπνοδωμάτια, ένα φωτεινό σαλόνι, μία πλήρως εξοπλισμένη κουζίνα, δύο μπάνια και WC. Ο εσωτερικός σχεδιασμός περιλαμβάνει ενδοδαπέδια θέρμανση με αντλία θερμότητας και fan coil. Το ενεργειακό τζάκι προσφέρει ζεστασιά και ατμόσφαιρα, ενώ τα κουφώματα αλουμινίου και τα διπλά τζάμια εξασφαλίζουν ηχομόνωση και θερμομόνωση. Διαθέτει ιδιωτική πισίνα στο Roof Garden με  ανοιγόμενη πέργκολα, ιδανικά για χαλάρωση και διασκέδαση με φίλους και οικογένεια. Η κατοικία διαθέτει επίσης ανελκυστήρα, 2 χώρους στάθμευσηςυπογείου, με προεγκατάσταση για φόρτιση ηλεκτρικού αυτοκινήτου, υπόγεια αποθήκη, ενεργειακό τζάκι, συναγερμό, ηλιακό θερμοσίφωνα και θυροτηλεόραση.<br />
<br />
Αυτή η μοναδική οροφομεζονέτα συνδυάζει την άνεση και την πολυτέλεια σε ένα ήσυχο περιβάλλον, προσφέροντας προνομιακή θέα σε ανοιχτό ορίζοντα. Μην χάσετε την ευκαιρία να κάνετε αυτή την εκπληκτική κατοικία το νέο σας σπίτι! Παράδοση Αύγουστος του 2026. <br>| UNION PROPERTIES +30 2108087844 - +30 6940579421, https://www.union-properties.gr/, email: north@union-properties.gr<br />
| Η Union Properties καταβάλλει κάθε δυνατή προσπάθεια για την παροχή έγκυρων και επικαιροποιημένων πληροφοριών σχετικά με τα ακίνητα που προβάλλονται, καθώς και για την επαλήθευση των στοιχείων που παρέχονται από τους ιδιοκτήτες/πωλητές. Ωστόσο, δεν φέρει καμία ευθύνη για τυχόν ανακρίβειες, παραλείψεις ή μεταβολές στις πληροφορίες αυτές, εφόσον δεν έχει προηγηθεί σχετική έγγραφη ενημέρωση από τους πωλητές.<br />
Η θέση του ακινήτου στον χάρτη είναι ενδεικτική και ενδέχεται να μην ανταποκρίνεται με ακρίβεια στην πραγματική τοποθεσία.<br />
Σύμφωνα με τον Ν. 4072/11-4-2012 (ΦΕΚ 86 Α’), για την υπόδειξη οποιουδήποτε ακινήτου απαιτείται η προσκόμιση της αστυνομικής ταυτότητας και του Α.Φ.Μ. του ενδιαφερόμενου.",,,,"1","1",,,,,,,,,"1","1","2026-05-13","7","4","0","yes","yes","0","Αθήνα - Βόρεια Προάστια (Αττική)","Πεύκη (Αθήνα - Βόρεια Προάστια)","1","105103","101","2118","123050","Double","1","13","1","0","1","1219878257","https://m2.spitogatos.gr/353345701_1600x1200.jpg?v=20130730","https://m1.spitogatos.gr/353345715_1600x1200.jpg?v=20130730","https://m2.spitogatos.gr/353345728_1600x1200.jpg?v=20130730","https://m3.spitogatos.gr/353345747_1600x1200.jpg?v=20130730","https://m3.spitogatos.gr/353345750_1600x1200.jpg?v=20130730","https://m1.spitogatos.gr/353345754_1600x1200.jpg?v=20130730","https://m2.spitogatos.gr/353345779_1600x1200.jpg?v=20130730",,,,,,,,,,,,,,,,,,,"1","0","2","1","38.065544",,"2","1","23.792439","500","1",,,"2026-07-31","0","0",,"0",,"1","2",,,"0","0","0",,"0","1","0","3500","0","0","0","0","25","1","3","6",,"1","0",,"0","1","3","0","1","1","140","1",,,"0","3","0","2026-05-13","https://www.spitogatos.gr/en/property/1219878257",,"1","0","2155","4LYMOHc5pCs","residential"
"1","2",,"vip","13",,,,,"1",,"0","0","2026-08-01","0","0","1","0","1","0",,"house","0",,,"1","Πολυτελής , νεόδμητη, επιπλωμένη  μεζονέτα 140 τ.μ. , σε οικόπεδο 500 τ.μ. , δευτέρου και τρίτου ορόφου , με αποκλειστική χρήση roof garden και πισίνας. <br />
Εκτείνεται σε δύο επίπεδα και διαθέτει ευρύχωρο καθιστικό με ενεργειακό τζάκι , σύγχρονη, πλήρως εξοπλισμένη κουζίνα , 3 υπνοδωμάτια , 2 μπάνια και 1 WC . <br />
Το ακίνητο παρέχει roof garden με πισίνα και πτυσσόμενη  πέργκολα  ενδοδαπέδια θέρμανση , fan coil , ανελκυστήρα , ηλιακό θερμοσίφωνα , υπόγεια θέση στάθμευσης με προεγκατάσταση φόρτισης ηλεκτρικού αυτοκινήτου .<br />
Δίνεται και μη επιπλωμένη .",,,"1","1","1",,,,,,,,,"1","1","2026-05-13","7","4","0","yes","yes","1","Αθήνα - Βόρεια Προάστια (Αττική)","Πεύκη (Αθήνα - Βόρεια Προάστια)","1","105103","101","2118","123050","Double","1","9","1","0","1","1219878709","https://m3.spitogatos.gr/353362520_1600x1200.jpg?v=20130730","https://m1.spitogatos.gr/353362530_1600x1200.jpg?v=20130730","https://m3.spitogatos.gr/353362523_1600x1200.jpg?v=20130730","https://m2.spitogatos.gr/353362525_1600x1200.jpg?v=20130730","https://m1.spitogatos.gr/353362527_1600x1200.jpg?v=20130730","https://m3.spitogatos.gr/353362529_1600x1200.jpg?v=20130730","https://m2.spitogatos.gr/353362522_1600x1200.jpg?v=20130730",,,,,,,,,,,,,,,,,,,"1","0","2","1","38.062164",,"2","1","23.793131","500","1","0","0","2026-07-31","0","0","1","1",,"1","2",,"3","1","1","1",,"0","1","0","3500","0","0","0","0","25","1","3","6",,"1",,,"0","1","3","1","1","1","140","1",,,"0","3","0","2026-05-13","https://www.spitogatos.gr/en/property/1219878709",,"1",,"2026",,"residential"
"0","2","no","vip","4",,,,,"0","0","0","0","2026-06-29","0","1","0","0","0","0",,"house","0",,,"0","Διαμέρισμα Προς Ενοικίαση, όροφος: 2ος, στην περιοχή: Πεύκη - Κάτω Πεύκη. Το εμβαδόν του ακινήτου είναι 125 τ.μ.. Αποτελείται από: 3 Υ/Δ, 1 μπάνιο/α, 1 wc, 1 κουζίνα/ες, 2 σαλόνι/α. Έχει κατασκευαστεί το 1976. Η θέρμανση του ακινήτου είναι Κεντρική με Φυσικό αέριο, έχει κουφώματα Αλουμινίου με Διπλά τζάμια, ενεργειακό πιστοποιητικό: Γ και τα δάπεδα είναι: Ξύλο, Μάρμαρο και επίσης διαθέτει τα παρακάτω χαρακτηριστικά και πλεονεκτήματα: Τέντες, Ασανσέρ, Ηλεκτρ. Συσκευές, Πόρτα Ασφαλείας, Θυροτηλεόραση. Τιμή: €1.050. Imberal, <br />
Δεν διαθέτει ηλιακό το σπίτι, δίνεται η δυνατότητα να τοποθετηθεί, Παράδοση του ακινήτου 10 Ιουλίου 2026. <br />
Ηλεκτρικές συσκευές (εντοιχισμένες) προτίθεται να μείνουν εφόσον το επιθυμεί ο εκάστοτε ενδιαφερόμενος, καθως υπάρχουν και μερικά έπιπλα.<br />
Ο ιδιοκτήτης δεν δέχεται κατοικίδιό!<br />
<br />
Τηλέφωνο Επικοινωνίας: 2110019901, email: info@imberal.gr",,,"0","1","5",,,,,,,,,"0","0","2026-05-21","7","2","0","no","no","0","Αθήνα - Βόρεια Προάστια (Αττική)","Πεύκη (Αθήνα - Βόρεια Προάστια)","1","105103","101","2118","123051","Double","2","2","0","0","1","1219927712","https://m1.spitogatos.gr/361924488_1600x1200.jpg?v=20130730","https://m3.spitogatos.gr/361924493_1600x1200.jpg?v=20130730","https://m2.spitogatos.gr/361924510_1600x1200.jpg?v=20130730","https://m1.spitogatos.gr/361924515_1600x1200.jpg?v=20130730","https://m3.spitogatos.gr/361924520_1600x1200.jpg?v=20130730","https://m1.spitogatos.gr/361924524_1600x1200.jpg?v=20130730","https://m1.spitogatos.gr/361924527_1600x1200.jpg?v=20130730","https://m2.spitogatos.gr/361924531_1600x1200.jpg?v=20130730","https://m1.spitogatos.gr/361924536_1600x1200.jpg?v=20130730","https://m2.spitogatos.gr/361924540_1600x1200.jpg?v=20130730","https://m2.spitogatos.gr/361924543_1600x1200.jpg?v=20130730","https://m3.spitogatos.gr/361924547_1600x1200.jpg?v=20130730","https://m3.spitogatos.gr/361924553_1600x1200.jpg?v=20130730","https://m1.spitogatos.gr/361924557_1600x1200.jpg?v=20130730","https://m1.spitogatos.gr/361924563_1600x1200.jpg?v=20130730","https://m1.spitogatos.gr/361924566_1600x1200.jpg?v=20130730","https://m1.spitogatos.gr/361924572_1600x1200.jpg?v=20130730","https://m3.spitogatos.gr/361924574_1600x1200.jpg?v=20130730","https://m1.spitogatos.gr/361924578_1600x1200.jpg?v=20130730","https://m1.spitogatos.gr/361924581_1600x1200.jpg?v=20130730","https://m3.spitogatos.gr/361924586_1600x1200.jpg?v=20130730",,,,,"0","0",,"1","38.057171",,"1","2","23.79529",,"0","0","0","2026-07-15","0","0",,"0",,"0","1",,,"0","0","0",,"0","0","0","1000","0","0","0","0","8","1","3","6","0","1","0",,"0","1","3","0","1","0","125","0",,,"0","1","0","2026-05-21","https://www.spitogatos.gr/en/property/1219927712",,"0","0","1976",,"residential"
"0","3","no","prime","3","ΗΛΙΑΣ","5877","ΜΑΚΡΗΣ","6941400532","1","0","0","0","2026-09-01","0","0","0","0","1","0",,"house",,"120",,"0","Κωδικός ακινήτου: 89-2564 - Πεύκη Άνω Πεύκη  ΕΝΟΙΚΙΑΖΕΤΑΙ     διαμέρισμα  στον 3 ο όροφο συνολικής επιφάνειας 95.00 τ.μ.  . Αποτελείται από 2 υπνοδωμάτια, σαλόνι, κουζίνα, μπάνιο . Είναι κατασκευασμένο το 1980 με ενεργειακή κλάση Ζ  και διαθέτει θέρμανση κεντρική - φυσικό αέριο, θέα σε ανοιχτό ορίζοντα, κουφώματα αλουμινίου, πατώματα από μάρμαρο και ξύλο, πόρτα θωρακισμένη, εντοιχιζόμενες ντουλάπες, ανελκυστήρα, αποθήκη , κήπο, προεγκατάσταση Α/C, θυροτηλεόραση, νυχτερινό ρεύμα, ανοιχτωσιά, οπτικές ίνες      - Τιμή: 900 € (Κωδικός γραφείου IM) <br>ΚΑΤΩ ΠΕΥΚΗ. Αποκλειστικό. Φωτεινό, Διαμπερές Διαμέρισμα 95τ.μ. με Ανοιχτωσιά, 3ου(4ώροφη οικοδομή-20 διαμερισμάτων), του 1980 (καλής κατάστασης), 2 φωτεινά Υ/Δ με πρόσβαση σε μεγάλα μπαλκόνια (ξύλινα γυαλισμένα δάπεδα),  μεγάλη σαλοτραπεζαρία (όλο μάρμαρο κάτω), ξεχωριστή άνετη κουζίνα με μπαλκονόπορτα που δίνει πρόσβαση στο μπροστινό μπαλκόνι, Πλήρες μεγάλο λουτρό (με παράθυρο), κεντρική θέρμανση αερίου, Αποθήκη εντός του διαμερίσματος, Κουφώματα αλουμινίου με μονά τζάμια (έχει γίνει σέρβις σε ραουλά και δαγκάνες), θυροτηλεόραση, μεγάλο εσωτερικό Μπαλκόνι με ανοιχτωσιά και θέα σε κοινόχρηστο κήπο, θωρακισμένη Πόρτα Ασφαλείας, ανελκυστήρας, προσεγμένη και λειτουργική πολυκατοικία. Πλησίον (70μ) στάσης λεωφορείου. Πολύ κοντά σε τράπεζες, γυμναστήρια, και γενικότερα την αγορά της Πεύκης. Φρεσκοβαμμένο. Κοινόχρηστα: 120€ κατά μέσο όρο. <br>Μεσιτικό Royalty Estate .Η εμφανιζόμενη διεύθυνση είναι κατά προσέγγιση. Δείτε κ άλλα στο www.royalty-estate.gr . Τηλ για ραντεβού καθημερινές 10:00 : 18:00. Κατά την επίδειξη των ακινήτων είναι απαραίτητη η επίδειξη της Αστυνομικής ταυτότητας, καθώς και το Α.Φ.Μ. του ενδιαφερομένου αγοραστή/ενοικιαστή, βάσει του Νόμου 4072/11.4.2012.",,,,"1","8",,,,,,,,,"0","0","2026-07-20","8","6","0","no","no","1","Αθήνα - Βόρεια Προάστια (Αττική)","Πεύκη (Αθήνα - Βόρεια Προάστια)","1","105103","101","2118","123051","Single","2","2","0","0","1","1220424594","https://m2.spitogatos.gr/364095310_1600x1200.jpg?v=20130730","https://m3.spitogatos.gr/364095314_1600x1200.jpg?v=20130730","https://m3.spitogatos.gr/364095317_1600x1200.jpg?v=20130730","https://m2.spitogatos.gr/364095325_1600x1200.jpg?v=20130730","https://m1.spitogatos.gr/364095333_1600x1200.jpg?v=20130730","https://m3.spitogatos.gr/364095344_1600x1200.jpg?v=20130730","https://m3.spitogatos.gr/364095353_1600x1200.jpg?v=20130730","https://m2.spitogatos.gr/364095361_1600x1200.jpg?v=20130730","https://m3.spitogatos.gr/364095374_1600x1200.jpg?v=20130730","https://m1.spitogatos.gr/364095381_1600x1200.jpg?v=20130730","https://m3.spitogatos.gr/364095386_1600x1200.jpg?v=20130730","https://m2.spitogatos.gr/364095388_1600x1200.jpg?v=20130730","https://m2.spitogatos.gr/364095391_1600x1200.jpg?v=20130730","https://m3.spitogatos.gr/364095395_1600x1200.jpg?v=20130730","https://m3.spitogatos.gr/364095398_1600x1200.jpg?v=20130730","https://m2.spitogatos.gr/364095400_1600x1200.jpg?v=20130730","https://m2.spitogatos.gr/364095403_1600x1200.jpg?v=20130730","https://m2.spitogatos.gr/364095406_1600x1200.jpg?v=20130730","https://m3.spitogatos.gr/364095413_1600x1200.jpg?v=20130730","https://m1.spitogatos.gr/364095417_1600x1200.jpg?v=20130730","https://m3.spitogatos.gr/364095422_1600x1200.jpg?v=20130730","https://m3.spitogatos.gr/364095428_1600x1200.jpg?v=20130730","https://m1.spitogatos.gr/364095435_1600x1200.jpg?v=20130730","https://m2.spitogatos.gr/364095448_1600x1200.jpg?v=20130730",,"0","0","2","1","38.058582",,,"1","23.791006",,"0",,,"2026-07-31","0","0",,"1",,"0","1",,,"1","0","0",,"0","0","0","900","0","0","0","0","9.47","1","3","6",,"1","0",,"0","2","2","0","1","0","95","1",,"Κουντουριώτου 3, 151 21, Πεύκη","0","1","0","2026-07-20","https://www.spitogatos.gr/en/property/1220424594",,"1","0","1980","iM6oPTwp5Ws","residential"
"1","2","no","prime","3",,,,,"1","0","0","0","2026-07-01","0","1","0","0","1","0",,"house",,,,"0","Κωδικός ακινήτου: 2-1406 - Πεύκη Άνω Πεύκη  ΕΝΟΙΚΙΑΖΕΤΑΙ   ανακαινισμένο  διαμέρισμα  στον 2 ο όροφο συνολικής επιφάνειας 106.00 τ.μ.  . Αποτελείται από 2 υπνοδωμάτια, σαλόνι, κουζίνα, μπάνιο και WC. Είναι κατασκευασμένο το 1980 με ενεργειακή κλάση Ε και ανακαινίστηκε το 2012. Διαθέτει θέρμανση κεντρική - φυσικό αέριο, θέα σε ανοιχτό ορίζοντα, κουφώματα αλουμινίου συρόμενα, πατώματα από μάρμαρο και ξύλο, πόρτα ασφαλείας, εντοιχιζόμενες ντουλάπες, ανελκυστήρα, πάρκινγκ, κήπο, A/C, τέντες, σίτες, θυροτηλεόραση, νυχτερινό ρεύμα, ανοιχτωσιά      - Τιμή: 900 €  <br>Αποτελείται απο ωραίο καθιστικό, 2 ευρύχωρα υπνοδωμάτια με μεγάλες ντουλάπες, ωραία κουζίνα, όλοι οι χώροι έχουν πρόσβαση σε βεράντες. Είναι πολύ φωτεινό, διαμπερές. Βρίσκεται σε ωραίο ,ήσυχο  πράσινο σημείο, πλησίον Λεωφόρου Ειρήνης-αγορά-σχολεία.- πάρκου. Επίσης 10 λεπτά απο τον ΗΣΑΠ Αμαρουσίου. <br><br />
Για περισσότερα ακίνητα επισκεφτείτε το site μας.<br />
<br />
www.krimpa.gr<br />
<br />
ΜΕΣΙΤΙΚΟ Α.ΚΡΙΜΠΑ<br />
ΤΗΛ.6977244863<br />
210-8051912",,,,"1","7",,,,,,,,,"1","0","2026-06-02","7","6","0","no","yes","1","Αθήνα - Βόρεια Προάστια (Αττική)","Πεύκη (Αθήνα - Βόρεια Προάστια)","1","105103","101","2118","123050","Single","2","2","0","0","1","1219990189","https://m1.spitogatos.gr/360964287_1600x1200.jpg?v=20130730","https://m2.spitogatos.gr/360964288_1600x1200.jpg?v=20130730","https://m3.spitogatos.gr/360964289_1600x1200.jpg?v=20130730","https://m1.spitogatos.gr/360964290_1600x1200.jpg?v=20130730","https://m2.spitogatos.gr/360964291_1600x1200.jpg?v=20130730","https://m3.spitogatos.gr/360964292_1600x1200.jpg?v=20130730","https://m1.spitogatos.gr/360964293_1600x1200.jpg?v=20130730","https://m2.spitogatos.gr/360964294_1600x1200.jpg?v=20130730","https://m3.spitogatos.gr/360964295_1600x1200.jpg?v=20130730","https://m1.spitogatos.gr/360964296_1600x1200.jpg?v=20130730","https://m2.spitogatos.gr/360964297_1600x1200.jpg?v=20130730","https://m3.spitogatos.gr/360964298_1600x1200.jpg?v=20130730","https://m1.spitogatos.gr/360964299_1600x1200.jpg?v=20130730","https://m2.spitogatos.gr/360964300_1600x1200.jpg?v=20130730","https://m3.spitogatos.gr/360964301_1600x1200.jpg?v=20130730","https://m1.spitogatos.gr/360964302_1600x1200.jpg?v=20130730","https://m2.spitogatos.gr/360964303_1600x1200.jpg?v=20130730","https://m3.spitogatos.gr/360964304_1600x1200.jpg?v=20130730",,,,,,,,"0","0","2","1","38.061008",,,"1","23.7981",,"0",,,"2026-07-31","0","0",,"1",,"1","1",,,"1","0","1","1","0","0","0","900","0","0","0","0","8.49","1","3","6",,"1","1","2012","0","1","2","0","1","0","106","0",,,"0","1","0","2026-06-02","https://www.spitogatos.gr/en/property/1219990189",,"1","0","1980",,"residential"
"1","1",,"up","1",,,,,,"1",,"0","2026-07-23","0",,"1","0",,,,"house",,,"18154059",,"Ενοικιάζεται Διαμέρισμα 126,10 τ.μ. στην Πεύκη<br />
<br />
Διατίθεται προς ενοικίαση ευρύχωρο και φωτεινό διαμέρισμα 126,10 τ.μ. στον 1ο όροφο, σε ήσυχη και ιδιαίτερα προνομιακή περιοχή της Πεύκης.<br />
<br />
Το ακίνητο, κατασκευής 1976, βρίσκεται σε καλή κατάσταση και αποτελείται από:<br />
<br />
3 άνετα υπνοδωμάτια<br />
Μεγάλο σαλόνι<br />
Ξεχωριστή κουζίνα<br />
1 λουτρό με WC<br />
<br />
Χαρακτηριστικά:<br />
<br />
Κεντρική θέρμανση πετρελαίου<br />
Πόρτα ασφαλείας<br />
Ρολά ασφαλείας<br />
Φωτεινό και λειτουργικό<br />
Δεν διαθέτει θέση στάθμευσης<br />
<br />
Δυνατότητα ανακαίνισης σύμφωνα με τις ανάγκες του ενοικιαστή<br />
<br />
Υπάρχει η δυνατότητα ο ιδιοκτήτης να αναλάβει την πλήρη ή μερική ανακαίνιση του διαμερίσματος (κουζίνα, μπάνιο, δάπεδα, χρωματισμοί κ.λπ.), προσαρμοσμένη στις ανάγκες και τις προτιμήσεις του ενοικιαστή. Στην περίπτωση αυτή, το τελικό μίσθωμα θα διαμορφωθεί ανάλογα με το εύρος των εργασιών που θα συμφωνηθούν.<br />
<br />
Το ακίνητο αποτελεί ιδανική επιλογή για οικογένειες ή επαγγελματίες που αναζητούν έναν άνετο χώρο σε μια από τις πιο όμορφες και ήσυχες περιοχές των Βορείων Προαστίων.<br />
<br />
Για περισσότερες πληροφορίες ή προγραμματισμό επίσκεψης, επικοινωνήστε μαζί μας.",,,,,"2","9293024","no","all","me@mkandylis.com","18154059","BRICK","EE","+306974783680",,,"2026-07-23","6",,,,,,"Αθήνα - Βόρεια Προάστια (Αττική)","Πεύκη (Αθήνα - Βόρεια Προάστια)","1","105103","101","2118","123051",,"1","2",,,"1","1220460574","https://m1.spitogatos.gr/362898000_1600x1200.jpg?v=20130730","https://m3.spitogatos.gr/362895917_1600x1200.jpg?v=20130730","https://m3.spitogatos.gr/362895923_1600x1200.jpg?v=20130730","https://m3.spitogatos.gr/362895932_1600x1200.jpg?v=20130730","https://m2.spitogatos.gr/362896150_1600x1200.jpg?v=20130730","https://m2.spitogatos.gr/362898001_1600x1200.jpg?v=20130730","https://m1.spitogatos.gr/362898003_1600x1200.jpg?v=20130730",,,,,,,,,,,,,,,,,,,,,,"0","38.058949",,"1","0","23.795401",,"1",,,"2026-07-23","0",,,,"yes","0","0",,"10",,"0",,,,,,"1000","0","0","0","0","8","4",,,,"1",,,,,"0",,"1",,"125",,,"Κολοκοτρώνη, 6 151 21 Πεύκη",,"1",,"2026-07-23","https://www.spitogatos.gr/en/property/1220460574",,,,"1976",,"residential"
"1","2","no","up","2",,,,,"0","1","0","0","2026-06-22","0","1","1","0","1","0",,"house","0",,,"0","Πλήρως επιπλωμένο οροφοδιαμέρισμα 2ου ορόφου (145 τ.μ.) σε μια πολυκατοικία τριών όροφο-διαμερισμάτων στην Πεύκη, με άμεση πρόσβαση σε βασικούς οδικούς άξονες. Διαρρύθμιση & Άνεση: Σαλόνι με τζάκι & τραπεζαρία, Μεγάλη πλήρως εξοπλισμένη κουζίνα, 3 ευρύχωρα υπνοδωμάτια (1 master) με μεγάλες ντουλάπες & αποθηκευτικούς χώρους, 2 σύγχρονα μπάνια. Προσόψεως, διαμπερές, εξαιρετικά φωτεινό. Ευρύχωρη βεράντα με απρόσκοπτη θέα & μπαλκόνι με θέα στον κήπο, με έπιπλα εξωτερικού χώρου. Χαρακτηριστικά: Αυτόνομη θέρμανση πετρελαίου, Κλιματισμός σε όλους τους χώρους, Ηλιακός & ηλεκτρικός θερμοσίφωνας, Ξύλινα δάπεδα σε όλους τους χώρους, Κουφώματα αλουμινίου με διπλά τζάμια, Ενεργειακή κλάση Β, Πόρτα ασφαλείας, συναγερμός & θυροτηλεόραση, Ασανσέρ, Ηλεκτρικά ρολά, σίτες & ηλεκτρικές τέντες με αισθητήρα αέρα, Θέση στάθμευσης με πρίζα φόρτισης ηλεκτρικού αυτοκινήτου. Τοποθεσία – Πρόσβαση: Αττική Οδός (Έξοδος 10): 3 λεπτά, Στάση λεωφορείου: ακριβώς απέναντι, Σταθμός τρένου & Προαστιακού: 15’ με τα πόδια, The Mall Athens: 15’ με τα πόδια / 5’ οδικώς, Golden Hall: 7’ οδικώς, ΟΑΚΑ: 20’ με τα πόδια / 5’ οδικώς. Σε πολύ κοντινή απόσταση με τα πόδια σε πάρκα, πλατείες, μαγαζιά και supermarket. Μίνι μάρκετ, φαρμακείο & φούρνος δίπλα..  Rems Hellas, Τηλέφωνο Επικοινωνίας: +302109600244, email: info@rems-hellas.gr, website: www.rems-hellas.gr",,,"1","1","4",,,,,,,,,"1","1","2026-06-22","7","10","0","yes","yes","0","Αθήνα - Βόρεια Προάστια (Αττική)","Πεύκη (Αθήνα - Βόρεια Προάστια)","1","105103","101","2118",,"Double","1","1","0","0","1","1220179418","https://m3.spitogatos.gr/358434827_1600x1200.jpg?v=20130730","https://m1.spitogatos.gr/358434828_1600x1200.jpg?v=20130730","https://m3.spitogatos.gr/358434830_1600x1200.jpg?v=20130730","https://m1.spitogatos.gr/358434849_1600x1200.jpg?v=20130730","https://m3.spitogatos.gr/358434851_1600x1200.jpg?v=20130730","https://m2.spitogatos.gr/358434853_1600x1200.jpg?v=20130730","https://m3.spitogatos.gr/358434857_1600x1200.jpg?v=20130730","https://m1.spitogatos.gr/358434882_1600x1200.jpg?v=20130730","https://m1.spitogatos.gr/358434891_1600x1200.jpg?v=20130730","https://m1.spitogatos.gr/358434894_1600x1200.jpg?v=20130730","https://m1.spitogatos.gr/358434897_1600x1200.jpg?v=20130730","https://m3.spitogatos.gr/358434899_1600x1200.jpg?v=20130730","https://m2.spitogatos.gr/358434901_1600x1200.jpg?v=20130730","https://m2.spitogatos.gr/358434904_1600x1200.jpg?v=20130730","https://m1.spitogatos.gr/358434909_1600x1200.jpg?v=20130730","https://m2.spitogatos.gr/358434910_1600x1200.jpg?v=20130730","https://m1.spitogatos.gr/358434915_1600x1200.jpg?v=20130730","https://m3.spitogatos.gr/358434917_1600x1200.jpg?v=20130730","https://m3.spitogatos.gr/358434923_1600x1200.jpg?v=20130730","https://m1.spitogatos.gr/358434924_1600x1200.jpg?v=20130730","https://m2.spitogatos.gr/358434943_1600x1200.jpg?v=20130730","https://m2.spitogatos.gr/358434946_1600x1200.jpg?v=20130730","https://m1.spitogatos.gr/358434966_1600x1200.jpg?v=20130730","https://m3.spitogatos.gr/358434971_1600x1200.jpg?v=20130730","https://m2.spitogatos.gr/358434976_1600x1200.jpg?v=20130730","1","0","2","1","38.052761",,"1","1","23.786062",,"0","0","0","2026-07-16","0","0",,"0",,"0","2",,,"1","0","1","1","0","0","0","2500","0","0","0","0","17.24","1","3","6",,"1","1",,"0",,"3","0","1","1","145","1",,,"0","1","0","2026-06-22","https://www.spitogatos.gr/en/property/1220179418",,"1","1","2010",,"residential"
"1","1",,"simple","1",,,,,"0","1","0","0","2026-10-02","0","0","1","0","0",,,"house",,,,"1","Νιώσε σαν στο σπίτι σου, όπου και αν επιλέξεις να μείνεις με την Blueground. Θα λατρέψεις αυτό το κομψά επιπλωμένο διαμέρισμα τριών υπνοδωματίων, για τη διακόσμησή του, την πλήρως εξοπλισμένη κουζίνα και το φωτεινό καθιστικό του. Βρίσκεται σε ιδανική τοποθεσία, κοντά σε όλα όσα έχει να σου προσφέρει η Πεύκη!<br><br />
<br />
Η διαφημιζόμενη τιμή των €1,910/μήνα είναι η τιμή για 1 έτος, με ημερομηνία έναρξης Οκτωβρίου 1, 2026. Η χαμηλότερη διαθέσιμη τιμή είναι €1,880/μήνα για μίσθωση 8 μήνα(μηνών) και 15 ημέρας(ημερών) με ημερομηνία έναρξης Οκτωβρίου 1, 2026.<br />
<br>Οι τιμές διαφέρουν ανάλογα με τη διάρκεια παραμονής, την εποχικότητα και άλλους παράγοντες. Επισκεφθείτε τον ιστότοπό μας και εισάγετε τις ημερομηνίες διαμονής σας για να δείτε ενημερωμένες τιμές για την κράτησή σας. Η τιμή ισχύει μόνο με προκαταβολή· ενδέχεται να είναι υψηλότερη εάν πληρωθεί σε δόσεις.<br />
<br />
<b>Κλείστε αυτό το διαμέρισμα online!</b><br />
<br />
https://www.theblueground.com/p/furnished-apartments/ath-1864?utm_source=classified-4<br />
<br />
Aναβαθμίστε τη διαμονή σας με ένα πλήρως επιπλωμένο διαμέρισμα από τη Blueground:<br />
      – Επιπλωμένα σπίτια σε τιμές αντίστοιχες με τα ανεπίπλωτα<br />
      – Χωρίς κόστη εγκατάστασης ή αγοράς επίπλων - εξοικονομήστε χρόνο και χρήματα<br />
      – Έτοιμα για άμεση μετακόμιση - το μόνο που χρειάζεστε είναι η βαλίτσα σας<br />
<br />
<b>Ο χώρος</b><br><br />
Νιώσε σαν στο σπίτι σου σε αυτό το επιπλωμένο διαμέρισμα της Blueground με το μοναδικό design, τα μοντέρνα έπιπλα και την πλήρως εξοπλισμένη κουζίνα.<br />
Δες τις αγαπημένες σου ταινίες στη smart TV ή άκουσε δυνατά μουσική στα ασύρματα ηχεία τελευταίας τεχνολογίας. Ό,τι και να αποφασίσεις να κάνεις το μόνο σίγουρο είναι πως θα αγαπήσεις όλα όσα σου προσφέρει αυτό το άνετο διαμέρισμα.<br />
<br />
<b>Διαρρύθμιση δωματίων ύπνου</b><br />
    <br />
        Μονό κρεβάτι: 90 εκ.<br />
<br />
        Υπέρδιπλο κρεβάτι: 160 εκ.<br />
<br />
        Διπλό κρεβάτι: 140 εκ.<br />
<br />
<b>Παροχές κτιρίου</b><br />
<br />
      Ασανσέρ<br />
      Πλυντήριο<br />
<br />
<br />
<b>Άφιξη και συνεχής υποστήριξη πελατών</b><br><br />
Κατά τη διάρκεια της διαμονής σου, η ομάδα μας θα είναι διαθέσιμη για να σε βοηθήσει με οτιδήποτε χρειαστείς. Μέσω της ειδικής mobile εφαρμογής της Blueground έχεις συνεχή υποστήριξη, ενώ μπορείς ακόμη να προγραμματίσεις υπηρεσίες καθαρισμού, συντήρησης ή επισκευής, με το πάτημα ενός κουμπιού.",,"1",,"1","8",,,,,,,,,"0","0","2026-07-13","6",,"0","yes","no","1","Αθήνα - Βόρεια Προάστια (Αττική)","Πεύκη (Αθήνα - Βόρεια Προάστια)","1","105103","101","2118","123050",,"1","2","0","0","1","1220363999","https://m2.spitogatos.gr/361408039_1600x1200.jpg?v=20130730","https://m2.spitogatos.gr/361408051_1600x1200.jpg?v=20130730","https://m1.spitogatos.gr/361408062_1600x1200.jpg?v=20130730","https://m2.spitogatos.gr/361408063_1600x1200.jpg?v=20130730","https://m2.spitogatos.gr/361408084_1600x1200.jpg?v=20130730","https://m3.spitogatos.gr/361408085_1600x1200.jpg?v=20130730","https://m2.spitogatos.gr/361408093_1600x1200.jpg?v=20130730","https://m1.spitogatos.gr/361408107_1600x1200.jpg?v=20130730","https://m1.spitogatos.gr/361408116_1600x1200.jpg?v=20130730","https://m2.spitogatos.gr/361408117_1600x1200.jpg?v=20130730","https://m3.spitogatos.gr/361408130_1600x1200.jpg?v=20130730","https://m1.spitogatos.gr/361408131_1600x1200.jpg?v=20130730","https://m2.spitogatos.gr/361408150_1600x1200.jpg?v=20130730","https://m3.spitogatos.gr/361408151_1600x1200.jpg?v=20130730","https://m2.spitogatos.gr/361408171_1600x1200.jpg?v=20130730","https://m1.spitogatos.gr/361408188_1600x1200.jpg?v=20130730","https://m2.spitogatos.gr/361408189_1600x1200.jpg?v=20130730","https://m3.spitogatos.gr/361408190_1600x1200.jpg?v=20130730","https://m2.spitogatos.gr/361408204_1600x1200.jpg?v=20130730","https://m3.spitogatos.gr/361408205_1600x1200.jpg?v=20130730","https://m3.spitogatos.gr/361408220_1600x1200.jpg?v=20130730","https://m1.spitogatos.gr/361408221_1600x1200.jpg?v=20130730","https://m2.spitogatos.gr/361408222_1600x1200.jpg?v=20130730","https://m3.spitogatos.gr/361408223_1600x1200.jpg?v=20130730","https://m1.spitogatos.gr/361408224_1600x1200.jpg?v=20130730","0","0",,"0","38.061771",,"1","0","23.799026",,"0",,,"2026-07-31","0","0",,"0",,"0","2",,,"1","0","1",,"0","0","0","1910","0","0","0","0","14.04","1","3","6",,"1","1",,,,"3","0","1",,"136","1",,"Vasileos Alexandrou 28","1","1","0","2026-07-13","https://www.spitogatos.gr/en/property/1220363999","https://nodalview.com/s/2eDe_8e0D6oBAIovEU08F8","0",,"1981",,
"1","2",,"simple","1",,,,,"0","1","0","0","2026-10-18","0","0","1","0","0",,,"house",,,,"1","Νιώσε σαν στο σπίτι σου, όπου και αν επιλέξεις να μείνεις με την Blueground. Θα λατρέψεις αυτό το κομψά επιπλωμένο διαμέρισμα δύο υπνοδωματίων, για τη διακόσμησή του, την πλήρως εξοπλισμένη κουζίνα και το ελκυστικό καθιστικό του. Βρίσκεται σε ιδανική τοποθεσία, κοντά σε όλα όσα έχει να σου προσφέρει η Πεύκη!<br><br />
<br />
Η διαφημιζόμενη τιμή των €1,200/μήνα είναι η τιμή για 1 έτος, με ημερομηνία έναρξης Οκτωβρίου 17, 2026.<br />
<br>Οι τιμές διαφέρουν ανάλογα με τη διάρκεια παραμονής, την εποχικότητα και άλλους παράγοντες. Επισκεφθείτε τον ιστότοπό μας και εισάγετε τις ημερομηνίες διαμονής σας για να δείτε ενημερωμένες τιμές για την κράτησή σας. Η τιμή ισχύει μόνο με προκαταβολή· ενδέχεται να είναι υψηλότερη εάν πληρωθεί σε δόσεις.<br />
<br />
<b>Κλείστε αυτό το διαμέρισμα online!</b><br />
<br />
https://www.theblueground.com/p/furnished-apartments/ath-941?utm_source=classified-4<br />
<br />
Aναβαθμίστε τη διαμονή σας με ένα πλήρως επιπλωμένο διαμέρισμα από τη Blueground:<br />
      – Επιπλωμένα σπίτια σε τιμές αντίστοιχες με τα ανεπίπλωτα<br />
      – Χωρίς κόστη εγκατάστασης ή αγοράς επίπλων - εξοικονομήστε χρόνο και χρήματα<br />
      – Έτοιμα για άμεση μετακόμιση - το μόνο που χρειάζεστε είναι η βαλίτσα σας<br />
<br />
<b>Ο χώρος</b><br><br />
Σε αυτό το κομψό Blueground διαμέρισμα δύο υπνοδωματίων, θα βρεις ένα χώρο προσεκτικά σχεδιασμένο και πλήρως εξοπλισμένο με έπιπλα μοναδικού design και ηλεκτρικές συσκευές τελευταίας τεχνολογίας.<br />
Νιώσε όμορφα και χαλαρά στο νέο σου σπίτι κάθε στιγμή. Και όταν θα θες να διασκεδάσεις, μπορείς να βγεις και να αφεθείς στον παλμό της Πεύκης ή να φέρεις τη διασκέδαση σπίτι, με τα ασύρματα ηχεία ή τη smart TV.<br />
<br />
<b>Διαρρύθμιση δωματίων ύπνου</b><br />
    <br />
        Υπέρδιπλο κρεβάτι: 160 εκ.<br />
<br />
        Διπλό κρεβάτι: 140 εκ.<br />
<br />
<b>Παροχές κτιρίου</b><br />
<br />
      Ασανσέρ<br />
      Πλυντήριο<br />
      Θέση στάθμευσης<br />
      Επιτρέπονται κατοικίδια<br />
<br />
<br />
<b>Άφιξη και συνεχής υποστήριξη πελατών</b><br><br />
Κατά τη διάρκεια της διαμονής σου, η ομάδα μας θα είναι διαθέσιμη για να σε βοηθήσει με οτιδήποτε χρειαστείς. Μέσω της ειδικής mobile εφαρμογής της Blueground έχεις συνεχή υποστήριξη, ενώ μπορείς ακόμη να προγραμματίσεις υπηρεσίες καθαρισμού, συντήρησης ή επισκευής, με το πάτημα ενός κουμπιού.",,"1",,"1","5",,,,,,,,,"0","0","2026-07-23","7",,"0","yes","yes","0","Αθήνα - Βόρεια Προάστια (Αττική)","Πεύκη (Αθήνα - Βόρεια Προάστια)","1","105103","101","2118",,,"1","1","0","0","1","1220461618","https://m2.spitogatos.gr/362915056_1600x1200.jpg?v=20130730","https://m3.spitogatos.gr/362915060_1600x1200.jpg?v=20130730","https://m1.spitogatos.gr/362915064_1600x1200.jpg?v=20130730","https://m2.spitogatos.gr/362915068_1600x1200.jpg?v=20130730","https://m3.spitogatos.gr/362915072_1600x1200.jpg?v=20130730","https://m2.spitogatos.gr/362915074_1600x1200.jpg?v=20130730","https://m1.spitogatos.gr/362915079_1600x1200.jpg?v=20130730","https://m1.spitogatos.gr/362915082_1600x1200.jpg?v=20130730","https://m1.spitogatos.gr/362915085_1600x1200.jpg?v=20130730","https://m2.spitogatos.gr/362915086_1600x1200.jpg?v=20130730","https://m1.spitogatos.gr/362915088_1600x1200.jpg?v=20130730","https://m2.spitogatos.gr/362915092_1600x1200.jpg?v=20130730","https://m1.spitogatos.gr/362915094_1600x1200.jpg?v=20130730","https://m2.spitogatos.gr/362915098_1600x1200.jpg?v=20130730","https://m2.spitogatos.gr/362915101_1600x1200.jpg?v=20130730","https://m3.spitogatos.gr/362915105_1600x1200.jpg?v=20130730","https://m1.spitogatos.gr/362915109_1600x1200.jpg?v=20130730","https://m1.spitogatos.gr/362915112_1600x1200.jpg?v=20130730","https://m1.spitogatos.gr/362915115_1600x1200.jpg?v=20130730","https://m3.spitogatos.gr/362915117_1600x1200.jpg?v=20130730","https://m1.spitogatos.gr/362915127_1600x1200.jpg?v=20130730","https://m2.spitogatos.gr/362915131_1600x1200.jpg?v=20130730",,,,"0","0",,"0","38.057877",,"1","0","23.793962",,"0",,,"2026-07-31","0","0",,"0",,"0","1",,,"1","0","0","1","0","0","0","1200","0","0","0","0","15","1","3",,,"1","0",,,,"2","0","1",,"80","1",,"Chrisostomou Smirnis 8","1","1","0","2026-07-23","https://www.spitogatos.gr/en/property/1220461618","https://nodalview.com/hiTY4ALDsy3UpabzSNR3F4bo","0",,"2006",,
"1","3","no","simple","1",,,,,"0","0","0","0","2026-05-28","0","1","0","0","0","0",,"house","0","40",,"0","Αποκλειστική Διαχείριση της KW Solutions Group<br />
<br />
Διατίθεται προς ενοικίαση εξαιρετικό πλήρως ανακαινισμένο και επιπλωμένο διαμέρισμα 75 τ.μ. στον 3ο όροφο, στην ιδιαίτερα ήσυχη και καταπράσινη περιοχή της Άνω Πεύκης, ιδανικό για όσους αναζητούν άνεση, λειτουργικότητα και σύγχρονη αισθητική. Το ακίνητο ανακαινίστηκε πλήρως το 2024 και ξεχωρίζει για τον μοντέρνο χαρακτήρα του, τη φωτεινότητά του και την ανεμπόδιστη θέα που προσφέρει. Αποτελείται από δύο ευρύχωρα υπνοδωμάτια, άνετο σαλόνι, λειτουργική κουζίνα και σύγχρονο μπάνιο, ενώ διαθέτει μία θέση στάθμευσης σε πιλοτή. <br />
Η κατοικία είναι πλήρως επιπλωμένη πολυτελως και εξοπλισμένη με ηλεκτρικές συσκευές, έτοιμη να καλύψει άμεσα τις ανάγκες του νέου ενοικιαστή. <br />
Διαθέτει αυτόνομη θέρμανση φυσικού αερίου, κλιματισμό, ηλιακό θερμοσίφωνα και καλοριφέρ, εξασφαλίζοντας ιδανικές συνθήκες διαβίωσης όλο τον χρόνο. Τα κουφώματα αλουμινίου με διπλά τζάμια, οι σίτες και οι τέντες προσφέρουν επιπλέον άνεση και ενεργειακή προστασία. Επιπλέον, το ακίνητο διαθέτει ασανσέρ, πόρτα ασφαλείας, θυροτηλεόραση, σύνδεση internet και οπτική ίνα, καλύπτοντας πλήρως τις απαιτήσεις της σύγχρονης καθημερινότητας. Βρίσκεται σε εξαιρετικό σημείο της  'Άνω Πεύκης, κοντά σε αγορά, συγκοινωνίες και βασικές υποδομές, συνδυάζοντας ηρεμία και εύκολη πρόσβαση. Πρόκειται για μία πραγματικά ποιοτική και καλαίσθητη κατοικία, ιδανική για ζευγάρια, οικογένειες ή επαγγελματίες που επιθυμούν ένα έτοιμο και προσεγμένο σπίτι σε μία από τις πιο όμορφες περιοχές των βορείων προαστίων.<br />
<br />
VIDEO : https://youtube.com/watch?v=y4p3ipEHrss<br />
<br />
Για περισσότερες πληροφορίες: KW Solutions Group, τηλ. : 2130414087, email: info@solutionsgroup.gr.<br />
** Επίσκεψη στο Ακίνητο:<br />
🗓️ Για την πραγματοποίηση του ραντεβού απαιτείται ταυτότητα/διαβατήριο από όλους τους επισκέπτες και υπογραφή της Εντολής Υπόδειξης.<br />
<br />
*Τα στοιχεία της αγγελίας βασίζονται σε πληροφορίες του ιδιοκτήτη.   <br />
<br />
** Πρόσθετες Υπηρεσίες:<br />
🔨 Ανακαίνιση: εταιρεία του ομίλου μας μπορεί να αναλάβει τη μελέτη ανακαίνισης<br />
🏦 Χρηματοδότηση: σας συνδέουμε με συμβούλους στεγαστικών δανείων για γρήγορη προέγκριση<br />
⚖️ Νομική & Τεχνική υποστήριξη: δικηγόροι, μηχανικοί, συμβολαιογράφος.                   Σ.Χ.",,,"0","1","9",,,,,,,,,"0","0","2026-05-28","8","4","0","yes","yes","0","Αθήνα - Βόρεια Προάστια (Αττική)","Πεύκη (Αθήνα - Βόρεια Προάστια)","1","105103","101","2118","123050","Double","1","2","0","0","1","1219967748","https://m2.spitogatos.gr/356943685_1600x1200.jpg?v=20130730","https://m1.spitogatos.gr/363814170_1600x1200.jpg?v=20130730","https://m1.spitogatos.gr/363813954_1600x1200.jpg?v=20130730","https://m3.spitogatos.gr/363814175_1600x1200.jpg?v=20130730","https://m3.spitogatos.gr/363814178_1600x1200.jpg?v=20130730","https://m1.spitogatos.gr/363814182_1600x1200.jpg?v=20130730","https://m3.spitogatos.gr/363814187_1600x1200.jpg?v=20130730","https://m3.spitogatos.gr/363814190_1600x1200.jpg?v=20130730","https://m2.spitogatos.gr/363814192_1600x1200.jpg?v=20130730","https://m2.spitogatos.gr/363814198_1600x1200.jpg?v=20130730","https://m1.spitogatos.gr/363814200_1600x1200.jpg?v=20130730","https://m1.spitogatos.gr/363814203_1600x1200.jpg?v=20130730","https://m1.spitogatos.gr/363814206_1600x1200.jpg?v=20130730","https://m1.spitogatos.gr/363814209_1600x1200.jpg?v=20130730","https://m2.spitogatos.gr/363814213_1600x1200.jpg?v=20130730","https://m2.spitogatos.gr/363814216_1600x1200.jpg?v=20130730","https://m1.spitogatos.gr/363814221_1600x1200.jpg?v=20130730","https://m3.spitogatos.gr/363814226_1600x1200.jpg?v=20130730","https://m2.spitogatos.gr/363814240_1600x1200.jpg?v=20130730","https://m2.spitogatos.gr/363814246_1600x1200.jpg?v=20130730",,,,,,"0","0","2","0","38.06546",,"1","0","23.792969",,"0","0","0","2026-07-30","0","0",,"0",,"0","1",,,"0","0","1",,"0","0","0","1400","0","0","0","0","18.67","1","3","6",,"1","1","2024","0",,"2","0","1","1","75","0",,,"0","1","0","2026-05-28","https://www.spitogatos.gr/en/property/1219967748",,"1","0","1983","y4p3ipEHrss","residential"
"1","5","yes","simple","1",,,,,"1","0","0","0","2026-07-03","0","0","1","0","1","0",,"house","0",,,"1","Κωδικός Ακινήτου: 08-2509609. Ενοικιάζεται Πολυτελής Smart Home Μεζονέτα Ρετιρέ 147 τ.μ. | Κάτω Πεύκη | Νεόδμητη 2025<br />
<br />
Στην καρδιά της Κάτω Πεύκης, διατίθεται προς ενοικίαση μια μοναδική Smart Home μεζονέτα-ρετιρέ συνολικής επιφάνειας 147 τ.μ., που εκτείνεται στον 5ο και 6ο όροφο μιας σύγχρονης πολυτελούς κατασκευής του 2025.<br />
<br />
Πρόκειται για μια κατοικία υψηλής αισθητικής, σχεδιασμένη με έμφαση στη λειτουργικότητα, την άνεση και την πολυτέλεια. Τα υψηλής ποιότητας φυσικά ξύλινα δάπεδα, τα εκλεκτά υλικά κατασκευής και οι minimal γραμμές δημιουργούν έναν χώρο που αποπνέει κομψότητα και διαχρονικότητα.<br />
<br />
Η κατοικία αποτελείται από 3 ευρύχωρα υπνοδωμάτια, εκ των οποίων το ένα είναι Master, 2 πολυτελή μπάνια, 1 WC, μοντέρνα κουζίνα και εντυπωσιακό χώρο υποδοχής με άφθονο φυσικό φως. Οι μεγάλες βεράντες προσφέρουν ανεμπόδιστη πανοραμική θέα σε βουνό και πράσινο, δημιουργώντας ένα ιδανικό περιβάλλον χαλάρωσης.<br />
<br />
Χαρακτηριστικά που ξεχωρίζουν:<br />
<br />
Πλήρως αυτοματοποιημένο Smart Home σύστημα<br />
Αυτόνομη θέρμανση με αντλία θερμότητας<br />
Ενδοδαπέδια θέρμανση<br />
Κλιματισμός<br />
Ηλιακός θερμοσίφωνας<br />
Φωτοβολταϊκά πάνελ<br />
Θερμοπρόσοψη και πλήρης θερμομόνωση<br />
Κουφώματα αλουμινίου με ενεργειακά διπλά τζάμια<br />
Ηλεκτρικά ρολά<br />
Σίτες<br />
Πλήρως εξοπλισμένη με ηλεκτρικές συσκευές<br />
Πόρτα ασφαλείας<br />
Θυροτηλεόραση<br />
Αποθήκη<br />
Υπόγεια θέση στάθμευσης<br />
Ενεργειακή κλάση Α+<br />
<br />
Η μεζονέτα είναι γωνιακή, διαμπερής, ιδιαίτερα φωτεινή, ευήλια και ευάερη, με βορειοανατολικό προσανατολισμό και πρόσβαση για ΑμεΑ.<br />
<br />
Βρίσκεται σε εξαιρετική τοποθεσία, δίπλα σε συγκοινωνίες, σχολεία, παιδικούς σταθμούς, εκκλησία και με άμεση πρόσβαση στην Αττική Οδό και την Εθνική Οδό.<br />
<br />
Μια κατοικία που απευθύνεται σε όσους αναζητούν υψηλή αισθητική, κορυφαία ποιότητα κατασκευής, προηγμένη τεχνολογία και απόλυτη άνεση. Ένα πραγματικά ξεχωριστό ρετιρέ Smart Home, που συνδυάζει την πολυτέλεια με τη σύγχρονη αρχιτεκτονική και προσφέρει έναν μοναδικό τρόπο ζωής στα Βόρεια Προάστια. Τιμή: €3.500. Hive, Τηλέφωνο Επικοινωνίας: 2111999014, email: info@hive.com.gr",,,"0","1","1",,,,,,,,,"0","1","2026-07-03","10","2","0","no","yes","0","Αθήνα - Βόρεια Προάστια (Αττική)","Πεύκη (Αθήνα - Βόρεια Προάστια)","1","105103","101","2118","123051","Double","1","13","1","0","1","1220296351","https://m2.spitogatos.gr/360354028_1600x1200.jpg?v=20130730","https://m1.spitogatos.gr/360354030_1600x1200.jpg?v=20130730","https://m3.spitogatos.gr/360354032_1600x1200.jpg?v=20130730","https://m2.spitogatos.gr/360354034_1600x1200.jpg?v=20130730","https://m1.spitogatos.gr/360354036_1600x1200.jpg?v=20130730","https://m2.spitogatos.gr/360354037_1600x1200.jpg?v=20130730","https://m3.spitogatos.gr/360354038_1600x1200.jpg?v=20130730","https://m1.spitogatos.gr/360354039_1600x1200.jpg?v=20130730","https://m2.spitogatos.gr/360354040_1600x1200.jpg?v=20130730","https://m2.spitogatos.gr/360354043_1600x1200.jpg?v=20130730","https://m1.spitogatos.gr/360354045_1600x1200.jpg?v=20130730","https://m3.spitogatos.gr/360354047_1600x1200.jpg?v=20130730","https://m3.spitogatos.gr/360354050_1600x1200.jpg?v=20130730","https://m2.spitogatos.gr/360354052_1600x1200.jpg?v=20130730","https://m3.spitogatos.gr/360354056_1600x1200.jpg?v=20130730","https://m3.spitogatos.gr/360354059_1600x1200.jpg?v=20130730","https://m1.spitogatos.gr/360354063_1600x1200.jpg?v=20130730","https://m3.spitogatos.gr/360354068_1600x1200.jpg?v=20130730","https://m2.spitogatos.gr/360354073_1600x1200.jpg?v=20130730","https://m3.spitogatos.gr/360354077_1600x1200.jpg?v=20130730","https://m3.spitogatos.gr/360354083_1600x1200.jpg?v=20130730","https://m3.spitogatos.gr/360354089_1600x1200.jpg?v=20130730","https://m3.spitogatos.gr/360354098_1600x1200.jpg?v=20130730","https://m2.spitogatos.gr/360354106_1600x1200.jpg?v=20130730","https://m1.spitogatos.gr/360354114_1600x1200.jpg?v=20130730","0","1","2","1","38.050884",,"2","1","23.785158","450","1","0","0","2026-07-06","0","0","1","0",,"1","2",,"5","0","0","1",,"0","0","0","3500","0","0","0","0","23.81","1","3","6",,"1","0",,"0","1","3","0","1","1","147","1","7",,"0","3","0","2026-07-03","https://www.spitogatos.gr/en/property/1220296351",,"1","0","2025",,"residential"
"1","4","yes","simple","1",,,,,"1","0","0","0","2026-07-03","0","0","1","0","1","0",,"house","0",,,"1","Κωδικός Ακινήτου: 08-2509477. νοικιάζεται Πολυτελές Smart Home Διαμέρισμα 97 τ.μ. | Κάτω Πεύκη | Νεόδμητο 2026<br />
<br />
Ανακαλύψτε ένα μοναδικό Smart Home διαμέρισμα υψηλών προδιαγραφών, στον 4ο όροφο σύγχρονης πολυκατοικίας στην Κάτω Πεύκη. Πρόκειται για μια νεόδμητη κατοικία του 2025, που συνδυάζει πολυτέλεια, προηγμένη τεχνολογία και κορυφαία ενεργειακή απόδοση.<br />
<br />
Το διαμέρισμα έχει επιφάνεια 97 τ.μ. και αποτελείται από 3 υπνοδωμάτια (το ένα Master), 2 μπάνια, 1 WC, μοντέρνα κουζίνα ενιαίας αισθητικής με άνετο σαλόνι και μεγάλες βεράντες με ανεμπόδιστη θέα σε βουνό και πράσινο.<br />
<br />
Ξεχωρίζει για τις σύγχρονες παροχές και τον προηγμένο εξοπλισμό του:<br />
<br />
Smart Home σύστημα διαχείρισης κατοικίας<br />
Αυτόνομη θέρμανση με αντλία θερμότητας<br />
Ενδοδαπέδια θέρμανση<br />
Κλιματισμός<br />
Ηλιακός θερμοσίφωνας<br />
Φωτοβολταϊκά πάνελ<br />
Θερμοπρόσοψη και πλήρης θερμομόνωση<br />
Κουφώματα αλουμινίου με ενεργειακά διπλά τζάμια<br />
Ηλεκτρικά ρολά<br />
Σίτες<br />
Ηλεκτρικές συσκευές<br />
Πόρτα ασφαλείας<br />
Θυροτηλεόραση<br />
Αποθήκη<br />
1 υπόγεια θέση στάθμευσης<br />
Ενεργειακή κλάση Α+<br />
<br />
Το ακίνητο είναι γωνιακό, διαμπερές, ιδιαίτερα φωτεινό και ευάερο, με βορειοδυτικό προσανατολισμό και πανοραμική θέα. Η πολυκατοικία διαθέτει πρόσβαση με ράμπα για ΑμεΑ.<br />
<br />
Βρίσκεται σε εξαιρετική τοποθεσία, πολύ κοντά σε συγκοινωνίες, σχολεία, παιδικούς σταθμούς, εκκλησία, καθώς και με άμεση πρόσβαση στην Αττική Οδό και την Εθνική Οδό.<br />
<br />
Μια κατοικία που συνδυάζει την άνεση, την πολυτέλεια και την έξυπνη τεχνολογία, ιδανική για όσους αναζητούν έναν σύγχρονο τρόπο ζωής στα Βόρεια Προάστια. Τιμή: €2.200. Hive, Τηλέφωνο Επικοινωνίας: 2111999014, email: info@hive.com.gr",,,"0","1","1",,,,,,,,,"0","1","2026-07-03","9","10","0","no","yes","0","Αθήνα - Βόρεια Προάστια (Αττική)","Πεύκη (Αθήνα - Βόρεια Προάστια)","1","105103","101","2118","123051","Double","1","13","1","0","1","1220296340","https://m1.spitogatos.gr/360643425_1600x1200.jpg?v=20130730","https://m1.spitogatos.gr/360643428_1600x1200.jpg?v=20130730","https://m1.spitogatos.gr/360353757_1600x1200.jpg?v=20130730","https://m1.spitogatos.gr/360353760_1600x1200.jpg?v=20130730","https://m2.spitogatos.gr/360353764_1600x1200.jpg?v=20130730","https://m1.spitogatos.gr/360353769_1600x1200.jpg?v=20130730","https://m2.spitogatos.gr/360353773_1600x1200.jpg?v=20130730","https://m3.spitogatos.gr/360353777_1600x1200.jpg?v=20130730","https://m2.spitogatos.gr/360353782_1600x1200.jpg?v=20130730","https://m2.spitogatos.gr/360353788_1600x1200.jpg?v=20130730","https://m1.spitogatos.gr/360353796_1600x1200.jpg?v=20130730","https://m2.spitogatos.gr/360353803_1600x1200.jpg?v=20130730","https://m3.spitogatos.gr/360353807_1600x1200.jpg?v=20130730","https://m3.spitogatos.gr/360353813_1600x1200.jpg?v=20130730","https://m1.spitogatos.gr/360353817_1600x1200.jpg?v=20130730","https://m3.spitogatos.gr/360353822_1600x1200.jpg?v=20130730","https://m3.spitogatos.gr/360353828_1600x1200.jpg?v=20130730","https://m3.spitogatos.gr/360353834_1600x1200.jpg?v=20130730","https://m1.spitogatos.gr/360353838_1600x1200.jpg?v=20130730","https://m2.spitogatos.gr/360353845_1600x1200.jpg?v=20130730","https://m2.spitogatos.gr/360353851_1600x1200.jpg?v=20130730","https://m1.spitogatos.gr/360353856_1600x1200.jpg?v=20130730","https://m3.spitogatos.gr/360353864_1600x1200.jpg?v=20130730","https://m2.spitogatos.gr/360353872_1600x1200.jpg?v=20130730","https://m3.spitogatos.gr/360353879_1600x1200.jpg?v=20130730","0","1","2","1","38.050884",,"1","1","23.785158","450","1","0","0","2026-07-06","0","0","1","0",,"1","2",,"6","0","0","1",,"0","0","0","2200","0","0","0","0","22.68","1","3","6",,"1","0",,"0","1","3","0","1","1","97","1","7",,"0","1","0","2026-07-03","https://www.spitogatos.gr/en/property/1220296340",,"1","0","2025",,"residential"
"0","Ground Floor","no","simple","1",,,,,"1","0","0","0","2026-01-12","0","0","0","0","1","0",,"house","0",,,"0","Προς ενοικίαση μονοκατοικία δύο επιπέδων (Ισόγειο και 1ος όροφος) στην Πεύκη, σε ιδιαίτερα προνομιακή τοποθεσία, με άμεση πρόσβαση σε συγκοινωνίες, πάρκα, σχολεία, πλατεία, super market και το κέντρο της περιοχής. Το ακίνητο έχει συνολικό εμβαδόν 153,50 τ.μ. και βρίσκεται σε οικόπεδο 900 τ.μ., προσφέροντας σπάνια αίσθηση άνεσης, ανοιχτωσιάς και περιβάλλοντος χώρου. Διαθέτει ανοιχτή θέα, πολύ καλό προσανατολισμό και εξαιρετικά επίπεδα φυσικού φωτισμού καθ’ όλη τη διάρκεια της ημέρας. Αναπτύσσεται σε δύο επίπεδα και αποτελείται από τέσσερα ευρύχωρα υπνοδωμάτια, δύο μπάνια και δύο κουζίνες. Έχει κατασκευαστεί το 1985 και διαθέτει ενεργειακό πιστοποιητικό κατηγορίας Δ.<br />
Το κτίριο είναι προσόψεως, διαμπερές, φωτεινό, ευάερο και ευήλιο, στοιχεία που εξασφαλίζουν άνεση, λειτουργικότητα και υψηλή ποιότητα διαβίωσης ή εργασίας. Ο συνδυασμός τοποθεσίας, επιφάνειας και διαρρύθμισης το καθιστά μία ιδιαίτερα ελκυστική επιλογή στην Πεύκη. Κατάλληλο για επαγγελματική χρήση. Τιμή: €3.000. KW Athens Center, Τηλέφωνο Επικοινωνίας: 2110131911, email: info@kwathens.onmicrosoft.com",,,"0","0","6",,,,,,,,,"1","1","2026-01-12","3",,"0","no","no","0","Αθήνα - Βόρεια Προάστια (Αττική)","Πεύκη (Αθήνα - Βόρεια Προάστια)","1","105103","101","2118",,,,,"0","0","1","1219038526","https://m2.spitogatos.gr/340154908_1600x1200.jpg?v=20130730","https://m2.spitogatos.gr/340154917_1600x1200.jpg?v=20130730","https://m2.spitogatos.gr/340154923_1600x1200.jpg?v=20130730","https://m2.spitogatos.gr/340154929_1600x1200.jpg?v=20130730","https://m3.spitogatos.gr/340154936_1600x1200.jpg?v=20130730","https://m1.spitogatos.gr/340154943_1600x1200.jpg?v=20130730","https://m3.spitogatos.gr/340154951_1600x1200.jpg?v=20130730","https://m1.spitogatos.gr/340154961_1600x1200.jpg?v=20130730","https://m2.spitogatos.gr/340154971_1600x1200.jpg?v=20130730","https://m3.spitogatos.gr/340154984_1600x1200.jpg?v=20130730","https://m2.spitogatos.gr/340154995_1600x1200.jpg?v=20130730","https://m3.spitogatos.gr/340155005_1600x1200.jpg?v=20130730","https://m3.spitogatos.gr/340155014_1600x1200.jpg?v=20130730","https://m2.spitogatos.gr/340155025_1600x1200.jpg?v=20130730","https://m3.spitogatos.gr/340155035_1600x1200.jpg?v=20130730","https://m1.spitogatos.gr/340155045_1600x1200.jpg?v=20130730","https://m3.spitogatos.gr/340155053_1600x1200.jpg?v=20130730","https://m3.spitogatos.gr/340155062_1600x1200.jpg?v=20130730","https://m2.spitogatos.gr/340155070_1600x1200.jpg?v=20130730","https://m3.spitogatos.gr/340155080_1600x1200.jpg?v=20130730","https://m1.spitogatos.gr/340155087_1600x1200.jpg?v=20130730","https://m1.spitogatos.gr/340155093_1600x1200.jpg?v=20130730","https://m3.spitogatos.gr/340155098_1600x1200.jpg?v=20130730","https://m2.spitogatos.gr/340155106_1600x1200.jpg?v=20130730",,"0","0",,"2","38.050556",,"2","0","23.793085","900","0","0",,"2026-01-12","0","0",,"0",,"0","2",,,"0","0","0",,"0","0","0","3000","0","0","0","0","19.61","1","3","6",,"1","0",,"0",,"4","0","0","0","153","0",,,"0","6","0","2026-01-12","https://www.spitogatos.gr/en/property/1219038526","https://my.matterport.com/show/?m=CQDteaWrQi8","1","0","1985",,"residential"
"1","1","no","simple","1",,,,,"1","1","0","0","2026-06-09","0","1","1","0","1",,,"house",,,,"0","Πεύκη, Άνω Πεύκη, Προς Ενοικίαση, Κατάσταση: ΄Αριστη κατάσταση, Διαμέρισμα, 130 τ.μ., 1ος Όροφος, Έτος κατασκευής: 2005, 3 Υ/Δ, 2 Μπάνιο/α, Αυτόνομη - Φυσικό Αέριο Θέρμανση,  Κλιματισμός, 1 Κουζίνα/ες,  Ανακαινισμένο,  Επιπλωμένο, Διαμπερές, Φωτεινό,  Ασανσέρ, Πόρτα Ασφαλείας, Συναγερμός, Θυροτηλεόραση, Τζάκι, Ηλ. Συσκευές, Διπλά Τζάμια, Σίτες, Τέντες, Βεράντες, Kουφώματα: Αλουμινίου, Δάπεδα: Δρύινα πατώματα σε όλο το σπίτι, 2 parking,  Ενοικιάζεται ευρύχωρο, διαμπερές και ιδιαίτερα φωτεινό διαμέρισμα 1ου ορόφου, συνολικής επιφάνειας 130 τ.μ., σε ήσυχη και προνομιακή τοποθεσία, Το ακίνητο βρίσκεται σε μικρή απόσταση από πάρκα, τοπική αγορά και μέσα μαζικής μεταφοράς, προσφέροντας ιδανικές συνθήκες διαβίωσης, Το διαμέρισμα είναι πλήρως ανακαινισμένο και διαθέτει λειτουργική διαρρύθμιση με άνετους χώρους., • Μεγάλο και φωτεινό σαλόνι με τζάκι • Ανεξάρτητη κουζίνα πλήρως εξοπλισμένη με ηλεκτρικές συσκευές, • Τρία υπνοδωμάτια με Air Condition • Δύο μοντέρνα μπάνια, • Κουφώματα αλουμινίου με διπλά τζάμια και σίτες • Αυτόνομη θέρμανση φυσικού αερίου (μεγάλη εξοικονόμηση σε μηνιαία βάση), • Δρύινα πατώματα υψηλής αισθητικής • Εντοιχιζόμενες ντουλάπες σε όλα τα υπνοδωμάτια και στο χωλ, • Μεγάλα μπαλκόνια με πρόσβαση από όλους τους χώρους και τέντες • Θέα σε κήπο, Το διαμέρισμα διατίθεται πλήρως εξοπλισμένο με: • Ψυγείο • Ηλεκτρική κουζίνα • Πλυντήριο πιάτων • Πλυντήριο – στεγνωτήριο ρούχων, • 5 κλιματιστικά (σαλόνι, κουζίνα και υπνοδωμάτια) • Πόρτα ασφαλείας και σύστημα συναγερμού, • Ανελκυστήρας με πρόσβαση στο κλειστό parking • Δύο θέσεις στάθμευσης σε κλειστό χώρο, Επιπλωμένο ή μη, ανάλογα με την προτίμηση, Ενεργειακό Πιστοποιητικό: Β+, Τιμή: 2.100€<br />
 Rokanas Real Estate, Δείτε περισότερες φωτογραφίες και ακίνητα στο www.rokanas.eu, Τηλέφωνο Επικοινωνίας: 2109614336",,"1",,"1","3",,,,,,,,,"0","1","2026-06-09","6","2","0","yes","yes","0","Αθήνα - Βόρεια Προάστια (Αττική)","Πεύκη (Αθήνα - Βόρεια Προάστια)","1","105103","101","2118","123050",,"1","2","0","0","1","1220079334","https://m2.spitogatos.gr/356583991_1600x1200.jpg?v=20130730","https://m1.spitogatos.gr/356583993_1600x1200.jpg?v=20130730","https://m3.spitogatos.gr/356583995_1600x1200.jpg?v=20130730","https://m1.spitogatos.gr/356583996_1600x1200.jpg?v=20130730","https://m3.spitogatos.gr/356583998_1600x1200.jpg?v=20130730","https://m2.spitogatos.gr/356584000_1600x1200.jpg?v=20130730","https://m3.spitogatos.gr/356584001_1600x1200.jpg?v=20130730","https://m3.spitogatos.gr/356584004_1600x1200.jpg?v=20130730","https://m2.spitogatos.gr/356584006_1600x1200.jpg?v=20130730","https://m1.spitogatos.gr/356584020_1600x1200.jpg?v=20130730","https://m3.spitogatos.gr/356584025_1600x1200.jpg?v=20130730","https://m1.spitogatos.gr/356584026_1600x1200.jpg?v=20130730","https://m2.spitogatos.gr/356584027_1600x1200.jpg?v=20130730","https://m3.spitogatos.gr/356584028_1600x1200.jpg?v=20130730","https://m1.spitogatos.gr/356584029_1600x1200.jpg?v=20130730","https://m3.spitogatos.gr/356584031_1600x1200.jpg?v=20130730","https://m1.spitogatos.gr/356584035_1600x1200.jpg?v=20130730","https://m3.spitogatos.gr/356584040_1600x1200.jpg?v=20130730","https://m2.spitogatos.gr/356584042_1600x1200.jpg?v=20130730","https://m2.spitogatos.gr/356584045_1600x1200.jpg?v=20130730","https://m3.spitogatos.gr/356584049_1600x1200.jpg?v=20130730","https://m2.spitogatos.gr/356584069_1600x1200.jpg?v=20130730","https://m3.spitogatos.gr/356584070_1600x1200.jpg?v=20130730","https://m1.spitogatos.gr/356584074_1600x1200.jpg?v=20130730","https://m3.spitogatos.gr/356584076_1600x1200.jpg?v=20130730","0","0","2","1","38.061691",,"1","1","23.793673",,"0",,,"2026-07-30","0","0",,"0",,"0","2",,,"0","0","1",,"0","0","0","2100","0","0","0","0","16.15","1","3","6",,"1","1",,"0",,"3","0","1","0","130","0",,,"0","1","0","2026-06-09","https://www.spitogatos.gr/en/property/1220079334",,"0",,"2005",,
"1","1","no","simple","1",,,,,"1","1","0","0","2026-06-09","0","1","1","0","1",,,"house",,,,"0","Πεύκη, Άνω Πεύκη, Προς Ενοικίαση, Κατάσταση: ΄Αριστη κατάσταση, Διαμέρισμα, 130 τ.μ., 1ος Όροφος, Έτος κατασκευής: 2005, 3 Υ/Δ, 2 Μπάνιο/α, Αυτόνομη - Φυσικό Αέριο Θέρμανση,  Κλιματισμός, 1 Κουζίνα/ες,  Ανακαινισμένο,  Διαμπερές, Φωτεινό,  Ασανσέρ, Πόρτα Ασφαλείας, Συναγερμός, Θυροτηλεόραση, Τζάκι, Ηλ. Συσκευές, Διπλά Τζάμια, Σίτες, Τέντες, Βεράντες, Kουφώματα: Αλουμινίου, Δάπεδα: Δρύινα πατώματα σε όλο το σπίτι, 2 parking,  Ενοικιάζεται ευρύχωρο, διαμπερές και ιδιαίτερα φωτεινό διαμέρισμα 1ου ορόφου, συνολικής επιφάνειας 130 τ.μ., σε ήσυχη και προνομιακή τοποθεσία, Το ακίνητο βρίσκεται σε μικρή απόσταση από πάρκα, τοπική αγορά και μέσα μαζικής μεταφοράς, προσφέροντας ιδανικές συνθήκες διαβίωσης, Το διαμέρισμα είναι πλήρως ανακαινισμένο και διαθέτει λειτουργική διαρρύθμιση με άνετους χώρους., • Μεγάλο και φωτεινό σαλόνι με τζάκι • Ανεξάρτητη κουζίνα πλήρως εξοπλισμένη με ηλεκτρικές συσκευές, • Τρία υπνοδωμάτια με Air Condition • Δύο μοντέρνα μπάνια, • Κουφώματα αλουμινίου με διπλά τζάμια και σίτες • Αυτόνομη θέρμανση φυσικού αερίου (μεγάλη εξοικονόμηση σε μηνιαία βάση), • Δρύινα πατώματα υψηλής αισθητικής • Εντοιχιζόμενες ντουλάπες σε όλα τα υπνοδωμάτια και στο χωλ, • Μεγάλα μπαλκόνια με πρόσβαση από όλους τους χώρους και τέντες • Θέα σε κήπο, Το διαμέρισμα διατίθεται πλήρως εξοπλισμένο με: • Ψυγείο • Ηλεκτρική κουζίνα • Πλυντήριο πιάτων • Πλυντήριο – στεγνωτήριο ρούχων, • 5 κλιματιστικά (σαλόνι, κουζίνα και υπνοδωμάτια) • Πόρτα ασφαλείας και σύστημα συναγερμού, • Ανελκυστήρας με πρόσβαση στο κλειστό parking • Δύο θέσεις στάθμευσης σε κλειστό χώρο, *Σε περίπτωση που ζητηθεί και Αποθήκη το ενοίκιο θα διαμορφωθεί στα 1.950 €., Επιπλωμένο ή μη, ανάλογα με την προτίμηση, Ενεργειακό Πιστοποιητικό: Β+, Τιμή: 1.850€<br />
 Rokanas Real Estate, Δείτε περισότερες φωτογραφίες και ακίνητα στο www.rokanas.eu, Τηλέφωνο Επικοινωνίας: 2109614336",,"1",,"1","3",,,,,,,,,"0","1","2026-06-09","6","2","0","no","yes","0","Αθήνα - Βόρεια Προάστια (Αττική)","Πεύκη (Αθήνα - Βόρεια Προάστια)","1","105103","101","2118","123050",,"1","2","0","0","1","1220079341","https://m1.spitogatos.gr/356584200_1600x1200.jpg?v=20130730","https://m2.spitogatos.gr/356584204_1600x1200.jpg?v=20130730","https://m1.spitogatos.gr/356584209_1600x1200.jpg?v=20130730","https://m2.spitogatos.gr/356584213_1600x1200.jpg?v=20130730","https://m2.spitogatos.gr/356584216_1600x1200.jpg?v=20130730","https://m3.spitogatos.gr/356584220_1600x1200.jpg?v=20130730","https://m3.spitogatos.gr/356584223_1600x1200.jpg?v=20130730","https://m1.spitogatos.gr/356584227_1600x1200.jpg?v=20130730","https://m2.spitogatos.gr/356584255_1600x1200.jpg?v=20130730","https://m2.spitogatos.gr/356584258_1600x1200.jpg?v=20130730","https://m2.spitogatos.gr/356584261_1600x1200.jpg?v=20130730","https://m1.spitogatos.gr/356584266_1600x1200.jpg?v=20130730","https://m2.spitogatos.gr/356584270_1600x1200.jpg?v=20130730","https://m2.spitogatos.gr/356584273_1600x1200.jpg?v=20130730","https://m1.spitogatos.gr/356584302_1600x1200.jpg?v=20130730","https://m2.spitogatos.gr/356584306_1600x1200.jpg?v=20130730","https://m3.spitogatos.gr/356584307_1600x1200.jpg?v=20130730","https://m1.spitogatos.gr/356584308_1600x1200.jpg?v=20130730","https://m2.spitogatos.gr/356584309_1600x1200.jpg?v=20130730","https://m3.spitogatos.gr/356584310_1600x1200.jpg?v=20130730","https://m1.spitogatos.gr/356584311_1600x1200.jpg?v=20130730","https://m3.spitogatos.gr/356584346_1600x1200.jpg?v=20130730","https://m1.spitogatos.gr/356584347_1600x1200.jpg?v=20130730","https://m2.spitogatos.gr/356584351_1600x1200.jpg?v=20130730","https://m2.spitogatos.gr/356584354_1600x1200.jpg?v=20130730","0","0","2","1","38.061691",,"1","1","23.793673",,"0",,,"2026-07-30","0","0",,"0",,"0","2",,,"0","0","1",,"0","0","0","1850","0","0","0","0","14.23","1","3","6",,"1","1",,"0",,"3","0","1","0","130","0",,,"0","1","0","2026-06-09","https://www.spitogatos.gr/en/property/1220079341",,"0",,"2005",,
"1","2","no","simple","1",,,,,"1","0","0","0","2026-07-08","0","1","1","0","0",,"false","house",,"1",,"0","Εξαιρετικό διαμέρισμα 124 τμ,2ου ορόφου με 3 υ/δ, στην Άνω Πεύκη σε ήσυχη και προνομιακή περιοχή. Διαθέτει άνετο και φωτεινό σαλόνι,ανεξάρτητη κουζίνα,ανακαινισμένο μπάνιο και wc,μεγάλες βεράντες,φυσικό αέριο,a/c και είναι ιδανικό για οικογένεια με εύκολη πρόσβαση σε αγορά,σχολεία και μέσα μαζικής ματαφοράς.<br />
Ενοικίαση, Διαμέρισμα,  Μπάνια: 1,  WC: 1,  Εμβαδόν: 124 τ.μ.,  Δωμάτια: 3,  Έτος κατασκευής: 1976,  Κλιματισμός,  Θέα,  Βεράντα,  Ασανσέρ,  Κήπος,  Πόρτα ασφαλείας,  Όροφος: 2ος,  Ανακαινισμένο,  Τέντα,  Διαμπερές,  Βαμμένο,  Κουζίνες: 1,  Κουφώματα: Ξύλινα,  Τύπος δαπέδων: Μάρμαρο,  Επιφάνεια oικοπέδου: 350 τ.μ.,  Θέρμανση: Κεντρική θέρμανση,  Μέσο θέρμανσης: Φυσικό αέριο,  Πρόσβαση από: Άσφαλτο,  Ζώνη: Οικιστική ζώνη,  Ενεργειακή κλάση: Δ,  Προσανατολισμός: Μεσημβρινός,  Ρεύμα: Μονοφασικό,  Έτος Ανακαίνισης: 2017,  Απόσταση απο θάλασσα: 15000,  Μηνιαία κοινόχρηστα: 1","15000","0",,"1","6",,,,,,,,,"0","0","2026-07-06","7","1","0","no","no","1","Αθήνα - Βόρεια Προάστια (Αττική)","Πεύκη (Αθήνα - Βόρεια Προάστια)","1","105103","101","2118","123051",,"2","2","0","0","1","1220314548","https://m3.spitogatos.gr/360899042_1600x1200.jpg?v=20130730","https://m1.spitogatos.gr/360899061_1600x1200.jpg?v=20130730","https://m3.spitogatos.gr/360899078_1600x1200.jpg?v=20130730","https://m3.spitogatos.gr/360899087_1600x1200.jpg?v=20130730","https://m2.spitogatos.gr/360899104_1600x1200.jpg?v=20130730","https://m1.spitogatos.gr/360899121_1600x1200.jpg?v=20130730","https://m1.spitogatos.gr/360899130_1600x1200.jpg?v=20130730","https://m2.spitogatos.gr/360899146_1600x1200.jpg?v=20130730","https://m1.spitogatos.gr/360899160_1600x1200.jpg?v=20130730","https://m3.spitogatos.gr/360899168_1600x1200.jpg?v=20130730","https://m3.spitogatos.gr/360899186_1600x1200.jpg?v=20130730","https://m3.spitogatos.gr/360899198_1600x1200.jpg?v=20130730","https://m2.spitogatos.gr/360899206_1600x1200.jpg?v=20130730","https://m2.spitogatos.gr/360899227_1600x1200.jpg?v=20130730","https://m2.spitogatos.gr/360899233_1600x1200.jpg?v=20130730","https://m1.spitogatos.gr/360899241_1600x1200.jpg?v=20130730","https://m2.spitogatos.gr/360899263_1600x1200.jpg?v=20130730","https://m2.spitogatos.gr/360899269_1600x1200.jpg?v=20130730","https://m1.spitogatos.gr/360899274_1600x1200.jpg?v=20130730","https://m1.spitogatos.gr/360899292_1600x1200.jpg?v=20130730","https://m1.spitogatos.gr/360899295_1600x1200.jpg?v=20130730","https://m1.spitogatos.gr/360899301_1600x1200.jpg?v=20130730",,,,"0","0","1","1","38.058506",,"1","0","23.794758",,"0",,,"2026-07-08","0","0",,"0",,"1","1",,"9","1","0","0",,"0","0","0","1100","0","0","0","0","8.87","1","3","6",,"1","1","2017","0","1","3","0","1","0","124","0",,"","0","1","0","2026-07-06","https://www.spitogatos.gr/en/property/1220314548",,"1",,"1976",,"residential"
"0","1","no","simple","1",,,,,"0","0","0","0","2026-07-21","0","1","0","0","1","0",,"house",,,,"1","Κωδικός ακινήτου: 4473 - Πεύκη Άνω Πεύκη  ΕΝΟΙΚΙΑΖΕΤΑΙ   ανακαινισμένο  διαμέρισμα  στον 1 ο όροφο συνολικής επιφάνειας 143.00 τ.μ.  . Αποτελείται από 3 υπνοδωμάτια, σαλόνι, κουζίνα, μπάνιο και WC. Είναι κατασκευασμένο το 1982 με ενεργειακή κλάση Γ και ανακαινίστηκε το 2026. Διαθέτει θέρμανση αυτόνομη - φυσικού αερίου, θέα σε αστικό τοπίο, κουφώματα αλουμινίου, πατώματα από πλακάκι και ξύλο, πόρτα ασφαλείας, εντοιχιζόμενες ντουλάπες, ανελκυστήρα, κήπο, τζάκι, προεγκατάσταση Α/C, τέντες, διπλά τζάμια      - Τιμή: 1.300 €  <br> <br>",,,,"1","5",,,,,,,,,"1","1","2026-07-21","6","10","0","no","no","1","Αθήνα - Βόρεια Προάστια (Αττική)","Πεύκη (Αθήνα - Βόρεια Προάστια)","1","105103","101","2118","123051","Double","1","2","0","0","1","1220430230","https://m1.spitogatos.gr/362536572_1600x1200.jpg?v=20130730","https://m1.spitogatos.gr/362536584_1600x1200.jpg?v=20130730","https://m1.spitogatos.gr/362536611_1600x1200.jpg?v=20130730","https://m1.spitogatos.gr/362536626_1600x1200.jpg?v=20130730","https://m2.spitogatos.gr/362536663_1600x1200.jpg?v=20130730","https://m2.spitogatos.gr/362536672_1600x1200.jpg?v=20130730","https://m3.spitogatos.gr/362536682_1600x1200.jpg?v=20130730","https://m2.spitogatos.gr/362536693_1600x1200.jpg?v=20130730","https://m3.spitogatos.gr/362536700_1600x1200.jpg?v=20130730","https://m1.spitogatos.gr/362536740_1600x1200.jpg?v=20130730","https://m1.spitogatos.gr/362536749_1600x1200.jpg?v=20130730","https://m1.spitogatos.gr/362536764_1600x1200.jpg?v=20130730","https://m1.spitogatos.gr/362536794_1600x1200.jpg?v=20130730","https://m3.spitogatos.gr/362536805_1600x1200.jpg?v=20130730","https://m3.spitogatos.gr/362536814_1600x1200.jpg?v=20130730","https://m1.spitogatos.gr/362536827_1600x1200.jpg?v=20130730","https://m3.spitogatos.gr/362536874_1600x1200.jpg?v=20130730","https://m1.spitogatos.gr/362536899_1600x1200.jpg?v=20130730","https://m1.spitogatos.gr/362536914_1600x1200.jpg?v=20130730","https://m1.spitogatos.gr/362536932_1600x1200.jpg?v=20130730",,,,,,"0","0","2","1","38.054108",,"1","1","23.788647",,"0",,,"2026-07-31","0","0",,"0",,"1","1","4","2","1","0","0",,"0","0","0","1300","0","0","0","0","9.09","1","3","6",,"1","1","2026","0","1","3","0","1","0","143","0",,,"0","1","0","2026-07-21","https://www.spitogatos.gr/en/property/1220430230",,"1","1","1982","C0lokwxkIjQ","residential"
"0","1","no","simple","1",,,,,"1","0","0","0","2026-07-03","0","1","0","0","0","0",,"house","0",,,"1","Ενοικιάζεται στην περιοχή Πεύκη, γωνιακό, διαμπερές και προσόψεως Διαμέρισμα 143 τ.μ. στον 1ο όροφο τετραώροφης πολυκατοικίας, το οποίο βρίσκεται υπό ανακαίνιση (έτος ανακαίνισης 2026, αρχική κατασκευή 1982), διαθέτει ενεργειακή κλάση Γ. Το ακίνητο είναι ευάερο και ευήλιο, περιβάλλεται από μια μεγάλη περιμετρική βεράντα τριών όψεων με μωσαϊκό και τέντες που προσφέρει απεριόριστη θέα σε δάσος, ενώ βρίσκεται σε προνομιακό και ήσυχο σημείο πλησίον άλσους, παιδικής χαράς και σχολείων, με άμεση πρόσβαση σε μέσα μεταφοράς (σταθμός Νερατζιώτισσα), στην Αττική Οδό και σε μεγάλες αγορές (The Mall Athens, Μαρούσι, Νέο Ηράκλειο). Η εσωτερική του διαρρύθμιση αποτελείται από μια μεγάλη σαλονοτραπεζαρία με χωλ και τζάκι, κουζίνα με πρόχειρο καθιστικό, 3 άνετα υπνοδωμάτια με 4 μεγάλες ντουλάπες, 1 μπάνιο και 1 WC, ενώ συνδυάζει κομψά δάπεδα από παρκέ, πλακάκι και μάρμαρο.Το διαμέρισμα προσφέρει αυτόνομη θέρμανση φυσικού αερίου με ατομική εγκατάσταση, νυχτερινό ρεύμα και πολύ χαμηλά κοινόχρηστα έξοδα, ενώ εξοπλίζεται με θωρακισμένη πόρτα ασφαλείας, σύγχρονα κουφώματα αλουμινίου με διπλά τζάμια και πατάρι που λειτουργεί ως έξτρα αποθηκευτικός χώρος.👉 Βρείτε επιλεγμένα ακίνητα που ξεχωρίζουν, με ένα κλικ στην ιστοσελίδα μας: 🔗 https://www.akinita-marousi.gr/",,,"0","0","5",,,,,,,,,"1","1","2026-07-03","6","6","0","no","no","0","Αθήνα - Βόρεια Προάστια (Αττική)","Πεύκη (Αθήνα - Βόρεια Προάστια)","1","105103","101","2118",,"Double","4","2","0","0","1","1220295863","https://m3.spitogatos.gr/363831704_1600x1200.jpg?v=20130730","https://m3.spitogatos.gr/363831713_1600x1200.jpg?v=20130730","https://m1.spitogatos.gr/363832845_1600x1200.jpg?v=20130730","https://m2.spitogatos.gr/363832849_1600x1200.jpg?v=20130730","https://m1.spitogatos.gr/363832989_1600x1200.jpg?v=20130730","https://m3.spitogatos.gr/363832991_1600x1200.jpg?v=20130730","https://m3.spitogatos.gr/363832994_1600x1200.jpg?v=20130730","https://m2.spitogatos.gr/363832996_1600x1200.jpg?v=20130730","https://m1.spitogatos.gr/363833001_1600x1200.jpg?v=20130730","https://m2.spitogatos.gr/363833002_1600x1200.jpg?v=20130730","https://m3.spitogatos.gr/363833006_1600x1200.jpg?v=20130730","https://m2.spitogatos.gr/363833008_1600x1200.jpg?v=20130730","https://m3.spitogatos.gr/363833009_1600x1200.jpg?v=20130730","https://m2.spitogatos.gr/363833014_1600x1200.jpg?v=20130730","https://m3.spitogatos.gr/363833015_1600x1200.jpg?v=20130730","https://m1.spitogatos.gr/363832896_1600x1200.jpg?v=20130730","https://m1.spitogatos.gr/363832899_1600x1200.jpg?v=20130730","https://m1.spitogatos.gr/363832905_1600x1200.jpg?v=20130730","https://m1.spitogatos.gr/363832908_1600x1200.jpg?v=20130730","https://m3.spitogatos.gr/363833027_1600x1200.jpg?v=20130730",,,,,,"0","0","2","1","38.05344","0","1","1","23.787329",,"0","0","0","2026-07-31","0","0",,"1",,"1","1",,,"0","0","0",,"0","0","0","1300","0","0","0","0","9.09","1","3","6",,"1","1","2026","0",,"3","0","1","0","143","0",,,"0","1","0","2026-07-03","https://www.spitogatos.gr/en/property/1220295863",,"0","0","1982",,"residential"
"1","5","yes","simple","1",,,,,"1","0","0","0","2026-07-03","0","0","1","0","1","0",,"house","0",,,"1","Κωδικός Ακινήτου: 08-2509569. νοικιάζεται Πολυτελής Μεζονέτα 100 τ.μ. | Κάτω Πεύκη | Νεόδμητη 2026<br />
<br />
Στην ιδιαίτερα προνομιακή περιοχή της Κάτω Πεύκης, διατίθεται προς ενοικίαση μια εξαιρετική Smart Home μεζονέτα-ρετιρέ συνολικής επιφάνειας 100 τ.μ., που αναπτύσσεται σε δύο επίπεδα (5ος & 6ος όροφος) και αποτελεί μέρος μιας σύγχρονης πολυτελούς κατασκευής του 2026.<br />
<br />
Η κατοικία ξεχωρίζει για τον μοντέρνο αρχιτεκτονικό σχεδιασμό, τα υψηλής ποιότητας υλικά κατασκευής και τις πολυτελείς ξύλινες επενδύσεις, δημιουργώντας έναν χώρο με κομψότητα, λειτουργικότητα και σύγχρονη αισθητική.<br />
<br />
Αποτελείται από 3 υπνοδωμάτια, 1 σύγχρονο μπάνιο, 1 WC, μοντέρνα κουζίνα και ευρύχωρο, φωτεινό σαλόνι που οδηγεί σε μεγάλες βεράντες με πανοραμική θέα σε βουνό, πράσινο και ανοιχτό ορίζοντα.<br />
<br />
Εξοπλισμός & Παροχές<br />
<br />
Αυτόνομη θέρμανση με αντλία θερμότητας<br />
Ενδοδαπέδια θέρμανση<br />
Κλιματισμός<br />
Ηλιακός θερμοσίφωνας<br />
Φωτοβολταϊκά πάνελ<br />
Θερμοπρόσοψη και θερμομόνωση<br />
Κουφώματα αλουμινίου με ενεργειακά διπλά τζάμια<br />
Ηλεκτρικά ρολά<br />
Σίτες<br />
Ηλεκτρικές συσκευές<br />
Πόρτα ασφαλείας<br />
Θυροτηλεόραση<br />
Αποθήκη<br />
1 υπόγεια θέση στάθμευσης<br />
Ενεργειακή κλάση Α+<br />
<br />
Η μεζονέτα είναι γωνιακή, διαμπερής, φωτεινή, ευήλια και ευάερη, με βορειοανατολικό προσανατολισμό και ανεμπόδιστη θέα. Η πολυκατοικία διαθέτει πρόσβαση με ράμπα για ΑμεΑ.<br />
<br />
Βρίσκεται σε εξαιρετική τοποθεσία, κοντά σε συγκοινωνίες, σχολεία, παιδικούς σταθμούς, εκκλησία και με άμεση πρόσβαση στην Αττική Οδό και την Εθνική Οδό, προσφέροντας ιδανική ισορροπία μεταξύ ηρεμίας και εύκολης μετακίνησης.<br />
<br />
Μια κατοικία που συνδυάζει πολυτέλεια, προηγμένη τεχνολογία, ενεργειακή απόδοση και υψηλή αισθητική, αποτελώντας ιδανική επιλογή για όσους επιθυμούν να απολαμβάνουν έναν σύγχρονο τρόπο ζωής σε μία από τις πιο ποιοτικές γειτονιές των Βορείων Προαστίων.. Τιμή: €2.200. Hive, Τηλέφωνο Επικοινωνίας: 2111999014, email: info@hive.com.gr",,,"0","1","1",,,,,,,,,"0","1","2026-07-03","10","10","0","no","yes","0","Αθήνα - Βόρεια Προάστια (Αττική)","Πεύκη (Αθήνα - Βόρεια Προάστια)","1","105103","101","2118","123051","Double","1","13","1","0","1","1220296347","https://m1.spitogatos.gr/360353934_1600x1200.jpg?v=20130730","https://m2.spitogatos.gr/360353938_1600x1200.jpg?v=20130730","https://m1.spitogatos.gr/360353943_1600x1200.jpg?v=20130730","https://m1.spitogatos.gr/360353946_1600x1200.jpg?v=20130730","https://m3.spitogatos.gr/360353951_1600x1200.jpg?v=20130730","https://m3.spitogatos.gr/360353954_1600x1200.jpg?v=20130730","https://m2.spitogatos.gr/360353956_1600x1200.jpg?v=20130730","https://m1.spitogatos.gr/360353961_1600x1200.jpg?v=20130730","https://m2.spitogatos.gr/360353965_1600x1200.jpg?v=20130730","https://m1.spitogatos.gr/360353970_1600x1200.jpg?v=20130730","https://m2.spitogatos.gr/360353974_1600x1200.jpg?v=20130730","https://m2.spitogatos.gr/360353980_1600x1200.jpg?v=20130730","https://m1.spitogatos.gr/360353985_1600x1200.jpg?v=20130730","https://m1.spitogatos.gr/360353991_1600x1200.jpg?v=20130730","https://m3.spitogatos.gr/360353993_1600x1200.jpg?v=20130730","https://m1.spitogatos.gr/360353997_1600x1200.jpg?v=20130730","https://m3.spitogatos.gr/360353999_1600x1200.jpg?v=20130730","https://m1.spitogatos.gr/360354003_1600x1200.jpg?v=20130730",,,,,,,,"0","1","2","1","38.050884",,"2","1","23.785158","450","1","0","0","2026-07-06","0","0","1","0",,"1","1",,"5","0","0","1",,"0","0","0","2200","0","0","0","0","22","1","3","6",,"1","0",,"0","1","3","0","1","1","100","1","7",,"0","3","0","2026-07-03","https://www.spitogatos.gr/en/property/1220296347",,"1","0","2025",,"residential"
"1","Ground Floor",,"simple","1",,,,,"1","1","0","0","2026-05-29","0","0","1","0","1",,,"house",,"0",,"0","ΠΕΥΚΗ, Άνω Πεύκη - Μεζονέτα 107τμ, 2 υ/δ, 2 επίπεδα: υπόγειο-ισόγειο, νεόδμητο, κατασκευή 2026, ενεργειακή κλάση Α+, σαλόνι, κουζίνα, 2 μπάνια, wc, αυτόνομη θέρμανση (fan coil), κλιματισμός, parking, ήσυχο, διαμπερές, φωτεινό, πρόσοψης, βαμμένο, αποθήκη, ηλιακός, τζάκι, βεράντες, ασανσέρ, κήπος, κουφώματα ενεργειακά θερμοδιακοπής, διπλά τζάμια, σίτες, τύπος δαπέδων πλακάκι, πόρτα ασφαλείας, συναγερμός, θυροτηλεόραση, πολυτελές, ενδοδαπέδια θέρμανση, πισίνα, ιδιωτική πισίνα, εσωτερική σκάλα, barbeque, δωμάτιο πλυντηρίων, εντός σχεδίου, οικιστική ζώνη, πρόσβαση: άσφαλτο.<br />
Το Grand Estate παρουσιάζει μία εξαιρετική νεόδμητη μεζονέτα υψηλών προδιαγραφών στην Άνω Πεύκη, διαθέσιμη τόσο προς πώληση όσο και προς ενοικίαση. Αναπτυγμένη σε δύο επίπεδα (ισόγειο και υπόγειο), συνολικής επιφάνειας 107 τ.μ., η κατοικία προσφέρει την αίσθηση ιδιωτικής μονοκατοικίας, συνδυάζοντας σύγχρονη αρχιτεκτονική, κορυφαία ενεργειακή απόδοση και μοναδικούς ιδιωτικούς εξωτερικούς χώρους.<br />
<br />
Η κατοικία διαθέτει ανεξάρτητη είσοδο, εξασφαλίζοντας απόλυτη ιδιωτικότητα και αυτονομία, ενώ αποτελεί ιδανική επιλογή για όσους αναζητούν έναν σύγχρονο τρόπο διαβίωσης σε μία από τις πιο ποιοτικές περιοχές των Βορείων Προαστίων.<br />
<br />
Αποτελείται από δύο άνετα υπνοδωμάτια, φωτεινό καθιστικό, σύγχρονη κουζίνα, δύο μπάνια και WC, ενώ έχει σχεδιαστεί με έμφαση στην άνεση, τη λειτουργικότητα και την ποιότητα κατασκευής.<br />
<br />
Κατασκευασμένη με υλικά εξαιρετικής ποιότητας και ενεργειακής κλάσης Α+, προσφέρει ενδοδαπέδια θέρμανση με αντλία θερμότητας, σύστημα ψύξης και θέρμανσης με fan coils οροφής, ενεργειακό τζάκι, κουφώματα αλουμινίου υψηλών προδιαγραφών με διπλά ενεργειακά τζάμια, ηλιακό θερμοσίφωνα, συναγερμό και θυροτηλεόραση.<br />
<br />
Ξεχωρίζει για τους ιδιωτικούς εξωτερικούς χώρους της, οι οποίοι περιλαμβάνουν ιδιωτική πισίνα με σύστημα αντίθετης κολύμβησης, διαμορφωμένο κήπο και χώρο BBQ, δημιουργώντας το ιδανικό περιβάλλον για στιγμές χαλάρωσης, άσκησης, φιλοξενίας και οικογενειακής ζωής. Η πισίνα προσφέρει τη δυνατότητα συνεχούς κολύμβησης χωρίς την ανάγκη μεγάλου μήκους, συνδυάζοντας ευεξία και πολυτέλεια στον ίδιο χώρο.<br />
<br />
Επιπλέον, διαθέτει μία υπόγεια θέση στάθμευσης με προεγκατάσταση φόρτισης ηλεκτρικού οχήματος, υπόγεια αποθήκη και πρόσβαση μέσω ανελκυστήρα.<br />
<br />
Μία μοναδική κατοικία που συνδυάζει την αίσθηση μονοκατοικίας με τα πλεονεκτήματα μιας σύγχρονης κατασκευής, προσφέροντας ιδιωτικότητα, πολυτέλεια και υψηλή ποιότητα διαβίωσης σε ένα ήσυχο και προνομιακό σημείο της Άνω Πεύκης.<br />
<br />
Παράδοση: Αύγουστος 2026.<br />
<br />
Τιμή €2.500 (κωδ. 157930) 2109229965;2109229971 GRAND ESTATE<br />
| Το στίγμα στο χάρτη δεν υποδεικνύει την ακριβή θέση του ακινήτου αλλά σημείο πλησίον του. Δείτε περισσότερα ακίνητα στο site μας www.grandestate.gr",,"0",,"1","1",,,,,,,,,"1","1","2026-05-29","3","4","0","no","yes","1","Αθήνα - Βόρεια Προάστια (Αττική)","Πεύκη (Αθήνα - Βόρεια Προάστια)","1","105103","101","2118","123050","Double","1","9","1","0","1","1219978042","https://m3.spitogatos.gr/355113440_1600x1200.jpg?v=20130730","https://m1.spitogatos.gr/355113444_1600x1200.jpg?v=20130730","https://m2.spitogatos.gr/355113445_1600x1200.jpg?v=20130730","https://m1.spitogatos.gr/355113447_1600x1200.jpg?v=20130730","https://m2.spitogatos.gr/355113448_1600x1200.jpg?v=20130730","https://m1.spitogatos.gr/355113450_1600x1200.jpg?v=20130730","https://m1.spitogatos.gr/355113453_1600x1200.jpg?v=20130730","https://m2.spitogatos.gr/355113454_1600x1200.jpg?v=20130730","https://m3.spitogatos.gr/355113455_1600x1200.jpg?v=20130730","https://m2.spitogatos.gr/355113457_1600x1200.jpg?v=20130730","https://m3.spitogatos.gr/355113458_1600x1200.jpg?v=20130730","https://m2.spitogatos.gr/355113460_1600x1200.jpg?v=20130730","https://m1.spitogatos.gr/355113462_1600x1200.jpg?v=20130730","https://m1.spitogatos.gr/355113465_1600x1200.jpg?v=20130730","https://m2.spitogatos.gr/355113466_1600x1200.jpg?v=20130730","https://m2.spitogatos.gr/355113469_1600x1200.jpg?v=20130730","https://m2.spitogatos.gr/355113472_1600x1200.jpg?v=20130730","https://m1.spitogatos.gr/355113474_1600x1200.jpg?v=20130730","https://m2.spitogatos.gr/355113496_1600x1200.jpg?v=20130730","https://m3.spitogatos.gr/355113497_1600x1200.jpg?v=20130730","https://m2.spitogatos.gr/355113502_1600x1200.jpg?v=20130730","https://m1.spitogatos.gr/355113504_1600x1200.jpg?v=20130730","https://m3.spitogatos.gr/355113506_1600x1200.jpg?v=20130730","https://m2.spitogatos.gr/355113511_1600x1200.jpg?v=20130730","https://m2.spitogatos.gr/355113514_1600x1200.jpg?v=20130730","1","0","2","1","38.063",,"2","1","23.79244",,"1",,,"2026-07-31","0","0","1","0",,"1","2",,,"1","0","1",,"0","1","0","2500","0","0","0","0","23.36","1","3","6",,"1","0",,"0","1","2","0","1","1","107","1",,,"0","3","0","2026-05-29","https://www.spitogatos.gr/en/property/1219978042",,"0",,"2026",,"residential"
"0","Ground Floor","no","simple","1",,,,,"0","0","0","0","2024-05-26","0","0","0","0","0","0",,"house",,,,"0","<br>Κωδικός ακινήτου: 2608 - Κηφισιά. Ενοικιάζεται υπέροχο διαμέρισμα ισόγειο, με συνολική επιφάνεια 110 τ.μ. Το ακίνητο διαθέτει 2 άνετα υπνοδωμάτια, φωτεινό σαλόνι, πλήρως εξοπλισμένη κουζίνα, μπάνιο και WC, ιδανικά διαμορφωμένα για άνετη διαβίωση. Κατασκευασμένο το 1975, το διαμέρισμα έχει ενεργειακή κλάση Η και προσφέρει αυτόνομη θέρμανση με φυσικό αέριο. Τα κουφώματα αλουμινίου εξασφαλίζουν καλή μόνωση και ασφάλεια. Ο περιβάλλων χώρος περιλαμβάνει έναν όμορφο κήπο και περιμετρικές βεράντες, ιδανικές για στιγμές χαλάρωσης και απόλαυσης της εξωτερικής φύσης. Μια εξαιρετική επιλογή για όσους αναζητούν άνεση και ηρεμία στην καρδιά της Κηφισιάς. <br>| UNION PROPERTIES +30 2108087844 - +30 6940579421, https://www.union-properties.gr/, email: north@union-properties.gr<br />
| Οι πληροφορίες και τα χαρακτηριστικά των ακινήτων έχουν καταχωρηθεί βάσει των πληροφοριών και στοιχείων που μας προσκομίστηκαν.<br />
| Η τοποθεσία του ακινήτου στον χάρτη είναι ενδεικτική.<br />
| Η ενεργειακή κλάση των ακινήτων που είναι απαραίτητη η έκδοση ΠΕΑ μπορεί να διαφέρει από την αναγραφόμενη.<br />
| Όλοι οι παρευρισκόμενοι κατά την υπόδειξη του ακινήτου είναι απαραίτητο να επιδείξουν την αστυνομική τους ταυτότητα και τον Α.Φ.Μ τους, σύμφωνα με τον Νόμο Ν.4072/2012 - ΦΕΚ 86/Α/11-4-2012",,,,"0","9",,,,,,,,,"0","0","2025-09-03","3",,"0","no","no","1","Αθήνα - Βόρεια Προάστια (Αττική)","Πεύκη (Αθήνα - Βόρεια Προάστια)","1","105103","101","2118","123050","Single","1","2","0","0","1","1218171256","https://m3.spitogatos.gr/326382299_1600x1200.jpg?v=20130730","https://m2.spitogatos.gr/326382304_1600x1200.jpg?v=20130730","https://m3.spitogatos.gr/326382308_1600x1200.jpg?v=20130730","https://m2.spitogatos.gr/326382310_1600x1200.jpg?v=20130730","https://m1.spitogatos.gr/326382312_1600x1200.jpg?v=20130730","https://m2.spitogatos.gr/326382313_1600x1200.jpg?v=20130730","https://m2.spitogatos.gr/326382316_1600x1200.jpg?v=20130730","https://m2.spitogatos.gr/326382322_1600x1200.jpg?v=20130730","https://m2.spitogatos.gr/326382331_1600x1200.jpg?v=20130730","https://m1.spitogatos.gr/326382339_1600x1200.jpg?v=20130730","https://m2.spitogatos.gr/326382346_1600x1200.jpg?v=20130730","https://m2.spitogatos.gr/326382358_1600x1200.jpg?v=20130730","https://m1.spitogatos.gr/326382363_1600x1200.jpg?v=20130730","https://m1.spitogatos.gr/326382369_1600x1200.jpg?v=20130730","https://m2.spitogatos.gr/326382376_1600x1200.jpg?v=20130730",,,,,,,,,,,"0","0","2","1","38.068108",,,"1","23.799562",,"0",,,"2026-08-01","0","0",,"0",,"1","1",,,"0","0","0","1","0","0","0","1200","0","0","0","0","10.91","1","3","6",,"1","0",,"0","7","2","0","1","0","110","0",,,"0","1","0","2025-09-03","https://www.spitogatos.gr/en/property/1218171256",,"1","1","1975","4aR4TSTXxWI","residential"
"1","3",,"simple","1",,,,,"1","1","0","0","2025-09-03","0","1","1","0","1",,,"house",,"100",,"0","ΠΕΥΚΗ, Άνω Πεύκη - Διαμέρισμα 100τμ, πλήρως επιπλωμένο, 2 υ/δ, 3ος, εξαιρετική κατάσταση, κατασκευή 1995, ανακαίνιση 2024, ενεργειακή κλάση Δ, σαλόνι, κουζίνα, μπάνιο, wc, αυτόνομη θέρμανση (πετρέλαιο), κλιματισμός, μία κλειστή θέση parking, ήσυχο, διαμπερές, φωτεινό, θέα απεριόριστη, πρόσοψης, βαμμένο, αποθήκη 7τμ, τζάκι, βεράντες, μεγάλες βεράντες, τέντες, ασανσέρ, εντοιχισμένες συσκευές, κουφώματα αλουμινίου, διπλά τζάμια, σίτες, ανεξάρτητη κουζίνα, πόρτα ασφαλείας, συναγερμός, θυροτηλεόραση, εντός σχεδίου, οικιστική ζώνη, πρόσβαση: άσφαλτο, τιμή συζητήσιμη.<br />
Προσφέρεται προς ενοικίαση ένα κομψό διαμέρισμα 100 τ.μ. πλήρως επιπλωμένο στην Άνω Πεύκη. Το ακίνητο κατασκευάστηκε το 1995 και ανακαινίστηκε το 2024, προσφέροντας μία εξαιρετική κατάσταση ετοιμότητας.<br />
Διαθέτει δύο υπνοδωμάτια, ενιαίο σαλόνι με τζάκι και ξεχωριστή κουζίνα με εντοιχισμένες συσκευές. Το μπάνιο και ένα επιπλέον WC καλύπτουν άνετα τις ανάγκες των ενοίκων.<br />
Το διαμέρισμα είναι απολύτως φωτεινό και διαμπερές με μεγάλες βεράντες που προσφέρουν απεριόριστη θέα. Η ηρεμία της περιοχής συμβάλλει στη δημιουργία ενός ξεχωριστού περιβάλλοντος για ποιοτική διαβίωση.<br />
<br />
Παρέχεται ανεξάρτητη θέρμανση με πετρέλαιο, κλιματισμός, ασφάλεια με θυροτηλεόραση και συναγερμό, καθώς και κλειστή θέση parking για άνετη στάθμευση.<br />
Τιμή €1.300 (κωδ. RR3562) +30 210 2201931 | Καλέστε όλο το 24ωρο  |   Ανοικτά μέχρι αργά & Σαββατοκύριακα | H θέση στο χάρτη είναι ενδεικτική  |  92% των συναντήσεων εκτελούνται το πολύ σε 24 ώρες  |  Μιλάμε 7 γλώσσες  |  Δείτε video ακινήτων στο YouTube κανάλι μας  |  Μας βρίσκετε στο Whatsapp, Viber & FaceTime  |  Δείτε τα ακίνητά μας και σε 360tour στο www.GreeKorner.gr",,"0",,"1","6",,,,,,,,,"1","1","2025-09-03","8",,"0","yes","yes","0","Αθήνα - Βόρεια Προάστια (Αττική)","Πεύκη (Αθήνα - Βόρεια Προάστια)","1","105103","101","2118","123051","Double","1","1","0","0","1","1218167859","https://m2.spitogatos.gr/326329462_1600x1200.jpg?v=20130730","https://m3.spitogatos.gr/326329463_1600x1200.jpg?v=20130730","https://m1.spitogatos.gr/326329464_1600x1200.jpg?v=20130730","https://m2.spitogatos.gr/326329465_1600x1200.jpg?v=20130730","https://m3.spitogatos.gr/326329466_1600x1200.jpg?v=20130730","https://m1.spitogatos.gr/326329467_1600x1200.jpg?v=20130730","https://m2.spitogatos.gr/326329468_1600x1200.jpg?v=20130730","https://m3.spitogatos.gr/326329469_1600x1200.jpg?v=20130730","https://m1.spitogatos.gr/326329470_1600x1200.jpg?v=20130730","https://m2.spitogatos.gr/326329471_1600x1200.jpg?v=20130730","https://m3.spitogatos.gr/326329472_1600x1200.jpg?v=20130730","https://m1.spitogatos.gr/326329473_1600x1200.jpg?v=20130730","https://m2.spitogatos.gr/326329474_1600x1200.jpg?v=20130730","https://m3.spitogatos.gr/326329475_1600x1200.jpg?v=20130730","https://m1.spitogatos.gr/326329476_1600x1200.jpg?v=20130730","https://m2.spitogatos.gr/326329477_1600x1200.jpg?v=20130730","https://m3.spitogatos.gr/326329478_1600x1200.jpg?v=20130730","https://m1.spitogatos.gr/326329479_1600x1200.jpg?v=20130730","https://m2.spitogatos.gr/326329480_1600x1200.jpg?v=20130730","https://m3.spitogatos.gr/326329481_1600x1200.jpg?v=20130730","https://m1.spitogatos.gr/326329482_1600x1200.jpg?v=20130730","https://m2.spitogatos.gr/326329483_1600x1200.jpg?v=20130730","https://m3.spitogatos.gr/326329484_1600x1200.jpg?v=20130730","https://m1.spitogatos.gr/326329485_1600x1200.jpg?v=20130730","https://m2.spitogatos.gr/326329486_1600x1200.jpg?v=20130730","0","0","2","1","38.058945",,"1","1","23.7938",,"0",,,"2026-08-01","0","0",,"0",,"1","1",,,"1","0","1",,"0","0","0","1300","0","0","0","0","13","1","3","6",,"1","1","2024","0","1","2","0","1","0","100","1","7",,"0","1","0","2025-09-03","https://www.spitogatos.gr/en/property/1218167859",,"1",,"1995",,"residential"
"0","1","no","simple","1",,,,,"0","0","0","0","2026-07-02","0","0","0","0","0","0",,"house","0",,,"0","Διαμέρισμα Προς Ενοικίαση, όροφος: 1ος, στην περιοχή: Πεύκη. Το εμβαδόν του ακινήτου είναι 143 τ.μ.. Αποτελείται από: 3 Υ/Δ, 1 μπάνιο/α, 1 wc, 1 κουζίνα/ες, 1 σαλόνι/α. Έχει κατασκευαστεί το 1982 και ανακαινίστηκε το 2026. Η θέρμανση του ακινήτου είναι Αυτόνομη με Φυσικό αέριο, ενώ επίσης διατίθεται Καλοριφέρ, έχει κουφώματα Αλουμινίου με Διπλά τζάμια, ενεργειακό πιστοποιητικό: Γ και τα δάπεδα είναι: Πλακάκια, Ξύλο. Η κατάστασή του είναι: Ανακαινισμένο, Φρεσκοβαμμένο, βρίσκεται κοντά σε Μετρό, Συγκοινωνίες, Σχολείο, Λαική αγορά, Εμπορικό Κέντρο, έχει θέα Πάρκο, Πράσινο, Ανοιχτωσιά και επίσης διαθέτει τα παρακάτω χαρακτηριστικά και πλεονεκτήματα: Σίτες, Ασανσέρ, Πόρτα Ασφαλείας, Νυχτερινό Ρεύμα. Τιμή: €1.300. The Bridge International, Τηλέφωνο Επικοινωνίας: 6986682277, email: koliosgeorge355@gmail.com",,,"0","1","5",,,,,,,,,"0","1","2026-07-02","6","10","0","no","no","0","Αθήνα - Βόρεια Προάστια (Αττική)","Πεύκη (Αθήνα - Βόρεια Προάστια)","1","105103","101","2118",,"Double","1","2","0","0","1","1220287725","https://m1.spitogatos.gr/360204927_1600x1200.jpg?v=20130730","https://m3.spitogatos.gr/360204944_1600x1200.jpg?v=20130730","https://m3.spitogatos.gr/360204947_1600x1200.jpg?v=20130730","https://m1.spitogatos.gr/360204951_1600x1200.jpg?v=20130730","https://m2.spitogatos.gr/360204964_1600x1200.jpg?v=20130730","https://m3.spitogatos.gr/360204971_1600x1200.jpg?v=20130730","https://m1.spitogatos.gr/360204987_1600x1200.jpg?v=20130730","https://m2.spitogatos.gr/360204994_1600x1200.jpg?v=20130730","https://m1.spitogatos.gr/360205002_1600x1200.jpg?v=20130730","https://m3.spitogatos.gr/360205010_1600x1200.jpg?v=20130730","https://m1.spitogatos.gr/360205035_1600x1200.jpg?v=20130730","https://m1.spitogatos.gr/360205041_1600x1200.jpg?v=20130730","https://m2.spitogatos.gr/360205069_1600x1200.jpg?v=20130730","https://m2.spitogatos.gr/360205078_1600x1200.jpg?v=20130730","https://m2.spitogatos.gr/360205087_1600x1200.jpg?v=20130730","https://m1.spitogatos.gr/360205095_1600x1200.jpg?v=20130730","https://m1.spitogatos.gr/360205104_1600x1200.jpg?v=20130730",,,,,,,,,"0","0","2","1","38.053707",,"1","1","23.788921",,"0","0","0","2026-07-29","0","0",,"1",,"1","1","4",,"0","0","1",,"0","0","0","1300","0","0","0","0","9.09","1","3","6",,"1","1","2026","0",,"3","0","1","0","143","0",,,"0","1","0","2026-07-02","https://www.spitogatos.gr/en/property/1220287725",,"1","0","1982",,"residential"
"0","4","yes","simple","1",,,,,"1","1","0","0","2026-07-24","0","1","1","0","1",,,"house",,"0",,"1","Πολυτελές Νεόδμητο οροφοδιαμέρισμα 120 τμ στην Κάτω Πεύκη, 4ος όροφος,με 3 υπνοδωμάτια και κλειστή θέση parking<br />
<br />
Πολυτελές οροφοδιαμέρισμα 120 τμ προς ενοικίαση, κατασκευή 2025, ενεργειακή κλάση Α+, στον 4ο όροφο νεόδμητου κτιρίου στην περιοχή Κάτω Πεύκη. Διαμπερές και γωνιακό, φωτεινό με απεριόριστη θέα από μεγάλες βεράντες, προσφέρει σαλόνι με τζάκι, ανεξάρτητη κουζίνα, χωλ, 3 ευρύχωρα υπνοδωμάτια, μπάνιο και ξεχωριστό wc, αποθήκη 13 τμ και μία κλειστή θέση parking. Ιδανικό για απαιτητικούς ενοικιαστές που αναζητούν ποιότητα, σύγχρονες ενεργειακές προδιαγραφές και άνεση κοντά σε όλες τις αστικές υποδομές<br />
<br />
Το διαμέρισμα διαθέτει ενιαίο, μεγάλο σαλόνι με άνοιγμα σε ευρύχωρη βεράντα με γυάλινη κουπαστή που προσφέρει ανεμπόδιστη θέα και άφθονο φυσικό φως. Το σαλόνι περιλαμβάνει τζάκι και έχει διακριτικό χωλ εισόδου που διασφαλίζει ιδιωτικότητα στα υπνοδωμάτια. Η κουζίνα είναι πλήρως ανεξάρτητη, με σύγχρονη διάταξη ντουλαπιών και πρακτικό χώρο εργασίας, ενώ υπάρχει και ξεχωριστό wc επισκεπτών. Τα 3 υπνοδωμάτια είναι ευρύχωρα, με δυνατότητα εύκολης διαρρύθμισης για γραφείο ή παιδικό δωμάτιο, και το κύριο μπάνιο διαθέτει σύγχρονες υδραυλικές εγκαταστάσεις και ξεχωριστό χώρο ντουζιέρας. Από τις φωτογραφίες φαίνεται η προσεγμένη αισθητική, οι μεγάλες γυάλινες επιφάνειες και οι βεράντες που εκτείνονται σε μήκος προσφέροντας πολλαπλές ζώνες εξωτερικής χρήσης<br />
<br />
Το ακίνητο είναι κατασκευής 2025 με ενεργειακή κλάση Α+, θερμοπρόσοψη και ηλιακό θερμοσίφωνα για εξοικονόμηση ενέργειας. Η θέρμανση είναι αυτόνομη με αντλία θερμότητας, ενώ τα κουφώματα είναι ενεργειακά θερμοδιακοπής με διπλά τζάμια και σίτες. Υπάρχει δυνατότητα τριφασικού ρεύματος, φορτιστής ηλεκτρικού αυτοκινήτου στον χώρο στάθμευσης, θωρακισμένη πόρτα, σύστημα συναγερμού και θυροτηλεόραση για αυξημένη ασφάλεια. Τα δάπεδα είναι πλακάκι υψηλής αντοχής και ποιότητας, τα ηλεκτρικά ρολά επιτρέπουν πλήρη σκίαση και το ασανσέρ εξυπηρετεί άνετη πρόσβαση στον 4ο όροφο<br />
<br />
Το διαμέρισμα έχει ανατολομεσημβρινό προσανατολισμό, είναι ήσυχο και παράλληλα πολύ κοντά σε βασικές υποδομές: σταθμός μετρό/ηλεκτρικός έως 1000 μ, αγορά και εμπορικά καταστήματα έως 200 μ και γρήγορη πρόσβαση στην Αττική Οδό έως 500 μ. Η γειτονιά προσφέρει ήρεμο αστικό περιβάλλον με πρασιά και εύκολη πρόσβαση σε σχολεία, υπηρεσίες και συγκοινωνίες, καθιστώντας το ιδανικό για οικογένεια ή επαγγελματική διαμονή<br />
<br />
Συνοδεύεται από αποθήκη 13 τμ, μία κλειστή θέση parking και δυνατότητα σύνδεσης Internet υψηλών ταχυτήτων. Το ακίνητο παραδίδεται με έτοιμες υποδομές για ηλεκτρικές συσκευές και μικροεγκαταστάσεις, ενώ η πολυτέλεια και η λειτουργικότητα αναδεικνύονται από τον σύγχρονο σχεδιασμό και τα ποιοτικά υλικά. Για επισκέψεις και επιπλέον τεχνικά χαρακτηριστικά επικοινωνήστε για να προγραμματίσουμε επίδειξη και να σας παρέχουμε πλήρη φάκελο εγγράφων και ενεργειακή πιστοποίηση.<br />
<br />
Τιμή €1.650 (κωδ. 177930) 2110168800 ΝΕΑ ΙΩΝΙΑGREEKHOME REAL ESTATE",,"0",,"1","1",,,,,,,,,"1","1","2026-07-09","9","4","0","no","yes","0","Αθήνα - Βόρεια Προάστια (Αττική)","Πεύκη (Αθήνα - Βόρεια Προάστια)","1","105103","101","2118","123051","Double","1","13","0","0","1","1220341084","https://m1.spitogatos.gr/361058658_1600x1200.jpg?v=20130730","https://m1.spitogatos.gr/361058661_1600x1200.jpg?v=20130730","https://m1.spitogatos.gr/361058664_1600x1200.jpg?v=20130730","https://m3.spitogatos.gr/361058669_1600x1200.jpg?v=20130730","https://m3.spitogatos.gr/361058675_1600x1200.jpg?v=20130730","https://m2.spitogatos.gr/361058680_1600x1200.jpg?v=20130730","https://m2.spitogatos.gr/361058683_1600x1200.jpg?v=20130730","https://m3.spitogatos.gr/361058687_1600x1200.jpg?v=20130730","https://m3.spitogatos.gr/361058690_1600x1200.jpg?v=20130730","https://m1.spitogatos.gr/361058703_1600x1200.jpg?v=20130730","https://m3.spitogatos.gr/361058705_1600x1200.jpg?v=20130730","https://m2.spitogatos.gr/361058707_1600x1200.jpg?v=20130730","https://m2.spitogatos.gr/361058710_1600x1200.jpg?v=20130730","https://m2.spitogatos.gr/361058713_1600x1200.jpg?v=20130730","https://m2.spitogatos.gr/361058716_1600x1200.jpg?v=20130730","https://m1.spitogatos.gr/361058718_1600x1200.jpg?v=20130730","https://m3.spitogatos.gr/361058720_1600x1200.jpg?v=20130730","https://m2.spitogatos.gr/361058722_1600x1200.jpg?v=20130730","https://m2.spitogatos.gr/361058725_1600x1200.jpg?v=20130730",,,,,,,"0","0","2","1","38.0574",,"1","1","23.788368",,"1",,,"2026-07-24","0","0","1","0",,"1","1",,"3","0","0","1",,"0","0","0","1650","0","0","0","0","13.75","1","3","6",,"1","0",,"0",,"3","0","1","1","120","1","13",,"0","1","0","2026-07-09","https://www.spitogatos.gr/en/property/1220341084",,"1","1","2025",,"residential"
"1","3","no","simple","1",,,,,"1","0","0","0","2026-05-04","0","1","0","0","1","0",,"house",,"30",,"0","Κωδικός ακινήτου: 4-2027 - Μαρούσι Νέο Τέρμα  ΕΝΟΙΚΙΑΖΕΤΑΙ    επιπλωμένο διαμέρισμα  στον 3 ο όροφο συνολικής επιφάνειας 110.00 τ.μ.  . Αποτελείται από 2 υπνοδωμάτια, σαλόνι, κουζίνα, μπάνιο και 2 WC. Είναι κατασκευασμένο το 1998 με ενεργειακή κλάση Α και ανακαινίστηκε το 2023. Διαθέτει θέρμανση ατομική - φυσικό αέριο, θέα σε αστικό τοπίο, κουφώματα αλουμινίου, πατώματα από μάρμαρο και ξύλο, πόρτα ασφαλείας, εντοιχιζόμενες ντουλάπες, ανελκυστήρα, A/C, ηλεκτρικές συσκευές, τέντες, νυχτερινό ρεύμα, ανοιχτωσιά      - Τιμή: 1.450 €  <br>Ενοικιάζεται πολυτελές πλήρως ανακαινισμένο και επιπλωμένο διαμέρισμα στο Μαρούσι 3ος όροφος 110μ² με αυτόνομη θέρμανση φυσικού αερίου.<br>Το εξαιρετικό αυτό διαμέρισμα βρίσκετε επί της Υψηλάντου και αποτελείτε από 2 υπνοδωμάτια, 1 κουζίνα, 1 μεγάλο σαλόνι με χολ, 2 μπαλκόνια και 2 μπάνια. Είναι πλήρως επιπλωμένο, με καναπέ, smart tv, ψυγείο (Bosch), εστία φυσικού αερίου & φούρνος (Bosch), αποθηκευτικός χώρος τροφίμων, πλυντήριο πιάτων, πλυντήριο ρούχων, τραπεζαρία (Ιταλική μασίφ), 1 κρεβάτι, έπιπλο εισόδου, βιβλιοθήκη με bar και 3 air-condition.<br>Ανακαινισμένο το 2023 διαθέτει πόρτα ασφαλείας, καινούργιες εσωτερικές πόρτες και κουφώματα βαρέως τύπου (Alumil) με triplex τζάμια με ακουστικές μεμβράνες, κουρτίνες και δάπεδα από μάρμαρο & ξύλο. Τα μπαλκόνια έχουν καινούργιες τέντες.<br>Ήσυχη γειτονιά, κοντά σε αγορά, γυμναστήρια και εύκολη πρόσβαση σε τρένο, Αττική Οδό, Εθνική Οδό, γειτονικό σούπερ μάρκετ στα 50μ.<br>Απόσταση από τον Σταθμό Τρένου Αμαρουσίου 900μ.<br><br>Το Μαρούσι, που βρίσκεται στα βόρεια προάστια της Αθήνας, απέχει μόλις 14 χιλιόμετρα από το κέντρο της πόλης και αποτελεί έναν από τους σημαντικότερους επιχειρηματικούς κόμβους της πρωτεύουσας. Στην περιοχή στεγάζονται πολλές μεγάλες πολυεθνικές εταιρείες και οργανισμοί, ενώ φιλοξενεί το Άλσος Συγγρού, το μεγαλύτερο πάρκο της Αθήνας. Ο δήμος Αμαρουσίου περιλαμβάνει επίσης το Ολυμπιακό Αθλητικό Κέντρο Αθηνών (ΟΑΚΑ), το μεγαλύτερο αθλητικό συγκρότημα της χώρας. Στην περιοχή βρίσκονται και δύο δημοφιλή εμπορικά κέντρα, το The Mall Athens και το Golden Hall. Η πρόσβαση στο Μαρούσι είναι εύκολη μέσω των σταθμών ΗΣΑΠ Αμαρουσίου και ΚΑΤ, του προαστιακού σιδηρόδρομου και πολλών λεωφορειακών γραμμών. Επιπλέον, για τους οδηγούς, η είσοδος στην Αττική Οδό στο «δαχτυλίδι» του Αμαρουσίου προσφέρει άμεση σύνδεση με το κέντρο της Αθήνας και άλλες περιοχές.<br> <br>",,,,"1","2",,,,,,,,,"0","0","2026-05-04","8","6","0","yes","no","0","Αθήνα - Βόρεια Προάστια (Αττική)","Πεύκη (Αθήνα - Βόρεια Προάστια)","1","105103","101","2118","123051","Single","4","2","0","0","1","1219820352","https://m2.spitogatos.gr/352295179_1600x1200.jpg?v=20130730","https://m3.spitogatos.gr/352295189_1600x1200.jpg?v=20130730","https://m2.spitogatos.gr/352295197_1600x1200.jpg?v=20130730","https://m1.spitogatos.gr/352295202_1600x1200.jpg?v=20130730","https://m2.spitogatos.gr/352295209_1600x1200.jpg?v=20130730","https://m3.spitogatos.gr/352295216_1600x1200.jpg?v=20130730","https://m3.spitogatos.gr/352295222_1600x1200.jpg?v=20130730","https://m1.spitogatos.gr/352295226_1600x1200.jpg?v=20130730","https://m1.spitogatos.gr/352295232_1600x1200.jpg?v=20130730","https://m2.spitogatos.gr/352295239_1600x1200.jpg?v=20130730","https://m2.spitogatos.gr/352295245_1600x1200.jpg?v=20130730","https://m2.spitogatos.gr/352295254_1600x1200.jpg?v=20130730","https://m1.spitogatos.gr/352295262_1600x1200.jpg?v=20130730","https://m2.spitogatos.gr/352295272_1600x1200.jpg?v=20130730","https://m3.spitogatos.gr/352295285_1600x1200.jpg?v=20130730","https://m3.spitogatos.gr/352295294_1600x1200.jpg?v=20130730","https://m1.spitogatos.gr/352295298_1600x1200.jpg?v=20130730","https://m3.spitogatos.gr/352295300_1600x1200.jpg?v=20130730","https://m1.spitogatos.gr/352295304_1600x1200.jpg?v=20130730","https://m2.spitogatos.gr/352295311_1600x1200.jpg?v=20130730","https://m3.spitogatos.gr/352295312_1600x1200.jpg?v=20130730","https://m2.spitogatos.gr/352295314_1600x1200.jpg?v=20130730","https://m1.spitogatos.gr/352295316_1600x1200.jpg?v=20130730",,,"0","0","2","1","38.057247",,,"1","23.795954",,"0",,,"2026-05-08","0","0",,"1",,"2","1",,"5","0","0","0",,"0","0","0","1450","0","0","0","0","13.18","1","3","6",,"1","0",,"0","7","2","0","1","0","110","0",,,"0","1","0","2026-05-04","https://www.spitogatos.gr/en/property/1219820352",,"1","0","1998",,"residential"
"1","Ground Floor","yes","simple","1",,,,,"0","1","0","0","2026-07-31","0","0","0","0","1","0",,"house","0","50",,"0","Μονοκατοικία Προς Ενοικίαση, όροφος: Ισόγειο, 1ος (2 Επίπεδα), στην περιοχή: Πεύκη. Το εμβαδόν του ακινήτου είναι 95 τ.μ. και βρίσκεται σε οικόπεδο 200 τ.μ.. Αποτελείται από: 2 Υ/Δ (1 Master), 2 μπάνιο/α, 1 κουζίνα/ες, 1 σαλόνι/α, ενώ διαθέτει 1 θέσεις στάθμευσης (1 Σε ανοιχτό χώρο) και ανακαινίστηκε το 2016. Η θέρμανση του ακινήτου είναι Αυτόνομη με Φυσικό αέριο, ενώ επίσης διατίθεται Κλιματισμός, Boiler, Ηχομόνωση, Θερμομόνωση, Καλοριφέρ, Θερμοπρόσοψη, έχει κουφώματα Αλουμινίου με Διπλά τζάμια, ενεργειακό πιστοποιητικό: Γ και τα δάπεδα είναι: Ξύλο. Η κατάστασή του είναι: Ανακαινισμένο, βρίσκεται κοντά σε Πάρκο, Εκκλησία, Παιδικό σταθμό, Super Market, Αγορά, Αττική οδό. Το ακίνητο είναι Προσόψεως, Φωτεινό, Ευάερο, Ευήλιο, Πρόσβαση/Ράμπα για ΑΜΕΑ και επίσης διαθέτει τα παρακάτω χαρακτηριστικά και πλεονεκτήματα: Σίτες, Εσωτερική σκάλα, Κήπος, Πόρτα Ασφαλείας, Θυροτηλεόραση, Συναγερμός, Τριφασικό Ρεύμα, Δέντρα, Ησυχη γειτονιά.<br />
Οι πληροφορίες των ακινήτων που παρουσιάζουμε είναι αυτές που μας έχουν προσκομίσει οι ιδιοκτήτες. Η εταιρεία μας δε φέρει ευθύνη για τυχόν λανθασμένες πληροφορίες. Για την επίσκεψη ακινήτων απαιτείται προσκόμιση ταυτότητας ή διαβατηρίου. Οι τοποθεσίες των ακινήτων στον χάρτη είναι κατά προσέγγιση. Τιμή: €1.200. greecing., Τηλέφωνο Επικοινωνίας: 2106120875, email: info@greecingteam.com",,,"0","0","5",,,,,,,,,"1","1","2026-07-31","3","2","0","no","yes","1","Αθήνα - Βόρεια Προάστια (Αττική)","Πεύκη (Αθήνα - Βόρεια Προάστια)","1","105103","101","2118",,"Double","1","2","0","0","1","1220542062","https://m1.spitogatos.gr/364104951_1600x1200.jpg?v=20130730","https://m3.spitogatos.gr/364104956_1600x1200.jpg?v=20130730","https://m2.spitogatos.gr/364104961_1600x1200.jpg?v=20130730","https://m1.spitogatos.gr/364104963_1600x1200.jpg?v=20130730","https://m3.spitogatos.gr/364104968_1600x1200.jpg?v=20130730","https://m2.spitogatos.gr/364104973_1600x1200.jpg?v=20130730","https://m1.spitogatos.gr/364104975_1600x1200.jpg?v=20130730","https://m3.spitogatos.gr/364104980_1600x1200.jpg?v=20130730","https://m1.spitogatos.gr/364104984_1600x1200.jpg?v=20130730","https://m2.spitogatos.gr/364104988_1600x1200.jpg?v=20130730","https://m3.spitogatos.gr/364104992_1600x1200.jpg?v=20130730","https://m1.spitogatos.gr/364104996_1600x1200.jpg?v=20130730","https://m1.spitogatos.gr/364104999_1600x1200.jpg?v=20130730","https://m2.spitogatos.gr/364105003_1600x1200.jpg?v=20130730","https://m1.spitogatos.gr/364105008_1600x1200.jpg?v=20130730","https://m3.spitogatos.gr/364105010_1600x1200.jpg?v=20130730","https://m2.spitogatos.gr/364105015_1600x1200.jpg?v=20130730","https://m1.spitogatos.gr/364105020_1600x1200.jpg?v=20130730","https://m2.spitogatos.gr/364105024_1600x1200.jpg?v=20130730","https://m3.spitogatos.gr/364105028_1600x1200.jpg?v=20130730","https://m2.spitogatos.gr/364105033_1600x1200.jpg?v=20130730","https://m2.spitogatos.gr/364105048_1600x1200.jpg?v=20130730","https://m2.spitogatos.gr/364105051_1600x1200.jpg?v=20130730","https://m1.spitogatos.gr/364105056_1600x1200.jpg?v=20130730","https://m2.spitogatos.gr/364105060_1600x1200.jpg?v=20130730","1","0","2","1","38.055538",,"2","1","23.793297","200","0","0","0","2026-08-01","0","0",,"0",,"0","2",,,"0","0","1",,"0","0","0","1200","0","0","0","0","12.63","1","3","6",,"1","1","2016","0","1","2","0","1","0","95","0",,,"0","4","0","2026-07-31","https://www.spitogatos.gr/en/property/1220542062",,"0","0",,,"residential"
"1","1","yes","simple","1",,,,,"1","0","0","0","2026-05-15","0","1","1","0","1","0",,"house","0","1",,"0","Προς Ενοικίαση, Πεύκη, Πλήρως Ανακαινισμένο Διαμέρισμα 130 τ.μ., 1ου Ορόφου, Φωτεινό, Προσόψεως, Αποτελείται από: Ευρύχωρο Σαλόνι με Τζάκι, Ανεξάρτητη Κουζίνα Πλήρως Εξοπλισμένη, 3 Υπνοδωμάτια, 2 Μπάνια, Διαθέτει: Αυτόνομη Θέρμανση Φυσικού Αερίου, Κουφώματα Αλουμινίου, Διπλά Τζάμια, Κλιματισμό σε Όλους του Χώρους, Πόρτα Ασφαλείας, Συναγερμό, Ηλεκτρικές Συσκευές( Ψυγείο, Ηλεκτρική Κουζίνα, Πλυντήριο Πιάτων,  Πλυντήριο – Στεγνωτήριο Ρούχων), Εντοιχισμένες Ντουλάπες σε Όλα τα Δωμάτια και στο Διάδρομο, Σίτες, Τέντες, Βεράντα, 2 Θέσεις Στάθμευσης σε Κλειστό Χώρο, Το Ακίνητο Βρίσκεται σε Εξαιρετική Τοποθεσία, Κοντά σε Συγκοινωνίες, Αγορά, Εστίαση, Real Estate Level Up Agents, Τηλέφωνο Επικοινωνίας: 6987040108, email: info@realestatelevelup.gr, website: https://www.realestatelevelup.gr. Το site μας ενημερώνεται καθημερινά με νέα ακίνητα. Για την υπόδειξη ακινήτου είναι υποχρεωτική η προσκόμιση της αστυνομικής σας ταυτότητας",,,"0","1","3",,,,,,,,,"1","1","2026-05-15","6","2","0","no","yes","0","Αθήνα - Βόρεια Προάστια (Αττική)","Πεύκη (Αθήνα - Βόρεια Προάστια)","1","105103","101","2118","123050","Double","1","2","0","0","1","1219893160","https://m1.spitogatos.gr/353599272_1600x1200.jpg?v=20130730","https://m2.spitogatos.gr/353599273_1600x1200.jpg?v=20130730","https://m3.spitogatos.gr/353599274_1600x1200.jpg?v=20130730","https://m1.spitogatos.gr/353599275_1600x1200.jpg?v=20130730","https://m2.spitogatos.gr/353599276_1600x1200.jpg?v=20130730","https://m3.spitogatos.gr/353599277_1600x1200.jpg?v=20130730","https://m1.spitogatos.gr/353599278_1600x1200.jpg?v=20130730","https://m2.spitogatos.gr/353599279_1600x1200.jpg?v=20130730","https://m3.spitogatos.gr/353599280_1600x1200.jpg?v=20130730","https://m1.spitogatos.gr/353599281_1600x1200.jpg?v=20130730","https://m2.spitogatos.gr/353599282_1600x1200.jpg?v=20130730","https://m3.spitogatos.gr/353599283_1600x1200.jpg?v=20130730","https://m1.spitogatos.gr/353599284_1600x1200.jpg?v=20130730","https://m2.spitogatos.gr/353599285_1600x1200.jpg?v=20130730",,,,,,,,,,,,"0","0","2","1","38.061279",,"1","1","23.794327",,"0","0","0","2026-07-27","0","0",,"1",,"0","2",,"6","0","0","1",,"0","0","0","2100","0","0","0","0","16.15","1","3","6",,"1","1",,"0","1","3","0","1","0","130","0",,,"0","1","0","2026-05-15","https://www.spitogatos.gr/en/property/1219893160",,"1","0","2005",,"residential"
"1","Ground Floor","no","simple","1",,,,,"1","1","0","0","2026-03-29","0","0","0","0","1","0",,"house",,"30",,"0","Κωδικός ακινήτου: 3859 - Πεύκη Κάτω Πεύκη  ΕΝΟΙΚΙΑΖΕΤΑΙ   ανακαινισμένο  διαμέρισμα  iσόγειο υπερυψωμένο συνολικής επιφάνειας 127.00 τ.μ.  . Αποτελείται από 3 υπνοδωμάτια, σαλόνι, κουζίνα, μπάνιο και WC. Είναι κατασκευασμένο το 1982 με ενεργειακή κλάση Β  και διαθέτει θέρμανση ατομική - φυσικό αέριο, θέα σε αστικό τοπίο, κουφώματα αλουμινίου, πατώματα από πλακάκι και ξύλο, πόρτα ασφαλείας, εντοιχιζόμενες ντουλάπες, αποθήκη , κήπο, τζάκι, A/C, συναγερμό, ηλεκτρικές συσκευές, σίτες, διπλά τζάμια, ηλιακό θερμοσίφωνα, κάμερες, θυροτηλεόραση      - Τιμή: 1.200 €  <br> <br>",,,,"0","4",,,,,,,,,"1","1","2026-03-29","3","10","1","no","no","1","Αθήνα - Βόρεια Προάστια (Αττική)","Πεύκη (Αθήνα - Βόρεια Προάστια)","1","105103","101","2118","123050","Double","4","2","0","0","1","1219631192","https://m1.spitogatos.gr/349116561_1600x1200.jpg?v=20130730","https://m3.spitogatos.gr/349116563_1600x1200.jpg?v=20130730","https://m3.spitogatos.gr/349116566_1600x1200.jpg?v=20130730","https://m2.spitogatos.gr/349116568_1600x1200.jpg?v=20130730","https://m2.spitogatos.gr/349116571_1600x1200.jpg?v=20130730","https://m1.spitogatos.gr/349116573_1600x1200.jpg?v=20130730","https://m3.spitogatos.gr/349116575_1600x1200.jpg?v=20130730","https://m3.spitogatos.gr/349116578_1600x1200.jpg?v=20130730","https://m2.spitogatos.gr/349116580_1600x1200.jpg?v=20130730","https://m2.spitogatos.gr/349116583_1600x1200.jpg?v=20130730","https://m1.spitogatos.gr/349116585_1600x1200.jpg?v=20130730","https://m1.spitogatos.gr/349116588_1600x1200.jpg?v=20130730","https://m3.spitogatos.gr/349116590_1600x1200.jpg?v=20130730",,,,,,,,,,,,,"0","0","2","1","38.067432",,"1","1","23.797806",,"1",,,"2026-08-01","0","0",,"0",,"1","1","4",,"1","0","1",,"0","0","0","1200","0","0","0","0","9.45","1","3","6",,"1","1",,"0","1","3","0","1","1","127","1",,,"0","1","0","2026-03-29","https://www.spitogatos.gr/en/property/1219631192",,"1","1","1982","-kKz8IyZBDg","residential"
"1","2","no","simple","1",,,,,"1","0","0","0","2026-09-25","0","1","1","0","1",,,"house",,,,"1","Πεύκη, Άνω Πεύκη, Διαμέρισμα Προς Ενοικίαση, 51 τ.μ., Κατάσταση: Καταπληκτική, Όροφος: 2ος, 1 Επίπεδο/α, 1 Υ/Δ 1 Κουζίνα/ες, 1 Μπάνιο/α, Θέρμανση: Αυτόνομη - Φυσικό Αέριο, Θέα: Αστικό τοπίο, Έτος κατασκευής: 2010, Ενεργειακό Πιστοποιητικό: Γ, 1 θέση/εις στάθμευσης, Δάπεδα: Παρκέ, Kουφώματα: Αλουμινίου, Χαρακτηριστικά: Ασανσέρ, Πόρτα Ασφαλείας, Θυροτηλεόραση, Καλωδιακή Τηλεόραση, Internet, Ηλ. Συσκευές, Διπλά Τζάμια, Τέντες, Βεράντες, Επενδυτικό, Επιπλωμένο, Πολυτελές, Διαμπερές, Προσόψεως, Φωτεινό, Γωνιακό, Κλιματισμός, Νεόδμητο, Για Φοιτητές,  Ενοίκιο (Για 12+ μήνες € 990), Ενοίκιο (Για 6 + μήνες € 1030), Ενοίκιο (Για 2+ μήνες € 1070), Ενοίκιο (Για 1 μήνα € 1230), Προσανατολισμός: Ανατολικομεσημβρινός, Κοντά σε: Πάρκο, Τιμή: 990€. Yestayhomes, Τηλ. Επικοινωνίας: 6951683696",,"1",,"1","5",,,,,,,,,"1","0","2025-08-18","7","2","0","yes","yes","0","Αθήνα - Βόρεια Προάστια (Αττική)","Πεύκη (Αθήνα - Βόρεια Προάστια)","1","105103","101","2118","123051","Double","1","2","0","0","1","1213142930","https://m2.spitogatos.gr/243436762_1600x1200.jpg?v=20130730","https://m3.spitogatos.gr/243436769_1600x1200.jpg?v=20130730","https://m2.spitogatos.gr/243436771_1600x1200.jpg?v=20130730","https://m2.spitogatos.gr/243436774_1600x1200.jpg?v=20130730","https://m1.spitogatos.gr/243436776_1600x1200.jpg?v=20130730","https://m2.spitogatos.gr/243436780_1600x1200.jpg?v=20130730","https://m2.spitogatos.gr/243436783_1600x1200.jpg?v=20130730","https://m3.spitogatos.gr/243436787_1600x1200.jpg?v=20130730","https://m3.spitogatos.gr/243436790_1600x1200.jpg?v=20130730","https://m3.spitogatos.gr/243436793_1600x1200.jpg?v=20130730","https://m2.spitogatos.gr/243436798_1600x1200.jpg?v=20130730","https://m2.spitogatos.gr/243436801_1600x1200.jpg?v=20130730","https://m3.spitogatos.gr/243436805_1600x1200.jpg?v=20130730","https://m1.spitogatos.gr/243436809_1600x1200.jpg?v=20130730","https://m3.spitogatos.gr/243436814_1600x1200.jpg?v=20130730","https://m1.spitogatos.gr/243436818_1600x1200.jpg?v=20130730","https://m1.spitogatos.gr/243436824_1600x1200.jpg?v=20130730","https://m1.spitogatos.gr/243436842_1600x1200.jpg?v=20130730","https://m3.spitogatos.gr/243436847_1600x1200.jpg?v=20130730",,,,,,,"0","1","2","1","38.053696",,"1","1","23.786171",,"1",,,"2026-05-27","0","0",,"0",,"0","1",,"3","0","0","0",,"0","0","0","990","0","0","0","0","19.41","1","3","6",,"1","0",,"0","1","1","0","1","0","51","0",,,"1","1","0","2022-10-13","https://www.spitogatos.gr/en/property/1213142930",,"1",,"2010",,"residential"
