"AC","Floor Level","accessibleForDisabled","adType_code","adType_id","agentEmployee_firstName","agentEmployee_id","agentEmployee_lastName","agentEmployee_telephone","airy","alarm","attic","auction","availability","availableForDailyRent","awning","balcony","balconyArea","bright","builtInBBQ","byTheSea","category","caveBuilding","commonExpenses","corner","description","distanceSea","doubleGlass","electricCarChargingFacilities","elevator","energyClass","facade","fireplace","firstPublishDate","floorNumber","floorType","forCommercialUse","furnished","garage","garden","geographiesByLevel_2_fullName","geographiesByLevel_4_fullName","geographyParentIds_0","geographyParentIds_1","geographyParentIds_2","geographyParentIds_4","geographyParentIds_5","glassType","heatingController","heatingMedium","heatingUnderFloor","holidayHome","host_id","id","images/0","images/1","images/2","images/3","images/4","images/5","images/6","images/7","images/8","images/9","images/10","images/11","images/12","images/13","images/14","images/15","images/16","images/17","images/18","images/19","images/20","images/21","images/22","images/23","images/24","internal_stairs","investment","joinery","kitchens","latitude","levels","livingRooms","longitude","luxHome","mannedReception","medicalOffice","modified","negotiablePrice","neoclassic","newDevelopment","nightPower","no_of_WC","no_of_bathrooms","numberOfFloors","orientation","painted","penthouse","pestNet","petsAllowed","playroom","pool","preserved","price","priceChangeDate","priceChangePercentage","priceIncludesInternet","priceIncludesPower","priceIncludesSharedExp","priceIncludesWater","pricePerSqMeters","pricePreReduction","priceReduced","propertyPublishingOptionIds/0","propertyPublishingOptionIds/1","propertyPublishingOptionIds/2","published","renovated","renovationYear","requiresRenovation","road_type","rooms","satelite","secure_door","solar_heater","sq_meters","storage","storageArea","streetAddress","studentHome","subtype","unfinished","uploaded","url","view","wholeFloorApartment","year_of_construction","youtubeVideoId","zoning"
"1","3","no","simple","1",,,,,"1","0","0","0","2026-08-14","0","0","1","0","1","0",,"house","0",,"0","Η αναγραφόμενη τιμή αφορά μίσθωση 12 μηνών με προπληρωμή, εξαιρουμένων λογαριασμών και κοινοχρήστων.<br />
Κλείστε αυτό το διαμέρισμα τώρα:<br />
https://www.movingdoors.com/listing/furnished-apartments-athens-greece/athens-ath26042<br />
<br />
Καλώς ήρθατε στη Moving Doors! Σε μια πλήρως επιπλωμένη, ιδανική μεζονέτα 1 υπνοδωματίου στο Πάρκο Σταύρου Νιάρχου, όπου η πολυτέλεια συναντά την άνεση. Στη Moving Doors προσφέρουμε πλήρως εξοπλισμένα διαμερίσματα με μοντέρνο σχεδιασμό, που συνδυάζουν την κομψότητα με τη ζεστή ατμόσφαιρα του σπιτιού. Είτε επισκέπτεστε την Αθήνα για δουλειά, διασκέδαση ή οικογενειακές διακοπές, αυτό το πλήρως επιπλωμένο διαμέρισμα δεν είναι απλώς ένας χώρος διαμονής – είναι το δεύτερο σπίτι σας.<br />
<br />
Τί το κάνει ξεχωριστό:<br />
✔ Ευρύχωρη, πλήρως επιπλωμένη μεζονέτα 1 υπνοδωματίου στο Πάρκο Σταύρου Νιάρχου, ιδανικό για οικογένειες, παρέες ή επαγγελματίες<br />
✔ Απολαύστε premium ήχο με το ηχοσύστημα Marshall ή απολαύστε τον καφέ σας με τη μηχανή Nespresso<br />
✔ Γρήγορο internet<br />
✔ Ιδανική τοποθεσία, μόλις λίγα λεπτά από τα καλύτερα αξιοθέατα, καφέ και σημεία ενδιαφέροντος<br />
✔ Καθ’ όλη τη διάρκεια της διαμονής σας, μπορείτε να επικοινωνείτε εύκολα με την ομάδα υποστήριξης πελατών<br />
✔ Επαγγελματικές υπηρεσίες καθαριότητας και concierge, στη διάθεσή σας για κάθε σας ανάγκη<br />
<br />
Είτε σχεδιάζετε μια σύντομη είτε μια παρατεταμένη διαμονή, η Moving Doors σας προσφέρει πολυτελή διαμερίσματα στην Αθήνα, που συνδυάζουν στυλ, λειτουργικότητα και άνεση. Με προσοχή στη λεπτομέρεια, σας προσφέρουμε όλα όσα χρειάζεστε για μια ευχάριστη και ξέγνοιαστη διαμονή.",,,"0","1","1","1","0","2026-06-15","8","4","0","yes","no","0","Αθήνα - Νότια Προάστια (Αττική)","Καλλιθέα (Αθήνα - Νότια Προάστια)","1","105103","102","2215","106316","Double","1","2","0","1","1","1220122231","https://m1.spitogatos.gr/357937287_1600x1200.jpg?v=20130730","https://m2.spitogatos.gr/357937288_1600x1200.jpg?v=20130730","https://m1.spitogatos.gr/357937290_1600x1200.jpg?v=20130730","https://m1.spitogatos.gr/357937293_1600x1200.jpg?v=20130730","https://m3.spitogatos.gr/357937283_1600x1200.jpg?v=20130730","https://m3.spitogatos.gr/357937295_1600x1200.jpg?v=20130730","https://m1.spitogatos.gr/357937296_1600x1200.jpg?v=20130730","https://m3.spitogatos.gr/357937298_1600x1200.jpg?v=20130730","https://m2.spitogatos.gr/357937300_1600x1200.jpg?v=20130730","https://m2.spitogatos.gr/357937303_1600x1200.jpg?v=20130730","https://m3.spitogatos.gr/357937304_1600x1200.jpg?v=20130730","https://m2.spitogatos.gr/357937306_1600x1200.jpg?v=20130730","https://m3.spitogatos.gr/357937307_1600x1200.jpg?v=20130730","https://m3.spitogatos.gr/357937322_1600x1200.jpg?v=20130730","https://m2.spitogatos.gr/357937324_1600x1200.jpg?v=20130730","https://m1.spitogatos.gr/357937326_1600x1200.jpg?v=20130730","https://m2.spitogatos.gr/357937330_1600x1200.jpg?v=20130730","https://m2.spitogatos.gr/357937333_1600x1200.jpg?v=20130730","https://m1.spitogatos.gr/357937335_1600x1200.jpg?v=20130730","https://m1.spitogatos.gr/357937338_1600x1200.jpg?v=20130730",,,,,,"1","0","2","1","37.942829","1","1","23.69603","1","0","0","2026-07-28","0","0","1","0","0","2","8","10","1","0","0",,"0","0","0","1200",,,"0","0","0","0","20",,,"1","3",,"1","0",,"0","1","1","0","1","1","60","0",,"Λυσικράτους, 17, Καλλιθέα Ελλάδα, 17674","1","3","0","2026-06-15","https://www.spitogatos.gr/en/property/1220122231","0","0","2026",,"residential"
"1","4","yes","simple","1",,,,,"1","1","0","0","2026-07-20","0","0","1","20","1","0",,"house","0","20","1","Ενοικιάζεται οροφοδιαμέρισμα 88 τ.μ. στον 4ο όροφο, στην περιοχή της Καλλιθέας, σε σύγχρονη πολυκατοικία κατασκευής 2026, έτοιμο προς κατοίκηση, με το κλειδί στο χέρι. Πρόκειται για ένα νεόδμητο, μοντέρνο ακίνητο minimal αισθητικής, που συνδυάζει ποιότητα κατασκευής και λειτουργικότητα.<br />
Το διαμέρισμα αποτελείται από ενιαίο χώρο σαλονιού με τζάκι και κουζίνα, δύο άνετα υπνοδωμάτια, ένα μπάνιο, ένα επιπλέον W.C. Είναι γωνιακό, προσόψεως και διαμπερές, ιδιαίτερα φωτεινό, ευήλιο και ευάερο, με δυτικό προσανατολισμό και ανοιχτή θέα στο αστικό τοπίο. Διαθέτει άνετες βεράντες που προσφέρουν ιδανικούς χώρους χαλάρωσης.<br />
Η θέρμανση είναι αυτόνομη με φυσικό αέριο, ενώ το ακίνητο διαθέτει ενεργειακό τζάκι, καλοριφέρ, κλιματισμό και ηλιακό θερμοσίφωνα, εξασφαλίζοντας άνεση καθ’ όλη τη διάρκεια του έτους. Η κατασκευή περιλαμβάνει θερμομόνωση και θερμοπρόσοψη, κουφώματα αλουμινίου θερμοδιακοπτόμενα με διπλά ενεργειακά τζάμια, πλήρη ηχομόνωση και δάπεδα από πλακάκια υψηλής ποιότητας.<br />
Το διαμέρισμα παραδίδεται πλήρως εξοπλισμένο με ηλεκτρικές συσκευές (Whirlpool), όπως ψυγείο, φούρνο μικροκυμάτων, φούρνο, εστία φυσικού αερίου, πλυντήριο πιάτων και πλυντήριο ρούχων. Διαθέτει επίσης ηλεκτρικά ρολά, σίτες, πόρτα ασφαλείας (Siamos), θυροτηλεόραση, συναγερμό, ανιχνευτή καπνού, νυχτερινό και τριφασικό ρεύμα, καθώς και οπτική ίνα.<br />
Στα επιπλέον πλεονεκτήματα περιλαμβάνονται αποθήκη με παροχή ρεύματος από το διαμέρισμα, ασανσέρ, πρόσβαση με ράμπα για ΑμεΑ και θέσεις στάθμευσης στην πιλοτή με δυνατότητα εγκατάστασης φόρτισης ηλεκτρικού αυτοκινήτου. Το ακίνητο διαθέτει αυτόνομα ρολόγια ΔΕΗ, ΕΥΔΑΠ και φυσικού αερίου, ενώ επιτρέπονται κατοικίδια και βρίσκεται σε ήσυχη γειτονιά.<br />
Η τοποθεσία του είναι εξαιρετικά προνομιακή, με άμεση πρόσβαση σε Μετρό, Τραμ, Ηλεκτρικό και βασικούς οδικούς άξονες, ενώ βρίσκεται κοντά σε πάρκα, σχολεία, παιδικούς σταθμούς, λαϊκή αγορά, σούπερ μάρκετ, εμπορικά κέντρα και χώρους εστίασης και διασκέδασης. Απέχει μόλις 10 λεπτά από το Ίδρυμα Σταύρος Νιάρχος και περίπου 3 χλμ. από τη Μαρίνα Φλοίσβου και το παραλιακό μέτωπο.<br />
Είναι έτοιμο προς κατοίκηση και αποτελεί εξαιρετική επιλογή συνδυάζοντας σύγχρονες προδιαγραφές κατασκευής, πλήρη εξοπλισμό και στρατηγική τοποθεσία στην καρδιά της Καλλιθέας.<br />
<br />
<br />
Για άμεση και προσωπική εξυπηρέτηση, επικοινωνήστε σήμερα με το Axon Real Estate στο 2109229058 ή στο info@axon.com.gr. Η έμπειρη ομάδα μας σας απαντά γρήγορα και με συνέπεια, προτείνοντας λύσεις προσαρμοσμένες στις ανάγκες σας και συνοδεύοντας κάθε βήμα της αναζήτησής σας μέχρι να αποκτήσετε το ιδανικό σπίτι. Ένας εξειδικευμένος συνεργάτης είναι πάντα στη διάθεσή σας για άμεσο ραντεβού και υπεύθυνη ενημέρωση, ώστε να απολαύσετε μια πραγματικά ανώτερη εμπειρία αγοράς ακινήτου.<br />
<br />
Παρακαλείται ο ενδιαφερόμενος όπως, κατά την προσέλευση στο ραντεβού, φέρει απαραιτήτως μαζί του την αστυνομική του ταυτότητα, για λόγους ταυτοποίησης.<br />
<br />
Axon Real Estate, Τηλέφωνο Επικοινωνίας: 2109229058, email: info@axon.com.gr, website: www.axonrealestate.gr",,,"0","1","2","1","1","2026-07-20","9","4","0","no","yes","0","Αθήνα - Νότια Προάστια (Αττική)","Καλλιθέα (Αθήνα - Νότια Προάστια)","1","105103","102","2215",,"Double","4","2","0","0","1","1220425472","https://m3.spitogatos.gr/362459852_1600x1200.jpg?v=20130730","https://m2.spitogatos.gr/362459857_1600x1200.jpg?v=20130730","https://m1.spitogatos.gr/362459859_1600x1200.jpg?v=20130730","https://m3.spitogatos.gr/362459861_1600x1200.jpg?v=20130730","https://m3.spitogatos.gr/362459864_1600x1200.jpg?v=20130730","https://m2.spitogatos.gr/362459866_1600x1200.jpg?v=20130730","https://m1.spitogatos.gr/362459868_1600x1200.jpg?v=20130730","https://m3.spitogatos.gr/362459870_1600x1200.jpg?v=20130730","https://m3.spitogatos.gr/362459873_1600x1200.jpg?v=20130730","https://m3.spitogatos.gr/362459876_1600x1200.jpg?v=20130730","https://m1.spitogatos.gr/362459877_1600x1200.jpg?v=20130730","https://m2.spitogatos.gr/362459878_1600x1200.jpg?v=20130730","https://m3.spitogatos.gr/362459879_1600x1200.jpg?v=20130730","https://m2.spitogatos.gr/362459881_1600x1200.jpg?v=20130730","https://m1.spitogatos.gr/362459883_1600x1200.jpg?v=20130730","https://m1.spitogatos.gr/362459886_1600x1200.jpg?v=20130730","https://m3.spitogatos.gr/362459894_1600x1200.jpg?v=20130730","https://m1.spitogatos.gr/362459898_1600x1200.jpg?v=20130730","https://m2.spitogatos.gr/362459902_1600x1200.jpg?v=20130730","https://m3.spitogatos.gr/362459906_1600x1200.jpg?v=20130730","https://m3.spitogatos.gr/362459909_1600x1200.jpg?v=20130730","https://m1.spitogatos.gr/362459913_1600x1200.jpg?v=20130730","https://m3.spitogatos.gr/362459918_1600x1200.jpg?v=20130730","https://m2.spitogatos.gr/362459923_1600x1200.jpg?v=20130730","https://m2.spitogatos.gr/362459929_1600x1200.jpg?v=20130730","0","0","2","1","37.94643","1","1","23.692091","0","0","0","2026-07-20","0","0","1","1","1","1",,"7","1","0","1","1","0","0","0","1300",,,"0","0","0","0","14.77",,,"1","3","6","1","0",,"0","1","2","0","1","1","88","1","10",,"0","1","0","2026-07-20","https://www.spitogatos.gr/en/property/1220425472","1","1","2026",,"residential"
"1","5","no","simple","1",,,,,"1","0","0","0","2026-07-16","0","1","1","20","1","0","false","house","0","50","0","Κωδικός Ακινήτου: #12531. Καλλιθέα, Αγία Ελεούσα: Ενοικιάζεται μερικώς ανακαινισμένο διαμπερές Διαμέρισμα 112τ.μ. στον 5ο όροφο με ασανσέρ με αυτόνομη θέρμανση πετρελαίου. Αποτελείται από 3 υπνοδωμάτια, 1 κουζίνα, 1 σαλόνι, και 2 μπάνια. Είναι πλήρως επιπλωμένο, εξοπλισμένο, κατασκευασμένο το 2005, βαμμένο, κοντά σε ΜΕΣΑ ΜΑΖΙΚΗΣ ΜΕΤΑΦΟΡΑΣ και διαθέτει ωραία θέα, κουφώματα αλουμινίου με διπλά τζάμια, πόρτα ασφαλείας, εξωτερική θέση στάθμευσης, κλιματισμό, δάπεδα από πλακάκι, τέντες, σίτες, ηλιακό θερμοσίφωνα.. Επιπλέον χαρακτηριστικά: ΘΥΡΟΤΗΛΕΟΡΑΣΗ.<br><br />
Τιμή 1.200€ | Κωδικός Ακινήτου: #12531<br><br />
 <br><br />
ΚΑΤΑ ΤΗΝ ΥΠΟΔΕΙΞΗ ΤΟΥ ΑΚΙΝΗΤΟΥ ΑΠΑΙΤΕΙΤΑΙ ΝΑ ΓΙΝΕΤΑΙ ΕΠΙΔΕΙΞΗ ΤΗΣ ΑΣΤΥΝΟΜΙΚΗΣ ΣΑΣ ΤΑΥΤΟΤΗΤΑΣ ΣΥΜΦΩΝΑ ΜΕ ΤΟΝ Ν.4072/11-04-2012 Φ.Ε.Κ 86Α<br /><br />ΤΑ ΣΤΟΙΧΕΙΑ ΤΩΝ ΑΚΙΝΗΤΩΝ ΕΙΝΑΙ ΚΑΤΑ ΔΗΛΩΣΗ ΤΟΥ ΙΔΙΟΚΤΗΤΗ<br /><br />ΑΚΙΝΗΤΑ ΑΠΟΚΛΕΙΣΤΙΚΗΣ ΔΙΑΘΕΣΗΣ ΜΕ ΦΩΤΟΓΡΑΦΙΕΣ ΠΟΥ ΔΙΑΧΕΙΡΙΖΕΤΑΙ Η ΕΤΑΙΡΙΑ ΜΑΣ ΘΑ ΒΡΕΙΤΕ ΣΤΗΝ ΙΣΤΟΣΕΛΙΔΑ ΜΑΣ<br /><br /> ►WEBSITE: www.tzelihome.gr<br /><br /> ✔ ΓΙΑ ΤΗΝ ΚΑΛΥΤΕΡΗ ΕΞΥΠΗΡΕΤΗΣΗ ΣΑΣ ΧΡΗΣΙΜΟΠΟΙΕΙΣΤΕ ΤΟΝ ΚΩΔΙΚΟ ΑΚΙΝΗΤΟΥ ΠΟΥ ΑΝΑΓΡΑΦΕΤΑΙ ΣΤΗΝ ΠΕΡΙΓΡΑΦΗ<br /> ✔ Η ΔΙΕΥΘΥΝΣΗ ΣΤΟΝ ΧΑΡΤΗ ΕΧΕΙ ΤΟΠΟΘΕΤΗΘΕΙ ΚΑΤΑ ΠΡΟΣΕΓΓΙΣΗ<br /> ✔ ΟΙ ΑΚΡΙΒΕΙΣ ΠΛΗΡΟΦΟΡΙΕΣ ΤΗΣ ΔΙΕΥΘΥΝΣΗΣ ΠΑΡΕΧΟΝΤΑΙ ΣΤΗΝ ΥΠΟΔΕΙΞΗ ΤΟΥ ΑΚΙΝΗΤΟΥ<br /><br /> ΜΕΣΙΤΙΚΟ ΓΡΑΦΕΙΟ TZELI HOME<br /> ΥΜΗΤΤΟΥ 41 , ΚΑΙΣΑΡΙΑΝΗ , ΤΚ 16121<br /><br /> ΕΠΙΚΟΙΝΩΝΗΣΤΕ ΜΑΖΙ ΜΑΣ:<br /> ►WEBSITE : www.tzelihome.gr<br /> ►E-MAIL : tzelihome@gmail.com<br /> ►ΚΙΝΗΤΟ : 6906.062.919 <br /> ►ΤΗΛΕΦΩΝΟ : 211.001.4573 & 211.001.4574<br>","4000",,"0","1","5","0","0","2026-07-16","10","4","0","yes","yes","0","Αθήνα - Νότια Προάστια (Αττική)","Καλλιθέα (Αθήνα - Νότια Προάστια)","1","105103","102","2215","107190","Double","1","1","0","0","1","1220399037","https://m3.spitogatos.gr/362044844_1600x1200.jpg?v=20130730","https://m3.spitogatos.gr/362044865_1600x1200.jpg?v=20130730","https://m1.spitogatos.gr/362044875_1600x1200.jpg?v=20130730","https://m1.spitogatos.gr/362044887_1600x1200.jpg?v=20130730","https://m2.spitogatos.gr/362044900_1600x1200.jpg?v=20130730","https://m3.spitogatos.gr/362044916_1600x1200.jpg?v=20130730","https://m3.spitogatos.gr/362044943_1600x1200.jpg?v=20130730","https://m2.spitogatos.gr/362044951_1600x1200.jpg?v=20130730","https://m2.spitogatos.gr/362044957_1600x1200.jpg?v=20130730","https://m2.spitogatos.gr/362044978_1600x1200.jpg?v=20130730","https://m2.spitogatos.gr/362044987_1600x1200.jpg?v=20130730","https://m3.spitogatos.gr/362045006_1600x1200.jpg?v=20130730","https://m1.spitogatos.gr/362045010_1600x1200.jpg?v=20130730","https://m2.spitogatos.gr/362045032_1600x1200.jpg?v=20130730","https://m3.spitogatos.gr/362045048_1600x1200.jpg?v=20130730","https://m3.spitogatos.gr/362045057_1600x1200.jpg?v=20130730","https://m2.spitogatos.gr/362045062_1600x1200.jpg?v=20130730","https://m1.spitogatos.gr/362045067_1600x1200.jpg?v=20130730","https://m1.spitogatos.gr/362045091_1600x1200.jpg?v=20130730","https://m2.spitogatos.gr/362045095_1600x1200.jpg?v=20130730","https://m3.spitogatos.gr/362045114_1600x1200.jpg?v=20130730","https://m1.spitogatos.gr/362045118_1600x1200.jpg?v=20130730","https://m3.spitogatos.gr/362045126_1600x1200.jpg?v=20130730","https://m3.spitogatos.gr/362045132_1600x1200.jpg?v=20130730","https://m1.spitogatos.gr/362045154_1600x1200.jpg?v=20130730","0","0","2","1","37.95372","1","1","23.691174","0","0","0","2026-07-23","0","0",,"0","0","2",,"2","1","0","1",,"0","0","0","1200",,,"0","0","0","0","10.71",,,"1","3","6","1","1","2024","0","1","3","0","1","1","112","0",,,"0","1","0","2026-07-16","https://www.spitogatos.gr/en/property/1220399037","1",,"2005","OIUn5DLenx4","residential"
"1","1","no","simple","1",,,,,"1","1","0","0","2026-07-09","0","1","1","8","1","0","false","house","0","10","0"," Κωδικός Ακινήτου: #12423<br><br />
Στην Καλλιθέα, στην περιοχή του Λόφου Φιλαρέτου, διατίθεται προς ενοικίαση ένα πλήρως ανακαινισμένο, διαμπερές και ιδιαίτερα φωτεινό διαμέρισμα 63 τ.μ., προσόψεως, στον 1ο όροφο πολυκατοικίας με ασανσέρ. Το ακίνητο, κατασκευής 1975, είναι πλήρως επιπλωμένο και εξοπλισμένο, έτοιμο να καλύψει άμεσα τις ανάγκες μιας σύγχρονης και άνετης διαβίωσης. Αποτελείται από δύο άνετα υπνοδωμάτια, λειτουργικό σαλόνι, ανεξάρτητη κουζίνα και μπάνιο, με προσεγμένη διαρρύθμιση που αξιοποιεί στο έπακρο τους χώρους. Διαθέτει κεντρική θέρμανση πετρελαίου και κλιματισμό για ιδανικές συνθήκες καθ’ όλη τη διάρκεια του έτους, ενώ τα κουφώματα αλουμινίου με διπλά τζάμια, η πόρτα ασφαλείας και ο συναγερμός προσφέρουν αυξημένη ασφάλεια. Τα δάπεδα από πλακάκι εξασφαλίζουν πρακτικότητα, ενώ οι τέντες και οι σίτες ενισχύουν την καθημερινή άνεση. Ο ηλιακός θερμοσίφωνας συμβάλλει στην εξοικονόμηση ενέργειας, ενώ τα χαμηλά κοινόχρηστα αποτελούν σημαντικό πλεονέκτημα.<br><br />
Επιπλέον, το πατάρι προσφέρει χρήσιμο αποθηκευτικό χώρο, ενώ το ακίνητο είναι φιλικό προς τα κατοικίδια. Πρόκειται για μία εξαιρετική επιλογή για οικογένειες, ζευγάρια ή επαγγελματίες που αναζητούν ένα ποιοτικό και πλήρως εξοπλισμένο σπίτι σε μία ήσυχη και ταυτόχρονα κεντρική περιοχή.<br><br />
Τιμή ενοικίασης: 850€ | Κωδικός Ακινήτου: #12423<br><br />
 <br><br />
ΚΑΤΑ ΤΗΝ ΥΠΟΔΕΙΞΗ ΤΟΥ ΑΚΙΝΗΤΟΥ ΑΠΑΙΤΕΙΤΑΙ ΝΑ ΓΙΝΕΤΑΙ ΕΠΙΔΕΙΞΗ ΤΗΣ ΑΣΤΥΝΟΜΙΚΗΣ ΣΑΣ ΤΑΥΤΟΤΗΤΑΣ ΣΥΜΦΩΝΑ ΜΕ ΤΟΝ Ν.4072/11-04-2012 Φ.Ε.Κ 86Α<br /><br />ΤΑ ΣΤΟΙΧΕΙΑ ΤΩΝ ΑΚΙΝΗΤΩΝ ΕΙΝΑΙ ΚΑΤΑ ΔΗΛΩΣΗ ΤΟΥ ΙΔΙΟΚΤΗΤΗ<br /><br />ΑΚΙΝΗΤΑ ΑΠΟΚΛΕΙΣΤΙΚΗΣ ΔΙΑΘΕΣΗΣ ΜΕ ΦΩΤΟΓΡΑΦΙΕΣ ΠΟΥ ΔΙΑΧΕΙΡΙΖΕΤΑΙ Η ΕΤΑΙΡΙΑ ΜΑΣ ΘΑ ΒΡΕΙΤΕ ΣΤΗΝ ΙΣΤΟΣΕΛΙΔΑ ΜΑΣ<br /><br /> ►WEBSITE: www.tzelihome.gr<br /><br /> ✔ ΓΙΑ ΤΗΝ ΚΑΛΥΤΕΡΗ ΕΞΥΠΗΡΕΤΗΣΗ ΣΑΣ ΧΡΗΣΙΜΟΠΟΙΕΙΣΤΕ ΤΟΝ ΚΩΔΙΚΟ ΑΚΙΝΗΤΟΥ ΠΟΥ ΑΝΑΓΡΑΦΕΤΑΙ ΣΤΗΝ ΠΕΡΙΓΡΑΦΗ<br /> ✔ Η ΔΙΕΥΘΥΝΣΗ ΣΤΟΝ ΧΑΡΤΗ ΕΧΕΙ ΤΟΠΟΘΕΤΗΘΕΙ ΚΑΤΑ ΠΡΟΣΕΓΓΙΣΗ<br /> ✔ ΟΙ ΑΚΡΙΒΕΙΣ ΠΛΗΡΟΦΟΡΙΕΣ ΤΗΣ ΔΙΕΥΘΥΝΣΗΣ ΠΑΡΕΧΟΝΤΑΙ ΣΤΗΝ ΥΠΟΔΕΙΞΗ ΤΟΥ ΑΚΙΝΗΤΟΥ<br /><br /> ΜΕΣΙΤΙΚΟ ΓΡΑΦΕΙΟ TZELI HOME<br /> ΥΜΗΤΤΟΥ 41 , ΚΑΙΣΑΡΙΑΝΗ , ΤΚ 16121<br /><br /> ΕΠΙΚΟΙΝΩΝΗΣΤΕ ΜΑΖΙ ΜΑΣ:<br /> ►WEBSITE : www.tzelihome.gr<br /> ►E-MAIL : tzelihome@gmail.com<br /> ►ΚΙΝΗΤΟ : 6906.062.919 <br /> ►ΤΗΛΕΦΩΝΟ : 211.001.4573 & 211.001.4574<br>","5000",,"0","1","6","1","0","2026-07-09","6","4","0","yes","no","0","Αθήνα - Νότια Προάστια (Αττική)","Καλλιθέα (Αθήνα - Νότια Προάστια)","1","105103","102","2215","106292","Double","2","1","0","0","1","1220341999","https://m3.spitogatos.gr/361075739_1600x1200.jpg?v=20130730","https://m1.spitogatos.gr/361075743_1600x1200.jpg?v=20130730","https://m3.spitogatos.gr/361075748_1600x1200.jpg?v=20130730","https://m2.spitogatos.gr/361075753_1600x1200.jpg?v=20130730","https://m1.spitogatos.gr/361075758_1600x1200.jpg?v=20130730","https://m1.spitogatos.gr/361075761_1600x1200.jpg?v=20130730","https://m3.spitogatos.gr/361075769_1600x1200.jpg?v=20130730","https://m3.spitogatos.gr/361075775_1600x1200.jpg?v=20130730","https://m2.spitogatos.gr/361075780_1600x1200.jpg?v=20130730","https://m1.spitogatos.gr/361075785_1600x1200.jpg?v=20130730","https://m1.spitogatos.gr/361075791_1600x1200.jpg?v=20130730","https://m3.spitogatos.gr/361075796_1600x1200.jpg?v=20130730","https://m3.spitogatos.gr/361075802_1600x1200.jpg?v=20130730","https://m3.spitogatos.gr/361075805_1600x1200.jpg?v=20130730","https://m2.spitogatos.gr/361075810_1600x1200.jpg?v=20130730","https://m2.spitogatos.gr/361075816_1600x1200.jpg?v=20130730","https://m3.spitogatos.gr/361075826_1600x1200.jpg?v=20130730","https://m2.spitogatos.gr/361075831_1600x1200.jpg?v=20130730","https://m2.spitogatos.gr/361075834_1600x1200.jpg?v=20130730","https://m3.spitogatos.gr/361075838_1600x1200.jpg?v=20130730","https://m2.spitogatos.gr/361075840_1600x1200.jpg?v=20130730","https://m1.spitogatos.gr/361075842_1600x1200.jpg?v=20130730","https://m2.spitogatos.gr/361075843_1600x1200.jpg?v=20130730","https://m1.spitogatos.gr/361075845_1600x1200.jpg?v=20130730","https://m2.spitogatos.gr/361075849_1600x1200.jpg?v=20130730","0","0","2","1","37.952423","1","1","23.699648","0","0","0","2026-07-17","0","0",,"0","0","1",,"2","1","0","1","1","0","0","0","850",,,"0","0","0","0","13.49",,,"1","3","6","1","1","2024","0","1","2","0","1","1","63","0",,,"0","1","0","2026-07-09","https://www.spitogatos.gr/en/property/1220341999","0",,"1975","d3KqgS2yjJo","residential"
"1","2","no","simple","1",,,,,"1","0","0","0","2026-05-27","0","1","0","8","1","0","false","house","0","20","0","Κωδικός Ακινήτου: #11813<br><br />
Στο κέντρο της Καλλιθέας, σε ιδιαίτερα προνομιακή τοποθεσία κοντά σε αγορά, συγκοινωνίες και όλες τις καθημερινές εξυπηρετήσεις, διατίθεται προς ενοικίαση διαμπερές και μερικώς ανακαινισμένο διαμέρισμα 75 τ.μ., στον 2ο όροφο πολυκατοικίας με ασανσέρ. Το ακίνητο είναι φωτεινό και λειτουργικό, αποτελούμενο από δύο άνετα υπνοδωμάτια, ευρύχωρο σαλόνι, ανεξάρτητη κουζίνα και μπάνιο, προσφέροντας ιδανική διαρρύθμιση για ζευγάρια, οικογένειες ή επαγγελματίες. Κατασκευής 1967 και πρόσφατα βαμμένο, διαθέτει κουφώματα αλουμινίου με διπλά τζάμια, πόρτα ασφαλείας, κλιματισμό, ηλιακό θερμοσίφωνα, τέντες και πατάρι αποθήκευσης, ενώ τα δάπεδα από μωσαϊκό διατηρούν τον διαχρονικό χαρακτήρα του διαμερίσματος. Μία εξαιρετική επιλογή κατοικίας σε μία από τις πιο ζωντανές και εξυπηρετικές περιοχές της Αθήνας.<br><br />
 <br><br />
Τιμή ενοικίασης: 700€ | Κωδικός Ακινήτου: #11813<br><br />
 <br><br />
 ΚΑΤΑ ΤΗΝ ΥΠΟΔΕΙΞΗ ΤΟΥ ΑΚΙΝΗΤΟΥ ΑΠΑΙΤΕΙΤΑΙ ΝΑ ΓΙΝΕΤΑΙ ΕΠΙΔΕΙΞΗ ΤΗΣ ΑΣΤΥΝΟΜΙΚΗΣ ΣΑΣ ΤΑΥΤΟΤΗΤΑΣ ΣΥΜΦΩΝΑ ΜΕ ΤΟΝ Ν.4072/11-04-2012 Φ.Ε.Κ 86Α<br /><br />ΤΑ ΣΤΟΙΧΕΙΑ ΤΩΝ ΑΚΙΝΗΤΩΝ ΕΙΝΑΙ ΚΑΤΑ ΔΗΛΩΣΗ ΤΟΥ ΙΔΙΟΚΤΗΤΗ<br /><br />ΑΚΙΝΗΤΑ ΑΠΟΚΛΕΙΣΤΙΚΗΣ ΔΙΑΘΕΣΗΣ ΜΕ ΦΩΤΟΓΡΑΦΙΕΣ ΠΟΥ ΔΙΑΧΕΙΡΙΖΕΤΑΙ Η ΕΤΑΙΡΙΑ ΜΑΣ ΘΑ ΒΡΕΙΤΕ ΣΤΗΝ ΙΣΤΟΣΕΛΙΔΑ ΜΑΣ<br /><br /> ►WEBSITE: www.tzelihome.gr<br /><br /> ✔ ΓΙΑ ΤΗΝ ΚΑΛΥΤΕΡΗ ΕΞΥΠΗΡΕΤΗΣΗ ΣΑΣ ΧΡΗΣΙΜΟΠΟΙΕΙΣΤΕ ΤΟΝ ΚΩΔΙΚΟ ΑΚΙΝΗΤΟΥ ΠΟΥ ΑΝΑΓΡΑΦΕΤΑΙ ΣΤΗΝ ΠΕΡΙΓΡΑΦΗ<br /> ✔ Η ΔΙΕΥΘΥΝΣΗ ΣΤΟΝ ΧΑΡΤΗ ΕΧΕΙ ΤΟΠΟΘΕΤΗΘΕΙ ΚΑΤΑ ΠΡΟΣΕΓΓΙΣΗ<br /> ✔ ΟΙ ΑΚΡΙΒΕΙΣ ΠΛΗΡΟΦΟΡΙΕΣ ΤΗΣ ΔΙΕΥΘΥΝΣΗΣ ΠΑΡΕΧΟΝΤΑΙ ΣΤΗΝ ΥΠΟΔΕΙΞΗ ΤΟΥ ΑΚΙΝΗΤΟΥ<br /><br /> ΜΕΣΙΤΙΚΟ ΓΡΑΦΕΙΟ TZELI HOME<br /> ΥΜΗΤΤΟΥ 41 , ΚΑΙΣΑΡΙΑΝΗ , ΤΚ 16121<br /><br /> ΕΠΙΚΟΙΝΩΝΗΣΤΕ ΜΑΖΙ ΜΑΣ:<br /> ►WEBSITE : www.tzelihome.gr<br /> ►E-MAIL : tzelihome@gmail.com<br /> ►ΚΙΝΗΤΟ : 6906.062.919 <br /> ►ΤΗΛΕΦΩΝΟ : 211.001.4573 & 211.001.4574<br>","3000",,"0","1","8","0","0","2026-05-27","7","5","0","no","no","0","Αθήνα - Νότια Προάστια (Αττική)","Καλλιθέα (Αθήνα - Νότια Προάστια)","1","105103","102","2215","106292","Double","1","4","0","0","1","1219964433","https://m3.spitogatos.gr/357655361_1600x1200.jpg?v=20130730","https://m1.spitogatos.gr/357655362_1600x1200.jpg?v=20130730","https://m2.spitogatos.gr/357655366_1600x1200.jpg?v=20130730","https://m3.spitogatos.gr/357655391_1600x1200.jpg?v=20130730","https://m1.spitogatos.gr/357655395_1600x1200.jpg?v=20130730","https://m2.spitogatos.gr/357655411_1600x1200.jpg?v=20130730","https://m1.spitogatos.gr/357655416_1600x1200.jpg?v=20130730","https://m1.spitogatos.gr/357655431_1600x1200.jpg?v=20130730","https://m1.spitogatos.gr/357655455_1600x1200.jpg?v=20130730","https://m2.spitogatos.gr/357655465_1600x1200.jpg?v=20130730","https://m2.spitogatos.gr/357655471_1600x1200.jpg?v=20130730","https://m2.spitogatos.gr/357655483_1600x1200.jpg?v=20130730","https://m2.spitogatos.gr/357655495_1600x1200.jpg?v=20130730","https://m3.spitogatos.gr/357655502_1600x1200.jpg?v=20130730","https://m2.spitogatos.gr/357655507_1600x1200.jpg?v=20130730","https://m1.spitogatos.gr/357655533_1600x1200.jpg?v=20130730","https://m3.spitogatos.gr/357655538_1600x1200.jpg?v=20130730","https://m2.spitogatos.gr/357655543_1600x1200.jpg?v=20130730","https://m2.spitogatos.gr/357655558_1600x1200.jpg?v=20130730","https://m3.spitogatos.gr/357655577_1600x1200.jpg?v=20130730","https://m1.spitogatos.gr/357655584_1600x1200.jpg?v=20130730","https://m2.spitogatos.gr/357655597_1600x1200.jpg?v=20130730","https://m2.spitogatos.gr/357655603_1600x1200.jpg?v=20130730","https://m1.spitogatos.gr/357655620_1600x1200.jpg?v=20130730","https://m2.spitogatos.gr/357655624_1600x1200.jpg?v=20130730","0","0","2","1","37.954071","1","1","23.702211","0","0","0","2026-06-23","0","0",,"0","0","1",,"11","1","0","0",,"0","0","0","700",,,"0","0","0","0","9.33",,,"1","3","6","1","1","2026","0","1","2","0","1","1","75","0",,,"0","1","0","2026-05-27","https://www.spitogatos.gr/en/property/1219964433","0",,"1967","Kl2j5QQkcjs","residential"
"1","2","no","simple","1",,,,,"1","0","0","0","2026-05-25","0","1","0","12","1","0","false","house","0","20","0","Κωδικός Ακινήτου: #11776  Καλλιθέα, Χαροκόπου: Ενοικιάζεται φωτεινό και διαμπερές διαμέρισμα 89 τ.μ. στον 2ο όροφο πολυκατοικίας με ασανσέρ, σε ιδιαίτερα προνομιακή τοποθεσία με άμεση πρόσβαση σε μέσα μαζικής μεταφοράς. Το ακίνητο είναι μερικώς ανακαινισμένο και προσφέρει άνετους και λειτουργικούς χώρους, αποτελούμενο από τρία υπνοδωμάτια, ευρύχωρο σαλόνι, ανεξάρτητη κουζίνα και μπάνιο. Διαθέτει κεντρική θέρμανση πετρελαίου, κλιματισμό, κουφώματα αλουμινίου με διπλά τζάμια, πόρτα ασφαλείας, ηλιακό θερμοσίφωνα και τέντες, εξασφαλίζοντας άνεση και πρακτικότητα στην καθημερινότητα. Τα δάπεδα από μωσαϊκό και ξύλο προσδίδουν διαχρονικό χαρακτήρα στον χώρο, ενώ το πατάρι αποθήκευσης προσφέρει επιπλέον αποθηκευτικές λύσεις. Πρόκειται για μία εξαιρετική επιλογή κατοικίας που συνδυάζει λειτουργικότητα, άνεση και πολύ καλή τοποθεσία.<br><br />
 <br><br />
Τιμή 800€ | Κωδικός Ακινήτου: #11776<br><br />
 <br><br />
ΚΑΤΑ ΤΗΝ ΥΠΟΔΕΙΞΗ ΤΟΥ ΑΚΙΝΗΤΟΥ ΑΠΑΙΤΕΙΤΑΙ ΝΑ ΓΙΝΕΤΑΙ ΕΠΙΔΕΙΞΗ ΤΗΣ ΑΣΤΥΝΟΜΙΚΗΣ ΣΑΣ ΤΑΥΤΟΤΗΤΑΣ ΣΥΜΦΩΝΑ ΜΕ ΤΟΝ Ν.4072/11-04-2012 Φ.Ε.Κ 86Α<br /><br />ΤΑ ΣΤΟΙΧΕΙΑ ΤΩΝ ΑΚΙΝΗΤΩΝ ΕΙΝΑΙ ΚΑΤΑ ΔΗΛΩΣΗ ΤΟΥ ΙΔΙΟΚΤΗΤΗ<br /><br />ΑΚΙΝΗΤΑ ΑΠΟΚΛΕΙΣΤΙΚΗΣ ΔΙΑΘΕΣΗΣ ΜΕ ΦΩΤΟΓΡΑΦΙΕΣ ΠΟΥ ΔΙΑΧΕΙΡΙΖΕΤΑΙ Η ΕΤΑΙΡΙΑ ΜΑΣ ΘΑ ΒΡΕΙΤΕ ΣΤΗΝ ΙΣΤΟΣΕΛΙΔΑ ΜΑΣ<br /><br /> ►WEBSITE: www.tzelihome.gr<br /><br /> ✔ ΓΙΑ ΤΗΝ ΚΑΛΥΤΕΡΗ ΕΞΥΠΗΡΕΤΗΣΗ ΣΑΣ ΧΡΗΣΙΜΟΠΟΙΕΙΣΤΕ ΤΟΝ ΚΩΔΙΚΟ ΑΚΙΝΗΤΟΥ ΠΟΥ ΑΝΑΓΡΑΦΕΤΑΙ ΣΤΗΝ ΠΕΡΙΓΡΑΦΗ<br /> ✔ Η ΔΙΕΥΘΥΝΣΗ ΣΤΟΝ ΧΑΡΤΗ ΕΧΕΙ ΤΟΠΟΘΕΤΗΘΕΙ ΚΑΤΑ ΠΡΟΣΕΓΓΙΣΗ<br /> ✔ ΟΙ ΑΚΡΙΒΕΙΣ ΠΛΗΡΟΦΟΡΙΕΣ ΤΗΣ ΔΙΕΥΘΥΝΣΗΣ ΠΑΡΕΧΟΝΤΑΙ ΣΤΗΝ ΥΠΟΔΕΙΞΗ ΤΟΥ ΑΚΙΝΗΤΟΥ<br /><br /> ΜΕΣΙΤΙΚΟ ΓΡΑΦΕΙΟ TZELI HOME<br /> ΥΜΗΤΤΟΥ 41 , ΚΑΙΣΑΡΙΑΝΗ , ΤΚ 16121<br /><br /> ΕΠΙΚΟΙΝΩΝΗΣΤΕ ΜΑΖΙ ΜΑΣ:<br /> ►WEBSITE : www.tzelihome.gr<br /> ►E-MAIL : tzelihome@gmail.com<br /> ►ΚΙΝΗΤΟ : 6906.062.919 <br /> ►ΤΗΛΕΦΩΝΟ : 211.001.4573 & 211.001.4574<br>","4500",,"0","1","8","0","0","2026-05-25","7","11","0","no","no","0","Αθήνα - Νότια Προάστια (Αττική)","Καλλιθέα (Αθήνα - Νότια Προάστια)","1","105103","102","2215","106320","Double","2","1","0","0","1","1219948127","https://m3.spitogatos.gr/355673354_1600x1200.jpg?v=20130730","https://m2.spitogatos.gr/355673359_1600x1200.jpg?v=20130730","https://m2.spitogatos.gr/355673362_1600x1200.jpg?v=20130730","https://m2.spitogatos.gr/355673365_1600x1200.jpg?v=20130730","https://m2.spitogatos.gr/355673368_1600x1200.jpg?v=20130730","https://m3.spitogatos.gr/355673372_1600x1200.jpg?v=20130730","https://m2.spitogatos.gr/355673377_1600x1200.jpg?v=20130730","https://m3.spitogatos.gr/355673381_1600x1200.jpg?v=20130730","https://m2.spitogatos.gr/355673386_1600x1200.jpg?v=20130730","https://m1.spitogatos.gr/355673388_1600x1200.jpg?v=20130730","https://m3.spitogatos.gr/355673390_1600x1200.jpg?v=20130730","https://m2.spitogatos.gr/355673392_1600x1200.jpg?v=20130730","https://m1.spitogatos.gr/355673394_1600x1200.jpg?v=20130730","https://m1.spitogatos.gr/355673400_1600x1200.jpg?v=20130730","https://m3.spitogatos.gr/355673408_1600x1200.jpg?v=20130730","https://m2.spitogatos.gr/355673416_1600x1200.jpg?v=20130730","https://m1.spitogatos.gr/355673421_1600x1200.jpg?v=20130730","https://m2.spitogatos.gr/355673425_1600x1200.jpg?v=20130730","https://m1.spitogatos.gr/355673430_1600x1200.jpg?v=20130730","https://m2.spitogatos.gr/355673437_1600x1200.jpg?v=20130730","https://m3.spitogatos.gr/355673441_1600x1200.jpg?v=20130730","https://m3.spitogatos.gr/355673447_1600x1200.jpg?v=20130730","https://m2.spitogatos.gr/355673452_1600x1200.jpg?v=20130730","https://m1.spitogatos.gr/355673457_1600x1200.jpg?v=20130730","https://m2.spitogatos.gr/355673461_1600x1200.jpg?v=20130730","0","0","2","1","37.956837","1","1","23.712744","0","0","0","2026-06-05","0","0",,"0","0","1",,"3","1","0","0",,"0","0","0","800",,,"0","0","0","0","8.99",,,"1","3","6","1","1","2026","0","1","3","0","1","1","89","0",,,"0","1","0","2026-05-25","https://www.spitogatos.gr/en/property/1219948127","0",,"1967","X2a4TX1w9ls","residential"
"1","3","no","simple","1",,,,,"1","0","0","0","2026-05-09","0","1","0","6","1","0","false","house","0","15","0","Κωδικός Ακινήτου: #11567<br><br />
Στην περιοχή της Καλλιθέας, στη γειτονιά του Χαροκόπου, διατίθεται προς ενοικίαση πλήρως ανακαινισμένο και ιδιαίτερα φωτεινό διαμπερές διαμέρισμα 74 τ.μ., στον 3ο όροφο πολυκατοικίας με ασανσέρ. Το ακίνητο συνδυάζει λειτουργικότητα και σύγχρονη αισθητική, αποτελώντας ιδανική επιλογή για όσους αναζητούν άνετη κατοικία σε προνομιακή τοποθεσία με εύκολη πρόσβαση στο κέντρο της πόλης και σε μέσα μεταφοράς. Αποτελείται από δύο ευρύχωρα υπνοδωμάτια, άνετο σαλόνι, ξεχωριστή κουζίνα και μπάνιο, ενώ η διαμπερής διάταξή του εξασφαλίζει φυσικό φωτισμό και εξαιρετικό αερισμό σε όλους τους χώρους. Κατασκευής 1980, το διαμέρισμα έχει ανακαινιστεί πλήρως και είναι φρεσκοβαμμένο, προσφέροντας ένα σύγχρονο και προσεγμένο περιβάλλον διαβίωσης. Διαθέτει κουφώματα αλουμινίου με διπλά τζάμια, πόρτα ασφαλείας, κλιματισμό, σίτες, τέντες και δάπεδα από πλακάκι και ξύλο, ενώ επιπλέον παροχές όπως θυροτηλεόραση και πατάρι αποθήκευσης ενισχύουν σημαντικά την πρακτικότητα και την άνεση της κατοικίας.<br><br />
Τιμή ενοικίασης: 750€ | Κωδικός Ακινήτου: #11567<br><br />
 <br><br />
ΚΑΤΑ ΤΗΝ ΥΠΟΔΕΙΞΗ ΤΟΥ ΑΚΙΝΗΤΟΥ ΑΠΑΙΤΕΙΤΑΙ ΝΑ ΓΙΝΕΤΑΙ ΕΠΙΔΕΙΞΗ ΤΗΣ ΑΣΤΥΝΟΜΙΚΗΣ ΣΑΣ ΤΑΥΤΟΤΗΤΑΣ ΣΥΜΦΩΝΑ ΜΕ ΤΟΝ Ν.4072/11-04-2012 Φ.Ε.Κ 86Α<br /><br />ΤΑ ΣΤΟΙΧΕΙΑ ΤΩΝ ΑΚΙΝΗΤΩΝ ΕΙΝΑΙ ΚΑΤΑ ΔΗΛΩΣΗ ΤΟΥ ΙΔΙΟΚΤΗΤΗ<br /><br />ΑΚΙΝΗΤΑ ΑΠΟΚΛΕΙΣΤΙΚΗΣ ΔΙΑΘΕΣΗΣ ΜΕ ΦΩΤΟΓΡΑΦΙΕΣ ΠΟΥ ΔΙΑΧΕΙΡΙΖΕΤΑΙ Η ΕΤΑΙΡΙΑ ΜΑΣ ΘΑ ΒΡΕΙΤΕ ΣΤΗΝ ΙΣΤΟΣΕΛΙΔΑ ΜΑΣ<br /><br /> ►WEBSITE: www.tzelihome.gr<br /><br /> ✔ ΓΙΑ ΤΗΝ ΚΑΛΥΤΕΡΗ ΕΞΥΠΗΡΕΤΗΣΗ ΣΑΣ ΧΡΗΣΙΜΟΠΟΙΕΙΣΤΕ ΤΟΝ ΚΩΔΙΚΟ ΑΚΙΝΗΤΟΥ ΠΟΥ ΑΝΑΓΡΑΦΕΤΑΙ ΣΤΗΝ ΠΕΡΙΓΡΑΦΗ<br /> ✔ Η ΔΙΕΥΘΥΝΣΗ ΣΤΟΝ ΧΑΡΤΗ ΕΧΕΙ ΤΟΠΟΘΕΤΗΘΕΙ ΚΑΤΑ ΠΡΟΣΕΓΓΙΣΗ<br /> ✔ ΟΙ ΑΚΡΙΒΕΙΣ ΠΛΗΡΟΦΟΡΙΕΣ ΤΗΣ ΔΙΕΥΘΥΝΣΗΣ ΠΑΡΕΧΟΝΤΑΙ ΣΤΗΝ ΥΠΟΔΕΙΞΗ ΤΟΥ ΑΚΙΝΗΤΟΥ<br /><br /> ΜΕΣΙΤΙΚΟ ΓΡΑΦΕΙΟ TZELI HOME<br /> ΥΜΗΤΤΟΥ 41 , ΚΑΙΣΑΡΙΑΝΗ , ΤΚ 16121<br /><br /> ΕΠΙΚΟΙΝΩΝΗΣΤΕ ΜΑΖΙ ΜΑΣ:<br /> ►WEBSITE : www.tzelihome.gr<br /> ►E-MAIL : tzelihome@gmail.com<br /> ►ΚΙΝΗΤΟ : 6906.062.919 <br /> ►ΤΗΛΕΦΩΝΟ : 211.001.4573 & 211.001.4574<br>","2000",,"0","1","7","0","0","2026-05-09","8","10","0","no","no","0","Αθήνα - Νότια Προάστια (Αττική)","Καλλιθέα (Αθήνα - Νότια Προάστια)","1","105103","102","2215","123220","Double","1","4","0","0","1","1219856745","https://m3.spitogatos.gr/352909874_1600x1200.jpg?v=20130730","https://m1.spitogatos.gr/352909875_1600x1200.jpg?v=20130730","https://m2.spitogatos.gr/352909876_1600x1200.jpg?v=20130730","https://m3.spitogatos.gr/352909877_1600x1200.jpg?v=20130730","https://m1.spitogatos.gr/352909878_1600x1200.jpg?v=20130730","https://m3.spitogatos.gr/352909880_1600x1200.jpg?v=20130730","https://m1.spitogatos.gr/352909881_1600x1200.jpg?v=20130730","https://m3.spitogatos.gr/352909883_1600x1200.jpg?v=20130730","https://m1.spitogatos.gr/352909884_1600x1200.jpg?v=20130730","https://m2.spitogatos.gr/352909885_1600x1200.jpg?v=20130730","https://m3.spitogatos.gr/352909886_1600x1200.jpg?v=20130730","https://m2.spitogatos.gr/352909888_1600x1200.jpg?v=20130730","https://m3.spitogatos.gr/352909889_1600x1200.jpg?v=20130730","https://m1.spitogatos.gr/352909890_1600x1200.jpg?v=20130730","https://m3.spitogatos.gr/352909892_1600x1200.jpg?v=20130730","https://m1.spitogatos.gr/352909893_1600x1200.jpg?v=20130730","https://m3.spitogatos.gr/352909895_1600x1200.jpg?v=20130730","https://m1.spitogatos.gr/352909896_1600x1200.jpg?v=20130730","https://m3.spitogatos.gr/352909898_1600x1200.jpg?v=20130730","https://m2.spitogatos.gr/352909900_1600x1200.jpg?v=20130730","https://m2.spitogatos.gr/352909903_1600x1200.jpg?v=20130730","https://m2.spitogatos.gr/352909906_1600x1200.jpg?v=20130730","https://m2.spitogatos.gr/352909909_1600x1200.jpg?v=20130730","https://m1.spitogatos.gr/352909911_1600x1200.jpg?v=20130730","https://m2.spitogatos.gr/352909915_1600x1200.jpg?v=20130730","0","0","2","1","37.957352","1","1","23.706846","0","0","0","2026-05-21","0","0",,"0","0","1",,"11","1","0","1",,"0","0","0","750",,,"0","0","0","0","10.14",,,"1","3","6","1","1","2026","0","1","2","0","1","0","74","0",,,"0","1","0","2026-05-09","https://www.spitogatos.gr/en/property/1219856745","0",,"1980","WUx8U0LQSsM","residential"
"1","3","no","simple","1",,,,,"0","0","0","0","2026-03-24","0","1","0","10","1","0","false","house","0","10","0","Κωδικός Ακινήτου: #11013. Καλλιθέα, Χαροκόπου: Ενοικιάζεται πλήρως ανακαινισμένο Διαμέρισμα 50τ.μ. στον 3ο όροφο με ασανσέρ. Αποτελείται από 1 υπνοδωμάτιο, 1 κουζίνα, 1 σαλόνι, και μπάνιο. Είναι πλήρως επιπλωμένο, εξοπλισμένο, κατασκευασμένο το 1970, βαμμένο, κοντά σε ΜΕΣΑ ΜΑΖΙΚΗΣ ΜΕΤΑΦΟΡΑΣ και διαθέτει κουφώματα αλουμινίου με διπλά τζάμια, πόρτα ασφαλείας, κλιματισμό, δάπεδα από πλακάκι, τέντες, σίτες. Ελάχιστα μηνιαία Κοινόχρηστα. Επιπλέον χαρακτηριστικά: ΠΑΤΑΡΙ ΑΠΟΘΗΚΕΥΣΗΣ .<br><br />
Τιμή 690€ | Κωδικός Ακινήτου: #11013<br><br />
 <br><br />
ΚΑΤΑ ΤΗΝ ΥΠΟΔΕΙΞΗ ΤΟΥ ΑΚΙΝΗΤΟΥ ΑΠΑΙΤΕΙΤΑΙ ΝΑ ΓΙΝΕΤΑΙ ΕΠΙΔΕΙΞΗ ΤΗΣ ΑΣΤΥΝΟΜΙΚΗΣ ΣΑΣ ΤΑΥΤΟΤΗΤΑΣ ΣΥΜΦΩΝΑ ΜΕ ΤΟΝ Ν.4072/11-04-2012 Φ.Ε.Κ 86Α<br /><br />ΤΑ ΣΤΟΙΧΕΙΑ ΤΩΝ ΑΚΙΝΗΤΩΝ ΕΙΝΑΙ ΚΑΤΑ ΔΗΛΩΣΗ ΤΟΥ ΙΔΙΟΚΤΗΤΗ<br /><br />ΑΚΙΝΗΤΑ ΑΠΟΚΛΕΙΣΤΙΚΗΣ ΔΙΑΘΕΣΗΣ ΜΕ ΦΩΤΟΓΡΑΦΙΕΣ ΠΟΥ ΔΙΑΧΕΙΡΙΖΕΤΑΙ Η ΕΤΑΙΡΙΑ ΜΑΣ ΘΑ ΒΡΕΙΤΕ ΣΤΗΝ ΙΣΤΟΣΕΛΙΔΑ ΜΑΣ<br /><br /> ►WEBSITE: www.tzelihome.gr<br /><br /> ✔ ΓΙΑ ΤΗΝ ΚΑΛΥΤΕΡΗ ΕΞΥΠΗΡΕΤΗΣΗ ΣΑΣ ΧΡΗΣΙΜΟΠΟΙΕΙΣΤΕ ΤΟΝ ΚΩΔΙΚΟ ΑΚΙΝΗΤΟΥ ΠΟΥ ΑΝΑΓΡΑΦΕΤΑΙ ΣΤΗΝ ΠΕΡΙΓΡΑΦΗ<br /> ✔ Η ΔΙΕΥΘΥΝΣΗ ΣΤΟΝ ΧΑΡΤΗ ΕΧΕΙ ΤΟΠΟΘΕΤΗΘΕΙ ΚΑΤΑ ΠΡΟΣΕΓΓΙΣΗ<br /> ✔ ΟΙ ΑΚΡΙΒΕΙΣ ΠΛΗΡΟΦΟΡΙΕΣ ΤΗΣ ΔΙΕΥΘΥΝΣΗΣ ΠΑΡΕΧΟΝΤΑΙ ΣΤΗΝ ΥΠΟΔΕΙΞΗ ΤΟΥ ΑΚΙΝΗΤΟΥ<br /><br /> ΜΕΣΙΤΙΚΟ ΓΡΑΦΕΙΟ TZELI HOME<br /> ΥΜΗΤΤΟΥ 41 , ΚΑΙΣΑΡΙΑΝΗ , ΤΚ 16121<br /><br /> ΕΠΙΚΟΙΝΩΝΗΣΤΕ ΜΑΖΙ ΜΑΣ:<br /> ►WEBSITE : www.tzelihome.gr<br /> ►E-MAIL : tzelihome@gmail.com<br /> ►ΚΙΝΗΤΟ : 6906.062.919 <br /> ►ΤΗΛΕΦΩΝΟ : 211.001.4573 & 211.001.4574<br>","5000",,"0","1","7","0","0","2026-03-24","8","4","0","yes","no","0","Αθήνα - Νότια Προάστια (Αττική)","Καλλιθέα (Αθήνα - Νότια Προάστια)","1","105103","102","2215","106320","Double","1","4","0","0","1","1219606230","https://m2.spitogatos.gr/348710068_1600x1200.jpg?v=20130730","https://m1.spitogatos.gr/348710073_1600x1200.jpg?v=20130730","https://m2.spitogatos.gr/348710077_1600x1200.jpg?v=20130730","https://m3.spitogatos.gr/348710081_1600x1200.jpg?v=20130730","https://m3.spitogatos.gr/348710084_1600x1200.jpg?v=20130730","https://m3.spitogatos.gr/348710087_1600x1200.jpg?v=20130730","https://m3.spitogatos.gr/348710090_1600x1200.jpg?v=20130730","https://m3.spitogatos.gr/348710093_1600x1200.jpg?v=20130730","https://m2.spitogatos.gr/348710095_1600x1200.jpg?v=20130730","https://m1.spitogatos.gr/348710097_1600x1200.jpg?v=20130730","https://m2.spitogatos.gr/348710098_1600x1200.jpg?v=20130730","https://m3.spitogatos.gr/348710099_1600x1200.jpg?v=20130730","https://m1.spitogatos.gr/348710100_1600x1200.jpg?v=20130730","https://m2.spitogatos.gr/348710101_1600x1200.jpg?v=20130730","https://m3.spitogatos.gr/348710102_1600x1200.jpg?v=20130730","https://m1.spitogatos.gr/348710103_1600x1200.jpg?v=20130730","https://m1.spitogatos.gr/348710106_1600x1200.jpg?v=20130730","https://m1.spitogatos.gr/348710109_1600x1200.jpg?v=20130730","https://m1.spitogatos.gr/348710112_1600x1200.jpg?v=20130730","https://m1.spitogatos.gr/348710115_1600x1200.jpg?v=20130730","https://m1.spitogatos.gr/348710118_1600x1200.jpg?v=20130730","https://m1.spitogatos.gr/348710121_1600x1200.jpg?v=20130730","https://m3.spitogatos.gr/348710123_1600x1200.jpg?v=20130730","https://m3.spitogatos.gr/348710126_1600x1200.jpg?v=20130730","https://m2.spitogatos.gr/348710128_1600x1200.jpg?v=20130730","0","0","2","1","37.954426","1","1","23.712454","0","0","0","2026-07-23","0","0",,"0","0","1",,"2","1","0","1",,"0","0","0","690",,,"0","0","0","0","13.8",,,"1","3","6","1","1","2024","0","1","1","0","1","0","50","0",,,"0","1","0","2026-03-24","https://www.spitogatos.gr/en/property/1219606230","0",,"1970","h3UlKjDqJO8","residential"
"1","4","no","simple","1",,,,,"1","0","0","0","2026-03-07","0","1","0","20","1","0","false","house","0","20","0","Κωδικός Ακινήτου: #10771. Καλλιθέα, Τζιτζιφιές: Ενοικιάζεται μερικώς ανακαινισμένο διαμπερές Διαμέρισμα 88τ.μ. στον 4ο όροφο με ασανσέρ με αυτόνομη θέρμανση θερμοσυσσωρευτή. Αποτελείται από 2 υπνοδωμάτια, 1 κουζίνα, 1 σαλόνι, και μπάνιο. Είναι κατασκευασμένο το 1975, βαμμένο, κοντά σε ΜΕΣΑ ΜΑΖΙΚΗΣ ΜΕΤΑΦΟΡΑΣ και διαθέτει κουφώματα αλουμινίου με διπλά τζάμια, πόρτα ασφαλείας, κλιματισμό,  δάπεδα από μάρμαρο, τέντες, ηλιακό θερμοσίφωνα.. Επιπλέον χαρακτηριστικά: ΠΑΤΑΡΙ ΑΠΟΘΗΚΕΥΣΗΣ . Γίνεται ανακαίνιση στο μπάνιο. <br><br />
Τιμή 690€ | Κωδικός Ακινήτου: #10771<br><br />
 <br><br />
ΚΑΤΑ ΤΗΝ ΥΠΟΔΕΙΞΗ ΤΟΥ ΑΚΙΝΗΤΟΥ ΑΠΑΙΤΕΙΤΑΙ ΝΑ ΓΙΝΕΤΑΙ ΕΠΙΔΕΙΞΗ ΤΗΣ ΑΣΤΥΝΟΜΙΚΗΣ ΣΑΣ ΤΑΥΤΟΤΗΤΑΣ ΣΥΜΦΩΝΑ ΜΕ ΤΟΝ Ν.4072/11-04-2012 Φ.Ε.Κ 86Α<br /><br />ΤΑ ΣΤΟΙΧΕΙΑ ΤΩΝ ΑΚΙΝΗΤΩΝ ΕΙΝΑΙ ΚΑΤΑ ΔΗΛΩΣΗ ΤΟΥ ΙΔΙΟΚΤΗΤΗ<br /><br />ΑΚΙΝΗΤΑ ΑΠΟΚΛΕΙΣΤΙΚΗΣ ΔΙΑΘΕΣΗΣ ΜΕ ΦΩΤΟΓΡΑΦΙΕΣ ΠΟΥ ΔΙΑΧΕΙΡΙΖΕΤΑΙ Η ΕΤΑΙΡΙΑ ΜΑΣ ΘΑ ΒΡΕΙΤΕ ΣΤΗΝ ΙΣΤΟΣΕΛΙΔΑ ΜΑΣ<br /><br /> ►WEBSITE: www.tzelihome.gr<br /><br /> ✔ ΓΙΑ ΤΗΝ ΚΑΛΥΤΕΡΗ ΕΞΥΠΗΡΕΤΗΣΗ ΣΑΣ ΧΡΗΣΙΜΟΠΟΙΕΙΣΤΕ ΤΟΝ ΚΩΔΙΚΟ ΑΚΙΝΗΤΟΥ ΠΟΥ ΑΝΑΓΡΑΦΕΤΑΙ ΣΤΗΝ ΠΕΡΙΓΡΑΦΗ<br /> ✔ Η ΔΙΕΥΘΥΝΣΗ ΣΤΟΝ ΧΑΡΤΗ ΕΧΕΙ ΤΟΠΟΘΕΤΗΘΕΙ ΚΑΤΑ ΠΡΟΣΕΓΓΙΣΗ<br /> ✔ ΟΙ ΑΚΡΙΒΕΙΣ ΠΛΗΡΟΦΟΡΙΕΣ ΤΗΣ ΔΙΕΥΘΥΝΣΗΣ ΠΑΡΕΧΟΝΤΑΙ ΣΤΗΝ ΥΠΟΔΕΙΞΗ ΤΟΥ ΑΚΙΝΗΤΟΥ<br /><br /> ΜΕΣΙΤΙΚΟ ΓΡΑΦΕΙΟ TZELI HOME<br /> ΥΜΗΤΤΟΥ 41 , ΚΑΙΣΑΡΙΑΝΗ , ΤΚ 16121<br /><br /> ΕΠΙΚΟΙΝΩΝΗΣΤΕ ΜΑΖΙ ΜΑΣ:<br /> ►WEBSITE : www.tzelihome.gr<br /> ►E-MAIL : tzelihome@gmail.com<br /> ►ΚΙΝΗΤΟ : 6906.062.919 <br /> ►ΤΗΛΕΦΩΝΟ : 211.001.4573 & 211.001.4574<br>","4000",,"0","1","7","0","0","2026-03-07","9","1","0","no","no","0","Αθήνα - Νότια Προάστια (Αττική)","Καλλιθέα (Αθήνα - Νότια Προάστια)","1","105103","102","2215","107190","Double","1","6","0","0","1","1219505998","https://m1.spitogatos.gr/357675489_1600x1200.jpg?v=20130730","https://m2.spitogatos.gr/357675490_1600x1200.jpg?v=20130730","https://m3.spitogatos.gr/357675491_1600x1200.jpg?v=20130730","https://m1.spitogatos.gr/357675492_1600x1200.jpg?v=20130730","https://m2.spitogatos.gr/357675493_1600x1200.jpg?v=20130730","https://m3.spitogatos.gr/357675494_1600x1200.jpg?v=20130730","https://m1.spitogatos.gr/357675495_1600x1200.jpg?v=20130730","https://m3.spitogatos.gr/357675497_1600x1200.jpg?v=20130730","https://m3.spitogatos.gr/357675500_1600x1200.jpg?v=20130730","https://m2.spitogatos.gr/357675502_1600x1200.jpg?v=20130730","https://m1.spitogatos.gr/357675504_1600x1200.jpg?v=20130730","https://m1.spitogatos.gr/357675507_1600x1200.jpg?v=20130730","https://m3.spitogatos.gr/357675509_1600x1200.jpg?v=20130730","https://m3.spitogatos.gr/357675527_1600x1200.jpg?v=20130730","https://m2.spitogatos.gr/357675529_1600x1200.jpg?v=20130730","https://m1.spitogatos.gr/357675531_1600x1200.jpg?v=20130730","https://m3.spitogatos.gr/357675533_1600x1200.jpg?v=20130730","https://m2.spitogatos.gr/357675535_1600x1200.jpg?v=20130730","https://m1.spitogatos.gr/357675537_1600x1200.jpg?v=20130730","https://m3.spitogatos.gr/357675539_1600x1200.jpg?v=20130730","https://m1.spitogatos.gr/357675540_1600x1200.jpg?v=20130730","https://m2.spitogatos.gr/357675541_1600x1200.jpg?v=20130730","https://m3.spitogatos.gr/357675542_1600x1200.jpg?v=20130730","https://m1.spitogatos.gr/357675543_1600x1200.jpg?v=20130730","https://m2.spitogatos.gr/357675544_1600x1200.jpg?v=20130730","0","0","2","1","37.946514","1","1","23.689322","0","0","0","2026-06-17","0","0",,"0","0","1",,"2","1","0","0",,"0","0","0","690",,,"0","0","0","0","7.84",,,"1","3","6","1","1","2026","0","1","2","0","1","1","88","0",,,"0","1","0","2026-03-07","https://www.spitogatos.gr/en/property/1219505998","0",,"1975","tbDv85sYsV8","residential"
"1","Ground Floor","no","simple","1",,,,,"0","1","0","0","2026-05-18","0","0","0","0","1","0",,"house","0","15","0","ID.2386950 - Διαμέρισμα Προς Ενοικίαση, όροφος: Ισόγειο, στην περιοχή: Καλλιθέα -Αγία Ελεούσα. Το εμβαδόν του ακινήτου είναι 50 τ.μ.. Αποτελείται από: 1 Υ/Δ 1 μπάνιο/α,, 1 σαλόνι/α. Έχει κατασκευαστεί το 2005. Η θέρμανση του ακινήτου είναι Αυτόνομη με Φυσικό αέριο, ενώ επίσης διατίθεται Κλιματισμός, έχει κουφώματα Αλουμινίου, ενεργειακό πιστοποιητικό: Δ και τα δάπεδα είναι: Πλακάκια. Η κατάστασή του είναι: Καλή. Το ακίνητο είναι Επιπλωμένο, Φωτεινό, είναι κατάλληλο για Επαγγελματικό, Πόρτα Ασφαλείας, Συναγερμός, Κάμερες Ασφαλείας, Νυχτερινό Ρεύμα. Τιμή: €550. Aspis Real Estate Καλλιθέας, Τηλέφωνο Επικοινωνίας: 2109402700, email: secalimos@aspis-realestate.gr",,,"0","0","6","0","0","2026-05-18","3","4","1","yes","no","0","Αθήνα - Νότια Προάστια (Αττική)","Καλλιθέα (Αθήνα - Νότια Προάστια)","1","105103","102","2215","106437",,"1","2","0","0","1","1219904146","https://m3.spitogatos.gr/353800994_1600x1200.jpg?v=20130730","https://m3.spitogatos.gr/353800997_1600x1200.jpg?v=20130730","https://m1.spitogatos.gr/353801001_1600x1200.jpg?v=20130730","https://m1.spitogatos.gr/353801007_1600x1200.jpg?v=20130730","https://m2.spitogatos.gr/353801011_1600x1200.jpg?v=20130730","https://m2.spitogatos.gr/353801017_1600x1200.jpg?v=20130730","https://m2.spitogatos.gr/353801023_1600x1200.jpg?v=20130730","https://m1.spitogatos.gr/353801028_1600x1200.jpg?v=20130730","https://m2.spitogatos.gr/353801032_1600x1200.jpg?v=20130730","https://m2.spitogatos.gr/353801038_1600x1200.jpg?v=20130730","https://m1.spitogatos.gr/353801040_1600x1200.jpg?v=20130730","https://m3.spitogatos.gr/353801045_1600x1200.jpg?v=20130730","https://m2.spitogatos.gr/353801050_1600x1200.jpg?v=20130730","https://m2.spitogatos.gr/353801056_1600x1200.jpg?v=20130730","https://m3.spitogatos.gr/353801060_1600x1200.jpg?v=20130730","https://m3.spitogatos.gr/353801066_1600x1200.jpg?v=20130730","https://m2.spitogatos.gr/353801074_1600x1200.jpg?v=20130730","https://m1.spitogatos.gr/353801082_1600x1200.jpg?v=20130730","https://m1.spitogatos.gr/353801088_1600x1200.jpg?v=20130730","https://m2.spitogatos.gr/353801095_1600x1200.jpg?v=20130730","https://m3.spitogatos.gr/353801099_1600x1200.jpg?v=20130730","https://m2.spitogatos.gr/353801104_1600x1200.jpg?v=20130730",,,,"0","0","2","0","37.955784","1","1","23.69599","0","0","0","2026-06-19","0","0",,"1","0","1",,,"0","0","0",,"0","0","0","550",,,"0","0","0","0","11",,,"1","3","6","1","0",,"0","1","1","0","1","0","50","0",,,"0","1","0","2026-05-18","https://www.spitogatos.gr/en/property/1219904146","0","0","2005","FoavbWFzs-A","residential"
"1","Ground Floor","no","simple","1",,,,,"0","0","0","0","2026-07-09","0","0","0","1","1","0","false","house","0","0","0","Κωδικός Ακινήτου: #12439  Καλλιθέα, Χαροκόπου: Ενοικιάζεται πλήρως ανακαινισμένη και πλήρως επιπλωμένη γκαρσονιέρα 32 τ.μ. σε ισόγειο, ιδανική για φοιτητές, εργαζόμενους ή όσους αναζητούν μια σύγχρονη, πρακτική και οικονομική κατοικία. Ο χώρος είναι λειτουργικά διαμορφωμένος και περιλαμβάνει ένα υπνοδωμάτιο, άνετη κουζίνα και μοντέρνο μπάνιο, ενώ διατίθεται πλήρως επιπλωμένος και έτοιμος προς άμεση εγκατάσταση. Το ακίνητο είναι κατασκευής 2001, έχει ανακαινιστεί πλήρως και είναι φρεσκοβαμμένο, προσφέροντας ένα ευχάριστο και καλαίσθητο περιβάλλον διαμονής. Διαθέτει κουφώματα αλουμινίου με διπλά τζάμια, πόρτα ασφαλείας, κλιματισμό και δάπεδα από πλακάκι, εξασφαλίζοντας άνεση, ασφάλεια και εύκολη συντήρηση. Βρίσκεται σε ιδιαίτερα προνομιακή τοποθεσία με άμεση πρόσβαση σε μέσα μαζικής μεταφοράς, καθώς και σε καταστήματα και όλες τις απαραίτητες καθημερινές εξυπηρετήσεις. Ένα από τα σημαντικότερα πλεονεκτήματά του είναι ότι δεν υπάρχουν μηνιαία κοινόχρηστα, γεγονός που μειώνει σημαντικά το συνολικό κόστος διαμονής και το καθιστά μια εξαιρετικά συμφέρουσα επιλογή.<br><br />
 <br><br />
Τιμή 580€ | Κωδικός Ακινήτου: #12439<br><br />
 <br><br />
ΚΑΤΑ ΤΗΝ ΥΠΟΔΕΙΞΗ ΤΟΥ ΑΚΙΝΗΤΟΥ ΑΠΑΙΤΕΙΤΑΙ ΝΑ ΓΙΝΕΤΑΙ ΕΠΙΔΕΙΞΗ ΤΗΣ ΑΣΤΥΝΟΜΙΚΗΣ ΣΑΣ ΤΑΥΤΟΤΗΤΑΣ ΣΥΜΦΩΝΑ ΜΕ ΤΟΝ Ν.4072/11-04-2012 Φ.Ε.Κ 86Α<br /><br />ΤΑ ΣΤΟΙΧΕΙΑ ΤΩΝ ΑΚΙΝΗΤΩΝ ΕΙΝΑΙ ΚΑΤΑ ΔΗΛΩΣΗ ΤΟΥ ΙΔΙΟΚΤΗΤΗ<br /><br />ΑΚΙΝΗΤΑ ΑΠΟΚΛΕΙΣΤΙΚΗΣ ΔΙΑΘΕΣΗΣ ΜΕ ΦΩΤΟΓΡΑΦΙΕΣ ΠΟΥ ΔΙΑΧΕΙΡΙΖΕΤΑΙ Η ΕΤΑΙΡΙΑ ΜΑΣ ΘΑ ΒΡΕΙΤΕ ΣΤΗΝ ΙΣΤΟΣΕΛΙΔΑ ΜΑΣ<br /><br /> ►WEBSITE: www.tzelihome.gr<br /><br /> ✔ ΓΙΑ ΤΗΝ ΚΑΛΥΤΕΡΗ ΕΞΥΠΗΡΕΤΗΣΗ ΣΑΣ ΧΡΗΣΙΜΟΠΟΙΕΙΣΤΕ ΤΟΝ ΚΩΔΙΚΟ ΑΚΙΝΗΤΟΥ ΠΟΥ ΑΝΑΓΡΑΦΕΤΑΙ ΣΤΗΝ ΠΕΡΙΓΡΑΦΗ<br /> ✔ Η ΔΙΕΥΘΥΝΣΗ ΣΤΟΝ ΧΑΡΤΗ ΕΧΕΙ ΤΟΠΟΘΕΤΗΘΕΙ ΚΑΤΑ ΠΡΟΣΕΓΓΙΣΗ<br /> ✔ ΟΙ ΑΚΡΙΒΕΙΣ ΠΛΗΡΟΦΟΡΙΕΣ ΤΗΣ ΔΙΕΥΘΥΝΣΗΣ ΠΑΡΕΧΟΝΤΑΙ ΣΤΗΝ ΥΠΟΔΕΙΞΗ ΤΟΥ ΑΚΙΝΗΤΟΥ<br /><br /> ΜΕΣΙΤΙΚΟ ΓΡΑΦΕΙΟ TZELI HOME<br /> ΥΜΗΤΤΟΥ 41 , ΚΑΙΣΑΡΙΑΝΗ , ΤΚ 16121<br /><br /> ΕΠΙΚΟΙΝΩΝΗΣΤΕ ΜΑΖΙ ΜΑΣ:<br /> ►WEBSITE : www.tzelihome.gr<br /> ►E-MAIL : tzelihome@gmail.com<br /> ►ΚΙΝΗΤΟ : 6906.062.919 <br /> ►ΤΗΛΕΦΩΝΟ : 211.001.4573 & 211.001.4574<br>","4500",,"0","0","6","0","0","2026-07-09","3","4","0","yes","no","0","Αθήνα - Νότια Προάστια (Αττική)","Καλλιθέα (Αθήνα - Νότια Προάστια)","1","105103","102","2215","106320","Double","1","4","0","0","1","1220344011","https://m2.spitogatos.gr/361110982_1600x1200.jpg?v=20130730","https://m3.spitogatos.gr/361110983_1600x1200.jpg?v=20130730","https://m1.spitogatos.gr/361110984_1600x1200.jpg?v=20130730","https://m2.spitogatos.gr/361110985_1600x1200.jpg?v=20130730","https://m3.spitogatos.gr/361110986_1600x1200.jpg?v=20130730","https://m2.spitogatos.gr/361110988_1600x1200.jpg?v=20130730","https://m3.spitogatos.gr/361110989_1600x1200.jpg?v=20130730","https://m1.spitogatos.gr/361110990_1600x1200.jpg?v=20130730","https://m2.spitogatos.gr/361110991_1600x1200.jpg?v=20130730","https://m3.spitogatos.gr/361110992_1600x1200.jpg?v=20130730","https://m1.spitogatos.gr/361110993_1600x1200.jpg?v=20130730","https://m2.spitogatos.gr/361110994_1600x1200.jpg?v=20130730","https://m3.spitogatos.gr/361110995_1600x1200.jpg?v=20130730","https://m1.spitogatos.gr/361110996_1600x1200.jpg?v=20130730","https://m2.spitogatos.gr/361110997_1600x1200.jpg?v=20130730","https://m3.spitogatos.gr/361110998_1600x1200.jpg?v=20130730","https://m1.spitogatos.gr/361110999_1600x1200.jpg?v=20130730","https://m2.spitogatos.gr/361111000_1600x1200.jpg?v=20130730","https://m3.spitogatos.gr/361111001_1600x1200.jpg?v=20130730","https://m1.spitogatos.gr/361111002_1600x1200.jpg?v=20130730","https://m2.spitogatos.gr/361111003_1600x1200.jpg?v=20130730","https://m3.spitogatos.gr/361111004_1600x1200.jpg?v=20130730","https://m1.spitogatos.gr/361111005_1600x1200.jpg?v=20130730","https://m2.spitogatos.gr/361111006_1600x1200.jpg?v=20130730",,"0","0","2","1","37.961262","1","0","23.704554","0","0","0","2026-07-14","0","0",,"0","0","1",,"3","1","0","0",,"0","0","0","580","2026-07-14 10:28:30","3","0","0","0","0","18.13","600","true","1","3","6","1","1","2026","0","1","1","0","1","0","32","0",,,"0","2","0","2026-07-09","https://www.spitogatos.gr/en/property/1220344011","0",,"2001","xmNGHAFfZMs","residential"
"0","2","no","simple","1",,,,,"1","0","0","0","2026-06-26","0","1","0","12","1","0","false","house","0","25","0"," Κωδικός Ακινήτου: #12256   Καλλιθέα, Κέντρο: Διατίθεται προς ενοικίαση πλήρως ανακαινισμένο, διαμπερές διαμέρισμα 70 τ.μ., στον 2ο όροφο πολυκατοικίας με ανελκυστήρα. Πρόκειται για μια φωτεινή και ιδιαίτερα λειτουργική κατοικία, ιδανική για οικογένειες, ζευγάρια ή επαγγελματίες που αναζητούν έναν άνετο και προσεγμένο χώρο διαμονής. Η κατοικία αποτελείται από ευρύχωρο σαλόνι, ανεξάρτητη κουζίνα, δύο άνετα υπνοδωμάτια και σύγχρονο μπάνιο, προσφέροντας ιδανική διαρρύθμιση για την καθημερινότητα. Έχει κατασκευαστεί το 1977 και έχει ανακαινιστεί πλήρως, ενώ παραδίδεται φρεσκοβαμμένο και έτοιμο προς κατοίκηση. Διαθέτει κεντρική θέρμανση πετρελαίου, κουφώματα αλουμινίου με διπλά ενεργειακά τζάμια, πόρτα ασφαλείας, δάπεδα από μάρμαρο και ξύλο, τέντες, θυροτηλεόραση και πατάρι αποθήκευσης, εξασφαλίζοντας άνεση, ασφάλεια και επιπλέον αποθηκευτικούς χώρους. Η εξαιρετική του τοποθεσία, σε κοντινή απόσταση από μέσα μαζικής μεταφοράς και όλες τις απαραίτητες καθημερινές εξυπηρετήσεις, το καθιστά μια ιδιαίτερα αξιόλογη επιλογή για όσους επιθυμούν να συνδυάσουν ποιότητα κατοικίας με εύκολη πρόσβαση στην πόλη.<br><br />
 <br><br />
 <br><br />
Τιμή 700€ | Κωδικός Ακινήτου: #12256<br><br />
 <br><br />
 <br><br />
ΚΑΤΑ ΤΗΝ ΥΠΟΔΕΙΞΗ ΤΟΥ ΑΚΙΝΗΤΟΥ ΑΠΑΙΤΕΙΤΑΙ ΝΑ ΓΙΝΕΤΑΙ ΕΠΙΔΕΙΞΗ ΤΗΣ ΑΣΤΥΝΟΜΙΚΗΣ ΣΑΣ ΤΑΥΤΟΤΗΤΑΣ ΣΥΜΦΩΝΑ ΜΕ ΤΟΝ Ν.4072/11-04-2012 Φ.Ε.Κ 86Α<br /><br />ΤΑ ΣΤΟΙΧΕΙΑ ΤΩΝ ΑΚΙΝΗΤΩΝ ΕΙΝΑΙ ΚΑΤΑ ΔΗΛΩΣΗ ΤΟΥ ΙΔΙΟΚΤΗΤΗ<br /><br />ΑΚΙΝΗΤΑ ΑΠΟΚΛΕΙΣΤΙΚΗΣ ΔΙΑΘΕΣΗΣ ΜΕ ΦΩΤΟΓΡΑΦΙΕΣ ΠΟΥ ΔΙΑΧΕΙΡΙΖΕΤΑΙ Η ΕΤΑΙΡΙΑ ΜΑΣ ΘΑ ΒΡΕΙΤΕ ΣΤΗΝ ΙΣΤΟΣΕΛΙΔΑ ΜΑΣ<br /><br /> ►WEBSITE: www.tzelihome.gr<br /><br /> ✔ ΓΙΑ ΤΗΝ ΚΑΛΥΤΕΡΗ ΕΞΥΠΗΡΕΤΗΣΗ ΣΑΣ ΧΡΗΣΙΜΟΠΟΙΕΙΣΤΕ ΤΟΝ ΚΩΔΙΚΟ ΑΚΙΝΗΤΟΥ ΠΟΥ ΑΝΑΓΡΑΦΕΤΑΙ ΣΤΗΝ ΠΕΡΙΓΡΑΦΗ<br /> ✔ Η ΔΙΕΥΘΥΝΣΗ ΣΤΟΝ ΧΑΡΤΗ ΕΧΕΙ ΤΟΠΟΘΕΤΗΘΕΙ ΚΑΤΑ ΠΡΟΣΕΓΓΙΣΗ<br /> ✔ ΟΙ ΑΚΡΙΒΕΙΣ ΠΛΗΡΟΦΟΡΙΕΣ ΤΗΣ ΔΙΕΥΘΥΝΣΗΣ ΠΑΡΕΧΟΝΤΑΙ ΣΤΗΝ ΥΠΟΔΕΙΞΗ ΤΟΥ ΑΚΙΝΗΤΟΥ<br /><br /> ΜΕΣΙΤΙΚΟ ΓΡΑΦΕΙΟ TZELI HOME<br /> ΥΜΗΤΤΟΥ 41 , ΚΑΙΣΑΡΙΑΝΗ , ΤΚ 16121<br /><br /> ΕΠΙΚΟΙΝΩΝΗΣΤΕ ΜΑΖΙ ΜΑΣ:<br /> ►WEBSITE : www.tzelihome.gr<br /> ►E-MAIL : tzelihome@gmail.com<br /> ►ΚΙΝΗΤΟ : 6906.062.919 <br /> ►ΤΗΛΕΦΩΝΟ : 211.001.4573 & 211.001.4574<br>","4500",,"0","1","7","0","0","2026-06-26","7","6","0","no","no","0","Αθήνα - Νότια Προάστια (Αττική)","Καλλιθέα (Αθήνα - Νότια Προάστια)","1","105103","102","2215","106437","Double","2","1","0","0","1","1220247467","https://m2.spitogatos.gr/359473183_1600x1200.jpg?v=20130730","https://m3.spitogatos.gr/359473184_1600x1200.jpg?v=20130730","https://m2.spitogatos.gr/359473186_1600x1200.jpg?v=20130730","https://m2.spitogatos.gr/359473195_1600x1200.jpg?v=20130730","https://m1.spitogatos.gr/359473197_1600x1200.jpg?v=20130730","https://m3.spitogatos.gr/359473199_1600x1200.jpg?v=20130730","https://m2.spitogatos.gr/359473201_1600x1200.jpg?v=20130730","https://m2.spitogatos.gr/359473204_1600x1200.jpg?v=20130730","https://m3.spitogatos.gr/359473205_1600x1200.jpg?v=20130730","https://m3.spitogatos.gr/359473208_1600x1200.jpg?v=20130730","https://m2.spitogatos.gr/359473210_1600x1200.jpg?v=20130730","https://m2.spitogatos.gr/359473237_1600x1200.jpg?v=20130730","https://m2.spitogatos.gr/359473246_1600x1200.jpg?v=20130730","https://m1.spitogatos.gr/359473248_1600x1200.jpg?v=20130730","https://m3.spitogatos.gr/359473250_1600x1200.jpg?v=20130730","https://m2.spitogatos.gr/359473252_1600x1200.jpg?v=20130730","https://m3.spitogatos.gr/359473253_1600x1200.jpg?v=20130730","https://m1.spitogatos.gr/359473266_1600x1200.jpg?v=20130730","https://m2.spitogatos.gr/359473267_1600x1200.jpg?v=20130730","https://m3.spitogatos.gr/359473274_1600x1200.jpg?v=20130730","https://m3.spitogatos.gr/359473295_1600x1200.jpg?v=20130730","https://m1.spitogatos.gr/359473296_1600x1200.jpg?v=20130730","https://m1.spitogatos.gr/359473305_1600x1200.jpg?v=20130730","https://m2.spitogatos.gr/359473306_1600x1200.jpg?v=20130730",,"0","0","2","1","37.95731","1","1","23.698765","0","0","0","2026-07-20","0","0",,"0","0","1",,"3","1","0","0",,"0","0","0","700",,,"0","0","0","0","10",,,"1","3","6","1","1","2026","0","1","2","0","1","0","70","0",,,"0","1","0","2026-06-26","https://www.spitogatos.gr/en/property/1220247467","0",,"1977","OnZyUzivPKY","residential"
"1","2",,"simple","1",,,,,"1","0","0","0","2026-02-06","0","0","0","8","1","0","false","house","0","35","0","Κωδικός Ακινήτου: #10427  Καλλιθέα, Χρυσάκη: Ενοικιάζεται νεόδμητο, διαμπερές διαμέρισμα 47 τ.μ. στον 2ο όροφο με ασανσέρ, κατασκευής 2026, σε εξαιρετικό σημείο με εύκολη πρόσβαση σε μέσα μαζικής μεταφοράς. Η κατοικία είναι βαμμένη και διαθέτει λειτουργική διαρρύθμιση με ένα υπνοδωμάτιο, σαλόνι, κουζίνα και μπάνιο, ενώ προσφέρει υψηλό επίπεδο άνεσης με αυτόνομη θέρμανση φυσικού αερίου και κλιματισμό. Ξεχωρίζει για τις σύγχρονες παροχές της, όπως πισίνα, κουφώματα αλουμινίου με διπλά τζάμια, πόρτα ασφαλείας, σίτες, ηλιακό θερμοσίφωνα και ηλεκτρικά ρολά, καθώς και δάπεδα από πλακάκι και ξύλο. Επιτρέπονται τα κατοικίδια.<br><br />
 <br><br />
 <br><br />
<br />
Τιμή 900€ | Κωδικός Ακινήτου: #10427<br><br />
 <br><br />
 <br><br />
ΚΑΤΑ ΤΗΝ ΥΠΟΔΕΙΞΗ ΤΟΥ ΑΚΙΝΗΤΟΥ ΑΠΑΙΤΕΙΤΑΙ ΝΑ ΓΙΝΕΤΑΙ ΕΠΙΔΕΙΞΗ ΤΗΣ ΑΣΤΥΝΟΜΙΚΗΣ ΣΑΣ ΤΑΥΤΟΤΗΤΑΣ ΣΥΜΦΩΝΑ ΜΕ ΤΟΝ Ν.4072/11-04-2012 Φ.Ε.Κ 86Α<br /><br />ΤΑ ΣΤΟΙΧΕΙΑ ΤΩΝ ΑΚΙΝΗΤΩΝ ΕΙΝΑΙ ΚΑΤΑ ΔΗΛΩΣΗ ΤΟΥ ΙΔΙΟΚΤΗΤΗ<br /><br />ΑΚΙΝΗΤΑ ΑΠΟΚΛΕΙΣΤΙΚΗΣ ΔΙΑΘΕΣΗΣ ΜΕ ΦΩΤΟΓΡΑΦΙΕΣ ΠΟΥ ΔΙΑΧΕΙΡΙΖΕΤΑΙ Η ΕΤΑΙΡΙΑ ΜΑΣ ΘΑ ΒΡΕΙΤΕ ΣΤΗΝ ΙΣΤΟΣΕΛΙΔΑ ΜΑΣ<br /><br /><br>","4000",,"0","1","2","0","0","2026-02-06","7","10","0","no","no","0","Αθήνα - Νότια Προάστια (Αττική)","Καλλιθέα (Αθήνα - Νότια Προάστια)","1","105103","102","2215","106316","Double","1","2","0","0","1","1219333736","https://m1.spitogatos.gr/344054499_1600x1200.jpg?v=20130730","https://m3.spitogatos.gr/344054501_1600x1200.jpg?v=20130730","https://m2.spitogatos.gr/344054503_1600x1200.jpg?v=20130730","https://m3.spitogatos.gr/344054504_1600x1200.jpg?v=20130730","https://m1.spitogatos.gr/344054505_1600x1200.jpg?v=20130730","https://m2.spitogatos.gr/344054506_1600x1200.jpg?v=20130730","https://m2.spitogatos.gr/344054509_1600x1200.jpg?v=20130730","https://m2.spitogatos.gr/344054512_1600x1200.jpg?v=20130730","https://m3.spitogatos.gr/344054513_1600x1200.jpg?v=20130730","https://m3.spitogatos.gr/344054516_1600x1200.jpg?v=20130730","https://m2.spitogatos.gr/344054521_1600x1200.jpg?v=20130730","https://m2.spitogatos.gr/344054524_1600x1200.jpg?v=20130730","https://m3.spitogatos.gr/344054528_1600x1200.jpg?v=20130730","https://m2.spitogatos.gr/344054530_1600x1200.jpg?v=20130730","https://m2.spitogatos.gr/344054533_1600x1200.jpg?v=20130730","https://m3.spitogatos.gr/344054537_1600x1200.jpg?v=20130730","https://m2.spitogatos.gr/344054539_1600x1200.jpg?v=20130730","https://m3.spitogatos.gr/344054543_1600x1200.jpg?v=20130730","https://m3.spitogatos.gr/344054546_1600x1200.jpg?v=20130730","https://m1.spitogatos.gr/344054550_1600x1200.jpg?v=20130730","https://m3.spitogatos.gr/344054552_1600x1200.jpg?v=20130730","https://m2.spitogatos.gr/344054557_1600x1200.jpg?v=20130730","https://m3.spitogatos.gr/344054561_1600x1200.jpg?v=20130730","https://m2.spitogatos.gr/344054566_1600x1200.jpg?v=20130730",,"0","0","2","1","37.946503","1","1","23.697449","0","0","0","2026-07-23","0","0","1","0","0","1",,"3","1","0","1","1","0","1","0","900",,,"0","0","0","0","19.15",,,"1","3","6","1","0",,"0","1","1","0","1","1","47","0",,,"0","1","0","2026-02-06","https://www.spitogatos.gr/en/property/1219333736","0",,"2026","OjU4n-JcRzU","residential"
"1","4","no","simple","1",,,,,"1","0","0","0","2026-07-03","0","1","0","8","1","0","false","house","0","20","0"," Κωδικός Ακινήτου: #12340<br><br />
Στην Καλλιθέα, στην ιδιαίτερα προνομιακή περιοχή του Λόφου Φιλαρέτου, διατίθεται προς ενοικίαση ένα φωτεινό, διαμπερές και μερικώς ανακαινισμένο διαμέρισμα 75 τ.μ., στον 4ο όροφο πολυκατοικίας με ασανσέρ. Το ακίνητο είναι πλήρως επιπλωμένο και αποτελεί ιδανική επιλογή για όσους αναζητούν έναν άνετο και λειτουργικό χώρο, σε ήσυχη γειτονιά, πολύ κοντά στο κέντρο της Καλλιθέας και με εύκολη πρόσβαση σε μέσα μεταφοράς, αγορά και κάθε είδους υπηρεσίες. Αποτελείται από ευρύχωρο σαλόνι με τζάκι, ανεξάρτητη κουζίνα, άνετο υπνοδωμάτιο, μπάνιο, αποθήκη και πατάρι αποθήκευσης, προσφέροντας πρακτικές λύσεις για την καθημερινότητα. Διαθέτει κουφώματα αλουμινίου με διπλά τζάμια, πόρτα ασφαλείας, κεντρική θέρμανση φυσικού αερίου, κλιματισμό, ηλιακό θερμοσίφωνα, τέντες, σίτες, θυροτηλεόραση και δάπεδα από μάρμαρο και ξύλο που προσδίδουν διαχρονική αισθητική και ζεστασιά στον χώρο. Ένα προσεγμένο και ιδιαίτερα φιλόξενο διαμέρισμα, έτοιμο να φιλοξενήσει τους νέους του ενοίκους.<br><br />
 <br><br />
Τιμή: 800€ | Κωδικός Ακινήτου: #12340<br><br />
ΚΑΤΑ ΤΗΝ ΥΠΟΔΕΙΞΗ ΤΟΥ ΑΚΙΝΗΤΟΥ ΑΠΑΙΤΕΙΤΑΙ ΝΑ ΓΙΝΕΤΑΙ ΕΠΙΔΕΙΞΗ ΤΗΣ ΑΣΤΥΝΟΜΙΚΗΣ ΣΑΣ ΤΑΥΤΟΤΗΤΑΣ ΣΥΜΦΩΝΑ ΜΕ ΤΟΝ Ν.4072/11-04-2012 Φ.Ε.Κ 86Α<br /><br />ΤΑ ΣΤΟΙΧΕΙΑ ΤΩΝ ΑΚΙΝΗΤΩΝ ΕΙΝΑΙ ΚΑΤΑ ΔΗΛΩΣΗ ΤΟΥ ΙΔΙΟΚΤΗΤΗ<br /><br />ΑΚΙΝΗΤΑ ΑΠΟΚΛΕΙΣΤΙΚΗΣ ΔΙΑΘΕΣΗΣ ΜΕ ΦΩΤΟΓΡΑΦΙΕΣ ΠΟΥ ΔΙΑΧΕΙΡΙΖΕΤΑΙ Η ΕΤΑΙΡΙΑ ΜΑΣ ΘΑ ΒΡΕΙΤΕ ΣΤΗΝ ΙΣΤΟΣΕΛΙΔΑ ΜΑΣ<br /><br /> ►WEBSITE: www.tzelihome.gr<br /><br /> ✔ ΓΙΑ ΤΗΝ ΚΑΛΥΤΕΡΗ ΕΞΥΠΗΡΕΤΗΣΗ ΣΑΣ ΧΡΗΣΙΜΟΠΟΙΕΙΣΤΕ ΤΟΝ ΚΩΔΙΚΟ ΑΚΙΝΗΤΟΥ ΠΟΥ ΑΝΑΓΡΑΦΕΤΑΙ ΣΤΗΝ ΠΕΡΙΓΡΑΦΗ<br /> ✔ Η ΔΙΕΥΘΥΝΣΗ ΣΤΟΝ ΧΑΡΤΗ ΕΧΕΙ ΤΟΠΟΘΕΤΗΘΕΙ ΚΑΤΑ ΠΡΟΣΕΓΓΙΣΗ<br /> ✔ ΟΙ ΑΚΡΙΒΕΙΣ ΠΛΗΡΟΦΟΡΙΕΣ ΤΗΣ ΔΙΕΥΘΥΝΣΗΣ ΠΑΡΕΧΟΝΤΑΙ ΣΤΗΝ ΥΠΟΔΕΙΞΗ ΤΟΥ ΑΚΙΝΗΤΟΥ<br /><br /> ΜΕΣΙΤΙΚΟ ΓΡΑΦΕΙΟ TZELI HOME<br /> ΥΜΗΤΤΟΥ 41 , ΚΑΙΣΑΡΙΑΝΗ , ΤΚ 16121<br /><br /> ΕΠΙΚΟΙΝΩΝΗΣΤΕ ΜΑΖΙ ΜΑΣ:<br /> ►WEBSITE : www.tzelihome.gr<br /> ►E-MAIL : tzelihome@gmail.com<br /> ►ΚΙΝΗΤΟ : 6906.062.919 <br /> ►ΤΗΛΕΦΩΝΟ : 211.001.4573 & 211.001.4574<br>","3000",,"0","1","7","0","1","2026-07-03","9","6","0","yes","no","0","Αθήνα - Νότια Προάστια (Αττική)","Καλλιθέα (Αθήνα - Νότια Προάστια)","1","105103","102","2215","106316","Double","2","2","0","0","1","1220298834","https://m2.spitogatos.gr/360381646_1600x1200.jpg?v=20130730","https://m1.spitogatos.gr/360381651_1600x1200.jpg?v=20130730","https://m3.spitogatos.gr/360381653_1600x1200.jpg?v=20130730","https://m1.spitogatos.gr/360381681_1600x1200.jpg?v=20130730","https://m3.spitogatos.gr/360381710_1600x1200.jpg?v=20130730","https://m3.spitogatos.gr/360381713_1600x1200.jpg?v=20130730","https://m1.spitogatos.gr/360381726_1600x1200.jpg?v=20130730","https://m2.spitogatos.gr/360381751_1600x1200.jpg?v=20130730","https://m1.spitogatos.gr/360381756_1600x1200.jpg?v=20130730","https://m2.spitogatos.gr/360381760_1600x1200.jpg?v=20130730","https://m2.spitogatos.gr/360381766_1600x1200.jpg?v=20130730","https://m2.spitogatos.gr/360381778_1600x1200.jpg?v=20130730","https://m1.spitogatos.gr/360381807_1600x1200.jpg?v=20130730","https://m3.spitogatos.gr/360381815_1600x1200.jpg?v=20130730","https://m2.spitogatos.gr/360381817_1600x1200.jpg?v=20130730","https://m2.spitogatos.gr/360381826_1600x1200.jpg?v=20130730","https://m3.spitogatos.gr/360381845_1600x1200.jpg?v=20130730","https://m3.spitogatos.gr/360381848_1600x1200.jpg?v=20130730","https://m2.spitogatos.gr/360381886_1600x1200.jpg?v=20130730","https://m1.spitogatos.gr/360381891_1600x1200.jpg?v=20130730","https://m3.spitogatos.gr/360381905_1600x1200.jpg?v=20130730","https://m3.spitogatos.gr/360381914_1600x1200.jpg?v=20130730","https://m3.spitogatos.gr/360381929_1600x1200.jpg?v=20130730",,,"0","0","2","1","37.950691","1","1","23.700012","0","0","0","2026-07-07","0","0",,"0","0","1",,"11","1","0","1",,"0","0","0","800",,,"0","0","0","0","10.67",,,"1","3","6","1","1","2023","0","1","1","0","1","1","75","1",,,"0","1","0","2026-07-03","https://www.spitogatos.gr/en/property/1220298834","0",,"1974","K-TOOMlBY3Q","residential"
"1","Upper Ground","no","simple","1",,,,,"0","0","0","0","2026-06-24","0","0","0","1","1","0","false","house","0","15","0","Κωδικός Ακινήτου: #12232. Καλλιθέα, Λόφος Φιλαρέτου: Ενοικιάζεται μερικώς ανακαινισμένο Διαμέρισμα 56τ.μ. σε ημιώροφο. Αποτελείται από 1 υπνοδωμάτιο, 1 κουζίνα, 1 σαλόνι, και μπάνιο. Είναι κατασκευασμένο το 1960, κοντά σε ΜΕΣΑ ΜΑΖΙΚΗΣ ΜΕΤΑΦΟΡΑΣ και διαθέτει κουφώματα αλουμινίου με διπλά τζάμια, κλιματισμό, δάπεδα από μωσαϊκό & ξύλο, σίτες.. Επιπλέον χαρακτηριστικά: ΠΑΤΑΡΙ ΑΠΟΘΗΚΕΥΣΗΣ .<br><br />
Τιμή 550€ | Κωδικός Ακινήτου: #12232<br><br />
 <br><br />
ΚΑΤΑ ΤΗΝ ΥΠΟΔΕΙΞΗ ΤΟΥ ΑΚΙΝΗΤΟΥ ΑΠΑΙΤΕΙΤΑΙ ΝΑ ΓΙΝΕΤΑΙ ΕΠΙΔΕΙΞΗ ΤΗΣ ΑΣΤΥΝΟΜΙΚΗΣ ΣΑΣ ΤΑΥΤΟΤΗΤΑΣ ΣΥΜΦΩΝΑ ΜΕ ΤΟΝ Ν.4072/11-04-2012 Φ.Ε.Κ 86Α<br /><br />ΤΑ ΣΤΟΙΧΕΙΑ ΤΩΝ ΑΚΙΝΗΤΩΝ ΕΙΝΑΙ ΚΑΤΑ ΔΗΛΩΣΗ ΤΟΥ ΙΔΙΟΚΤΗΤΗ<br /><br />ΑΚΙΝΗΤΑ ΑΠΟΚΛΕΙΣΤΙΚΗΣ ΔΙΑΘΕΣΗΣ ΜΕ ΦΩΤΟΓΡΑΦΙΕΣ ΠΟΥ ΔΙΑΧΕΙΡΙΖΕΤΑΙ Η ΕΤΑΙΡΙΑ ΜΑΣ ΘΑ ΒΡΕΙΤΕ ΣΤΗΝ ΙΣΤΟΣΕΛΙΔΑ ΜΑΣ<br /><br /> ►WEBSITE: www.tzelihome.gr<br /><br /> ✔ ΓΙΑ ΤΗΝ ΚΑΛΥΤΕΡΗ ΕΞΥΠΗΡΕΤΗΣΗ ΣΑΣ ΧΡΗΣΙΜΟΠΟΙΕΙΣΤΕ ΤΟΝ ΚΩΔΙΚΟ ΑΚΙΝΗΤΟΥ ΠΟΥ ΑΝΑΓΡΑΦΕΤΑΙ ΣΤΗΝ ΠΕΡΙΓΡΑΦΗ<br /> ✔ Η ΔΙΕΥΘΥΝΣΗ ΣΤΟΝ ΧΑΡΤΗ ΕΧΕΙ ΤΟΠΟΘΕΤΗΘΕΙ ΚΑΤΑ ΠΡΟΣΕΓΓΙΣΗ<br /> ✔ ΟΙ ΑΚΡΙΒΕΙΣ ΠΛΗΡΟΦΟΡΙΕΣ ΤΗΣ ΔΙΕΥΘΥΝΣΗΣ ΠΑΡΕΧΟΝΤΑΙ ΣΤΗΝ ΥΠΟΔΕΙΞΗ ΤΟΥ ΑΚΙΝΗΤΟΥ<br /><br /> ΜΕΣΙΤΙΚΟ ΓΡΑΦΕΙΟ TZELI HOME<br /> ΥΜΗΤΤΟΥ 41 , ΚΑΙΣΑΡΙΑΝΗ , ΤΚ 16121<br /><br /> ΕΠΙΚΟΙΝΩΝΗΣΤΕ ΜΑΖΙ ΜΑΣ:<br /> ►WEBSITE : www.tzelihome.gr<br /> ►E-MAIL : tzelihome@gmail.com<br /> ►ΚΙΝΗΤΟ : 6906.062.919 <br /> ►ΤΗΛΕΦΩΝΟ : 211.001.4573 & 211.001.4574<br>","5000",,"0","0","8","0","0","2026-06-24","4","11","0","no","no","0","Αθήνα - Νότια Προάστια (Αττική)","Καλλιθέα (Αθήνα - Νότια Προάστια)","1","105103","102","2215","106292","Double","1","4","0","0","1","1220198448","https://m1.spitogatos.gr/358761291_1600x1200.jpg?v=20130730","https://m3.spitogatos.gr/358761293_1600x1200.jpg?v=20130730","https://m3.spitogatos.gr/358761296_1600x1200.jpg?v=20130730","https://m2.spitogatos.gr/358761298_1600x1200.jpg?v=20130730","https://m2.spitogatos.gr/358761301_1600x1200.jpg?v=20130730","https://m2.spitogatos.gr/358761304_1600x1200.jpg?v=20130730","https://m1.spitogatos.gr/358761306_1600x1200.jpg?v=20130730","https://m1.spitogatos.gr/358761309_1600x1200.jpg?v=20130730","https://m3.spitogatos.gr/358761311_1600x1200.jpg?v=20130730","https://m3.spitogatos.gr/358761326_1600x1200.jpg?v=20130730","https://m3.spitogatos.gr/358761329_1600x1200.jpg?v=20130730","https://m1.spitogatos.gr/358761333_1600x1200.jpg?v=20130730","https://m3.spitogatos.gr/358761335_1600x1200.jpg?v=20130730","https://m3.spitogatos.gr/358761338_1600x1200.jpg?v=20130730","https://m3.spitogatos.gr/358761341_1600x1200.jpg?v=20130730","https://m2.spitogatos.gr/358761343_1600x1200.jpg?v=20130730","https://m1.spitogatos.gr/358761345_1600x1200.jpg?v=20130730","https://m3.spitogatos.gr/358761347_1600x1200.jpg?v=20130730","https://m1.spitogatos.gr/358761348_1600x1200.jpg?v=20130730","https://m3.spitogatos.gr/358761350_1600x1200.jpg?v=20130730","https://m1.spitogatos.gr/358761351_1600x1200.jpg?v=20130730","https://m2.spitogatos.gr/358761352_1600x1200.jpg?v=20130730","https://m3.spitogatos.gr/358761353_1600x1200.jpg?v=20130730",,,"0","0","2","1","37.951065","1","1","23.696394","0","0","0","2026-06-24","0","0",,"0","0","1",,"2","0","0","1",,"0","0","0","550",,,"0","0","0","0","9.82",,,"1","3","6","1","1","2025","0","1","1","0","0","0","56","0",,,"0","1","0","2026-06-24","https://www.spitogatos.gr/en/property/1220198448","0",,"1960","ybJzPJCzkGg","residential"
"0","Ground Floor","no","simple","1",,,,,"0","1","0","0","2026-07-19","0","0","0","0","0","0",,"house",,"10","0","<br>Διατίθεται προς ενοικίαση σύγχρονο διαμέρισμα συνολικής επιφάνειας <strong>56 τ.μ.</strong>, κατασκευής <strong>2006</strong>, διαμορφωμένο σε δύο επίπεδα (<strong>υπόγειο 35 τ.μ. και ισόγειο 21 τ.μ.</strong>) που επικοινωνούν με εσωτερική σκάλα.Το ακίνητο διαθέτει <strong>επαρκή φυσικό φωτισμό και αερισμό</strong> και αποτελείται από <strong>1 υπνοδωμάτιο</strong>, άνετο καθιστικό, κουζίνα και μπάνιο.<strong>Χαρακτηριστικά:</strong>1 υπνοδωμάτιοΕσωτερική σκάλαΚλιματισμόςΠόρτα ασφαλείαςΣυναγερμόςΘυροτηλεόρασηΣίτεςΜερικώς επιπλωμένοΨυγείοΗλεκτρική κουζίναΠλυντήριο ρούχωνΕλεύθερο και άμεσα διαθέσιμοΤο ακίνητο βρίσκεται σε εξαιρετική τοποθεσία, κοντά σε στάσεις αστικών συγκοινωνιών, με εύκολη πρόσβαση σε μέσα μαζικής μεταφοράς και το κέντρο της Αθήνας. Σε μικρή απόσταση υπάρχουν σούπερ μάρκετ, καταστήματα, καφέ, εστιατόρια, φαρμακεία και κάθε είδους υπηρεσίες, καλύπτοντας πλήρως τις καθημερινές ανάγκες.Ιδανική επιλογή για φοιτητές, εργαζόμενους ή ζευγάρια που αναζητούν μια σύγχρονη, λειτουργική και ασφαλή κατοικία σε μια ιδιαίτερα εξυπηρετούμενη περιοχή της Καλλιθέας <br>",,,,"0","7","0","0","2026-07-19","3","4","0","no","no","0","Αθήνα - Νότια Προάστια (Αττική)","Καλλιθέα (Αθήνα - Νότια Προάστια)","1","105103","102","2215","106389","Single","4","4","0","0","1","1220417981","https://m2.spitogatos.gr/362340745_1600x1200.jpg?v=20130730","https://m1.spitogatos.gr/362340750_1600x1200.jpg?v=20130730","https://m1.spitogatos.gr/362340762_1600x1200.jpg?v=20130730","https://m3.spitogatos.gr/362340764_1600x1200.jpg?v=20130730","https://m2.spitogatos.gr/362340775_1600x1200.jpg?v=20130730","https://m3.spitogatos.gr/362340797_1600x1200.jpg?v=20130730","https://m3.spitogatos.gr/362340806_1600x1200.jpg?v=20130730","https://m2.spitogatos.gr/362340820_1600x1200.jpg?v=20130730","https://m2.spitogatos.gr/362340838_1600x1200.jpg?v=20130730","https://m1.spitogatos.gr/362340852_1600x1200.jpg?v=20130730","https://m1.spitogatos.gr/362340867_1600x1200.jpg?v=20130730","https://m3.spitogatos.gr/362340875_1600x1200.jpg?v=20130730","https://m3.spitogatos.gr/362340893_1600x1200.jpg?v=20130730","https://m1.spitogatos.gr/362340903_1600x1200.jpg?v=20130730","https://m1.spitogatos.gr/362340921_1600x1200.jpg?v=20130730",,,,,,,,,,,"1","0","2","1","37.962307",,"1","23.708725","0",,,"2026-07-19","0","0",,"0","0","1",,,"0","0","1",,"0","0","0","550",,,"0","0","0","0","9.82",,,"1","3","6","1","0",,"0","2","1","0","1","0","56","0",,"Ευαγγελιστρίας, 176 76, Καλλιθέα","1","1","0","2026-07-19","https://www.spitogatos.gr/en/property/1220417981","0","0","2006",,"residential"
"1","1","no","simple","1",,,,,"0","0","0","0","2026-05-11","0","0","1","2","1","0",,"house","0",,"0","Διαμέρισμα προς μακροχρόνια μίσθωση, στον 1ο όροφο, στην περιοχή της Καλλιθέα. Το ακίνητο έχει εμβαδόν 44,77 τ.μ. και αποτελείται από 1 υπνοδωμάτιο (master), 1 μπάνιο, 1 WC, 1 κουζίνα και 1 σαλόνι. Έχει κατασκευαστεί το 2021 και διαθέτει κλιματισμό, ενώ δεν διαθέτει σύστημα θέρμανσης. Διαθέτει κουφώματα αλουμινίου με διπλά τζάμια, ενεργειακό πιστοποιητικό Α+ και δάπεδα από πλακάκια. Είναι πλήρως επιπλωμένο, φωτεινό και πολυτελές. Διαθέτει επίσης σίτες, πισίνα, πόρτα ασφαλείας και θυροτηλεόραση. Το ακίνητο βρίσκεται κοντά σε μετρό, συγκοινωνίες, super market, εμπορικό κέντρο, το κέντρο της πόλης, κέντρα διασκέδασης, την Ακρόπολη, το μουσείο και την αγορά, μόλις 15 λεπτά απόσταση από το μετρό. Προσφέρει ανοιχτωσιά και αστική θέα.<br />
<br />
Για περισσότερες πληροφορίες, παρακαλούμε επικοινωνήστε με την Olympia Properties.<br />
τηλ. επικοινωνίας: +30 211 4111444, +30 6980417165<br />
email: info@olympia-properties.com<br />
ιστότοπος: www.olympia-properties.com<br />
<br />
 | Οι πληροφορίες και τα χαρακτηριστικά των ακινήτων έχουν καταχωριστεί βάσει των πληροφοριών και στοιχείων που μας μεταφέρθηκαν από τον ιδιοκτήτη.<br />
| Η τοποθεσία του ακινήτου στον χάρτη είναι ενδεικτική.<br />
| Η ενεργειακή κλάση των ακινήτων για τα οποία είναι απαραίτητη η έκδοση ΠΕΑ μπορεί να διαφέρει από την αναγραφόμενη.<br />
| Όλοι οι παρευρισκόμενοι κατά την υπόδειξη του ακινήτου είναι απαραίτητο να επιδείξουν την αστυνομική τους ταυτότητα και τον Α.Φ.Μ τους, σύμφωνα με τον Νόμο Ν.4072/2012 - ΦΕΚ 86/Α/11-4-2012",,,"0","0","1","0","0","2026-05-11","6","4","0","yes","no","0","Αθήνα - Νότια Προάστια (Αττική)","Καλλιθέα (Αθήνα - Νότια Προάστια)","1","105103","102","2215",,"Double","4","2","0","0","1","1219863971","https://m3.spitogatos.gr/353087942_1600x1200.jpg?v=20130730","https://m1.spitogatos.gr/353087946_1600x1200.jpg?v=20130730","https://m2.spitogatos.gr/353087947_1600x1200.jpg?v=20130730","https://m3.spitogatos.gr/353087948_1600x1200.jpg?v=20130730","https://m3.spitogatos.gr/353087951_1600x1200.jpg?v=20130730","https://m3.spitogatos.gr/353087954_1600x1200.jpg?v=20130730","https://m3.spitogatos.gr/353087957_1600x1200.jpg?v=20130730","https://m1.spitogatos.gr/353087961_1600x1200.jpg?v=20130730","https://m1.spitogatos.gr/353087964_1600x1200.jpg?v=20130730","https://m2.spitogatos.gr/353087965_1600x1200.jpg?v=20130730","https://m1.spitogatos.gr/353087967_1600x1200.jpg?v=20130730","https://m2.spitogatos.gr/353087968_1600x1200.jpg?v=20130730","https://m1.spitogatos.gr/353087970_1600x1200.jpg?v=20130730","https://m3.spitogatos.gr/353087972_1600x1200.jpg?v=20130730","https://m1.spitogatos.gr/353087973_1600x1200.jpg?v=20130730","https://m3.spitogatos.gr/353087975_1600x1200.jpg?v=20130730","https://m1.spitogatos.gr/353087976_1600x1200.jpg?v=20130730","https://m3.spitogatos.gr/353087978_1600x1200.jpg?v=20130730","https://m1.spitogatos.gr/353087979_1600x1200.jpg?v=20130730","https://m1.spitogatos.gr/353087982_1600x1200.jpg?v=20130730","https://m2.spitogatos.gr/353087983_1600x1200.jpg?v=20130730","https://m1.spitogatos.gr/353087985_1600x1200.jpg?v=20130730","https://m2.spitogatos.gr/353087986_1600x1200.jpg?v=20130730","https://m1.spitogatos.gr/353087988_1600x1200.jpg?v=20130730","https://m2.spitogatos.gr/353087989_1600x1200.jpg?v=20130730","0","1","2","1","37.962269","1","1","23.716339","1","0","0","2026-07-28","0","0","1","0","1","1",,,"0","0","1",,"0","1","0","800","2026-07-28 09:25:18","11","0","0","0","0","18.18","900","true","1","3","6","1","0",,"0","1","1","0","1","0","44","0",,,"0","1","0","2026-05-11","https://www.spitogatos.gr/en/property/1219863971","1","0","2021",,
"1","3","no","simple","1",,,,,"0","0","0","0","2026-07-10","0","1","0","0","1","0",,"house",,,"1","Κωδικός ακινήτου: 7-2073 - Καλλιθέα Πλατεία Δαβάκη  ΕΝΟΙΚΙΑΖΕΤΑΙ     διαμέρισμα  στον 3 ο όροφο συνολικής επιφάνειας 60.00 τ.μ.  . Αποτελείται από 1 υπνοδωμάτιο, σαλόνι, κουζίνα, μπάνιο . Είναι κατασκευασμένο το 1980 με ενεργειακή κλάση Η  και διαθέτει θέρμανση κεντρική - πετρέλαιο, απεριόριστη θέα, κουφώματα αλουμινίου, πατώματα από πλακάκι και ξύλο,   ανελκυστήρα, A/C, τέντες, διπλά τζάμια     απόσταση από μετρό 1500 μέτρα - Τιμή: 650 €  <br>Ενοικιάζεται διαμέρισμα 60 τ.μ., 3ου ορόφου, γωνιακό και πολύ φωτεινό, σε άριστη κατάσταση. Αποτελείται από σαλόνι που έχει πρόσβαση με δυο πόρτες σε μεγάλο γωνιακό μπαλκόνι, κουζίνα, μπάνιο και ένα μεγάλο δωμάτιο που έχει πόρτα στο μπαλκόνι. Διαθέτει κουφώματα αλουμινίου με διπλά τζάμια, τέντες, κλιματισμό, κεντρική θέρμανση πετρελαίου, δάπεδα με πλακάκι και παρκέ, ανελκυστήρα και μονοφασικό ρεύμα. Βρίσκεται πλησίον Μ.Μ.Μ. και Πλατείας Δαβάκη.<br> <br>",,,,"1","9","0","0","2026-07-10","8","10","0","no","no","0","Αθήνα - Νότια Προάστια (Αττική)","Καλλιθέα (Αθήνα - Νότια Προάστια)","1","105103","102","2215","123220","Double","2","1","0","0","1","1220347033","https://m2.spitogatos.gr/361153936_1600x1200.jpg?v=20130730","https://m2.spitogatos.gr/361153951_1600x1200.jpg?v=20130730","https://m1.spitogatos.gr/361153956_1600x1200.jpg?v=20130730","https://m1.spitogatos.gr/361153962_1600x1200.jpg?v=20130730","https://m2.spitogatos.gr/361153969_1600x1200.jpg?v=20130730","https://m1.spitogatos.gr/361153971_1600x1200.jpg?v=20130730","https://m3.spitogatos.gr/361153973_1600x1200.jpg?v=20130730","https://m1.spitogatos.gr/361153977_1600x1200.jpg?v=20130730","https://m3.spitogatos.gr/361153982_1600x1200.jpg?v=20130730","https://m1.spitogatos.gr/361154001_1600x1200.jpg?v=20130730","https://m2.spitogatos.gr/361154005_1600x1200.jpg?v=20130730","https://m1.spitogatos.gr/361154013_1600x1200.jpg?v=20130730","https://m1.spitogatos.gr/361154022_1600x1200.jpg?v=20130730","https://m2.spitogatos.gr/361154026_1600x1200.jpg?v=20130730","https://m1.spitogatos.gr/361154031_1600x1200.jpg?v=20130730","https://m2.spitogatos.gr/361154041_1600x1200.jpg?v=20130730","https://m2.spitogatos.gr/361154053_1600x1200.jpg?v=20130730","https://m1.spitogatos.gr/361154064_1600x1200.jpg?v=20130730","https://m1.spitogatos.gr/361154076_1600x1200.jpg?v=20130730","https://m2.spitogatos.gr/361154086_1600x1200.jpg?v=20130730","https://m3.spitogatos.gr/361154096_1600x1200.jpg?v=20130730","https://m1.spitogatos.gr/361154106_1600x1200.jpg?v=20130730","https://m3.spitogatos.gr/361154117_1600x1200.jpg?v=20130730","https://m3.spitogatos.gr/361154144_1600x1200.jpg?v=20130730","https://m2.spitogatos.gr/361154149_1600x1200.jpg?v=20130730","0","0","2","1","37.951862",,"1","23.708296","0",,,"2026-07-10","0","0",,"0","0","1","5","5","0","0","0","1","0","0","0","650",,,"0","0","0","0","10.83",,,"1","3","6","1","0",,"0","1","1","0","0","0","60","0",,,"1","1","0","2026-07-10","https://www.spitogatos.gr/en/property/1220347033","1","0","1980","yAW4MP5s9wc","residential"
"0","2","no","simple","1",,,,,"0","0","0","0","2026-06-29","0","0","0","0","1","0",,"house",,"30","0","<br>Κωδικός ακινήτου: 21698 ΚΑΛΛΙΘΕΑ,Ενοικιάζεται φωτεινό και ευρύχωρο οροφοδιαμέρισμα 90 τ.μ. στον 2ο όροφο (κατασκευή 1990, ενεργειακή κλάση Ε), σε μια ιδιαίτερα ήσυχη και προνομιακή γειτονιά της περιοχής. Το ακίνητο είναι διαμπερές, φρεσκοβαμμένο και σε άριστη, πλήρως λειτουργική κατάσταση. Η διαρρύθμισή του περιλαμβάνει ένα άνετο σαλόνι, κουζίνα με δικό της καθιστικό, 2 ευρύχωρα υπνοδωμάτια, καθώς και έναν επιπλέον πρακτικό βοηθητικό χώρο που μπορεί να αξιοποιηθεί ως γραφείο ή τρίτο υπνοδωμάτιο. Διαθέτει 1 πλήρες μπάνιο, καινούργια θωρακισμένη πόρτα ασφαλείας, ηλιακό θερμοσίφωνα, αποθήκη και τρεις μονάδες κλιματισμού για ψύξη και θέρμανση. Όλοι οι χώροι του σπιτιού έχουν πρόσβαση σε μπαλκόνια, εξασφαλίζοντας εξαιρετικό φυσικό φως και αερισμό καθ' όλη τη διάρκεια της ημέρας. Τα μηνιαία κοινόχρηστα είναι ιδιαίτερα χαμηλά, στα 30 ευρώ. Η τοποθεσία του είναι στρατηγική για την καθημερινότητα, καθώς βρίσκεται πολύ κοντά στην τοπική αγορά, μόλις 10 λεπτά με τα πόδια από την κεντρική πλατεία της Καλλιθέας και 15 λεπτά από τον σταθμό του ΗΣΑΠ. Επιπλέον, απέχει μόλις 15 λεπτά από το Κέντρο Πολιτισμού Ίδρυμα Σταύρος Νιάρχος (ΚΠΙΣΝ), προσφέροντας άμεση πρόσβαση σε χώρους πρασίνου, πολιτισμού και αναψυχής. Είναι άμεσα διαθέσιμο, ιδανικό και για φοιτητές, ενώ για την ενοικίαση ζητούνται απαραίτητα συστάσεις από προηγούμενο ιδιοκτήτη. Μηνιαίο μίσθωμα: 720 ευρώ.   <br>",,,,"1","7","1","0","2026-06-29","7","4","0","no","no","0","Αθήνα - Νότια Προάστια (Αττική)","Καλλιθέα (Αθήνα - Νότια Προάστια)","1","105103","102","2215","106316","Single","3",,"0","0","1","1220265283","https://m3.spitogatos.gr/359840525_1600x1200.jpg?v=20130730","https://m2.spitogatos.gr/359840527_1600x1200.jpg?v=20130730","https://m3.spitogatos.gr/359840543_1600x1200.jpg?v=20130730","https://m3.spitogatos.gr/359840546_1600x1200.jpg?v=20130730","https://m1.spitogatos.gr/359840550_1600x1200.jpg?v=20130730","https://m3.spitogatos.gr/359840561_1600x1200.jpg?v=20130730","https://m1.spitogatos.gr/359840589_1600x1200.jpg?v=20130730","https://m3.spitogatos.gr/359840594_1600x1200.jpg?v=20130730","https://m2.spitogatos.gr/359840596_1600x1200.jpg?v=20130730","https://m1.spitogatos.gr/359840598_1600x1200.jpg?v=20130730","https://m2.spitogatos.gr/359840599_1600x1200.jpg?v=20130730","https://m3.spitogatos.gr/359840600_1600x1200.jpg?v=20130730","https://m1.spitogatos.gr/359840601_1600x1200.jpg?v=20130730","https://m2.spitogatos.gr/359840602_1600x1200.jpg?v=20130730","https://m3.spitogatos.gr/359840603_1600x1200.jpg?v=20130730","https://m1.spitogatos.gr/359840604_1600x1200.jpg?v=20130730","https://m1.spitogatos.gr/359840607_1600x1200.jpg?v=20130730","https://m2.spitogatos.gr/359840608_1600x1200.jpg?v=20130730","https://m2.spitogatos.gr/359840611_1600x1200.jpg?v=20130730","https://m1.spitogatos.gr/359840613_1600x1200.jpg?v=20130730","https://m1.spitogatos.gr/359840616_1600x1200.jpg?v=20130730","https://m2.spitogatos.gr/359840620_1600x1200.jpg?v=20130730","https://m3.spitogatos.gr/359840624_1600x1200.jpg?v=20130730","https://m1.spitogatos.gr/359840628_1600x1200.jpg?v=20130730","https://m2.spitogatos.gr/359840629_1600x1200.jpg?v=20130730","0","0","1","1","37.951744",,"1","23.705523","0",,,"2026-06-30","0","0",,"0","0","1",,,"0","0","0","1","0","0","0","720",,,"0","0","0","0","8",,,"1","3","6","1","0",,"0","7","2","0","0","0","90","0",,"Ηρακλέους 121, 176 72, Καλλιθέα","0","1","0","2026-06-29","https://www.spitogatos.gr/en/property/1220265283","0","0","1990",,"residential"
"1","5","no","simple","1","Παντελής","81464","Κυζιράκος - Τρίμης","6986870912","1","0","0","0","2026-07-16","0","1","1","0","1","1",,"house","0",,"0","Διατίθεται προς ενοικίαση ανακαινισμένο, πλήρως επιπλωμένο και εξοπλισμένο διαμέρισμα 112 τ.μ., 5ου ορόφου, στην περιοχή Καλλιθέα, Τζιτζιφιές. Το ακίνητο αποτελείται από τρία υπνοδωμάτια, δύο μπάνια, μία κουζίνα και ένα ευρύχωρο σαλόνι, προσφέροντας άνετη και λειτουργική διαρρύθμιση, ιδανική για οικογένειες ή επαγγελματίες. Επιπλέον, διαθέτει μία καλυμμένη θέση στάθμευσης. Έχει κατασκευαστεί το 2005 και ανακαινίστηκε το 2024. Διαθέτει κεντρική θέρμανση με πετρέλαιο, δύο κλιματιστικές μονάδες, ενώ τα κουφώματα είναι αλουμινίου και ξύλινα με διπλά ενεργειακά τζάμια και τα δάπεδα από πλακάκι. Το ενεργειακό πιστοποιητικό είναι κατηγορίας Γ.<br />
<br />
Επιπλέον περιλαμβάνει ηλεκτρικές συσκευές, σίτες, τέντες, ασανσέρ, πόρτα ασφαλείας, θυροτηλεόραση και BBQ, προσφέροντας υψηλό επίπεδο άνεσης και λειτουργικότητας. Το διαμέρισμα είναι βαμμένο, φωτεινό, ευάερο, ευήλιο και διαμπερές, ενώ απολαμβάνει θέα στη θάλασσα και στο αστικό τοπίο, προσφέροντας ένα ευχάριστο περιβάλλον διαβίωσης. Βρίσκεται σε εξαιρετική τοποθεσία, κοντά σε συγκοινωνίες, κέντρο πόλης, αγορά και χώρους εστίασης, με εύκολη πρόσβαση σε όλες τις καθημερινές ανάγκες.<br />
<br />
📍 Η αναφερόμενη τοποθεσία είναι ενδεικτική. Για περισσότερες πληροφορίες ή προγραμματισμό επίσκεψης:<br />
<br />
KOSMOS REAL ESTATE<br />
📞 Υπεύθυνος Ακινήτου: Παντελής – 6986870912<br />
📧 padelis@kosmosrealestate.gr<br />
🌐 www.kosmosrealestate.gr",,,"0","1","5","0","1","2026-07-16","10","4","0","yes","yes","0","Αθήνα - Νότια Προάστια (Αττική)","Καλλιθέα (Αθήνα - Νότια Προάστια)","1","105103","102","2215","107190","Double","2","1","0","0","1","1220397656","https://m3.spitogatos.gr/362024675_1600x1200.jpg?v=20130730","https://m1.spitogatos.gr/362024676_1600x1200.jpg?v=20130730","https://m2.spitogatos.gr/362024677_1600x1200.jpg?v=20130730","https://m3.spitogatos.gr/362024681_1600x1200.jpg?v=20130730","https://m3.spitogatos.gr/362024684_1600x1200.jpg?v=20130730","https://m1.spitogatos.gr/362024691_1600x1200.jpg?v=20130730","https://m3.spitogatos.gr/362024693_1600x1200.jpg?v=20130730","https://m2.spitogatos.gr/362024695_1600x1200.jpg?v=20130730","https://m1.spitogatos.gr/362024697_1600x1200.jpg?v=20130730","https://m1.spitogatos.gr/362024700_1600x1200.jpg?v=20130730","https://m3.spitogatos.gr/362024702_1600x1200.jpg?v=20130730","https://m3.spitogatos.gr/362024705_1600x1200.jpg?v=20130730","https://m2.spitogatos.gr/362024707_1600x1200.jpg?v=20130730","https://m1.spitogatos.gr/362024709_1600x1200.jpg?v=20130730","https://m1.spitogatos.gr/362024712_1600x1200.jpg?v=20130730","https://m1.spitogatos.gr/362024715_1600x1200.jpg?v=20130730","https://m3.spitogatos.gr/362024717_1600x1200.jpg?v=20130730","https://m3.spitogatos.gr/362024720_1600x1200.jpg?v=20130730","https://m1.spitogatos.gr/362024724_1600x1200.jpg?v=20130730","https://m2.spitogatos.gr/362024728_1600x1200.jpg?v=20130730","https://m1.spitogatos.gr/362024733_1600x1200.jpg?v=20130730","https://m3.spitogatos.gr/362024738_1600x1200.jpg?v=20130730","https://m1.spitogatos.gr/362024742_1600x1200.jpg?v=20130730","https://m3.spitogatos.gr/362024747_1600x1200.jpg?v=20130730","https://m2.spitogatos.gr/362024752_1600x1200.jpg?v=20130730","0","0","2","1","37.952026","1","1","23.688847","0","0","0","2026-07-27","0","0",,"0","0","2",,,"1","0","1",,"0","0","0","1200",,,"0","0","0","0","10.71",,,"1","3","6","1","1","2024","0","1","3","0","1","0","112","0",,,"0","1","0","2026-07-16","https://www.spitogatos.gr/en/property/1220397656","1","0","2005",,"residential"
"1","Ground Floor","no","simple","1",,,,,"1","0",,"0","2026-03-19","0","0","0","0","1","0",,"house","0","20","1","ΚΑΛΛΙΘΕΑ – ΓΡΥΠΑΡΗ 24<br />
<br />
ΜΟΝΤΕΡΝΟ LOFT 3 ΕΠΙΠΕΔΩΝ<br />
<br />
Ελάχιστη διάρκεια μίσθωσης 1 έτος. Δεν διατίθεται για βραχυχρόνια μίσθωση.<br />
<br />
Στην αναπτυσσόμενη περιοχή της Καλλιθέας, στην οδό Γρυπάρη 24, διατίθεται προς ενοικίαση αυτό το μοντέρνο και καλαίσθητο loft, που προσφέρει άνετους και λειτουργικούς χώρους διαβίωσης.<br />
<br />
Συνολική Επιφάνεια: 155 τ.μ.<br />
Διάταξη: Loft 3 επιπέδων<br />
<br />
ΧΑΡΑΚΤΗΡΙΣΤΙΚΑ ΑΚΙΝΗΤΟΥ<br />
	•	2 ευρύχωρα υπνοδωμάτια<br />
	•	2 μοντέρνα μπάνια (με ξεχωριστούς χώρους ντους)<br />
	•	Φωτεινό και άνετο σαλόνι<br />
	•	Μοντέρνα επίπλωση σαλονιού και τραπεζαρίας<br />
<br />
ΗΛΕΚΤΡΙΚΕΣ ΣΥΣΚΕΥΕΣ & ΕΞΟΠΛΙΣΜΟΣ<br />
	•	Πλυντήριο ρούχων<br />
	•	Πλυντήριο πιάτων<br />
	•	Ψυγείο<br />
	•	Φούρνος μικροκυμάτων<br />
	•	2 τηλεοράσεις<br />
	•	Θερμοσίφωνας (δεν υπάρχει ηλιακός)<br />
<br />
ΕΠΙΠΛΕΟΝ ΧΑΡΑΚΤΗΡΙΣΤΙΚΑ<br />
	•	Θωρακισμένη πόρτα ασφαλείας<br />
	•	Σύγχρονη loft αρχιτεκτονική<br />
	•	Πολυχρηστικός χώρος στο χαμηλότερο επίπεδο<br />
<br />
ΚΟΙΝΟΧΡΗΣΤΑ<br />
	•	Περίπου 25 ευρώ / μήνα<br />
<br />
Δεν επιτρέπονται κατοικίδια.<br />
<br />
Για περισσότερες πληροφορίες, επικοινωνήστε μέσω WhatsApp ή Viber.<br />
Yer Property Management",,,"0","0","4","0","0","2026-03-19","3","4","1","yes","no","0","Αθήνα - Νότια Προάστια (Αττική)","Καλλιθέα (Αθήνα - Νότια Προάστια)","1","105103","102","2215","106389","Double","3",,"0","1","1","1219577963","https://m3.spitogatos.gr/348248297_1600x1200.jpg?v=20130730","https://m3.spitogatos.gr/348248588_1600x1200.jpg?v=20130730","https://m1.spitogatos.gr/348248697_1600x1200.jpg?v=20130730","https://m1.spitogatos.gr/348248964_1600x1200.jpg?v=20130730","https://m2.spitogatos.gr/348248818_1600x1200.jpg?v=20130730","https://m1.spitogatos.gr/348249321_1600x1200.jpg?v=20130730","https://m1.spitogatos.gr/348249411_1600x1200.jpg?v=20130730","https://m1.spitogatos.gr/348249522_1600x1200.jpg?v=20130730","https://m2.spitogatos.gr/348249820_1600x1200.jpg?v=20130730","https://m1.spitogatos.gr/348249996_1600x1200.jpg?v=20130730","https://m2.spitogatos.gr/348249772_1600x1200.jpg?v=20130730","https://m1.spitogatos.gr/348249915_1600x1200.jpg?v=20130730","https://m2.spitogatos.gr/348252940_1600x1200.jpg?v=20130730","https://m3.spitogatos.gr/348250247_1600x1200.jpg?v=20130730","https://m1.spitogatos.gr/348250251_1600x1200.jpg?v=20130730","https://m2.spitogatos.gr/348250261_1600x1200.jpg?v=20130730","https://m1.spitogatos.gr/348250299_1600x1200.jpg?v=20130730","https://m1.spitogatos.gr/348250308_1600x1200.jpg?v=20130730","https://m2.spitogatos.gr/348250309_1600x1200.jpg?v=20130730","https://m3.spitogatos.gr/348252941_1600x1200.jpg?v=20130730","https://m3.spitogatos.gr/348250310_1600x1200.jpg?v=20130730","https://m1.spitogatos.gr/348252993_1600x1200.jpg?v=20130730","https://m3.spitogatos.gr/348250238_1600x1200.jpg?v=20130730","https://m3.spitogatos.gr/348250373_1600x1200.jpg?v=20130730","https://m2.spitogatos.gr/348252976_1600x1200.jpg?v=20130730","1","1","2","1","37.960739","3","1","23.711651","1","0","1","2026-07-06","0","0",,"0","0","2","5",,"1",,"0",,"1","0","0","890",,,"0","0","0","0","5.74",,,"1",,,"1","1","2026","0","1","2","0","1","0","155","1","35","Grypari, 24, Kallithea Greece, 17671","1","1","0","2026-03-19","https://www.spitogatos.gr/en/property/1219577963","0","1","1989",,"residential"
"1","1","no","simple","1",,,,,"0","0","0","0","2026-07-23","0","0","0","0","1",,"true","house",,"15","0","Ενοικιάζεται πλήρως ανακαινισμένο άνετο διαμέρισμα 30 τμ, 1ου ορόφου, μονόχωρο, φωτεινό , με μεγάλα πράθυρα και μπαλκόνι. Διαθέτει ανεξάρτητη κουζίνα και μπάνιο , κουφώματα αλουμινίου, πόρτα ασφαλείας και κλιματιστικό. Στον χώρο ΄έχει τοποθετηθεί ειδική, σύγχρονη ξύλινη κατασκευή  με υπερυψωμένο διπλό κρεβάτι και walk-in ντουλάπα που δημιουργεί ανεξάρτητο αποθηκευτικό χώρο. Στην καρδιά της Καλλιθέας μέσα στην αγορά, κοντά στα μέσα μαζικής μεταφοράς και τον ηλεκτρικό, καθώς και σε πανεπιστήμια είναι ιδανικό για φοιτητές και εργαζόμενους . Είναι εσωτερικό και πολύ ήσυχο.<br />
Ενοικίαση, Διαμέρισμα,  Μπάνια: 1,  Εμβαδόν: 30 τ.μ.,  Δωμάτια: 1,  Έτος κατασκευής: 1970,  Για φοιτητές,  Κλιματισμός,  Θέα,  Ασανσέρ,  Επιπλωμένο,  Εσωτερική σκάλα,  Πόρτα ασφαλείας,  Όροφος: 1ος,  Ανακαινισμένο,  Φωτεινό,  Βαμμένο,  Κουζίνες: 1,  Κουφώματα: Αλουμινίου,  Τύπος δαπέδων: Πλακάκι,  Θέρμανση: Αυτόνομη θέρμανση,  Μέσο θέρμανσης: Φυσικό αέριο,  Πρόσβαση από: Άσφαλτο,  Ζώνη: Οικιστική ζώνη,  Ενεργειακή κλάση: Δ,  Προσανατολισμός: Ανατολικομεσημβρινός,  Ρεύμα: Μονοφασικό,  Έτος Ανακαίνισης: 2026,  Απόσταση απο θάλασσα: 4.000,  Μηνιαία κοινόχρηστα: 15","1000","1",,"1","6","0","0","2026-07-23","6","4","0","yes","no","0","Αθήνα - Νότια Προάστια (Αττική)","Καλλιθέα (Αθήνα - Νότια Προάστια)","1","105103","102","2215","106292",,"1","2","0","0","1","1220462245","https://m2.spitogatos.gr/362919016_1600x1200.jpg?v=20130730","https://m1.spitogatos.gr/362919018_1600x1200.jpg?v=20130730","https://m2.spitogatos.gr/362919019_1600x1200.jpg?v=20130730","https://m3.spitogatos.gr/362919020_1600x1200.jpg?v=20130730","https://m3.spitogatos.gr/362919023_1600x1200.jpg?v=20130730","https://m1.spitogatos.gr/362919024_1600x1200.jpg?v=20130730","https://m3.spitogatos.gr/362919026_1600x1200.jpg?v=20130730","https://m2.spitogatos.gr/362919028_1600x1200.jpg?v=20130730","https://m1.spitogatos.gr/362919030_1600x1200.jpg?v=20130730","https://m1.spitogatos.gr/362919033_1600x1200.jpg?v=20130730","https://m3.spitogatos.gr/362919035_1600x1200.jpg?v=20130730","https://m1.spitogatos.gr/362919036_1600x1200.jpg?v=20130730","https://m1.spitogatos.gr/362919042_1600x1200.jpg?v=20130730","https://m1.spitogatos.gr/362919048_1600x1200.jpg?v=20130730","https://m2.spitogatos.gr/362919052_1600x1200.jpg?v=20130730","https://m2.spitogatos.gr/362919055_1600x1200.jpg?v=20130730","https://m2.spitogatos.gr/362919058_1600x1200.jpg?v=20130730","https://m1.spitogatos.gr/362919063_1600x1200.jpg?v=20130730","https://m3.spitogatos.gr/362919065_1600x1200.jpg?v=20130730","https://m2.spitogatos.gr/362919067_1600x1200.jpg?v=20130730","https://m1.spitogatos.gr/362919069_1600x1200.jpg?v=20130730","https://m3.spitogatos.gr/362919071_1600x1200.jpg?v=20130730","https://m2.spitogatos.gr/362919073_1600x1200.jpg?v=20130730",,,"1","0","2","1","37.952744","1","0","23.699516","0",,,"2026-07-23","0","0",,"0","0","1",,"3","1","0","0",,"0","0","0","550",,,"0","0","0","0","18.33",,,"1","3","6","1","1","2026","0","1","1","0","1","0","30","0",,"","1","1","0","2026-07-23","https://www.spitogatos.gr/en/property/1220462245","1",,"1970",,"residential"
"1","2","no","simple","1",,,,,"0","0","0","0","2026-07-09","0","1","1","2","1","0",,"house",,,"0","Κωδικός ακινήτου: 7-2072 - Καλλιθέα Πλατεία Δαβάκη  ΕΝΟΙΚΙΑΖΕΤΑΙ     διαμέρισμα  στον 2 ο όροφο συνολικής επιφάνειας 60.00 τ.μ.  . Αποτελείται από 1 υπνοδωμάτιο, σαλόνι, κουζίνα, μπάνιο . Είναι κατασκευασμένο το 1975 με ενεργειακή κλάση Η  και διαθέτει θέρμανση κλιματισμός, θέα σε αστικό τοπίο, κουφώματα αλουμινίου, πατώματα από πλακάκι και ξύλο,   ανελκυστήρα, A/C, προεγκατάσταση Α/C, τέντες, σίτες, διπλά τζάμια, μπαλκόνια 2 τ.μ.     απόσταση από μετρό 1600 μέτρα - Τιμή: 700 €  <br>Ενοικιάζεται διαμέρισμα 60 τ.μ., 2ου ορόφου, προσόψεως, πλαϊνό και φωτεινό, σε άριστη κατάσταση. Μπροστά στην είσοδο υπάρχει χολ και μετά το σαλόνι όπου έχει μπαλκόνι με ωραία θέα στο αστικό τοπίο. Δεξιά υπάρχει η κουζίνα και ακολουθεί το μπάνιο και δεξιά πίσω το υπνοδωμάτιο με δικό του επίσης μεγάλο μπαλκόνι πλαϊνό. Διαθέτει κλιματισμό, ανελκυστήρα, πάτωμα με παρκέ και πλακάκια, κουφώματα αλουμινίου με διπλά τζάμια και σίτες, τέντες, ανελκυστήρα και μονοφασικό ρεύμα. Βρίσκεται πλησίον Μ.Μ.Μ..<br> <br>",,,,"1","9","1","0","2026-07-09","7","10","0","no","no","0","Αθήνα - Νότια Προάστια (Αττική)","Καλλιθέα (Αθήνα - Νότια Προάστια)","1","105103","102","2215","106316","Double","4","4","0","0","1","1220339255","https://m3.spitogatos.gr/361028093_1600x1200.jpg?v=20130730","https://m2.spitogatos.gr/361028110_1600x1200.jpg?v=20130730","https://m1.spitogatos.gr/361028115_1600x1200.jpg?v=20130730","https://m1.spitogatos.gr/361028124_1600x1200.jpg?v=20130730","https://m2.spitogatos.gr/361028134_1600x1200.jpg?v=20130730","https://m1.spitogatos.gr/361028142_1600x1200.jpg?v=20130730","https://m1.spitogatos.gr/361028148_1600x1200.jpg?v=20130730","https://m2.spitogatos.gr/361028152_1600x1200.jpg?v=20130730","https://m3.spitogatos.gr/361028159_1600x1200.jpg?v=20130730","https://m3.spitogatos.gr/361028168_1600x1200.jpg?v=20130730","https://m2.spitogatos.gr/361028179_1600x1200.jpg?v=20130730","https://m3.spitogatos.gr/361028207_1600x1200.jpg?v=20130730","https://m3.spitogatos.gr/361028219_1600x1200.jpg?v=20130730","https://m1.spitogatos.gr/361028229_1600x1200.jpg?v=20130730","https://m3.spitogatos.gr/361028240_1600x1200.jpg?v=20130730","https://m3.spitogatos.gr/361028249_1600x1200.jpg?v=20130730","https://m1.spitogatos.gr/361028256_1600x1200.jpg?v=20130730","https://m3.spitogatos.gr/361028264_1600x1200.jpg?v=20130730","https://m1.spitogatos.gr/361028271_1600x1200.jpg?v=20130730","https://m1.spitogatos.gr/361028277_1600x1200.jpg?v=20130730","https://m2.spitogatos.gr/361028290_1600x1200.jpg?v=20130730","https://m2.spitogatos.gr/361028296_1600x1200.jpg?v=20130730","https://m1.spitogatos.gr/361028307_1600x1200.jpg?v=20130730","https://m1.spitogatos.gr/361028334_1600x1200.jpg?v=20130730","https://m1.spitogatos.gr/361028352_1600x1200.jpg?v=20130730","0","0","2","1","37.950653",,"1","23.707048","0",,,"2026-07-09","1","0",,"0","0","1","5","11","1","0","1","1","0","0","0","700",,,"0","0","0","0","11.67",,,"1","3","6","1","0",,"0","1","1","0","0","0","60","0",,,"0","1","0","2026-07-09","https://www.spitogatos.gr/en/property/1220339255","1","0","1975","KXwpVM2m0z4","residential"
"0","Ground Floor","no","simple","1",,,,,"0","0","0","0","2026-06-30","0","0","1","0","1","0",,"house",,"5","0","Κωδικός ακινήτου: 7-2067 - Καλλιθέα Αγία Ελεούσα  ΕΝΟΙΚΙΑΖΕΤΑΙ     γκαρσονιέρα/studio  iσόγειο υπερυψωμένο συνολικής επιφάνειας 35.00 τ.μ.  . Αποτελείται από 1 υπνοδωμάτιο,  κουζίνα, μπάνιο . Είναι κατασκευασμένη το 1990 με ενεργειακή κλάση Η και ανακαινίστηκε το 2020. Διαθέτει θέρμανση κεντρική - πετρέλαιο,  κουφώματα αλουμινίου, πατώματα από πλακάκι και ξύλο,   σίτες, διπλά τζάμια     απόσταση από μετρό 1500 μέτρα - Τιμή: 400 €  <br>Ενοικiάζεται γκαρσονιέρα, 35 τ.μ., υπερυψωμένου ισογείου, εσωτερική και φωτεινή, σε άριστη κατάσταση, ανακαινισμένη το 2020. Αποτελείται από ένα χολ, στο βάθος το υπνοδωμάτιο με εσωτερική ντουλάπα και ένα μπαλκονάκι, αριστερά του χολ βρίσκεται η κουζίνα και το μπάνιο. Διαθέτει κουφώματα αλουμινίου με διπλά τζάμια και σίτες, δάπεδα με παρκέ και πλακάκι, κεντρική θέρμανση πετρελαίου, μονοφασικό ρεύμα. Βρίσκεται σε πολύ ήρεμη γειτονία, πλησίον της Βενιζέλου και 9 λεπτά περίπου από τον σταθμό του ΗΣΑΠ Καλλιθέας. <br>",,,,"0","9","0","0","2026-06-30","3","10","0","no","no","0","Αθήνα - Νότια Προάστια (Αττική)","Καλλιθέα (Αθήνα - Νότια Προάστια)","1","105103","102","2215","106437","Double","2","1","0","0","1","1220272999","https://m1.spitogatos.gr/359967153_1600x1200.jpg?v=20130730","https://m2.spitogatos.gr/359967157_1600x1200.jpg?v=20130730","https://m3.spitogatos.gr/359967161_1600x1200.jpg?v=20130730","https://m1.spitogatos.gr/359967165_1600x1200.jpg?v=20130730","https://m1.spitogatos.gr/359967168_1600x1200.jpg?v=20130730","https://m1.spitogatos.gr/359967171_1600x1200.jpg?v=20130730","https://m3.spitogatos.gr/359967173_1600x1200.jpg?v=20130730","https://m3.spitogatos.gr/359967176_1600x1200.jpg?v=20130730","https://m2.spitogatos.gr/359967178_1600x1200.jpg?v=20130730","https://m1.spitogatos.gr/359967180_1600x1200.jpg?v=20130730","https://m2.spitogatos.gr/359967181_1600x1200.jpg?v=20130730","https://m2.spitogatos.gr/359967184_1600x1200.jpg?v=20130730","https://m1.spitogatos.gr/359967186_1600x1200.jpg?v=20130730","https://m3.spitogatos.gr/359967188_1600x1200.jpg?v=20130730","https://m2.spitogatos.gr/359967190_1600x1200.jpg?v=20130730","https://m1.spitogatos.gr/359967192_1600x1200.jpg?v=20130730","https://m2.spitogatos.gr/359967193_1600x1200.jpg?v=20130730","https://m3.spitogatos.gr/359967194_1600x1200.jpg?v=20130730","https://m1.spitogatos.gr/359967195_1600x1200.jpg?v=20130730","https://m3.spitogatos.gr/359967197_1600x1200.jpg?v=20130730","https://m2.spitogatos.gr/359967199_1600x1200.jpg?v=20130730","https://m3.spitogatos.gr/359967203_1600x1200.jpg?v=20130730","https://m3.spitogatos.gr/359967212_1600x1200.jpg?v=20130730","https://m1.spitogatos.gr/359967222_1600x1200.jpg?v=20130730","https://m1.spitogatos.gr/359967225_1600x1200.jpg?v=20130730","0","0","2","1","37.953621",,"0","23.693357","0",,,"2026-07-28","1","0",,"0","0","1","3","12","0","0","1",,"0","0","0","400",,,"0","0","0","0","11.43",,,"1","3","6","1","0",,"0","1","1","0","0","0","35","0",,,"0","2","0","2026-06-30","https://www.spitogatos.gr/en/property/1220272999","0","0","1990","lyQU9vdJR-o","residential"
"1","5","yes","simple","1",,,,,"0","0","0","0","2026-07-20","0","1","1","0","1",,,"house","0",,"0","Σε ήσυχη γειτονιά του δήμου της Καλλιθέας, σύνορα με το δήμο Μοσχάτου και ανάμεσα από τις στάσεις ΗΣΑΠ Μοσχάτου και Καλλιθέας, βρίσκεται το συγκεκριμένο προς μίσθωση ακίνητο.<br />
Μισθώνεται εξοπλισμένο, επιπλωμένο, είναι άμεσα διαθέσιμο και η τιμή συζητήσιμη.<br />
Έτος κατασκευής 2005, σε άριστη κατάσταση, 112 τ.μ. , 5ος όροφος με ανοιχτό ορίζοντα θέας, προσόψεως ,ιδιαίτερα φωτεινό και διαμπερές.<br />
Αποτελείται από σαλόνι με τραπεζαρία και τζάκι,3 υπνοδωμάτια, 2 μπάνια, κουζίνα, βεράντα προσόψεως και μπαλκονάκι στο πίσω μέρος.<br />
Έχει πόρτα ασφαλείας, κουφώματα αλουμινίου με διπλά τζάμια, σίτες, θυρεοτηλεόραση, ηλιακό θερμοσίφωνα, air condition, αυτόνομη θέρμανση πετρελαίου, τέντες και barbeque στη βεράντα.<br />
Επίσης υπάρχει και ασφαλής θέση στάθμευσης με αντίστοιχο σκέπαστρο προφύλαξης.<br />
Χαρακτηρίζεται από καλή διαρρύθμιση, με ευρύχωρους και άνετους χώρους , πρόσφατα έχει γίνει θερμομόνωση σε όλο το ακίνητο.<br />
Δίπλα σε τοπική αγορά, δημοτικές συγκοινωνίες, κομβικές οδικές αρτηρίες, σχολικά συγκροτήματα, χώρους αναψυχής.<br />
Σε κοντινή απόσταση επίσης βρίσκεται το Ίδρυμα Νιάρχος.<br />
Λογικά κοινόχρηστα 50 με 60 ευρώ.<br />
Ιδανική περίπτωση για οικογένεια, μόνο σοβαρές προτάσεις.<br />
☎️ 210 6812500",,"1","0","1","6","1","1","2026-07-20","10","10","0","yes","yes","0","Αθήνα - Νότια Προάστια (Αττική)","Καλλιθέα (Αθήνα - Νότια Προάστια)","1","105103","102","2215","107190","Double","1","1","0","0","1","1220422832","https://m2.spitogatos.gr/362415193_1600x1200.jpg?v=20130730","https://m1.spitogatos.gr/362415195_1600x1200.jpg?v=20130730","https://m1.spitogatos.gr/362415198_1600x1200.jpg?v=20130730","https://m1.spitogatos.gr/362415201_1600x1200.jpg?v=20130730","https://m1.spitogatos.gr/362415204_1600x1200.jpg?v=20130730","https://m1.spitogatos.gr/362415207_1600x1200.jpg?v=20130730","https://m1.spitogatos.gr/362415210_1600x1200.jpg?v=20130730","https://m2.spitogatos.gr/362415214_1600x1200.jpg?v=20130730","https://m2.spitogatos.gr/362415217_1600x1200.jpg?v=20130730","https://m1.spitogatos.gr/362415219_1600x1200.jpg?v=20130730","https://m1.spitogatos.gr/362415222_1600x1200.jpg?v=20130730","https://m1.spitogatos.gr/362415225_1600x1200.jpg?v=20130730","https://m3.spitogatos.gr/362415227_1600x1200.jpg?v=20130730","https://m2.spitogatos.gr/362415229_1600x1200.jpg?v=20130730","https://m2.spitogatos.gr/362415232_1600x1200.jpg?v=20130730","https://m3.spitogatos.gr/362415236_1600x1200.jpg?v=20130730","https://m3.spitogatos.gr/362415239_1600x1200.jpg?v=20130730","https://m2.spitogatos.gr/362415241_1600x1200.jpg?v=20130730","https://m2.spitogatos.gr/362415244_1600x1200.jpg?v=20130730",,,,,,,,"0","2","1","37.951691","1","1","23.689157","0",,,"2026-07-20","0","0",,,"0","2","6",,"0","0","0",,"0","0","0","1200",,,"0","0","0","0","10.71",,,"1","3","6","1","0",,"0","1","3",,"1","1","112","0",,,"0","1","0","2026-07-20","https://www.spitogatos.gr/en/property/1220422832","1","0","2005","O7QBTE6l_30","residential"
"1","1","no","simple","1",,,,,"1","1","0","0","2026-07-20","0","1","1","0","1","0",,"house","0","40","0","Διαμέρισμα Προς Ενοικίαση, όροφος: 1ος, στην περιοχή: Καλλιθέα. Το εμβαδόν του ακινήτου είναι 45 τ.μ.. Αποτελείται από: 1 Υ/Δ, 1 μπάνιο/α, 1 κουζίνα/ες, 1 σαλόνι/α. Έχει κατασκευαστεί το 2006 και ανακαινίστηκε το 2026. Η θέρμανση του ακινήτου είναι Αυτόνομη με Πετρέλαιο, ενώ επίσης διατίθεται Κλιματισμός, Ηλιακός, έχει κουφώματα Αλουμινίου με Διπλά τζάμια, ενεργειακό πιστοποιητικό: Β+ και τα δάπεδα είναι: Πλακάκια, βρίσκεται κοντά σε Ηλεκτρικό, Συγκοινωνίες, Πάρκο, Σχολείο, Πλατεία, Super Market, Εστίαση. Το ακίνητο είναι Βαμμένο, Προσόψεως, Φωτεινό, Ευάερο, Ευήλιο, Διαμπερές, είναι κατάλληλο για Φοιτητές, Συγκατοίκηση και επίσης διαθέτει τα παρακάτω χαρακτηριστικά και πλεονεκτήματα: Τέντες, Ασανσέρ, Πόρτα Ασφαλείας, Θυροτηλεόραση, Συναγερμός. Ως εγγύηση ο ιδιοκτήτης ζητά 2 ενοίκια και το τρέχον. Τα κατοικίδια δεν είναι ευπρόσδεκτα. Τιμή: €650. Lionbridge, Τηλέφωνο Επικοινωνίας: 2109969646, 6980980431, email: info@lionbridge.gr",,,"0","1","3","1","0","2026-07-20","6","4","0","no","no","0","Αθήνα - Νότια Προάστια (Αττική)","Καλλιθέα (Αθήνα - Νότια Προάστια)","1","105103","102","2215",,"Double","1","1","0","0","1","1220421615","https://m2.spitogatos.gr/362395918_1600x1200.jpg?v=20130730","https://m3.spitogatos.gr/362395925_1600x1200.jpg?v=20130730","https://m1.spitogatos.gr/362395929_1600x1200.jpg?v=20130730","https://m2.spitogatos.gr/362395933_1600x1200.jpg?v=20130730","https://m2.spitogatos.gr/362395936_1600x1200.jpg?v=20130730","https://m2.spitogatos.gr/362395939_1600x1200.jpg?v=20130730","https://m3.spitogatos.gr/362395943_1600x1200.jpg?v=20130730","https://m1.spitogatos.gr/362395944_1600x1200.jpg?v=20130730","https://m1.spitogatos.gr/362395947_1600x1200.jpg?v=20130730","https://m1.spitogatos.gr/362395950_1600x1200.jpg?v=20130730","https://m3.spitogatos.gr/362395952_1600x1200.jpg?v=20130730","https://m2.spitogatos.gr/362395954_1600x1200.jpg?v=20130730","https://m2.spitogatos.gr/362395957_1600x1200.jpg?v=20130730","https://m3.spitogatos.gr/362395958_1600x1200.jpg?v=20130730","https://m2.spitogatos.gr/362395960_1600x1200.jpg?v=20130730","https://m1.spitogatos.gr/362395962_1600x1200.jpg?v=20130730","https://m1.spitogatos.gr/362395965_1600x1200.jpg?v=20130730","https://m2.spitogatos.gr/362395966_1600x1200.jpg?v=20130730","https://m1.spitogatos.gr/362395968_1600x1200.jpg?v=20130730","https://m3.spitogatos.gr/362395970_1600x1200.jpg?v=20130730","https://m2.spitogatos.gr/362395972_1600x1200.jpg?v=20130730","https://m3.spitogatos.gr/362395973_1600x1200.jpg?v=20130730",,,,"0","0","2","1","37.962692","1","1","23.70653","0","0","0","2026-07-20","0","0",,"0","0","1",,,"1","0","0",,"0","0","0","650",,,"0","0","0","0","14.44",,,"1","3","6","1","0",,"0",,"1","0","1","1","45","0",,,"1","1","0","2026-07-20","https://www.spitogatos.gr/en/property/1220421615","0","0","2006",,"residential"
"1","2","no","simple","1",,,,,"1","0","0","0","2026-07-15","0","1","1","0","1","0",,"house","0","40","0","Διαμέρισμα Προς Ενοικίαση, όροφος: 2ος, στην περιοχή: Καλλιθέα. Το εμβαδόν του ακινήτου είναι 60 τ.μ.. Αποτελείται από: 1 Υ/Δ, 1 μπάνιο/α, 1 κουζίνα/ες, 1 σαλόνι/α, ενώ διαθέτει 1 θέσεις στάθμευσης (1 Στην πιλοτή). Έχει κατασκευαστεί το 2007. Η θέρμανση του ακινήτου είναι Αυτόνομη με Πετρέλαιο, ενώ επίσης διατίθεται Κλιματισμός, Boiler, έχει κουφώματα Αλουμινίου με Διπλά τζάμια, ενεργειακό πιστοποιητικό: Γ και τα δάπεδα είναι: Πλακάκια. Η κατάστασή του είναι: Νεόδμητο, βρίσκεται κοντά σε Ηλεκτρικό, Συγκοινωνίες, Πλατεία, Super Market, Εστίαση. Το ακίνητο είναι Βαμμένο, Προσόψεως, Φωτεινό, Ευάερο, Ευήλιο, Διαμπερές, είναι κατάλληλο για Φοιτητές, Συγκατοίκηση και επίσης διαθέτει τα παρακάτω χαρακτηριστικά και πλεονεκτήματα: Τέντες, Ασανσέρ, Αποθήκη, Πόρτα Ασφαλείας. Ως εγγύηση ο ιδιοκτήτης ζητά 1 ενοίκιο και το τρέχον. Τα κατοικίδια δεν είναι ευπρόσδεκτα. Τιμή: €750. Lionbridge, Τηλέφωνο Επικοινωνίας: 2109969646, 6980980431, email: info@lionbridge.gr",,,"0","1","5","1","0","2026-07-15","7","4","0","no","yes","0","Αθήνα - Νότια Προάστια (Αττική)","Καλλιθέα (Αθήνα - Νότια Προάστια)","1","105103","102","2215",,"Double","1","1","0","0","1","1220393033","https://m1.spitogatos.gr/361950606_1600x1200.jpg?v=20130730","https://m3.spitogatos.gr/361950608_1600x1200.jpg?v=20130730","https://m1.spitogatos.gr/361950609_1600x1200.jpg?v=20130730","https://m2.spitogatos.gr/361950610_1600x1200.jpg?v=20130730","https://m3.spitogatos.gr/361950611_1600x1200.jpg?v=20130730","https://m1.spitogatos.gr/361950612_1600x1200.jpg?v=20130730","https://m3.spitogatos.gr/361950614_1600x1200.jpg?v=20130730","https://m1.spitogatos.gr/361950615_1600x1200.jpg?v=20130730","https://m2.spitogatos.gr/361950616_1600x1200.jpg?v=20130730","https://m3.spitogatos.gr/361950617_1600x1200.jpg?v=20130730","https://m1.spitogatos.gr/361950618_1600x1200.jpg?v=20130730","https://m2.spitogatos.gr/361950619_1600x1200.jpg?v=20130730","https://m3.spitogatos.gr/361950620_1600x1200.jpg?v=20130730","https://m2.spitogatos.gr/361950622_1600x1200.jpg?v=20130730","https://m3.spitogatos.gr/361950623_1600x1200.jpg?v=20130730","https://m2.spitogatos.gr/361950625_1600x1200.jpg?v=20130730","https://m1.spitogatos.gr/361950627_1600x1200.jpg?v=20130730","https://m3.spitogatos.gr/361950629_1600x1200.jpg?v=20130730","https://m2.spitogatos.gr/361950631_1600x1200.jpg?v=20130730","https://m3.spitogatos.gr/361950632_1600x1200.jpg?v=20130730","https://m2.spitogatos.gr/361950634_1600x1200.jpg?v=20130730","https://m1.spitogatos.gr/361950636_1600x1200.jpg?v=20130730",,,,"0","0","2","1","37.951801","1","1","23.69952","0","0","0","2026-07-15","0","0",,"0","0","1",,,"1","0","0",,"0","0","0","750",,,"0","0","0","0","12.5",,,"1","3","6","1","0",,"0",,"1","0","1","0","60","1",,,"1","1","0","2026-07-15","https://www.spitogatos.gr/en/property/1220393033","0","0","2007",,"residential"
"0","5","no","simple","1",,,,,"0","0","0","0","2025-12-19","0","0","1","0","1","0",,"house","0",,"0","ΚΑΛΛΙΘΕΑ – Λόφος Σικελίας, διαμέρισμα 5ου ορόφου, προσόψεως, με 2 υπνοδωμάτια, κατασκευής 1980, ανακαινισμένο το 2022. Αποτελείται από ένα μεγάλο και πολύ φωτεινό καθιστικό, κουζίνα, δύο υπνοδωμάτια, ένα μικρότερο δωμάτιο (χωρίς ντουλάπα) το οποίο μπορεί να χρησιμοποιηθεί ως γραφείο, ένα μπάνιο και ένα WC. Διαθέτει πόρτα ασφαλείας, κουφώματα αλουμινίου με διπλά τζάμια, δάπεδα από μάρμαρο και ξύλο, μεγάλη βεράντα με τέντες και μπαλκόνι, κεντρική θέρμανση φυσικού αερίου και κλιματισμό. Το ακίνητο διατίθεται ημιεπιπλωμένο και με ορισμένες ηλεκτρικές συσκευές (κουζίνα, ψυγείο, απορροφητήρα). Βρίσκεται σε πολύ καλό σημείο, κοντά σε σχολεία, μόλις 14 λεπτά με τα πόδια από τον σταθμό του ΗΣΑΠ Ταύρος, επίσης πλησίον συγκοινωνιών και αγοράς. Ιδανικό για οικογένεια.<br />
<br />
HOMER REAL ESTATE www.homerestate.gr Τ: 2169008624-5, E: info@homerestate.gr, (Κωδικός: 2105936)<br />
<br />
| Αυτή η περιγραφή ακινήτου, καθώς και η Ενεργειακή Κλάση (ΠΕΑ) βασίζονται σε πληροφορίες που παρέχονται από τον ιδιοκτήτη ή για λογαριασμό του ιδιοκτήτη. Αυτά τα στοιχεία ιδιοκτησίας παράγονται με καλή πίστη και δεν αποτελούν μέρος οποιασδήποτε σύμβασης.<br />
| Το Μεσιτικό γραφείο HOMER δεν φέρει καμία ευθύνη για την ακρίβεια των πληροφοριών που περιέχονται σε αυτό το έγγραφο.<br />
| Οι παρευρισκόμενοι κατά την υπόδειξη του ακινήτου είναι απαραίτητο να επιδείξουν την αστυνομική τους ταυτότητα και τον Α.Φ.Μ τους, σύμφωνα με τον Νόμο Ν.4072/2012 - ΦΕΚ 86/Α/11-4-2012.<br />
| Η τοποθεσία του ακινήτου στον χάρτη είναι ενδεικτική.",,,"0","1","5","1","0","2025-12-19","10","6","0","yes","no","0","Αθήνα - Νότια Προάστια (Αττική)","Καλλιθέα (Αθήνα - Νότια Προάστια)","1","105103","102","2215","106320","Double","2","2","0","0","1","1218873400","https://m2.spitogatos.gr/338170285_1600x1200.jpg?v=20130730","https://m3.spitogatos.gr/338170289_1600x1200.jpg?v=20130730","https://m2.spitogatos.gr/338170294_1600x1200.jpg?v=20130730","https://m1.spitogatos.gr/338170299_1600x1200.jpg?v=20130730","https://m3.spitogatos.gr/338170301_1600x1200.jpg?v=20130730","https://m1.spitogatos.gr/338170305_1600x1200.jpg?v=20130730","https://m1.spitogatos.gr/355266528_1600x1200.jpg?v=20130730","https://m2.spitogatos.gr/355266529_1600x1200.jpg?v=20130730","https://m2.spitogatos.gr/338170363_1600x1200.jpg?v=20130730","https://m3.spitogatos.gr/338170367_1600x1200.jpg?v=20130730","https://m3.spitogatos.gr/338170370_1600x1200.jpg?v=20130730","https://m2.spitogatos.gr/338170372_1600x1200.jpg?v=20130730","https://m1.spitogatos.gr/338170374_1600x1200.jpg?v=20130730","https://m3.spitogatos.gr/338170379_1600x1200.jpg?v=20130730","https://m2.spitogatos.gr/338170384_1600x1200.jpg?v=20130730","https://m2.spitogatos.gr/338170387_1600x1200.jpg?v=20130730","https://m1.spitogatos.gr/338170392_1600x1200.jpg?v=20130730","https://m2.spitogatos.gr/338170396_1600x1200.jpg?v=20130730","https://m3.spitogatos.gr/338170400_1600x1200.jpg?v=20130730","https://m1.spitogatos.gr/338170404_1600x1200.jpg?v=20130730","https://m1.spitogatos.gr/338170407_1600x1200.jpg?v=20130730","https://m1.spitogatos.gr/338170413_1600x1200.jpg?v=20130730",,,,"0","0","2","1","37.957554","1","1","23.712833","0","0",,"2026-06-01","0","0",,"0","1","1",,"12","0","0","0",,"0","0","0","800",,,"0","0","0","0","7.62",,,"1","3","6","1","0",,"0","1","2","0","1","0","105","0",,,"0","1","0","2025-12-19","https://www.spitogatos.gr/en/property/1218873400","1","0","1980",,"residential"
"0","1","no","simple","1",,,,,"1","1","0","0","2026-07-21","0","1","1","0","1","0",,"house","0",,"0","Διαμέρισμα Προς Ενοικίαση, όροφος: 1ος, στην περιοχή: Καλλιθέα. Το εμβαδόν του ακινήτου είναι 45 τ.μ.. Αποτελείται από: 1 Υ/Δ, 1 μπάνιο, 1 κουζίνα, 1 σαλόνι. Έχει κατασκευαστεί το 2006. Η θέρμανση του ακινήτου είναι Αυτόνομη με Πετρέλαιο, έχει κουφώματα Αλουμινίου με Διπλά τζάμια, ενεργειακό πιστοποιητικό: Β+ και τα δάπεδα είναι: Πλακάκια. Η κατάστασή του είναι: Νεόδμητο, Καταπληκτική, έχει θέα Ανοιχτωσιά. Το ακίνητο είναι Βαμμένο, Προσόψεως, Φωτεινό, Διαμπερές και επίσης διαθέτει τα παρακάτω χαρακτηριστικά και πλεονεκτήματα: Τέντες, Ασανσέρ, Πόρτα Ασφαλείας, Θυροτηλεόραση, Συναγερμός, Ενοικιάζεται Διαμέρισμα Α΄ορόφου σε νεόδμητη πολυκατοικία 45 m² στην Καλλιθέα στη περιοχή Ευαγγελίστρια πίσω από το πάρκο της Χαροκόπου. Περιλαμβάνει 1 υπνοδωμάτιο, σαλόνι με κουζίνα ιδιαιτέρως Φωτεινή και ανακαινισμένη καθώς και ευρύχωρο μπάνιο. Διαθέτει πόρτα ασφαλείας, συναγερμό, θυροτηλεόραση, smart wifi θερμοσίφωνα με απομακρισμένο έλενχο και ηλεκτρική τέντα. Η ανακαίνιση του διαμερίσματος ολοκληρώθηκε πολύ πρόσφατα. Είναι διαμπερές και πολύ φωτεινό, με ένα αρκετά ευρύχωρο μπαλκόνι μπροστά και ένα μικρό στην πίσω πλευρά.<br />
<br />
Το στίγμα στο χάρτη είναι ενδεικτικό και δεν υποδεικνύει την ακριβή θέση του ακινήτου.<br />
Ως μεσιτικό γραφείο διαθέτουμε τμήμα ανακαινίσεων καλέστε μας για να σας ενημερώσουμε για το πόσο θα κοστίσει η ανακαινίση του συγκεκριμένου ακινήτου<br />
<br />
 Deal Ideal Real Estate<br />
 Επισκεφθείτε το και στο site μας https://www.dealideal.gr <br />
 με τον κωδικό: 2530046",,,"0","1","3","1","0","2026-07-21","6","4","0","no","no","0","Αθήνα - Νότια Προάστια (Αττική)","Καλλιθέα (Αθήνα - Νότια Προάστια)","1","105103","102","2215",,"Double","1","1","0","0","1","1220431692","https://m2.spitogatos.gr/362561218_1600x1200.jpg?v=20130730","https://m3.spitogatos.gr/362561225_1600x1200.jpg?v=20130730","https://m1.spitogatos.gr/362561232_1600x1200.jpg?v=20130730","https://m2.spitogatos.gr/362561239_1600x1200.jpg?v=20130730","https://m2.spitogatos.gr/362561242_1600x1200.jpg?v=20130730","https://m2.spitogatos.gr/362561248_1600x1200.jpg?v=20130730","https://m2.spitogatos.gr/362561251_1600x1200.jpg?v=20130730","https://m3.spitogatos.gr/362561255_1600x1200.jpg?v=20130730","https://m3.spitogatos.gr/362561258_1600x1200.jpg?v=20130730","https://m3.spitogatos.gr/362561261_1600x1200.jpg?v=20130730","https://m3.spitogatos.gr/362561264_1600x1200.jpg?v=20130730","https://m1.spitogatos.gr/362561268_1600x1200.jpg?v=20130730","https://m3.spitogatos.gr/362561273_1600x1200.jpg?v=20130730","https://m2.spitogatos.gr/362561275_1600x1200.jpg?v=20130730","https://m1.spitogatos.gr/362561280_1600x1200.jpg?v=20130730","https://m2.spitogatos.gr/362561284_1600x1200.jpg?v=20130730","https://m2.spitogatos.gr/362561287_1600x1200.jpg?v=20130730","https://m3.spitogatos.gr/362561291_1600x1200.jpg?v=20130730","https://m1.spitogatos.gr/362561295_1600x1200.jpg?v=20130730","https://m3.spitogatos.gr/362561300_1600x1200.jpg?v=20130730","https://m2.spitogatos.gr/362561305_1600x1200.jpg?v=20130730","https://m2.spitogatos.gr/362561311_1600x1200.jpg?v=20130730","https://m3.spitogatos.gr/362561315_1600x1200.jpg?v=20130730",,,"0","0","2","1","37.962212","1","1","23.706938","0","0","0","2026-07-23","0","0",,"0","0","1",,,"1","0","0",,"0","0","0","650",,,"0","0","0","0","14.44",,,"1","3","6","1","0",,"0",,"1","0","1","0","45","0",,,"0","1","0","2026-07-21","https://www.spitogatos.gr/en/property/1220431692","1","0","2006",,"residential"
"1","1","no","simple","1",,,,,"1","0","0","0","2026-06-12","0","1","1","0","1","0",,"house","0",,"0","Ανακαινισμένο το 2008 διαμέρισμα 98τ.μ. 1ου ορόφου διατίθεται προς ενοικίαση στην Καλλιθέα. Αποτελείται από 2 φωτεινά υ/δ εκ των οποίων το ένα έχει διπλό κρεβάτι, σύνθεση και εντοιχισμένες ντουλάπες, 1 αυτόνομη κουζίνα με παράθυρο και εξοπλισμένη με ηλεκτρική κουζίνα και απορροφητήρα, 1 ευρύχωρο σαλόνι που περιλαμβάνει καναπέ γωνία με τραπεζάκι, τραπεζαρία με 6 καρέκλες, σύνθεση-έπιπλο και πρόσβαση σε μπαλκόνι με τέντες, 1 μπάνιο με παράθυρο και ντουζιέρα. Διαθέτει πόρτα ασφαλείας, κεντρική θέρμανση φυσικού αερίου, 3 κλιματιστικά, κουφώματα αλουμινίου με διπλά τζάμια, ασανσέρ. Βρίσκεται επί λεωφόρου και είναι κατάλληλο και για επαγγελματική χρήση. 1 ΕΓΓΥΗΣΗ. Κατοικίδια δεκτά. Δυνατότητα να δοθεί και χωρίς έπιπλα. Επιπλέον είναι προσόψεως, διαμπερές και πολύ φωτεινό. Βρίσκεται σε καλή και ήσυχη γειτονιά πλησίον συγκοινωνιών(30 μέτρα από στάση λεωφορείων και τρόλεϊ), κεντρικών οδικών αξόνων, λεωφόρου Ελ. Βενιζέλου, σχολικών μονάδων όλων των βαθμίδων, αγοράς. Απαραίτητη για την υπόδειξη του ακινήτου είναι η προσκόμιση αστυνομικής ταυτότητας ή διαβατηρίου όλων όσων επιθυμούν να δουν το ακίνητο, πριν την υπογραφή του εντύπου υπόδειξης. Neon Real Estate, Τηλέφωνο Επικοινωνίας: 2110010550, email: info@neon-realestate.gr",,,"0","1","6","1","0","2026-06-12","6","10","1","yes","no","0","Αθήνα - Νότια Προάστια (Αττική)","Καλλιθέα (Αθήνα - Νότια Προάστια)","1","105103","102","2215",,"Double","2","2","0","0","1","1220107849","https://m3.spitogatos.gr/357019004_1600x1200.jpg?v=20130730","https://m3.spitogatos.gr/357019010_1600x1200.jpg?v=20130730","https://m1.spitogatos.gr/357019023_1600x1200.jpg?v=20130730","https://m2.spitogatos.gr/357019036_1600x1200.jpg?v=20130730","https://m1.spitogatos.gr/357019044_1600x1200.jpg?v=20130730","https://m1.spitogatos.gr/357019056_1600x1200.jpg?v=20130730","https://m3.spitogatos.gr/357019064_1600x1200.jpg?v=20130730","https://m1.spitogatos.gr/357019071_1600x1200.jpg?v=20130730","https://m2.spitogatos.gr/357019075_1600x1200.jpg?v=20130730","https://m3.spitogatos.gr/357019079_1600x1200.jpg?v=20130730","https://m3.spitogatos.gr/357019082_1600x1200.jpg?v=20130730","https://m3.spitogatos.gr/357019085_1600x1200.jpg?v=20130730","https://m1.spitogatos.gr/357019089_1600x1200.jpg?v=20130730","https://m3.spitogatos.gr/357019100_1600x1200.jpg?v=20130730","https://m1.spitogatos.gr/357019107_1600x1200.jpg?v=20130730","https://m1.spitogatos.gr/357019122_1600x1200.jpg?v=20130730","https://m2.spitogatos.gr/357019138_1600x1200.jpg?v=20130730","https://m2.spitogatos.gr/357019156_1600x1200.jpg?v=20130730","https://m1.spitogatos.gr/357019173_1600x1200.jpg?v=20130730","https://m1.spitogatos.gr/357019185_1600x1200.jpg?v=20130730","https://m2.spitogatos.gr/357019198_1600x1200.jpg?v=20130730","https://m1.spitogatos.gr/357019212_1600x1200.jpg?v=20130730","https://m1.spitogatos.gr/357019224_1600x1200.jpg?v=20130730",,,"0","0","2","1","37.951672","1","1","23.695097","0","0","0","2026-07-28","0","0",,"0","0","1",,,"0","0","0","1","0","0","0","750",,,"0","0","0","0","7.65",,,"1","3","6","1","1","2008","0","1","2","0","1","0","98","0",,,"0","1","0","2026-06-12","https://www.spitogatos.gr/en/property/1220107849","1","0","1978",,"residential"
