"AC","Floor Level","accessibleForDisabled","adType_code","adType_id","agentEmployee_firstName","agentEmployee_id","agentEmployee_lastName","agentEmployee_telephone","airy","alarm","attic","auction","availability","availableForDailyRent","awning","balcony","balconyArea","bright","builtInBBQ","byTheSea","category","caveBuilding","commonExpenses","corner","description","distanceSea","doubleGlass","electricCarChargingFacilities","elevator","energyClass","facade","fireplace","firstPublishDate","floorNumber","floorType","forCommercialUse","furnished","garage","garden","geographiesByLevel_2_fullName","geographiesByLevel_4_fullName","geographyParentIds_0","geographyParentIds_1","geographyParentIds_2","geographyParentIds_4","geographyParentIds_5","glassType","heatingController","heatingMedium","heatingUnderFloor","holidayHome","host_id","id","images/0","images/1","images/2","images/3","images/4","images/5","images/6","images/7","images/8","images/9","images/10","images/11","images/12","images/13","images/14","images/15","images/16","images/17","images/18","images/19","images/20","images/21","images/22","images/23","images/24","internal_stairs","investment","joinery","kitchens","latitude","leased","levels","livingRooms","longitude","lotSize","luxHome","mannedReception","medicalOffice","modified","negotiablePrice","neoclassic","newDevelopment","nightPower","no_of_WC","no_of_bathrooms","numberOfFloors","orientation","painted","penthouse","pestNet","petsAllowed","playroom","pool","preserved","price","priceChangeDate","priceChangePercentage","priceIncludesInternet","priceIncludesPower","priceIncludesSharedExp","priceIncludesWater","pricePerSqMeters","pricePreReduction","priceReduced","propertyPublishingOptionIds/0","propertyPublishingOptionIds/1","propertyPublishingOptionIds/2","propertyPublishingOptionIds/3","published","renovated","renovationYear","requiresRenovation","road_type","rooms","satelite","secure_door","showOnlyPartnerPhone","solar_heater","sq_meters","storage","storageArea","streetAddress","studentHome","subtype","unfinished","uploaded","url","vTourUrl","view","wholeFloorApartment","year_of_construction","youtubeVideoId","zoning"
"1","Ground Floor","no","vip","15","Με Συνεργάτη","73504","Επικοινωνία","+306938547105",,,"0","0","2026-07-06","0",,"1","0","1","0",,"house","0","5","1","Καλεστε ΑΠΟΚΛΕΙΣΤΙΚΑ +30 6938547105<br />
<br />
Ενοικιάζεται ανακαινισμένο επιπλωμένο διαμέρισμα στο κέντρο της Αθήνας<br />
<br />
Ενοικιάζεται πλήρως επιπλωμένο υπόγειο διαμέρισμα 40 τ.μ., στην οδό Τήνου 5, στο κέντρο της Αθήνας.<br />
<br />
Το διαμέρισμα διαθέτει:<br />
<br />
* Ξεχωριστό υπνοδωμάτιο<br />
* Άνετο ξεχωριστό σαλόνι<br />
* Ιδιωτικό εξωτερικό χώρο/κήπο<br />
<br />
Έχει ανακαινιστεί πρόσφατα και είναι έτοιμο για άμεση κατοίκηση. Βρίσκεται σε πολύ καλή τοποθεσία, μόλις λίγα λεπτά από τον σταθμό ΗΣΑΠ Βικτώρια, με εύκολη πρόσβαση σε μέσα μεταφοράς, καταστήματα και υπηρεσίες.<br />
<br />
**Ενοίκιο: 550€ / μήνα**",,,"0","1","6","1","0","2026-07-06","3","4","1","yes","no","1","Αθήνα - Κέντρο (Αττική)","Λεωφόρος Πατησίων - Λεωφόρος Αχαρνών (Αθήνα - Κέντρο)","1","105103","100","2025","2043","Single","4",,"0","0","1","1220310318","https://m2.spitogatos.gr/360960847_1600x1200.jpg?v=20130730","https://m3.spitogatos.gr/360960848_1600x1200.jpg?v=20130730","https://m1.spitogatos.gr/360960849_1600x1200.jpg?v=20130730","https://m2.spitogatos.gr/360960850_1600x1200.jpg?v=20130730","https://m3.spitogatos.gr/360960851_1600x1200.jpg?v=20130730","https://m2.spitogatos.gr/360960853_1600x1200.jpg?v=20130730","https://m3.spitogatos.gr/360960854_1600x1200.jpg?v=20130730","https://m2.spitogatos.gr/360960856_1600x1200.jpg?v=20130730","https://m3.spitogatos.gr/360960857_1600x1200.jpg?v=20130730","https://m2.spitogatos.gr/360960859_1600x1200.jpg?v=20130730","https://m3.spitogatos.gr/360960860_1600x1200.jpg?v=20130730","https://m2.spitogatos.gr/360960862_1600x1200.jpg?v=20130730","https://m3.spitogatos.gr/360960863_1600x1200.jpg?v=20130730","https://m1.spitogatos.gr/360960864_1600x1200.jpg?v=20130730","https://m3.spitogatos.gr/360960866_1600x1200.jpg?v=20130730","https://m2.spitogatos.gr/360960868_1600x1200.jpg?v=20130730","https://m1.spitogatos.gr/360960870_1600x1200.jpg?v=20130730","https://m2.spitogatos.gr/360960871_1600x1200.jpg?v=20130730","https://m3.spitogatos.gr/360960872_1600x1200.jpg?v=20130730","https://m1.spitogatos.gr/360960873_1600x1200.jpg?v=20130730","https://m2.spitogatos.gr/360960874_1600x1200.jpg?v=20130730","https://m3.spitogatos.gr/360960875_1600x1200.jpg?v=20130730","https://m1.spitogatos.gr/360960876_1600x1200.jpg?v=20130730","https://m2.spitogatos.gr/360960877_1600x1200.jpg?v=20130730","https://m3.spitogatos.gr/360960878_1600x1200.jpg?v=20130730","0",,"1","1","37.998829",,"1","1","23.732269",,"1","0","0","2026-07-28","0","0",,"0","0","1","5","2","1",,"0",,"0","0","0","525","2026-07-24 12:57:15","5","0","0","0","0","13.13","550","true","1","6",,,"1","1","2026","0","2","1","0","1","1","0","40","0",,"Τήνου, 5, Αθήνα Ελλάδα, 11251","1","1","0","2026-07-06","https://www.spitogatos.gr/en/property/1220310318",,,,,,"residential"
"1","3","no","vip","15","ΒΑΓΓΕΛΗΣ","43331","ΧΡΥΣΟΦΑΚΗΣ","+306982449424","1","1","0","0","2026-07-28","0","1","1","0","1","0","false","house","0",,"0",,"10000",,"0","1","2","1","1","2026-07-28","8","13","0","no","yes","1","Αθήνα - Δυτικά Προάστια (Αττική)","Πετρούπολη (Αθήνα - Δυτικά Προάστια)","1","105103","103","2315","106348","Double","1","1","0","0","1","1220507179","https://m3.spitogatos.gr/363552566_1600x1200.jpg?v=20130730","https://m2.spitogatos.gr/363552568_1600x1200.jpg?v=20130730","https://m1.spitogatos.gr/363552588_1600x1200.jpg?v=20130730","https://m1.spitogatos.gr/363552591_1600x1200.jpg?v=20130730","https://m1.spitogatos.gr/363552702_1600x1200.jpg?v=20130730","https://m1.spitogatos.gr/363552705_1600x1200.jpg?v=20130730","https://m3.spitogatos.gr/363552707_1600x1200.jpg?v=20130730","https://m3.spitogatos.gr/363552710_1600x1200.jpg?v=20130730","https://m3.spitogatos.gr/363552713_1600x1200.jpg?v=20130730","https://m3.spitogatos.gr/363552716_1600x1200.jpg?v=20130730","https://m2.spitogatos.gr/363552721_1600x1200.jpg?v=20130730","https://m3.spitogatos.gr/363552725_1600x1200.jpg?v=20130730","https://m2.spitogatos.gr/363552727_1600x1200.jpg?v=20130730","https://m1.spitogatos.gr/363552738_1600x1200.jpg?v=20130730","https://m1.spitogatos.gr/363552741_1600x1200.jpg?v=20130730","https://m1.spitogatos.gr/363552744_1600x1200.jpg?v=20130730","https://m2.spitogatos.gr/363552745_1600x1200.jpg?v=20130730","https://m2.spitogatos.gr/363552748_1600x1200.jpg?v=20130730","https://m1.spitogatos.gr/363552750_1600x1200.jpg?v=20130730","https://m3.spitogatos.gr/363552752_1600x1200.jpg?v=20130730","https://m3.spitogatos.gr/363552755_1600x1200.jpg?v=20130730","https://m2.spitogatos.gr/363552757_1600x1200.jpg?v=20130730","https://m1.spitogatos.gr/363552759_1600x1200.jpg?v=20130730","https://m1.spitogatos.gr/363552762_1600x1200.jpg?v=20130730","https://m3.spitogatos.gr/363558407_1600x1200.jpg?v=20130730","0","0","2","1","38.048641",,"1","1","23.679195",,"1","0","0","2026-07-28","0","0",,"1","1","1","4","2","1","0","1","1","0","0","0","950",,,"0","0","0","0","8.64",,,"1","3","6",,"1","0",,"0","1","2","1","1",,"1","110","1","20","Μαυρογένους Μαντούς 15, Πετρούπολη 13232","1","1","0","2026-07-28","https://www.spitogatos.gr/en/property/1220507179",,"1","1","2000",,"residential"
"1","Ground Floor","no","vip","15",,,,,"0","0","0","0","2026-07-25","0","0","0","0","1","0",,"house","0",,"0","Διαμέρισμα Προς Ενοικίαση, όροφος: Ισόγειο, στην περιοχή: Κέντρο. Το εμβαδόν του ακινήτου είναι 46 τ.μ.. Αποτελείται από: 1 Υ/Δ, 1 μπάνιο/α, 1 κουζίνα/ες, 1 σαλόνι/α. Έχει κατασκευαστεί το 1970 και ανακαινίστηκε το 2020, ενώ επίσης διατίθεται Κλιματισμός, έχει κουφώματα Αλουμινίου με Διπλά τζάμια, ενεργειακό πιστοποιητικό: Ε και τα δάπεδα είναι: Πλακάκια. Η κατάστασή του είναι: Ανακαινισμένο, Πολύ καλή. Το ακίνητο είναι Βαμμένο, Φωτεινό, είναι κατάλληλο για Φοιτητές και επίσης διαθέτει τα παρακάτω χαρακτηριστικά και πλεονεκτήματα: Σίτες, Πόρτα Ασφαλείας. Τιμή: €500. Your House Realty Executives, Τηλέφωνο Επικοινωνίας: 6970140157, email: info@your-house.gr.<br />
<br />
Για περισσότερες πληροφορίες και ακίνητα επισκεφθείτε την σελίδα μας: https://www.your-house.gr",,,"0","0","7","0","0","2026-07-25","3","4","0","no","no","0","Αθήνα - Κέντρο (Αττική)","Κολωνάκι - Λυκαβηττός (Αθήνα - Κέντρο)","1","105103","100","6009",,"Double",,,"0","0","1","1220488534","https://m3.spitogatos.gr/363263054_1600x1200.jpg?v=20130730","https://m2.spitogatos.gr/363263056_1600x1200.jpg?v=20130730","https://m1.spitogatos.gr/363263058_1600x1200.jpg?v=20130730","https://m3.spitogatos.gr/363263060_1600x1200.jpg?v=20130730","https://m2.spitogatos.gr/363263062_1600x1200.jpg?v=20130730","https://m1.spitogatos.gr/363263064_1600x1200.jpg?v=20130730","https://m3.spitogatos.gr/363263066_1600x1200.jpg?v=20130730","https://m1.spitogatos.gr/363263067_1600x1200.jpg?v=20130730","https://m3.spitogatos.gr/363263069_1600x1200.jpg?v=20130730","https://m3.spitogatos.gr/363263072_1600x1200.jpg?v=20130730","https://m1.spitogatos.gr/363263073_1600x1200.jpg?v=20130730","https://m3.spitogatos.gr/363263075_1600x1200.jpg?v=20130730",,,,,,,,,,,,,,"0","0","2","1","37.983456",,"1","1","23.738012",,"0","0","0","2026-07-28","0","0",,"0","0","1",,,"1","0","1",,"0","0","0","500",,,"0","0","0","0","10.87",,,"1","3","6",,"1","1","2020","0","1","1","0","1",,"0","46","0",,,"1","1","0","2026-07-25","https://www.spitogatos.gr/en/property/1220488534",,"0","0","1970",,"residential"
"1","1","yes","vip","15",,,,,"1","1","0","0","2026-06-11","0","1","1","0","1","0","true","house","0",,"1","Ενοικιάζεται Διαμέρισμα 86 τ.μ. στον Άλιμο (στην περιοχή ""Καλαμάκι"") – 200μ. από την παραλία.<br />
<br />
Σε μία από τις ομορφότερες γειτονιές των Νοτίων Προαστίων, μόλις 3 λεπτά με τα πόδια από την παραλία και την παιδική χαρά Αλίμου, ενοικιάζεται διαμπερές διαμέρισμα 1ου ορόφου. Το ακίνητο (κατασκευής 1974) έχει υποστεί ριζική και πλήρη ανακαίνιση το 2026 και συνδυάζει τη μοντέρνα αισθητική με την κορυφαία τοποθεσία.<br />
<br />
Διαρρύθμιση:<br />
Open Space Χώρος: Ενιαίο, φωτεινό σαλόνι με σύγχρονη κουζίνα, ιδανικό για καθημερινή άνεση.<br />
Υπνοδωμάτια: 3 άνετα Υ/Δ με καλό φυσικό φωτισμό.<br />
Μπάνια: 1 κεντρικό modern design μπάνιο και 1 επιπλέον χρηστικό WC.<br />
<br />
 Έπιπλα & Ηλεκτρικές Συσκευές (Ημί-επιπλωμένο):<br />
Το σπίτι παραδίδεται εξοπλισμένο με τις βασικές συσκευές και ποιοτικά έπιπλα.<br />
Συσκευές: Μεγάλο ψυγείο, πλυντήριο πιάτων και πλυντήριο ρούχων.<br />
Έπιπλα: Καναπές, τραπεζάκι σαλονιού, τηλεόραση, τραπεζαρία με 6 καρέκλες και 1 διπλό κρεβάτι με έξυπνο αποθηκευτικό χώρο.<br />
<br />
Θέρμανση/Ψύξη: Αυτόνομη θέρμανση με Φυσικό Αέριο (συνδεδεμένο για ζεστό νερό) και 3 ολοκαίνουργια A/C. <br />
<br />
Εξωτερικοί χώροι: 2 μπαλκόνια, εξοπλισμένο με τέντες και σίτες σε όλα τα κουφώματα.<br />
<br />
Το πλεονέκτημα: Ένα ουσιαστικά καινούργιο διαμέρισμα, δίπλα στη θάλασσα, σε αγορά, σχολεία και συγκοινωνίες. Ιδανικό για οικογένειες ή ζευγάρια που αναζητούν ποιότητα ζωής.<br />
<br />
<br />
RELLIA REAL ESTATE (ΚΩΔ. ΑΚΙΝΗΤΟΥ 200)<br />
ΤΗΛ. ΕΠΙΚΟΙΝΩΝΙΑΣ: 2109213670 / 6983444801(WhatsApp)","200",,"0","1","8","0","0","2026-06-11","6","10",,"yes","no",,"Αθήνα - Νότια Προάστια (Αττική)","Άλιμος (Αθήνα - Νότια Προάστια)","1","105103","102","2201","107205",,"1","2",,,"1","1220098544","https://m3.spitogatos.gr/356871020_1600x1200.jpg?v=20130730","https://m3.spitogatos.gr/356870927_1600x1200.jpg?v=20130730","https://m2.spitogatos.gr/356871022_1600x1200.jpg?v=20130730","https://m2.spitogatos.gr/356870935_1600x1200.jpg?v=20130730","https://m1.spitogatos.gr/356870958_1600x1200.jpg?v=20130730","https://m3.spitogatos.gr/356870963_1600x1200.jpg?v=20130730","https://m1.spitogatos.gr/356870967_1600x1200.jpg?v=20130730","https://m3.spitogatos.gr/356870975_1600x1200.jpg?v=20130730","https://m3.spitogatos.gr/356870954_1600x1200.jpg?v=20130730","https://m1.spitogatos.gr/356870997_1600x1200.jpg?v=20130730","https://m3.spitogatos.gr/356870999_1600x1200.jpg?v=20130730","https://m3.spitogatos.gr/356870942_1600x1200.jpg?v=20130730","https://m3.spitogatos.gr/356870945_1600x1200.jpg?v=20130730","https://m2.spitogatos.gr/356870947_1600x1200.jpg?v=20130730","https://m1.spitogatos.gr/356870952_1600x1200.jpg?v=20130730","https://m1.spitogatos.gr/356870991_1600x1200.jpg?v=20130730","https://m1.spitogatos.gr/356870994_1600x1200.jpg?v=20130730","https://m2.spitogatos.gr/356870989_1600x1200.jpg?v=20130730","https://m3.spitogatos.gr/356870981_1600x1200.jpg?v=20130730","https://m1.spitogatos.gr/356870979_1600x1200.jpg?v=20130730","https://m1.spitogatos.gr/356870985_1600x1200.jpg?v=20130730","https://m1.spitogatos.gr/356871003_1600x1200.jpg?v=20130730","https://m2.spitogatos.gr/356871007_1600x1200.jpg?v=20130730","https://m2.spitogatos.gr/356871010_1600x1200.jpg?v=20130730","https://m1.spitogatos.gr/356871015_1600x1200.jpg?v=20130730","0","0","2","1","37.911819",,"1","1","23.71162",,"1","0",,"2026-07-28","0","0",,,"1","1","4",,"1",,"1",,"0","0","0","2000",,,"0","0","0","0","23.26",,,"1","3",,,"1","1","2026","0","1","3",,"1",,"0","86","0",,"Τσαλδάρη Παν., 10, Άλιμος Ελλάδα, 17455","1","1","0","2026-06-11","https://www.spitogatos.gr/en/property/1220098544",,"1","0","1974","jrM5drWFo-g","residential"
"1","Ground Floor","no","vip","15",,,,,"0","0","0","0","2026-07-28","0","0","0","0","1","0",,"house","0",,"0","Διαμέρισμα Προς Ενοικίαση, όροφος: Υπερυψωμένο Ισόγειο, στην περιοχή: Ζωγράφου. Το εμβαδόν του ακινήτου είναι 55 τ.μ.. Αποτελείται από: 1 Υ/Δ, 1 μπάνιο/α, 1 κουζίνα/ες, 1 σαλόνι/α. Έχει κατασκευαστεί το 1975. Η θέρμανση του ακινήτου είναι Κεντρική με Πετρέλαιο, ενώ επίσης διατίθεται Κλιματισμός, Ηλιακός, έχει κουφώματα Αλουμινίου με Διπλά τζάμια, ενεργειακό πιστοποιητικό: Δ και τα δάπεδα είναι: Πλακάκια. Η κατάστασή του είναι: Ανακαινισμένο, Καταπληκτική, βρίσκεται κοντά σε Συγκοινωνίες. Το ακίνητο είναι Βαμμένο, Επιπλωμένο, Προσόψεως, Φωτεινό, Ευάερο, Ευήλιο, είναι κατάλληλο για Φοιτητές και επίσης διαθέτει τα παρακάτω χαρακτηριστικά και πλεονεκτήματα: Σίτες, Ηλεκτρ. Συσκευές, Πόρτα Ασφαλείας. Τιμή: €600. Your House Realty Executives, Τηλέφωνο Επικοινωνίας: 6938696737, email: info@your-house.gr.<br />
<br />
Για περισσότερες πληροφορίες και ακίνητα επισκεφθείτε την σελίδα μας: https://www.your-house.gr",,,"0","0","6","1","0","2026-07-28","3","4","0","yes","no","0","Αθήνα - Νότια Προάστια (Αττική)","Ζωγράφου (Αθήνα - Νότια Προάστια)","1","105103","102","2211",,"Double","2","1","0","0","1","1220506771","https://m2.spitogatos.gr/363545197_1600x1200.jpg?v=20130730","https://m3.spitogatos.gr/363545204_1600x1200.jpg?v=20130730","https://m3.spitogatos.gr/363545210_1600x1200.jpg?v=20130730","https://m3.spitogatos.gr/363545216_1600x1200.jpg?v=20130730","https://m2.spitogatos.gr/363545221_1600x1200.jpg?v=20130730","https://m3.spitogatos.gr/363545228_1600x1200.jpg?v=20130730","https://m3.spitogatos.gr/363545231_1600x1200.jpg?v=20130730","https://m3.spitogatos.gr/363545240_1600x1200.jpg?v=20130730","https://m2.spitogatos.gr/363545242_1600x1200.jpg?v=20130730",,,,,,,,,,,,,,,,,"0","0","2","1","37.977215",,"1","1","23.776119",,"0","0","0","2026-07-28","0","0",,"0","0","1",,,"1","0","1",,"0","0","0","600",,,"0","0","0","0","10.91",,,"1","3","6",,"1","1",,"0",,"1","0","1",,"1","55","0",,,"1","1","0","2026-07-28","https://www.spitogatos.gr/en/property/1220506771",,"0","0","1975",,"residential"
,"Ground Floor",,"vip","15",,,,,,,,"0","2026-07-21","0",,,"0",,,,"house",,,,"Πλήρως ανακαινισμένο διαμέρισμα 85 τ.μ. με ιδιωτική αυλή δίπλα στο Άλσος Νέας Σμύρνης – Ιδανικό για κατοικία ή επαγγελματική χρήση<br />
<br />
Διατίθεται προς ενοικίαση εξαιρετικό ισόγειο διαμέρισμα 85 τ.μ., πλήρως ανακαινισμένο, σε μία από τις πιο ήσυχες και ποιοτικές γειτονιές της Νέας Σμύρνης, μόλις λίγα βήματα από το καταπράσινο Άλσος.<br />
<br />
Το ακίνητο διαθέτει λειτουργική διαρρύθμιση και αποτελείται από ευρύχωρο χωλ, φωτεινή ενιαία σαλοτραπεζαρία, ανεξάρτητη πλήρως εξοπλισμένη κουζίνα, άνετο υπνοδωμάτιο με εντοιχισμένες ντουλάπες και σύγχρονο, πλήρως ανακαινισμένο μπάνιο.<br />
<br />
Η κουζίνα είναι εξοπλισμένη με εντοιχισμένο φούρνο, εστίες, απορροφητήρα, πλυντήριο πιάτων και πλυντήριο ρούχων (δεν περιλαμβάνεται ψυγείο).<br />
<br />
Το μεγάλο πλεονέκτημα του ακινήτου είναι η ιδιωτική αυλή, που προσφέρει έναν όμορφο εξωτερικό χώρο για χαλάρωση ή εργασία από το σπίτι.<br />
<br />
Χαρακτηριστικά<br />
85 τ.μ.<br />
Ισόγειο<br />
1 ευρύχωρο υπνοδωμάτιο<br />
Μεγάλη σαλοτραπεζαρία<br />
Πλήρως ανακαινισμένο<br />
Ιδιωτική αυλή / κήπος<br />
Πλήρως εξοπλισμένη κουζίνα με εντοιχισμένες ηλεκτρικές συσκευές<br />
Εντοιχισμένες ντουλάπες<br />
Κουφώματα αλουμινίου<br />
Δάπεδα laminate<br />
Πόρτα ασφαλείας<br />
Κεντρική θέρμανση φυσικού αερίου<br />
Ενεργειακή κλάση Β<br />
<br />
Η εξαιρετική του θέση προσφέρει άμεση πρόσβαση στο Άλσος Νέας Σμύρνης, στην αγορά, σε μέσα μαζικής μεταφοράς και σε όλες τις καθημερινές υπηρεσίες.<br />
<br />
Ιδανική επιλογή για κατοικία, επαγγελματία που εργάζεται από το σπίτι, φοιτητές ή επαγγελματική χρήση (γραφείο).",,,,,"4",,,"2026-07-21","3","13","1",,,"1","Αθήνα - Νότια Προάστια (Αττική)","Νέα Σμύρνη (Αθήνα - Νότια Προάστια)","1","105103","102","2216","106408",,"2","2",,,"1","1220430682","https://m2.spitogatos.gr/362552326_1600x1200.jpg?v=20130730","https://m2.spitogatos.gr/362552329_1600x1200.jpg?v=20130730","https://m3.spitogatos.gr/362552336_1600x1200.jpg?v=20130730","https://m1.spitogatos.gr/362552337_1600x1200.jpg?v=20130730","https://m3.spitogatos.gr/362552333_1600x1200.jpg?v=20130730","https://m2.spitogatos.gr/362552311_1600x1200.jpg?v=20130730","https://m1.spitogatos.gr/362552307_1600x1200.jpg?v=20130730","https://m3.spitogatos.gr/362552309_1600x1200.jpg?v=20130730","https://m3.spitogatos.gr/362552312_1600x1200.jpg?v=20130730","https://m2.spitogatos.gr/362552320_1600x1200.jpg?v=20130730","https://m2.spitogatos.gr/362552323_1600x1200.jpg?v=20130730","https://m3.spitogatos.gr/362552324_1600x1200.jpg?v=20130730","https://m3.spitogatos.gr/362552315_1600x1200.jpg?v=20130730","https://m3.spitogatos.gr/362552318_1600x1200.jpg?v=20130730","https://m2.spitogatos.gr/362552317_1600x1200.jpg?v=20130730","https://m1.spitogatos.gr/362552304_1600x1200.jpg?v=20130730","https://m3.spitogatos.gr/362552303_1600x1200.jpg?v=20130730",,,,,,,,,,,"2","1","37.9492",,"1","1","23.714279",,,,,"2026-07-28","0",,,"1","0","1",,,,,,,,,,"700",,,"0","0","0","0","8.24",,,"1","3",,,"1","1",,,,"1",,"1",,,"85",,,,"1","1",,"2026-07-21","https://www.spitogatos.gr/en/property/1220430682",,,,"1972",,"residential"
"1","1","no","vip","15",,,,,"1","0","0","0","2026-04-23","0","1","0","0","1","1",,"house",,,"0","Κωδικός ακινήτου: 74-4763 - Γλυφάδα Πυρνάρι  ΕΝΟΙΚΙΑΖΕΤΑΙ     διαμέρισμα  στον 1 ο όροφο συνολικής επιφάνειας 90.00 τ.μ.  . Αποτελείται από 2 υπνοδωμάτια, σαλόνι, κουζίνα, μπάνιο και WC. Είναι κατασκευασμένο το 2010 με ενεργειακή κλάση Ε  και διαθέτει θέρμανση αυτόνομη - πετρελαίου, θέα σε θάλασσα, κουφώματα αλουμινίου, πατώματα από πλακάκι, πόρτα θωρακισμένη, εντοιχιζόμενες ντουλάπες, τζάκι, A/C, ηλεκτρικές συσκευές, τέντες, διπλά τζάμια, ηλιακό θερμοσίφωνα, BBQ, ανοιχτωσιά      - Τιμή: 1.200 €  <br>Διατίθεται προς ενοικίαση διαμέρισμα σε ήσυχη γειτονιά στην περιοχή της Γλυφάδας. Το διαμέρισμα έχει συνολική επιφάνεια 110 τμ, στον 1ο όροφο και διαθέτει σαλόνι με μεγάλη βεράντα με μερική θέα θάλασσα, ενιαία κουζίνα εξοπλισμένη με πλυντήριο πιάτων και εστίες κουζίνας, ένα WC, δύο υπνοδωμάτια  και ένα λουτρό. Επίσης το διαμέρισμα έχει ηλιακό, πόρτα ασφαλείας, ηλ. τέντες, 3 κλιματιστικά, αυτονομία θέρμανσης με πετρέλαιο και εγκατάσταση για συναγερμό. Δεν διαθέτει ανελκυστήρα. <br>Brokerhouse Real Estate - Website: www.brokerhouse.gr",,"1",,"0","7","1","1","2026-04-23","6","4","0","no","no","0","Αθήνα - Νότια Προάστια (Αττική)","Γλυφάδα (Αθήνα - Νότια Προάστια)","1","105103","102","2208",,"Double","1","1","0","0","1","1216177219","https://m3.spitogatos.gr/351354821_1600x1200.jpg?v=20130730","https://m3.spitogatos.gr/351354827_1600x1200.jpg?v=20130730","https://m3.spitogatos.gr/351354833_1600x1200.jpg?v=20130730","https://m2.spitogatos.gr/351354838_1600x1200.jpg?v=20130730","https://m1.spitogatos.gr/351354843_1600x1200.jpg?v=20130730","https://m2.spitogatos.gr/351354847_1600x1200.jpg?v=20130730","https://m2.spitogatos.gr/351354853_1600x1200.jpg?v=20130730","https://m3.spitogatos.gr/351354857_1600x1200.jpg?v=20130730","https://m2.spitogatos.gr/351354862_1600x1200.jpg?v=20130730","https://m3.spitogatos.gr/351354866_1600x1200.jpg?v=20130730","https://m2.spitogatos.gr/351354871_1600x1200.jpg?v=20130730","https://m2.spitogatos.gr/351354874_1600x1200.jpg?v=20130730","https://m1.spitogatos.gr/351354879_1600x1200.jpg?v=20130730",,,,,,,,,,,,,"0","0","2","1","37.872681",,,"1","23.773144",,"0",,,"2026-07-28","1","0",,"0","1","1",,"2","1","0","0",,"0","0","0","1200",,,"0","0","0","0","13.33",,,"1","3","6",,"1","0",,"0","1","2","0","1",,"1","90","0",,,"0","1","0","2024-08-01","https://www.spitogatos.gr/en/property/1216177219",,"1","0","2010","vGpeJDZITdA","residential"
"1","4",,"vip","15",,,,,"0","1","0","0","2026-06-16","0","1",,"0","1","0","false","house","0","50","0","Πλήρως ανακαινισμένο (2026) διαμέρισμα 58τμ, 4ου ορόφου με θέα σε όμορφα κτίρια. <br />
 Αποτελείται από ευρύχωρο σαλόνι, 1 άνετο ύπνου με πολλές ντουλάπες, ανεξάρτητη κουζίνα με ηλεκτρικές συσκευές και μπάνιο/ντους.<br />
 Διαθέτει κουφώματα αλουμινίου με διπλά τζάμια, ηλεκτρικά ρολά και σίτες, όμορφα δρύινα δάπεδα, κλιματισμό και κεντρική θέρμανση (φ.α).<br />
 Βρίσκεται σε προσεγμένη πολυκατοικία με ωραία είσοδο, επί της οδού Σίνα, πλησίον Σκουφά και Γαλλικού Ινστιτούτου.","12000",,"0","1","8","1","0","2026-06-16","9","2",,"no","no","0","Αθήνα - Κέντρο (Αττική)","Κολωνάκι - Λυκαβηττός (Αθήνα - Κέντρο)","1","105103","100","6009","2019","Double","2","2","0","0","1","1220132993","https://m3.spitogatos.gr/357454871_1600x1200.jpg?v=20130730","https://m2.spitogatos.gr/357454792_1600x1200.jpg?v=20130730","https://m3.spitogatos.gr/357454826_1600x1200.jpg?v=20130730","https://m2.spitogatos.gr/357454690_1600x1200.jpg?v=20130730","https://m3.spitogatos.gr/357454979_1600x1200.jpg?v=20130730","https://m2.spitogatos.gr/357454933_1600x1200.jpg?v=20130730","https://m2.spitogatos.gr/357455191_1600x1200.jpg?v=20130730","https://m2.spitogatos.gr/357455284_1600x1200.jpg?v=20130730","https://m3.spitogatos.gr/357455672_1600x1200.jpg?v=20130730","https://m2.spitogatos.gr/357455992_1600x1200.jpg?v=20130730","https://m1.spitogatos.gr/357456288_1600x1200.jpg?v=20130730","https://m3.spitogatos.gr/357456404_1600x1200.jpg?v=20130730","https://m1.spitogatos.gr/357456651_1600x1200.jpg?v=20130730","https://m3.spitogatos.gr/357456710_1600x1200.jpg?v=20130730","https://m3.spitogatos.gr/357456839_1600x1200.jpg?v=20130730","https://m1.spitogatos.gr/357456894_1600x1200.jpg?v=20130730","https://m2.spitogatos.gr/357456937_1600x1200.jpg?v=20130730","https://m3.spitogatos.gr/357456971_1600x1200.jpg?v=20130730",,,,,,,,"1","0","2","1","37.981411",,"1","1","23.73774","380","1","0","0","2026-07-28","0","0",,,"0","1","6","1","1","0","1",,"0","0","0","1200",,,"0","0","0","0","20.69",,,"1","6",,,"1","1","2026","0","1","1","0","1",,"0","58","0",,,"1","1","0","2026-06-16","https://www.spitogatos.gr/en/property/1220132993",,"1","0","1960",,"residential"
"1","4","no","vip","15",,,,,,"0","0","0","2026-03-03","0","0",,"0","1","0","false","house","0","60","0","Με εξαιρετική θέα πρασίνου μπροστά σε πάρκο, ανακαινισμένο διαμέρισμα 100τμ 4ου ορόφου. Πολύ ωραίοι και μεγάλοι χώροι υποδοχής που όλοι έχουν θέα στο πάρκο μέσα από το ακίνητο, ξεχωριστή κουζίνα με ηλεκτρικές συσκευές, μικρή αποθήκη και laudry,  1 άνετο υπνοδωμάτιο, 1 λουτρό και wc ξένων. Ανακαινισμένα κουφώματα αλουμινίου, ανακαινισμένη κουζίνα και λουτρό και καινούργια κλιματιστικά.","13000",,"0","1","6","1","0","2026-03-03","9","2","0","no","no","0","Αθήνα - Κέντρο (Αττική)","Κολωνάκι - Λυκαβηττός (Αθήνα - Κέντρο)","1","105103","100","6009","2019","Double","2","2","0","0","1","1219481411","https://m1.spitogatos.gr/346652184_1600x1200.jpg?v=20130730","https://m1.spitogatos.gr/346652190_1600x1200.jpg?v=20130730","https://m3.spitogatos.gr/346653479_1600x1200.jpg?v=20130730","https://m3.spitogatos.gr/346652198_1600x1200.jpg?v=20130730","https://m3.spitogatos.gr/346652276_1600x1200.jpg?v=20130730","https://m1.spitogatos.gr/346652289_1600x1200.jpg?v=20130730","https://m2.spitogatos.gr/346652293_1600x1200.jpg?v=20130730","https://m3.spitogatos.gr/346652297_1600x1200.jpg?v=20130730","https://m2.spitogatos.gr/346652302_1600x1200.jpg?v=20130730","https://m1.spitogatos.gr/346652319_1600x1200.jpg?v=20130730","https://m2.spitogatos.gr/346652335_1600x1200.jpg?v=20130730","https://m3.spitogatos.gr/346652363_1600x1200.jpg?v=20130730","https://m1.spitogatos.gr/346652379_1600x1200.jpg?v=20130730","https://m3.spitogatos.gr/346652381_1600x1200.jpg?v=20130730","https://m1.spitogatos.gr/346652394_1600x1200.jpg?v=20130730","https://m3.spitogatos.gr/346652414_1600x1200.jpg?v=20130730","https://m2.spitogatos.gr/346652431_1600x1200.jpg?v=20130730","https://m3.spitogatos.gr/346652465_1600x1200.jpg?v=20130730","https://m1.spitogatos.gr/346652484_1600x1200.jpg?v=20130730","https://m1.spitogatos.gr/346652508_1600x1200.jpg?v=20130730","https://m1.spitogatos.gr/346652520_1600x1200.jpg?v=20130730","https://m1.spitogatos.gr/346652532_1600x1200.jpg?v=20130730","https://m1.spitogatos.gr/346652538_1600x1200.jpg?v=20130730","https://m2.spitogatos.gr/346653415_1600x1200.jpg?v=20130730","https://m1.spitogatos.gr/346653459_1600x1200.jpg?v=20130730","0","0","2","1","37.978561",,"1","3","23.743891","320",,"0","0","2026-07-28","0","0",,"0","1","1","6",,"1","0","1",,"0","0","0","1800",,,"0","0","0","0","18",,,"1","6",,,"1","1",,"0","1","1","0","1",,"1","100","0",,,"0","1","0","2026-03-03","https://www.spitogatos.gr/en/property/1219481411",,"1","0",,,"residential"
"1","1","no","vip","15",,,,,"0","0","0","0","2026-07-17","0","0","0","5","1","0","false","house","0","0","0"," <br><br />
Κωδικός Ακινήτου: #12552<br><br />
ΕΞΟΙΚΟΝΟΜΗΣΕ ΤΟ ΕΝΟΙΚΙΟ ΤΟΥ ΑΥΓΟΥΣΤΟΥ! Μια μοναδική ευκαιρία που δεν πρέπει να χάσεις!<br><br />
Σε εξαιρετικό σημείο,  πολύ κοντά στο σταθμό Μετρό Αττικής, τον ΗΣΑΠ Βικτώριας, το ΟΠΑ και άλλα εκπαιδευτικά ιδρύματα, διατίθεται προς ενοικίαση  πλήρως επιπλωμένο διαμέρισμα 33 τ.μ., στον 1ο όροφο πολυκατοικίας με ασανσέρ σε πλήρως ανακαινισμένο κτήριο. Το ακίνητο διαθέτει ένα υπνοδωμάτιο, λειτουργικό σαλόνι, σύγχρονη κουζίνα και ανακαινισμένο μπάνιο, αποτελώντας ιδανική επιλογή για έναν εργαζόμενο ή φοιτητή που αναζητά μια κατοικία έτοιμη προς άμεση εγκατάσταση. Κατασκευής 1970 και πλήρως ανανεωμένο, είναι εξοπλισμένο με κουφώματα αλουμινίου με διπλά τζάμια, πόρτα ασφαλείας, κλιματισμό και δάπεδα από πλακάκι, προσφέροντας άνεση, ασφάλεια και χαμηλό κόστος συντήρησης.<br><br />
Bonus προσφορά: Ο ενοικιαστής εξοικονομεί το ενοίκιο του Αυγούστου!<br><br />
 <br><br />
Τιμή: 630€ | Κωδικός Ακινήτου: #12552<br><br />
ΚΑΤΑ ΤΗΝ ΥΠΟΔΕΙΞΗ ΤΟΥ ΑΚΙΝΗΤΟΥ ΑΠΑΙΤΕΙΤΑΙ ΝΑ ΓΙΝΕΤΑΙ ΕΠΙΔΕΙΞΗ ΤΗΣ ΑΣΤΥΝΟΜΙΚΗΣ ΣΑΣ ΤΑΥΤΟΤΗΤΑΣ ΣΥΜΦΩΝΑ ΜΕ ΤΟΝ Ν.4072/11-04-2012 Φ.Ε.Κ 86Α<br /><br />ΤΑ ΣΤΟΙΧΕΙΑ ΤΩΝ ΑΚΙΝΗΤΩΝ ΕΙΝΑΙ ΚΑΤΑ ΔΗΛΩΣΗ ΤΟΥ ΙΔΙΟΚΤΗΤΗ<br /><br />ΑΚΙΝΗΤΑ ΑΠΟΚΛΕΙΣΤΙΚΗΣ ΔΙΑΘΕΣΗΣ ΜΕ ΦΩΤΟΓΡΑΦΙΕΣ ΠΟΥ ΔΙΑΧΕΙΡΙΖΕΤΑΙ Η ΕΤΑΙΡΙΑ ΜΑΣ ΘΑ ΒΡΕΙΤΕ ΣΤΗΝ ΙΣΤΟΣΕΛΙΔΑ ΜΑΣ<br /><br /> ►WEBSITE: www.tzelihome.gr<br /><br /> ✔ ΓΙΑ ΤΗΝ ΚΑΛΥΤΕΡΗ ΕΞΥΠΗΡΕΤΗΣΗ ΣΑΣ ΧΡΗΣΙΜΟΠΟΙΕΙΣΤΕ ΤΟΝ ΚΩΔΙΚΟ ΑΚΙΝΗΤΟΥ ΠΟΥ ΑΝΑΓΡΑΦΕΤΑΙ ΣΤΗΝ ΠΕΡΙΓΡΑΦΗ<br /> ✔ Η ΔΙΕΥΘΥΝΣΗ ΣΤΟΝ ΧΑΡΤΗ ΕΧΕΙ ΤΟΠΟΘΕΤΗΘΕΙ ΚΑΤΑ ΠΡΟΣΕΓΓΙΣΗ<br /> ✔ ΟΙ ΑΚΡΙΒΕΙΣ ΠΛΗΡΟΦΟΡΙΕΣ ΤΗΣ ΔΙΕΥΘΥΝΣΗΣ ΠΑΡΕΧΟΝΤΑΙ ΣΤΗΝ ΥΠΟΔΕΙΞΗ ΤΟΥ ΑΚΙΝΗΤΟΥ<br /><br /> ΜΕΣΙΤΙΚΟ ΓΡΑΦΕΙΟ TZELI HOME<br /> ΥΜΗΤΤΟΥ 41 , ΚΑΙΣΑΡΙΑΝΗ , ΤΚ 16121<br /><br /> ΕΠΙΚΟΙΝΩΝΗΣΤΕ ΜΑΖΙ ΜΑΣ:<br /> ►WEBSITE : www.tzelihome.gr<br /> ►E-MAIL : tzelihome@gmail.com<br /> ►ΚΙΝΗΤΟ : 6906.062.919 <br /> ►ΤΗΛΕΦΩΝΟ : 211.001.4573 & 211.001.4574<br>","8000",,"0","1","7","0","0","2026-07-17","6","4","0","yes","no","0","Αθήνα - Κέντρο (Αττική)","Αττική (Αθήνα - Κέντρο)","1","105103","100","6004","2041","Double","1","4","0","0","1","1220409644","https://m1.spitogatos.gr/363536739_1600x1200.jpg?v=20130730","https://m2.spitogatos.gr/363536749_1600x1200.jpg?v=20130730","https://m2.spitogatos.gr/363536758_1600x1200.jpg?v=20130730","https://m2.spitogatos.gr/363536770_1600x1200.jpg?v=20130730","https://m2.spitogatos.gr/363536779_1600x1200.jpg?v=20130730","https://m1.spitogatos.gr/363536790_1600x1200.jpg?v=20130730","https://m3.spitogatos.gr/363536798_1600x1200.jpg?v=20130730","https://m1.spitogatos.gr/363536808_1600x1200.jpg?v=20130730","https://m3.spitogatos.gr/363536816_1600x1200.jpg?v=20130730","https://m3.spitogatos.gr/363536822_1600x1200.jpg?v=20130730","https://m3.spitogatos.gr/363536831_1600x1200.jpg?v=20130730","https://m2.spitogatos.gr/363536839_1600x1200.jpg?v=20130730","https://m2.spitogatos.gr/363536845_1600x1200.jpg?v=20130730","https://m2.spitogatos.gr/363536854_1600x1200.jpg?v=20130730","https://m3.spitogatos.gr/363536864_1600x1200.jpg?v=20130730","https://m1.spitogatos.gr/363536874_1600x1200.jpg?v=20130730","https://m2.spitogatos.gr/363536884_1600x1200.jpg?v=20130730","https://m1.spitogatos.gr/363536892_1600x1200.jpg?v=20130730","https://m3.spitogatos.gr/363536900_1600x1200.jpg?v=20130730","https://m1.spitogatos.gr/363536910_1600x1200.jpg?v=20130730","https://m3.spitogatos.gr/363536918_1600x1200.jpg?v=20130730","https://m1.spitogatos.gr/363536925_1600x1200.jpg?v=20130730","https://m2.spitogatos.gr/363536932_1600x1200.jpg?v=20130730","https://m1.spitogatos.gr/363536937_1600x1200.jpg?v=20130730","https://m3.spitogatos.gr/363536942_1600x1200.jpg?v=20130730","0","0","2","1","37.998516",,"1","1","23.726299",,"0","0","0","2026-07-28","0","0",,"0","0","1",,"11","0","0","0",,"0","0","0","630",,,"0","0","0","0","19.09",,,"1","3","6",,"1","1","2026","0","1","1","0","1",,"0","33","0",,,"1","1","0","2026-07-17","https://www.spitogatos.gr/en/property/1220409644",,"0",,"1970","OU-f_AAG0uM","residential"
"1","4","no","vip","15",,,,,"1","0","0","0","2026-05-04","0","1","1","0","1","0",,"house","0",,"0","Ενοικιάζεται οροφοδιαμέρισμα 4ου ορόφου, πλήρως ανακαινισμένο, στην περιοχή Άγιος Σώστης, συνολικής επιφάνειας 100 τ.μ. Το διαμέρισμα αποτελείται από 2 υπνοδωμάτια, πολύ φωτεινό σαλόνι, κουζίνα, 1 μπάνιο και 1 WC. Το διαμέρισμα είναι κατασκευής 1990, ανακαινισμένο το 2026.<br />
Διαθέτει αυτόνομη θέρμανση φυσικού αερίου, κλιματισμό σε όλους τους χώρους, κουφώματα αλουμινίου με διπλά τζάμια και ξύλινα δάπεδα.  Περιλαμβάνει τέντες ηλεκτρικές, ασανσέρ, πόρτα ασφαλείας, θυροτηλεόραση και μεγάλη βεράντα στην πρόσοψη και μπαλκόνι στην πίσω μεριά του διαμερίσματος. <br />
Βρίσκεται κοντά σε μετρό, τραμ, συγκοινωνίες και super market, μόλις 80 μέτρα από στάση λεωφορείου. Ενεργειακό πιστοποιητικό: Γ.<br />
Τιμή: €1.000. A4group Real Estate & Investments, Κωδικός Ακινήτου: 2360764<br />
www.a4group.gr",,,"0","1","5","1","0","2026-05-04","9","2","0","no","no","0","Αθήνα - Κέντρο (Αττική)","Νέος Κόσμος (Αθήνα - Κέντρο)","1","105103","100","2033","5145","Double","1","2","0","0","1","1219818462","https://m3.spitogatos.gr/352403132_1600x1200.jpg?v=20130730","https://m2.spitogatos.gr/352403140_1600x1200.jpg?v=20130730","https://m2.spitogatos.gr/352403146_1600x1200.jpg?v=20130730","https://m1.spitogatos.gr/352403154_1600x1200.jpg?v=20130730","https://m1.spitogatos.gr/352403163_1600x1200.jpg?v=20130730","https://m2.spitogatos.gr/352403170_1600x1200.jpg?v=20130730","https://m2.spitogatos.gr/352403179_1600x1200.jpg?v=20130730","https://m1.spitogatos.gr/352403184_1600x1200.jpg?v=20130730","https://m1.spitogatos.gr/352403190_1600x1200.jpg?v=20130730","https://m3.spitogatos.gr/352403195_1600x1200.jpg?v=20130730","https://m3.spitogatos.gr/352403201_1600x1200.jpg?v=20130730","https://m3.spitogatos.gr/352403204_1600x1200.jpg?v=20130730","https://m2.spitogatos.gr/352403212_1600x1200.jpg?v=20130730","https://m3.spitogatos.gr/352403216_1600x1200.jpg?v=20130730","https://m3.spitogatos.gr/352403222_1600x1200.jpg?v=20130730","https://m3.spitogatos.gr/352403228_1600x1200.jpg?v=20130730","https://m2.spitogatos.gr/352403230_1600x1200.jpg?v=20130730","https://m3.spitogatos.gr/352403243_1600x1200.jpg?v=20130730",,,,,,,,"0","0","2","1","37.954468","0","1","1","23.716585",,"1","0","0","2026-07-28","0","0",,"0","1","1",,,"1","0","0",,"0","0","0","950",,,"0","0","0","0","9.5",,,"1","3","6","8","1","0",,"0",,"2","0","1",,"0","100","0",,,"0","1","0","2026-05-04","https://www.spitogatos.gr/en/property/1219818462",,"0","1","1990",,"residential"
"0","1",,"vip","15","Κωνσταντίνος","2916","Σερβίτης","","1","1","0","0","2026-06-18","0","0","1","0","1",,,"house","0","0","0","ΚΗΦΙΣΙΑ, Πολιτεία - Διαμέρισμα 135τμ, 2 υ/δ, 1ος, εξαιρετική κατάσταση, κατασκευή 1988, ενεργειακή κλάση Δ, σαλόνι, κουζίνα, μπάνιο, wc, αυτόνομη θέρμανση (φυσικό αέριο), μία θέση πιλοτής, ήσυχο, διαμπερές, φωτεινό, θέα πανοραμική, πρόσοψης, βαμμένο, boiler, τζάκι, βεράντες, ασανσέρ, πατάρι, κουφώματα αλουμινίου, διπλά τζάμια, τύπος δαπέδων ξύλο, ανεξάρτητη κουζίνα, τριφασικό ρεύμα, πόρτα ασφαλείας, συναγερμός, πολυτελές, οικιστική ζώνη, πρόσβαση: άσφαλτο.<br />
ΔΙΑΘΕΣΙΜΟ ΑΠΟ ΜΕΣΑ ΣΕΠΤΕΜΒΡΗ, LAUNDRY,<br />
Τιμή €1.600 (κωδ. 11776)<br />
DOVAS Real Estate 📍 Εδρεύουμε στην Κηφισιά (Κολοκοτρώνη 4, 📞 210 6230 900)  και στο Κολωνάκι (Ακαδημίας 16, 📞 211 7506 849).  Το χαρτοφυλάκιό μας ανανεώνεται καθημερινά με νέα ακίνητα.",,"0",,"1","6","1","1","2026-06-17","6","2","0","no","yes","0","Αθήνα - Βόρεια Προάστια (Αττική)","Νέα Ερυθραία (Αθήνα - Βόρεια Προάστια)","1","105103","101","2113","4611","Double","1","2","0","0","1","1220141089","https://m1.spitogatos.gr/357587733_1600x1200.jpg?v=20130730","https://m2.spitogatos.gr/357587734_1600x1200.jpg?v=20130730","https://m1.spitogatos.gr/357587736_1600x1200.jpg?v=20130730","https://m2.spitogatos.gr/357587737_1600x1200.jpg?v=20130730","https://m3.spitogatos.gr/357587738_1600x1200.jpg?v=20130730","https://m2.spitogatos.gr/357587740_1600x1200.jpg?v=20130730","https://m3.spitogatos.gr/357587741_1600x1200.jpg?v=20130730","https://m2.spitogatos.gr/357587743_1600x1200.jpg?v=20130730","https://m1.spitogatos.gr/357587745_1600x1200.jpg?v=20130730","https://m3.spitogatos.gr/357587747_1600x1200.jpg?v=20130730","https://m3.spitogatos.gr/357587750_1600x1200.jpg?v=20130730","https://m3.spitogatos.gr/357587753_1600x1200.jpg?v=20130730","https://m3.spitogatos.gr/357587756_1600x1200.jpg?v=20130730","https://m3.spitogatos.gr/357587759_1600x1200.jpg?v=20130730","https://m1.spitogatos.gr/357587763_1600x1200.jpg?v=20130730","https://m2.spitogatos.gr/357587767_1600x1200.jpg?v=20130730","https://m2.spitogatos.gr/357587770_1600x1200.jpg?v=20130730","https://m2.spitogatos.gr/357587773_1600x1200.jpg?v=20130730","https://m3.spitogatos.gr/357587774_1600x1200.jpg?v=20130730","https://m3.spitogatos.gr/357587777_1600x1200.jpg?v=20130730","https://m2.spitogatos.gr/357587779_1600x1200.jpg?v=20130730","https://m2.spitogatos.gr/357587782_1600x1200.jpg?v=20130730","https://m3.spitogatos.gr/357587786_1600x1200.jpg?v=20130730","https://m2.spitogatos.gr/357587788_1600x1200.jpg?v=20130730","https://m2.spitogatos.gr/357587791_1600x1200.jpg?v=20130730","0","0","2","1","38.090473",,"1","1","23.829016",,"1",,,"2026-07-28","0","0",,"0","1","1",,,"1","0","0",,"0","0","0","1600",,,"0","0","0","0","11.85",,,"1","3","6",,"1","0",,"0","1","2","0","1",,"0","135","0",,,"0","1","0","2026-06-17","https://www.spitogatos.gr/en/property/1220141089",,"1",,"1988",,"residential"
"1","4","no","vip","15",,,,,"1","0","0","0","2026-07-09","0","1","0","0","1","0",,"house",,"20","0","Κωδικός ακινήτου: R-477 - Νέος Κόσμος Άγιος Σώστης  ΕΝΟΙΚΙΑΖΕΤΑΙ     διαμέρισμα  στον 4 ο όροφο συνολικής επιφάνειας 72.00 τ.μ.  . Αποτελείται από 2 υπνοδωμάτια, σαλόνι, κουζίνα, μπάνιο . Είναι κατασκευασμένο το 1985 με ενεργειακή κλάση Η και ανακαινίστηκε το 2015. Διαθέτει θέρμανση κεντρική - πετρέλαιο, θέα σε αστικό τοπίο, κουφώματα αλουμινίου, πατώματα από μάρμαρο και ξύλο, πόρτα ασφαλείας, εντοιχιζόμενες ντουλάπες, ανελκυστήρα, A/C, τέντες, σίτες, διπλά τζάμια, σκαλιά εισόδου, ανοιχτωσιά     απόσταση από μετρό 600 μέτρα - Τιμή: 700 €  <br>Στη Bright Living πιστεύουμε ότι κάθε σπίτι πρέπει να προσφέρει άνεση, φως και ποιότητα ζωής.<br><br>Αν αναζητάτε ένα φωτεινό ρετιρέ σε εξαιρετική τοποθεσία, αυτή η κατοικία στον Νέο Κόσμο αποτελεί μια επιλογή που αξίζει να δείτε.<br><br>Ενοικιάζεται ρετιρέ διαμέρισμα 4ου ορόφου, συνολικής επιφάνειας 72 τ.μ., διαμπερές, προσόψεως και ιδιαίτερα φωτεινό.<br><br>Αποτελείται από δύο υπνοδωμάτια με εντοιχισμένη ντουλάπα, άνετο σαλόνι, λειτουργική κουζίνα και μπάνιο.<br><br>Το ακίνητο διαθέτει δάπεδα από μάρμαρο και ξύλο, πόρτα ασφαλείας, κουφώματα αλουμινίου με διπλά ενεργειακά τζάμια, σίτες, τέντες, οπτική ίνα και κλιματιστικά, προσφέροντας άνεση και λειτουργικότητα για την καθημερινότητά σας.<br><br>Βρίσκεται σε προσεγμένη πολυκατοικία με ασανσέρ και χαμηλά κοινόχρηστα, ενώ η τοποθεσία του εξασφαλίζει άμεση πρόσβαση σε στάσεις Μετρό και Τραμ, καθώς και σε καταστήματα, υπηρεσίες και όλες τις απαραίτητες υποδομές της περιοχής.<br><br><strong>Χαρακτηριστικά:</strong><br>- Ρετιρέ 4ου ορόφου<br>- 72 τ.μ.<br>- 2 υπνοδωμάτια<br>- Διαμπερές & προσόψεως<br>- Πολύ φωτεινό<br>- Κουφώματα αλουμινίου με διπλά τζάμια<br>- Σίτες & τέντες<br>- Κλιματιστικά<br>- Οπτική ίνα<br>- Πόρτα ασφαλείας<br>- Πατάρι<br>- Ασανσέρ<br>- Χαμηλά κοινόχρηστα<br>- Επιτρέπονται κατοικίδια<br>- Κοντά σε Μετρό & Τραμ<br><strong>Τιμή ενοικίασης: 700€ (συζητήσιμη)</strong>Bright Living - Βρίσκουμε τον χώρο που ταιριάζει στη ζωή σας.www.brightliving.gr<br>info@brightliving.gr<br><strong>Ώρες Λειτουργίας:<br></strong>Δευτέρα: 10:00 - 18:00<br>Τρίτη: 10:00 - 18:00<br>Τετάρτη: 10:00 - 18:00<br>Πέμπτη: 10:00 - 18:00<br>Παρασκευή: 10:00 - 18:00<br>Σάββατο: ΚΛΕΙΣΤΑ<br>Κυριακή: ΚΛΕΙΣΤΑ <br>",,,,"1","9","1","0","2026-07-09","9","6","0","no","no","0","Αθήνα - Κέντρο (Αττική)","Νέος Κόσμος (Αθήνα - Κέντρο)","1","105103","100","2033","5144","Double","2","1","0","0","1","1220342301","https://m1.spitogatos.gr/362181522_1600x1200.jpg?v=20130730","https://m2.spitogatos.gr/362181529_1600x1200.jpg?v=20130730","https://m3.spitogatos.gr/362181536_1600x1200.jpg?v=20130730","https://m3.spitogatos.gr/362181542_1600x1200.jpg?v=20130730","https://m2.spitogatos.gr/362181547_1600x1200.jpg?v=20130730","https://m3.spitogatos.gr/362181551_1600x1200.jpg?v=20130730","https://m2.spitogatos.gr/362181556_1600x1200.jpg?v=20130730","https://m1.spitogatos.gr/362181585_1600x1200.jpg?v=20130730","https://m1.spitogatos.gr/362181588_1600x1200.jpg?v=20130730","https://m3.spitogatos.gr/362181590_1600x1200.jpg?v=20130730","https://m2.spitogatos.gr/362181595_1600x1200.jpg?v=20130730","https://m1.spitogatos.gr/362181600_1600x1200.jpg?v=20130730","https://m1.spitogatos.gr/362181603_1600x1200.jpg?v=20130730","https://m3.spitogatos.gr/362181608_1600x1200.jpg?v=20130730","https://m1.spitogatos.gr/362181612_1600x1200.jpg?v=20130730","https://m1.spitogatos.gr/362181618_1600x1200.jpg?v=20130730","https://m2.spitogatos.gr/362181625_1600x1200.jpg?v=20130730","https://m1.spitogatos.gr/362181630_1600x1200.jpg?v=20130730","https://m3.spitogatos.gr/362181641_1600x1200.jpg?v=20130730","https://m1.spitogatos.gr/362181648_1600x1200.jpg?v=20130730","https://m2.spitogatos.gr/362181655_1600x1200.jpg?v=20130730","https://m2.spitogatos.gr/362181664_1600x1200.jpg?v=20130730","https://m1.spitogatos.gr/362181675_1600x1200.jpg?v=20130730","https://m1.spitogatos.gr/362181684_1600x1200.jpg?v=20130730","https://m2.spitogatos.gr/362181700_1600x1200.jpg?v=20130730","0","0","2","1","37.95414",,,"1","23.725655",,"0",,,"2026-07-28","1","0",,"0","0","1","4",,"1","1","1","1","0","0","0","700",,,"0","0","0","0","9.72",,,"1","3","6",,"1","0",,"0","2","2","0","1",,"0","72","0",,,"0","1","0","2026-07-09","https://www.spitogatos.gr/en/property/1220342301",,"1","0","1985","egsmpArfFuA","residential"
"0","1","no","vip","15",,,,,"1","0","0","0","2026-07-20","0","0","0","0","1","0",,"house",,"20","0","Κωδικός ακινήτου: R-503 - Νέος Κόσμος Κυνοσάργους  ΕΝΟΙΚΙΑΖΕΤΑΙ     διαμέρισμα  στον 1 ο όροφο συνολικής επιφάνειας 120.00 τ.μ.  . Αποτελείται από 2 υπνοδωμάτια, σαλόνι, κουζίνα, μπάνιο . Είναι κατασκευασμένο το 1980 με ενεργειακή κλάση Η  και διαθέτει θέρμανση κεντρική - πετρέλαιο, θέα σε αστικό τοπίο, κουφώματα αλουμινίου συρόμενα, πατώματα από πέτρα και μάρμαρο, πόρτα ασφαλείας, εντοιχιζόμενες ντουλάπες, ανελκυστήρα, αποθήκη 1 τ.μ., προεγκατάσταση Α/C      - Τιμή: 680 €  <br>Αν αναζητάτε έναν ευρύχωρο χώρο που συνδυάζει άνεση, φυσικό φως και προνομιακή τοποθεσία, αυτό το διαμέρισμα στον Νέο Κόσμο αξίζει να το δείτε από κοντά.<br><br>Στον 1ο όροφο περιποιημένης πολυκατοικίας με ανελκυστήρα, το διαμέρισμα των 120 τ.μ. ξεχωρίζει για τη λειτουργική του διαρρύθμιση και τους μεγάλους, φωτεινούς χώρους.<br><br>Διαθέτει δύο άνετα υπνοδωμάτια με εντοιχισμένες ντουλάπες, ευρύχωρο σαλόνι που λούζεται από φυσικό φως, μεγάλη και πρακτική κουζίνα, καθώς και μπάνιο που εξυπηρετεί ιδανικά τις καθημερινές ανάγκες.<br><br>Η διαμπερής και προσόψεως κατασκευή εξασφαλίζει εξαιρετικό αερισμό και φωτεινότητα καθ' όλη τη διάρκεια της ημέρας, δημιουργώντας ένα ευχάριστο περιβάλλον διαβίωσης.<br><br>Το ακίνητο διαθέτει συρόμενα κουφώματα αλουμινίου, πατώματα από πέτρα και μάρμαρο που προσδίδουν διαχρονική αισθητική, πόρτα ασφαλείας, αποθήκη 1 τ.μ. και προεγκατάσταση για κλιματισμό, προσφέροντας όλες τις απαραίτητες υποδομές για μια άνετη κατοικία.<br><br>Βρίσκεται σε ιδιαίτερα προνομιακό σημείο του Νέου Κόσμου, με άμεση πρόσβαση σε μέσα σταθερής τροχιάς, λεωφορειακές γραμμές, καταστήματα, σχολεία, χώρους εστίασης και όλες τις καθημερινές υπηρεσίες, συνδυάζοντας την ευκολία της πόλης με την ποιότητα ζωής μιας οργανωμένης γειτονιάς.<br><br><strong data-start=""1388"" data-end=""1407"">Χαρακτηριστικά:<br></strong>- 120 τ.μ.<br>- 1ος όροφος<br><br />
    - 2 υπνοδωμάτια<br />
<br>    - Φωτεινό σαλόνι<br />
<br>    - Άνετη κουζίνα<br />
<br>    - Μπάνιο<br />
<br>    - Διαμπερές & προσόψεως<br><br />
    - Συρόμενα κουφώματα αλουμινίου<br />
<br>    - Πατώματα από πέτρα & μάρμαρο<br />
<br>    - Εντοιχισμένες ντουλάπες<br><br />
    - Πόρτα ασφαλείας<br />
<br>    - Ασανσέρ<br />
<br>    - Αποθήκη<br />
<br>    - Προεγκατάσταση κλιματισμού<br><br />
    <br />
    <br><strong>Τιμή ενοικίασης: 680€</strong><br><br><br />
    Στη Bright Living, δεν σας παρουσιάζουμε απλώς ένα ακίνητο· σας βοηθάμε να βρείτε τον χώρο που θα ταιριάξει στον τρόπο ζωής σας.<br><br>Με συνέπεια, επαγγελματισμό και προσωπική εξυπηρέτηση, είμαστε δίπλα σας σε κάθε βήμα της αναζήτησης.<br><br><br />
        www.brightliving.gr<br><br />
    <br />
    info@brightliving.gr<br><br />
    2130885441 - 6947590999<br><br>Χαροκόπου 115-117, Καλλιθέα Αθήνα<br>ΤΚ: 17676<br />
    <strong>Ώρες Λειτουργίας:<br></strong>Δευτέρα: 10:00 - 18:00<br>Τρίτη: 10:00 - 18:00<br>Τετάρτη: 10:00 - 18:00<br>Πέμπτη: 10:00 - 18:00<br>Παρασκευή: 10:00 - 18:00<br>Σάββατο: ΚΛΕΙΣΤΑ<br>Κυριακή: ΚΛΕΙΣΤΑ <br>",,,,"1","9","1","0","2026-07-21","6","9","0","no","no","0","Αθήνα - Κέντρο (Αττική)","Νέος Κόσμος (Αθήνα - Κέντρο)","1","105103","100","2033","5147","Single","2","1","0","0","1","1220432356","https://m3.spitogatos.gr/363288869_1600x1200.jpg?v=20130730","https://m1.spitogatos.gr/363288870_1600x1200.jpg?v=20130730","https://m3.spitogatos.gr/363288872_1600x1200.jpg?v=20130730","https://m3.spitogatos.gr/363288875_1600x1200.jpg?v=20130730","https://m3.spitogatos.gr/363288878_1600x1200.jpg?v=20130730","https://m1.spitogatos.gr/363288879_1600x1200.jpg?v=20130730","https://m2.spitogatos.gr/363288880_1600x1200.jpg?v=20130730","https://m3.spitogatos.gr/363288881_1600x1200.jpg?v=20130730","https://m1.spitogatos.gr/363288882_1600x1200.jpg?v=20130730","https://m2.spitogatos.gr/363288883_1600x1200.jpg?v=20130730","https://m3.spitogatos.gr/363288884_1600x1200.jpg?v=20130730","https://m1.spitogatos.gr/363288885_1600x1200.jpg?v=20130730","https://m2.spitogatos.gr/363288886_1600x1200.jpg?v=20130730","https://m3.spitogatos.gr/363288887_1600x1200.jpg?v=20130730","https://m1.spitogatos.gr/363288888_1600x1200.jpg?v=20130730","https://m2.spitogatos.gr/363288889_1600x1200.jpg?v=20130730","https://m3.spitogatos.gr/363288890_1600x1200.jpg?v=20130730","https://m1.spitogatos.gr/363288891_1600x1200.jpg?v=20130730","https://m2.spitogatos.gr/363288892_1600x1200.jpg?v=20130730","https://m3.spitogatos.gr/363288893_1600x1200.jpg?v=20130730","https://m1.spitogatos.gr/363288894_1600x1200.jpg?v=20130730","https://m2.spitogatos.gr/363288895_1600x1200.jpg?v=20130730","https://m3.spitogatos.gr/363288896_1600x1200.jpg?v=20130730","https://m1.spitogatos.gr/363288897_1600x1200.jpg?v=20130730","https://m2.spitogatos.gr/363288898_1600x1200.jpg?v=20130730","0","0","2","1","37.960106",,,"1","23.731133",,"0",,,"2026-07-28","0","0",,"0","0","1",,,"0","0","0",,"0","0","0","680",,,"0","0","0","0","5.67",,,"1","3","6",,"1","0",,"0","2","2","0","1",,"0","120","1","1",,"1","1","0","2026-07-21","https://www.spitogatos.gr/en/property/1220432356",,"1","0","1980","IzCOPMF9CfM","residential"
"0","1","no","vip","15",,,,,"1","0","0","0","2026-06-26","0","1","0","0","1","0",,"house",,"30","1","Κωδικός ακινήτου: R-466 - Γαλάτσι Λαμπρινή  ΕΝΟΙΚΙΑΖΕΤΑΙ   ανακαινισμένο  διαμέρισμα  στον 1 ο όροφο συνολικής επιφάνειας 95.00 τ.μ.  . Αποτελείται από 3 υπνοδωμάτια, σαλόνι, κουζίνα, μπάνιο και WC. Είναι κατασκευασμένο το 1982 με ενεργειακή κλάση Δ και ανακαινίστηκε το 2026. Διαθέτει θέρμανση ατομική - φυσικό αέριο, θέα σε πάρκο, κουφώματα ενεργειακά, πατώματα από μάρμαρο και πλακάκι, πόρτα ασφαλείας, εντοιχιζόμενες ντουλάπες, ανελκυστήρα, τέντες, σίτες, διπλά τζάμια, ανοιχτωσιά      - Τιμή: 790 €  <br>Υπάρχουν σπίτια που απλώς καλύπτουν τις ανάγκες σας και σπίτια που κάνουν την καθημερινότητά σας πιο όμορφη. Αυτό είναι ένα από αυτά.<br><br>Στο Γαλάτσι, διατίθεται προς ενοικίαση πλήρως ανακαινισμένο οροφοδιαμέρισμα 95 τ.μ., σε 1ο όροφο με ύψος αντίστοιχο 2ου, ιδανικό για οικογένεια ή επαγγελματίες που αναζητούν άνεση, λειτουργικότητα και φυσικό φως.<br><br>Το διαμέρισμα είναι γωνιακό, διαμπερές και προσόψεως, με εξαιρετική φωτεινότητα καθ' όλη τη διάρκεια της ημέρας.<br><br>Διαθέτει 3 άνετα υπνοδωμάτια με εντοιχισμένες ντουλάπες, ευρύχωρη σαλονοκουζίνα που αποτελεί την «καρδιά» του σπιτιού, μοντέρνο μπάνιο και επιπλέον WC.<br><br>Τα περιμετρικά μπαλκόνια προσφέρουν αίσθηση ελευθερίας και άνεσης, ενώ τα ενεργειακά κουφώματα με διπλά τζάμια, οι σίτες και οι τέντες εξασφαλίζουν ιδανικές συνθήκες διαβίωσης όλο τον χρόνο.<br><br><strong data-start=""\""1027\"""" data-end=""\""1055\"""">Χαρακτηριστικά:<br></strong>- 95 τ.μ.<br>- Τρία υπνοδωμάτια<br>- Σαλονοκουζίνα<br>- Μπάνιο & WC<br>- Γωνιακό, διαμπερές και προσόψεως<br>- Περιμετρικά μπαλκόνια<br>- Ενεργειακά κουφώματα με διπλά τζάμια<br>- Σίτες & τέντες<br>- Πόρτα ασφαλείας<br>- Πατάρι αποθήκευσης<br>- Ατομικός λέβητας φυσικού αερίου<br>- Χαμηλά κοινόχρηστα<br>- Ασανσέρ<br>- Κοντά σε στάση αστικών λεωφορείων<br>Ένα φωτεινό και προσεγμένο διαμέρισμα που συνδυάζει άνεση, ποιότητα και εξαιρετική λειτουργικότητα σε μια ήσυχη γειτονιά του Γαλατσίου.<br><br><strong data-start=""\""1533\"""" data-end=""\""1558\"""">Τιμή ενοικίασης: 790€<br><br></strong>Bright Living | Δεν σας παρουσιάζουμε απλώς ένα ακίνητο. Σας παρουσιάζουμε τον χώρο όπου θα δημιουργήσετε την επόμενη καθημερινότητά σας.<br><br>www.brightliving.gr<br>info@brightliving.gr<br><strong>Ώρες Λειτουργίας:<br></strong>Δευτέρα: 10:00 - 18:00<br>Τρίτη: 10:00 - 18:00<br>Τετάρτη: 10:00 - 18:00<br>Πέμπτη: 10:00 - 18:00<br>Παρασκευή: 10:00 - 18:00<br>Σάββατο: ΚΛΕΙΣΤΑ<br>Κυριακή: ΚΛΕΙΣΤΑ <br>",,,,"1","6","1","0","2026-06-26","6","7","1","no","no","0","Αθήνα - Κέντρο (Αττική)","Πατήσια (Αθήνα - Κέντρο)","1","105103","100","2036","6120","Double","4","2","0","0","1","1220243604","https://m2.spitogatos.gr/361455739_1600x1200.jpg?v=20130730","https://m1.spitogatos.gr/361455747_1600x1200.jpg?v=20130730","https://m1.spitogatos.gr/361455750_1600x1200.jpg?v=20130730","https://m3.spitogatos.gr/361455764_1600x1200.jpg?v=20130730","https://m2.spitogatos.gr/361455772_1600x1200.jpg?v=20130730","https://m1.spitogatos.gr/361455780_1600x1200.jpg?v=20130730","https://m1.spitogatos.gr/361455786_1600x1200.jpg?v=20130730","https://m3.spitogatos.gr/361455791_1600x1200.jpg?v=20130730","https://m3.spitogatos.gr/361455794_1600x1200.jpg?v=20130730","https://m1.spitogatos.gr/361455798_1600x1200.jpg?v=20130730","https://m3.spitogatos.gr/361455806_1600x1200.jpg?v=20130730","https://m3.spitogatos.gr/361455812_1600x1200.jpg?v=20130730","https://m1.spitogatos.gr/361455816_1600x1200.jpg?v=20130730","https://m3.spitogatos.gr/361455821_1600x1200.jpg?v=20130730","https://m2.spitogatos.gr/361455829_1600x1200.jpg?v=20130730","https://m2.spitogatos.gr/361455838_1600x1200.jpg?v=20130730","https://m1.spitogatos.gr/361455852_1600x1200.jpg?v=20130730","https://m2.spitogatos.gr/361455862_1600x1200.jpg?v=20130730","https://m3.spitogatos.gr/361455869_1600x1200.jpg?v=20130730","https://m2.spitogatos.gr/361455874_1600x1200.jpg?v=20130730","https://m2.spitogatos.gr/361455877_1600x1200.jpg?v=20130730","https://m3.spitogatos.gr/361455896_1600x1200.jpg?v=20130730","https://m2.spitogatos.gr/361455907_1600x1200.jpg?v=20130730","https://m3.spitogatos.gr/361455908_1600x1200.jpg?v=20130730","https://m1.spitogatos.gr/361455909_1600x1200.jpg?v=20130730","0","0",,"1","38.015881",,,"1","23.739389",,"0",,,"2026-07-28","0","0",,"0","1","1",,,"1","0","1",,"0","0","0","790",,,"0","0","0","0","8.32",,,"1","3","6",,"1","1","2026","0","2","3","0","1",,"0","95","0",,,"0","1","0","2026-06-26","https://www.spitogatos.gr/en/property/1220243604",,"1","1","1982","WmW6qHbr00A","residential"
"1","4","no","vip","15",,,,,"1","0","0","0","2026-10-01","0","1","0","0","1","0",,"house",,,"0","Κωδικός ακινήτου: R-506 - Παλαιό Φάληρο Φλοίσβος  ΕΝΟΙΚΙΑΖΕΤΑΙ   ανακαινισμένη  μεζονέτα  στον 4 ο όροφο συνολικής επιφάνειας 168.00 τ.μ.  . Αποτελείται από 3 υπνοδωμάτια, σαλόνι, κουζίνα, 2 μπάνια και WC. Είναι κατασκευασμένη το 1975 με ενεργειακή κλάση Δ και ανακαινίστηκε το 2026. Διαθέτει θέρμανση αυτόνομη - φυσικού αερίου, απεριόριστη θέα, κουφώματα αλουμινίου, ξύλινα πατώματα, πόρτα ασφαλείας,  ανελκυστήρα, αποθήκη , A/C, ηλεκτρικές συσκευές, τέντες, διπλά τζάμια, ανοιχτωσιά, εσωτερική σκάλα      - Τιμή: 1.700 €  <br>Υπάρχουν σπίτια που απλώς καλύπτουν τις ανάγκες της καθημερινότητας και υπάρχουν σπίτια που σε κάνουν να ανυπομονείς να επιστρέψεις<br><br>Αυτή η μοναδική, πλήρως ανακαινισμένη μεζονέτα 168 τ.μ., σε μία από τις πιο προνομιακές τοποθεσίες του Φλοίσβου, λίγα βήματα από το πάρκο και τη θάλασσα, συνδυάζει άνεση, κομψότητα και ανεμπόδιστη θέα που δύσκολα συναντά κανείς.<br><br>Αναπτύσσεται στον 4ο και 5ο όροφο και είναι διαμπερής, με απεριόριστη θέα και από τις δύο όψεις του ακινήτου.<br><br>Τα περιμετρικά μπαλκόνια λούζουν το σπίτι με φυσικό φως, ενώ η εντυπωσιακή βεράντα των 70 τ.μ. αποτελεί το ιδανικό σημείο για στιγμές χαλάρωσης, οικογενειακά γεύματα ή βραδιές με φίλους.<br><br>Στο πρώτο επίπεδο βρίσκεται το ευρύχωρο σαλόνι με τραπεζαρία, η πλήρως εξοπλισμένη κουζίνα σε εσοχή με ηλεκτρικές συσκευές, βοηθητικός αποθηκευτικός χώρος δίπλα στην κουζίνα και ένα πρακτικό WC επισκεπτών.<br><br>Μέσω της εσωτερικής ξύλινης σκάλας οδηγούμαστε στον επάνω όροφο, όπου συναντάμε τρία άνετα υπνοδωμάτια και δύο πλήρη μπάνια, προσφέροντας ιδανική διαρρύθμιση για οικογένειες ή όσους αναζητούν έναν ποιοτικό και λειτουργικό χώρο διαβίωσης.<br><br><strong>Το ακίνητο είναι πλήρως ανακαινισμένο και διαθέτει:</strong><br>- Αυτόνομη θέρμανση φυσικού αερίου<br>- Κουφώματα αλουμινίου<br>- Κλιματιστικά (A/C)<br>- Τέντες<br>- Περιμετρικά μπαλκόνια<br>- Βοηθητικό αποθηκευτικό χώρο<br>- Πλήρως εξοπλισμένη κουζίνα με ηλεκτρικές συσκευές<br>Η εξαιρετική του θέση, κοντά στο Πάρκο Φλοίσβου, τη Μαρίνα, την παραλία, την αγορά και τις συγκοινωνίες, το καθιστά ιδανική επιλογή για όσους επιθυμούν να απολαμβάνουν την ποιότητα ζωής που προσφέρει η Αθηναϊκή Ριβιέρα, χωρίς να στερούνται τις ανέσεις της πόλης.<br><br><strong>Τιμή ενοικίασης: 1.700€<br><br>Διαθέσιμο από 1/10/2026</strong>Επικοινωνήστε με την Bright Living για περισσότερες πληροφορίες ή για να προγραμματίσουμε την επίσκεψή σας.<br><br> www.brightliving.gr<br>info@brightliving.gr<br><strong>Ώρες Λειτουργίας:<br></strong>Δευτέρα: 10:00 - 18:00<br>Τρίτη: 10:00 - 18:00<br>Τετάρτη: 10:00 - 18:00<br>Πέμπτη: 10:00 - 18:00<br>Παρασκευή: 10:00 - 18:00<br>Σάββατο: ΚΛΕΙΣΤΑ<br>Κυριακή: ΚΛΕΙΣΤΑ <br>",,,,"1","6","1","0","2026-07-22","9","2","0","no","no","0","Αθήνα - Νότια Προάστια (Αττική)","Παλαιό Φάληρο (Αθήνα - Νότια Προάστια)","1","105103","102","2217","329490","Double","1","2","0","0","1","1220450211","https://m2.spitogatos.gr/362788123_1600x1200.jpg?v=20130730","https://m1.spitogatos.gr/362788140_1600x1200.jpg?v=20130730","https://m3.spitogatos.gr/362788154_1600x1200.jpg?v=20130730","https://m3.spitogatos.gr/362788163_1600x1200.jpg?v=20130730","https://m2.spitogatos.gr/362788183_1600x1200.jpg?v=20130730","https://m1.spitogatos.gr/362788194_1600x1200.jpg?v=20130730","https://m1.spitogatos.gr/362788209_1600x1200.jpg?v=20130730","https://m3.spitogatos.gr/362788223_1600x1200.jpg?v=20130730","https://m2.spitogatos.gr/362788234_1600x1200.jpg?v=20130730","https://m2.spitogatos.gr/362788252_1600x1200.jpg?v=20130730","https://m2.spitogatos.gr/362788273_1600x1200.jpg?v=20130730","https://m3.spitogatos.gr/362788292_1600x1200.jpg?v=20130730","https://m2.spitogatos.gr/362788309_1600x1200.jpg?v=20130730","https://m1.spitogatos.gr/362788332_1600x1200.jpg?v=20130730","https://m1.spitogatos.gr/362788350_1600x1200.jpg?v=20130730","https://m2.spitogatos.gr/362788366_1600x1200.jpg?v=20130730","https://m2.spitogatos.gr/362788384_1600x1200.jpg?v=20130730","https://m2.spitogatos.gr/362788402_1600x1200.jpg?v=20130730","https://m3.spitogatos.gr/362788418_1600x1200.jpg?v=20130730","https://m1.spitogatos.gr/362788425_1600x1200.jpg?v=20130730","https://m2.spitogatos.gr/362788429_1600x1200.jpg?v=20130730","https://m2.spitogatos.gr/362788435_1600x1200.jpg?v=20130730","https://m2.spitogatos.gr/362788453_1600x1200.jpg?v=20130730","https://m3.spitogatos.gr/362788472_1600x1200.jpg?v=20130730","https://m3.spitogatos.gr/362788493_1600x1200.jpg?v=20130730","1","0","2","1","37.928703",,,"1","23.693804",,"1",,,"2026-07-28","0","0",,"0","1","2",,,"1","0","0",,"0","0","0","1700",,,"0","0","0","0","10.12",,,"1","3","6",,"1","1","2026","0","2","3","0","1",,"0","168","1",,,"0","3","0","2026-07-22","https://www.spitogatos.gr/en/property/1220450211",,"1","1","1975",,"residential"
"1","4","no","vip","15",,,,,"1","0","0","0","2026-07-15","0","1","0","0","1","0",,"house",,"35","0","Κωδικός ακινήτου: R-489 - Νέος Κόσμος Άγιος Ιωάννης  ΕΝΟΙΚΙΑΖΕΤΑΙ     διαμέρισμα  στον 4 ο όροφο συνολικής επιφάνειας 97.00 τ.μ.  . Αποτελείται από 3 υπνοδωμάτια,  σαλοκουζίνα, 2 μπάνια . Είναι κατασκευασμένο το 1972 με ενεργειακή κλάση Ζ  και διαθέτει  θέα σε αστικό τοπίο, κουφώματα αλουμινίου, πατώματα από πλακάκι και ξύλο, πόρτα ασφαλείας, εντοιχιζόμενες ντουλάπες, ανελκυστήρα, A/C, τέντες, διπλά τζάμια, ηλιακό θερμοσίφωνα, σκαλιά εισόδου, θυροτηλεόραση     απόσταση από μετρό 1000 μέτρα - Τιμή: 850 €  <br>Ένα άνετο και φωτεινό σπίτι στον Νέο Κόσμο, με χώρους που μπορούν πραγματικά να ακολουθήσουν την καθημερινότητα μιας οικογένειας.<br><br>Διατίθεται προς ενοικίαση διαμέρισμα 97 τ.μ., στον 4ο όροφο, με λειτουργική και ιδιαίτερα άνετη διαρρύθμιση.<br><br>Αποτελείται από τρία ευρύχωρα υπνοδωμάτια με εντοιχισμένες ντουλάπες, φωτεινή σαλονοκουζίνα που γίνεται το κέντρο του σπιτιού και δύο μπάνια, προσφέροντας άνεση στην καθημερινότητα.<br><br>Η θέα και το φυσικό φως δημιουργούν μια ευχάριστη αίσθηση ελευθερίας στους χώρους.<br><br>Το διαμέρισμα διαθέτει κουφώματα αλουμινίου με διπλά τζάμια, πόρτα ασφαλείας, κλιματισμό, τέντες, ηλιακό θερμοσίφωνα και θυροτηλεόραση.<br><br>Επιπλέον, διαθέτει πατάρι για έξτρα αποθηκευτικό χώρο και εξυπηρετείται από ανελκυστήρα, με σκαλιά στην είσοδο του κτιρίου.<br><br>Ένα σπίτι με χώρους, φως και άνεση, έτοιμο να φιλοξενήσει τις επόμενες στιγμές της καθημερινότητάς σας στον Νέο Κόσμο.<br><br><strong>Τιμή ενοικίασης: 850€</strong><br><br>Bright Living – Where Dreams Find Home<br><br>www.brightliving.gr<br>info@brightliving.gr<br>2130885441 - 6947590999<br><br>Χαροκόπου 115-117, Καλλιθέα Αθήνα<br>ΤΚ: 17676<strong>Ώρες Λειτουργίας:<br></strong>Δευτέρα: 10:00 - 18:00<br>Τρίτη: 10:00 - 18:00<br>Τετάρτη: 10:00 - 18:00<br>Πέμπτη: 10:00 - 18:00<br>Παρασκευή: 10:00 - 18:00<br>Σάββατο: ΚΛΕΙΣΤΑ<br>Κυριακή: ΚΛΕΙΣΤΑ <br>",,,,"1","8","1","0","2026-07-15","9","10","0","no","no","0","Αθήνα - Κέντρο (Αττική)","Νέος Κόσμος (Αθήνα - Κέντρο)","1","105103","100","2033","5144","Double","3",,"0","0","1","1220392539","https://m3.spitogatos.gr/361942748_1600x1200.jpg?v=20130730","https://m3.spitogatos.gr/361942751_1600x1200.jpg?v=20130730","https://m1.spitogatos.gr/361942755_1600x1200.jpg?v=20130730","https://m2.spitogatos.gr/361942759_1600x1200.jpg?v=20130730","https://m1.spitogatos.gr/361942764_1600x1200.jpg?v=20130730","https://m1.spitogatos.gr/361942770_1600x1200.jpg?v=20130730","https://m3.spitogatos.gr/361942775_1600x1200.jpg?v=20130730","https://m3.spitogatos.gr/361942778_1600x1200.jpg?v=20130730","https://m1.spitogatos.gr/361942779_1600x1200.jpg?v=20130730","https://m3.spitogatos.gr/361942781_1600x1200.jpg?v=20130730","https://m1.spitogatos.gr/361942806_1600x1200.jpg?v=20130730","https://m2.spitogatos.gr/361942807_1600x1200.jpg?v=20130730","https://m1.spitogatos.gr/361942809_1600x1200.jpg?v=20130730","https://m3.spitogatos.gr/361942811_1600x1200.jpg?v=20130730","https://m3.spitogatos.gr/361942814_1600x1200.jpg?v=20130730","https://m3.spitogatos.gr/361942817_1600x1200.jpg?v=20130730","https://m1.spitogatos.gr/361942824_1600x1200.jpg?v=20130730","https://m1.spitogatos.gr/361942833_1600x1200.jpg?v=20130730","https://m2.spitogatos.gr/361942840_1600x1200.jpg?v=20130730","https://m1.spitogatos.gr/361942848_1600x1200.jpg?v=20130730","https://m3.spitogatos.gr/361942856_1600x1200.jpg?v=20130730","https://m3.spitogatos.gr/361942865_1600x1200.jpg?v=20130730","https://m3.spitogatos.gr/361942874_1600x1200.jpg?v=20130730","https://m1.spitogatos.gr/361942878_1600x1200.jpg?v=20130730","https://m2.spitogatos.gr/361942882_1600x1200.jpg?v=20130730","0","0","2","1","37.95108",,,"1","23.724579",,"0",,,"2026-07-28","0","0",,"0","0","2","4",,"1","1","0",,"0","0","0","850",,,"0","0","0","0","8.76",,,"1","3","6",,"1","0",,"0","2","3","0","1",,"1","97","0",,,"0","1","0","2026-07-15","https://www.spitogatos.gr/en/property/1220392539",,"1","0","1972",,"residential"
"1","Ground Floor",,"vip","15",,,,,"1",,,"0","2026-07-27","0",,"1","10","1",,,"house",,"10",,"Τρεις Γέφυρες – Νιρβάνα Παύλου. Διατίθεται προς ενοικίαση ανακαινισμένη ισόγεια γκαρσονιέρα 34 τ.μ., φωτεινή, καθαρή και ιδιαίτερα ήσυχη, ιδανική για φοιτητή, νέο εργαζόμενο ή ένα άτομο.<br />
<br />
Το διαμέρισμα διαθέτει λειτουργική διαρρύθμιση και πολύ καλούς αποθηκευτικούς χώρους, με μεγάλες εντοιχισμένες ντουλάπες. Η κουζίνα διαθέτει νέα ντουλάπια, ανοξείδωτο νεροχύτη, φωτισμό πάγκου και προβλεπόμενη θέση για ηλεκτρική κουζίνα.<br />
<br />
Το μπάνιο είναι ανακαινισμένο και διαθέτει ντους, WC, νιπτήρα και παράθυρο για φυσικό αερισμό.<br />
<br />
Στον εξοπλισμό του ακινήτου περιλαμβάνονται πόρτα ασφαλείας, κλιματισμός, κεντρική θέρμανση, διπλά τζάμια, ηλιακός και ηλεκτρικός θερμοσίφωνας, καθώς και έτοιμη εγκατάσταση για πλυντήριο ρούχων στο μπαλκόνι.<br />
<br />
Ιδιαίτερο πλεονέκτημα αποτελεί η μπαλκονόπορτα αλουμινίου με πρόσβαση στον εξωτερικό χώρο και στον κοινόχρηστο κήπο. Η κατοικία βρίσκεται προς τον ακάλυπτο χώρο της πολυκατοικίας και όχι απευθείας επάνω στον δρόμο, προσφέροντας μεγαλύτερη ησυχία και ιδιωτικότητα.<br />
<br />
🐾 Δεκτά κατοικίδια, γεγονός που σε συνδυασμό με την πρόσβαση στον κήπο κάνει το ακίνητο ιδιαίτερα πρακτικό για ιδιοκτήτες κατοικίδιων.<br />
<br />
Η τοποθεσία προσφέρει εύκολη πρόσβαση σε καταστήματα, super market και υπηρεσίες καθημερινής εξυπηρέτησης. Ο ΗΣΑΠ Κάτω Πατήσια απέχει περίπου 8 λεπτά με τα πόδια, προσφέροντας γρήγορη σύνδεση με το κέντρο της Αθήνας.<br />
<br />
Παράλληλα, υπάρχει πολύ εύκολη πρόσβαση στη Λεωφόρο Κηφισού και στην Εθνική Οδό Αθηνών–Λαμίας, διευκολύνοντας τις μετακινήσεις προς τα βόρεια και δυτικά προάστια καθώς και εκτός Αθηνών.<br />
<br />
Κωδικός Ακινήτου: 150-1020<br />
Urban Keys Real Estate Athens Greece",,,,"1","4","0",,"2026-07-27","3","4","1","no",,"1","Αθήνα - Κέντρο (Αττική)","Λεωφόρος Πατησίων - Λεωφόρος Αχαρνών (Αθήνα - Κέντρο)","1","105103","100","2025","6126","Double","2",,,,"1","1220496635","https://m3.spitogatos.gr/363388019_1600x1200.jpg?v=20130730","https://m3.spitogatos.gr/363384734_1600x1200.jpg?v=20130730","https://m2.spitogatos.gr/363384736_1600x1200.jpg?v=20130730","https://m1.spitogatos.gr/363384744_1600x1200.jpg?v=20130730","https://m1.spitogatos.gr/363384768_1600x1200.jpg?v=20130730","https://m1.spitogatos.gr/363384747_1600x1200.jpg?v=20130730","https://m2.spitogatos.gr/363384760_1600x1200.jpg?v=20130730","https://m3.spitogatos.gr/363384749_1600x1200.jpg?v=20130730","https://m3.spitogatos.gr/363384752_1600x1200.jpg?v=20130730","https://m3.spitogatos.gr/363384767_1600x1200.jpg?v=20130730","https://m3.spitogatos.gr/363384758_1600x1200.jpg?v=20130730","https://m2.spitogatos.gr/363384763_1600x1200.jpg?v=20130730","https://m1.spitogatos.gr/363384765_1600x1200.jpg?v=20130730","https://m3.spitogatos.gr/363384755_1600x1200.jpg?v=20130730","https://m3.spitogatos.gr/363384770_1600x1200.jpg?v=20130730","https://m2.spitogatos.gr/363384739_1600x1200.jpg?v=20130730","https://m1.spitogatos.gr/363384738_1600x1200.jpg?v=20130730","https://m2.spitogatos.gr/363384742_1600x1200.jpg?v=20130730",,,,,,,,,,"2","1","38.014954",,"1","0","23.721027",,,,"1","2026-07-28","1",,,,"1","1","5","11","1",,"1",,,,,"400",,,"0","0","0","0","11.76",,,"1",,,,"1","1","2025",,"2","1",,"1",,,"34",,,"Νιρβάνα Παύλου 77, Αθήνα 11145","1","2",,"2026-07-27","https://www.spitogatos.gr/en/property/1220496635",,,,"1980",,"residential"
"1","Lower Ground","no","vip","15",,,,,"0","0","0","0","2026-07-28","0","1","0","0","1","0",,"house","0",,"0","Διαμέρισμα Προς Ενοικίαση, όροφος: Ημιυπόγειο, στην περιοχή: Δάφνη. Το εμβαδόν του ακινήτου είναι 47 τ.μ.. Αποτελείται από: 1 Υ/Δ, 1 μπάνιο/α. Έχει κατασκευαστεί το 2025. Η θέρμανση του ακινήτου είναι Αυτόνομη με Πετρέλαιο, ενώ επίσης διατίθεται Κλιματισμός, Ηλιακός, έχει κουφώματα Αλουμινίου με Διπλά τζάμια, ενεργειακό πιστοποιητικό: Α και τα δάπεδα είναι: Πλακάκια. Η κατάστασή του είναι: Πολύ καλή, βρίσκεται κοντά σε Μετρό, Συγκοινωνίες, έχει θέα Ανεμπόδιστη. Το ακίνητο είναι Βαμμένο, Προσόψεως, Φωτεινό και επίσης διαθέτει τα παρακάτω χαρακτηριστικά και πλεονεκτήματα: Τέντες, Πόρτα Ασφαλείας, Βεράντα. 5 ' από το Μετρό Δάφνης. Τιμή: €600. Art Real Estate, Τηλέφωνο Επικοινωνίας: 6988577744, email: info@artrealestate.gr, website: https://www.artrealestate.gr/",,,"0","0","2","1","0","2026-07-28","2","4","0","no","no","0","Αθήνα - Νότια Προάστια (Αττική)","Δάφνη (Αθήνα - Νότια Προάστια)","1","105103","102","2209",,"Double","1","1","0","0","1","1220505048","https://m1.spitogatos.gr/363518493_1600x1200.jpg?v=20130730","https://m2.spitogatos.gr/363518500_1600x1200.jpg?v=20130730","https://m1.spitogatos.gr/363518505_1600x1200.jpg?v=20130730","https://m1.spitogatos.gr/363518511_1600x1200.jpg?v=20130730","https://m3.spitogatos.gr/363518519_1600x1200.jpg?v=20130730","https://m2.spitogatos.gr/363518524_1600x1200.jpg?v=20130730","https://m1.spitogatos.gr/363518529_1600x1200.jpg?v=20130730","https://m1.spitogatos.gr/363518535_1600x1200.jpg?v=20130730","https://m2.spitogatos.gr/363518539_1600x1200.jpg?v=20130730","https://m2.spitogatos.gr/363518545_1600x1200.jpg?v=20130730","https://m3.spitogatos.gr/363518549_1600x1200.jpg?v=20130730","https://m3.spitogatos.gr/363518555_1600x1200.jpg?v=20130730",,,,,,,,,,,,,,"0","0","2","0","37.946323",,"1","0","23.729605",,"0","0","0","2026-07-28","0","0","1","0","0","1",,,"1","0","0",,"0","0","0","600",,,"0","0","0","0","12.77",,,"1","3","6",,"1","0",,"0","1","1","0","1",,"1","47","0",,,"0","1","0","2026-07-28","https://www.spitogatos.gr/en/property/1220505048",,"1","0","2025",,"residential"
"1","1","no","vip","15",,,,,"1","1","0","0","2026-07-29","0","1","1","0","1","0",,"house","0",,"0","Η αναγραφόμενη τιμή αφορά μίσθωση 12 μηνών με προπληρωμή, εξαιρουμένων λογαριασμών και κοινοχρήστων.<br />
Κλείστε αυτό το διαμέρισμα τώρα:<br />
https://www.movingdoors.com/listing/furnished-apartments-athens-greece/athens-ath26037<br />
<br />
Καλώς ήρθατε στη Moving Doors! Σ' ένα πλήρως επιπλωμένο, ιδανικό διαμέρισμα 3 υπνοδωματίων στα Βριλήσσια, όπου η πολυτέλεια συναντά την άνεση. Στη Moving Doors προσφέρουμε πλήρως εξοπλισμένα διαμερίσματα με μοντέρνο σχεδιασμό, που συνδυάζουν την κομψότητα με τη ζεστή ατμόσφαιρα του σπιτιού. Είτε επισκέπτεστε την Αθήνα για δουλειά, διασκέδαση ή οικογενειακές διακοπές, αυτό το πλήρως επιπλωμένο διαμέρισμα δεν είναι απλώς ένας χώρος διαμονής – είναι το δεύτερο σπίτι σας.<br />
<br />
Τί το κάνει ξεχωριστό:<br />
✔ Ευρύχωρο, πλήρως επιπλωμένο διαμέρισμα 3 υπνοδωματίων στα Βριλήσσια, ιδανικό για οικογένειες, παρέες ή επαγγελματίες<br />
✔ Απολαύστε premium ήχο με το ηχοσύστημα Marshall ή απολαύστε τον καφέ σας με τη μηχανή Nespresso<br />
✔ Γρήγορο internet<br />
✔ Ιδανική τοποθεσία, μόλις λίγα λεπτά από τα καλύτερα αξιοθέατα, καφέ και σημεία ενδιαφέροντος<br />
✔ Καθ’ όλη τη διάρκεια της διαμονής σας, μπορείτε να επικοινωνείτε εύκολα με την ομάδα υποστήριξης πελατών<br />
✔ Επαγγελματικές υπηρεσίες καθαριότητας και concierge, στη διάθεσή σας για κάθε σας ανάγκη<br />
<br />
Είτε σχεδιάζετε μια σύντομη είτε μια παρατεταμένη διαμονή, η Moving Doors σας προσφέρει πολυτελή διαμερίσματα στην Αθήνα, που συνδυάζουν στυλ, λειτουργικότητα και άνεση. Με προσοχή στη λεπτομέρεια, σας προσφέρουμε όλα όσα χρειάζεστε για μια ευχάριστη και ξέγνοιαστη διαμονή.",,,"0","1","6","1","1","2026-06-17","6","10","0","yes","yes","1","Αθήνα - Βόρεια Προάστια (Αττική)","Βριλήσσια (Αθήνα - Βόρεια Προάστια)","1","105103","101","2103","6500","Double","1","1","0","1","1","1220143843","https://m1.spitogatos.gr/360949089_1600x1200.jpg?v=20130730","https://m2.spitogatos.gr/360949087_1600x1200.jpg?v=20130730","https://m2.spitogatos.gr/360949090_1600x1200.jpg?v=20130730","https://m3.spitogatos.gr/360949091_1600x1200.jpg?v=20130730","https://m2.spitogatos.gr/360949093_1600x1200.jpg?v=20130730","https://m1.spitogatos.gr/360949095_1600x1200.jpg?v=20130730","https://m1.spitogatos.gr/360949098_1600x1200.jpg?v=20130730","https://m2.spitogatos.gr/360949099_1600x1200.jpg?v=20130730","https://m1.spitogatos.gr/360949101_1600x1200.jpg?v=20130730","https://m2.spitogatos.gr/360949105_1600x1200.jpg?v=20130730","https://m1.spitogatos.gr/360949107_1600x1200.jpg?v=20130730","https://m2.spitogatos.gr/360949108_1600x1200.jpg?v=20130730","https://m3.spitogatos.gr/360949112_1600x1200.jpg?v=20130730","https://m3.spitogatos.gr/360949115_1600x1200.jpg?v=20130730","https://m2.spitogatos.gr/360949117_1600x1200.jpg?v=20130730","https://m2.spitogatos.gr/360949120_1600x1200.jpg?v=20130730","https://m1.spitogatos.gr/360949122_1600x1200.jpg?v=20130730","https://m3.spitogatos.gr/360949124_1600x1200.jpg?v=20130730","https://m2.spitogatos.gr/360949126_1600x1200.jpg?v=20130730","https://m1.spitogatos.gr/360949128_1600x1200.jpg?v=20130730","https://m1.spitogatos.gr/360949131_1600x1200.jpg?v=20130730","https://m3.spitogatos.gr/360949133_1600x1200.jpg?v=20130730",,,,"0","0","2","1","38.048241",,"1","1","23.84577",,"1","0","0","2026-07-28","0","0",,"0","0","2","6","7","1",,"1",,"0","0","0","1300","2026-07-28 12:36:29","20","0","0","0","0","9.7","1630","true","1","3",,,"1","1","2011","0","1","3","0","1",,"1","134","1",,"Φεραίου Ρήγα 3, Βριλήσσια 15235","1","1","0","2026-06-17","https://www.spitogatos.gr/en/property/1220143843","https://tour.giraffe360.com/c5cf48a9219f4f8ea6995f7e4bffec76/?lsf=1","1","0","2004",,"residential"
"1","Ground Floor",,"vip","15",,,,,"1","1","0","0","2026-07-09","0","0","1","0","1",,,"house",,"0","0","ΚΗΦΙΣΙΑ, Αδάμες (Οικισμός Γράμμος - Φοίνικας) - Διαμέρισμα 130τμ σε οικόπεδο 405τμ, μη επιπλωμένο, 3 υ/δ, 1 master, 2 επίπεδα: υπερυψωμένο ισόγειο-1ος, πλήρως ανακαινισμένο, κατασκευή 2006, ανακαίνιση 2026, ενεργειακή κλάση Γ, σαλόνι, κουζίνα, 2 μπάνια, wc, αυτόνομη θέρμανση (αντλία θερμότητας), κλιματισμός, 2 ανοιχτές θέσεις parking, ήσυχο, διαμπερές, φωτεινό, θέα απεριόριστη, πρόσοψης, βαμμένο, αποθήκη 60τμ, ηλιακός, τζάκι, βεράντες, μεγάλες βεράντες, πατάρι, κήπος, εντοιχισμένες συσκευές, κουφώματα αλουμινίου, διπλά τζάμια, σίτες, τύπος δαπέδων πλακάκι, χωρίς κοινόχρηστα, τριφασικό ρεύμα, νυχτερινό ρεύμα, πόρτα ασφαλείας, συναγερμός, κάμερες ασφαλείας, θυροτηλεόραση, πολυτελές, ενδοδαπέδια θέρμανση, smart home, εντός σχεδίου, οικιστική ζώνη, πρόσβαση: άσφαλτο, πλησίον εθνική οδό (έως 200μ), πλησίον πάρκο (έως 200μ), πλησίον αγορά (έως 500μ).<br />
Πολυτελές διαμέρισμα 130 τμ προς ενοικίαση στην περιοχή Αδάμες Οικισμός Γράμμος Φοίνικας Κηφισιά. Δύο επίπεδα, υπερυψωμένο ισόγειο και πρώτος όροφος, κατασκευή 2006 και πλήρως ανακαινισμένο το 2026.<br />
<br />
Διαθέτει 3 υπνοδωμάτια εκ των οποίων 1 master, σαλόνι-κουζίνα, 2 μπάνια και επιπλέον wc. Επιπλέον, υπάρχουν μεγάλες βεράντες, κήπος και αποθήκη 60 τμ, καθώς και δύο ανοιχτές θέσεις parking.<br />
<br />
Εξοπλισμένο με αυτόνομη θέρμανση μέσω αντλίας θερμότητας, ενδοδαπέδια θέρμανση, κλιματισμό σε όλους τους χώρους, τζάκι και ηλιακό θερμοσίφωνα. Υπάρχουν εντοιχισμένες συσκευές, κουφώματα αλουμινίου με διπλά τζάμια και σίτες.<br />
<br />
Ασφαλεία και τεχνολογία συνδυάζονται με πόρτα ασφαλείας, συναγερμός, κάμερες και θυροτηλεόραση. Ήσυχο, διαμπερές και πολύ φωτεινό με απεριόριστη θέα . Άμεση πρόσβαση στην εθνική οδό, σε κέντρο με εμπορικά και καταστήματα εστίασης, καθώς και σε πάρκα και σχολεία.<br />
<br />
Τιμή €1.950 (κωδ. RR3850) +30 210 2201931 |<br />
<br />
Καλέστε όλο το 24ωρο  |   Ανοικτά μέχρι αργά & Σαββατοκύριακα | H θέση στο χάρτη είναι ενδεικτική  |  92% των συναντήσεων εκτελούνται το πολύ σε 24 ώρες  |  Μιλάμε 7 γλώσσες  |  Δείτε video ακινήτων στο YouTube κανάλι μας  |  Μας βρίσκετε στο Whatsapp, Viber & FaceTime  |  Δείτε τα ακίνητά μας και σε 360tour στο www.GreeKorner.gr",,"0",,"0","5","1","1","2026-07-09","3","4","0","no","yes","1","Αθήνα - Βόρεια Προάστια (Αττική)","Κηφισιά (Αθήνα - Βόρεια Προάστια)","1","105103","101","2108","106330","Double","1","13","1","0","1","1220340185","https://m2.spitogatos.gr/361046908_1600x1200.jpg?v=20130730","https://m1.spitogatos.gr/361046913_1600x1200.jpg?v=20130730","https://m3.spitogatos.gr/361046918_1600x1200.jpg?v=20130730","https://m3.spitogatos.gr/361043327_1600x1200.jpg?v=20130730","https://m2.spitogatos.gr/361043335_1600x1200.jpg?v=20130730","https://m2.spitogatos.gr/361043344_1600x1200.jpg?v=20130730","https://m3.spitogatos.gr/361043351_1600x1200.jpg?v=20130730","https://m1.spitogatos.gr/361043358_1600x1200.jpg?v=20130730","https://m1.spitogatos.gr/361043364_1600x1200.jpg?v=20130730","https://m3.spitogatos.gr/361043369_1600x1200.jpg?v=20130730","https://m1.spitogatos.gr/361043376_1600x1200.jpg?v=20130730","https://m1.spitogatos.gr/361043379_1600x1200.jpg?v=20130730","https://m2.spitogatos.gr/361043386_1600x1200.jpg?v=20130730","https://m1.spitogatos.gr/361043391_1600x1200.jpg?v=20130730","https://m2.spitogatos.gr/361043395_1600x1200.jpg?v=20130730","https://m1.spitogatos.gr/361043400_1600x1200.jpg?v=20130730","https://m3.spitogatos.gr/361043402_1600x1200.jpg?v=20130730","https://m3.spitogatos.gr/361043408_1600x1200.jpg?v=20130730","https://m3.spitogatos.gr/361043411_1600x1200.jpg?v=20130730","https://m2.spitogatos.gr/361043416_1600x1200.jpg?v=20130730","https://m3.spitogatos.gr/361043420_1600x1200.jpg?v=20130730","https://m3.spitogatos.gr/361043429_1600x1200.jpg?v=20130730","https://m1.spitogatos.gr/361043433_1600x1200.jpg?v=20130730","https://m3.spitogatos.gr/361043438_1600x1200.jpg?v=20130730","https://m2.spitogatos.gr/361043443_1600x1200.jpg?v=20130730","0","0","2","1","38.093597",,"2","1","23.788843","405","1",,,"2026-07-28","0","0",,"1","1","2",,,"1","0","1",,"0","0","0","1950",,,"0","0","0","0","15",,,"1","3","6",,"1","1","2026","0","1","3","0","1",,"1","130","1","60",,"0","1","0","2026-07-09","https://www.spitogatos.gr/en/property/1220340185",,"1",,"2006",,"residential"
"1","Upper Ground","no","vip","15",,,,,"1","0","0","0","2026-07-08","0","1","0","0","1","0",,"house",,"25","1","Κωδικός ακινήτου: 5-917 - Γαλάτσι Κρητικά  ΕΝΟΙΚΙΑΖΕΤΑΙ   ανακαινισμένο  διαμέρισμα  ημιώροφος υπερυψωμένος συνολικής επιφάνειας 86.00 τ.μ.  . Αποτελείται από 2 υπνοδωμάτια, σαλόνι, κουζίνα, μπάνιο . Είναι κατασκευασμένο το 1985 με ενεργειακή κλάση Γ  και διαθέτει θέρμανση κεντρική - πετρέλαιο, απεριόριστη θέα, κουφώματα αλουμινίου, πατώματα από πλακάκι και ξύλο, πόρτα ασφαλείας, εντοιχιζόμενες ντουλάπες, A/C, προεγκατάσταση συναγερμού, ηλεκτρικές συσκευές, τέντες, σίτες, διπλά τζάμια, δορυφορική κεραία, θυροτηλεόραση, νυχτερινό ρεύμα, ανοιχτωσιά, οπτικές ίνες      - Τιμή: 750 €  <br>δεν επιτρεπονται τα  κατοικιδια <br><br> <br>",,,,"0","5","0","0","2026-07-08","4","10","0","no","no","0","Αθήνα - Δυτικά Προάστια (Αττική)","Γαλάτσι (Αθήνα - Δυτικά Προάστια)","1","105103","103","2305","106365","Double","2","1","0","0","1","1220333837","https://m3.spitogatos.gr/360943229_1600x1200.jpg?v=20130730","https://m2.spitogatos.gr/360943231_1600x1200.jpg?v=20130730","https://m3.spitogatos.gr/360943235_1600x1200.jpg?v=20130730","https://m3.spitogatos.gr/360943238_1600x1200.jpg?v=20130730","https://m1.spitogatos.gr/360943242_1600x1200.jpg?v=20130730","https://m2.spitogatos.gr/360943243_1600x1200.jpg?v=20130730","https://m1.spitogatos.gr/360943254_1600x1200.jpg?v=20130730","https://m3.spitogatos.gr/360943265_1600x1200.jpg?v=20130730","https://m1.spitogatos.gr/360943272_1600x1200.jpg?v=20130730","https://m1.spitogatos.gr/360943278_1600x1200.jpg?v=20130730","https://m1.spitogatos.gr/360943284_1600x1200.jpg?v=20130730","https://m2.spitogatos.gr/360943291_1600x1200.jpg?v=20130730","https://m2.spitogatos.gr/360943294_1600x1200.jpg?v=20130730","https://m2.spitogatos.gr/360943297_1600x1200.jpg?v=20130730","https://m2.spitogatos.gr/360943303_1600x1200.jpg?v=20130730","https://m3.spitogatos.gr/360943307_1600x1200.jpg?v=20130730","https://m3.spitogatos.gr/360943310_1600x1200.jpg?v=20130730","https://m2.spitogatos.gr/360943312_1600x1200.jpg?v=20130730","https://m2.spitogatos.gr/360943315_1600x1200.jpg?v=20130730","https://m2.spitogatos.gr/360943321_1600x1200.jpg?v=20130730","https://m3.spitogatos.gr/360943328_1600x1200.jpg?v=20130730","https://m1.spitogatos.gr/360943338_1600x1200.jpg?v=20130730","https://m3.spitogatos.gr/360943346_1600x1200.jpg?v=20130730","https://m2.spitogatos.gr/360943354_1600x1200.jpg?v=20130730","https://m2.spitogatos.gr/360943366_1600x1200.jpg?v=20130730","0","0","2","1","38.017296",,,"1","23.747227",,"0",,,"2026-07-28","0","0",,"1","0","1","3",,"1","0","1",,"0","0","0","750",,,"0","0","0","0","8.72",,,"1","3","6",,"1","1",,"0","2","2","1","1",,"0","86","0",,"Ρεθύμνης 4, 111 46, Γαλάτσι","0","1","0","2026-07-08","https://www.spitogatos.gr/en/property/1220333837",,"1","1","1985",,"residential"
"0","4","no","vip","15",,,,,"1","0","0","0","2026-06-25","0","0","0","0","1","0","false","house",,"40","0","Κωδικός ακινήτου: 5-908 - Πετρούπολη Άνω Πετρούπολη  ΕΝΟΙΚΙΑΖΕΤΑΙ     διαμέρισμα  στον 4 ο όροφο συνολικής επιφάνειας 102.00 τ.μ.  . Αποτελείται από 3 υπνοδωμάτια, σαλόνι, κουζίνα,  . Είναι κατασκευασμένο το 2025 με ενεργειακή κλάση Α+  και διαθέτει θέρμανση ατομική - φυσικό αέριο, απεριόριστη θέα,  πατώματα από πλακάκι, πόρτα θωρακισμένη, εντοιχιζόμενες ντουλάπες, ανελκυστήρα, πάρκινγκ, αποθήκη 9 τ.μ., τζάκι, προεγκατάσταση συναγερμού, σίτες, διπλά τζάμια, δορυφορική κεραία, θυροτηλεόραση      - Τιμή: 1.350 €  <br><br><br><br>Ιδανικό για οικογένεια έως 5 άτομα,Τριετές σταθερό συμβόλαιο μίσθωσης με δυνατότητα ανανέωσης,Ετήσιο δηλωθέν εισόδημα μισθωτών από 40.000 ευρώ Μόνο σοβαρές προτάσεις απο έγγαμους με σταθερή εργασία, <br>","15000",,"0","1","1","0","1","2026-06-25","9","4","0","no","yes","0","Αθήνα - Δυτικά Προάστια (Αττική)","Πετρούπολη (Αθήνα - Δυτικά Προάστια)","1","105103","103","2315","106348","Double","4","2","0","0","1","1220213399","https://m1.spitogatos.gr/358968426_1600x1200.jpg?v=20130730","https://m2.spitogatos.gr/358968442_1600x1200.jpg?v=20130730","https://m2.spitogatos.gr/358968448_1600x1200.jpg?v=20130730","https://m2.spitogatos.gr/358968451_1600x1200.jpg?v=20130730","https://m2.spitogatos.gr/358968457_1600x1200.jpg?v=20130730","https://m1.spitogatos.gr/358968462_1600x1200.jpg?v=20130730","https://m3.spitogatos.gr/358968467_1600x1200.jpg?v=20130730","https://m1.spitogatos.gr/358968477_1600x1200.jpg?v=20130730","https://m2.spitogatos.gr/358968487_1600x1200.jpg?v=20130730","https://m3.spitogatos.gr/358968494_1600x1200.jpg?v=20130730","https://m3.spitogatos.gr/358968500_1600x1200.jpg?v=20130730","https://m1.spitogatos.gr/358968507_1600x1200.jpg?v=20130730","https://m2.spitogatos.gr/358968514_1600x1200.jpg?v=20130730","https://m1.spitogatos.gr/358968519_1600x1200.jpg?v=20130730","https://m3.spitogatos.gr/358968524_1600x1200.jpg?v=20130730","https://m3.spitogatos.gr/358968530_1600x1200.jpg?v=20130730","https://m1.spitogatos.gr/358968537_1600x1200.jpg?v=20130730","https://m3.spitogatos.gr/358968545_1600x1200.jpg?v=20130730",,,,,,,,"0","0",,"1","38.044102",,"1","1","23.677877","400","0","0","0","2026-07-28","0","0","1","0","1","1","5","3","1","0","1",,"0","0","0","1350",,,"0","0","0","0","13.24",,,"1","3","6",,"1","0",,"0","2","3","1","1",,"0","102","1","9","Υψηλάντου 110, 132 31, Πετρούπολη","0","1","0","2026-06-25","https://www.spitogatos.gr/en/property/1220213399",,"1","0","2025",,"residential"
"1","1","no","vip","15",,,,,"1","0","0","0","2026-07-10","0","1","0","0","1","0",,"house",,,"0","Κωδικός ακινήτου: R-480 - Περιστέρι Άγιος Ιερόθεος  ΕΝΟΙΚΙΑΖΕΤΑΙ     διαμέρισμα  στον 1 ο όροφο συνολικής επιφάνειας 83.00 τ.μ.  . Αποτελείται από 2 υπνοδωμάτια, σαλόνι, κουζίνα, μπάνιο . Είναι κατασκευασμένο το 1995 με ενεργειακή κλάση Ζ  και διαθέτει θέρμανση κλιματισμός, θέα σε αστικό τοπίο, κουφώματα αλουμινίου, μαρμάρινα πατώματα,  εντοιχιζόμενες ντουλάπες, τζάκι, A/C, τέντες, διπλά τζάμια, ηλιακό θερμοσίφωνα, σκαλιά εισόδου, θυροτηλεόραση, οπτικές ίνες      - Τιμή: 700 €  <br>Υπάρχουν κατοικίες που κάνουν την καθημερινότητα πιο εύκολη και πιο οικονομική.<br><br>Αυτό το διαμπερές οροφοδιαμέρισμα 83 τ.μ. στον 1ο όροφο, στον Άγιο Ιερόθεο Περιστερίου, συνδυάζει λειτουργικούς χώρους, άνεση και χαμηλό κόστος διαβίωσης, αποτελώντας μια εξαιρετική επιλογή για ζευγάρια, οικογένειες ή όσους αναζητούν ένα φωτεινό και φιλόξενο σπίτι.<br><br>Το ακίνητο διαθέτει δύο άνετα υπνοδωμάτια, ευρύχωρη σαλοκουζίνα που διαχωρίζεται λειτουργικά με πάσο και άνετο μπάνιο, προσφέροντας μια πρακτική και ευχάριστη διαρρύθμιση για την καθημερινότητα.<br><br>Είναι εξοπλισμένο με τζάκι, ηλιακό θερμοσίφωνα, κλιματιστικά, τέντες, θυροτηλεόραση και πατάρι που προσφέρει επιπλέον αποθηκευτικό χώρο.<br><br>Το κτίριο διαθέτει εγκατάσταση οπτικής ίνας, καλύπτοντας πλήρως τις σύγχρονες ανάγκες για γρήγορο internet.<br><br>Ένα από τα σημαντικότερα πλεονεκτήματα του ακινήτου είναι ότι δεν υπάρχουν κοινόχρηστα, ενώ η κατανάλωση νερού περιλαμβάνεται στην τιμή του ενοικίου, μειώνοντας αισθητά τα μηνιαία έξοδα.<br><br>Επιπλέον, τα κατοικίδια είναι ευπρόσδεκτα, ώστε κάθε μέλος της οικογένειας να νιώθει πραγματικά σαν στο σπίτι του.<br><br>Η τοποθεσία είναι ιδιαίτερα πρακτική, δίπλα σε στάση λεωφορείου, mini market και όλες τις απαραίτητες καθημερινές υπηρεσίες, προσφέροντας εύκολη πρόσβαση σε ό,τι χρειάζεστε.<br><br><strong>Τιμή μίσθωσης: 700€ (συζητήσιμη)<br><br></strong>Bright Living – Where Dreams Find HomeΓια περισσότερα επιλεγμένα ακίνητα επισκεφθείτε το www.brightliving.gr<br>info@brightliving.gr<br><strong>Ώρες Λειτουργίας:<br></strong>Δευτέρα: 10:00 - 18:00<br>Τρίτη: 10:00 - 18:00<br>Τετάρτη: 10:00 - 18:00<br>Πέμπτη: 10:00 - 18:00<br>Παρασκευή: 10:00 - 18:00<br>Σάββατο: ΚΛΕΙΣΤΑ<br>Κυριακή: ΚΛΕΙΣΤΑ <br>",,,,"0","8","1","1","2026-07-10","6","1","0","no","no","0","Αθήνα - Δυτικά Προάστια (Αττική)","Ίλιον (Αθήνα - Δυτικά Προάστια)","1","105103","103","2308","4663","Double","4","4","0","0","1","1220350182","https://m1.spitogatos.gr/361204167_1600x1200.jpg?v=20130730","https://m1.spitogatos.gr/361204170_1600x1200.jpg?v=20130730","https://m2.spitogatos.gr/361204174_1600x1200.jpg?v=20130730","https://m1.spitogatos.gr/361204176_1600x1200.jpg?v=20130730","https://m3.spitogatos.gr/361204178_1600x1200.jpg?v=20130730","https://m2.spitogatos.gr/361204192_1600x1200.jpg?v=20130730","https://m1.spitogatos.gr/361204239_1600x1200.jpg?v=20130730","https://m1.spitogatos.gr/361204242_1600x1200.jpg?v=20130730","https://m2.spitogatos.gr/361204246_1600x1200.jpg?v=20130730","https://m1.spitogatos.gr/361204251_1600x1200.jpg?v=20130730","https://m1.spitogatos.gr/361204254_1600x1200.jpg?v=20130730","https://m3.spitogatos.gr/361204256_1600x1200.jpg?v=20130730","https://m3.spitogatos.gr/361204265_1600x1200.jpg?v=20130730","https://m2.spitogatos.gr/361204270_1600x1200.jpg?v=20130730","https://m3.spitogatos.gr/361204280_1600x1200.jpg?v=20130730","https://m2.spitogatos.gr/361204285_1600x1200.jpg?v=20130730","https://m3.spitogatos.gr/361204292_1600x1200.jpg?v=20130730","https://m1.spitogatos.gr/361204296_1600x1200.jpg?v=20130730","https://m3.spitogatos.gr/361204304_1600x1200.jpg?v=20130730",,,,,,,"0","0","2","1","38.022327",,,"1","23.703981",,"0",,,"2026-07-28","1","0",,"0","0","1",,,"1","0","0","1","0","0","0","700",,,"0","0","0","0","8.43",,,"1","3","6",,"1","0",,"0","2","2","0","0",,"1","83","0",,,"0","1","0","2026-07-10","https://www.spitogatos.gr/en/property/1220350182",,"1","1","1995","1P0qofcFO8o","residential"
"1","Ground Floor",,"vip","15",,,,,"1","1","0","0","2026-07-22","0",,"1","10","1","0",,"house",,,"1","Ενοικιάζεται Loft Διαμέρισμα στην Καλλιθέα<br />
<br />
Ενοικιάζεται πλήρως επιπλωμένο loft διαμέρισμα στην Καλλιθέα, σε ήσυχη και ήρεμη γειτονιά. Το διαμέρισμα είναι ολοκαίνουργιο, άριστα συντηρημένο, καθαρό, φωτεινό και έτοιμο για άμεση κατοίκηση. Διαθέτει διπλό κρεβάτι, τραπέζι, καναπέ, πλυντήριο ρούχων και κουζίνα με εστίες, καθώς και πλήρως εξοπλισμένο μπάνιο και πρόσβαση σε κοινόχρηστη ταράτσα. Ιδανικό για φοιτητές, ζευγάρια ή μεμονωμένα άτομα που αναζητούν έναν άνετο και λειτουργικό χώρο. Περιλαμβάνεται επίσης θέση στάθμευσης (πάρκινγκ).",,,"0","1","1",,"0","2026-07-21","3",,,"yes","yes","0","Αθήνα - Νότια Προάστια (Αττική)","Καλλιθέα (Αθήνα - Νότια Προάστια)","1","105103","102","2215","106389","Double",,,"0","1","1","1220425271","https://m2.spitogatos.gr/362532664_1600x1200.jpg?v=20130730","https://m2.spitogatos.gr/362531047_1600x1200.jpg?v=20130730","https://m3.spitogatos.gr/362531042_1600x1200.jpg?v=20130730","https://m1.spitogatos.gr/362531049_1600x1200.jpg?v=20130730","https://m1.spitogatos.gr/362531052_1600x1200.jpg?v=20130730","https://m1.spitogatos.gr/362531055_1600x1200.jpg?v=20130730","https://m2.spitogatos.gr/362532820_1600x1200.jpg?v=20130730","https://m3.spitogatos.gr/362532824_1600x1200.jpg?v=20130730",,,,,,,,,,,,,,,,,,"1",,"2","1","37.959251",,"1","1","23.71357",,"1",,,"2026-07-28","0","0",,"0","1","1","2",,"1",,"1",,"0","0","1","800",,,"0","0","0","0","17.78",,,"1","3",,,"1","1","2026","0",,"1",,"1",,"1","45","0",,"Lampraki Grigoriou, 34, Kallithea Greece, 17671","1","11","0","2026-07-20","https://www.spitogatos.gr/en/property/1220425271",,"1","0","2005",,"residential"
"1","1","no","vip","15",,,,,"1","0","0","0","2026-07-09","0","1","1","8","1","0",,"house",,"20","1","Παγκράτι / Βύρωνας<br />
<br />
Διατίθεται προς ενοικίαση φωτεινό και ιδιαίτερα προσεγμένο studio σε εξαιρετικό κεντρικό σημείο της περιοχής Παγκράτι – Βύρωνας, σε μια όμορφη και ζωντανή γειτονιά με εύκολη πρόσβαση σε μέσα μεταφοράς, καταστήματα, καφέ και όλες τις καθημερινές ανέσεις.<br />
<br />
Το διαμέρισμα βρίσκεται σε άριστη κατάσταση, έχει ανακαινιστεί πρόσφατα και ξεχωρίζει για την καθαριότητα, τη φροντισμένη εικόνα και τη φωτεινότητά του.<br />
<br />
Διαθέτει διπλό κρεβάτι, τραπεζαρία με καρέκλες, κουζινάκι εξοπλισμένο με δύο ηλεκτρικές εστίες και μικρό ψυγείο. Είναι ιδανική επιλογή για φοιτητή, εργαζόμενο ή για όποιον αναζητά έναν άνετο και λειτουργικό χώρο διαμονής σε μία από τις πιο δημοφιλείς περιοχές της Αθήνας.",,,"0","1","4","1","0","2026-07-09","6","4",,"yes","no","0","Αθήνα - Νότια Προάστια (Αττική)","Βύρωνας (Αθήνα - Νότια Προάστια)","1","105103","102","2207","106355",,,,"0","1","1","1220341551","https://m1.spitogatos.gr/361069362_1600x1200.jpg?v=20130730","https://m2.spitogatos.gr/361069393_1600x1200.jpg?v=20130730","https://m3.spitogatos.gr/361069415_1600x1200.jpg?v=20130730","https://m3.spitogatos.gr/361069304_1600x1200.jpg?v=20130730","https://m3.spitogatos.gr/361069166_1600x1200.jpg?v=20130730","https://m3.spitogatos.gr/361069469_1600x1200.jpg?v=20130730","https://m1.spitogatos.gr/361069596_1600x1200.jpg?v=20130730",,,,,,,,,,,,,,,,,,,"0",,,"1","37.963081",,"1","1","23.74976",,"1","0",,"2026-07-28","0","1",,"0","0","1",,,"1",,"0",,"0","0","0","550","2026-07-14 12:44:12","5","0","0","0","0","15.71","580","true","1","3",,,"1","1",,"0",,"1",,"1",,"1","35","0",,"Morgkentaou, 12, Vyronas Greece, 16232","1","1",,"2026-07-09","https://www.spitogatos.gr/en/property/1220341551",,"0",,,,
"0","1","no","vip","15",,,,,"1","0","0","0","2026-06-29","0","0","1","30","1","0","true","house",,,"1","Κωδικός ακινήτου: 5-912 - Αρτέμιδα (Λούτσα) Κέντρο  ΕΝΟΙΚΙΑΖΕΤΑΙ   νεόδμητο  διαμέρισμα  στον 1 ο όροφο συνολικής επιφάνειας 85.00 τ.μ.   μόνο 200 μέτρα από τη θάλασσα. Αποτελείται από 2 υπνοδωμάτια,  σαλοκουζίνα, μπάνιο . Είναι κατασκευασμένο το 2025 με ενεργειακή κλάση Β+  και διαθέτει θέρμανση αυτόνομη - πετρελαίου, απεριόριστη θέα, κουφώματα αλουμινίου, πατώματα από πλακάκι, πόρτα θωρακισμένη, εντοιχιζόμενες ντουλάπες, πάρκινγκ, προεγκατάσταση συναγερμού, διπλά τζάμια, ηλιακό θερμοσίφωνα, θυροτηλεόραση, ανοιχτωσιά, μπαλκόνια 30 τ.μ.      - Τιμή: 750 €  <br> <br>","200",,,"0","3","0","0","2026-06-30","6","4","0","no","yes","0","Αθήνα - Ανατολικά Προάστια (Αττική)","Αρτέμιδα (Λούτσα) (Αθήνα - Ανατολικά Προάστια)","1","105103","104","2401","102401","Double","1","1","0","0","1","1220271181","https://m1.spitogatos.gr/360072351_1600x1200.jpg?v=20130730","https://m1.spitogatos.gr/360072219_1600x1200.jpg?v=20130730","https://m1.spitogatos.gr/360072243_1600x1200.jpg?v=20130730","https://m1.spitogatos.gr/360072273_1600x1200.jpg?v=20130730","https://m3.spitogatos.gr/360072293_1600x1200.jpg?v=20130730","https://m2.spitogatos.gr/360072298_1600x1200.jpg?v=20130730","https://m2.spitogatos.gr/360072337_1600x1200.jpg?v=20130730","https://m3.spitogatos.gr/360072380_1600x1200.jpg?v=20130730","https://m1.spitogatos.gr/360072399_1600x1200.jpg?v=20130730","https://m1.spitogatos.gr/360072414_1600x1200.jpg?v=20130730","https://m3.spitogatos.gr/360072425_1600x1200.jpg?v=20130730","https://m2.spitogatos.gr/360072442_1600x1200.jpg?v=20130730","https://m1.spitogatos.gr/360072480_1600x1200.jpg?v=20130730","https://m2.spitogatos.gr/360072496_1600x1200.jpg?v=20130730","https://m3.spitogatos.gr/360072497_1600x1200.jpg?v=20130730","https://m1.spitogatos.gr/360072501_1600x1200.jpg?v=20130730","https://m3.spitogatos.gr/360072539_1600x1200.jpg?v=20130730","https://m3.spitogatos.gr/360072563_1600x1200.jpg?v=20130730","https://m1.spitogatos.gr/360072588_1600x1200.jpg?v=20130730","https://m2.spitogatos.gr/360072607_1600x1200.jpg?v=20130730","https://m3.spitogatos.gr/360072626_1600x1200.jpg?v=20130730","https://m1.spitogatos.gr/360072633_1600x1200.jpg?v=20130730","https://m3.spitogatos.gr/360072644_1600x1200.jpg?v=20130730","https://m1.spitogatos.gr/360072678_1600x1200.jpg?v=20130730","https://m2.spitogatos.gr/360072682_1600x1200.jpg?v=20130730","0","0","2","0","37.973518",,,"0","24.006737",,"0",,"0","2026-07-28","0","0","1","0","0","1","2",,"1","0","0","1","0","0","0","750",,,"0","0","0","0","8.82",,,"1","3","6",,"1","0",,"0","7","2","0","1",,"1","85","0",,"Γιαννάκη 5, 190 16, Άρτεμη","0","1","0","2026-06-30","https://www.spitogatos.gr/en/property/1220271181",,"1","1","2025",,"residential"
"1","1",,"vip","15",,,,,"0","1","0","0","2026-08-21","0","0","1","0","0",,,"house",,,"1","Ξεκίνα να ζεις από την πρώτη μέρα, σε αυτό το σύγχρονα επιπλωμένο διαμέρισμα δύο υπνοδωματίων της Blueground στο κέντρο της Κηφισιάς. Πλήρως εξοπλισμένο με έπιπλα μοναδικού design, ηλεκτρικές συσκευές τελευταίας τεχνολογίας.<br><br />
<br />
Η διαφημιζόμενη τιμή των €1,850/μήνα είναι η τιμή για 1 έτος, με ημερομηνία έναρξης Αυγούστου 20, 2026.<br />
<br>Οι τιμές διαφέρουν ανάλογα με τη διάρκεια παραμονής, την εποχικότητα και άλλους παράγοντες. Επισκεφθείτε τον ιστότοπό μας και εισάγετε τις ημερομηνίες διαμονής σας για να δείτε ενημερωμένες τιμές για την κράτησή σας. Η τιμή ισχύει μόνο με προκαταβολή· ενδέχεται να είναι υψηλότερη εάν πληρωθεί σε δόσεις.<br />
<br />
<b>Κλείστε αυτό το διαμέρισμα online!</b><br />
<br />
https://www.theblueground.com/p/furnished-apartments/ath-2113?utm_source=classified-4<br />
<br />
Aναβαθμίστε τη διαμονή σας με ένα πλήρως επιπλωμένο διαμέρισμα από τη Blueground:<br />
      – Επιπλωμένα σπίτια σε τιμές αντίστοιχες με τα ανεπίπλωτα<br />
      – Χωρίς κόστη εγκατάστασης ή αγοράς επίπλων - εξοικονομήστε χρόνο και χρήματα<br />
      – Έτοιμα για άμεση μετακόμιση - το μόνο που χρειάζεστε είναι η βαλίτσα σας<br />
<br />
<b>Ο χώρος</b><br><br />
Νιώσε σαν στο σπίτι σου σε αυτό το επιπλωμένο διαμέρισμα της Blueground με το μοναδικό design, τα μοντέρνα έπιπλα και την πλήρως εξοπλισμένη κουζίνα.<br />
Δες τις αγαπημένες σου ταινίες στη smart TV ή άκουσε δυνατά μουσική στα ασύρματα ηχεία τελευταίας τεχνολογίας. Ό,τι και να αποφασίσεις να κάνεις το μόνο σίγουρο είναι πως θα αγαπήσεις όλα όσα σου προσφέρει αυτό το εκλεπτυσμένο διαμέρισμα.<br />
<br />
<b>Διαρρύθμιση δωματίων ύπνου</b><br />
    <br />
        Υπέρδιπλο κρεβάτι: 160 εκ.<br />
<br />
        Διπλό κρεβάτι: 140 εκ.<br />
<br />
<b>Παροχές κτιρίου</b><br />
<br />
      Ασανσέρ<br />
      Πλυντήριο<br />
<br />
<br />
<b>Άφιξη και συνεχής υποστήριξη πελατών</b><br><br />
Κατά τη διάρκεια της διαμονής σου, η ομάδα μας θα είναι διαθέσιμη για να σε βοηθήσει με οτιδήποτε χρειαστείς. Μέσω της ειδικής mobile εφαρμογής της Blueground έχεις συνεχή υποστήριξη, ενώ μπορείς ακόμη να προγραμματίσεις υπηρεσίες καθαρισμού, συντήρησης ή επισκευής, με το πάτημα ενός κουμπιού.<br />
<br />
<b>Ιδανική τοποθεσία</b><br />
<br />
Η Κηφισιά είναι μια εύπορη γειτονιά που βρίσκεται στα βόρεια προάστια της Αθήνας, μόλις 14 χιλιόμετρα από το κέντρο της πόλης. Η περιοχή είναι περισσότερο γνωστή για τα πολυτελή κτίρια και τα αρχοντικά της που χρονολογούνται από διάφορες εποχές, τις μπουτίκ σχεδιαστών, τα υψηλής ποιότητας εστιατόρια και τα υπέροχα πάρκα. Η Κηφισιά φιλοξενεί επίσης το Μουσείο Γουλανδρή Φυσικής Ιστορίας. Μπορείτε να φτάσετε εύκολα στην Κηφισιά με λεωφορείο ή με τη γραμμή 1 του σιδηροδρομικού δικτύου της Αθήνας.",,"1",,"1","9","0","0","2026-03-20","6",,"0","yes","no","0","Αθήνα - Βόρεια Προάστια (Αττική)","Κηφισιά (Αθήνα - Βόρεια Προάστια)","1","105103","101","2108",,,"1","2","0","0","1","1219582887","https://m2.spitogatos.gr/358662490_1600x1200.jpg?v=20130730","https://m3.spitogatos.gr/358662506_1600x1200.jpg?v=20130730","https://m2.spitogatos.gr/358662520_1600x1200.jpg?v=20130730","https://m3.spitogatos.gr/358662533_1600x1200.jpg?v=20130730","https://m3.spitogatos.gr/358662548_1600x1200.jpg?v=20130730","https://m2.spitogatos.gr/358662562_1600x1200.jpg?v=20130730","https://m2.spitogatos.gr/358662580_1600x1200.jpg?v=20130730","https://m1.spitogatos.gr/358662597_1600x1200.jpg?v=20130730","https://m1.spitogatos.gr/358662612_1600x1200.jpg?v=20130730","https://m2.spitogatos.gr/356695306_1600x1200.jpg?v=20130730","https://m3.spitogatos.gr/356695319_1600x1200.jpg?v=20130730","https://m1.spitogatos.gr/356695335_1600x1200.jpg?v=20130730","https://m2.spitogatos.gr/356695351_1600x1200.jpg?v=20130730","https://m3.spitogatos.gr/356695367_1600x1200.jpg?v=20130730","https://m2.spitogatos.gr/356695381_1600x1200.jpg?v=20130730","https://m1.spitogatos.gr/356695395_1600x1200.jpg?v=20130730","https://m1.spitogatos.gr/356695407_1600x1200.jpg?v=20130730","https://m2.spitogatos.gr/356695420_1600x1200.jpg?v=20130730","https://m1.spitogatos.gr/356695437_1600x1200.jpg?v=20130730","https://m3.spitogatos.gr/356695451_1600x1200.jpg?v=20130730","https://m3.spitogatos.gr/356695469_1600x1200.jpg?v=20130730","https://m2.spitogatos.gr/356695480_1600x1200.jpg?v=20130730","https://m3.spitogatos.gr/356695484_1600x1200.jpg?v=20130730","https://m3.spitogatos.gr/356695490_1600x1200.jpg?v=20130730","https://m2.spitogatos.gr/356695495_1600x1200.jpg?v=20130730","0","0",,"0","38.078876",,"1","0","23.81814",,"0",,,"2026-07-28","0","0",,"0","1","1",,,"1","0","0",,"0","0","0","1850",,,"0","0","0","0","16.52",,,"1","3","6",,"1","1",,,,"2","0","1",,,"112","0",,"Levidou 41","1","1","0","2026-03-20","https://www.spitogatos.gr/en/property/1219582887","https://nodalview.com/s/3SP1DjQxH4j8Ga-hisQ1Ev","0",,"1975",,
"1","3","no","vip","15",,,,,"1","1","0","0","2026-07-29","0","0","1","0","1","0",,"house","0",,"0","Η αναγραφόμενη τιμή αφορά μίσθωση 12 μηνών με προπληρωμή, εξαιρουμένων λογαριασμών και κοινοχρήστων.<br />
Κλείστε αυτό το διαμέρισμα τώρα:<br />
https://movingdoors.com/listing/athens-ath26015<br />
<br />
Καλώς ήρθατε στη Moving Doors! Σ' ένα πλήρως επιπλωμένο, ιδανικό διαμέρισμα 3 υπνοδωματίων στο Παλαιό Φάληρο, όπου η πολυτέλεια συναντά την άνεση. Στη Moving Doors προσφέρουμε πλήρως εξοπλισμένα διαμερίσματα με μοντέρνο σχεδιασμό, που συνδυάζουν την κομψότητα με τη ζεστή ατμόσφαιρα του σπιτιού. Είτε επισκέπτεστε την Αθήνα για δουλειά, διασκέδαση ή οικογενειακές διακοπές, αυτό το πλήρως επιπλωμένο διαμέρισμα δεν είναι απλώς ένας χώρος διαμονής – είναι το δεύτερο σπίτι σας.<br />
<br />
Τί το κάνει ξεχωριστό:<br />
✔ Ευρύχωρο, πλήρως επιπλωμένο διαμέρισμα 3 υπνοδωματίων στο Παλαιό Φάληρο, ιδανικό για οικογένειες, παρέες ή επαγγελματίες<br />
✔ Απολαύστε premium ήχο με το ηχοσύστημα Marshall ή απολαύστε τον καφέ σας με τη μηχανή Nespresso<br />
✔ Γρήγορο internet<br />
✔ Ιδανική τοποθεσία, μόλις λίγα λεπτά από τα καλύτερα αξιοθέατα, καφέ και σημεία ενδιαφέροντος<br />
✔ Καθ’ όλη τη διάρκεια της διαμονής σας, μπορείτε να επικοινωνείτε εύκολα με την ομάδα υποστήριξης πελατών<br />
✔ Επαγγελματικές υπηρεσίες καθαριότητας και concierge, στη διάθεσή σας για κάθε σας ανάγκη<br />
<br />
Είτε σχεδιάζετε μια σύντομη είτε μια παρατεταμένη διαμονή, η Moving Doors σας προσφέρει πολυτελή διαμερίσματα στην Αθήνα, που συνδυάζουν στυλ, λειτουργικότητα και άνεση. Με προσοχή στη λεπτομέρεια, σας προσφέρουμε όλα όσα χρειάζεστε για μια ευχάριστη και ξέγνοιαστη διαμονή.",,,"0","1","10","1","0","2026-07-09","8","10","0","yes","no","0","Αθήνα - Κέντρο (Αττική)","Κολωνάκι - Λυκαβηττός (Αθήνα - Κέντρο)","1","105103","100","6009","2019","Double","2","2","0","1","1","1220342058","https://m3.spitogatos.gr/362408021_1600x1200.jpg?v=20130730","https://m1.spitogatos.gr/362408022_1600x1200.jpg?v=20130730","https://m3.spitogatos.gr/362408024_1600x1200.jpg?v=20130730","https://m2.spitogatos.gr/362408026_1600x1200.jpg?v=20130730","https://m2.spitogatos.gr/362408029_1600x1200.jpg?v=20130730","https://m1.spitogatos.gr/362408031_1600x1200.jpg?v=20130730","https://m2.spitogatos.gr/362408032_1600x1200.jpg?v=20130730","https://m1.spitogatos.gr/362408034_1600x1200.jpg?v=20130730","https://m2.spitogatos.gr/362408035_1600x1200.jpg?v=20130730","https://m3.spitogatos.gr/362408036_1600x1200.jpg?v=20130730","https://m3.spitogatos.gr/362408039_1600x1200.jpg?v=20130730","https://m2.spitogatos.gr/362408041_1600x1200.jpg?v=20130730","https://m1.spitogatos.gr/362408043_1600x1200.jpg?v=20130730","https://m2.spitogatos.gr/362408044_1600x1200.jpg?v=20130730","https://m1.spitogatos.gr/362408046_1600x1200.jpg?v=20130730","https://m3.spitogatos.gr/362408048_1600x1200.jpg?v=20130730","https://m1.spitogatos.gr/362408049_1600x1200.jpg?v=20130730","https://m3.spitogatos.gr/362408051_1600x1200.jpg?v=20130730","https://m2.spitogatos.gr/362408053_1600x1200.jpg?v=20130730","https://m3.spitogatos.gr/362408057_1600x1200.jpg?v=20130730","https://m3.spitogatos.gr/362408060_1600x1200.jpg?v=20130730","https://m3.spitogatos.gr/362408063_1600x1200.jpg?v=20130730","https://m1.spitogatos.gr/362408067_1600x1200.jpg?v=20130730","https://m3.spitogatos.gr/362408072_1600x1200.jpg?v=20130730",,"0","0","2","1","37.976929",,"1","1","23.745251",,"1","0","0","2026-07-28","0","0",,"0","0","1","6","4","1","0","0",,"0","0","0","1600","2026-07-28 11:49:35","16","0","0","0","0","21.33","1910","true","1","3",,,"1","1","2020","0","1","2","0","1",,"1","75","0",,"Πλουτάρχου, 5, Αθήνα Ελλάδα, 10675","1","1","0","2026-07-09","https://www.spitogatos.gr/en/property/1220342058","https://tour.giraffe360.com/5841a599473f473f83a5757a41080c5c/","1","0","1970",,"residential"
"1","3",,"vip","15",,,,,"0","0","0","0","2026-07-30","0","0","1","0","0",,,"house",,,"1","Ξεκίνα να ζεις από την πρώτη μέρα, σε αυτό το κομψά επιπλωμένο διαμέρισμα δύο υπνοδωματίων της Blueground στο κέντρο της Κηφισιάς. Πλήρως εξοπλισμένο με έπιπλα μοναδικού design, ηλεκτρικές συσκευές τελευταίας τεχνολογίας.<br><br />
<br />
Η διαφημιζόμενη τιμή των €1,460/μήνα είναι η τιμή για 1 έτος, με ημερομηνία έναρξης Ιουλίου 29, 2026.<br />
<br>Οι τιμές διαφέρουν ανάλογα με τη διάρκεια παραμονής, την εποχικότητα και άλλους παράγοντες. Επισκεφθείτε τον ιστότοπό μας και εισάγετε τις ημερομηνίες διαμονής σας για να δείτε ενημερωμένες τιμές για την κράτησή σας. Η τιμή ισχύει μόνο με προκαταβολή· ενδέχεται να είναι υψηλότερη εάν πληρωθεί σε δόσεις.<br />
<br />
<b>Κλείστε αυτό το διαμέρισμα online!</b><br />
<br />
https://www.theblueground.com/p/furnished-apartments/ath-2241?utm_source=classified-4<br />
<br />
Aναβαθμίστε τη διαμονή σας με ένα πλήρως επιπλωμένο διαμέρισμα από τη Blueground:<br />
      – Επιπλωμένα σπίτια σε τιμές αντίστοιχες με τα ανεπίπλωτα<br />
      – Χωρίς κόστη εγκατάστασης ή αγοράς επίπλων - εξοικονομήστε χρόνο και χρήματα<br />
      – Έτοιμα για άμεση μετακόμιση - το μόνο που χρειάζεστε είναι η βαλίτσα σας<br />
<br />
<b>Ο χώρος</b><br><br />
Νιώσε σαν στο σπίτι σου σε αυτό το επιπλωμένο διαμέρισμα της Blueground με το μοναδικό design, τα μοντέρνα έπιπλα και την πλήρως εξοπλισμένη κουζίνα.<br />
Δες τις αγαπημένες σου ταινίες στη smart TV ή άκουσε δυνατά μουσική στα ασύρματα ηχεία τελευταίας τεχνολογίας. Ό,τι και να αποφασίσεις να κάνεις το μόνο σίγουρο είναι πως θα αγαπήσεις όλα όσα σου προσφέρει αυτό το ζεστό διαμέρισμα.<br />
<br />
<b>Διαρρύθμιση δωματίων ύπνου</b><br />
    <br />
        Υπέρδιπλο κρεβάτι: 160 εκ.<br />
<br />
        Διπλό κρεβάτι: 140 εκ.<br />
<br />
<b>Παροχές κτιρίου</b><br />
<br />
      Ασανσέρ<br />
      Πλυντήριο<br />
<br />
<br />
<b>Άφιξη και συνεχής υποστήριξη πελατών</b><br><br />
Κατά τη διάρκεια της διαμονής σου, η ομάδα μας θα είναι διαθέσιμη για να σε βοηθήσει με οτιδήποτε χρειαστείς. Μέσω της ειδικής mobile εφαρμογής της Blueground έχεις συνεχή υποστήριξη, ενώ μπορείς ακόμη να προγραμματίσεις υπηρεσίες καθαρισμού, συντήρησης ή επισκευής, με το πάτημα ενός κουμπιού.<br />
<br />
<b>Ιδανική τοποθεσία</b><br />
<br />
Η Κηφισιά είναι μια εύπορη γειτονιά που βρίσκεται στα βόρεια προάστια της Αθήνας, μόλις 14 χιλιόμετρα από το κέντρο της πόλης. Η περιοχή είναι περισσότερο γνωστή για τα πολυτελή κτίρια και τα αρχοντικά της που χρονολογούνται από διάφορες εποχές, τις μπουτίκ σχεδιαστών, τα υψηλής ποιότητας εστιατόρια και τα υπέροχα πάρκα. Η Κηφισιά φιλοξενεί επίσης το Μουσείο Γουλανδρή Φυσικής Ιστορίας. Μπορείτε να φτάσετε εύκολα στην Κηφισιά με λεωφορείο ή με τη γραμμή 1 του σιδηροδρομικού δικτύου της Αθήνας.",,"1",,"1","5","0","1","2026-07-09","8",,"0","yes","no","0","Αθήνα - Βόρεια Προάστια (Αττική)","Κηφισιά (Αθήνα - Βόρεια Προάστια)","1","105103","101","2108",,,"1","2","0","0","1","1220335702","https://m2.spitogatos.gr/360977206_1600x1200.jpg?v=20130730","https://m3.spitogatos.gr/360977207_1600x1200.jpg?v=20130730","https://m1.spitogatos.gr/360977208_1600x1200.jpg?v=20130730","https://m2.spitogatos.gr/360977209_1600x1200.jpg?v=20130730","https://m3.spitogatos.gr/360977210_1600x1200.jpg?v=20130730","https://m1.spitogatos.gr/360977211_1600x1200.jpg?v=20130730","https://m2.spitogatos.gr/360977212_1600x1200.jpg?v=20130730","https://m3.spitogatos.gr/360977213_1600x1200.jpg?v=20130730","https://m1.spitogatos.gr/360977214_1600x1200.jpg?v=20130730","https://m2.spitogatos.gr/360977215_1600x1200.jpg?v=20130730","https://m3.spitogatos.gr/360977216_1600x1200.jpg?v=20130730","https://m1.spitogatos.gr/360977217_1600x1200.jpg?v=20130730","https://m2.spitogatos.gr/360977218_1600x1200.jpg?v=20130730","https://m3.spitogatos.gr/360977219_1600x1200.jpg?v=20130730","https://m1.spitogatos.gr/360977220_1600x1200.jpg?v=20130730","https://m2.spitogatos.gr/360977221_1600x1200.jpg?v=20130730","https://m3.spitogatos.gr/360977222_1600x1200.jpg?v=20130730","https://m1.spitogatos.gr/360977223_1600x1200.jpg?v=20130730","https://m2.spitogatos.gr/360977224_1600x1200.jpg?v=20130730","https://m3.spitogatos.gr/360977225_1600x1200.jpg?v=20130730","https://m1.spitogatos.gr/360977226_1600x1200.jpg?v=20130730","https://m2.spitogatos.gr/360977227_1600x1200.jpg?v=20130730","https://m3.spitogatos.gr/360977228_1600x1200.jpg?v=20130730","https://m1.spitogatos.gr/360977229_1600x1200.jpg?v=20130730","https://m2.spitogatos.gr/360977230_1600x1200.jpg?v=20130730","0","0",,"0","38.085781",,"1","0","23.803595",,"0",,,"2026-07-28","0","0",,"0","1","1",,,"1","0","0",,"0","0","0","1460",,,"0","0","0","0","14.6",,,"1","3","6",,"1","1",,,,"2","0","1",,,"100","0",,"Sirinon 41","1","1","0","2026-07-09","https://www.spitogatos.gr/en/property/1220335702","https://nodalview.com/s/0gk-SinWD5mxIYqTIhLt9u","0",,"1984",,
