"AC","Floor Level","accessibleForDisabled","adType_code","adType_id","airy","alarm","attic","auction","availability","availableForDailyRent","awning","balcony","balconyArea","bright","builtInBBQ","byTheSea","category","caveBuilding","commonExpenses","corner","description","distanceSea","doubleGlass","electricCarChargingFacilities","elevator","energyClass","facade","fireplace","firstPublishDate","floorNumber","floorType","forCommercialUse","furnished","garage","garden","geographiesByLevel_2_fullName","geographiesByLevel_4_fullName","geographyParentIds_0","geographyParentIds_1","geographyParentIds_2","geographyParentIds_4","geographyParentIds_5","glassType","heatingController","heatingMedium","heatingUnderFloor","holidayHome","host_id","id","images/0","images/1","images/2","images/3","images/4","images/5","images/6","images/7","images/8","images/9","images/10","images/11","images/12","images/13","images/14","images/15","images/16","images/17","images/18","images/19","images/20","images/21","images/22","images/23","images/24","internal_stairs","investment","joinery","kitchens","latitude","levels","livingRooms","longitude","lotSize","luxHome","mannedReception","medicalOffice","modified","negotiablePrice","neoclassic","newDevelopment","nightPower","noAgentFee","no_of_WC","no_of_bathrooms","numberOfFloors","orientation","painted","penthouse","pestNet","petsAllowed","playroom","pool","preserved","price","priceChangeDate","priceChangePercentage","priceIncludesInternet","priceIncludesPower","priceIncludesSharedExp","priceIncludesWater","pricePerSqMeters","pricePreReduction","priceReduced","propertyPublishingOptionIds/0","propertyPublishingOptionIds/1","propertyPublishingOptionIds/2","published","renovated","renovationYear","requiresRenovation","road_type","rooms","satelite","secure_door","shortTermLetting","solar_heater","sq_meters","storage","storageArea","streetAddress","studentHome","subtype","unfinished","uploaded","url","vTourUrl","view","wholeFloorApartment","year_of_construction","youtubeVideoId","zoning"
"1","1",,"simple","1","0","1","0","0","2026-08-29","0","0","1","0","0",,,"house",,,"1","Ανακάλυψε τα καλύτερα σημεία του Χαλανδρίου , με αυτό το φωτεινό διαμέρισμα τριών υπνοδωματίων της Blueground. Προσφέρει μια πλήρως εξοπλισμένη κουζίνα, ένα ευρύχωρο καθιστικό. Επίσης, καθ’όλη τη διάρκεια της διαμονής σου θα έχεις τη δυνατότητα να επικοινωνήσεις εύκολα και άμεσα με την ομάδα υποστήριξης πελατών και να βρεις χρήσιμες πληροφορίες τόσο για το διαμέρισμά σου όσο και για τη γειτονιά μέσω της ειδικής mobile εφαρμογής.<br><br />
<br />
Η διαφημιζόμενη τιμή των €1,470/μήνα είναι η τιμή για 1 έτος, με ημερομηνία έναρξης Αυγούστου 28, 2026.<br />
<br>Οι τιμές διαφέρουν ανάλογα με τη διάρκεια παραμονής, την εποχικότητα και άλλους παράγοντες. Επισκεφθείτε τον ιστότοπό μας και εισάγετε τις ημερομηνίες διαμονής σας για να δείτε ενημερωμένες τιμές για την κράτησή σας. Η τιμή ισχύει μόνο με προκαταβολή· ενδέχεται να είναι υψηλότερη εάν πληρωθεί σε δόσεις.<br />
<br />
<b>Κλείστε αυτό το διαμέρισμα online!</b><br />
<br />
https://www.theblueground.com/p/furnished-apartments/ath-1333?utm_source=classified-4<br />
<br />
Aναβαθμίστε τη διαμονή σας με ένα πλήρως επιπλωμένο διαμέρισμα από τη Blueground:<br />
      – Επιπλωμένα σπίτια σε τιμές αντίστοιχες με τα ανεπίπλωτα<br />
      – Χωρίς κόστη εγκατάστασης ή αγοράς επίπλων - εξοικονομήστε χρόνο και χρήματα<br />
      – Έτοιμα για άμεση μετακόμιση - το μόνο που χρειάζεστε είναι η βαλίτσα σας<br />
<br />
<b>Ο χώρος</b><br><br />
Σε αυτό το ευρύχωρο Blueground διαμέρισμα τριών υπνοδωματίων, θα βρεις ένα χώρο προσεκτικά σχεδιασμένο και πλήρως εξοπλισμένο με έπιπλα μοναδικού design και ηλεκτρικές συσκευές τελευταίας τεχνολογίας.<br />
Νιώσε όμορφα και χαλαρά στο νέο σου σπίτι κάθε στιγμή. Και όταν θα θες να διασκεδάσεις, μπορείς να βγεις και να αφεθείς στον παλμό του Χαλανδρίου ή να φέρεις τη διασκέδαση σπίτι, με τα ασύρματα ηχεία ή τη smart TV.<br />
<br />
<b>Διαρρύθμιση δωματίων ύπνου</b><br />
    <br />
        Υπέρδιπλο κρεβάτι: 160 εκ.<br />
<br />
        Διπλό κρεβάτι: 140 εκ.<br />
<br />
<b>Παροχές κτιρίου</b><br />
<br />
      Ασανσέρ<br />
      Πλυντήριο<br />
      Θέση στάθμευσης<br />
<br />
<br />
<b>Άφιξη και συνεχής υποστήριξη πελατών</b><br><br />
Κατά τη διάρκεια της διαμονής σου, η ομάδα μας θα είναι διαθέσιμη για να σε βοηθήσει με οτιδήποτε χρειαστείς. Μέσω της ειδικής mobile εφαρμογής της Blueground έχεις συνεχή υποστήριξη, ενώ μπορείς ακόμη να προγραμματίσεις υπηρεσίες καθαρισμού, συντήρησης ή επισκευής, με το πάτημα ενός κουμπιού.<br />
<br />
<b>Ιδανική τοποθεσία</b><br />
<br />
Το Χαλάνδρι είναι μια ζωντανή γειτονιά, που βρίσκεται στα βόρεια προάστια, μόλις 10 χιλιόμετρα από το κέντρο της Αθήνας. Το Χαλάνδρι είναι γνωστό για τις εμπορικές του συνοικίες και τη ζωντανή σκηνή των μπαρ. Η περιοχή φιλοξενεί πολλές μεγάλες πολυεθνικές εταιρείες, οργανισμούς και πρεσβείες. Εξυπηρετείται από τους σταθμούς του μετρό Χαλάνδρι & Αγία Παρασκευή, καθώς και από συνδέσεις με λεωφορεία, ενώ έχει εύκολη πρόσβαση στην Αττική Οδό.",,"1",,"1","5","0","0","2026-05-08","6",,"0","yes","yes","1","Αθήνα - Βόρεια Προάστια (Αττική)","Χαλάνδρι (Αθήνα - Βόρεια Προάστια)","1","105103","101","2122",,,"1","1","0","0","1","1219848517","https://m2.spitogatos.gr/359908012_1600x1200.jpg?v=20130730","https://m2.spitogatos.gr/359908036_1600x1200.jpg?v=20130730","https://m2.spitogatos.gr/359908051_1600x1200.jpg?v=20130730","https://m3.spitogatos.gr/359908067_1600x1200.jpg?v=20130730","https://m1.spitogatos.gr/359908080_1600x1200.jpg?v=20130730","https://m2.spitogatos.gr/359908096_1600x1200.jpg?v=20130730","https://m2.spitogatos.gr/359908108_1600x1200.jpg?v=20130730","https://m3.spitogatos.gr/359908127_1600x1200.jpg?v=20130730","https://m2.spitogatos.gr/359908156_1600x1200.jpg?v=20130730","https://m2.spitogatos.gr/359908183_1600x1200.jpg?v=20130730","https://m2.spitogatos.gr/359908198_1600x1200.jpg?v=20130730","https://m1.spitogatos.gr/359908212_1600x1200.jpg?v=20130730","https://m2.spitogatos.gr/359908231_1600x1200.jpg?v=20130730","https://m1.spitogatos.gr/359908248_1600x1200.jpg?v=20130730","https://m2.spitogatos.gr/359908264_1600x1200.jpg?v=20130730","https://m1.spitogatos.gr/359908278_1600x1200.jpg?v=20130730","https://m2.spitogatos.gr/359908291_1600x1200.jpg?v=20130730","https://m1.spitogatos.gr/359908305_1600x1200.jpg?v=20130730","https://m2.spitogatos.gr/359908318_1600x1200.jpg?v=20130730","https://m3.spitogatos.gr/359908334_1600x1200.jpg?v=20130730","https://m3.spitogatos.gr/359908352_1600x1200.jpg?v=20130730","https://m3.spitogatos.gr/359908364_1600x1200.jpg?v=20130730","https://m2.spitogatos.gr/359908381_1600x1200.jpg?v=20130730","https://m2.spitogatos.gr/359908393_1600x1200.jpg?v=20130730","https://m2.spitogatos.gr/359908411_1600x1200.jpg?v=20130730","0","0",,"0","38.030159","1","0","23.824511",,"0",,,"2026-07-31","0","0",,"0",,"0","2",,,"1","0","0",,"0","0","0","1470",,,"0","0","0","0","13.36",,,"1","3","6","1","1",,,,"3","0","1",,,"110","0",,"Lakonias 29","1","1","0","2026-05-08","https://www.spitogatos.gr/en/property/1219848517","https://nodalview.com/s/3IbFV9eXrBk8gywImiQyiJ","0",,"1983",,
"1","1",,"simple","1","0","0","0","0","2026-08-03","0","0","1","0","0",,,"house",,,"1","Ανακάλυψε τα καλύτερα σημεία του Χαλανδρίου , με αυτό το εκλεπτυσμένο διαμέρισμα τριών υπνοδωματίων της Blueground. Προσφέρει μια πλήρως εξοπλισμένη κουζίνα, ένα άνετο καθιστικό. Επίσης, καθ’όλη τη διάρκεια της διαμονής σου θα έχεις τη δυνατότητα να επικοινωνήσεις εύκολα και άμεσα με την ομάδα υποστήριξης πελατών και να βρεις χρήσιμες πληροφορίες τόσο για το διαμέρισμά σου όσο και για τη γειτονιά μέσω της ειδικής mobile εφαρμογής.<br><br />
<br />
Η διαφημιζόμενη τιμή των €1,430/μήνα είναι η τιμή για 1 έτος, με ημερομηνία έναρξης Αυγούστου 2, 2026.<br />
<br>Οι τιμές διαφέρουν ανάλογα με τη διάρκεια παραμονής, την εποχικότητα και άλλους παράγοντες. Επισκεφθείτε τον ιστότοπό μας και εισάγετε τις ημερομηνίες διαμονής σας για να δείτε ενημερωμένες τιμές για την κράτησή σας. Η τιμή ισχύει μόνο με προκαταβολή· ενδέχεται να είναι υψηλότερη εάν πληρωθεί σε δόσεις.<br />
<br />
<b>Κλείστε αυτό το διαμέρισμα online!</b><br />
<br />
https://www.theblueground.com/p/furnished-apartments/ath-1296?utm_source=classified-4<br />
<br />
Aναβαθμίστε τη διαμονή σας με ένα πλήρως επιπλωμένο διαμέρισμα από τη Blueground:<br />
      – Επιπλωμένα σπίτια σε τιμές αντίστοιχες με τα ανεπίπλωτα<br />
      – Χωρίς κόστη εγκατάστασης ή αγοράς επίπλων - εξοικονομήστε χρόνο και χρήματα<br />
      – Έτοιμα για άμεση μετακόμιση - το μόνο που χρειάζεστε είναι η βαλίτσα σας<br />
<br />
<b>Ο χώρος</b><br><br />
Έπιπλα μοναδικού design, πλήρως εξοπλισμένη κουζίνα, smart TV ή/και ασύρματα ηχεία τελευταίας τεχνολογίας, είναι λίγες μόνο από τις ανέσεις που σου προσφέρει αυτό το διαμέρισμα τριών υπνοδωματίων της Blueground. Θα το αγαπήσεις όμως και για τη μοναδική του τοποθεσία, καθώς βρίσκεται σε ένα από τα πιο κεντρικά σημεία του Χαλανδρίου.<br />
<br />
<b>Διαρρύθμιση δωματίων ύπνου</b><br />
    <br />
        Μονό κρεβάτι: 90 εκ.<br />
<br />
        Υπέρδιπλο κρεβάτι: 160 εκ.<br />
<br />
        Διπλό κρεβάτι: 140 εκ.<br />
<br />
<b>Παροχές κτιρίου</b><br />
<br />
      Ασανσέρ<br />
      Πλυντήριο<br />
      Θέση στάθμευσης<br />
<br />
<br />
<b>Άφιξη και συνεχής υποστήριξη πελατών</b><br><br />
Κατά τη διάρκεια της διαμονής σου, η ομάδα μας θα είναι διαθέσιμη για να σε βοηθήσει με οτιδήποτε χρειαστείς. Μέσω της ειδικής mobile εφαρμογής της Blueground έχεις συνεχή υποστήριξη, ενώ μπορείς ακόμη να προγραμματίσεις υπηρεσίες καθαρισμού, συντήρησης ή επισκευής, με το πάτημα ενός κουμπιού.<br />
<br />
<b>Ιδανική τοποθεσία</b><br />
<br />
Το Χαλάνδρι είναι μια ζωντανή γειτονιά, που βρίσκεται στα βόρεια προάστια, μόλις 10 χιλιόμετρα από το κέντρο της Αθήνας. Το Χαλάνδρι είναι γνωστό για τις εμπορικές του συνοικίες και τη ζωντανή σκηνή των μπαρ. Η περιοχή φιλοξενεί πολλές μεγάλες πολυεθνικές εταιρείες, οργανισμούς και πρεσβείες. Εξυπηρετείται από τους σταθμούς του μετρό Χαλάνδρι & Αγία Παρασκευή, καθώς και από συνδέσεις με λεωφορεία, ενώ έχει εύκολη πρόσβαση στην Αττική Οδό.",,"1",,"1","6","0","0","2026-04-09","6",,"0","yes","yes","1","Αθήνα - Βόρεια Προάστια (Αττική)","Χαλάνδρι (Αθήνα - Βόρεια Προάστια)","1","105103","101","2122",,,"1","2","0","0","1","1219687768","https://m3.spitogatos.gr/359907551_1600x1200.jpg?v=20130730","https://m1.spitogatos.gr/359907570_1600x1200.jpg?v=20130730","https://m3.spitogatos.gr/359907587_1600x1200.jpg?v=20130730","https://m2.spitogatos.gr/359907598_1600x1200.jpg?v=20130730","https://m2.spitogatos.gr/359907616_1600x1200.jpg?v=20130730","https://m2.spitogatos.gr/359907631_1600x1200.jpg?v=20130730","https://m3.spitogatos.gr/359907647_1600x1200.jpg?v=20130730","https://m1.spitogatos.gr/359907663_1600x1200.jpg?v=20130730","https://m2.spitogatos.gr/359907682_1600x1200.jpg?v=20130730","https://m3.spitogatos.gr/359907698_1600x1200.jpg?v=20130730","https://m2.spitogatos.gr/359907715_1600x1200.jpg?v=20130730","https://m3.spitogatos.gr/359907731_1600x1200.jpg?v=20130730","https://m3.spitogatos.gr/359907749_1600x1200.jpg?v=20130730","https://m2.spitogatos.gr/359907766_1600x1200.jpg?v=20130730","https://m3.spitogatos.gr/359907785_1600x1200.jpg?v=20130730","https://m1.spitogatos.gr/359907801_1600x1200.jpg?v=20130730","https://m1.spitogatos.gr/359907822_1600x1200.jpg?v=20130730","https://m3.spitogatos.gr/359907842_1600x1200.jpg?v=20130730","https://m1.spitogatos.gr/359907858_1600x1200.jpg?v=20130730","https://m1.spitogatos.gr/359907876_1600x1200.jpg?v=20130730","https://m2.spitogatos.gr/359907889_1600x1200.jpg?v=20130730","https://m3.spitogatos.gr/359907899_1600x1200.jpg?v=20130730","https://m1.spitogatos.gr/359907912_1600x1200.jpg?v=20130730","https://m1.spitogatos.gr/359907924_1600x1200.jpg?v=20130730","https://m3.spitogatos.gr/359907935_1600x1200.jpg?v=20130730","0","0",,"0","38.025013","1","0","23.82493",,"0",,,"2026-08-01","0","0",,"0",,"1","1",,,"1","0","1",,"0","0","0","1430","2026-07-29 10:10:50","3","0","0","0","0","13","1470","true","1","3",,"1","1",,,,"3","0","1",,,"110","1",,"Theodosiou 15","1","1","0","2026-04-09","https://www.spitogatos.gr/en/property/1219687768","https://nodalview.com/s/1nhRVt3kj1nxsf6hl96h23","0",,"1999",,
"1","2",,"simple","1","0","0","0","0","2026-08-08","0","0","1","0","0",,,"house",,,"1","Νιώσε σαν στο σπίτι σου, όπου και αν επιλέξεις να μείνεις με την Blueground. Θα λατρέψεις αυτό το όμορφα επιπλωμένο διαμέρισμα δύο υπνοδωματίων, για τη διακόσμησή του, την πλήρως εξοπλισμένη κουζίνα και το άνετο καθιστικό του. Βρίσκεται σε ιδανική τοποθεσία, κοντά σε όλα όσα έχει να σου προσφέρει το Χαλάνδρι!<br><br />
<br />
Η διαφημιζόμενη τιμή των €1,360/μήνα είναι η τιμή για 1 έτος, με ημερομηνία έναρξης Αυγούστου 7, 2026.<br />
<br>Οι τιμές διαφέρουν ανάλογα με τη διάρκεια παραμονής, την εποχικότητα και άλλους παράγοντες. Επισκεφθείτε τον ιστότοπό μας και εισάγετε τις ημερομηνίες διαμονής σας για να δείτε ενημερωμένες τιμές για την κράτησή σας. Η τιμή ισχύει μόνο με προκαταβολή· ενδέχεται να είναι υψηλότερη εάν πληρωθεί σε δόσεις.<br />
<br />
<b>Κλείστε αυτό το διαμέρισμα online!</b><br />
<br />
https://www.theblueground.com/p/furnished-apartments/ath-818?utm_source=classified-4<br />
<br />
Aναβαθμίστε τη διαμονή σας με ένα πλήρως επιπλωμένο διαμέρισμα από τη Blueground:<br />
      – Επιπλωμένα σπίτια σε τιμές αντίστοιχες με τα ανεπίπλωτα<br />
      – Χωρίς κόστη εγκατάστασης ή αγοράς επίπλων - εξοικονομήστε χρόνο και χρήματα<br />
      – Έτοιμα για άμεση μετακόμιση - το μόνο που χρειάζεστε είναι η βαλίτσα σας<br />
<br />
<b>Ο χώρος</b><br><br />
Νιώσε σαν στο σπίτι σου σε αυτό το επιπλωμένο διαμέρισμα της Blueground με το μοναδικό design, τα μοντέρνα έπιπλα και την πλήρως εξοπλισμένη κουζίνα.<br />
Δες τις αγαπημένες σου ταινίες στη smart TV ή άκουσε δυνατά μουσική στα ασύρματα ηχεία τελευταίας τεχνολογίας. Ό,τι και να αποφασίσεις να κάνεις το μόνο σίγουρο είναι πως θα αγαπήσεις όλα όσα σου προσφέρει αυτό το ζεστό διαμέρισμα.<br />
<br />
<b>Διαρρύθμιση δωματίων ύπνου</b><br />
    <br />
        Υπέρδιπλο κρεβάτι: 160 εκ.<br />
<br />
        Διπλό κρεβάτι: 140 εκ.<br />
<br />
<b>Παροχές κτιρίου</b><br />
<br />
      Ασανσέρ<br />
      Πλυντήριο<br />
      Θέση στάθμευσης<br />
      Επιτρέπονται κατοικίδια<br />
<br />
<br />
<b>Άφιξη και συνεχής υποστήριξη πελατών</b><br><br />
Κατά τη διάρκεια της διαμονής σου, η ομάδα μας θα είναι διαθέσιμη για να σε βοηθήσει με οτιδήποτε χρειαστείς. Μέσω της ειδικής mobile εφαρμογής της Blueground έχεις συνεχή υποστήριξη, ενώ μπορείς ακόμη να προγραμματίσεις υπηρεσίες καθαρισμού, συντήρησης ή επισκευής, με το πάτημα ενός κουμπιού.<br />
<br />
<b>Ιδανική τοποθεσία</b><br />
<br />
Το Χαλάνδρι είναι μια ζωντανή γειτονιά, που βρίσκεται στα βόρεια προάστια, μόλις 10 χιλιόμετρα από το κέντρο της Αθήνας. Το Χαλάνδρι είναι γνωστό για τις εμπορικές του συνοικίες και τη ζωντανή σκηνή των μπαρ. Η περιοχή φιλοξενεί πολλές μεγάλες πολυεθνικές εταιρείες, οργανισμούς και πρεσβείες. Εξυπηρετείται από τους σταθμούς του μετρό Χαλάνδρι & Αγία Παρασκευή, καθώς και από συνδέσεις με λεωφορεία, ενώ έχει εύκολη πρόσβαση στην Αττική Οδό.",,"1",,"1","5","0","1","2025-09-05","7",,"0","yes","yes","0","Αθήνα - Βόρεια Προάστια (Αττική)","Χαλάνδρι (Αθήνα - Βόρεια Προάστια)","1","105103","101","2122","102122",,"1","1","0","0","1","1218179385","https://m2.spitogatos.gr/359903935_1600x1200.jpg?v=20130730","https://m1.spitogatos.gr/359903952_1600x1200.jpg?v=20130730","https://m3.spitogatos.gr/359903984_1600x1200.jpg?v=20130730","https://m1.spitogatos.gr/359903994_1600x1200.jpg?v=20130730","https://m3.spitogatos.gr/359904008_1600x1200.jpg?v=20130730","https://m3.spitogatos.gr/359904017_1600x1200.jpg?v=20130730","https://m1.spitogatos.gr/359904027_1600x1200.jpg?v=20130730","https://m2.spitogatos.gr/359904037_1600x1200.jpg?v=20130730","https://m2.spitogatos.gr/359904049_1600x1200.jpg?v=20130730","https://m3.spitogatos.gr/359904059_1600x1200.jpg?v=20130730","https://m2.spitogatos.gr/359904070_1600x1200.jpg?v=20130730","https://m3.spitogatos.gr/359904080_1600x1200.jpg?v=20130730","https://m3.spitogatos.gr/359904092_1600x1200.jpg?v=20130730","https://m3.spitogatos.gr/359904104_1600x1200.jpg?v=20130730","https://m1.spitogatos.gr/359904114_1600x1200.jpg?v=20130730","https://m1.spitogatos.gr/359904126_1600x1200.jpg?v=20130730","https://m2.spitogatos.gr/359904136_1600x1200.jpg?v=20130730","https://m2.spitogatos.gr/359904148_1600x1200.jpg?v=20130730","https://m1.spitogatos.gr/359904162_1600x1200.jpg?v=20130730","https://m2.spitogatos.gr/359904175_1600x1200.jpg?v=20130730","https://m2.spitogatos.gr/359904187_1600x1200.jpg?v=20130730","https://m2.spitogatos.gr/359904199_1600x1200.jpg?v=20130730","https://m2.spitogatos.gr/359904211_1600x1200.jpg?v=20130730","https://m1.spitogatos.gr/359904222_1600x1200.jpg?v=20130730","https://m3.spitogatos.gr/359904236_1600x1200.jpg?v=20130730","0","0",,"0","38.020168","1","0","23.798901",,"0",,,"2026-07-31","0","0",,"0",,"0","1",,,"1","0","1","1","0","0","0","1360","2026-07-30 10:53:22","19","0","0","0","0","16.59","1670","true","1","3","6","1","0",,,,"2","0","1",,,"82","0",,"Thoukididou 11","1","1","0","2025-09-04","https://www.spitogatos.gr/en/property/1218179385","https://nodalview.com/V9SpeJfagVMvMkAJx8xPm38u","0",,"2009",,
"1","1",,"simple","1","0","1","0","0","2026-10-02","0","0","1","0","0",,,"house",,,"1","Ανακάλυψε τα καλύτερα σημεία του Χαλανδρίου , με αυτό το κομψό διαμέρισμα τριών υπνοδωματίων της Blueground. Προσφέρει μια πλήρως εξοπλισμένη κουζίνα, ένα όμορφο καθιστικό. Επίσης, καθ’όλη τη διάρκεια της διαμονής σου θα έχεις τη δυνατότητα να επικοινωνήσεις εύκολα και άμεσα με την ομάδα υποστήριξης πελατών και να βρεις χρήσιμες πληροφορίες τόσο για το διαμέρισμά σου όσο και για τη γειτονιά μέσω της ειδικής mobile εφαρμογής.<br><br />
<br />
Η διαφημιζόμενη τιμή των €2,330/μήνα είναι η τιμή για 1 έτος, με ημερομηνία έναρξης Οκτωβρίου 1, 2026.<br />
<br>Οι τιμές διαφέρουν ανάλογα με τη διάρκεια παραμονής, την εποχικότητα και άλλους παράγοντες. Επισκεφθείτε τον ιστότοπό μας και εισάγετε τις ημερομηνίες διαμονής σας για να δείτε ενημερωμένες τιμές για την κράτησή σας. Η τιμή ισχύει μόνο με προκαταβολή· ενδέχεται να είναι υψηλότερη εάν πληρωθεί σε δόσεις.<br />
<br />
<b>Κλείστε αυτό το διαμέρισμα online!</b><br />
<br />
https://www.theblueground.com/p/furnished-apartments/ath-720?utm_source=classified-4<br />
<br />
Aναβαθμίστε τη διαμονή σας με ένα πλήρως επιπλωμένο διαμέρισμα από τη Blueground:<br />
      – Επιπλωμένα σπίτια σε τιμές αντίστοιχες με τα ανεπίπλωτα<br />
      – Χωρίς κόστη εγκατάστασης ή αγοράς επίπλων - εξοικονομήστε χρόνο και χρήματα<br />
      – Έτοιμα για άμεση μετακόμιση - το μόνο που χρειάζεστε είναι η βαλίτσα σας<br />
<br />
<b>Ο χώρος</b><br><br />
Έπιπλα μοναδικού design, πλήρως εξοπλισμένη κουζίνα, smart TV ή/και ασύρματα ηχεία τελευταίας τεχνολογίας, είναι λίγες μόνο από τις ανέσεις που σου προσφέρει αυτό το διαμέρισμα τριών υπνοδωματίων της Blueground. Θα το αγαπήσεις όμως και για τη μοναδική του τοποθεσία, καθώς βρίσκεται σε ένα από τα πιο κεντρικά σημεία του Χαλανδρίου.<br />
<br />
<b>Διαρρύθμιση δωματίων ύπνου</b><br />
    <br />
        Υπέρδιπλο κρεβάτι: 160 εκ.<br />
<br />
        Διπλό κρεβάτι: 140 εκ.<br />
<br />
<b>Παροχές κτιρίου</b><br />
<br />
      Ασανσέρ<br />
      Πλυντήριο<br />
      Θέση στάθμευσης<br />
<br />
<br />
<b>Άφιξη και συνεχής υποστήριξη πελατών</b><br><br />
Κατά τη διάρκεια της διαμονής σου, η ομάδα μας θα είναι διαθέσιμη για να σε βοηθήσει με οτιδήποτε χρειαστείς. Μέσω της ειδικής mobile εφαρμογής της Blueground έχεις συνεχή υποστήριξη, ενώ μπορείς ακόμη να προγραμματίσεις υπηρεσίες καθαρισμού, συντήρησης ή επισκευής, με το πάτημα ενός κουμπιού.<br />
<br />
<b>Ιδανική τοποθεσία</b><br />
<br />
Το Χαλάνδρι είναι μια ζωντανή γειτονιά, που βρίσκεται στα βόρεια προάστια, μόλις 10 χιλιόμετρα από το κέντρο της Αθήνας. Το Χαλάνδρι είναι γνωστό για τις εμπορικές του συνοικίες και τη ζωντανή σκηνή των μπαρ. Η περιοχή φιλοξενεί πολλές μεγάλες πολυεθνικές εταιρείες, οργανισμούς και πρεσβείες. Εξυπηρετείται από τους σταθμούς του μετρό Χαλάνδρι & Αγία Παρασκευή, καθώς και από συνδέσεις με λεωφορεία, ενώ έχει εύκολη πρόσβαση στην Αττική Οδό.",,"1",,"1","5","0","1","2026-07-06","6",,"0","yes","yes","0","Αθήνα - Βόρεια Προάστια (Αττική)","Χαλάνδρι (Αθήνα - Βόρεια Προάστια)","1","105103","101","2122","107029",,"1","1","0","0","1","1220315646","https://m2.spitogatos.gr/360743110_1600x1200.jpg?v=20130730","https://m1.spitogatos.gr/360743115_1600x1200.jpg?v=20130730","https://m3.spitogatos.gr/360743117_1600x1200.jpg?v=20130730","https://m3.spitogatos.gr/360743120_1600x1200.jpg?v=20130730","https://m1.spitogatos.gr/360743124_1600x1200.jpg?v=20130730","https://m1.spitogatos.gr/360743127_1600x1200.jpg?v=20130730","https://m1.spitogatos.gr/360743130_1600x1200.jpg?v=20130730","https://m2.spitogatos.gr/360743134_1600x1200.jpg?v=20130730","https://m1.spitogatos.gr/360743136_1600x1200.jpg?v=20130730","https://m3.spitogatos.gr/360743138_1600x1200.jpg?v=20130730","https://m3.spitogatos.gr/360743141_1600x1200.jpg?v=20130730","https://m2.spitogatos.gr/360743143_1600x1200.jpg?v=20130730","https://m2.spitogatos.gr/360743146_1600x1200.jpg?v=20130730","https://m1.spitogatos.gr/360743148_1600x1200.jpg?v=20130730","https://m3.spitogatos.gr/360743150_1600x1200.jpg?v=20130730","https://m2.spitogatos.gr/360743152_1600x1200.jpg?v=20130730","https://m1.spitogatos.gr/360743154_1600x1200.jpg?v=20130730","https://m2.spitogatos.gr/360743158_1600x1200.jpg?v=20130730","https://m2.spitogatos.gr/360743161_1600x1200.jpg?v=20130730","https://m1.spitogatos.gr/360743166_1600x1200.jpg?v=20130730","https://m3.spitogatos.gr/360743171_1600x1200.jpg?v=20130730","https://m1.spitogatos.gr/360743175_1600x1200.jpg?v=20130730","https://m2.spitogatos.gr/360743182_1600x1200.jpg?v=20130730",,,"0","0",,"0","38.024662","1","0","23.792065",,"0",,,"2026-07-31","0","0",,"0",,"1","2",,,"1","0","1",,"0","0","0","2330",,,"0","0","0","0","14.56",,,"1","3",,"1","0",,,,"3","0","1",,,"160","1",,"Zalokosta 27","1","1","0","2026-07-06","https://www.spitogatos.gr/en/property/1220315646","https://www.nodalview.com/mJpvkgd8EuAAgJ8g6mfmR7QU","0",,"2005",,
"1","2",,"simple","1","0","1","0","0","2026-08-03","0","0","1","0","0",,,"house",,,"1","Ξεκίνα να ζεις από την πρώτη μέρα, σε αυτό το σύγχρονα επιπλωμένο διαμέρισμα τριών υπνοδωματίων της Blueground στο κέντρο του Χαλανδρίου. Πλήρως εξοπλισμένο με έπιπλα μοναδικού design, ηλεκτρικές συσκευές τελευταίας τεχνολογίας.<br><br />
<br />
Η διαφημιζόμενη τιμή των €1,650/μήνα είναι η τιμή για 1 έτος, με ημερομηνία έναρξης Αυγούστου 2, 2026.<br />
<br>Οι τιμές διαφέρουν ανάλογα με τη διάρκεια παραμονής, την εποχικότητα και άλλους παράγοντες. Επισκεφθείτε τον ιστότοπό μας και εισάγετε τις ημερομηνίες διαμονής σας για να δείτε ενημερωμένες τιμές για την κράτησή σας. Η τιμή ισχύει μόνο με προκαταβολή· ενδέχεται να είναι υψηλότερη εάν πληρωθεί σε δόσεις.<br />
<br />
<b>Κλείστε αυτό το διαμέρισμα online!</b><br />
<br />
https://www.theblueground.com/p/furnished-apartments/ath-1035?utm_source=classified-4<br />
<br />
Aναβαθμίστε τη διαμονή σας με ένα πλήρως επιπλωμένο διαμέρισμα από τη Blueground:<br />
      – Επιπλωμένα σπίτια σε τιμές αντίστοιχες με τα ανεπίπλωτα<br />
      – Χωρίς κόστη εγκατάστασης ή αγοράς επίπλων - εξοικονομήστε χρόνο και χρήματα<br />
      – Έτοιμα για άμεση μετακόμιση - το μόνο που χρειάζεστε είναι η βαλίτσα σας<br />
<br />
<b>Ο χώρος</b><br><br />
Σε αυτό το κομψό Blueground διαμέρισμα τριών υπνοδωματίων, θα βρεις ένα χώρο προσεκτικά σχεδιασμένο και πλήρως εξοπλισμένο με έπιπλα μοναδικού design και ηλεκτρικές συσκευές τελευταίας τεχνολογίας.<br />
Νιώσε όμορφα και χαλαρά στο νέο σου σπίτι κάθε στιγμή. Και όταν θα θες να διασκεδάσεις, μπορείς να βγεις και να αφεθείς στον παλμό του Χαλανδρίου ή να φέρεις τη διασκέδαση σπίτι, με τα ασύρματα ηχεία ή τη smart TV.<br />
<br />
<b>Διαρρύθμιση δωματίων ύπνου</b><br />
    <br />
        Μονό κρεβάτι: 90 εκ.<br />
<br />
        Υπέρδιπλο κρεβάτι: 160 εκ.<br />
<br />
        Διπλό κρεβάτι: 140 εκ.<br />
<br />
<b>Παροχές κτιρίου</b><br />
<br />
      Ασανσέρ<br />
      Πλυντήριο<br />
      Θέση στάθμευσης<br />
      Επιτρέπονται κατοικίδια<br />
<br />
<br />
<b>Άφιξη και συνεχής υποστήριξη πελατών</b><br><br />
Κατά τη διάρκεια της διαμονής σου, η ομάδα μας θα είναι διαθέσιμη για να σε βοηθήσει με οτιδήποτε χρειαστείς. Μέσω της ειδικής mobile εφαρμογής της Blueground έχεις συνεχή υποστήριξη, ενώ μπορείς ακόμη να προγραμματίσεις υπηρεσίες καθαρισμού, συντήρησης ή επισκευής, με το πάτημα ενός κουμπιού.<br />
<br />
<b>Ιδανική τοποθεσία</b><br />
<br />
Το Χαλάνδρι είναι μια ζωντανή γειτονιά, που βρίσκεται στα βόρεια προάστια, μόλις 10 χιλιόμετρα από το κέντρο της Αθήνας. Το Χαλάνδρι είναι γνωστό για τις εμπορικές του συνοικίες και τη ζωντανή σκηνή των μπαρ. Η περιοχή φιλοξενεί πολλές μεγάλες πολυεθνικές εταιρείες, οργανισμούς και πρεσβείες. Εξυπηρετείται από τους σταθμούς του μετρό Χαλάνδρι & Αγία Παρασκευή, καθώς και από συνδέσεις με λεωφορεία, ενώ έχει εύκολη πρόσβαση στην Αττική Οδό.",,"1",,"1","6","0","0","2026-04-17","7",,"0","yes","yes","0","Αθήνα - Βόρεια Προάστια (Αττική)","Χαλάνδρι (Αθήνα - Βόρεια Προάστια)","1","105103","101","2122","102122",,"1","2","0","0","1","1219732942","https://m2.spitogatos.gr/359905552_1600x1200.jpg?v=20130730","https://m1.spitogatos.gr/359905572_1600x1200.jpg?v=20130730","https://m2.spitogatos.gr/359905615_1600x1200.jpg?v=20130730","https://m3.spitogatos.gr/359905631_1600x1200.jpg?v=20130730","https://m3.spitogatos.gr/359905649_1600x1200.jpg?v=20130730","https://m3.spitogatos.gr/359905667_1600x1200.jpg?v=20130730","https://m2.spitogatos.gr/359905684_1600x1200.jpg?v=20130730","https://m1.spitogatos.gr/359905713_1600x1200.jpg?v=20130730","https://m1.spitogatos.gr/359905734_1600x1200.jpg?v=20130730","https://m3.spitogatos.gr/359905754_1600x1200.jpg?v=20130730","https://m3.spitogatos.gr/359905775_1600x1200.jpg?v=20130730","https://m3.spitogatos.gr/359905796_1600x1200.jpg?v=20130730","https://m2.spitogatos.gr/359905813_1600x1200.jpg?v=20130730","https://m2.spitogatos.gr/359905831_1600x1200.jpg?v=20130730","https://m3.spitogatos.gr/359905847_1600x1200.jpg?v=20130730","https://m1.spitogatos.gr/359905890_1600x1200.jpg?v=20130730","https://m2.spitogatos.gr/359905915_1600x1200.jpg?v=20130730","https://m1.spitogatos.gr/359905932_1600x1200.jpg?v=20130730","https://m2.spitogatos.gr/359905948_1600x1200.jpg?v=20130730","https://m1.spitogatos.gr/359905965_1600x1200.jpg?v=20130730","https://m3.spitogatos.gr/359905982_1600x1200.jpg?v=20130730","https://m3.spitogatos.gr/359905994_1600x1200.jpg?v=20130730","https://m1.spitogatos.gr/359906016_1600x1200.jpg?v=20130730","https://m2.spitogatos.gr/359906035_1600x1200.jpg?v=20130730","https://m3.spitogatos.gr/359906051_1600x1200.jpg?v=20130730","0","0",,"0","38.020947","1","0","23.812592",,"0",,,"2026-08-01","0","0",,"0",,"1","1",,,"1","0","0","1","0","0","0","1650",,,"0","0","0","0","15",,,"1","3","6","1","1",,,,"3","0","1",,,"110","1",,"Dimosthenous 50","1","1","0","2026-04-17","https://www.spitogatos.gr/en/property/1219732942","https://nodalview.com/SYbVJbJV2RfcKi9wzjGDh8db","0",,"2010",,
"1","4",,"simple","1","0","0","0","0","2026-09-25","0","0","1","0","0",,,"house",,,"1","Ανακάλυψε τα καλύτερα σημεία του Χαλανδρίου , με αυτό το εκλεπτυσμένο διαμέρισμα δύο υπνοδωματίων της Blueground. Προσφέρει μια πλήρως εξοπλισμένη κουζίνα, ένα ελκυστικό καθιστικό. Επίσης, καθ’όλη τη διάρκεια της διαμονής σου θα έχεις τη δυνατότητα να επικοινωνήσεις εύκολα και άμεσα με την ομάδα υποστήριξης πελατών και να βρεις χρήσιμες πληροφορίες τόσο για το διαμέρισμά σου όσο και για τη γειτονιά μέσω της ειδικής mobile εφαρμογής.<br><br />
<br />
Η διαφημιζόμενη τιμή των €1,210/μήνα είναι η τιμή για 1 έτος, με ημερομηνία έναρξης Σεπτεμβρίου 24, 2026.<br />
<br>Οι τιμές διαφέρουν ανάλογα με τη διάρκεια παραμονής, την εποχικότητα και άλλους παράγοντες. Επισκεφθείτε τον ιστότοπό μας και εισάγετε τις ημερομηνίες διαμονής σας για να δείτε ενημερωμένες τιμές για την κράτησή σας. Η τιμή ισχύει μόνο με προκαταβολή· ενδέχεται να είναι υψηλότερη εάν πληρωθεί σε δόσεις.<br />
<br />
<b>Κλείστε αυτό το διαμέρισμα online!</b><br />
<br />
https://www.theblueground.com/p/furnished-apartments/ath-949?utm_source=classified-4<br />
<br />
Aναβαθμίστε τη διαμονή σας με ένα πλήρως επιπλωμένο διαμέρισμα από τη Blueground:<br />
      – Επιπλωμένα σπίτια σε τιμές αντίστοιχες με τα ανεπίπλωτα<br />
      – Χωρίς κόστη εγκατάστασης ή αγοράς επίπλων - εξοικονομήστε χρόνο και χρήματα<br />
      – Έτοιμα για άμεση μετακόμιση - το μόνο που χρειάζεστε είναι η βαλίτσα σας<br />
<br />
<b>Ο χώρος</b><br><br />
Σε αυτό το κομψό Blueground διαμέρισμα δύο υπνοδωματίων, θα βρεις ένα χώρο προσεκτικά σχεδιασμένο και πλήρως εξοπλισμένο με έπιπλα μοναδικού design και ηλεκτρικές συσκευές τελευταίας τεχνολογίας.<br />
Νιώσε όμορφα και χαλαρά στο νέο σου σπίτι κάθε στιγμή. Και όταν θα θες να διασκεδάσεις, μπορείς να βγεις και να αφεθείς στον παλμό του Χαλανδρίου ή να φέρεις τη διασκέδαση σπίτι, με τα ασύρματα ηχεία ή τη smart TV.<br />
<br />
<b>Διαρρύθμιση δωματίων ύπνου</b><br />
    <br />
        Υπέρδιπλο κρεβάτι: 160 εκ.<br />
<br />
        Διπλό κρεβάτι: 140 εκ.<br />
<br />
<b>Παροχές κτιρίου</b><br />
<br />
      Ασανσέρ<br />
      Πλυντήριο<br />
      Θέση στάθμευσης<br />
<br />
<br />
<b>Άφιξη και συνεχής υποστήριξη πελατών</b><br><br />
Κατά τη διάρκεια της διαμονής σου, η ομάδα μας θα είναι διαθέσιμη για να σε βοηθήσει με οτιδήποτε χρειαστείς. Μέσω της ειδικής mobile εφαρμογής της Blueground έχεις συνεχή υποστήριξη, ενώ μπορείς ακόμη να προγραμματίσεις υπηρεσίες καθαρισμού, συντήρησης ή επισκευής, με το πάτημα ενός κουμπιού.<br />
<br />
<b>Ιδανική τοποθεσία</b><br />
<br />
Το Χαλάνδρι είναι μια ζωντανή γειτονιά, που βρίσκεται στα βόρεια προάστια, μόλις 10 χιλιόμετρα από το κέντρο της Αθήνας. Το Χαλάνδρι είναι γνωστό για τις εμπορικές του συνοικίες και τη ζωντανή σκηνή των μπαρ. Η περιοχή φιλοξενεί πολλές μεγάλες πολυεθνικές εταιρείες, οργανισμούς και πρεσβείες. Εξυπηρετείται από τους σταθμούς του μετρό Χαλάνδρι & Αγία Παρασκευή, καθώς και από συνδέσεις με λεωφορεία, ενώ έχει εύκολη πρόσβαση στην Αττική Οδό.",,"1",,"1","5","0","1","2026-07-02","9",,"0","yes","yes","1","Αθήνα - Βόρεια Προάστια (Αττική)","Χαλάνδρι (Αθήνα - Βόρεια Προάστια)","1","105103","101","2122","107025",,"1","2","0","0","1","1220290516","https://m1.spitogatos.gr/360249915_1600x1200.jpg?v=20130730","https://m2.spitogatos.gr/360249919_1600x1200.jpg?v=20130730","https://m3.spitogatos.gr/360249923_1600x1200.jpg?v=20130730","https://m1.spitogatos.gr/360249927_1600x1200.jpg?v=20130730","https://m3.spitogatos.gr/360249932_1600x1200.jpg?v=20130730","https://m2.spitogatos.gr/360249937_1600x1200.jpg?v=20130730","https://m2.spitogatos.gr/360249943_1600x1200.jpg?v=20130730","https://m1.spitogatos.gr/360249951_1600x1200.jpg?v=20130730","https://m2.spitogatos.gr/360249958_1600x1200.jpg?v=20130730","https://m3.spitogatos.gr/360249962_1600x1200.jpg?v=20130730","https://m3.spitogatos.gr/360249968_1600x1200.jpg?v=20130730","https://m1.spitogatos.gr/360249972_1600x1200.jpg?v=20130730","https://m2.spitogatos.gr/360249976_1600x1200.jpg?v=20130730","https://m1.spitogatos.gr/360249981_1600x1200.jpg?v=20130730","https://m2.spitogatos.gr/360249985_1600x1200.jpg?v=20130730","https://m2.spitogatos.gr/360249988_1600x1200.jpg?v=20130730","https://m3.spitogatos.gr/360249992_1600x1200.jpg?v=20130730","https://m2.spitogatos.gr/360249997_1600x1200.jpg?v=20130730","https://m2.spitogatos.gr/360250000_1600x1200.jpg?v=20130730","https://m1.spitogatos.gr/360250005_1600x1200.jpg?v=20130730","https://m3.spitogatos.gr/360250007_1600x1200.jpg?v=20130730","https://m3.spitogatos.gr/360250013_1600x1200.jpg?v=20130730","https://m2.spitogatos.gr/360250021_1600x1200.jpg?v=20130730",,,"0","0",,"0","38.031528","1","0","23.811237",,"0",,,"2026-07-31","0","0",,"0",,"1","1",,,"1","0","0",,"0","0","0","1210",,,"0","0","0","0","13.44",,,"1","3","6","1","0",,,,"2","0","0",,,"90","1",,"Gazias 2A","1","1","0","2026-07-02","https://www.spitogatos.gr/en/property/1220290516","https://nodalview.com/etRtHFDr3Bg1jcXbvpxsjwbN","0",,"2005",,
"1","1",,"simple","1","0","0","0","0","2026-10-02","0","0","1","0","0",,,"house",,,"1","Ανακάλυψε τα καλύτερα σημεία του Χαλανδρίου , με αυτό το ελκυστικό διαμέρισμα ενός υπνοδωματίου της Blueground. Προσφέρει μια πλήρως εξοπλισμένη κουζίνα, ένα υπέροχο καθιστικό. Επίσης, καθ’όλη τη διάρκεια της διαμονής σου θα έχεις τη δυνατότητα να επικοινωνήσεις εύκολα και άμεσα με την ομάδα υποστήριξης πελατών και να βρεις χρήσιμες πληροφορίες τόσο για το διαμέρισμά σου όσο και για τη γειτονιά μέσω της ειδικής mobile εφαρμογής.<br><br />
<br />
Η διαφημιζόμενη τιμή των €1,180/μήνα είναι η τιμή για 1 έτος, με ημερομηνία έναρξης Οκτωβρίου 1, 2026.<br />
<br>Οι τιμές διαφέρουν ανάλογα με τη διάρκεια παραμονής, την εποχικότητα και άλλους παράγοντες. Επισκεφθείτε τον ιστότοπό μας και εισάγετε τις ημερομηνίες διαμονής σας για να δείτε ενημερωμένες τιμές για την κράτησή σας. Η τιμή ισχύει μόνο με προκαταβολή· ενδέχεται να είναι υψηλότερη εάν πληρωθεί σε δόσεις.<br />
<br />
<b>Κλείστε αυτό το διαμέρισμα online!</b><br />
<br />
https://www.theblueground.com/p/furnished-apartments/ath-1917?utm_source=classified-4<br />
<br />
Aναβαθμίστε τη διαμονή σας με ένα πλήρως επιπλωμένο διαμέρισμα από τη Blueground:<br />
      – Επιπλωμένα σπίτια σε τιμές αντίστοιχες με τα ανεπίπλωτα<br />
      – Χωρίς κόστη εγκατάστασης ή αγοράς επίπλων - εξοικονομήστε χρόνο και χρήματα<br />
      – Έτοιμα για άμεση μετακόμιση - το μόνο που χρειάζεστε είναι η βαλίτσα σας<br />
<br />
<b>Ο χώρος</b><br><br />
Έπιπλα μοναδικού design, πλήρως εξοπλισμένη κουζίνα, smart TV ή/και ασύρματα ηχεία τελευταίας τεχνολογίας, είναι λίγες μόνο από τις ανέσεις που σου προσφέρει αυτό το διαμέρισμα ενός υπνοδωματίου της Blueground. Θα το αγαπήσεις όμως και για τη μοναδική του τοποθεσία, καθώς βρίσκεται σε ένα από τα πιο κεντρικά σημεία του Χαλανδρίου.<br />
<br />
<b>Διαρρύθμιση δωματίων ύπνου</b><br />
    <br />
        Υπέρδιπλο κρεβάτι: 160 εκ.<br />
<br />
<b>Παροχές κτιρίου</b><br />
<br />
      Ασανσέρ<br />
      Πλυντήριο<br />
      Θέση στάθμευσης<br />
      Επιτρέπονται κατοικίδια<br />
<br />
<br />
<b>Άφιξη και συνεχής υποστήριξη πελατών</b><br><br />
Κατά τη διάρκεια της διαμονής σου, η ομάδα μας θα είναι διαθέσιμη για να σε βοηθήσει με οτιδήποτε χρειαστείς. Μέσω της ειδικής mobile εφαρμογής της Blueground έχεις συνεχή υποστήριξη, ενώ μπορείς ακόμη να προγραμματίσεις υπηρεσίες καθαρισμού, συντήρησης ή επισκευής, με το πάτημα ενός κουμπιού.<br />
<br />
<b>Ιδανική τοποθεσία</b><br />
<br />
Το Χαλάνδρι είναι μια ζωντανή γειτονιά, που βρίσκεται στα βόρεια προάστια, μόλις 10 χιλιόμετρα από το κέντρο της Αθήνας. Το Χαλάνδρι είναι γνωστό για τις εμπορικές του συνοικίες και τη ζωντανή σκηνή των μπαρ. Η περιοχή φιλοξενεί πολλές μεγάλες πολυεθνικές εταιρείες, οργανισμούς και πρεσβείες. Εξυπηρετείται από τους σταθμούς του μετρό Χαλάνδρι & Αγία Παρασκευή, καθώς και από συνδέσεις με λεωφορεία, ενώ έχει εύκολη πρόσβαση στην Αττική Οδό.",,"1",,"1","4","0","0","2026-07-13","6",,"0","yes","yes","1","Αθήνα - Βόρεια Προάστια (Αττική)","Χαλάνδρι (Αθήνα - Βόρεια Προάστια)","1","105103","101","2122",,,"1",,"0","0","1","1220366696","https://m2.spitogatos.gr/361450663_1600x1200.jpg?v=20130730","https://m2.spitogatos.gr/361450672_1600x1200.jpg?v=20130730","https://m1.spitogatos.gr/361450680_1600x1200.jpg?v=20130730","https://m3.spitogatos.gr/361450703_1600x1200.jpg?v=20130730","https://m3.spitogatos.gr/361450706_1600x1200.jpg?v=20130730","https://m3.spitogatos.gr/361450718_1600x1200.jpg?v=20130730","https://m2.spitogatos.gr/361450726_1600x1200.jpg?v=20130730","https://m3.spitogatos.gr/361450742_1600x1200.jpg?v=20130730","https://m3.spitogatos.gr/361450748_1600x1200.jpg?v=20130730","https://m2.spitogatos.gr/361450756_1600x1200.jpg?v=20130730","https://m3.spitogatos.gr/361450760_1600x1200.jpg?v=20130730","https://m3.spitogatos.gr/361450793_1600x1200.jpg?v=20130730","https://m1.spitogatos.gr/361450797_1600x1200.jpg?v=20130730","https://m2.spitogatos.gr/361450801_1600x1200.jpg?v=20130730","https://m1.spitogatos.gr/361450806_1600x1200.jpg?v=20130730","https://m2.spitogatos.gr/361450843_1600x1200.jpg?v=20130730","https://m3.spitogatos.gr/361450847_1600x1200.jpg?v=20130730","https://m1.spitogatos.gr/361450869_1600x1200.jpg?v=20130730","https://m2.spitogatos.gr/361450912_1600x1200.jpg?v=20130730","https://m2.spitogatos.gr/361450951_1600x1200.jpg?v=20130730","https://m2.spitogatos.gr/361450957_1600x1200.jpg?v=20130730",,,,,"0","0",,"0","38.019451","1","0","23.801239",,"0",,,"2026-07-31","0","0","1","0",,"0","1",,,"1","0","1","1","0","0","0","1180",,,"0","0","0","0","19.34",,,"1","3","6","1","0",,,,"1","0","1",,,"61","0",,"Sokratous 38","1","1","0","2026-07-13","https://www.spitogatos.gr/en/property/1220366696","https://nodalview.com/s/3HX941dcbFJRoEwrB0X6rV","0",,"2020",,
"1","Ground Floor","no","simple","1","0","1","0","0","2026-02-24","0","1","1","40","1",,"true","house",,"0","1","Ενοικιάζεται  Πολυτελής Μονοκατοικία 3 Επιπέδων <br />
<br />
Εξαιρετική γωνιακή και φωτεινή μονοκατοικία τριών επιπέδων, συνολικής αρτιότητας σε οικόπεδο 350 τ.μ., σε ήσυχη περιοχή αμιγούς κατοικίας με άμεση πρόσβαση σε αγορά, σχολεία και μέσα μαζικής μεταφοράς.<br />
<br />
Η κατοικία βρίσκεται σε άριστη εξωτερική κατάσταση (πρόσφατο εσωτερικό και εξωτερικό βάψιμο και αλλαγή κουφωμάτων αλουμινίου) και αναπτύσσεται σε 3 ορόφους, με εσωτερική σκάλα και εσωτερικό ασανσέρ, προσφέροντας άνεση και λειτουργικότητα.<br />
<br />
Διαρρύθμιση & Χώροι<br />
<br />
Ευρύχωρο ενιαίο σαλόνι με τραπεζαρία με τζακι , πολύ φωτεινό.<br />
<br />
Ενιαία, φωτεινή κουζίνα με εντοιχιζόμενες συσκευές μπαλκόνι και καθιστικό με τζάκι.<br />
<br />
3 μεγάλα και φωτεινά μπάνια<br />
<br />
Μεγάλο WC<br />
<br />
Μεγάλο playroom<br />
<br />
Μεγάλες βεράντες & μπαλκόνια στα υπνοδωμάτια<br />
<br />
Ιδιόχρηστος, μεγάλος κήπος<br />
<br />
Επιπλέον Χαρακτηριστικά<br />
<br />
Τζάκι<br />
<br />
Αυτόνομη θέρμανση πετρελαίου<br />
<br />
Ηλιακός θερμοσίφωνας<br />
<br />
Κλιματιστικά split<br />
<br />
Συναγερμός<br />
<br />
Αποθήκη<br />
<br />
Υπόγειο parking 3 θέσεων<br />
<br />
Δάπεδα από μάρμαρο & δρύινα<br />
<br />
Κουφώματα αλουμινίου καινουργια<br />
<br />
Τέντες<br />
<br />
Αποχέτευση με υπόνομο<br />
<br />
Η κατοικία δεν είναι μισθωμένη, δεν διαθέτει αρνητικά στοιχεία και επιτρέπει κατοικίδια. Ενεργειακή Κλάση: Γ.<br />
<br />
Αποτελεί ιδανική επιλογή για οικογένεια που αναζητά άνεση, ιδιωτικότητα και ποιότητα κατασκευής, σε προνομιακό σημείο με πολύ πράσινο και εύκολη πρόσβαση από άσφαλτο.<br />
<br />
Για περισσότερες πληροφορίες ή ραντεβού επίσκεψης, επικοινωνήστε με το μεσιτικό μας γραφείο.<br />
Ενοικίαση, Μονοκατοικία,  Μπάνια: 3,  WC: 1,  Εμβαδόν: 300 τ.μ.,  Δωμάτια: 4,  Έτος κατασκευής: 1985,  Κλιματισμός,  Θέα,  Βεράντα,  Ασανσέρ,  Τζάκι,  Κήπος,  Εσωτερική σκάλα,  Ρετιρέ,  Playroom,  Ηλιακός θερμοσίφωνας,  Συναγερμός,  Αποθήκη,  Θέση στάθμευσης,  Όροφος: Ισόγειο,  Κατάλληλο για Επαγγ. Χρήση,  Γωνιακό,  Επιτρέπονται κατοικίδια,  Ανακαινισμένο,  Τέντα,  Φωτεινό,  Βαμμένο,  Κουζίνες: 1,  Κουφώματα: Αλουμινίου,  Τύπος δαπέδων: Μάρμαρο,  Επιφάνεια oικοπέδου: 350 τ.μ.,  Eπίπεδα: 3,  Θέρμανση: Αυτόνομη θέρμανση,  Μέσο θέρμανσης: Πετρέλαιο,  Πρόσβαση από: Άσφαλτο,  Ζώνη: Οικιστική ζώνη,  Ενεργειακή κλάση: Γ,  Προσανατολισμός: Ανατολικός,  Ρεύμα: Τριφασικό,  Εμβαδό Μπαλκονιών: 40,  Απόσταση απο θάλασσα: 1","1","0",,"1","5","0","1","2026-02-24","3","1","1","no","yes","1","Αθήνα - Βόρεια Προάστια (Αττική)","Χαλάνδρι (Αθήνα - Βόρεια Προάστια)","1","105103","101","2122","329483",,"1","1","0","0","1","1215568281","https://m2.spitogatos.gr/345853390_1600x1200.jpg?v=20130730","https://m1.spitogatos.gr/345853395_1600x1200.jpg?v=20130730","https://m3.spitogatos.gr/345853400_1600x1200.jpg?v=20130730","https://m2.spitogatos.gr/345853405_1600x1200.jpg?v=20130730","https://m2.spitogatos.gr/345853411_1600x1200.jpg?v=20130730","https://m2.spitogatos.gr/345853417_1600x1200.jpg?v=20130730","https://m2.spitogatos.gr/345853423_1600x1200.jpg?v=20130730","https://m3.spitogatos.gr/345853430_1600x1200.jpg?v=20130730","https://m1.spitogatos.gr/345853434_1600x1200.jpg?v=20130730","https://m2.spitogatos.gr/345853438_1600x1200.jpg?v=20130730","https://m1.spitogatos.gr/345853443_1600x1200.jpg?v=20130730","https://m2.spitogatos.gr/345853447_1600x1200.jpg?v=20130730","https://m1.spitogatos.gr/345853452_1600x1200.jpg?v=20130730","https://m1.spitogatos.gr/345853455_1600x1200.jpg?v=20130730","https://m1.spitogatos.gr/345853458_1600x1200.jpg?v=20130730","https://m3.spitogatos.gr/345853463_1600x1200.jpg?v=20130730","https://m3.spitogatos.gr/345853469_1600x1200.jpg?v=20130730","https://m3.spitogatos.gr/345853472_1600x1200.jpg?v=20130730","https://m2.spitogatos.gr/345853477_1600x1200.jpg?v=20130730","https://m2.spitogatos.gr/345853483_1600x1200.jpg?v=20130730","https://m3.spitogatos.gr/345853487_1600x1200.jpg?v=20130730","https://m2.spitogatos.gr/345853489_1600x1200.jpg?v=20130730","https://m2.spitogatos.gr/345853492_1600x1200.jpg?v=20130730","https://m1.spitogatos.gr/345853494_1600x1200.jpg?v=20130730","https://m1.spitogatos.gr/345853497_1600x1200.jpg?v=20130730","1","0","2","1","38.01836","3","0","23.787933",,"0",,,"2026-06-09","0","0",,"0",,"1","3",,"1","1","1","0","1","1","0","0","2500",,,"0","0","0","0","8.33",,,"1","3","6","1","1",,"0","1","4","0","0",,"1","300","1",,"Leof. Kifisias 268, Chalandri 152 32, Ελλάδα","0","4","0","2024-03-29","https://www.spitogatos.gr/en/property/1215568281",,"1",,"1985",,"residential"
"1","Ground Floor",,"simple","1","0","0","0","0","2026-08-08","0","0","1","0","0",,,"house",,,"1","Ανακάλυψε τα καλύτερα σημεία του Χαλανδρίου , με αυτό το υπέροχο διαμέρισμα τριών υπνοδωματίων της Blueground. Προσφέρει μια πλήρως εξοπλισμένη κουζίνα, ένα φωτεινό καθιστικό. Επίσης, καθ’όλη τη διάρκεια της διαμονής σου θα έχεις τη δυνατότητα να επικοινωνήσεις εύκολα και άμεσα με την ομάδα υποστήριξης πελατών και να βρεις χρήσιμες πληροφορίες τόσο για το διαμέρισμά σου όσο και για τη γειτονιά μέσω της ειδικής mobile εφαρμογής.<br><br />
<br />
Η διαφημιζόμενη τιμή των €1,370/μήνα είναι η τιμή για 1 έτος, με ημερομηνία έναρξης Αυγούστου 7, 2026.<br />
<br>Οι τιμές διαφέρουν ανάλογα με τη διάρκεια παραμονής, την εποχικότητα και άλλους παράγοντες. Επισκεφθείτε τον ιστότοπό μας και εισάγετε τις ημερομηνίες διαμονής σας για να δείτε ενημερωμένες τιμές για την κράτησή σας. Η τιμή ισχύει μόνο με προκαταβολή· ενδέχεται να είναι υψηλότερη εάν πληρωθεί σε δόσεις.<br />
<br />
<b>Κλείστε αυτό το διαμέρισμα online!</b><br />
<br />
https://www.theblueground.com/p/furnished-apartments/ath-623?utm_source=classified-4<br />
<br />
Aναβαθμίστε τη διαμονή σας με ένα πλήρως επιπλωμένο διαμέρισμα από τη Blueground:<br />
      – Επιπλωμένα σπίτια σε τιμές αντίστοιχες με τα ανεπίπλωτα<br />
      – Χωρίς κόστη εγκατάστασης ή αγοράς επίπλων - εξοικονομήστε χρόνο και χρήματα<br />
      – Έτοιμα για άμεση μετακόμιση - το μόνο που χρειάζεστε είναι η βαλίτσα σας<br />
<br />
<b>Ο χώρος</b><br><br />
Έπιπλα μοναδικού design, πλήρως εξοπλισμένη κουζίνα, smart TV ή/και ασύρματα ηχεία τελευταίας τεχνολογίας, είναι λίγες μόνο από τις ανέσεις που σου προσφέρει αυτό το διαμέρισμα τριών υπνοδωματίων της Blueground. Θα το αγαπήσεις όμως και για τη μοναδική του τοποθεσία, καθώς βρίσκεται σε ένα από τα πιο κεντρικά σημεία του Χαλανδρίου.<br />
<br />
<b>Διαρρύθμιση δωματίων ύπνου</b><br />
    <br />
        Υπέρδιπλο κρεβάτι: 160 εκ.<br />
<br />
        Υπέρδιπλο κρεβάτι: 160 εκ.<br />
<br />
<b>Παροχές κτιρίου</b><br />
<br />
      Ασανσέρ<br />
      Πλυντήριο<br />
      Θέση στάθμευσης<br />
<br />
<br />
<b>Άφιξη και συνεχής υποστήριξη πελατών</b><br><br />
Κατά τη διάρκεια της διαμονής σου, η ομάδα μας θα είναι διαθέσιμη για να σε βοηθήσει με οτιδήποτε χρειαστείς. Μέσω της ειδικής mobile εφαρμογής της Blueground έχεις συνεχή υποστήριξη, ενώ μπορείς ακόμη να προγραμματίσεις υπηρεσίες καθαρισμού, συντήρησης ή επισκευής, με το πάτημα ενός κουμπιού.<br />
<br />
<b>Ιδανική τοποθεσία</b><br />
<br />
Το Χαλάνδρι είναι μια ζωντανή γειτονιά, που βρίσκεται στα βόρεια προάστια, μόλις 10 χιλιόμετρα από το κέντρο της Αθήνας. Το Χαλάνδρι είναι γνωστό για τις εμπορικές του συνοικίες και τη ζωντανή σκηνή των μπαρ. Η περιοχή φιλοξενεί πολλές μεγάλες πολυεθνικές εταιρείες, οργανισμούς και πρεσβείες. Εξυπηρετείται από τους σταθμούς του μετρό Χαλάνδρι & Αγία Παρασκευή, καθώς και από συνδέσεις με λεωφορεία, ενώ έχει εύκολη πρόσβαση στην Αττική Οδό.",,"1",,"1","4","0","1","2026-06-16","3",,"0","yes","yes","0","Αθήνα - Βόρεια Προάστια (Αττική)","Χαλάνδρι (Αθήνα - Βόρεια Προάστια)","1","105103","101","2122","107025",,"1","2","0","0","1","1220129427","https://m3.spitogatos.gr/359902868_1600x1200.jpg?v=20130730","https://m3.spitogatos.gr/359902883_1600x1200.jpg?v=20130730","https://m3.spitogatos.gr/359902895_1600x1200.jpg?v=20130730","https://m1.spitogatos.gr/359902905_1600x1200.jpg?v=20130730","https://m1.spitogatos.gr/359902917_1600x1200.jpg?v=20130730","https://m1.spitogatos.gr/359902926_1600x1200.jpg?v=20130730","https://m2.spitogatos.gr/359902936_1600x1200.jpg?v=20130730","https://m1.spitogatos.gr/359902944_1600x1200.jpg?v=20130730","https://m2.spitogatos.gr/359902954_1600x1200.jpg?v=20130730","https://m1.spitogatos.gr/359902962_1600x1200.jpg?v=20130730","https://m1.spitogatos.gr/359902971_1600x1200.jpg?v=20130730","https://m3.spitogatos.gr/359902979_1600x1200.jpg?v=20130730","https://m2.spitogatos.gr/359902987_1600x1200.jpg?v=20130730","https://m2.spitogatos.gr/359902996_1600x1200.jpg?v=20130730","https://m1.spitogatos.gr/359903004_1600x1200.jpg?v=20130730","https://m3.spitogatos.gr/359903015_1600x1200.jpg?v=20130730","https://m3.spitogatos.gr/359903024_1600x1200.jpg?v=20130730","https://m1.spitogatos.gr/359903034_1600x1200.jpg?v=20130730","https://m2.spitogatos.gr/359903044_1600x1200.jpg?v=20130730","https://m1.spitogatos.gr/359903055_1600x1200.jpg?v=20130730","https://m3.spitogatos.gr/359903063_1600x1200.jpg?v=20130730","https://m3.spitogatos.gr/359903078_1600x1200.jpg?v=20130730","https://m3.spitogatos.gr/359903090_1600x1200.jpg?v=20130730","https://m3.spitogatos.gr/359903099_1600x1200.jpg?v=20130730","https://m1.spitogatos.gr/359903106_1600x1200.jpg?v=20130730","0","0",,"0","38.031464","1","0","23.801151",,"0",,,"2026-07-31","0","0",,"0",,"0","2",,,"1","0","1",,"0","0","0","1370",,,"0","0","0","0","11.42",,,"1","3","6","1","1",,,,"3","0","1",,,"120","0",,"Persefonis 5","1","1","0","2026-06-16","https://www.spitogatos.gr/en/property/1220129427",,"0",,"1980","lViYrzdUEOs",
"1","4",,"simple","1","0","1","0","0","2026-10-02","0","0","1","0","0",,,"house",,,"1","Ξεκίνα να ζεις από την πρώτη μέρα, σε αυτό το σύγχρονα επιπλωμένο διαμέρισμα δύο υπνοδωματίων της Blueground στο κέντρο του Χαλανδρίου. Πλήρως εξοπλισμένο με έπιπλα μοναδικού design, ηλεκτρικές συσκευές τελευταίας τεχνολογίας.<br><br />
<br />
Η διαφημιζόμενη τιμή των €1,500/μήνα είναι η τιμή για 1 έτος, με ημερομηνία έναρξης Οκτωβρίου 1, 2026.<br />
<br>Οι τιμές διαφέρουν ανάλογα με τη διάρκεια παραμονής, την εποχικότητα και άλλους παράγοντες. Επισκεφθείτε τον ιστότοπό μας και εισάγετε τις ημερομηνίες διαμονής σας για να δείτε ενημερωμένες τιμές για την κράτησή σας. Η τιμή ισχύει μόνο με προκαταβολή· ενδέχεται να είναι υψηλότερη εάν πληρωθεί σε δόσεις.<br />
<br />
<b>Κλείστε αυτό το διαμέρισμα online!</b><br />
<br />
https://www.theblueground.com/p/furnished-apartments/ath-827?utm_source=classified-4<br />
<br />
Aναβαθμίστε τη διαμονή σας με ένα πλήρως επιπλωμένο διαμέρισμα από τη Blueground:<br />
      – Επιπλωμένα σπίτια σε τιμές αντίστοιχες με τα ανεπίπλωτα<br />
      – Χωρίς κόστη εγκατάστασης ή αγοράς επίπλων - εξοικονομήστε χρόνο και χρήματα<br />
      – Έτοιμα για άμεση μετακόμιση - το μόνο που χρειάζεστε είναι η βαλίτσα σας<br />
<br />
<b>Ο χώρος</b><br><br />
Έπιπλα μοναδικού design, πλήρως εξοπλισμένη κουζίνα, smart TV ή/και ασύρματα ηχεία τελευταίας τεχνολογίας, είναι λίγες μόνο από τις ανέσεις που σου προσφέρει αυτό το διαμέρισμα δύο υπνοδωματίων της Blueground. Θα το αγαπήσεις όμως και για τη μοναδική του τοποθεσία, καθώς βρίσκεται σε ένα από τα πιο κεντρικά σημεία του Χαλανδρίου.<br />
<br />
<b>Διαρρύθμιση δωματίων ύπνου</b><br />
    <br />
        Υπέρδιπλο κρεβάτι: 160 εκ.<br />
<br />
        Υπέρδιπλο κρεβάτι: 160 εκ.<br />
<br />
<b>Παροχές κτιρίου</b><br />
<br />
      Ασανσέρ<br />
      Πλυντήριο<br />
      Θέση στάθμευσης<br />
      Επιτρέπονται κατοικίδια<br />
<br />
<br />
<b>Άφιξη και συνεχής υποστήριξη πελατών</b><br><br />
Κατά τη διάρκεια της διαμονής σου, η ομάδα μας θα είναι διαθέσιμη για να σε βοηθήσει με οτιδήποτε χρειαστείς. Μέσω της ειδικής mobile εφαρμογής της Blueground έχεις συνεχή υποστήριξη, ενώ μπορείς ακόμη να προγραμματίσεις υπηρεσίες καθαρισμού, συντήρησης ή επισκευής, με το πάτημα ενός κουμπιού.<br />
<br />
<b>Ιδανική τοποθεσία</b><br />
<br />
Το Χαλάνδρι είναι μια ζωντανή γειτονιά, που βρίσκεται στα βόρεια προάστια, μόλις 10 χιλιόμετρα από το κέντρο της Αθήνας. Το Χαλάνδρι είναι γνωστό για τις εμπορικές του συνοικίες και τη ζωντανή σκηνή των μπαρ. Η περιοχή φιλοξενεί πολλές μεγάλες πολυεθνικές εταιρείες, οργανισμούς και πρεσβείες. Εξυπηρετείται από τους σταθμούς του μετρό Χαλάνδρι & Αγία Παρασκευή, καθώς και από συνδέσεις με λεωφορεία, ενώ έχει εύκολη πρόσβαση στην Αττική Οδό.",,"1",,"1","7","0","0","2026-07-06","9",,"0","yes","yes","0","Αθήνα - Βόρεια Προάστια (Αττική)","Χαλάνδρι (Αθήνα - Βόρεια Προάστια)","1","105103","101","2122",,,"1","1","0","0","1","1220316616","https://m2.spitogatos.gr/360744709_1600x1200.jpg?v=20130730","https://m1.spitogatos.gr/360744714_1600x1200.jpg?v=20130730","https://m1.spitogatos.gr/360744717_1600x1200.jpg?v=20130730","https://m3.spitogatos.gr/360744722_1600x1200.jpg?v=20130730","https://m1.spitogatos.gr/360744726_1600x1200.jpg?v=20130730","https://m1.spitogatos.gr/360744729_1600x1200.jpg?v=20130730","https://m3.spitogatos.gr/360744734_1600x1200.jpg?v=20130730","https://m1.spitogatos.gr/360744738_1600x1200.jpg?v=20130730","https://m2.spitogatos.gr/360744742_1600x1200.jpg?v=20130730","https://m3.spitogatos.gr/360744749_1600x1200.jpg?v=20130730","https://m3.spitogatos.gr/360744752_1600x1200.jpg?v=20130730","https://m1.spitogatos.gr/360744756_1600x1200.jpg?v=20130730","https://m2.spitogatos.gr/360744760_1600x1200.jpg?v=20130730","https://m1.spitogatos.gr/360744762_1600x1200.jpg?v=20130730","https://m2.spitogatos.gr/360744766_1600x1200.jpg?v=20130730","https://m3.spitogatos.gr/360744767_1600x1200.jpg?v=20130730","https://m2.spitogatos.gr/360744769_1600x1200.jpg?v=20130730","https://m2.spitogatos.gr/360744772_1600x1200.jpg?v=20130730","https://m3.spitogatos.gr/360744776_1600x1200.jpg?v=20130730","https://m3.spitogatos.gr/360744788_1600x1200.jpg?v=20130730","https://m3.spitogatos.gr/360744794_1600x1200.jpg?v=20130730",,,,,"0","0",,"0","38.015549","1","0","23.800125",,"0",,,"2026-07-31","0","0",,"0",,"0","1",,,"1","0","1","1","0","0","0","1500",,,"0","0","0","0","20",,,"1","3",,"1","0",,,,"2","0","1",,,"75","0",,"Pandoras 12","1","1","0","2026-07-06","https://www.spitogatos.gr/en/property/1220316616","https://www.nodalview.com/gvEATfyf567brHwCaR4FqRcy","0",,"1983",,
"1","3","no","simple","1","1","1","0","0","2026-09-01","0","0","0","0","1","0",,"house",,,"0","<br>Ενοικιάζεται εκπληκτικό νεόδμητο, ακατοίκητο ρετιρέ διαμέρισμα 70 τμ σε ήσυχο σημείο Χαλανδρίου.<br>Κύριοι χώροι:<br>Το διαμέρισμα διαθέτει ενιαίο, διαμπερή χώρο σαλονοκουζίνας με άπλετο φυσικό φωτισμό. Η κουζίνα είναι πλήρως εξοπλισμένη με εντοιχισμένες ηλεκτρικές συσκευές: φούρνο, εστίες, απορροφητήρα και πλυντήριο πιάτων. <br>Η πρόσβαση γίνεται σε δύο μεγάλες βεράντες. Η θέση του ως ρετιρέ εξασφαλίζει ιδιωτικότητα, αυξημένο φυσικό φωτισμό και καλύτερο αερισμό.<br>Λοιποί χώροι:<br>•  Δύο υπνοδωμάτια με εντοιχισμένες ντουλάπες ύψους 2.70μ.<br>•  Λουτρό με καμπίνα ντους.<br>Τεχνικά χαρακτηριστικά & παροχές:<br>Διαθέτει ατομική θέρμανση φυσικού αερίου με ατομικό λέβητα, ηλιακό θερμοσίφωνα και τρία κλιματιστικά μηχανήματα. Όλα τα σώματα καλοριφέρ φέρουν θερμοστατικές κεφαλές. <br>Για την ασφάλεια και την άνεση, υπάρχουν: πόρτα ασφαλείας, σύστημα συναγερμού, ηλεκτρικά ρολά και σίτες σε όλα τα κουφώματα, προεγκατάσταση πυρανίχνευσης, θυροτηλεόραση με δυνατότητα σύνδεσης Wi-Fi και ανελκυστήρας.<br>Στο μηνιαίο μίσθωμα περιλαμβάνονται:<br>1.  Θέση στάθμευσης στην πυλωτή της οικοδομής με ηλεκτρική συρόμενη πόρτα.<br>2.  Υπόγεια αποθήκη επιφάνειας 6 τ.μ.<br>Τοποθεσία:<br>Το ακίνητο βρίσκεται σε λειτουργικό σημείο του Χαλανδρίου, σε απόσταση 400 μέτρων από το κέντρο της περιοχής. Σε κοντινή απόσταση υπάρχουν supermarket και σχολικές μονάδες. Η πρόσβαση στη Λεωφόρο Κηφισίας είναι στα 400μ., στο Golden Hall στα 800μ. και στην Αττική Οδό σε 5 λεπτά.<br>Το διαμέρισμα θα είναι διαθέσιμο 01-09-2026.<br>Για πληροφορίες και προγραμματισμό υπόδειξης, παρακαλούμε επικοινωνήστε. Τιμή: 1.450 €<br><br> <br>",,,"1","1","1","0","0","2026-07-11","8","4","0","no","yes","1","Αθήνα - Βόρεια Προάστια (Αττική)","Χαλάνδρι (Αθήνα - Βόρεια Προάστια)","1","105103","101","2122","106435","Double","4","2","0","0","1","1220358804","https://m1.spitogatos.gr/361332834_1600x1200.jpg?v=20130730","https://m2.spitogatos.gr/361332838_1600x1200.jpg?v=20130730","https://m2.spitogatos.gr/361332841_1600x1200.jpg?v=20130730","https://m2.spitogatos.gr/361332850_1600x1200.jpg?v=20130730","https://m2.spitogatos.gr/361332862_1600x1200.jpg?v=20130730","https://m3.spitogatos.gr/361332878_1600x1200.jpg?v=20130730","https://m3.spitogatos.gr/361332881_1600x1200.jpg?v=20130730","https://m1.spitogatos.gr/361332885_1600x1200.jpg?v=20130730","https://m3.spitogatos.gr/361332890_1600x1200.jpg?v=20130730","https://m3.spitogatos.gr/361332893_1600x1200.jpg?v=20130730","https://m1.spitogatos.gr/361332900_1600x1200.jpg?v=20130730","https://m1.spitogatos.gr/361332909_1600x1200.jpg?v=20130730","https://m2.spitogatos.gr/361332913_1600x1200.jpg?v=20130730","https://m1.spitogatos.gr/361332915_1600x1200.jpg?v=20130730","https://m2.spitogatos.gr/361332922_1600x1200.jpg?v=20130730","https://m3.spitogatos.gr/361332929_1600x1200.jpg?v=20130730","https://m3.spitogatos.gr/361332932_1600x1200.jpg?v=20130730","https://m2.spitogatos.gr/361332937_1600x1200.jpg?v=20130730","https://m1.spitogatos.gr/361332939_1600x1200.jpg?v=20130730","https://m1.spitogatos.gr/361332942_1600x1200.jpg?v=20130730","https://m2.spitogatos.gr/361332946_1600x1200.jpg?v=20130730","https://m3.spitogatos.gr/361332950_1600x1200.jpg?v=20130730","https://m2.spitogatos.gr/361332967_1600x1200.jpg?v=20130730","https://m3.spitogatos.gr/361332977_1600x1200.jpg?v=20130730","https://m2.spitogatos.gr/361333000_1600x1200.jpg?v=20130730","0","0",,"1","38.026085",,"1","23.796015",,"1",,,"2026-07-25","0","0","1","0",,"0","1",,"3","1","0","1",,"0","0","0","1450",,,"0","0","0","0","20.71",,,"1","3","6","1","0",,"0","1","2","0","1",,"1","70","1","6","Βοσπόρου 2-6, 152 33, Χαλάνδρι","0","1","0","2026-07-11","https://www.spitogatos.gr/en/property/1220358804",,"1","0","2026",,"residential"
"1","Ground Floor","no","simple","1","1","0","0","0","2026-02-16","0","1","1","100","1","1","false","house",,"100","0","Κωδικός ακινήτου: 1-1069 - Χαλάνδρι Κέντρο  ΕΝΟΙΚΙΑΖΕΤΑΙ     διαμέρισμα  iσόγειο υπερυψωμένο συνολικής επιφάνειας 238.00 τ.μ. σε οικόπεδο 800 τ.μ. . Αποτελείται από 4 υπνοδωμάτια, σαλόνι, κουζίνα, 2 μπάνια και WC. Είναι κατασκευασμένο το 1990 με ενεργειακή κλάση Γ  και διαθέτει θέρμανση αυτόνομη - φυσικού αερίου, θέα σε πάρκο, κουφώματα ενεργειακά, πατώματα από πλακάκι και ξύλο, πόρτα ασφαλείας, εντοιχιζόμενες ντουλάπες, πάρκινγκ, αποθήκη , κήπο, τζάκι, A/C, προεγκατάσταση Α/C, προεγκατάσταση συναγερμού, ηλεκτρικές συσκευές, τέντες, διπλά τζάμια, σκαλιά εισόδου, BBQ, dressing room, laundry room, δορυφορική κεραία, κάμερες, θυροτηλεόραση, ανοιχτωσιά, μπαλκόνια 100 τ.μ. απόσταση από θάλασσα 15000 μέτρα απόσταση από πόλη 10000 μέτρα  απόσταση από αεροδρόμιο 25000 μέτρα απόσταση από μετρό 4000 μέτρα - Τιμή: 2.800 €  <br>ΧΑΛΑΝΔΡΙ <br>Σε μία όμορφη και ήσυχη γειτονιά, με άμεση πρόσβαση στην Λ.Κηφισιάς, και σε όλους τους υπόλοιπους οδικούς άξονες (Αττική Οδό / Αθηνών Λαμίας), μέσα σε ένα καταπράσινο περιβάλλον, ενοικιάζεται ένα αρχοντικό αριστοκρατικό διαμέρισμα , υπερυψωμένου ισογείου, εμβαδού 268τμ . <br>Μπαίνοντας κανείς ανεβαίνει 7 σκαλοπάτια και βρίσκεται στην κεντρική είσοδο της πολυκατοικίας , μέσα βρίσκει την είσοδο του ασανσέρ και την κεντρική είσοδο του διαμερίσματος . <br>Διαθέτει άνετο χώρο υποδοχής, χωλ , όπου αριστερά προχωράμε και συναντάμε το μεγάλο σαλόνι με το επιβλητικό τζάκι και 2 πολύ μεγάλα συρόμενα ξύλινα ενεργειακά κουφώματα (πόρτες μπαλκονιού) με διπλά τζάμια , που δίνουν την φωτεινότητα στο χώρο, κοιτώντας δεξιά βρίσκουμε έναν χώρο άνετο επίσης όπου μπορεί κανείς να τοποθετήσει την τραπεζαρία.<br> Όλα τα ρολά έχουν μετατραπεί σε ηλεκτρικά <br>Το σπίτι έχει βαφτεί όλο <br>Έγιναν αλλαγές στους ηλεκτρικούς διακόπτες + πρίζες .<br>Η κουζίνα είναι στον αμέσως δίπλα χώρο, υπάρχει πόρτα , είναι κλειστή και διαθέτει επίσης μεγάλο άνοιγμα για να βάλει κανείς μία 2η τραπεζαρία για καθημερινή χρήση της οικογένειας. <br>Η κουζίνα είναι λειτουργική , άνετη και εξίσου φωτεινή, έχει πόρτα που μας οδηγεί στο πλαϊνό μπαλκόνι και στον κοινόχρηστο  κήπο , όπου βρίσκουμε στο πίσω μέρος του σπιτιού το BBQ . <br>Από το χωλ και δεξιά βρίσκουμε έναν κεντρικό διάδρομο όπου αριστερά μας δίνει πρόσβαση στην κουζίνα, δεξιά σε μία αποθήκη και χώρο laundry, , προχωρώντας δεξιά μας συναντάμε τη μάστερ κρεβατοκάμαρα με χώρο για τα ρούχα (βεστιάριο και κλινοσκεπάσματα) . <br>Αριστερά μας συναντάμε το 2ο από τα 4 υπνοδωμάτια, είναι το πιο μικρό και μπορεί κανείς να το χρησιμοποιήσει και ως γραφείο . <br>Τέλος στο βάθος βρίσκουμε τα τελευταία 2 υπνοδωμάτια με ένα μπάνιο ενδιάμεσα. Όλα έχουν μπαλκόνια και παράθυρα που εξασφαλίζουν έτσι μεγάλη φωτεινότητα. Το σπίτι είναι πολύ ευρύχωρο, λειτουργικό για μία μεγάλη οικογένεια ή και ένα ζευγάρι που θα στεγάσει τα όνειρά του και θα απολαύσει ωραίες στιγμές με φίλους και συγγενείς . <br>Η θέρμανση είναι φυσικό αέριο και αυτόνομη, έχει 6 κλιματιστικές μονάδες , έχει στο πίσω μέρος του οικοπέδου θέση για 1 ΙΧ με στέγαστρο . <br>Περιμετρικά έχουμε μπαλκόνια και ελεύθερη πρόσβαση στο οικόπεδο με ωραία δέντρα λεμονιές, πορτοκαλιές και γενικά όλη αυτή η ατμόσφαιρα σου δίνει μία ευχάριστη αίσθηση και μία θετική αύρα , της παλιάς γειτονιάς, με τις ωραίες μυρωδιές και τις εικόνες πρασίνου . <br>Τα κοινόχρηστα είναι κατά μέσο όρο στα 100 ευρώ , οι γείτονες είναι όλοι πολύ αξιόλογοι και ήσυχοι, δεν θα ενοχληθεί ποτέ αυτός που θα το επιλέξει. <br>Σε σημείο που εξασφαλίζεται η ασφάλεια και λόγω της ψηλής περίφραξης , αλλά και λόγω του σημείου που έχει συνεχή επισκεψιμότητα, δεν είναι απόμερο ή απομακρυσμένο ! <br>Καλέστε μας για περισσότερες πληροφορίες. <br>Επισκεφτείτε ένα από τα γραφεία μας για να γνωριστούμε σε Αθήνα, Κηφισιά, Αργολίδα, Ύδρα και Σπέτσες . <br>Μπείτε στην κεντρική μας σελίδα να βρείτε το σύνολο των παρεχόμενων υπηρεσιών , ειδικά αυτή της μετακόμισης, που με εξειδίκευση παρέχουμε στους πελάτες μας από το 1969 ! <br><br>www.paparounisgroup.gr <br><br>  <br>","15000",,,"0","5","1","1","2026-02-04","3","10","0","no","yes","1","Αθήνα - Βόρεια Προάστια (Αττική)","Χαλάνδρι (Αθήνα - Βόρεια Προάστια)","1","105103","101","2122","106435","Double","1","2","0","0","1","1219319065","https://m1.spitogatos.gr/349346556_1600x1200.jpg?v=20130730","https://m3.spitogatos.gr/349346561_1600x1200.jpg?v=20130730","https://m3.spitogatos.gr/349346564_1600x1200.jpg?v=20130730","https://m2.spitogatos.gr/349346566_1600x1200.jpg?v=20130730","https://m3.spitogatos.gr/349346570_1600x1200.jpg?v=20130730","https://m2.spitogatos.gr/349346572_1600x1200.jpg?v=20130730","https://m3.spitogatos.gr/349346573_1600x1200.jpg?v=20130730","https://m1.spitogatos.gr/349346574_1600x1200.jpg?v=20130730","https://m2.spitogatos.gr/349346575_1600x1200.jpg?v=20130730","https://m1.spitogatos.gr/349346577_1600x1200.jpg?v=20130730","https://m2.spitogatos.gr/349346578_1600x1200.jpg?v=20130730","https://m3.spitogatos.gr/349346579_1600x1200.jpg?v=20130730","https://m1.spitogatos.gr/349346580_1600x1200.jpg?v=20130730","https://m3.spitogatos.gr/349346582_1600x1200.jpg?v=20130730","https://m1.spitogatos.gr/349346583_1600x1200.jpg?v=20130730","https://m2.spitogatos.gr/349346584_1600x1200.jpg?v=20130730","https://m3.spitogatos.gr/349346585_1600x1200.jpg?v=20130730","https://m1.spitogatos.gr/349346586_1600x1200.jpg?v=20130730","https://m2.spitogatos.gr/349346587_1600x1200.jpg?v=20130730","https://m3.spitogatos.gr/349346591_1600x1200.jpg?v=20130730","https://m1.spitogatos.gr/349346592_1600x1200.jpg?v=20130730","https://m3.spitogatos.gr/349346594_1600x1200.jpg?v=20130730","https://m1.spitogatos.gr/349346595_1600x1200.jpg?v=20130730",,,"0","0",,"1","38.028831",,"1","23.794607","800","1",,,"2026-07-14","1","0",,"0",,"1","2","2","3","1","0","0","1","0","0","0","2800",,,"0","0","0","0","11.76",,,"1","3","6","1","0",,"0","1","4","1","1","0","0","238","1",,"Κύπρου 34, 152 33, Χαλάνδρι","0","1","0","2026-02-04","https://www.spitogatos.gr/en/property/1219319065",,"1","0","1990",,"residential"
"1","1",,"simple","1","0","1","0","0","2026-09-30","0","0","1","0","0",,,"house",,,"1","Ξεκίνα να ζεις από την πρώτη μέρα, σε αυτό το κομψά επιπλωμένο διαμέρισμα τριών υπνοδωματίων της Blueground στο κέντρο του Χαλανδρίου. Πλήρως εξοπλισμένο με έπιπλα μοναδικού design, ηλεκτρικές συσκευές τελευταίας τεχνολογίας.<br><br />
<br />
Η διαφημιζόμενη τιμή των €1,150/μήνα είναι η τιμή για 1 έτος, με ημερομηνία έναρξης Σεπτεμβρίου 29, 2026. Η χαμηλότερη διαθέσιμη τιμή είναι €1,120/μήνα για μίσθωση 8 μήνα(μηνών) και 16 ημέρας(ημερών) με ημερομηνία έναρξης Σεπτεμβρίου 29, 2026.<br />
<br>Οι τιμές διαφέρουν ανάλογα με τη διάρκεια παραμονής, την εποχικότητα και άλλους παράγοντες. Επισκεφθείτε τον ιστότοπό μας και εισάγετε τις ημερομηνίες διαμονής σας για να δείτε ενημερωμένες τιμές για την κράτησή σας. Η τιμή ισχύει μόνο με προκαταβολή· ενδέχεται να είναι υψηλότερη εάν πληρωθεί σε δόσεις.<br />
<br />
<b>Κλείστε αυτό το διαμέρισμα online!</b><br />
<br />
https://www.theblueground.com/p/furnished-apartments/ath-642?utm_source=classified-4<br />
<br />
Aναβαθμίστε τη διαμονή σας με ένα πλήρως επιπλωμένο διαμέρισμα από τη Blueground:<br />
      – Επιπλωμένα σπίτια σε τιμές αντίστοιχες με τα ανεπίπλωτα<br />
      – Χωρίς κόστη εγκατάστασης ή αγοράς επίπλων - εξοικονομήστε χρόνο και χρήματα<br />
      – Έτοιμα για άμεση μετακόμιση - το μόνο που χρειάζεστε είναι η βαλίτσα σας<br />
<br />
<b>Ο χώρος</b><br><br />
Έπιπλα μοναδικού design, πλήρως εξοπλισμένη κουζίνα, smart TV ή/και ασύρματα ηχεία τελευταίας τεχνολογίας, είναι λίγες μόνο από τις ανέσεις που σου προσφέρει αυτό το διαμέρισμα τριών υπνοδωματίων της Blueground. Θα το αγαπήσεις όμως και για τη μοναδική του τοποθεσία, καθώς βρίσκεται σε ένα από τα πιο κεντρικά σημεία του Χαλανδρίου.<br />
<br />
<b>Διαρρύθμιση δωματίων ύπνου</b><br />
    <br />
        Υπέρδιπλο κρεβάτι: 160 εκ.<br />
<br />
        Διπλό κρεβάτι: 140 εκ.<br />
<br />
<b>Παροχές κτιρίου</b><br />
<br />
      Ασανσέρ<br />
      Πλυντήριο<br />
<br />
<br />
<b>Άφιξη και συνεχής υποστήριξη πελατών</b><br><br />
Κατά τη διάρκεια της διαμονής σου, η ομάδα μας θα είναι διαθέσιμη για να σε βοηθήσει με οτιδήποτε χρειαστείς. Μέσω της ειδικής mobile εφαρμογής της Blueground έχεις συνεχή υποστήριξη, ενώ μπορείς ακόμη να προγραμματίσεις υπηρεσίες καθαρισμού, συντήρησης ή επισκευής, με το πάτημα ενός κουμπιού.<br />
<br />
<b>Ιδανική τοποθεσία</b><br />
<br />
Το Χαλάνδρι είναι μια ζωντανή γειτονιά, που βρίσκεται στα βόρεια προάστια, μόλις 10 χιλιόμετρα από το κέντρο της Αθήνας. Το Χαλάνδρι είναι γνωστό για τις εμπορικές του συνοικίες και τη ζωντανή σκηνή των μπαρ. Η περιοχή φιλοξενεί πολλές μεγάλες πολυεθνικές εταιρείες, οργανισμούς και πρεσβείες. Εξυπηρετείται από τους σταθμούς του μετρό Χαλάνδρι & Αγία Παρασκευή, καθώς και από συνδέσεις με λεωφορεία, ενώ έχει εύκολη πρόσβαση στην Αττική Οδό.",,"1",,"1","9","0","0","2026-07-03","6",,"0","yes","no","0","Αθήνα - Βόρεια Προάστια (Αττική)","Χαλάνδρι (Αθήνα - Βόρεια Προάστια)","1","105103","101","2122","106435",,"1","1","0","0","1","1220293956","https://m2.spitogatos.gr/360347488_1600x1200.jpg?v=20130730","https://m3.spitogatos.gr/360347492_1600x1200.jpg?v=20130730","https://m1.spitogatos.gr/360347499_1600x1200.jpg?v=20130730","https://m3.spitogatos.gr/360347507_1600x1200.jpg?v=20130730","https://m1.spitogatos.gr/360347511_1600x1200.jpg?v=20130730","https://m1.spitogatos.gr/360347514_1600x1200.jpg?v=20130730","https://m3.spitogatos.gr/360347519_1600x1200.jpg?v=20130730","https://m2.spitogatos.gr/360347524_1600x1200.jpg?v=20130730","https://m3.spitogatos.gr/360347528_1600x1200.jpg?v=20130730","https://m1.spitogatos.gr/360347532_1600x1200.jpg?v=20130730","https://m1.spitogatos.gr/360347535_1600x1200.jpg?v=20130730","https://m3.spitogatos.gr/360347540_1600x1200.jpg?v=20130730","https://m2.spitogatos.gr/360347545_1600x1200.jpg?v=20130730","https://m2.spitogatos.gr/360347551_1600x1200.jpg?v=20130730","https://m3.spitogatos.gr/360347555_1600x1200.jpg?v=20130730","https://m1.spitogatos.gr/360347562_1600x1200.jpg?v=20130730","https://m3.spitogatos.gr/360347570_1600x1200.jpg?v=20130730","https://m2.spitogatos.gr/360347575_1600x1200.jpg?v=20130730","https://m1.spitogatos.gr/360347580_1600x1200.jpg?v=20130730","https://m1.spitogatos.gr/360347583_1600x1200.jpg?v=20130730","https://m3.spitogatos.gr/360347585_1600x1200.jpg?v=20130730","https://m2.spitogatos.gr/360347590_1600x1200.jpg?v=20130730","https://m3.spitogatos.gr/360347597_1600x1200.jpg?v=20130730",,,"0","0",,"0","38.0271","1","0","23.790813",,"0",,,"2026-07-31","0","0",,"0",,"1","1",,,"1","0","0",,"0","0","0","1150",,,"0","0","0","0","12.78",,,"1","3",,"1","1",,,,"3","0","1",,,"90","0",,"Kordeliou 2","1","1","0","2026-07-03","https://www.spitogatos.gr/en/property/1220293956",,"0",,"1976","hwuVSajmA5U",
"0","3","yes","simple","1","1","0","0","0","2026-03-06","0","1","1","0","1",,,"house",,"33","1","Πανέμορφο διαμπερές οροφοδιαμέρισμα στην Ριζάρειο στο Χαλάνδρι. Διαθέτει τρία Φωτεινά υπνοδωμάτια, μεγάλο σαλόνι και εξαιρετικής κατασκευής κουζίνα καθώς και περιμετρικά μπαλκόνια .<br />
Ενοικίαση, Διαμέρισμα,  Μπάνια: 1,  WC: 1,  Εμβαδόν: 130 τ.μ.,  Δωμάτια: 3,  Έτος κατασκευής: 1980,  Θέα,  Βεράντα,  Ασανσέρ,  Κήπος,  Πόρτα ασφαλείας,  Όροφος: 3ος,  Γωνιακό,  Πρόσοψης,  Επιτρέπονται κατοικίδια,  Ανακαινισμένο,  Τέντα,  Διαμπερές,  Φωτεινό,  Κουζίνες: 1,  Κουφώματα: Αλουμινίου,  Τύπος δαπέδων: Ξύλο,  Πρόσβαση για ΑΜΕΑ,  Θέρμανση: Αυτόνομη θέρμανση,  Μέσο θέρμανσης: Φυσικό αέριο,  Πρόσβαση από: Άσφαλτο,  Ζώνη: Οικιστική ζώνη,  Ενεργειακή κλάση: Σε Εξέλιξη,  Προσανατολισμός: Νοτιοανατολικός,  Έτος Ανακαίνισης: 2024,  Μηνιαία κοινόχρηστα: 33",,"0",,"1","5","1","0","2026-02-26","8","2","0","no","no","1","Αθήνα - Βόρεια Προάστια (Αττική)","Χαλάνδρι (Αθήνα - Βόρεια Προάστια)","1","105103","101","2122","107025",,"1","2","0","0","1","1219449030","https://m3.spitogatos.gr/346983875_1600x1200.jpg?v=20130730","https://m3.spitogatos.gr/346983878_1600x1200.jpg?v=20130730","https://m2.spitogatos.gr/346983883_1600x1200.jpg?v=20130730","https://m2.spitogatos.gr/346983886_1600x1200.jpg?v=20130730","https://m3.spitogatos.gr/346983890_1600x1200.jpg?v=20130730","https://m3.spitogatos.gr/346983893_1600x1200.jpg?v=20130730","https://m1.spitogatos.gr/346983897_1600x1200.jpg?v=20130730","https://m1.spitogatos.gr/346983903_1600x1200.jpg?v=20130730","https://m1.spitogatos.gr/346983906_1600x1200.jpg?v=20130730","https://m3.spitogatos.gr/346983911_1600x1200.jpg?v=20130730","https://m2.spitogatos.gr/346983916_1600x1200.jpg?v=20130730","https://m2.spitogatos.gr/346983922_1600x1200.jpg?v=20130730","https://m3.spitogatos.gr/346983926_1600x1200.jpg?v=20130730","https://m1.spitogatos.gr/346983930_1600x1200.jpg?v=20130730",,,,,,,,,,,,"0","0","2","1","38.026726","1","0","23.79887",,"0",,,"2026-03-06","0","0",,"0",,"1","1",,"11","0","0","0","1","0","0","0","1300",,,"0","0","0","0","10",,,"1","3","6","1","1","2024","0","1","3","0","1",,"0","130","0",,"Κουντουριώτων 7, Χαλάνδρι 152 33, Ελλάδα","0","1","0","2026-02-26","https://www.spitogatos.gr/en/property/1219449030",,"1",,"1980","JxY_cN414wA","residential"
"1","1","no","simple","1","1","0","0","0","2026-07-25","0","0","0","0","1","0",,"house",,,"0","<br>Άνω Χαλάνδρι - Νεόδμητο 91τ.μ., 1ου ορόφου, Κατασκευής 2026, με Parking & Αποθήκη 12τ.μ. με Dexion<br>Νεόδμητο, ακατοίκητο και διαμπερές διαμέρισμα 91τ.μ., 1ου ορόφου, κατασκευής 2026, σε ήσυχη οικογενειακή γειτονιά στο Άνω Χαλάνδρι, λίγα μέτρα από Λ. Πεντέλης.<br>Ιδανικό για πρώτη κατοικία ζευγαριού ή τριμελούς οικογένειας. Με 2 υπνοδωμάτια περίπου το ίδιο μέγεθος (το 2ο ιδανικό για παιδικό ή γραφείο), ενιαίο φωτεινό σαλόνι με ενεργειακό τζάκι και μπαλκόνι, και μικρή εσωτερική αποθήκη μέσα στο διαμέρισμα.<br>Προδιαγραφές:<br>•  Ενεργειακή Κλάση Α, ενδοδαπέδια θέρμανση με φυσικό αέριο<br>•  Πλήρως εξοπλισμένη κουζίνα με εγκατεστημένη ηλεκτρική κουζίνα και ψυγείο<br>•  Ηλιακός, 3 κλιματιστικά inverter, κουφώματα αλουμινίου, θωρακισμένη πόρτα<br>•  Θέση πάρκινγκ<br>_   Αποθήκη υπογείου 12τ.μ. με σύστημα Dexion - πλήρως οργανωμένη<br>_   Επιπλέον μικρή εσωτερική αποθήκη<br>Σημείωση: Δεν επιτρέπονται κατοικίδια<br>Κοντά σε σχολεία, παιδικούς σταθμούς, Ρεματιά, σούπερ μάρκετ, στάσεις, με εύκολη πρόσβαση σε Αττική Οδό & Μετρό <br>Τα στοιχεία και τα χαρακτηριστικά του ακινήτου βασίζονται σε πληροφορίες που έχουν παρασχεθεί από τον εκάστοτε ιδιοκτήτη. Η ακριβής θέση στον χάρτη είναι ενδεικτική και ενδέχεται να μην ανταποκρίνεται πλήρως στη γεωγραφική τοποθέτηση του ακινήτου. Η υπόδειξη του Ακινήτου γίνεται με την επίδειξη της Αστυνομικής Ταυτότητας και Α.Φ.Μ του Πελάτη βάσει του Ν.4557/2018 (ΦΕΚ 139/2018) και ΠΟΛ 1200/29.10.2018 (ΦΕΚ Β’ 4869/2018) και όσων ατόμων παραστούν στην υπόδειξη του. Επικοινωνήστε άμεσα για ραντεβού και προσωπική ξενάγηση στο χώρο! Τιμή: 1.200 €<br> <br>",,,,"1","1","0","1","2026-07-25","6","4","0","no","yes","1","Αθήνα - Βόρεια Προάστια (Αττική)","Χαλάνδρι (Αθήνα - Βόρεια Προάστια)","1","105103","101","2122","102122","Double","1","2","1","0","1","1220487796","https://m1.spitogatos.gr/363248943_1600x1200.jpg?v=20130730","https://m2.spitogatos.gr/363248944_1600x1200.jpg?v=20130730","https://m3.spitogatos.gr/363248945_1600x1200.jpg?v=20130730","https://m1.spitogatos.gr/363248946_1600x1200.jpg?v=20130730","https://m2.spitogatos.gr/363248947_1600x1200.jpg?v=20130730","https://m1.spitogatos.gr/363248949_1600x1200.jpg?v=20130730","https://m3.spitogatos.gr/363248951_1600x1200.jpg?v=20130730","https://m2.spitogatos.gr/363248953_1600x1200.jpg?v=20130730","https://m1.spitogatos.gr/363248955_1600x1200.jpg?v=20130730","https://m2.spitogatos.gr/363248956_1600x1200.jpg?v=20130730","https://m1.spitogatos.gr/363248961_1600x1200.jpg?v=20130730","https://m2.spitogatos.gr/363248965_1600x1200.jpg?v=20130730","https://m3.spitogatos.gr/363248969_1600x1200.jpg?v=20130730","https://m2.spitogatos.gr/363248974_1600x1200.jpg?v=20130730","https://m2.spitogatos.gr/363248977_1600x1200.jpg?v=20130730","https://m3.spitogatos.gr/363248981_1600x1200.jpg?v=20130730","https://m1.spitogatos.gr/363248985_1600x1200.jpg?v=20130730","https://m3.spitogatos.gr/363248990_1600x1200.jpg?v=20130730","https://m1.spitogatos.gr/363248994_1600x1200.jpg?v=20130730","https://m1.spitogatos.gr/363249000_1600x1200.jpg?v=20130730","https://m1.spitogatos.gr/363249003_1600x1200.jpg?v=20130730","https://m1.spitogatos.gr/363249006_1600x1200.jpg?v=20130730","https://m1.spitogatos.gr/363249009_1600x1200.jpg?v=20130730","https://m1.spitogatos.gr/363249012_1600x1200.jpg?v=20130730",,"0","0","2","1","38.02483",,"1","23.813974",,"1",,,"2026-07-31","0","0","1","0",,"1","1",,"3","1","0","0",,"0","0","0","1200",,,"0","0","0","0","13.19",,,"1","3","6","1","0",,"0","1","2","0","1",,"1","91","1","12","Πάροδος Λευκων Ορεων 2, 152 34, Χαλάνδρι","0","1","0","2026-07-25","https://www.spitogatos.gr/en/property/1220487796",,"1","0","2026",,"residential"
"1","5","yes","simple","1",,"1",,"0","2026-09-01","0","1","1","0","1",,,"house",,"50",,"ΧΑΛΑΝΔΡΙ – ΚΕΝΤΡΟ. Εξαιρετικό ρετιρέ διαμέρισμα 120τμ, 5ου ορόφου, σε ιδιαίτερα φροντισμένη πολυκατοικία με όμορφο κήπο, μόλις 10 λεπτά με τα πόδια από το μετρό Χαλανδρίου. Διαθέτει σαλόνι – τραπεζαρία, δεύτερο καθιστικό και γραφείο, δύο υπνοδωμάτια, κουζίνα πλήρως εξοπλισμένη και pantry storage, 1 πλήρες μπάνιο, 1 WC, 1 θέση πάρκινγκ στο υπόγειο του κτιρίου και 1 στην πιλοτή και αποθήκη 8τμ. Σε ύφος minimal classic modern, με απεριόριστη θέα, κοντά στο εμπορικό κέντρο του Χαλανδρίου είναι ιδανικό για ζευγάρια ή ολιγομελείς οικογένειες. Προσφέρεται πλήρως επιπλωμένο και εξοπλισμένο από διακοσμητή στην τιμή των 1.500€. ΑΞΙΖΕΙ ΝΑ ΤΟ ΕΠΙΣΚΕΦΘΕΙΤΕ.<br />
Πάρα πολλά ακόμα ακίνητα,μικρότερα-μεγαλύτερα,στην Κηφισιά και στους όμορους Δήμους www.panteleonrealestate.gr Μεσιτικό Κώστας Παντελαίων-Κηφισιά-6945-392060 info@panteleon.gr Σε περίπτωση ενδιαφέροντος καλέστε στο κινητό από 11.00 - 20.00.<br />
Email: info@panteleon.gr<br />
URL: https://www.panteleonrealestate.gr <br />
Μεσιτικό Κώστας Παντελαίων<br />
Κόκκοτα Π. 8, 145 61 Κηφισιά<br />
Κιν.: +30 6945 392060<br />
Τηλ.1 / Φαξ: +30 210 6231415<br />
Τηλ.2: +30 210 8050100<br />
更多KIFISSIA或者周边房产资源(公寓或者别墅），您可以通过以下方式联系我们:<br />
www.panteleonrealestate.gr <br />
Panteleon 地产中介- Kifissia - ( + 30 ) 6945-392060 <br />
邮箱:info@panteleon.gr",,,,"1","3","1","1","2024-01-09","10","6",,"yes","yes","1","Αθήνα - Βόρεια Προάστια (Αττική)","Χαλάνδρι (Αθήνα - Βόρεια Προάστια)","1","105103","101","2122","102122","Triple","1","2",,,"1","1215163601","https://m1.spitogatos.gr/275721216_1600x1200.jpg?v=20130730","https://m2.spitogatos.gr/275721235_1600x1200.jpg?v=20130730","https://m1.spitogatos.gr/275721243_1600x1200.jpg?v=20130730","https://m2.spitogatos.gr/275721253_1600x1200.jpg?v=20130730","https://m2.spitogatos.gr/275721265_1600x1200.jpg?v=20130730","https://m3.spitogatos.gr/275721278_1600x1200.jpg?v=20130730","https://m1.spitogatos.gr/275721294_1600x1200.jpg?v=20130730","https://m3.spitogatos.gr/275721305_1600x1200.jpg?v=20130730","https://m1.spitogatos.gr/275721321_1600x1200.jpg?v=20130730","https://m3.spitogatos.gr/275721344_1600x1200.jpg?v=20130730","https://m2.spitogatos.gr/275721373_1600x1200.jpg?v=20130730","https://m3.spitogatos.gr/275721386_1600x1200.jpg?v=20130730","https://m1.spitogatos.gr/275721411_1600x1200.jpg?v=20130730","https://m3.spitogatos.gr/275721599_1600x1200.jpg?v=20130730","https://m3.spitogatos.gr/275721620_1600x1200.jpg?v=20130730","https://m2.spitogatos.gr/275721637_1600x1200.jpg?v=20130730","https://m1.spitogatos.gr/275721651_1600x1200.jpg?v=20130730","https://m1.spitogatos.gr/275721663_1600x1200.jpg?v=20130730","https://m2.spitogatos.gr/275721673_1600x1200.jpg?v=20130730","https://m1.spitogatos.gr/275721687_1600x1200.jpg?v=20130730","https://m2.spitogatos.gr/275721703_1600x1200.jpg?v=20130730","https://m3.spitogatos.gr/275721719_1600x1200.jpg?v=20130730","https://m2.spitogatos.gr/275721745_1600x1200.jpg?v=20130730","https://m2.spitogatos.gr/275721757_1600x1200.jpg?v=20130730","https://m3.spitogatos.gr/275721770_1600x1200.jpg?v=20130730",,,"2","1","38.025009","1","2","23.814859","600",,,,"2024-08-03","0",,,"1",,"1","1","5","3","1","1",,"1",,,,"1500",,,"0","0","0","0","12.5",,,"1","3","6","1","1",,,"1","2",,"1",,"1","120","1","8",,,"1",,"2024-01-09","https://www.spitogatos.gr/en/property/1215163601","https://vtours.pepita.io/spitogatos/e844ddb6-33c1-4164-a524-4465676cd69f","1",,"1999",,"residential"
"1","3",,"simple","1","0","1","0","0","2026-09-15","0","0","1","0","0",,,"house",,,"1","Νιώσε σαν στο σπίτι σου, όπου και αν επιλέξεις να μείνεις με την Blueground. Θα λατρέψεις αυτό το όμορφα επιπλωμένο διαμέρισμα τεσσάρων υπνοδωματίων, για τη διακόσμησή του, την πλήρως εξοπλισμένη κουζίνα και το ζεστό καθιστικό του. Βρίσκεται σε ιδανική τοποθεσία, κοντά σε όλα όσα έχει να σου προσφέρει το Χαλάνδρι!<br><br />
<br />
Η διαφημιζόμενη τιμή των €2,040/μήνα είναι η τιμή για 1 έτος, με ημερομηνία έναρξης Σεπτεμβρίου 14, 2026.<br />
<br>Οι τιμές διαφέρουν ανάλογα με τη διάρκεια παραμονής, την εποχικότητα και άλλους παράγοντες. Επισκεφθείτε τον ιστότοπό μας και εισάγετε τις ημερομηνίες διαμονής σας για να δείτε ενημερωμένες τιμές για την κράτησή σας. Η τιμή ισχύει μόνο με προκαταβολή· ενδέχεται να είναι υψηλότερη εάν πληρωθεί σε δόσεις.<br />
<br />
<b>Κλείστε αυτό το διαμέρισμα online!</b><br />
<br />
https://www.theblueground.com/p/furnished-apartments/ath-457?utm_source=classified-4<br />
<br />
Aναβαθμίστε τη διαμονή σας με ένα πλήρως επιπλωμένο διαμέρισμα από τη Blueground:<br />
      – Επιπλωμένα σπίτια σε τιμές αντίστοιχες με τα ανεπίπλωτα<br />
      – Χωρίς κόστη εγκατάστασης ή αγοράς επίπλων - εξοικονομήστε χρόνο και χρήματα<br />
      – Έτοιμα για άμεση μετακόμιση - το μόνο που χρειάζεστε είναι η βαλίτσα σας<br />
<br />
<b>Ο χώρος</b><br><br />
Έπιπλα μοναδικού design, πλήρως εξοπλισμένη κουζίνα, smart TV ή/και ασύρματα ηχεία τελευταίας τεχνολογίας, είναι λίγες μόνο από τις ανέσεις που σου προσφέρει αυτό το διαμέρισμα τεσσάρων υπνοδωματίων της Blueground. Θα το αγαπήσεις όμως και για τη μοναδική του τοποθεσία, καθώς βρίσκεται σε ένα από τα πιο κεντρικά σημεία του Χαλανδρίου.<br />
<br />
<b>Διαρρύθμιση δωματίων ύπνου</b><br />
    <br />
        Υπέρδιπλο κρεβάτι: 160 εκ.<br />
<br />
        Υπέρδιπλο κρεβάτι: 160 εκ.<br />
<br />
        Διπλό κρεβάτι: 140 εκ.<br />
<br />
<b>Παροχές κτιρίου</b><br />
<br />
      Πλυντήριο<br />
      Θέση στάθμευσης<br />
<br />
<br />
<b>Άφιξη και συνεχής υποστήριξη πελατών</b><br><br />
Κατά τη διάρκεια της διαμονής σου, η ομάδα μας θα είναι διαθέσιμη για να σε βοηθήσει με οτιδήποτε χρειαστείς. Μέσω της ειδικής mobile εφαρμογής της Blueground έχεις συνεχή υποστήριξη, ενώ μπορείς ακόμη να προγραμματίσεις υπηρεσίες καθαρισμού, συντήρησης ή επισκευής, με το πάτημα ενός κουμπιού.<br />
<br />
<b>Ιδανική τοποθεσία</b><br />
<br />
Το Χαλάνδρι είναι μια ζωντανή γειτονιά, που βρίσκεται στα βόρεια προάστια, μόλις 10 χιλιόμετρα από το κέντρο της Αθήνας. Το Χαλάνδρι είναι γνωστό για τις εμπορικές του συνοικίες και τη ζωντανή σκηνή των μπαρ. Η περιοχή φιλοξενεί πολλές μεγάλες πολυεθνικές εταιρείες, οργανισμούς και πρεσβείες. Εξυπηρετείται από τους σταθμούς του μετρό Χαλάνδρι & Αγία Παρασκευή, καθώς και από συνδέσεις με λεωφορεία, ενώ έχει εύκολη πρόσβαση στην Αττική Οδό.",,"1",,"0","7","0","1","2026-05-26","8",,"0","yes","yes","0","Αθήνα - Βόρεια Προάστια (Αττική)","Χαλάνδρι (Αθήνα - Βόρεια Προάστια)","1","105103","101","2122","106435",,"1","1","0","0","1","1219949427","https://m1.spitogatos.gr/359902083_1600x1200.jpg?v=20130730","https://m1.spitogatos.gr/359902092_1600x1200.jpg?v=20130730","https://m2.spitogatos.gr/359902105_1600x1200.jpg?v=20130730","https://m3.spitogatos.gr/359902115_1600x1200.jpg?v=20130730","https://m2.spitogatos.gr/359902126_1600x1200.jpg?v=20130730","https://m1.spitogatos.gr/359902137_1600x1200.jpg?v=20130730","https://m1.spitogatos.gr/359902146_1600x1200.jpg?v=20130730","https://m1.spitogatos.gr/359902155_1600x1200.jpg?v=20130730","https://m2.spitogatos.gr/359902168_1600x1200.jpg?v=20130730","https://m2.spitogatos.gr/359902180_1600x1200.jpg?v=20130730","https://m2.spitogatos.gr/359902192_1600x1200.jpg?v=20130730","https://m2.spitogatos.gr/359902204_1600x1200.jpg?v=20130730","https://m1.spitogatos.gr/359902218_1600x1200.jpg?v=20130730","https://m2.spitogatos.gr/359902228_1600x1200.jpg?v=20130730","https://m3.spitogatos.gr/359902244_1600x1200.jpg?v=20130730","https://m3.spitogatos.gr/359902256_1600x1200.jpg?v=20130730","https://m3.spitogatos.gr/359902271_1600x1200.jpg?v=20130730","https://m3.spitogatos.gr/359902283_1600x1200.jpg?v=20130730","https://m1.spitogatos.gr/359902293_1600x1200.jpg?v=20130730","https://m1.spitogatos.gr/359902308_1600x1200.jpg?v=20130730","https://m1.spitogatos.gr/359902317_1600x1200.jpg?v=20130730","https://m2.spitogatos.gr/359902333_1600x1200.jpg?v=20130730","https://m1.spitogatos.gr/359902353_1600x1200.jpg?v=20130730","https://m3.spitogatos.gr/359902364_1600x1200.jpg?v=20130730","https://m1.spitogatos.gr/359902380_1600x1200.jpg?v=20130730","1","0",,"0","38.028339","3","0","23.792425",,"0",,,"2026-07-31","0","0",,"0",,"2","1",,,"1","0","0",,"0","0","0","2040",,,"0","0","0","0","10.2",,,"1","3",,"1","0",,,,"4","0","1",,,"200","0",,"Spartis 12","1","3","0","2026-05-26","https://www.spitogatos.gr/en/property/1219949427",,"0",,"2001",,
"1","2",,"simple","1","0","0","0","0","2026-08-03","0","0","1","0","0",,,"house",,,"1","Ξεκίνα να ζεις από την πρώτη μέρα, σε αυτό το σύγχρονα επιπλωμένο διαμέρισμα τριών υπνοδωματίων της Blueground στο κέντρο του Χαλανδρίου. Πλήρως εξοπλισμένο με έπιπλα μοναδικού design, ηλεκτρικές συσκευές τελευταίας τεχνολογίας.<br><br />
<br />
Η διαφημιζόμενη τιμή των €1,570/μήνα είναι η τιμή για 1 έτος, με ημερομηνία έναρξης Αυγούστου 2, 2026.<br />
<br>Οι τιμές διαφέρουν ανάλογα με τη διάρκεια παραμονής, την εποχικότητα και άλλους παράγοντες. Επισκεφθείτε τον ιστότοπό μας και εισάγετε τις ημερομηνίες διαμονής σας για να δείτε ενημερωμένες τιμές για την κράτησή σας. Η τιμή ισχύει μόνο με προκαταβολή· ενδέχεται να είναι υψηλότερη εάν πληρωθεί σε δόσεις.<br />
<br />
<b>Κλείστε αυτό το διαμέρισμα online!</b><br />
<br />
https://www.theblueground.com/p/furnished-apartments/ath-165?utm_source=classified-4<br />
<br />
Aναβαθμίστε τη διαμονή σας με ένα πλήρως επιπλωμένο διαμέρισμα από τη Blueground:<br />
      – Επιπλωμένα σπίτια σε τιμές αντίστοιχες με τα ανεπίπλωτα<br />
      – Χωρίς κόστη εγκατάστασης ή αγοράς επίπλων - εξοικονομήστε χρόνο και χρήματα<br />
      – Έτοιμα για άμεση μετακόμιση - το μόνο που χρειάζεστε είναι η βαλίτσα σας<br />
<br />
<b>Ο χώρος</b><br><br />
Σε αυτό το κομψό Blueground διαμέρισμα τριών υπνοδωματίων, θα βρεις ένα χώρο προσεκτικά σχεδιασμένο και πλήρως εξοπλισμένο με έπιπλα μοναδικού design και ηλεκτρικές συσκευές τελευταίας τεχνολογίας.<br />
Νιώσε όμορφα και χαλαρά στο νέο σου σπίτι κάθε στιγμή. Και όταν θα θες να διασκεδάσεις, μπορείς να βγεις και να αφεθείς στον παλμό του Χαλανδρίου ή να φέρεις τη διασκέδαση σπίτι, με τα ασύρματα ηχεία ή τη smart TV.<br />
<br />
<b>Διαρρύθμιση δωματίων ύπνου</b><br />
    <br />
        Μονό κρεβάτι: 90 εκ.<br />
<br />
        Υπέρδιπλο κρεβάτι: 160 εκ.<br />
<br />
        Διπλό κρεβάτι: 140 εκ.<br />
<br />
<b>Παροχές κτιρίου</b><br />
<br />
      Ασανσέρ<br />
      Πλυντήριο<br />
      Θέση στάθμευσης<br />
<br />
<br />
<b>Άφιξη και συνεχής υποστήριξη πελατών</b><br><br />
Κατά τη διάρκεια της διαμονής σου, η ομάδα μας θα είναι διαθέσιμη για να σε βοηθήσει με οτιδήποτε χρειαστείς. Μέσω της ειδικής mobile εφαρμογής της Blueground έχεις συνεχή υποστήριξη, ενώ μπορείς ακόμη να προγραμματίσεις υπηρεσίες καθαρισμού, συντήρησης ή επισκευής, με το πάτημα ενός κουμπιού.<br />
<br />
<b>Ιδανική τοποθεσία</b><br />
<br />
Το Χαλάνδρι είναι μια ζωντανή γειτονιά, που βρίσκεται στα βόρεια προάστια, μόλις 10 χιλιόμετρα από το κέντρο της Αθήνας. Το Χαλάνδρι είναι γνωστό για τις εμπορικές του συνοικίες και τη ζωντανή σκηνή των μπαρ. Η περιοχή φιλοξενεί πολλές μεγάλες πολυεθνικές εταιρείες, οργανισμούς και πρεσβείες. Εξυπηρετείται από τους σταθμούς του μετρό Χαλάνδρι & Αγία Παρασκευή, καθώς και από συνδέσεις με λεωφορεία, ενώ έχει εύκολη πρόσβαση στην Αττική Οδό.",,"1",,"1","5","0","1","2026-04-01","7",,"0","yes","yes","1","Αθήνα - Βόρεια Προάστια (Αττική)","Χαλάνδρι (Αθήνα - Βόρεια Προάστια)","1","105103","101","2122",,,"1","2","0","0","1","1219651392","https://m1.spitogatos.gr/359900805_1600x1200.jpg?v=20130730","https://m1.spitogatos.gr/359900817_1600x1200.jpg?v=20130730","https://m1.spitogatos.gr/359900832_1600x1200.jpg?v=20130730","https://m3.spitogatos.gr/359900846_1600x1200.jpg?v=20130730","https://m1.spitogatos.gr/359900862_1600x1200.jpg?v=20130730","https://m1.spitogatos.gr/359900880_1600x1200.jpg?v=20130730","https://m2.spitogatos.gr/359900887_1600x1200.jpg?v=20130730","https://m1.spitogatos.gr/359900901_1600x1200.jpg?v=20130730","https://m3.spitogatos.gr/359900915_1600x1200.jpg?v=20130730","https://m3.spitogatos.gr/359900930_1600x1200.jpg?v=20130730","https://m3.spitogatos.gr/359900942_1600x1200.jpg?v=20130730","https://m3.spitogatos.gr/359900957_1600x1200.jpg?v=20130730","https://m3.spitogatos.gr/359900969_1600x1200.jpg?v=20130730","https://m1.spitogatos.gr/359900988_1600x1200.jpg?v=20130730","https://m1.spitogatos.gr/359901003_1600x1200.jpg?v=20130730","https://m2.spitogatos.gr/359901013_1600x1200.jpg?v=20130730","https://m2.spitogatos.gr/359901022_1600x1200.jpg?v=20130730","https://m1.spitogatos.gr/359901033_1600x1200.jpg?v=20130730","https://m3.spitogatos.gr/359901044_1600x1200.jpg?v=20130730","https://m2.spitogatos.gr/359901052_1600x1200.jpg?v=20130730","https://m1.spitogatos.gr/359901060_1600x1200.jpg?v=20130730","https://m1.spitogatos.gr/359901069_1600x1200.jpg?v=20130730","https://m2.spitogatos.gr/359901079_1600x1200.jpg?v=20130730","https://m2.spitogatos.gr/359901091_1600x1200.jpg?v=20130730","https://m2.spitogatos.gr/359901103_1600x1200.jpg?v=20130730","0","0",,"0","38.030766","1","0","23.796171",,"0",,,"2026-08-01","0","0",,"0",,"0","2",,,"1","0","0",,"0","0","0","1570","2026-07-31 09:52:05","8","0","0","0","0","13.65","1710","true","1","3",,"1","0",,,,"3","0","1",,,"115","0",,"Kiprou 63","1","1","0","2026-04-01","https://www.spitogatos.gr/en/property/1219651392",,"0",,"2014",,
"0","1","no","simple","1","1","1","0","0","2026-07-20","0","0","1","0","1","0",,"house","0",,"0","ID.2527869 - Διαμέρισμα Προς Ενοικίαση, όροφος: 1ος, στην περιοχή: Χαλάνδρι -Κέντρο. Το εμβαδόν του ακινήτου είναι 230 τ.μ.. Αποτελείται από: 4 Υ/Δ 2 μπάνιο/α, 1 wc, 1κουζίνα/ες, 1 σαλόνι/α, 1 τζάκι/α, ενώ οι θέσεις στάθμευσης που διαθέτει είναι: 1 Σε καλυμμένο χώρο. Έχει κατασκευαστεί το 1996. Η θέρμανση του ακινήτου είναι Αυτόνομη με Πετρέλαιο, έχει κουφώματα Αλουμινίου, Ξύλινα με Διπλά τζάμια, ενεργειακό πιστοποιητικό: Δ και τα δάπεδα είναι: Ξύλο. Η κατάστασή του είναι: Πολύ καλή, βρίσκεται κοντά σε Κέντρο Πόλης, Αγορά, Εστίαση. Το ακίνητο είναι Προσόψεως, Φωτεινό, Ευάερο, Ευήλιο, Διαμπερές, Πόρτα Ασφαλείας, Συναγερμός. Τιμή: €1.900. Aspis Real Estate Αμαρουσίου, Τηλέφωνο Επικοινωνίας: 2106124800, email: marousi@aspis-realestate.gr",,,"0","0","6","1","1","2026-07-20","6","2","0","no","yes","0","Αθήνα - Βόρεια Προάστια (Αττική)","Χαλάνδρι (Αθήνα - Βόρεια Προάστια)","1","105103","101","2122","107029","Double","1","1","0","0","1","1220422442","https://m1.spitogatos.gr/362410338_1600x1200.jpg?v=20130730","https://m1.spitogatos.gr/362410344_1600x1200.jpg?v=20130730","https://m2.spitogatos.gr/362410348_1600x1200.jpg?v=20130730","https://m1.spitogatos.gr/362410353_1600x1200.jpg?v=20130730","https://m3.spitogatos.gr/362410358_1600x1200.jpg?v=20130730","https://m2.spitogatos.gr/362410363_1600x1200.jpg?v=20130730","https://m3.spitogatos.gr/362410367_1600x1200.jpg?v=20130730","https://m2.spitogatos.gr/362410372_1600x1200.jpg?v=20130730","https://m2.spitogatos.gr/362410378_1600x1200.jpg?v=20130730","https://m1.spitogatos.gr/362410383_1600x1200.jpg?v=20130730","https://m2.spitogatos.gr/362410387_1600x1200.jpg?v=20130730","https://m3.spitogatos.gr/362410391_1600x1200.jpg?v=20130730","https://m2.spitogatos.gr/362410396_1600x1200.jpg?v=20130730","https://m2.spitogatos.gr/362410399_1600x1200.jpg?v=20130730","https://m3.spitogatos.gr/362410403_1600x1200.jpg?v=20130730","https://m2.spitogatos.gr/362410405_1600x1200.jpg?v=20130730","https://m1.spitogatos.gr/362410410_1600x1200.jpg?v=20130730","https://m2.spitogatos.gr/362410414_1600x1200.jpg?v=20130730","https://m2.spitogatos.gr/362410420_1600x1200.jpg?v=20130730","https://m1.spitogatos.gr/362410425_1600x1200.jpg?v=20130730","https://m3.spitogatos.gr/362410430_1600x1200.jpg?v=20130730","https://m1.spitogatos.gr/362410437_1600x1200.jpg?v=20130730","https://m1.spitogatos.gr/362410440_1600x1200.jpg?v=20130730","https://m1.spitogatos.gr/362410443_1600x1200.jpg?v=20130730",,"0","0","2","1","38.024693","1","1","23.791248",,"0","0","0","2026-07-31","0","0",,"0",,"1","2",,,"0","0","0",,"0","0","0","1900",,,"0","0","0","0","8.26",,,"1","3","6","1","0",,"0","1","4","0","1",,"0","230","0",,,"0","1","0","2026-07-20","https://www.spitogatos.gr/en/property/1220422442",,"0","0","1996","FoavbWFzs-A","residential"
"1","4",,"simple","1","0","1","0","0","2026-09-03","0","0","1","0","0",,,"house",,,"1","Ξεκίνα να ζεις από την πρώτη μέρα, σε αυτό το κομψά επιπλωμένο διαμέρισμα τριών υπνοδωματίων της Blueground στο κέντρο του Χαλανδρίου. Πλήρως εξοπλισμένο με έπιπλα μοναδικού design, ηλεκτρικές συσκευές τελευταίας τεχνολογίας.<br><br />
<br />
Η διαφημιζόμενη τιμή των €2,020/μήνα είναι η τιμή για 1 έτος, με ημερομηνία έναρξης Σεπτεμβρίου 2, 2026. Η χαμηλότερη διαθέσιμη τιμή είναι €1,960/μήνα για μίσθωση 5 μήνα(μηνών) και 21 ημέρας(ημερών) με ημερομηνία έναρξης Σεπτεμβρίου 2, 2026.<br />
<br>Οι τιμές διαφέρουν ανάλογα με τη διάρκεια παραμονής, την εποχικότητα και άλλους παράγοντες. Επισκεφθείτε τον ιστότοπό μας και εισάγετε τις ημερομηνίες διαμονής σας για να δείτε ενημερωμένες τιμές για την κράτησή σας. Η τιμή ισχύει μόνο με προκαταβολή· ενδέχεται να είναι υψηλότερη εάν πληρωθεί σε δόσεις.<br />
<br />
<b>Κλείστε αυτό το διαμέρισμα online!</b><br />
<br />
https://www.theblueground.com/p/furnished-apartments/ath-312?utm_source=classified-4<br />
<br />
Aναβαθμίστε τη διαμονή σας με ένα πλήρως επιπλωμένο διαμέρισμα από τη Blueground:<br />
      – Επιπλωμένα σπίτια σε τιμές αντίστοιχες με τα ανεπίπλωτα<br />
      – Χωρίς κόστη εγκατάστασης ή αγοράς επίπλων - εξοικονομήστε χρόνο και χρήματα<br />
      – Έτοιμα για άμεση μετακόμιση - το μόνο που χρειάζεστε είναι η βαλίτσα σας<br />
<br />
<b>Ο χώρος</b><br><br />
Έπιπλα μοναδικού design, πλήρως εξοπλισμένη κουζίνα, smart TV ή/και ασύρματα ηχεία τελευταίας τεχνολογίας, είναι λίγες μόνο από τις ανέσεις που σου προσφέρει αυτό το διαμέρισμα τριών υπνοδωματίων της Blueground. Θα το αγαπήσεις όμως και για τη μοναδική του τοποθεσία, καθώς βρίσκεται σε ένα από τα πιο κεντρικά σημεία του Χαλανδρίου.<br />
<br />
<b>Διαρρύθμιση δωματίων ύπνου</b><br />
    <br />
        Μονό κρεβάτι: 90 εκ.<br />
<br />
        Υπέρδιπλο κρεβάτι: 160 εκ.<br />
<br />
        Υπέρδιπλο κρεβάτι: 160 εκ.<br />
<br />
<b>Παροχές κτιρίου</b><br />
<br />
      Ασανσέρ<br />
      Πλυντήριο<br />
      Θέση στάθμευσης<br />
      Επιτρέπονται κατοικίδια<br />
<br />
<br />
<b>Άφιξη και συνεχής υποστήριξη πελατών</b><br><br />
Κατά τη διάρκεια της διαμονής σου, η ομάδα μας θα είναι διαθέσιμη για να σε βοηθήσει με οτιδήποτε χρειαστείς. Μέσω της ειδικής mobile εφαρμογής της Blueground έχεις συνεχή υποστήριξη, ενώ μπορείς ακόμη να προγραμματίσεις υπηρεσίες καθαρισμού, συντήρησης ή επισκευής, με το πάτημα ενός κουμπιού.<br />
<br />
<b>Ιδανική τοποθεσία</b><br />
<br />
Το Χαλάνδρι είναι μια ζωντανή γειτονιά, που βρίσκεται στα βόρεια προάστια, μόλις 10 χιλιόμετρα από το κέντρο της Αθήνας. Το Χαλάνδρι είναι γνωστό για τις εμπορικές του συνοικίες και τη ζωντανή σκηνή των μπαρ. Η περιοχή φιλοξενεί πολλές μεγάλες πολυεθνικές εταιρείες, οργανισμούς και πρεσβείες. Εξυπηρετείται από τους σταθμούς του μετρό Χαλάνδρι & Αγία Παρασκευή, καθώς και από συνδέσεις με λεωφορεία, ενώ έχει εύκολη πρόσβαση στην Αττική Οδό.",,"1",,"1","5","0","1","2026-06-14","9",,"0","yes","yes","0","Αθήνα - Βόρεια Προάστια (Αττική)","Χαλάνδρι (Αθήνα - Βόρεια Προάστια)","1","105103","101","2122","107025",,"1","2","0","0","1","1220119294","https://m3.spitogatos.gr/360094247_1600x1200.jpg?v=20130730","https://m2.spitogatos.gr/360094261_1600x1200.jpg?v=20130730","https://m1.spitogatos.gr/360094281_1600x1200.jpg?v=20130730","https://m3.spitogatos.gr/360094295_1600x1200.jpg?v=20130730","https://m1.spitogatos.gr/360094308_1600x1200.jpg?v=20130730","https://m2.spitogatos.gr/360094324_1600x1200.jpg?v=20130730","https://m2.spitogatos.gr/360094336_1600x1200.jpg?v=20130730","https://m3.spitogatos.gr/360094346_1600x1200.jpg?v=20130730","https://m1.spitogatos.gr/360094359_1600x1200.jpg?v=20130730","https://m3.spitogatos.gr/360094370_1600x1200.jpg?v=20130730","https://m3.spitogatos.gr/360094376_1600x1200.jpg?v=20130730","https://m1.spitogatos.gr/360094386_1600x1200.jpg?v=20130730","https://m2.spitogatos.gr/360094393_1600x1200.jpg?v=20130730","https://m1.spitogatos.gr/360094401_1600x1200.jpg?v=20130730","https://m1.spitogatos.gr/360094407_1600x1200.jpg?v=20130730","https://m2.spitogatos.gr/360094414_1600x1200.jpg?v=20130730","https://m1.spitogatos.gr/360094419_1600x1200.jpg?v=20130730","https://m3.spitogatos.gr/360094427_1600x1200.jpg?v=20130730","https://m3.spitogatos.gr/360094430_1600x1200.jpg?v=20130730","https://m2.spitogatos.gr/360094435_1600x1200.jpg?v=20130730","https://m3.spitogatos.gr/360094442_1600x1200.jpg?v=20130730","https://m2.spitogatos.gr/360094453_1600x1200.jpg?v=20130730","https://m2.spitogatos.gr/360094462_1600x1200.jpg?v=20130730","https://m3.spitogatos.gr/360094469_1600x1200.jpg?v=20130730","https://m3.spitogatos.gr/360094475_1600x1200.jpg?v=20130730","0","0",,"0","38.024303","1","0","23.798895",,"0",,,"2026-07-31","0","0",,"0",,"1","1",,,"1","0","0","1","0","0","0","2020",,,"0","0","0","0","18.36",,,"1","3",,"1","0",,,,"3","0","1",,,"110","0",,"Athanasiou Diakou 9","1","1","0","2026-06-14","https://www.spitogatos.gr/en/property/1220119294",,"0",,"2012",,
"1","3",,"simple","1","0","0","0","0","2026-08-03","0","0","1","0","0",,,"house",,,"1","Νιώσε σαν στο σπίτι σου, όπου και αν επιλέξεις να μείνεις με την Blueground. Θα λατρέψεις αυτό το σύγχρονα επιπλωμένο διαμέρισμα τριών υπνοδωματίων, για τη διακόσμησή του, την πλήρως εξοπλισμένη κουζίνα και το άνετο καθιστικό του. Βρίσκεται σε ιδανική τοποθεσία, κοντά σε όλα όσα έχει να σου προσφέρει το Χαλάνδρι!<br><br />
<br />
Η διαφημιζόμενη τιμή των €1,760/μήνα είναι η τιμή για 1 έτος, με ημερομηνία έναρξης Αυγούστου 2, 2026.<br />
<br>Οι τιμές διαφέρουν ανάλογα με τη διάρκεια παραμονής, την εποχικότητα και άλλους παράγοντες. Επισκεφθείτε τον ιστότοπό μας και εισάγετε τις ημερομηνίες διαμονής σας για να δείτε ενημερωμένες τιμές για την κράτησή σας. Η τιμή ισχύει μόνο με προκαταβολή· ενδέχεται να είναι υψηλότερη εάν πληρωθεί σε δόσεις.<br />
<br />
<b>Κλείστε αυτό το διαμέρισμα online!</b><br />
<br />
https://www.theblueground.com/p/furnished-apartments/ath-1228?utm_source=classified-4<br />
<br />
Aναβαθμίστε τη διαμονή σας με ένα πλήρως επιπλωμένο διαμέρισμα από τη Blueground:<br />
      – Επιπλωμένα σπίτια σε τιμές αντίστοιχες με τα ανεπίπλωτα<br />
      – Χωρίς κόστη εγκατάστασης ή αγοράς επίπλων - εξοικονομήστε χρόνο και χρήματα<br />
      – Έτοιμα για άμεση μετακόμιση - το μόνο που χρειάζεστε είναι η βαλίτσα σας<br />
<br />
<b>Ο χώρος</b><br><br />
Σε αυτό το κομψό Blueground διαμέρισμα τριών υπνοδωματίων, θα βρεις ένα χώρο προσεκτικά σχεδιασμένο και πλήρως εξοπλισμένο με έπιπλα μοναδικού design και ηλεκτρικές συσκευές τελευταίας τεχνολογίας.<br />
Νιώσε όμορφα και χαλαρά στο νέο σου σπίτι κάθε στιγμή. Και όταν θα θες να διασκεδάσεις, μπορείς να βγεις και να αφεθείς στον παλμό του Χαλανδρίου ή να φέρεις τη διασκέδαση σπίτι, με τα ασύρματα ηχεία ή τη smart TV.<br />
<br />
<b>Διαρρύθμιση δωματίων ύπνου</b><br />
    <br />
        Υπέρδιπλο κρεβάτι: 160 εκ.<br />
<br />
        Διπλό κρεβάτι: 140 εκ.<br />
<br />
<b>Παροχές κτιρίου</b><br />
<br />
      Ασανσέρ<br />
      Πλυντήριο<br />
      Θέση στάθμευσης<br />
      Επιτρέπονται κατοικίδια<br />
<br />
<br />
<b>Άφιξη και συνεχής υποστήριξη πελατών</b><br><br />
Κατά τη διάρκεια της διαμονής σου, η ομάδα μας θα είναι διαθέσιμη για να σε βοηθήσει με οτιδήποτε χρειαστείς. Μέσω της ειδικής mobile εφαρμογής της Blueground έχεις συνεχή υποστήριξη, ενώ μπορείς ακόμη να προγραμματίσεις υπηρεσίες καθαρισμού, συντήρησης ή επισκευής, με το πάτημα ενός κουμπιού.<br />
<br />
<b>Ιδανική τοποθεσία</b><br />
<br />
Το Χαλάνδρι είναι μια ζωντανή γειτονιά, που βρίσκεται στα βόρεια προάστια, μόλις 10 χιλιόμετρα από το κέντρο της Αθήνας. Το Χαλάνδρι είναι γνωστό για τις εμπορικές του συνοικίες και τη ζωντανή σκηνή των μπαρ. Η περιοχή φιλοξενεί πολλές μεγάλες πολυεθνικές εταιρείες, οργανισμούς και πρεσβείες. Εξυπηρετείται από τους σταθμούς του μετρό Χαλάνδρι & Αγία Παρασκευή, καθώς και από συνδέσεις με λεωφορεία, ενώ έχει εύκολη πρόσβαση στην Αττική Οδό.",,"1",,"1","5","0","1","2026-05-27","8",,"0","yes","yes","1","Αθήνα - Βόρεια Προάστια (Αττική)","Χαλάνδρι (Αθήνα - Βόρεια Προάστια)","1","105103","101","2122",,,"1","2","0","0","1","1219956563","https://m2.spitogatos.gr/359907022_1600x1200.jpg?v=20130730","https://m3.spitogatos.gr/359907038_1600x1200.jpg?v=20130730","https://m3.spitogatos.gr/359907053_1600x1200.jpg?v=20130730","https://m3.spitogatos.gr/359907068_1600x1200.jpg?v=20130730","https://m2.spitogatos.gr/359907082_1600x1200.jpg?v=20130730","https://m2.spitogatos.gr/359907103_1600x1200.jpg?v=20130730","https://m2.spitogatos.gr/359907121_1600x1200.jpg?v=20130730","https://m3.spitogatos.gr/359907140_1600x1200.jpg?v=20130730","https://m1.spitogatos.gr/359907162_1600x1200.jpg?v=20130730","https://m3.spitogatos.gr/359907176_1600x1200.jpg?v=20130730","https://m2.spitogatos.gr/359907202_1600x1200.jpg?v=20130730","https://m1.spitogatos.gr/359907225_1600x1200.jpg?v=20130730","https://m2.spitogatos.gr/359907247_1600x1200.jpg?v=20130730","https://m1.spitogatos.gr/359907267_1600x1200.jpg?v=20130730","https://m1.spitogatos.gr/359907285_1600x1200.jpg?v=20130730","https://m3.spitogatos.gr/359907305_1600x1200.jpg?v=20130730","https://m3.spitogatos.gr/359907326_1600x1200.jpg?v=20130730","https://m3.spitogatos.gr/359907347_1600x1200.jpg?v=20130730","https://m1.spitogatos.gr/359907369_1600x1200.jpg?v=20130730","https://m3.spitogatos.gr/359907389_1600x1200.jpg?v=20130730","https://m1.spitogatos.gr/359907411_1600x1200.jpg?v=20130730","https://m2.spitogatos.gr/359907430_1600x1200.jpg?v=20130730","https://m1.spitogatos.gr/359907447_1600x1200.jpg?v=20130730","https://m2.spitogatos.gr/359907463_1600x1200.jpg?v=20130730","https://m1.spitogatos.gr/359907483_1600x1200.jpg?v=20130730","0","0",,"0","38.024769","1","0","23.826845",,"0",,,"2026-08-01","0","0",,"0",,"0","2",,,"1","0","1","1","0","0","0","1760",,,"0","0","0","0","13.75",,,"1","3",,"1","1",,,,"3","0","1",,,"128","1",,"Vrilission 4","1","1","0","2026-05-27","https://www.spitogatos.gr/en/property/1219956563",,"0",,"2007",,
"0","3","no","simple","1","1","0","0","0","2026-01-07","0","1","0","0","0","0",,"house","0",,"0","ID.2112088 - Διαμέρισμα Προς Ενοικίαση, όροφος: 3ος, στην περιοχή: Χαλάνδρι -Κέντρο. Το εμβαδόν του ακινήτου είναι 84 τ.μ.. Αποτελείται από: 2 Υ/Δ 1 μπάνιο/α,, 1κουζίνα/ες, ενώ οι θέσεις στάθμευσης που διαθέτει είναι: 1 Στην πιλοτή. Έχει κατασκευαστεί το 1975. Η θέρμανση του ακινήτου είναι Κεντρική με Πετρέλαιο με Μονά τζάμια, ενεργειακό πιστοποιητικό: Ε και τα δάπεδα είναι: Ξύλο, Μάρμαρο. Η κατάστασή του είναι: Καλή. Το ακίνητο είναι Προσόψεως, Διαμπερές και επίσης διαθέτει τα παρακάτω χαρακτηριστικά και πλεονεκτήματα: Τέντες, Ασανσέρ, Πόρτα Ασφαλείας. Τιμή: €900. Aspis Real Estate Αμαρουσίου, Τηλέφωνο Επικοινωνίας: 2106124800, email: marousi@aspis-realestate.gr",,,"0","1","7","1","0","2026-01-07","8","6","0","no","yes","0","Αθήνα - Βόρεια Προάστια (Αττική)","Χαλάνδρι (Αθήνα - Βόρεια Προάστια)","1","105103","101","2122","102122","Single","2","1","0","0","1","1218972440","https://m3.spitogatos.gr/339264857_1600x1200.jpg?v=20130730","https://m2.spitogatos.gr/339264862_1600x1200.jpg?v=20130730","https://m1.spitogatos.gr/339264867_1600x1200.jpg?v=20130730","https://m2.spitogatos.gr/339264871_1600x1200.jpg?v=20130730","https://m3.spitogatos.gr/339264875_1600x1200.jpg?v=20130730","https://m2.spitogatos.gr/339264880_1600x1200.jpg?v=20130730","https://m1.spitogatos.gr/339264885_1600x1200.jpg?v=20130730","https://m1.spitogatos.gr/339264891_1600x1200.jpg?v=20130730","https://m2.spitogatos.gr/339264898_1600x1200.jpg?v=20130730","https://m2.spitogatos.gr/339264904_1600x1200.jpg?v=20130730","https://m3.spitogatos.gr/339264908_1600x1200.jpg?v=20130730","https://m2.spitogatos.gr/339264913_1600x1200.jpg?v=20130730","https://m2.spitogatos.gr/339264916_1600x1200.jpg?v=20130730","https://m2.spitogatos.gr/339264919_1600x1200.jpg?v=20130730","https://m3.spitogatos.gr/339264923_1600x1200.jpg?v=20130730","https://m1.spitogatos.gr/339264927_1600x1200.jpg?v=20130730","https://m2.spitogatos.gr/339264931_1600x1200.jpg?v=20130730","https://m2.spitogatos.gr/339264937_1600x1200.jpg?v=20130730","https://m3.spitogatos.gr/339264941_1600x1200.jpg?v=20130730","https://m2.spitogatos.gr/339264946_1600x1200.jpg?v=20130730","https://m1.spitogatos.gr/339264951_1600x1200.jpg?v=20130730","https://m3.spitogatos.gr/339264956_1600x1200.jpg?v=20130730","https://m2.spitogatos.gr/339264961_1600x1200.jpg?v=20130730","https://m3.spitogatos.gr/339264965_1600x1200.jpg?v=20130730","https://m1.spitogatos.gr/339264969_1600x1200.jpg?v=20130730","0","0",,"1","38.019741","1","0","23.797674",,"0","0","0","2026-07-31","0","0",,"0",,"0","1",,,"0","0","0",,"0","0","0","900",,,"0","0","0","0","10.71",,,"1","3","6","1","0",,"0","1","2","0","1",,"0","84","0",,,"0","1","0","2026-01-07","https://www.spitogatos.gr/en/property/1218972440",,"0","0","1975","FoavbWFzs-A","residential"
"0","Upper Ground","no","simple","1","1","1","0","0","2026-07-13","0","1","0","0","1",,"false","house",,"0","0","Στο Κάτω Χαλάνδρι, σε μία από τις πιο προνομιακές και ήσυχες κατοικημένες περιοχές των Βορείων Προαστίων, διατίθεται εξαιρετικό οροφοδιαμέρισμα υπερυψωμένου ισογείου συνολικής επιφάνειας 164 τ.μ., σε μικρή απόσταση από το Μετρό Χολαργού και με άμεση πρόσβαση σε συγκοινωνίες, αγορά και βασικές υπηρεσίες.<br />
Το ακίνητο έχει ανακαινιστεί πλήρως με σύγχρονη αισθητική και ποιοτικά υλικά, συνδυάζοντας άνεση, λειτουργικότητα και διαχρονική κομψότητα. Αναπτύσσεται σε ευρύχωρους και ιδιαίτερα φωτεινούς χώρους, προσφέροντας ιδανικές συνθήκες για υψηλού επιπέδου διαβίωση.<br />
Διαθέτει τρία άνετα υπνοδωμάτια, κομψό μπάνιο, ξεχωριστό WC, καθώς και μεγάλους χώρους υποδοχής που αποπνέουν αίσθηση πολυτέλειας και ζεστασιάς. Η προσεγμένη ανακαίνιση, η εξαιρετική διαρρύθμιση και η στρατηγική τοποθεσία καθιστούν το ακίνητο ιδανική επιλογή για οικογένειες.<br />
Στα επιπλέον πλεονεκτήματα περιλαμβάνεται θέση στάθμευσης, προσφέροντας ακόμη μεγαλύτερη άνεση στην καθημερινότητα.<br />
Μία κατοικία υψηλών προδιαγραφών που συνδυάζει ποιότητα, προνομιακή τοποθεσία και σύγχρονο τρόπο ζωής.","25000","0",,"1","7","1","0","2026-07-13","4","1","0","no","yes","1","Αθήνα - Βόρεια Προάστια (Αττική)","Χαλάνδρι (Αθήνα - Βόρεια Προάστια)","1","105103","101","2122","329481",,"1","2","0","0","1","1220367849","https://m3.spitogatos.gr/361465511_1600x1200.jpg?v=20130730","https://m1.spitogatos.gr/361465515_1600x1200.jpg?v=20130730","https://m1.spitogatos.gr/361465518_1600x1200.jpg?v=20130730","https://m3.spitogatos.gr/361465523_1600x1200.jpg?v=20130730","https://m1.spitogatos.gr/361465527_1600x1200.jpg?v=20130730","https://m3.spitogatos.gr/361465532_1600x1200.jpg?v=20130730","https://m3.spitogatos.gr/361465535_1600x1200.jpg?v=20130730","https://m2.spitogatos.gr/361465540_1600x1200.jpg?v=20130730","https://m3.spitogatos.gr/361465544_1600x1200.jpg?v=20130730","https://m1.spitogatos.gr/361465548_1600x1200.jpg?v=20130730","https://m1.spitogatos.gr/361465551_1600x1200.jpg?v=20130730","https://m3.spitogatos.gr/361465556_1600x1200.jpg?v=20130730","https://m3.spitogatos.gr/361465559_1600x1200.jpg?v=20130730","https://m2.spitogatos.gr/361465564_1600x1200.jpg?v=20130730","https://m3.spitogatos.gr/361465568_1600x1200.jpg?v=20130730","https://m1.spitogatos.gr/361465572_1600x1200.jpg?v=20130730","https://m1.spitogatos.gr/361465578_1600x1200.jpg?v=20130730","https://m3.spitogatos.gr/361465583_1600x1200.jpg?v=20130730","https://m2.spitogatos.gr/361465588_1600x1200.jpg?v=20130730","https://m2.spitogatos.gr/361465591_1600x1200.jpg?v=20130730","https://m2.spitogatos.gr/361465594_1600x1200.jpg?v=20130730","https://m3.spitogatos.gr/361465601_1600x1200.jpg?v=20130730","https://m3.spitogatos.gr/361465607_1600x1200.jpg?v=20130730",,,"1","0","2","1","38.009926","1","0","23.791636",,"0",,,"2026-07-13","0","0",,"1",,"1","1",,,"0","0","0",,"0","0","1","1800",,,"0","0","0","0","10.98",,,"1","3","6","1","1","2026","0","1","3","0","1",,"1","164","0",,"","0","1","0","2026-07-13","https://www.spitogatos.gr/en/property/1220367849",,"0",,"1978","0X2zpdzeml0","residential"
"1","5",,"simple","1","0","0","0","0","2026-09-02","0","0","1","0","0",,,"house",,,"1","Ξεκίνα να ζεις από την πρώτη μέρα, σε αυτό το όμορφα επιπλωμένο διαμέρισμα τριών υπνοδωματίων της Blueground στο κέντρο του Χαλανδρίου. Πλήρως εξοπλισμένο με έπιπλα μοναδικού design, ηλεκτρικές συσκευές τελευταίας τεχνολογίας.<br><br />
<br />
Η διαφημιζόμενη τιμή των €1,880/μήνα είναι η τιμή για 1 έτος, με ημερομηνία έναρξης Σεπτεμβρίου 1, 2026. Η χαμηλότερη διαθέσιμη τιμή είναι €1,760/μήνα για μίσθωση 5 μήνα(μηνών) και 21 ημέρας(ημερών) με ημερομηνία έναρξης Σεπτεμβρίου 1, 2026.<br />
<br>Οι τιμές διαφέρουν ανάλογα με τη διάρκεια παραμονής, την εποχικότητα και άλλους παράγοντες. Επισκεφθείτε τον ιστότοπό μας και εισάγετε τις ημερομηνίες διαμονής σας για να δείτε ενημερωμένες τιμές για την κράτησή σας. Η τιμή ισχύει μόνο με προκαταβολή· ενδέχεται να είναι υψηλότερη εάν πληρωθεί σε δόσεις.<br />
<br />
<b>Κλείστε αυτό το διαμέρισμα online!</b><br />
<br />
https://www.theblueground.com/p/furnished-apartments/ath-348?utm_source=classified-4<br />
<br />
Aναβαθμίστε τη διαμονή σας με ένα πλήρως επιπλωμένο διαμέρισμα από τη Blueground:<br />
      – Επιπλωμένα σπίτια σε τιμές αντίστοιχες με τα ανεπίπλωτα<br />
      – Χωρίς κόστη εγκατάστασης ή αγοράς επίπλων - εξοικονομήστε χρόνο και χρήματα<br />
      – Έτοιμα για άμεση μετακόμιση - το μόνο που χρειάζεστε είναι η βαλίτσα σας<br />
<br />
<b>Ο χώρος</b><br><br />
Νιώσε σαν στο σπίτι σου σε αυτό το επιπλωμένο διαμέρισμα της Blueground με το μοναδικό design, τα μοντέρνα έπιπλα και την πλήρως εξοπλισμένη κουζίνα.<br />
Δες τις αγαπημένες σου ταινίες στη smart TV ή άκουσε δυνατά μουσική στα ασύρματα ηχεία τελευταίας τεχνολογίας. Ό,τι και να αποφασίσεις να κάνεις το μόνο σίγουρο είναι πως θα αγαπήσεις όλα όσα σου προσφέρει αυτό το άνετο διαμέρισμα.<br />
<br />
<b>Διαρρύθμιση δωματίων ύπνου</b><br />
    <br />
        Μονό κρεβάτι: 90 εκ.<br />
<br />
        Υπέρδιπλο κρεβάτι: 160 εκ.<br />
<br />
        Υπέρδιπλο κρεβάτι: 160 εκ.<br />
<br />
<b>Παροχές κτιρίου</b><br />
<br />
      Ασανσέρ<br />
      Πλυντήριο<br />
      Θέση στάθμευσης<br />
<br />
<br />
<b>Άφιξη και συνεχής υποστήριξη πελατών</b><br><br />
Κατά τη διάρκεια της διαμονής σου, η ομάδα μας θα είναι διαθέσιμη για να σε βοηθήσει με οτιδήποτε χρειαστείς. Μέσω της ειδικής mobile εφαρμογής της Blueground έχεις συνεχή υποστήριξη, ενώ μπορείς ακόμη να προγραμματίσεις υπηρεσίες καθαρισμού, συντήρησης ή επισκευής, με το πάτημα ενός κουμπιού.<br />
<br />
<b>Ιδανική τοποθεσία</b><br />
<br />
Το Χαλάνδρι είναι μια ζωντανή γειτονιά, που βρίσκεται στα βόρεια προάστια, μόλις 10 χιλιόμετρα από το κέντρο της Αθήνας. Το Χαλάνδρι είναι γνωστό για τις εμπορικές του συνοικίες και τη ζωντανή σκηνή των μπαρ. Η περιοχή φιλοξενεί πολλές μεγάλες πολυεθνικές εταιρείες, οργανισμούς και πρεσβείες. Εξυπηρετείται από τους σταθμούς του μετρό Χαλάνδρι & Αγία Παρασκευή, καθώς και από συνδέσεις με λεωφορεία, ενώ έχει εύκολη πρόσβαση στην Αττική Οδό.",,"1",,"1","6","0","0","2026-04-27","10",,"0","yes","yes","0","Αθήνα - Βόρεια Προάστια (Αττική)","Χαλάνδρι (Αθήνα - Βόρεια Προάστια)","1","105103","101","2122",,,"1","1","0","0","1","1219782043","https://m1.spitogatos.gr/359901135_1600x1200.jpg?v=20130730","https://m3.spitogatos.gr/359901152_1600x1200.jpg?v=20130730","https://m3.spitogatos.gr/359901170_1600x1200.jpg?v=20130730","https://m2.spitogatos.gr/359901190_1600x1200.jpg?v=20130730","https://m3.spitogatos.gr/359901209_1600x1200.jpg?v=20130730","https://m1.spitogatos.gr/359901228_1600x1200.jpg?v=20130730","https://m1.spitogatos.gr/359901252_1600x1200.jpg?v=20130730","https://m2.spitogatos.gr/359901277_1600x1200.jpg?v=20130730","https://m3.spitogatos.gr/359901299_1600x1200.jpg?v=20130730","https://m1.spitogatos.gr/359901321_1600x1200.jpg?v=20130730","https://m1.spitogatos.gr/359901342_1600x1200.jpg?v=20130730","https://m3.spitogatos.gr/359901365_1600x1200.jpg?v=20130730","https://m3.spitogatos.gr/359901386_1600x1200.jpg?v=20130730","https://m1.spitogatos.gr/359901402_1600x1200.jpg?v=20130730","https://m2.spitogatos.gr/359901421_1600x1200.jpg?v=20130730","https://m2.spitogatos.gr/359901433_1600x1200.jpg?v=20130730","https://m1.spitogatos.gr/359901450_1600x1200.jpg?v=20130730","https://m2.spitogatos.gr/359901463_1600x1200.jpg?v=20130730","https://m1.spitogatos.gr/359901477_1600x1200.jpg?v=20130730","https://m2.spitogatos.gr/359901496_1600x1200.jpg?v=20130730","https://m2.spitogatos.gr/359901511_1600x1200.jpg?v=20130730","https://m3.spitogatos.gr/359901524_1600x1200.jpg?v=20130730","https://m2.spitogatos.gr/359901541_1600x1200.jpg?v=20130730","https://m1.spitogatos.gr/359901558_1600x1200.jpg?v=20130730",,"0","0",,"0","38.022427","1","0","23.814798",,"0",,,"2026-07-31","0","0",,"0",,"1","1",,,"1","0","0",,"0","0","0","1880",,,"0","0","0","0","16.35",,,"1","3",,"1","1",,,,"3","0","1",,,"115","1",,"Olimpou 83","1","1","0","2026-04-27","https://www.spitogatos.gr/en/property/1219782043",,"0",,"1992",,
"1","1",,"simple","1","0","1","0","0","2026-10-02","0","0","1","0","0",,,"house",,,"1","Ξεκίνα να ζεις από την πρώτη μέρα, σε αυτό το κομψά επιπλωμένο διαμέρισμα δύο υπνοδωματίων της Blueground στο κέντρο του Χαλανδρίου. Πλήρως εξοπλισμένο με έπιπλα μοναδικού design, ηλεκτρικές συσκευές τελευταίας τεχνολογίας.<br><br />
<br />
Η διαφημιζόμενη τιμή των €1,730/μήνα είναι η τιμή για 1 έτος, με ημερομηνία έναρξης Οκτωβρίου 1, 2026.<br />
<br>Οι τιμές διαφέρουν ανάλογα με τη διάρκεια παραμονής, την εποχικότητα και άλλους παράγοντες. Επισκεφθείτε τον ιστότοπό μας και εισάγετε τις ημερομηνίες διαμονής σας για να δείτε ενημερωμένες τιμές για την κράτησή σας. Η τιμή ισχύει μόνο με προκαταβολή· ενδέχεται να είναι υψηλότερη εάν πληρωθεί σε δόσεις.<br />
<br />
<b>Κλείστε αυτό το διαμέρισμα online!</b><br />
<br />
https://www.theblueground.com/p/furnished-apartments/ath-1426?utm_source=classified-4<br />
<br />
Aναβαθμίστε τη διαμονή σας με ένα πλήρως επιπλωμένο διαμέρισμα από τη Blueground:<br />
      – Επιπλωμένα σπίτια σε τιμές αντίστοιχες με τα ανεπίπλωτα<br />
      – Χωρίς κόστη εγκατάστασης ή αγοράς επίπλων - εξοικονομήστε χρόνο και χρήματα<br />
      – Έτοιμα για άμεση μετακόμιση - το μόνο που χρειάζεστε είναι η βαλίτσα σας<br />
<br />
<b>Ο χώρος</b><br><br />
Νιώσε σαν στο σπίτι σου σε αυτό το επιπλωμένο διαμέρισμα της Blueground με το μοναδικό design, τα μοντέρνα έπιπλα και την πλήρως εξοπλισμένη κουζίνα.<br />
Δες τις αγαπημένες σου ταινίες στη smart TV ή άκουσε δυνατά μουσική στα ασύρματα ηχεία τελευταίας τεχνολογίας. Ό,τι και να αποφασίσεις να κάνεις το μόνο σίγουρο είναι πως θα αγαπήσεις όλα όσα σου προσφέρει αυτό το ζεστό διαμέρισμα.<br />
<br />
<b>Διαρρύθμιση δωματίων ύπνου</b><br />
    <br />
        Υπέρδιπλο κρεβάτι: 160 εκ.<br />
<br />
        Διπλό κρεβάτι: 140 εκ.<br />
<br />
<b>Παροχές κτιρίου</b><br />
<br />
      Ασανσέρ<br />
      Πλυντήριο<br />
      Θέση στάθμευσης<br />
<br />
<br />
<b>Άφιξη και συνεχής υποστήριξη πελατών</b><br><br />
Κατά τη διάρκεια της διαμονής σου, η ομάδα μας θα είναι διαθέσιμη για να σε βοηθήσει με οτιδήποτε χρειαστείς. Μέσω της ειδικής mobile εφαρμογής της Blueground έχεις συνεχή υποστήριξη, ενώ μπορείς ακόμη να προγραμματίσεις υπηρεσίες καθαρισμού, συντήρησης ή επισκευής, με το πάτημα ενός κουμπιού.<br />
<br />
<b>Ιδανική τοποθεσία</b><br />
<br />
Το Χαλάνδρι είναι μια ζωντανή γειτονιά, που βρίσκεται στα βόρεια προάστια, μόλις 10 χιλιόμετρα από το κέντρο της Αθήνας. Το Χαλάνδρι είναι γνωστό για τις εμπορικές του συνοικίες και τη ζωντανή σκηνή των μπαρ. Η περιοχή φιλοξενεί πολλές μεγάλες πολυεθνικές εταιρείες, οργανισμούς και πρεσβείες. Εξυπηρετείται από τους σταθμούς του μετρό Χαλάνδρι & Αγία Παρασκευή, καθώς και από συνδέσεις με λεωφορεία, ενώ έχει εύκολη πρόσβαση στην Αττική Οδό.",,"1",,"1","3","0","1","2026-07-10","6",,"0","yes","yes","1","Αθήνα - Βόρεια Προάστια (Αττική)","Χαλάνδρι (Αθήνα - Βόρεια Προάστια)","1","105103","101","2122",,,"1","2","0","0","1","1220348656","https://m2.spitogatos.gr/361214296_1600x1200.jpg?v=20130730","https://m2.spitogatos.gr/361214317_1600x1200.jpg?v=20130730","https://m2.spitogatos.gr/361214341_1600x1200.jpg?v=20130730","https://m1.spitogatos.gr/361214343_1600x1200.jpg?v=20130730","https://m1.spitogatos.gr/361214346_1600x1200.jpg?v=20130730","https://m3.spitogatos.gr/361214378_1600x1200.jpg?v=20130730","https://m1.spitogatos.gr/361214385_1600x1200.jpg?v=20130730","https://m2.spitogatos.gr/361214392_1600x1200.jpg?v=20130730","https://m3.spitogatos.gr/361214405_1600x1200.jpg?v=20130730","https://m2.spitogatos.gr/361214410_1600x1200.jpg?v=20130730","https://m2.spitogatos.gr/361214425_1600x1200.jpg?v=20130730","https://m3.spitogatos.gr/361214444_1600x1200.jpg?v=20130730","https://m2.spitogatos.gr/361214449_1600x1200.jpg?v=20130730","https://m3.spitogatos.gr/361214453_1600x1200.jpg?v=20130730","https://m3.spitogatos.gr/361214474_1600x1200.jpg?v=20130730","https://m1.spitogatos.gr/361214478_1600x1200.jpg?v=20130730","https://m3.spitogatos.gr/361214501_1600x1200.jpg?v=20130730","https://m3.spitogatos.gr/361214507_1600x1200.jpg?v=20130730","https://m3.spitogatos.gr/361214516_1600x1200.jpg?v=20130730","https://m1.spitogatos.gr/361214532_1600x1200.jpg?v=20130730","https://m2.spitogatos.gr/361214533_1600x1200.jpg?v=20130730","https://m3.spitogatos.gr/361214546_1600x1200.jpg?v=20130730","https://m3.spitogatos.gr/361214567_1600x1200.jpg?v=20130730","https://m2.spitogatos.gr/361214572_1600x1200.jpg?v=20130730",,"0","0",,"0","38.007366","1","0","23.789309",,"0",,,"2026-07-31","0","0","1","0",,"0","1",,,"1","0","1",,"0","0","0","1730",,,"0","0","0","0","26.62",,,"1","3",,"1","0",,,,"2","0","1",,,"65","0",,"Valtetsiou 4","1","1","0","2026-07-10","https://www.spitogatos.gr/en/property/1220348656",,"0",,"2022",,
"0","1","no","simple","1","0","1","0","0","2026-07-06","0","0","1","0","1","0",,"house","0",,"0","ID.2511498 - Διαμέρισμα Προς Ενοικίαση, όροφος: 1ος, στην περιοχή: Χαλάνδρι. Το εμβαδόν του ακινήτου είναι 90 τ.μ.. Αποτελείται από: 1 Υ/Δ 1 μπάνιο/α,, 1κουζίνα/ες, 1 σαλόνι/α, ενώ οι θέσεις στάθμευσης που διαθέτει είναι: 1 Σε ανοιχτό χώρο. Έχει κατασκευαστεί το 2006 και ανακαινίστηκε το 2025. Η θέρμανση του ακινήτου είναι Αυτόνομη με Φυσικό αέριο, έχει κουφώματα Αλουμινίου με Διπλά τζάμια, ενεργειακό πιστοποιητικό: Β και τα δάπεδα είναι: Ξύλο. Η κατάστασή του είναι: Ανακαινισμένο, Πολύ καλή, βρίσκεται κοντά σε Μετρό, Αγορά, έχει θέα Ανοιχτωσιά, Καλή και έχει Νοτιοδυτικό προσανατολισμό. Το ακίνητο είναι Επιπλωμένο, Προσόψεως, Φωτεινό, Ευάερο, Ευήλιο, είναι κατάλληλο για Φοιτητές και επίσης διαθέτει τα παρακάτω χαρακτηριστικά και πλεονεκτήματα: Ηλεκτρ. Συσκευές, Αποθήκη, Πόρτα Ασφαλείας, Συναγερμός, Χωρίς Κοινόχρηστα, Νυχτερινό Ρεύμα. Νοικιάζεται για ένα έτος έως 31/8/2027 Τιμή: €850. Aspis Real Estate Αμαρουσίου, Τηλέφωνο Επικοινωνίας: 2106124800, email: marousi@aspis-realestate.gr",,,"0","0","4","1","0","2026-07-06","6","2","0","yes","yes","0","Αθήνα - Βόρεια Προάστια (Αττική)","Χαλάνδρι (Αθήνα - Βόρεια Προάστια)","1","105103","101","2122",,"Double","1","2","0","0","1","1220312466","https://m2.spitogatos.gr/360607840_1600x1200.jpg?v=20130730","https://m2.spitogatos.gr/360607843_1600x1200.jpg?v=20130730","https://m3.spitogatos.gr/360607847_1600x1200.jpg?v=20130730","https://m2.spitogatos.gr/360607852_1600x1200.jpg?v=20130730","https://m3.spitogatos.gr/360607856_1600x1200.jpg?v=20130730","https://m1.spitogatos.gr/360607860_1600x1200.jpg?v=20130730","https://m1.spitogatos.gr/360607863_1600x1200.jpg?v=20130730","https://m1.spitogatos.gr/360607866_1600x1200.jpg?v=20130730","https://m3.spitogatos.gr/360607868_1600x1200.jpg?v=20130730","https://m3.spitogatos.gr/360607871_1600x1200.jpg?v=20130730","https://m3.spitogatos.gr/360607874_1600x1200.jpg?v=20130730","https://m1.spitogatos.gr/360607875_1600x1200.jpg?v=20130730","https://m3.spitogatos.gr/360607877_1600x1200.jpg?v=20130730","https://m1.spitogatos.gr/360607878_1600x1200.jpg?v=20130730","https://m3.spitogatos.gr/360607880_1600x1200.jpg?v=20130730","https://m2.spitogatos.gr/360607885_1600x1200.jpg?v=20130730","https://m2.spitogatos.gr/360607894_1600x1200.jpg?v=20130730","https://m2.spitogatos.gr/360607903_1600x1200.jpg?v=20130730","https://m2.spitogatos.gr/360607909_1600x1200.jpg?v=20130730","https://m3.spitogatos.gr/360607922_1600x1200.jpg?v=20130730","https://m3.spitogatos.gr/360607928_1600x1200.jpg?v=20130730",,,,,"0","0","2","1","38.025291","1","1","23.81263",,"0","0","0","2026-07-31","0","0",,"1",,"0","1",,"12","0","0","0",,"0","0","0","850",,,"0","0","0","0","9.44",,,"1","3","6","1","1","2025","0","1","1","0","1",,"0","90","1",,,"1","1","0","2026-07-06","https://www.spitogatos.gr/en/property/1220312466",,"1","0","2006","FoavbWFzs-A","residential"
"1","Ground Floor",,"simple","1","0","0","0","0","2026-08-07","0","0","1","1","1","0",,"house","0","230","0","Αθήνα - Βόρεια Προάστια, Χαλάνδρι: Ενοικιάζεται ανακαινισμένο διαμέρισμα 105τ.μ. στο ισόγειο με αυτόνομη θέρμανση φυσικού αερίου. Αποτελείται από 3 υπνοδωμάτια, 1 κουζίνα, 1 σαλόνι, 1 μπάνιο και 1 WC. Είναι επιπλωμένο και διαθέτει κουφώματα αλουμινίου, πόρτα ασφαλείας, ενεργειακή κλάση Γ, θέση στάθμευσης. Τιμή 1477€ | Κωδικός: #ATN022 Η τιμή αφορά μίσθωση 12+ μηνών με προπληρωμή. Δυνατότητα μικρότερης διάρκειας με προσαρμοσμένη τιμή. Περισσότερα: https://upstreet.io/atn022",,"1","0","0","5","0","0","2026-05-11","3","4","0","yes","yes","0","Αθήνα - Βόρεια Προάστια (Αττική)","Χαλάνδρι (Αθήνα - Βόρεια Προάστια)","1","105103","101","2122","329485","Double","1","2","0","0","1","1214021943","https://m3.spitogatos.gr/299938673_1600x1200.jpg?v=20130730","https://m2.spitogatos.gr/299938675_1600x1200.jpg?v=20130730","https://m2.spitogatos.gr/299938678_1600x1200.jpg?v=20130730","https://m1.spitogatos.gr/299938680_1600x1200.jpg?v=20130730","https://m2.spitogatos.gr/299938681_1600x1200.jpg?v=20130730","https://m2.spitogatos.gr/299938684_1600x1200.jpg?v=20130730","https://m1.spitogatos.gr/299938686_1600x1200.jpg?v=20130730","https://m1.spitogatos.gr/299938689_1600x1200.jpg?v=20130730","https://m3.spitogatos.gr/299938691_1600x1200.jpg?v=20130730","https://m2.spitogatos.gr/299938693_1600x1200.jpg?v=20130730","https://m2.spitogatos.gr/299938696_1600x1200.jpg?v=20130730","https://m3.spitogatos.gr/299938697_1600x1200.jpg?v=20130730","https://m3.spitogatos.gr/299938700_1600x1200.jpg?v=20130730","https://m2.spitogatos.gr/299938702_1600x1200.jpg?v=20130730","https://m1.spitogatos.gr/299938704_1600x1200.jpg?v=20130730","https://m2.spitogatos.gr/299938705_1600x1200.jpg?v=20130730","https://m3.spitogatos.gr/299938706_1600x1200.jpg?v=20130730","https://m1.spitogatos.gr/299938707_1600x1200.jpg?v=20130730","https://m2.spitogatos.gr/299938708_1600x1200.jpg?v=20130730","https://m3.spitogatos.gr/299938709_1600x1200.jpg?v=20130730","https://m1.spitogatos.gr/299938710_1600x1200.jpg?v=20130730","https://m2.spitogatos.gr/299938711_1600x1200.jpg?v=20130730","https://m3.spitogatos.gr/299938712_1600x1200.jpg?v=20130730","https://m1.spitogatos.gr/299938713_1600x1200.jpg?v=20130730","https://m2.spitogatos.gr/299938714_1600x1200.jpg?v=20130730","0","0","2","1","38.024734","1","1","23.840851",,"0","0","0","2026-08-01","0","0",,"0","yes","1","1",,"3","1","0","0",,"0","0","0","1477",,,"0","0","0","0","14.07",,,"1","3",,"1","1","2022","0",,"3","0","1",,"0","105","0",,,"0","1","0","2023-05-09","https://www.spitogatos.gr/en/property/1214021943",,"0",,"2005","qz2vkyxDzoo",
"1","2","no","simple","1","1","1","0","0","2026-06-02","0","0","1","15","1","0",,"house","0","10","0","Πρόκειται για ένα πλήρως ανακαινισμένο διαμέρισμα επιφάνειας 80τμ στον 2ο όροφο κτηρίου κατασκευής του 1985. Αποτελείται από καθιστικό με ανοικτή κουζίνα, 2υπνοδωμάτια και λουτρό. Ανακαινίσθηκε πλήρως το 2026 και διαθέτει κουφώματα αλουμινίου με διπλά τζάμια και σίτες, κεντρική θέρμανση πετρελαίου, κλιματισμό, πλήρη επίπλωση με έπιπλα και ηλεκτρικές συσκευές, διαθέτει ενεργή άδεια για βραχυχρόνια μίσθωση airbnb, ανακαινισμένο λουτρό και κουζίνα, δάπεδα από πλακάκι, ηλεκτρικές συσκευές (ψυγείο, φούρνο, πλυντήριο ρούχων), βεράντα μεγάλη στην πίσω όψη. Βρίσκεται σε εξαιρετική τοποθεσία στην κεντρική πλατεία του Χαλανδρίου. Δεν διαθέτει ανελκυστήρα.",,,"0","0","5","1","0","2026-06-02","7","4","1","yes","no","0","Αθήνα - Βόρεια Προάστια (Αττική)","Χαλάνδρι (Αθήνα - Βόρεια Προάστια)","1","105103","101","2122","102122","Double","1","1","0","0","1","1219990172","https://m2.spitogatos.gr/355328872_1600x1200.jpg?v=20130730","https://m2.spitogatos.gr/355328881_1600x1200.jpg?v=20130730","https://m3.spitogatos.gr/355328876_1600x1200.jpg?v=20130730","https://m3.spitogatos.gr/355328879_1600x1200.jpg?v=20130730","https://m1.spitogatos.gr/355328898_1600x1200.jpg?v=20130730","https://m2.spitogatos.gr/355328893_1600x1200.jpg?v=20130730","https://m3.spitogatos.gr/355328900_1600x1200.jpg?v=20130730","https://m2.spitogatos.gr/355328884_1600x1200.jpg?v=20130730","https://m3.spitogatos.gr/355328888_1600x1200.jpg?v=20130730","https://m1.spitogatos.gr/355328892_1600x1200.jpg?v=20130730","https://m3.spitogatos.gr/355328903_1600x1200.jpg?v=20130730","https://m2.spitogatos.gr/355328905_1600x1200.jpg?v=20130730","https://m3.spitogatos.gr/355328909_1600x1200.jpg?v=20130730","https://m1.spitogatos.gr/355328913_1600x1200.jpg?v=20130730","https://m2.spitogatos.gr/355328917_1600x1200.jpg?v=20130730","https://m3.spitogatos.gr/355328918_1600x1200.jpg?v=20130730","https://m1.spitogatos.gr/355328922_1600x1200.jpg?v=20130730","https://m2.spitogatos.gr/355328926_1600x1200.jpg?v=20130730","https://m2.spitogatos.gr/355328929_1600x1200.jpg?v=20130730","https://m3.spitogatos.gr/355328930_1600x1200.jpg?v=20130730","https://m1.spitogatos.gr/355328934_1600x1200.jpg?v=20130730","https://m3.spitogatos.gr/355328936_1600x1200.jpg?v=20130730","https://m3.spitogatos.gr/355328939_1600x1200.jpg?v=20130730","https://m2.spitogatos.gr/355328941_1600x1200.jpg?v=20130730","https://m1.spitogatos.gr/355328946_1600x1200.jpg?v=20130730","0","1","2","1","38.018082","1","1","23.797245",,"1","0","1","2026-07-31","0","0",,"0",,"0","1","3","2","1","1","1",,"0","0","0","1000",,,"0","0","0","0","12.5",,,"1","3",,"1","1","2026","0","1","2","1","1",,"0","80","0",,,"0","1","0","2026-06-02","https://www.spitogatos.gr/en/property/1219990172",,"1","1","1985",,"commercial"
"1","2","no","simple","1","0","0","0","0","2026-07-28","0","0","0","0","0","0",,"house",,,"0","<br>Στην ιδιαίτερα δημοφιλή περιοχή του Χαλανδρίου, σε εξαιρετικό σημείο με άμεση πρόσβαση σε όλες τις καθημερινές εξυπηρετήσεις, διατίθεται προς ενοικίαση φωτεινό γωνιακό διαμέρισμα 2ου ορόφου, συνολικής επιφάνειας 70 τ.μ., σε πολύ καλή κατάσταση.<br><br>Πρόκειται για μία προσεγμένη και φρεσκοβαμμένη κατοικία, κατασκευής 1974, η οποία ξεχωρίζει για τη λειτουργική διαρρύθμισή της και τους άνετους χώρους της, αποτελώντας ιδανική επιλογή για ζευγάρια, μικρές οικογένειες ή φοιτητές.<br><br>Το διαμέρισμα αποτελείται από δύο ευρύχωρα υπνοδωμάτια, άνετο σαλόνι, ανεξάρτητη κουζίνα, χολ και μπάνιο. Διαθέτει κουφώματα αλουμινίου, πόρτα ασφαλείας, κλιματισμό (A/C) και κεντρική θέρμανση πετρελαίου, εξασφαλίζοντας άνεση καθ' όλη τη διάρκεια του έτους. Η κουζίνα είναι εξοπλισμένη με ψυγείο και ηλεκτρική κουζίνα.<br><br>Ιδιαίτερο πλεονέκτημα του ακινήτου αποτελούν οι δύο μεγάλες γωνιακές βεράντες με τέντες, οι οποίες προσφέρουν άπλετο φυσικό φως και ευχάριστους εξωτερικούς χώρους για καθημερινή χρήση και χαλάρωση.<br><br>Η τοποθεσία είναι εξαιρετικά προνομιακή, καθώς το ακίνητο απέχει μόλις 500 μέτρα από σταθμό Μετρό, ενώ βρίσκεται πολύ κοντά σε στάσεις μέσων μαζικής μεταφοράς, εμπορικά καταστήματα, σούπερ μάρκετ, σχολεία και κάθε απαραίτητη υπηρεσία, προσφέροντας άνετη και ποιοτική καθημερινότητα.<br><br><strong>Χαρακτηριστικά:</strong><br>70 τ.μ.<br>2ος όροφος με ασανσέρ<br>2 υπνοδωμάτια<br>Άνετο σαλόνι<br>Ξεχωριστή κουζίνα<br>Μπάνιο<br>Χολ<br>Κεντρική θέρμανση πετρελαίου<br>Κλιματισμός (A/C)<br>Κουφώματα αλουμινίου<br>Πόρτα ασφαλείας<br>Ψυγείο & ηλεκτρική κουζίνα<br>Δύο μεγάλες γωνιακές βεράντες με τέντες<br>Φρεσκοβαμμένο<br>500 μ. από σταθμό Μετρό<br><br>Τιμή Ενοικίασης: 700€ / μήνα<br><br>Το στίγμα στο χάρτη δεν υποδεικνύει την ακριβή τοποθεσία του ακινήτου, αλλά πλησίον αυτής. Δείτε και άλλα ακίνητα στο www.smartdeals.gr. Απαραίτητη για την υπόδειξη του ακινήτου η προσκόμιση της ταυτότητας και του ΑΦΜ του ενδιαφερομένου αγοραστή/ενοικιαστή, βάσει του Νόμου 4072/11.4.2012.  <br>Smart Deals Real Estate, 210 6080500 / realestate.smartdeals@gmail.com<br><br> <br>",,,,"1","7","0","0","2026-07-28","7",,"0","no","no","0","Αθήνα - Βόρεια Προάστια (Αττική)","Χαλάνδρι (Αθήνα - Βόρεια Προάστια)","1","105103","101","2122","102122","Single","2","1","0","0","1","1220503718","https://m2.spitogatos.gr/363705199_1600x1200.jpg?v=20130730","https://m2.spitogatos.gr/363705205_1600x1200.jpg?v=20130730","https://m1.spitogatos.gr/363705210_1600x1200.jpg?v=20130730","https://m2.spitogatos.gr/363705214_1600x1200.jpg?v=20130730","https://m2.spitogatos.gr/363705217_1600x1200.jpg?v=20130730","https://m2.spitogatos.gr/363705220_1600x1200.jpg?v=20130730","https://m1.spitogatos.gr/363705225_1600x1200.jpg?v=20130730","https://m2.spitogatos.gr/363705229_1600x1200.jpg?v=20130730","https://m1.spitogatos.gr/363705231_1600x1200.jpg?v=20130730","https://m2.spitogatos.gr/363705232_1600x1200.jpg?v=20130730","https://m1.spitogatos.gr/363705237_1600x1200.jpg?v=20130730","https://m1.spitogatos.gr/363705240_1600x1200.jpg?v=20130730",,,,,,,,,,,,,,"0","0","2","1","38.018253",,"1","23.800016",,"0",,,"2026-07-29","0","0",,"0",,"0","1",,,"0","0","0",,"0","0","0","700",,,"0","0","0","0","10",,,"1","3","6","1","0",,"0","7","2","0","1",,"0","70","0",,"Ξενοφώντος 1-5, 152 32, Χαλάνδρι","0","1","0","2026-07-28","https://www.spitogatos.gr/en/property/1220503718",,"0","0","1974","nH6MpNkfvbI","residential"
"1","1",,"simple","1","0","0","0","0","2026-10-16","0","0","1","0","0",,,"house",,,"1","Νιώσε σαν στο σπίτι σου, όπου και αν επιλέξεις να μείνεις με την Blueground. Θα λατρέψεις αυτό το μοντέρνα επιπλωμένο διαμέρισμα τριών υπνοδωματίων, για τη διακόσμησή του, την πλήρως εξοπλισμένη κουζίνα και το εκλεπτυσμένο καθιστικό του. Βρίσκεται σε ιδανική τοποθεσία, κοντά σε όλα όσα έχει να σου προσφέρει το Χαλάνδρι!<br><br />
<br />
Η διαφημιζόμενη τιμή των €1,480/μήνα είναι η τιμή για 1 έτος, με ημερομηνία έναρξης Οκτωβρίου 15, 2026.<br />
<br>Οι τιμές διαφέρουν ανάλογα με τη διάρκεια παραμονής, την εποχικότητα και άλλους παράγοντες. Επισκεφθείτε τον ιστότοπό μας και εισάγετε τις ημερομηνίες διαμονής σας για να δείτε ενημερωμένες τιμές για την κράτησή σας. Η τιμή ισχύει μόνο με προκαταβολή· ενδέχεται να είναι υψηλότερη εάν πληρωθεί σε δόσεις.<br />
<br />
<b>Κλείστε αυτό το διαμέρισμα online!</b><br />
<br />
https://www.theblueground.com/p/furnished-apartments/ath-324?utm_source=classified-4<br />
<br />
Aναβαθμίστε τη διαμονή σας με ένα πλήρως επιπλωμένο διαμέρισμα από τη Blueground:<br />
      – Επιπλωμένα σπίτια σε τιμές αντίστοιχες με τα ανεπίπλωτα<br />
      – Χωρίς κόστη εγκατάστασης ή αγοράς επίπλων - εξοικονομήστε χρόνο και χρήματα<br />
      – Έτοιμα για άμεση μετακόμιση - το μόνο που χρειάζεστε είναι η βαλίτσα σας<br />
<br />
<b>Ο χώρος</b><br><br />
Νιώσε σαν στο σπίτι σου σε αυτό το επιπλωμένο διαμέρισμα της Blueground με το μοναδικό design, τα μοντέρνα έπιπλα και την πλήρως εξοπλισμένη κουζίνα.<br />
Δες τις αγαπημένες σου ταινίες στη smart TV ή άκουσε δυνατά μουσική στα ασύρματα ηχεία τελευταίας τεχνολογίας. Ό,τι και να αποφασίσεις να κάνεις το μόνο σίγουρο είναι πως θα αγαπήσεις όλα όσα σου προσφέρει αυτό το άνετο διαμέρισμα.<br />
<br />
<b>Διαρρύθμιση δωματίων ύπνου</b><br />
    <br />
        Μονό κρεβάτι: 90 εκ.<br />
<br />
        Υπέρδιπλο κρεβάτι: 160 εκ.<br />
<br />
        Υπέρδιπλο κρεβάτι: 160 εκ.<br />
<br />
<b>Παροχές κτιρίου</b><br />
<br />
      Στεγνωτήριο<br />
      Ασανσέρ<br />
      Πλυντήριο<br />
      Θέση στάθμευσης<br />
<br />
<br />
<b>Άφιξη και συνεχής υποστήριξη πελατών</b><br><br />
Κατά τη διάρκεια της διαμονής σου, η ομάδα μας θα είναι διαθέσιμη για να σε βοηθήσει με οτιδήποτε χρειαστείς. Μέσω της ειδικής mobile εφαρμογής της Blueground έχεις συνεχή υποστήριξη, ενώ μπορείς ακόμη να προγραμματίσεις υπηρεσίες καθαρισμού, συντήρησης ή επισκευής, με το πάτημα ενός κουμπιού.<br />
<br />
<b>Ιδανική τοποθεσία</b><br />
<br />
Το Χαλάνδρι είναι μια ζωντανή γειτονιά, που βρίσκεται στα βόρεια προάστια, μόλις 10 χιλιόμετρα από το κέντρο της Αθήνας. Το Χαλάνδρι είναι γνωστό για τις εμπορικές του συνοικίες και τη ζωντανή σκηνή των μπαρ. Η περιοχή φιλοξενεί πολλές μεγάλες πολυεθνικές εταιρείες, οργανισμούς και πρεσβείες. Εξυπηρετείται από τους σταθμούς του μετρό Χαλάνδρι & Αγία Παρασκευή, καθώς και από συνδέσεις με λεωφορεία, ενώ έχει εύκολη πρόσβαση στην Αττική Οδό.",,"1",,"1","5","0","1","2026-07-20","6",,"0","yes","yes","0","Αθήνα - Βόρεια Προάστια (Αττική)","Χαλάνδρι (Αθήνα - Βόρεια Προάστια)","1","105103","101","2122","107027",,"1","2","0","0","1","1220426156","https://m2.spitogatos.gr/362471191_1600x1200.jpg?v=20130730","https://m3.spitogatos.gr/362471192_1600x1200.jpg?v=20130730","https://m1.spitogatos.gr/362471193_1600x1200.jpg?v=20130730","https://m2.spitogatos.gr/362471194_1600x1200.jpg?v=20130730","https://m3.spitogatos.gr/362471195_1600x1200.jpg?v=20130730","https://m1.spitogatos.gr/362471196_1600x1200.jpg?v=20130730","https://m2.spitogatos.gr/362471200_1600x1200.jpg?v=20130730","https://m3.spitogatos.gr/362471201_1600x1200.jpg?v=20130730","https://m1.spitogatos.gr/362471202_1600x1200.jpg?v=20130730","https://m2.spitogatos.gr/362471203_1600x1200.jpg?v=20130730","https://m1.spitogatos.gr/362471205_1600x1200.jpg?v=20130730","https://m2.spitogatos.gr/362471206_1600x1200.jpg?v=20130730","https://m3.spitogatos.gr/362471207_1600x1200.jpg?v=20130730","https://m1.spitogatos.gr/362471208_1600x1200.jpg?v=20130730","https://m2.spitogatos.gr/362471209_1600x1200.jpg?v=20130730","https://m3.spitogatos.gr/362471210_1600x1200.jpg?v=20130730","https://m1.spitogatos.gr/362471211_1600x1200.jpg?v=20130730","https://m2.spitogatos.gr/362471212_1600x1200.jpg?v=20130730","https://m3.spitogatos.gr/362471213_1600x1200.jpg?v=20130730","https://m1.spitogatos.gr/362471214_1600x1200.jpg?v=20130730","https://m2.spitogatos.gr/362471215_1600x1200.jpg?v=20130730","https://m3.spitogatos.gr/362471219_1600x1200.jpg?v=20130730",,,,"0","0",,"0","38.013828","1","0","23.803812",,"0",,,"2026-07-31","0","0","1","0",,"1","1",,,"1","0","0",,"0","0","0","1480",,,"0","0","0","0","14.1",,,"1","3","6","1","0",,,,"3","0","1",,,"105","1",,"Sarantaporou 91Α","1","1","0","2026-07-20","https://www.spitogatos.gr/en/property/1220426156",,"0",,"2017",,
