"AC","Floor Level","accessibleForDisabled","adType_code","adType_id","agentEmployee_firstName","agentEmployee_id","agentEmployee_lastName","agentEmployee_telephone","airy","alarm","attic","auction","availability","availableForDailyRent","awning","balcony","balconyArea","bright","builtInBBQ","byTheSea","category","caveBuilding","commonExpenses","corner","description","distanceSea","doubleGlass","electricCarChargingFacilities","elevator","energyClass","facade","fireplace","firstPublishDate","floorNumber","floorType","forCommercialUse","furnished","garage","garden","geographiesByLevel_2_fullName","geographiesByLevel_4_fullName","geographyParentIds_0","geographyParentIds_1","geographyParentIds_2","geographyParentIds_4","geographyParentIds_5","glassType","heatingController","heatingMedium","heatingUnderFloor","holidayHome","host_id","id","images/0","images/1","images/2","images/3","images/4","images/5","images/6","images/7","images/8","images/9","images/10","images/11","images/12","images/13","images/14","images/15","images/16","images/17","images/18","images/19","images/20","images/21","images/22","images/23","images/24","internal_stairs","investment","joinery","kitchens","latitude","levels","livingRooms","longitude","luxHome","mannedReception","medicalOffice","modified","negotiablePrice","neoclassic","newDevelopment","nightPower","no_of_WC","no_of_bathrooms","numberOfFloors","orientation","painted","penthouse","pestNet","petsAllowed","playroom","pool","preserved","price","priceChangeDate","priceChangePercentage","priceIncludesInternet","priceIncludesPower","priceIncludesSharedExp","priceIncludesWater","pricePerSqMeters","pricePreReduction","priceReduced","propertyPublishingOptionIds/0","propertyPublishingOptionIds/1","propertyPublishingOptionIds/2","published","renovated","renovationYear","requiresRenovation","road_type","rooms","satelite","secure_door","showOnlyPartnerPhone","solar_heater","sq_meters","storage","storageArea","streetAddress","studentHome","subtype","unfinished","uploaded","url","vTourUrl","view","wholeFloorApartment","year_of_construction","youtubeVideoId","zoning"
"1","Ground Floor","no","vip","15","Πηνελόπη","94509","Παπαϊωάνου","2103300020","0","1","0","0","2026-07-03","0","0","0","0","0","0",,"house",,,"0","<br>Διατίθεται προς ενοικίαση εξαιρετική νεόδμητη μεζονέτα<br />
 2 ορόφων, συνολικής επιφάνειας 111 τ.μ., σε<br />
προνομιακή και ήσυχη τοποθεσία στο Κοντόπευκο Αγίας Παρασκευής. Πρόκειται για<br />
μία σύγχρονη κατοικία υψηλών προδιαγραφών, κατασκευής 2026, ενεργειακής κλάσης<br />
Α+, που συνδυάζει άνεση, λειτουργικότητα και υψηλή αισθητική. Το ακίνητο<br />
αποτελείται από 2 ευρύχωρα<br />
υπνοδωμάτια, φωτεινή σαλοκουζίνα ενιαίας διάταξης και 2 μοντέρνα μπάνια, ενώ<br />
διαθέτει ενδοδαπέδια θέρμανση με αντλία θερμότητας και ψύξης, προσφέροντας ιδανικές συνθήκες<br />
διαβίωσης και χαμηλή ενεργειακή κατανάλωση. Διαθέτει κουφώματα αλουμινίου<br />
υψηλής ποιότητας, δάπεδα από πλακάκι και ξύλο, θωρακισμένη πόρτα ασφαλείας,<br />
εντοιχισμένες ντουλάπες, ηλεκτρικά ρολά, σίτες, και κλιματισμό A/C. Επιπλέον,<br />
περιλαμβάνει 1 θέση στάθμευσης και αποθήκη. Για<br />
μεγαλύτερη ασφάλεια έχει τοποθετηθεί<br />
σύστημα συναγερμού με αισθητήρες κίνησης και παραβίασης. Η κουζίνα είναι<br />
εξοπλισμένη με εντοιχισμένες ηλεκτρικές συσκευές όπως εστίες, φόυρνο και πλυντήριο πιάτων και πλυντήριο ρούχων. <br><br />
Ένα από τα βασικότερα<br />
πλεονεκτήματα της συγκεκριμένης μεζονέτας είναι ότι διαθέτει αποκλειστικής<br />
χρήσης κήπο με συνολική έκταση 200 τ.μ.<br />
Πρόκειται για μία εξαιρετική επιλογή κατοικίας σε μία από<br />
τις πιο αναπτυσσόμενες και ποιοτικές περιοχές της Αγίας Παρασκευής, με άμεση<br />
πρόσβαση σε αγορά, σχολεία και μέσα μεταφοράς.Βρίσκεται πολύ κοντά στο<br />
Νομισματοκοπείο.<strong>Μην ξεχάσετε να δείτε το βίντεο – έχει όλες τις λεπτομέρειες!</strong> <br>Lion Real Estate<br />
www.lionrealestate.gr<br />
Ζωοδόχου Πηγής 38-40, 10681 Αθήνα<br />
Τηλ.: 210 3300020<br />
________________________________________________________________________________________<br />
Σημαντική ενημέρωση<br />
<br />
Για την υπόδειξη ακινήτων απαιτείται η επίδειξη της αστυνομικής ταυτότητας ή του διαβατηρίου, σύμφωνα με τις διατάξεις του Ν. 4557/2018, όπως ισχύει, σχετικά με την εφαρμογή μέτρων δέουσας επιμέλειας και την πρόληψη της νομιμοποίησης εσόδων από εγκληματικές δραστηριότητες<br />
________________________________________________________________________________________<br />
Ώρες επικοινωνίας: 09:00 – 21:00<br />
Σύμβουλος Ακινήτων, κα Πηνελόπη Παπαϊωάννου, τηλ: 6981000645<br />
email: p.papaioannou.lion@gmail.com",,,,"1","1","0","0","2026-06-29","3","10","0","no","yes","1","Αθήνα - Βόρεια Προάστια (Αττική)","Αγία Παρασκευή (Αθήνα - Βόρεια Προάστια)","1","105103","101","2101","107121","Single","1","13","1","0","1","1220263969","https://m2.spitogatos.gr/359818762_1600x1200.jpg?v=20130730","https://m3.spitogatos.gr/359818784_1600x1200.jpg?v=20130730","https://m2.spitogatos.gr/359818792_1600x1200.jpg?v=20130730","https://m1.spitogatos.gr/359818800_1600x1200.jpg?v=20130730","https://m2.spitogatos.gr/359818807_1600x1200.jpg?v=20130730","https://m2.spitogatos.gr/359818810_1600x1200.jpg?v=20130730","https://m2.spitogatos.gr/359818819_1600x1200.jpg?v=20130730","https://m1.spitogatos.gr/359818827_1600x1200.jpg?v=20130730","https://m2.spitogatos.gr/359818843_1600x1200.jpg?v=20130730","https://m1.spitogatos.gr/359818854_1600x1200.jpg?v=20130730","https://m1.spitogatos.gr/359818863_1600x1200.jpg?v=20130730","https://m3.spitogatos.gr/359818874_1600x1200.jpg?v=20130730","https://m3.spitogatos.gr/359818886_1600x1200.jpg?v=20130730","https://m3.spitogatos.gr/359818892_1600x1200.jpg?v=20130730","https://m1.spitogatos.gr/359818899_1600x1200.jpg?v=20130730","https://m3.spitogatos.gr/359818904_1600x1200.jpg?v=20130730","https://m1.spitogatos.gr/359818908_1600x1200.jpg?v=20130730","https://m1.spitogatos.gr/359818911_1600x1200.jpg?v=20130730","https://m2.spitogatos.gr/359818915_1600x1200.jpg?v=20130730","https://m2.spitogatos.gr/359818921_1600x1200.jpg?v=20130730",,,,,,"0","0","2","1","38.012562","2","1","23.812653","0",,,"2026-07-28","0","0","1","0","0","2",,,"0","0","1",,"0","0","0","1680",,,"0","0","0","0","16.8",,,"1","3","6","1","0",,"0","7","2","0","1",,"0","100","1",,"Σουλίου,153 43, Αγία Παρασκευή","0","3","0","2026-06-29","https://www.spitogatos.gr/en/property/1220263969",,"1","0","2026",,"residential"
"1","Ground Floor",,"vip","15","Αντώνης","87465","Κ","+306972610078","0","1","0","0","2026-03-06","0","0","0","1","0","0",,"house","0","0","0","Αθήνα - Βόρεια Προάστια, Αγία Παρασκευή: Ενοικιάζεται Μεζονέτα 140τ.μ. σε ισόγειο 2 επιπέδων σε κτίριο 2 ορόφων. Αποτελείται από 3 υπνοδωμάτια εκ των οποίων τα 1 είναι master, 1 κουζίνα, αποθήκη, μπάνιο και 1 WC. Είναι επιπλωμένη, με ηλεκτρικές συσκευές (πλυντήριο πιάτων, φούρνος κανονικός, τραπέζι σαλονιού, τραπέζι κουζίνας, καναπές, κρεβάτι, ψυγείο), κατασκευασμένη το 1994 και διαθέτει θέα ανοιχτωσιά, κουφώματα αλουμινίου, θέση στάθμευσης, κλιματισμό, ενεργειακή κλάση Γ, δάπεδα από πλακάκι, εγκατασταση συναγερμού. Ενοικιάζεται και μη επιπλωμένο. Είναι ιδανική για οικογένειες ή εργαζόμενους. Τιμή 1.000€ (συζητήσιμη)| Κωδικός Ακινήτου: #1102<br>",,,"0","0","5","0","0","2026-03-06","3","4","0","yes","yes","0","Αθήνα - Βόρεια Προάστια (Αττική)","Αγία Παρασκευή (Αθήνα - Βόρεια Προάστια)","1","105103","101","2101",,"Single","3",,"0","0","1","1219503391","https://m3.spitogatos.gr/347024813_1600x1200.jpg?v=20130730","https://m2.spitogatos.gr/347024827_1600x1200.jpg?v=20130730","https://m2.spitogatos.gr/347024836_1600x1200.jpg?v=20130730","https://m3.spitogatos.gr/347024846_1600x1200.jpg?v=20130730","https://m3.spitogatos.gr/347024855_1600x1200.jpg?v=20130730","https://m3.spitogatos.gr/347024861_1600x1200.jpg?v=20130730","https://m2.spitogatos.gr/347024872_1600x1200.jpg?v=20130730","https://m3.spitogatos.gr/347024882_1600x1200.jpg?v=20130730","https://m1.spitogatos.gr/347024889_1600x1200.jpg?v=20130730","https://m3.spitogatos.gr/347024897_1600x1200.jpg?v=20130730","https://m3.spitogatos.gr/347024906_1600x1200.jpg?v=20130730","https://m2.spitogatos.gr/347024914_1600x1200.jpg?v=20130730",,,,,,,,,,,,,,"0","0","2","1","38.009476","2","0","23.827549","0","0","0","2026-07-28","0","0",,"0","1","1","2","3","0","0","0",,"0","0","0","1000",,,"0","0","0","0","7.14",,,"1","3","6","1","0",,"0","1","3","0","0",,"0","140","1",,,"0","3","0","2026-03-06","https://www.spitogatos.gr/en/property/1219503391",,"1",,"1994",,"residential"
,"3",,"vip","14","ΚΩΣΤΑΣ","60663","κ","+306977262198","1",,,"0","2026-05-14","0",,"1","0","1",,,"house",,,,"Διαμέρισμα 130τμ 3ου Ορόφου με 3 Υπνοδωμάτια και 2 Μπάνια, 2 Πάρκινγκ Πιλοτής για αυτοκίνητα, Τζάκι, Αυτόνομη Θέρμανση Φυσικού Αερίου, Μεγάλη και Ευρύχωρη Βεράντα Προσόψεως, Κουφώματα Αλουμινίου, Διπλά Τζάμια, Δάπεδα Πλακάκια και Ξύλινα παρκέ, φωτεινό, βαμμένο, προσόψεως, διαμπερές, βεράντες, εντοιχιζόμενες ντουλάπες, θυροτηλέφωνο, ασανσέρ, πλησίον ΚΟΛΛΕΓΙΟΥ, πλησίον οδού Περικλέους στην Αγία Παρασκευή",,,,"1","5","1","1","2026-05-14","8","10",,,"yes",,"Αθήνα - Βόρεια Προάστια (Αττική)","Αγία Παρασκευή (Αθήνα - Βόρεια Προάστια)","1","105103","101","2101","107123","Double","4","2",,,"1","1219886640","https://m3.spitogatos.gr/353485556_1600x1200.jpg?v=20130730","https://m1.spitogatos.gr/353485560_1600x1200.jpg?v=20130730","https://m3.spitogatos.gr/353485565_1600x1200.jpg?v=20130730","https://m2.spitogatos.gr/353485567_1600x1200.jpg?v=20130730","https://m1.spitogatos.gr/353485572_1600x1200.jpg?v=20130730","https://m1.spitogatos.gr/353485575_1600x1200.jpg?v=20130730","https://m3.spitogatos.gr/353485580_1600x1200.jpg?v=20130730","https://m1.spitogatos.gr/353485584_1600x1200.jpg?v=20130730","https://m1.spitogatos.gr/353485587_1600x1200.jpg?v=20130730","https://m1.spitogatos.gr/353485593_1600x1200.jpg?v=20130730","https://m2.spitogatos.gr/353485597_1600x1200.jpg?v=20130730","https://m1.spitogatos.gr/353485602_1600x1200.jpg?v=20130730","https://m2.spitogatos.gr/353485606_1600x1200.jpg?v=20130730","https://m3.spitogatos.gr/353485610_1600x1200.jpg?v=20130730","https://m2.spitogatos.gr/353485612_1600x1200.jpg?v=20130730","https://m3.spitogatos.gr/353485616_1600x1200.jpg?v=20130730","https://m3.spitogatos.gr/353485619_1600x1200.jpg?v=20130730",,,,,,,,,,,"2","1","38.011089","1","1","23.83123",,,,"2026-07-28","0",,,,"0","2",,,"1",,,,,,,"1300",,,"0","0","0","0","10",,,"1",,,"1","1",,,,"3",,,"1",,"130",,,,,"1",,"2026-05-14","https://www.spitogatos.gr/en/property/1219886640",,,,"1995",,
"0","2","no","vip","14",,,,,"1","0","0","0","2026-07-16","0","1","0","0","1","0",,"house","0",,"0","Διαμέρισμα Προς Ενοικίαση, όροφος: 2ος, στην περιοχή: Αγία Παρασκευή. Το εμβαδόν του ακινήτου είναι 130 τ.μ.. Αποτελείται από: 3 Υ/Δ, 1 μπάνιο/α, 1 wc, 1 κουζίνα/ες, 1 σαλόνι/α, ενώ διαθέτει 1 θέσεις στάθμευσης (1 Σε υπόγειο χώρο). Έχει κατασκευαστεί το 1985 και ανακαινίστηκε το 2026. Η θέρμανση του ακινήτου είναι Αυτόνομη με Πετρέλαιο, ενώ επίσης διατίθεται Boiler, έχει κουφώματα Αλουμινίου με Διπλά τζάμια, ενεργειακό πιστοποιητικό: Γ και τα δάπεδα είναι: Ξύλο. Η κατάστασή του είναι: Ανακαινισμένο, βρίσκεται κοντά σε Μετρό, Συγκοινωνίες, έχει θέα Βουνό. Το ακίνητο είναι Βαμμένο, Προσόψεως, Φωτεινό, Ευάερο, Ευήλιο, Διαμπερές και επίσης διαθέτει τα παρακάτω χαρακτηριστικά και πλεονεκτήματα: Τέντες, Ασανσέρ, Αποθήκη, Πόρτα Ασφαλείας, Νυχτερινό Ρεύμα, Επιτρέπονται Κατοικίδια, Βεράντα. Το ακίνητο Διαθέτει Ηλιακούς Συλλέκτες. Τιμή: €1.200. Art Real Estate, Τηλέφωνο Επικοινωνίας: 6972057075, email: info@artrealestate.gr, website: https://www.artrealestate.gr/",,,"0","1","5","1","1","2026-07-16","7","2","0","no","yes","0","Αθήνα - Βόρεια Προάστια (Αττική)","Αγία Παρασκευή (Αθήνα - Βόρεια Προάστια)","1","105103","101","2101","123120","Double","1","1","0","0","1","1220397217","https://m3.spitogatos.gr/362426477_1600x1200.jpg?v=20130730","https://m2.spitogatos.gr/362426482_1600x1200.jpg?v=20130730","https://m2.spitogatos.gr/362426500_1600x1200.jpg?v=20130730","https://m1.spitogatos.gr/362426505_1600x1200.jpg?v=20130730","https://m2.spitogatos.gr/362426512_1600x1200.jpg?v=20130730","https://m1.spitogatos.gr/362426517_1600x1200.jpg?v=20130730","https://m2.spitogatos.gr/362426521_1600x1200.jpg?v=20130730","https://m1.spitogatos.gr/362426526_1600x1200.jpg?v=20130730","https://m1.spitogatos.gr/362426532_1600x1200.jpg?v=20130730","https://m2.spitogatos.gr/362426539_1600x1200.jpg?v=20130730","https://m1.spitogatos.gr/362426547_1600x1200.jpg?v=20130730","https://m1.spitogatos.gr/362426553_1600x1200.jpg?v=20130730","https://m2.spitogatos.gr/362426557_1600x1200.jpg?v=20130730","https://m2.spitogatos.gr/362426560_1600x1200.jpg?v=20130730","https://m1.spitogatos.gr/362426568_1600x1200.jpg?v=20130730","https://m2.spitogatos.gr/362426572_1600x1200.jpg?v=20130730","https://m1.spitogatos.gr/362426577_1600x1200.jpg?v=20130730","https://m3.spitogatos.gr/362426582_1600x1200.jpg?v=20130730","https://m3.spitogatos.gr/362426588_1600x1200.jpg?v=20130730","https://m1.spitogatos.gr/362426592_1600x1200.jpg?v=20130730","https://m2.spitogatos.gr/362426596_1600x1200.jpg?v=20130730","https://m3.spitogatos.gr/362426603_1600x1200.jpg?v=20130730","https://m3.spitogatos.gr/362426615_1600x1200.jpg?v=20130730","https://m3.spitogatos.gr/362426618_1600x1200.jpg?v=20130730",,"0","0","2","1","38.004398","1","1","23.818457","0","0","0","2026-07-28","0","0",,"1","1","1","4",,"1","0","0","1","0","0","0","1200",,,"0","0","0","0","9.23",,,"1","3","6","1","1","2026","0","1","3","0","1",,"0","130","1",,,"0","1","0","2026-07-16","https://www.spitogatos.gr/en/property/1220397217",,"1","0","1985",,"residential"
"1","1","yes","vip","13",,,,,,"1","0","0","2026-07-08","0","1","1","25","1","0",,"house","0",,"0","Σε μια πολύ ήσυχη γειτονιά της Αγίας Παρασκευής, σε μια  πολυκατοικία ιδιαίτερης αισθητικής του αρχιτέκτονα Κρόκου, διατίθεται προς ενοικίαση ένα πρόσφατα ανακαινισμένο διαμέρισμα υψηλών προδιαγραφών. Το ακίνητο ξεχωρίζει για το πολύ μεγάλο και φωτεινό σαλόνι του που κοσμείται από ένα καλόγουστο τζάκι, καθώς και για την κουζίνα του, η οποία είναι εξοπλισμένη με εντοιχισμένες ηλεκτρικές συσκευές Miele και Neff. Διαθέτει δύο άνετα υπνοδωμάτια, ένα κυρίως μπάνιο και ένα WC. Τα μεγάλα μπαλκόνια του προσφέρουν ωραία, ανεμπόδιστη θέα στην περιοχή. Για την απόλυτη άνεση και ασφάλεια των κατοίκων, το διαμέρισμα είναι εξοπλισμένο με αυτόνομη θέρμανση φυσικού αερίου, κλιματιστικά σε όλους τους χώρους, πόρτα ασφαλείας και σύστημα συναγερμού. Η ιδιοκτησία ολοκληρώνεται με μια αποθήκη και μια θέση στάθμευσης στο υπόγειο γκαράζ του κτιρίου.",,,"0","1","6","0","1","2026-07-08","6","4",,"no","yes","0","Αθήνα - Βόρεια Προάστια (Αττική)","Αγία Παρασκευή (Αθήνα - Βόρεια Προάστια)","1","105103","101","2101","107123","Double","1","2","0",,"1","1220333689","https://m3.spitogatos.gr/360948674_1600x1200.jpg?v=20130730","https://m1.spitogatos.gr/360949170_1600x1200.jpg?v=20130730","https://m2.spitogatos.gr/360949183_1600x1200.jpg?v=20130730","https://m2.spitogatos.gr/360949198_1600x1200.jpg?v=20130730","https://m2.spitogatos.gr/360949201_1600x1200.jpg?v=20130730","https://m3.spitogatos.gr/360949319_1600x1200.jpg?v=20130730","https://m3.spitogatos.gr/360949364_1600x1200.jpg?v=20130730","https://m1.spitogatos.gr/360949389_1600x1200.jpg?v=20130730","https://m3.spitogatos.gr/360949403_1600x1200.jpg?v=20130730","https://m1.spitogatos.gr/360949410_1600x1200.jpg?v=20130730","https://m2.spitogatos.gr/360949465_1600x1200.jpg?v=20130730","https://m3.spitogatos.gr/360949484_1600x1200.jpg?v=20130730","https://m2.spitogatos.gr/360949522_1600x1200.jpg?v=20130730","https://m3.spitogatos.gr/360949541_1600x1200.jpg?v=20130730","https://m2.spitogatos.gr/360949543_1600x1200.jpg?v=20130730","https://m3.spitogatos.gr/360949544_1600x1200.jpg?v=20130730","https://m3.spitogatos.gr/360949550_1600x1200.jpg?v=20130730","https://m2.spitogatos.gr/360949552_1600x1200.jpg?v=20130730","https://m2.spitogatos.gr/360949588_1600x1200.jpg?v=20130730","https://m2.spitogatos.gr/360950791_1600x1200.jpg?v=20130730","https://m3.spitogatos.gr/360950852_1600x1200.jpg?v=20130730","https://m2.spitogatos.gr/360950938_1600x1200.jpg?v=20130730","https://m3.spitogatos.gr/360951188_1600x1200.jpg?v=20130730","https://m1.spitogatos.gr/360951300_1600x1200.jpg?v=20130730",,"0",,"2","1","38.007801","1","1","23.83094","0","0",,"2026-07-29","0","0",,"0","1","1","3","10","1",,"0",,"0","0","0","1400",,,"0","0","0","0","13.33",,,"1",,,"1","1",,"0","1","2",,"1",,"1","105","1","8",,,"1","0","2026-07-08","https://www.spitogatos.gr/en/property/1220333689",,"1","0","1992",,"residential"
"1","5","no","vip","13","Αλέξιος","81463","Κοσμόπουλος","6986109593","0","1","0","0","2026-08-10","0","1","1","0","1","0",,"house","0","40","1","Διατίθεται προς ενοικίαση ανακαινισμένο οροφοδιαμέρισμα 95 τ.μ., 5ου ορόφου, στην περιοχή Χολαργός – Φανερωμένη.<br />
<br />
Το ακίνητο, αποτελείται από δύο υπνοδωμάτια, ένα μπάνιο, μία κουζίνα και ένα ευρύχωρο σαλόνι, προσφέροντας λειτουργική και άνετη διαρρύθμιση. Επιπλέον περιλαμβάνει δύο θέσεις στάθμευσης στην πιλοτή.<br />
<br />
Διαθέτει αυτόνομη θέρμανση με φυσικό αέριο, κλιματισμό και ηλιακό θερμοσίφωνα, ενώ τα κουφώματα είναι αλουμινίου με διπλά ενεργειακά τζάμια και τα δάπεδα είναι από πλακάκι. Επιπλέον περιλαμβάνει σίτες, τέντες, ασανσέρ, ηλεκτρικές συσκευές, πόρτα ασφαλείας, θυροτηλεόραση, συναγερμό και νυχτερινό ρεύμα.<br />
<br />
Το διαμέρισμα είναι βαμμένο, γωνιακό, ρετιρέ, προσόψεως, φωτεινό και μοντέρνο, με ανατολικοδυτικό προσανατολισμό και πανοραμική θέα σε ανοιχτωσιά και αστικό τοπίο. Βρίσκεται σε πολύ καλή κατάσταση και προσφέρει άνετη διαβίωση σε μία από τις πιο όμορφες περιοχές του Χολαργού.<br />
<br />
Βρίσκεται σε εξαιρετική τοποθεσία, κοντά σε συγκοινωνίες, πάρκα, πλατείες, αγορά και χώρους εστίασης, προσφέροντας εύκολη πρόσβαση σε όλες τις καθημερινές ανάγκες.<br />
<br />
Το ακίνητο θα είναι διαθέσιμο από τις 10/08.<br />
<br />
📍 Η αναφερόμενη τοποθεσία είναι ενδεικτική. Για περισσότερες πληροφορίες ή προγραμματισμό επίσκεψης:<br />
<br />
KOSMOS REAL ESTATE<br />
📞 Υπεύθυνος Ακινήτου: Κοσμόπουλος Αλέξης – 6986109593<br />
📧 info@kosmosrealestate.gr<br />
🌐 www.kosmosrealestate.gr",,,"0","1","6","1","1","2026-07-14","10","4","0","no","yes","0","Αθήνα - Βόρεια Προάστια (Αττική)","Χολαργός (Αθήνα - Βόρεια Προάστια)","1","105103","101","2123","202317","Double","1","2","0","0","1","1220262844","https://m1.spitogatos.gr/359803128_1600x1200.jpg?v=20130730","https://m2.spitogatos.gr/359803129_1600x1200.jpg?v=20130730","https://m2.spitogatos.gr/359803132_1600x1200.jpg?v=20130730","https://m3.spitogatos.gr/359803136_1600x1200.jpg?v=20130730","https://m3.spitogatos.gr/359803139_1600x1200.jpg?v=20130730","https://m3.spitogatos.gr/359803142_1600x1200.jpg?v=20130730","https://m1.spitogatos.gr/359803143_1600x1200.jpg?v=20130730","https://m2.spitogatos.gr/361711015_1600x1200.jpg?v=20130730","https://m1.spitogatos.gr/361711020_1600x1200.jpg?v=20130730","https://m3.spitogatos.gr/361711025_1600x1200.jpg?v=20130730","https://m1.spitogatos.gr/359803152_1600x1200.jpg?v=20130730","https://m1.spitogatos.gr/359803155_1600x1200.jpg?v=20130730","https://m1.spitogatos.gr/359803158_1600x1200.jpg?v=20130730",,,,,,,,,,,,,"0","0","2","1","38.003895","1","1","23.804707","0","0","0","2026-07-28","0","0",,"1","0","1",,"2","1","1","1",,"0","0","0","1200",,,"0","0","0","0","12.63",,,"1","3","6","1","1","2008","0","1","2","0","1",,"1","95","0",,,"0","1","0","2026-06-29","https://www.spitogatos.gr/en/property/1220262844",,"1","1","1978",,"residential"
"1","4",,"vip","4",,,,,"1",,,"0","2026-06-02","0",,"1","0","1",,,"house",,,,"Ενοικιάζεται εξαιρετικό διαμέρισμα ρετιρέ, σε ήσυχη περιοχή κοντά σε σχολεία, αγορά και συγκοινωνίες. Αποτελείται από 1 μεγάλο σαλόνι με τζάκι, άνετη κουζίνα , 3 ευρύχωρα υπνοδωμάτια, 1 μπάνιο και 1 wc. Διαθέτει κουφώματα αλουμινίου με διπλά τζάμια, μεγάλες βεράντες ( στην 1 βεράντα υπαρχει ανοιγοκλεινομενη τζαμαρία και barbeque). Υπαρχει δυνατότητα να δοθεί και πληρως επιπλωμενο. Τηλ επικοινωνίας 6946879906",,,,"1","5","1","1","2026-06-02","9",,,,"yes",,"Αθήνα - Βόρεια Προάστια (Αττική)","Αγία Παρασκευή (Αθήνα - Βόρεια Προάστια)","1","105103","101","2101","107121",,"1","1",,,"1","1219993315","https://m1.spitogatos.gr/355387092_1600x1200.jpg?v=20130730","https://m3.spitogatos.gr/355387091_1600x1200.jpg?v=20130730","https://m1.spitogatos.gr/355387095_1600x1200.jpg?v=20130730","https://m3.spitogatos.gr/355387097_1600x1200.jpg?v=20130730","https://m2.spitogatos.gr/355387099_1600x1200.jpg?v=20130730","https://m1.spitogatos.gr/355387101_1600x1200.jpg?v=20130730","https://m2.spitogatos.gr/355387102_1600x1200.jpg?v=20130730","https://m3.spitogatos.gr/355387103_1600x1200.jpg?v=20130730","https://m3.spitogatos.gr/355387106_1600x1200.jpg?v=20130730","https://m2.spitogatos.gr/355387108_1600x1200.jpg?v=20130730","https://m3.spitogatos.gr/355387109_1600x1200.jpg?v=20130730","https://m2.spitogatos.gr/355387111_1600x1200.jpg?v=20130730","https://m1.spitogatos.gr/355387113_1600x1200.jpg?v=20130730","https://m3.spitogatos.gr/355387115_1600x1200.jpg?v=20130730","https://m1.spitogatos.gr/355387116_1600x1200.jpg?v=20130730","https://m3.spitogatos.gr/355387133_1600x1200.jpg?v=20130730","https://m1.spitogatos.gr/355387134_1600x1200.jpg?v=20130730","https://m2.spitogatos.gr/355387135_1600x1200.jpg?v=20130730","https://m3.spitogatos.gr/355387136_1600x1200.jpg?v=20130730","https://m2.spitogatos.gr/355387138_1600x1200.jpg?v=20130730","https://m3.spitogatos.gr/355387139_1600x1200.jpg?v=20130730","https://m3.spitogatos.gr/361333820_1600x1200.jpg?v=20130730","https://m1.spitogatos.gr/361333821_1600x1200.jpg?v=20130730","https://m2.spitogatos.gr/361333822_1600x1200.jpg?v=20130730",,,,"2","1","38.015789","1","1","23.824209",,,,"2026-07-29","1",,,,"1","1",,,,"1","1",,,,,"1400",,,"0","0","0","0","9.33",,,"1","3",,"1","1",,,,"3",,"1",,"1","150","1",,,,"1",,"2026-06-02","https://www.spitogatos.gr/en/property/1219993315",,"1",,,,
"1","3",,"vip","4",,,,,"0","0","0","0","2026-07-31","0","0","1","0","0",,,"house",,,"1","Ανακάλυψε τα καλύτερα σημεία της Αγίας Παρασκευής , με αυτό το φωτεινό διαμέρισμα δύο υπνοδωματίων της Blueground. Προσφέρει μια πλήρως εξοπλισμένη κουζίνα, ένα εξαιρετικό καθιστικό. Επίσης, καθ’όλη τη διάρκεια της διαμονής σου θα έχεις τη δυνατότητα να επικοινωνήσεις εύκολα και άμεσα με την ομάδα υποστήριξης πελατών και να βρεις χρήσιμες πληροφορίες τόσο για το διαμέρισμά σου όσο και για τη γειτονιά μέσω της ειδικής mobile εφαρμογής.<br><br />
<br />
Η διαφημιζόμενη τιμή των €1,140/μήνα είναι η τιμή για 1 έτος, με ημερομηνία έναρξης Ιουλίου 30, 2026.<br />
<br>Οι τιμές διαφέρουν ανάλογα με τη διάρκεια παραμονής, την εποχικότητα και άλλους παράγοντες. Επισκεφθείτε τον ιστότοπό μας και εισάγετε τις ημερομηνίες διαμονής σας για να δείτε ενημερωμένες τιμές για την κράτησή σας. Η τιμή ισχύει μόνο με προκαταβολή· ενδέχεται να είναι υψηλότερη εάν πληρωθεί σε δόσεις.<br />
<br />
<b>Κλείστε αυτό το διαμέρισμα online!</b><br />
<br />
https://www.theblueground.com/p/furnished-apartments/ath-1905?utm_source=classified-4<br />
<br />
Aναβαθμίστε τη διαμονή σας με ένα πλήρως επιπλωμένο διαμέρισμα από τη Blueground:<br />
      – Επιπλωμένα σπίτια σε τιμές αντίστοιχες με τα ανεπίπλωτα<br />
      – Χωρίς κόστη εγκατάστασης ή αγοράς επίπλων - εξοικονομήστε χρόνο και χρήματα<br />
      – Έτοιμα για άμεση μετακόμιση - το μόνο που χρειάζεστε είναι η βαλίτσα σας<br />
<br />
<b>Ο χώρος</b><br><br />
Έπιπλα μοναδικού design, πλήρως εξοπλισμένη κουζίνα, smart TV ή/και ασύρματα ηχεία τελευταίας τεχνολογίας, είναι λίγες μόνο από τις ανέσεις που σου προσφέρει αυτό το διαμέρισμα δύο υπνοδωματίων της Blueground. Θα το αγαπήσεις όμως και για τη μοναδική του τοποθεσία, καθώς βρίσκεται σε ένα από τα πιο κεντρικά σημεία της Αγίας Παρασκευής.<br />
<br />
<b>Διαρρύθμιση δωματίων ύπνου</b><br />
    <br />
        Υπέρδιπλο κρεβάτι: 160 εκ.<br />
<br />
        Διπλό κρεβάτι: 140 εκ.<br />
<br />
<b>Παροχές κτιρίου</b><br />
<br />
      Ασανσέρ<br />
      Πλυντήριο<br />
      Θέση στάθμευσης<br />
      Επιτρέπονται κατοικίδια<br />
<br />
<br />
<b>Άφιξη και συνεχής υποστήριξη πελατών</b><br><br />
Κατά τη διάρκεια της διαμονής σου, η ομάδα μας θα είναι διαθέσιμη για να σε βοηθήσει με οτιδήποτε χρειαστείς. Μέσω της ειδικής mobile εφαρμογής της Blueground έχεις συνεχή υποστήριξη, ενώ μπορείς ακόμη να προγραμματίσεις υπηρεσίες καθαρισμού, συντήρησης ή επισκευής, με το πάτημα ενός κουμπιού.<br />
<br />
<b>Ιδανική τοποθεσία</b><br />
<br />
Η Αγία Παρασκευή είναι μια γοητευτική γειτονιά που βρίσκεται στη βορειοανατολική γωνία της Αθήνας, μόλις 9 χιλιόμετρα από το κέντρο της πόλης. Φιλοξενεί το Deree College, τμήμα του Αμερικανικού Κολλεγίου Ελλάδος (ACG). Η διαβίωση στην Αγία Παρασκευή είναι πολύ δημοφιλής μεταξύ ντόπιων και ομογενών που αναζητούν ένα μέρος που συνδυάζει χώρους πρασίνου με σύγχρονες ανέσεις και διαμερίσματα υψηλής ποιότητας. Εξυπηρετείται από το σταθμό του μετρό Αγία Παρασκευή.",,"1",,"1","9","0","0","2026-02-11","8",,"0","yes","yes","1","Αθήνα - Βόρεια Προάστια (Αττική)","Αγία Παρασκευή (Αθήνα - Βόρεια Προάστια)","1","105103","101","2101",,,"1","2","0","0","1","1219362509","https://m2.spitogatos.gr/359919700_1600x1200.jpg?v=20130730","https://m3.spitogatos.gr/359919713_1600x1200.jpg?v=20130730","https://m3.spitogatos.gr/359919728_1600x1200.jpg?v=20130730","https://m1.spitogatos.gr/359919753_1600x1200.jpg?v=20130730","https://m3.spitogatos.gr/359919767_1600x1200.jpg?v=20130730","https://m2.spitogatos.gr/359919805_1600x1200.jpg?v=20130730","https://m1.spitogatos.gr/359919819_1600x1200.jpg?v=20130730","https://m3.spitogatos.gr/359919833_1600x1200.jpg?v=20130730","https://m1.spitogatos.gr/359919855_1600x1200.jpg?v=20130730","https://m3.spitogatos.gr/359919881_1600x1200.jpg?v=20130730","https://m3.spitogatos.gr/359919902_1600x1200.jpg?v=20130730","https://m1.spitogatos.gr/359919915_1600x1200.jpg?v=20130730","https://m1.spitogatos.gr/359919942_1600x1200.jpg?v=20130730","https://m3.spitogatos.gr/359919953_1600x1200.jpg?v=20130730","https://m3.spitogatos.gr/359919962_1600x1200.jpg?v=20130730","https://m3.spitogatos.gr/359919992_1600x1200.jpg?v=20130730","https://m1.spitogatos.gr/359920002_1600x1200.jpg?v=20130730","https://m2.spitogatos.gr/359920024_1600x1200.jpg?v=20130730","https://m1.spitogatos.gr/359920041_1600x1200.jpg?v=20130730","https://m3.spitogatos.gr/359920052_1600x1200.jpg?v=20130730","https://m1.spitogatos.gr/359920074_1600x1200.jpg?v=20130730","https://m1.spitogatos.gr/359920095_1600x1200.jpg?v=20130730","https://m3.spitogatos.gr/359920109_1600x1200.jpg?v=20130730","https://m1.spitogatos.gr/359920125_1600x1200.jpg?v=20130730","https://m1.spitogatos.gr/359920152_1600x1200.jpg?v=20130730","0","0",,"0","38.015396","1","0","23.826012","0",,,"2026-07-29","0","0","1","0","0","1",,,"1","0","1","1","0","0","0","1140",,,"0","0","0","0","15.41",,,"1","3",,"1","0",,,,"2","0","1",,,"74","0",,"Dimitriou Gounari 60","1","1","0","2026-02-10","https://www.spitogatos.gr/en/property/1219362509","https://nodalview.com/s/1xkAxtf_T4mAz09UQMb7cm","0",,"2024",,
"1","2",,"vip","4",,,,,"0","0","0","0","2026-07-31","0","0","1","0","0",,,"house",,,"1","Ανακάλυψε τα καλύτερα σημεία της Αγίας Παρασκευής , με αυτό το εκλεπτυσμένο διαμέρισμα δύο υπνοδωματίων της Blueground. Προσφέρει μια πλήρως εξοπλισμένη κουζίνα, ένα φωτεινό καθιστικό. Επίσης, καθ’όλη τη διάρκεια της διαμονής σου θα έχεις τη δυνατότητα να επικοινωνήσεις εύκολα και άμεσα με την ομάδα υποστήριξης πελατών και να βρεις χρήσιμες πληροφορίες τόσο για το διαμέρισμά σου όσο και για τη γειτονιά μέσω της ειδικής mobile εφαρμογής.<br><br />
<br />
Η διαφημιζόμενη τιμή των €1,320/μήνα είναι η τιμή για 1 έτος, με ημερομηνία έναρξης Ιουλίου 30, 2026. Η χαμηλότερη διαθέσιμη τιμή είναι €1,180/μήνα για μίσθωση 2 μήνα(μηνών) και 23 ημέρας(ημερών) με ημερομηνία έναρξης Ιουλίου 30, 2026.<br />
<br>Οι τιμές διαφέρουν ανάλογα με τη διάρκεια παραμονής, την εποχικότητα και άλλους παράγοντες. Επισκεφθείτε τον ιστότοπό μας και εισάγετε τις ημερομηνίες διαμονής σας για να δείτε ενημερωμένες τιμές για την κράτησή σας. Η τιμή ισχύει μόνο με προκαταβολή· ενδέχεται να είναι υψηλότερη εάν πληρωθεί σε δόσεις.<br />
<br />
<b>Κλείστε αυτό το διαμέρισμα online!</b><br />
<br />
https://www.theblueground.com/p/furnished-apartments/ath-1902?utm_source=classified-4<br />
<br />
Aναβαθμίστε τη διαμονή σας με ένα πλήρως επιπλωμένο διαμέρισμα από τη Blueground:<br />
      – Επιπλωμένα σπίτια σε τιμές αντίστοιχες με τα ανεπίπλωτα<br />
      – Χωρίς κόστη εγκατάστασης ή αγοράς επίπλων - εξοικονομήστε χρόνο και χρήματα<br />
      – Έτοιμα για άμεση μετακόμιση - το μόνο που χρειάζεστε είναι η βαλίτσα σας<br />
<br />
<b>Ο χώρος</b><br><br />
Νιώσε σαν στο σπίτι σου σε αυτό το επιπλωμένο διαμέρισμα της Blueground με το μοναδικό design, τα μοντέρνα έπιπλα και την πλήρως εξοπλισμένη κουζίνα.<br />
Δες τις αγαπημένες σου ταινίες στη smart TV ή άκουσε δυνατά μουσική στα ασύρματα ηχεία τελευταίας τεχνολογίας. Ό,τι και να αποφασίσεις να κάνεις το μόνο σίγουρο είναι πως θα αγαπήσεις όλα όσα σου προσφέρει αυτό το ζεστό διαμέρισμα.<br />
<br />
<b>Διαρρύθμιση δωματίων ύπνου</b><br />
    <br />
        Υπέρδιπλο κρεβάτι: 160 εκ.<br />
<br />
        Διπλό κρεβάτι: 140 εκ.<br />
<br />
<b>Παροχές κτιρίου</b><br />
<br />
      Ασανσέρ<br />
      Πλυντήριο<br />
      Θέση στάθμευσης<br />
      Επιτρέπονται κατοικίδια<br />
<br />
<br />
<b>Άφιξη και συνεχής υποστήριξη πελατών</b><br><br />
Κατά τη διάρκεια της διαμονής σου, η ομάδα μας θα είναι διαθέσιμη για να σε βοηθήσει με οτιδήποτε χρειαστείς. Μέσω της ειδικής mobile εφαρμογής της Blueground έχεις συνεχή υποστήριξη, ενώ μπορείς ακόμη να προγραμματίσεις υπηρεσίες καθαρισμού, συντήρησης ή επισκευής, με το πάτημα ενός κουμπιού.<br />
<br />
<b>Ιδανική τοποθεσία</b><br />
<br />
Η Αγία Παρασκευή είναι μια γοητευτική γειτονιά που βρίσκεται στη βορειοανατολική γωνία της Αθήνας, μόλις 9 χιλιόμετρα από το κέντρο της πόλης. Φιλοξενεί το Deree College, τμήμα του Αμερικανικού Κολλεγίου Ελλάδος (ACG). Η διαβίωση στην Αγία Παρασκευή είναι πολύ δημοφιλής μεταξύ ντόπιων και ομογενών που αναζητούν ένα μέρος που συνδυάζει χώρους πρασίνου με σύγχρονες ανέσεις και διαμερίσματα υψηλής ποιότητας. Εξυπηρετείται από το σταθμό του μετρό Αγία Παρασκευή.",,"1",,"1","9","0","0","2026-05-27","7",,"0","yes","yes","1","Αθήνα - Βόρεια Προάστια (Αττική)","Αγία Παρασκευή (Αθήνα - Βόρεια Προάστια)","1","105103","101","2101",,,"1","2","0","0","1","1219959370","https://m3.spitogatos.gr/359919695_1600x1200.jpg?v=20130730","https://m2.spitogatos.gr/359919709_1600x1200.jpg?v=20130730","https://m3.spitogatos.gr/359919722_1600x1200.jpg?v=20130730","https://m2.spitogatos.gr/359919751_1600x1200.jpg?v=20130730","https://m3.spitogatos.gr/359919764_1600x1200.jpg?v=20130730","https://m1.spitogatos.gr/359919801_1600x1200.jpg?v=20130730","https://m2.spitogatos.gr/359919814_1600x1200.jpg?v=20130730","https://m2.spitogatos.gr/359919829_1600x1200.jpg?v=20130730","https://m2.spitogatos.gr/359919850_1600x1200.jpg?v=20130730","https://m2.spitogatos.gr/359919877_1600x1200.jpg?v=20130730","https://m2.spitogatos.gr/359919901_1600x1200.jpg?v=20130730","https://m1.spitogatos.gr/359919909_1600x1200.jpg?v=20130730","https://m1.spitogatos.gr/359919936_1600x1200.jpg?v=20130730","https://m3.spitogatos.gr/359919947_1600x1200.jpg?v=20130730","https://m2.spitogatos.gr/359919958_1600x1200.jpg?v=20130730","https://m3.spitogatos.gr/359919980_1600x1200.jpg?v=20130730","https://m2.spitogatos.gr/359919997_1600x1200.jpg?v=20130730","https://m1.spitogatos.gr/359920014_1600x1200.jpg?v=20130730","https://m2.spitogatos.gr/359920030_1600x1200.jpg?v=20130730","https://m2.spitogatos.gr/359920045_1600x1200.jpg?v=20130730","https://m3.spitogatos.gr/359920058_1600x1200.jpg?v=20130730","https://m2.spitogatos.gr/359920087_1600x1200.jpg?v=20130730","https://m3.spitogatos.gr/359920103_1600x1200.jpg?v=20130730","https://m2.spitogatos.gr/359920123_1600x1200.jpg?v=20130730","https://m2.spitogatos.gr/359920150_1600x1200.jpg?v=20130730","0","0",,"0","38.015396","1","0","23.826012","0",,,"2026-07-29","0","0","1","0","1","1",,,"1","0","1","1","0","0","0","1320","2026-07-21 11:20:19","16","0","0","0","0","15.9","1580","true","1","3","6","1","0",,,,"2","0","1",,,"83","0",,"Dimitriou Gounari 60","1","1","0","2026-05-27","https://www.spitogatos.gr/en/property/1219959370","https://nodalview.com/s/2cniN609D8huLLUstG6uzk","0",,"2024",,
"1","Ground Floor",,"vip","4",,,,,"0","1","0","0","2026-07-31","0","0","0","0","0",,,"house",,,"1","Ανακάλυψε τα καλύτερα σημεία της Αγίας Παρασκευής , με αυτό το άνετο διαμέρισμα δύο υπνοδωματίων της Blueground. Προσφέρει μια πλήρως εξοπλισμένη κουζίνα, ένα ευρύχωρο καθιστικό. Επίσης, καθ’όλη τη διάρκεια της διαμονής σου θα έχεις τη δυνατότητα να επικοινωνήσεις εύκολα και άμεσα με την ομάδα υποστήριξης πελατών και να βρεις χρήσιμες πληροφορίες τόσο για το διαμέρισμά σου όσο και για τη γειτονιά μέσω της ειδικής mobile εφαρμογής.<br><br />
<br />
Η διαφημιζόμενη τιμή των €1,050/μήνα είναι η τιμή για 1 έτος, με ημερομηνία έναρξης Ιουλίου 30, 2026. Η χαμηλότερη διαθέσιμη τιμή είναι €980/μήνα για μίσθωση 5 μήνα(μηνών) και 25 ημέρας(ημερών) με ημερομηνία έναρξης Ιουλίου 30, 2026.<br />
<br>Οι τιμές διαφέρουν ανάλογα με τη διάρκεια παραμονής, την εποχικότητα και άλλους παράγοντες. Επισκεφθείτε τον ιστότοπό μας και εισάγετε τις ημερομηνίες διαμονής σας για να δείτε ενημερωμένες τιμές για την κράτησή σας. Η τιμή ισχύει μόνο με προκαταβολή· ενδέχεται να είναι υψηλότερη εάν πληρωθεί σε δόσεις.<br />
<br />
<b>Κλείστε αυτό το διαμέρισμα online!</b><br />
<br />
https://www.theblueground.com/p/furnished-apartments/ath-2072?utm_source=classified-4<br />
<br />
Aναβαθμίστε τη διαμονή σας με ένα πλήρως επιπλωμένο διαμέρισμα από τη Blueground:<br />
      – Επιπλωμένα σπίτια σε τιμές αντίστοιχες με τα ανεπίπλωτα<br />
      – Χωρίς κόστη εγκατάστασης ή αγοράς επίπλων - εξοικονομήστε χρόνο και χρήματα<br />
      – Έτοιμα για άμεση μετακόμιση - το μόνο που χρειάζεστε είναι η βαλίτσα σας<br />
<br />
<b>Ο χώρος</b><br><br />
Νιώσε σαν στο σπίτι σου σε αυτό το επιπλωμένο διαμέρισμα της Blueground με το μοναδικό design, τα μοντέρνα έπιπλα και την πλήρως εξοπλισμένη κουζίνα.<br />
Δες τις αγαπημένες σου ταινίες στη smart TV ή άκουσε δυνατά μουσική στα ασύρματα ηχεία τελευταίας τεχνολογίας. Ό,τι και να αποφασίσεις να κάνεις το μόνο σίγουρο είναι πως θα αγαπήσεις όλα όσα σου προσφέρει αυτό το ευρύχωρο διαμέρισμα.<br />
<br />
<b>Διαρρύθμιση δωματίων ύπνου</b><br />
    <br />
        Υπέρδιπλο κρεβάτι: 160 εκ.<br />
<br />
        Διπλό κρεβάτι: 140 εκ.<br />
<br />
<b>Παροχές κτιρίου</b><br />
<br />
      Ασανσέρ<br />
      Πλυντήριο<br />
      Θέση στάθμευσης<br />
<br />
<br />
<b>Άφιξη και συνεχής υποστήριξη πελατών</b><br><br />
Κατά τη διάρκεια της διαμονής σου, η ομάδα μας θα είναι διαθέσιμη για να σε βοηθήσει με οτιδήποτε χρειαστείς. Μέσω της ειδικής mobile εφαρμογής της Blueground έχεις συνεχή υποστήριξη, ενώ μπορείς ακόμη να προγραμματίσεις υπηρεσίες καθαρισμού, συντήρησης ή επισκευής, με το πάτημα ενός κουμπιού.<br />
<br />
<b>Ιδανική τοποθεσία</b><br />
<br />
Η Αγία Παρασκευή είναι μια γοητευτική γειτονιά που βρίσκεται στη βορειοανατολική γωνία της Αθήνας, μόλις 9 χιλιόμετρα από το κέντρο της πόλης. Φιλοξενεί το Deree College, τμήμα του Αμερικανικού Κολλεγίου Ελλάδος (ACG). Η διαβίωση στην Αγία Παρασκευή είναι πολύ δημοφιλής μεταξύ ντόπιων και ομογενών που αναζητούν ένα μέρος που συνδυάζει χώρους πρασίνου με σύγχρονες ανέσεις και διαμερίσματα υψηλής ποιότητας. Εξυπηρετείται από το σταθμό του μετρό Αγία Παρασκευή.",,"1",,"1","4","0","0","2026-05-18","3",,"0","yes","yes","1","Αθήνα - Βόρεια Προάστια (Αττική)","Αγία Παρασκευή (Αθήνα - Βόρεια Προάστια)","1","105103","101","2101",,,"1","2","0","0","1","1219903949","https://m2.spitogatos.gr/359922037_1600x1200.jpg?v=20130730","https://m1.spitogatos.gr/359922072_1600x1200.jpg?v=20130730","https://m1.spitogatos.gr/359922108_1600x1200.jpg?v=20130730","https://m2.spitogatos.gr/359922127_1600x1200.jpg?v=20130730","https://m1.spitogatos.gr/359922162_1600x1200.jpg?v=20130730","https://m3.spitogatos.gr/359922179_1600x1200.jpg?v=20130730","https://m1.spitogatos.gr/359922192_1600x1200.jpg?v=20130730","https://m1.spitogatos.gr/359922216_1600x1200.jpg?v=20130730","https://m3.spitogatos.gr/359922242_1600x1200.jpg?v=20130730","https://m1.spitogatos.gr/359922252_1600x1200.jpg?v=20130730","https://m3.spitogatos.gr/359894918_1600x1200.jpg?v=20130730","https://m3.spitogatos.gr/359894921_1600x1200.jpg?v=20130730","https://m3.spitogatos.gr/359894924_1600x1200.jpg?v=20130730","https://m3.spitogatos.gr/359894927_1600x1200.jpg?v=20130730","https://m3.spitogatos.gr/359894930_1600x1200.jpg?v=20130730","https://m1.spitogatos.gr/359894934_1600x1200.jpg?v=20130730","https://m1.spitogatos.gr/359894937_1600x1200.jpg?v=20130730","https://m1.spitogatos.gr/359894940_1600x1200.jpg?v=20130730","https://m2.spitogatos.gr/359894944_1600x1200.jpg?v=20130730","https://m3.spitogatos.gr/359894948_1600x1200.jpg?v=20130730","https://m1.spitogatos.gr/359894952_1600x1200.jpg?v=20130730","https://m1.spitogatos.gr/359894955_1600x1200.jpg?v=20130730","https://m1.spitogatos.gr/359894958_1600x1200.jpg?v=20130730","https://m3.spitogatos.gr/359894960_1600x1200.jpg?v=20130730","https://m3.spitogatos.gr/359894963_1600x1200.jpg?v=20130730","0","0",,"0","38.0056","1","0","23.821844","0",,,"2026-07-29","0","0","1","0","0","1",,,"1","0","1",,"0","0","0","1050","2026-07-15 11:51:06","21","0","0","0","0","16.94","1330","true","1","3","6","1","0",,,,"2","0","1",,,"62","1",,"Irinis 98","1","1","0","2026-05-18","https://www.spitogatos.gr/en/property/1219903949","https://nodalview.com/s/0P1KUB9nr5TRM2fJSsRFi-","0",,"2024",,
"1","1",,"vip","4",,,,,"0","0","0","0","2026-07-31","0","0","1","0","0",,,"house",,,"1","Ξεκίνα να ζεις από την πρώτη μέρα, σε αυτό το κομψά επιπλωμένο διαμέρισμα δύο υπνοδωματίων της Blueground στο κέντρο του Χολαργού. Πλήρως εξοπλισμένο με έπιπλα μοναδικού design, ηλεκτρικές συσκευές τελευταίας τεχνολογίας.<br><br />
<br />
Η διαφημιζόμενη τιμή των €1,080/μήνα είναι η τιμή για 1 έτος, με ημερομηνία έναρξης Ιουλίου 30, 2026.<br />
<br>Οι τιμές διαφέρουν ανάλογα με τη διάρκεια παραμονής, την εποχικότητα και άλλους παράγοντες. Επισκεφθείτε τον ιστότοπό μας και εισάγετε τις ημερομηνίες διαμονής σας για να δείτε ενημερωμένες τιμές για την κράτησή σας. Η τιμή ισχύει μόνο με προκαταβολή· ενδέχεται να είναι υψηλότερη εάν πληρωθεί σε δόσεις.<br />
<br />
<b>Κλείστε αυτό το διαμέρισμα online!</b><br />
<br />
https://www.theblueground.com/p/furnished-apartments/ath-1755?utm_source=classified-4<br />
<br />
Aναβαθμίστε τη διαμονή σας με ένα πλήρως επιπλωμένο διαμέρισμα από τη Blueground:<br />
      – Επιπλωμένα σπίτια σε τιμές αντίστοιχες με τα ανεπίπλωτα<br />
      – Χωρίς κόστη εγκατάστασης ή αγοράς επίπλων - εξοικονομήστε χρόνο και χρήματα<br />
      – Έτοιμα για άμεση μετακόμιση - το μόνο που χρειάζεστε είναι η βαλίτσα σας<br />
<br />
<b>Ο χώρος</b><br><br />
Νιώσε σαν στο σπίτι σου σε αυτό το επιπλωμένο διαμέρισμα της Blueground με το μοναδικό design, τα μοντέρνα έπιπλα και την πλήρως εξοπλισμένη κουζίνα.<br />
Δες τις αγαπημένες σου ταινίες στη smart TV ή άκουσε δυνατά μουσική στα ασύρματα ηχεία τελευταίας τεχνολογίας. Ό,τι και να αποφασίσεις να κάνεις το μόνο σίγουρο είναι πως θα αγαπήσεις όλα όσα σου προσφέρει αυτό το άνετο διαμέρισμα.<br />
<br />
<b>Διαρρύθμιση δωματίων ύπνου</b><br />
    <br />
        Μονό κρεβάτι: 90 εκ.<br />
<br />
        Υπέρδιπλο κρεβάτι: 160 εκ.<br />
<br />
<b>Παροχές κτιρίου</b><br />
<br />
      Ασανσέρ<br />
      Πλυντήριο<br />
      Επιτρέπονται κατοικίδια<br />
<br />
<br />
<b>Άφιξη και συνεχής υποστήριξη πελατών</b><br><br />
Κατά τη διάρκεια της διαμονής σου, η ομάδα μας θα είναι διαθέσιμη για να σε βοηθήσει με οτιδήποτε χρειαστείς. Μέσω της ειδικής mobile εφαρμογής της Blueground έχεις συνεχή υποστήριξη, ενώ μπορείς ακόμη να προγραμματίσεις υπηρεσίες καθαρισμού, συντήρησης ή επισκευής, με το πάτημα ενός κουμπιού.<br />
<br />
<b>Ιδανική τοποθεσία</b><br />
<br />
Αυτό το ακίνητο βρίσκεται στα βόρεια προάστια της Αθήνας, στον Χολαργό. Ο Χολαργός είναι μια γοητευτική γειτονιά, όπου οι επιλογές για ψώνια και φαγητό βρίσκονται στο κατώφλι σας. Ο Χολαργός βρίσκεται σε απόσταση 10 χλμ. από το ιστορικό κέντρο της Αθήνας, με απλή πρόσβαση από το σταθμό του μετρό Χολαργός.",,"1",,"1","7","0","0","2026-04-15","6",,"0","yes","no","1","Αθήνα - Βόρεια Προάστια (Αττική)","Χολαργός (Αθήνα - Βόρεια Προάστια)","1","105103","101","2123",,,"1","2","0","0","1","1219714629","https://m2.spitogatos.gr/359911942_1600x1200.jpg?v=20130730","https://m1.spitogatos.gr/359911959_1600x1200.jpg?v=20130730","https://m2.spitogatos.gr/359911972_1600x1200.jpg?v=20130730","https://m3.spitogatos.gr/359911988_1600x1200.jpg?v=20130730","https://m3.spitogatos.gr/359912000_1600x1200.jpg?v=20130730","https://m1.spitogatos.gr/359912013_1600x1200.jpg?v=20130730","https://m1.spitogatos.gr/359912028_1600x1200.jpg?v=20130730","https://m3.spitogatos.gr/359912045_1600x1200.jpg?v=20130730","https://m3.spitogatos.gr/359912057_1600x1200.jpg?v=20130730","https://m2.spitogatos.gr/359912068_1600x1200.jpg?v=20130730","https://m2.spitogatos.gr/359912083_1600x1200.jpg?v=20130730","https://m1.spitogatos.gr/359912097_1600x1200.jpg?v=20130730","https://m1.spitogatos.gr/359912112_1600x1200.jpg?v=20130730","https://m1.spitogatos.gr/359912124_1600x1200.jpg?v=20130730","https://m3.spitogatos.gr/359912138_1600x1200.jpg?v=20130730","https://m2.spitogatos.gr/359912149_1600x1200.jpg?v=20130730","https://m1.spitogatos.gr/359912160_1600x1200.jpg?v=20130730","https://m3.spitogatos.gr/359912171_1600x1200.jpg?v=20130730","https://m3.spitogatos.gr/359912183_1600x1200.jpg?v=20130730","https://m2.spitogatos.gr/359912197_1600x1200.jpg?v=20130730","https://m2.spitogatos.gr/359912209_1600x1200.jpg?v=20130730","https://m1.spitogatos.gr/359912223_1600x1200.jpg?v=20130730","https://m2.spitogatos.gr/359912236_1600x1200.jpg?v=20130730","https://m2.spitogatos.gr/359912248_1600x1200.jpg?v=20130730","https://m3.spitogatos.gr/359912261_1600x1200.jpg?v=20130730","0","0",,"0","38.001228","1","0","23.791996","0",,,"2026-07-29","0","0",,"0","0","1",,,"1","0","0","1","0","0","0","1080","2026-07-22 10:54:42","3","0","0","0","0","14.4","1110","true","1","3","6","1","1",,,,"2","0","1",,,"75","0",,"Metonos 64","1","1","0","2026-04-15","https://www.spitogatos.gr/en/property/1219714629","https://nodalview.com/s/3vtbi_9urB8Qsw4_q_y0lx","0",,"1972",,
"1","4","no","vip","4",,,,,"1","1","0","0","2026-07-10","0","0","0","0","1","0",,"house",,,"0","Κωδικός ακινήτου: 2163 - Αγία Παρασκευή Κολλέγιο  ΕΝΟΙΚΙΑΖΕΤΑΙ  κατά αποκλειστικότητα ανακαινισμένο  διαμέρισμα  στον 4 ο όροφο συνολικής επιφάνειας 115.00 τ.μ.  . Αποτελείται από 2 υπνοδωμάτια, σαλόνι, κουζίνα, 2 μπάνια . Είναι κατασκευασμένο το 1983 με ενεργειακή κλάση Β και ανακαινίστηκε το 2022. Διαθέτει θέρμανση αυτόνομη - φυσικού αερίου, απεριόριστη θέα, κουφώματα ενεργειακά, ξύλινα πατώματα, πόρτα ασφαλείας, εντοιχιζόμενες ντουλάπες, ανελκυστήρα, πάρκινγκ, αποθήκη , κήπο, τζάκι, A/C, προεγκατάσταση Α/C, συναγερμό, προεγκατάσταση συναγερμού, ηλεκτρικές συσκευές, σίτες, διπλά τζάμια, ηλιακό θερμοσίφωνα, boiler, dressing room, θυροτηλεόραση, ανοιχτωσιά      - Τιμή: 1.650 €  <br>Στην καρδιά της Αγίας Παρασκευής, σε μία ήσυχη και ιδιαίτερα προνομιακή τοποθεσία, διατίθεται προς ενοικίαση ένα εντυπωσιακό διαμέρισμα 115 τ.μ. στον 4ο όροφο, το οποίο συνδυάζει σύγχρονη αισθητική, άνεση και υψηλή ποιότητα κατασκευής.<br />
Το ακίνητο έχει ανακαινιστεί ριζικά το 2022 με προσεγμένα υλικά και ιδιαίτερη έμφαση στη λεπτομέρεια, δημιουργώντας έναν σύγχρονο χώρο με αίσθηση νεόδμητης κατοικίας. Η εξαιρετική διαρρύθμιση αξιοποιεί κάθε τετραγωνικό μέτρο, προσφέροντας λειτουργικούς χώρους, άπλετο φυσικό φως και άνετη καθημερινή διαβίωση.<br />
Αποτελείται από δύο ευρύχωρα υπνοδωμάτια, ένα τρίτο μικρότερο δωμάτιο που μπορεί να χρησιμοποιηθεί ως γραφείο ή ξενώνας, δύο μοντέρνα μπάνια, φωτεινό σαλόνι με τζάκι και ξεχωριστή minimal κουζίνα πλήρως εξοπλισμένη με ηλεκτρικές συσκευές και άνετους πάγκους εργασίας.<br />
Διαθέτει αυτόνομη θέρμανση φυσικού αερίου, ενεργειακά κουφώματα με διπλά τζάμια και σίτες, ποιοτικά ξύλινα δάπεδα, πόρτα ασφαλείας, κλιματισμό, προεγκατάσταση A/C, σύστημα συναγερμού, ηλιακό θερμοσίφωνα με boiler, θυροτηλεόραση, εντοιχισμένες ντουλάπες, ιδιωτική θέση στάθμευσης και αποθήκη.<br />
Με ενεργειακή κλάση Β, εξαιρετικό φωτισμό και άμεση πρόσβαση σε αγορά, συγκοινωνίες και όλες τις απαραίτητες υπηρεσίες, αποτελεί ιδανική επιλογή για όσους αναζητούν μια σύγχρονη και ποιοτική κατοικία σε μία από τις πιο δημοφιλείς περιοχές των βορείων προαστίων. <br>",,,,"1","4","1","1","2026-07-10","9","2","0","no","yes","1","Αθήνα - Βόρεια Προάστια (Αττική)","Αγία Παρασκευή (Αθήνα - Βόρεια Προάστια)","1","105103","101","2101","123120","Double","1","2","0","0","1","1220347619","https://m3.spitogatos.gr/361162817_1600x1200.jpg?v=20130730","https://m3.spitogatos.gr/361162820_1600x1200.jpg?v=20130730","https://m2.spitogatos.gr/361162822_1600x1200.jpg?v=20130730","https://m3.spitogatos.gr/361162826_1600x1200.jpg?v=20130730","https://m2.spitogatos.gr/361162828_1600x1200.jpg?v=20130730","https://m3.spitogatos.gr/361162832_1600x1200.jpg?v=20130730","https://m3.spitogatos.gr/361162838_1600x1200.jpg?v=20130730","https://m3.spitogatos.gr/361162844_1600x1200.jpg?v=20130730","https://m3.spitogatos.gr/361162850_1600x1200.jpg?v=20130730","https://m2.spitogatos.gr/361162870_1600x1200.jpg?v=20130730","https://m3.spitogatos.gr/361162886_1600x1200.jpg?v=20130730","https://m1.spitogatos.gr/361162890_1600x1200.jpg?v=20130730","https://m2.spitogatos.gr/361162912_1600x1200.jpg?v=20130730","https://m1.spitogatos.gr/361162926_1600x1200.jpg?v=20130730","https://m1.spitogatos.gr/361162932_1600x1200.jpg?v=20130730","https://m2.spitogatos.gr/361162936_1600x1200.jpg?v=20130730","https://m1.spitogatos.gr/361162938_1600x1200.jpg?v=20130730","https://m1.spitogatos.gr/361162944_1600x1200.jpg?v=20130730","https://m3.spitogatos.gr/361162949_1600x1200.jpg?v=20130730","https://m1.spitogatos.gr/361162953_1600x1200.jpg?v=20130730","https://m1.spitogatos.gr/361162959_1600x1200.jpg?v=20130730","https://m3.spitogatos.gr/361162964_1600x1200.jpg?v=20130730","https://m3.spitogatos.gr/361162970_1600x1200.jpg?v=20130730","https://m2.spitogatos.gr/361162978_1600x1200.jpg?v=20130730","https://m3.spitogatos.gr/361162991_1600x1200.jpg?v=20130730","0","0",,"1","38.006817",,"1","23.824797","1",,,"2026-07-28","0","0",,"0","0","2","4","2","0","1","1","1","0","0","0","1650",,,"0","0","0","0","14.35",,,"1","3","6","1","1","2022","0","7","2","0","1",,"1","115","1",,,"0","1","0","2026-07-10","https://www.spitogatos.gr/en/property/1220347619",,"1","0","1983","RJPXcRP2KjU","residential"
"0","4","no","vip","4","Πηνελόπη","94509","Παπαϊωάνου","2103300020","0","0","0","0","2026-07-15","0","0","0","0","0","0",,"house",,,"1","<br>Σε μία από τις πιο προνομιακές και περιζήτητες περιοχές της Αγίας Παρασκευής, στην περιοχή ΕΡΤ, διατίθεται προς ενοικίαση εξαιρετικό νεόδμητο διαμέρισμα συνολικής επιφάνειας 120 τ.μ., στον 4ο όροφο σύγχρονης πολυτελούς πολυκατοικίας. Πρόκειται για μία κατοικία υψηλών προδιαγραφών που ξεχωρίζει για τη σύγχρονη αρχιτεκτονική της, τη λειτουργική διαρρύθμιση και την ενεργειακή της απόδοση.Το διαμέρισμα αναπτύσσεται σε άνετους και φωτεινούς χώρους και αποτελείται από ευρύχωρο καθιστικό με ενιαία κουζίνα, τρία άνετα υπνοδωμάτια, δύο πλήρη μπάνια και επιπλέον WC επισκεπτών, προσφέροντας ιδανικές συνθήκες διαβίωσης για οικογένεια ή επαγγελματίες που αναζητούν άνεση και ποιότητα.Η κατοικία διαθέτει ενδοδαπέδια θέρμανση με αντλία θερμότητας, εξασφαλίζοντας υψηλή ενεργειακή απόδοση και ιδανικές συνθήκες θερμικής άνεσης καθ’ όλη τη διάρκεια του έτους. Τα ξύλινα δάπεδα προσδίδουν αίσθηση πολυτέλειας και ζεστασιάς, ενώ τα σύγχρονα κουφώματα αλουμινίου συμβάλλουν στην άριστη θερμομόνωση και ηχομόνωση του χώρου.Η σύγχρονη κουζίνα είναι πλήρως εξοπλισμένη με εντοιχισμένο πλυντήριο πιάτων και απορροφητήρα, προσφέροντας λειτουργικότητα και υψηλή αισθητική στην καθημερινή χρήση. Επιπλέον, το ακίνητο διαθέτει σύστημα ασφαλείας με αισθητήρες κίνησης και παραβίασης, ενισχύοντας το αίσθημα προστασίας και ασφάλειας των ενοίκων.Επιπλέον χαρακτηριστικά του ακινήτου περιλαμβάνουν θωρακισμένη πόρτα ασφαλείας, εντοιχισμένες ντουλάπες, σίτες, ηλιακό θερμοσίφωνα, ανελκυστήρα, αποθήκη και ιδιωτική θέση στάθμευσης, καλύπτοντας πλήρως τις απαιτήσεις μιας σύγχρονης κατοικίας.Η θέση του ακινήτου προσφέρει εύκολη πρόσβαση σε μέσα μεταφοράς, αγορά, σχολεία και βασικές υποδομές, συνδυάζοντας την ηρεμία της κατοικίας με την άμεση σύνδεση με το αστικό κέντρο.Μία μοναδική πρόταση ενοικίασης για όσους αναζητούν ένα σύγχρονο, ποιοτικό και υψηλής αισθητικής σπίτι στην Αγία Παρασκευή.<br><strong>Μην ξεχάσετε να δείτε το βίντεο – έχει όλες τις λεπτομέρειες!</strong> <br>Lion Real Estate<br />
www.lionrealestate.gr<br />
Ζωοδόχου Πηγής 38-40, 10681 Αθήνα<br />
Τηλ.: 210 3300020<br />
________________________________________________________________________________________<br />
Σημαντική ενημέρωση<br />
<br />
Για την υπόδειξη ακινήτων απαιτείται η επίδειξη της αστυνομικής ταυτότητας ή του διαβατηρίου, σύμφωνα με τις διατάξεις του Ν. 4557/2018, όπως ισχύει, σχετικά με την εφαρμογή μέτρων δέουσας επιμέλειας και την πρόληψη της νομιμοποίησης εσόδων από εγκληματικές δραστηριότητες<br />
________________________________________________________________________________________<br />
Ώρες επικοινωνίας: 09:00 – 21:00<br />
Σύμβουλος Ακινήτων, κα Πηνελόπη Παπαϊωάννου, τηλ: 6981000645<br />
email: p.papaioannou.lion@gmail.com",,,,"1","6","0","0","2026-07-14","9","2","0","no","yes","0","Αθήνα - Βόρεια Προάστια (Αττική)","Αγία Παρασκευή (Αθήνα - Βόρεια Προάστια)","1","105103","101","2101","329489","Single","1","13","1","0","1","1220377969","https://m3.spitogatos.gr/361966163_1600x1200.jpg?v=20130730","https://m2.spitogatos.gr/361966165_1600x1200.jpg?v=20130730","https://m2.spitogatos.gr/361966168_1600x1200.jpg?v=20130730","https://m1.spitogatos.gr/361966170_1600x1200.jpg?v=20130730","https://m1.spitogatos.gr/361966173_1600x1200.jpg?v=20130730","https://m3.spitogatos.gr/361966175_1600x1200.jpg?v=20130730","https://m1.spitogatos.gr/361966179_1600x1200.jpg?v=20130730","https://m3.spitogatos.gr/361966181_1600x1200.jpg?v=20130730","https://m1.spitogatos.gr/361966182_1600x1200.jpg?v=20130730","https://m2.spitogatos.gr/361966183_1600x1200.jpg?v=20130730","https://m3.spitogatos.gr/361966184_1600x1200.jpg?v=20130730","https://m3.spitogatos.gr/361966187_1600x1200.jpg?v=20130730","https://m2.spitogatos.gr/361966189_1600x1200.jpg?v=20130730","https://m1.spitogatos.gr/361966191_1600x1200.jpg?v=20130730","https://m3.spitogatos.gr/361966193_1600x1200.jpg?v=20130730","https://m1.spitogatos.gr/361966197_1600x1200.jpg?v=20130730","https://m3.spitogatos.gr/361966202_1600x1200.jpg?v=20130730","https://m3.spitogatos.gr/361966205_1600x1200.jpg?v=20130730","https://m2.spitogatos.gr/361966207_1600x1200.jpg?v=20130730","https://m1.spitogatos.gr/361966209_1600x1200.jpg?v=20130730","https://m3.spitogatos.gr/361966211_1600x1200.jpg?v=20130730","https://m1.spitogatos.gr/361966212_1600x1200.jpg?v=20130730","https://m3.spitogatos.gr/361966214_1600x1200.jpg?v=20130730","https://m1.spitogatos.gr/361966215_1600x1200.jpg?v=20130730","https://m2.spitogatos.gr/361966216_1600x1200.jpg?v=20130730","0","0","2","1","38.00964",,"1","23.824604","0",,,"2026-07-28","0","0","1","0","1","2",,,"0","0","1",,"0","0","0","2000",,,"0","0","0","0","16.67",,,"1","3","6","1","0",,"0","7","3","0","1",,"1","120","1",,,"0","1","0","2026-07-14","https://www.spitogatos.gr/en/property/1220377969",,"1","0","2026","yNB5FOGytuM","residential"
"0","Ground Floor","no","vip","4",,,,,"1","0","0","0","2026-07-28","0","0","1","8","1","0","false","house","0","20","0","Διαμέρισμα 40 τμ σε άριστη κατάσταση, ασφαλές, σε όμορφη και ήσυχη γειτονιά δίπλα από το μετρό Χαλανδρίου. Διαμέρισμα φωτεινό, διαμπερές με βεράντα και πρόσβαση σε κήπο.<br />
Διαθέτει ενεργειακά κουφώματα με σίτες, πόρτα ασφαλείας.","10000",,"0","1","6","1","0","2026-07-28","3","4","0","no","no","1","Αθήνα - Βόρεια Προάστια (Αττική)","Αγία Παρασκευή (Αθήνα - Βόρεια Προάστια)","1","105103","101","2101","107121","Double","3",,"0","0","1","1220507741","https://m1.spitogatos.gr/363562401_1600x1200.jpg?v=20130730","https://m1.spitogatos.gr/363562413_1600x1200.jpg?v=20130730","https://m3.spitogatos.gr/363562427_1600x1200.jpg?v=20130730","https://m1.spitogatos.gr/363562440_1600x1200.jpg?v=20130730","https://m3.spitogatos.gr/363562448_1600x1200.jpg?v=20130730","https://m1.spitogatos.gr/363562458_1600x1200.jpg?v=20130730","https://m3.spitogatos.gr/363562469_1600x1200.jpg?v=20130730","https://m2.spitogatos.gr/363562471_1600x1200.jpg?v=20130730",,,,,,,,,,,,,,,,,,"0","0","2","1","38.02047","1","0","23.824369","0","0","0","2026-07-28","0","0",,"0","0","1","3","2","1",,"1",,"0","0","0","450",,,"0","0","0","0","11.25",,,"1","3",,"1","1",,"0","1","1","0","1",,"0","40","0",,,"1","2","0","2026-07-28","https://www.spitogatos.gr/en/property/1220507741",,"0","1","2004",,"residential"
"1","2",,"vip","4",,,,,"1",,,"0","2026-07-13","0","1","1","0","1",,,"house",,,"1",,,,,"1","6","1","1","2026-07-13","7",,,,"yes",,"Αθήνα - Βόρεια Προάστια (Αττική)","Αγία Παρασκευή (Αθήνα - Βόρεια Προάστια)","1","105103","101","2101","329489",,"1","2",,,"1","1220371224","https://m2.spitogatos.gr/361525828_1600x1200.jpg?v=20130730","https://m1.spitogatos.gr/361525890_1600x1200.jpg?v=20130730","https://m2.spitogatos.gr/361526119_1600x1200.jpg?v=20130730","https://m3.spitogatos.gr/361526501_1600x1200.jpg?v=20130730","https://m1.spitogatos.gr/361526631_1600x1200.jpg?v=20130730","https://m1.spitogatos.gr/361526979_1600x1200.jpg?v=20130730","https://m3.spitogatos.gr/361527425_1600x1200.jpg?v=20130730","https://m3.spitogatos.gr/361527539_1600x1200.jpg?v=20130730","https://m2.spitogatos.gr/361527631_1600x1200.jpg?v=20130730","https://m1.spitogatos.gr/361527693_1600x1200.jpg?v=20130730","https://m2.spitogatos.gr/361527913_1600x1200.jpg?v=20130730","https://m2.spitogatos.gr/361528009_1600x1200.jpg?v=20130730","https://m1.spitogatos.gr/361528062_1600x1200.jpg?v=20130730","https://m3.spitogatos.gr/361528109_1600x1200.jpg?v=20130730","https://m2.spitogatos.gr/361528171_1600x1200.jpg?v=20130730","https://m1.spitogatos.gr/361528773_1600x1200.jpg?v=20130730","https://m3.spitogatos.gr/361528907_1600x1200.jpg?v=20130730",,,,,,,,,,,"2","1","38.01194","1","1","23.819429",,,,"2026-07-28","0",,,,"1","1",,,"1",,,,,,,"1250","2026-07-23 00:17:29","4","0","0","0","0","8.5","1300","true","1","3",,"1","1",,,,"4",,"1",,,"147",,,,,"1",,"2026-07-13","https://www.spitogatos.gr/en/property/1220371224",,"1","1","1979",,
"1","2","no","vip","4",,,,,"0","0","0","0","2026-09-15","0","1","0","0","1","0",,"house",,"110","0","<br>Σε ένα ιδιαίτερα προσεγμένο και υψηλής αισθητικής κτίριο στην Αγία Παρασκευή, διατίθεται προς μίσθωση πολυτελές διαμέρισμα 132 τ.μ., σχεδιασμένο να προσφέρει άνεση, λειτουργικότητα και ποιοτική καθημερινότητα.<br />
Η κατοικία διαθέτει ευρύχωρο και φωτεινό καθιστικό που συνδέεται αρμονικά με μία μεγάλη, πλήρως εξοπλισμένη κουζίνα, η οποία περιλαμβάνει όλες τις απαραίτητες ηλεκτρικές συσκευές. Αποτελείται από τρία άνετα υπνοδωμάτια, δύο πλήρη λουτρά και μεγάλα περιμετρικά μπαλκόνια που προσφέρουν αίσθηση ελευθερίας και άπλετο φυσικό φως.<br />
Το διαμέρισμα είναι εξοπλισμένο με κλιματιστικά, δορυφορική κεραία, αποθήκη και μία θέση στάθμευσης σε γκαράζ. Ξεχωριστό χαρακτηριστικό του ακινήτου αποτελεί η αρχιτεκτονική του προσέγγιση, καθώς ιδιαίτερη φροντίδα έχει δοθεί τόσο στους κοινόχρηστους χώρους όσο και στον περιβάλλοντα χώρο του κτιρίου, με όμορφα διαμορφωμένους βραχόκηπους και κήπο που ενισχύουν το αίσθημα ηρεμίας και ποιότητας.<br />
Βρίσκεται σε εξαιρετική τοποθεσία, μόλις 10 λεπτά με τα πόδια από το εμπορικό κέντρο της Αγίας Παρασκευής και την οργανωμένη τοπική αγορά, προσφέροντας άμεση πρόσβαση σε καταστήματα, υπηρεσίες και μέσα μεταφοράς.<br />
Μία σύγχρονη και προσεγμένη κατοικία, ιδανική για όσους αναζητούν υψηλό επίπεδο διαμονής σε μία από τις πιο δημοφιλείς περιοχές των βορείων προαστίων. <br>Όλγα Νούκα",,,,"1","6","1","1","2026-07-17","7","1","0","no","yes","0","Αθήνα - Βόρεια Προάστια (Αττική)","Αγία Παρασκευή (Αθήνα - Βόρεια Προάστια)","1","105103","101","2101","329489","Double","1","2","1","0","1","1220409090","https://m2.spitogatos.gr/363555886_1600x1200.jpg?v=20130730","https://m3.spitogatos.gr/363555893_1600x1200.jpg?v=20130730","https://m3.spitogatos.gr/363555896_1600x1200.jpg?v=20130730","https://m3.spitogatos.gr/363555902_1600x1200.jpg?v=20130730","https://m2.spitogatos.gr/363555907_1600x1200.jpg?v=20130730","https://m2.spitogatos.gr/363555913_1600x1200.jpg?v=20130730","https://m2.spitogatos.gr/363555949_1600x1200.jpg?v=20130730","https://m1.spitogatos.gr/363555954_1600x1200.jpg?v=20130730","https://m2.spitogatos.gr/363555964_1600x1200.jpg?v=20130730","https://m3.spitogatos.gr/363555983_1600x1200.jpg?v=20130730","https://m1.spitogatos.gr/363555990_1600x1200.jpg?v=20130730","https://m1.spitogatos.gr/363555996_1600x1200.jpg?v=20130730","https://m3.spitogatos.gr/363556004_1600x1200.jpg?v=20130730","https://m2.spitogatos.gr/363556018_1600x1200.jpg?v=20130730",,,,,,,,,,,,"0","0","2","1","38.005619",,"0","23.818527","0",,,"2026-07-28","0","0",,"0","0","2",,"6","0","0","0",,"0","0","0","1500",,,"0","0","0","0","11.36",,,"1","3","6","1","0",,"0","1","3","1","1",,"0","132","1",,,"0","1","0","2026-07-17","https://www.spitogatos.gr/en/property/1220409090",,"1","0","2003","kvy4bxs-Hwo","residential"
"1","3",,"vip","4",,,,,"0","0","0","0","2026-11-01","0","0","1","0","0",,,"house",,,"1","Ανακάλυψε τα καλύτερα σημεία της Αγίας Παρασκευής , με αυτό το κομψό διαμέρισμα δύο υπνοδωματίων της Blueground. Προσφέρει μια πλήρως εξοπλισμένη κουζίνα, ένα ευρύχωρο καθιστικό. Επίσης, καθ’όλη τη διάρκεια της διαμονής σου θα έχεις τη δυνατότητα να επικοινωνήσεις εύκολα και άμεσα με την ομάδα υποστήριξης πελατών και να βρεις χρήσιμες πληροφορίες τόσο για το διαμέρισμά σου όσο και για τη γειτονιά μέσω της ειδικής mobile εφαρμογής.<br><br />
<br />
Η διαφημιζόμενη τιμή των €1,310/μήνα είναι η τιμή για 1 έτος, με ημερομηνία έναρξης Οκτωβρίου 31, 2026.<br />
<br>Οι τιμές διαφέρουν ανάλογα με τη διάρκεια παραμονής, την εποχικότητα και άλλους παράγοντες. Επισκεφθείτε τον ιστότοπό μας και εισάγετε τις ημερομηνίες διαμονής σας για να δείτε ενημερωμένες τιμές για την κράτησή σας. Η τιμή ισχύει μόνο με προκαταβολή· ενδέχεται να είναι υψηλότερη εάν πληρωθεί σε δόσεις.<br />
<br />
<b>Κλείστε αυτό το διαμέρισμα online!</b><br />
<br />
https://www.theblueground.com/p/furnished-apartments/ath-1438?utm_source=classified-4<br />
<br />
Aναβαθμίστε τη διαμονή σας με ένα πλήρως επιπλωμένο διαμέρισμα από τη Blueground:<br />
      – Επιπλωμένα σπίτια σε τιμές αντίστοιχες με τα ανεπίπλωτα<br />
      – Χωρίς κόστη εγκατάστασης ή αγοράς επίπλων - εξοικονομήστε χρόνο και χρήματα<br />
      – Έτοιμα για άμεση μετακόμιση - το μόνο που χρειάζεστε είναι η βαλίτσα σας<br />
<br />
<b>Ο χώρος</b><br><br />
Νιώσε σαν στο σπίτι σου σε αυτό το επιπλωμένο διαμέρισμα της Blueground με το μοναδικό design, τα μοντέρνα έπιπλα και την πλήρως εξοπλισμένη κουζίνα.<br />
Δες τις αγαπημένες σου ταινίες στη smart TV ή άκουσε δυνατά μουσική στα ασύρματα ηχεία τελευταίας τεχνολογίας. Ό,τι και να αποφασίσεις να κάνεις το μόνο σίγουρο είναι πως θα αγαπήσεις όλα όσα σου προσφέρει αυτό το εκλεπτυσμένο διαμέρισμα.<br />
<br />
<b>Διαρρύθμιση δωματίων ύπνου</b><br />
    <br />
        Υπέρδιπλο κρεβάτι: 160 εκ.<br />
<br />
        Διπλό κρεβάτι: 140 εκ.<br />
<br />
<b>Παροχές κτιρίου</b><br />
<br />
      Ασανσέρ<br />
      Πλυντήριο<br />
      Θέση στάθμευσης<br />
<br />
<br />
<b>Άφιξη και συνεχής υποστήριξη πελατών</b><br><br />
Κατά τη διάρκεια της διαμονής σου, η ομάδα μας θα είναι διαθέσιμη για να σε βοηθήσει με οτιδήποτε χρειαστείς. Μέσω της ειδικής mobile εφαρμογής της Blueground έχεις συνεχή υποστήριξη, ενώ μπορείς ακόμη να προγραμματίσεις υπηρεσίες καθαρισμού, συντήρησης ή επισκευής, με το πάτημα ενός κουμπιού.<br />
<br />
<b>Ιδανική τοποθεσία</b><br />
<br />
Η Αγία Παρασκευή είναι μια γοητευτική γειτονιά που βρίσκεται στη βορειοανατολική γωνία της Αθήνας, μόλις 9 χιλιόμετρα από το κέντρο της πόλης. Φιλοξενεί το Deree College, τμήμα του Αμερικανικού Κολλεγίου Ελλάδος (ACG). Η διαβίωση στην Αγία Παρασκευή είναι πολύ δημοφιλής μεταξύ ντόπιων και ομογενών που αναζητούν ένα μέρος που συνδυάζει χώρους πρασίνου με σύγχρονες ανέσεις και διαμερίσματα υψηλής ποιότητας. Εξυπηρετείται από το σταθμό του μετρό Αγία Παρασκευή.",,"1",,"1","6","0","1","2026-07-28","8",,"0","yes","yes","0","Αθήνα - Βόρεια Προάστια (Αττική)","Αγία Παρασκευή (Αθήνα - Βόρεια Προάστια)","1","105103","101","2101",,,"2","2","0","0","1","1220506389","https://m3.spitogatos.gr/363539627_1600x1200.jpg?v=20130730","https://m3.spitogatos.gr/363539633_1600x1200.jpg?v=20130730","https://m3.spitogatos.gr/363539639_1600x1200.jpg?v=20130730","https://m2.spitogatos.gr/363539650_1600x1200.jpg?v=20130730","https://m1.spitogatos.gr/363539661_1600x1200.jpg?v=20130730","https://m2.spitogatos.gr/363539671_1600x1200.jpg?v=20130730","https://m2.spitogatos.gr/363539683_1600x1200.jpg?v=20130730","https://m2.spitogatos.gr/363539686_1600x1200.jpg?v=20130730","https://m3.spitogatos.gr/363539690_1600x1200.jpg?v=20130730","https://m3.spitogatos.gr/363539699_1600x1200.jpg?v=20130730","https://m1.spitogatos.gr/363539718_1600x1200.jpg?v=20130730","https://m1.spitogatos.gr/363539727_1600x1200.jpg?v=20130730","https://m2.spitogatos.gr/363539737_1600x1200.jpg?v=20130730","https://m3.spitogatos.gr/363539744_1600x1200.jpg?v=20130730","https://m3.spitogatos.gr/363539759_1600x1200.jpg?v=20130730","https://m2.spitogatos.gr/363539776_1600x1200.jpg?v=20130730","https://m2.spitogatos.gr/363539785_1600x1200.jpg?v=20130730","https://m3.spitogatos.gr/363539792_1600x1200.jpg?v=20130730","https://m2.spitogatos.gr/363539800_1600x1200.jpg?v=20130730","https://m2.spitogatos.gr/363539806_1600x1200.jpg?v=20130730","https://m2.spitogatos.gr/363539809_1600x1200.jpg?v=20130730","https://m1.spitogatos.gr/363539820_1600x1200.jpg?v=20130730","https://m2.spitogatos.gr/363539827_1600x1200.jpg?v=20130730","https://m3.spitogatos.gr/363539837_1600x1200.jpg?v=20130730","https://m2.spitogatos.gr/363539851_1600x1200.jpg?v=20130730","0","0",,"0","38.004875","1","0","23.814308","0",,,"2026-07-28","0","0",,"0","0","2",,,"1","0","0",,"0","0","0","1310",,,"0","0","0","0","11.91",,,"1","3","6","1","1",,,,"2","0","1",,,"110","0",,"Xanthou 23","1","1","0","2026-07-28","https://www.spitogatos.gr/en/property/1220506389",,"0",,"1981",,
"1","1","no","vip","4",,,,,"0","0","0","0","2026-07-20","0","1","0","0","1","0",,"house",,"15","0","<br>Διατίθεται προς <strong>ενοικίαση</strong><strong> διαμέρισμα 1ου ορόφου</strong> συνολικής <strong>επιφάνειας 70 τ.μ.</strong>, στον Χολαργό, σε εξαιρετική τοποθεσία δ<strong>ίπλα στον σταθμό Μετρό Νομισματοκοπείο</strong>. Πρόκειται για μια λειτουργική κατοικία που αποτελεί ιδανική επιλογή για ζευγάρι, μικρή οικογένεια ή επαγγελματίες που επιθυμούν άμεση πρόσβαση στις συγκοινωνίες και στην αγορά των Βορείων Προαστίων.<br>Το διαμέρισμα αποτελείται από <strong>δύο υπνοδωμάτια</strong>, <strong>άνετο σαλόνι</strong>, <strong>ανεξάρτητη κουζίνα και μπάνιο, </strong>προσφέροντας πρακτική διαρρύθμιση και άνετους χώρους για την καθημερινή διαβίωση. Διαθέτει <strong>κουφώματα αλουμινίου</strong> <strong>με διπλά τζάμια,</strong> <strong>πόρτα ασφαλείας</strong>, <strong>εντοιχιζόμενες ντουλάπες, δάπεδα από πλακάκι και ξύλο.</strong><br>Η θέρμανση και η ψύξη πραγματοποιούνται μέσω δύο μονάδων <strong>κλιματισμού (A/C),</strong> προσφέροντας οικονομική και αποδοτική λειτουργία καθ' όλη τη διάρκεια του έτους. Επιπλέον, το ακίνητο διαθέτει ανελκυστήρα,<strong> θέση στάθμευσης</strong>, <strong>τέντες</strong>, σύνδεση <strong>οπτικής ίνας</strong> και ευχάριστη <strong>ανοιχτωσιά με θέα</strong> προς τον αστικό ιστό, στοιχεία που ενισχύουν την άνεση και την ποιότητα της καθημερινότητας.<br>Το σημαντικότερο πλεονέκτημα του ακινήτου είναι η τοποθεσία του, καθώς βρίσκεται κυριολεκτικά <strong>δίπλα στον σταθμό Μετρό Νομισματοκοπείο</strong>, προσφέροντας άμεση σύνδεση με το κέντρο της Αθήνας και τα Βόρεια Προάστια. Παράλληλα, σε ελάχιστη απόσταση βρίσκονται σούπερ μάρκετ, καταστήματα, καφέ, εστιατόρια, φαρμακεία και κάθε είδους υπηρεσίες, επιτρέποντας την κάλυψη όλων των καθημερινών αναγκών χωρίς τη χρήση αυτοκινήτου.<br>Τιμή ενοικίασης: 780€<br><strong>Κωδικός ακινήτου: #16-205</strong> <br>",,,,"1","7","0","0","2026-07-20","6","10","1","no","yes","0","Αθήνα - Βόρεια Προάστια (Αττική)","Χολαργός (Αθήνα - Βόρεια Προάστια)","1","105103","101","2123","202317","Double","4","4","0","0","1","1220424484","https://m2.spitogatos.gr/362443795_1600x1200.jpg?v=20130730","https://m3.spitogatos.gr/362443805_1600x1200.jpg?v=20130730","https://m3.spitogatos.gr/362443814_1600x1200.jpg?v=20130730","https://m1.spitogatos.gr/362443821_1600x1200.jpg?v=20130730","https://m1.spitogatos.gr/362443827_1600x1200.jpg?v=20130730","https://m1.spitogatos.gr/362443833_1600x1200.jpg?v=20130730","https://m2.spitogatos.gr/362443840_1600x1200.jpg?v=20130730","https://m2.spitogatos.gr/362443846_1600x1200.jpg?v=20130730","https://m2.spitogatos.gr/362443852_1600x1200.jpg?v=20130730","https://m2.spitogatos.gr/362443858_1600x1200.jpg?v=20130730","https://m3.spitogatos.gr/362443865_1600x1200.jpg?v=20130730","https://m3.spitogatos.gr/362443871_1600x1200.jpg?v=20130730","https://m1.spitogatos.gr/362443878_1600x1200.jpg?v=20130730","https://m1.spitogatos.gr/362443890_1600x1200.jpg?v=20130730","https://m3.spitogatos.gr/362443898_1600x1200.jpg?v=20130730","https://m1.spitogatos.gr/362443908_1600x1200.jpg?v=20130730","https://m3.spitogatos.gr/362443916_1600x1200.jpg?v=20130730","https://m3.spitogatos.gr/362443928_1600x1200.jpg?v=20130730","https://m3.spitogatos.gr/362443934_1600x1200.jpg?v=20130730","https://m2.spitogatos.gr/362443939_1600x1200.jpg?v=20130730","https://m3.spitogatos.gr/362443943_1600x1200.jpg?v=20130730","https://m3.spitogatos.gr/362443949_1600x1200.jpg?v=20130730",,,,"0","0","2","1","38.007168",,"1","23.801908","0",,,"2026-07-28","0","0",,"0","0","1",,"9","1","0","0",,"0","0","0","780",,,"0","0","0","0","11.14",,,"1","3","6","1","1",,"0","1","2","0","1",,"0","70","0",,,"0","1","0","2026-07-20","https://www.spitogatos.gr/en/property/1220424484",,"1","0","1975",,"residential"
"1","3","no","vip","4",,,,,"1","0","0","0","2026-07-28","0","0","1","0","1","0",,"house",,,"0","<br>Η Osmosis Real Estate με γραφεία σε Αθήνα και Θεσσαλονίκη, δημιουργήθηκε με σκοπό την καθολική υποστήριξη για οποιαδήποτε κτηματομεσιτική σας ανάγκη, με ανθρωποκεντρική προσέγγιση για τον κάθε πελάτη ξεχωριστά (tailor-made λύσεις). Εγγυόμαστε την άμεση και αποτελεσματική εξυπηρέτηση, δίνοντας στον εν δυνάμει ενδιαφερόμενο την επιλογή της ολοκληρωμένης παροχής υπηρεσιών. Συμβολαιογράφος - Δικηγόρος - Μηχανικός - Σύμβουλος Ακινήτων. Πλήρες πακέτο υπηρεσιών, δίχως καμία εξτρά κρυφή χρέωση! Κατά την υπόδειξη του ακινήτου είναι απαραίτητη η ταυτότητα και ο Α.Φ.Μ. σας βάσει του νόμου 4072/2012 για την υπογραφή του εντύπου υπόδειξη. <br>",,,,"1","10","1","0","2026-07-28","8",,"0","no","yes","0","Αθήνα - Βόρεια Προάστια (Αττική)","Αγία Παρασκευή (Αθήνα - Βόρεια Προάστια)","1","105103","101","2101","107122","Double","4","2","0","0","1","1220505848","https://m2.spitogatos.gr/363535369_1600x1200.jpg?v=20130730","https://m1.spitogatos.gr/363535380_1600x1200.jpg?v=20130730","https://m3.spitogatos.gr/363535385_1600x1200.jpg?v=20130730","https://m1.spitogatos.gr/363535392_1600x1200.jpg?v=20130730","https://m3.spitogatos.gr/363535400_1600x1200.jpg?v=20130730","https://m1.spitogatos.gr/363535410_1600x1200.jpg?v=20130730","https://m1.spitogatos.gr/363535416_1600x1200.jpg?v=20130730","https://m1.spitogatos.gr/363535422_1600x1200.jpg?v=20130730","https://m2.spitogatos.gr/363535426_1600x1200.jpg?v=20130730","https://m2.spitogatos.gr/363535432_1600x1200.jpg?v=20130730","https://m1.spitogatos.gr/363535440_1600x1200.jpg?v=20130730","https://m1.spitogatos.gr/363535446_1600x1200.jpg?v=20130730","https://m1.spitogatos.gr/363535452_1600x1200.jpg?v=20130730","https://m2.spitogatos.gr/363535459_1600x1200.jpg?v=20130730","https://m1.spitogatos.gr/363535464_1600x1200.jpg?v=20130730","https://m2.spitogatos.gr/363535471_1600x1200.jpg?v=20130730","https://m1.spitogatos.gr/363535476_1600x1200.jpg?v=20130730","https://m3.spitogatos.gr/363535481_1600x1200.jpg?v=20130730","https://m2.spitogatos.gr/363535486_1600x1200.jpg?v=20130730","https://m1.spitogatos.gr/363535491_1600x1200.jpg?v=20130730","https://m1.spitogatos.gr/363535497_1600x1200.jpg?v=20130730","https://m2.spitogatos.gr/363535504_1600x1200.jpg?v=20130730","https://m1.spitogatos.gr/363535509_1600x1200.jpg?v=20130730","https://m3.spitogatos.gr/363535514_1600x1200.jpg?v=20130730","https://m1.spitogatos.gr/363535521_1600x1200.jpg?v=20130730","0","1","2","1","37.998775",,"1","23.814116","0",,,"2026-07-28","0","0",,"0","1","1",,"1","0","0","1","1","0","0","0","1100",,,"0","0","0","0","11.34",,,"1","3","6","1","0",,"0","1","2","0","1",,"0","97","1",,,"0","1","0","2026-07-28","https://www.spitogatos.gr/en/property/1220505848",,"1","0","1992","9LZp1jBsmWs","residential"
"1","1","no","vip","4",,,,,"1","1","0","0","2026-06-17","0","1","0","0","1","0",,"house",,"50","0","<br>Κωδικός ακινήτου: 98291 - Αγία Παρασκευή. Ενοικιάζεται πλήρως επιπλωμένο και εξοπλισμένο διαμέρισμα στον 1ο όροφο, με συνολική επιφάνεια 95 τ.μ. Το διαμέρισμα διαθέτει 2 ευρύχωρα υπνοδωμάτια, σαλόνι, κουζίνα, μπάνιο και WC. Κατασκευασμένο το 2007, ανήκει στην ενεργειακή κλάση Γ και είναι εξοπλισμένο με αυτόνομη θέρμανση φυσικού αερίου.<br />
<br />
Απολαμβάνοντας θέα σε ανοιχτό ορίζοντα, το ακίνητο περιλαμβάνει κουφώματα αλουμινίου, ξύλινα πατώματα, πόρτα ασφαλείας, ανελκυστήρα και ιδιωτικό πάρκινγκ, καθώς και αποθήκη 3,5 τ.μ. στον υπόγειο χώρο. Περιβάλλεται από κήπο και προσφέρει τζάκι για ζεστές στιγμές. Το σύστημα κλιματισμού A/C είναι διαθέσιμο σε όλους τους χώρους, ενώ διαθέτει και συναγερμό.<br />
Η κουζίνα είναι ευρύχωρη και αυτόνομη, με μπαλκόνι, εστίες, ψυγείο, φούρνο, φούρνο μικροκυμάτων, πλυντήριο πιάτων και πλυντήριο ρούχων. Στο μπαλκόνι υπάρχει ντουλάπα για επιπλέον αποθήκευση. Το ακίνητο διαθέτει επίσης εξωτερικό μπάνιο και WC, τηλεόραση στο σαλόνι και στα υπνοδωμάτια, ηλεκτρικές τέντες και θυροτηλεόραση.<br />
<br />
Βρίσκεται κοντά στο DEREE και τη Γαλλική Σχολή, με άμεση πρόσβαση στην  Αγίου Ιωάννου και την Αττική Οδό. Σε κοντινή απόσταση θα βρείτε πλατεία, πάρκο και σχολεία, κάνοντάς το ιδανικό για οικογένειες και επαγγελματίες. Συνδυάζει άνεση, ασφάλεια και προνομιακή τοποθεσία! <br>| UNION PROPERTIES +30 2108087844 - +30 6940579421, https://www.union-properties.gr/, email: north@union-properties.gr<br />
| Η Union Properties καταβάλλει κάθε δυνατή προσπάθεια για την παροχή έγκυρων και επικαιροποιημένων πληροφοριών σχετικά με τα ακίνητα που προβάλλονται, καθώς και για την επαλήθευση των στοιχείων που παρέχονται από τους ιδιοκτήτες/πωλητές. Ωστόσο, δεν φέρει καμία ευθύνη για τυχόν ανακρίβειες, παραλείψεις ή μεταβολές στις πληροφορίες αυτές, εφόσον δεν έχει προηγηθεί σχετική έγγραφη ενημέρωση από τους πωλητές.<br />
Η θέση του ακινήτου στον χάρτη είναι ενδεικτική και ενδέχεται να μην ανταποκρίνεται με ακρίβεια στην πραγματική τοποθεσία.<br />
Σύμφωνα με τον Ν. 4072/11-4-2012 (ΦΕΚ 86 Α’), για την υπόδειξη οποιουδήποτε ακινήτου απαιτείται η προσκόμιση της αστυνομικής ταυτότητας και του Α.Φ.Μ. του ενδιαφερόμενου.",,,,"1","5","0","1","2026-06-17","6","2","0","yes","yes","1","Αθήνα - Βόρεια Προάστια (Αττική)","Αγία Παρασκευή (Αθήνα - Βόρεια Προάστια)","1","105103","101","2101","107123","Double","1","2","0","0","1","1220142708","https://m2.spitogatos.gr/357619390_1600x1200.jpg?v=20130730","https://m1.spitogatos.gr/357619401_1600x1200.jpg?v=20130730","https://m2.spitogatos.gr/357619420_1600x1200.jpg?v=20130730","https://m1.spitogatos.gr/357619434_1600x1200.jpg?v=20130730","https://m3.spitogatos.gr/357619448_1600x1200.jpg?v=20130730","https://m3.spitogatos.gr/357619460_1600x1200.jpg?v=20130730","https://m2.spitogatos.gr/357619468_1600x1200.jpg?v=20130730","https://m2.spitogatos.gr/357619474_1600x1200.jpg?v=20130730","https://m3.spitogatos.gr/357619481_1600x1200.jpg?v=20130730","https://m3.spitogatos.gr/357619490_1600x1200.jpg?v=20130730","https://m1.spitogatos.gr/357619500_1600x1200.jpg?v=20130730","https://m1.spitogatos.gr/357619518_1600x1200.jpg?v=20130730","https://m3.spitogatos.gr/357619526_1600x1200.jpg?v=20130730","https://m1.spitogatos.gr/357619539_1600x1200.jpg?v=20130730","https://m1.spitogatos.gr/357619554_1600x1200.jpg?v=20130730","https://m2.spitogatos.gr/357619567_1600x1200.jpg?v=20130730",,,,,,,,,,"0","0","2","1","38.011162",,"1","23.835119","0",,,"2026-07-28","0","0",,"0","1","1","4","12","0","0","1",,"0","0","0","1500",,,"0","0","0","0","15.79",,,"1","3","6","1","0",,"0","1","2","0","1",,"0","95","1","3",,"0","1","0","2026-06-17","https://www.spitogatos.gr/en/property/1220142708",,"1","0","2007","w8Tj8OcBEzM","residential"
"1","1","no","vip","4",,,,,"0","1","0","0","2026-05-25","0","0","0","0","0","0",,"house",,"50","1","<br>Κωδικός ακινήτου: 97789 - Αγία Παρασκευή  - ΕΝΟΙΚΙΑΖΕΤΑΙ  διαμέρισμα στον 1ο όροφο, με συνολική επιφάνεια 150 τ.μ., ιδανικό για άνετη διαβίωση. Το ακίνητο διαθέτει δύο ευρύχωρα υπνοδωμάτια και home office, ένα φωτεινό σαλόνι και μια πλήρως εξοπλισμένη αυτόνομη κουζίνα, καθώς και WC για την εξυπηρέτησή σας. Κατασκευασμένο το 1980 και ανακαινισμένο το 2024.<br />
<br />
Περιλαμβάνει ατομική θέρμανση με φυσικό αέριο, κουφώματα αλουμινίου και ξύλινα πατώματα, προσφέροντας ζεστασιά και ασφάλεια. Η πόρτα ασφαλείας, ο συναγερμός και η θυροτηλεόραση εξασφαλίζουν την ηρεμία σας. Προσφέρει θέα σε αστικό τοπίο, μεγάλες βεράντες και ηλεκτρικά ρολά. Επιπλέον, το διαμέρισμα διαθέτει αποθήκη στο διαμέρισμα, A/C και ηλεκτρικές συσκευές όπως κουζίνα, πλυντήριο πιάτων και απορροφητήρα, ικανοποιώντας όλες τις καθημερινές σας ανάγκες. Το μικρό γραφείο προσφέρει έναν ιδανικό χώρο εργασίας ή μελέτης.<br />
<br />
Η τοποθεσία του είναι ιδανική, κοντά σε πάρκο, προσφέροντας ευκολία και πρόσβαση σε όλες τις ανέσεις της περιοχής. Μη χάσετε την ευκαιρία να ζήσετε σε αυτό το διαμέρισμα που συνδυάζει λειτουργικότητα και άνεση. <br>| UNION PROPERTIES +30 2108087844 - +30 6940579421, https://www.union-properties.gr/, email: north@union-properties.gr<br />
| Η Union Properties καταβάλλει κάθε δυνατή προσπάθεια για την παροχή έγκυρων και επικαιροποιημένων πληροφοριών σχετικά με τα ακίνητα που προβάλλονται, καθώς και για την επαλήθευση των στοιχείων που παρέχονται από τους ιδιοκτήτες/πωλητές. Ωστόσο, δεν φέρει καμία ευθύνη για τυχόν ανακρίβειες, παραλείψεις ή μεταβολές στις πληροφορίες αυτές, εφόσον δεν έχει προηγηθεί σχετική έγγραφη ενημέρωση από τους πωλητές.<br />
Η θέση του ακινήτου στον χάρτη είναι ενδεικτική και ενδέχεται να μην ανταποκρίνεται με ακρίβεια στην πραγματική τοποθεσία.<br />
Σύμφωνα με τον Ν. 4072/11-4-2012 (ΦΕΚ 86 Α’), για την υπόδειξη οποιουδήποτε ακινήτου απαιτείται η προσκόμιση της αστυνομικής ταυτότητας και του Α.Φ.Μ. του ενδιαφερόμενου.",,,,"1","8","1","0","2026-05-25","6","2","0","no","no","0","Αθήνα - Βόρεια Προάστια (Αττική)","Αγία Παρασκευή (Αθήνα - Βόρεια Προάστια)","1","105103","101","2101","329489","Double","4","2","0","0","1","1219945656","https://m1.spitogatos.gr/355565736_1600x1200.jpg?v=20130730","https://m1.spitogatos.gr/355565754_1600x1200.jpg?v=20130730","https://m1.spitogatos.gr/355565757_1600x1200.jpg?v=20130730","https://m3.spitogatos.gr/355565762_1600x1200.jpg?v=20130730","https://m3.spitogatos.gr/355565768_1600x1200.jpg?v=20130730","https://m3.spitogatos.gr/355565774_1600x1200.jpg?v=20130730","https://m1.spitogatos.gr/355565781_1600x1200.jpg?v=20130730","https://m3.spitogatos.gr/355565786_1600x1200.jpg?v=20130730","https://m3.spitogatos.gr/355565795_1600x1200.jpg?v=20130730","https://m1.spitogatos.gr/355565799_1600x1200.jpg?v=20130730","https://m2.spitogatos.gr/355565803_1600x1200.jpg?v=20130730","https://m1.spitogatos.gr/355565808_1600x1200.jpg?v=20130730","https://m3.spitogatos.gr/355565813_1600x1200.jpg?v=20130730","https://m1.spitogatos.gr/355565817_1600x1200.jpg?v=20130730","https://m1.spitogatos.gr/355565823_1600x1200.jpg?v=20130730","https://m3.spitogatos.gr/355565825_1600x1200.jpg?v=20130730","https://m2.spitogatos.gr/355565827_1600x1200.jpg?v=20130730","https://m2.spitogatos.gr/355565830_1600x1200.jpg?v=20130730","https://m2.spitogatos.gr/355565836_1600x1200.jpg?v=20130730",,,,,,,"0","0","2","1","38.005936",,"1","23.818678","0",,,"2026-07-28","0","0",,"0","1","0","5",,"0","0","1",,"0","0","0","1500",,,"0","0","0","0","10",,,"1","3","6","1","0",,"0","1","2","0","1",,"0","150","1",,,"0","1","0","2026-05-25","https://www.spitogatos.gr/en/property/1219945656",,"1","0","1980","RwEfohpGUEA","residential"
"1","4",,"vip","4",,,,,"1","1","0","0","2026-07-13","0","1","1","0","1","0",,"house",,"70",,"Ευρύχωρο οροφοδιαμέρισμα προς ενοικίαση στην Αγία Παρασκευή<br />
<br />
Βρίσκεται στον 4ο όροφο και προσφέρει εξαιρετικά άνετους χώρους υποδοχής, 3 υπνοδωμάτια, 2 μπάνια και WC επισκεπτών.<br />
<br />
Με την είσοδο στο διαμέρισμα, σας υποδέχεται ένας εντυπωσιακά μεγάλος χώρος υποδοχής με τζάκι και όμορφα ξύλινα δάπεδα. Η μεγάλη βεράντα προσφέρει ανοιχτή θέα στη γειτονιά και προς το Πεντελικό Όρος, δημιουργώντας ένα φωτεινό και ευχάριστο περιβάλλον διαβίωσης.<br />
<br />
Στα δεξιά της εισόδου βρίσκεται η πολύ ευρύχωρη, πλήρως εξοπλισμένη κουζίνα, με χώρο καθημερινού φαγητού. Δίπλα στην κουζίνα υπάρχει επίσης ξεχωριστός χώρος πλυντηρίου.<br />
<br />
Ο χώρος των υπνοδωματίων περιλαμβάνει ένα master υπνοδωμάτιο με δικό του en-suite μπάνιο, το οποίο θα ανακαινιστεί πλήρως τις επόμενες εβδομάδες. Στην άλλη πλευρά του χώρου υποδοχής βρίσκεται το WC επισκεπτών, ενώ ο διάδρομος που οδηγεί στα δύο επιπλέον υπνοδωμάτια διαθέτει άφθονους εντοιχισμένους αποθηκευτικούς χώρους. Και τα δύο υπνοδωμάτια έχουν θέα σε δέντρα, προσφέροντας μια ήρεμη και πράσινη αίσθηση.<br />
<br />
Όλα τα υπνοδωμάτια διαθέτουν εντοιχισμένες ντουλάπες. Επιπλέον, όλα τα παράθυρα θα αντικατασταθούν πριν από την εγκατάσταση του νέου ενοικιαστή.<br />
<br />
Το διαμέρισμα διαθέτει 2 εξωτερικές θέσεις στάθμευσης, ένα σημαντικό πλεονέκτημα για την περιοχή, καθώς και αποθήκη.<br />
<br />
Σε ιδανική τοποθεσία, περίπου 2 χλμ. από το Deree College, 2 χλμ. από το American Community School και 3 χλμ. από τη Γαλλική Σχολή, το διαμέρισμα αποτελεί εξαιρετική επιλογή για οικογένεια με παιδιά που φοιτούν σε κάποιο από αυτά τα σχολεία.",,,"0","1","6","1","1","2026-06-18","9","10",,"no","yes","1","Αθήνα - Βόρεια Προάστια (Αττική)","Αγία Παρασκευή (Αθήνα - Βόρεια Προάστια)","1","105103","101","2101","329489","Double","1","2","0",,"1","1220149037","https://m2.spitogatos.gr/357723862_1600x1200.jpg?v=20130730","https://m2.spitogatos.gr/357723871_1600x1200.jpg?v=20130730","https://m1.spitogatos.gr/357724491_1600x1200.jpg?v=20130730","https://m3.spitogatos.gr/357723884_1600x1200.jpg?v=20130730","https://m1.spitogatos.gr/357723858_1600x1200.jpg?v=20130730","https://m3.spitogatos.gr/357728654_1600x1200.jpg?v=20130730","https://m3.spitogatos.gr/357723860_1600x1200.jpg?v=20130730","https://m1.spitogatos.gr/357727194_1600x1200.jpg?v=20130730","https://m3.spitogatos.gr/357727814_1600x1200.jpg?v=20130730","https://m2.spitogatos.gr/357723889_1600x1200.jpg?v=20130730","https://m3.spitogatos.gr/357723878_1600x1200.jpg?v=20130730","https://m2.spitogatos.gr/357723877_1600x1200.jpg?v=20130730","https://m3.spitogatos.gr/357723881_1600x1200.jpg?v=20130730","https://m1.spitogatos.gr/357723885_1600x1200.jpg?v=20130730","https://m1.spitogatos.gr/357723879_1600x1200.jpg?v=20130730","https://m2.spitogatos.gr/357723883_1600x1200.jpg?v=20130730",,,,,,,,,,"1",,"2","1","38.007771","1","1","23.81518",,"0",,"2026-07-28","0","0",,,"1","2","5",,"1",,"1",,"0","0",,"1780",,,"0","0","0","0","10.47",,,"1",,,"1",,,,,"3",,"1",,"0","170","1","6",,,"1","0","2026-06-18","https://www.spitogatos.gr/en/property/1220149037",,"1","1","1979",,
"0","3","no","vip","4",,,,,"0","0","0","0","2026-07-28","0","0","1","0","1","0",,"house",,,"0","Κωδικός ακινήτου: 1-589 - Αγία Παρασκευή ΕΡΤ  ΕΝΟΙΚΙΑΖΕΤΑΙ   ανακαινισμένο  διαμέρισμα  στον 3 ο όροφο συνολικής επιφάνειας 63.00 τ.μ.  . Αποτελείται από 1 υπνοδωμάτιο, σαλόνι, κουζίνα, μπάνιο . Είναι κατασκευασμένο το 1993 με ενεργειακή κλάση Γ  και διαθέτει θέρμανση αυτόνομη - φυσικού αερίου, θέα σε ανοιχτό ορίζοντα, κουφώματα αλουμινίου, πατώματα από πλακάκι και ξύλο, πόρτα ασφαλείας, εντοιχιζόμενες ντουλάπες, ανελκυστήρα, πάρκινγκ, αποθήκη 7 τ.μ., διπλά τζάμια, θυροτηλεόραση, ανοιχτωσιά      - Τιμή: 720 €  <br>το διαμέρισμα βρίσκεται σε πολυκατοικία που έχει βαφτεί πριν ένα χρόνο,διαθέτει 2ο δωμάτιο 10 τ.μ. για γραφείο,  2 ενοίκια εγγύηση, βρίσκετε σε πολύ ήσυχη γειτονιά, πλησίον Γαλλικού σχoλείου Eugene Delacroix,  όχι κατοικίδια <br>",,,,"1","5","1","0","2026-06-23","8","10","0","no","yes","0","Αθήνα - Βόρεια Προάστια (Αττική)","Αγία Παρασκευή (Αθήνα - Βόρεια Προάστια)","1","105103","101","2101","107120","Double","1","2","0","0","1","1220186475","https://m3.spitogatos.gr/363514913_1600x1200.jpg?v=20130730","https://m2.spitogatos.gr/363514924_1600x1200.jpg?v=20130730","https://m3.spitogatos.gr/363514931_1600x1200.jpg?v=20130730","https://m1.spitogatos.gr/363514941_1600x1200.jpg?v=20130730","https://m2.spitogatos.gr/363514945_1600x1200.jpg?v=20130730","https://m2.spitogatos.gr/363515002_1600x1200.jpg?v=20130730","https://m2.spitogatos.gr/363515008_1600x1200.jpg?v=20130730","https://m3.spitogatos.gr/363515012_1600x1200.jpg?v=20130730","https://m2.spitogatos.gr/363515038_1600x1200.jpg?v=20130730","https://m3.spitogatos.gr/363515042_1600x1200.jpg?v=20130730","https://m3.spitogatos.gr/363515045_1600x1200.jpg?v=20130730","https://m3.spitogatos.gr/363515051_1600x1200.jpg?v=20130730","https://m3.spitogatos.gr/363515096_1600x1200.jpg?v=20130730","https://m3.spitogatos.gr/363515108_1600x1200.jpg?v=20130730","https://m2.spitogatos.gr/363515119_1600x1200.jpg?v=20130730","https://m1.spitogatos.gr/363515124_1600x1200.jpg?v=20130730","https://m2.spitogatos.gr/363515155_1600x1200.jpg?v=20130730","https://m3.spitogatos.gr/363515162_1600x1200.jpg?v=20130730","https://m3.spitogatos.gr/363515168_1600x1200.jpg?v=20130730","https://m1.spitogatos.gr/363515181_1600x1200.jpg?v=20130730","https://m3.spitogatos.gr/363515186_1600x1200.jpg?v=20130730","https://m3.spitogatos.gr/363515192_1600x1200.jpg?v=20130730","https://m3.spitogatos.gr/363515234_1600x1200.jpg?v=20130730",,,"0","0","2","1","38.011917",,"1","23.827616","1",,,"2026-07-28","0","0",,"0","0","1","5","3","1","0","0",,"0","0","0","720",,,"0","0","0","0","11.43",,,"1","3","6","1","1",,"0","1","1","0","1",,"0","63","1","7",,"1","1","0","2026-06-23","https://www.spitogatos.gr/en/property/1220186475",,"1","0","1993",,"residential"
"1","1","no","vip","4",,,,,"1","1","0","0","2026-07-29","0","1","1","0","1","0",,"house","0",,"0","Η αναγραφόμενη τιμή αφορά μίσθωση 12 μηνών με προπληρωμή, εξαιρουμένων λογαριασμών και κοινοχρήστων.<br />
Κλείστε αυτό το διαμέρισμα τώρα:<br />
https://www.movingdoors.com/listing/furnished-apartments-athens-greece/athens-ath26002<br />
<br />
Καλώς ήρθατε στη Moving Doors! Σ' ένα πλήρως επιπλωμένο, ιδανικό διαμέρισμα 2 υπνοδωματίων στην Αγία Παρασκευή, όπου η πολυτέλεια συναντά την άνεση. Στη Moving Doors προσφέρουμε πλήρως εξοπλισμένα διαμερίσματα με μοντέρνο σχεδιασμό, που συνδυάζουν την κομψότητα με τη ζεστή ατμόσφαιρα του σπιτιού. Είτε επισκέπτεστε την Αθήνα για δουλειά, διασκέδαση ή οικογενειακές διακοπές, αυτό το πλήρως επιπλωμένο διαμέρισμα δεν είναι απλώς ένας χώρος διαμονής – είναι το δεύτερο σπίτι σας.<br />
<br />
Τί το κάνει ξεχωριστό:<br />
✔ Ευρύχωρο, πλήρως επιπλωμένο διαμέρισμα 2 υπνοδωματίων στην Αγία Παρασκευή, ιδανικό για οικογένειες, παρέες ή επαγγελματίες<br />
✔ Απολαύστε premium ήχο με το ηχοσύστημα Marshall ή απολαύστε τον καφέ σας με τη μηχανή Nespresso<br />
✔ Γρήγορο internet<br />
✔ Ιδανική τοποθεσία, μόλις λίγα λεπτά από τα καλύτερα αξιοθέατα, καφέ και σημεία ενδιαφέροντος<br />
✔ Καθ’ όλη τη διάρκεια της διαμονής σας, μπορείτε να επικοινωνείτε εύκολα με την ομάδα υποστήριξης πελατών<br />
✔ Επαγγελματικές υπηρεσίες καθαριότητας και concierge, στη διάθεσή σας για κάθε σας ανάγκη<br />
<br />
Είτε σχεδιάζετε μια σύντομη είτε μια παρατεταμένη διαμονή, η Moving Doors σας προσφέρει πολυτελή διαμερίσματα στην Αθήνα, που συνδυάζουν στυλ, λειτουργικότητα και άνεση. Με προσοχή στη λεπτομέρεια, σας προσφέρουμε όλα όσα χρειάζεστε για μια ευχάριστη και ξέγνοιαστη διαμονή.",,,"0","1","7","1","1","2026-01-23","6","10","0","yes","yes","1","Αθήνα - Βόρεια Προάστια (Αττική)","Αγία Παρασκευή (Αθήνα - Βόρεια Προάστια)","1","105103","101","2101","329486",,"1","2","0","1","1","1219239937","https://m2.spitogatos.gr/346721302_1600x1200.jpg?v=20130730","https://m1.spitogatos.gr/346721304_1600x1200.jpg?v=20130730","https://m3.spitogatos.gr/346721306_1600x1200.jpg?v=20130730","https://m2.spitogatos.gr/346721308_1600x1200.jpg?v=20130730","https://m1.spitogatos.gr/346721310_1600x1200.jpg?v=20130730","https://m3.spitogatos.gr/346721312_1600x1200.jpg?v=20130730","https://m3.spitogatos.gr/346721315_1600x1200.jpg?v=20130730","https://m2.spitogatos.gr/346721317_1600x1200.jpg?v=20130730","https://m1.spitogatos.gr/346721319_1600x1200.jpg?v=20130730","https://m2.spitogatos.gr/346721320_1600x1200.jpg?v=20130730","https://m1.spitogatos.gr/346721322_1600x1200.jpg?v=20130730","https://m3.spitogatos.gr/346721324_1600x1200.jpg?v=20130730","https://m2.spitogatos.gr/346721326_1600x1200.jpg?v=20130730","https://m1.spitogatos.gr/346721328_1600x1200.jpg?v=20130730","https://m2.spitogatos.gr/346721329_1600x1200.jpg?v=20130730","https://m1.spitogatos.gr/346721331_1600x1200.jpg?v=20130730","https://m3.spitogatos.gr/346721333_1600x1200.jpg?v=20130730","https://m1.spitogatos.gr/346721334_1600x1200.jpg?v=20130730","https://m3.spitogatos.gr/346721336_1600x1200.jpg?v=20130730","https://m2.spitogatos.gr/346721338_1600x1200.jpg?v=20130730","https://m3.spitogatos.gr/346721339_1600x1200.jpg?v=20130730","https://m3.spitogatos.gr/346721342_1600x1200.jpg?v=20130730","https://m2.spitogatos.gr/346721344_1600x1200.jpg?v=20130730","https://m1.spitogatos.gr/342502416_1600x1200.jpg?v=20130730",,"0","0","2","1","38.005039","1","1","23.83012","1","0","0","2026-07-28","0","0",,"0","1","1","5","1","1",,"1",,"0","0","0","1300","2026-07-28 11:47:28","20","0","0","0","0","12.38","1635","true","1","3",,"1","1","2022","0","1","2","0","1",,,"105","1",,"Αλαμάνας, 10, Αγία Παρασκευή Ελλάδα, 15342","1","1","0","2026-01-23","https://www.spitogatos.gr/en/property/1219239937","https://tour.giraffe360.com/90869c759f6c49d09fd8dbb874acb7bc/?lsf=1",,,"1980",,"residential"
"1","1","no","vip","4",,,,,"0","1","0","0","2026-06-08","0","1","1","25","1","0",,"house","0",,"0","μοναδικό επιπλωμένο διαμέρισμα 95 τμ, κοντά στο Γαλλικό σχολείο και το Αμερικάνικο κολέγιο, 1ου ορόφου, με 2 υπνοδωμάτια, αυτόνομη θέρμανση με φυσικό αέριο, τζάκι, σύγχρονα κουφώματα με διπλά τζάμια και σίτες, πόρτα ασφαλείας, συναγερμός, 3 κλιματιστικά, πλήρως επιπλωμένο, και πλήρως εξοπλισμένο, με όλες τις ηλεκτρικές συσκευές, ηλεκτρικά ρολά, μεγάλες βεράντες, με τέντες, αποθήκη στο υπόγειο 3,5 τμ, και μία υπόγεια θέση parking<br />
<br />
ID.1811691 - Διαμέρισμα Προς Ενοικίαση, όροφος: 1ος, στην περιοχή: Αγία Παρασκευή -Άγιος Ιωάννης. Το εμβαδόν του ακινήτου είναι 95 τ.μ.. Αποτελείται από: 2 Υ/Δ 1 μπάνιο/α, 1 wc, 1κουζίνα/ες, 1 σαλόνι/α, 1 τζάκι/α, ενώ οι θέσεις στάθμευσης που διαθέτει είναι: 1 Σε υπόγειο χώρο. Έχει κατασκευαστεί το 2000. Η θέρμανση του ακινήτου είναι Αυτόνομη με Φυσικό αέριο, ενώ επίσης διατίθεται Κλιματισμός, έχει κουφώματα Αλουμινίου με Διπλά τζάμια, ενεργειακό πιστοποιητικό: Γ και τα δάπεδα είναι: Πλακάκια, Ξύλο. Η κατάστασή του είναι: Καταπληκτική, έχει θέα Καλή. Το ακίνητο είναι Επιπλωμένο, Φωτεινό και επίσης διαθέτει τα παρακάτω χαρακτηριστικά και πλεονεκτήματα: Σίτες, Τέντες, Ασανσέρ, Ηλεκτρ. Συσκευές, Αποθήκη, Πόρτα Ασφαλείας, Συναγερμός.Aspis Real Estate Αγίας Παρασκευής, Τηλέφωνο Επικοινωνίας: 2106771297, email: secagparaskevi@aspis-realestate.gr",,,"0","1","5","0","1","2026-06-08","6","10","0","yes","yes","1","Αθήνα - Βόρεια Προάστια (Αττική)","Αγία Παρασκευή (Αθήνα - Βόρεια Προάστια)","1","105103","101","2101","329486","Double","1","2","0","0","1","1220069653","https://m3.spitogatos.gr/356430839_1600x1200.jpg?v=20130730","https://m1.spitogatos.gr/356430849_1600x1200.jpg?v=20130730","https://m2.spitogatos.gr/356430859_1600x1200.jpg?v=20130730","https://m1.spitogatos.gr/356430870_1600x1200.jpg?v=20130730","https://m2.spitogatos.gr/356430877_1600x1200.jpg?v=20130730","https://m1.spitogatos.gr/356430885_1600x1200.jpg?v=20130730","https://m2.spitogatos.gr/356430895_1600x1200.jpg?v=20130730","https://m1.spitogatos.gr/356430903_1600x1200.jpg?v=20130730","https://m2.spitogatos.gr/356430913_1600x1200.jpg?v=20130730","https://m1.spitogatos.gr/356430918_1600x1200.jpg?v=20130730","https://m2.spitogatos.gr/356430925_1600x1200.jpg?v=20130730","https://m2.spitogatos.gr/356430931_1600x1200.jpg?v=20130730","https://m3.spitogatos.gr/356430935_1600x1200.jpg?v=20130730","https://m1.spitogatos.gr/356430939_1600x1200.jpg?v=20130730","https://m1.spitogatos.gr/356430942_1600x1200.jpg?v=20130730","https://m2.spitogatos.gr/362891875_1600x1200.jpg?v=20130730","https://m1.spitogatos.gr/362891877_1600x1200.jpg?v=20130730","https://m3.spitogatos.gr/356430953_1600x1200.jpg?v=20130730","https://m2.spitogatos.gr/356430958_1600x1200.jpg?v=20130730","https://m1.spitogatos.gr/356430963_1600x1200.jpg?v=20130730","https://m3.spitogatos.gr/356430968_1600x1200.jpg?v=20130730","https://m1.spitogatos.gr/356430972_1600x1200.jpg?v=20130730","https://m3.spitogatos.gr/356430977_1600x1200.jpg?v=20130730","https://m2.spitogatos.gr/356430982_1600x1200.jpg?v=20130730","https://m1.spitogatos.gr/356430987_1600x1200.jpg?v=20130730","0","0","2","1","38.007515","1","1","23.830793","0","0","0","2026-07-28","0","0",,"0","1","1","4","12","0","0","1",,"0","0","0","1500",,,"0","0","0","0","15.79",,,"1","3","6","1","0",,"0",,"2","0","1",,"0","95","1","4",,"0","1","0","2026-06-08","https://www.spitogatos.gr/en/property/1220069653",,"1","0","2000",,"residential"
"1","1","no","vip","4",,,,,"0","1","0","0","2026-04-29","0","1","1","35","1","0",,"house","0",,"0","ΔΙΑΘΈΣΙΜΟ ΑΠΟ 1η ΙΟΥΛΙΟΥ 2026<br />
<br />
εξαιρετικό διαμέρισμα 108 τμ, δίπλα στο κολέγιο, κατασκευής 2000, 1ου ορόφου, με 2 υπνοδωμάτια, αυτόνομη θέρμανση με φυσικό αέριο, τζάκι, μπόιλερ, σύγχρονα κουφώματα με δπλά τζάμια και σίτες, πόρτα ασφαλείας, συναγερμός, 3 κλιματιστικά, εντοιχισμένες ηλεκτρικές συσκευές (φούρνος, φούρνος μικροκυμάτων και πλυντήριο πιάτων), παρκέ στο σαλόνι και τα υπνοδωμάτια, 2 μπάνια, μεγάλες βεράντες με τέντες, αποθήκη στο υπόγειο 12 τμ, και 2 υπόγειες θέσεις parking<br />
<br />
ID.2356895 - Διαμέρισμα Προς Ενοικίαση, όροφος: 1ος, στην περιοχή: Αγία Παρασκευή -Κολλέγιο. Το εμβαδόν του ακινήτου είναι 108 τ.μ.. Αποτελείται από: 2 Υ/Δ 2 μπάνιο/α,, 1κουζίνα/ες, 1 σαλόνι/α, 1 τζάκι/α, ενώ οι θέσεις στάθμευσης που διαθέτει είναι: 2 Σε υπόγειο χώρο. Έχει κατασκευαστεί το 2000. Η θέρμανση του ακινήτου είναι Αυτόνομη με Φυσικό αέριο, ενώ επίσης διατίθεται Κλιματισμός, Ηλιακός, Boiler, Θερμομόνωση, Καλοριφέρ, έχει κουφώματα Αλουμινίου με Διπλά - Ενεργειακά τζάμια, ενεργειακό πιστοποιητικό: Γ και τα δάπεδα είναι: Ξύλο. Η κατάστασή του είναι: Φρεσκοβαμμένο, Καταπληκτική, έχει θέα Καλή και έχει Βόρειοανατολικό, Νοτιοανατολικό προσανατολισμό. Το ακίνητο είναι Βαμμένο, Εσωτερικό, Φωτεινό και επίσης διαθέτει τα παρακάτω χαρακτηριστικά και πλεονεκτήματα: Σίτες, Τέντες, Ασανσέρ, Ηλεκτρ. Συσκευές, Αποθήκη, Πόρτα Ασφαλείας, Θυροτηλεόραση, Συναγερμός, Αποχέτευση. Τιμή: €1.400. Aspis Real Estate Αγίας Παρασκευής, Τηλέφωνο Επικοινωνίας: 2106771297, email: secagparaskevi@aspis-realestate.gr",,,"0","1","5","0","1","2026-04-29","6","2","0","no","yes","0","Αθήνα - Βόρεια Προάστια (Αττική)","Αγία Παρασκευή (Αθήνα - Βόρεια Προάστια)","1","105103","101","2101","329486","Double","1","2","0","0","1","1219796702","https://m1.spitogatos.gr/360747108_1600x1200.jpg?v=20130730","https://m1.spitogatos.gr/360747111_1600x1200.jpg?v=20130730","https://m2.spitogatos.gr/360747112_1600x1200.jpg?v=20130730","https://m3.spitogatos.gr/360747116_1600x1200.jpg?v=20130730","https://m1.spitogatos.gr/360747120_1600x1200.jpg?v=20130730","https://m3.spitogatos.gr/360747122_1600x1200.jpg?v=20130730","https://m1.spitogatos.gr/360747126_1600x1200.jpg?v=20130730","https://m1.spitogatos.gr/360747129_1600x1200.jpg?v=20130730","https://m2.spitogatos.gr/360747133_1600x1200.jpg?v=20130730","https://m1.spitogatos.gr/360747138_1600x1200.jpg?v=20130730","https://m3.spitogatos.gr/360747140_1600x1200.jpg?v=20130730","https://m1.spitogatos.gr/360747144_1600x1200.jpg?v=20130730","https://m3.spitogatos.gr/360747149_1600x1200.jpg?v=20130730","https://m2.spitogatos.gr/360747154_1600x1200.jpg?v=20130730","https://m2.spitogatos.gr/360747160_1600x1200.jpg?v=20130730","https://m1.spitogatos.gr/360747168_1600x1200.jpg?v=20130730",,,,,,,,,,"0","0","2","1","38.005341","1","1","23.83009","0","0","0","2026-07-28","0","0",,"0","0","2",,"5","1","0","1",,"0","0","0","1400",,,"0","0","0","0","12.96",,,"1","3","6","1","0",,"0",,"2","0","1",,"1","108","1","12",,"0","1","0","2026-04-29","https://www.spitogatos.gr/en/property/1219796702",,"1","0","2000",,"residential"
"0","1","no","vip","4",,,,,"0","0","0","0","2026-07-09","0","0","1","30","1","0",,"house","0",,"1","γωνιακό διαμέρισμα 80 τμ, πολύ κοντά στο μετρό της Εθνικής Άμυνας, ψηλού 1ου ορόφου, με 2 υπνοδωμάτια, κεντρική θέρμανση, φυσικό αέριο, ανακαινισμένη κουζίνα, ανακαινισμένο μπάνιο, πόρτα ασφαλείας, μεγάλες βεράντες με τέντες, το διαμέρισμα είναι προσόψεως, με εξαιρετικό προσανατολισμό, πολύ φωτεινό και έχει και αποθήκη στο υπόγειο,<br />
<br />
ID.2507934 - Διαμέρισμα Προς Ενοικίαση, όροφος: 1ος, στην περιοχή: Χολαργός -Πλατεία Δημοκρατίας. Το εμβαδόν του ακινήτου είναι 80 τ.μ.. Αποτελείται από: 2 Υ/Δ 1 μπάνιο/α,, 1κουζίνα/ες, 1 σαλόνι/α. Έχει κατασκευαστεί το 1978 και ανακαινίστηκε το 2026. Η θέρμανση του ακινήτου είναι Κεντρική με Φυσικό αέριο, έχει κουφώματα Αλουμινίου με Μονά τζάμια, ενεργειακό πιστοποιητικό: Ζ και τα δάπεδα είναι: Ξύλο, Μάρμαρο. Η κατάστασή του είναι: Ανακαινισμένο, Πολύ καλή, έχει θέα Καλή και έχει Ανατολικομεσημβρινό, Δυτικομεσημβρινό προσανατολισμό. Το ακίνητο είναι Βαμμένο, Γωνιακό, Προσόψεως, Φωτεινό και επίσης διαθέτει τα παρακάτω χαρακτηριστικά και πλεονεκτήματα: Ασανσέρ, Αποθήκη, Πόρτα Ασφαλείας. Aspis Real Estate Αγίας Παρασκευής, Τηλέφωνο Επικοινωνίας: 2106771297, email: secagparaskevi@aspis-realestate.gr",,,"0","1","8","1","0","2026-07-09","6","6","0","no","no","0","Αθήνα - Βόρεια Προάστια (Αττική)","Χολαργός (Αθήνα - Βόρεια Προάστια)","1","105103","101","2123","202318","Single","2","2","0","0","1","1220341270","https://m1.spitogatos.gr/361062183_1600x1200.jpg?v=20130730","https://m1.spitogatos.gr/361062186_1600x1200.jpg?v=20130730","https://m1.spitogatos.gr/361062189_1600x1200.jpg?v=20130730","https://m3.spitogatos.gr/361062191_1600x1200.jpg?v=20130730","https://m3.spitogatos.gr/361062203_1600x1200.jpg?v=20130730","https://m3.spitogatos.gr/361062206_1600x1200.jpg?v=20130730","https://m1.spitogatos.gr/361062222_1600x1200.jpg?v=20130730","https://m1.spitogatos.gr/361062225_1600x1200.jpg?v=20130730","https://m2.spitogatos.gr/361062229_1600x1200.jpg?v=20130730","https://m2.spitogatos.gr/361062232_1600x1200.jpg?v=20130730","https://m3.spitogatos.gr/361062236_1600x1200.jpg?v=20130730","https://m2.spitogatos.gr/361062244_1600x1200.jpg?v=20130730","https://m2.spitogatos.gr/361062247_1600x1200.jpg?v=20130730","https://m3.spitogatos.gr/361062251_1600x1200.jpg?v=20130730","https://m1.spitogatos.gr/361062255_1600x1200.jpg?v=20130730","https://m2.spitogatos.gr/361062259_1600x1200.jpg?v=20130730","https://m3.spitogatos.gr/361062263_1600x1200.jpg?v=20130730","https://m3.spitogatos.gr/361062266_1600x1200.jpg?v=20130730","https://m1.spitogatos.gr/361062270_1600x1200.jpg?v=20130730","https://m2.spitogatos.gr/361062277_1600x1200.jpg?v=20130730","https://m3.spitogatos.gr/361062281_1600x1200.jpg?v=20130730","https://m3.spitogatos.gr/361062284_1600x1200.jpg?v=20130730","https://m2.spitogatos.gr/361062286_1600x1200.jpg?v=20130730","https://m1.spitogatos.gr/361062288_1600x1200.jpg?v=20130730","https://m2.spitogatos.gr/361062292_1600x1200.jpg?v=20130730","0","0","2","1","38.001389","1","1","23.791542","0","0","0","2026-07-28","0","0",,"0","0","1",,"3","1","0","0",,"0","0","0","850",,,"0","0","0","0","10.63",,,"1","3","6","1","1","2026","0",,"2","0","1",,"0","80","1",,,"0","1","0","2026-07-09","https://www.spitogatos.gr/en/property/1220341270",,"1","0","1978",,"residential"
"0","2","no","vip","4",,,,,"0","0","0","0","2026-07-16","0","1","1","35","0","0",,"house","0",,"0","ID.2525498 - Διαμέρισμα Προς Ενοικίαση, όροφος: 2ος, στην περιοχή: Αγία Παρασκευή. Το εμβαδόν του ακινήτου είναι 130 τ.μ.. Αποτελείται από: 3 Υ/Δ 1 μπάνιο/α, 1 wc, 1κουζίνα/ες, 1 σαλόνι/α, 1 τζάκι/α, ενώ οι θέσεις στάθμευσης που διαθέτει είναι: 1 Σε υπόγειο χώρο. Έχει κατασκευαστεί το 1985 και ανακαινίστηκε το 2026. Η θέρμανση του ακινήτου είναι Αυτόνομη με Πετρέλαιο, ενώ επίσης διατίθεται Καλοριφέρ, έχει κουφώματα Αλουμινίου με Μονά τζάμια, ενεργειακό πιστοποιητικό: Δ και τα δάπεδα είναι: Ξύλο. Η κατάστασή του είναι: Ανακαινισμένο, Φρεσκοβαμμένο και έχει Ανατολικομεσημβρινό προσανατολισμό. Το ακίνητο είναι Βαμμένο και επίσης διαθέτει τα παρακάτω χαρακτηριστικά και πλεονεκτήματα: Σίτες, Τέντες, Ασανσέρ, Αποθήκη, Πόρτα Ασφαλείας, Αποχέτευση. Τιμή: €1.200. Aspis Real Estate Αγίας Παρασκευής, Τηλέφωνο Επικοινωνίας: 2106771297, email: secagparaskevi@aspis-realestate.gr",,,"0","1","6","0","1","2026-07-16","7","2","0","no","yes","0","Αθήνα - Βόρεια Προάστια (Αττική)","Αγία Παρασκευή (Αθήνα - Βόρεια Προάστια)","1","105103","101","2101",,"Single","1","1","0","0","1","1220401504","https://m2.spitogatos.gr/362350618_1600x1200.jpg?v=20130730","https://m3.spitogatos.gr/362350619_1600x1200.jpg?v=20130730","https://m1.spitogatos.gr/362350620_1600x1200.jpg?v=20130730","https://m2.spitogatos.gr/362350621_1600x1200.jpg?v=20130730","https://m3.spitogatos.gr/362350622_1600x1200.jpg?v=20130730","https://m2.spitogatos.gr/362350624_1600x1200.jpg?v=20130730","https://m3.spitogatos.gr/362350625_1600x1200.jpg?v=20130730","https://m1.spitogatos.gr/362350626_1600x1200.jpg?v=20130730","https://m2.spitogatos.gr/362350627_1600x1200.jpg?v=20130730","https://m3.spitogatos.gr/362350628_1600x1200.jpg?v=20130730","https://m2.spitogatos.gr/362350630_1600x1200.jpg?v=20130730","https://m3.spitogatos.gr/362350631_1600x1200.jpg?v=20130730","https://m1.spitogatos.gr/362350632_1600x1200.jpg?v=20130730","https://m2.spitogatos.gr/362350633_1600x1200.jpg?v=20130730","https://m3.spitogatos.gr/362350634_1600x1200.jpg?v=20130730","https://m1.spitogatos.gr/362350635_1600x1200.jpg?v=20130730","https://m3.spitogatos.gr/362350637_1600x1200.jpg?v=20130730",,,,,,,,,"0","0","2","1","38.004539","1","1","23.814943","0","0","0","2026-07-28","0","0",,"0","1","1",,"3","1","0","1",,"0","0","0","1200",,,"0","0","0","0","9.23",,,"1","3","6","1","1","2026","0",,"3","0","1",,"0","130","1","5",,"0","1","0","2026-07-16","https://www.spitogatos.gr/en/property/1220401504",,"0","0","1985",,"residential"
"1","2","no","vip","4",,,,,"1","0","0","0","2026-07-10","0","0","0","0","1","0",,"house",,"45","0","Κωδικός ακινήτου: 1-493 - Αγία Παρασκευή Προφήτης Ηλίας  ΕΝΟΙΚΙΑΖΕΤΑΙ     διαμέρισμα  στον 2 ο όροφο συνολικής επιφάνειας 81.00 τ.μ.  . Αποτελείται από 2 υπνοδωμάτια, σαλόνι, κουζίνα, μπάνιο . Είναι κατασκευασμένο το 1986 με ενεργειακή κλάση Γ  και διαθέτει θέρμανση ατομική - φυσικό αέριο, απεριόριστη θέα,   πόρτα ασφαλείας, εντοιχιζόμενες ντουλάπες, ανελκυστήρα, πάρκινγκ, αποθήκη , κήπο, A/C, ηλεκτρικές συσκευές, laundry room, θυροτηλεόραση, ανοιχτωσιά      - Τιμή: 870 €  <br>Διαμέρισμα 81τμ, 2ου ορόφου σε ήσυχη περιοχή  στην Αγία Παρασκευή δίπλα στον  Υμηττό και το Αμερικάνικο Κολλέγιο.<br>Το διαμέρισμα βρίσκεται σε καλοδιατηρημένη πολυκατοικία κατασκευής 1986 συνολικά 7 διαμερισμάτων.<br>Βρίσκεται σε ήσυχη περιοχή δίπλα στον Υμηττό και το Αμερικάνικο Κολλέγιο Deree.<br>Αποτελείται από 2 άνετα και φωτεινά υ/δ, σαλόνι με τζάκι και όμορφη μπροστινή βεράντα, άνετη open plan κουζίνα με εντοιχισμένο πλυντήριο πιάτων BOSCH, 1 μπάνιο, loundry room, πατάρι, βεράντες και 1 θέση στάθμευσης στην πυλωτή. <br>Διαθέτει πόρτα ασφαλείας, αυτόνομη θέρμανση (αέριο), 2 A/C, τζάκι, 3 βεράντες, πατάρι, loundry room και 1 θέση στάθμευσης.<br>Βρίσκεται σε πολύ όμορφη και ήσυχη περιοχή της Αγίας Παρασκευής δίπλα στον Υμηττό, είσοδο/έξοδο Αττικής οδού  και το Αμερικάνικο Κολλέγιο.<br>Αποτελεί μια πολύ όμορφη πρόταση για φοιτητές, εργένηδες, ζευγάρια και οικογένειες.<br>Άμεσα Διαθέσιμο.<br><br><br><br> <br>",,,,"1","5","0","0","2026-07-10","7",,"0","no","yes","1","Αθήνα - Βόρεια Προάστια (Αττική)","Αγία Παρασκευή (Αθήνα - Βόρεια Προάστια)","1","105103","101","2101","123120","Single","4","2","0","0","1","1220352869","https://m3.spitogatos.gr/362039546_1600x1200.jpg?v=20130730","https://m3.spitogatos.gr/362039552_1600x1200.jpg?v=20130730","https://m3.spitogatos.gr/362039558_1600x1200.jpg?v=20130730","https://m3.spitogatos.gr/362039561_1600x1200.jpg?v=20130730","https://m2.spitogatos.gr/362039566_1600x1200.jpg?v=20130730","https://m2.spitogatos.gr/362039569_1600x1200.jpg?v=20130730","https://m3.spitogatos.gr/362039570_1600x1200.jpg?v=20130730","https://m3.spitogatos.gr/362039573_1600x1200.jpg?v=20130730","https://m1.spitogatos.gr/362039577_1600x1200.jpg?v=20130730","https://m1.spitogatos.gr/362039580_1600x1200.jpg?v=20130730","https://m1.spitogatos.gr/362039583_1600x1200.jpg?v=20130730","https://m1.spitogatos.gr/362039586_1600x1200.jpg?v=20130730","https://m1.spitogatos.gr/362039592_1600x1200.jpg?v=20130730","https://m3.spitogatos.gr/362039597_1600x1200.jpg?v=20130730","https://m2.spitogatos.gr/362039602_1600x1200.jpg?v=20130730","https://m1.spitogatos.gr/362039607_1600x1200.jpg?v=20130730","https://m3.spitogatos.gr/362039612_1600x1200.jpg?v=20130730","https://m1.spitogatos.gr/362039619_1600x1200.jpg?v=20130730","https://m3.spitogatos.gr/362039630_1600x1200.jpg?v=20130730","https://m2.spitogatos.gr/362039638_1600x1200.jpg?v=20130730","https://m1.spitogatos.gr/362039649_1600x1200.jpg?v=20130730","https://m1.spitogatos.gr/362039661_1600x1200.jpg?v=20130730","https://m3.spitogatos.gr/362039675_1600x1200.jpg?v=20130730","https://m2.spitogatos.gr/362039692_1600x1200.jpg?v=20130730","https://m1.spitogatos.gr/362039703_1600x1200.jpg?v=20130730","0","0",,"1","38.001793",,"1","23.818195","0",,,"2026-07-28","0","0",,"0","0","1",,,"0","0","0","1","0","0","0","870",,,"0","0","0","0","10.74",,,"1","3","6","1","0",,"0","7","2","0","1",,"0","81","1",,,"1","1","0","2026-07-10","https://www.spitogatos.gr/en/property/1220352869",,"1","0","1986","-g8OL7uDsU4","residential"
"1","1","no","vip","4",,,,,"0","1","0","0","2026-06-01","0","0","1","40","1","0",,"house","0","40","0","Πρόκειται για ένα πλήρως ανακαινισμένο διαμέρισμα επιφάνειας 152τμ στον 1ο όροφο τετραώροφης πολυκατοικίας κατασκευής του 1980. Αποτελείται απο χωλ, μεγάλο και φωτεινό καθιστικό με επιπλέον χώρο για τραπεζαρία, ανεξάρτητη ανακαινισμένη κουζίνα η οποία είναι εξοπλισμένη με εντοιχισμένο φούρνο, κεραμικές εστίες και πλυντήριο πιάτων, 2 ευρύχωρα υπνοδωμάτια, ένα επιπλέον δωμάτιο το οποίο μπορεί να χρησιμοποιηθεί ως γραφείο, ένα πλήρες λουτρό, WC και μικρή εσωτερική αποθήκη. Διαθέτει δάπεδα από φυσικό ξύλο Iroko υψηλής ποιότητας, θερμοδιακοπτώμενα κουφώματα αλουμινίου με διπλούς υαλοπίνακες και σίτες, αυτόνομη θέρμανση με φυσικό αέριο, πόρτα ασφαλείας, σύστημα συναγερμού με εσωτερικές και εξωτερικές δέσμες προστασίας, 3 κλιματιστικά, μεγάλο μπαλκόνι στην πρόσοψη με πρόσβαση απο το σαλόνι και το ένα υπνοδωμάτιο καθώς και βοηθητικά μπαλκόνια στην κουζίνα και στο 2ο υπνοδωμάτιο. Βρίσκεται σε πολύ καλή τοποθεσία, σε ήσυχη γειτονιά και σε απόσταση 400μ απο τον σταθμό μετρό Νομισματοκοπείο.",,,"0","1","5","1","0","2026-06-09","6","2","0","no","no","1","Αθήνα - Βόρεια Προάστια (Αττική)","Αγία Παρασκευή (Αθήνα - Βόρεια Προάστια)","1","105103","101","2101","107122","Double","1","2","0","0","1","1220080323","https://m1.spitogatos.gr/356600787_1600x1200.jpg?v=20130730","https://m1.spitogatos.gr/356600811_1600x1200.jpg?v=20130730","https://m3.spitogatos.gr/356600816_1600x1200.jpg?v=20130730","https://m1.spitogatos.gr/356600820_1600x1200.jpg?v=20130730","https://m3.spitogatos.gr/356600822_1600x1200.jpg?v=20130730","https://m1.spitogatos.gr/356600826_1600x1200.jpg?v=20130730","https://m3.spitogatos.gr/356600828_1600x1200.jpg?v=20130730","https://m2.spitogatos.gr/356600830_1600x1200.jpg?v=20130730","https://m1.spitogatos.gr/356600832_1600x1200.jpg?v=20130730","https://m2.spitogatos.gr/356600833_1600x1200.jpg?v=20130730","https://m1.spitogatos.gr/356600835_1600x1200.jpg?v=20130730","https://m2.spitogatos.gr/356600836_1600x1200.jpg?v=20130730","https://m3.spitogatos.gr/356600837_1600x1200.jpg?v=20130730","https://m2.spitogatos.gr/356600839_1600x1200.jpg?v=20130730","https://m3.spitogatos.gr/356600840_1600x1200.jpg?v=20130730","https://m1.spitogatos.gr/356600841_1600x1200.jpg?v=20130730","https://m3.spitogatos.gr/356600843_1600x1200.jpg?v=20130730","https://m1.spitogatos.gr/356600844_1600x1200.jpg?v=20130730","https://m2.spitogatos.gr/356600845_1600x1200.jpg?v=20130730","https://m1.spitogatos.gr/356600847_1600x1200.jpg?v=20130730","https://m2.spitogatos.gr/356600848_1600x1200.jpg?v=20130730",,,,,"0","0","2","1","38.007431","1","1","23.808844","1","0","0","2026-07-28","0","0",,"1","1","1","4",,"1",,"1",,"0","0","0","1500",,,"0","0","0","0","9.87",,,"1","3",,"1","1",,"0","1","2","0","1",,"0","152","1","2",,"0","1","0","2026-06-09","https://www.spitogatos.gr/en/property/1220080323",,"1","0","1980",,"residential"
