"AC","Floor Level","accessibleForDisabled","adType_code","adType_id","agentEmployee_firstName","agentEmployee_id","agentEmployee_lastName","agentEmployee_telephone","airy","alarm","attic","auction","availability","availableForDailyRent","awning","balcony","balconyArea","bright","builtInBBQ","byTheSea","category","caveBuilding","commonExpenses","corner","description","distanceSea","doubleGlass","electricCarChargingFacilities","elevator","energyClass","facade","fireplace","firstPublishDate","floorNumber","floorType","forCommercialUse","furnished","garage","garden","geographiesByLevel_2_fullName","geographiesByLevel_4_fullName","geographyParentIds_0","geographyParentIds_1","geographyParentIds_2","geographyParentIds_4","geographyParentIds_5","glassType","heatingController","heatingMedium","heatingUnderFloor","holidayHome","host_id","id","images/0","images/1","images/2","images/3","images/4","images/5","images/6","images/7","images/8","images/9","images/10","images/11","images/12","images/13","images/14","images/15","images/16","images/17","images/18","images/19","images/20","images/21","images/22","images/23","images/24","internal_stairs","investment","joinery","kitchens","latitude","levels","livingRooms","longitude","lotSize","luxHome","mannedReception","medicalOffice","modified","negotiablePrice","neoclassic","newDevelopment","nightPower","no_of_WC","no_of_bathrooms","numberOfFloors","orientation","painted","penthouse","pestNet","petsAllowed","playroom","pool","preserved","price","priceChangeDate","priceChangePercentage","priceIncludesInternet","priceIncludesPower","priceIncludesSharedExp","priceIncludesWater","pricePerSqMeters","pricePreReduction","priceReduced","propertyPublishingOptionIds/0","propertyPublishingOptionIds/1","propertyPublishingOptionIds/2","published","renovated","renovationYear","requiresRenovation","road_type","rooms","satelite","secure_door","solar_heater","sq_meters","storage","storageArea","streetAddress","studentHome","subtype","unfinished","uploaded","url","vTourUrl","view","wholeFloorApartment","year_of_construction","youtubeVideoId","zoning"
"1","Ground Floor","no","vip","4",,,,,"0","0","0","0","2026-02-07","0","0","0","0","1","0",,"house",,"18","0","<br>Στην καρδιά του Θησείου, σε μία ήσυχη γειτονιά  του ιστορικού κέντρου, διατίθεται προς ενοικίαση υπερυψωμένο ισόγειο <strong>διαμέρισμα 72 τ.μ., πλήρως ανακαινισμένο και επιπλωμένο με άποψη και στιλ.</strong>Η είσοδος του διαμερίσματος οδηγεί σε ένα ευρύχωρο και προσεγμένο <strong>χολ</strong>, το οποίο λειτουργεί ως φυσική μετάβαση  στον εσωτερικό χώρο όπου έχει διαμορφωθεί ένας <strong>άνετος και διακριτικός χώρος γραφεί</strong>ου για εργασία ή μελέτη, προσφέροντας πρακτικότητα στην διαμονή του σπιτιού.Στη συνέχεια αναπτύσσεται το <strong>σαλόνι ένας φωτεινός και καλαισθητος χώρος με χαλαρωτική ατμόσφαιρα και προσεγμένους χρωματικούς συνδυασμούς,</strong> ο καναπές μετατρέπεται σε άνετο διπλό κρεβάτι, προσφέροντας ευελιξία φιλοξενίας, ενώ η συνολική διακόσμηση διακρίνεται από την αίσθηση σύγχρονου design. Δίπλα του, η <strong>τραπεζαρία</strong> , ιδανική  για καθημερινά γεύματα  και για φιλοξενία.<strong>Το υπνοδωμάτιο ευρύχωρο και φωτεινό αποτελεί έναν ήσυχο και ιδιωτικό χώρο ξεκούρασης, με εντοιχισμένες ντουλάπες και διπλό κρεβάτι.</strong> Η άμεση έξοδος σε ιδιωτικό μπαλκόνι ενισχύει την αίσθηση φωτεινότητας και προσφέρει έναν προσωπικό χώρο χαλάρωσης.<strong>Η κουζίνα είναι πλήρως  εξοπλισμένη με σύγρονες ηλεκτρικές συσκευές ,πλήρη σερβίτσια και σκεύη μαγειρικής,</strong> ένας λειτουργικός χώρος  έτοιμος να εξυπηρετήσει άμεσα την καθημερινότητα, χωρίς καμία επιπλέον ανάγκη εξοπλισμού από τον ένοικο.<strong>Το μπάνιο ακολουθεί τη σύγχρονη αισθητική της ανακαίνισης, με ποιοτικά υλικά ,πλυντήριο ρούχων και καμπίνα ,συμπληρώνοντας ιδανικά το σύνολο του διαμερίσματος.</strong>Σημαντικό πλεονέκτημα του ακινήτου αποτελεί <strong>η ύπαρξη αποθήκης  και μεγάλου παταριού, χώροι , </strong>που ενισχύουν ουσιαστικά τη λειτουργικότητα του σπιτιού.<strong>Το ακίνητο διαθέτει αυτόνομη θέρμανση φυσικού αερίου, κλιματισμό Daikin για άριστη ψύξη, διπλά τζάμια με σιτες , πόρτα θωρακισμένης ασφαλείας και ελάχιστα κοινόχρηστα. Η τοποθεσία του είναι ένα από τα προτερήματά του μιας και βρίσκεται δίπλα στο Metro, την Τεχνόπολη ,τα πολιτιστικά σημεία του Θησείου, το κέντρο της Αθήνας, τον ΗΣΑΠ πράγμα που το  καθιστά ιδανική επιλογή για όσους αναζητούν άνεση, ποιότητα και εύκολη μετακίνηση στο κέντρο της Αθήνας.</strong> <br>",,,,"0","5","1","0","2026-02-09","3","4","0","yes","no","0","Αθήνα - Κέντρο (Αττική)","Ιστορικό Κέντρο (Αθήνα - Κέντρο)","1","105103","100","6008","2014","Double","4","2","0","0","1","1219342998","https://m1.spitogatos.gr/347829543_1600x1200.jpg?v=20130730","https://m1.spitogatos.gr/347829552_1600x1200.jpg?v=20130730","https://m1.spitogatos.gr/347829561_1600x1200.jpg?v=20130730","https://m1.spitogatos.gr/347829573_1600x1200.jpg?v=20130730","https://m1.spitogatos.gr/347829588_1600x1200.jpg?v=20130730","https://m2.spitogatos.gr/347829598_1600x1200.jpg?v=20130730","https://m1.spitogatos.gr/347829609_1600x1200.jpg?v=20130730","https://m1.spitogatos.gr/347829618_1600x1200.jpg?v=20130730","https://m2.spitogatos.gr/347829625_1600x1200.jpg?v=20130730","https://m3.spitogatos.gr/347829635_1600x1200.jpg?v=20130730","https://m1.spitogatos.gr/347829642_1600x1200.jpg?v=20130730","https://m1.spitogatos.gr/347829645_1600x1200.jpg?v=20130730","https://m3.spitogatos.gr/347829650_1600x1200.jpg?v=20130730","https://m2.spitogatos.gr/347829658_1600x1200.jpg?v=20130730","https://m2.spitogatos.gr/347829664_1600x1200.jpg?v=20130730","https://m2.spitogatos.gr/347829673_1600x1200.jpg?v=20130730","https://m1.spitogatos.gr/347829681_1600x1200.jpg?v=20130730","https://m1.spitogatos.gr/347829693_1600x1200.jpg?v=20130730","https://m3.spitogatos.gr/347829701_1600x1200.jpg?v=20130730","https://m2.spitogatos.gr/347829706_1600x1200.jpg?v=20130730","https://m1.spitogatos.gr/347829711_1600x1200.jpg?v=20130730","https://m3.spitogatos.gr/347829716_1600x1200.jpg?v=20130730","https://m2.spitogatos.gr/347829727_1600x1200.jpg?v=20130730","https://m1.spitogatos.gr/347829738_1600x1200.jpg?v=20130730","https://m3.spitogatos.gr/347829746_1600x1200.jpg?v=20130730","0","0","2","1",,,"1",,,"1",,,"2026-07-31","0","1",,"1","0","1",,"8","1","0","1","1","0","0","0","700",,,"0","0","0","0","9.72",,,"1","3","6","1","1","2025","0","1","1","0","1","0","72","1","5",,"1","1","0","2026-02-09","https://www.spitogatos.gr/en/property/1219342998",,"1","1","1990",,"residential"
"1","2","no","vip","4",,,,,"1","0","0","0","2026-06-24","0","1","0","0","1","0",,"house",,,"0","Κωδικός ακινήτου: 1-458 - Ιστορικό Κέντρο Θησείο  ΕΝΟΙΚΙΑΖΕΤΑΙ   ανακαινισμένο  διαμέρισμα  στον 2 ο όροφο συνολικής επιφάνειας 75.00 τ.μ.  . Αποτελείται από 2 υπνοδωμάτια, σαλόνι, κουζίνα, μπάνιο . Είναι κατασκευασμένο το 1975 με ενεργειακή κλάση Ε  και διαθέτει θέρμανση κεντρική - πετρέλαιο,  κουφώματα αλουμινίου,  πόρτα θωρακισμένη, εντοιχιζόμενες ντουλάπες, ανελκυστήρα, A/C, τέντες, σίτες, διπλά τζάμια, ανοιχτωσιά      - Τιμή: 700 €  <br>Ενοικιάζεται διαμέρισμα 2ου ορόφου, συνολικής επιφάνειας 75 τ.μ. Το ακίνητο αποτελείται από ευρύχωρο σαλόνι, τραπεζαρία με ανεξάρτητη πόρτα, η οποία έχει χρησιμοποιηθεί και ως δεύτερο υπνοδωμάτιο, ένα επιπλέον υπνοδωμάτιο, ξεχωριστή κουζίνα και μπάνιο. Το διαμέρισμα είναι ανακαινισμένο και διαθέτει κουφώματα αλουμινίου με διπλά τζάμια και θωρακισμένη πόρτα ασφαλείας, προσφέροντας άνεση και ασφάλεια. Βρίσκεται σε εξαιρετική τοποθεσία, μόλις λίγα λεπτά με τα πόδια από τον σταθμό του μετρό Θησείο, με άμεση πρόσβαση στο κέντρο της πόλης και σε όλες τις απαραίτητες υποδομές. <br>",,,,"1","7","0","0","2026-06-24","7",,"0","no","no","0","Αθήνα - Κέντρο (Αττική)","Ιστορικό Κέντρο (Αθήνα - Κέντρο)","1","105103","100","6008","2014","Double","2","1","0","0","1","1220194164","https://m3.spitogatos.gr/358674875_1600x1200.jpg?v=20130730","https://m3.spitogatos.gr/358674878_1600x1200.jpg?v=20130730","https://m3.spitogatos.gr/358674881_1600x1200.jpg?v=20130730","https://m2.spitogatos.gr/358674883_1600x1200.jpg?v=20130730","https://m3.spitogatos.gr/358674887_1600x1200.jpg?v=20130730","https://m3.spitogatos.gr/358674893_1600x1200.jpg?v=20130730","https://m1.spitogatos.gr/358674903_1600x1200.jpg?v=20130730","https://m2.spitogatos.gr/358674907_1600x1200.jpg?v=20130730","https://m2.spitogatos.gr/358674928_1600x1200.jpg?v=20130730","https://m1.spitogatos.gr/358674939_1600x1200.jpg?v=20130730","https://m1.spitogatos.gr/358674951_1600x1200.jpg?v=20130730","https://m2.spitogatos.gr/358674964_1600x1200.jpg?v=20130730","https://m1.spitogatos.gr/358674978_1600x1200.jpg?v=20130730","https://m3.spitogatos.gr/358674992_1600x1200.jpg?v=20130730","https://m3.spitogatos.gr/358675010_1600x1200.jpg?v=20130730","https://m3.spitogatos.gr/358675025_1600x1200.jpg?v=20130730",,,,,,,,,,"0","0","2","1","37.975475",,"1","23.714621",,"0",,,"2026-07-30","0","0",,"0","0","1",,,"0","0","1",,"0","0","0","700","2026-07-27 10:19:52","7","0","0","0","0","9.33","750","true","1","3","6","1","1",,"0","7","2","0","1","0","75","0",,,"1","1","0","2026-06-24","https://www.spitogatos.gr/en/property/1220194164",,"0","0","1975",,"residential"
"1","3","no","vip","4",,,,,"1","0","0","0","2026-07-01","0","0","1","0","1","0","false","house",,"10","0","<br><strong data-start=""0"" data-end=""71"">Ενοικιάζεται διαμέρισμα στο Θησείο, στο Ιστορικό Κέντρο της Αθήνας.</strong> <br><br>Πρόκειται για διαμέρισμα 67 τ.μ. στον 3ο όροφο, φωτεινό και λειτουργικό, το οποίο αποτελείται από 2 υπνοδωμάτια, σαλόνι, κουζίνα και μπάνιο. Το ακίνητο κατασκευάστηκε το 1965 και ανακαινίστηκε πλήρως το 2026.<br />
Διαθέτει κλιματισμό για θέρμανση και ψύξη, ηλεκτρικές συσκευές, κουφώματα αλουμινίου με διπλά τζάμια και σίτες, πόρτα ασφαλείας, απλές ντουλάπες και δάπεδα από πλακάκι.Ενεργειακή κλάση: Ε. <br><br> Απολαμβάνει ανοιχτωσιά και θέα σε αστικό τοπίο, προσφέροντας άνετη διαβίωση σε μία από τις πιο όμορφες και δημοφιλείς περιοχές του κέντρου της Αθήνας.<br />
Ιδανική επιλογή για κατοικία με άμεση πρόσβαση σε μέσα μεταφοράς, χώρους εστίασης και τα σημαντικότερα σημεία του ιστορικού κέντρου. <br>","6900",,,"0","7","1","0","2026-06-12","8","4","0","no","no","0","Αθήνα - Κέντρο (Αττική)","Ιστορικό Κέντρο (Αθήνα - Κέντρο)","1","105103","100","6008","2014","Double","4","4","0","0","1","1220107819","https://m3.spitogatos.gr/357017996_1600x1200.jpg?v=20130730","https://m1.spitogatos.gr/357018015_1600x1200.jpg?v=20130730","https://m1.spitogatos.gr/357018033_1600x1200.jpg?v=20130730","https://m1.spitogatos.gr/357018060_1600x1200.jpg?v=20130730","https://m2.spitogatos.gr/357018076_1600x1200.jpg?v=20130730","https://m1.spitogatos.gr/357018096_1600x1200.jpg?v=20130730","https://m2.spitogatos.gr/357018115_1600x1200.jpg?v=20130730","https://m2.spitogatos.gr/357018133_1600x1200.jpg?v=20130730","https://m3.spitogatos.gr/357018152_1600x1200.jpg?v=20130730","https://m1.spitogatos.gr/357018171_1600x1200.jpg?v=20130730","https://m3.spitogatos.gr/357018191_1600x1200.jpg?v=20130730","https://m1.spitogatos.gr/357018204_1600x1200.jpg?v=20130730","https://m3.spitogatos.gr/357018224_1600x1200.jpg?v=20130730","https://m3.spitogatos.gr/357018239_1600x1200.jpg?v=20130730","https://m1.spitogatos.gr/357018252_1600x1200.jpg?v=20130730","https://m2.spitogatos.gr/357018271_1600x1200.jpg?v=20130730",,,,,,,,,,"0","0","2","1","37.975822",,"1","23.717779",,"0",,,"2026-07-27","1","0",,"0","0","1","3","4","1","1","1","1","0","0","0","1100",,,"0","0","0","0","16.42",,,"1","3","6","1","0",,"0","2","2","0","1","0","67","0",,"","0","1","0","2026-06-12","https://www.spitogatos.gr/en/property/1220107819",,"1","0","1965",,"residential"
"1","2",,"vip","4",,,,,"1","1",,"0","2026-06-12","0",,"1","0","1",,,"house",,,,"ΑΘΗΝΑ-ΘΗΣΕΙΟ  Ενοικιάζεται πολυτελές ανακαινισμένο(2026) διαμέρισμα 50 τ.μ.  2ου ορόφου σε εξαιρετικό σημείο πλησίον Αποστόλου Παύλου. Ωραίο μπαλκόνι. Άνετοι χώροι ιδιαίτερης αισθητικής, 1 υπνοδωμάτιο, σαλόνι, κουζίνα, μπάνιο. Αυτονομία θέρμανσης φυσικού αερίου, κλιματισμός. Είναι επιπλωμένο και πλήρως εξοπλισμένο με ηλεκτρικές συσκευές, πόρτα ασφαλείας, δάπεδα από ξύλο, ηλιακός θερμοσίφωνας. Χωρίς κοινόχρηστα.  Άνετο parking ακριβώς έξω από το σπίτι. Τιμή 800 ΥΕΡΩ",,,,,"1","1",,"2026-06-12","7","2",,"yes",,,"Αθήνα - Κέντρο (Αττική)","Ιστορικό Κέντρο (Αθήνα - Κέντρο)","1","105103","100","6008","2014",,"1","2",,,"1","1220112171","https://m1.spitogatos.gr/359107956_1600x1200.jpg?v=20130730","https://m1.spitogatos.gr/359107914_1600x1200.jpg?v=20130730","https://m2.spitogatos.gr/357209233_1600x1200.jpg?v=20130730","https://m3.spitogatos.gr/359107943_1600x1200.jpg?v=20130730","https://m1.spitogatos.gr/359107908_1600x1200.jpg?v=20130730","https://m1.spitogatos.gr/359107917_1600x1200.jpg?v=20130730","https://m2.spitogatos.gr/359107918_1600x1200.jpg?v=20130730","https://m3.spitogatos.gr/359107922_1600x1200.jpg?v=20130730","https://m2.spitogatos.gr/357209236_1600x1200.jpg?v=20130730","https://m1.spitogatos.gr/359107926_1600x1200.jpg?v=20130730","https://m1.spitogatos.gr/359107953_1600x1200.jpg?v=20130730","https://m1.spitogatos.gr/359107947_1600x1200.jpg?v=20130730","https://m3.spitogatos.gr/359107949_1600x1200.jpg?v=20130730","https://m3.spitogatos.gr/359107925_1600x1200.jpg?v=20130730",,,,,,,,,,,,,,"2","1","37.974312","1","1","23.717449",,"1",,,"2026-07-31","0",,,"1","0","1",,,"1",,"1",,,,,"800","2026-07-30 07:51:05","6","0","0","0","0","16","850","true","1",,,"1","1","2026","0","1","1",,"1","1","50",,,,"1","1",,"2026-06-12","https://www.spitogatos.gr/en/property/1220112171",,"1",,,,"residential"
"0","1","no","vip","4",,,,,"0","0","0","0","2026-07-25","0","1","0","0","1","0",,"house",,,"0","<br>Θησείο, πλησίον Τριών Ιεραρχών, σε μικρό δρόμο,  ενοικιάζεται 3άρι οροφοδιαμέρισμα, διαμπερές, φωτεινό και ηλιόλουστο,  79τμ 1ου ορόφου, σε μικρή οικοδομή,  διαμπερές, αυτόνομη θέρμανση φυσικού αερίου, δύον ανεξάρτητα υπνοδωμάτια με μεγάλες ντουλάπες, κουζίνα πλήρως ανακαινισμένη και εξαιρετικά φωτεινή με με άνετη βεράντα, μπάνιο ανακαινισμένο, το διαμέρισμα είναι ενεργειακά αναβαθμισμένο, ενεργειακής κλάσης β+, κουφώματα αλουμινίου, διπλά τζάμια, μασίφ παντζούρια αλουμινίου, πόρτα ασφαλείας, ηλιακός θερμοσίφωνας. Το κτίσμα διαθέτει ασανσέρ. Ήσυχος δρόμος, μέσα σε εμπορική αγορά, κοντά σε σχολεία, κατάλληλο για οικογένειες ή ζευγάρια.<br>Είμαστε δίπλα σας με συνέπεια και φροντίδα, για να βρείτε το ακίνητο που σας ταιριάζει. Κάντε το επόμενο σας βήμα με σιγουριά – επικοινωνήστε μαζί μας σήμερα<br>☎️ 2106911885<br><br>Οι πληροφορίες και τα χαρακτηριστικά των ακινήτων έχουν καταχωρηθεί βάσει των πληροφοριών και στοιχείων που μας προσκομίστηκαν. Η τοποθεσία του ακινήτου στον χάρτη είναι ενδεικτική. Η ενεργειακή κλάση των ακινήτων που είναι απαραίτητη η έκδοση ΠΕΑ μπορεί να διαφέρει από την αναγραφόμενη. Όλοι οι παρευρισκόμενοι κατά την υπόδειξη του ακινήτου είναι απαραίτητο να επιδείξουν την αστυνομική τους ταυτότητα και τον Α.Φ.Μ τους, σύμφωνα με τον Νόμο Ν.4072/2012 - ΦΕΚ 86/Α/11-4-2012.<br>  <br>",,,,"1","3","0","0","2026-07-18","6","4","0","no","no","0","Αθήνα - Κέντρο (Αττική)","Ιστορικό Κέντρο (Αθήνα - Κέντρο)","1","105103","100","6008","2014","Single","1","2","0","0","1","1220413473","https://m1.spitogatos.gr/362274675_1600x1200.jpg?v=20130730","https://m2.spitogatos.gr/362274679_1600x1200.jpg?v=20130730","https://m3.spitogatos.gr/362274680_1600x1200.jpg?v=20130730","https://m1.spitogatos.gr/362274681_1600x1200.jpg?v=20130730","https://m2.spitogatos.gr/362274682_1600x1200.jpg?v=20130730","https://m3.spitogatos.gr/362274683_1600x1200.jpg?v=20130730","https://m1.spitogatos.gr/362274684_1600x1200.jpg?v=20130730","https://m2.spitogatos.gr/362274685_1600x1200.jpg?v=20130730","https://m3.spitogatos.gr/362274686_1600x1200.jpg?v=20130730","https://m1.spitogatos.gr/362274687_1600x1200.jpg?v=20130730","https://m2.spitogatos.gr/362274691_1600x1200.jpg?v=20130730","https://m3.spitogatos.gr/362274695_1600x1200.jpg?v=20130730","https://m1.spitogatos.gr/362274699_1600x1200.jpg?v=20130730","https://m1.spitogatos.gr/362274702_1600x1200.jpg?v=20130730","https://m1.spitogatos.gr/362274708_1600x1200.jpg?v=20130730","https://m2.spitogatos.gr/362274712_1600x1200.jpg?v=20130730","https://m3.spitogatos.gr/362274716_1600x1200.jpg?v=20130730","https://m3.spitogatos.gr/362274719_1600x1200.jpg?v=20130730","https://m2.spitogatos.gr/362274724_1600x1200.jpg?v=20130730","https://m1.spitogatos.gr/362274729_1600x1200.jpg?v=20130730","https://m2.spitogatos.gr/362274733_1600x1200.jpg?v=20130730","https://m3.spitogatos.gr/362274740_1600x1200.jpg?v=20130730","https://m2.spitogatos.gr/362274745_1600x1200.jpg?v=20130730","https://m2.spitogatos.gr/362274751_1600x1200.jpg?v=20130730",,"0","0","2","1","37.975098",,"0","23.715122",,"0",,,"2026-07-25","0","0",,"0","0","1","3",,"1","0","0",,"0","0","0","750",,,"0","0","0","0","9.49",,,"1","3","6","1","0",,"0","1","2","0","1","1","79","0",,,"0","1","0","2026-07-18","https://www.spitogatos.gr/en/property/1220413473",,"1","0","1980","luIV1YhXNGc","residential"
"1","4","no","up","2",,,,,"1","0","0","0","2026-04-23","0","0","1","1","1",,,"house",,"0","0","Τοποθεσία: Θησείο -- Ιστορικό κέντρο<br />
Εμβαδόν: 60τμ<br />
Έτος ανακαίνισης: 2023<br />
Στο Θησείο σε μια από τις πιο πολυσυζητημένες περιοχές του Ιστορικού κέντρου της Αθήνας, βρίσκεται ένα υπέροχο διαμέρισμα 4ου ορόφου, 60 τμ. προσόψεως και διαμπερές.<br />
Δίπλα στην Ακρόπολη σας μεταφέρει όλη την ενέργεια της και σας προσφέρει μια ποιοτική και ήρεμη διαμονή.<br />
Ενεργειακά κουφώματα αλουμινίου με διπλά τζάμια και σίτες προσφέρουν την ασφάλεια που χρειάζεται ένα σπίτι και δύο κλιματιστικά ψύχουν και θερμαίνουν τους χώρους ανάλογα την εποχή. Τα ξύλινα πατώματα δίνουν έναν αέρα αρχοντιάς και τα μωσαικά που πλέον είναι συλλεκτικά θα σας μεταφέρουν σε μια άλλη εποχή.<br />
Αποτελείται από ένα Υ/Δ και μπάνιο, ένα μεγάλο χολ που επεκτείνεται σε ένα ευρύχωρο σαλόνι και μία κουζίνα πλήρως  εξοπλισμένη  για υπέροχα μαγειρέματα. Μία βεράντα στην πρόσοψη αυτού του υπέροχου διαμερίσματος σας προκαλεί για ατέλειωτους καφέδες έχοντας οπτική εικόνα τον περίφημο πεζόδρομο  του Θησείου.  Άπειρα μαγαζιά εστίασης και όχι μόνο περιμένουν στα 100 μέτρα να τα απολαύσετε και στα 500 μέτρα το τραίνο σας πάει παντού. Ιδανικό για ανθρώπους που τους αρέσει να ζουν στους ρυθμούς  της καρδιάς μιας πόλης. Ιδανικό επίσης για φοιτητές αλλά και για επαγγελματίες που επιβάλλεται να κινούνται στο κέντρο. Εάν θέλετε το διαμέρισμα αυτό να  γίνει δικό σας επικοινωνείστε άμεσα μαζί μας έτσι ώστε να μπορέσουμε να σας το υποδείξουμε.<br />
<br />
Για την υπόδειξη του ακινήτου είναι απαραίτητη η προσκόμιση αστυνομικής ταυτότητας ή ΑΦΜ.<br />
<br />
Διαχείριση Ακινήτου: Arcus Athens | Νέα Σμύρνη Τηλ: 2109302828 Email: athens@arcusrealestate.gr Λεωφόρος Ανδρέα Συγγρού 137<br />
<br />
Επισκεφθείτε το site μας για να δείτε το δίκτυο των γραφείων μας σε όλη την Ελλάδα και το εξωτερικό. Ώρες επικοινωνίας: 09:00 - 21:00",,"1",,"1","7","1","0","2026-07-21","9",,"0","no","no","0","Αθήνα - Κέντρο (Αττική)","Ιστορικό Κέντρο (Αθήνα - Κέντρο)","1","105103","100","6008","2014","Double","1","4","0","0","1","1220429658","https://m3.spitogatos.gr/362529104_1600x1200.jpg?v=20130730","https://m1.spitogatos.gr/362529120_1600x1200.jpg?v=20130730","https://m1.spitogatos.gr/362529129_1600x1200.jpg?v=20130730","https://m3.spitogatos.gr/362529140_1600x1200.jpg?v=20130730","https://m2.spitogatos.gr/362529160_1600x1200.jpg?v=20130730","https://m3.spitogatos.gr/362529167_1600x1200.jpg?v=20130730","https://m1.spitogatos.gr/362529177_1600x1200.jpg?v=20130730","https://m1.spitogatos.gr/362529189_1600x1200.jpg?v=20130730","https://m1.spitogatos.gr/362529198_1600x1200.jpg?v=20130730","https://m3.spitogatos.gr/362529218_1600x1200.jpg?v=20130730","https://m2.spitogatos.gr/362529226_1600x1200.jpg?v=20130730","https://m1.spitogatos.gr/362529237_1600x1200.jpg?v=20130730","https://m2.spitogatos.gr/362529247_1600x1200.jpg?v=20130730","https://m3.spitogatos.gr/362529251_1600x1200.jpg?v=20130730",,,,,,,,,,,,"0","0","2","1","37.974934","1","1","23.717047",,"0",,,"2026-08-01","0","0",,"0","0","0",,"3",,"0","0",,,"0","0","1000",,,"0","0","0","0","16.67",,,"1","3","6","1","1",,"0","1","0","0","1","0","60","0",,,"0","1","0","2026-07-21","https://www.spitogatos.gr/en/property/1220429658",,"1",,"1972",,"residential"
"1","Ground Floor","no","up","2",,,,,"1","0","0","0","2026-06-19","0","0","1","3","1","0",,"house","0",,"0","Διαμέρισμα Προς Ενοικίαση, όροφος: Υπερυψωμένο Ισόγειο, στην περιοχή: Ιστορικό Κέντρο - Θησείο. Το εμβαδόν του ακινήτου είναι 51 τ.μ.. Αποτελείται από: 1 Υ/Δ (1 Master), 1 μπάνιο/α, 1 κουζίνα/ες, 1 σαλόνι/α. Έχει κατασκευαστεί το 1976 και ανακαινίστηκε το 2025. Η θέρμανση του ακινήτου είναι Κεντρική με Φυσικό αέριο, ενώ επίσης διατίθεται Κλιματισμός, έχει κουφώματα Ξύλινα με Μονά τζάμια, ενεργειακό πιστοποιητικό: Ε και τα δάπεδα είναι: Πλακάκια, Ξύλο. Η κατάστασή του είναι: Ανακαινισμένο, Καταπληκτική, βρίσκεται κοντά σε Μετρό, Ηλεκτρικό, Συγκοινωνίες, Σχολείο, Πλατεία, Εκκλησία, Παιδικό σταθμό, Λαική αγορά, Super Market, Εμπορικό Κέντρο, Κέντρο Πόλης, Κέντρα διασκέδασης, Ακρόπολη, Μουσείο, Αγορά, Εστίαση, έχει θέα Πράσινο, Αστικό τοπίο και έχει Νοτιοδυτικό προσανατολισμό. Το ακίνητο είναι Βαμμένο, Επιπλωμένο, Προσόψεως, Φωτεινό, Ευάερο, Ευήλιο, Διαμπερές, Πολυτελές, Μοντέρνο, είναι κατάλληλο για Φοιτητές και επίσης διαθέτει τα παρακάτω χαρακτηριστικά και πλεονεκτήματα: Ασανσέρ, Ηλεκτρ. Συσκευές, Κήπος, Πόρτα Ασφαλείας, Internet, Δορυφορική, Νυχτερινό Ρεύμα, Δέντρα, Εσωτερική αυλή, Αποχέτευση.Πλήρως επιπλωμένο και εξοπλισμένο. Τιμή: €700. Access Properties, Τηλέφωνο Επικοινωνίας: +302100100001, +306936747007, email: info@accessproperties.gr, website: https://accessproperties.gr",,,"0","1","7","1","0","2026-06-19","3","10","0","yes","no","1","Αθήνα - Κέντρο (Αττική)","Ιστορικό Κέντρο (Αθήνα - Κέντρο)","1","105103","100","6008","2014","Single","2","2","0","0","1","1220160123","https://m3.spitogatos.gr/357906755_1600x1200.jpg?v=20130730","https://m2.spitogatos.gr/357906763_1600x1200.jpg?v=20130730","https://m2.spitogatos.gr/357906769_1600x1200.jpg?v=20130730","https://m1.spitogatos.gr/357906777_1600x1200.jpg?v=20130730","https://m1.spitogatos.gr/357906780_1600x1200.jpg?v=20130730","https://m1.spitogatos.gr/357906786_1600x1200.jpg?v=20130730","https://m1.spitogatos.gr/357906789_1600x1200.jpg?v=20130730","https://m1.spitogatos.gr/357906801_1600x1200.jpg?v=20130730","https://m3.spitogatos.gr/357906806_1600x1200.jpg?v=20130730","https://m2.spitogatos.gr/357906811_1600x1200.jpg?v=20130730","https://m3.spitogatos.gr/357906815_1600x1200.jpg?v=20130730","https://m3.spitogatos.gr/357906827_1600x1200.jpg?v=20130730","https://m1.spitogatos.gr/357906834_1600x1200.jpg?v=20130730","https://m2.spitogatos.gr/357906841_1600x1200.jpg?v=20130730","https://m2.spitogatos.gr/357906847_1600x1200.jpg?v=20130730","https://m3.spitogatos.gr/357906854_1600x1200.jpg?v=20130730","https://m2.spitogatos.gr/357906862_1600x1200.jpg?v=20130730","https://m1.spitogatos.gr/357906894_1600x1200.jpg?v=20130730","https://m2.spitogatos.gr/357906901_1600x1200.jpg?v=20130730","https://m1.spitogatos.gr/357906909_1600x1200.jpg?v=20130730","https://m2.spitogatos.gr/357906934_1600x1200.jpg?v=20130730",,,,,"0","0","1","1","37.976467","1","1","23.715546",,"1","0","0","2026-07-31","0","0",,"1","0","1","5","12","1","0","0",,"0","0","0","700",,,"0","0","0","0","13.73",,,"1","3","6","1","1","2025","0",,"1","1","1","0","51","0",,,"1","1","0","2026-06-19","https://www.spitogatos.gr/en/property/1220160123",,"1","0","1976",,"residential"
"1","3","no","up","2",,,,,"1","0","0","0","2026-06-30","0","1","1","0","1","0",,"house","0",,"0","ΘΗΣΕΙΟ:<br />
Στην καρδιά του Θησείου σε ένα απο τα ομορφότερα προνομοιακά  σημεία, βρίσκεται ένα εξαιρετικό ρετιρέ οροφοδιαμέρισμα. Είναι 143 Τ.Μ., 3ου ορόφου, με 2 μεγάλα και φωτεινά υ/δ με την δυνατότητα για 3ο. Ο χώρος του καθιστικού είναι τεράστιος και ενιαίος με την τραπεζαρία, με εντυπωσιακή αισθητική και τζάκι, μαζί με άνετη και λειτουργική κουζίνα με άφθονο αποθηκευτικό χώρο, μπάνιο, wc, μεγάλες βεράντες εμπρός και πίσω. Το διαμέρισμα είναι κατασκευής του 1990, ανακαινισμένο το 2020, είναι σε άριστη κατάσταση. Διαθέτει πόρτα ασφαλείας, αυτόνομη θέρμανση φυσικού αερίου, 3 a/c και τριφασιακό ρεύμα. Τα κουφώματα είναι αλουμινίου με διπλά τζάμια και κλειστό πάρκινγκ 38 Τ.Μ.. Βρίσκεται σε πολύ όμορφη και ήσυχη γειτονία του Θησείου, σε πολύ κοντινή απόσταση απο τον ηλεκτρικό σταθμό. Τα καταστήματα εστίασης και τα σούπερ-μάρκετ είναι πολύ κοντά στον ομορφότερο πεζόδρομο της Αθήνας, την Αποστόλου Παύλου, την Αγία Μαρίνα, το Αστεροσκοπείο και τον Λόφο του Φιλοπάππου. Επομένως, αυτο το ακίνητο είναι η κατάλληλη επιλογή για τους λάτρεις του κέντρου. Κωδικός:105614<br />
<br />
Τιμή:1.500€",,"1","0","1","5","1","1","2026-06-08","8","6","0","no","yes","0","Αθήνα - Κέντρο (Αττική)","Ιστορικό Κέντρο (Αθήνα - Κέντρο)","1","105103","100","6008","2014","Double","1",,"0","0","1","1220071597","https://m3.spitogatos.gr/356455058_1600x1200.jpg?v=20130730","https://m3.spitogatos.gr/356455061_1600x1200.jpg?v=20130730","https://m2.spitogatos.gr/356455063_1600x1200.jpg?v=20130730","https://m3.spitogatos.gr/356455067_1600x1200.jpg?v=20130730","https://m1.spitogatos.gr/356455071_1600x1200.jpg?v=20130730","https://m2.spitogatos.gr/356455075_1600x1200.jpg?v=20130730","https://m2.spitogatos.gr/356455078_1600x1200.jpg?v=20130730","https://m1.spitogatos.gr/356455083_1600x1200.jpg?v=20130730","https://m3.spitogatos.gr/356455088_1600x1200.jpg?v=20130730","https://m2.spitogatos.gr/356455093_1600x1200.jpg?v=20130730","https://m2.spitogatos.gr/356455096_1600x1200.jpg?v=20130730","https://m1.spitogatos.gr/356455101_1600x1200.jpg?v=20130730","https://m2.spitogatos.gr/356455105_1600x1200.jpg?v=20130730","https://m1.spitogatos.gr/356455107_1600x1200.jpg?v=20130730","https://m1.spitogatos.gr/356455110_1600x1200.jpg?v=20130730","https://m1.spitogatos.gr/356455113_1600x1200.jpg?v=20130730","https://m3.spitogatos.gr/356455115_1600x1200.jpg?v=20130730","https://m3.spitogatos.gr/356455118_1600x1200.jpg?v=20130730","https://m1.spitogatos.gr/356455122_1600x1200.jpg?v=20130730","https://m2.spitogatos.gr/356455138_1600x1200.jpg?v=20130730","https://m1.spitogatos.gr/356455143_1600x1200.jpg?v=20130730","https://m2.spitogatos.gr/356455150_1600x1200.jpg?v=20130730","https://m3.spitogatos.gr/356455154_1600x1200.jpg?v=20130730","https://m3.spitogatos.gr/356455157_1600x1200.jpg?v=20130730","https://m2.spitogatos.gr/356455159_1600x1200.jpg?v=20130730","0","0","2","0","37.973839","1","1","23.71489",,"0",,"0","2026-07-30","0","0",,"0","1","1",,"1","0","0","0",,"0","0","0","1500",,,"0","0","0","0","10.49",,,"1","3","6","1","0",,"0",,"2","0","1","0","143","0",,,"0","1","0","2026-06-08","https://www.spitogatos.gr/en/property/1220071597",,"1","0","1990","UuwVa3yqHSk",
"1","1","no","simple","1",,,,,"0","0","1","0","2026-06-18","0","1","1","9","1","0",,"house","0",,"0","Διαμέρισμα Προς Ενοικίαση, όροφος: 1ος, στην περιοχή: Ιστορικό Κέντρο - Θησείο. Το εμβαδόν του ακινήτου είναι 85 τ.μ.. Αποτελείται από: 1 Υ/Δ (1 Master), 1 μπάνιο/α, 1 wc, 1 κουζίνα/ες, 1 σαλόνι/α. Έχει κατασκευαστεί το 2010 και ανακαινίστηκε το 2021. Η θέρμανση του ακινήτου είναι Αυτόνομη με Φυσικό αέριο, ενώ επίσης διατίθεται Κλιματισμός, έχει κουφώματα Αλουμινίου με Διπλά τζάμια, ενεργειακό πιστοποιητικό: Α και τα δάπεδα είναι: Μάρμαρο. Η κατάστασή του είναι: Ανακαινισμένο, Καταπληκτική, έχει θέα Ανοιχτωσιά. Το ακίνητο είναι Βαμμένο, Επιπλωμένο, Προσόψεως, Φωτεινό, Ευάερο, Ευήλιο, Πανταχόθεν Ελεύθερο, Μοντέρνο και επίσης διαθέτει τα παρακάτω χαρακτηριστικά και πλεονεκτήματα: Τέντες, Ηλεκτρ. Συσκευές, Σοφίτα, Πόρτα Ασφαλείας, Χωρίς Κοινόχρηστα, Ησυχη γειτονιά. Τιμή: €1.300. REMAX Abacus Properties 1, Τηλέφωνο Επικοινωνίας: 2160705066, email: info@remax-abacus.gr",,,"0","0","2","1","0","2026-06-18","6","1","0","yes","no","0","Αθήνα - Κέντρο (Αττική)","Ιστορικό Κέντρο (Αθήνα - Κέντρο)","1","105103","100","6008","2014","Double","1","2","0","0","1","1220149824","https://m3.spitogatos.gr/357736592_1600x1200.jpg?v=20130730","https://m3.spitogatos.gr/357736613_1600x1200.jpg?v=20130730","https://m2.spitogatos.gr/357736636_1600x1200.jpg?v=20130730","https://m2.spitogatos.gr/357736657_1600x1200.jpg?v=20130730","https://m3.spitogatos.gr/357736682_1600x1200.jpg?v=20130730","https://m3.spitogatos.gr/357736709_1600x1200.jpg?v=20130730","https://m1.spitogatos.gr/357736728_1600x1200.jpg?v=20130730","https://m2.spitogatos.gr/357736753_1600x1200.jpg?v=20130730","https://m2.spitogatos.gr/357736774_1600x1200.jpg?v=20130730","https://m1.spitogatos.gr/357736797_1600x1200.jpg?v=20130730","https://m1.spitogatos.gr/357736818_1600x1200.jpg?v=20130730","https://m3.spitogatos.gr/357736841_1600x1200.jpg?v=20130730","https://m1.spitogatos.gr/357736866_1600x1200.jpg?v=20130730","https://m1.spitogatos.gr/357736896_1600x1200.jpg?v=20130730","https://m1.spitogatos.gr/357736926_1600x1200.jpg?v=20130730","https://m3.spitogatos.gr/357736952_1600x1200.jpg?v=20130730","https://m3.spitogatos.gr/357736973_1600x1200.jpg?v=20130730","https://m2.spitogatos.gr/357736996_1600x1200.jpg?v=20130730","https://m2.spitogatos.gr/357737005_1600x1200.jpg?v=20130730","https://m3.spitogatos.gr/357737015_1600x1200.jpg?v=20130730","https://m3.spitogatos.gr/357737024_1600x1200.jpg?v=20130730","https://m1.spitogatos.gr/357737031_1600x1200.jpg?v=20130730","https://m3.spitogatos.gr/357737039_1600x1200.jpg?v=20130730","https://m1.spitogatos.gr/357737043_1600x1200.jpg?v=20130730","https://m2.spitogatos.gr/357737056_1600x1200.jpg?v=20130730","0","0","2","1","37.974079","1","1","23.716175",,"0","0","0","2026-07-31","0","0",,"0","1","1","2",,"1","0","0",,"0","0","0","1300",,,"0","0","0","0","15.29",,,"1","3","6","1","1","2021","0",,"1","0","1","0","85","0",,,"0","1","0","2026-06-18","https://www.spitogatos.gr/en/property/1220149824","https://vtours.pepita.io/spitogatos/13ca74a7-ff25-4345-8b84-ef1aa324ac2e","1","0","2010","C4YlyiJOAEE","residential"
"1","Ground Floor","no","simple","1",,,,,"1","0","0","0","2026-01-22","0","0","0","0","0","0",,"house","0",,"0","ΘΗΣΕΙΟ:<br />
Σε μια από τις πιο όμορφες και ήσυχες γειτονιές του Θησείου, λίγα μόλις βήματα από τον πεζόδρομο της Αποστόλου Παύλου, διατίθεται προς ενοικίαση μοναδική ισόγεια κατοικία 90 τ.μ. με πλήρως αυτόνομο ξενώνα, μέσα σε μια υπέροχη διώροφη νεοκλασική μονοκατοικία του 1905.Η κύρια κατοικία αποτελείται από δύο ευρύχωρα υπνοδωμάτια -το ένα με διπλό κρεβάτι και το δεύτερο με δύο μονά-, άνετο χώρο υποδοχής, μεγάλο ενιαίο καθιστικό και τραπεζαρία, καθώς και πλήρως εξοπλισμένη κουζίνα. Το μπάνιο είναι επιβλητικό, με μπανιέρα, ξεχωριστή ντουζιέρα και επιπλέον WC. Διαθέτει επίσης οργανωμένο αποθηκευτικό χώρο με λινοθήκη και laundry.Το ακίνητο είναι διαμπερές, φωτεινότατο, με ψηλά ταβάνια και εξαιρετική διαρρύθμιση. Προσφέρει άνεση και λειτουργικότητα, διαθέτοντας αυτόνομη θέρμανση φυσικού αερίου, κλιματισμό, καθώς και πλήρη επίπλωση και εξοπλισμό με όλες τις απαραίτητες ηλεκτρικές συσκευές και έπιπλα.Η κατοικία έχει πρόσβαση σε όμορφη εσωτερική αυλή και επικοινωνεί με πλήρως ανεξάρτητο και εξοπλισμένο ξενώνα, ο οποίος περιλαμβάνει διπλό κρεβάτι, kitchenette, μπάνιο και δυνατότητα αυτόνομης εισόδου, ιδανικό για φιλοξενία ή ανεξάρτητη χρήση.Η τοποθεσία είναι εξαιρετική: σε απόσταση αναπνοής από τον πεζόδρομο της Αποστόλου Παύλου, κοντά στον σταθμό ΗΣΑΠ, την τοπική αγορά, αρχαιολογικούς χώρους, τουριστικά αξιοθέατα, εστιατόρια και καφέ.Συνδυάζει με μοναδικό τρόπο την ιστορία, την αρχιτεκτονική και τη σύγχρονη ζωή.Το ακίνητο είναι διαθέσιμο τέλος Μαϊου. Κωδικός: 104800<br />
<br />
Τιμή:1.600€",,"0","0","0","8","1","0","2025-09-16","3",,"0","no","no","0","Αθήνα - Κέντρο (Αττική)","Ιστορικό Κέντρο (Αθήνα - Κέντρο)","1","105103","100","6008","2014","Single","1",,"0","0","1","1218247824","https://m1.spitogatos.gr/327746634_1600x1200.jpg?v=20130730","https://m1.spitogatos.gr/327746637_1600x1200.jpg?v=20130730","https://m1.spitogatos.gr/327746640_1600x1200.jpg?v=20130730","https://m1.spitogatos.gr/327746643_1600x1200.jpg?v=20130730","https://m1.spitogatos.gr/327746646_1600x1200.jpg?v=20130730","https://m1.spitogatos.gr/327746649_1600x1200.jpg?v=20130730","https://m1.spitogatos.gr/327746652_1600x1200.jpg?v=20130730","https://m1.spitogatos.gr/327746658_1600x1200.jpg?v=20130730","https://m2.spitogatos.gr/327746668_1600x1200.jpg?v=20130730","https://m1.spitogatos.gr/327746679_1600x1200.jpg?v=20130730","https://m3.spitogatos.gr/327746690_1600x1200.jpg?v=20130730","https://m2.spitogatos.gr/327746698_1600x1200.jpg?v=20130730","https://m3.spitogatos.gr/327746705_1600x1200.jpg?v=20130730","https://m2.spitogatos.gr/327746710_1600x1200.jpg?v=20130730","https://m1.spitogatos.gr/327746715_1600x1200.jpg?v=20130730","https://m1.spitogatos.gr/327746721_1600x1200.jpg?v=20130730","https://m3.spitogatos.gr/327746729_1600x1200.jpg?v=20130730","https://m2.spitogatos.gr/327746737_1600x1200.jpg?v=20130730","https://m3.spitogatos.gr/327746747_1600x1200.jpg?v=20130730","https://m2.spitogatos.gr/327746758_1600x1200.jpg?v=20130730","https://m3.spitogatos.gr/327746765_1600x1200.jpg?v=20130730","https://m1.spitogatos.gr/327746772_1600x1200.jpg?v=20130730","https://m3.spitogatos.gr/327746777_1600x1200.jpg?v=20130730","https://m1.spitogatos.gr/327746784_1600x1200.jpg?v=20130730","https://m3.spitogatos.gr/327746789_1600x1200.jpg?v=20130730","0","0",,"1","37.975605","1","1","23.716257",,"0",,"0","2026-06-09","0","1",,"0","1","2",,,"0","0","0",,"0","0","1","1600",,,"0","0","0","0","17.78",,,"1","3","6","1","0",,"0",,"3","0","0","0","90","0",,,"0","1","0","2025-09-16","https://www.spitogatos.gr/en/property/1218247824","https://vtours.pepita.io/spitogatos/b887ed71-4014-47f9-9141-8b6ccac6999c","0","0","1905","-W1Pqg65dDU",
"1","2","no","simple","1",,,,,"1","0","0","0","2026-08-01","0","0","1","6","1","0","false","house","0","25","0","Θησείο: Γέφυρα Πουλόπουλου, ενοικιάζεται ένα εξαιρετικό ανακαινισμένο διαμέρισμα 2ου ορόφου επιφάνειας 74 τ.μ. Αποτελείται από σαλόνι, δύο υπνοδωμάτια (το ένα δεν έχει εντοιχισμένη ντουλάπα και επικοινωνεί με ενδιάμεση πόρτα με το σαλόνι), ανεξάρτητη κουζίνα και μπάνιο. <br />
Διαθέτει καινούργια κουφώματα με διπλά τζάμια, πόρτα ασφαλείας, κλιματιστικά κα. Είναι διαμπερές με μπαλκόνι μπροστά - πίσω, φωτεινό, βρίσκεται σε ήσυχο δρόμο και απέχει λίγα λεπτά από τον ΗΣΑΠ του Θησείου, το μετρό του Κεραμεικού και άλλα ΜΜΜ. <br />
Ενεργειακή κλάση: Ζ. <br />
Κωδικός ακινήτου: 1-6902. <br />
<br />
Τιμή: 700€. <br />
<br />
Find: www.find.com.gr, <br />
contact@find.com.gr. <br />
+30 2114004141, <br />
+30 2114004242. <br />
<br />
Η διεύθυνση ή το στίγμα στο χάρτη είναι κατά προσέγγιση και δεν υποδεικνύουν την ακριβή τοποθεσία του ακινήτου, αλλά πλησίον αυτής. <br />
<br />
Για την υπόδειξη του ακινήτου είναι απαραίτητη η προσκόμιση της ταυτότητας και του ΑΦΜ του ενδιαφερομένου αγοραστή/ενοικιαστή (Νόμοι 4072/2012 και 4557/2018). <br />
<br />
Κάποια χαρακτηριστικά στην περιγραφή του ακινήτου βασίζονται σε πληροφορίες που παρέχονται από τον ιδιοκτήτη και δεν αποτελούν μέρος οποιασδήποτε σύμβασης. <br />
<br />
Find Real Estate <br />
Μέλος: NAR, CEPΙ, ΣΜΑΣΑ, ΕΠΠΑ.","7000",,"0","1","8","1","0","2026-07-28","7","6","0","no","no","0","Αθήνα - Κέντρο (Αττική)","Ιστορικό Κέντρο (Αθήνα - Κέντρο)","1","105103","100","6008","2014","Double","4","4","0","0","1","1220508269","https://m3.spitogatos.gr/363570722_1600x1200.jpg?v=20130730","https://m1.spitogatos.gr/363570726_1600x1200.jpg?v=20130730","https://m3.spitogatos.gr/363570728_1600x1200.jpg?v=20130730","https://m3.spitogatos.gr/363570731_1600x1200.jpg?v=20130730","https://m2.spitogatos.gr/363570733_1600x1200.jpg?v=20130730","https://m3.spitogatos.gr/363570734_1600x1200.jpg?v=20130730","https://m1.spitogatos.gr/363570735_1600x1200.jpg?v=20130730","https://m3.spitogatos.gr/363570737_1600x1200.jpg?v=20130730","https://m1.spitogatos.gr/363570738_1600x1200.jpg?v=20130730","https://m3.spitogatos.gr/363570740_1600x1200.jpg?v=20130730","https://m2.spitogatos.gr/363570742_1600x1200.jpg?v=20130730","https://m1.spitogatos.gr/363570744_1600x1200.jpg?v=20130730","https://m2.spitogatos.gr/363570748_1600x1200.jpg?v=20130730","https://m2.spitogatos.gr/363570751_1600x1200.jpg?v=20130730","https://m2.spitogatos.gr/363570754_1600x1200.jpg?v=20130730","https://m1.spitogatos.gr/363570759_1600x1200.jpg?v=20130730","https://m1.spitogatos.gr/363570762_1600x1200.jpg?v=20130730","https://m3.spitogatos.gr/363570770_1600x1200.jpg?v=20130730","https://m2.spitogatos.gr/363570778_1600x1200.jpg?v=20130730","https://m2.spitogatos.gr/363570787_1600x1200.jpg?v=20130730","https://m2.spitogatos.gr/363570796_1600x1200.jpg?v=20130730","https://m2.spitogatos.gr/363570805_1600x1200.jpg?v=20130730","https://m2.spitogatos.gr/363570814_1600x1200.jpg?v=20130730","https://m2.spitogatos.gr/364056889_1600x1200.jpg?v=20130730","https://m2.spitogatos.gr/363570826_1600x1200.jpg?v=20130730","0","0","3","1","37.975708","1","1","23.714376","195","0","0","0","2026-07-31","0","0",,"0","0","1","6","9","1","0","0",,"0","0","0","700",,,"0","0","0","0","9.46",,,"1","3","6","1","1",,"0","1","2","0","1","0","74","0",,"Αίθρας, 118 51, Αθήνα","0","1","0","2026-07-28","https://www.spitogatos.gr/en/property/1220508269",,"0","0","1975","-OWXjpjPSBY","residential"
"1","2","no","up","2",,,,,"0","0","0","0","2026-05-11","0","1","0","0","1","0",,"house",,,"0","<br>Κωδικός ακινήτου: 2552349 - Ιστορικό Κέντρο Θησείο ΕΝΟΙΚΙΑΖΕΤΑΙ διαμέρισμα στον 2 ο όροφο συνολικής επιφάνειας 50.00 τ.μ. . <br>400 από σταθμό Θησείο και 600 m από σταθμό κεραμικό<br>Διατίθεται για μακροχρόνια μίσθωση<br>Ένα εξαιρετικό ακίνητο πλήρως ανακαινισμένο και επιπλωμένο <br>Αποτελείται από 1 υπνοδωμάτιο, σαλοκουζίνα, μπάνιο . <br> διαθέτει θέρμανση κλιματισμός, θέα σε αστικό τοπίο, κουφώματα αλουμινίου, πατώματα από πλακάκι, πόρτα ασφαλείας, ντουλάπες, - <br>Τιμή: 830 € <br>Για περισσότερα ακίνητα επισκεφθείτε την ιστοσελίδα μας: <br />
https://kouniaki-estate.gr/ A. Kouniaki Estate <br />
Κρόνου 19-21, Παλαιό Φάληρο<br />
https://www.kouniaki-estate.gr info@kouniaki-estate.gr <br />
Τηλέφωνα: 212 1016280 <br />
<br />
Προσοχή! Για την υπόδειξη του ακινήτου είναι απαραίτητη η υπόδειξη της αστυνομικής ταυτότητας και του Α.Φ.Μ. σας σύμφωνα με τον Ν.4072/11-4-2012 ΦΕΚ 86 Α.",,,,"1","6","0","0","2026-05-11","7","4","0","yes","no","0","Αθήνα - Κέντρο (Αττική)","Ιστορικό Κέντρο (Αθήνα - Κέντρο)","1","105103","100","6008","2014","Double","4","4","0","0","1","1219863678","https://m3.spitogatos.gr/353111147_1600x1200.jpg?v=20130730","https://m1.spitogatos.gr/353111154_1600x1200.jpg?v=20130730","https://m1.spitogatos.gr/353111166_1600x1200.jpg?v=20130730","https://m1.spitogatos.gr/353111181_1600x1200.jpg?v=20130730","https://m2.spitogatos.gr/353111185_1600x1200.jpg?v=20130730","https://m2.spitogatos.gr/353111197_1600x1200.jpg?v=20130730","https://m3.spitogatos.gr/353111213_1600x1200.jpg?v=20130730","https://m1.spitogatos.gr/353111241_1600x1200.jpg?v=20130730","https://m2.spitogatos.gr/353111245_1600x1200.jpg?v=20130730","https://m1.spitogatos.gr/353111247_1600x1200.jpg?v=20130730","https://m3.spitogatos.gr/353111273_1600x1200.jpg?v=20130730","https://m3.spitogatos.gr/353111285_1600x1200.jpg?v=20130730","https://m1.spitogatos.gr/353111304_1600x1200.jpg?v=20130730","https://m3.spitogatos.gr/353111306_1600x1200.jpg?v=20130730","https://m2.spitogatos.gr/353111308_1600x1200.jpg?v=20130730","https://m1.spitogatos.gr/353111322_1600x1200.jpg?v=20130730","https://m3.spitogatos.gr/353111339_1600x1200.jpg?v=20130730","https://m3.spitogatos.gr/353111354_1600x1200.jpg?v=20130730","https://m2.spitogatos.gr/353111359_1600x1200.jpg?v=20130730","https://m2.spitogatos.gr/353111365_1600x1200.jpg?v=20130730","https://m1.spitogatos.gr/353111409_1600x1200.jpg?v=20130730","https://m1.spitogatos.gr/353111427_1600x1200.jpg?v=20130730","https://m1.spitogatos.gr/353111439_1600x1200.jpg?v=20130730","https://m3.spitogatos.gr/353111450_1600x1200.jpg?v=20130730","https://m2.spitogatos.gr/353111476_1600x1200.jpg?v=20130730","0","0","2","0","37.975121",,"1","23.718195",,"0",,,"2026-05-19","0","0",,"0","0","1",,,"1","0","1",,"0","0","0","830",,,"0","0","0","0","16.6",,,"1","3","6","1","0",,"0","7","1","1","1","0","50","0",,"","1","1","0","2026-05-11","https://www.spitogatos.gr/en/property/1219863678",,"1","0","1975","qZCOR7U3WkQ","residential"
"0","Ground Floor","no","simple","1",,,,,"1","0","0","0","2026-03-03","0","1","1","0","1","0",,"house",,,"0","<br>Κωδικός ακινήτου: 96195 - Θησείο ΕΝΟΙΚΙΑΖΕΤΑΙ επιπλωμένη οροφομεζονέτα 2 επιπέδων με συνολική επιφάνεια 73 τ.μ. Η μεζονέτα περιλαμβάνει 1 υπνοδωμάτιο, σαλόνι, κουζίνα και 2 μπάνια. Κατασκευάστηκε το 2015 και ανακαινίστηκε το 2023, προσφέροντας ενεργειακή κλάση Α. Διαθέτει ατομική θέρμανση με φυσικό αέριο, εκπληκτική θέα σε ανοιχτό ορίζοντα, κουφώματα αλουμινίου, μαρμάρινα πατώματα, πόρτα ασφαλείας, εντοιχιζόμενες ντουλάπες, αποθήκη, κήπο, ηλεκτρικές συσκευές, τέντες, σίτες και διπλά τζάμια. <br>| UNION PROPERTIES +30 2100107005 - +30 6946981836, https://www.union-properties.gr/, email: central@union-properties.gr<br />
| Η Union Properties καταβάλλει κάθε δυνατή προσπάθεια για την παροχή έγκυρων και επικαιροποιημένων πληροφοριών σχετικά με τα ακίνητα που προβάλλονται, καθώς και για την επαλήθευση των στοιχείων που παρέχονται από τους ιδιοκτήτες/πωλητές. Ωστόσο, δεν φέρει καμία ευθύνη για τυχόν ανακρίβειες, παραλείψεις ή μεταβολές στις πληροφορίες αυτές, εφόσον δεν έχει προηγηθεί σχετική έγγραφη ενημέρωση από τους πωλητές.<br />
Η θέση του ακινήτου στον χάρτη είναι ενδεικτική και ενδέχεται να μην ανταποκρίνεται με ακρίβεια στην πραγματική τοποθεσία.<br />
Σύμφωνα με τον Ν. 4072/11-4-2012 (ΦΕΚ 86 Α’), για την υπόδειξη οποιουδήποτε ακινήτου απαιτείται η προσκόμιση της αστυνομικής ταυτότητας και του Α.Φ.Μ. του ενδιαφερόμενου.",,,,"0","2","1","0","2026-03-03","3","1","0","yes","no","1","Αθήνα - Κέντρο (Αττική)","Ιστορικό Κέντρο (Αθήνα - Κέντρο)","1","105103","100","6008","2014","Double","4","2","0","0","1","1219479571","https://m2.spitogatos.gr/346617454_1600x1200.jpg?v=20130730","https://m2.spitogatos.gr/346617463_1600x1200.jpg?v=20130730","https://m2.spitogatos.gr/346617472_1600x1200.jpg?v=20130730","https://m3.spitogatos.gr/346617482_1600x1200.jpg?v=20130730","https://m3.spitogatos.gr/346617491_1600x1200.jpg?v=20130730","https://m2.spitogatos.gr/346617499_1600x1200.jpg?v=20130730","https://m1.spitogatos.gr/346617513_1600x1200.jpg?v=20130730","https://m2.spitogatos.gr/346617523_1600x1200.jpg?v=20130730","https://m1.spitogatos.gr/346617534_1600x1200.jpg?v=20130730","https://m2.spitogatos.gr/346617541_1600x1200.jpg?v=20130730","https://m3.spitogatos.gr/346617545_1600x1200.jpg?v=20130730","https://m3.spitogatos.gr/346617551_1600x1200.jpg?v=20130730","https://m2.spitogatos.gr/346617556_1600x1200.jpg?v=20130730","https://m3.spitogatos.gr/346617560_1600x1200.jpg?v=20130730","https://m3.spitogatos.gr/346617566_1600x1200.jpg?v=20130730","https://m1.spitogatos.gr/346617573_1600x1200.jpg?v=20130730","https://m2.spitogatos.gr/346617577_1600x1200.jpg?v=20130730","https://m2.spitogatos.gr/346617583_1600x1200.jpg?v=20130730","https://m1.spitogatos.gr/346617588_1600x1200.jpg?v=20130730",,,,,,,"0","0","2","1","37.975494","2","1","23.715641",,"1",,,"2026-08-01","0","0","1","0","0","2",,,"1","0","1",,"0","0","0","1150","2026-07-31 14:43:39","12","0","0","0","0","15.75","1300","true","1","3","6","1","0",,"0","1","1","0","1","0","73","1",,"Ερυσίχθονος 26, 118 51, Αθήνα","0","3","0","2026-03-03","https://www.spitogatos.gr/en/property/1219479571",,"1","0","2015","E3-Ja8vva0Q","residential"
"1","Ground Floor","no","simple","1",,,,,"1","0","0","0","2026-03-09","0","1","1","0","1","0",,"house","0",,"1","Μεζονέτα Προς Ενοικίαση, όροφος: Ισόγειο, 1ος (2 Επίπεδα), στην περιοχή: Ιστορικό Κέντρο - Θησείο. Το εμβαδόν του ακινήτου είναι 85 τ.μ.. Αποτελείται από: 1 Υ/Δ, 1 μπάνιο/α, 1 wc, 1 κουζίνα/ες, 1 σαλόνι/α. Έχει κατασκευαστεί το 1970 και ανακαινίστηκε το 2024. Η θέρμανση του ακινήτου είναι Αυτόνομη με Φυσικό αέριο, ενώ επίσης διατίθεται Κλιματισμός, Boiler, έχει κουφώματα Αλουμινίου με Διπλά τζάμια, ενεργειακό πιστοποιητικό: Β και τα δάπεδα είναι: Πλακάκια, Μάρμαρο. Η κατάστασή του είναι: Ανακαινισμένο, Πολύ καλή, βρίσκεται κοντά σε Ηλεκτρικό, Συγκοινωνίες, έχει θέα Βουνό. Το ακίνητο είναι Βαμμένο, Επιπλωμένο, Γωνιακό, Προσόψεως, Φωτεινό, Ευάερο, Ευήλιο, Διαμπερές και επίσης διαθέτει τα παρακάτω χαρακτηριστικά και πλεονεκτήματα: Τέντες, Ηλεκτρ. Συσκευές, Εσωτερική σκάλα, Πόρτα Ασφαλείας, Θυροτηλεόραση, Βεράντα, Ηλεκτρικά ρολά. ΔΙΑΘΕΤΕΙ ΑΜΑ ΓΙΑ AIRBNB KAI BOOKING. Τιμή: €1.300. Art Real Estate, Τηλέφωνο Επικοινωνίας: 6906612004, email: info@artrealestate.gr, website: https://www.artrealestate.gr/",,,"0","0","4","1","0","2026-03-09","3","7","0","yes","no","0","Αθήνα - Κέντρο (Αττική)","Ιστορικό Κέντρο (Αθήνα - Κέντρο)","1","105103","100","6008","2014","Double","1","2","0","0","1","1219510390","https://m3.spitogatos.gr/347153918_1600x1200.jpg?v=20130730","https://m1.spitogatos.gr/347153922_1600x1200.jpg?v=20130730","https://m2.spitogatos.gr/347153926_1600x1200.jpg?v=20130730","https://m1.spitogatos.gr/347153934_1600x1200.jpg?v=20130730","https://m3.spitogatos.gr/347153939_1600x1200.jpg?v=20130730","https://m2.spitogatos.gr/347153944_1600x1200.jpg?v=20130730","https://m1.spitogatos.gr/347153949_1600x1200.jpg?v=20130730","https://m2.spitogatos.gr/347153953_1600x1200.jpg?v=20130730","https://m1.spitogatos.gr/347153958_1600x1200.jpg?v=20130730","https://m3.spitogatos.gr/347153963_1600x1200.jpg?v=20130730","https://m1.spitogatos.gr/347153970_1600x1200.jpg?v=20130730","https://m3.spitogatos.gr/347153978_1600x1200.jpg?v=20130730","https://m3.spitogatos.gr/347153987_1600x1200.jpg?v=20130730","https://m3.spitogatos.gr/347153996_1600x1200.jpg?v=20130730","https://m2.spitogatos.gr/347154004_1600x1200.jpg?v=20130730","https://m2.spitogatos.gr/347154013_1600x1200.jpg?v=20130730","https://m1.spitogatos.gr/347154024_1600x1200.jpg?v=20130730","https://m1.spitogatos.gr/347154036_1600x1200.jpg?v=20130730","https://m1.spitogatos.gr/347154045_1600x1200.jpg?v=20130730","https://m2.spitogatos.gr/347154055_1600x1200.jpg?v=20130730","https://m2.spitogatos.gr/347154064_1600x1200.jpg?v=20130730","https://m3.spitogatos.gr/347154068_1600x1200.jpg?v=20130730","https://m3.spitogatos.gr/347154074_1600x1200.jpg?v=20130730","https://m1.spitogatos.gr/347154078_1600x1200.jpg?v=20130730","https://m1.spitogatos.gr/347154084_1600x1200.jpg?v=20130730","1","0","2","1","37.974125","2","1","23.716179",,"0","0",,"2026-07-20","0","0",,"0","1","1",,,"1","0","0",,"0","0","0","1300",,,"0","0","0","0","15.29",,,"1","3","6","1","1","2024","0","1","1","0","1","0","85","0",,,"0","3","0","2026-03-09","https://www.spitogatos.gr/en/property/1219510390",,"1","0","1970",,"residential"
"1","2","no","simple","1",,,,,"0","0","0","0","2026-06-23","0","0","0","0","1","0",,"house",,,"0","<br><strong>Κωδικός ακινήτου: 83392</strong><strong>9</strong> - Ενοικιάζεται πλήρως επιπλωμένο διαμέρισμα 2ου ορόφου, συνολικής επιφάνειας 85 τ.μ., σε εξαιρετική τοποθεσία στο Θησείο, στην καρδιά του ιστορικού κέντρου της Αθήνας. Πρόκειται για ένα ιδιαίτερα προσεγμένο και λειτουργικό ακίνητο, ιδανικό για όσους επιθυμούν να ζήσουν σε μία από τις πιο γοητευτικές και προνομιακές περιοχές της πόλης. Το διαμέρισμα αποτελείται από ένα άνετο υπνοδωμάτιο, ευρύχωρο σαλόνι, ανεξάρτητη κουζίνα, μπάνιο και επιπλέον WC, προσφέροντας άνεση και λειτουργικότητα. Είναι κατασκευής 1998 και διαθέτει ενεργειακή κλάση Β. Επιπλέον, προσφέρει αυτόνομη θέρμανση φυσικού αερίου, κλιματισμό (A/C), κουφώματα αλουμινίου με διπλά τζάμια και σίτες, μαρμάρινα δάπεδα, πόρτα ασφαλείας, εντοιχισμένες ντουλάπες, αποθήκη, πλήρη ηλεκτρικό εξοπλισμό καθώς και ξεχωριστό χώρο laundry. Για μεγαλύτερη ασφάλεια, το ακίνητο διαθέτει σύστημα καμερών. Μια εξαιρετική επιλογή για κατοικία υψηλών προδιαγραφών, σε απόσταση αναπνοής από σημαντικά σημεία ενδιαφέροντος, μέσα σε ένα μοναδικό ιστορικό και πολιτιστικό περιβάλλον.<strong> Τιμή ενοικίασης: 1.300€/μήνα.</strong> <br>*Η αναγραφόμενη διεύθυνση είναι κατά προσέγγιση <br />
**Το γραφείο ""THESIS"" παρέχει γρήγορη ανταπόκριση στις αναζητήσεις σας αποτελεσματικά.<br />
Καλέστε από 09.00 το πρωί ως 20.00 το βράδυ στο 210-9951555, ενώ για άμεση επικοινωνία, καλέστε: 6942500088 ή στείλτε μας με email την ζήτησή σας : info@thesisrealestate.gr<br />
*** Κατά την υπόδειξη του ακινήτου χρειάζεται να υποδεικνύεται η ταυτότητα σας σύμφωνα με τον νόμο Ν.4072/2012 .<br />
**** Το γραφείο μας λειτουργεί στα πλαίσια του νόμου περί μεσιτείας της ελληνικής νομοθεσίας.<br />
<br />
Ευχαριστούμε για την προτίμηση.",,,,"0","4","0","0","2026-06-23","7","1","0","yes","no","0","Αθήνα - Κέντρο (Αττική)","Ιστορικό Κέντρο (Αθήνα - Κέντρο)","1","105103","100","6008","2014","Double","1","2","0","0","1","1220186673","https://m2.spitogatos.gr/358556341_1600x1200.jpg?v=20130730","https://m3.spitogatos.gr/358556342_1600x1200.jpg?v=20130730","https://m1.spitogatos.gr/358556343_1600x1200.jpg?v=20130730","https://m3.spitogatos.gr/358556345_1600x1200.jpg?v=20130730","https://m3.spitogatos.gr/358556348_1600x1200.jpg?v=20130730","https://m1.spitogatos.gr/358556352_1600x1200.jpg?v=20130730","https://m3.spitogatos.gr/358556357_1600x1200.jpg?v=20130730","https://m3.spitogatos.gr/358556363_1600x1200.jpg?v=20130730","https://m3.spitogatos.gr/358556366_1600x1200.jpg?v=20130730","https://m3.spitogatos.gr/358556369_1600x1200.jpg?v=20130730","https://m3.spitogatos.gr/358556372_1600x1200.jpg?v=20130730","https://m3.spitogatos.gr/358556375_1600x1200.jpg?v=20130730","https://m1.spitogatos.gr/358556376_1600x1200.jpg?v=20130730","https://m2.spitogatos.gr/358556377_1600x1200.jpg?v=20130730","https://m1.spitogatos.gr/358556379_1600x1200.jpg?v=20130730","https://m1.spitogatos.gr/358556382_1600x1200.jpg?v=20130730","https://m2.spitogatos.gr/358556386_1600x1200.jpg?v=20130730","https://m3.spitogatos.gr/358556390_1600x1200.jpg?v=20130730","https://m3.spitogatos.gr/358556393_1600x1200.jpg?v=20130730","https://m1.spitogatos.gr/358556400_1600x1200.jpg?v=20130730","https://m1.spitogatos.gr/358556406_1600x1200.jpg?v=20130730","https://m1.spitogatos.gr/358556412_1600x1200.jpg?v=20130730","https://m2.spitogatos.gr/358556419_1600x1200.jpg?v=20130730","https://m1.spitogatos.gr/358556424_1600x1200.jpg?v=20130730","https://m1.spitogatos.gr/358556430_1600x1200.jpg?v=20130730","0","0","2","1","37.974548",,"1","23.716629",,"0",,,"2026-06-23","0","0",,"0","1","1",,"4","0","0","1",,"0","0","0","1300",,,"0","0","0","0","15.29",,,"1","3","6","1","0",,"0","7","1","0","1","0","85","1",,,"0","3","0","2026-06-23","https://www.spitogatos.gr/en/property/1220186673",,"0","0","1998",,"residential"
"1","2","no","simple","1",,,,,"0","0","0","0","2026-02-02","0","0","0","0","1","0",,"house","0",,"0","ID.1206371 - Θησείο, διαμέρισμα προσόψεως, φωτεινό, 2ου ορόφου, 75 τ.μ., κατασκευής 1980, ανακαινισμένο το 2024, αποτελείται από σαλόνι με μπαλκονόπορτα, ενιαία κουζίνα με παράθυρο, χώρο πλυντηρίου και ηλεκτρικές συσκευές, 2 υ/δ με μπαλκονόπορτες και μπάνιο με παράθυρο. Διαθέτει κουφώματα αλουμινίου, διπλά τζάμια, σίτες, πλακάκια και παρκέ δάπεδα, κεντρική θέρμανση φυσικού αερίου (ανάβουν κανονικά), κλιματισμό, πόρτα ασφαλείας, μπαλκόνι, ασανσέρ, δίδεται επιπλωμένο και εξοπλισμένο και για βραχυχρόνια μίσθωση. Βρίσκεται σε ήσυχη γειτονιά πλησίον πάρκου, αγοράς, πλατείας, ΜΜΜ και 300 μ. από ΗΣΑΠ Θησείο. ΜΕ ΕΠΙΒΑΡΥΝΣΗ ΜΕΣΙΤΙΚΗΣ ΑΜΟΙΒΗΣ. Οι πληροφορίες και τα χαρακτηριστικά των ακινήτων έχουν καταχωρηθεί βάσει των πληροφοριών και στοιχείων που μας προσκομίστηκαν από τον ιδιοκτήτη. Η τοποθεσία του ακινήτου στον χάρτη είναι ενδεικτική. Όλοι οι παρευρισκόμενοι κατά την υπόδειξη του ακινήτου είναι απαραίτητο να επιδείξουν την αστυνομική τους ταυτότητα και τον Α.Φ.Μ τους, σύμφωνα με τον Νόμο Ν.4072/2012 - ΦΕΚ 86/Α/11-4-2012. Aspis Real Estate Συντάγματος, Τηλέφωνο Επικοινωνίας: 2103210332, email: syntagma@aspis-realestate.gr, website: https://www.aspis-realestate.gr/el/properties?alias=aspis-sintagma",,,"0","1","3","1","0","2026-02-02","7","10","0","yes","no","0","Αθήνα - Κέντρο (Αττική)","Ιστορικό Κέντρο (Αθήνα - Κέντρο)","1","105103","100","6008","2014","Double","2","2","0","0","1","1219301671","https://m1.spitogatos.gr/343529196_1600x1200.jpg?v=20130730","https://m3.spitogatos.gr/343529201_1600x1200.jpg?v=20130730","https://m2.spitogatos.gr/343529212_1600x1200.jpg?v=20130730","https://m2.spitogatos.gr/343529218_1600x1200.jpg?v=20130730","https://m1.spitogatos.gr/343529241_1600x1200.jpg?v=20130730","https://m1.spitogatos.gr/343529247_1600x1200.jpg?v=20130730","https://m1.spitogatos.gr/343529256_1600x1200.jpg?v=20130730","https://m2.spitogatos.gr/343529260_1600x1200.jpg?v=20130730","https://m1.spitogatos.gr/343529286_1600x1200.jpg?v=20130730","https://m2.spitogatos.gr/343529290_1600x1200.jpg?v=20130730","https://m1.spitogatos.gr/343529295_1600x1200.jpg?v=20130730","https://m2.spitogatos.gr/343529302_1600x1200.jpg?v=20130730","https://m2.spitogatos.gr/343529308_1600x1200.jpg?v=20130730","https://m3.spitogatos.gr/343529315_1600x1200.jpg?v=20130730","https://m3.spitogatos.gr/343529336_1600x1200.jpg?v=20130730",,,,,,,,,,,"0","0","2","1","37.976166","1","1","23.717487",,"0","0","0","2026-07-08","0","0",,"0","0","1",,,"0","0","1",,"0","0","0","1100",,,"0","0","0","0","16.42",,,"1","3","6","1","1","2024","0","1","2","0","1","0","67","0",,,"0","1","0","2026-02-02","https://www.spitogatos.gr/en/property/1219301671",,"0","0","1980",,"residential"
"1","1","no","simple","1",,,,,"1","0","0","0","2025-11-01","0","1","1","7","1","0","false","house",,"50","0","<br><strong data-start=""736"" data-end=""763"">Κωδικός Ακινήτου: 7-195. </strong>Στην καρδιά του <strong>ιστορικού κέντρου της Αθήνας</strong>, λίγα μόλις βήματα από την <strong>Ακρόπολη</strong>, την <strong>Τεχνόπολη</strong> και τον <strong>πεζόδρομο του Θησείου</strong>, σάς περιμένει ένα <strong>πολυτελές, πλήρως επιπλωμένο διαμέρισμα 60 τ.μ.</strong>, διαθέσιμο <strong>αποκλειστικά για βραχυχρόνιες μισθώσεις</strong> (<strong>1 έως 6 μήνες</strong>).<strong>Ανακαινισμένο το 2023</strong>, συνδυάζει <strong data-start=""1066"" data-end=""1127"">κοσμοπολίτικη αύρα </strong>με την<strong data-start=""1066"" data-end=""1127""> ηρεμία μιας φιλόξενης γειτονιάς</strong>, ιδανικό για <strong>ζευγάρια, στελέχη που εργάζονται εξ αποστάσεως </strong>ή<strong> επαγγελματίες σε ταξίδι</strong>.<br><br><strong>Motto του; ΜΕΤΡΟΝ ΑΡΙΣΤΟΝ</strong>... all in good measure, moderation is excellence!<br><br>Εδώ, <strong>κάθε μέρα ξεκινά με το φως της Ακρόπολης</strong> και <strong>τ</strong><strong>ελειώνει με τον παλμό της πόλης να σβήνει απαλά στον πεζόδρομο του Θησείου</strong> — ένας <strong>σπάνιος συνδυασμός κοσμοπολίτικης ενέργειας</strong> και <strong>ήρεμης πολυτέλειας</strong> που <strong>δύσκολα θα βρείτε αλλού</strong>. <strong data-start=""1227"" data-end=""1248"">Premium Τοποθεσία</strong>30 μέτρα από τον μαγευτικό <strong>πεζόδρομο της Αποστόλου Παύλου</strong>, κάτω από τον <strong>λόφο της Ακρόπολης</strong>5 λεπτά με τα πόδια από τους σταθμούς <strong>ΜΕΤΡΟ</strong> <strong data-start=""1432"" data-end=""1452"">Κεραμεικός</strong> και <strong data-start=""1457"" data-end=""1472"">ΗΣΑΠ Θησείο</strong> (με απευθείας σύνδεση προς Αεροδρόμιο και όλες τις περιοχές Αττικής)Σε απόσταση περιπάτου από την <strong data-start=""1574"" data-end=""1590"">Αρχαία Αγορά</strong>, τον <strong data-start=""1596"" data-end=""1612"">Ναό Ηφαίστου</strong>, το <strong data-start=""1617"" data-end=""1632"">Μοναστηράκι</strong>, το <strong>Σύνταγμα</strong>, την <strong data-start=""1638"" data-end=""1647"">Πλάκα</strong> και <strong>αμέτρητα εστιατόρια, μπαρ </strong>και<strong> γκαλερί</strong><strong data-start=""1702"" data-end=""1734"">Χαρακτηριστικά Διαμερίσματος</strong><strong>Εμβαδόν</strong>: <strong>60 τ.μ. – 1ος όροφος</strong><strong>Υπνοδωμάτια</strong>: <strong>2 (</strong>ένα με γήινες χαλαρωτικές αποχρώσεις και ένα με έντονο αιγαιοπελαγίτικο μπλε και κρυφό φωτισμό στον τοίχο με την τηλεόραση<strong>), με queen-size κρεβάτια</strong>, <strong>ποιοτικά στρώματα </strong>και<strong> λευκά είδη</strong>, <strong>μικρά τραπεζάκια, λεπτομέρειες διακόσμησης, A/C </strong>και<strong> Smart TV σε κάθε χώρο</strong><strong>Μπάνιο</strong>: <strong>μοντέρνος</strong> σχεδιασμός, <strong>ντουζιέρα</strong> με <strong>γρανιτοπλακάκι</strong>, <strong>κρυφός φωτισμός</strong>, <strong>εντοιχισμένο καζανάκι</strong> Geberit, <strong>σεσουάρ</strong>, <strong>πετσέτες, είδη καθαρισμού</strong><strong>Καθιστικό</strong>: <strong>υπεράνετος καναπές </strong>και<strong> πολυθρόνα</strong>, <strong>A/C</strong>, <strong>55’’ Android TV Tesla</strong>, <strong>Netflix</strong>, <strong>επιτραπέζια παιχνίδια</strong>, <strong>βιβλία</strong><strong>Ιδιωτικό μπαλκόνι προσόψεως 7 μ.</strong><strong>Επιπλέον γραφείο εργασίας στην είσοδο</strong><strong data-start=""2387"" data-end=""2408"">Πλήρης Εξοπλισμός</strong><strong data-start=""2411"" data-end=""2422"">Κουζίνα</strong>:<strong>Hotpoint Ariston φούρνος</strong><strong>Επαγωγικές εστίες Schott Ceran</strong><strong>Beko ψυγειοκαταψύκτης 300lt (τεχνολογία MinFrost®, Unbreakable Crystal shelves)</strong><strong>Πλυντήριο-στεγνωτήριο Hoover Wi-Fi 9kg/6kg</strong><strong>Καφετιέρα, φρυγανιέρα, φούρνος μικροκυμάτων Candy με grill, πλήρες σετ σκευών </strong>και<strong> μαγειρικών</strong><strong data-start=""2730"" data-end=""2747"">Άλλες παροχές</strong>:<strong>3 A/C Gree Fairy</strong> (λειτουργία θέρμανσης μέχρι -20°C)<strong>Πόρτα ασφαλείας</strong> και <strong>θυροτηλέφωνο</strong><strong>Αυτόνομη θέρμανση φυσικού αερίου </strong>(λέβητας συμπύκνωσης)<strong>Γρήγορο WiFi (</strong>συμπεριλαμβάνεται στο μηνιαίο μίσθωμα)<strong>Σημείο φόρτισης ηλεκτρικού αυτοκινήτου </strong><strong data-start=""2990"" data-end=""3007"">Όροι Μίσθωσης</strong>Διαθέσιμο από <strong data-start=""3024"" data-end=""3044"">1 Νοεμβρίου 2025</strong><strong>Ελάχιστη διάρκεια: 1 μήνας (από 1/11/25) – Μέγιστη: 6 μήνες</strong><strong>Μίσθωμα</strong>: <strong data-start=""3108"" data-end=""3124"">1.600 €/μήνα</strong>Στην τιμή περιλαμβάνονται: <strong>WiFi, κοινόχρηστα, νερό</strong>Ο ενοικιαστής πληρώνει μόνο την κατανάλωση ρεύματος και φυσικού αερίου<strong data-start=""3263"" data-end=""3289"">Γιατί να το επιλέξετε;</strong><br><strong>Είναι σπάνιο να βρείτε στο Θησείο διαμέρισμα που συνδυάζει τόσο άριστη τοποθεσία, πλήρη εξοπλισμό υψηλών προδιαγραφών και αίσθηση “σαν στο σπίτι σας”. Στην πραγματικότητα, δεν είναι απλώς ένα διαμέρισμα· είναι η δική σας ιδιωτική σκηνή στην καρδιά της Ιστορίας, όπου το σήμερα συναντά την αιώνια γοητεία της Αθήνας και κάθε στιγμή γίνεται ανάμνηση. Εδώ θα ζήσετε την Αθήνα όπως την ονειρεύεστε: με την Ιστορία στα πόδια σας και την άνεση ενός πολυτελούς ιδιωτικού χώρου. </strong><strong data-start=""3576"" data-end=""3591"">Για περισσότερες λεπτομέρειες και ΑΠΟΚΛΕΙΣΤΙΚΗ υπόδειξη, επικοινωνήστε με την </strong><strong data-start=""3594"" data-end=""3613"">PANTOU REALTORS.</strong> <br>Nikolaos Tsakonas<br />
Creative Property Consultant<br />
Tel | Viber | WhatsApp : +306974022219","7400",,"1","1","6","1","0","2025-08-13","6","4","0","yes","no","0","Αθήνα - Κέντρο (Αττική)","Ιστορικό Κέντρο (Αθήνα - Κέντρο)","1","105103","100","6008","2014","Double","1","2","0","0","1","1218080649","https://m1.spitogatos.gr/324762438_1600x1200.jpg?v=20130730","https://m2.spitogatos.gr/324762439_1600x1200.jpg?v=20130730","https://m3.spitogatos.gr/324762440_1600x1200.jpg?v=20130730","https://m1.spitogatos.gr/324762441_1600x1200.jpg?v=20130730","https://m2.spitogatos.gr/324762442_1600x1200.jpg?v=20130730","https://m3.spitogatos.gr/324762443_1600x1200.jpg?v=20130730","https://m1.spitogatos.gr/324762444_1600x1200.jpg?v=20130730","https://m2.spitogatos.gr/324762445_1600x1200.jpg?v=20130730","https://m3.spitogatos.gr/324762446_1600x1200.jpg?v=20130730","https://m1.spitogatos.gr/324762447_1600x1200.jpg?v=20130730","https://m2.spitogatos.gr/324762448_1600x1200.jpg?v=20130730","https://m3.spitogatos.gr/324762449_1600x1200.jpg?v=20130730","https://m2.spitogatos.gr/324762451_1600x1200.jpg?v=20130730","https://m3.spitogatos.gr/324762452_1600x1200.jpg?v=20130730","https://m2.spitogatos.gr/324762454_1600x1200.jpg?v=20130730","https://m3.spitogatos.gr/324762455_1600x1200.jpg?v=20130730","https://m1.spitogatos.gr/324762456_1600x1200.jpg?v=20130730","https://m3.spitogatos.gr/324762458_1600x1200.jpg?v=20130730","https://m2.spitogatos.gr/324762460_1600x1200.jpg?v=20130730","https://m1.spitogatos.gr/324762462_1600x1200.jpg?v=20130730","https://m1.spitogatos.gr/324762465_1600x1200.jpg?v=20130730","https://m1.spitogatos.gr/324762471_1600x1200.jpg?v=20130730","https://m3.spitogatos.gr/324762473_1600x1200.jpg?v=20130730","https://m3.spitogatos.gr/324762476_1600x1200.jpg?v=20130730","https://m2.spitogatos.gr/324762478_1600x1200.jpg?v=20130730","0","0",,"1","37.97448",,"1","23.71693",,"1",,,"2026-06-02","0","0",,"0","0","1","3","8","1","0","1",,"0","0","0","1600",,,"1","0","1","1","26.67",,,"1","3","6","1","1","2024","0","2","2","1","1","0","60","0",,,"0","1","0","2025-08-13","https://www.spitogatos.gr/en/property/1218080649",,"1","1","1965",,"residential"
"1","1","no","simple","1",,,,,"1","0","0","0","2026-07-31","0","1","1","5","1","0","false","house","0","10","0","ΘΗΣΕΙΟ | Ανακαινισμένο Διαμπερές Διαμέρισμα 60 τ.μ. – Μόλις Λίγα Λεπτά από το Ιστορικό Κέντρο.<br />
<br />
Ζήστε στην πιο ατμοσφαιρική πλευρά της Αθήνας. Σε μια από τις πιο διαχρονικά δημοφιλείς γειτονιές της πόλης, αυτό το φωτεινό και πλήρως ανακαινισμένο διαμέρισμα συνδυάζει άνεση, λειτουργικότητα και άμεση πρόσβαση στο ιστορικό κέντρο της Αθήνας. Ιδανική επιλογή για όσους επιθυμούν να απολαμβάνουν την καθημερινότητά τους σε μια περιοχή με χαρακτήρα, πολιτισμό, καφέ, εστιατόρια και εύκολες μετακινήσεις.<br />
<br />
ΤΟ ΑΚΙΝΗΤΟ<br />
Διατίθεται προς ενοικίαση διαμέρισμα 60 τ.μ. στον 1ο όροφο πολυκατοικίας, ανακαινισμένο το 2024.<br />
Η διαρρύθμιση προσφέρει ευελιξία και άνεση:<br />
• 1 άνετο υπνοδωμάτιο<br />
• Ευρύχωρη σαλονοτραπεζαρία με δυνατότητα διαμόρφωσης και ως δεύτερο υπνοδωμάτιο ή γραφείο<br />
• Ανεξάρτητη κουζίνα<br />
• 1 μπάνιο<br />
• Πατάρι αποθήκευσης περίπου 2 τ.μ.<br />
• Μπροστινή βεράντα 3 τ.μ.<br />
• Πίσω μπαλκόνι 2 τ.μ.<br />
Το ακίνητο είναι διαμπερές, φωτεινό και με ανατολικό προσανατολισμό που προσφέρει φυσικό φως κατά τις πρωινές ώρες.<br />
<br />
ΧΑΡΑΚΤΗΡΙΣΤΙΚΑ<br />
• Ανακαίνιση 2024<br />
• Κλιματισμός<br />
• Αυτόνομη θέρμανση με ρεύμα<br />
• Ανελκυστήρας<br />
• Κουφώματα αλουμινίου<br />
• Διπλά ενεργειακά τζάμια<br />
• Σίτες<br />
• Βαμμένο<br />
• Δάπεδα ξύλου και μωσαϊκού<br />
• Διαμπερές<br />
• Φωτεινό<br />
• Πρόσοψη<br />
• Ενεργειακή κλάση Ε<br />
<br />
ΙΔΑΝΙΚΟ ΓΙΑ<br />
• Εργαζόμενο ή επαγγελματία που θέλει να βρίσκεται κοντά στο κέντρο<br />
• Ζευγάρι που αναζητά άνετους και λειτουργικούς χώρους<br />
• Ψηφιακούς νομάδες και στελέχη εταιρειών<br />
• Μεταπτυχιακούς φοιτητές ή ακαδημαϊκούς με ανάγκη εύκολης πρόσβασης στο κέντρο της Αθήνας<br />
• Όσους χρειάζονται επιπλέον χώρο που μπορεί να λειτουργήσει ως γραφείο ή δεύτερο υπνοδωμάτιο<br />
<br />
ΛΕΙΤΟΥΡΓΙΚΑ ΣΤΟΙΧΕΙΑ<br />
• Χαμηλά κοινόχρηστα περίπου 10€/μήνα<br />
• Άνετη διαρρύθμιση με αξιοποίηση κάθε τετραγωνικού<br />
• Φυσικός αερισμός λόγω διαμπερούς σχεδιασμού<br />
• Επιπλέον αποθηκευτικός χώρος στο πατάρι<br />
• Δυνατότητα μίσθωσης με ή χωρίς έπιπλα<br />
<br />
ΤΟΠΟΘΕΣΙΑ – ΠΡΟΣΒΑΣΗ<br />
Το Θησείο αποτελεί μία από τις πιο περιζήτητες περιοχές της Αθήνας, συνδυάζοντας ιστορικό χαρακτήρα ζωντανή καθημερινότητα και εξαιρετική προσβασιμότητα.<br />
Σε κοντινή απόσταση θα βρείτε:<br />
• Σταθμούς μέσων σταθερής τροχιάς<br />
• Πεζόδρομους και χώρους αναψυχής<br />
• Καφέ, εστιατόρια και εμπορικά σημεία<br />
• Τους σημαντικότερους πολιτιστικούς και ιστορικούς πόλους της πόλης.<br />
Βρίσκεται 2 λεπτά απο τον πεζόδρομο Αποστόλου Παύλου, 4 λεπτά απο τον σταθμό ΗΣΑΠ Θησείου, 10 λεπτά απο τον λόφο Φιλοπάππου, 12 λεπτά απο την Ακρόπολη, 12 λεπτά απο την Πλ.Μοναστηριακίου, 56 λεπτά απο το διεθνές αεροδρόμιο Ελ.Βενιζελος, 35 λεπτά απο το λιμάνι του Πειραιά και 45 λεπτά απο την Αθηναϊκή Ριβιέρα. <br />
<br />
ΞΕΧΩΡΙΖΕΙ ΓΙΑ<br />
• Την πρόσφατη ανακαίνιση<br />
• Τη φωτεινότητα και τον διαμπερή χαρακτήρα<br />
• Την ευέλικτη διαρρύθμιση με δυνατότητα δεύτερου δωματίου<br />
• Την εξαιρετική σχέση τοποθεσίας και λειτουργικότητας<br />
• Τα πολύ χαμηλά κοινόχρηστα<br />
• Την επιλογή μίσθωσης επιπλωμένου ή μη επιπλωμένου<br />
ΤΙΜΗ  900€ / μήνα χωρίς έπιπλα • 1.000€ / μήνα επιπλωμένο. ΜΕΣΙΤΙΚΟ<br />
<br />
Ορισμένες από τις φωτογραφίες της παρουσίασης αποτελούν ενδεικτικές φωτορεαλιστικές απεικονίσεις (virtual staging / concept visualizations) που δημιουργήθηκαν με σκοπό την ανάδειξη των δυνατοτήτων και των πιθανών επαγγελματικών χρήσεων του ακινήτου.<br />
Οι απεικονιζόμενες διαμορφώσεις, ο εξοπλισμός, η επίπλωση, οι διακοσμητικές παρεμβάσεις, οι επιγραφές και τα επιχειρηματικά concepts παρουσιάζονται αποκλειστικά για λόγους οπτικής αναπαράστασης και έμπνευσης και δεν περιλαμβάνονται στη μίσθωση.<br />
Το ακίνητο παραδίδεται στην πραγματική του υφιστάμενη κατάσταση, ενώ οι φωτορεαλιστικές εικόνες αποσκοπούν αποκλειστικά στην παρουσίαση πιθανών σεναρίων αξιοποίησης του χώρου.<br />
<br />
ΣΗΜΕΙΩΣΕΙΣ<br />
Οι πληροφορίες και τα χαρακτηριστικά των ακινήτων βασίζονται σε στοιχεία και πληροφορίες που έχουν προσκομιστεί από τους εκάστοτε ιδιοκτήτες. Η εταιρεία μας δεν φέρει ευθύνη για τυχόν ανακρίβειες ή παραλείψεις.<br />
Για την υπόδειξη του ακινήτου είναι απαραίτητη, σύμφωνα με τον Ν. 4072/11-04-2012 (ΦΕΚ 86 Α), η επίδειξη αστυνομικής ταυτότητας ή διαβατηρίου, η γνωστοποίηση Α.Φ.Μ., καθώς και η υπογραφή του σχετικού εντύπου υπόδειξης.<br />
Οι αναγραφόμενες τοποθεσίες των ακινήτων στον χάρτη είναι ενδεικτικές και κατά προσέγγιση.","10900",,"0","1","7","1","0","2026-06-23","6","11","1","yes","no","0","Αθήνα - Κέντρο (Αττική)","Ιστορικό Κέντρο (Αθήνα - Κέντρο)","1","105103","100","6008","2014","Double","1","4","0","1","1","1220180972","https://m3.spitogatos.gr/358462865_1600x1200.jpg?v=20130730","https://m2.spitogatos.gr/358462864_1600x1200.jpg?v=20130730","https://m3.spitogatos.gr/358462862_1600x1200.jpg?v=20130730","https://m2.spitogatos.gr/358462861_1600x1200.jpg?v=20130730","https://m1.spitogatos.gr/358462863_1600x1200.jpg?v=20130730","https://m2.spitogatos.gr/358462654_1600x1200.jpg?v=20130730","https://m3.spitogatos.gr/358462607_1600x1200.jpg?v=20130730","https://m3.spitogatos.gr/358462604_1600x1200.jpg?v=20130730","https://m1.spitogatos.gr/358462596_1600x1200.jpg?v=20130730","https://m2.spitogatos.gr/358462588_1600x1200.jpg?v=20130730","https://m3.spitogatos.gr/358462592_1600x1200.jpg?v=20130730","https://m2.spitogatos.gr/358462600_1600x1200.jpg?v=20130730","https://m3.spitogatos.gr/358462610_1600x1200.jpg?v=20130730","https://m1.spitogatos.gr/358462614_1600x1200.jpg?v=20130730","https://m3.spitogatos.gr/358462619_1600x1200.jpg?v=20130730","https://m1.spitogatos.gr/358462623_1600x1200.jpg?v=20130730","https://m2.spitogatos.gr/358462627_1600x1200.jpg?v=20130730","https://m3.spitogatos.gr/358462631_1600x1200.jpg?v=20130730","https://m2.spitogatos.gr/358462639_1600x1200.jpg?v=20130730","https://m3.spitogatos.gr/358462643_1600x1200.jpg?v=20130730","https://m1.spitogatos.gr/358462653_1600x1200.jpg?v=20130730","https://m1.spitogatos.gr/358462860_1600x1200.jpg?v=20130730",,,,"0","1","2","1","37.974911","1","1","23.717291","300","1","0","1","2026-07-31","0","0",,"0","0","1","4","3","1",,"1",,"0","0","0","1000",,,"0","0","0","0","16.67",,,"1","3",,"1","1","2024","0","1","1","1","0","0","60","1","2",,"1","1","0","2026-06-23","https://www.spitogatos.gr/en/property/1220180972",,"0","0","1972",,"residential"
"1","1",,"simple","1",,,,,"1","0","0","0","2026-04-20","0","0","1","0","1",,,"house",,"10","0","ΙΣΤΟΡΙΚΟ ΚΕΝΤΡΟ, Θησείο - Διαμέρισμα 60τμ, πλήρως επιπλωμένο, 1 υ/δ, 1ος, ανακαινισμένο, κατασκευή 1972, ανακαίνιση 2024, ενεργειακή κλάση Ε, σαλόνι, κουζίνα, μπάνιο, αυτόνομη θέρμανση (ηλεκτρικό ρεύμα), κλιματισμός, ήσυχο, διαμπερές, φωτεινό, θέα ανοιχτός ορίζοντας, πρόσοψης, βεράντες, ασανσέρ, πατάρι, εντοιχισμένες συσκευές, κουφώματα αλουμινίου, διπλά τζάμια, τύπος δαπέδων μωσαϊκό & ξύλο, νυχτερινό ρεύμα, εντός σχεδίου, οικιστική ζώνη, πρόσβαση: άσφαλτο, πλησίον μετρό/ηλεκτρικός (έως 500μ), πλησίον διασκέδαση (έως 100μ).<br />
Ενοικιάζεται διαμέρισμα 1ου ορόφου, 60 τ.μ. στην περιοχή του Θησείου 100 μ. από τον ιστορικό πεζόδρομο Αγίου Παύλου & 400 μ. από την στάση Θησείο του Ηλεκτρικού. <br />
- Διαθέτει ένα υπνοδωμάτιο με μεγάλη ντουλάπα και τηλεόραση. Υπάρχει δεύτερο δωμάτιο με δύο μονά κρεββάτια, γραφείο, καρέκλα, τηλεόραση και μία μικρή ντουλάπα που οδηγεί σε βεράντα. <br />
- Η κουζίνα περιλαμβάνει εντοιχισμένες ηλεκτρικές συσκευές, πλυντήριο ρούχων και τραπέζι κουζίνας με καρέκλες. Το μπάνιο έχει ντουζιέρα. <br />
- Το διαμέρισμα διαθέτει δύο κλιματιστικά ψύξης θέρμανσης και πατάρι.- Το διαμέρισμα ενοικιάζεται ως έχει μετά των επίπλων 1200 ευρώ ή χωρίς έπιπλα 1000 ευρώ.<br />
- Δεν είναι δεκτά ζώα συντροφιάς.<br />
<br />
Τιμή €1.200 (κωδ. 155498) +30 2109229965 GRAND ESTATE<br />
| Το στίγμα στο χάρτη δεν υποδεικνύει την ακριβή θέση του ακινήτου αλλά σημείο πλησίον του. Δείτε περισσότερα ακίνητα στο site μας www.grandestate.gr",,"0",,"1","7","1","0","2026-04-20","6","11","0","yes","no","0","Αθήνα - Κέντρο (Αττική)","Ιστορικό Κέντρο (Αθήνα - Κέντρο)","1","105103","100","6008","2014","Double","1","4","0","0","1","1219743857","https://m3.spitogatos.gr/351031541_1600x1200.jpg?v=20130730","https://m3.spitogatos.gr/351031544_1600x1200.jpg?v=20130730","https://m2.spitogatos.gr/351031546_1600x1200.jpg?v=20130730","https://m3.spitogatos.gr/351031550_1600x1200.jpg?v=20130730","https://m1.spitogatos.gr/351031551_1600x1200.jpg?v=20130730","https://m3.spitogatos.gr/351031553_1600x1200.jpg?v=20130730","https://m2.spitogatos.gr/351031555_1600x1200.jpg?v=20130730","https://m3.spitogatos.gr/351031556_1600x1200.jpg?v=20130730","https://m3.spitogatos.gr/351031559_1600x1200.jpg?v=20130730","https://m2.spitogatos.gr/351031561_1600x1200.jpg?v=20130730","https://m1.spitogatos.gr/351031566_1600x1200.jpg?v=20130730","https://m3.spitogatos.gr/351031568_1600x1200.jpg?v=20130730","https://m3.spitogatos.gr/351031571_1600x1200.jpg?v=20130730","https://m3.spitogatos.gr/351031574_1600x1200.jpg?v=20130730",,,,,,,,,,,,"0","0","2","1","37.974575","1","1","23.716801",,"0",,,"2026-07-31","0","0",,"1","0","1",,,"0","0","0",,"0","0","0","1200",,,"0","0","0","0","20",,,"1","3","6","1","1","2024","0","1","1","0","0","0","60","0",,,"0","1","0","2026-04-20","https://www.spitogatos.gr/en/property/1219743857",,"1",,"1972",,"residential"
"1","1","no","simple","1",,,,,"1","0","0","0","2026-07-03","0","0","1","0","1",,,"house",,,"0","*Πλήρως Επιπλωμένη Μονοκατοικία 75 τ.μ. με Ιδιωτικό Εξωτερικό Χώρο 100 τ.μ. – Βραχυχρόνια Μίσθωση*<br />
<br />
Ενοικιάζεται πλήρως επιπλωμένη και  εξοπλισμένη μονοκατοικία 75 τ.μ. με ιδιωτικό εξωτερικό χώρο περίπου 100 τ.μ., σε προνομιακή τοποθεσία, πολύ κοντά στον σταθμό Μετρό Κεραμεικός. Η κατοικία διαθέτει δύο υπνοδωμάτια, καθιστικό , πλήρως εξοπλισμένη κουζίνα και μπάνιο, με όλες τις απαραίτητες ηλεκτρικές συσκευές και έπιπλα, όπως ακριβώς φαίνεται στις φωτογραφίες. Ο μεγάλος ιδιωτικός εξωτερικός χώρος με έπιπλα κήπου αποτελεί ιδανικό σημείο για στιγμές χαλάρωσης και φιλοξενίας.<br />
Το ακίνητο βρίσκεται σε μια ήσυχη και ασφαλή γειτονιά, προσφέροντας παράλληλα άμεση πρόσβαση στο κέντρο της Αθήνας. Σε απόσταση λίγων λεπτών με τα πόδια βρίσκονται ο Κεραμεικός και το Γκάζι, μία από τις πιο ζωντανές περιοχές της πόλης, με πληθώρα επιλογών για καφέ, εστιατόρια, μπαρ και χώρους πολιτισμού.<br />
Διατίθεται αποκλειστικά για βραχυχρόνια μίσθωση, με διάρκεια από 2 έως 6 μήνες ή κατόπιν συνεννόησης για άλλο μικρό χρονικό διάστημα. Στο μίσθωμα περιλαμβάνονται όλοι οι λογαριασμοί, προσφέροντας μια άνετη και ολοκληρωμένη λύση διαμονής χωρίς επιπλέον επιβαρύνσεις. Αποτελεί ιδανική επιλογή για επαγγελματίες, στελέχη εταιρειών, εκπαιδευτικούς ή οποιονδήποτε αναζητά μια ποιοτική, πλήρως εξοπλισμένη κατοικία έτοιμη για άμεση εγκατάσταση.<br />
Ενοικίαση, Μονοκατοικία,  Μπάνια: 1,  Εμβαδόν: 75 τ.μ.,  Δωμάτια: 2,  Έτος κατασκευής: 1960,  Κλιματισμός,  Θέα,  Βεράντα,  Επιπλωμένο,  Τζάκι,  Κήπος,  Εσωτερική σκάλα,  Ηλιακός θερμοσίφωνας,  Όροφος: 1ος,  Πρόσοψης,  Επιτρέπονται κατοικίδια,  Ανακαινισμένο,  Διπλά τζάμια,  Διαμπερές,  Φωτεινό,  Βαμμένο,  Τύπος δαπέδων: Πλακάκι,  Επιφάνεια oικοπέδου: 200 τ.μ.,  Θέρμανση: Αυτόνομη θέρμανση,  Μέσο θέρμανσης: Φυσικό αέριο,  Ενεργειακή κλάση: Δ,  Έτος Ανακαίνισης: 2025",,"1",,"0","6","1","1","2026-07-03","6","4","0","yes","no","1","Αθήνα - Κέντρο (Αττική)","Ιστορικό Κέντρο (Αθήνα - Κέντρο)","1","105103","100","6008","2014",,"1","2","0","0","1","1220296352","https://m3.spitogatos.gr/360354041_1600x1200.jpg?v=20130730","https://m3.spitogatos.gr/360354044_1600x1200.jpg?v=20130730","https://m2.spitogatos.gr/360354046_1600x1200.jpg?v=20130730","https://m2.spitogatos.gr/360354049_1600x1200.jpg?v=20130730","https://m1.spitogatos.gr/360354051_1600x1200.jpg?v=20130730","https://m1.spitogatos.gr/360354054_1600x1200.jpg?v=20130730","https://m2.spitogatos.gr/360354055_1600x1200.jpg?v=20130730","https://m2.spitogatos.gr/360354058_1600x1200.jpg?v=20130730","https://m2.spitogatos.gr/360354061_1600x1200.jpg?v=20130730","https://m2.spitogatos.gr/360354064_1600x1200.jpg?v=20130730","https://m2.spitogatos.gr/360354067_1600x1200.jpg?v=20130730","https://m2.spitogatos.gr/360354070_1600x1200.jpg?v=20130730","https://m1.spitogatos.gr/360354075_1600x1200.jpg?v=20130730","https://m1.spitogatos.gr/360354078_1600x1200.jpg?v=20130730",,,,,,,,,,,,"1","0",,"0","37.976143","1","0","23.717581",,"0",,,"2026-07-03","0","0",,"0","0","1",,,"1","0","0","1","0","0","0","1200",,,"0","0","0","0","16",,,"1","3","6","1","1","2025","0",,"2","0","0","1","75","0",,"","0","4","0","2026-07-03","https://www.spitogatos.gr/en/property/1220296352",,"1",,"1960",,
"1","1","no","simple","1",,,,,"1","1","0","0","2026-07-22","0","0","1","6","1","0",,"house",,,"0","Κωδικός ακινήτου: 72-9579 - Ιστορικό Κέντρο Θησείο  ΕΝΟΙΚΙΑΖΕΤΑΙ   ανακαινισμένο  διαμέρισμα  στον 1 ο όροφο συνολικής επιφάνειας 70.00 τ.μ.  . Αποτελείται από 2 υπνοδωμάτια,  σαλοκουζίνα, μπάνιο . Είναι κατασκευασμένο το 1970 με ενεργειακή κλάση Δ και ανακαινίστηκε το 2026. Διαθέτει θέρμανση αντλία θερμότητας,  κουφώματα αλουμινίου, πατώματα από πλακάκι, πόρτα θωρακισμένη, εντοιχιζόμενες ντουλάπες, A/C, συναγερμό, ηλεκτρικές συσκευές, σίτες, διπλά τζάμια, σκαλιά εισόδου, laundry room, ανοιχτωσιά, μπαλκόνια 6 τ.μ.      - Τιμή: 1.250 €  <br>Διατίθεται προς ενοικίαση πλήρως και ριζικά ανακαινισμένο (2026) διαμέρισμα 70 τ.μ. στον 1ο όροφο, στην καρδιά του Ιστορικού Κέντρου στο Θησείο. Πρόκειται για ένα φωτεινό, διαμπερές και σύγχρονο ακίνητο που συνδυάζει την αισθητική του κέντρου της Αθήνας με όλες τις σύγχρονες ανέσεις.<strong data-path-to-node=""6"" data-index-in-node=""0"">Διάταξη Χώρων:</strong>2 άνετα Υπνοδωμάτια με εντοιχιζόμενες ντουλάπεςΕνιαίος, μοντέρνος χώρος Σαλοκουζίνας1 Σύγχρονο ΜπάνιοΞεχωριστό <strong data-path-to-node=""7,3,0"" data-index-in-node=""10"">Laundry Room</strong> (χώρος πλυντηρίου)Μπαλκόνια 6 τ.μ. με ανοιχτωσιά<strong data-path-to-node=""8"" data-index-in-node=""0"">Εξοπλισμός & Τεχνικά Χαρακτηριστικά:</strong><strong data-path-to-node=""9,0,0"" data-index-in-node=""0"">Θέρμανση / Ψύξη:</strong> Αυτόνομη θέρμανση με σύγχρονη <strong data-path-to-node=""9,0,0"" data-index-in-node=""47"">Αντλία Θερμότητας</strong> & A/C (εξαιρετικά χαμηλό κόστος ενέργειας)<strong data-path-to-node=""9,1,0"" data-index-in-node=""0"">Κουφώματα:</strong> Καινούργια αλουμινίου με διπλά τζάμια & σίτες<strong data-path-to-node=""9,2,0"" data-index-in-node=""0"">Ασφάλεια:</strong> Θωρακισμένη πόρτα ασφαλείας & εγκατεστημένος συναγερμός<strong data-path-to-node=""9,3,0"" data-index-in-node=""0"">Δάπεδα:</strong> Πλακάκια υψηλής αντοχής<strong data-path-to-node=""9,4,0"" data-index-in-node=""0"">Έτος Κατασκευής / Ανακαίνισης:</strong> 1970 / <strong data-path-to-node=""9,4,0"" data-index-in-node=""38"">2026</strong><strong data-path-to-node=""9,5,0"" data-index-in-node=""0"">Ενεργειακή Κλάση:</strong> Δ<strong data-path-to-node=""10"" data-index-in-node=""0"">Οικονομικοί Όροι:</strong><strong data-path-to-node=""11,0,0"" data-index-in-node=""0"">1.250 € / μήνα:</strong> Περιλαμβάνει τις <strong data-path-to-node=""11,0,0"" data-index-in-node=""33"">ηλεκτρικές συσκευές</strong>.<strong data-path-to-node=""11,1,0"" data-index-in-node=""0"">1.500 € / μήνα:</strong> Δυνατότητα διάθεσης<strong>, με πλήρη επίπλωση</strong> <br>",,,,"0","6","1","0","2026-07-22","6","4","0","no","no","0","Αθήνα - Κέντρο (Αττική)","Ιστορικό Κέντρο (Αθήνα - Κέντρο)","1","105103","100","6008","2014","Double","4","13","0","0","1","1220442587","https://m1.spitogatos.gr/362714295_1600x1200.jpg?v=20130730","https://m3.spitogatos.gr/362714321_1600x1200.jpg?v=20130730","https://m3.spitogatos.gr/362714342_1600x1200.jpg?v=20130730","https://m1.spitogatos.gr/362714361_1600x1200.jpg?v=20130730","https://m3.spitogatos.gr/362714378_1600x1200.jpg?v=20130730","https://m3.spitogatos.gr/362714396_1600x1200.jpg?v=20130730","https://m3.spitogatos.gr/362714411_1600x1200.jpg?v=20130730","https://m2.spitogatos.gr/362714428_1600x1200.jpg?v=20130730","https://m2.spitogatos.gr/362714446_1600x1200.jpg?v=20130730","https://m2.spitogatos.gr/362714467_1600x1200.jpg?v=20130730","https://m1.spitogatos.gr/362714484_1600x1200.jpg?v=20130730","https://m2.spitogatos.gr/362714497_1600x1200.jpg?v=20130730","https://m3.spitogatos.gr/362714510_1600x1200.jpg?v=20130730","https://m2.spitogatos.gr/362714527_1600x1200.jpg?v=20130730","https://m2.spitogatos.gr/362714548_1600x1200.jpg?v=20130730",,,,,,,,,,,"0","0","2","1","37.975784",,"1","23.716499",,"1",,,"2026-07-22","0","0",,"0","0","1",,,"1","0","1",,"0","0","0","1250",,,"0","0","0","0","17.86",,,"1","3","6","1","1","2026","0","2","2","0","1","0","70","0",,,"0","1","0","2026-07-22","https://www.spitogatos.gr/en/property/1220442587",,"0","0","1970",,"residential"
"1","1","no","simple","1",,,,,"1","0","0","0","2026-02-25","0","0","0","0","1","0",,"house","0",,"0","ID.2272552 - Θησείο, διαμέρισμα διαμπερές, φωτεινό, 1ου ορόφου, 78 τ.μ., κατασκευής 1968, ανακαινισμένο το 2023, αποτελείται από χολ, σαλονοτραπεζαρία με μπαλκονόπορτα και παράθυρα, αυτόνομη κουζίνα με ηλεκτρικές συσκευές και μικρό αποθηκευτικό χώρο, 2 υ/δ με ντουλάπες και παράθυρα, μπάνιο με παράθυρο και πατάρι. Διαθέτει κουφώματα αλουμινίου, διπλά τζάμια, μωσαϊκά και παρκέ δάπεδα, κεντρική θέρμανση φυσικού αερίου, κλιματισμό, πόρτα ασφαλείας, θυροτηλεόραση, μπαλκόνια, δεν έχει ασανσέρ, δίδεται επιπλωμένο και εξοπλισμένο. Βρίσκεται σε ήσυχο σημείο πλησίον πλατείας, ΜΜΜ, αγοράς και 550 μ. από ΗΣΑΠ Θησείου. ΜΕ ΕΠΙΒΑΡΥΝΣΗ ΜΕΣΙΤΙΚΗΣ ΑΜΟΙΒΗΣ. Οι πληροφορίες και τα χαρακτηριστικά των ακινήτων έχουν καταχωρηθεί βάσει των πληροφοριών και στοιχείων που μας προσκομίστηκαν από τον ιδιοκτήτη. Η τοποθεσία του ακινήτου στον χάρτη είναι ενδεικτική. Όλοι οι παρευρισκόμενοι κατά την υπόδειξη του ακινήτου είναι απαραίτητο να επιδείξουν την αστυνομική τους ταυτότητα και τον Α.Φ.Μ τους, σύμφωνα με τον Νόμο Ν.4072/2012 - ΦΕΚ 86/Α/11-4-2012. Aspis Real Estate Συντάγματος, Τηλέφωνο Επικοινωνίας: 2103210332, email: syntagma@aspis-realestate.gr, website: https://www.aspis-realestate.gr/el/properties?alias=aspis-sintagma",,,"0","0","7","0","0","2026-02-25","6","2","0","yes","no","0","Αθήνα - Κέντρο (Αττική)","Ιστορικό Κέντρο (Αθήνα - Κέντρο)","1","105103","100","6008","2014","Double","2","2","0","0","1","1219443263","https://m3.spitogatos.gr/346009505_1600x1200.jpg?v=20130730","https://m2.spitogatos.gr/346009507_1600x1200.jpg?v=20130730","https://m2.spitogatos.gr/346009510_1600x1200.jpg?v=20130730","https://m1.spitogatos.gr/346009512_1600x1200.jpg?v=20130730","https://m3.spitogatos.gr/346009514_1600x1200.jpg?v=20130730","https://m3.spitogatos.gr/346009517_1600x1200.jpg?v=20130730","https://m2.spitogatos.gr/346009519_1600x1200.jpg?v=20130730","https://m1.spitogatos.gr/346009521_1600x1200.jpg?v=20130730","https://m2.spitogatos.gr/346009525_1600x1200.jpg?v=20130730","https://m2.spitogatos.gr/346009528_1600x1200.jpg?v=20130730","https://m2.spitogatos.gr/346009531_1600x1200.jpg?v=20130730",,,,,,,,,,,,,,,"0","0","2","1","37.975235","1","1","23.71636",,"0","0","0","2026-07-08","0","0",,"0","0","1",,,"0","0","0",,"0","0","0","990",,,"0","0","0","0","12.69",,,"1","3","6","1","1","2023","0","1","2","0","1","0","78","1",,,"0","1","0","2026-02-25","https://www.spitogatos.gr/en/property/1219443263",,"0","0","1968",,"residential"
"0","1","no","simple","1",,,,,"1","0","0","0","2026-07-15","0","0","1","0","1",,,"house",,"10","0","Σε ένα από τα ομορφότερα και πιο περιζήτητα σημεία του ιστορικού κέντρου, ενοικιάζεται εξαιρετικό διαμέρισμα προσόψεως και διαμπερές, που συνδυάζει την κλασική αισθητική με τις σύγχρονες ανέσεις. Το ακίνητο έχει υποστεί ολική ανακαίνιση και βρίσκεται σε μια ήσυχη γειτονιά, μια ανάσα από την τοπική αγορά και τις συγκοινωνίες (Ηλεκτρικός).<br />
Κύρια Χαρακτηριστικά:<br />
Χώροι: Διαθέτει ενιαία, φωτεινή κουζίνα με τραπεζαρία και παράθυρο, ιδανική για όσους αγαπούν το μαγείρεμα και τη φιλοξενία.<br />
Ποιότητα Κατασκευής: Τα δάπεδα από δρύινο παρκέ προσδίδουν ζεστασιά και πολυτέλεια σε όλους τους χώρους. Διαθέτει ενεργειακά κουφώματα αλουμινίου για άριστη μόνωση.<br />
Άνεση: Βρίσκεται στον 4ο όροφο προσεγμένης πολυκατοικίας με ασανσέρ. Είναι ιδιαίτερα ήσυχο, παρά την κεντρική του τοποθεσία, προσφέροντας απόλυτη ηρεμία.<br />
  Βεράντα  στο σαλόνι και επιπλέον μπαλκόνι στο υπνοδωμάτια, προσφέροντας ευχάριστη πλευρική θέα και φυσικό φως όλη μέρα.<br />
 Θέρμανση με κλιματιστικά, πολύ χαμηλά κοινόχρηστα (10€) και δίδεται μερικώς επιπλωμένο.<br />
Το ακίνητο είναι άμεσα διαθέσιμο, pet-friendly και αποτελεί την ιδανική επιλογή για όσους θέλουν να ζουν στους ρυθμούς της πόλης χωρίς να θυσιάζουν την ποιότητα και την ησυχία τους. <br />
Ενοικίαση, Διαμέρισμα,  Μπάνια: 1,  Εμβαδόν: 60 τ.μ.,  Δωμάτια: 2,  Έτος κατασκευής: 1972,  Θέα,  Βεράντα,  Ασανσέρ,  Επιπλωμένο,  Όροφος: 1ος,  Πρόσοψης,  Επιτρέπονται κατοικίδια,  Ανακαινισμένο,  Διαμπερές,  Κουφώματα: Αλουμινίου,  Τύπος δαπέδων: Ξύλο,  Θέρμανση: Αυτόνομη θέρμανση,  Μέσο θέρμανσης: Ρεύμα,  Ενεργειακή κλάση: Ε,  Έτος Ανακαίνισης: 2023,  Μηνιαία κοινόχρηστα: 10",,"0",,"1","7","1","0","2026-04-16","6","2","0","yes","no","0","Αθήνα - Κέντρο (Αττική)","Ιστορικό Κέντρο (Αθήνα - Κέντρο)","1","105103","100","6008","2014",,"1","4","0","0","1","1219724514","https://m3.spitogatos.gr/361871789_1600x1200.jpg?v=20130730","https://m1.spitogatos.gr/361871790_1600x1200.jpg?v=20130730","https://m2.spitogatos.gr/361871791_1600x1200.jpg?v=20130730","https://m3.spitogatos.gr/361871792_1600x1200.jpg?v=20130730","https://m1.spitogatos.gr/361871793_1600x1200.jpg?v=20130730","https://m2.spitogatos.gr/361871794_1600x1200.jpg?v=20130730","https://m3.spitogatos.gr/361871795_1600x1200.jpg?v=20130730","https://m1.spitogatos.gr/361871796_1600x1200.jpg?v=20130730","https://m2.spitogatos.gr/361871797_1600x1200.jpg?v=20130730","https://m3.spitogatos.gr/361871798_1600x1200.jpg?v=20130730",,,,,,,,,,,,,,,,"0","0","2","1","37.974678","1","1","23.718298",,"0",,,"2026-07-15","0","0",,"0","0","1",,,"0","0","0","1","0","0","0","1000",,,"0","0","0","0","16.67",,,"1","3","6","1","1","2023","0","1","2","0","0","0","60","0",,"","1","1","0","2026-04-16","https://www.spitogatos.gr/en/property/1219724514",,"1",,"1972",,"residential"
"0","Upper Ground","no","simple","1",,,,,"1","0","0","0","2026-06-02","0","0","0","1","1","0","false","house","0","0","0","Κωδικός Ακινήτου: #11907. Ιστορικό Κέντρο, Θησείο: Ενοικιάζεται πλήρως ανακαινισμένο διαμπερές Διαμέρισμα 60τ.μ. σε ημιώροφο με κεντρική θέρμανση πετρελαίου. Αποτελείται από 1 υπνοδωμάτιο, 1 κουζίνα, 1 σαλόνι, και μπάνιο. Είναι κατασκευασμένο το 1967, κοντά σε ΜΕΣΑ ΜΑΖΙΚΗΣ ΜΕΤΑΦΟΡΑΣ και διαθέτει κουφώματα αλουμινίου με διπλά τζάμια, δάπεδα από πλακάκι, σίτες.. Επιπλέον χαρακτηριστικά: ΘΕΡΜΟΜΟΝΩΣΗ .<br><br />
Τιμή 750€ | Κωδικός Ακινήτου: #11907<br><br />
 <br><br />
ΚΑΤΑ ΤΗΝ ΥΠΟΔΕΙΞΗ ΤΟΥ ΑΚΙΝΗΤΟΥ ΑΠΑΙΤΕΙΤΑΙ ΝΑ ΓΙΝΕΤΑΙ ΕΠΙΔΕΙΞΗ ΤΗΣ ΑΣΤΥΝΟΜΙΚΗΣ ΣΑΣ ΤΑΥΤΟΤΗΤΑΣ ΣΥΜΦΩΝΑ ΜΕ ΤΟΝ Ν.4072/11-04-2012 Φ.Ε.Κ 86Α<br /><br />ΤΑ ΣΤΟΙΧΕΙΑ ΤΩΝ ΑΚΙΝΗΤΩΝ ΕΙΝΑΙ ΚΑΤΑ ΔΗΛΩΣΗ ΤΟΥ ΙΔΙΟΚΤΗΤΗ<br /><br />ΑΚΙΝΗΤΑ ΑΠΟΚΛΕΙΣΤΙΚΗΣ ΔΙΑΘΕΣΗΣ ΜΕ ΦΩΤΟΓΡΑΦΙΕΣ ΠΟΥ ΔΙΑΧΕΙΡΙΖΕΤΑΙ Η ΕΤΑΙΡΙΑ ΜΑΣ ΘΑ ΒΡΕΙΤΕ ΣΤΗΝ ΙΣΤΟΣΕΛΙΔΑ ΜΑΣ<br /><br /> ►WEBSITE: www.tzelihome.gr<br /><br /> ✔ ΓΙΑ ΤΗΝ ΚΑΛΥΤΕΡΗ ΕΞΥΠΗΡΕΤΗΣΗ ΣΑΣ ΧΡΗΣΙΜΟΠΟΙΕΙΣΤΕ ΤΟΝ ΚΩΔΙΚΟ ΑΚΙΝΗΤΟΥ ΠΟΥ ΑΝΑΓΡΑΦΕΤΑΙ ΣΤΗΝ ΠΕΡΙΓΡΑΦΗ<br /> ✔ Η ΔΙΕΥΘΥΝΣΗ ΣΤΟΝ ΧΑΡΤΗ ΕΧΕΙ ΤΟΠΟΘΕΤΗΘΕΙ ΚΑΤΑ ΠΡΟΣΕΓΓΙΣΗ<br /> ✔ ΟΙ ΑΚΡΙΒΕΙΣ ΠΛΗΡΟΦΟΡΙΕΣ ΤΗΣ ΔΙΕΥΘΥΝΣΗΣ ΠΑΡΕΧΟΝΤΑΙ ΣΤΗΝ ΥΠΟΔΕΙΞΗ ΤΟΥ ΑΚΙΝΗΤΟΥ<br /><br /> ΜΕΣΙΤΙΚΟ ΓΡΑΦΕΙΟ TZELI HOME<br /> ΥΜΗΤΤΟΥ 41 , ΚΑΙΣΑΡΙΑΝΗ , ΤΚ 16121<br /><br /> ΕΠΙΚΟΙΝΩΝΗΣΤΕ ΜΑΖΙ ΜΑΣ:<br /> ►WEBSITE : www.tzelihome.gr<br /> ►E-MAIL : tzelihome@gmail.com<br /> ►ΚΙΝΗΤΟ : 6906.062.919 <br /> ►ΤΗΛΕΦΩΝΟ : 211.001.4573 & 211.001.4574<br>","7000",,"0","0","6","0","0","2026-06-02","4","4","0","no","no","0","Αθήνα - Κέντρο (Αττική)","Ιστορικό Κέντρο (Αθήνα - Κέντρο)","1","105103","100","6008","2014","Double","2","1","0","0","1","1219993471","https://m1.spitogatos.gr/355389279_1600x1200.jpg?v=20130730","https://m3.spitogatos.gr/355389281_1600x1200.jpg?v=20130730","https://m1.spitogatos.gr/355389285_1600x1200.jpg?v=20130730","https://m1.spitogatos.gr/355389288_1600x1200.jpg?v=20130730","https://m1.spitogatos.gr/355389291_1600x1200.jpg?v=20130730","https://m1.spitogatos.gr/355389294_1600x1200.jpg?v=20130730",,,,,,,,,,,,,,,,,,,,"0","0","2","1","37.975452","1","1","23.717196",,"0","0","0","2026-06-05","0","0",,"0","0","1",,"2","0","0","1",,"0","0","0","750",,,"0","0","0","0","12.5",,,"1","3","6","1","1","2022","0","1","1","0","0","0","60","0",,,"0","1","0","2026-06-02","https://www.spitogatos.gr/en/property/1219993471",,"0",,"1967","NR4upyjUKY4","residential"
"1","1",,"simple","1",,,,,"1","0","0","0","2026-03-31","0","0","1","0","1",,,"house",,"0","0","ΙΣΤΟΡΙΚΟ ΚΕΝΤΡΟ, Θησείο - Διαμέρισμα 78τμ, πλήρως επιπλωμένο, 2 υ/δ, 1ος, ανακαινισμένο, κατασκευή 1968, ανακαίνιση 2023, ενεργειακή κλάση Εξαιρείται, σαλόνι, κουζίνα, μπάνιο, αυτόνομη θέρμανση (φυσικό αέριο), κλιματισμός, ήσυχο, διαμπερές, φωτεινό, θέα ανοιχτός ορίζοντας, πρόσοψης, αποθήκη, βεράντες, εντοιχισμένες συσκευές, κουφώματα αλουμινίου, διπλά τζάμια, τύπος δαπέδων μωσαϊκό & ξύλο, ανεξάρτητη κουζίνα, πόρτα ασφαλείας, θυροτηλεόραση, εντός σχεδίου, οικιστική ζώνη, πρόσβαση: άσφαλτο, πλησίον μετρό/ηλεκτρικός (έως 1000μ), πλησίον στάση λεωφορείου/τρόλεϋ (έως 100μ), πλησίον super market (έως 500μ).<br />
Το διαμέρισμα είναι διαμπερές, προσόψεως και πλήρως επιπλωμένο, ενώ έχει ανακαινιστεί το έτος 2023 (έτος κατασκευής 1968).<br />
-  Αποτελείται από δύο υπνοδωμάτια, ένα μπάνιο εξοπλισμένο με πλυντήριο ρούχων, ενιαίο χώρο καθιστικού–τραπεζαρίας με συρρόμενη πόρτα, ξεχωριστή κουζίνα πλήρως εξοπλισμένη με ηλεκτρικές συσκευές, μικρό αποθηκευτικό χώρο, καθώς και δύο μπαλκόνια.<br />
- Διαθέτει κλιματισμό σε όλα τα δωμάτια, κεντρική θέρμανση φυσικού αερίου, πόρτα ασφαλείας, κουφώματα αλουμινίου, θυροτηλέφωνο με κάμερα και δάπεδα παρκέ.<br />
-Το κτίριο δεν διαθέτει ανελκυστήρα.<br />
- Το διαμέρισμα διατίθεται αποκλειστικά επιπλωμένο.<br />
<br />
Τιμή €950 (κωδ. 154611) +30 2109229965 GRAND ESTATE<br />
| Το στίγμα στο χάρτη δεν υποδεικνύει την ακριβή θέση του ακινήτου αλλά σημείο πλησίον του. Δείτε περισσότερα ακίνητα στο site μας www.grandestate.gr",,"0",,"0","10","1","0","2026-03-31","6","11","0","yes","no","0","Αθήνα - Κέντρο (Αττική)","Ιστορικό Κέντρο (Αθήνα - Κέντρο)","1","105103","100","6008","2014","Double","1","2","0","0","1","1219644443","https://m3.spitogatos.gr/349349345_1600x1200.jpg?v=20130730","https://m1.spitogatos.gr/349349361_1600x1200.jpg?v=20130730","https://m2.spitogatos.gr/349349362_1600x1200.jpg?v=20130730","https://m3.spitogatos.gr/349349363_1600x1200.jpg?v=20130730","https://m2.spitogatos.gr/349349365_1600x1200.jpg?v=20130730","https://m1.spitogatos.gr/349349367_1600x1200.jpg?v=20130730","https://m2.spitogatos.gr/349349368_1600x1200.jpg?v=20130730","https://m3.spitogatos.gr/349349369_1600x1200.jpg?v=20130730","https://m2.spitogatos.gr/349349380_1600x1200.jpg?v=20130730",,,,,,,,,,,,,,,,,"0","0","2","1","37.974545","1","1","23.713604",,"0",,,"2026-07-31","0","0",,"0","0","1",,,"0","0","0",,"0","0","0","950",,,"0","0","0","0","12.18",,,"1","3","6","1","1","2023","0","1","2","0","1","0","78","1",,,"0","1","0","2026-03-31","https://www.spitogatos.gr/en/property/1219644443",,"1",,"1968",,"residential"
"0","1","no","simple","1","Θεόδωρος","89645","Ταρλαγιάς",,"0","0","0","0","2023-07-29","0","0","0","1","0",,,"house",,"0","0","Ζήστε την καρδιά της Αθήνας στο ιστορικό κέντρο, Θησείο, με αυτό το ανακαινισμένο διαμέρισμα 45τ.μ. στον 1ο όροφο, προσβάσιμο μέσω ασανσέρ. Απολαύστε τη ζεστασιά της κεντρικής θέρμανσης φυσικού αερίου σε ένα σπίτι που συνδυάζει αρμονικά το παρελθόν και το παρόν, κατασκευασμένο το 1970 με σύγχρονα κουφώματα αλουμινίου. Η κατοικία διαθέτει 1 υπνοδωμάτιο και μπάνιο, ιδανικό για όσους αναζητούν μια κομψή και άνετη διαμονή.<br><br />
Κωδικός Ακινήτου: #877290<br>",,"0",,"1","10","0","0","2026-07-13","6",,"0","no","no","0","Αθήνα - Κέντρο (Αττική)","Ιστορικό Κέντρο (Αθήνα - Κέντρο)","1","105103","100","6008","2014",,"2","2","0","0","1","1220365986","https://m1.spitogatos.gr/361443102_1600x1200.jpg?v=20130730","https://m1.spitogatos.gr/361443105_1600x1200.jpg?v=20130730","https://m3.spitogatos.gr/361443107_1600x1200.jpg?v=20130730","https://m1.spitogatos.gr/361443108_1600x1200.jpg?v=20130730","https://m3.spitogatos.gr/361443110_1600x1200.jpg?v=20130730","https://m2.spitogatos.gr/361443112_1600x1200.jpg?v=20130730","https://m3.spitogatos.gr/361443113_1600x1200.jpg?v=20130730","https://m2.spitogatos.gr/361443115_1600x1200.jpg?v=20130730","https://m1.spitogatos.gr/361443117_1600x1200.jpg?v=20130730","https://m1.spitogatos.gr/361443120_1600x1200.jpg?v=20130730","https://m2.spitogatos.gr/361443124_1600x1200.jpg?v=20130730",,,,,,,,,,,,,,,"0","0","2","0","37.975239","1","0","23.716669",,"0",,,"2026-07-29","0","0",,"0","0","1",,"3","0","0","0",,"0","0","0","550",,,"0","0","0","0","12.22",,,"1","3","6","1","1","2021","0",,"1","0","0","0","45","0",,,"0","1","0","2026-07-13","https://www.spitogatos.gr/en/property/1220365986",,"0",,"1970",,
"1","1","no","simple","1",,,,,"1","0","0","0","2026-06-29","0","0","0","0","1","0",,"house","0","10","0","Διαμέρισμα Προς Ενοικίαση, όροφος: 1ος, στην περιοχή: Ιστορικό Κέντρο - Θησείο. Το εμβαδόν του ακινήτου είναι 60 τ.μ.. Αποτελείται από: 1 Υ/Δ, 1 μπάνιο/α, 1 κουζίνα/ες, 1 σαλόνι/α. Έχει κατασκευαστεί το 1972 και ανακαινίστηκε το 2024. Η θέρμανση του ακινήτου είναι Αυτόνομη με Ρεύμα, ενώ επίσης διατίθεται Κλιματισμός, έχει κουφώματα Αλουμινίου με Διπλά τζάμια, ενεργειακό πιστοποιητικό: Ε και τα δάπεδα είναι: Ξύλο, Μάρμαρο. Η κατάστασή του είναι: Ανακαινισμένο, Πολύ καλή, βρίσκεται κοντά σε Ηλεκτρικό, Συγκοινωνίες, Εκκλησία, Super Market, Αγορά, έχει θέα Καλή, Αστικό τοπίο. Το ακίνητο είναι Επιπλωμένο, Φωτεινό, Ευάερο, Ευήλιο, Διαμπερές, είναι κατάλληλο για Φοιτητές και επίσης διαθέτει τα παρακάτω χαρακτηριστικά και πλεονεκτήματα: Ασανσέρ, Ηλεκτρ. Συσκευές, Νυχτερινό Ρεύμα, Ησυχη γειτονιά, Βεράντα.Ενοικιάζεται ως έχει μετά των επίπλων 1.000 ευρώ ή χωρίς έπιπλα 900 ευρώ.  Τιμή: €1.000. Zirogiannis Real Estate (Παλλήνη), Τηλέφωνο Επικοινωνίας: 2106666690, email: mesitika@zirogianni.gr, zirogianni@gmail.com, website: http://www.zirogianni.gr/",,,"0","1","7","0","0","2026-06-29","6","6","0","yes","no","0","Αθήνα - Κέντρο (Αττική)","Ιστορικό Κέντρο (Αθήνα - Κέντρο)","1","105103","100","6008","2014","Double","1","4","0","0","1","1220262771","https://m1.spitogatos.gr/359803791_1600x1200.jpg?v=20130730","https://m2.spitogatos.gr/359803792_1600x1200.jpg?v=20130730","https://m2.spitogatos.gr/359803798_1600x1200.jpg?v=20130730","https://m3.spitogatos.gr/359803799_1600x1200.jpg?v=20130730","https://m3.spitogatos.gr/359803802_1600x1200.jpg?v=20130730","https://m3.spitogatos.gr/359803805_1600x1200.jpg?v=20130730","https://m2.spitogatos.gr/359803810_1600x1200.jpg?v=20130730","https://m1.spitogatos.gr/359803818_1600x1200.jpg?v=20130730","https://m1.spitogatos.gr/359803824_1600x1200.jpg?v=20130730","https://m2.spitogatos.gr/359803828_1600x1200.jpg?v=20130730","https://m2.spitogatos.gr/359803837_1600x1200.jpg?v=20130730","https://m3.spitogatos.gr/359803844_1600x1200.jpg?v=20130730","https://m2.spitogatos.gr/359803852_1600x1200.jpg?v=20130730",,,,,,,,,,,,,"0","0","2","1","37.973923","1","1","23.714903",,"0","0","0","2026-07-06","0","0",,"1","0","1",,,"0","0","0",,"0","0","0","1000",,,"0","0","0","0","16.67",,,"1","3","6","1","1","2024","0","1","1","0","0","0","60","0",,,"1","1","0","2026-06-29","https://www.spitogatos.gr/en/property/1220262771",,"1","0","1972",,"residential"
"1","Ground Floor","yes","simple","1","constance","62526","Perrin","+306951953995","1","1",,"0","2025-11-01","0","1",,"0","1","0",,"house","0","0","1","Ενοικιάζεται: Εντυπωσιακή Ανακαινισμένη Νεοκλασική Κατοικία στην Καρδιά του Θησείου<br />
<br />
Αυτή η πανέμορφα ανακαινισμένη νεοκλασική κατοικία είναι τώρα διαθέσιμη προς ενοικίαση στη γοητευτική και ιστορική γειτονιά του Θησείου, στα σύνορα με τα Πετράλωνα, μόλις λίγα λεπτά με τα πόδια από την Ακρόπολη και τους ζωντανούς πεζόδρομους του κέντρου της Αθήνας.<br />
<br />
Καταλαμβάνοντας ολόκληρο όροφο και σχεδιασμένη με προσοχή ώστε να συνδυάζει άνεση και κομψότητα, αυτή η μοναδική κατοικία προσφέρει:<br />
<br />
Τρία υπνοδωμάτια<br />
<br />
Τρία μοντέρνα μπάνια, υψηλής αισθητικής και ποιότητας<br />
<br />
Φωτεινό καθιστικό<br />
<br />
Τραπεζαρία<br />
<br />
Πλήρως εξοπλισμένη κουζίνα με ηλεκτρικές συσκευές NEFF υψηλής ποιότητας<br />
<br />
Χώρο γραφείου σε πατάρι, ιδανικό για εργασία από το σπίτι<br />
<br />
Εσωτερική αυλή<br />
<br />
Ιδιωτική ταράτσα<br />
<br />
Η διαρρύθμιση του σπιτιού είναι ταυτόχρονα λειτουργική και ευέλικτη. Χωρίζεται από την εσωτερική αυλή, η οποία δημιουργεί δύο ξεχωριστές ενότητες: από τη μία πλευρά το κύριο σπίτι με τους βασικούς χώρους διαβίωσης και ύπνου, και από την άλλη ένα πλήρως ανεξάρτητο υπνοδωμάτιο με το δικό του μπάνιο — ιδανικό για φιλοξενούμενους, συγγενείς ή ως ιδιωτικό χώρο εργασίας.<br />
<br />
Η πρόσφατη πλήρης ανακαίνιση ολοκληρώθηκε με τη μέγιστη προσοχή στη λεπτομέρεια και σεβασμό στα αυθεντικά αρχιτεκτονικά χαρακτηριστικά του σπιτιού. Θα βρείτε εντυπωσιακά ψηλά ταβάνια, εμφανή πέτρινα τοιχώματα και κομψά νεοκλασικά στοιχεία που συνδυάζονται αρμονικά με τις σύγχρονες ανέσεις.<br />
<br />
Το ακίνητο διαθέτει κεντρική θέρμανση φυσικού αερίου και κεντρικό κλιματισμό, διπλά τζάμια για άνεση καθ’ όλη τη διάρκεια του έτους και ενεργειακό πιστοποιητικό κατηγορίας Β.<br />
<br />
Μια σπάνια ευκαιρία να ενοικιάσετε μια κατοικία με ιδιαίτερο χαρακτήρα, που συνδυάζει ιστορική γοητεία και σύγχρονη διαβίωση σε μία από τις πιο επιθυμητές περιοχές της Αθήνας. Διαθέσιμο και κλειστός χώρος στάθμευσης σε απόσταση 2 λεπτών με τα πόδια.",,,,"0","4","1","1","2025-10-27","3","4","1","no","yes",,"Αθήνα - Κέντρο (Αττική)","Ιστορικό Κέντρο (Αθήνα - Κέντρο)","1","105103","100","6008","2014","Double","1","2","0",,"1","1218474992","https://m3.spitogatos.gr/351664847_1600x1200.jpg?v=20130730","https://m3.spitogatos.gr/342193736_1600x1200.jpg?v=20130730","https://m2.spitogatos.gr/331684165_1600x1200.jpg?v=20130730","https://m3.spitogatos.gr/331684172_1600x1200.jpg?v=20130730","https://m1.spitogatos.gr/342193965_1600x1200.jpg?v=20130730","https://m3.spitogatos.gr/351665540_1600x1200.jpg?v=20130730","https://m1.spitogatos.gr/331684164_1600x1200.jpg?v=20130730","https://m1.spitogatos.gr/331684155_1600x1200.jpg?v=20130730","https://m2.spitogatos.gr/331684147_1600x1200.jpg?v=20130730","https://m1.spitogatos.gr/342194772_1600x1200.jpg?v=20130730","https://m2.spitogatos.gr/331684171_1600x1200.jpg?v=20130730","https://m1.spitogatos.gr/331684167_1600x1200.jpg?v=20130730","https://m1.spitogatos.gr/351665103_1600x1200.jpg?v=20130730","https://m3.spitogatos.gr/331684154_1600x1200.jpg?v=20130730","https://m3.spitogatos.gr/331684160_1600x1200.jpg?v=20130730","https://m3.spitogatos.gr/331684148_1600x1200.jpg?v=20130730","https://m3.spitogatos.gr/331684151_1600x1200.jpg?v=20130730","https://m2.spitogatos.gr/331684162_1600x1200.jpg?v=20130730","https://m3.spitogatos.gr/331684163_1600x1200.jpg?v=20130730","https://m2.spitogatos.gr/331684153_1600x1200.jpg?v=20130730","https://m3.spitogatos.gr/351665318_1600x1200.jpg?v=20130730","https://m3.spitogatos.gr/331684622_1600x1200.jpg?v=20130730","https://m2.spitogatos.gr/331684168_1600x1200.jpg?v=20130730","https://m2.spitogatos.gr/334352893_1600x1200.jpg?v=20130730",,"1",,"1","1","37.973801","1","1","23.714701",,"1","0",,"2026-07-30","0","1",,,"0","3","1",,"1",,"1",,"1","0",,"2300",,,"0","0","0","0","17.69",,,"1",,,"1","1","2025","0","1","3",,"1","0","130",,,,,"4","0","2025-10-27","https://www.spitogatos.gr/en/property/1218474992",,"1","1","1870",,"residential"
"1","1",,"simple","1",,,,,"1","0","0","0","2026-07-31","0","0","0","0","1",,,"house",,,"0","Θησείο: Πολυτελές, Πλήρως Επιπλωμένο Διαμέρισμα 65τ.μ. (4ος ορ.) - Βήματα από Ακρόπολη & ΗΣΑΠ! Ενεργειακή Κλάση Α.""<br />
Thissio, Athens: Modern 1-Bedroom Furnished Apartment (65sqm, 4th Fl) - Steps from Acropolis & Metro! Energy Class A.""<br />
Ζήστε την απόλυτη αστική εμπειρία στο Θησείο, στην καρδιά του Ιστορικού Κέντρου της Αθήνας. Αυτό το εξαιρετικό, πλήρως επιπλωμένο διαμέρισμα 65 τ.μ., στον 1ο όροφο, σας περιμένει να ανακαλύψετε την άνεση και την κομψότητα σε μία από τις πιο περιζήτητες γειτονιές της πόλης.""<br />
Κατασκευής 2009, διαθέτει ενεργειακή κλάση Α και αυτόνομη θέρμανση με ηλεκτρικό ρεύμα, εξασφαλίζοντας χαμηλά έξοδα και βιώσιμη διαβίωση. Αποτελείται από ένα άνετο υπνοδωμάτιο με ξύλινο δάπεδο, ένα μοντέρνο μπάνιο και μια πλήρως εξοπλισμένη κουζίνα. Τα κουφώματα αλουμινίου με διπλά τζάμια, ο κλιματισμός και η θωρακισμένη πόρτα προσφέρουν ασφάλεια και ηχομόνωση. Η τοποθεσία είναι ιδανική: μόλις 100 μέτρα από τον σταθμό ΗΣΑΠ Θησείου και 800 μέτρα από την Ακρόπολη, προσφέροντας άμεση πρόσβαση σε μέσα μαζικής μεταφοράς, πολιτιστικά μνημεία, εστιατόρια, καφέ και την αγορά. Ιδανικό για απαιτητικούς επαγγελματίες, στελέχη, expats και digital nomads που αναζητούν ένα 'ready-to-move-in' σπίτι με όλες τις ανέσεις, σε ένα ζωντανό και κοσμοπολίτικο περιβάλλον.<br />
Μην χάσετε την ευκαιρία! Επικοινωνήστε σήμερα για να προγραμματίσετε την προσωπική σας ξενάγηση στο νέο σας σπίτι στην Αθήνα. Η τιμή ενοικίασης ανέρχεται στα 1.000,00 € και περιλαμβάνει internet και κατανάλωση νερού. Διαθεσιμότητα ενοικίασης απο 01 Αυγ 2026 για διάστημα 6 μήνες -1 χρόνο.<br />
Κωδικός ακινήτου: ATS04767",,"1",,"1","2","1","0","2026-07-08","6","2",,"yes","no","0","Αθήνα - Κέντρο (Αττική)","Ιστορικό Κέντρο (Αθήνα - Κέντρο)","1","105103","100","6008","2014",,"1","4","0","0","1","1220334791","https://m3.spitogatos.gr/360959360_1600x1200.jpg?v=20130730","https://m1.spitogatos.gr/360959361_1600x1200.jpg?v=20130730","https://m2.spitogatos.gr/360959362_1600x1200.jpg?v=20130730","https://m3.spitogatos.gr/360959363_1600x1200.jpg?v=20130730","https://m1.spitogatos.gr/360959364_1600x1200.jpg?v=20130730","https://m2.spitogatos.gr/360959365_1600x1200.jpg?v=20130730","https://m3.spitogatos.gr/360959366_1600x1200.jpg?v=20130730","https://m1.spitogatos.gr/360959367_1600x1200.jpg?v=20130730","https://m2.spitogatos.gr/360959368_1600x1200.jpg?v=20130730","https://m3.spitogatos.gr/360959369_1600x1200.jpg?v=20130730","https://m1.spitogatos.gr/360959370_1600x1200.jpg?v=20130730","https://m2.spitogatos.gr/360959371_1600x1200.jpg?v=20130730","https://m3.spitogatos.gr/360959372_1600x1200.jpg?v=20130730","https://m1.spitogatos.gr/360959373_1600x1200.jpg?v=20130730","https://m2.spitogatos.gr/360959374_1600x1200.jpg?v=20130730",,,,,,,,,,,"0","0",,"1","37.975784","4","0","23.718452",,"1",,,"2026-08-01","0","0",,"0","0","1",,"5","1","0","0",,"0","0","0","1000",,,"0","0","0","0","15.38",,,"1","3","6","1","0",,"0",,"1","0","1","0","65","0",,,"0","1","0","2026-07-08","https://www.spitogatos.gr/en/property/1220334791",,,,"2009",,
"1","2","no","simple","1",,,,,"1","0","0","0","2026-06-29","0","1","0","0","1","0",,"house",,,"1","Κωδικός ακινήτου: 65-20027 - Ιστορικό Κέντρο Θησείο  ΕΝΟΙΚΙΑΖΕΤΑΙ     μεζονέτα  2 επιπέδων συνολικής επιφάνειας 155.00 τ.μ.  . Αποτελείται από 2 υπνοδωμάτια, σαλόνι, κουζίνα, μπάνιο και WC. Είναι κατασκευασμένη το 1990 με ενεργειακή κλάση Α  και διαθέτει θέρμανση αυτόνομη - φυσικού αερίου,  κουφώματα αλουμινίου, πατώματα από πλακάκι και ξύλο, πόρτα ασφαλείας, εντοιχιζόμενες ντουλάπες, αποθήκη 5 τ.μ., A/C, τέντες, σίτες, διπλά τζάμια, δορυφορική κεραία, ανοιχτωσιά, εσωτερική σκάλα      - Τιμή: 1.600 €  <br>Εξαιρετική μεζονέτα 2ου και 3ου ορόφου σε άριστη κατάσταση, φωτεινή 10 λεπτά μόλις από τον σταθμό του μετρό στα Πετράλωνα, πολύ κοντά σε καταστήματα, σούπερ μάρκετ, σχολεία καθώς και στο Σύνταγμα. Διαθέτει ιδιωτική ταράτσα με αποθήκη. <br>",,,,"0","2","0","0","2026-06-29","7","10","0","no","no","0","Αθήνα - Κέντρο (Αττική)","Ιστορικό Κέντρο (Αθήνα - Κέντρο)","1","105103","100","6008","2014","Double","1","2","0","0","1","1220264246","https://m1.spitogatos.gr/359822463_1600x1200.jpg?v=20130730","https://m3.spitogatos.gr/359822468_1600x1200.jpg?v=20130730","https://m3.spitogatos.gr/359822474_1600x1200.jpg?v=20130730","https://m2.spitogatos.gr/359822491_1600x1200.jpg?v=20130730","https://m2.spitogatos.gr/359822494_1600x1200.jpg?v=20130730","https://m2.spitogatos.gr/359822500_1600x1200.jpg?v=20130730","https://m1.spitogatos.gr/359822508_1600x1200.jpg?v=20130730","https://m2.spitogatos.gr/359822515_1600x1200.jpg?v=20130730","https://m2.spitogatos.gr/359822524_1600x1200.jpg?v=20130730","https://m3.spitogatos.gr/359822531_1600x1200.jpg?v=20130730",,,,,,,,,,,,,,,,"1","0","2","1","37.974461","2","1","23.714289",,"0",,,"2026-07-14","0","0",,"0","1","1",,,"1","0","1",,"0","0","0","1600",,,"0","0","0","0","10.32",,,"1","3","6","1","0",,"0","7","2","1","1","0","155","1","5",,"0","3","0","2026-06-29","https://www.spitogatos.gr/en/property/1220264246",,"0","0","1990",,"residential"
