"AC","Floor Level","accessibleForDisabled","adType_code","adType_id","agentEmployee_firstName","agentEmployee_id","agentEmployee_lastName","agentEmployee_telephone","airy","alarm","attic","auction","availability","availableForDailyRent","awning","balcony","balconyArea","bright","builtInBBQ","byTheSea","category","caveBuilding","commonExpenses","corner","description","distanceSea","doubleGlass","electricCarChargingFacilities","elevator","energyClass","facade","fireplace","firstPublishDate","floorNumber","floorType","forCommercialUse","furnished","garage","garden","geographiesByLevel_2_fullName","geographiesByLevel_4_fullName","geographyParentIds_0","geographyParentIds_1","geographyParentIds_2","geographyParentIds_4","geographyParentIds_5","glassType","heatingController","heatingMedium","heatingUnderFloor","holidayHome","host_id","id","images/0","images/1","images/2","images/3","images/4","images/5","images/6","images/7","images/8","images/9","images/10","images/11","images/12","images/13","images/14","images/15","images/16","images/17","images/18","images/19","images/20","images/21","images/22","images/23","images/24","internal_stairs","investment","joinery","kitchens","latitude","leased","levels","livingRooms","longitude","lotSize","luxHome","mannedReception","medicalOffice","modified","negotiablePrice","neoclassic","newDevelopment","nightPower","no_of_WC","no_of_bathrooms","numberOfFloors","orientation","painted","penthouse","pestNet","petsAllowed","playroom","pool","preserved","price","priceChangeDate","priceChangePercentage","priceIncludesInternet","priceIncludesPower","priceIncludesSharedExp","priceIncludesWater","pricePerSqMeters","pricePreReduction","priceReduced","propertyPublishingOptionIds/0","propertyPublishingOptionIds/1","propertyPublishingOptionIds/2","published","renovated","renovationYear","requiresRenovation","road_type","rooms","satelite","secure_door","shortTermLetting","solar_heater","sq_meters","storage","storageArea","streetAddress","studentHome","subtype","unfinished","uploaded","url","view","wholeFloorApartment","year_of_construction","youtubeVideoId","zoning"
"1","2","no","simple","1",,,,,"1","0","0","0","2026-07-22","0","1","1","0","1","0",,"house",,,"0","Κωδικός ακινήτου: 38-4715 - Άγιος Δημήτριος Σούλι  ΕΝΟΙΚΙΑΖΕΤΑΙ  κατά αποκλειστικότητα  επιπλωμένο διαμέρισμα  στον 2 ο όροφο συνολικής επιφάνειας 60.00 τ.μ.  . Αποτελείται από 1 υπνοδωμάτιο,  σαλοκουζίνα, μπάνιο . Είναι κατασκευασμένο το 1984 με ενεργειακή κλάση Ε  και διαθέτει θέρμανση κεντρική - φυσικό αέριο, θέα σε αστικό τοπίο, κουφώματα αλουμινίου συρόμενα, πατώματα από μάρμαρο και ξύλο, πόρτα ασφαλείας, εντοιχιζόμενες ντουλάπες, ανελκυστήρα, πάρκινγκ, A/C, ηλεκτρικές συσκευές, τέντες, διπλά τζάμια, ηλιακό θερμοσίφωνα, θυροτηλεόραση, ανοιχτωσιά     απόσταση από μετρό 1500 μέτρα - Τιμή: 650 €  <br>Ενοικιάζεται εξαιρετικό, φωτεινό διαμέρισμα 2ου ορόφου, συνολικής επιφάνειας 60 τ.μ., το οποίο διατίθεται <strong data-path-to-node=""3"" data-index-in-node=""106"">πλήρως επιπλωμένο και εξοπλισμένο</strong>, έτοιμο για άμεση κατοίκηση. Το ακίνητο, κατασκευής 1984 (ενεργειακής κλάσης Ε), διαθέτει ένα ολικά ανακαινισμένο, σύγχρονο μπάνιο υψηλής αισθητικής, καθώς και ολοκαίνουργιες ηλεκτρικές συσκευές που καλύπτουν κάθε ανάγκη της καθημερινότητας.Η εσωτερική διαρρύθμιση είναι εξαιρετικά εργονομική, περιλαμβάνοντας ένα άνετο υπνοδωμάτιο με εντοιχιζόμενες ντουλάπες, έναν ενιαίο και καλαίσθητο χώρο σαλοκουζίνας, καθώς και το ανακαινισμένο μπάνιο. Τα δάπεδα συνδυάζουν τη διαχρονική πολυτέλεια του μαρμάρου με τη ζεστασιά του ξύλου, ενώ ο προσανατολισμός του διαμερίσματος προσφέρει ανεμπόδιστη ανοιχτωσιά και ευχάριστη θέα στο αστικό τοπίο.Στον εξοπλισμό και τις παροχές του περιλαμβάνονται κεντρική θέρμανση φυσικού αερίου, κλιματισμός (A/C), ηλιακός θερμοσίφωνας για μέγιστη εξοικονόμηση ενέργειας, κουφώματα αλουμινίου συρόμενα με διπλά τζάμια, καθώς και τέντες. Παράλληλα, το διαμέρισμα εξασφαλίζει υψηλό επίπεδο ασφάλειας και άνεσης χάρη στην πόρτα ασφαλείας, τη θυροτηλεόραση, την ύπαρξη ανελκυστήρα και τη <strong data-path-to-node=""5"" data-index-in-node=""373"">θέση στάθμευσης.<br><br></strong>Πρόκειται για μια ιδανική επιλογή που συνδυάζει την πλήρη αυτονομία, τις σύγχρονες παροχές και μια εξαιρετικά πρακτική διαρρύθμιση<strong data-path-to-node=""5"" data-index-in-node=""373"">.</strong> <br>Τηλ: (+30)210 2201935 ,  e-mail: info@remaxlysis.com<br />
www.remax-lysis.gr<br />
<br />
| Οι πληροφορίες και τα χαρακτηριστικά των ακινήτων έχουν καταχωρηθεί βάσει των πληροφοριών και στοιχείων που προσκόμισε ο εντολέας.<br />
| Το σημείο στο χάρτη δεν ανταποκρίνεται στην πραγματική διεύθυνση του ακινήτου.<br />
| Όλα τα ακίνητα που προβάλλουμε μέσω internet είναι διαθέσιμα, καθώς γίνεται συνεχής ενημέρωση και αποσύρονται τα μη διαθέσιμα.<br />
| Κατά την υπόδειξη του ακινήτου είναι απαραίτητη η αστυνομική ταυτότητα ή ο Α.Φ.Μ, σύμφωνα με τον Νόμο Ν.4072/2012 - ΦΕΚ 86/Α/11-4-2012",,,,"1","7","1","0","2026-07-28","7","6","0","yes","yes","0","Αθήνα - Νότια Προάστια (Αττική)","Άγιος Δημήτριος (Αθήνα - Νότια Προάστια)","1","105103","102","2200","106294","Double","2","2","0","0","1","1220507569","https://m1.spitogatos.gr/363558948_1600x1200.jpg?v=20130730","https://m1.spitogatos.gr/363558951_1600x1200.jpg?v=20130730","https://m3.spitogatos.gr/363558956_1600x1200.jpg?v=20130730","https://m2.spitogatos.gr/363558958_1600x1200.jpg?v=20130730","https://m2.spitogatos.gr/363558961_1600x1200.jpg?v=20130730","https://m3.spitogatos.gr/363558965_1600x1200.jpg?v=20130730","https://m2.spitogatos.gr/363558967_1600x1200.jpg?v=20130730","https://m1.spitogatos.gr/363558969_1600x1200.jpg?v=20130730","https://m2.spitogatos.gr/363558970_1600x1200.jpg?v=20130730","https://m3.spitogatos.gr/363558971_1600x1200.jpg?v=20130730","https://m1.spitogatos.gr/363558972_1600x1200.jpg?v=20130730","https://m2.spitogatos.gr/363558973_1600x1200.jpg?v=20130730","https://m3.spitogatos.gr/363558974_1600x1200.jpg?v=20130730","https://m1.spitogatos.gr/363558975_1600x1200.jpg?v=20130730","https://m2.spitogatos.gr/363558976_1600x1200.jpg?v=20130730","https://m3.spitogatos.gr/363558977_1600x1200.jpg?v=20130730","https://m1.spitogatos.gr/363558978_1600x1200.jpg?v=20130730","https://m2.spitogatos.gr/363558979_1600x1200.jpg?v=20130730","https://m3.spitogatos.gr/363558980_1600x1200.jpg?v=20130730","https://m1.spitogatos.gr/363558981_1600x1200.jpg?v=20130730","https://m2.spitogatos.gr/363558982_1600x1200.jpg?v=20130730","https://m3.spitogatos.gr/363558983_1600x1200.jpg?v=20130730","https://m1.spitogatos.gr/363558984_1600x1200.jpg?v=20130730","https://m2.spitogatos.gr/363558985_1600x1200.jpg?v=20130730","https://m2.spitogatos.gr/363558988_1600x1200.jpg?v=20130730","0","0","2","1","37.926079",,,"1","23.732035",,"0",,,"2026-07-28","0","0",,"0","0","1",,"7","1","0","0",,"0","0","0","650",,,"0","0","0","0","10.83",,,"1","3","6","1","0",,"0","2","1","0","1",,"1","60","0",,"","1","1","0","2026-07-28","https://www.spitogatos.gr/en/property/1220507569","1","0","1984","A1csNTVAyfM","residential"
"0","3","no","simple","1",,,,,"0","1","0","0","2026-05-19","0","1","1","18","1","0","false","house","0","0","0","Κωδικός Ακινήτου: #11699  Άγιος Δημήτριος, Εθνικής Αντιστάσεως: Ενοικιάζεται εξαιρετικό, πλήρως ανακαινισμένο και επιπλωμένο διαμέρισμα 155 τ.μ. στον 3ο όροφο πολυκατοικίας χωρίς ασανσέρ, σε ιδιαίτερα βολική τοποθεσία με άμεση πρόσβαση σε μέσα μαζικής μεταφοράς. Το ακίνητο συνδυάζει άνεση, αισθητική και λειτουργικότητα, αποτελώντας ιδανική επιλογή για οικογένεια ή επαγγελματίες που αναζητούν έναν ποιοτικό και έτοιμο προς κατοίκηση χώρο. Διαθέτει τρία ευρύχωρα υπνοδωμάτια, μεγάλο και φωτεινό σαλόνι, άνετη κουζίνα και δύο σύγχρονα μπάνια. Η κατοικία ξεχωρίζει για την προσεγμένη ανακαίνιση και τον πλήρη εξοπλισμό της, ενώ προσφέρει κουφώματα αλουμινίου με διπλά τζάμια, πόρτα ασφαλείας, συναγερμό, σίτες, τέντες και ηλιακό θερμοσίφωνα. Τα δάπεδα από πλακάκι και ξύλο προσδίδουν ζεστασιά και κομψότητα στους χώρους, δημιουργώντας ένα ιδιαίτερα φιλόξενο και υψηλής αισθητικής περιβάλλον διαβίωσης.<br><br />
 <br><br />
Τιμή 1.100€ | Κωδικός Ακινήτου: #11699<br><br />
 <br><br />
<br /> ΚΑΤΑ ΤΗΝ ΥΠΟΔΕΙΞΗ ΤΟΥ ΑΚΙΝΗΤΟΥ ΑΠΑΙΤΕΙΤΑΙ ΝΑ ΓΙΝΕΤΑΙ ΕΠΙΔΕΙΞΗ ΤΗΣ ΑΣΤΥΝΟΜΙΚΗΣ ΣΑΣ ΤΑΥΤΟΤΗΤΑΣ ΣΥΜΦΩΝΑ ΜΕ ΤΟΝ Ν.4072/11-04-2012 Φ.Ε.Κ 86Α<br /><br />ΤΑ ΣΤΟΙΧΕΙΑ ΤΩΝ ΑΚΙΝΗΤΩΝ ΕΙΝΑΙ ΚΑΤΑ ΔΗΛΩΣΗ ΤΟΥ ΙΔΙΟΚΤΗΤΗ<br /><br />ΑΚΙΝΗΤΑ ΑΠΟΚΛΕΙΣΤΙΚΗΣ ΔΙΑΘΕΣΗΣ ΜΕ ΦΩΤΟΓΡΑΦΙΕΣ ΠΟΥ ΔΙΑΧΕΙΡΙΖΕΤΑΙ Η ΕΤΑΙΡΙΑ ΜΑΣ ΘΑ ΒΡΕΙΤΕ ΣΤΗΝ ΙΣΤΟΣΕΛΙΔΑ ΜΑΣ<br /><br /> ►WEBSITE: www.tzelihome.gr<br /><br /> ✔ ΓΙΑ ΤΗΝ ΚΑΛΥΤΕΡΗ ΕΞΥΠΗΡΕΤΗΣΗ ΣΑΣ ΧΡΗΣΙΜΟΠΟΙΕΙΣΤΕ ΤΟΝ ΚΩΔΙΚΟ ΑΚΙΝΗΤΟΥ ΠΟΥ ΑΝΑΓΡΑΦΕΤΑΙ ΣΤΗΝ ΠΕΡΙΓΡΑΦΗ<br /> ✔ Η ΔΙΕΥΘΥΝΣΗ ΣΤΟΝ ΧΑΡΤΗ ΕΧΕΙ ΤΟΠΟΘΕΤΗΘΕΙ ΚΑΤΑ ΠΡΟΣΕΓΓΙΣΗ<br /> ✔ ΟΙ ΑΚΡΙΒΕΙΣ ΠΛΗΡΟΦΟΡΙΕΣ ΤΗΣ ΔΙΕΥΘΥΝΣΗΣ ΠΑΡΕΧΟΝΤΑΙ ΣΤΗΝ ΥΠΟΔΕΙΞΗ ΤΟΥ ΑΚΙΝΗΤΟΥ<br /><br /> ΜΕΣΙΤΙΚΟ ΓΡΑΦΕΙΟ TZELI HOME<br /> ΥΜΗΤΤΟΥ 41 , ΚΑΙΣΑΡΙΑΝΗ , ΤΚ 16121<br /><br /> ΕΠΙΚΟΙΝΩΝΗΣΤΕ ΜΑΖΙ ΜΑΣ:<br /> ►WEBSITE : www.tzelihome.gr<br /> ►E-MAIL : tzelihome@gmail.com<br /> ►ΚΙΝΗΤΟ : 6906.062.919 <br /> ►ΤΗΛΕΦΩΝΟ : 211.001.4573 & 211.001.4574<br>","3500",,"0","0","6","0","0","2026-05-19","8","10","0","yes","no","0","Αθήνα - Νότια Προάστια (Αττική)","Άγιος Δημήτριος (Αθήνα - Νότια Προάστια)","1","105103","102","2200","4615","Double","1","4","0","0","1","1219913629","https://m3.spitogatos.gr/353960438_1600x1200.jpg?v=20130730","https://m1.spitogatos.gr/353960439_1600x1200.jpg?v=20130730","https://m1.spitogatos.gr/353960442_1600x1200.jpg?v=20130730","https://m1.spitogatos.gr/353960445_1600x1200.jpg?v=20130730","https://m3.spitogatos.gr/353960450_1600x1200.jpg?v=20130730","https://m1.spitogatos.gr/353960454_1600x1200.jpg?v=20130730","https://m1.spitogatos.gr/353960478_1600x1200.jpg?v=20130730","https://m2.spitogatos.gr/353960482_1600x1200.jpg?v=20130730","https://m1.spitogatos.gr/353960487_1600x1200.jpg?v=20130730","https://m2.spitogatos.gr/353960491_1600x1200.jpg?v=20130730","https://m3.spitogatos.gr/353960495_1600x1200.jpg?v=20130730","https://m3.spitogatos.gr/353960498_1600x1200.jpg?v=20130730","https://m3.spitogatos.gr/353960501_1600x1200.jpg?v=20130730","https://m1.spitogatos.gr/353960505_1600x1200.jpg?v=20130730","https://m1.spitogatos.gr/353960508_1600x1200.jpg?v=20130730","https://m2.spitogatos.gr/353960512_1600x1200.jpg?v=20130730","https://m2.spitogatos.gr/353960515_1600x1200.jpg?v=20130730","https://m2.spitogatos.gr/353960518_1600x1200.jpg?v=20130730","https://m1.spitogatos.gr/353960520_1600x1200.jpg?v=20130730","https://m3.spitogatos.gr/353960522_1600x1200.jpg?v=20130730","https://m1.spitogatos.gr/353960526_1600x1200.jpg?v=20130730","https://m2.spitogatos.gr/353960530_1600x1200.jpg?v=20130730","https://m1.spitogatos.gr/353960532_1600x1200.jpg?v=20130730","https://m3.spitogatos.gr/353960534_1600x1200.jpg?v=20130730","https://m2.spitogatos.gr/353960536_1600x1200.jpg?v=20130730","0","0","2","1","37.94529",,"1","1","23.738455",,"0","0","0","2026-06-08","0","0",,"0","0","2",,"3","0","0","1",,"0","0","0","1100",,,"0","0","0","0","7.1",,,"1","3","6","1","1","2020","0","1","3","0","1",,"1","155","0",,,"0","1","0","2026-05-19","https://www.spitogatos.gr/en/property/1219913629","0",,"1980","pTOJISZY3zs","residential"
"1","3","yes","simple","1",,,,,"1","1","0","0","2025-10-21","0","0","1","20","0",,"false","house",,"50","0","ΦΩΤΕΙΝΗ ΚΑΙ ΕΥΡΥΧΩΡΗ ΟΡΟΦΟΜΕΖΟΝΕΤΑ ΔΥΟ ΕΠΙΠΕΔΩΝ 3ου/4ου ΣΕ ΗΣΥΧΗ ΓΕΙΤΟΝΙΑ ΤΗΣ ΠΕΡΙΟΧΗΣ ΤΟΥ ΑΓΙΟΥ ΔΗΜΗΤΡΙΟΥ. ΠΛΗΣΙΟΝ ΑΓΟΡΑΣ , ΣΧΟΛΕΙΩΝ , ΧΩΡΩΝ ΠΡΑΣΙΝΟΥ ΚΑΙ ΠΕΖΟΔΡΟΜΟΥ ΚΑΘΩΣ ΚΑΙ ΑΜΕΣΗ ΠΡΟΣΒΑΣΗ ΣΕ ΜΜΜ. ΔΙΑΘΕΤΕΙ  ΜΕΓΑΛΟ ΚΑΘΙΣΤΙΚΟ ΜΕ ΕΝΙΑΙΟ ΧΩΡΟ ΤΡΑΠΕΖΑΡΙΑΣ, 3 ΥΠΝΟΔΩΜΑΤΙΑ, 2 ΜΠΑΝΙΑ KAI 1WC ΜΕ ΦΥΣΙΚΟ ΕΞΑΕΡΙΣΜΟ, ΑΝΕΞΑΡΤΗΤΗ ΜΕΓΑΛΗ ΚΟΥΖΙΝΑ ΜΕ ΤΖΑΚΙ, ΠΑΡΑΘΥΡΟ ΚΑΙ ΕΞΟΔΟ ΣΕ ΜΠΑΛΚΟΝΙ ΚΑΘΩΣ ΚΑΙ ΜΕΓΑΛΕΣ ΒΕΡΑΝΤΕΣ. ΔΙΑΤΙΘΕΤΑΙ ΜΕΡΙΚΩΣ ΕΞΟΠΛΙΣΜΕΝΟ. ΑΜΕΣΑ ΔΙΑΘΕΣΙΜΟ - ΤΙΜΗ ΣΥΖΗΤΗΣΙΜΗ. <br />
Ενοικίαση, Μεζονέτα,  Μπάνια: 2,  WC: 1,  Εμβαδόν: 170 τ.μ.,  Δωμάτια: 3,  Έτος κατασκευής: 1989,  Κλιματισμός,  Θέα,  Βεράντα,  Ασανσέρ,  Επιπλωμένο,  Τζάκι,  Κήπος,  Εσωτερική σκάλα,  Ρετιρέ,  Ηλιακός θερμοσίφωνας,  Συναγερμός,  Όροφος: 3ος,  Πρόσοψης,  Διαμπερές,  Κουζίνες: 1,  Κουφώματα: Αλουμινίου,  Τύπος δαπέδων: Ξύλο,  Πρόσβαση για ΑΜΕΑ,  Eπίπεδα: 2,  Θέρμανση: Κεντρική θέρμανση,  Μέσο θέρμανσης: Πετρέλαιο,  Πρόσβαση από: Πεζόδρομο,  Ζώνη: Οικιστική ζώνη,  Ενεργειακή κλάση: Γ,  Προσανατολισμός: Ανατολικός,  Ρεύμα: Μονοφασικό,  Εμβαδό Μπαλκονιών: 20.00,  Απόσταση απο θάλασσα: 6000,  Μηνιαία κοινόχρηστα: 50","6000","0",,"1","5","1","1","2025-10-16","8","2","0","yes","no","1","Αθήνα - Νότια Προάστια (Αττική)","Άγιος Δημήτριος (Αθήνα - Νότια Προάστια)","1","105103","102","2200","4615",,"2","1","0","0","1","1218423847","https://m1.spitogatos.gr/330908562_1600x1200.jpg?v=20130730","https://m3.spitogatos.gr/330908564_1600x1200.jpg?v=20130730","https://m1.spitogatos.gr/330908568_1600x1200.jpg?v=20130730","https://m1.spitogatos.gr/330908571_1600x1200.jpg?v=20130730","https://m1.spitogatos.gr/330908574_1600x1200.jpg?v=20130730","https://m1.spitogatos.gr/330908577_1600x1200.jpg?v=20130730","https://m2.spitogatos.gr/330908581_1600x1200.jpg?v=20130730","https://m1.spitogatos.gr/330908586_1600x1200.jpg?v=20130730","https://m2.spitogatos.gr/330908590_1600x1200.jpg?v=20130730","https://m3.spitogatos.gr/330908594_1600x1200.jpg?v=20130730","https://m1.spitogatos.gr/330908598_1600x1200.jpg?v=20130730","https://m3.spitogatos.gr/330908603_1600x1200.jpg?v=20130730","https://m1.spitogatos.gr/330908607_1600x1200.jpg?v=20130730","https://m1.spitogatos.gr/330908610_1600x1200.jpg?v=20130730","https://m2.spitogatos.gr/330908614_1600x1200.jpg?v=20130730","https://m2.spitogatos.gr/330908617_1600x1200.jpg?v=20130730","https://m3.spitogatos.gr/330908621_1600x1200.jpg?v=20130730","https://m2.spitogatos.gr/330908626_1600x1200.jpg?v=20130730","https://m3.spitogatos.gr/330908630_1600x1200.jpg?v=20130730","https://m1.spitogatos.gr/330908631_1600x1200.jpg?v=20130730","https://m2.spitogatos.gr/330908632_1600x1200.jpg?v=20130730","https://m1.spitogatos.gr/330908634_1600x1200.jpg?v=20130730","https://m2.spitogatos.gr/330908635_1600x1200.jpg?v=20130730","https://m3.spitogatos.gr/330908636_1600x1200.jpg?v=20130730","https://m1.spitogatos.gr/330908637_1600x1200.jpg?v=20130730","1","0","2","1","37.94445",,"2","0","23.735826",,"0",,,"2025-10-21","0","0",,"0","1","2",,"1","0","1","0",,"0","0","0","1500",,,"0","0","0","0","8.82",,,"1","3","6","1","0",,"0","2","3","0","0",,"1","170","0",,"","0","3","0","2025-10-16","https://www.spitogatos.gr/en/property/1218423847","1",,"1989",,"residential"
"1","2","no","simple","1",,,,,"1","1","0","0","2026-07-23","0","0","1","0","1","0",,"house","0",,"0","Στην ιδιαίτερα προνομιακή περιοχή της Αμφιθέας Παλαιού Φαλήρου, διατίθεται προς ενοικίαση ένα εντυπωσιακό νεόδμητο διαμέρισμα 2ου ορόφου, συνολικής επιφάνειας 100 τ.μ., που συνδυάζει σύγχρονη αισθητική, υψηλή ενεργειακή απόδοση και άνετη καθημερινή διαβίωση.<br />
Το διαμέρισμα αποτελείται από τρία ευρύχωρα υπνοδωμάτια, δύο μοντέρνα μπάνια, άνετο και φωτεινό σαλόνι, καθώς και λειτουργική κουζίνα. Διαθέτει μία στεγασμένη θέση στάθμευσης και αποθήκη, προσφέροντας όλες τις ανέσεις μιας σύγχρονης κατοικίας.<br />
Κατασκευής 2026, διαθέτει ενεργειακή κλάση Α+, ατομική θέρμανση με fan coil, κλιματισμό, ενεργειακό τζάκι, κουφώματα αλουμινίου με ενεργειακά διπλά τζάμια και ποιοτικά δάπεδα από πλακάκι, εξασφαλίζοντας άριστη ενεργειακή απόδοση και χαμηλό κόστος λειτουργίας.<br />
Το ακίνητο είναι διαμπερές, ιδιαίτερα φωτεινό και ευάερο, με ανατολικομεσημβρινό προσανατολισμό και μεγάλες βεράντες που απολαμβάνουν ανεμπόδιστη πανοραμική θέα και ανοιχτωσιά.<br />
Επιπλέον διαθέτει:<br />
	●	Πόρτα ασφαλείας<br />
	●	Θυροτηλεόραση<br />
	●	Σύστημα συναγερμού<br />
	●	Σίτες<br />
	●	Ασανσέρ<br />
Η τοποθεσία του είναι εξαιρετική, καθώς βρίσκεται σε ήσυχη γειτονιά, πολύ κοντά στη θάλασσα και την παραλία, με άμεση πρόσβαση σε μέσα μαζικής μεταφοράς, σχολεία, παιδικούς σταθμούς, πλατείες, λαϊκή αγορά, super market, εμπορικό κέντρο, καταστήματα, χώρους εστίασης και διασκέδασης, καθώς και το λιμάνι και το κέντρο της πόλης.<br />
Μία μοναδική επιλογή για όσους αναζητούν μια πολυτελή, σύγχρονη κατοικία υψηλών προδιαγραφών σε μία από τις πιο δημοφιλείς περιοχές των νοτίων προαστίων.<br />
Τιμή Ενοικίασης: €1.500<br />
M & V REAL ESTATE Ο.Ε. 📞 694 462 5421 ✉️ info@mvrealestate.gr",,,"0","1","1","1","1","2026-07-23","7","10","0","no","no","1","Αθήνα - Νότια Προάστια (Αττική)","Άγιος Δημήτριος (Αθήνα - Νότια Προάστια)","1","105103","102","2200","106405","Double","4","9","0","1","1","1220462112","https://m3.spitogatos.gr/362916101_1600x1200.jpg?v=20130730","https://m3.spitogatos.gr/362916107_1600x1200.jpg?v=20130730","https://m3.spitogatos.gr/362916110_1600x1200.jpg?v=20130730","https://m1.spitogatos.gr/362916114_1600x1200.jpg?v=20130730","https://m2.spitogatos.gr/362916118_1600x1200.jpg?v=20130730","https://m1.spitogatos.gr/362916138_1600x1200.jpg?v=20130730","https://m3.spitogatos.gr/362916152_1600x1200.jpg?v=20130730","https://m3.spitogatos.gr/362916155_1600x1200.jpg?v=20130730","https://m3.spitogatos.gr/362916158_1600x1200.jpg?v=20130730","https://m3.spitogatos.gr/362916161_1600x1200.jpg?v=20130730","https://m2.spitogatos.gr/362916163_1600x1200.jpg?v=20130730","https://m3.spitogatos.gr/362916167_1600x1200.jpg?v=20130730","https://m1.spitogatos.gr/362916171_1600x1200.jpg?v=20130730","https://m3.spitogatos.gr/362916173_1600x1200.jpg?v=20130730","https://m3.spitogatos.gr/362916176_1600x1200.jpg?v=20130730","https://m3.spitogatos.gr/362916179_1600x1200.jpg?v=20130730","https://m2.spitogatos.gr/362916181_1600x1200.jpg?v=20130730","https://m2.spitogatos.gr/362916184_1600x1200.jpg?v=20130730","https://m2.spitogatos.gr/362916187_1600x1200.jpg?v=20130730","https://m3.spitogatos.gr/362916191_1600x1200.jpg?v=20130730","https://m3.spitogatos.gr/362916194_1600x1200.jpg?v=20130730","https://m3.spitogatos.gr/362916197_1600x1200.jpg?v=20130730","https://m1.spitogatos.gr/362916204_1600x1200.jpg?v=20130730","https://m2.spitogatos.gr/362916208_1600x1200.jpg?v=20130730","https://m2.spitogatos.gr/362916214_1600x1200.jpg?v=20130730","0","0","2","1","37.921631",,"1","1","23.720377",,"1","0","0","2026-08-01","0","0","1","0","0","2",,"3","0","0","1","1","0","0","0","1500",,,"0","0","0","0","15",,,"1","3","6","1","0",,"0",,"3","0","1",,"0","100","0",,,"0","1","0","2026-07-23","https://www.spitogatos.gr/en/property/1220462112","1","0","2026",,"residential"
"1","3","no","simple","1",,,,,"1","1","0","0","2026-07-15","0","0","1","0","1","0",,"house","0",,"0","Στην ιδιαίτερα προνομιακή περιοχή της Αμφιθέας Παλαιού Φαλήρου, διατίθεται προς ενοικίαση ένα εντυπωσιακό νεόδμητο διαμέρισμα 3ου ορόφου, συνολικής επιφάνειας 103 τ.μ., που συνδυάζει σύγχρονη αισθητική, υψηλή ενεργειακή απόδοση και άνετη καθημερινή διαβίωση.<br />
Το διαμέρισμα αποτελείται από τρία ευρύχωρα υπνοδωμάτια, δύο μοντέρνα μπάνια, άνετο και φωτεινό σαλόνι, καθώς και λειτουργική κουζίνα. Διαθέτει μία στεγασμένη θέση στάθμευσης και αποθήκη, προσφέροντας όλες τις ανέσεις μιας σύγχρονης κατοικίας.<br />
Κατασκευής 2026, διαθέτει ενεργειακή κλάση Α+, ατομική θέρμανση με fan coil, κλιματισμό, ενεργειακό τζάκι, κουφώματα αλουμινίου με ενεργειακά διπλά τζάμια και ποιοτικά δάπεδα από πλακάκι, εξασφαλίζοντας άριστη ενεργειακή απόδοση και χαμηλό κόστος λειτουργίας.<br />
Το ακίνητο είναι διαμπερές, ιδιαίτερα φωτεινό και ευάερο, με ανατολικομεσημβρινό προσανατολισμό και μεγάλες βεράντες που απολαμβάνουν ανεμπόδιστη πανοραμική θέα και ανοιχτωσιά.<br />
Επιπλέον διαθέτει:<br />
	●	Πόρτα ασφαλείας<br />
	●	Θυροτηλεόραση<br />
	●	Σύστημα συναγερμού<br />
	●	Σίτες<br />
	●	Ασανσέρ<br />
Η τοποθεσία του είναι εξαιρετική, καθώς βρίσκεται σε ήσυχη γειτονιά, πολύ κοντά στη θάλασσα και την παραλία, με άμεση πρόσβαση σε μέσα μαζικής μεταφοράς, σχολεία, παιδικούς σταθμούς, πλατείες, λαϊκή αγορά, super market, εμπορικό κέντρο, καταστήματα, χώρους εστίασης και διασκέδασης, καθώς και το λιμάνι και το κέντρο της πόλης.<br />
Μία μοναδική επιλογή για όσους αναζητούν μια πολυτελή, σύγχρονη κατοικία υψηλών προδιαγραφών σε μία από τις πιο δημοφιλείς περιοχές των νοτίων προαστίων.<br />
Τιμή Ενοικίασης: €1.500<br />
M & V REAL ESTATE Ο.Ε. 📞 694 462 5421 ✉️ info@mvrealestate.gr",,,"0","1","1","1","1","2026-07-15","8","4","0","no","yes","1","Αθήνα - Νότια Προάστια (Αττική)","Άγιος Δημήτριος (Αθήνα - Νότια Προάστια)","1","105103","102","2200","106405","Double","4","9","0","1","1","1220393054","https://m2.spitogatos.gr/362913628_1600x1200.jpg?v=20130730","https://m3.spitogatos.gr/362913629_1600x1200.jpg?v=20130730","https://m2.spitogatos.gr/362913631_1600x1200.jpg?v=20130730","https://m1.spitogatos.gr/362913636_1600x1200.jpg?v=20130730","https://m2.spitogatos.gr/362913646_1600x1200.jpg?v=20130730","https://m2.spitogatos.gr/362913649_1600x1200.jpg?v=20130730","https://m1.spitogatos.gr/362913651_1600x1200.jpg?v=20130730","https://m1.spitogatos.gr/362913654_1600x1200.jpg?v=20130730","https://m2.spitogatos.gr/362913655_1600x1200.jpg?v=20130730","https://m2.spitogatos.gr/362913658_1600x1200.jpg?v=20130730","https://m3.spitogatos.gr/362913671_1600x1200.jpg?v=20130730","https://m2.spitogatos.gr/362913676_1600x1200.jpg?v=20130730","https://m3.spitogatos.gr/362913683_1600x1200.jpg?v=20130730","https://m3.spitogatos.gr/362913689_1600x1200.jpg?v=20130730","https://m2.spitogatos.gr/362913694_1600x1200.jpg?v=20130730","https://m2.spitogatos.gr/362913700_1600x1200.jpg?v=20130730","https://m1.spitogatos.gr/362913705_1600x1200.jpg?v=20130730","https://m2.spitogatos.gr/362913712_1600x1200.jpg?v=20130730","https://m2.spitogatos.gr/362913715_1600x1200.jpg?v=20130730","https://m3.spitogatos.gr/362913719_1600x1200.jpg?v=20130730","https://m3.spitogatos.gr/362913722_1600x1200.jpg?v=20130730","https://m2.spitogatos.gr/362913724_1600x1200.jpg?v=20130730","https://m2.spitogatos.gr/362913727_1600x1200.jpg?v=20130730","https://m3.spitogatos.gr/362913731_1600x1200.jpg?v=20130730","https://m2.spitogatos.gr/362913739_1600x1200.jpg?v=20130730","0","0","2","1","37.921631",,"1","1","23.720377",,"1","0","0","2026-08-01","0","0","1","0","0","2",,"3","0","0","1","1","0","0","0","1500","2026-07-27 19:58:26","12","0","0","0","0","14.56","1700","true","1","3","6","1","0",,"0",,"3","0","1",,"0","103","0",,,"0","1","0","2026-07-15","https://www.spitogatos.gr/en/property/1220393054","1","0","2026",,"residential"
"1","Ground Floor","no","simple","1",,,,,"0","0","0","0","2026-07-08","0","1","1","0","1","0","false","house",,,"0","Κωδικός ακινήτου: 4-4657 - Άγιος Δημήτριος Κέντρο  ΕΝΟΙΚΙΑΖΕΤΑΙ   ανακαινισμένο επιπλωμένο διαμέρισμα  ισόγειο συνολικής επιφάνειας 87.00 τ.μ.  . Αποτελείται από 2 υπνοδωμάτια,  σαλοκουζίνα, μπάνιο και WC. Είναι κατασκευασμένο το 1993 με ενεργειακή κλάση Γ και ανακαινίστηκε το 2022. Διαθέτει  απεριόριστη θέα, κουφώματα αλουμινίου, πατώματα από πλακάκι, πόρτα ασφαλείας, εντοιχιζόμενες ντουλάπες, κήπο, τζάκι, A/C, ηλεκτρικές συσκευές, τέντες, διπλά τζάμια, Roof Garden, κάμερες, ανοιχτωσιά απόσταση από θάλασσα 2000 μέτρα απόσταση από πόλη 100 μέτρα   απόσταση από μετρό 200 μέτρα - Τιμή: 1.100 €  <br>✔️Ενοικιάζεται εξαιρετικό, διαμπερές διαμέρισμα ισογείου τύπου Loft, σύγχρονης αισθητικής και υψηλής ποιότητας κατασκευής, στην περιοχή του Αγίου Δημητρίου διπλα απο το Μετρο<br><br>✔️Κύρια Χαρακτηριστικά: Υπνοδωμάτια: 2 ευρύχωρα υπνοδωμάτια, εκ των οποίων το ένα είναι Master με δικό του ιδιωτικό μπάνιο.<br>Κουζίνα: Πλήρως εξοπλισμένη με κορυφαίες ηλεκτρικές συσκευές Miele.<br>Αυλή: Πολύ μεγάλη(Περίπου 100τμ) αποκλειστικής χρήσης, ιδανική για στιγμές χαλάρωσης.<br><br>✔️Είσοδος: Ανεξάρτητη, δική του ξεχωριστή είσοδος που προσφέρει απόλυτη ιδιωτικότητα.Ανέσεις & Παροχές: Ενεργειακό τζάκι στο σαλόνι.<br>Κουφοματα αλουμινίου βαρέου τύπου Ηλεκτρικα καθώς και κάμερες συναγερμός<br>Πλήρης κλιματισμός (A/C) για ψύξη και θέρμανση με κανάλια σε όλο το διαμερισμα<br>Διατίθεται πλήρως επιπλωμένο, με δυνατότητα όμως να απομακρυνθούν τα έπιπλα αν ο ενοικιαστής επιθυμεί να τοποθετήσει τα δικά του.<br>Χωρίς κοινόχρηστα !!<br><br><br>Το ακίνητο είναι σε άριστη κατάσταση και άμεσα διαθέσιμο προς υπόδειξη.<br><br><br><br><br> <br>Τηλ: (+30)210 2201935 ,  e-mail: info@remaxlysis.com<br />
www.remax-lysis.gr<br />
<br />
| Οι πληροφορίες και τα χαρακτηριστικά των ακινήτων έχουν καταχωρηθεί βάσει των πληροφοριών και στοιχείων που προσκόμισε ο εντολέας.<br />
| Το σημείο στο χάρτη δεν ανταποκρίνεται στην πραγματική διεύθυνση του ακινήτου.<br />
| Όλα τα ακίνητα που προβάλλουμε μέσω internet είναι διαθέσιμα, καθώς γίνεται συνεχής ενημέρωση και αποσύρονται τα μη διαθέσιμα.<br />
| Κατά την υπόδειξη του ακινήτου είναι απαραίτητη η αστυνομική ταυτότητα ή ο Α.Φ.Μ, σύμφωνα με τον Νόμο Ν.4072/2012 - ΦΕΚ 86/Α/11-4-2012","2000",,,"0","5","1","1","2026-07-08","3","4","0","yes","no","1","Αθήνα - Νότια Προάστια (Αττική)","Άγιος Δημήτριος (Αθήνα - Νότια Προάστια)","1","105103","102","2200","106390","Double","3",,"0","0","1","1220332423","https://m1.spitogatos.gr/360924582_1600x1200.jpg?v=20130730","https://m2.spitogatos.gr/360924589_1600x1200.jpg?v=20130730","https://m2.spitogatos.gr/360924595_1600x1200.jpg?v=20130730","https://m3.spitogatos.gr/360924599_1600x1200.jpg?v=20130730","https://m1.spitogatos.gr/360924603_1600x1200.jpg?v=20130730","https://m1.spitogatos.gr/360924606_1600x1200.jpg?v=20130730","https://m3.spitogatos.gr/360924611_1600x1200.jpg?v=20130730","https://m3.spitogatos.gr/360924614_1600x1200.jpg?v=20130730","https://m2.spitogatos.gr/360924616_1600x1200.jpg?v=20130730","https://m2.spitogatos.gr/360924619_1600x1200.jpg?v=20130730","https://m1.spitogatos.gr/360924624_1600x1200.jpg?v=20130730","https://m1.spitogatos.gr/360924627_1600x1200.jpg?v=20130730","https://m2.spitogatos.gr/360924628_1600x1200.jpg?v=20130730","https://m3.spitogatos.gr/360924632_1600x1200.jpg?v=20130730","https://m2.spitogatos.gr/360924643_1600x1200.jpg?v=20130730","https://m1.spitogatos.gr/360924654_1600x1200.jpg?v=20130730","https://m1.spitogatos.gr/360924672_1600x1200.jpg?v=20130730","https://m2.spitogatos.gr/360924679_1600x1200.jpg?v=20130730","https://m3.spitogatos.gr/360924683_1600x1200.jpg?v=20130730","https://m3.spitogatos.gr/360924686_1600x1200.jpg?v=20130730",,,,,,"0","0","2","1","37.936447",,,"1","23.740038",,"1",,,"2026-07-09","1","0",,"0","1","1",,,"1","0","0",,"0","0","0","1100",,,"0","0","0","0","12.64",,,"1","3","6","1","1","2022","0","1","2","0","1",,"0","87","0",,"Δεκανέα Χρήστου Νικολάου 50-58, 173 43, Άγιος Δημή","0","1","0","2026-07-08","https://www.spitogatos.gr/en/property/1220332423","1","0","1993",,"residential"
"1","Ground Floor","no","simple","1",,,,,"0","1","0","0","2026-07-22","0","0","1","0","1",,,"house","0",,"0","Μόλις 5 λεπτά με τα πόδια από το μετρό, ενοικιάζεται εντυπωσιακό, πλήρως επιπλωμένο και εξοπλισμένο ισόγειο διαμέρισμα 87 τ.μ. στον Άγιο Δημήτριο, δίπλα στη Λεωφόρο Βουλιαγμένης και το Athens Metro Mall. Το ακίνητο ανακαινίστηκε ριζικά το 2022 με εξαιρετικά ακριβά και ποιοτικά υλικά, προσφέροντας αίσθηση πολυτελούς μονοκατοικίας χάρη στην αποκλειστική του είσοδο και την πολύ μεγάλη αυλή αποκλειστικής χρήσης.<br />
<br />
Εσωτερικά, ξεχωρίζει για την πρωτοποριακή open plan διαρρύθμισή του, όπου ένα minimal γυάλινο χώρισμα διαχωρίζει κομψά τα υπνοδωμάτια από το σαλόνι και την κουζίνα. Ο ενιαίος χώρος φιλοξενεί ένα καλαίσθητο τζάκι, ενώ το διαμέρισμα διαθέτει ένα κεντρικό μπάνιο καθώς και ένα επιπλέον ιδιωτικό μπάνιο (en-suite) μέσα στο master υπνοδωμάτιο.<br />
<br />
Παραδίδεται έτοιμο για κατοίκηση με επώνυμες ηλεκτρικές συσκευές και σύγχρονη επίπλωση. Διαθέτει κορυφαία κουφώματα, συστήματα ασφαλείας και αυτόνομη θέρμανση, αποτελώντας ιδανική επιλογή για όσους αναζητούν industrial luxury αισθητική και απόλυτη ιδιωτικότητα.<br />
https://theprosperty.com/listings/18581<br />
☎️ 210 6812500",,"1","0","0","6","1","1","2026-07-10","3","10","0","yes","no","1","Αθήνα - Νότια Προάστια (Αττική)","Άγιος Δημήτριος (Αθήνα - Νότια Προάστια)","1","105103","102","2200","123200","Double","1","1","0","0","1","1220352692","https://m2.spitogatos.gr/362822266_1600x1200.jpg?v=20130730","https://m1.spitogatos.gr/362822274_1600x1200.jpg?v=20130730","https://m1.spitogatos.gr/362822286_1600x1200.jpg?v=20130730","https://m3.spitogatos.gr/362822294_1600x1200.jpg?v=20130730","https://m3.spitogatos.gr/362822303_1600x1200.jpg?v=20130730","https://m1.spitogatos.gr/362822313_1600x1200.jpg?v=20130730","https://m3.spitogatos.gr/362822321_1600x1200.jpg?v=20130730","https://m2.spitogatos.gr/362822329_1600x1200.jpg?v=20130730","https://m2.spitogatos.gr/362822341_1600x1200.jpg?v=20130730","https://m1.spitogatos.gr/362822355_1600x1200.jpg?v=20130730","https://m3.spitogatos.gr/362822366_1600x1200.jpg?v=20130730","https://m3.spitogatos.gr/362822381_1600x1200.jpg?v=20130730","https://m3.spitogatos.gr/362822396_1600x1200.jpg?v=20130730","https://m1.spitogatos.gr/362822409_1600x1200.jpg?v=20130730","https://m3.spitogatos.gr/362822420_1600x1200.jpg?v=20130730","https://m1.spitogatos.gr/362822433_1600x1200.jpg?v=20130730","https://m2.spitogatos.gr/362822446_1600x1200.jpg?v=20130730","https://m2.spitogatos.gr/362822461_1600x1200.jpg?v=20130730","https://m3.spitogatos.gr/362822471_1600x1200.jpg?v=20130730","https://m3.spitogatos.gr/362822480_1600x1200.jpg?v=20130730","https://m2.spitogatos.gr/362822491_1600x1200.jpg?v=20130730","https://m3.spitogatos.gr/362822501_1600x1200.jpg?v=20130730","https://m3.spitogatos.gr/362822510_1600x1200.jpg?v=20130730",,,,"0","6","1","37.935932",,"1","1","23.741114",,"1",,,"2026-07-22","0","0",,,"0","2","3",,"0","0","0",,"0","0","0","1100",,,"0","0","0","0","12.64",,,"1","3","6","1","1","2022","0","1","2",,"1",,"0","87","0",,,"0","1","0","2026-07-10","https://www.spitogatos.gr/en/property/1220352692","1","0","1992","O7QBTE6l_30","residential"
"1","2","no","simple","1","Αλέξιος","81463","Κοσμόπουλος","6986109593","0","0","0","0","2026-07-30","0","1","1","0","1","0",,"house","0",,"0","Διατίθεται προς ενοικίαση επιπλωμένο και πλήρως εξοπλισμένο διαμέρισμα 71 τ.μ., στον 2ο όροφο, στην περιοχή Άγιος Δημήτριος, Νεκροταφείο Καλλιθέας. Το ακίνητο αποτελείται από ένα υπνοδωμάτιο, ένα μπάνιο, μία κουζίνα και ένα άνετο σαλόνι, προσφέροντας λειτουργική και πρακτική διαρρύθμιση. Διαθέτει αυτόνομη θέρμανση με ρεύμα και κλιματισμό. Τα κουφώματα είναι αλουμινίου με διπλά και μονά τζάμια, τα δάπεδα αποτελούνται από πλακάκι και μάρμαρο, ενώ διαθέτει ενεργειακό πιστοποιητικό κατηγορίας Β.<br />
<br />
Το διαμέρισμα είναι ρετιρέ, φωτεινό, ευάερο και ευήλιο, με νότιο προσανατολισμό και θέα σε αστικό τοπίο. Βρίσκεται σε ήσυχη γειτονιά, χωρίς ασανσέρ, ενώ πάνω από το διαμέρισμα υπάρχει ταράτσα. Επιπλέον διαθέτει τέντες, ηλεκτρικές συσκευές, αποθήκη, πόρτα ασφαλείας, νυχτερινό ρεύμα, βεράντα και επιτρέπονται κατοικίδια. Βρίσκεται σε προνομιακή τοποθεσία, κοντά σε συγκοινωνίες, κέντρο πόλης, αγορά και χώρους εστίασης.<br />
<br />
📅 Διαθεσιμότητα: 01/09/2026<br />
<br />
📍 Η αναφερόμενη τοποθεσία είναι ενδεικτική. Για περισσότερες πληροφορίες ή προγραμματισμό επίσκεψης:<br />
<br />
KOSMOS REAL ESTATE<br />
📞 Υπεύθυνος Ακινήτου: Αλέξης – 6986109593<br />
📧 info@kosmosrealestate.gr<br />
🌐 www.kosmosrealestate.gr",,,"0","0","4","0","0","2026-07-30","7","7","0","yes","no","0","Αθήνα - Νότια Προάστια (Αττική)","Άγιος Δημήτριος (Αθήνα - Νότια Προάστια)","1","105103","102","2200","106367","Double","1","4","0","0","1","1220533060","https://m1.spitogatos.gr/363847371_1600x1200.jpg?v=20130730","https://m3.spitogatos.gr/363847373_1600x1200.jpg?v=20130730","https://m3.spitogatos.gr/363847376_1600x1200.jpg?v=20130730","https://m2.spitogatos.gr/363847378_1600x1200.jpg?v=20130730","https://m2.spitogatos.gr/363847381_1600x1200.jpg?v=20130730","https://m1.spitogatos.gr/363847383_1600x1200.jpg?v=20130730","https://m1.spitogatos.gr/363847386_1600x1200.jpg?v=20130730","https://m2.spitogatos.gr/363847387_1600x1200.jpg?v=20130730","https://m2.spitogatos.gr/363847390_1600x1200.jpg?v=20130730","https://m1.spitogatos.gr/363847392_1600x1200.jpg?v=20130730","https://m2.spitogatos.gr/363847396_1600x1200.jpg?v=20130730","https://m3.spitogatos.gr/363847400_1600x1200.jpg?v=20130730",,,,,,,,,,,,,,"0","0","2","1","37.928944",,"1","1","23.717865",,"0","0","0","2026-07-30","0","0",,"1","0","1",,"10","0","1","0","1","0","0","0","750",,,"0","0","0","0","10.56",,,"1","3","6","1","0",,"0","1","1","0","1",,"0","71","1",,"Πάροδος Εθνομαρτύρων 2, Άγιος Δημήτριος 17341","0","1","0","2026-07-30","https://www.spitogatos.gr/en/property/1220533060","1","0","1980",,"residential"
"1","2","yes","simple","1",,,,,"0","0","0","0","2026-05-25","0","1","0","1","1",,"false","house",,"1","1","Διαμπερές γωνιακό και φωτεινό διαμέρισμα σε όμορφη γειτονιά του Αγίου Δημητρίου. Βρίσκεται στον δεύτερο όροφο ήσυχης πολυκατοικίας με μεγάλα μπαλκόνια και ανοιχτή θέα. Είναι πολύ κοντά στο μετρο Αγίου Δημητρίου και την οδό Αγίου Δημητρίου όπου κτυπά η καρδιά της πόλης. Οι χώροι του είναι άνετοι και είναι ιδανικό για οικογένεια αλλά και για επαγγελματική χρήση. Έχει επίσης πρόσβαση για ΑΜΕΑ. Πρόκειται για ένα πολύ ευχάριστο σπίτι έτοιμο να σας φιλοξενήσει.<br />
Ενοικίαση, Διαμέρισμα,  Μπάνια: 1,  Εμβαδόν: 74 τ.μ.,  Δωμάτια: 2,  Έτος κατασκευής: 1976,  Για φοιτητές,  Κλιματισμός,  Θέα,  Ασανσέρ,  Πόρτα ασφαλείας,  Ηλιακός θερμοσίφωνας,  Όροφος: 2ος,  Κατάλληλο για Επαγγ. Χρήση,  Γωνιακό,  Πρόσοψης,  Επιτρέπονται κατοικίδια,  Ανακαινισμένο,  Τέντα,  Φωτεινό,  Κουζίνες: 1,  Κουφώματα: Αλουμινίου,  Τύπος δαπέδων: Μάρμαρο,  Επιφάνεια oικοπέδου: 1 τ.μ.,  Πρόσβαση για ΑΜΕΑ,  Eπίπεδα: 1,  Θέρμανση: Αυτόνομη θέρμανση,  Μέσο θέρμανσης: Ρεύμα,  Πρόσβαση από: Άσφαλτο,  Ζώνη: Οικιστική ζώνη,  Ενεργειακή κλάση: Δ,  Προσανατολισμός: Ανατολικός,  Ρεύμα: Μονοφασικό,  Έτος Ανακαίνισης: 2026,  Απόσταση απο θάλασσα: 6600,  Μηνιαία κοινόχρηστα: 1","6600","0",,"1","6","1","0","2026-05-14","7","1","1","no","no","0","Αθήνα - Νότια Προάστια (Αττική)","Άγιος Δημήτριος (Αθήνα - Νότια Προάστια)","1","105103","102","2200","4615",,"1","4","0","0","1","1219887396","https://m1.spitogatos.gr/354530853_1600x1200.jpg?v=20130730","https://m1.spitogatos.gr/354530859_1600x1200.jpg?v=20130730","https://m3.spitogatos.gr/354530864_1600x1200.jpg?v=20130730","https://m3.spitogatos.gr/354530870_1600x1200.jpg?v=20130730","https://m1.spitogatos.gr/354530874_1600x1200.jpg?v=20130730","https://m1.spitogatos.gr/354530883_1600x1200.jpg?v=20130730","https://m3.spitogatos.gr/354530885_1600x1200.jpg?v=20130730","https://m1.spitogatos.gr/354530886_1600x1200.jpg?v=20130730","https://m2.spitogatos.gr/354530887_1600x1200.jpg?v=20130730","https://m3.spitogatos.gr/354530888_1600x1200.jpg?v=20130730","https://m1.spitogatos.gr/354530889_1600x1200.jpg?v=20130730","https://m2.spitogatos.gr/354530890_1600x1200.jpg?v=20130730","https://m2.spitogatos.gr/354530893_1600x1200.jpg?v=20130730","https://m3.spitogatos.gr/354530894_1600x1200.jpg?v=20130730","https://m2.spitogatos.gr/354530896_1600x1200.jpg?v=20130730","https://m3.spitogatos.gr/354530897_1600x1200.jpg?v=20130730","https://m1.spitogatos.gr/354530898_1600x1200.jpg?v=20130730","https://m3.spitogatos.gr/354530900_1600x1200.jpg?v=20130730","https://m1.spitogatos.gr/354530901_1600x1200.jpg?v=20130730","https://m3.spitogatos.gr/354530903_1600x1200.jpg?v=20130730","https://m1.spitogatos.gr/354530904_1600x1200.jpg?v=20130730","https://m3.spitogatos.gr/354530906_1600x1200.jpg?v=20130730",,,,"0","0","2","1","37.942055",,"1","1","23.737928",,"0",,,"2026-05-25","0","0",,"0","0","1",,"1","0","0","0","1","0","0","0","800",,,"0","0","0","0","10.81",,,"1","3","6","1","1","2026","0","1","2","0","1",,"1","74","0",,"","1","1","0","2026-05-14","https://www.spitogatos.gr/en/property/1219887396","1",,"1976",,"residential"
"1","1","no","simple","1",,,,,"0","0","0","0","2026-06-05","0","0","0","0","1","0",,"house",,,"0","<br>Κωδικός ακινήτου: 27-3171 - Άγιος Δημήτριος Ανθέων Ασύρματος. Διατίθεται προς ενοικίαση ένα ανακαινισμένο διαμέρισμα στον 1ο υπερυψωμένο όροφο, με συνολική επιφάνεια 100 τ.μ. Το διαμέρισμα περιλαμβάνει 2 ευρύχωρα υπνοδωμάτια, μια πλήρως εξοπλισμένη κουζίνα και μπάνιο. Κατασκευασμένο το 1980, διαθέτει ενεργειακή κλάση Γ και αυτόνομη θέρμανση με πετρέλαιο. <br />
<br />
Τα ξύλινα κουφώματα και τα ξύλινα πατώματα προσδίδουν ζεστασιά και στυλ στον χώρο, ενώ οι εντοιχιζόμενες ντουλάπες προσφέρουν άφθονο αποθηκευτικό χώρο. Επιπλέον, το διαμέρισμα είναι εξοπλισμένο με A/C, ηλιακό θερμοσίφωνα, ηλεκτρικές συσκευές και προεγκατάσταση συναγερμού για την ασφάλεια σας. <br />
<br />
Αξιοσημείωτο είναι το playroom, ιδανικό για τις οικογένειες, καθώς και οι κάμερες και η θυροτηλεόραση για επιπλέον ασφάλεια. Η τιμή ενοικίασης ανέρχεται σε 1.100 €. Μην χάσετε αυτήν την ευκαιρία για να αποκτήσετε ένα όμορφο και λειτουργικό σπίτι σε μια ήσυχη γειτονιά! <br>",,,,"0","5","0","0","2026-06-08","6","2","0","no","no","0","Αθήνα - Νότια Προάστια (Αττική)","Άγιος Δημήτριος (Αθήνα - Νότια Προάστια)","1","105103","102","2200","106409","Single","1","1","0","0","1","1220070076","https://m2.spitogatos.gr/356438107_1600x1200.jpg?v=20130730","https://m3.spitogatos.gr/356438114_1600x1200.jpg?v=20130730","https://m2.spitogatos.gr/356438122_1600x1200.jpg?v=20130730","https://m1.spitogatos.gr/356438133_1600x1200.jpg?v=20130730","https://m1.spitogatos.gr/356438145_1600x1200.jpg?v=20130730","https://m3.spitogatos.gr/356438159_1600x1200.jpg?v=20130730","https://m1.spitogatos.gr/356438172_1600x1200.jpg?v=20130730","https://m2.spitogatos.gr/356438185_1600x1200.jpg?v=20130730","https://m2.spitogatos.gr/356438200_1600x1200.jpg?v=20130730","https://m3.spitogatos.gr/356438210_1600x1200.jpg?v=20130730","https://m1.spitogatos.gr/356438220_1600x1200.jpg?v=20130730","https://m1.spitogatos.gr/356438226_1600x1200.jpg?v=20130730","https://m1.spitogatos.gr/356438232_1600x1200.jpg?v=20130730","https://m1.spitogatos.gr/356438244_1600x1200.jpg?v=20130730",,,,,,,,,,,,"0","0","1","1","37.934483",,,"0","23.726477",,"0",,,"2026-06-08","0","0",,"0","0","1","2",,"0","0","0",,"1","0","0","1100",,,"0","0","0","0","11",,,"1","3","6","1","1",,"0","1","2","0","0",,"1","100","1",,"Καλυβίων 2-10, 173 41, Άγιος Δημήτριος","0","1","0","2026-06-08","https://www.spitogatos.gr/en/property/1220070076","0","0","1980",,"residential"
"1","2","no","simple","1",,,,,"1","0","0","0","2026-06-11","0","1","1","35","1","0",,"house","0",,"0","Προσόψεως διαμέρισμα 100τ.μ. 2ου ορόφου αποπεράτωσης 2026 διατίθεται προς ενοικίαση στον Άγιο Δημήτριο. Αποτελείται από 3 φωτεινά υ/δ με εντοιχισμένες ντουλάπες, 1 ανοικτού τύπου κουζίνα εξοπλισμένη με ηλεκτρικές συσκευές(εντοιχισμένη κουζίνα και απορροφητήρα) ενιαία με ευρύχωρο σαλόνι και πρόσβαση σε άνετο μπαλκόνι προσόψεως 25τ.μ. με τέντες, 1 μπάνιο με παράθυρο και ντουζιέρα. Διαθέτει πόρτα ασφαλείας, αυτόνομη θέρμανση και ψύξη με 3 κλιματιστικά, ηλιακό θερμοσίφωνα, κουφώματα αλουμινίου με διπλά τζάμια και σίτες, τριφασικό νυχτερινό ρεύμα, πατάρι, μπαλκόνι πίσω όψης 10τ.μ. Χωρίς κοινόχρηστα. Κατοικίδια δεν γίνονται δεκτά. 2 εγγυήσεις. Θα προτιμηθεί οικογένεια. Επιπλέον είναι διαμπερές και πολύ φωτεινό. Βρίσκεται σε καλή και ήσυχη γειτονιά πλησίον συγκοινωνιών(150 μέτρα από στάση λεωφορείων και 600 μέτρα από ΤΡΑΜ), κεντρικών οδικών αξόνων, σχολικών μονάδων όλων των βαθμίδων, αγοράς. Απαραίτητη για την υπόδειξη του ακινήτου είναι η προσκόμιση αστυνομικής ταυτότητας ή διαβατηρίου όλων όσων επιθυμούν να δουν το ακίνητο, πριν την υπογραφή του εντύπου υπόδειξης. Neon Real Estate, Τηλέφωνο Επικοινωνίας: 2110010550, email: info@neon-realestate.gr",,,"0","0","7","1","0","2026-06-11","7","10","0","no","no","0","Αθήνα - Νότια Προάστια (Αττική)","Άγιος Δημήτριος (Αθήνα - Νότια Προάστια)","1","105103","102","2200",,"Double","1","4","0","0","1","1220099161","https://m1.spitogatos.gr/356871486_1600x1200.jpg?v=20130730","https://m1.spitogatos.gr/356871489_1600x1200.jpg?v=20130730","https://m1.spitogatos.gr/356871495_1600x1200.jpg?v=20130730","https://m3.spitogatos.gr/356871500_1600x1200.jpg?v=20130730","https://m3.spitogatos.gr/356871506_1600x1200.jpg?v=20130730","https://m3.spitogatos.gr/356871512_1600x1200.jpg?v=20130730","https://m1.spitogatos.gr/356871516_1600x1200.jpg?v=20130730","https://m3.spitogatos.gr/356871521_1600x1200.jpg?v=20130730","https://m3.spitogatos.gr/356871527_1600x1200.jpg?v=20130730","https://m3.spitogatos.gr/356871533_1600x1200.jpg?v=20130730","https://m1.spitogatos.gr/356871537_1600x1200.jpg?v=20130730","https://m3.spitogatos.gr/356871548_1600x1200.jpg?v=20130730","https://m2.spitogatos.gr/356871553_1600x1200.jpg?v=20130730","https://m1.spitogatos.gr/356871558_1600x1200.jpg?v=20130730","https://m2.spitogatos.gr/356871574_1600x1200.jpg?v=20130730","https://m2.spitogatos.gr/356871577_1600x1200.jpg?v=20130730","https://m2.spitogatos.gr/356871583_1600x1200.jpg?v=20130730","https://m2.spitogatos.gr/356871589_1600x1200.jpg?v=20130730","https://m2.spitogatos.gr/356871592_1600x1200.jpg?v=20130730","https://m2.spitogatos.gr/356871598_1600x1200.jpg?v=20130730","https://m3.spitogatos.gr/356871602_1600x1200.jpg?v=20130730","https://m2.spitogatos.gr/356871622_1600x1200.jpg?v=20130730",,,,"0","0","2","1","37.929474",,"1","1","23.716423",,"0","0","0","2026-07-31","0","0",,"1","0","1",,,"0","0","1",,"0","0","0","1000",,,"0","0","0","0","10",,,"1","3","6","1","1",,"0","1","3","0","1",,"1","100","0",,,"0","1","0","2026-06-11","https://www.spitogatos.gr/en/property/1220099161","1","0","1994",,"residential"
"0","2","no","simple","1",,,,,"0","0","0","0","2024-09-04","0","0","0","0","1","0",,"house",,,"0","<br>Κωδικός ακινήτου: 83551 - Άγιος Δημήτριος  ΕΝΟΙΚΙΑΖΕΤΑΙ ένα διαμέρισμα στον 2 ο όροφο, με συνολική επιφάνεια 97,05 τ.μ. σε ένα οικόπεδο 231,93 τ.μ. Αυτό το διαμέρισμα αποτελείται από 2 υπνοδωμάτια, μια άνετη σαλοκουζίνα, ένα μπάνιο και ένα WC. Κατασκευάστηκε το 1987 και προσφέρει μια υπέροχη θέα σε αστικό τοπίο. Τα κουφώματα είναι αλουμινίου συρόμενα και τα πατώματα από πλακάκι.  Η απόσταση από το πλησιέστερο μετρό είναι μόλις 1700 μέτρα. Αυτό το διαμέρισμα είναι ιδανικό για κάποιον που αναζητά ένα  άνετο σπίτι σε μια ήσυχη και περιοχή. Μην χάσετε αυτή την ευκαιρία <br>| UNION PROPERTIES +30 2100107005 - +30 6946981836, https://www.union-properties.gr/, email: central@union-properties.gr<br />
| Οι πληροφορίες και τα χαρακτηριστικά των ακινήτων έχουν καταχωρηθεί βάσει των πληροφοριών και στοιχείων που μας προσκομίστηκαν.<br />
| Η τοποθεσία του ακινήτου στον χάρτη είναι ενδεικτική.<br />
| Η ενεργειακή κλάση των ακινήτων που είναι απαραίτητη η έκδοση ΠΕΑ μπορεί να διαφέρει από την αναγραφόμενη.<br />
| Όλοι οι παρευρισκόμενοι κατά την υπόδειξη του ακινήτου είναι απαραίτητο να επιδείξουν την αστυνομική τους ταυτότητα και τον Α.Φ.Μ τους, σύμφωνα με τον Νόμο Ν.4072/2012 - ΦΕΚ 86/Α/11-4-2012",,,,"0","7","0","0","2026-01-12","7","4","0","no","no","0","Αθήνα - Νότια Προάστια (Αττική)","Άγιος Δημήτριος (Αθήνα - Νότια Προάστια)","1","105103","102","2200","106405","Single","3",,"0","0","1","1216305824","https://m3.spitogatos.gr/340187564_1600x1200.jpg?v=20130730","https://m3.spitogatos.gr/340187570_1600x1200.jpg?v=20130730","https://m1.spitogatos.gr/340187574_1600x1200.jpg?v=20130730","https://m2.spitogatos.gr/340187578_1600x1200.jpg?v=20130730","https://m1.spitogatos.gr/340187583_1600x1200.jpg?v=20130730","https://m2.spitogatos.gr/340187587_1600x1200.jpg?v=20130730","https://m3.spitogatos.gr/340187594_1600x1200.jpg?v=20130730","https://m1.spitogatos.gr/340187601_1600x1200.jpg?v=20130730","https://m1.spitogatos.gr/340187607_1600x1200.jpg?v=20130730","https://m3.spitogatos.gr/340187612_1600x1200.jpg?v=20130730","https://m2.spitogatos.gr/340187614_1600x1200.jpg?v=20130730","https://m3.spitogatos.gr/340187624_1600x1200.jpg?v=20130730",,,,,,,,,,,,,,"0","0","2","1","37.922787",,,"1","23.731564","231","0",,,"2026-08-01","0","0",,"0","1","1",,,"0","0","0",,"0","0","0","800",,,"0","0","0","0","8.25",,,"1","3","6","1","0",,"0","1","2","0","0",,"0","97","0",,"Αθ. Πιά 39-51, 173 42, Άγιος Δημήτριος","0","1","0","2024-09-04","https://www.spitogatos.gr/en/property/1216305824","1","0","1987","WBI7Wgq18l4","residential"
"1","2","no","simple","1","Αλέξιος","81463","Κοσμόπουλος","6986109593","1","0","0","0","2026-06-10","0","1","1","35","1","0",,"house","0",,"0","Διατίθεται προς ενοικίαση ανακαινισμένο διαμέρισμα 100 τ.μ., 2ου ορόφου (χωρίς ασανσέρ), στην περιοχή Άγιος Δημήτριος – Νεκροταφείο Καλλιθέας.<br />
<br />
Το ακίνητο, αποτελείται από τρία υπνοδωμάτια, ένα μπάνιο, μία κουζίνα και ένα άνετο σαλόνι, προσφέροντας λειτουργική και ευρύχωρη διαρρύθμιση.<br />
<br />
Διαθέτει αυτόνομη θέρμανση με ρεύμα, κλιματισμό και ηλιακό θερμοσίφωνα, ενώ τα κουφώματα είναι αλουμινίου με διπλά ενεργειακά τζάμια και τα δάπεδα συνδυάζουν πλακάκι και laminate. Επιπλέον περιλαμβάνει σίτες, τέντες, πόρτα ασφαλείας, νυχτερινό ρεύμα και ευρύχωρη βεράντα.<br />
<br />
Το διαμέρισμα είναι βαμμένο, προσόψεως, φωτεινό, διαμπερές και μοντέρνο, με νότιο προσανατολισμό και θέα σε ανοιχτωσιά. Βρίσκεται σε πολύ καλή κατάσταση και προσφέρει άνετη διαβίωση σε μια ήσυχη και εξυπηρετική περιοχή.<br />
<br />
Βρίσκεται σε εξαιρετική τοποθεσία, κοντά σε συγκοινωνίες, πάρκα, πλατείες, αγορά και χώρους εστίασης, προσφέροντας εύκολη πρόσβαση σε όλες τις καθημερινές ανάγκες.<br />
<br />
📍 Η αναφερόμενη τοποθεσία είναι ενδεικτική. Για περισσότερες πληροφορίες ή προγραμματισμό επίσκεψης:<br />
<br />
KOSMOS REAL ESTATE<br />
📞 Υπεύθυνος Ακινήτου: Κοσμόπουλος Αλέξης – 6986109593<br />
📧 info@kosmosrealestate.gr<br />
🌐 www.kosmosrealestate.gr",,,"0","0","7","1","0","2026-06-10","7","4","0","no","no","0","Αθήνα - Νότια Προάστια (Αττική)","Άγιος Δημήτριος (Αθήνα - Νότια Προάστια)","1","105103","102","2200","106367","Double","1","4","0","0","1","1220092490","https://m3.spitogatos.gr/356778284_1600x1200.jpg?v=20130730","https://m1.spitogatos.gr/356778285_1600x1200.jpg?v=20130730","https://m1.spitogatos.gr/356778297_1600x1200.jpg?v=20130730","https://m2.spitogatos.gr/356778298_1600x1200.jpg?v=20130730","https://m1.spitogatos.gr/356778300_1600x1200.jpg?v=20130730","https://m2.spitogatos.gr/356778301_1600x1200.jpg?v=20130730","https://m1.spitogatos.gr/356778303_1600x1200.jpg?v=20130730","https://m2.spitogatos.gr/356778304_1600x1200.jpg?v=20130730","https://m2.spitogatos.gr/356778316_1600x1200.jpg?v=20130730","https://m1.spitogatos.gr/356778327_1600x1200.jpg?v=20130730","https://m2.spitogatos.gr/356778328_1600x1200.jpg?v=20130730","https://m1.spitogatos.gr/356778330_1600x1200.jpg?v=20130730","https://m3.spitogatos.gr/356778332_1600x1200.jpg?v=20130730","https://m2.spitogatos.gr/356778343_1600x1200.jpg?v=20130730","https://m1.spitogatos.gr/356778354_1600x1200.jpg?v=20130730","https://m3.spitogatos.gr/356778356_1600x1200.jpg?v=20130730","https://m1.spitogatos.gr/356778357_1600x1200.jpg?v=20130730","https://m3.spitogatos.gr/356778359_1600x1200.jpg?v=20130730","https://m2.spitogatos.gr/356778382_1600x1200.jpg?v=20130730","https://m1.spitogatos.gr/356778384_1600x1200.jpg?v=20130730",,,,,,"0","0","2","1","37.929165",,"1","1","23.715309",,"0","0","0","2026-07-29","0","0",,"1","0","1",,"10","1","0","1",,"0","0","0","1000",,,"0","0","0","0","10",,,"1","3","6","1","1","2026","0","1","3","0","1",,"1","100","0",,,"0","1","0","2026-06-10","https://www.spitogatos.gr/en/property/1220092490","1","0","1994",,"residential"
"1","1","no","simple","1",,,,,"1","0","0","0","2025-09-26","0","1","0","0","1","0",,"house","0","15","0","ID.1853200 - Διαμέρισμα Προς Ενοικίαση, όροφος: 1ος, στην περιοχή: Άγιος Δημήτριος. Το εμβαδόν του ακινήτου είναι 89 τ.μ.. Αποτελείται από: 2 Υ/Δ 1 μπάνιο/α,, 1κουζίνα/ες, 1 σαλόνι/α. Έχει κατασκευαστεί το 1990. Η θέρμανση του ακινήτου είναι Αυτόνομη με Πετρέλαιο, ενώ επίσης διατίθεται Κλιματισμός, Ηλιακός, έχει κουφώματα Αλουμινίου με Διπλά τζάμια, ενεργειακό πιστοποιητικό: Γ και τα δάπεδα είναι: Ξύλο, Μάρμαρο. Η κατάστασή του είναι: Πολύ καλή, βρίσκεται κοντά σε Super Market. Το ακίνητο είναι Επιπλωμένο, Φωτεινό, Ευάερο, Ευήλιο, Διαμπερές και επίσης διαθέτει τα παρακάτω χαρακτηριστικά και πλεονεκτήματα: Σίτες, Τέντες, Ηλεκτρ. Συσκευές, Ησυχη γειτονιά, Βεράντα. Οι πληροφορίες και τα χαρακτηριστικά των ακινήτων έχουν καταχωρηθεί βάσει των πληροφοριών και στοιχείων που μας προσκομίστηκαν. Η τοποθεσία του ακινήτου στον χάρτη είναι ενδεικτική. Η ενεργειακή κλάση των ακινήτων που είναι απαραίτητη η έκδοση ΠΕΑ μπορεί να διαφέρει από την αναγραφόμενη. Όλοι οι παρευρισκόμενοι κατά την υπόδειξη του ακινήτου είναι απαραίτητο να επιδείξουν την αστυνομική τους ταυτότητα και τον Α.Φ.Μ τους, σύμφωνα με τον Νόμο Ν.4072/2012 - ΦΕΚ 86/Α/11-4-2012 Τιμή: €1.000. Aspis Real Estate South, Τηλέφωνο Επικοινωνίας: 2109652230, email: glyfada@aspis-realestate.gr, website: www.aspisrealestate-south.gr",,,"0","0","5","0","0","2025-09-26","6","6","0","yes","no","0","Αθήνα - Νότια Προάστια (Αττική)","Άγιος Δημήτριος (Αθήνα - Νότια Προάστια)","1","105103","102","2200",,"Double","1","1","0","0","1","1218307072","https://m1.spitogatos.gr/328719456_1600x1200.jpg?v=20130730","https://m3.spitogatos.gr/328719464_1600x1200.jpg?v=20130730","https://m1.spitogatos.gr/328719471_1600x1200.jpg?v=20130730","https://m1.spitogatos.gr/328719480_1600x1200.jpg?v=20130730","https://m3.spitogatos.gr/328719491_1600x1200.jpg?v=20130730","https://m2.spitogatos.gr/328719502_1600x1200.jpg?v=20130730","https://m3.spitogatos.gr/328719509_1600x1200.jpg?v=20130730","https://m2.spitogatos.gr/328719517_1600x1200.jpg?v=20130730","https://m2.spitogatos.gr/328719523_1600x1200.jpg?v=20130730","https://m2.spitogatos.gr/328719529_1600x1200.jpg?v=20130730","https://m2.spitogatos.gr/328719535_1600x1200.jpg?v=20130730","https://m2.spitogatos.gr/328719538_1600x1200.jpg?v=20130730","https://m2.spitogatos.gr/328719544_1600x1200.jpg?v=20130730","https://m1.spitogatos.gr/328719549_1600x1200.jpg?v=20130730","https://m3.spitogatos.gr/328719554_1600x1200.jpg?v=20130730","https://m2.spitogatos.gr/328719559_1600x1200.jpg?v=20130730","https://m2.spitogatos.gr/328719562_1600x1200.jpg?v=20130730","https://m3.spitogatos.gr/328719566_1600x1200.jpg?v=20130730","https://m3.spitogatos.gr/328719569_1600x1200.jpg?v=20130730","https://m1.spitogatos.gr/328719573_1600x1200.jpg?v=20130730","https://m1.spitogatos.gr/328719576_1600x1200.jpg?v=20130730",,,,,"0","0","2","1","37.93615",,"1","1","23.725372",,"0","0",,"2026-06-02","0","0",,"0","0","1",,,"0","0","1",,"0","0","0","1000",,,"0","0","0","0","11.24",,,"1","3","6","1","0",,"0",,"2","0","0",,"1","89","0",,,"0","1","0","2025-09-26","https://www.spitogatos.gr/en/property/1218307072","0","0","1990",,"residential"
"1","3","no","simple","1",,,,,"1","0","0","0","2026-07-10","0","1","1","18","1","0",,"house","0","30","1","Διατίθεται προς ενοικίαση ένα φωτεινό, γωνιακό διαμέρισμα 76 τ.μ., στον 3ο όροφο, σε κεντρικό σημείο του Αγίου Δημητρίου. Το ακίνητο, κατασκευής 1973, είναι βαμμένο και βρίσκεται σε πολύ καλή κατάσταση, προσφέροντας άνετη διαβίωση με εξαιρετικό φυσικό φως λόγω του Νοτιοδυτικού προσανατολισμού του.<br />
<br />
Η διαρρύθμιση περιλαμβάνει 2 άνετα υπνοδωμάτια, μπάνιο, κουζίνα και σαλόνι. Τα δάπεδα είναι επενδυμένα με κλασικό μωσαϊκό, ενώ το ακίνητο διαθέτει κλιματισμό (2 μονάδες), ηλιακό θερμοσίφωνα, κουφώματα αλουμινίου με διπλά τζάμια, τέντες και θωρακισμένη πόρτα ασφαλείας. Η θέρμανση είναι κεντρική με πετρέλαιο η οποία όμως δεν χρησιμοποιείται.<br />
<br />
Το διαμέρισμα παραδίδεται με ψυγείο και υποδομή για οπτική ίνα. Προσφέρει μοναδική, ανοιχτή θέα σε αστικό τοπίο, βουνό και λίγο θάλασσα. Βρίσκεται σε ήσυχη γειτονιά, με άμεση πρόσβαση σε συγκοινωνίες, σχολεία, πλατεία, παιδικό σταθμό, Super Market και το κέντρο της πόλης. Κατοικίδιο υπό συζήτηση.<br />
<br />
VIDEO : https://youtu.be/dbWrseLFnFY<br />
<br />
** Συγκριτικά Πλεονεκτήματα:<br />
✅ Γωνιακό, Φωτεινό & Προσόψεως<br />
✅ Πανοραμική θέα σε αστικό τοπίο, βουνό & θάλασσα <br />
✅ Ηλιακός Θερμοσίφωνας & κλιματισμός<br />
✅ Κεντρική τοποθεσία με άμεση πρόσβαση σε αγορά<br />
<br />
** Ιδανικό για:<br />
👩❤️👨 Ζευγάρια ή μικρές οικογένειες<br />
💼 Επαγγελματίες που επιθυμούν κεντρική τοποθεσία<br />
<br />
Πρόσθετες Υπηρεσίες:<br />
Ρεύμα & Ίντερνετ: σας βοηθάμε δωρεάν να επιλέξετε πάροχο και να ολοκληρώσετε τις συμβάσεις<br />
Επίσκεψη στο Ακίνητο:<br />
Για την πραγματοποίηση του ραντεβού απαιτείται ταυτότητα/διαβατήριο από όλους τους επισκέπτες και υπογραφή της Εντολής Υπόδειξης.<br />
*Τα στοιχεία της αγγελίας βασίζονται σε πληροφορίες του ιδιοκτήτη.                           Χ.Μ.",,,"0","0","7","1","0","2026-07-10","8","5","0","no","no","0","Αθήνα - Νότια Προάστια (Αττική)","Άγιος Δημήτριος (Αθήνα - Νότια Προάστια)","1","105103","102","2200","106409","Double","2","1","0","0","1","1220348749","https://m2.spitogatos.gr/361177609_1600x1200.jpg?v=20130730","https://m1.spitogatos.gr/361177617_1600x1200.jpg?v=20130730","https://m2.spitogatos.gr/361177624_1600x1200.jpg?v=20130730","https://m1.spitogatos.gr/361177632_1600x1200.jpg?v=20130730","https://m1.spitogatos.gr/361177641_1600x1200.jpg?v=20130730","https://m1.spitogatos.gr/361177650_1600x1200.jpg?v=20130730","https://m1.spitogatos.gr/361177659_1600x1200.jpg?v=20130730","https://m1.spitogatos.gr/361177668_1600x1200.jpg?v=20130730","https://m2.spitogatos.gr/361177678_1600x1200.jpg?v=20130730","https://m2.spitogatos.gr/361177690_1600x1200.jpg?v=20130730","https://m2.spitogatos.gr/361177699_1600x1200.jpg?v=20130730","https://m3.spitogatos.gr/361177706_1600x1200.jpg?v=20130730","https://m1.spitogatos.gr/361177713_1600x1200.jpg?v=20130730","https://m1.spitogatos.gr/361177716_1600x1200.jpg?v=20130730","https://m3.spitogatos.gr/361177718_1600x1200.jpg?v=20130730","https://m2.spitogatos.gr/361177720_1600x1200.jpg?v=20130730","https://m3.spitogatos.gr/361177727_1600x1200.jpg?v=20130730","https://m2.spitogatos.gr/361177732_1600x1200.jpg?v=20130730","https://m1.spitogatos.gr/361177737_1600x1200.jpg?v=20130730","https://m1.spitogatos.gr/361177743_1600x1200.jpg?v=20130730","https://m1.spitogatos.gr/361177749_1600x1200.jpg?v=20130730","https://m1.spitogatos.gr/361177755_1600x1200.jpg?v=20130730","https://m3.spitogatos.gr/361177766_1600x1200.jpg?v=20130730","https://m3.spitogatos.gr/361177772_1600x1200.jpg?v=20130730","https://m2.spitogatos.gr/361177801_1600x1200.jpg?v=20130730","0","0","2","1","37.936939",,"1","1","23.728889",,"0","0","0","2026-07-23","0","0",,"0","0","1",,"12","1","0","0",,"0","0","0","680","2026-07-18 14:06:35","3","0","0","0","0","8.95","700","true","1","3","6","1","0",,"0","1","2","0","1",,"1","76","0",,,"0","1","0","2026-07-10","https://www.spitogatos.gr/en/property/1220348749","1","0","1973","dbWrseLFnFY","residential"
"1","5","no","simple","1",,,,,"0","0","0","0","2026-06-12","0","0","1","0","1","1",,"house","0","50","0","Διαμέρισμα Προς Ενοικίαση, όροφος: 5ος, στην περιοχή: Άγιος Δημήτριος. Το εμβαδόν του ακινήτου είναι 100 τ.μ.. Αποτελείται από: 2 Υ/Δ, 1 μπάνιο/α, 1 wc, 1 κουζίνα/ες, 1 σαλόνι/α, ενώ διαθέτει 1 θέσεις στάθμευσης (1 Σε κλειστό χώρο). Έχει κατασκευαστεί το 2001 και ανακαινίστηκε το 2016. Η θέρμανση του ακινήτου είναι Ατομική με Πέλλετ, ενώ επίσης διατίθεται Κλιματισμός, Ηλιακός, Καλοριφέρ, έχει κουφώματα Αλουμινίου με Διπλά τζάμια, ενεργειακό πιστοποιητικό: Α+ και τα δάπεδα είναι: Ξύλο, Laminate. Η κατάστασή του είναι: Πολύ καλή, βρίσκεται κοντά σε Συγκοινωνίες, Πλατεία, Super Market, Πανεπιστήμιο, Αγορά, Εστίαση, έχει θέα Ανεμπόδιστη. Το ακίνητο είναι Φωτεινό, Ευάερο, Ευήλιο, είναι κατάλληλο για Επένδυση, Εισόδημα και επίσης διαθέτει τα παρακάτω χαρακτηριστικά και πλεονεκτήματα: Ασανσέρ, Ηλεκτρ. Συσκευές, Αποθήκη, Πόρτα Ασφαλείας, BBQ, Ησυχη γειτονιά. Ως εγγύηση ο ιδιοκτήτης ζητά 2 ενοίκια και το τρέχον.Τα κατοικίδια δεν είναι ευπρόσδεκτα.. Τιμή: €1.050. Lionbridge, Τηλέφωνο Επικοινωνίας: 2109969646, 6980980431, email: info@lionbridge.gr",,,"0","1","1","0","1","2026-06-12","10","2","0","no","yes","0","Αθήνα - Νότια Προάστια (Αττική)","Άγιος Δημήτριος (Αθήνα - Νότια Προάστια)","1","105103","102","2200",,"Double","4","7","0","0","1","1220107990","https://m3.spitogatos.gr/357021845_1600x1200.jpg?v=20130730","https://m3.spitogatos.gr/357021848_1600x1200.jpg?v=20130730","https://m1.spitogatos.gr/357021852_1600x1200.jpg?v=20130730","https://m1.spitogatos.gr/357021858_1600x1200.jpg?v=20130730","https://m3.spitogatos.gr/357021866_1600x1200.jpg?v=20130730","https://m2.spitogatos.gr/357021871_1600x1200.jpg?v=20130730","https://m3.spitogatos.gr/357021875_1600x1200.jpg?v=20130730","https://m1.spitogatos.gr/357021879_1600x1200.jpg?v=20130730","https://m3.spitogatos.gr/357021884_1600x1200.jpg?v=20130730","https://m2.spitogatos.gr/357021886_1600x1200.jpg?v=20130730","https://m2.spitogatos.gr/357021889_1600x1200.jpg?v=20130730","https://m2.spitogatos.gr/357021892_1600x1200.jpg?v=20130730","https://m2.spitogatos.gr/357021895_1600x1200.jpg?v=20130730","https://m2.spitogatos.gr/357021898_1600x1200.jpg?v=20130730","https://m2.spitogatos.gr/357021901_1600x1200.jpg?v=20130730","https://m2.spitogatos.gr/357021904_1600x1200.jpg?v=20130730","https://m1.spitogatos.gr/357021921_1600x1200.jpg?v=20130730","https://m3.spitogatos.gr/357021923_1600x1200.jpg?v=20130730","https://m2.spitogatos.gr/357021925_1600x1200.jpg?v=20130730","https://m1.spitogatos.gr/357021927_1600x1200.jpg?v=20130730",,,,,,"0","1","2","1","37.928528","0","1","1","23.721676",,"0","0","0","2026-07-23","0","0",,"0","1","1",,,"0","0","0",,"0","0","0","1050","2026-07-23 14:42:20","4","0","0","0","0","10.5","1090","true","1","3","6","1","0",,"0",,"2","0","1",,"1","100","1",,,"0","1","0","2026-06-12","https://www.spitogatos.gr/en/property/1220107990","1","0","2001",,"residential"
"1","5","no","simple","1","Αλέξιος","81463","Κοσμόπουλος","6986109593","1","0","0","0","2026-06-12","0","0","1","0","1","1",,"house","0","50","0","Διατίθεται προς ενοικίαση ανακαινισμένο ρετιρέ διαμέρισμα 100 τ.μ., 5ου ορόφου, στην περιοχή Άγιος Δημήτριος, Ασύρματος. Το ακίνητο αποτελείται από δύο άνετα υπνοδωμάτια, ένα μπάνιο, ένα WC, μία κουζίνα και ένα ευρύχωρο σαλόνι, προσφέροντας λειτουργική διαρρύθμιση και άνετους χώρους διαβίωσης. Επιπλέον, διαθέτει μία θέση στάθμευσης σε κλειστό χώρο. <br />
<br />
Η κατοικία διαθέτει αυτόνομη θέρμανση με πέλλετ, κλιματισμό και ηλιακό θερμοσίφωνα, ενώ τα κουφώματα είναι αλουμινίου και τα δάπεδα από πλακάκι και ξύλο. Το ενεργειακό πιστοποιητικό κατηγορίας Α+ εξασφαλίζει ιδιαίτερα χαμηλό ενεργειακό κόστος και υψηλό επίπεδο άνεσης καθ’ όλη τη διάρκεια του έτους.<br />
<br />
Το διαμέρισμα είναι φωτεινό, διαμπερές και ρετιρέ, προσφέροντας άνεση και ιδιωτικότητα. Διατίθεται ημιεπιπλωμένο και περιλαμβάνει ηλεκτρικές συσκευές όπως πλυντήριο πιάτων, φούρνο μικροκυμάτων, κουζίνα και εστίες. Επιπλέον, διαθέτει κουρτίνες, τραπέζι κουζίνας και καναπέ κουζίνας, αποτελώντας μια εξαιρετική επιλογή για άμεση εγκατάσταση. Στα επιπλέον χαρακτηριστικά περιλαμβάνονται ασανσέρ, αποθήκη, πόρτα ασφαλείας και χώρος BBQ, ενώ βρίσκεται σε ήσυχη γειτονιά που προσφέρει ποιότητα ζωής και εύκολη καθημερινότητα. <br />
<br />
Βρίσκεται σε προνομιακή τοποθεσία κοντά σε συγκοινωνίες, σχολεία, πλατείες, αγορά, χώρους εστίασης και το κέντρο του Αγίου Δημητρίου, εξασφαλίζοντας άμεση πρόσβαση σε όλες τις απαραίτητες υπηρεσίες.<br />
<br />
Διαθέσιμο από 01/09/2026!<br />
<br />
📍 Η αναφερόμενη τοποθεσία είναι ενδεικτική. Για περισσότερες πληροφορίες ή προγραμματισμό επίσκεψης:<br />
<br />
KOSMOS REAL ESTATE<br />
📞 Υπεύθυνος Ακινήτου: Κοσμόπουλος Αλέξης - 6986109593<br />
📧 info@kosmosrealestate.gr<br />
🌐 www.kosmosrealestate.gr",,,"0","1","1","0","1","2026-06-12","10","10","0","yes","yes","0","Αθήνα - Νότια Προάστια (Αττική)","Άγιος Δημήτριος (Αθήνα - Νότια Προάστια)","1","105103","102","2200","106402",,"1","7","0","0","1","1220110327","https://m2.spitogatos.gr/357057460_1600x1200.jpg?v=20130730","https://m2.spitogatos.gr/357057463_1600x1200.jpg?v=20130730","https://m1.spitogatos.gr/357057465_1600x1200.jpg?v=20130730","https://m1.spitogatos.gr/357057468_1600x1200.jpg?v=20130730","https://m3.spitogatos.gr/357057470_1600x1200.jpg?v=20130730","https://m1.spitogatos.gr/357057474_1600x1200.jpg?v=20130730","https://m1.spitogatos.gr/357057477_1600x1200.jpg?v=20130730","https://m2.spitogatos.gr/357057481_1600x1200.jpg?v=20130730","https://m3.spitogatos.gr/357057485_1600x1200.jpg?v=20130730","https://m2.spitogatos.gr/357057490_1600x1200.jpg?v=20130730","https://m3.spitogatos.gr/357057494_1600x1200.jpg?v=20130730","https://m2.spitogatos.gr/357057499_1600x1200.jpg?v=20130730","https://m1.spitogatos.gr/357057504_1600x1200.jpg?v=20130730","https://m2.spitogatos.gr/357057508_1600x1200.jpg?v=20130730","https://m1.spitogatos.gr/357057513_1600x1200.jpg?v=20130730","https://m3.spitogatos.gr/357057518_1600x1200.jpg?v=20130730","https://m2.spitogatos.gr/357057523_1600x1200.jpg?v=20130730","https://m3.spitogatos.gr/357057527_1600x1200.jpg?v=20130730","https://m3.spitogatos.gr/357057530_1600x1200.jpg?v=20130730","https://m3.spitogatos.gr/357057533_1600x1200.jpg?v=20130730","https://m3.spitogatos.gr/357057536_1600x1200.jpg?v=20130730",,,,,"0","0","2","1","37.928677",,"1","1","23.719772",,"0","0","0","2026-07-29","0","0",,"0","1","1",,,"0","1","0",,"0","0","0","1050",,,"0","0","0","0","10.5",,,"1","3","6","1","1",,"0","1","2","0","1",,"1","100","1","10",,"0","1","0","2026-06-12","https://www.spitogatos.gr/en/property/1220110327","1","0","2001",,"residential"
"1","Ground Floor","no","simple","1","Αλέξιος","81463","Κοσμόπουλος","6986109593","1","1","0","0","2026-06-04","0","0","1","0","1","0",,"house","0",,"0","Διατίθεται προς ενοικίαση μοντέρνο, πλήρως ανακαινισμένο διαμέρισμα 112 τ.μ. (με επιπλέον βοηθητικούς χώρους), σε υπερυψωμένο ισόγειο, στην περιοχή Άγιος Δημήτριος – Μοναστήριο. Το ακίνητο αποτελείται από τρία υπνοδωμάτια με μεγάλες ντουλάπες, δύο μπάνια, μοντέρνα κουζίνα πλήρως εξοπλισμένη με συσκευές BOSCH, άνετο σαλόνι και λειτουργικούς βοηθητικούς χώρους. Διαθέτει επίσης πρόσθετο ημι-υπόγειο δωμάτιο 16 τ.μ. με φυσικό φωτισμό και αερισμό, κατάλληλο για γραφείο, playroom ή επιπλέον χρήση. <br />
<br />
Η κατοικία βρίσκεται σε διώροφο κτίριο με συνολικά τρία διαμερίσματα, δίπλα σε μεγάλο ακάλυπτο χώρο (μελλοντική πλατεία), προσφέροντας αίσθηση άνεσης και ηρεμίας. Ανακαινίστηκε πλήρως το 2026 και διαθέτει αυτόνομη θέρμανση με αντλία θερμότητας, κλιματισμό σε όλους τους χώρους, ηλιακό θερμοσίφωνα με ανακυκλοφορία, συναγερμό και κάμερες ασφαλείας. Τα κουφώματα είναι αλουμινίου με διπλά τζάμια και η ενεργειακή του κλάση είναι Β+. Το διαμέρισμα είναι προσόψεως, φωτεινό και διαμπερές, με ψηλοτάβανους χώρους (3,10 μ.), μπαλκόνι 9 τ.μ. και ιδιωτικό αίθριο 5 τ.μ. Υπάρχει δυνατότητα επιπλέον ενοικίασης θέσης στάθμευσης και αποθήκης στο ημιυπόγειο.<br />
<br />
📍 Η αναφερόμενη τοποθεσία είναι ενδεικτική. Για περισσότερες πληροφορίες ή προγραμματισμό επίσκεψης:<br />
<br />
KOSMOS REAL ESTATE<br />
📞 Υπεύθυνος Ακινήτου: Αλέξης – 6986109593<br />
📧 info@kosmosrealestate.gr<br />
🌐 https://www.kosmosrealestate.gr/el",,,"0","0","3","1","0","2026-06-04","3","7","0","no","no","1","Αθήνα - Νότια Προάστια (Αττική)","Άγιος Δημήτριος (Αθήνα - Νότια Προάστια)","1","105103","102","2200","106405","Double","1","13","0","0","1","1220005616","https://m1.spitogatos.gr/355604964_1600x1200.jpg?v=20130730","https://m3.spitogatos.gr/355604969_1600x1200.jpg?v=20130730","https://m2.spitogatos.gr/355604974_1600x1200.jpg?v=20130730","https://m1.spitogatos.gr/355604979_1600x1200.jpg?v=20130730","https://m2.spitogatos.gr/355604983_1600x1200.jpg?v=20130730","https://m2.spitogatos.gr/355604989_1600x1200.jpg?v=20130730","https://m1.spitogatos.gr/355604994_1600x1200.jpg?v=20130730","https://m2.spitogatos.gr/355604998_1600x1200.jpg?v=20130730","https://m1.spitogatos.gr/355605003_1600x1200.jpg?v=20130730","https://m2.spitogatos.gr/355605007_1600x1200.jpg?v=20130730","https://m3.spitogatos.gr/355605014_1600x1200.jpg?v=20130730","https://m2.spitogatos.gr/355605019_1600x1200.jpg?v=20130730","https://m2.spitogatos.gr/355605025_1600x1200.jpg?v=20130730","https://m2.spitogatos.gr/355605028_1600x1200.jpg?v=20130730","https://m1.spitogatos.gr/355605030_1600x1200.jpg?v=20130730","https://m1.spitogatos.gr/355605033_1600x1200.jpg?v=20130730","https://m1.spitogatos.gr/355605036_1600x1200.jpg?v=20130730","https://m1.spitogatos.gr/355605039_1600x1200.jpg?v=20130730","https://m1.spitogatos.gr/355605042_1600x1200.jpg?v=20130730","https://m1.spitogatos.gr/355605045_1600x1200.jpg?v=20130730",,,,,,"0","0","2","1","37.926708",,"1","1","23.72769",,"0","0","0","2026-07-29","0","0",,"1","0","2",,,"0","0","1",,"1","0","0","1350",,,"0","0","0","0","12.05",,,"1","3","6","1","1","2026","0","1","3","0","1",,"1","112","1",,,"0","1","0","2026-06-04","https://www.spitogatos.gr/en/property/1220005616","1","0","1980",,"residential"
"1","5","no","simple","1",,,,,"0","1","0","0","2026-06-01","0","1","0","0","1","0",,"house",,,"0","Κωδικός ακινήτου: 65-19104 - Άλιμος Εκτελωνιστών - Εφοριακών  ΕΝΟΙΚΙΑΖΕΤΑΙ   ανακαινισμένο  διαμέρισμα  στον 5 ο όροφο συνολικής επιφάνειας 120.00 τ.μ.  . Αποτελείται από 3 υπνοδωμάτια, σαλόνι, κουζίνα, 2 μπάνια . Είναι κατασκευασμένο το 2006 με ενεργειακή κλάση Γ και ανακαινίστηκε το 2024. Διαθέτει θέρμανση αυτόνομη - πετρελαίου, απεριόριστη θέα, κουφώματα αλουμινίου, ξύλινα πατώματα, πόρτα ασφαλείας, εντοιχιζόμενες ντουλάπες, ανελκυστήρα, πάρκινγκ, αποθήκη , τζάκι, A/C, συναγερμό, τέντες, σίτες, διπλά τζάμια, ηλιακό θερμοσίφωνα, ανοιχτωσιά      - Τιμή: 1.600 €  <br>Εξαιρετικό διαμέρισμα ρετιρέ σε άριστη κατάσταση φωτεινό με πολύ όμορφη θέα, 4 λεπτά μόλις από τον σταθμό του μετρό της Ηλιούπολης, πολύ κοντά σε καταστήματα, σούπερ μάρκετ, κεντρικούς δρόμους. Δίνεται χωρίς έπιπλα. Διαθέσιμο από 01/06/2026. <br>",,,,"1","5","0","1","2026-05-21","10","2","0","no","yes","0","Αθήνα - Νότια Προάστια (Αττική)","Άγιος Δημήτριος (Αθήνα - Νότια Προάστια)","1","105103","102","2200","123200","Double","1","1","0","0","1","1219925661","https://m1.spitogatos.gr/354176718_1600x1200.jpg?v=20130730","https://m2.spitogatos.gr/354176728_1600x1200.jpg?v=20130730","https://m3.spitogatos.gr/354176744_1600x1200.jpg?v=20130730","https://m2.spitogatos.gr/354176758_1600x1200.jpg?v=20130730","https://m2.spitogatos.gr/354176770_1600x1200.jpg?v=20130730","https://m1.spitogatos.gr/354176787_1600x1200.jpg?v=20130730","https://m2.spitogatos.gr/354176803_1600x1200.jpg?v=20130730","https://m1.spitogatos.gr/354176817_1600x1200.jpg?v=20130730","https://m1.spitogatos.gr/354176826_1600x1200.jpg?v=20130730","https://m1.spitogatos.gr/354176832_1600x1200.jpg?v=20130730","https://m2.spitogatos.gr/354176839_1600x1200.jpg?v=20130730",,,,,,,,,,,,,,,"0","0","2","1","37.928967",,,"1","23.742163",,"0",,,"2026-07-16","0","0",,"0","0","2",,,"1","1","1","1","0","0","0","1600",,,"0","0","0","0","13.33",,,"1","3","6","1","1","2024","0","7","3","0","1",,"1","120","1",,"Λακωνίας 27, 173 42, Άγιος Δημήτριος","0","1","0","2026-05-21","https://www.spitogatos.gr/en/property/1219925661","1","0","2006",,"residential"
"1","Ground Floor",,"simple","1",,,,,"1","1","0","0","2026-06-17","0","1","1","0","1",,,"house",,"0","1","ΑΓΙΟΣ ΔΗΜΗΤΡΙΟΣ (ΑΤΤΙΚΗ - ΝΟΤΙΑ ΠΡΟΑΣΤΙΑ), Μοναστήρι - Οροφοδιαμέρισμα 112τμ σε οικόπεδο 174τμ, με ηλεκτρικές συσκευές, 3 υ/δ, ισόγειο (112τμ, 3 υ/δ, σαλόνι, τραπεζαρία, κουζίνα, 2 μπάνια), πλήρως ανακαινισμένο, κατασκευή 1980, ανακαίνιση 2026, ενεργειακή κλάση Β+, σαλόνι, χωλ, κουζίνα, 2 μπάνια, ατομικός λέβητας θέρμανση (αντλία θερμότητας), κλιματισμός, ήσυχο, διαμπερές, φωτεινό, γωνιακό, θέα ανοιχτός ορίζοντας, πρόσοψης, βαμμένο, αποθήκη, ηλιακός, θερμοπρόσοψη, βεράντες, μεγάλες βεράντες, τέντες, κήπος, εντοιχισμένες συσκευές, κουφώματα αλουμινίου, διπλά τζάμια, σίτες, τύπος δαπέδων μάρμαρο, νυχτερινό ρεύμα, πόρτα ασφαλείας, συναγερμός, κάμερες ασφαλείας, θυροτηλεόραση, πολυτελές, ενδοδαπέδια θέρμανση, playroom, internet, εντός σχεδίου, οικιστική ζώνη, προσανατολισμός δυτικός, πρόσβαση: άσφαλτο, ευκαιρία, πλησίον μετρό/ηλεκτρικός (έως 1000μ), πλησίον πλατεία (έως 100μ), πλησίον πάρκο (έως 100μ), πλησίον super market (έως 100μ), πλησίον σχολείο (έως 100μ), πλησίον στάση λεωφορείου/τρόλεϋ (έως 100μ), πλησίον αθλητικές εγκαταστάσεις (έως 100μ), πλησίον αγορά (έως 100μ), πλησίον τράπεζες (έως 100μ), πλησίον διασκέδαση (έως 100μ).<br />
Ισόγειο μοντέρνο διαμέρισμα (ελαφρά υπερυψωμένο) ολικής ανακαίνισης-ανακατασκευής 2026, επιφάνειας 112+16  τ.μ., σε διώροφο<br />
κτίριο με 1 ακόμη διαμέρισμα στον Α όροφο και ένα στον Β, δίπλα σε μεγάλο ακάλυπτο χώρο (μελλοντική πλατεία).  2 μοντέρνα μπάνια,<br />
3 κρεβατοκάμαρες με μεγάλες ντουλάπες, μοντέρνα κουζίνα με συσκευές BOSCH (κουζίνα, εστίες, απορροφητήρας, πλυντήριο πιάτων), σαλόνι, κλιματισμός σε όλους τους χώρους, θέρμανση με αντλία θερμότητας, ηλιακός θερμοσίφωνας με ανακυκλοφορία, συναγερμός / κάμερες. Ψηλοτάβανο διαμέρισμα (3.10 μ.), μπαλκόνι μπροστά (9 τ.μ.)<br />
σε ακάλυπτο κήπο, ιδιωτικό αίθριο – κλιμακοστάσιο πίσω (5 τ.μ.) με πρόσθετο ημι-υπόγειο δωμάτιο 16 τ.μ.  με φυσικό αερισμό και<br />
φωτισμό, ψύξη και θέρμανση. Ενεργειακή κλάση Β+. Πιθανή δυνατότητα επιπλέον ενοικίασης στο κτίριο ημι-υπόγειας θέσης στάθμευσης (24 τ.μ.) με ή χωρίς ημι-υπόγεια αποθήκη (32 τ.μ.).<br />
<br />
Τιμή €1.350 (κωδ. 158983) 2109229965;2109229971 GRAND ESTATE<br />
| Το στίγμα στο χάρτη δεν υποδεικνύει την ακριβή θέση του ακινήτου αλλά σημείο πλησίον του. Δείτε περισσότερα ακίνητα στο site μας www.grandestate.gr",,"0",,"0","3","1","0","2026-06-17","3","1","0","no","no","1","Αθήνα - Νότια Προάστια (Αττική)","Άγιος Δημήτριος (Αθήνα - Νότια Προάστια)","1","105103","102","2200","106294","Double","4","13","1","0","1","1220140691","https://m3.spitogatos.gr/357581138_1600x1200.jpg?v=20130730","https://m3.spitogatos.gr/357581141_1600x1200.jpg?v=20130730","https://m2.spitogatos.gr/357581143_1600x1200.jpg?v=20130730","https://m1.spitogatos.gr/357581145_1600x1200.jpg?v=20130730","https://m3.spitogatos.gr/357581147_1600x1200.jpg?v=20130730","https://m2.spitogatos.gr/357581149_1600x1200.jpg?v=20130730","https://m1.spitogatos.gr/357581151_1600x1200.jpg?v=20130730","https://m3.spitogatos.gr/357581153_1600x1200.jpg?v=20130730","https://m1.spitogatos.gr/357581154_1600x1200.jpg?v=20130730","https://m3.spitogatos.gr/357581156_1600x1200.jpg?v=20130730","https://m2.spitogatos.gr/357581158_1600x1200.jpg?v=20130730","https://m3.spitogatos.gr/357581159_1600x1200.jpg?v=20130730","https://m2.spitogatos.gr/357581161_1600x1200.jpg?v=20130730","https://m3.spitogatos.gr/357581162_1600x1200.jpg?v=20130730","https://m2.spitogatos.gr/357581164_1600x1200.jpg?v=20130730","https://m1.spitogatos.gr/357581166_1600x1200.jpg?v=20130730","https://m2.spitogatos.gr/357581167_1600x1200.jpg?v=20130730","https://m1.spitogatos.gr/357581169_1600x1200.jpg?v=20130730","https://m2.spitogatos.gr/357581170_1600x1200.jpg?v=20130730","https://m1.spitogatos.gr/357581172_1600x1200.jpg?v=20130730","https://m3.spitogatos.gr/357581174_1600x1200.jpg?v=20130730","https://m1.spitogatos.gr/357581175_1600x1200.jpg?v=20130730","https://m3.spitogatos.gr/357581177_1600x1200.jpg?v=20130730",,,"0","0","2","1","37.926903",,"1","1","23.728697","174","1",,,"2026-07-31","0","0",,"1","0","2",,"7","1","0","1",,"1","0","0","1350",,,"0","0","0","0","12.05",,,"1","3","6","1","1","2026","0","1","3","0","1",,"1","112","1",,,"0","1","0","2026-06-17","https://www.spitogatos.gr/en/property/1220140691","1","1","1980",,"residential"
"1","1","no","simple","1",,,,,"0","0","0","0","2026-06-29","1","0","0","0","1","0",,"house",,,"0","Κωδικός ακινήτου: 9-68 - Άγιος Δημήτριος Κοψαχείλα  ΕΝΟΙΚΙΑΖΕΤΑΙ     διαμέρισμα  στον 1 ο όροφο συνολικής επιφάνειας 100.00 τ.μ.  . Αποτελείται από 3 υπνοδωμάτια, σαλόνι, κουζίνα, μπάνιο . Είναι κατασκευασμένο το 1985 με ενεργειακή κλάση Γ και ανακαινίστηκε το 2026. Διαθέτει θέρμανση ατομική - πετρέλαιο,  κουφώματα ξύλινα, πατώματα από μωσαϊκό και ξύλο, πόρτα ασφαλείας, εντοιχιζόμενες ντουλάπες, αποθήκη 30 τ.μ., κήπο, A/C, ηλεκτρικές συσκευές, ηλιακό θερμοσίφωνα, σκαλιά εισόδου, θυροτηλεόραση, ανοιχτωσιά      - Τιμή: 900 €  <br> <br>",,,,"0","5","0","0","2026-07-01","6","11","0","no","no","1","Αθήνα - Νότια Προάστια (Αττική)","Άγιος Δημήτριος (Αθήνα - Νότια Προάστια)","1","105103","102","2200","106409","Single","4","1","0","0","1","1220282288","https://m2.spitogatos.gr/360118201_1600x1200.jpg?v=20130730","https://m2.spitogatos.gr/360118204_1600x1200.jpg?v=20130730","https://m2.spitogatos.gr/360118207_1600x1200.jpg?v=20130730","https://m3.spitogatos.gr/360118211_1600x1200.jpg?v=20130730","https://m3.spitogatos.gr/360118214_1600x1200.jpg?v=20130730","https://m3.spitogatos.gr/360118217_1600x1200.jpg?v=20130730","https://m1.spitogatos.gr/360118221_1600x1200.jpg?v=20130730","https://m1.spitogatos.gr/360118224_1600x1200.jpg?v=20130730","https://m3.spitogatos.gr/360118229_1600x1200.jpg?v=20130730","https://m1.spitogatos.gr/360118233_1600x1200.jpg?v=20130730","https://m3.spitogatos.gr/360118238_1600x1200.jpg?v=20130730",,,,,,,,,,,,,,,"0","0","1","1","37.935009",,,"1","23.725555",,"0",,,"2026-07-04","0","0",,"0","0","1","1",,"1","0","0","1","0","0","0","900",,,"0","0","0","0","9",,,"1","3","6","1","0",,"0","7","3","0","1",,"1","100","1","30","Ελπίδος 34, 173 41, Άγιος Δημήτριος","0","1","0","2026-07-01","https://www.spitogatos.gr/en/property/1220282288","0","1","1985",,"residential"
"1","Ground Floor","no","simple","1",,,,,"1","1","0","0","2026-06-01","0","0","0","0","1","0",,"house","0",,"0","Διαμέρισμα Προς Ενοικίαση, όροφος: Υπερυψωμένο Ισόγειο, στην περιοχή: Άγιος Δημήτριος. Το εμβαδόν του ακινήτου είναι 112 τ.μ.. Αποτελείται από: 3 Υ/Δ, 2 μπάνιο/α, 1 κουζίνα/ες, 1 σαλόνι/α. Έχει κατασκευαστεί το 1980 και ανακαινίστηκε το 2026. Η θέρμανση του ακινήτου είναι Ατομική με Αντλία θερμότητας, ενώ επίσης διατίθεται Κλιματισμός, Ηλιακός, έχει κουφώματα Αλουμινίου με Διπλά τζάμια, ενεργειακό πιστοποιητικό: Β+, βρίσκεται κοντά σε Συγκοινωνίες, Πλατεία, Super Market, Αγορά, Εστίαση, έχει θέα Αστικό τοπίο. Το ακίνητο είναι Προσόψεως, Φωτεινό, Ευάερο, Ευήλιο, Διαμπερές και επίσης διαθέτει τα παρακάτω χαρακτηριστικά και πλεονεκτήματα: Σίτες, Αποθήκη, Κήπος, Πόρτα Ασφαλείας, Συναγερμός, Κάμερες Ασφαλείας, Νυχτερινό Ρεύμα. Με πρόσθετο ημι-υπόγειο 16 τ.μ. Ως εγγύηση ο ιδιοκτήτης ζητά 2 ενοίκια και το τρέχον.Τα κατοικίδια δεν είναι ευπρόσδεκτα.. Τιμή: €1.350. Lionbridge, Τηλέφωνο Επικοινωνίας: 2109969646, 6980980431, email: info@lionbridge.gr",,,"0","0","3","1","0","2026-06-01","3",,"0","no","no","1","Αθήνα - Νότια Προάστια (Αττική)","Άγιος Δημήτριος (Αθήνα - Νότια Προάστια)","1","105103","102","2200",,"Double","4","13","0","0","1","1219986970","https://m3.spitogatos.gr/355258565_1600x1200.jpg?v=20130730","https://m2.spitogatos.gr/355258567_1600x1200.jpg?v=20130730","https://m1.spitogatos.gr/355258569_1600x1200.jpg?v=20130730","https://m1.spitogatos.gr/355258473_1600x1200.jpg?v=20130730","https://m1.spitogatos.gr/355258476_1600x1200.jpg?v=20130730","https://m3.spitogatos.gr/355258478_1600x1200.jpg?v=20130730","https://m2.spitogatos.gr/355258480_1600x1200.jpg?v=20130730","https://m1.spitogatos.gr/355258482_1600x1200.jpg?v=20130730","https://m3.spitogatos.gr/355258484_1600x1200.jpg?v=20130730","https://m2.spitogatos.gr/355258486_1600x1200.jpg?v=20130730","https://m3.spitogatos.gr/355258487_1600x1200.jpg?v=20130730","https://m1.spitogatos.gr/355258488_1600x1200.jpg?v=20130730","https://m2.spitogatos.gr/355258489_1600x1200.jpg?v=20130730","https://m1.spitogatos.gr/355258491_1600x1200.jpg?v=20130730","https://m3.spitogatos.gr/355258493_1600x1200.jpg?v=20130730","https://m2.spitogatos.gr/355258495_1600x1200.jpg?v=20130730","https://m3.spitogatos.gr/355258496_1600x1200.jpg?v=20130730","https://m1.spitogatos.gr/355258497_1600x1200.jpg?v=20130730","https://m2.spitogatos.gr/355258498_1600x1200.jpg?v=20130730","https://m3.spitogatos.gr/355258499_1600x1200.jpg?v=20130730",,,,,,"0","0","2","1","37.925468",,"1","1","23.728397",,"0","0","0","2026-06-02","0","0",,"1","0","2",,,"0","0","1",,"0","0","0","1350",,,"0","0","0","0","12.05",,,"1","3","6","1","0",,"0",,"3","0","1",,"1","112","1",,,"0","1","0","2026-06-01","https://www.spitogatos.gr/en/property/1219986970","1","0","1980",,"residential"
"1","Ground Floor","yes","simple","1","Γιώργος","5218","Κοκαράκης","+306970085588","0","0","0","0","2024-03-27","0","0","1","1","1","0",,"house","0","0","0","Άγιος Δημήτριος, Ασύρματος: Ενοικιάζεται ανακαινισμένο το 2023, Διαμέρισμα 40τ.μ. πολυτελείας, με 35 τμ βεράντα, προσόψεως σε ισόγειο. Με ατομική θέρμανση κλιματιστικά. Αποτελείται από 1 υπνοδωμάτιο, 1 σαλονοκουζίνα ενιαία, και μπάνιο. Είναι πλήρως επιπλωμένο και διακοσμημένο, με όλες τις ηλεκτρικές συσκευές, βαμμένο και διαθέτει ανοιχτή θέα, πρόσβαση σε κήπο και αποθήκη 10 τμ. κουφώματα αλουμινίου με διπλά τζάμια, θωρακισμένη πόρτα, νυχτερινό ρεύμα. Είναι ιδανικό για οικογένειες ή εργαζόμενους ή για επαγγελματική χρήση. Τιμή 1.000€ | Κωδικός Ακινήτου: #1838. Τηλ. 6970085588<br><br />
Το γραφείο μας είναι μέλος του Επαγγελματικού Επιμελητηρίου Αθηνών (Ε. Ε. Α. ) με αριθμό Γ. Ε. Μ. Η. 145744603000 , μέλος του Συλλόγου Μεσιτών Αστικών Συμβάσεων Αθηνών Αττικής (Σ. Μ. Α. Σ. Α. Α. ) με Α. Μ. 9333 , μέλος της European Association Of Real Estate Professions (CEPI) και λειτουργεί σύμφωνα με τις υποχρεώσεις και τους κανόνες δεοντολογίας των Μεσιτών. Εμπιστευθείτε και Συνεργαστείτε με Νόμιμα Μεσιτικά Γραφεία, ζητώντας να σας επιδείξουν το ΓΕΜΗ ή την επαγγελματική τους ταυτότητα, βγαίνοντας πάντα ωφελημένοι και ενημερωμένοι. Για παρουσίαση και επίσκεψη στο ακίνητο, καλέστε για ραντεβού στα τηλέφωνα 6970085588, Δευτέρα έως Παρασκευή ώρες 10 :00 - 21 :00 και Σάββατο 10 :00 14 :00. Για την υπόδειξη του ακινήτου και την υπογραφή Εντολής Υπόδειξης, είναι απαραίτητη η επίδειξη της Α. Δ. Τ. & του Α. Φ. Μ. σας, σύμφωνα με τον Νόμο περί μεσιτών (Ν. 4072 /11 -4 -2012 ΦΕΚ 86 ). Επισκεφθείτε τον ιστότοπο μας: www.agoraproperties.gr<br>",,"1","0","0","5","1","0","2024-03-27","3",,"1","yes","no","0","Αθήνα - Νότια Προάστια (Αττική)","Άγιος Δημήτριος (Αθήνα - Νότια Προάστια)","1","105103","102","2200","106367","Triple","4","4","0","0","1","1215557289","https://m3.spitogatos.gr/282274187_1600x1200.jpg?v=20130730","https://m1.spitogatos.gr/282274188_1600x1200.jpg?v=20130730","https://m2.spitogatos.gr/282274189_1600x1200.jpg?v=20130730","https://m3.spitogatos.gr/282274190_1600x1200.jpg?v=20130730","https://m2.spitogatos.gr/282274192_1600x1200.jpg?v=20130730","https://m1.spitogatos.gr/282274194_1600x1200.jpg?v=20130730","https://m3.spitogatos.gr/282274196_1600x1200.jpg?v=20130730","https://m1.spitogatos.gr/282274197_1600x1200.jpg?v=20130730","https://m2.spitogatos.gr/282274201_1600x1200.jpg?v=20130730","https://m1.spitogatos.gr/282274203_1600x1200.jpg?v=20130730","https://m1.spitogatos.gr/282274206_1600x1200.jpg?v=20130730","https://m2.spitogatos.gr/282274210_1600x1200.jpg?v=20130730","https://m1.spitogatos.gr/282274212_1600x1200.jpg?v=20130730","https://m2.spitogatos.gr/282274216_1600x1200.jpg?v=20130730","https://m1.spitogatos.gr/282274218_1600x1200.jpg?v=20130730","https://m1.spitogatos.gr/282274221_1600x1200.jpg?v=20130730","https://m1.spitogatos.gr/282274224_1600x1200.jpg?v=20130730","https://m1.spitogatos.gr/282274227_1600x1200.jpg?v=20130730","https://m1.spitogatos.gr/282274230_1600x1200.jpg?v=20130730","https://m3.spitogatos.gr/282274232_1600x1200.jpg?v=20130730","https://m2.spitogatos.gr/282274234_1600x1200.jpg?v=20130730","https://m3.spitogatos.gr/282274235_1600x1200.jpg?v=20130730",,,,"0","0","2","1","37.935314",,"1","1","23.718634",,"1","0",,"2026-07-29","0","0",,"1","0","1",,"3","1","0","0",,"0","0","0","1000",,,"0","0","0","0","25",,,"1","3","6","1","1","2021","0","1","1","0","1",,"0","40","1",,,"0","1","0","2024-03-27","https://www.spitogatos.gr/en/property/1215557289","1",,"1974",,"residential"
"1","1","no","simple","1",,,,,"0","0","0","0","2026-07-03","0","0","1","0","1","0",,"house","0",,"1","Διατίθεται προς ενοικίαση εξαιρετικό διαμέρισμα 122 τ.μ.,1ου ορόφου  πλήρως ανακαινισμένο, σε ήσυχη και ασφαλή γειτονιά του Αγίου Δημητρίου, πολύ κοντά στον σταθμό Μετρό, την κεντρική πλατεία και τον Ιερό Ναό Αγίου Δημητρίου.<br />
<br />
Το ακίνητο διαθέτει 3 άνετα και φωτεινά υπνοδωμάτια, ευρύχωρο σαλόνι με άπλετο φυσικό φωτισμό, πλήρως ανακαινισμένη κουζίνα,2 ανακαινισμένα μοντέρνα μπάνια ,1 ευρύχωρο πατάρι και 2 βεράντες. Έχει πραγματοποιηθεί ολική ανακαίνιση των ηλεκτρολογικών και υδραυλικών εγκαταστάσεων, προσφέροντας ασφάλεια και αξιοπιστία.<br />
<br />
Στα επιπλέον χαρακτηριστικά περιλαμβάνονται:<br />
<br />
- Θέρμανση με αντλία θερμότητας.<br />
- Ηλιακός θερμοσίφωνας διπλής ενέργειας.<br />
- Ενεργειακά κουφώματα αλουμινίου με διπλά τζάμια.<br />
- Σήτες σε όλα τα παράθυρα .<br />
- Υψηλή ενεργειακή απόδοση, εξαιρετική θερμομόνωση και άνετη, λειτουργική διαρρύθμιση.<br />
-Πόρτα ασφαλείας<br />
-4 σύγχρονα air condition <br />
-Εντοιχισμένες ντουλάπες σε 2 απο τα 3 υπνοδωμάτια<br />
Η τοποθεσία του ακινήτου προσφέρει μοναδική ευκολία στην καθημερινότητα, με άμεση πρόσβαση σε Μετρό, συγκοινωνίες, σχολεία, παιδικούς σταθμούς, παιδικές χαρές, πάρκα, super market, καταστήματα λιανικής, καφετέριες, εστιατόρια, φαρμακεία, τράπεζες και αθλητικές εγκαταστάσεις. Παράλληλα, η γειτονιά είναι ιδιαίτερα ήσυχη, οικογενειακή και διαθέτει εύκολο πάρκινγκ.<br />
<br />
Ένα ποιοτικό, σύγχρονο και ιδιαίτερα φωτεινό διαμέρισμα, έτοιμο να φιλοξενήσει τους νέους του ενοικιαστές, συνδυάζοντας άνεση, αισθητική και εξαιρετική τοποθεσία.. Τιμή: €900. EPAVLIS ΚΤΗΜΑΤΟΜΕΣΙΤΕΣ, Τηλέφωνο Επικοινωνίας: 2109945719, email: info@epreal.gr, website: https://www.epreal.gr/",,,"0","0","6","0","0","2026-07-03","6","4","1","no","no","0","Αθήνα - Νότια Προάστια (Αττική)","Άγιος Δημήτριος (Αθήνα - Νότια Προάστια)","1","105103","102","2200",,"Double","1","13","0","0","1","1220296052","https://m1.spitogatos.gr/360347721_1600x1200.jpg?v=20130730","https://m2.spitogatos.gr/360347725_1600x1200.jpg?v=20130730","https://m2.spitogatos.gr/360347728_1600x1200.jpg?v=20130730","https://m2.spitogatos.gr/360347731_1600x1200.jpg?v=20130730","https://m3.spitogatos.gr/360347732_1600x1200.jpg?v=20130730","https://m1.spitogatos.gr/360347733_1600x1200.jpg?v=20130730","https://m2.spitogatos.gr/360347734_1600x1200.jpg?v=20130730","https://m3.spitogatos.gr/360347735_1600x1200.jpg?v=20130730","https://m2.spitogatos.gr/360347737_1600x1200.jpg?v=20130730","https://m1.spitogatos.gr/360347739_1600x1200.jpg?v=20130730","https://m3.spitogatos.gr/360347741_1600x1200.jpg?v=20130730","https://m2.spitogatos.gr/360347743_1600x1200.jpg?v=20130730","https://m3.spitogatos.gr/360347744_1600x1200.jpg?v=20130730","https://m3.spitogatos.gr/360347747_1600x1200.jpg?v=20130730","https://m1.spitogatos.gr/360347748_1600x1200.jpg?v=20130730","https://m3.spitogatos.gr/360347750_1600x1200.jpg?v=20130730","https://m2.spitogatos.gr/360347752_1600x1200.jpg?v=20130730","https://m3.spitogatos.gr/360347753_1600x1200.jpg?v=20130730",,,,,,,,"0","0","2","1","37.94062",,"1","1","23.726397",,"0","0","0","2026-07-08","0","0",,"0","0","2",,,"1","0","1",,"0","0","0","900",,,"0","0","0","0","7.38",,,"1","3","6","1","1",,"0",,"3","0","1",,"1","122","0",,,"0","1","0","2026-07-03","https://www.spitogatos.gr/en/property/1220296052","0","1","1992",,"residential"
"1","2","no","simple","1","Θέμης","45640","Στάμος","+306946226676","1","0","0","0","2026-06-12","0","1","1","12","1","0",,"house","0",,"0","Εξαιρετικό διαμέρισμα  στον 2 ο όροφο συνολικής επιφάνειας 116.00 τ.μ.  . Αποτελείται από 3 υπνοδωμάτια, σαλόνι, κουζίνα, 2 μπάνια . Είναι κατασκευασμένο το 2002 με ενεργειακή κλάση Γ  και διαθέτει θέρμανση αυτόνομη - πετρελαίου,  κουφώματα αλουμινίου, πατώματα από πλακάκι, πόρτα ασφαλείας, εντοιχιζόμενες ντουλάπες, ανελκυστήρα, πάρκινγκ, κλιματιστικά, τέντες, ηλιακό θερμοσίφωνα, νυχτερινό ρεύμα.  Η διεύθυνση στην καταχώρηση είναι κατά προσέγγιση. ALPHA LEVEL REAL ESTATE (Κωδικος ακιν. 1317) Τηλέφωνο για όλες τις ώρες 6908937760. websait : https://alpha-level.gr/el",,,"0","1","5","1","0","2026-06-12","7","4","1","no","yes","0","Αθήνα - Νότια Προάστια (Αττική)","Άγιος Δημήτριος (Αθήνα - Νότια Προάστια)","1","105103","102","2200","106294","Double","4","1","0","0","1","1220104538","https://m2.spitogatos.gr/356970601_1600x1200.jpg?v=20130730","https://m2.spitogatos.gr/356970580_1600x1200.jpg?v=20130730","https://m1.spitogatos.gr/356970603_1600x1200.jpg?v=20130730","https://m1.spitogatos.gr/356970648_1600x1200.jpg?v=20130730","https://m1.spitogatos.gr/356970579_1600x1200.jpg?v=20130730","https://m3.spitogatos.gr/356970581_1600x1200.jpg?v=20130730","https://m3.spitogatos.gr/356970593_1600x1200.jpg?v=20130730","https://m3.spitogatos.gr/356970602_1600x1200.jpg?v=20130730","https://m2.spitogatos.gr/356970610_1600x1200.jpg?v=20130730","https://m3.spitogatos.gr/356970611_1600x1200.jpg?v=20130730","https://m1.spitogatos.gr/356970612_1600x1200.jpg?v=20130730","https://m1.spitogatos.gr/356970624_1600x1200.jpg?v=20130730","https://m2.spitogatos.gr/356970625_1600x1200.jpg?v=20130730","https://m3.spitogatos.gr/356970635_1600x1200.jpg?v=20130730","https://m1.spitogatos.gr/356970636_1600x1200.jpg?v=20130730","https://m2.spitogatos.gr/356970637_1600x1200.jpg?v=20130730","https://m3.spitogatos.gr/356970647_1600x1200.jpg?v=20130730","https://m2.spitogatos.gr/356970649_1600x1200.jpg?v=20130730","https://m3.spitogatos.gr/356970650_1600x1200.jpg?v=20130730","https://m1.spitogatos.gr/356970651_1600x1200.jpg?v=20130730","https://m2.spitogatos.gr/356970652_1600x1200.jpg?v=20130730",,,,,"0","1","2","1","37.926262",,"1","1","23.734636","360","1","0","0","2026-06-16","0","0",,"1","0","2","5","3","1","0","1",,"0","0","0","1250",,,"0","0","0","0","10.78",,,"1","6",,"1","1","2018","0",,"3","0","1",,"1","116","1",,"Κερασιάς 70, Άγιος Δημήτριος 17342","1","1","0","2026-06-12","https://www.spitogatos.gr/en/property/1220104538","1","1","2002",,
"1","2","no","simple","1",,,,,"0","0","0","0","2024-05-27","0","0","0","0","1",,,"house",,,"1","Διαμέρισμα 2ου ορόφου σε εξαιρετικό σημείο, δίπλα στο μετρό της Δάφνης. Χωρίς ασανσέρ. Είναι φωτεινό κι ευρύχωρο, έχει 3 υπνοδωμάτια, ανεξάρτητη κουζίνα, αποθήκη στην ταράτσα, καινούρια κουφώματα. <br />
<br />
Η περιοχή της Δάφνης, γνωστή λόγω της Γυμναστικής Ακαδημίας Αθηνών (ΤΕΦΑΑ), αποτελεί πέρασμα προς το Νότιο Τομέα, ενώ είναι προσβάσιμη μέσω της Λεωφόρου Βουλιαγμένης και του ομώνυμου σταθμού του μετρό στην Πλατεία Καλογήρων. Στη Δάφνη αναπτύσσεται ένας δραστήριος εμπορικός πεζόδρομος.<br />
Απέχει 10 χλμ από το λιμάνι του Πειραιά, μόλις 3,5 χλμ από το κέντρο της Αθήνας και 33 χλμ από το Διεθνές Αεροδρόμιο Ελ. Βενιζέλος. <br />
Ενοικίαση, Διαμέρισμα,  Μπάνια: 1,  Εμβαδόν: 113 τ.μ.,  Δωμάτια: 3,  Έτος κατασκευής: 1964,  Για φοιτητές,  Κλιματισμός,  Ρετιρέ,  Αποθήκη,  Όροφος: 2ος,  Κατάλληλο για Επαγγ. Χρήση,  Γωνιακό,  Πρόσοψης,  Ανακαινισμένο,  Διπλά τζάμια,  Φωτεινό,  Κουζίνες: 1,  Τύπος δαπέδων: Μωσαϊκό,  Θέρμανση: Αυτόνομη θέρμανση,  Πρόσβαση από: Άσφαλτο,  Επενδυτικό,  Ενεργειακή κλάση: Ζ,  Προσανατολισμός: Βορειοδυτικός",,"1",,"0","8","1","0","2024-10-02","7","5","1","no","no","0","Αθήνα - Νότια Προάστια (Αττική)","Άγιος Δημήτριος (Αθήνα - Νότια Προάστια)","1","105103","102","2200","4615","Double","1",,"0","0","1","1213088840","https://m3.spitogatos.gr/286687343_1600x1200.jpg?v=20130730","https://m3.spitogatos.gr/286687346_1600x1200.jpg?v=20130730","https://m2.spitogatos.gr/286687348_1600x1200.jpg?v=20130730","https://m3.spitogatos.gr/286687349_1600x1200.jpg?v=20130730","https://m1.spitogatos.gr/286687350_1600x1200.jpg?v=20130730","https://m2.spitogatos.gr/286687351_1600x1200.jpg?v=20130730","https://m3.spitogatos.gr/286687352_1600x1200.jpg?v=20130730","https://m1.spitogatos.gr/286687353_1600x1200.jpg?v=20130730","https://m2.spitogatos.gr/286687354_1600x1200.jpg?v=20130730","https://m3.spitogatos.gr/286687355_1600x1200.jpg?v=20130730","https://m1.spitogatos.gr/286687356_1600x1200.jpg?v=20130730","https://m3.spitogatos.gr/286687358_1600x1200.jpg?v=20130730","https://m2.spitogatos.gr/286687360_1600x1200.jpg?v=20130730","https://m3.spitogatos.gr/286687361_1600x1200.jpg?v=20130730","https://m1.spitogatos.gr/286687362_1600x1200.jpg?v=20130730","https://m2.spitogatos.gr/286687363_1600x1200.jpg?v=20130730","https://m3.spitogatos.gr/286687364_1600x1200.jpg?v=20130730","https://m1.spitogatos.gr/286687365_1600x1200.jpg?v=20130730","https://m2.spitogatos.gr/286687366_1600x1200.jpg?v=20130730","https://m3.spitogatos.gr/286687367_1600x1200.jpg?v=20130730","https://m1.spitogatos.gr/286687368_1600x1200.jpg?v=20130730","https://m2.spitogatos.gr/286687369_1600x1200.jpg?v=20130730","https://m3.spitogatos.gr/286687370_1600x1200.jpg?v=20130730","https://m1.spitogatos.gr/286687371_1600x1200.jpg?v=20130730","https://m2.spitogatos.gr/286687372_1600x1200.jpg?v=20130730","0","1",,"1","37.948841",,"1","0","23.736948",,"0",,,"2024-10-02","0","0",,"0","0","1",,"6","0","1","0",,"0","0","0","850",,,"0","0","0","0","7.52",,,"1","6",,"1","1",,"0","1","3","0","0","0","0","113","1",,"","1","1","0","2022-10-03","https://www.spitogatos.gr/en/property/1213088840","0",,"1964",,
"0","2","no","simple","1",,,,,"0","0","0","0","2026-07-13","0","1","1","0","1","0",,"house","0",,"0","Άγιος Δημήτριος –Διαμέρισμα 75 τ.μ. προς Ενοικίαση<br />
<br />
Διατίθεται φωτεινό και προσεγμένο διαμέρισμα 75 τ.μ., μερικώς ανακαινισμένο, σε ήσυχη γειτονιά του Αγίου Δημητρίου. Αποτελείται από 2 άνετα υπνοδωμάτια με μεγάλες εντοιχισμένες ντουλάπες, ευρύχωρο σαλόνι με καμάρες, γύψινες διακοσμήσεις και κολόνες εμπνευσμένες από την αρχαία ελληνική αρχιτεκτονική, καθώς και ανακαινισμένη κουζίνα.<br />
<br />
Το ακίνητο διαθέτει 3 κλιματιστικά, ηλεκτρικό θερμοσίφωνα, κεντρική θέρμανση πετρελαίου, ανακαινισμένη ηλεκτρολογική εγκατάσταση με γείωση, εγκατάσταση οπτικής ίνας, ξύλινα κουφώματα με ρολά και τέντες. Περιμετρικά υπάρχει μπαλκόνι, ενώ στο πίσω μέρος μεγάλη βεράντα με θέα σε κήπο και απευθείας πρόσβαση στην ταράτσα μέσω εξωτερικής σκάλας. Χωρίς κοινόχρηστα.<br />
<br />
Η τοποθεσία του ακινήτου προσφέρει άμεση πρόσβαση σε μέσα μαζικής μεταφοράς, σχολεία, σούπερ μάρκετ, καταστήματα και χώρους εστίασης, ενώ βρίσκεται σε μικρή απόσταση από το Metro Mall, τον σταθμό Μετρό Αγίου Δημητρίου και βασικούς οδικούς άξονες, εξασφαλίζοντας εύκολη μετακίνηση προς το κέντρο της Αθήνας και τα νότια προάστια.<br />
<br />
Ένα ιδιαίτερο διαμέρισμα που συνδυάζει λειτουργικότητα, αισθητική και εξαιρετική τοποθεσία, ιδανικό για ζευγάρια, οικογένειες ή επαγγελματίες.Τιμή: €650. EPAVLIS ΚΤΗΜΑΤΟΜΕΣΙΤΕΣ, Τηλέφωνο Επικοινωνίας: 2109945719, email: info@epreal.gr, website: https://www.epreal.gr/",,,"0","0","7","0","0","2026-07-13","7","10","0","no","no","0","Αθήνα - Νότια Προάστια (Αττική)","Άγιος Δημήτριος (Αθήνα - Νότια Προάστια)","1","105103","102","2200",,"Single","2","1","0","0","1","1220371898","https://m3.spitogatos.gr/361549730_1600x1200.jpg?v=20130730","https://m3.spitogatos.gr/361549742_1600x1200.jpg?v=20130730","https://m1.spitogatos.gr/361549743_1600x1200.jpg?v=20130730","https://m1.spitogatos.gr/361549755_1600x1200.jpg?v=20130730","https://m2.spitogatos.gr/361549756_1600x1200.jpg?v=20130730","https://m3.spitogatos.gr/361549769_1600x1200.jpg?v=20130730","https://m1.spitogatos.gr/361549773_1600x1200.jpg?v=20130730","https://m3.spitogatos.gr/361549778_1600x1200.jpg?v=20130730","https://m1.spitogatos.gr/361549779_1600x1200.jpg?v=20130730","https://m2.spitogatos.gr/361549780_1600x1200.jpg?v=20130730","https://m2.spitogatos.gr/361549801_1600x1200.jpg?v=20130730","https://m2.spitogatos.gr/361549816_1600x1200.jpg?v=20130730","https://m1.spitogatos.gr/361549827_1600x1200.jpg?v=20130730","https://m3.spitogatos.gr/361549829_1600x1200.jpg?v=20130730","https://m1.spitogatos.gr/361549836_1600x1200.jpg?v=20130730","https://m2.spitogatos.gr/361549837_1600x1200.jpg?v=20130730","https://m2.spitogatos.gr/361549855_1600x1200.jpg?v=20130730",,,,,,,,,"0","0","1","1","37.935505",,"1","1","23.728115",,"0","0","0","2026-07-13","0","0",,"0","0","1",,,"1","0","0",,"0","0","0","650",,,"0","0","0","0","8.67",,,"1","3","6","1","0",,"0",,"2","0","0",,"0","75","0",,,"0","1","0","2026-07-13","https://www.spitogatos.gr/en/property/1220371898","0","0","1978",,"residential"
"1","5",,"simple","1",,,,,"1","1","0","0","2026-04-03","0","1","1","0","1",,,"house",,"0","0","ΑΛΙΜΟΣ, Εφοριακών - Διαμέρισμα 120τμ, μη επιπλωμένο, 3 υ/δ, 5ος, ρετιρέ, ανακαινισμένο, κατασκευή 2006, ενεργειακή κλάση Γ, σαλόνι, κουζίνα, 2 μπάνια, αυτόνομη θέρμανση (πετρέλαιο), κλιματισμός, μία κλειστή θέση parking, ήσυχο, διαμπερές, φωτεινό, θέα πανοραμική, πρόσοψης, αποθήκη, ηλιακός, τζάκι, βεράντες, τέντες, ασανσέρ, εντοιχισμένες συσκευές, κουφώματα αλουμινίου, τύπος δαπέδων πλακάκι & ξύλο, νυχτερινό ρεύμα, πόρτα ασφαλείας, συναγερμός, επιτρέπονται κατοικίδια, εντός σχεδίου, οικιστική ζώνη, προσανατολισμός νότιος, πρόσβαση: άσφαλτο, πλησίον μετρό/ηλεκτρικός (έως 500μ), πλησίον πλατεία (έως 200μ), πλησίον αγορά (έως 200μ), πλησίον στάση λεωφορείου/τρόλεϋ (έως 200μ).<br />
Διατίθεται προς ενοικίαση διαμπερές, ρετιρέ διαμέρισμα σε όμορφη περιοχή του Αλίμου. Βρίσκεται σε ήσυχη γειτονιά, αλλά σχετικά κοντά σε κεντρικό δρόμο, κοντά στην αγορά, σε μαγαζιά, εστιατόρια, σχολεία και μέσα μεταφοράς. Απέχει από τη στάση του μετρό της Ηλιούπολης περίπου 500 μέτρα. <br />
Το διαμέρισμα είναι σε εξαιρετική κατάσταση και διαθέτει θέα σε θάλασσα και βουνό. Διαθέτει υπόγειο πάρκινγκ και κάποιες εντοιχισμένες ηλεκτρικές συσκευές. Τα έπιπλα δεν περιλαμβάνονται.<br />
Θα είναι διαθέσιμο από 1 Ιουνίου 2026. Ζητείται μακροχρόνια μίσθωση.<br />
<br />
Τιμή €1.600 (κωδ. 154793) +30 2109229965 GRAND ESTATE<br />
| Το στίγμα στο χάρτη δεν υποδεικνύει την ακριβή θέση του ακινήτου αλλά σημείο πλησίον του. Δείτε περισσότερα ακίνητα στο site μας www.grandestate.gr",,"0",,"1","5","1","1","2026-04-03","10","10","0","no","yes","0","Αθήνα - Νότια Προάστια (Αττική)","Άγιος Δημήτριος (Αθήνα - Νότια Προάστια)","1","105103","102","2200","123200",,"1","1","0","0","1","1219664777","https://m3.spitogatos.gr/349665461_1600x1200.jpg?v=20130730","https://m1.spitogatos.gr/349665462_1600x1200.jpg?v=20130730","https://m3.spitogatos.gr/349665464_1600x1200.jpg?v=20130730","https://m3.spitogatos.gr/349665467_1600x1200.jpg?v=20130730","https://m2.spitogatos.gr/349665469_1600x1200.jpg?v=20130730","https://m3.spitogatos.gr/349665470_1600x1200.jpg?v=20130730","https://m3.spitogatos.gr/349665473_1600x1200.jpg?v=20130730","https://m2.spitogatos.gr/349665475_1600x1200.jpg?v=20130730","https://m3.spitogatos.gr/349665476_1600x1200.jpg?v=20130730","https://m3.spitogatos.gr/349665479_1600x1200.jpg?v=20130730","https://m2.spitogatos.gr/349665481_1600x1200.jpg?v=20130730","https://m2.spitogatos.gr/349665484_1600x1200.jpg?v=20130730","https://m1.spitogatos.gr/349665486_1600x1200.jpg?v=20130730","https://m2.spitogatos.gr/349665487_1600x1200.jpg?v=20130730","https://m1.spitogatos.gr/349665489_1600x1200.jpg?v=20130730","https://m3.spitogatos.gr/349665491_1600x1200.jpg?v=20130730","https://m3.spitogatos.gr/349665494_1600x1200.jpg?v=20130730","https://m1.spitogatos.gr/349665498_1600x1200.jpg?v=20130730","https://m3.spitogatos.gr/349665500_1600x1200.jpg?v=20130730","https://m2.spitogatos.gr/349665502_1600x1200.jpg?v=20130730","https://m2.spitogatos.gr/349665505_1600x1200.jpg?v=20130730","https://m1.spitogatos.gr/349665507_1600x1200.jpg?v=20130730",,,,"0","0","2","1","37.929054",,"1","1","23.74151",,"0",,,"2026-07-31","0","0",,"1","0","2",,"10","0","1","0","1","0","0","0","1600",,,"0","0","0","0","13.33",,,"1","3","6","1","1",,"0","1","3","0","1",,"1","120","1",,,"0","1","0","2026-04-03","https://www.spitogatos.gr/en/property/1219664777","1",,"2006",,"residential"
"1","4","no","simple","1",,,,,"1","0","0","0","2026-07-09","0","1","1","0","1","0",,"house","0","30","0","Διαμέρισμα Προς Ενοικίαση, όροφος: 4ος, στην περιοχή: Άγιος Δημήτριος. Το εμβαδόν του ακινήτου είναι 93 τ.μ.. Αποτελείται από: 3 Υ/Δ, 1 μπάνιο/α, 1 wc, 1 κουζίνα/ες, 1 σαλόνι/α, ενώ διαθέτει 1 θέσεις στάθμευσης (1 Στην πιλοτή). Έχει κατασκευαστεί το 2005 και ανακαινίστηκε το 2026. Η θέρμανση του ακινήτου είναι Αυτόνομη με Πετρέλαιο, ενώ επίσης διατίθεται Κλιματισμός, Ηλιακός, έχει κουφώματα Αλουμινίου, Θερμοδιακοπτόμενα με Διπλά τζάμια, ενεργειακό πιστοποιητικό: Β και τα δάπεδα είναι: Πλακάκια. Η κατάστασή του είναι: Ανακαινισμένο, βρίσκεται κοντά σε Συγκοινωνίες, Σχολείο, Πλατεία, Super Market, Κέντρο Πόλης, Αγορά, Εστίαση, έχει θέα Ανοιχτωσιά, Πανοραμική. Το ακίνητο είναι Βαμμένο, Προσόψεως, Φωτεινό, Ευάερο, Ευήλιο, Διαμπερές, Πολυτελές, είναι κατάλληλο για Συγκατοίκηση και επίσης διαθέτει τα παρακάτω χαρακτηριστικά και πλεονεκτήματα: Σίτες, Τέντες, Ασανσέρ, Αποθήκη, Πόρτα Ασφαλείας, Ησυχη γειτονιά, Βεράντα. Τα κατοικίδια δεν είναι ευπρόσδεκτα.Ως εγγύηση ο ιδιοκτήτης ζητάει 2 ενοίκια συν το τρέχον. Τιμή: €1.000. Lionbridge, Τηλέφωνο Επικοινωνίας: 2109969646, 6980980431, email: info@lionbridge.gr",,,"0","1","4","1","1","2026-07-09","9","4","0","no","yes","0","Αθήνα - Νότια Προάστια (Αττική)","Άγιος Δημήτριος (Αθήνα - Νότια Προάστια)","1","105103","102","2200",,"Double","1","1","0","0","1","1220338925","https://m2.spitogatos.gr/361022758_1600x1200.jpg?v=20130730","https://m1.spitogatos.gr/361022763_1600x1200.jpg?v=20130730","https://m1.spitogatos.gr/361022769_1600x1200.jpg?v=20130730","https://m3.spitogatos.gr/361022771_1600x1200.jpg?v=20130730","https://m1.spitogatos.gr/361022775_1600x1200.jpg?v=20130730","https://m2.spitogatos.gr/361022779_1600x1200.jpg?v=20130730","https://m1.spitogatos.gr/361022781_1600x1200.jpg?v=20130730","https://m3.spitogatos.gr/361022786_1600x1200.jpg?v=20130730","https://m2.spitogatos.gr/361022797_1600x1200.jpg?v=20130730","https://m3.spitogatos.gr/361022807_1600x1200.jpg?v=20130730","https://m2.spitogatos.gr/361022812_1600x1200.jpg?v=20130730","https://m3.spitogatos.gr/361022819_1600x1200.jpg?v=20130730","https://m1.spitogatos.gr/361022823_1600x1200.jpg?v=20130730","https://m3.spitogatos.gr/361022828_1600x1200.jpg?v=20130730","https://m3.spitogatos.gr/361022834_1600x1200.jpg?v=20130730",,,,,,,,,,,"0","0","2","1","37.929447",,"1","1","23.735264",,"1","0","0","2026-07-16","0","0",,"0","1","1",,,"1","0","1",,"0","0","0","1000",,,"0","0","0","0","10.75",,,"1","3","6","1","1","2026","0","1","3","0","1",,"1","93","1","11",,"0","1","0","2026-07-09","https://www.spitogatos.gr/en/property/1220338925","1","0","2005",,"residential"
"1","2",,"simple","1",,,,,"0","0","0","0","2026-07-22","0","0","0","0","1",,,"house",,"40","0","ΑΓΙΟΣ ΔΗΜΗΤΡΙΟΣ (ΑΤΤΙΚΗ - ΝΟΤΙΑ ΠΡΟΑΣΤΙΑ), Τσουκάλι - Οροφοδιαμέρισμα 100τμ, πλήρως επιπλωμένο, 2 υ/δ, 2ος, ρετιρέ, ανακαινισμένο, κατασκευή 2010, ενεργειακή κλάση Γ, σαλόνι, κουζίνα, 2 μπάνια, 2 wc, αυτόνομη θέρμανση (πετρέλαιο), κλιματισμός, ήσυχο, φωτεινό, πρόσοψης, ηλεκτρικά ρολά, αποθήκη, ηλιακός, τζάκι, μεγάλες βεράντες, ασανσέρ, εντοιχισμένες συσκευές, κουφώματα αλουμινίου, τύπος δαπέδων πλακάκι, νυχτερινό ρεύμα, πολυτελές, barbeque, εντός σχεδίου, οικιστική ζώνη, προσανατολισμός μεσημβρινός, πρόσβαση: άσφαλτο, πλησίον αγορά (έως 100μ), πλησίον στάση λεωφορείου/τρόλεϋ (έως 100μ), πλησίον πλατεία (έως 100μ).<br />
Διατίθεται προς ενοικίαση οροφοδιαμέρισμα, ρετιρέ, δευτέρου ορόφου, 100 τ.μ. σε όμορφη περιοχή του Αγίου Δημητρίου. Βρίσκεται κοντά στη Λεωφόρο Αγίου Δημητρίου, δίπλα σε μαγαζιά, σούπερ μάρκετ, σχολεία και μέσα μεταφοράς.<br />
Το διαμέρισμα αποτελείται από σαλόνι, κουζίνα, δύο υπνοδωμάτια και δύο μπάνια. Διαθέτει μεγάλη βεράντα με μπάρμπεκιου. Επίσης έχει ενεργειακό τζάκι, γκαρνταρόμπα- δωμάτιο, δύο ψυγεία (το ένα είναι ψυγείο ντουλάπα GL), ηλεκτρικά ρολά και ηλιακό θερμοσίφωνα τριπλής ενέργειας.<br />
Τιμή €1.100 (κωδ. 160889) 2109229965, 2109229971 GRAND ESTATE| Το στίγμα στο χάρτη δεν υποδεικνύει την ακριβή θέση του ακινήτου αλλά σημείο πλησίον του. Δείτε περισσότερα ακίνητα στο site μας www.grandestate.gr",,"0",,"1","5","1","1","2026-07-22","7","4","0","yes","no","0","Αθήνα - Νότια Προάστια (Αττική)","Άγιος Δημήτριος (Αθήνα - Νότια Προάστια)","1","105103","102","2200","106391",,"1","1","0","0","1","1220442241","https://m3.spitogatos.gr/362711654_1600x1200.jpg?v=20130730","https://m1.spitogatos.gr/362711658_1600x1200.jpg?v=20130730","https://m1.spitogatos.gr/362711664_1600x1200.jpg?v=20130730","https://m3.spitogatos.gr/362711666_1600x1200.jpg?v=20130730","https://m3.spitogatos.gr/362711669_1600x1200.jpg?v=20130730","https://m3.spitogatos.gr/362711681_1600x1200.jpg?v=20130730","https://m2.spitogatos.gr/362711683_1600x1200.jpg?v=20130730","https://m2.spitogatos.gr/362711686_1600x1200.jpg?v=20130730","https://m2.spitogatos.gr/362711701_1600x1200.jpg?v=20130730","https://m3.spitogatos.gr/362711705_1600x1200.jpg?v=20130730","https://m2.spitogatos.gr/362711716_1600x1200.jpg?v=20130730","https://m3.spitogatos.gr/362711726_1600x1200.jpg?v=20130730","https://m3.spitogatos.gr/362711735_1600x1200.jpg?v=20130730","https://m2.spitogatos.gr/362711752_1600x1200.jpg?v=20130730","https://m3.spitogatos.gr/362711762_1600x1200.jpg?v=20130730","https://m3.spitogatos.gr/362711771_1600x1200.jpg?v=20130730","https://m2.spitogatos.gr/362711776_1600x1200.jpg?v=20130730","https://m1.spitogatos.gr/362711790_1600x1200.jpg?v=20130730","https://m1.spitogatos.gr/362711811_1600x1200.jpg?v=20130730","https://m3.spitogatos.gr/362711819_1600x1200.jpg?v=20130730","https://m2.spitogatos.gr/362711824_1600x1200.jpg?v=20130730","https://m2.spitogatos.gr/362711833_1600x1200.jpg?v=20130730","https://m1.spitogatos.gr/362711850_1600x1200.jpg?v=20130730","https://m3.spitogatos.gr/362711861_1600x1200.jpg?v=20130730","https://m2.spitogatos.gr/362711869_1600x1200.jpg?v=20130730","0","0","2","1","37.933384",,"1","1","23.732393",,"1",,,"2026-07-31","0","0",,"1","2","2",,"9","0","1","0",,"0","0","0","1100",,,"0","0","0","0","11",,,"1","3","6","1","1",,"0","1","2","0","0",,"1","100","1",,,"0","1","0","2026-07-22","https://www.spitogatos.gr/en/property/1220442241","0","1","2010",,"residential"
