"AC","Floor Level","accessibleForDisabled","adType_code","adType_id","agentEmployee_firstName","agentEmployee_id","agentEmployee_lastName","agentEmployee_telephone","airy","alarm","attic","auction","availability","availableForDailyRent","awning","balcony","balconyArea","bright","builtInBBQ","byTheSea","category","caveBuilding","commonExpenses","corner","description","distanceSea","doubleGlass","electricCarChargingFacilities","elevator","energyClass","facade","fireplace","firstPublishDate","floorNumber","floorType","forCommercialUse","furnished","garage","garden","geographiesByLevel_2_fullName","geographiesByLevel_4_fullName","geographyParentIds_0","geographyParentIds_1","geographyParentIds_2","geographyParentIds_4","geographyParentIds_5","glassType","heatingController","heatingMedium","heatingUnderFloor","holidayHome","host_id","id","images/0","images/1","images/2","images/3","images/4","images/5","images/6","images/7","images/8","images/9","images/10","images/11","images/12","images/13","images/14","images/15","images/16","images/17","images/18","images/19","images/20","images/21","images/22","images/23","images/24","internal_stairs","investment","joinery","kitchens","latitude","leased","levels","livingRooms","longitude","lotSize","luxHome","mannedReception","medicalOffice","modified","negotiablePrice","neoclassic","newDevelopment","nightPower","no_of_WC","no_of_bathrooms","numberOfFloors","orientation","painted","penthouse","pestNet","petsAllowed","playroom","pool","preserved","price","priceChangeDate","priceChangePercentage","priceIncludesInternet","priceIncludesPower","priceIncludesSharedExp","priceIncludesWater","pricePerSqMeters","pricePreReduction","priceReduced","propertyPublishingOptionIds/0","propertyPublishingOptionIds/1","propertyPublishingOptionIds/2","published","renovated","renovationYear","requiresRenovation","road_type","rooms","satelite","secure_door","showOnlyPartnerPhone","solar_heater","sq_meters","storage","storageArea","streetAddress","studentHome","subtype","unfinished","uploaded","url","vTourUrl","view","wholeFloorApartment","year_of_construction","youtubeVideoId","zoning"
"1","5","no","up","2",,,,,"1","0","0","0","2026-06-17","0","1","1","25","1","0","false","house","0","20","0","Ενοικιάζεται ανακαινισμένο διαμέρισμα 85 τ.μ., ρετιρέ 5ου ορόφου, σε προνομιακή θέση στην Πλατεία Γκύζη, με ανεμπόδιστη θέα στον Λυκαβηττό.<br />
<br />
Αποτελείτε από 1 σαλόνι, κουζίνα, 2 υπνοδωμάτια, 1 μπάνιο. <br />
<br />
Το ακίνητο ανακαινίστηκε το 2026 και δεν έχει κατοικηθεί μετά την ολοκλήρωση των εργασιών. Αποτελείται από χώρο υποδοχής, άνετο σαλόνι με τζάκι, δύο υπνοδωμάτια, ανεξάρτητη ευρύχωρη και φωτεινή κουζίνα και ανακαινισμένο σύγχρονο μπάνιο με ντουζιέρα.<br />
<br />
Ιδιαίτερα φωτεινό και διαμπερές, διαθέτει μεγάλη βεράντα με πρόσβαση από το σαλόνι και την κουζίνα, εξοπλισμένη με καινούργιες τέντες, καθώς και μπαλκόνια στα υπνοδωμάτια με θέα σε ήσυχο ακάλυπτο χώρο με δέντρα. Οι ηλεκτρολογικές και υδραυλικές εγκαταστάσεις έχουν ανακαινιστεί εκ΄νέου, η κουζίνα διαθέτει καινούργια έπιπλα, ενώ υπάρχουν εντοιχισμένες ντουλάπες και δύο κλιματιστικά. Τα δάπεδα είναι από μάρμαρο στους κύριους χώρους και παρκέ στα υπνοδωμάτια. Τα κουφώματα είναι αλουμινίου με μονό τζάμι στο σαλόνι και την κουζίνα και ξύλινα στα υπνοδωμάτια, όλα σε άριστη λειτουργική κατάσταση.<br />
<br />
Το διαμέρισμα βρίσκεται σε καλοδιατηρημένη πολυκατοικία με ανελκυστήρα, σε απόσταση λίγων μέτρων από την πλατεία Γκύζη, την τοπική αγορά, καταστήματα, υπηρεσίες και στάσεις λεωφορείων, ενώ το μετρό Αμπελοκήπων απέχει περίπου 10 λεπτά με τα πόδια.<br />
<br />
Επιτρέπονται κατοικίδια.<br />
<br />
Μίσθωμα: 800€ μηνιαίως.","6000",,"0","1","6","1","1","2026-06-17","10","6","1","no","no","0","Αθήνα - Κέντρο (Αττική)","Γκύζη - Πεδίον Άρεως (Αθήνα - Κέντρο)","1","105103","100","6006","2010","Single","2","1","0","1","1","1220143870","https://m2.spitogatos.gr/358949104_1600x1200.jpg?v=20130730","https://m1.spitogatos.gr/358948311_1600x1200.jpg?v=20130730","https://m1.spitogatos.gr/358948296_1600x1200.jpg?v=20130730","https://m1.spitogatos.gr/359188965_1600x1200.jpg?v=20130730","https://m2.spitogatos.gr/357640210_1600x1200.jpg?v=20130730","https://m3.spitogatos.gr/357644960_1600x1200.jpg?v=20130730","https://m3.spitogatos.gr/357640223_1600x1200.jpg?v=20130730","https://m1.spitogatos.gr/357640215_1600x1200.jpg?v=20130730","https://m2.spitogatos.gr/357640213_1600x1200.jpg?v=20130730","https://m2.spitogatos.gr/357640291_1600x1200.jpg?v=20130730","https://m2.spitogatos.gr/357640294_1600x1200.jpg?v=20130730","https://m3.spitogatos.gr/357640295_1600x1200.jpg?v=20130730","https://m2.spitogatos.gr/357640297_1600x1200.jpg?v=20130730","https://m3.spitogatos.gr/357640229_1600x1200.jpg?v=20130730","https://m2.spitogatos.gr/359188162_1600x1200.jpg?v=20130730",,,,,,,,,,,"1","1","2","1","37.992821",,"1","1","23.74786","300","0","0",,"2026-07-20","0","0",,"1","0","1","5","2","1","1","0",,"0","0","0","800",,,"0","0","0","0","9.41",,,"1",,,"1","1","2026","0","1","2","1","1",,"0","85","0",,,"1","1","0","2026-06-17","https://www.spitogatos.gr/en/property/1220143870",,"1","1","1970",,"residential"
"1","3","no","simple","1","ΓΙΑΝΝΗΣ","61093","ΠΑΠΑΔΗΜΗΤΡΙΟΥ","+306940408618","0","0","0","0","2026-04-29","0","0","1","4","1","0","false","house","0","8","0","ΓΚΥΖΗ - ΠΛΗΣΙΟΝ ΠΛΑΤΕΙΑΣ ΓΚΥΖΗ ΕΝΟΙΚΙΑΖΕΤΑΙ ΑΝΑΚΑΙΝΙΣΜΕΝΟ ΣΤΟΥΝΤΙΟ, συνολικής επιφάνειας 28τμ. στον τρίτο (3ο) όροφο πολυκατοικίας.  <br />
Διαρρύθμιση:  <br />
-1 σαλόνι-κουζίνα-υπνοδωμάτιο (ενιαίος χώρος) <br />
-1 μπάνιο.  <br />
Διαθέτει: <br />
-δάπεδο από πλακάκι<br />
-ηλεκτρικά ρολά <br />
-κουφώματα αλουμινίου με διπλά τζάμια <br />
-χαμηλά κοινόχρηστα <br />
-φούρνο με εστίες μαγειρέματος<br />
-πόρτα ασφαλείας <br />
-κλιματισμό ψύξης/θέρμανσης. <br />
Είναι εσωτερικό και φωτεινό κατά την διάρκεια της ημέρας.  <br />
Βρίσκεται πλησίον στην αγορά του Γκύζη, στο Πεδίων Άρεως και Δικαστηρίων, σε Πανεπιστήμια, ιδιωτικές σχολές (ΙΕΚ, κολλέγια) και σε κεντρικό δρόμο με συχνές αστικές συγκοινωνίες.<br />
Ιδανικό για φοιτητή.<br />
<br />
Τηλ επικοινωνίας: +30 694 040 8618 (viber, WhatsApp) για το ακίνητο, το κτίριο, την περιοχή καθώς και για την υπόδειξη του ακινήτου ή επισκεφτείτε την ιστοσελίδα μας www.megahouse.gr","15000",,"0","1","7","0","0","2026-04-29","8","4","0","no","no","0","Αθήνα - Κέντρο (Αττική)","Γκύζη - Πεδίον Άρεως (Αθήνα - Κέντρο)","1","105103","100","6006","2010","Double","4","4","0","0","1","1219798902","https://m2.spitogatos.gr/351937405_1600x1200.jpg?v=20130730","https://m2.spitogatos.gr/351937408_1600x1200.jpg?v=20130730","https://m3.spitogatos.gr/351937421_1600x1200.jpg?v=20130730","https://m3.spitogatos.gr/351937394_1600x1200.jpg?v=20130730","https://m1.spitogatos.gr/351937398_1600x1200.jpg?v=20130730","https://m3.spitogatos.gr/351937400_1600x1200.jpg?v=20130730","https://m1.spitogatos.gr/351937404_1600x1200.jpg?v=20130730","https://m2.spitogatos.gr/351937426_1600x1200.jpg?v=20130730","https://m3.spitogatos.gr/351937388_1600x1200.jpg?v=20130730","https://m3.spitogatos.gr/351937391_1600x1200.jpg?v=20130730","https://m1.spitogatos.gr/351937392_1600x1200.jpg?v=20130730","https://m3.spitogatos.gr/351937424_1600x1200.jpg?v=20130730","https://m3.spitogatos.gr/351937412_1600x1200.jpg?v=20130730","https://m2.spitogatos.gr/351937417_1600x1200.jpg?v=20130730","https://m2.spitogatos.gr/351937423_1600x1200.jpg?v=20130730","https://m2.spitogatos.gr/351937414_1600x1200.jpg?v=20130730","https://m3.spitogatos.gr/351937418_1600x1200.jpg?v=20130730","https://m1.spitogatos.gr/351937410_1600x1200.jpg?v=20130730","https://m1.spitogatos.gr/351937377_1600x1200.jpg?v=20130730","https://m3.spitogatos.gr/351937379_1600x1200.jpg?v=20130730","https://m1.spitogatos.gr/351937383_1600x1200.jpg?v=20130730","https://m3.spitogatos.gr/351937385_1600x1200.jpg?v=20130730","https://m2.spitogatos.gr/351937375_1600x1200.jpg?v=20130730","https://m1.spitogatos.gr/351937371_1600x1200.jpg?v=20130730","https://m3.spitogatos.gr/351937370_1600x1200.jpg?v=20130730","0","0","2","1","37.992569",,"1","0","23.747356","321","1","0","0","2026-07-28","1","0",,"0","0","1","6","1","1","0","0",,"0","0","0","650",,,"0","0","0","0","23.21",,,"1","3","6","1","1","2026","0","1","1","0","1","1","0","28","0",,"Βαλτινών 43, Αθήνα 11474","1","2","0","2026-04-29","https://www.spitogatos.gr/en/property/1219798902","https://kuula.co/share/collection/7MsRb?logo=1&card=1&info=0&logosize=72&fs=1&vr=1&sd=1&thumbs=1&margin=0","0","0","1970","MePagmLMXwE","residential"
"1","2","no","up","2",,,,,"0","0","0","0","2026-07-06","0","0","0","0","1","0",,"house","0",,"0","Studio/Γκαρσονιέρα Προς Ενοικίαση, όροφος: 2ος, στην περιοχή: Γκύζη - Πεδίον Άρεως - Πλατεία Γκύζη. Το εμβαδόν του ακινήτου είναι 34 τ.μ.. Αποτελείται από: 1 Υ/Δ, 1 μπάνιο/α, 1 κουζίνα/ες. Έχει κατασκευαστεί το 1964 και ανακαινίστηκε το 2020. Η θέρμανση του ακινήτου είναι Κεντρική με Φυσικό αέριο, ενώ επίσης διατίθεται Κλιματισμός, Καλοριφέρ, έχει κουφώματα Ξύλινα, ενεργειακό πιστοποιητικό: Η και τα δάπεδα είναι: Πλακάκια. Η κατάστασή του είναι: Ανακαινισμένο. Το ακίνητο είναι Επιπλωμένο, Εσωτερικό, Φωτεινό, είναι κατάλληλο για Φοιτητές και επίσης διαθέτει τα παρακάτω χαρακτηριστικά και πλεονεκτήματα: Ασανσέρ, Ηλεκτρ. Συσκευές, Πόρτα Ασφαλείας, Θυροτηλεόραση. Τιμή: €430. ARC Real Estate, Τηλέφωνο Επικοινωνίας: 2107777377, email: zografou@arc-sa.gr, website: www.arcsa.gr",,,"0","1","9","0","0","2026-07-06","7","4","0","yes","no","0","Αθήνα - Κέντρο (Αττική)","Γκύζη - Πεδίον Άρεως (Αθήνα - Κέντρο)","1","105103","100","6006","2010",,"2","2","0","0","1","1220311292","https://m2.spitogatos.gr/360590425_1600x1200.jpg?v=20130730","https://m2.spitogatos.gr/360590428_1600x1200.jpg?v=20130730","https://m3.spitogatos.gr/360590432_1600x1200.jpg?v=20130730","https://m2.spitogatos.gr/360590437_1600x1200.jpg?v=20130730","https://m3.spitogatos.gr/360590441_1600x1200.jpg?v=20130730","https://m3.spitogatos.gr/360590444_1600x1200.jpg?v=20130730",,,,,,,,,,,,,,,,,,,,"0","0","1","1","37.992744",,"1","0","23.74785",,"0","0","0","2026-07-17","0","0",,"0","0","1",,,"0","0","0",,"0","0","0","430",,,"0","0","0","0","12.65",,,"1","3","6","1","1","2020","0",,"1","0","1",,"0","34","0",,,"1","2","0","2026-07-06","https://www.spitogatos.gr/en/property/1220311292",,"0","0","1964","MpSXHwbsQGo",
"1","Upper Ground","yes","simple","1",,,,,"1","1","0","0","2026-05-06","0","1","1","5","1","0","false","house","0","35","1","Εντυπωσιακό Γωνιακό Διαμέρισμα στην Καρδιά της Νομικής Ζώνης (Αμπελόκηποι)<br />
Περιγραφή Ακινήτου:<br />
Ενοικιάζεται ένα εξαιρετικό, φωτεινό και πλήρως ανακαινισμένο γωνιακό διαμέρισμα, που συνδυάζει την πολυτέλεια με τη στρατηγική τοποθεσία. Λόγω του προσανατολισμού του, το ακίνητο προσφέρει ένα ευχάριστο περιβάλλον διαβίωσης ή εργασίας.<br />
Κύρια Χαρακτηριστικά:<br />
Πλήρης Ανακαίνιση: Σύγχρονη κουζίνα με υλικά κορυφαίας ποιότητας και μοντέρνο σχεδιασμό. Ανακαινισμένο μπάνιο με ειδική θέση πλυντηρίου και αυτόνομο εξαερισμό.<br />
Πολυτελή Δάπεδα: Άριστα διατηρημένα και φροντισμένα πατώματα με χρήση επώνυμων, ακριβών υλικών.<br />
Ασφάλεια & Τεχνολογία: Θωρακισμένη πόρτα ασφαλείας, ηλεκτρικά ρολά, διπλά τζάμια ασφαλείας, εγκατεστημένος συναγερμός και σύστημα κλειστού κυκλώματος τηλεόρασης (CCTV).<br />
Τοποθεσία - ""Gold Location"":<br />
Ακριβώς δίπλα στο συγκρότημα των Δικαστηρίων (Πρωτοδικείο & Άρειος Πάγος) – Ιδανικό για νομικούς συμβούλους και δικηγόρους, αστυνομικούς ή ιατρικό προσωπικό!!!<br />
Σε απόσταση αναπνοής από το Μετρό, τη Γενική Αστυνομική Διεύθυνση και μεγάλα νοσοκομεία.<br />
Άμεση πρόσβαση σε όλα τα μέσα μαζικής μεταφοράς.<br />
Γειτονιά: Μια ασφαλής και ήσυχη περιοχή στο κέντρο της πόλης, με πλήρη αγορά (σούπερ μάρκετ, ιχθυοπωλεία, καταστήματα πρώτης ανάγκης) σε απόσταση λίγων μέτρων.<br />
Σημαντική Σημείωση:<br />
Κατά την υπόδειξη του ακινήτου είναι απαραίτητη η επίδειξη της αστυνομικής ταυτότητας και του Α.Φ.Μ. σας, σύμφωνα με τον Νόμο 4072/11-4-2012 ΦΕΚ 86 Α, περί μεσιτών.","6500",,"1","1","4","1","0","2026-05-06","4","10","1","no","no","0","Αθήνα - Κέντρο (Αττική)","Γκύζη - Πεδίον Άρεως (Αθήνα - Κέντρο)","1","105103","100","6006","6129","Double","2","2","0","1","1","1219833898","https://m3.spitogatos.gr/352894724_1600x1200.jpg?v=20130730","https://m2.spitogatos.gr/352894726_1600x1200.jpg?v=20130730","https://m3.spitogatos.gr/352894727_1600x1200.jpg?v=20130730","https://m2.spitogatos.gr/352894729_1600x1200.jpg?v=20130730","https://m3.spitogatos.gr/352894730_1600x1200.jpg?v=20130730","https://m3.spitogatos.gr/352894820_1600x1200.jpg?v=20130730","https://m2.spitogatos.gr/352894834_1600x1200.jpg?v=20130730","https://m1.spitogatos.gr/352894839_1600x1200.jpg?v=20130730","https://m2.spitogatos.gr/352894840_1600x1200.jpg?v=20130730","https://m2.spitogatos.gr/352894843_1600x1200.jpg?v=20130730","https://m3.spitogatos.gr/352894847_1600x1200.jpg?v=20130730","https://m2.spitogatos.gr/352894849_1600x1200.jpg?v=20130730","https://m1.spitogatos.gr/352894851_1600x1200.jpg?v=20130730","https://m2.spitogatos.gr/352894855_1600x1200.jpg?v=20130730","https://m1.spitogatos.gr/352894857_1600x1200.jpg?v=20130730","https://m3.spitogatos.gr/352894862_1600x1200.jpg?v=20130730","https://m2.spitogatos.gr/352894864_1600x1200.jpg?v=20130730","https://m1.spitogatos.gr/352894869_1600x1200.jpg?v=20130730","https://m2.spitogatos.gr/352894873_1600x1200.jpg?v=20130730","https://m3.spitogatos.gr/352894877_1600x1200.jpg?v=20130730","https://m3.spitogatos.gr/352894880_1600x1200.jpg?v=20130730","https://m1.spitogatos.gr/352894884_1600x1200.jpg?v=20130730","https://m1.spitogatos.gr/352894887_1600x1200.jpg?v=20130730","https://m1.spitogatos.gr/352894890_1600x1200.jpg?v=20130730",,"0","1","3","1","37.988972",,"1","1","23.750299","400","1","0","1","2026-07-27","1","0",,"0","0","1","6","8","1",,"1",,"1","0","0","730",,,"0","0","0","0","9.48",,,"1","3",,"1","1","2026","0","1","2","0","1",,"1","77","1","6","Παπαθύμιου, 4, Αθήνα Ελλάδα, 11475","1","1","0","2026-05-06","https://www.spitogatos.gr/en/property/1219833898",,"1","0","1970","9wNTmtj4E0Y","residential"
"0","2","no","simple","1",,,,,"1","0","0","0","2026-03-23","0","1","0","0","1",,"false","house",,"25","0","ΓΚΥΖΗ-ΛΟΦΟΣ ΦΙΝΟΠΟΥΛΟΥ διαμέρισμα 88 τ.μ., 2ος όροφος, διαμπερές, προσόψεως, 2 Υ/Δ στο πίσω μέρος που βγαίνουν σε μπαλκόνι στον ακάλυπτο με θέα κήπο-δέντρα, 1 μεγάλο σαλόνι-καθιστικό που βγαίνει σε μπαλκόνι μπροστά με απεριόριστη θέα, 1 μεγάλη κουζίνα με βοηθητικό χώρο με πατάρι, 1 μπάνιο με μπανιέρα, παράθυρο και πατάρι, 1 χωλ, θέρμανση κεντρική πετρέλαιο αλλά δεν λειτουργεί συχνά, ωραία είσοδος, σε καλή πολυκατοικία, ασανσέρ, μερικώς επιπλωμένο και εξοπλισμένο, τα περισσότερα από τα έπιπλα που φαίνονται στις φωτογραφίες μπορούν να φύγουν μόνο ορισμένα χρήσιμα έπιπλα αντίκες έχει την πρόθεση ο ιδιοκτήτης να μείνουν λόγω αδυναμίας αποθήκευσης αλλού, επίσης εξοπλισμένο με ψυγείο, κουζινάκι-φουρνάκι, πλυντήριο πιάτων και ρούχων, πλησίον συγκοινωνιών,  ελεύθερο, άμεσα διαθέσιμο, <br />
Ενοικίαση, Διαμέρισμα,  Μπάνια: 1,  Εμβαδόν: 88 τ.μ.,  Δωμάτια: 2,  Έτος κατασκευής: 1967,  Εξοχική κατοικία,  Για φοιτητές,  Θέα,  Ασανσέρ,  Επιπλωμένο,  Όροφος: 2ος,  Κατάλληλο για Επαγγ. Χρήση,  Πρόσοψης,  Επιτρέπονται κατοικίδια,  Ανακαινισμένο,  Τέντα,  Διαμπερές,  Φωτεινό,  Κουζίνες: 1,  Κουφώματα: Ξύλινα,  Τύπος δαπέδων: Ξύλο,  Θέρμανση: Κεντρική θέρμανση,  Μέσο θέρμανσης: Πετρέλαιο,  Πρόσβαση από: Άσφαλτο,  Ζώνη: Οικιστική ζώνη,  Ενεργειακή κλάση: Η,  Προσανατολισμός: Βορειοδυτικός,  Ρεύμα: Μονοφασικό,  Έτος Ανακαίνισης: 2012,  Απόσταση απο θάλασσα: 2500,  Μηνιαία κοινόχρηστα: 25","2500","0",,"1","9","1","0","2026-03-16","7","2","1","yes","no","0","Αθήνα - Κέντρο (Αττική)","Γκύζη - Πεδίον Άρεως (Αθήνα - Κέντρο)","1","105103","100","6006","6128",,"2","1","0","1","1","1219556135","https://m3.spitogatos.gr/347900504_1600x1200.jpg?v=20130730","https://m2.spitogatos.gr/347900506_1600x1200.jpg?v=20130730","https://m1.spitogatos.gr/347900508_1600x1200.jpg?v=20130730","https://m3.spitogatos.gr/347900510_1600x1200.jpg?v=20130730","https://m2.spitogatos.gr/347900512_1600x1200.jpg?v=20130730","https://m1.spitogatos.gr/347900514_1600x1200.jpg?v=20130730","https://m2.spitogatos.gr/347900515_1600x1200.jpg?v=20130730","https://m1.spitogatos.gr/347900517_1600x1200.jpg?v=20130730","https://m3.spitogatos.gr/347900519_1600x1200.jpg?v=20130730","https://m2.spitogatos.gr/347900521_1600x1200.jpg?v=20130730","https://m1.spitogatos.gr/347900523_1600x1200.jpg?v=20130730","https://m3.spitogatos.gr/347900525_1600x1200.jpg?v=20130730","https://m2.spitogatos.gr/347900527_1600x1200.jpg?v=20130730","https://m3.spitogatos.gr/347900528_1600x1200.jpg?v=20130730","https://m2.spitogatos.gr/347900542_1600x1200.jpg?v=20130730","https://m2.spitogatos.gr/347900557_1600x1200.jpg?v=20130730","https://m1.spitogatos.gr/347900559_1600x1200.jpg?v=20130730","https://m2.spitogatos.gr/347900563_1600x1200.jpg?v=20130730","https://m1.spitogatos.gr/347900565_1600x1200.jpg?v=20130730","https://m1.spitogatos.gr/347900568_1600x1200.jpg?v=20130730","https://m3.spitogatos.gr/347900570_1600x1200.jpg?v=20130730","https://m3.spitogatos.gr/347900573_1600x1200.jpg?v=20130730","https://m1.spitogatos.gr/347900574_1600x1200.jpg?v=20130730","https://m1.spitogatos.gr/347900577_1600x1200.jpg?v=20130730","https://m1.spitogatos.gr/347900580_1600x1200.jpg?v=20130730","0","0","1","1","37.990383",,"1","0","23.74367",,"0",,,"2026-03-23","0","0",,"0","0","1",,"6","0","0","0","1","0","0","0","800",,,"0","0","0","0","9.09",,,"1","3","6","1","1","2012","0","1","2","0","0",,"0","88","0",,"Παράσχου 40, Αθήνα 114 74, Ελλάδα","1","1","0","2026-03-16","https://www.spitogatos.gr/en/property/1219556135",,"1",,"1967",,"residential"
"1","4","no","simple","1",,,,,"1","1","0","0","2026-07-27","0","1","0","0","1","0",,"house",,"20","0","Κωδικός ακινήτου: 1-127 - Γκύζη - Πεδίον Άρεως Γκύζη - Άρειος Πάγος  ΕΝΟΙΚΙΑΖΕΤΑΙ   ανακαινισμένο επιπλωμένο διαμέρισμα  στον 4 ο όροφο συνολικής επιφάνειας 60.00 τ.μ.  . Αποτελείται από 2 υπνοδωμάτια,  σαλοκουζίνα, μπάνιο . Είναι κατασκευασμένο το 1975  και ανακαινίστηκε το 2025. Διαθέτει θέρμανση ατομική - ηλεκτρικό,  κουφώματα ενεργειακά, πατώματα από πλακάκι, πόρτα ασφαλείας, ντουλάπες, ανελκυστήρα, A/C, συναγερμό, ηλεκτρικές συσκευές, τέντες, σίτες, διπλά τζάμια, θυροτηλεόραση, ανοιχτωσιά, οπτικές ίνες      - Τιμή: 850 €  <br> <br>",,,,"1","10","1","0","2026-07-27","9","4","0","yes","no","0","Αθήνα - Κέντρο (Αττική)","Γκύζη - Πεδίον Άρεως (Αθήνα - Κέντρο)","1","105103","100","6006","6129","Double","4","4","0","0","1","1220498556","https://m2.spitogatos.gr/363411652_1600x1200.jpg?v=20130730","https://m3.spitogatos.gr/363411659_1600x1200.jpg?v=20130730","https://m1.spitogatos.gr/363411663_1600x1200.jpg?v=20130730","https://m3.spitogatos.gr/363411671_1600x1200.jpg?v=20130730","https://m1.spitogatos.gr/363411675_1600x1200.jpg?v=20130730","https://m2.spitogatos.gr/363411679_1600x1200.jpg?v=20130730","https://m2.spitogatos.gr/363411685_1600x1200.jpg?v=20130730","https://m3.spitogatos.gr/363411689_1600x1200.jpg?v=20130730","https://m1.spitogatos.gr/363411693_1600x1200.jpg?v=20130730","https://m2.spitogatos.gr/363411697_1600x1200.jpg?v=20130730","https://m2.spitogatos.gr/363411703_1600x1200.jpg?v=20130730","https://m1.spitogatos.gr/363411705_1600x1200.jpg?v=20130730","https://m2.spitogatos.gr/363411709_1600x1200.jpg?v=20130730","https://m3.spitogatos.gr/363411719_1600x1200.jpg?v=20130730","https://m1.spitogatos.gr/363411723_1600x1200.jpg?v=20130730","https://m2.spitogatos.gr/363411727_1600x1200.jpg?v=20130730","https://m2.spitogatos.gr/363411733_1600x1200.jpg?v=20130730","https://m2.spitogatos.gr/363411739_1600x1200.jpg?v=20130730","https://m3.spitogatos.gr/363411743_1600x1200.jpg?v=20130730","https://m3.spitogatos.gr/363411746_1600x1200.jpg?v=20130730","https://m1.spitogatos.gr/363411750_1600x1200.jpg?v=20130730","https://m2.spitogatos.gr/363411754_1600x1200.jpg?v=20130730","https://m2.spitogatos.gr/363411757_1600x1200.jpg?v=20130730","https://m2.spitogatos.gr/363411760_1600x1200.jpg?v=20130730","https://m3.spitogatos.gr/363411764_1600x1200.jpg?v=20130730","0","0",,"1","37.991299",,,"1","23.751432",,"0",,,"2026-07-27","0","0",,"0","0","1",,,"1","0","1",,"0","0","0","850",,,"0","0","0","0","14.17",,,"1","3","6","1","1","2025","0","7","2","0","1",,"0","60","0",,"καλβου 117 αθηνα","0","1","0","2026-07-27","https://www.spitogatos.gr/en/property/1220498556",,"0","0","1975",,"residential"
"0","2","no","simple","1","Χαράλαμπος","70315","Χρονόπουλος","6948468708","1","0","0","0","2026-07-08","0","0","0","0","1","0",,"house",,,"0","Κωδικός ακινήτου: 43-15974 - Γκύζη - Πεδίον Άρεως Πλατεία Γκύζη  ΕΝΟΙΚΙΑΖΕΤΑΙ   ανακαινισμένο  διαμέρισμα  στον 2 ο όροφο συνολικής επιφάνειας 51.00 τ.μ.  . Αποτελείται από 1 υπνοδωμάτιο,  σαλοκουζίνα, μπάνιο . Είναι κατασκευασμένο το 1980 με ενεργειακή κλάση Β+ και ανακαινίστηκε το 2026. Διαθέτει θέρμανση κεντρική - πετρέλαιο, θέα σε ανοιχτό ορίζοντα, κουφώματα αλουμινίου, πατώματα από πλακάκι, πόρτα ασφαλείας, εντοιχιζόμενες ντουλάπες, ανελκυστήρα, ηλιακό θερμοσίφωνα, ανοιχτωσιά      - Τιμή: 800 €  <br>Διαμέρισμα   πλήρως ανακαινισμένο διαμέρισμα (υδραυλικά, ηλεκτρολογικά, πατώματα κτλ.) 51 τ.μ. , με μοντέρνα διαρρύθμιση στον 2ο όροφο μικρής καλοδιατηρημένης  πολυκατοικίας.<br>Το ακίνητο είναι προσόψεως, διαμπερές και φωτεινό, με νότιο προσανατολισμό που εξασφαλίζει άπλετο φυσικό φως. Αποτελείται από ενιαία κουζίνα-σαλόνι, ένα υπνοδωμάτιο και ένα μπάνιο. <br><br>Η πλήρης ανακαίνιση ολοκληρώθηκε τέλος Ιουνίου 2026.<br>Διαθέτει ηλιακό θερμοσίφωνα, κεντρική θέρμανση πετρελαίου ή οποία χρησιμοποιείται απ τους ενοίκους της πολυκατοικίας, καινουρια πόρτα ασφαλείας και κουφώματα αλουμινίου, δάπεδα από πλακάκια, τεράστιο πατάρι, 2 εντοιχισμένες μεγάλες ντουλάπες, ολοκαινουρια κουζίνα με soft  closing μηχανισμούς, καθώς και βεράντα 6 τ.μ., ενώ εξυπηρετείται από ανακαινισμένο ασανσέρ.<br><br>Κατάλληλο για:<br>Ιδιοκατοίκηση<br>Φοιτητικό<br>Επαγγελματική χρήση<br>Επενδυτικό/AirBnb<br><br>http://www.nowrealestate.gr <br>Για περισσότερα ακίνητα επισκεφθείτε την ιστοσελίδα μας. Για ταχύτερη εξυπηρέτηση καλέστε στο 6948468708 - 6972282182 Χαράλαμπος Χρονόπουλος",,,,"1","3","1","0","2026-07-08","7","4","0","no","no","0","Αθήνα - Κέντρο (Αττική)","Γκύζη - Πεδίον Άρεως (Αθήνα - Κέντρο)","1","105103","100","6006","6129","Single","2","1","0","0","1","1220329581","https://m3.spitogatos.gr/360879431_1600x1200.jpg?v=20130730","https://m2.spitogatos.gr/360879442_1600x1200.jpg?v=20130730","https://m3.spitogatos.gr/360879461_1600x1200.jpg?v=20130730","https://m1.spitogatos.gr/360879474_1600x1200.jpg?v=20130730","https://m1.spitogatos.gr/360879483_1600x1200.jpg?v=20130730","https://m1.spitogatos.gr/360879492_1600x1200.jpg?v=20130730","https://m1.spitogatos.gr/360879501_1600x1200.jpg?v=20130730","https://m3.spitogatos.gr/360879506_1600x1200.jpg?v=20130730","https://m2.spitogatos.gr/360879514_1600x1200.jpg?v=20130730","https://m3.spitogatos.gr/360879524_1600x1200.jpg?v=20130730","https://m1.spitogatos.gr/360879531_1600x1200.jpg?v=20130730","https://m1.spitogatos.gr/360879540_1600x1200.jpg?v=20130730","https://m3.spitogatos.gr/360879554_1600x1200.jpg?v=20130730","https://m2.spitogatos.gr/360879559_1600x1200.jpg?v=20130730","https://m3.spitogatos.gr/360879572_1600x1200.jpg?v=20130730","https://m1.spitogatos.gr/360879576_1600x1200.jpg?v=20130730","https://m3.spitogatos.gr/360879584_1600x1200.jpg?v=20130730","https://m1.spitogatos.gr/360879591_1600x1200.jpg?v=20130730","https://m2.spitogatos.gr/360879601_1600x1200.jpg?v=20130730","https://m2.spitogatos.gr/360879610_1600x1200.jpg?v=20130730","https://m1.spitogatos.gr/360879615_1600x1200.jpg?v=20130730",,,,,"0","0","2","1","37.990303",,,"1","23.746557",,"0",,,"2026-07-08","0","0",,"0","0","1",,"10","0","0","0",,"0","0","0","800",,,"0","0","0","0","15.69",,,"1","3","6","1","1","2026","0","2","1","0","1",,"1","51","0",,"Λομβάρδου Κων. 92, 114 74, Αθήνα","1","1","0","2026-07-08","https://www.spitogatos.gr/en/property/1220329581",,"1","0","1980",,"residential"
"1","2","no","simple","1",,,,,"0","0","0","0","2026-07-24","0","1","1","6","1","0","false","house","0","10","0","Γκύζη – Άρειος Πάγος | Διαμέρισμα προς Ενοικίαση | 2ος Όροφος | 50 τ.μ. | Πλήρως Ανακαινισμένο 2026 | Επιπλωμένο με Ηλεκτρικές Συσκευές | Κατάλληλο για Φοιτητές<br />
<br />
Προς ενοικίαση πλήρως ανακαινισμένο διαμέρισμα 50 τ.μ. στον 2ο όροφο, σε ήσυχη και ιδιαίτερα προνομιακή τοποθεσία στην περιοχή Γκύζη – Άρειος Πάγος. Το ακίνητο βρίσκεται σε μικρή απόσταση από το Πεδίον του Άρεως, μόλις 950 μέτρα από τον σταθμό Μετρό Αμπελόκηποι και 100 μέτρα από στάσεις λεωφορείων (021, 046, 230, 813 και Α7), προσφέροντας άμεση πρόσβαση στο κέντρο της Αθήνας και σε όλες τις βασικές υποδομές.<br />
<br />
Το διαμέρισμα αποτελείται από ένα άνετο υπνοδωμάτιο, ένα μοντέρνο μπάνιο και ενιαίο χώρο σαλονιού με κουζίνα. Είναι εσωτερικό, ιδιαίτερα φωτεινό, ευάερο και ευήλιο, με νοτιοδυτικό και νότιο προσανατολισμό και θέα στον αστικό ιστό. Η σύγχρονη αισθητική και η λειτουργική διαρρύθμιση το καθιστούν ιδανική επιλογή για φοιτητές, εργαζόμενους ή ζευγάρια.<br />
<br />
Η πλήρης ανακαίνιση του 2026 πραγματοποιήθηκε με υλικά υψηλής ποιότητας και ιδιαίτερη προσοχή στη λεπτομέρεια. Η κουζίνα είναι νέας κατασκευής από ανθυγρό MDF με μελαμίνη Vario 18 mm, μηχανισμούς push-to-open, οδηγούς και μεντεσέδες soft-close, καθώς και μεταλλικούς σκελετούς συρταριών, προσφέροντας υψηλή αισθητική και εργονομία.<br />
<br />
Οι ντουλάπες και οι εσωτερικές πόρτες είναι επίσης κατασκευασμένες από MDF με μελαμίνη Vario 18 mm, διαθέτουν συρόμενα φύλλα στο υπνοδωμάτιο, μηχανισμούς push-to-open, μεταλλικούς σκελετούς συρταριών και μηχανισμούς soft-close, εξασφαλίζοντας άνεση και αντοχή στη χρήση.<br />
<br />
Στο υπνοδωμάτιο διατηρείται το αυθεντικό ξύλινο παρκέ τύπου καρέ, το οποίο αποκαταστάθηκε, επισκευάστηκε όπου απαιτήθηκε και γυαλίστηκε με σατινέ φινίρισμα. Στους υπόλοιπους χώρους έχουν τοποθετηθεί σύγχρονα κεραμικά πλακίδια και επιτοίχιες πορσελανάτες επενδύσεις, ενώ το μπάνιο διαθέτει πορσελάνινα είδη υγιεινής υψηλής ποιότητας.<br />
<br />
Τα κουφώματα είναι νέας τεχνολογίας PVC Thermo με διπλά ενεργειακά τζάμια, ανοιγόμενα παντζούρια αλουμινίου και πλισέ σίτες Fiberglass, προσφέροντας εξαιρετική θερμομόνωση, ηχομόνωση και άνεση.<br />
<br />
Το διαμέρισμα διαθέτει κλιματισμό, ηλιακό θερμοσίφωνα, ηλεκτρικές συσκευές, πόρτα ασφαλείας, θυροτηλεόραση, ασανσέρ, τέντες και σίτες, ενώ επιτρέπονται κατοικίδια. Πρόκειται για μία κατοικία υψηλής αισθητικής, έτοιμη προς άμεση εγκατάσταση.<br />
<br />
Μία εξαιρετική επιλογή για όσους αναζητούν ένα σύγχρονο, πλήρως ανακαινισμένο διαμέρισμα σε μία από τις πιο εξυπηρετούμενες περιοχές της Αθήνας, με άμεση πρόσβαση σε μέσα μεταφοράς, πανεπιστήμια και το κέντρο της πόλης.<br />
<br />
Οι πληροφορίες και τα χαρακτηριστικά των ακινήτων έχουν καταχωρηθεί βάσει των πληροφοριών και στοιχείων που μας προσκομίστηκαν.<br />
<br />
Η τοποθεσία του ακινήτου στον χάρτη είναι ενδεικτική.<br />
<br />
Η ενεργειακή κλάση των ακινήτων που είναι απαραίτητη η έκδοση ΠΕΑ μπορεί να διαφέρει από την αναγραφόμενη.<br />
<br />
Όλοι οι παρευρισκόμενοι κατά την υπόδειξη του ακινήτου είναι απαραίτητο να επιδείξουν την αστυνομική τους ταυτότητα και τον Α.Φ.Μ τους, σύμφωνα με τον Νόμο Ν.4072/2012 - ΦΕΚ 86/Α/11-4-2012.","7000",,"0","1","10","0","0","2026-07-24","7","6","0","no","no","0","Αθήνα - Κέντρο (Αττική)","Γκύζη - Πεδίον Άρεως (Αθήνα - Κέντρο)","1","105103","100","6006","6129","Double","3",,"0","0","1","1220476371","https://m1.spitogatos.gr/363054006_1600x1200.jpg?v=20130730","https://m3.spitogatos.gr/363054008_1600x1200.jpg?v=20130730","https://m1.spitogatos.gr/363054009_1600x1200.jpg?v=20130730","https://m2.spitogatos.gr/363054010_1600x1200.jpg?v=20130730","https://m3.spitogatos.gr/363054011_1600x1200.jpg?v=20130730","https://m1.spitogatos.gr/363054012_1600x1200.jpg?v=20130730","https://m3.spitogatos.gr/363054014_1600x1200.jpg?v=20130730","https://m1.spitogatos.gr/363054015_1600x1200.jpg?v=20130730","https://m2.spitogatos.gr/363054016_1600x1200.jpg?v=20130730","https://m3.spitogatos.gr/363054017_1600x1200.jpg?v=20130730","https://m1.spitogatos.gr/363054018_1600x1200.jpg?v=20130730","https://m2.spitogatos.gr/363054019_1600x1200.jpg?v=20130730","https://m3.spitogatos.gr/363054020_1600x1200.jpg?v=20130730","https://m2.spitogatos.gr/363054022_1600x1200.jpg?v=20130730","https://m1.spitogatos.gr/363054024_1600x1200.jpg?v=20130730","https://m3.spitogatos.gr/363054026_1600x1200.jpg?v=20130730","https://m2.spitogatos.gr/363054028_1600x1200.jpg?v=20130730","https://m1.spitogatos.gr/363054030_1600x1200.jpg?v=20130730","https://m3.spitogatos.gr/363054032_1600x1200.jpg?v=20130730","https://m2.spitogatos.gr/363054034_1600x1200.jpg?v=20130730","https://m1.spitogatos.gr/363054036_1600x1200.jpg?v=20130730","https://m3.spitogatos.gr/363054038_1600x1200.jpg?v=20130730","https://m2.spitogatos.gr/363054040_1600x1200.jpg?v=20130730",,,"0","0","2","1","37.989929",,"1","1","23.744932",,"0","0","0","2026-07-24","0","0",,"0","0","1",,"12","1","0","1","1","0","0","0","600",,,"0","0","0","0","12",,,"1","3","6","1","1","2026","0","1","1","0","1",,"1","50","0",,,"1","1","0","2026-07-24","https://www.spitogatos.gr/en/property/1220476371","https://vtours.pepita.io/spitogatos/5110d819-d0cd-41cf-a68e-b686a8d65c12","1","0",,"oV0EzDwHuZY","residential"
"1","3","no","simple","1",,,,,"0","0","0","0","2026-04-29","1","0","0","5","1","0","false","house","0","20","0"," <br><br />
Κωδικός Ακινήτου: #11416. Studio προς ενοικίαση στην περιοχή Γκύζη – Πεδίον Άρεως, συνολικής επιφάνειας 28 τ.μ., στον 3ο όροφο πολυκατοικίας με ανελκυστήρα. Το ακίνητο είναι πλήρως ανακαινισμένο και βαμμένο, κατασκευής 1970, και αποτελείται από ενιαίο χώρο καθιστικού/υπνοδωματίου, ξεχωριστή κουζίνα και μπάνιο. Διαθέτει κεντρική θέρμανση φυσικού αερίου, κλιματισμό, κουφώματα αλουμινίου με διπλά τζάμια, πόρτα ασφαλείας και δάπεδα από πλακάκι. Βρίσκεται σε προνομιακή τοποθεσία με άμεση πρόσβαση σε μέσα μαζικής μεταφοράς και επιτρέπονται τα κατοικίδια.<br><br />
Τιμή ενοικίασης: 650€. <br><br />
 <br><br />
ΚΑΤΑ ΤΗΝ ΥΠΟΔΕΙΞΗ ΤΟΥ ΑΚΙΝΗΤΟΥ ΑΠΑΙΤΕΙΤΑΙ ΝΑ ΓΙΝΕΤΑΙ ΕΠΙΔΕΙΞΗ ΤΗΣ ΑΣΤΥΝΟΜΙΚΗΣ ΣΑΣ ΤΑΥΤΟΤΗΤΑΣ ΣΥΜΦΩΝΑ ΜΕ ΤΟΝ Ν.4072/11-04-2012 Φ.Ε.Κ 86Α<br /><br />ΤΑ ΣΤΟΙΧΕΙΑ ΤΩΝ ΑΚΙΝΗΤΩΝ ΕΙΝΑΙ ΚΑΤΑ ΔΗΛΩΣΗ ΤΟΥ ΙΔΙΟΚΤΗΤΗ<br /><br />ΑΚΙΝΗΤΑ ΑΠΟΚΛΕΙΣΤΙΚΗΣ ΔΙΑΘΕΣΗΣ ΜΕ ΦΩΤΟΓΡΑΦΙΕΣ ΠΟΥ ΔΙΑΧΕΙΡΙΖΕΤΑΙ Η ΕΤΑΙΡΙΑ ΜΑΣ ΘΑ ΒΡΕΙΤΕ ΣΤΗΝ ΙΣΤΟΣΕΛΙΔΑ ΜΑΣ<br /><br /> ►WEBSITE: www.tzelihome.gr<br /><br /> ✔ ΓΙΑ ΤΗΝ ΚΑΛΥΤΕΡΗ ΕΞΥΠΗΡΕΤΗΣΗ ΣΑΣ ΧΡΗΣΙΜΟΠΟΙΕΙΣΤΕ ΤΟΝ ΚΩΔΙΚΟ ΑΚΙΝΗΤΟΥ ΠΟΥ ΑΝΑΓΡΑΦΕΤΑΙ ΣΤΗΝ ΠΕΡΙΓΡΑΦΗ<br /> ✔ Η ΔΙΕΥΘΥΝΣΗ ΣΤΟΝ ΧΑΡΤΗ ΕΧΕΙ ΤΟΠΟΘΕΤΗΘΕΙ ΚΑΤΑ ΠΡΟΣΕΓΓΙΣΗ<br /> ✔ ΟΙ ΑΚΡΙΒΕΙΣ ΠΛΗΡΟΦΟΡΙΕΣ ΤΗΣ ΔΙΕΥΘΥΝΣΗΣ ΠΑΡΕΧΟΝΤΑΙ ΣΤΗΝ ΥΠΟΔΕΙΞΗ ΤΟΥ ΑΚΙΝΗΤΟΥ<br /><br /> ΜΕΣΙΤΙΚΟ ΓΡΑΦΕΙΟ TZELI HOME<br /> ΥΜΗΤΤΟΥ 41 , ΚΑΙΣΑΡΙΑΝΗ , ΤΚ 16121<br /><br /> ΕΠΙΚΟΙΝΩΝΗΣΤΕ ΜΑΖΙ ΜΑΣ:<br /> ►WEBSITE : www.tzelihome.gr<br /> ►E-MAIL : tzelihome@gmail.com<br /> ►ΚΙΝΗΤΟ : 6906.062.919 <br /> ►ΤΗΛΕΦΩΝΟ : 211.001.4573 & 211.001.4574<br>","5000",,"0","1","6","0","0","2026-04-29","8","4","0","no","no","0","Αθήνα - Κέντρο (Αττική)","Γκύζη - Πεδίον Άρεως (Αθήνα - Κέντρο)","1","105103","100","6006","2010","Double","2","2","0","0","1","1219799555","https://m1.spitogatos.gr/351937128_1600x1200.jpg?v=20130730","https://m2.spitogatos.gr/351937129_1600x1200.jpg?v=20130730","https://m1.spitogatos.gr/351937134_1600x1200.jpg?v=20130730","https://m2.spitogatos.gr/351937135_1600x1200.jpg?v=20130730","https://m3.spitogatos.gr/351937136_1600x1200.jpg?v=20130730","https://m1.spitogatos.gr/351937137_1600x1200.jpg?v=20130730","https://m3.spitogatos.gr/351937139_1600x1200.jpg?v=20130730","https://m1.spitogatos.gr/351937140_1600x1200.jpg?v=20130730","https://m2.spitogatos.gr/351937141_1600x1200.jpg?v=20130730","https://m1.spitogatos.gr/351937143_1600x1200.jpg?v=20130730","https://m2.spitogatos.gr/351937162_1600x1200.jpg?v=20130730","https://m3.spitogatos.gr/351937163_1600x1200.jpg?v=20130730","https://m1.spitogatos.gr/351937164_1600x1200.jpg?v=20130730","https://m2.spitogatos.gr/351937165_1600x1200.jpg?v=20130730","https://m3.spitogatos.gr/351937166_1600x1200.jpg?v=20130730","https://m1.spitogatos.gr/351937167_1600x1200.jpg?v=20130730","https://m2.spitogatos.gr/351937168_1600x1200.jpg?v=20130730","https://m3.spitogatos.gr/351937169_1600x1200.jpg?v=20130730","https://m1.spitogatos.gr/351937170_1600x1200.jpg?v=20130730","https://m3.spitogatos.gr/351937172_1600x1200.jpg?v=20130730","https://m1.spitogatos.gr/351937173_1600x1200.jpg?v=20130730","https://m2.spitogatos.gr/351937174_1600x1200.jpg?v=20130730","https://m3.spitogatos.gr/351937175_1600x1200.jpg?v=20130730","https://m2.spitogatos.gr/351937177_1600x1200.jpg?v=20130730","https://m3.spitogatos.gr/351937178_1600x1200.jpg?v=20130730","0","0","2","1","37.992561",,"1","1","23.747883",,"0","0","0","2026-07-23","0","0",,"0","0","1",,"2","1","0","0","1","0","0","0","650",,,"0","0","0","0","23.21",,,"1","3","6","1","1","2026","0","1","1","0","1",,"0","28","0",,,"0","2","0","2026-04-29","https://www.spitogatos.gr/en/property/1219799555",,"0",,"1970","3UGK74QAeE8","residential"
"0","5","no","simple","1",,,,,"1","0","0","0","2026-07-08","0","1","0","0","1","0",,"house","0",,"0","Αποκλειστική Ανάθεση της KWSG.<br />
<br />
Οροφοδιαμέρισμα Προς Ενοικίαση, όροφος: 5ος, στην περιοχή: Γκύζη - Πεδίον Άρεως. Το εμβαδόν του ακινήτου είναι 100 τ.μ.. Αποτελείται από: 3 Υ/Δ, 1 μπάνιο/α, 1 wc, 1 κουζίνα/ες, 1 σαλόνι/α. Έχει κατασκευαστεί το 1994. Η θέρμανση του ακινήτου είναι Αυτόνομη με Πετρέλαιο, έχει κουφώματα Αλουμινίου με Διπλά τζάμια, ενεργειακό πιστοποιητικό: Γ και τα δάπεδα είναι: Πλακάκια, Ξύλο. Η κατάστασή του είναι: Ανακαινισμένο, Πολύ καλή, βρίσκεται κοντά σε Συγκοινωνίες, Πλατεία, Εκκλησία, Κέντρο Πόλης, Εστίαση, έχει θέα Ανοιχτωσιά. Το ακίνητο είναι Οροφοδιαμέρισμα, Βαμμένο, Προσόψεως, Φωτεινό, Ευάερο, Ευήλιο, Διαμπερές, είναι κατάλληλο για Επαγγελματικό και επίσης διαθέτει τα παρακάτω χαρακτηριστικά και πλεονεκτήματα: Τέντες, Ασανσέρ, Πόρτα Ασφαλείας, Ησυχη γειτονιά. VIDEO : https://youtu.be/FTNjT0lVH8o<br />
<br />
Πρόσθετες Υπηρεσίες:<br />
💡 Ρεύμα & Ίντερνετ: σας βοηθάμε δωρεάν να επιλέξετε πάροχο και να ολοκληρώσετε τις συμβάσεις<br />
<br />
Επίσκεψη στο Ακίνητο:<br />
🗓️ Για την πραγματοποίηση του ραντεβού απαιτείται ταυτότητα/διαβατήριο από όλους τους επισκέπτες και υπογραφή της Εντολής Υπόδειξης.<br />
<br />
*Τα στοιχεία της αγγελίας βασίζονται σε πληροφορίες του ιδιοκτήτη.               Φ.Ρ.",,,"0","1","5","1","0","2026-07-08","10","10","1","no","no","0","Αθήνα - Κέντρο (Αττική)","Γκύζη - Πεδίον Άρεως (Αθήνα - Κέντρο)","1","105103","100","6006",,"Double","1","1","0","0","1","1220334030","https://m2.spitogatos.gr/360946882_1600x1200.jpg?v=20130730","https://m3.spitogatos.gr/360946886_1600x1200.jpg?v=20130730","https://m2.spitogatos.gr/360946891_1600x1200.jpg?v=20130730","https://m2.spitogatos.gr/360946897_1600x1200.jpg?v=20130730","https://m2.spitogatos.gr/360946903_1600x1200.jpg?v=20130730","https://m2.spitogatos.gr/360946909_1600x1200.jpg?v=20130730","https://m2.spitogatos.gr/360946915_1600x1200.jpg?v=20130730","https://m3.spitogatos.gr/360946922_1600x1200.jpg?v=20130730","https://m3.spitogatos.gr/360946925_1600x1200.jpg?v=20130730","https://m3.spitogatos.gr/360946931_1600x1200.jpg?v=20130730","https://m3.spitogatos.gr/360946934_1600x1200.jpg?v=20130730","https://m2.spitogatos.gr/360946939_1600x1200.jpg?v=20130730","https://m1.spitogatos.gr/360946941_1600x1200.jpg?v=20130730","https://m3.spitogatos.gr/360946946_1600x1200.jpg?v=20130730","https://m2.spitogatos.gr/360946951_1600x1200.jpg?v=20130730","https://m1.spitogatos.gr/360946956_1600x1200.jpg?v=20130730","https://m3.spitogatos.gr/360946961_1600x1200.jpg?v=20130730","https://m3.spitogatos.gr/360946964_1600x1200.jpg?v=20130730","https://m2.spitogatos.gr/360946966_1600x1200.jpg?v=20130730","https://m1.spitogatos.gr/360946968_1600x1200.jpg?v=20130730","https://m2.spitogatos.gr/360946969_1600x1200.jpg?v=20130730","https://m1.spitogatos.gr/360946971_1600x1200.jpg?v=20130730",,,,"0","0","2","1","37.991726",,"1","1","23.747551",,"0","0","0","2026-07-23","0","0",,"0","1","1",,,"1","0","0",,"0","0","0","1000",,,"0","0","0","0","10",,,"1","3","6","1","1",,"0",,"3","0","1",,"0","100","0",,,"0","1","0","2026-07-08","https://www.spitogatos.gr/en/property/1220334030",,"1","1","1994","FTNjT0lVH8o","residential"
"0","Ground Floor","no","simple","1",,,,,"1","0","0","0","2024-11-18","0","0","0","0","1","0",,"house","0","30","0","ID.1288010 - Διαμέρισμα Προς Ενοικίαση, όροφος: Υπερυψωμένο Ισόγειο, στην περιοχή: Γκύζη - Πεδίον Άρεως -Πεδίο Άρεως. Το εμβαδόν του ακινήτου είναι 65 τ.μ.. Αποτελείται από: 1 Υ/Δ 1 μπάνιο/α,, 1κουζίνα/ες, 1 σαλόνι/α (Με μπαλκόνι στον ακάλυπτο.). Έχει κατασκευαστεί το 1967 και ανακαινίστηκε το 2024. Η θέρμανση του ακινήτου είναι Κεντρική με Πετρέλαιο, έχει κουφώματα Αλουμινίου με Διπλά - Ενεργειακά τζάμια, ενεργειακό πιστοποιητικό: Δ και τα δάπεδα είναι: Πλακάκια, Ξύλο. Η κατάστασή του είναι: Πολύ καλή, βρίσκεται κοντά σε Μετρό, Ηλεκτρικό, Συγκοινωνίες, Πάρκο, Σχολείο, Πλατεία, Εκκλησία, Παιδικό σταθμό, Λαική αγορά, Super Market, Εμπορικό Κέντρο, Κέντρο Πόλης, Πρεσβεία, Μουσείο, Πανεπιστήμιο, Αγορά, Εστίαση, 1,7 Χιλιόμετρα από μετρό (Σταθμός metro ""Αμπελόκηποι""), 1,8 Χιλιόμετρα από προαστιακός (Προαστιακός σταθμός Λαρίσης), 32 Χιλιόμετρα από αεροδρόμιο (Διεθνής Αερολιμένας Αθηνών ""Ελευθέριος Βενιζέλος""), 15 Χιλιόμετρα από λιμάνι (Πειραιάς - Λιμάνι), 32 Χιλιόμετρα από λιμάνι (Ραφήνα - Λιμάνι), 60 Χιλιόμετρα από λιμάνι (Λαύριο - Λιμάνι), 1,1 Χιλιόμετρα από πανεπιστήμιο (ΑΣΟΕΕ), 3,2 Χιλιόμετρα από ακρόπολη (Ακρόπολη Αθηνών), 1 Χιλιόμετρα από μουσείο (Εθνικό Αρχαιολογικό Μουσείο), 600 Χιλιόμετρα από αλλο (Δικαστήρια Ευελπίδων), 700 Μέτρα από στάση λεωφορείου (Στάσεις ΜΜΜ), έχει θέα Αστικό τοπίο και έχει Νοτιοδυτικό προσανατολισμό. Το ακίνητο είναι Προσόψεως, Επί Λεωφόρου, Φωτεινό, Διαμπερές, Ανώγειος κατοικία, Αποθήκη, Πόρτα Ασφαλείας, Επιτρέπονται Κατοικίδια, Αποχέτευση. Διαμέρισμα πλήρως ανακαινισμένο,κατάλληλο και για επαγγελματική στέγη σε κεντρικό σημείο της περιοχής του Πεδίου του Άρεως,κοντα στην Λεωφόρο Αλεξάνδρας και στον νέο (υπό κατασκευή) σταθμό metro γραμμή 4. Τιμή: €680. Aspis Real Estate Αμπελοκήπων - Ψυχικού, Τηλέφωνο Επικοινωνίας: 2106910100, email: ampelokipoi@aspis-realestate.gr, website: www.aspisrealestate-ampelokipoi.gr",,,"0","0","6","1","0","2024-11-27","3","10","0","no","no","0","Αθήνα - Κέντρο (Αττική)","Γκύζη - Πεδίον Άρεως (Αθήνα - Κέντρο)","1","105103","100","6006","6128","Double","2","1","0","0","1","1216757010","https://m3.spitogatos.gr/301882430_1600x1200.jpg?v=20130730","https://m2.spitogatos.gr/301882432_1600x1200.jpg?v=20130730","https://m1.spitogatos.gr/301882434_1600x1200.jpg?v=20130730","https://m2.spitogatos.gr/301882438_1600x1200.jpg?v=20130730","https://m3.spitogatos.gr/301882442_1600x1200.jpg?v=20130730","https://m3.spitogatos.gr/301882445_1600x1200.jpg?v=20130730","https://m1.spitogatos.gr/301882449_1600x1200.jpg?v=20130730","https://m2.spitogatos.gr/301882453_1600x1200.jpg?v=20130730","https://m3.spitogatos.gr/301882457_1600x1200.jpg?v=20130730","https://m3.spitogatos.gr/301882463_1600x1200.jpg?v=20130730","https://m1.spitogatos.gr/301882470_1600x1200.jpg?v=20130730","https://m1.spitogatos.gr/301882476_1600x1200.jpg?v=20130730","https://m2.spitogatos.gr/301882480_1600x1200.jpg?v=20130730","https://m3.spitogatos.gr/301882487_1600x1200.jpg?v=20130730","https://m2.spitogatos.gr/301882492_1600x1200.jpg?v=20130730","https://m1.spitogatos.gr/301882497_1600x1200.jpg?v=20130730","https://m1.spitogatos.gr/301882503_1600x1200.jpg?v=20130730","https://m1.spitogatos.gr/301882506_1600x1200.jpg?v=20130730","https://m1.spitogatos.gr/301882509_1600x1200.jpg?v=20130730","https://m2.spitogatos.gr/301882510_1600x1200.jpg?v=20130730","https://m2.spitogatos.gr/301882513_1600x1200.jpg?v=20130730","https://m3.spitogatos.gr/301882514_1600x1200.jpg?v=20130730","https://m1.spitogatos.gr/301882515_1600x1200.jpg?v=20130730","https://m3.spitogatos.gr/301882517_1600x1200.jpg?v=20130730",,"0","0","2","1","37.991901",,"1","1","23.741079",,"0","0","0","2026-06-29","0","0",,"0","0","1",,"12","0","0","0","1","0","0","0","680",,,"0","0","0","0","10.46",,,"1","3","6","1","0","2024","0","1","1","0","1",,"0","65","1",,,"0","1","0","2024-11-27","https://www.spitogatos.gr/en/property/1216757010",,"1","0","1967",,"residential"
"1","Ground Floor","no","simple","1",,,,,"1","0","0","0","2026-06-12","0","0","0","0","0","0",,"house","0",,"0","ID.2419531 - Διαμέρισμα Προς Ενοικίαση, όροφος: Υπερυψωμένο Ισόγειο, στην περιοχή: Γκύζη - Πεδίον Άρεως -Πεδίο Άρεως. Το εμβαδόν του ακινήτου είναι 80 τ.μ.. Αποτελείται από: 2 Υ/Δ 2 μπάνιο/α,, 2 σαλόνι/α. Έχει κατασκευαστεί το 1970 και ανακαινίστηκε το 2020. Η θέρμανση του ακινήτου είναι Αυτόνομη με Φυσικό αέριο, ενώ επίσης διατίθεται Κλιματισμός, έχει κουφώματα Αλουμινίου με Διπλά τζάμια, ενεργειακό πιστοποιητικό: Ζ και τα δάπεδα είναι: Πλακάκια, Ξύλο. Η κατάστασή του είναι: Ανακαινισμένο, Καταπληκτική, έχει θέα Αστικό τοπίο. Το ακίνητο είναι Βαμμένο, Προσόψεως, Διαμπερές, Πολυτελές, είναι κατάλληλο για Επαγγελματικό και επίσης διαθέτει τα παρακάτω χαρακτηριστικά και πλεονεκτήματα: Σίτες, Πόρτα Ασφαλείας, Επιτρέπονται Κατοικίδια. Οι πληροφορίες και τα χαρακτηριστικά των ακινήτων έχουν καταχωρηθεί βάσει των πληροφοριών και στοιχείων που μας προσκομίστηκαν. Η τοποθεσία του ακινήτου στον χάρτη είναι ενδεικτική. Η ενεργειακή κλάση των ακινήτων που είναι απαραίτητη η έκδοση ΠΕΑ μπορεί να διαφέρει από την αναγραφόμενη. Όλοι οι παρευρισκόμενοι κατά την υπόδειξη του ακινήτου είναι απαραίτητο να επιδείξουν την αστυνομική τους ταυτότητα και τον Α.Φ.Μ τους, σύμφωνα με τον Νόμο Ν.4072/2012 - ΦΕΚ 86/Α/11-4-2012. Τιμή: €800. Aspis Real Estate Αμπελοκήπων - Ψυχικού, Τηλέφωνο Επικοινωνίας: 2106910100, email: ampelokipoi@aspis-realestate.gr, website: www.aspisrealestate-ampelokipoi.gr",,,"0","0","8","1","0","2026-06-12","3","10","1","no","no","0","Αθήνα - Κέντρο (Αττική)","Γκύζη - Πεδίον Άρεως (Αθήνα - Κέντρο)","1","105103","100","6006","6128","Double","1","2","0","0","1","1220109280","https://m1.spitogatos.gr/357039978_1600x1200.jpg?v=20130730","https://m1.spitogatos.gr/357039981_1600x1200.jpg?v=20130730","https://m3.spitogatos.gr/357039986_1600x1200.jpg?v=20130730","https://m1.spitogatos.gr/357039990_1600x1200.jpg?v=20130730","https://m3.spitogatos.gr/357039995_1600x1200.jpg?v=20130730","https://m1.spitogatos.gr/357039999_1600x1200.jpg?v=20130730","https://m1.spitogatos.gr/357040005_1600x1200.jpg?v=20130730","https://m1.spitogatos.gr/357040008_1600x1200.jpg?v=20130730","https://m2.spitogatos.gr/357040015_1600x1200.jpg?v=20130730","https://m2.spitogatos.gr/357040018_1600x1200.jpg?v=20130730","https://m1.spitogatos.gr/357040023_1600x1200.jpg?v=20130730","https://m2.spitogatos.gr/357040027_1600x1200.jpg?v=20130730","https://m2.spitogatos.gr/357040030_1600x1200.jpg?v=20130730","https://m2.spitogatos.gr/357040033_1600x1200.jpg?v=20130730","https://m1.spitogatos.gr/357040035_1600x1200.jpg?v=20130730","https://m1.spitogatos.gr/357040038_1600x1200.jpg?v=20130730","https://m1.spitogatos.gr/357040041_1600x1200.jpg?v=20130730","https://m1.spitogatos.gr/357040044_1600x1200.jpg?v=20130730","https://m2.spitogatos.gr/357040048_1600x1200.jpg?v=20130730","https://m2.spitogatos.gr/357040051_1600x1200.jpg?v=20130730","https://m3.spitogatos.gr/357040055_1600x1200.jpg?v=20130730","https://m3.spitogatos.gr/357040061_1600x1200.jpg?v=20130730","https://m1.spitogatos.gr/357040068_1600x1200.jpg?v=20130730","https://m3.spitogatos.gr/357040076_1600x1200.jpg?v=20130730","https://m3.spitogatos.gr/357040085_1600x1200.jpg?v=20130730","0","0","2","0","37.991405",,"1","2","23.744211",,"1","0","0","2026-06-12","0","0",,"0","0","2",,,"1","0","1","1","0","0","0","800",,,"0","0","0","0","10",,,"1","3","6","1","1","2020","0","1","2","0","1",,"0","80","0",,,"0","1","0","2026-06-12","https://www.spitogatos.gr/en/property/1220109280",,"1","0","1970",,"residential"
"0","1","no","simple","1",,,,,"0","0","0","0","2026-06-03","0","0","0","0","1","0",,"house",,,"0","Κωδικός ακινήτου: 1-2030 - Γκύζη - Πεδίον Άρεως Πλατεία Γκύζη  ΕΝΟΙΚΙΑΖΕΤΑΙ     διαμέρισμα  στον 1 ο όροφο συνολικής επιφάνειας 48.00 τ.μ.  . Αποτελείται από 1 υπνοδωμάτιο, σαλόνι, κουζίνα, μπάνιο . Είναι κατασκευασμένο το 1965 με ενεργειακή κλάση Η  και διαθέτει θέρμανση κεντρική - φυσικό αέριο,  κουφώματα ξύλινα, πατώματα από μωσαϊκό και ξύλο,   ανελκυστήρα     απόσταση από μετρό 1400 μέτρα - Τιμή: 520 €  <br>Ενοικιάζεται διαμέρισμα εμβαδού 48 τ.μ., 1ου ορόφου, εσωτερικό και φωτεινό, φρεσκοβαμμένο και σε άριστη κατάσταση. Αποτελείται από χολ, σαλόνι, 1 υ/δ, κουζίνα, μπάνιο και μπαλκόνι, το οποίο βλέπει σε μεγάλο ακάλυπτο χώρο. Διαθέτει λουστραρισμένα παρκέ σαν καινούργια και μωσαϊκό, ξύλινα κουφώματα, κεντρική θέρμανση φυσικού αερίου, ανελκυστήρα και μονοφασικό ρεύμα. Βρίσκεται πλησίον της εκκλησίας του Αγίου Ελευθερίου, της οδού Γκύζη, 15 - 20 λεπτά από το σταθμό του μετρό Αμπελόκηποι και 5 λεπτά από τον Άρειο Πάγο.  <br> <br>",,,,"1","9","0","0","2026-06-03","6","11","1","no","no","0","Αθήνα - Κέντρο (Αττική)","Γκύζη - Πεδίον Άρεως (Αθήνα - Κέντρο)","1","105103","100","6006","2010","Single","2","2","0","0","1","1219996372","https://m2.spitogatos.gr/355441201_1600x1200.jpg?v=20130730","https://m3.spitogatos.gr/355441208_1600x1200.jpg?v=20130730","https://m3.spitogatos.gr/355441214_1600x1200.jpg?v=20130730","https://m2.spitogatos.gr/355441219_1600x1200.jpg?v=20130730","https://m2.spitogatos.gr/355441225_1600x1200.jpg?v=20130730","https://m1.spitogatos.gr/355441230_1600x1200.jpg?v=20130730","https://m1.spitogatos.gr/355441236_1600x1200.jpg?v=20130730","https://m2.spitogatos.gr/355441243_1600x1200.jpg?v=20130730","https://m2.spitogatos.gr/355441249_1600x1200.jpg?v=20130730","https://m3.spitogatos.gr/355441253_1600x1200.jpg?v=20130730","https://m3.spitogatos.gr/355441259_1600x1200.jpg?v=20130730","https://m3.spitogatos.gr/355441265_1600x1200.jpg?v=20130730","https://m1.spitogatos.gr/355441269_1600x1200.jpg?v=20130730","https://m2.spitogatos.gr/355441270_1600x1200.jpg?v=20130730","https://m1.spitogatos.gr/355441272_1600x1200.jpg?v=20130730","https://m3.spitogatos.gr/355441277_1600x1200.jpg?v=20130730","https://m2.spitogatos.gr/355441282_1600x1200.jpg?v=20130730","https://m1.spitogatos.gr/355441287_1600x1200.jpg?v=20130730","https://m3.spitogatos.gr/355441295_1600x1200.jpg?v=20130730","https://m2.spitogatos.gr/355441303_1600x1200.jpg?v=20130730","https://m2.spitogatos.gr/355441312_1600x1200.jpg?v=20130730","https://m1.spitogatos.gr/355441323_1600x1200.jpg?v=20130730","https://m2.spitogatos.gr/355441333_1600x1200.jpg?v=20130730","https://m1.spitogatos.gr/355441341_1600x1200.jpg?v=20130730","https://m2.spitogatos.gr/355441348_1600x1200.jpg?v=20130730","0","0","1","1","37.991783",,,"1","23.748236",,"0",,,"2026-07-15","1","0",,"0","0","1",,"4","1","0","0",,"0","0","0","520",,,"0","0","0","0","10.83",,,"1","3","6","1","0",,"0","1","1","0","0",,"0","48","0",,,"0","1","0","2026-06-03","https://www.spitogatos.gr/en/property/1219996372",,"0","0","1965","OcVguUtrBMg","residential"
"1","1","no","simple","1",,,,,"0","0","0","0","2026-05-25","0","0","1","14","0","0",,"house","0",,"0","ID.2395475 - Διαμέρισμα Προς Ενοικίαση, όροφος: 1ος, στην περιοχή: Γκύζη - Πεδίον Άρεως -Γκύζη - Άρειος Πάγος. Το εμβαδόν του ακινήτου είναι 77 τ.μ.. Αποτελείται από: 2 Υ/Δ 1 μπάνιο/α,, 1κουζίνα/ες, 1 σαλόνι/α, ενώ οι θέσεις στάθμευσης που διαθέτει είναι: 1 Σε κλειστό χώρο. Έχει κατασκευαστεί το 1980 και ανακαινίστηκε το 2020. Η θέρμανση του ακινήτου είναι Κεντρική με Πετρέλαιο, ενώ επίσης διατίθεται Κλιματισμός, Εξαερισμός, Ηχομόνωση, Θερμομόνωση, Καλοριφέρ, έχει κουφώματα Αλουμινίου με Διπλά τζάμια, ενεργειακό πιστοποιητικό: Α και τα δάπεδα είναι: Πλακάκια. Η κατάστασή του είναι: Ανακαινισμένο, Φρεσκοβαμμένο, Καταπληκτική, βρίσκεται κοντά σε Μετρό, Συγκοινωνίες, Πάρκο, Σχολείο, Πλατεία, Εκκλησία, Παιδικό σταθμό, Λαική αγορά, Super Market, Εμπορικό Κέντρο, Κέντρο Πόλης, Μουσείο, Πανεπιστήμιο, Αγορά, Εστίαση, 700 Μέτρα από μετρό (Μετρό Αμπελοκήπων), έχει θέα Αστικό τοπίο. Το ακίνητο είναι Βαμμένο, Επιπλωμένο, Πολυτελές, είναι κατάλληλο για Φοιτητές, Επαγγελματικό, Βραχυχρόνια Μίσθωση και επίσης διαθέτει τα παρακάτω χαρακτηριστικά και πλεονεκτήματα: Σίτες, Ασανσέρ, Ηλεκτρ. Συσκευές, Πόρτα Ασφαλείας, Θυροτηλεόραση, Βεράντα. Οι πληροφορίες και τα χαρακτηριστικά των ακινήτων έχουν καταχωρηθεί βάσει των πληροφοριών και στοιχείων που μας προσκομίστηκαν. Η τοποθεσία του ακινήτου στον χάρτη είναι ενδεικτική. Η ενεργειακή κλάση των ακινήτων που είναι απαραίτητη η έκδοση ΠΕΑ μπορεί να διαφέρει από την αναγραφόμενη. Όλοι οι παρευρισκόμενοι κατά την υπόδειξη του ακινήτου είναι απαραίτητο να επιδείξουν την αστυνομική τους ταυτότητα και τον Α.Φ.Μ τους, σύμφωνα με τον Νόμο Ν.4072/2012 - ΦΕΚ 86/Α/11-4-2012. Τιμή: €850. Aspis Real Estate Αμπελοκήπων - Ψυχικού, Τηλέφωνο Επικοινωνίας: 2106910100, email: ampelokipoi@aspis-realestate.gr, website: www.aspisrealestate-ampelokipoi.gr",,,"0","1","2","0","0","2026-05-25","6","4","1","yes","yes","0","Αθήνα - Κέντρο (Αττική)","Γκύζη - Πεδίον Άρεως (Αθήνα - Κέντρο)","1","105103","100","6006","6129","Double","2","1","0","0","1","1219945866","https://m3.spitogatos.gr/354524984_1600x1200.jpg?v=20130730","https://m3.spitogatos.gr/354524990_1600x1200.jpg?v=20130730","https://m3.spitogatos.gr/354524996_1600x1200.jpg?v=20130730","https://m2.spitogatos.gr/354525001_1600x1200.jpg?v=20130730","https://m3.spitogatos.gr/354525005_1600x1200.jpg?v=20130730","https://m3.spitogatos.gr/354525008_1600x1200.jpg?v=20130730","https://m1.spitogatos.gr/354525012_1600x1200.jpg?v=20130730","https://m1.spitogatos.gr/354525015_1600x1200.jpg?v=20130730","https://m1.spitogatos.gr/354525018_1600x1200.jpg?v=20130730","https://m3.spitogatos.gr/354525023_1600x1200.jpg?v=20130730","https://m3.spitogatos.gr/354525026_1600x1200.jpg?v=20130730","https://m2.spitogatos.gr/354525028_1600x1200.jpg?v=20130730","https://m2.spitogatos.gr/354525031_1600x1200.jpg?v=20130730","https://m1.spitogatos.gr/354525036_1600x1200.jpg?v=20130730","https://m3.spitogatos.gr/354525041_1600x1200.jpg?v=20130730","https://m1.spitogatos.gr/354525045_1600x1200.jpg?v=20130730","https://m2.spitogatos.gr/354525049_1600x1200.jpg?v=20130730","https://m1.spitogatos.gr/354525054_1600x1200.jpg?v=20130730","https://m2.spitogatos.gr/354525058_1600x1200.jpg?v=20130730","https://m2.spitogatos.gr/354525061_1600x1200.jpg?v=20130730","https://m1.spitogatos.gr/354525066_1600x1200.jpg?v=20130730","https://m1.spitogatos.gr/354525069_1600x1200.jpg?v=20130730","https://m2.spitogatos.gr/354525073_1600x1200.jpg?v=20130730",,,"0","0","2","1","37.990093",,"1","1","23.750072",,"1","0",,"2026-05-25","0","0",,"0","0","1",,,"1","0","1",,"0","0","0","850",,,"0","0","0","0","11.04",,,"1","3","6","1","1","2020","0","1","2","0","1",,"0","77","0",,,"1","1","0","2026-05-25","https://www.spitogatos.gr/en/property/1219945866",,"1","0","1980",,
"0","Upper Ground","no","simple","1",,,,,"1","0","0","0","2001-11-25","0","0","1","1","1",,"false","house",,,"0","Ενοικίαση, Διαμέρισμα,  Μπάνια: 1,  Εμβαδόν: 90 τ.μ.,  Δωμάτια: 2,  Έτος κατασκευής: 1950,  Για φοιτητές,  Βεράντα,  Αποθήκη,  Όροφος: Ημιόροφος,  Κατάλληλο για Επαγγ. Χρήση,  Πρόσοψης,  Επιτρέπονται κατοικίδια,  Ανακαινισμένο,  Διαμπερές,  Βαμμένο,  Κουζίνες: 1,  Κουφώματα: Ξύλινα,  Τύπος δαπέδων: Μωσαϊκό,  Επιφάνεια oικοπέδου: 160 τ.μ.,  Θέρμανση: Αυτόνομη θέρμανση,  Μέσο θέρμανσης: Ρεύμα,  Πρόσβαση από: Άσφαλτο,  Ζώνη: Οικιστική ζώνη,  Ενεργειακή κλάση: Ζ,  Ρεύμα: Μονοφασικό,  Έτος Ανακαίνισης: 2025,  Απόσταση απο θάλασσα: 15000","15000","1",,"0","8","1","0","2025-11-21","4","5","1","no","no","0","Αθήνα - Κέντρο (Αττική)","Γκύζη - Πεδίον Άρεως (Αθήνα - Κέντρο)","1","105103","100","6006","6129",,"1","4","0","0","1","1218700989","https://m1.spitogatos.gr/335239779_1600x1200.jpg?v=20130730","https://m3.spitogatos.gr/335239784_1600x1200.jpg?v=20130730","https://m3.spitogatos.gr/335239790_1600x1200.jpg?v=20130730","https://m2.spitogatos.gr/335239795_1600x1200.jpg?v=20130730","https://m2.spitogatos.gr/335239801_1600x1200.jpg?v=20130730","https://m3.spitogatos.gr/335239808_1600x1200.jpg?v=20130730","https://m3.spitogatos.gr/335239814_1600x1200.jpg?v=20130730","https://m3.spitogatos.gr/335239820_1600x1200.jpg?v=20130730","https://m1.spitogatos.gr/335239824_1600x1200.jpg?v=20130730","https://m2.spitogatos.gr/335239828_1600x1200.jpg?v=20130730","https://m2.spitogatos.gr/335239834_1600x1200.jpg?v=20130730","https://m2.spitogatos.gr/335239837_1600x1200.jpg?v=20130730","https://m2.spitogatos.gr/335239840_1600x1200.jpg?v=20130730","https://m2.spitogatos.gr/335239843_1600x1200.jpg?v=20130730",,,,,,,,,,,,"0","0","1","1","37.989979",,"1","1","23.745712",,"0",,,"2025-11-21","0","0",,"0","0","1",,,"1","0","0","1","0","0","0","750",,,"0","0","0","0","8.33",,,"1","3","6","1","1","2025","0","1","2","0","0",,"0","90","1",,"Ιωάννου Βαρβάκη 5, Αθήνα 114 74, Ελλάδα","1","1","0","2025-11-21","https://www.spitogatos.gr/en/property/1218700989",,"0",,"1950",,"residential"
"1","3","no","simple","1",,,,,"1","0","0","0","2026-07-14","0","1","1","0","1","0",,"house","0","40","0","Διαμέρισμα Προς Ενοικίαση, όροφος: 3ος, στην περιοχή: Γκύζη - Πεδίον Άρεως. Το εμβαδόν του ακινήτου είναι 92 τ.μ.. Αποτελείται από: 2 Υ/Δ, 1 μπάνιο/α, 1 wc, 1 κουζίνα/ες, 1 σαλόνι/α. Έχει κατασκευαστεί το 1970 και ανακαινίστηκε το 2026. Η θέρμανση του ακινήτου είναι Κεντρική με Πετρέλαιο, ενώ επίσης διατίθεται Κλιματισμός, έχει κουφώματα Ξύλινα με Μονά τζάμια, ενεργειακό πιστοποιητικό: Α και τα δάπεδα είναι: Πλακάκια, Ξύλο, βρίσκεται κοντά σε Συγκοινωνίες, Πάρκο, Πλατεία, Super Market, Εστίαση. Το ακίνητο είναι Οροφοδιαμέρισμα, Βαμμένο, Προσόψεως, Φωτεινό, Ευάερο, Ευήλιο, Διαμπερές, είναι κατάλληλο για Φοιτητές, Επαγγελματικό, Συγκατοίκηση και επίσης διαθέτει τα παρακάτω χαρακτηριστικά και πλεονεκτήματα: Τέντες, Ασανσέρ, Πόρτα Ασφαλείας, Θυροτηλεόραση, Σύστημα Πυρόσβεσης, Πυροσβεστήρες, Επιτρέπονται Κατοικίδια. Ως εγγύηση ο ιδιοκτήτης ζητά 1 ενοίκιο και το τρέχον. Κατάλληλο και για επαγγελματική στέγη. Τιμή: €750. Lionbridge, Τηλέφωνο Επικοινωνίας: 2109969646, 6980980431, email: info@lionbridge.gr",,,"0","1","2","1","0","2026-07-14","8","10","1","no","no","0","Αθήνα - Κέντρο (Αττική)","Γκύζη - Πεδίον Άρεως (Αθήνα - Κέντρο)","1","105103","100","6006",,"Single","2","1","0","0","1","1220379025","https://m2.spitogatos.gr/361747027_1600x1200.jpg?v=20130730","https://m2.spitogatos.gr/361747030_1600x1200.jpg?v=20130730","https://m1.spitogatos.gr/361747044_1600x1200.jpg?v=20130730","https://m1.spitogatos.gr/361747047_1600x1200.jpg?v=20130730","https://m2.spitogatos.gr/361747051_1600x1200.jpg?v=20130730","https://m3.spitogatos.gr/361747055_1600x1200.jpg?v=20130730","https://m1.spitogatos.gr/361747059_1600x1200.jpg?v=20130730","https://m3.spitogatos.gr/361747061_1600x1200.jpg?v=20130730","https://m2.spitogatos.gr/361747066_1600x1200.jpg?v=20130730","https://m3.spitogatos.gr/361747079_1600x1200.jpg?v=20130730","https://m3.spitogatos.gr/361747085_1600x1200.jpg?v=20130730","https://m1.spitogatos.gr/361747089_1600x1200.jpg?v=20130730","https://m2.spitogatos.gr/361747102_1600x1200.jpg?v=20130730","https://m3.spitogatos.gr/361747106_1600x1200.jpg?v=20130730","https://m1.spitogatos.gr/361747110_1600x1200.jpg?v=20130730","https://m1.spitogatos.gr/361747122_1600x1200.jpg?v=20130730","https://m1.spitogatos.gr/361747128_1600x1200.jpg?v=20130730","https://m3.spitogatos.gr/361747133_1600x1200.jpg?v=20130730","https://m3.spitogatos.gr/361747139_1600x1200.jpg?v=20130730","https://m1.spitogatos.gr/361747143_1600x1200.jpg?v=20130730","https://m1.spitogatos.gr/361747164_1600x1200.jpg?v=20130730","https://m2.spitogatos.gr/361747168_1600x1200.jpg?v=20130730",,,,"0","0","1","1","37.99329",,"1","1","23.747833",,"0","0","0","2026-07-14","0","0",,"0","1","1",,,"1","0","0","1","0","0","0","750",,,"0","0","0","0","8.15",,,"1","3","6","1","0",,"0",,"2","0","1",,"0","92","0",,,"1","1","0","2026-07-14","https://www.spitogatos.gr/en/property/1220379025",,"0","1","1970",,"residential"
"1","3","no","simple","1",,,,,"0","0","0","0","2026-07-09","0","0","1","0","1","0",,"house","0","50","0","Διαμέρισμα Προς Ενοικίαση, όροφος: 3ος, στην περιοχή: Γκύζη - Πεδίον Άρεως. Το εμβαδόν του ακινήτου είναι 104 τ.μ.. Αποτελείται από: 5 Υ/Δ, 1 μπάνιο/α, 1 wc, 1 κουζίνα/ες, 1 σαλόνι/α. Έχει κατασκευαστεί το 1971 και ανακαινίστηκε το 2022. Η θέρμανση του ακινήτου είναι Κεντρική με Φυσικό αέριο, ενώ επίσης διατίθεται Κλιματισμός, Ηλιακός, έχει κουφώματα Συνθετικά με Διπλά τζάμια, ενεργειακό πιστοποιητικό: Β και τα δάπεδα είναι: Πλακάκια, Ξύλο, Μάρμαρο. Η κατάστασή του είναι: Ανακαινισμένο, βρίσκεται κοντά σε Συγκοινωνίες, Πάρκο, Πλατεία, Super Market, Εστίαση. Το ακίνητο είναι Επιπλωμένο, Εσωτερικό, Φωτεινό, Ευάερο, Ευήλιο, είναι κατάλληλο για Φοιτητές, Συγκατοίκηση και επίσης διαθέτει τα παρακάτω χαρακτηριστικά και πλεονεκτήματα: Ασανσέρ, Ηλεκτρ. Συσκευές, Πόρτα Ασφαλείας, Κάμερες Ασφαλείας, Πυροσβεστήρες, Ανιχνευτής καπνού, Internet. Ως εγγύηση ο ιδιοκτήτης ζητά 2 ενοίκια και το τρέχον. Τα κατοικίδια δεν είναι ευπρόσδεκτα.Στην τιμή συμπεριλαμβάνεται το ίντερνετ . Τιμή: €890. Lionbridge, Τηλέφωνο Επικοινωνίας: 2109969646, 6980980431, email: info@lionbridge.gr",,,"0","1","4","0","0","2026-07-09","8","6","0","yes","no","0","Αθήνα - Κέντρο (Αττική)","Γκύζη - Πεδίον Άρεως (Αθήνα - Κέντρο)","1","105103","100","6006",,"Double","2","2","0","0","1","1220342438","https://m2.spitogatos.gr/361082482_1600x1200.jpg?v=20130730","https://m1.spitogatos.gr/361082484_1600x1200.jpg?v=20130730","https://m3.spitogatos.gr/361082501_1600x1200.jpg?v=20130730","https://m1.spitogatos.gr/361082502_1600x1200.jpg?v=20130730","https://m2.spitogatos.gr/361082509_1600x1200.jpg?v=20130730","https://m3.spitogatos.gr/361082510_1600x1200.jpg?v=20130730","https://m1.spitogatos.gr/361082523_1600x1200.jpg?v=20130730","https://m1.spitogatos.gr/361082538_1600x1200.jpg?v=20130730","https://m2.spitogatos.gr/361082539_1600x1200.jpg?v=20130730","https://m1.spitogatos.gr/361082541_1600x1200.jpg?v=20130730","https://m1.spitogatos.gr/361082550_1600x1200.jpg?v=20130730","https://m3.spitogatos.gr/361082552_1600x1200.jpg?v=20130730","https://m1.spitogatos.gr/361082553_1600x1200.jpg?v=20130730","https://m2.spitogatos.gr/361082554_1600x1200.jpg?v=20130730","https://m3.spitogatos.gr/361082555_1600x1200.jpg?v=20130730","https://m1.spitogatos.gr/361082556_1600x1200.jpg?v=20130730","https://m2.spitogatos.gr/361082557_1600x1200.jpg?v=20130730","https://m3.spitogatos.gr/361082558_1600x1200.jpg?v=20130730","https://m1.spitogatos.gr/361082559_1600x1200.jpg?v=20130730","https://m3.spitogatos.gr/361082561_1600x1200.jpg?v=20130730","https://m1.spitogatos.gr/361082562_1600x1200.jpg?v=20130730","https://m2.spitogatos.gr/361082563_1600x1200.jpg?v=20130730",,,,"0","0","3","1","37.992428",,"1","1","23.750399",,"0","0","0","2026-07-09","0","0",,"0","1","1",,,"0","0","0",,"0","0","0","890",,,"0","0","0","0","8.56",,,"1","3","6","1","1","2022","0",,"5","0","1",,"1","104","0",,,"1","1","0","2026-07-09","https://www.spitogatos.gr/en/property/1220342438",,"0","0","1971",,"residential"
"1","1","no","simple","1",,,,,"1","0","0","0","2026-07-21","0","0","1","8","1","0","false","house","0","40","0","Κωδικός Ακινήτου: #12594<br><br />
Στην καρδιά των Αμπελοκήπων διατίθεται προς ενοικίαση εξαιρετικό νεόδμητο, διαμπερές διαμέρισμα 77 τ.μ., στον 1ο όροφο σύγχρονης πολυκατοικίας με ανελκυστήρα. Κατασκευής 2024, το ακίνητο ξεχωρίζει για τη σύγχρονη αισθητική, την άριστη ποιότητα κατασκευής και τη λειτουργική του διαρρύθμιση. Αποτελείται από φωτεινό σαλόνι, σύγχρονη κουζίνα, δύο άνετα υπνοδωμάτια και ένα μοντέρνο μπάνιο, προσφέροντας ιδανικές συνθήκες διαβίωσης για ζευγάρια, οικογένειες ή επαγγελματίες. Διαθέτει αυτόνομη θέρμανση φυσικού αερίου, κλιματισμό, ηλιακό θερμοσίφωνα, ενεργειακά κουφώματα αλουμινίου με διπλά τζάμια, ηλεκτρικά ρολά, θωρακισμένη πόρτα ασφαλείας, θυροτηλεόραση και δάπεδα από πλακάκι, εξασφαλίζοντας υψηλό επίπεδο άνεσης, ασφάλειας και ενεργειακής απόδοσης. Η προνομιακή του τοποθεσία, σε μικρή απόσταση από το κέντρο και με εύκολη πρόσβαση σε μέσα μεταφοράς, αγορά και καθημερινές υπηρεσίες, το καθιστά ιδανική επιλογή για όσους αναζητούν μια σύγχρονη κατοικία σε μία από τις πλέον δημοφιλείς περιοχές της Αθήνας.<br><br />
 <br><br />
Τιμή ενοικίασης: 950€ | Κωδικός Ακινήτου: #12594<br><br />
 <br><br />
 <br><br />
ΚΑΤΑ ΤΗΝ ΥΠΟΔΕΙΞΗ ΤΟΥ ΑΚΙΝΗΤΟΥ ΑΠΑΙΤΕΙΤΑΙ ΝΑ ΓΙΝΕΤΑΙ ΕΠΙΔΕΙΞΗ ΤΗΣ ΑΣΤΥΝΟΜΙΚΗΣ ΣΑΣ ΤΑΥΤΟΤΗΤΑΣ ΣΥΜΦΩΝΑ ΜΕ ΤΟΝ Ν.4072/11-04-2012 Φ.Ε.Κ 86Α<br /><br />ΤΑ ΣΤΟΙΧΕΙΑ ΤΩΝ ΑΚΙΝΗΤΩΝ ΕΙΝΑΙ ΚΑΤΑ ΔΗΛΩΣΗ ΤΟΥ ΙΔΙΟΚΤΗΤΗ<br /><br />ΑΚΙΝΗΤΑ ΑΠΟΚΛΕΙΣΤΙΚΗΣ ΔΙΑΘΕΣΗΣ ΜΕ ΦΩΤΟΓΡΑΦΙΕΣ ΠΟΥ ΔΙΑΧΕΙΡΙΖΕΤΑΙ Η ΕΤΑΙΡΙΑ ΜΑΣ ΘΑ ΒΡΕΙΤΕ ΣΤΗΝ ΙΣΤΟΣΕΛΙΔΑ ΜΑΣ<br /><br /> ►WEBSITE: www.tzelihome.gr<br /><br /> ✔ ΓΙΑ ΤΗΝ ΚΑΛΥΤΕΡΗ ΕΞΥΠΗΡΕΤΗΣΗ ΣΑΣ ΧΡΗΣΙΜΟΠΟΙΕΙΣΤΕ ΤΟΝ ΚΩΔΙΚΟ ΑΚΙΝΗΤΟΥ ΠΟΥ ΑΝΑΓΡΑΦΕΤΑΙ ΣΤΗΝ ΠΕΡΙΓΡΑΦΗ<br /> ✔ Η ΔΙΕΥΘΥΝΣΗ ΣΤΟΝ ΧΑΡΤΗ ΕΧΕΙ ΤΟΠΟΘΕΤΗΘΕΙ ΚΑΤΑ ΠΡΟΣΕΓΓΙΣΗ<br /> ✔ ΟΙ ΑΚΡΙΒΕΙΣ ΠΛΗΡΟΦΟΡΙΕΣ ΤΗΣ ΔΙΕΥΘΥΝΣΗΣ ΠΑΡΕΧΟΝΤΑΙ ΣΤΗΝ ΥΠΟΔΕΙΞΗ ΤΟΥ ΑΚΙΝΗΤΟΥ<br /><br /> ΜΕΣΙΤΙΚΟ ΓΡΑΦΕΙΟ TZELI HOME<br /> ΥΜΗΤΤΟΥ 41 , ΚΑΙΣΑΡΙΑΝΗ , ΤΚ 16121<br /><br /> ΕΠΙΚΟΙΝΩΝΗΣΤΕ ΜΑΖΙ ΜΑΣ:<br /> ►WEBSITE : www.tzelihome.gr<br /> ►E-MAIL : tzelihome@gmail.com<br /> ►ΚΙΝΗΤΟ : 6906.062.919 <br /> ►ΤΗΛΕΦΩΝΟ : 211.001.4573 & 211.001.4574<br>","16000",,"0","1","1","0","0","2026-07-21","6","4","0","no","no","0","Αθήνα - Κέντρο (Αττική)","Γκύζη - Πεδίον Άρεως (Αθήνα - Κέντρο)","1","105103","100","6006","6129","Double","1","2","0","0","1","1220433223","https://m2.spitogatos.gr/362584555_1600x1200.jpg?v=20130730","https://m1.spitogatos.gr/362584557_1600x1200.jpg?v=20130730","https://m3.spitogatos.gr/362584559_1600x1200.jpg?v=20130730","https://m2.spitogatos.gr/362584561_1600x1200.jpg?v=20130730","https://m1.spitogatos.gr/362584563_1600x1200.jpg?v=20130730","https://m3.spitogatos.gr/362584565_1600x1200.jpg?v=20130730","https://m2.spitogatos.gr/362584567_1600x1200.jpg?v=20130730","https://m1.spitogatos.gr/362584569_1600x1200.jpg?v=20130730","https://m3.spitogatos.gr/362584571_1600x1200.jpg?v=20130730","https://m2.spitogatos.gr/362584573_1600x1200.jpg?v=20130730","https://m3.spitogatos.gr/362584574_1600x1200.jpg?v=20130730","https://m1.spitogatos.gr/362584575_1600x1200.jpg?v=20130730","https://m3.spitogatos.gr/362584586_1600x1200.jpg?v=20130730","https://m1.spitogatos.gr/362584587_1600x1200.jpg?v=20130730","https://m2.spitogatos.gr/362584588_1600x1200.jpg?v=20130730","https://m3.spitogatos.gr/362584589_1600x1200.jpg?v=20130730","https://m1.spitogatos.gr/362584590_1600x1200.jpg?v=20130730","https://m2.spitogatos.gr/362584591_1600x1200.jpg?v=20130730","https://m3.spitogatos.gr/362584592_1600x1200.jpg?v=20130730",,,,,,,"0","0","2","1","37.989536",,"1","1","23.751289",,"0","0","0","2026-07-23","0","0","1","0","0","1",,"11","1","0","0",,"0","0","0","950",,,"0","0","0","0","12.34",,,"1","3","6","1","0",,"0","1","2","0","1",,"1","77","0",,,"0","1","0","2026-07-21","https://www.spitogatos.gr/en/property/1220433223",,"0",,"2024","6eZaAszuE9g","residential"
"1","1","no","simple","1",,,,,"0","0","0","0","2026-07-15","0","1","1","0","1","0",,"house","0",,"0","Διαμέρισμα Προς Ενοικίαση, όροφος: 1ος, στην περιοχή: Γκύζη - Πεδίον Άρεως. Το εμβαδόν του ακινήτου είναι 90 τ.μ.. Αποτελείται από: 2 Υ/Δ, 1 μπάνιο/α, 1 κουζίνα/ες, 1 σαλόνι/α. Έχει κατασκευαστεί το 2007 και ανακαινίστηκε το 2026. Η θέρμανση του ακινήτου είναι Αυτόνομη με Φυσικό αέριο, ενώ επίσης διατίθεται Κλιματισμός, έχει κουφώματα Αλουμινίου με Διπλά τζάμια, ενεργειακό πιστοποιητικό: Β και τα δάπεδα είναι: Πλακάκια. Η κατάστασή του είναι: Νεόδμητο, βρίσκεται κοντά σε Μετρό, Συγκοινωνίες, Πλατεία, Super Market, Εστίαση. Το ακίνητο είναι Βαμμένο, Επιπλωμένο, Προσόψεως, Φωτεινό, Ευάερο, Ευήλιο, είναι κατάλληλο για Φοιτητές, Συγκατοίκηση και επίσης διαθέτει τα παρακάτω χαρακτηριστικά και πλεονεκτήματα: Σίτες, Τέντες, Ασανσέρ, Ηλεκτρ. Συσκευές, Πόρτα Ασφαλείας, Θυροτηλεόραση, Επιτρέπονται Κατοικίδια. Ως εγγύηση ο ιδιοκτήτης ζητά 2 ενοίκια και το τρέχον. Τιμή: €880. Lionbridge, Τηλέφωνο Επικοινωνίας: 2109969646, 6980980431, email: info@lionbridge.gr",,,"0","1","4","1","1","2026-07-15","6","4","0","yes","no","0","Αθήνα - Κέντρο (Αττική)","Γκύζη - Πεδίον Άρεως (Αθήνα - Κέντρο)","1","105103","100","6006",,"Double","1","2","0","0","1","1220392246","https://m2.spitogatos.gr/361938586_1600x1200.jpg?v=20130730","https://m2.spitogatos.gr/361938589_1600x1200.jpg?v=20130730","https://m1.spitogatos.gr/361938591_1600x1200.jpg?v=20130730","https://m1.spitogatos.gr/361938594_1600x1200.jpg?v=20130730","https://m3.spitogatos.gr/361938596_1600x1200.jpg?v=20130730","https://m2.spitogatos.gr/361938598_1600x1200.jpg?v=20130730","https://m2.spitogatos.gr/361938601_1600x1200.jpg?v=20130730","https://m3.spitogatos.gr/361938605_1600x1200.jpg?v=20130730","https://m2.spitogatos.gr/361938607_1600x1200.jpg?v=20130730","https://m1.spitogatos.gr/361938609_1600x1200.jpg?v=20130730","https://m2.spitogatos.gr/361938622_1600x1200.jpg?v=20130730","https://m1.spitogatos.gr/361938624_1600x1200.jpg?v=20130730","https://m3.spitogatos.gr/361938626_1600x1200.jpg?v=20130730","https://m2.spitogatos.gr/361938628_1600x1200.jpg?v=20130730","https://m3.spitogatos.gr/361938629_1600x1200.jpg?v=20130730","https://m1.spitogatos.gr/361938630_1600x1200.jpg?v=20130730","https://m1.spitogatos.gr/361938633_1600x1200.jpg?v=20130730","https://m2.spitogatos.gr/361938634_1600x1200.jpg?v=20130730","https://m2.spitogatos.gr/361938637_1600x1200.jpg?v=20130730","https://m3.spitogatos.gr/361938638_1600x1200.jpg?v=20130730","https://m2.spitogatos.gr/361938640_1600x1200.jpg?v=20130730","https://m2.spitogatos.gr/361938643_1600x1200.jpg?v=20130730","https://m3.spitogatos.gr/361938647_1600x1200.jpg?v=20130730",,,"0","0","2","1","37.991001",,"1","1","23.75131",,"0","0","0","2026-07-15","0","0",,"0","0","1",,,"1","0","1","1","0","0","0","880",,,"0","0","0","0","9.78",,,"1","3","6","1","0",,"0",,"2","0","1",,"0","90","0",,,"1","1","0","2026-07-15","https://www.spitogatos.gr/en/property/1220392246",,"0","0","2007",,"residential"
"1","2","no","simple","1",,,,,"0","0","0","0","2026-04-06","0","0","1","0","1","0",,"house","0",,"0","Διαμέρισμα Προς Ενοικίαση, όροφος: 2ος, στην περιοχή: Γκύζη - Πεδίον Άρεως - Γκύζη - Άρειος Πάγος. Το εμβαδόν του ακινήτου είναι 56 τ.μ.. Αποτελείται από: 1 Υ/Δ, 1 μπάνιο/α, 1 κουζίνα/ες, 1 σαλόνι/α. Έχει κατασκευαστεί το 1979. Η θέρμανση του ακινήτου είναι Κεντρική με Πετρέλαιο, ενώ επίσης διατίθεται Κλιματισμός, έχει κουφώματα Ξύλινα με Μονά τζάμια, ενεργειακό πιστοποιητικό: Ε και τα δάπεδα είναι: Ξύλο, Μάρμαρο. Η κατάστασή του είναι: Φρεσκοβαμμένο, βρίσκεται κοντά σε Συγκοινωνίες, Κέντρο Πόλης, έχει θέα Ανοιχτωσιά. Το ακίνητο είναι Βαμμένο, Προσόψεως, Φωτεινό και επίσης διαθέτει τα παρακάτω χαρακτηριστικά και πλεονεκτήματα: Ασανσέρ, Πόρτα Ασφαλείας. Τιμή: €600. The Address, Τηλέφωνο Επικοινωνίας: 6936618766, email: info@theaddress.gr",,,"0","1","7","1","0","2026-04-06","7","6","0","no","no","0","Αθήνα - Κέντρο (Αττική)","Γκύζη - Πεδίον Άρεως (Αθήνα - Κέντρο)","1","105103","100","6006","2010","Single","2","1","0","0","1","1219675159","https://m3.spitogatos.gr/349834358_1600x1200.jpg?v=20130730","https://m3.spitogatos.gr/349834361_1600x1200.jpg?v=20130730","https://m1.spitogatos.gr/349834365_1600x1200.jpg?v=20130730","https://m3.spitogatos.gr/349834367_1600x1200.jpg?v=20130730","https://m1.spitogatos.gr/349834371_1600x1200.jpg?v=20130730","https://m3.spitogatos.gr/349834373_1600x1200.jpg?v=20130730","https://m1.spitogatos.gr/349834377_1600x1200.jpg?v=20130730","https://m3.spitogatos.gr/349834379_1600x1200.jpg?v=20130730","https://m2.spitogatos.gr/349834381_1600x1200.jpg?v=20130730","https://m2.spitogatos.gr/349834384_1600x1200.jpg?v=20130730","https://m1.spitogatos.gr/349834386_1600x1200.jpg?v=20130730","https://m1.spitogatos.gr/349834389_1600x1200.jpg?v=20130730","https://m2.spitogatos.gr/349834390_1600x1200.jpg?v=20130730","https://m2.spitogatos.gr/349834393_1600x1200.jpg?v=20130730","https://m1.spitogatos.gr/349834395_1600x1200.jpg?v=20130730","https://m1.spitogatos.gr/349834398_1600x1200.jpg?v=20130730","https://m3.spitogatos.gr/349834400_1600x1200.jpg?v=20130730","https://m3.spitogatos.gr/349834403_1600x1200.jpg?v=20130730","https://m2.spitogatos.gr/349834405_1600x1200.jpg?v=20130730","https://m1.spitogatos.gr/349834407_1600x1200.jpg?v=20130730","https://m1.spitogatos.gr/349834410_1600x1200.jpg?v=20130730","https://m3.spitogatos.gr/349834412_1600x1200.jpg?v=20130730",,,,"0","0","1","1","37.994965","0","1","1","23.746286",,"0","0","0","2026-07-26","0","0",,"0","0","1",,,"1","0","0",,"0","0","0","600",,,"0","0","0","0","10.71",,,"1","3","6","1","0",,"0","1","1","0","1",,"0","56","0",,,"0","1","0","2026-04-06","https://www.spitogatos.gr/en/property/1219675159",,"1","0","1979",,"residential"
"0","1","yes","simple","1",,,,,"0","0","0","0","2025-10-13","0","0","0","0","0",,"false","house",,"50","0","Ενοικίαση, Διαμέρισμα,  Μπάνια: 1,  Εμβαδόν: 78 τ.μ.,  Δωμάτια: 2,  Έτος κατασκευής: 1995,  Για φοιτητές,  Θέα,  Ασανσέρ,  Εσωτερική σκάλα,  Πόρτα ασφαλείας,  Αποθήκη,  Θέση στάθμευσης,  Όροφος: 1ος,  Κατάλληλο για Επαγγ. Χρήση,  Πρόσοψης,  Επιτρέπονται κατοικίδια,  Ανακαινισμένο,  Κουζίνες: 1,  Κουφώματα: Αλουμινίου,  Τύπος δαπέδων: Πλακάκι,  Επιφάνεια oικοπέδου: 205 τ.μ.,  Πρόσβαση για ΑΜΕΑ,  Θέρμανση: Αυτόνομη θέρμανση,  Μέσο θέρμανσης: Πετρέλαιο,  Πρόσβαση από: Άσφαλτο,  Ζώνη: Οικιστική ζώνη,  Νυχτερινό ρεύμα,  Ενεργειακή κλάση: Ε,  Προσανατολισμός: Ανατολικός,  Έτος Ανακαίνισης: 2020,  Απόσταση απο θάλασσα: 10000,  Μηνιαία κοινόχρηστα: 50","10000","0",,"1","7","1","0","2025-09-25","6","4","1","no","yes","0","Αθήνα - Κέντρο (Αττική)","Γκύζη - Πεδίον Άρεως (Αθήνα - Κέντρο)","1","105103","100","6006","6129",,"1","1","0","0","1","1218302132","https://m1.spitogatos.gr/330269412_1600x1200.jpg?v=20130730","https://m2.spitogatos.gr/330269413_1600x1200.jpg?v=20130730","https://m3.spitogatos.gr/330269414_1600x1200.jpg?v=20130730","https://m1.spitogatos.gr/330269415_1600x1200.jpg?v=20130730","https://m2.spitogatos.gr/330269416_1600x1200.jpg?v=20130730","https://m3.spitogatos.gr/330269417_1600x1200.jpg?v=20130730","https://m1.spitogatos.gr/330269418_1600x1200.jpg?v=20130730","https://m2.spitogatos.gr/330269419_1600x1200.jpg?v=20130730","https://m3.spitogatos.gr/330269420_1600x1200.jpg?v=20130730","https://m1.spitogatos.gr/330269421_1600x1200.jpg?v=20130730","https://m3.spitogatos.gr/330269423_1600x1200.jpg?v=20130730","https://m3.spitogatos.gr/330269426_1600x1200.jpg?v=20130730","https://m2.spitogatos.gr/330269428_1600x1200.jpg?v=20130730","https://m1.spitogatos.gr/330269430_1600x1200.jpg?v=20130730","https://m3.spitogatos.gr/330269432_1600x1200.jpg?v=20130730","https://m2.spitogatos.gr/330269434_1600x1200.jpg?v=20130730","https://m1.spitogatos.gr/330269436_1600x1200.jpg?v=20130730","https://m1.spitogatos.gr/330269439_1600x1200.jpg?v=20130730","https://m1.spitogatos.gr/330269442_1600x1200.jpg?v=20130730","https://m1.spitogatos.gr/330269445_1600x1200.jpg?v=20130730","https://m3.spitogatos.gr/330269447_1600x1200.jpg?v=20130730",,,,,"1","0","2","1","37.989433",,"1","0","23.749363",,"0",,,"2025-10-13","0","0",,"1","0","1",,"1","0","0","0","1","0","0","0","850",,,"0","0","0","0","10.9",,,"1","3","6","1","1","2020","0","1","2","0","1",,"0","78","1",,"","1","1","0","2025-09-25","https://www.spitogatos.gr/en/property/1218302132",,"1",,"1995",,"residential"
"1","3","no","simple","1",,,,,"1","0","0","0","2026-07-24","0","1","0","0","1","0",,"house","0",,"0","ID.2533620 - Διαμέρισμα Προς Ενοικίαση, όροφος: 3ος, στην περιοχή: Γκύζη - Πεδίον Άρεως -Πεδίο Άρεως. Το εμβαδόν του ακινήτου είναι 92 τ.μ.. Αποτελείται από: 2 Υ/Δ 1 μπάνιο/α, 1 wc, 1κουζίνα/ες, 1 σαλόνι/α. Έχει κατασκευαστεί το 1970 και ανακαινίστηκε το 2026. Η θέρμανση του ακινήτου είναι Κεντρική με Πετρέλαιο, ενώ επίσης διατίθεται Κλιματισμός, έχει κουφώματα Αλουμινίου με Διπλά τζάμια, ενεργειακό πιστοποιητικό: Α και τα δάπεδα είναι: Πλακάκια, Ξύλο, βρίσκεται κοντά σε Συγκοινωνίες, Σχολείο, Super Market, έχει θέα Ανοιχτωσιά. Το ακίνητο είναι Προσόψεως, Φωτεινό, Ευάερο, Διαμπερές και επίσης διαθέτει τα παρακάτω χαρακτηριστικά και πλεονεκτήματα: Σίτες, Τέντες, Ασανσέρ, Πόρτα Ασφαλείας. Οι πληροφορίες και τα χαρακτηριστικά των ακινήτων έχουν καταχωρηθεί βάσει των πληροφοριών και στοιχείων που μας προσκομίστηκαν. Η τοποθεσία του ακινήτου στον χάρτη είναι ενδεικτική. Η ενεργειακή κλάση των ακινήτων που είναι απαραίτητη η έκδοση ΠΕΑ μπορεί να διαφέρει από την αναγραφόμενη. Όλοι οι παρευρισκόμενοι κατά την υπόδειξη του ακινήτου είναι απαραίτητο να επιδείξουν την αστυνομική τους ταυτότητα και τον Α.Φ.Μ τους, σύμφωνα με τον Νόμο Ν.4072/2012 - ΦΕΚ 86/Α/11-4-2012. Τιμή: €750. Aspis Real Estate Αμπελοκήπων - Ψυχικού, Τηλέφωνο Επικοινωνίας: 2106910100, email: ampelokipoi@aspis-realestate.gr, website: www.aspisrealestate-ampelokipoi.gr",,,"0","1","2","1","0","2026-07-24","8","10","0","no","no","0","Αθήνα - Κέντρο (Αττική)","Γκύζη - Πεδίον Άρεως (Αθήνα - Κέντρο)","1","105103","100","6006","2010","Double","2","1","0","0","1","1220480179","https://m2.spitogatos.gr/363111211_1600x1200.jpg?v=20130730","https://m3.spitogatos.gr/363111215_1600x1200.jpg?v=20130730","https://m3.spitogatos.gr/363111221_1600x1200.jpg?v=20130730","https://m3.spitogatos.gr/363111224_1600x1200.jpg?v=20130730","https://m1.spitogatos.gr/363111228_1600x1200.jpg?v=20130730","https://m1.spitogatos.gr/363111231_1600x1200.jpg?v=20130730","https://m3.spitogatos.gr/363111236_1600x1200.jpg?v=20130730","https://m2.spitogatos.gr/363111241_1600x1200.jpg?v=20130730","https://m3.spitogatos.gr/363111245_1600x1200.jpg?v=20130730","https://m2.spitogatos.gr/363111250_1600x1200.jpg?v=20130730","https://m1.spitogatos.gr/363111255_1600x1200.jpg?v=20130730","https://m2.spitogatos.gr/363111265_1600x1200.jpg?v=20130730","https://m2.spitogatos.gr/363111268_1600x1200.jpg?v=20130730","https://m3.spitogatos.gr/363111272_1600x1200.jpg?v=20130730","https://m2.spitogatos.gr/363111280_1600x1200.jpg?v=20130730","https://m3.spitogatos.gr/363111284_1600x1200.jpg?v=20130730","https://m3.spitogatos.gr/363111287_1600x1200.jpg?v=20130730","https://m1.spitogatos.gr/363111291_1600x1200.jpg?v=20130730","https://m1.spitogatos.gr/363111294_1600x1200.jpg?v=20130730","https://m1.spitogatos.gr/363111297_1600x1200.jpg?v=20130730","https://m1.spitogatos.gr/363111300_1600x1200.jpg?v=20130730",,,,,"0","0","2","1","37.992874",,"1","1","23.746822",,"0","0","0","2026-07-24","0","0",,"0","1","1",,,"0","0","1",,"0","0","0","750",,,"0","0","0","0","8.15",,,"1","3","6","1","0",,"0","1","2","0","1",,"0","92","0",,,"0","1","0","2026-07-24","https://www.spitogatos.gr/en/property/1220480179",,"1","0","1970",,"residential"
"0","3","no","simple","1",,,,,"0","0","0","0","2026-07-07","0","0","0","0","0","0",,"house",,,"0","<br>Ενοικιάζεται πλήρως  επιπλωμένο διαμέρισμα, 49 τ.μ. 3ου ορόφου ανακαινισμένο, στην περιοχή Γκύζη - Πεδίον Άρεως, Γκύζη - Άρειος Πάγος, με ασανσέρ, κατασκευής 1973, <br>1400 μ. από το Σταθμό Μετρό Αμπελόκηποι και κοντά σε μεγάλα Νοσοκομεία των Αθηνών. <br>  Αποτελείται από χώλ, υπνοδωμάτιο και σαλόνι με μπαλκόνι στην πίσω πλευρά, κουζίνα με παράθυρο σε φωταγωγό, μεγάλο μπάνιο με παράθυρο σε φωταγωγό, <br>   Διαθέτει κεντρική θέρμανση πετρελαίου, (κάθε απόγευμα για 4 ώρες), ντουλάπα διαδρόμου, πατάρι, ξύλινα κουφώματα και δάπεδα από ξύλο - μωσαϊκό και εξοπλισμένο με όλες τις ηλεκτρικές συσκευές. <br>  Τιμή ενοικίασης: 480€/μήνα.    Μέσος όρος κοινόχρηστων: 25€/μήνα (10€ το καλοκαίρι και 40€ περίπου το χειμώνα). <br>    Kouniaki Real Estate  Κρόνου 19-21, Παλαιό Φάληρο<br>  https://kouniaki-estate.gr/  kouniaki@gmail.com  Τηλέφωνο: 2121016280    Προσοχή! Για την υπόδειξη του ακινήτου είναι απαραίτητη η υπόδειξη της αστυνομικής ταυτότητας και του Α.Φ.Μ. σας σύμφωνα με τον Ν.4072/11-4-2012 ΦΕΚ 86 Α.   <br>Για περισσότερα ακίνητα επισκεφθείτε την ιστοσελίδα μας: <br />
https://kouniaki-estate.gr/ A. Kouniaki Estate <br />
Κρόνου 19-21, Παλαιό Φάληρο<br />
https://www.kouniaki-estate.gr info@kouniaki-estate.gr <br />
Τηλέφωνα: 212 1016280 <br />
<br />
Προσοχή! Για την υπόδειξη του ακινήτου είναι απαραίτητη η υπόδειξη της αστυνομικής ταυτότητας και του Α.Φ.Μ. σας σύμφωνα με τον Ν.4072/11-4-2012 ΦΕΚ 86 Α.",,,,"0","7","0","0","2026-07-07","8",,"0","no","no","0","Αθήνα - Κέντρο (Αττική)","Γκύζη - Πεδίον Άρεως (Αθήνα - Κέντρο)","1","105103","100","6006","6129","Single","2","2","0","0","1","1220324050","https://m2.spitogatos.gr/360799990_1600x1200.jpg?v=20130730","https://m3.spitogatos.gr/360799994_1600x1200.jpg?v=20130730","https://m1.spitogatos.gr/360800019_1600x1200.jpg?v=20130730","https://m2.spitogatos.gr/360800020_1600x1200.jpg?v=20130730","https://m1.spitogatos.gr/360800022_1600x1200.jpg?v=20130730","https://m3.spitogatos.gr/360800024_1600x1200.jpg?v=20130730","https://m2.spitogatos.gr/360800026_1600x1200.jpg?v=20130730","https://m3.spitogatos.gr/360800027_1600x1200.jpg?v=20130730","https://m2.spitogatos.gr/360800029_1600x1200.jpg?v=20130730","https://m1.spitogatos.gr/360800031_1600x1200.jpg?v=20130730","https://m3.spitogatos.gr/360800033_1600x1200.jpg?v=20130730","https://m3.spitogatos.gr/360800036_1600x1200.jpg?v=20130730","https://m1.spitogatos.gr/360800040_1600x1200.jpg?v=20130730","https://m1.spitogatos.gr/360800043_1600x1200.jpg?v=20130730","https://m1.spitogatos.gr/360800046_1600x1200.jpg?v=20130730","https://m1.spitogatos.gr/360800049_1600x1200.jpg?v=20130730","https://m1.spitogatos.gr/360800052_1600x1200.jpg?v=20130730","https://m3.spitogatos.gr/360800054_1600x1200.jpg?v=20130730","https://m1.spitogatos.gr/360800055_1600x1200.jpg?v=20130730","https://m2.spitogatos.gr/360800056_1600x1200.jpg?v=20130730","https://m3.spitogatos.gr/360800057_1600x1200.jpg?v=20130730",,,,,"0","0","1","1","37.99136",,,"1","23.744661",,"0",,,"2026-07-07","0","0",,"0","0","1",,,"0","0","0",,"0","0","0","480",,,"0","0","0","0","9.8",,,"1","3","6","1","0",,"0","7","1","0","0",,"0","49","0",,"","0","1","0","2026-07-07","https://www.spitogatos.gr/en/property/1220324050",,"0","0","1973","2mDXrIk0kXU","residential"
"1","3","no","simple","1",,,,,"0","0","0","0","2026-07-15","0","1","1","0","1",,"true","house",,"35","0","Πλήρως ανακαινισμένο και ιδιαίτερα προσεγμένο διαμέρισμα 86 τ.μ. στον 3ο όροφο πολυτελούς πολυκατοικίας με θυρωρό, στο Πεδίον του Άρεως ένα από τα μεγαλύτερα πάρκα της ιστορικής Αθήνας.<br />
Αποτελείται από ευρύχωρο σαλόνι με τραπεζαρία, άνετο υπνοδωμάτιο, λειτουργική κουζίνα και σύγχρονο μπάνιο. Έχει δάπεδο παρκέ και μάρμαρο. Διαθέτει αυτονομία θέρμανσης με φυσικό αέριο, κλιματισμό και νέα ενεργειακά κουφώματα τα οποία είναι μη διαπερατά και προσφέρουν επιπλέον ιδιωτικότητα.<br />
Η περιοχή προσφέρει άμεση πρόσβαση σε μέσα μεταφοράς, καταστήματα, καφέ και υπηρεσίες.<br />
Το πάρκο ακριβώς απέναντι ενδείκνυται ως χώρος αναψυχής. Οι κάτοικοι απολαμβάνουν τη ζωντάνια του κέντρου σε συνδυασμό με την ηρεμία του φυσικού περιβάλλοντος.<br />
<br />
Ενοικίαση, Διαμέρισμα,  Μπάνια: 1,  Εμβαδόν: 86 τ.μ.,  Δωμάτια: 2,  Έτος κατασκευής: 1955,  Για φοιτητές,  Κλιματισμός,  Θέα,  Βεράντα,  Ασανσέρ,  Κήπος,  Πόρτα ασφαλείας,  Όροφος: 3ος,  Κατάλληλο για Επαγγ. Χρήση,  Ανακαινισμένο,  Τέντα,  Φωτεινό,  Κουφώματα: Αλουμινίου,  Τύπος δαπέδων: Ξύλο,  Θέρμανση: Αυτόνομη θέρμανση,  Μέσο θέρμανσης: Φυσικό αέριο,  Πρόσβαση από: Άσφαλτο,  Ζώνη: Οικιστική ζώνη,  Διατηρητέο,  Ενεργειακή κλάση: Δ,  Προσανατολισμός: Νοτιοδυτικός,  Ρεύμα: Μονοφασικό,  Έτος Ανακαίνισης: 2026,  Απόσταση απο θάλασσα: 13,  Μηνιαία κοινόχρηστα: 35","13","0",,"1","6","0","0","2026-06-18","8","2","1","no","no","1","Αθήνα - Κέντρο (Αττική)","Γκύζη - Πεδίον Άρεως (Αθήνα - Κέντρο)","1","105103","100","6006","2037",,"1","2","0","0","1","1220152149","https://m3.spitogatos.gr/361952426_1600x1200.jpg?v=20130730","https://m1.spitogatos.gr/361952433_1600x1200.jpg?v=20130730","https://m1.spitogatos.gr/361952439_1600x1200.jpg?v=20130730","https://m1.spitogatos.gr/361952442_1600x1200.jpg?v=20130730","https://m3.spitogatos.gr/361952447_1600x1200.jpg?v=20130730","https://m3.spitogatos.gr/361952450_1600x1200.jpg?v=20130730","https://m2.spitogatos.gr/361952455_1600x1200.jpg?v=20130730","https://m3.spitogatos.gr/361952459_1600x1200.jpg?v=20130730","https://m2.spitogatos.gr/361952461_1600x1200.jpg?v=20130730","https://m3.spitogatos.gr/361952465_1600x1200.jpg?v=20130730","https://m1.spitogatos.gr/361952466_1600x1200.jpg?v=20130730","https://m2.spitogatos.gr/361952470_1600x1200.jpg?v=20130730","https://m3.spitogatos.gr/361952474_1600x1200.jpg?v=20130730","https://m2.spitogatos.gr/361952476_1600x1200.jpg?v=20130730","https://m2.spitogatos.gr/361952479_1600x1200.jpg?v=20130730","https://m2.spitogatos.gr/357770377_1600x1200.jpg?v=20130730","https://m2.spitogatos.gr/357770383_1600x1200.jpg?v=20130730","https://m1.spitogatos.gr/357770391_1600x1200.jpg?v=20130730","https://m1.spitogatos.gr/357770397_1600x1200.jpg?v=20130730",,,,,,,"0","0","2","1","37.991634",,"1","1","23.732677",,"0",,,"2026-07-15","0","0",,"0","0","1",,"12","0","0","0",,"0","0","1","1000","2026-07-15 18:05:27","9","0","0","0","0","11.63","1100","true","1","3","6","1","1","2026","0","1","2","0","1",,"0","86","0",,"","1","1","0","2026-06-18","https://www.spitogatos.gr/en/property/1220152149",,"1",,"1955",,"residential"
"1","1","yes","simple","1",,,,,"1","0","0","0","2026-07-10","0","1","1","20","1",,,"house",,"20","1","ΕΞΑΙΡΕΤΙΚΟ ΓΩΝΙΑΚΟ ΔΙΑΜΕΡΙΣΜΑ ΤΡΙΩΝ ΠΡΟΣΟΨΕΩΝ ΔΙΠΛΑ ΣΤΟ ΠΑΡΚΟ, ΕΠΙΠΛΩΜΕΝΟ ΚΑΙ ΕΞΟΠΛΙΣΜΕΝΟ ΠΡΟΣΕΚΤΙΚΑ, ΜΕΓΑΛΟΣ ΧΩΡΟΣ ΥΠΟΔΟΧΗΣ, ΜΟΝΑΔΙΚΟ ΥΠΝΟΔΩΜΑΤΙΟ  ΜΕ  ΤΗΝ  ΑΙΣΘΗΣΗ  ΟΤΙ ΑΠΟ ΤΟ ΚΡΕΒΒΑΤΙ ΣΟΥ  ΕΙΣΑΙ ΜΕΣΑ ΣΤΟ ΠΕΔΙΟΝ ΤΟΥ ΑΡΕΩΣ, ΜΟΝΤΕΡΝΑ ΚΟΥΖΙΝΑ ΛΑΚΑ , ΑΝΑΚΑΙΝΙΣΜΕΝΟ ΛΟΥΤΡΟ,  ΒΕΡΑΝΤΕΣ ΓΥΡΩ ΓΥΡΩ ΣΕ ΟΛΟ ΤΟ ΔΙΑΜΕΡΙΣΜΑ  . ΑΥΤΟΝΟΜΙΑ ΘΕΡΜΑΝΣΗΣ ΜΕ ΑΤΟΜΙΚΟ ΛΕΒΗΤΑ ΦΥΣΙΚΟΥ ΑΕΡΙΟΥ , ΚΛΙΜΑΤΙΣΤΙΚΟ. <br />
ΜΙΑ ΟΑΣΗ ΣΤΟ ΚΕΝΤΡΟ ΤΗΣ ΑΘΗΝΑΣ  ΠΟΥ ΔΙΑΘΕΤΕΙ ΚΑΙ ΧΩΡΟ ΣΤΑΘΜΕΥΣΗΣ !! <br />
ΜΕΓΑΛΟΙ ΧΩΡΟΙ ΠΡΑΣΙΝΟΥ ΠΟΥ ΠΡΟΣΦΕΡΟΥΝ ΔΥΝΑΤΟΤΗΤΕΣ ΑΝΑΨΥΧΗΣ ΚΑΙ ΑΣΚΗΣΗΣ. <br />
ΑΜΕΣΗ ΠΡΟΣΒΑΣΗ ΣΤΗΝ ΛΕΩΦ.ΠΑΤΗΣΙΩΝ ΚΑΙ ΑΛΕΞΑΝΔΡΑΣ, ΔΙΠΛΑ ΣΕ ΜΕΤΡΟ, ΛΕΩΦ0ΡΕΙΑ, ΤΡΟΛΛΕΥ, ΚΤΕΛ ΑΝΑΤ. ΑΤΤΙΚΗΣ, ΔΙΚΑΣΤΗΡΙΑ , ΣΧΟΛΕΣ, <br />
ΙΔΙΩΤΙΚΑ ΠΑΝΕΠΙΣΤΗΜΙΑ, ΝΟΣΟΚΟΜΕΙΑ,  7΄' ΑΠΟ ΤΗΝ ΟΜΟΝΟΙΑ, 3' ΑΠΟ ΤΑ ΕΞΑΡΧΕΙΑ.",,"0",,"1","7","1","0","2026-05-22","6","2","0","yes","yes","0","Αθήνα - Κέντρο (Αττική)","Γκύζη - Πεδίον Άρεως (Αθήνα - Κέντρο)","1","105103","100","6006","6129",,"1","1","0","0","1","1219935024","https://m2.spitogatos.gr/361205143_1600x1200.jpg?v=20130730","https://m2.spitogatos.gr/361205152_1600x1200.jpg?v=20130730","https://m3.spitogatos.gr/361205159_1600x1200.jpg?v=20130730","https://m3.spitogatos.gr/361205162_1600x1200.jpg?v=20130730","https://m1.spitogatos.gr/361205169_1600x1200.jpg?v=20130730","https://m3.spitogatos.gr/361205174_1600x1200.jpg?v=20130730","https://m3.spitogatos.gr/361205177_1600x1200.jpg?v=20130730","https://m1.spitogatos.gr/361205184_1600x1200.jpg?v=20130730","https://m1.spitogatos.gr/361205187_1600x1200.jpg?v=20130730","https://m1.spitogatos.gr/361205190_1600x1200.jpg?v=20130730","https://m3.spitogatos.gr/361205195_1600x1200.jpg?v=20130730","https://m1.spitogatos.gr/361205199_1600x1200.jpg?v=20130730","https://m2.spitogatos.gr/361205203_1600x1200.jpg?v=20130730","https://m1.spitogatos.gr/361205217_1600x1200.jpg?v=20130730","https://m2.spitogatos.gr/361205224_1600x1200.jpg?v=20130730","https://m2.spitogatos.gr/361205227_1600x1200.jpg?v=20130730","https://m1.spitogatos.gr/361205229_1600x1200.jpg?v=20130730","https://m1.spitogatos.gr/361205232_1600x1200.jpg?v=20130730",,,,,,,,"1","0","1","1","37.990204",,"1","0","23.746986",,"0",,,"2026-07-10","0","0",,"0","0","1",,"12","0","0","0",,"0","0","0","800",,,"0","0","0","0","12.5",,,"1","3","6","1","1","2015","0","1","1","1","0",,"0","64","1",,"","0","1","0","2026-05-22","https://www.spitogatos.gr/en/property/1219935024",,"1",,"1967",,"residential"
"1","4","no","simple","1",,,,,"1","0","0","0","2025-12-31","0","1","1","14","1","0","false","house","0","0","0"," <br><br />
Κωδικός Ακινήτου: #9983. Στην περιοχή Γκύζη – Πεδίον Άρεως, στην Πλατεία Γκύζη, ενοικιάζεται διαμπερές και πλήρως επιπλωμένο διαμέρισμα επιφάνειας 68 τ.μ., στον 4ο όροφο πολυκατοικίας με ασανσέρ. Το ακίνητο διαθέτει άνετη και λειτουργική διαρρύθμιση και αποτελείται από ένα υπνοδωμάτιο, φωτεινό σαλόνι, ξεχωριστή κουζίνα και μπάνιο. Πρόκειται για κατασκευή του 2007, με αυτόνομη θέρμανση πετρελαίου, σε σημείο κοντά στο κέντρο της περιοχής και με ωραία θέα. Διαθέτει κουφώματα αλουμινίου με διπλά υαλοστάσια, πόρτα ασφαλείας, κλιματισμό, δάπεδα από πλακάκι, τέντες, σίτες και ηλιακό θερμοσίφωνα, ενώ επιπλέον πλεονέκτημα αποτελεί η εξωτερική, καλυμμένη θέση στάθμευσης και το πατάρι αποθήκευσης. Αποτελεί ιδανική επιλογή για εργαζόμενους ή ζευγάρια που αναζητούν ένα πλήρως εξοπλισμένο διαμέρισμα.<br><br />
 <br><br />
 <br><br />
Τιμή: 900€. Κωδικός Ακινήτου: #9983.<br><br />
ΚΑΤΑ ΤΗΝ ΥΠΟΔΕΙΞΗ ΤΟΥ ΑΚΙΝΗΤΟΥ ΑΠΑΙΤΕΙΤΑΙ ΝΑ ΓΙΝΕΤΑΙ ΕΠΙΔΕΙΞΗ ΤΗΣ ΑΣΤΥΝΟΜΙΚΗΣ ΣΑΣ ΤΑΥΤΟΤΗΤΑΣ ΣΥΜΦΩΝΑ ΜΕ ΤΟΝ Ν.4072/11-04-2012 Φ.Ε.Κ 86Α<br /><br />ΤΑ ΣΤΟΙΧΕΙΑ ΤΩΝ ΑΚΙΝΗΤΩΝ ΕΙΝΑΙ ΚΑΤΑ ΔΗΛΩΣΗ ΤΟΥ ΙΔΙΟΚΤΗΤΗ<br /><br />ΑΚΙΝΗΤΑ ΑΠΟΚΛΕΙΣΤΙΚΗΣ ΔΙΑΘΕΣΗΣ ΜΕ ΦΩΤΟΓΡΑΦΙΕΣ ΠΟΥ ΔΙΑΧΕΙΡΙΖΕΤΑΙ Η ΕΤΑΙΡΙΑ ΜΑΣ ΘΑ ΒΡΕΙΤΕ ΣΤΗΝ ΙΣΤΟΣΕΛΙΔΑ ΜΑΣ<br /><br /> ►WEBSITE: www.tzelihome.gr<br /><br /> ✔ ΓΙΑ ΤΗΝ ΚΑΛΥΤΕΡΗ ΕΞΥΠΗΡΕΤΗΣΗ ΣΑΣ ΧΡΗΣΙΜΟΠΟΙΕΙΣΤΕ ΤΟΝ ΚΩΔΙΚΟ ΑΚΙΝΗΤΟΥ ΠΟΥ ΑΝΑΓΡΑΦΕΤΑΙ ΣΤΗΝ ΠΕΡΙΓΡΑΦΗ<br /> ✔ Η ΔΙΕΥΘΥΝΣΗ ΣΤΟΝ ΧΑΡΤΗ ΕΧΕΙ ΤΟΠΟΘΕΤΗΘΕΙ ΚΑΤΑ ΠΡΟΣΕΓΓΙΣΗ<br /> ✔ ΟΙ ΑΚΡΙΒΕΙΣ ΠΛΗΡΟΦΟΡΙΕΣ ΤΗΣ ΔΙΕΥΘΥΝΣΗΣ ΠΑΡΕΧΟΝΤΑΙ ΣΤΗΝ ΥΠΟΔΕΙΞΗ ΤΟΥ ΑΚΙΝΗΤΟΥ<br /><br /> ΜΕΣΙΤΙΚΟ ΓΡΑΦΕΙΟ TZELI HOME<br /> ΥΜΗΤΤΟΥ 41 , ΚΑΙΣΑΡΙΑΝΗ , ΤΚ 16121<br /><br /> ΕΠΙΚΟΙΝΩΝΗΣΤΕ ΜΑΖΙ ΜΑΣ:<br /> ►WEBSITE : www.tzelihome.gr<br /> ►E-MAIL : tzelihome@gmail.com<br /> ►ΚΙΝΗΤΟ : 6906.062.919 <br /> ►ΤΗΛΕΦΩΝΟ : 211.001.4573 & 211.001.4574<br>","10000",,"0","1","5","0","0","2025-12-31","9","4","0","yes","yes","0","Αθήνα - Κέντρο (Αττική)","Γκύζη - Πεδίον Άρεως (Αθήνα - Κέντρο)","1","105103","100","6006","2010","Double","1","1","0","0","1","1218905963","https://m3.spitogatos.gr/338784899_1600x1200.jpg?v=20130730","https://m1.spitogatos.gr/338784900_1600x1200.jpg?v=20130730","https://m2.spitogatos.gr/338784901_1600x1200.jpg?v=20130730","https://m3.spitogatos.gr/338784902_1600x1200.jpg?v=20130730","https://m2.spitogatos.gr/338784919_1600x1200.jpg?v=20130730","https://m2.spitogatos.gr/338784925_1600x1200.jpg?v=20130730","https://m1.spitogatos.gr/338784936_1600x1200.jpg?v=20130730","https://m2.spitogatos.gr/338784943_1600x1200.jpg?v=20130730","https://m3.spitogatos.gr/338784944_1600x1200.jpg?v=20130730","https://m1.spitogatos.gr/338784945_1600x1200.jpg?v=20130730","https://m2.spitogatos.gr/338784946_1600x1200.jpg?v=20130730","https://m3.spitogatos.gr/338784947_1600x1200.jpg?v=20130730","https://m1.spitogatos.gr/338784948_1600x1200.jpg?v=20130730","https://m2.spitogatos.gr/338784949_1600x1200.jpg?v=20130730","https://m3.spitogatos.gr/338784950_1600x1200.jpg?v=20130730","https://m1.spitogatos.gr/338784951_1600x1200.jpg?v=20130730",,,,,,,,,,"0","0","2","1","37.992958",,"1","1","23.751251",,"0","0","0","2026-06-20","0","0",,"0","0","1",,"11","0","0","1",,"0","0","0","900",,,"0","0","0","0","13.24",,,"1","3","6","1","0",,"0","1","1","0","1",,"1","68","0",,,"0","1","0","2025-12-31","https://www.spitogatos.gr/en/property/1218905963",,"1",,"2007","-Rzs3PK7A4U","residential"
"1","1","no","simple","1",,,,,"1","0","0","0","2026-07-23","0","0","1","0","0",,,"house",,,"0","ΣΥΓΧΡΟΝΟ, ΝΕΟΔΜΗΤΟ, ΥΨΗΛΗΣ ΑΙΣΘΗΤΙΚΗΣ ΔΙΑΜΕΡΙΣΜΑ προς ενοικίαση, σε εξαιρετική τοποθεσία κοντά στον Άρειο Πάγο, σχεδιασμένο με έμφαση στη λειτουργικότητα και την άνεση.<br />
<br />
Ο ενιαίος χώρος σαλονιού και κουζίνας χαρακτηρίζεται από καθαρές γραμμές και την κυριαρχία του λευκού χρώματος, δημιουργώντας μια φωτεινή και φιλόξενη ατμόσφαιρα. Το διαμέρισμα διαθέτει δύο κλιματιστικά, πλήρως εξοπλισμένη κουζίνα με ηλεκτρικές συσκευές, πλυντήριο ρούχων και ένα μοντέρνο, ιδιαίτερα προσεγμένο μπάνιο που ολοκληρώνει την υψηλή αισθητική του χώρου.<br />
<br />
👉 ΣΥΝΟΨΗ ΧΑΡΑΚΤΗΡΙΣΤΙΚΩΝ: Προς Ενοικίαση Διαμέρισμα, Αθήνα, Γκύζη, Νεόδμητο, Πολύ καλή Κατάσταση, Αρχοντικό, Διαμπερές, Προσόψεως, 1 Επίπεδο, 1ος Όροφος, 2 Υ/Δ, 1 WC, 1 Κουζίνα, Kουφώματα: Αλουμινίου, Διπλά Τζάμια, Σίτες, Έτος κατασκευής: 2024, Ασανσέρ, Πόρτα Ασφαλείας, Θυροτηλεόραση, Βεράντες, Θέρμανση Ατομική - Φυσικό Αέριο, Κλιματισμός, Προσανατολισμός: Δυτικομεσημβρινός, Θέα: τυπική ορόφου, Κοντά σε:  Αγορά, λεωφορεία, Metro. Κεντρικό Σημείο.  Ήσυχο περιβάλλον. ΚΩΔΙΚΟΣ ΑΚΙΝΗΤΟΥ 10<br />
<br />
🧭Πληκτρολογώντας εκ νέου την διεύθυνση μας PROPERTYPOLARIS.COM, θα βρείτε κι άλλα παρόμοια ακίνητα με το παρόν καθώς και ακίνητα, που συχνά παρουσιάζουμε μόνο στην ιστοσελίδα μας. PROPERTY POLARIS, Τηλέφωνο Επικοινωνίας: 2106437584, www.propertypolaris.com",,"1",,"1","3","1","0","2026-07-23","6",,"0","no","no","0","Αθήνα - Κέντρο (Αττική)","Γκύζη - Πεδίον Άρεως (Αθήνα - Κέντρο)","1","105103","100","6006","6129",,"1","2","0","0","1","1220460478","https://m1.spitogatos.gr/362888715_1600x1200.jpg?v=20130730","https://m2.spitogatos.gr/362888731_1600x1200.jpg?v=20130730","https://m1.spitogatos.gr/362888736_1600x1200.jpg?v=20130730","https://m1.spitogatos.gr/362888742_1600x1200.jpg?v=20130730","https://m2.spitogatos.gr/362888746_1600x1200.jpg?v=20130730","https://m2.spitogatos.gr/362888749_1600x1200.jpg?v=20130730","https://m2.spitogatos.gr/362888767_1600x1200.jpg?v=20130730","https://m1.spitogatos.gr/362888772_1600x1200.jpg?v=20130730","https://m1.spitogatos.gr/362888775_1600x1200.jpg?v=20130730","https://m2.spitogatos.gr/362888779_1600x1200.jpg?v=20130730","https://m1.spitogatos.gr/362888781_1600x1200.jpg?v=20130730","https://m3.spitogatos.gr/362888783_1600x1200.jpg?v=20130730","https://m1.spitogatos.gr/362888787_1600x1200.jpg?v=20130730","https://m1.spitogatos.gr/362888790_1600x1200.jpg?v=20130730","https://m2.spitogatos.gr/362888791_1600x1200.jpg?v=20130730","https://m3.spitogatos.gr/362888795_1600x1200.jpg?v=20130730","https://m1.spitogatos.gr/362888796_1600x1200.jpg?v=20130730","https://m1.spitogatos.gr/362888799_1600x1200.jpg?v=20130730","https://m3.spitogatos.gr/362888801_1600x1200.jpg?v=20130730",,,,,,,"0","0","2","1","37.990189",,"1","0","23.750853",,"0",,,"2026-07-23","0","0","1","0","1","0",,"8","0","0","1",,"0","0","0","950",,,"0","0","0","0","12.67",,,"1","3","6","1","0",,"0","1","2","0","1",,"0","75","0",,,"0","1","0","2026-07-23","https://www.spitogatos.gr/en/property/1220460478",,"1",,"2024",,
"1","1","no","simple","1",,,,,"0","1","0","0","2026-06-25","0","0","1","55","1","0",,"house","0",,"0","Studio/Γκαρσονιέρα Προς Ενοικίαση, όροφος: 1ος, στην περιοχή: Γκύζη - Πεδίον Άρεως - Πλατεία Γκύζη. Το εμβαδόν του ακινήτου είναι 22 τ.μ.. Αποτελείται από: 1 Υ/Δ, 1 μπάνιο/α, 1 κουζίνα/ες. Έχει κατασκευαστεί το 1950 και ανακαινίστηκε το 2026. Η θέρμανση του ακινήτου είναι Χωρίς, ενώ επίσης διατίθεται Κλιματισμός, έχει κουφώματα Αλουμινίου με Διπλά τζάμια, ενεργειακό πιστοποιητικό: Ζ και τα δάπεδα είναι: Πλακάκια. Η κατάστασή του είναι: Ανακαινισμένο, Καταπληκτική, βρίσκεται κοντά σε Συγκοινωνίες, Πλατεία, Εκκλησία, Λαική αγορά, Super Market, Κέντρο Πόλης, Μουσείο, Πανεπιστήμιο, Αγορά, Εστίαση. Το ακίνητο είναι Οροφοδιαμέρισμα, Βαμμένο, Επιπλωμένο, Ρετιρέ, Προσόψεως, Φωτεινό, Ευάερο, Ευήλιο, Πολυτελές, Αρχοντικό, Νεοκλασικό, Μοντέρνο, είναι κατάλληλο για Φοιτητές και επίσης διαθέτει τα παρακάτω χαρακτηριστικά και πλεονεκτήματα: Ηλεκτρ. Συσκευές, Συναγερμός, Κάμερες Ασφαλείας, Internet, Χωρίς Κοινόχρηστα, Ησυχη γειτονιά, Οπτική ίνα. Τιμή: €800. ARC Real Estate, Τηλέφωνο Επικοινωνίας: 2107777377, email: zografou@arc-sa.gr, website: www.arcsa.gr",,,"0","0","8","1","0","2026-06-25","6","4","0","yes","no","0","Αθήνα - Κέντρο (Αττική)","Γκύζη - Πεδίον Άρεως (Αθήνα - Κέντρο)","1","105103","100","6006","2010","Double","3",,"0","0","1","1220216227","https://m3.spitogatos.gr/359011937_1600x1200.jpg?v=20130730","https://m3.spitogatos.gr/359011946_1600x1200.jpg?v=20130730","https://m2.spitogatos.gr/359011951_1600x1200.jpg?v=20130730","https://m1.spitogatos.gr/359011956_1600x1200.jpg?v=20130730","https://m3.spitogatos.gr/359011961_1600x1200.jpg?v=20130730","https://m1.spitogatos.gr/359011968_1600x1200.jpg?v=20130730","https://m1.spitogatos.gr/359011974_1600x1200.jpg?v=20130730","https://m1.spitogatos.gr/359011980_1600x1200.jpg?v=20130730","https://m2.spitogatos.gr/359011987_1600x1200.jpg?v=20130730","https://m2.spitogatos.gr/359011993_1600x1200.jpg?v=20130730","https://m1.spitogatos.gr/359012001_1600x1200.jpg?v=20130730","https://m2.spitogatos.gr/359012008_1600x1200.jpg?v=20130730","https://m1.spitogatos.gr/359012016_1600x1200.jpg?v=20130730","https://m3.spitogatos.gr/359012027_1600x1200.jpg?v=20130730","https://m2.spitogatos.gr/359012035_1600x1200.jpg?v=20130730","https://m2.spitogatos.gr/359012041_1600x1200.jpg?v=20130730","https://m1.spitogatos.gr/359012049_1600x1200.jpg?v=20130730","https://m3.spitogatos.gr/359012057_1600x1200.jpg?v=20130730","https://m3.spitogatos.gr/359012063_1600x1200.jpg?v=20130730","https://m1.spitogatos.gr/359012067_1600x1200.jpg?v=20130730","https://m2.spitogatos.gr/359012071_1600x1200.jpg?v=20130730","https://m3.spitogatos.gr/359012075_1600x1200.jpg?v=20130730","https://m3.spitogatos.gr/359012081_1600x1200.jpg?v=20130730","https://m1.spitogatos.gr/359012085_1600x1200.jpg?v=20130730","https://m3.spitogatos.gr/359012096_1600x1200.jpg?v=20130730","0","0","2","1","37.991917","0","1","0","23.747957",,"1","0","0","2026-07-09","0","1",,"0","0","1",,,"1","1","0",,"0","0","0","800",,,"0","0","0","0","36.36",,,"1","3","6","1","1","2026","0",,"1","0","0",,"0","22","0",,,"1","2","0","2026-06-25","https://www.spitogatos.gr/en/property/1220216227",,"0","1","1950",,"residential"
"1","Ground Floor","no","simple","1","Γεώργιος","82581","Αβραμόπουλος","6936364020","0","0","0","0","2026-01-15","0","0","0","0","1","0",,"house","0",,"0","Ανακαλύψτε μια εκπληκτική ευκαιρία ενοικίασης στο κέντρο της Αθήνας, σε μια από τις πιο εμπορικές και αναπτυσσόμενες περιοχές της πρωτεύουσας. Το διαμέρισμα αυτό, με ID: 2137103, σας περιμένει να το εξερευνήσετε και να γίνετε ο νέος του ένοικος.<br />
<br />
-ΠΕΡΙΓΡΑΦΗ ΔΙΑΜΕΡΙΣΜΑΤΟΣ-  <br />
Με συνολική επιφάνεια 102,93 τ.μ., αυτό το ευρύχωρο διαμέρισμα διαθέτει 2 άνετα υπνοδωμάτια και 2 πλήρη μπάνια, ιδανικά τόσο για οικογένειες όσο και για επαγγελματίες. Ο φωτεινός και ευάερος σχεδιασμός του εσωτερικού προσφέρει έναν ζεστό και φιλόξενο χώρο, ενώ οι διπλοί υαλοπίνακες εξασφαλίζουν ησυχία και θερμική άνεση. <br />
<br />
Μπαίνοντας στην κύρια είσοδο, θα διαπιστώσετε αμέσως την ομορφιά του αστικού τοπίου που περιβάλλει το διαμέρισμα. Ο μοντέρνος εξοπλισμός και οι ηλεκτρικές συσκευές παρέχουν όλα όσα χρειάζεστε για μία άνετη διαβίωση.<br />
<br />
-ΚΟΥΖΙΝΑ ΚΑΙ ΚΑΘΙΣΤΙΚΟ-  <br />
Η κουζίνα είναι πλήρως εξοπλισμένη με σύγχρονες ανέσεις και προσιτή αισθητική. Η κομψή της διαρρύθμιση προσφέρει λειτουργικότητα και άνεση, ενώ η φυσική φωτεινότητα ανεβάζει την εμπειρία μαγειρικής σας. Το καθιστικό, λιτό αλλά ζεστό, σας προσκαλεί να χαλαρώσετε και να απολαύσετε τις ένδοξες στιγμές της καθημερινότητας.<br />
<br />
-ΕΞΩΤΕΡΙΚΟΙ ΧΩΡΟΙ-  <br />
Το διαμέρισμα διαθέτει και πρακτικές βεράντες, προσφέροντας εξωτερικούς χώρους για την απόλαυση του καφέ ή του διαλείμματος σας γεμάτα φως κατά τη διάρκεια της ημέρας. Η εσωτερική αυλή προσφέρει μία όαση ηρεμίας, ενώ η νότια προσανατολισμένη ατμόσφαιρα εξασφαλίζει ηλιοφάνεια.<br />
<br />
-ΘΕΡΜΑΝΣΗ & ΚΛΙΜΑΤΙΣΜΟΣ-  <br />
Η κεντρική θέρμανση με φυσικό αέριο αναλαμβάνει τη διατήρηση της άνεσης ακόμη και τις πιο κρύες ημέρες του χειμώνα. Ο κλιματισμός και η σωστή εξαερισμός συμβάλλουν στη διατήρηση της ιδανικής θερμοκρασίας καθ' όλη τη διάρκεια του χρόνου.<br />
<br />
-ΘΕΣΗ ΚΑΙ ΕΥΚΟΛΗ ΠΡΟΣΒΑΣΗ-  <br />
Το διαμέρισμα βρίσκεται σε προνομιούχα τοποθεσία, μόλις 50 μέτρα από το ιστορικό Πεδίο Άρεως. Η εγγύτητα σε δημοσιευμένα μέσα μαζικής μεταφοράς όπως το μετρό και το τραμ, καθώς και η κοντινή πρόσβαση σε σχολεία, πάρκα, super markets και τα κέντρα διασκέδασης, το καθιστούν ιδανικό για καθημερινές μετακινήσεις και ανέμελο τρόπο ζωής στην πόλη.<br />
<br />
-ΚΑΤΑΣΚΕΥΗ ΚΑΙ ΣΥΝΤΗΡΗΣΗ-  <br />
Κατασκευασμένο το 1937 και πλήρως ανακαινισμένο το 2016, το διαμέρισμα συνδυάζει την παραδοσιακή γοητεία με τη σύγχρονη αισθητική. Οι συνθήκες του ακινήτου είναι σε πολύ καλή κατάσταση, εγγυώμενες μια ασφαλή και άνετη διαβίωση.<br />
<br />
Αυτό το διαμέρισμα διατίθεται προς ενοικίαση μια εξαιρετική ευκαιρία στα κριτήρια της αγοράς. Είναι ιδανικό για επαγγελματίες ή οικογένειες που αναζητούν μία ποιότητα ζωής στο κέντρο της Αθήνας.<br />
<br />
Επικοινωνήστε με την Athens Living για περισσότερες πληροφορίες και για να προγραμματίσετε μια επίσκεψη σε αυτό το όμορφο διαμέρισμα.",,,"0","1","7","0","0","2026-01-19","3","10","1","no","no","0","Αθήνα - Κέντρο (Αττική)","Γκύζη - Πεδίον Άρεως (Αθήνα - Κέντρο)","1","105103","100","6006","2037","Double","2","2","0","0","1","1219092839","https://m3.spitogatos.gr/345116423_1600x1200.jpg?v=20130730","https://m2.spitogatos.gr/345116425_1600x1200.jpg?v=20130730","https://m1.spitogatos.gr/345116427_1600x1200.jpg?v=20130730","https://m2.spitogatos.gr/345116431_1600x1200.jpg?v=20130730","https://m2.spitogatos.gr/345116434_1600x1200.jpg?v=20130730","https://m1.spitogatos.gr/345116439_1600x1200.jpg?v=20130730","https://m2.spitogatos.gr/345116443_1600x1200.jpg?v=20130730","https://m3.spitogatos.gr/345116447_1600x1200.jpg?v=20130730","https://m1.spitogatos.gr/345116451_1600x1200.jpg?v=20130730","https://m2.spitogatos.gr/345116455_1600x1200.jpg?v=20130730","https://m1.spitogatos.gr/345116460_1600x1200.jpg?v=20130730","https://m1.spitogatos.gr/345116463_1600x1200.jpg?v=20130730","https://m3.spitogatos.gr/345116468_1600x1200.jpg?v=20130730","https://m3.spitogatos.gr/345116471_1600x1200.jpg?v=20130730","https://m3.spitogatos.gr/345116477_1600x1200.jpg?v=20130730","https://m3.spitogatos.gr/345116483_1600x1200.jpg?v=20130730","https://m1.spitogatos.gr/345116490_1600x1200.jpg?v=20130730",,,,,,,,,"0","1","2","1","37.991219",,"1","1","23.734737",,"0","0","0","2026-07-18","0","0",,"0","0","2",,"10","0","0","0",,"0","0","0","700",,,"0","0","0","0","6.86",,,"1","3","6","1","0",,"0","1","2","0","0",,"0","102","0",,,"0","1","0","2026-01-19","https://www.spitogatos.gr/en/property/1219092839",,"1","0","1937",,"residential"
"0","Ground Floor","no","simple","1",,,,,"1","0","0","0","2026-06-30","0","0","0","0","1","0",,"house",,"15","0","Κωδικός ακινήτου: 8-1483 - Γκύζη - Πεδίον Άρεως Λόφος Φινοπούλου  ΕΝΟΙΚΙΑΖΕΤΑΙ     διαμέρισμα  iσόγειο υπερυψωμένο συνολικής επιφάνειας 65.00 τ.μ.  . Αποτελείται από 1 υπνοδωμάτιο, σαλόνι, κουζίνα, μπάνιο . Είναι κατασκευασμένο το 1967  και ανακαινίστηκε το 2026. Διαθέτει θέρμανση κεντρική - φυσικό αέριο,  κουφώματα αλουμινίου, πατώματα από πλακάκι και ξύλο, πόρτα ασφαλείας, εντοιχιζόμενες ντουλάπες, αποθήκη 3 τ.μ., προεγκατάσταση Α/C, σίτες, διπλά τζάμια, θυροτηλεόραση, ανοιχτωσιά, οπτικές ίνες      - Τιμή: 680 €  <br>Το ακίνητο βρίσκεται πλησίον στάσης λεωφορείων και σταθμού ΗΣΑΠ Βικτώρια (8 λεπτά απόσταση), καθώς επίσης πολύ κοντά στα δικαστήρια, σχολεία, εμπορικά καταστήματα, Οικονομικό Πανεπιστήμιο ΑΣΟΕΕ, Πολυτεχνείο, πάρκο πεδίον του Άρεως και πλατεία. Σε ήσυχη τοποθεσία και σε φροντισμένη πολυκατοικία. Η θέρμανση λειτουργεί κανονικά. Η ανακαίνιση έγινε το 2026 (καινούργιες ηλεκτρολογικές και υδραυλικές εγκαταστάσεις, κουζίνα, μπάνιο, τρίψιμο και γυάλισμα πατωμάτων). Είναι κατάλληλο και για επαγγελματική στέγη.<br>Κατά την υπόδειξη του ακινήτου είναι απαραίτητο να προσκομίζετε την ΑΣΤ και τον ΑΦΜ τους σύμφωνα με το νόμο Ν.4072/2012-ΦΕΚ 86/Α/11.4.2012. Για περισσότερα ακίνητα επισκεφθείτε το site του γραφείου https://gkhome <br>",,,,"0","10","1","0","2026-06-30","3","10","1","no","no","0","Αθήνα - Κέντρο (Αττική)","Γκύζη - Πεδίον Άρεως (Αθήνα - Κέντρο)","1","105103","100","6006","2037","Double","2","2","0","0","1","1220274219","https://m3.spitogatos.gr/359990135_1600x1200.jpg?v=20130730","https://m1.spitogatos.gr/359990136_1600x1200.jpg?v=20130730","https://m3.spitogatos.gr/359990138_1600x1200.jpg?v=20130730","https://m1.spitogatos.gr/359990139_1600x1200.jpg?v=20130730","https://m2.spitogatos.gr/359990140_1600x1200.jpg?v=20130730","https://m3.spitogatos.gr/359990141_1600x1200.jpg?v=20130730","https://m1.spitogatos.gr/359990142_1600x1200.jpg?v=20130730","https://m3.spitogatos.gr/359990144_1600x1200.jpg?v=20130730","https://m2.spitogatos.gr/359990146_1600x1200.jpg?v=20130730","https://m3.spitogatos.gr/359990150_1600x1200.jpg?v=20130730","https://m1.spitogatos.gr/359990154_1600x1200.jpg?v=20130730","https://m3.spitogatos.gr/359990159_1600x1200.jpg?v=20130730","https://m1.spitogatos.gr/359990163_1600x1200.jpg?v=20130730","https://m2.spitogatos.gr/359990164_1600x1200.jpg?v=20130730","https://m2.spitogatos.gr/359990167_1600x1200.jpg?v=20130730","https://m3.spitogatos.gr/359990171_1600x1200.jpg?v=20130730","https://m2.spitogatos.gr/359990173_1600x1200.jpg?v=20130730","https://m3.spitogatos.gr/359990177_1600x1200.jpg?v=20130730","https://m2.spitogatos.gr/359990182_1600x1200.jpg?v=20130730",,,,,,,"0","0","2","1","37.991474",,,"1","23.740496",,"0",,,"2026-06-30","0","0",,"0","0","1",,,"1","0","1",,"0","0","0","680",,,"0","0","0","0","10.46",,,"1","3","6","1","0",,"0","2","1","0","1",,"0","65","1","3",,"1","1","0","2026-06-30","https://www.spitogatos.gr/en/property/1220274219",,"0","0","1967",,"residential"
