"AC","Floor Level","accessibleForDisabled","adType_code","adType_id","agentEmployee_firstName","agentEmployee_id","agentEmployee_lastName","agentEmployee_telephone","airy","alarm","attic","auction","availability","availableForDailyRent","awning","balcony","balconyArea","bright","builtInBBQ","byTheSea","category","caveBuilding","commonExpenses","contactEnquirer_id","corner","dailyRent","description","distanceSea","doubleGlass","electricCarChargingFacilities","elevator","energyClass","enquirerId","enquirer_blocked","enquirer_contactHours","enquirer_email","enquirer_enquirerId","enquirer_firstName","enquirer_lastName","enquirer_telephone","facade","fireplace","firstPublishDate","floorNumber","floorType","forCommercialUse","furnished","garage","garden","geographiesByLevel_2_fullName","geographiesByLevel_4_fullName","geographyParentIds_0","geographyParentIds_1","geographyParentIds_2","geographyParentIds_4","geographyParentIds_5","glassType","heatingController","heatingMedium","heatingUnderFloor","holidayHome","host_id","id","images/0","images/1","images/2","images/3","images/4","images/5","images/6","images/7","images/8","images/9","images/10","images/11","images/12","images/13","images/14","images/15","images/16","images/17","images/18","images/19","images/20","images/21","images/22","images/23","images/24","internal_stairs","investment","joinery","kitchens","latitude","leased","levels","livingRooms","longitude","lotSize","luxHome","mannedReception","medicalOffice","modified","negotiablePrice","neoclassic","newDevelopment","nightPower","noAgentFee","no_of_WC","no_of_bathrooms","numberOfFloors","orientation","painted","penthouse","pestNet","petsAllowed","playroom","pool","preserved","price","priceChangeDate","priceChangePercentage","priceIncludesInternet","priceIncludesPower","priceIncludesSharedExp","priceIncludesWater","pricePerSqMeters","pricePreReduction","priceReduced","propertyPublishingOptionIds/0","propertyPublishingOptionIds/1","propertyPublishingOptionIds/2","propertyPublishingOptionIds/3","published","renovated","renovationYear","requiresRenovation","road_type","rooms","satelite","secure_door","shortTermLetting","solar_heater","sq_meters","storage","storageArea","streetAddress","studentHome","subtype","unfinished","uploaded","url","vTourUrl","view","wholeFloorApartment","year_of_construction","youtubeVideoId","zoning"
"0","1","no","prime","3",,,,,"1","0","0","0","2026-07-21","0","0","0","0","1","0",,"house","0",,,"0",,"Στην κορυφαία περιοχή του Φλοίσβου, στο Παλαιό Φάληρο, διατίθεται προς ενοικίαση εξαιρετικό διαμέρισμα 1ου ορόφου, συνολικής επιφάνειας 111 τ.μ., κατασκευής 2008. Ένα σύγχρονο ακίνητο που συνδυάζει υψηλή αισθητική, λειτουργικότητα και μοναδική τοποθεσία, σε μικρή απόσταση από τη θάλασσα.<br />
<br />
Το διαμέρισμα αποτελείται από τρία ευρύχωρα υπνοδωμάτια, άνετο και φωτεινό καθιστικό, ανεξάρτητη κουζίνα, ένα μπάνιο και ένα WC. Ο minimal σχεδιασμός, η διαμπερής διαρρύθμιση και ο ανατολικομεσημβρινός προσανατολισμός εξασφαλίζουν άπλετο φυσικό φως και εξαιρετικό αερισμό σε όλους τους χώρους.<br />
<br />
Διαθέτει κουφώματα αλουμινίου με διπλά ενεργειακά τζάμια, ξύλινα δάπεδα, πόρτα ασφαλείας και ανελκυστήρα, ενώ βρίσκεται σε άριστη κατάσταση, φρεσκοβαμμένο και έτοιμο να κατοικηθεί.<br />
<br />
Η τοποθεσία του είναι ιδανική, δίπλα στη θάλασσα και την παραλία του Φλοίσβου, κοντά σε στάσεις τραμ και συγκοινωνιών, σχολεία, πλατείες, εκκλησία και super market, ενώ ο σταθμός Μετρό «ΣΤ. ΜΟΥΣΩΝ» απέχει μόλις 5 λεπτά.<br />
<br />
Η ανεμπόδιστη θέα στην ανοιχτωσιά και το αστικό τοπίο, σε συνδυασμό με τη σύγχρονη κατασκευή και την άριστη διαρρύθμιση, καθιστούν το ακίνητο ιδανική επιλογή για οικογένειες, επαγγελματίες ή συγκατοίκηση. <br />
<br />
Τιμή: €1.680. Ground About, Τηλέφωνο Επικοινωνίας: 2111995636, 6978902549, email: info@groundabout.gr, groundaboutrealestate@gmail.com, website: www.groundabout.gr",,,"0","1","5",,,,,,,,,"0","1","2026-07-21","6","2","0","no","no","0","Αθήνα - Νότια Προάστια (Αττική)","Παλαιό Φάληρο (Αθήνα - Νότια Προάστια)","1","105103","102","2217","329491","Double",,,"0","0","1","1220432485","https://m2.spitogatos.gr/362575369_1600x1200.jpg?v=20130730","https://m1.spitogatos.gr/362575371_1600x1200.jpg?v=20130730","https://m2.spitogatos.gr/362575372_1600x1200.jpg?v=20130730","https://m1.spitogatos.gr/362575374_1600x1200.jpg?v=20130730","https://m3.spitogatos.gr/362575376_1600x1200.jpg?v=20130730","https://m1.spitogatos.gr/362575377_1600x1200.jpg?v=20130730","https://m3.spitogatos.gr/362575379_1600x1200.jpg?v=20130730","https://m2.spitogatos.gr/362575381_1600x1200.jpg?v=20130730","https://m3.spitogatos.gr/362575382_1600x1200.jpg?v=20130730","https://m1.spitogatos.gr/362574081_1600x1200.jpg?v=20130730","https://m1.spitogatos.gr/362575383_1600x1200.jpg?v=20130730","https://m2.spitogatos.gr/362575384_1600x1200.jpg?v=20130730","https://m3.spitogatos.gr/362575385_1600x1200.jpg?v=20130730","https://m1.spitogatos.gr/362575386_1600x1200.jpg?v=20130730","https://m3.spitogatos.gr/362575388_1600x1200.jpg?v=20130730","https://m2.spitogatos.gr/362575390_1600x1200.jpg?v=20130730","https://m1.spitogatos.gr/362575392_1600x1200.jpg?v=20130730","https://m1.spitogatos.gr/362575395_1600x1200.jpg?v=20130730","https://m1.spitogatos.gr/362575398_1600x1200.jpg?v=20130730","https://m3.spitogatos.gr/362575400_1600x1200.jpg?v=20130730","https://m3.spitogatos.gr/362575403_1600x1200.jpg?v=20130730","https://m1.spitogatos.gr/362575407_1600x1200.jpg?v=20130730","https://m1.spitogatos.gr/362575410_1600x1200.jpg?v=20130730","https://m1.spitogatos.gr/362575413_1600x1200.jpg?v=20130730","https://m3.spitogatos.gr/362575415_1600x1200.jpg?v=20130730","0","0","2","1","37.924118",,"1","1","23.698761",,"0","0","0","2026-07-31","0","0",,"0",,"1","1",,"3","1","0","0",,"0","0","0","1680",,,"0","0","0","0","15.14",,,"1","3","6",,"1","0",,"0",,"3","0","1",,"0","111","0",,,"0","1","0","2026-07-21","https://www.spitogatos.gr/en/property/1220432485",,"1","0","2008",,"residential"
"1","5","no","prime","3",,,,,"0","0","0","0","2026-07-11","0","1","0","0","1","0",,"house",,,,"0",,"<br>Κωδικός ακινήτου: 908538 - Παλαιό Φάληρο, Φλοίσβος<br />
<br />
ΕΝΟΙΚΙΑΖΕΤΑΙ ένα πανέμορφο και ανακαινισμένο διαμέρισμα στον 5ο όροφο, με συνολική επιφάνεια 120 τ.μ. <br />
<br />
Αυτό το ευρύχωρο διαμέρισμα περιλαμβάνει 2 άνετα υπνοδωμάτια, ένα φωτεινό σαλόνι, μια λειτουργική κουζίνα, μπάνιο και WC. Κατασκευασμένο το 1985, διαθέτει ενεργειακή κλάση Γ και είναι ιδανικό για άνετη διαβίωση, καθώς προσφέρει αυτόνομη θέρμανση φυσικού αερίου.<br />
<br />
Τα κουφώματα είναι αλουμινίου, ενώ τα ξύλινα πατώματα προσθέτουν μια ζεστή αίσθηση στο χώρο. Η ασφάλεια διασφαλίζεται με πόρτα ασφαλείας και τρίαινα, ενώ οι εντοιχιζόμενες ντουλάπες προσφέρουν επιπλέον αποθηκευτικό χώρο. <br />
<br />
Η πολυκατοικία διαθέτει ανελκυστήρα, ενώ η αποθήκη 6 τ.μ. είναι ιδανική για την αποθήκευση προσωπικών αντικειμένων. Αξιοσημείωτο είναι το τζάκι που θα σας ζεστάνει τους χειμωνιάτικους μήνες, καθώς και το A/C για τις καλοκαιρινές ημέρες. Οι τέντες και ο ηλιακός θερμοσίφωνας προσθέτουν επιπλέον άνεση και εξοικονόμηση ενέργειας, ενώ το νυχτερινό ρεύμα είναι ένα επιπλέον πλεονέκτημα.<br />
<br />
Απολαύστε την ανοιχτωσιά και την ηρεμία της περιοχής, σε ένα διαμέρισμα που συνδυάζει άνεση και σύγχρονη αισθητική.<br />
<br />
Τιμή: 1.200 € <br>Η τοποθεσία του ακινήτου εμφανίζεται στον χάρτη κατά προσέγγιση.Poreia Real Estate, Τηλ. Επικοινωνίας: 2291078133 , email: info@poreiarealestate.gr /  www.poreiarealestate.gr",,,,"1","5",,,,,,,,,"0","1","2026-07-11","10","2","0","no","no","0","Αθήνα - Νότια Προάστια (Αττική)","Παλαιό Φάληρο (Αθήνα - Νότια Προάστια)","1","105103","102","2217","329496","Double","1","2","0","0","1","1220357970","https://m3.spitogatos.gr/362721371_1600x1200.jpg?v=20130730","https://m1.spitogatos.gr/362721381_1600x1200.jpg?v=20130730","https://m3.spitogatos.gr/362721392_1600x1200.jpg?v=20130730","https://m3.spitogatos.gr/362721401_1600x1200.jpg?v=20130730","https://m3.spitogatos.gr/362721425_1600x1200.jpg?v=20130730","https://m1.spitogatos.gr/362721447_1600x1200.jpg?v=20130730","https://m3.spitogatos.gr/362721482_1600x1200.jpg?v=20130730","https://m1.spitogatos.gr/362721531_1600x1200.jpg?v=20130730","https://m2.spitogatos.gr/362721553_1600x1200.jpg?v=20130730","https://m2.spitogatos.gr/362721589_1600x1200.jpg?v=20130730",,,,,,,,,,,,,,,,"0","0","2","1","37.925827",,,"1","23.693659",,"0",,,"2026-07-30","0","0",,"1",,"1","1",,,"1","0","1",,"0","0","0","1200",,,"0","0","0","0","10",,,"1","3","6",,"1","1",,"0","1","2","1","1",,"1","120","1","6",,"0","1","0","2026-07-11","https://www.spitogatos.gr/en/property/1220357970",,"0","0","1985","Lfog_NpR77A","residential"
"1","3","yes","prime","3",,,,,"1","1","0","0","2026-07-05","0","1","1","0","1","0",,"house","0",,,"0",,"Διατίθεται προς μίσθωση πλήρως ανακαινισμένο οροφοδιαμέρισμα 92 τ.μ., 3ου ορόφου, σε πενταώροφο κτίριο κατασκευής 2001, σε ήσυχη και ιδιαίτερα εξυπηρετική περιοχή της Αμφιθέας στο Παλαιό Φάληρο.<br />
Το διαμέρισμα είναι διαμπερές και ιδιαίτερα φωτεινό και αποτελείται από ευρύχωρη σαλονοτραπεζαρία με τζάκι και ενιαία κουζίνα, 3 υπνοδωμάτια, 1 μπάνιο και 1 WC.<br />
Διαθέτει αυτόνομη θέρμανση πετρελαίου, κλιματιστικό A++ στον κύριο χώρο, κουφώματα αλουμινίου με διπλά τζάμια, δάπεδα από πλακάκι τύπου ξύλου και ξύλο, πόρτα ασφαλείας, τέντες, ανελκυστήρα, αποθήκη 8 τ.μ., ιδιωτική θέση στάθμευσης, νέο ηλιακό θερμοσίφωνα, οπτική ίνα και δίκτυο Ethernet σε όλους τους χώρους. Επιπλέον, διαθέτει έτοιμη καλωδίωση για συναγερμό και αναμονή για κάμερες ασφαλείας.<br />
Παραδίδεται εξοπλισμένο με εντοιχισμένο φούρνο, εστία μαγειρέματος και πλυντήριο πιάτων. Είναι φρεσκοβαμμένο και κατάλληλο για ΑμεΑ, καθώς διαθέτει ράμπα πρόσβασης και μεγάλο ανελκυστήρα.<br />
Η τοποθεσία προσφέρει άμεση πρόσβαση στη Λεωφόρο Συγγρού και τη Λεωφόρο Αμφιθέας, ενώ βρίσκεται πολύ κοντά σε μέσα μαζικής μεταφοράς, σούπερ μάρκετ, αγορά και βασικές υπηρεσίες. Απέχει περίπου 1 χλμ. από το Κέντρο Πολιτισμού Ίδρυμα Σταύρος Νιάρχος, 2 χλμ. από τη Μαρίνα Φλοίσβου και βρίσκεται σε μικρή απόσταση από το Ωνάσειο Καρδιοχειρουργικό Κέντρο, τη ΡΕΑ Μαιευτική και Γυναικολογική Κλινική και το Πλανητάριο.<br />
Το ακίνητο αποτελεί ιδανική επιλογή τόσο για κατοικία όσο και για επαγγελματική χρήση, όπως ιατρείο ή γραφείο χαμηλής όχλησης.<br />
<br />
<br />
<br />
<br />
Η μεσιτική αμοιβή προς το γραφείο μας, σε περίπτωση αγοραπωλησίας του συγκεκριμένου ακινήτου, ανέρχεται στο 2% (δύο τοις εκατό) επί της συνολικής πραγματικής αξίας της κύριας συμβάσεως και πλέον του νόμιμου Φ.Π.A (24%), η σε περίπτωση μίσθωσης η μεσιτική αμοιβή είναι ισόποση του μισθώματος και πλέον του νόμιμου Φ.Π.Α. (24%).<br />
Κατά την επίδειξη των ακινήτων είναι απαραίτητη η επίδειξη της Αστυνομικής ταυτότητας, καθώς και το Α.Φ.Μ. του ενδιαφερομένου αγοραστή βάση του Νόμου 4072/11.4.2012. <br />
<br />
Επικοινωνήστε μαζί μας για ραντεβού.<br />
<br />
<br />
Για περισσότερες πληροφορίες επικοινωνήστε με το μεσιτικό γραφείο μας ή επισκεφθείτε το  site μας www.allaboutproperty.gr",,,"0","1","8",,,,,,,,,"1","0","2026-07-05","8","10","1","no","yes","0","Αθήνα - Νότια Προάστια (Αττική)","Παλαιό Φάληρο (Αθήνα - Νότια Προάστια)","1","105103","102","2217","329492","Double","1","1","0","0","1","1220307484","https://m2.spitogatos.gr/360528934_1600x1200.jpg?v=20130730","https://m3.spitogatos.gr/360528935_1600x1200.jpg?v=20130730","https://m1.spitogatos.gr/360528936_1600x1200.jpg?v=20130730","https://m3.spitogatos.gr/360528938_1600x1200.jpg?v=20130730","https://m1.spitogatos.gr/360528939_1600x1200.jpg?v=20130730","https://m2.spitogatos.gr/360528940_1600x1200.jpg?v=20130730","https://m3.spitogatos.gr/360528941_1600x1200.jpg?v=20130730","https://m1.spitogatos.gr/360528942_1600x1200.jpg?v=20130730","https://m2.spitogatos.gr/360528943_1600x1200.jpg?v=20130730","https://m3.spitogatos.gr/360528944_1600x1200.jpg?v=20130730","https://m1.spitogatos.gr/360528945_1600x1200.jpg?v=20130730","https://m2.spitogatos.gr/360528946_1600x1200.jpg?v=20130730",,,,,,,,,,,,,,"0","0","2","1","37.941036",,"1","1","23.700191",,"1","0","1","2026-07-30","0","0",,"0",,"1","1","5",,"0","0","0",,"0","0","0","1400",,,"0","0","0","0","15.22",,,"1","3","6","8","1","1","2026","0","1","3","1","1",,"1","92","1",,,"0","1","0","2026-07-05","https://www.spitogatos.gr/en/property/1220307484",,"1","1","2001","gPxunagxHLU","residential"
"0","1","no","prime","3",,,,,"1","0","0","0","2026-07-15","0","1","0","0","1","0","true","house",,,,"0",,"<br>Κωδικός ακινήτου: 1-1187 - Παλαιό Φάληρο Τροκαντερό ΕΝΟΙΚΙΑΖΕΤΑΙ ανακαινισμένο μη επιπλωμένο διαμέρισμα στον 1 ο όροφο (χωρίς ασανσέρ) συνολικής επιφάνειας 85.00 τ.μ. Βρίσκεται σε πολύ όμορφη περιοχή του Παλαιού Φαλήρου και σε ήσυχη πολυκατοικία 3 οροφοδιαμερισμάτων. Αποτελείται από 2 υπνοδωμάτια, σαλοκουζίνα, μπάνιο και WC. Είναι κατασκευασμένο το 1975 με ενεργειακή κλάση Δ και ανακαινίστηκε το 2015. Διαθέτει θέρμανση αυτόνομη - φυσικού αερίου, θέα σε αστικό τοπίο, κουφώματα αλουμινίου, πατώματα από πλακάκι, πόρτα ασφαλείας, εντοιχιζόμενες ντουλάπες, τέντες, σίτες, διπλά τζάμια. Πλησίον του διαμερίσματος υπάρχουν στάσεις λεωφορείων και τραμ, αγορά, το πάρκο Νιάρχου στα 500 μ, χώροι αναψυχής και άθλησης. Απόσταση από θάλασσα 600 μέτρα - Τιμή: 850 € <br>","600",,,"0","6",,,,,,,,,"1","0","2026-07-16","6","4","0","no","no","0","Αθήνα - Νότια Προάστια (Αττική)","Παλαιό Φάληρο (Αθήνα - Νότια Προάστια)","1","105103","102","2217","329490","Double","1","2","0","0","1","1220399644","https://m3.spitogatos.gr/362056100_1600x1200.jpg?v=20130730","https://m3.spitogatos.gr/362056109_1600x1200.jpg?v=20130730","https://m1.spitogatos.gr/362056119_1600x1200.jpg?v=20130730","https://m2.spitogatos.gr/362056126_1600x1200.jpg?v=20130730","https://m2.spitogatos.gr/362056132_1600x1200.jpg?v=20130730","https://m2.spitogatos.gr/362056141_1600x1200.jpg?v=20130730","https://m2.spitogatos.gr/362056147_1600x1200.jpg?v=20130730","https://m1.spitogatos.gr/362056170_1600x1200.jpg?v=20130730","https://m1.spitogatos.gr/362056179_1600x1200.jpg?v=20130730","https://m2.spitogatos.gr/362056186_1600x1200.jpg?v=20130730","https://m1.spitogatos.gr/362056194_1600x1200.jpg?v=20130730","https://m2.spitogatos.gr/362056201_1600x1200.jpg?v=20130730","https://m2.spitogatos.gr/362056207_1600x1200.jpg?v=20130730","https://m2.spitogatos.gr/362056213_1600x1200.jpg?v=20130730","https://m3.spitogatos.gr/362056220_1600x1200.jpg?v=20130730","https://m3.spitogatos.gr/362056226_1600x1200.jpg?v=20130730","https://m3.spitogatos.gr/362056235_1600x1200.jpg?v=20130730","https://m3.spitogatos.gr/362056244_1600x1200.jpg?v=20130730","https://m2.spitogatos.gr/362056252_1600x1200.jpg?v=20130730","https://m1.spitogatos.gr/362056260_1600x1200.jpg?v=20130730",,,,,,"0","0","2","1","37.932018",,,"1","23.695768",,"0",,,"2026-07-16","0","0",,"0",,"1","1","3","6","1","0","1",,"0","0","0","850",,,"0","0","0","0","10",,,"1","3","6",,"1","1","2015","0","1","2","0","1",,"0","85","0",,,"0","1","0","2026-07-16","https://www.spitogatos.gr/en/property/1220399644",,"1","1","1975",,"residential"
"1","2","no","prime","3",,,,,"0","1","0","0","2026-06-02","0","1","0","0","1","0",,"house",,,,"0",,"Κωδικός ακινήτου: 2-630 - Άλιμος Κέντρο  ΕΝΟΙΚΙΑΖΕΤΑΙ    επιπλωμένο διαμέρισμα  στον 2 ο όροφο συνολικής επιφάνειας 89.00 τ.μ.  . Αποτελείται από 3 υπνοδωμάτια, σαλόνι, κουζίνα, μπάνιο . Είναι κατασκευασμένο το 2009 με ενεργειακή κλάση Γ  και διαθέτει θέρμανση ενδοδαπέδια - φυσικού αερίου, θέα σε αστικό τοπίο, κουφώματα αλουμινίου, πατώματα από πλακάκι και ξύλο, πόρτα ασφαλείας, εντοιχιζόμενες ντουλάπες, ανελκυστήρα, πάρκινγκ, αποθήκη , τζάκι, A/C, συναγερμό, ηλεκτρικές συσκευές, τέντες, σίτες, διπλά τζάμια, ανοιχτωσιά, οπτικές ίνες      - Τιμή: 1.500 €  <br> <br> Οι πληροφορίες και τα χαρακτηριστικά των ακινήτων έχουν καταχωρηθεί βάσει των πληροφοριών και στοιχείων που προσκόμισε ο εντολέας. <br>| Το σημείο στο χάρτη δεν ανταποκρίνεται στην πραγματική διεύθυνση του ακινήτου. <br> | Όλα τα ακίνητα που προβάλλουμε μέσω internet είναι διαθέσιμα, καθώς γίνεται συνεχής ενημέρωση και αποσύρονται τα μη διαθέσιμα. <br>| Κατά την υπόδειξη του ακινήτου είναι απαραίτητη η αστυνομική ταυτότητα ή ο Α.Φ.Μ, σύμφωνα με τον Νόμο Ν.4072/2012 - ΦΕΚ 86/Α/11-4-2012<br />
 Παρέχονται δωρεάν υπηρεσίες χορήγησης Τραπεζικών Στεγαστικών Δανείων",,,,"1","5",,,,,,,,,"0","1","2026-06-02","7","10","0","yes","yes","0","Αθήνα - Νότια Προάστια (Αττική)","Παλαιό Φάληρο (Αθήνα - Νότια Προάστια)","1","105103","102","2217","329494","Double","1","2","1","0","1","1219989483","https://m3.spitogatos.gr/355314677_1600x1200.jpg?v=20130730","https://m1.spitogatos.gr/355314681_1600x1200.jpg?v=20130730","https://m1.spitogatos.gr/355314687_1600x1200.jpg?v=20130730","https://m2.spitogatos.gr/355314691_1600x1200.jpg?v=20130730","https://m1.spitogatos.gr/355314693_1600x1200.jpg?v=20130730","https://m3.spitogatos.gr/355314698_1600x1200.jpg?v=20130730","https://m2.spitogatos.gr/355314700_1600x1200.jpg?v=20130730","https://m1.spitogatos.gr/355314702_1600x1200.jpg?v=20130730","https://m3.spitogatos.gr/355314704_1600x1200.jpg?v=20130730",,,,,,,,,,,,,,,,,"0","0","2","1","37.922432",,,"1","23.707251",,"0",,,"2026-06-19","0","0",,"0",,"0","1",,"11","1","0","1",,"0","0","0","1500",,,"0","0","0","0","16.85",,,"1","3","6",,"1","0",,"0","1","3","0","1",,"0","89","1",,,"0","1","0","2026-06-02","https://www.spitogatos.gr/en/property/1219989483",,"1","0","2009",,"residential"
"1","4","no","up","2",,,,,,"1","0","0","2026-06-11","0",,"1","0",,,,"house",,,,,,"Φωτεινό και μοντέρνο διαμέρισμα δύο υπνοδωματίων προς ενοικίαση, σε εξαιρετική τοποθεσία, μόλις λίγα βήματα από την οδό Αγίου Αλεξάνδρου (την κεντρική εμπορική οδό του Π. Φαλήρου) και σε κοντινή απόσταση από τη θάλασσα. Ο ευρύχωρος χώρος του σαλονιού συνδέεται αρμονικά με την ανοιχτή κουζίνα, εξοπλισμένη με όλες τις οικιακές συσκευές (εκτός από το ψυγείο), προσφέροντας έναν ιδανικό χώρο για ξεκούραση και φιλοξενία.<br />
<br />
Το ένα από τα υπνοδωμάτια είναι master με ιδιωτικό μπάνιο, ενώ και τα δύο διαθέτουν εντοιχισμένες ντουλάπες και άφθονο φυσικό φως. Τα μεγάλα μπαλκόνια προσφέρουν ανοιχτή θέα, ιδανικά για στιγμές χαλάρωσης.<br />
<br />
Το ακίνητο διαθέτει αυτόνομη θέρμανση με φυσικό αέριο για καλύτερη ενεργειακή απόδοση, τρεις μονάδες κλιματισμού και αποθηκευτικό χώρο 7 τ.μ. Επιπλέον, παρέχεται ευρύχωρος υπόγειος χώρος στάθμευσης. Το 2026 πραγματοποιήθηκαν ανακαινίσεις που περιλαμβάνουν την ανανέωση των ξύλινων δαπέδων, του ηλεκτρολογικού πίνακα, των ντουλαπιών της κουζίνας και των ντουλαπών των υπνοδωματίων, καθώς και την τοποθέτηση σιτών και το βάψιμο των εσωτερικών χώρων, καθιστώντας το διαμέρισμα έτοιμο για άμεση κατοίκηση.<br />
<br />
Βρίσκεται σε ήσυχη και καλά εξυπηρετούμενη γειτονιά, με εύκολη πρόσβαση σε μέσα μεταφοράς, σούπερ μάρκετ, καφέ και εστιατόρια. Ιδανικό για επαγγελματίες, ζευγάρια ή μικρές οικογένειες που αναζητούν άνεση και πρακτικότητα στην πόλη. Επικοινωνήστε μαζί μας για πληροφορίες.<br />
<br />
Οι εικόνες στο Exposé ενδέχεται να έχουν βελτιστοποιηθεί ή προσαρμοστεί με χρήση τεχνητής νοημοσύνης για λόγους απεικόνισης.<br />
Το Παλαιό Φάληρο βρίσκεται στην Αθηναϊκή Ριβιέρα, μόλις 5 χλμ. από το κέντρο της Αθήνας, 15 λεπτά με το αυτοκίνητο από το λιμάνι του Πειραιά και μόλις απέναντι από την ανακατασκευή της Μαρίνας Φλοίσβου και του πολιτιστικού κέντρου Σταύρος Νιάρχος.<br />
Μοναδικά χαρακτηριστικά: Μια παραθαλάσσια γειτονιά που διατηρεί την αυθεντικότητά της, το Παλαιό Φάληρο προσφέρει μεγάλες παραθαλάσσιες διαδρομές για περπάτημα, εύκολη πρόσβαση σε παραλίες, καφέ, εστιατόρια και καλοκαιρινά beach bars και κλαμπ. Το Παλαιό Φάληρο είναι μια περιοχή με επενδυτικό ενδιαφέρον για οικογένειες, για αγοραστές που επιζητούν να έχουν αποδόσεις για την επένδυσή τους, αλλά και για τα νοικοκυριά, καθώς βρίσκεται κοντά στα σχολεία, τα πολιτιστικά κέντρα, τον Εθνική Όπερα, την Εθνική Βιβλιοθήκη και τις μαρίνες.<br />
Προσβασιμότητα: Ιδανικά τοποθετημένο ανάμεσα στο κέντρο της πόλης και της ακτής. Προσφέρει, εύκολη πρόσβαση σε τραμ, σιδηροδρομικούς σταθμούς, λεωφορεία, ενώ βρίσκεται μόλις 15 λεπτά με το αυτοκίνητο από το λιμάνι του Πειραιά, προσφέροντας δυνατότητα μιας γρήγορης απόδρασης στα νησιά. Επιπλέον, απέχει 45 λεπτά με το αυτοκίνητο από το διεθνές αεροδρόμιο.<br />
Επενδυτική δυναμική Η γειτονιά επωφελήθηκε έντονα από την ανάπτυξη και τη διαμόρφωση της Μαρίνας Φλοίσβου μαζί με το Ίδρυμα Σταύρος Νιάρχος, καθιστώντας την πρώτη επιλογή για επένδυση ακινήτων.",,,,"0","6",,,,,,,,,,"1","2026-04-03","9","2",,"no","yes","0","Αθήνα - Νότια Προάστια (Αττική)","Παλαιό Φάληρο (Αθήνα - Νότια Προάστια)","1","105103","102","2217",,,"1","2","0","0","1","1219662237","https://m1.spitogatos.gr/356940330_1600x1200.jpg?v=20130730","https://m2.spitogatos.gr/356940334_1600x1200.jpg?v=20130730","https://m1.spitogatos.gr/356940336_1600x1200.jpg?v=20130730","https://m3.spitogatos.gr/356940341_1600x1200.jpg?v=20130730","https://m3.spitogatos.gr/356940344_1600x1200.jpg?v=20130730","https://m3.spitogatos.gr/356940347_1600x1200.jpg?v=20130730","https://m3.spitogatos.gr/356940350_1600x1200.jpg?v=20130730","https://m1.spitogatos.gr/356940351_1600x1200.jpg?v=20130730","https://m1.spitogatos.gr/356940354_1600x1200.jpg?v=20130730","https://m1.spitogatos.gr/356940357_1600x1200.jpg?v=20130730","https://m1.spitogatos.gr/356940360_1600x1200.jpg?v=20130730","https://m2.spitogatos.gr/356940364_1600x1200.jpg?v=20130730","https://m2.spitogatos.gr/356940367_1600x1200.jpg?v=20130730","https://m2.spitogatos.gr/356940370_1600x1200.jpg?v=20130730","https://m2.spitogatos.gr/356940373_1600x1200.jpg?v=20130730","https://m3.spitogatos.gr/356940377_1600x1200.jpg?v=20130730","https://m3.spitogatos.gr/356940383_1600x1200.jpg?v=20130730","https://m1.spitogatos.gr/356940384_1600x1200.jpg?v=20130730","https://m2.spitogatos.gr/356940388_1600x1200.jpg?v=20130730","https://m2.spitogatos.gr/356940391_1600x1200.jpg?v=20130730","https://m2.spitogatos.gr/356940394_1600x1200.jpg?v=20130730",,,,,,,,"0","37.925632",,"1","0","23.695448",,,,,"2026-08-01","0",,,,,"0","2",,,,"0",,"1",,"0",,"1550",,,"0","0","0","0","15.98",,,"1","3","6",,"1","0",,"0","1","2",,"1",,,"97","1",,,,"1",,"2026-04-03","https://www.spitogatos.gr/en/property/1219662237",,,,"1996",,"residential"
"1","2","no","up","2",,,,,,"1","0","0","2026-04-03","0",,"1","0",,,,"house",,,,,,"Ζήστε την κομψότητα αυτού του εξαιρετικού διαμερίσματος 206 τετραγωνικών μέτρων στο Παλαιό Φάληρο, που είναι τώρα διαθέσιμο για ενοικίαση μέσω της Engel & Volkers. Μόλις λίγα βήματα μακριά από την παραλία, αυτή το διαμέρισμα εκπέμπει μια κλασική γοητεία που θυμίζει μια παλιά εποχή.<br />
<br />
Αυτό το ευρύχωρο διαμέρισμα που βρίσκεται στον 2ο όροφο προσφέρει μια μοναδική εμπειρία καθώς αιχμαλωτίζει την ουσία της αρχιτεκτονικής κομψότητας . Καθώς εισέρχεστε μέσα στο σπίτι, σας υποδέχεται ένας ανοιχτός χώρος που φιλοξενεί το σαλόνι, ένα w.c. και την τραπεζαρία. Ένας διάδρομος δεξιά οδηγεί στο υπόλοιπο του διαμερίσματος, όπου θα βρείτε μια ευρύχωρη κουζίνα, ένα πρώην δωμάτιο υπηρεσίας που έχει μετατραπεί σε αποθήκη και ένα επιπλέον καθιστικό που μπορεί να χρησιμεύσει ως χώρος γραφείου.<br />
<br />
Τα υψηλά ταβάνια προσθέτουν σε αυτή τη κλασική γοητεία και η κεντρική θέρμανση Φυσικού αερίου την άνεση που χρειάζεται τους χειμερινούς μήνες. Οι μονάδες κλιματισμού εξασφαλίζουν μια ευχάριστη ατμόσφαιρα όλο το χρόνο, ενώ ο απαλός αέρας από τη θάλασσα που βρίσκεται κοντά προσθέτει μια νότα γαλήνης. Κάθε ένα από τα τρία ευρύχωρα υπνοδωμάτιά διαθέτει το δικό του μπαλκόνι, και προσφέρει ένα ιδιωτικό καταφύγιο.<br />
<br />
Το διαμέρισμα βρίσκεται σε ένα εξαιρετικό σημείο κοντά στη θάλασσα, στην αγορά του παλαιού φαλήρου καθώς και σε δημόσιες συγκοινωνίες.<br />
<br />
Διαθέτει μια θέση Πάρκινγκ και κατόπιν συνεννόησης μπορεί να ενοικιαστεί και επιπλωμένο.<br />
Το Παλαιό Φάληρο βρίσκεται στην Αθηναϊκή Ριβιέρα, μόλις 5 χλμ. από το κέντρο της Αθήνας, 15 λεπτά με το αυτοκίνητο από το λιμάνι του Πειραιά και μόλις απέναντι από την ανακατασκευή της Μαρίνας Φλοίσβου και του πολιτιστικού κέντρου Σταύρος Νιάρχος.<br />
Μοναδικά χαρακτηριστικά: Μια παραθαλάσσια γειτονιά που διατηρεί την αυθεντικότητά της, το Παλαιό Φάληρο προσφέρει μεγάλες παραθαλάσσιες διαδρομές για περπάτημα, εύκολη πρόσβαση σε παραλίες, καφέ, εστιατόρια και καλοκαιρινά beach bars και κλαμπ. Το Παλαιό Φάληρο είναι μια περιοχή με επενδυτικό ενδιαφέρον για οικογένειες, για αγοραστές που επιζητούν να έχουν αποδόσεις για την επένδυσή τους, αλλά και για τα νοικοκυριά, καθώς βρίσκεται κοντά στα σχολεία, τα πολιτιστικά κέντρα, τον Εθνική Όπερα, την Εθνική Βιβλιοθήκη και τις μαρίνες.<br />
Προσβασιμότητα: Ιδανικά τοποθετημένο ανάμεσα στο κέντρο της πόλης και της ακτής. Προσφέρει, εύκολη πρόσβαση σε τραμ, σιδηροδρομικούς σταθμούς, λεωφορεία, ενώ βρίσκεται μόλις 15 λεπτά με το αυτοκίνητο από το λιμάνι του Πειραιά, προσφέροντας δυνατότητα μιας γρήγορης απόδρασης στα νησιά. Επιπλέον, απέχει 45 λεπτά με το αυτοκίνητο από το διεθνές αεροδρόμιο.<br />
Επενδυτική δυναμική Η γειτονιά επωφελήθηκε έντονα από την ανάπτυξη και τη διαμόρφωση της Μαρίνας Φλοίσβου μαζί με το Ίδρυμα Σταύρος Νιάρχος, καθιστώντας την πρώτη επιλογή για επένδυση ακινήτων.",,,,"1","6",,,,,,,,,,"0","2026-04-03","7",,,"no","yes","0","Αθήνα - Νότια Προάστια (Αττική)","Παλαιό Φάληρο (Αθήνα - Νότια Προάστια)","1","105103","102","2217",,,"2","2","0","0","1","1219662202","https://m3.spitogatos.gr/349627901_1600x1200.jpg?v=20130730","https://m3.spitogatos.gr/349627904_1600x1200.jpg?v=20130730","https://m2.spitogatos.gr/349627927_1600x1200.jpg?v=20130730","https://m2.spitogatos.gr/349627930_1600x1200.jpg?v=20130730","https://m2.spitogatos.gr/349627933_1600x1200.jpg?v=20130730","https://m3.spitogatos.gr/349627937_1600x1200.jpg?v=20130730","https://m1.spitogatos.gr/349627941_1600x1200.jpg?v=20130730","https://m2.spitogatos.gr/349627945_1600x1200.jpg?v=20130730","https://m3.spitogatos.gr/349627949_1600x1200.jpg?v=20130730","https://m2.spitogatos.gr/349627954_1600x1200.jpg?v=20130730","https://m1.spitogatos.gr/349627956_1600x1200.jpg?v=20130730","https://m2.spitogatos.gr/349627960_1600x1200.jpg?v=20130730","https://m2.spitogatos.gr/349627963_1600x1200.jpg?v=20130730","https://m1.spitogatos.gr/349627965_1600x1200.jpg?v=20130730","https://m3.spitogatos.gr/349627970_1600x1200.jpg?v=20130730","https://m3.spitogatos.gr/349627973_1600x1200.jpg?v=20130730","https://m1.spitogatos.gr/349627977_1600x1200.jpg?v=20130730","https://m3.spitogatos.gr/349627988_1600x1200.jpg?v=20130730",,,,,,,,,,,"0","37.924355",,"1","0","23.694958",,,,,"2026-08-01","0",,,,,"0","2",,,,"0",,"1",,"0",,"2200",,,"0","0","0","0","10.68",,,"1","3","6",,"1","0",,"0","1","3",,"0",,,"206","1",,,,"1",,"2026-04-03","https://www.spitogatos.gr/en/property/1219662202",,,,"1955",,"residential"
"1","5","yes","up","2",,,,,"1","0","0","0","2026-07-24","0","1","1","0","1",,"true","house","0","40",,"1",,"ΠΑΛΑΙΟ ΦΑΛΗΡΟ - Έδεμ, πολυτελές Διαμέρισμα 120 τ.μ., προς ενοικίαση, <br />
<br />
Ανακαινισμένο, 5ου ορόφου, <br />
προσόψεως, γωνιακό, διαμπερές, <br />
2 Υ/Δ, 1 μπάνιο, 1 wc, <br />
σαλόνι με τζάκι, ξεχωριστή κουζίνα, μεγάλες βεράντες, <br />
Ενεργειακά κουφώματα αλουμινίου, <br />
Διπλά τζάμια, σίτες,<br />
<br />
Αυτόνομη θέρμανση, Φυσικό αέριο, ασανσέρ,<br />
Ηλιακός, νυκτερινό ρεύμα, κλιματισμός,<br />
πόρτα ασφαλείας, τέντες, <br />
<br />
αποθήκη υπογείου 6 m2, κήπος, <br />
φωτεινό, ήσυχο και ασφαλές περιβάλλον, όχι κατοικίδια,<br />
μερική θέα θάλασσα,<br />
πλησίον συγκοινωνιών (Τραμ-Λεωφορεία), <br />
δημοσίων σχολείων, αγοράς και παραλίας.<br />
<br />
Άμεσα διαθέσιμο. <br />
Η θέση στο χάρτη δεν είναι ακριβής. <br />
Παρακαλώ, για περισσότερες πληροφορίες επικοινωνήστε με το γραφείο μας.<br />
<br />
(Α6558) ATHENS PROPERTY Real Estate, +30 698 564 1484, www.athensproperty.gr<br />
<br />
Λεπτομέρειες :  https://athensproperty.gr/el/akinito/20483043 youtube https://youtu.be/c8lGc_KWegw, Διεύθυνση Μουσών 61 Παλαιό Φάληρο, Διπλά τζάμια, Ηλιακός θερμοσίφωνας, Κατάσταση Ανακαινισμενο, Ντουλάπα Εντοιχισμενη, Πολυτελής Κατοικία, Πόρτα ασφαλείας, Προσανατολισμός Βορειοανατολικός, Πρόσβαση Ασφαλτος, Τίτλος Ακινήτου EN Apartment 120 m2, near the beach and public transoptation","180",,"0","1","5",,,,,,,,,"1","1","2026-07-24","10","2","0","no","no","1","Αθήνα - Νότια Προάστια (Αττική)","Παλαιό Φάληρο (Αθήνα - Νότια Προάστια)","1","105103","102","2217","329498","Double","1","2","0","0","1","1220483043","https://m2.spitogatos.gr/363161956_1600x1200.jpg?v=20130730","https://m1.spitogatos.gr/363161958_1600x1200.jpg?v=20130730","https://m2.spitogatos.gr/363161962_1600x1200.jpg?v=20130730","https://m2.spitogatos.gr/363161965_1600x1200.jpg?v=20130730","https://m2.spitogatos.gr/363161968_1600x1200.jpg?v=20130730","https://m3.spitogatos.gr/363161969_1600x1200.jpg?v=20130730","https://m1.spitogatos.gr/363161970_1600x1200.jpg?v=20130730","https://m3.spitogatos.gr/363161972_1600x1200.jpg?v=20130730","https://m1.spitogatos.gr/363161973_1600x1200.jpg?v=20130730","https://m2.spitogatos.gr/363161977_1600x1200.jpg?v=20130730","https://m2.spitogatos.gr/363161983_1600x1200.jpg?v=20130730","https://m3.spitogatos.gr/363161987_1600x1200.jpg?v=20130730","https://m1.spitogatos.gr/363161994_1600x1200.jpg?v=20130730","https://m3.spitogatos.gr/363162002_1600x1200.jpg?v=20130730","https://m2.spitogatos.gr/363162007_1600x1200.jpg?v=20130730","https://m2.spitogatos.gr/363162013_1600x1200.jpg?v=20130730","https://m3.spitogatos.gr/363162017_1600x1200.jpg?v=20130730","https://m1.spitogatos.gr/363162021_1600x1200.jpg?v=20130730","https://m1.spitogatos.gr/363162024_1600x1200.jpg?v=20130730","https://m3.spitogatos.gr/363162029_1600x1200.jpg?v=20130730","https://m3.spitogatos.gr/363162035_1600x1200.jpg?v=20130730","https://m2.spitogatos.gr/363162040_1600x1200.jpg?v=20130730","https://m2.spitogatos.gr/363162046_1600x1200.jpg?v=20130730","https://m3.spitogatos.gr/363162050_1600x1200.jpg?v=20130730","https://m1.spitogatos.gr/363162060_1600x1200.jpg?v=20130730","0","0","2","1","37.921455","0","1","1","23.70097",,"1","0","0","2026-08-01","0","0",,"1",,"1","1","7","5","1","0","1",,"0","0","0","1200","2026-07-24 21:47:19","8","0","0","0","0","10","1300","true","1","3","6",,"1","1",,"0","1","2","1","1","0","1","120","1","6","Μουσών 61 Παλαιό Φάληρο","0","1","0","2026-07-24","https://www.spitogatos.gr/en/property/1220483043",,"1","0","1984","c8lGc_KWegw","residential"
"1","1","no","up","2",,,,,"1","0","0","0","2026-07-24","0","1","1","0","1",,"true","house","0","0",,"0",,"ΠΑΛΑΙΟ ΦΑΛΗΡΟ - Κέντρο, Διαμέρισμα 85 τ.μ., προς ενοικίαση, <br />
<br />
1ος όροφος, Ανακαινισμένο, προσόψεως, διαμπερές, <br />
2 Υ/Δ, 1 μπάνιο, 1 wc, <br />
ενιαία κουζίνα, σαλόνι, βεράντα, <br />
Ατομική θέρμανση, Φυσικό Αέριο, boiler, <br />
<br />
κουφώματα αλουμινίου, διπλά τζάμια, σίτες,<br />
πόρτα ασφαλείας, φωτεινό, <br />
χωρίς κοινόχρηστα και ασανσέρ, <br />
ήσυχη περιοχή, ασφαλές περιβάλλον, <br />
πλησίον Αγοράς και συγκοινωνιών, <br />
μέσα πρόσβασης Τραμ-λεωφορεία.<br />
<br />
Η θέση στο χάρτη δεν είναι ακριβής. <br />
Παρακαλώ, για περισσότερες πληροφορίες επικοινωνήστε με το γραφείο μας.<br />
<br />
(Α6553) ATHENS PROPERTY Real Estate, +30 698 564 1484.  <br />
Για περισσότερα ακίνητα επισκεφθείτε την ιστοσελίδα μας  www.AthensProperty.gr<br />
<br />
Λεπτομέρειες:  https://athensproperty.gr/el/akinito/20480785 youtube https://youtu.be/c8lGc_KWegw, Διεύθυνση Σειρήνων 36 Παλαιό Φάληρο, Διπλά τζάμια, Κατάσταση Ανακαινισμενο, Ντουλάπα Εντοιχισμενη, Πόρτα ασφαλείας, Προσανατολισμός Ανατολικός, Πρόσβαση Ασφαλτος, Τίτλος Ακινήτου EN Apartment 85 m2, near the Market and public tranportation","500",,"0","0","6",,,,,,,,,"1","0","2026-07-24","6","4","0","no","no","1","Αθήνα - Νότια Προάστια (Αττική)","Παλαιό Φάληρο (Αθήνα - Νότια Προάστια)","1","105103","102","2217","329490",,"1","2","0","0","1","1220480785","https://m2.spitogatos.gr/363125053_1600x1200.jpg?v=20130730","https://m3.spitogatos.gr/363125057_1600x1200.jpg?v=20130730","https://m2.spitogatos.gr/363122719_1600x1200.jpg?v=20130730","https://m1.spitogatos.gr/363122760_1600x1200.jpg?v=20130730","https://m3.spitogatos.gr/363122765_1600x1200.jpg?v=20130730","https://m1.spitogatos.gr/363122772_1600x1200.jpg?v=20130730","https://m2.spitogatos.gr/363122791_1600x1200.jpg?v=20130730","https://m3.spitogatos.gr/363122795_1600x1200.jpg?v=20130730","https://m2.spitogatos.gr/363122800_1600x1200.jpg?v=20130730","https://m3.spitogatos.gr/363122804_1600x1200.jpg?v=20130730","https://m2.spitogatos.gr/363122818_1600x1200.jpg?v=20130730","https://m3.spitogatos.gr/363122822_1600x1200.jpg?v=20130730","https://m2.spitogatos.gr/363122824_1600x1200.jpg?v=20130730","https://m2.spitogatos.gr/363122827_1600x1200.jpg?v=20130730","https://m1.spitogatos.gr/363122829_1600x1200.jpg?v=20130730","https://m1.spitogatos.gr/363122835_1600x1200.jpg?v=20130730","https://m3.spitogatos.gr/363122840_1600x1200.jpg?v=20130730","https://m3.spitogatos.gr/363122849_1600x1200.jpg?v=20130730","https://m3.spitogatos.gr/363122855_1600x1200.jpg?v=20130730","https://m3.spitogatos.gr/363122861_1600x1200.jpg?v=20130730","https://m1.spitogatos.gr/363122868_1600x1200.jpg?v=20130730","https://m2.spitogatos.gr/363122875_1600x1200.jpg?v=20130730","https://m3.spitogatos.gr/363122885_1600x1200.jpg?v=20130730","https://m1.spitogatos.gr/363122889_1600x1200.jpg?v=20130730","https://m1.spitogatos.gr/363122892_1600x1200.jpg?v=20130730","0","0","2","1","37.930656",,"1","1","23.695005",,"0","0","0","2026-08-01","0","0",,"1",,"1","1","3","1","1","0","1",,"0","0","0","850",,,"0","0","0","0","10",,,"1","3","6",,"1","1","2015","0","1","2","1","1",,"0","85","0",,"Σειρήνων 36 Παλαιό Φάληρο","1","1","0","2026-07-24","https://www.spitogatos.gr/en/property/1220480785",,"1","0","1975","c8lGc_KWegw","residential"
"1","Upper Ground","no","up","2",,,,,"0","0","0","0","2026-07-27","0","1","1","10","1","0","true","house","0","15",,"1",,"ΠΑΛΑΙΟ ΦΑΛΗΡΟ Φλοίσβος, Διαμέρισμα 50 τ.μ., προς ενοικίαση, <br />
<br />
Υπερυψωμένο Ισόγειο (σαν ημιώροφος), <br />
προσόψεως, γωνιακό, 1 Υ/Δ, 1 μπάνιο, <br />
<br />
ξεχωριστή κουζίνα, σαλόνι, χολ, βεράντα, <br />
πλήρης ανακαίνιση το 2016, <br />
κεντρική θέρμανση, πετρέλαιο (λειτουργεί κανονικά), <br />
<br />
κουφώματα αλουμινίου, διπλά τζάμια, <br />
πόρτα ασφαλείας, σίτες,<br />
δεκτά κατοικίδια, <br />
φωτεινό, λίγα κοινόχρηστα, <br />
<br />
ήσυχη περιοχή, ασφαλές περιβάλλον, <br />
πλησίον Αγοράς και συγκοινωνιών, <br />
απέχει 300μ από την παραλία, <br />
μέσα πρόσβασης Τραμ-λεωφορεία.<br />
<br />
Η θέση στο χάρτη δεν είναι ακριβής. <br />
Παρακαλώ, για περισσότερες πληροφορίες <br />
επικοινωνήστε με το γραφείο μας.<br />
<br />
(Α6556) ATHENS PROPERTY Real Estate, +30 698 564 1484.  <br />
Για περισσότερα ακίνητα επισκεφθείτε την ιστοσελίδα μας  www.AthensProperty.gr<br />
<br />
Λεπτομέρειες:  https://athensproperty.gr/el/akinito/20439161 youtube https://youtu.be/c8lGc_KWegw, Διεύθυνση Τρίτωνος 55 Παλαιό Φάληρο, Διπλά τζάμια , Κατάσταση Ανακαινισμενο, Ντουλάπα Εντοιχισμενη, Πόρτα ασφαλείας , Προσανατολισμός Μεσημβρινός, Πρόσβαση Ασφαλτος","300",,"0","1","7",,,,,,,,,"1","0","2026-07-22","4","4","1","no","no","1","Αθήνα - Νότια Προάστια (Αττική)","Παλαιό Φάληρο (Αθήνα - Νότια Προάστια)","1","105103","102","2217","329496","Double","2","1","0","0","1","1220439161","https://m1.spitogatos.gr/362677233_1600x1200.jpg?v=20130730","https://m1.spitogatos.gr/362677239_1600x1200.jpg?v=20130730","https://m2.spitogatos.gr/362677243_1600x1200.jpg?v=20130730","https://m3.spitogatos.gr/362677247_1600x1200.jpg?v=20130730","https://m1.spitogatos.gr/362677251_1600x1200.jpg?v=20130730","https://m2.spitogatos.gr/362677255_1600x1200.jpg?v=20130730","https://m3.spitogatos.gr/362677259_1600x1200.jpg?v=20130730","https://m3.spitogatos.gr/362677265_1600x1200.jpg?v=20130730","https://m1.spitogatos.gr/362677269_1600x1200.jpg?v=20130730","https://m1.spitogatos.gr/362677278_1600x1200.jpg?v=20130730","https://m1.spitogatos.gr/362677287_1600x1200.jpg?v=20130730","https://m1.spitogatos.gr/362677296_1600x1200.jpg?v=20130730","https://m2.spitogatos.gr/362677306_1600x1200.jpg?v=20130730","https://m3.spitogatos.gr/362677316_1600x1200.jpg?v=20130730","https://m2.spitogatos.gr/362677327_1600x1200.jpg?v=20130730","https://m1.spitogatos.gr/362677344_1600x1200.jpg?v=20130730","https://m3.spitogatos.gr/362677358_1600x1200.jpg?v=20130730","https://m3.spitogatos.gr/362677367_1600x1200.jpg?v=20130730","https://m1.spitogatos.gr/362677380_1600x1200.jpg?v=20130730","https://m1.spitogatos.gr/362677392_1600x1200.jpg?v=20130730","https://m3.spitogatos.gr/362677412_1600x1200.jpg?v=20130730","https://m2.spitogatos.gr/362677426_1600x1200.jpg?v=20130730","https://m3.spitogatos.gr/362677433_1600x1200.jpg?v=20130730","https://m1.spitogatos.gr/362677452_1600x1200.jpg?v=20130730","https://m1.spitogatos.gr/362677464_1600x1200.jpg?v=20130730","0","0","2","1","37.927151",,"1","1","23.694174",,"0","0","0","2026-08-01","0","0",,"1",,"0","1","5","9","1","0","1","1","0","0","0","570",,,"0","0","0","0","11.4",,,"1","3","6",,"1","1","2016","0","1","1","1","1",,"0","50","0",,"Τρίτωνος 55 Παλαιό Φάληρο","1","1","0","2026-07-22","https://www.spitogatos.gr/en/property/1220439161",,"1","0","1965","c8lGc_KWegw","residential"
,"Upper Ground",,"up","1",,,,,,,,"0","2026-06-05","0",,"1","0",,,,"house",,"14","17735868",,,"Διατίθεται προς ενοικίαση σύγχρονο, φωτεινό και άνετο διαμέρισμα δύο υπνοδωματίων σε εξαιρετικό σημείο στο Παλαιό Φάληρο. Πρόκειται για διαμπερές και συγχρόνως προσόψεως ακίνητο με ανεμπόδιστη θέα σε κήπο, το οποίο συνδυάζει λειτουργική διαρρύθμιση, ποιοτική κατασκευή και άμεση πρόσβαση σε όλες τις καθημερινές ανάγκες !<br />
<br />
Το διαμέρισμα διαθέτει ευρύχωρο σαλόνι με πολλαπλά ανοίγματα που εξασφαλίζουν άπλετο φυσικό φως σε όλους τους χώρους καθ’ όλη τη διάρκεια της ημέρας. Από το καθιστικό υπάρχει πρόσβαση σε μία παραλληλόγραμμη και άνετη βεράντα, ιδανική για απόλαυση εξωτερικού χώρου ή για τη διαμόρφωση ενός ευχάριστου εξωτερικού περιβάλλοντος  !<br />
<br />
Η κατοικία περιλαμβάνει δύο άνετα υπνοδωμάτια με πρακτική διάταξη, κατάλληλα για οικογένεια, ζευγάρι ή επαγγελματίες που χρειάζονται επιπλέον χώρο για γραφείο. Η κουζίνα είναι λειτουργική και σχεδιασμένη ώστε να προσφέρει άνεση στην καθημερινή χρήση, με επαρκείς αποθηκευτικούς χώρους και εργονομική οργάνωση !<br />
<br />
Το σύγχρονο μπάνιο έχει κατασκευαστεί με έμφαση στη λειτουργικότητα και την πρακτικότητα, χρησιμοποιώντας ποιοτικά και διαχρονικά υλικά που προσφέρουν αντοχή και εύκολη συντήρηση. Συνολικά, το διαμέρισμα χαρακτηρίζεται από οργανωμένους χώρους και πρακτικές λεπτομέρειες που διευκολύνουν την καθημερινή διαβίωση !<br />
<br />
Επιπλέον σημαντικό είναι ότι, διαθέτει πλήρη αυτονομία θέρμανσης, προσφέροντας ανεξαρτησία στη διαχείριση της κατανάλωσης και μεγαλύτερο έλεγχο των λειτουργικών εξόδων. Επίσης σημαντικό είναι τα σχετικά χαμηλό έξοδο των κοινοχρήστων !<br />
<br />
Η τοποθεσία του αποτελεί σημαντικό πλεονέκτημα. Βρίσκεται κοντά στην τοπική αγορά, με εύκολη πρόσβαση σε σούπερ μάρκετ, καταστήματα, φαρμακεία, σχολεία και υπηρεσίες. Παράλληλα, εξυπηρετείται άμεσα από συγκοινωνίες μέσω της Λεωφόρου Συγγρού και της Λεωφόρου Αμφιθέας, διευκολύνοντας τις μετακινήσεις προς το κέντρο της Αθήνας και τα νότια προάστια  !<br />
<br />
Ιδιαίτερο πλεονέκτημα αποτελεί και η απόστασή του από το Κέντρο Πολιτισμού Ίδρυμα Σταύρος Νιάρχος, το οποίο βρίσκεται μόλις 5 λεπτά μακριά, προσφέροντας εύκολη πρόσβαση σε χώρους πρασίνου, αθλητικές εγκαταστάσεις και πολιτιστικές δραστηριότητες  !<br />
<br />
Πρόκειται για μια εξαιρετική επιλογή κατοικίας για όσους αναζητούν ένα πρακτικό και λειτουργικό διαμέρισμα σε μία βολική περιοχή του Παλαιού Φαλήρου, με άνετους χώρους, φυσικό φωτισμό και άμεση πρόσβαση σε όλες τις απαραίτητες υποδομές της πόλης και σχετικά ισορροπημένο μηνιαίο κόστος !",,,,,"8","5245306","no","all","liskia3@yahoo.gr","17735868","ΠΑΡΗΣ","ΠΑΡΗΣ","+306977017181",,,"2026-06-06","4",,,,,,"Αθήνα - Νότια Προάστια (Αττική)","Παλαιό Φάληρο (Αθήνα - Νότια Προάστια)","1","105103","102","2217","329492",,"1","1",,,"1","1220056023","https://m2.spitogatos.gr/356153809_1600x1200.jpg?v=20130730","https://m1.spitogatos.gr/356154072_1600x1200.jpg?v=20130730","https://m3.spitogatos.gr/356154686_1600x1200.jpg?v=20130730","https://m2.spitogatos.gr/356155120_1600x1200.jpg?v=20130730","https://m2.spitogatos.gr/356155933_1600x1200.jpg?v=20130730","https://m2.spitogatos.gr/356156314_1600x1200.jpg?v=20130730","https://m1.spitogatos.gr/356156757_1600x1200.jpg?v=20130730","https://m1.spitogatos.gr/356156889_1600x1200.jpg?v=20130730","https://m2.spitogatos.gr/356157355_1600x1200.jpg?v=20130730","https://m1.spitogatos.gr/356157159_1600x1200.jpg?v=20130730","https://m1.spitogatos.gr/356757507_1600x1200.jpg?v=20130730",,,,,,,,,,,,,,,,,,"1","37.940559",,"1","1","23.699602",,,,,"2026-08-01","0",,,,"yes","0","1",,"8",,,,,,,,"750",,,"0","0","0","0","10",,,"4",,,,"1","1",,,,"2",,"1",,,"75",,,"Δημητράτου 1, 175 64 Παλαιό Φάληρο","1","1",,"2026-06-05","https://www.spitogatos.gr/en/property/1220056023",,,,"1970",,"residential"
"1","4","no","up","2",,,,,"1","0","0","0","2026-07-15","0","0","0","0","1","0",,"house","0","50",,"0",,"Διαμέρισμα Προς Ενοικίαση, όροφος: 4ος, στην περιοχή: Παλαιό Φάληρο. Το εμβαδόν του ακινήτου είναι 115 τ.μ.. Αποτελείται από: 3 Υ/Δ, 1 μπάνιο/α, 1 wc, 1 κουζίνα/ες, 1 σαλόνι/α, ενώ διαθέτει 2 θέσεις στάθμευσης (1 Σε κλειστό χώρο, 1 Σε ανοιχτό χώρο). Έχει κατασκευαστεί το 2008 και ανακαινίστηκε το 2020. Η θέρμανση του ακινήτου είναι Αυτόνομη με Φυσικό αέριο, ενώ επίσης διατίθεται Κλιματισμός, έχει κουφώματα Αλουμινίου με Διπλά τζάμια, ενεργειακό πιστοποιητικό: Ε και τα δάπεδα είναι: Πλακάκια, Ξύλο. Η κατάστασή του είναι: Ανακαινισμένο, Πολύ καλή, βρίσκεται κοντά σε Τραμ, Συγκοινωνίες, Πάρκο, Θάλασσα, Σχολείο, Πλατεία, Εκκλησία, Παιδικό σταθμό, Λαική αγορά, Super Market, Εμπορικό Κέντρο, Κέντρο Πόλης, έχει θέα Πανοραμική. Το ακίνητο είναι Προσόψεως, Φωτεινό, Ευάερο, Ευήλιο, Διαμπερές και επίσης διαθέτει τα παρακάτω χαρακτηριστικά και πλεονεκτήματα: Σίτες, Ασανσέρ, Ηλεκτρ. Συσκευές, Πόρτα Ασφαλείας, Θυροτηλεόραση, Νυχτερινό Ρεύμα, Βεράντα. Τιμή: €1.400. Equal Real Estate, Τηλέφωνο Επικοινωνίας: 2106203777, email: equal.pr.mn@gmail.com, website: www.equal.pr.mn@gmail.com<br />
<br />
Μπορείτε να δείτε περισσότερα ακίνητα στο site μας equalestate.gr",,,"0","1","7",,,,,,,,,"1","1","2026-07-15","9","10","0","no","yes","0","Αθήνα - Νότια Προάστια (Αττική)","Παλαιό Φάληρο (Αθήνα - Νότια Προάστια)","1","105103","102","2217",,"Double","1","2","0","0","1","1220388255","https://m3.spitogatos.gr/361877462_1600x1200.jpg?v=20130730","https://m3.spitogatos.gr/361877465_1600x1200.jpg?v=20130730","https://m3.spitogatos.gr/361877468_1600x1200.jpg?v=20130730","https://m1.spitogatos.gr/361877472_1600x1200.jpg?v=20130730","https://m3.spitogatos.gr/361877477_1600x1200.jpg?v=20130730","https://m2.spitogatos.gr/361877479_1600x1200.jpg?v=20130730","https://m2.spitogatos.gr/361877482_1600x1200.jpg?v=20130730","https://m2.spitogatos.gr/361877485_1600x1200.jpg?v=20130730","https://m2.spitogatos.gr/361877488_1600x1200.jpg?v=20130730","https://m3.spitogatos.gr/361877489_1600x1200.jpg?v=20130730","https://m2.spitogatos.gr/361877491_1600x1200.jpg?v=20130730","https://m3.spitogatos.gr/361877492_1600x1200.jpg?v=20130730","https://m1.spitogatos.gr/361877493_1600x1200.jpg?v=20130730","https://m2.spitogatos.gr/361877494_1600x1200.jpg?v=20130730","https://m3.spitogatos.gr/361877495_1600x1200.jpg?v=20130730","https://m1.spitogatos.gr/361877496_1600x1200.jpg?v=20130730","https://m1.spitogatos.gr/361877499_1600x1200.jpg?v=20130730","https://m3.spitogatos.gr/361877501_1600x1200.jpg?v=20130730","https://m2.spitogatos.gr/361877503_1600x1200.jpg?v=20130730","https://m2.spitogatos.gr/361877506_1600x1200.jpg?v=20130730","https://m1.spitogatos.gr/361877508_1600x1200.jpg?v=20130730","https://m2.spitogatos.gr/361877512_1600x1200.jpg?v=20130730","https://m3.spitogatos.gr/361877516_1600x1200.jpg?v=20130730",,,"0","0","2","1","37.935764",,"1","1","23.698418",,"0","0","0","2026-07-31","0","0",,"1",,"1","1",,,"0","0","1",,"0","0","0","1400",,,"0","0","0","0","12.17",,,"1","3","6",,"1","1","2020","0",,"3","0","1",,"0","115","0",,,"0","1","0","2026-07-15","https://www.spitogatos.gr/en/property/1220388255",,"1","0","2008",,"residential"
"1","1","no","up","2",,,,,"0","1","0","0","2026-07-06","0","1","1","0","1","0",,"house","0","30",,"0",,"Διαμέρισμα Προς Ενοικίαση, όροφος: 1ος, στην περιοχή: Παλαιό Φάληρο. Το εμβαδόν του ακινήτου είναι 110 τ.μ.. Αποτελείται από: 3 Υ/Δ, 1 μπάνιο/α, 1 wc, 1 κουζίνα/ες, 1 σαλόνι/α, ενώ διαθέτει 1 θέσεις στάθμευσης (1 Στην πιλοτή). Έχει κατασκευαστεί το 2004. Η θέρμανση του ακινήτου είναι Αυτόνομη με Φυσικό αέριο, ενώ επίσης διατίθεται Κλιματισμός, έχει κουφώματα Αλουμινίου με Διπλά τζάμια, ενεργειακό πιστοποιητικό: Β και τα δάπεδα είναι: Πλακάκια, Ξύλο. Η κατάστασή του είναι: Πολύ καλή, βρίσκεται κοντά σε Συγκοινωνίες, Σχολείο, Πλατεία, Παιδικό σταθμό, Λαική αγορά, Super Market, Εμπορικό Κέντρο, έχει θέα Ανοιχτωσιά και έχει Βόρειοδυτικό προσανατολισμό. Το ακίνητο είναι Φωτεινό, Ευάερο, Ευήλιο και επίσης διαθέτει τα παρακάτω χαρακτηριστικά και πλεονεκτήματα: Σίτες, Τέντες, Ασανσέρ, Αποθήκη, Πόρτα Ασφαλείας, Συναγερμός, Επιτρέπονται Κατοικίδια, Βεράντα. Τιμή: €1.200. Equal Real Estate, Τηλέφωνο Επικοινωνίας: 2106203777, email: equal.pr.mn@gmail.com, website: www.equal.pr.mn@gmail.com<br />
<br />
Μπορείτε να δείτε περισσότερα ακίνητα στο site μας equalestate.gr",,,"0","1","4",,,,,,,,,"0","1","2026-07-06","6","10","0","no","yes","0","Αθήνα - Νότια Προάστια (Αττική)","Παλαιό Φάληρο (Αθήνα - Νότια Προάστια)","1","105103","102","2217",,"Double","1","2","0","0","1","1220310393","https://m2.spitogatos.gr/360575605_1600x1200.jpg?v=20130730","https://m2.spitogatos.gr/360575608_1600x1200.jpg?v=20130730","https://m3.spitogatos.gr/360575612_1600x1200.jpg?v=20130730","https://m2.spitogatos.gr/360575614_1600x1200.jpg?v=20130730","https://m3.spitogatos.gr/360575618_1600x1200.jpg?v=20130730","https://m2.spitogatos.gr/360575623_1600x1200.jpg?v=20130730","https://m2.spitogatos.gr/360575629_1600x1200.jpg?v=20130730","https://m3.spitogatos.gr/360575633_1600x1200.jpg?v=20130730","https://m1.spitogatos.gr/360575637_1600x1200.jpg?v=20130730","https://m1.spitogatos.gr/360575640_1600x1200.jpg?v=20130730","https://m3.spitogatos.gr/360575642_1600x1200.jpg?v=20130730","https://m3.spitogatos.gr/360575645_1600x1200.jpg?v=20130730","https://m1.spitogatos.gr/360575646_1600x1200.jpg?v=20130730","https://m1.spitogatos.gr/360575649_1600x1200.jpg?v=20130730","https://m3.spitogatos.gr/360575651_1600x1200.jpg?v=20130730","https://m2.spitogatos.gr/360575653_1600x1200.jpg?v=20130730","https://m3.spitogatos.gr/360575654_1600x1200.jpg?v=20130730","https://m3.spitogatos.gr/360575657_1600x1200.jpg?v=20130730","https://m3.spitogatos.gr/360575660_1600x1200.jpg?v=20130730","https://m3.spitogatos.gr/360575666_1600x1200.jpg?v=20130730","https://m3.spitogatos.gr/360575669_1600x1200.jpg?v=20130730",,,,,"0","0","2","1","37.941547",,"1","1","23.699821",,"0","0","0","2026-07-31","0","0",,"0",,"1","1",,"6","0","0","1","1","0","0","0","1200",,,"0","0","0","0","10.91",,,"1","3","6",,"1","0",,"0",,"3","0","1",,"0","110","1",,,"0","1","0","2026-07-06","https://www.spitogatos.gr/en/property/1220310393",,"1","0","2004",,"residential"
"1","1","no","up","2",,,,,"1","0","0","0","2026-07-29","0","1","1","15","1","0","true","house","0","0",,"1",,"Παλαιό Φάληρο, Αμφιθέα, Αττική. Διαμέρισμα επιφανείας 90 τετραγωνικών μέτρων, 1ου ορόφου, 2 υπνοδωμάτια, 1 σαλόνι, 1 κουζίνα, 1 μπάνιο, ανακαινισμένο, πόρτα ασφαλείας, μηδενικά κοινόχρηστα, κλιματισμός, βεράντα, κουφώματα αλουμινίου, διπλά τζάμια, πατώματα με πλακάκι και ξύλο, ατομική θέρμανση με ρεύμα, πατάρι 5 τ.μ., φωτεινό, διαμπερές, πλησίον αγοράς και άμεσα προσβάσιμο σε στάση tram. Περιοχή καλή και ήσυχη. Η τοποθεσία είναι ενδεικτική. Τιμή €700/μήνα, Τηλ.: +30 6949141434, site: www.primavistarealty.gr, email: primavistarealestate@gmail.com, Μεσιτικό Γραφείο: Prima Vista Real Estate, Λεωφόρος Αναβύσσου - Σαρωνίδας αρ. 121, 19013 Ανάβυσσος.","1000",,"0","0","7",,,,,,,,,"1","0","2026-07-29","6","10","1","no","no","1","Αθήνα - Νότια Προάστια (Αττική)","Παλαιό Φάληρο (Αθήνα - Νότια Προάστια)","1","105103","102","2217","329492","Double","4","4","0","1","1","1220525619","https://m1.spitogatos.gr/363746016_1600x1200.jpg?v=20130730","https://m2.spitogatos.gr/363746020_1600x1200.jpg?v=20130730","https://m1.spitogatos.gr/363746031_1600x1200.jpg?v=20130730","https://m3.spitogatos.gr/363746033_1600x1200.jpg?v=20130730","https://m3.spitogatos.gr/363746018_1600x1200.jpg?v=20130730","https://m3.spitogatos.gr/363746006_1600x1200.jpg?v=20130730","https://m2.spitogatos.gr/363746008_1600x1200.jpg?v=20130730","https://m3.spitogatos.gr/363746009_1600x1200.jpg?v=20130730","https://m1.spitogatos.gr/363746010_1600x1200.jpg?v=20130730","https://m1.spitogatos.gr/363746013_1600x1200.jpg?v=20130730","https://m2.spitogatos.gr/363746014_1600x1200.jpg?v=20130730","https://m3.spitogatos.gr/363746015_1600x1200.jpg?v=20130730","https://m1.spitogatos.gr/363746019_1600x1200.jpg?v=20130730","https://m3.spitogatos.gr/363746021_1600x1200.jpg?v=20130730","https://m1.spitogatos.gr/363746022_1600x1200.jpg?v=20130730","https://m2.spitogatos.gr/363746023_1600x1200.jpg?v=20130730","https://m3.spitogatos.gr/363746024_1600x1200.jpg?v=20130730","https://m1.spitogatos.gr/363746025_1600x1200.jpg?v=20130730","https://m2.spitogatos.gr/363746026_1600x1200.jpg?v=20130730","https://m3.spitogatos.gr/363746027_1600x1200.jpg?v=20130730","https://m2.spitogatos.gr/363746029_1600x1200.jpg?v=20130730","https://m3.spitogatos.gr/363746030_1600x1200.jpg?v=20130730","https://m2.spitogatos.gr/363746032_1600x1200.jpg?v=20130730","https://m3.spitogatos.gr/363746012_1600x1200.jpg?v=20130730","https://m2.spitogatos.gr/363746011_1600x1200.jpg?v=20130730","1","1","2","1","37.929005",,"1","0","23.70789","250","0","0","1","2026-07-31","0","1",,"0",,"0","1","2","3","1",,"1","1","0","0","0","700",,,"0","0","0","0","7.78",,,"1","3","6",,"1","1","2024","0","1","2","0","1",,"1","90","1","5","Αχιλλέως 103, Παλαιό Φάληρο 17563","1","1","0","2026-07-29","https://www.spitogatos.gr/en/property/1220525619",,"1","1","1980",,"residential"
"1","1","yes","up","2",,,,,"1","0","0","0","2026-09-01","1","0","1","0","1","0",,"house","0","60",,"1","120","Πλήρως Επιπλωμένο  και εξοπλισμένο οροφοδιαμέρισμα πρώτου ορόφου, με θέση στάθμευσης και κοινόχρηστο κήπο.<br />
Πολύ κοντά σε τραμ, λεωφορεία, σουπερ μαρκετ και μαγαζιά.<br />
Είναι πάρα πολύ φωτεινό με ανεμπόδιστη οικιστική θέα.<br />
Μεγάλη κουζίνα με εσωτερικό παράθυρο στην τραπεζαρία.Διαθέτει κουζίνα, ψυγείο και αποροφητήρα.<br />
Ευρύχωρο σαλόνι με smart TV και σύνδεση σε καλωδιακή.<br />
Περιμετρικά μπαλκόνια. 2 ευρύχωρα υπνοδωμάτια με διπλά κρεβάτια και γραφείο. Απίστευτα μεγάλες ντουλάπες.<br />
Μπάνιο μινιμαλ αισθητικής με ντουζιέρα - τζάμι.Διαθέτει πλυντήριο ρούχων και πλυντηριο πιατων.<br />
<br />
> Η τιμή μίσθωσης είναι χωρίς λογαριασμούς και για μισθώσεις 1+ έτους.<br />
> λογαριασμοί νερού, ρεύματος, ιντερνετ + κοινόχρηστα περίπου 300 ευρω το μήνα<br />
> Μίσθωση και διαχείριση μέσω εταιρείας διαχείρισης και κατασκευής ακινήτων.<br />
<br />
<br />
<br />
Διαρρύθμιση δωματίων ύπνου<br />
<br />
Υπέρδιπλο κρεβάτι: 160 εκ.<br />
Διπλό κρεβάτι: 140 εκ. ή γραφείο<br />
<br />
<br />
Παροχές κτιρίου<br />
- θέση στάθμευσης<br />
- Ασανσέρ<br />
- Αποθήκη<br />
<br />
<br />
<br />
Το Παλαιό Φάληρο είναι μια παραλιακή συνοικία, μόλις 6 χλμ, από το κέντρο της Αθήνας. Εδώ θα βρείτε την μαρίνα Φλοίσβου, μια σύγχρονη μαρίνα που φιλοξενεί ιδιωτικά γιοτ καθώς και πολλά καταστήματα, εστιατόρια και καφέ. Επίσης, το Παλαιό Φάληρο, βρίσκεται πολύ κοντά στο Κέντρο Πολιτισμού Ίδρυμα Σταύρος Νιάρχος όπου φιλοξενούνται οι εγκαταστάσεις της Εθνικής Βιβλιοθήκης της Ελλάδος και της Εθνικής Λυρικής Σκηνής, καθώς και το Πάρκο Σταύρος Νιάρχος, ένα από τα μεγαλύτερα σημεία πρασίνου στην Αθήνα. Η περιοχή εξυπηρετείται από το τραμ καθώς και πολλά λεωφορεία.",,,"0","1","3",,,,,,,,,"1","0","2026-02-10","6","2",,"yes","yes","1","Αθήνα - Νότια Προάστια (Αττική)","Παλαιό Φάληρο (Αθήνα - Νότια Προάστια)","1","105103","102","2217","329492",,"4","4","0",,"1","1215651913","https://m2.spitogatos.gr/359633467_1600x1200.jpg?v=20130730","https://m3.spitogatos.gr/359633465_1600x1200.jpg?v=20130730","https://m1.spitogatos.gr/359633463_1600x1200.jpg?v=20130730","https://m1.spitogatos.gr/359633433_1600x1200.jpg?v=20130730","https://m1.spitogatos.gr/359633466_1600x1200.jpg?v=20130730","https://m1.spitogatos.gr/359633457_1600x1200.jpg?v=20130730","https://m2.spitogatos.gr/359633455_1600x1200.jpg?v=20130730","https://m2.spitogatos.gr/359633458_1600x1200.jpg?v=20130730","https://m3.spitogatos.gr/359633459_1600x1200.jpg?v=20130730","https://m2.spitogatos.gr/359633431_1600x1200.jpg?v=20130730","https://m3.spitogatos.gr/359633468_1600x1200.jpg?v=20130730","https://m3.spitogatos.gr/359633456_1600x1200.jpg?v=20130730",,,,,,,,,,,,,,"0",,"2","1",,,"1","1",,"300","1","0",,"2026-07-30","0","0",,"0",,"0","1","5","3","1",,"0",,"0","0","0","1150",,,"0","0","0","0","11.5",,,"4",,,,"1","1","2026","0",,"2","1","1",,"0","100","0",,,,"1","0","2024-04-15","https://www.spitogatos.gr/en/property/1215651913",,"0","1","1990",,
"1","6",,"prime","3",,,,,,,,"0","2026-07-10","0","1","1","0",,,,"house",,,,,,"πλήρως ανακαινισμένο οροφοδιαμέρισμα 86 τ.μ. στον 6ο όροφο, στο κέντρο του Παλαιού Φαλήρου. Διαθέτει 2 υπνοδωμάτια, ευρύχωρο σαλόνι, ανεξάρτητη κουζίνα και μπάνιο. Είναι ιδιαίτερα φωτεινό, με μεγάλες βεράντες και ανεμπόδιστη θέα σε ανοιχτό ορίζοντα και Ακρόπολη. Ανακαινισμένο το 2026, με πόρτα ασφαλείας, ενεργειακά κουφώματα, ηλεκτρικά ρολά, σίτες, τέντες και κλιματισμό σε όλους τους χώρους. Βρίσκεται κοντά σε μέσα μεταφοράς, σούπερ μάρκετ και λαϊκή αγορά. Άμεσα διαθέσιμο.",,,,"1","6",,,,,,,,,,,"2026-07-10","11",,,,"no",,"Αθήνα - Νότια Προάστια (Αττική)","Παλαιό Φάληρο (Αθήνα - Νότια Προάστια)","1","105103","102","2217","329490",,"3",,,,"1","1220351469","https://m3.spitogatos.gr/361230416_1600x1200.jpg?v=20130730","https://m3.spitogatos.gr/361230434_1600x1200.jpg?v=20130730","https://m2.spitogatos.gr/361230436_1600x1200.jpg?v=20130730","https://m2.spitogatos.gr/361230418_1600x1200.jpg?v=20130730","https://m1.spitogatos.gr/361230438_1600x1200.jpg?v=20130730","https://m3.spitogatos.gr/361230419_1600x1200.jpg?v=20130730","https://m2.spitogatos.gr/361230421_1600x1200.jpg?v=20130730","https://m1.spitogatos.gr/361230423_1600x1200.jpg?v=20130730","https://m2.spitogatos.gr/361230424_1600x1200.jpg?v=20130730","https://m3.spitogatos.gr/361230425_1600x1200.jpg?v=20130730","https://m3.spitogatos.gr/361230428_1600x1200.jpg?v=20130730","https://m2.spitogatos.gr/361230430_1600x1200.jpg?v=20130730","https://m3.spitogatos.gr/361230431_1600x1200.jpg?v=20130730","https://m1.spitogatos.gr/361230432_1600x1200.jpg?v=20130730","https://m2.spitogatos.gr/361230439_1600x1200.jpg?v=20130730","https://m1.spitogatos.gr/361230441_1600x1200.jpg?v=20130730","https://m1.spitogatos.gr/361230444_1600x1200.jpg?v=20130730","https://m2.spitogatos.gr/361230445_1600x1200.jpg?v=20130730","https://m1.spitogatos.gr/361230447_1600x1200.jpg?v=20130730",,,,,,,,,"2","1","37.93087",,"1","1","23.69663",,,,,"2026-07-31","0",,,,,"0","1",,,,,"1",,,,,"1050",,,"0","0","0","0","12.21",,,"1","3","6",,"1","1",,,,"2",,"1",,,"86","1",,,,"1",,"2026-07-10","https://www.spitogatos.gr/en/property/1220351469",,"1","1","1975",,"residential"
"1","3","yes","up","2",,,,,"1","1","0","0","2026-09-01","0","1","1","20","1","0",,"house",,,,"1",,"Κωδικός ακινήτου: 838274 - Παλαιό Φάληρο Κέντρο  ΕΝΟΙΚΙΑΖΕΤΑΙ   νεόδμητο επιπλωμένο διαμέρισμα  στον 3 ο όροφο συνολικής επιφάνειας 96.00 τ.μ.  . Αποτελείται από 2 υπνοδωμάτια,  σαλοκουζίνα, μπάνιο και WC. Είναι κατασκευασμένο το 2025 με ενεργειακή κλάση Α+  και διαθέτει θέρμανση αυτόνομη - φυσικού αερίου, απεριόριστη θέα, κουφώματα ενεργειακά, ξύλινα πατώματα, πόρτα θωρακισμένη, εντοιχιζόμενες ντουλάπες, ανελκυστήρα, πρόσβαση ΑΜΕΑ, πάρκινγκ, αποθήκη 6 τ.μ., κήπο, εγκαταστάσεις φόρτισης ηλεκτρικού αυτοκινήτου, A/C, συναγερμό, ηλεκτρικές συσκευές, τέντες, σίτες, διπλά τζάμια, boiler, θυροτηλεόραση, ανοιχτωσιά, οπτικές ίνες, μπαλκόνια 20 τ.μ.      - Τιμή: 1.850 €  <br><br>Ένα νεόδμητο διαμέρισμα πολυτελούς κατασκευής σε κτήριο υψηλών προδιαγραφών σε προνομιακή περιοχή των νοτίων προαστίων. Βρίσκεται σε εξαιρετικό σημείο, δίπλα σε συγκοινωνίες, καταστήματα γενικού ενδιαφέροντος, χώρους εστίασης και προσφέρει άμεση πρόσβαση σε κεντρικές οδικές αρτηρίες. Είναι πλήρως επιπλωμένο και εξοπλισμένο με όλες τις σύγχρονες ηλεκτρικές συσκευές (Bosch και Miele), καθώς και 3 a/c Daikin και TV Lg. Διαθέτει ευρύχωρα δωμάτια, ενδοδαπέδια θέρμανση, μεγάλες βεράντες που επιτρέπουν τον φυσικό φωτισμό του χώρου και χώρο στάθμευσης υπογείου που μπορεί να φιλοξενήσει 2 οχήματα. Στο ακίνητο έχουν χρησιμοποιηθεί υλικά υψηλής αισθητικής, η διαρρύθμισή του είναι απόλυτα λειτουργική και αποτελεί την ιδανική επιλογή για μία άμεση, άνετη και πολυτελή διαβίωση. <br>Η τοποθεσία του ακινήτου εμφανίζεται στον χάρτη κατά προσέγγιση.Poreia Real Estate, Τηλ. Επικοινωνίας: 2291078133 , email: info@poreiarealestate.gr /  www.poreiarealestate.gr",,,"1","1","1",,,,,,,,,"1","0","2026-05-02","8","2","0","yes","yes","1","Αθήνα - Νότια Προάστια (Αττική)","Παλαιό Φάληρο (Αθήνα - Νότια Προάστια)","1","105103","102","2217","329470","Double","1","2","0","0","1","1219813128","https://m2.spitogatos.gr/352167109_1600x1200.jpg?v=20130730","https://m3.spitogatos.gr/352167110_1600x1200.jpg?v=20130730","https://m1.spitogatos.gr/352167111_1600x1200.jpg?v=20130730","https://m2.spitogatos.gr/352167112_1600x1200.jpg?v=20130730","https://m3.spitogatos.gr/352167113_1600x1200.jpg?v=20130730","https://m1.spitogatos.gr/352167114_1600x1200.jpg?v=20130730","https://m2.spitogatos.gr/352167115_1600x1200.jpg?v=20130730","https://m3.spitogatos.gr/352167116_1600x1200.jpg?v=20130730","https://m2.spitogatos.gr/352167118_1600x1200.jpg?v=20130730","https://m3.spitogatos.gr/352167119_1600x1200.jpg?v=20130730","https://m1.spitogatos.gr/352167120_1600x1200.jpg?v=20130730","https://m2.spitogatos.gr/352167121_1600x1200.jpg?v=20130730","https://m3.spitogatos.gr/352167122_1600x1200.jpg?v=20130730","https://m1.spitogatos.gr/352167123_1600x1200.jpg?v=20130730","https://m2.spitogatos.gr/352167124_1600x1200.jpg?v=20130730","https://m3.spitogatos.gr/352167125_1600x1200.jpg?v=20130730","https://m1.spitogatos.gr/352167126_1600x1200.jpg?v=20130730","https://m3.spitogatos.gr/352167128_1600x1200.jpg?v=20130730",,,,,,,,"0","0",,"1","37.930145",,"1","1","23.711458",,"1",,,"2026-07-30","1","0","1","0",,"1","1","6","3","1","0","1","1","0","0","0","1850",,,"0","0","0","0","19.27",,,"1","3","6",,"1","0",,"0","2","2","0","1",,"0","96","1","6",,"0","1","0","2026-05-02","https://www.spitogatos.gr/en/property/1219813128",,"1","0","2025","6qK6yqtpQms","residential"
"1","4","no","up","2","Emi","95459","Gega","6944717784","1","0","0","0","2026-05-22","0","0","0","0","1","0",,"house",,,,"0",,"Κωδικός ακινήτου: 12-1825 - Παλαιό Φάληρο Κέντρο  ΕΝΟΙΚΙΑΖΕΤΑΙ   ανακαινισμένο  διαμέρισμα  στον 4 ο όροφο συνολικής επιφάνειας 114.00 τ.μ.  . Αποτελείται από 2 υπνοδωμάτια, σαλόνι, κουζίνα, μπάνιο και WC. Είναι κατασκευασμένο το 2015 με ενεργειακή κλάση Γ  και διαθέτει θέρμανση αυτόνομη - φυσικού αερίου, απεριόριστη θέα, κουφώματα αλουμινίου, πατώματα από πλακάκι και ξύλο, πόρτα ασφαλείας,  ανελκυστήρα, A/C, θυροτηλεόραση, νυχτερινό ρεύμα      - Τιμή: 1.500 €  <br>Ενοικιάζεται φωτεινό και ιδιαίτερα λειτουργικό διαμέρισμα 114 τ.μ. στο Παλαιό Φάληρο, στον 4ο όροφο προσεγμένης πολυκατοικίας, σε εξαιρετική τοποθεσία κοντά σε αγορά, συγκοινωνίες και όλες τις καθημερινές παροχές. Το ακίνητο διαθέτει άνετους και ευέλικτους χώρους, αποτελούμενους από δύο υπνοδωμάτια — ένα πολύ μεγάλο και ένα μικρότερο — με δυνατότητα διαμόρφωσης ακόμη ενός επιπλέον μικρού υπνοδωματίου ή γραφείου, καλύπτοντας ιδανικά τις ανάγκες οικογένειας ή επαγγελματιών που εργάζονται από το σπίτι. Περιλαμβάνει ευρύχωρο καθιστικό, ένα μπάνιο και επιπλέον WC, ενώ τα δύο μεγάλα μπαλκόνια συνολικής επιφάνειας περίπου 70 τ.μ. προσφέρουν άνεση και εξαιρετική αίσθηση εξωτερικού χώρου.\r\nΤο διαμέρισμα είναι βαμμένο, διαθέτει πολλές εντοιχισμένες ντουλάπες και προσφέρεται με ηλεκτρικές συσκευές, συμπεριλαμβανομένων ψυγείου, κουζίνας και απορροφητήρα. Κατασκευής 2015 και ανακαινισμένο το 2017, διαθέτει αυτόνομη θέρμανση φυσικού αερίου, νυχτερινό ρεύμα, θυροτηλεόραση και πόρτα ασφαλείας, ενώ είναι ιδανικό και για άτομα με μειωμένη κινητικότητα (ΑμεΑ). Δεν διαθέτει αποθήκη και δεν γίνονται δεκτά κατοικίδια. Ενεργειακή κλάση Γ. Μια εξαιρετική επιλογή κατοικίας σε μία από τις πιο δημοφιλείς περιοχές των νοτίων προαστίων, με ζητούμενο μίσθωμα €1.500 μηνιαίως. <br>",,,,"1","5",,,,,,,,,"0","0","2026-05-22","9","10","0","no","no","0","Αθήνα - Νότια Προάστια (Αττική)","Παλαιό Φάληρο (Αθήνα - Νότια Προάστια)","1","105103","102","2217","329492","Single","1","2","0","0","1","1219933046","https://m1.spitogatos.gr/354319281_1600x1200.jpg?v=20130730","https://m3.spitogatos.gr/354319286_1600x1200.jpg?v=20130730","https://m1.spitogatos.gr/354319293_1600x1200.jpg?v=20130730","https://m3.spitogatos.gr/354319301_1600x1200.jpg?v=20130730","https://m2.spitogatos.gr/354319309_1600x1200.jpg?v=20130730","https://m2.spitogatos.gr/354319312_1600x1200.jpg?v=20130730","https://m2.spitogatos.gr/354319330_1600x1200.jpg?v=20130730","https://m3.spitogatos.gr/354319340_1600x1200.jpg?v=20130730","https://m3.spitogatos.gr/354319355_1600x1200.jpg?v=20130730","https://m2.spitogatos.gr/354319366_1600x1200.jpg?v=20130730","https://m3.spitogatos.gr/354319397_1600x1200.jpg?v=20130730","https://m1.spitogatos.gr/354319410_1600x1200.jpg?v=20130730","https://m2.spitogatos.gr/354319435_1600x1200.jpg?v=20130730","https://m1.spitogatos.gr/354319443_1600x1200.jpg?v=20130730","https://m2.spitogatos.gr/354319447_1600x1200.jpg?v=20130730","https://m2.spitogatos.gr/354319453_1600x1200.jpg?v=20130730","https://m1.spitogatos.gr/354319458_1600x1200.jpg?v=20130730","https://m1.spitogatos.gr/354319461_1600x1200.jpg?v=20130730","https://m3.spitogatos.gr/354319466_1600x1200.jpg?v=20130730","https://m1.spitogatos.gr/354319473_1600x1200.jpg?v=20130730","https://m3.spitogatos.gr/354319478_1600x1200.jpg?v=20130730","https://m1.spitogatos.gr/354319482_1600x1200.jpg?v=20130730","https://m3.spitogatos.gr/354319490_1600x1200.jpg?v=20130730","https://m2.spitogatos.gr/354319504_1600x1200.jpg?v=20130730","https://m1.spitogatos.gr/354319515_1600x1200.jpg?v=20130730","0","0","2","1","37.935616",,,"1","23.69821",,"0",,,"2026-07-30","0","0","1","1",,"1","1",,,"1","0","0",,"0","0","0","1500",,,"0","0","0","0","13.16",,,"1","3","6",,"1","1",,"0","7","2","0","1",,"0","114","0",,,"0","1","0","2026-05-22","https://www.spitogatos.gr/en/property/1219933046",,"1","0","2015",,"residential"
"1","3","no","up","2",,,,,"0","0","0","0","2026-07-16","0","1","1","0","1","0",,"house","0","70",,"1",,"Διαμέρισμα Προς Ενοικίαση, όροφος: 3ος, στην περιοχή: Παλαιό Φάληρο. Το εμβαδόν του ακινήτου είναι 125 τ.μ. και βρίσκεται σε οικόπεδο 250 τ.μ.. Αποτελείται από: 3 Υ/Δ, 1 μπάνιο/α, 1 wc, 1 σαλόνι/α, ενώ διαθέτει 1 θέσεις στάθμευσης (1 Σε ανοιχτό χώρο). Η θέρμανση του ακινήτου είναι Αυτόνομη με Φυσικό αέριο, ενώ επίσης διατίθεται Κλιματισμός, Boiler, Καλοριφέρ, έχει κουφώματα Αλουμινίου με Διπλά τζάμια, ενεργειακό πιστοποιητικό: Γ και τα δάπεδα είναι: Ξύλο, Μάρμαρο. Η κατάστασή του είναι: Πολύ καλή, βρίσκεται κοντά σε Τραμ, Συγκοινωνίες, Πάρκο, Θάλασσα, Παραλία, Σχολείο, Πλατεία, Εκκλησία, Παιδικό σταθμό, Super Market, Εστίαση, έχει θέα Ανοιχτωσιά και έχει Ανατολικομεσημβρινό προσανατολισμό. Το ακίνητο είναι Βαμμένο, Επιπλωμένο, Γωνιακό, Προσόψεως, Φωτεινό, Ευάερο, Ευήλιο, Παραθαλάσσιο, είναι κατάλληλο για Πρεσβεία και επίσης διαθέτει τα παρακάτω χαρακτηριστικά και πλεονεκτήματα: Τέντες, Ασανσέρ, Ηλεκτρ. Συσκευές, Αποθήκη, Πόρτα Ασφαλείας, Θυροτηλεόραση, Internet, Δορυφορική, Επιτρέπονται Κατοικίδια. Τιμή: €1.300. DC Luxury Lifestyle Properties, Τηλέφωνο Επικοινωνίας: 2117256768, email: info@dcproperties.gr<br />
<br />
Για την καλύτερη ενημέρωση σας σχετικά με το ακίνητο ΜΗΝ παραλείψετε να παρακολουθήσετε το αναλυτικό βίντεο του ακινήτου που υπάρχει στην αγγελία.<br />
<br />
Σε περίπτωση κατάρτισης συμβάσεως, το μεσιτικό μας γραφείο αμείβεται με το ισόποσο ενός μισθώματος (πλέον 24% Φ.Π.Α.).<br />
<br />
Για την υπόδειξη ακινήτου απαιτείται προσκόμιση της αστυνομικής ταυτότητας ή διαβατηρίου και του Α.Φ.Μ. σας σύμφωνα με τον Ν.4072/11-4-2012 ΦΕΚ 86Α .<br />
<br />
ΕΠΙΣΗΜΑΝΣΗ Όλες οι πληροφορίες βασίζονται σε πληροφορίες που έχει προσκομίσει ο εντολέας. Η εταιρεία και οι συνεργάτες λειτουργούν στα πλαίσια εσωτερικού κανονισμού πιστοποιώντας την ποιότητα των παρεχόμενων υπηρεσιών σύμφωνα με τον νόμο περί μεσιτείας της Ελληνικής και Ευρωπαϊκής νομοθεσίας. Μέλος Μεσιτικού Συλλόγου Αττικής (ΣΜΑΣΑΑ) Και της Ευρωπαϊκής Ένωσης Μεσιτών(PAC/CEPI).<br />
<br />
Η θέση του ακινήτου στο χάρτη έχει τοποθετηθεί κατά προσέγγιση. Η ακριβής διεύθυνσης του ακινήτου παρέχεται κατά την υπόδειξη του.",,,"0","1","5",,,,,,,,,"1","0","2026-07-16","8","6","0","yes","yes","0","Αθήνα - Νότια Προάστια (Αττική)","Παλαιό Φάληρο (Αθήνα - Νότια Προάστια)","1","105103","102","2217",,"Double","1","2","0","0","1","1220401268","https://m1.spitogatos.gr/362077920_1600x1200.jpg?v=20130730","https://m3.spitogatos.gr/362077922_1600x1200.jpg?v=20130730","https://m2.spitogatos.gr/362077924_1600x1200.jpg?v=20130730","https://m1.spitogatos.gr/362077926_1600x1200.jpg?v=20130730","https://m3.spitogatos.gr/362077928_1600x1200.jpg?v=20130730","https://m1.spitogatos.gr/362077929_1600x1200.jpg?v=20130730","https://m2.spitogatos.gr/362077930_1600x1200.jpg?v=20130730","https://m3.spitogatos.gr/362077931_1600x1200.jpg?v=20130730","https://m1.spitogatos.gr/362077932_1600x1200.jpg?v=20130730","https://m2.spitogatos.gr/362077933_1600x1200.jpg?v=20130730","https://m3.spitogatos.gr/362077934_1600x1200.jpg?v=20130730",,,,,,,,,,,,,,,"0","0","2","0","37.931286",,"1","1","23.688892","250","0","0","0","2026-07-29","0","0",,"0",,"1","1",,"3","1","0","0","1","0","0","0","1300",,,"0","0","0","0","10.4",,,"1","3","6",,"1","0",,"0","1","3","1","1",,"0","125","1",,,"0","1","0","2026-07-16","https://www.spitogatos.gr/en/property/1220401268",,"1","0",,"iTa2sfOg0FY","residential"
,"1",,"up","2",,,,,,,"0","0","2024-08-30","0","1","1","0","1","0","true","house",,,,"0",,"Π .Φαληρο  Μπατής <br />
Στο καλύτερο σημείο <br />
διπλα στην παραλία ,στην αγορά και στο τραμ <br />
Διαμέρισμα πρώτου οροφου  80 τμ βλέπει στον κήπο με μεγάλο μπαλκόνι <br />
Σαλόνι -χωλ ,γραφείο ,ένα υπνοδωμάτιο (δυνατοτης δεύτερου )δρύινα πατωματα ,ανακαινισμένη κουζίνα -μπανιο ,αποθήκη εντός του διαμερίσματος ,τέντες .<br />
 Τιμη 750 euro <br />
Διαχείριση από LamdaProperties<br />
ΑΠΟΚΛΕΙΣΤΙΚΟΤΗΣ <br />
Τηλ επικοινωνιας 6946177872","50",,"0","1","5",,,,,,,,,,"0","2024-08-31","6","2",,"no",,"1","Αθήνα - Νότια Προάστια (Αττική)","Παλαιό Φάληρο (Αθήνα - Νότια Προάστια)","1","105103","102","2217","329498","Double","2","2","0",,"1","1216285021","https://m3.spitogatos.gr/293887547_1600x1200.jpg?v=20130730","https://m2.spitogatos.gr/302820874_1600x1200.jpg?v=20130730","https://m1.spitogatos.gr/302820882_1600x1200.jpg?v=20130730","https://m3.spitogatos.gr/293887541_1600x1200.jpg?v=20130730","https://m1.spitogatos.gr/293887542_1600x1200.jpg?v=20130730","https://m2.spitogatos.gr/293887546_1600x1200.jpg?v=20130730","https://m1.spitogatos.gr/293887557_1600x1200.jpg?v=20130730","https://m3.spitogatos.gr/302820872_1600x1200.jpg?v=20130730","https://m1.spitogatos.gr/302820873_1600x1200.jpg?v=20130730","https://m1.spitogatos.gr/302820876_1600x1200.jpg?v=20130730","https://m2.spitogatos.gr/302820877_1600x1200.jpg?v=20130730","https://m1.spitogatos.gr/302820879_1600x1200.jpg?v=20130730","https://m2.spitogatos.gr/302820880_1600x1200.jpg?v=20130730","https://m3.spitogatos.gr/302820881_1600x1200.jpg?v=20130730","https://m2.spitogatos.gr/302820883_1600x1200.jpg?v=20130730",,,,,,,,,,,"0",,"2","1","37.92186",,"1","1","23.698839",,,,,"2026-07-29","1",,,,,"0","1",,"2","1",,,"1","0","0","0","720",,,"0","0","0","0","9",,,"1","6",,,"1","1","2020","0","1","1",,"1",,,"80","1",,,,"1","0","2024-08-30","https://www.spitogatos.gr/en/property/1216285021",,,"0","1975",,"residential"
"1","5",,"up","2",,,,,"1","0","0","0","2025-06-17","0","1","1","0","1","0","true","house","0","25",,"1",,"Ενοικιάζεται διαμέρισμα 120τμ., 5ου ορόφου, σε ένα από τα καλύτερα σημεία του Παλαιού Φαλήρου, με θέα τη θάλασσα (100μ από τη θάλασσα), πολύ φωτεινό - διαμπερές, γωνιακό-προσόψεως, , μηνιαία κοινόχρηστα περίπου 25€, με 2 Υ\Δ, μεγάλη κουζίνα, μπάνιο, wc, 1 μεγάλο σαλόνι, ατομική θέρμανση φυσικό αέριο πόρτα ασφαλείας, ασανσέρ, κουφώματα αλουμινίου, μονούς υαλοπίνακες, περιτριγυρισμένο με βεράντες, τέντες, κοινόχρηστο κήπο, με πρόσβαση ΑΜΕΑ,<br />
<br />
Το διαμέρισμα είναι διαθέσιμο και επιπλωμένο και χωρίς έπιπλα.<br />
<br />
ΤΙΜΗ ΕΝΟΙΚΙΟΥ  : 1100€ (ΜΗ ΣΥΖΗΤΗΣΙΜΗ)","100",,"0","1","7",,,,,,,,,"1","0","2026-06-09","10","2","0",,"no","1","Αθήνα - Νότια Προάστια (Αττική)","Παλαιό Φάληρο (Αθήνα - Νότια Προάστια)","1","105103","102","2217","329497","Single","4","2","0","1","1","1217770378","https://m3.spitogatos.gr/318970064_1600x1200.jpg?v=20130730","https://m1.spitogatos.gr/318970059_1600x1200.jpg?v=20130730","https://m2.spitogatos.gr/318970771_1600x1200.jpg?v=20130730","https://m3.spitogatos.gr/318970061_1600x1200.jpg?v=20130730","https://m1.spitogatos.gr/318970125_1600x1200.jpg?v=20130730","https://m1.spitogatos.gr/318970203_1600x1200.jpg?v=20130730","https://m1.spitogatos.gr/318970263_1600x1200.jpg?v=20130730","https://m2.spitogatos.gr/318970294_1600x1200.jpg?v=20130730","https://m3.spitogatos.gr/318970448_1600x1200.jpg?v=20130730","https://m1.spitogatos.gr/318970449_1600x1200.jpg?v=20130730","https://m3.spitogatos.gr/318970451_1600x1200.jpg?v=20130730","https://m1.spitogatos.gr/318970452_1600x1200.jpg?v=20130730","https://m2.spitogatos.gr/318970750_1600x1200.jpg?v=20130730","https://m3.spitogatos.gr/318970751_1600x1200.jpg?v=20130730","https://m1.spitogatos.gr/318970500_1600x1200.jpg?v=20130730","https://m2.spitogatos.gr/318970501_1600x1200.jpg?v=20130730","https://m2.spitogatos.gr/318970996_1600x1200.jpg?v=20130730","https://m1.spitogatos.gr/318970503_1600x1200.jpg?v=20130730","https://m2.spitogatos.gr/318970504_1600x1200.jpg?v=20130730","https://m1.spitogatos.gr/318970572_1600x1200.jpg?v=20130730","https://m1.spitogatos.gr/318970575_1600x1200.jpg?v=20130730","https://m2.spitogatos.gr/318970576_1600x1200.jpg?v=20130730",,,,"0","0","2","1","37.928669",,"1","1","23.689939",,"0","0","0","2026-07-27","1","0",,"0",,"1","1",,,"0","0","1",,"0","0","0","1100",,,"0","0","0","0","9.17",,,"1",,,,"1","0",,"0","1","2","0","1",,,"120","0",,,"1","1","0","2025-06-17","https://www.spitogatos.gr/en/property/1217770378",,"1","0","1974",,"residential"
"1","1","no","up","2",,,,,"0","1","1","0","2026-03-17","0","1","1","0","1","0",,"house","0",,,"1",,"Κωδικός Ακινήτου: 90-2305487. Μεζονέτα Προς Ενοικίαση, όροφος: 1ος, 2ος, 3ος (3 Επίπεδα), στην περιοχή: Παλαιό Φάληρο. Το εμβαδόν του ακινήτου είναι 180 τ.μ.. Αποτελείται από: 3 Υ/Δ (1 Master), 3 μπάνιο/α, 1 wc, 1 κουζίνα/ες, 1 σαλόνι/α, ενώ διαθέτει 3 θέσεις στάθμευσης (3 Σε ανοιχτό χώρο). Έχει κατασκευαστεί το 1995 και ανακαινίστηκε το 2025. Η θέρμανση του ακινήτου είναι Αυτόνομη με Ρεύμα, ενώ επίσης διατίθεται Θέρμανση ανά επίπεδο, Κλιματισμός, Ηλιακός, Ηχομόνωση, Θερμομόνωση, έχει κουφώματα Ξύλινα με Διπλά τζάμια, ενεργειακό πιστοποιητικό: Β και τα δάπεδα είναι: Πλακάκια, Ξύλο, Μάρμαρο. Η κατάστασή του είναι: Ανακαινισμένο, Φρεσκοβαμμένο, Καταπληκτική, βρίσκεται κοντά σε Τραμ, Συγκοινωνίες, Πάρκο, Θάλασσα, Σχολείο, Πλατεία, Εκκλησία, Παιδικό σταθμό, Λαική αγορά, Super Market, Κέντρα διασκέδασης, Εστίαση, έχει θέα Πράσινο, Ανοιχτωσιά, Ανεμπόδιστη, Αστικό τοπίο και έχει Νότιο, Νοτιοανατολικό προσανατολισμό. Το ακίνητο είναι Βαμμένο, Επιπλωμένο, Γωνιακό, Ρετιρέ, Προσόψεως, Φωτεινό, Ευάερο, Ευήλιο και επίσης διαθέτει τα παρακάτω χαρακτηριστικά και πλεονεκτήματα: Τέντες, Ηλεκτρ. Συσκευές, Αποθήκη, Σοφίτα, Εσωτερική σκάλα, Πόρτα Ασφαλείας, Θυροτηλεόραση, Συναγερμός, Πυροσβεστήρες, Χωρίς Κοινόχρηστα, Δορυφορική, Βεράντα. Τιμή: €2.300. Hive, Τηλέφωνο Επικοινωνίας: 2111999014, email: info@hive.com.gr",,,"0","0","4",,,,,,,,,"1","1","2026-03-17","6","6","0","yes","yes","0","Αθήνα - Νότια Προάστια (Αττική)","Παλαιό Φάληρο (Αθήνα - Νότια Προάστια)","1","105103","102","2217",,"Double","1","4","0","0","1","1219561436","https://m3.spitogatos.gr/347985809_1600x1200.jpg?v=20130730","https://m2.spitogatos.gr/347985811_1600x1200.jpg?v=20130730","https://m2.spitogatos.gr/347985814_1600x1200.jpg?v=20130730","https://m3.spitogatos.gr/347985818_1600x1200.jpg?v=20130730","https://m2.spitogatos.gr/347985823_1600x1200.jpg?v=20130730","https://m1.spitogatos.gr/347985825_1600x1200.jpg?v=20130730","https://m1.spitogatos.gr/347985828_1600x1200.jpg?v=20130730","https://m1.spitogatos.gr/347985831_1600x1200.jpg?v=20130730","https://m3.spitogatos.gr/347985836_1600x1200.jpg?v=20130730","https://m1.spitogatos.gr/347985843_1600x1200.jpg?v=20130730","https://m2.spitogatos.gr/347985850_1600x1200.jpg?v=20130730","https://m3.spitogatos.gr/347985857_1600x1200.jpg?v=20130730","https://m2.spitogatos.gr/347985865_1600x1200.jpg?v=20130730","https://m2.spitogatos.gr/347985874_1600x1200.jpg?v=20130730","https://m2.spitogatos.gr/347985880_1600x1200.jpg?v=20130730","https://m1.spitogatos.gr/347985891_1600x1200.jpg?v=20130730","https://m1.spitogatos.gr/347985897_1600x1200.jpg?v=20130730","https://m2.spitogatos.gr/347985919_1600x1200.jpg?v=20130730","https://m2.spitogatos.gr/347985925_1600x1200.jpg?v=20130730","https://m1.spitogatos.gr/347985930_1600x1200.jpg?v=20130730","https://m2.spitogatos.gr/347985934_1600x1200.jpg?v=20130730","https://m1.spitogatos.gr/347985942_1600x1200.jpg?v=20130730","https://m3.spitogatos.gr/347985950_1600x1200.jpg?v=20130730","https://m1.spitogatos.gr/347985954_1600x1200.jpg?v=20130730","https://m3.spitogatos.gr/347985959_1600x1200.jpg?v=20130730","1","0","1","1","37.929829",,"3","1","23.710621",,"0","0","0","2026-07-20","0","0",,"0",,"1","3",,"10","1","1","0",,"0","0","0","2300",,,"0","0","0","0","12.78",,,"1","3","6",,"1","1","2025","0",,"3","1","1",,"1","180","1",,,"0","3","0","2026-03-17","https://www.spitogatos.gr/en/property/1219561436",,"1","0","1995",,"residential"
,"1",,"up","1",,,,,,,,"0","2026-07-14","0",,"1","0",,,,"house",,"0","18069456",,,"Διαμέρισμα 1ου ορόφου. Χωρίς κοινόχρηστα. Πολύ κοντά σε σχολεια, στην αγορά και σε μέσα μαζικής μεταφοράς (λεωφορείο, στάση τραμ)Διαμπερές. 2 υπνοδωμάτια, 1 μπάνιο και 1 we,κουζίνα ενιαία με το σαλόνι Διαθέτει πόρτα ασφαλείας,  βεράντες,τεντες,σίτες, ευρύχωρο πατάρι, ευρύχωρες και ολοκαινουργιες ντουλαπες. Αυτόνομη θέρμανση με φυσικό αέριο.Ζεστο νερό με φυσικό αέριο. Πολύ ήσυχη πολυκατοικία τριών διαμερισματων.",,,,,"6","13910108","no","evening","charabali@gmail.com","18069456","Zacharoula","Balitsari","+306981489309",,,"2026-07-14","6",,,,,,"Αθήνα - Νότια Προάστια (Αττική)","Παλαιό Φάληρο (Αθήνα - Νότια Προάστια)","1","105103","102","2217","329490",,"1","2",,"0","1","1220376485","https://m2.spitogatos.gr/361710895_1600x1200.jpg?v=20130730","https://m3.spitogatos.gr/361710908_1600x1200.jpg?v=20130730","https://m3.spitogatos.gr/361710914_1600x1200.jpg?v=20130730","https://m1.spitogatos.gr/361710921_1600x1200.jpg?v=20130730","https://m2.spitogatos.gr/361710925_1600x1200.jpg?v=20130730","https://m1.spitogatos.gr/361710930_1600x1200.jpg?v=20130730","https://m3.spitogatos.gr/361710959_1600x1200.jpg?v=20130730","https://m3.spitogatos.gr/361710965_1600x1200.jpg?v=20130730","https://m2.spitogatos.gr/361710970_1600x1200.jpg?v=20130730","https://m3.spitogatos.gr/361710977_1600x1200.jpg?v=20130730","https://m1.spitogatos.gr/361710984_1600x1200.jpg?v=20130730","https://m3.spitogatos.gr/361710992_1600x1200.jpg?v=20130730","https://m1.spitogatos.gr/361710999_1600x1200.jpg?v=20130730","https://m1.spitogatos.gr/361711005_1600x1200.jpg?v=20130730","https://m2.spitogatos.gr/361711012_1600x1200.jpg?v=20130730","https://m1.spitogatos.gr/361711014_1600x1200.jpg?v=20130730","https://m3.spitogatos.gr/361711019_1600x1200.jpg?v=20130730","https://m2.spitogatos.gr/361711024_1600x1200.jpg?v=20130730","https://m2.spitogatos.gr/361711030_1600x1200.jpg?v=20130730","https://m1.spitogatos.gr/361711035_1600x1200.jpg?v=20130730",,,,,,,,,"1","37.932571",,"1","1","23.695709",,,,,"2026-07-14","0",,,,"yes","1","1",,,,"0",,,,,,"850",,,"0","0","0","0","10",,,"4",,,,"1","1",,,,"2",,"1",,,"85",,,"Αθηναίων, 15 175 61 Παλαιό Φάληρο","1","1",,"2026-07-14","https://www.spitogatos.gr/en/property/1220376485",,,,,,"residential"
"1","1",,"up","2",,,,,,,,"0","2026-09-01","0","1","1","0",,,,"house",,,,,,"πλήρως ανακαινισμένο διαμέρισμα 120 τ.μ. στον 1ο όροφο, στην περιοχή Παναγίτσα στο Παλαιό Φάληρο, λίγα λεπτά από τη θάλασσα. Διαθέτει μεγάλο σαλόνι, ανεξάρτητη κουζίνα, 3 υπνοδωμάτια, 1 μπάνιο και 1 WC. Περιλαμβάνει αυτόνομη θέρμανση φυσικού αερίου, ηλιακό θερμοσίφωνα, κλιματισμό, ηλεκτρικές τέντες, πόρτα ασφαλείας, ασανσέρ και ευρύχωρη βεράντα. Ενεργειακή κλάση Β. Διαθέσιμο από 01/09/2026.",,,,"1","4",,,,,,,,,,,"2026-06-20","6",,,,,,"Αθήνα - Νότια Προάστια (Αττική)","Παλαιό Φάληρο (Αθήνα - Νότια Προάστια)","1","105103","102","2217","329498",,"1","2",,,"1","1220168724","https://m1.spitogatos.gr/358258905_1600x1200.jpg?v=20130730","https://m2.spitogatos.gr/358258906_1600x1200.jpg?v=20130730","https://m3.spitogatos.gr/358258907_1600x1200.jpg?v=20130730","https://m1.spitogatos.gr/358258908_1600x1200.jpg?v=20130730","https://m2.spitogatos.gr/358258909_1600x1200.jpg?v=20130730","https://m3.spitogatos.gr/358258910_1600x1200.jpg?v=20130730","https://m1.spitogatos.gr/358258911_1600x1200.jpg?v=20130730","https://m2.spitogatos.gr/358258912_1600x1200.jpg?v=20130730","https://m3.spitogatos.gr/358258913_1600x1200.jpg?v=20130730","https://m2.spitogatos.gr/358258915_1600x1200.jpg?v=20130730","https://m3.spitogatos.gr/358258916_1600x1200.jpg?v=20130730","https://m3.spitogatos.gr/358258919_1600x1200.jpg?v=20130730","https://m2.spitogatos.gr/358258921_1600x1200.jpg?v=20130730","https://m3.spitogatos.gr/358258922_1600x1200.jpg?v=20130730",,,,,,,,,,,,,,,"1","37.92239",,"1","1","23.699659",,,,,"2026-06-22","0",,,,,"0","1",,,,,,,,,,"950",,,"0","0","0","0","7.92",,,"1","3","6",,"1","1",,,,"3",,"1",,"1","120",,,,,"1",,"2026-06-20","https://www.spitogatos.gr/en/property/1220168724",,"1",,,,"residential"
"1","3","no","up","2",,,,,"1","0","0","0","2026-03-07","0","1","1","0","1","0","true","house","0",,,"0",,"Διαμέρισμα Προς Ενοικίαση, όροφος: 3ος, στην περιοχή: Παλαιό Φάληρο - Κέντρο. Το εμβαδόν του ακινήτου είναι 88 τ.μ.. Αποτελείται από: 2 Υ/Δ, 2 μπάνιο/α, 1 κουζίνα/ες, 1 σαλόνι/α, ενώ διαθέτει 1 θέσεις στάθμευσης (1 Σε υπόγειο χώρο). Έχει κατασκευαστεί το 2008 και ανακαινίστηκε το 2022. Η θέρμανση του ακινήτου είναι Αυτόνομη με Πετρέλαιο, ενώ επίσης διατίθεται Κλιματισμός, Ηλιακός, έχει κουφώματα Αλουμινίου με Διπλά τζάμια, ενεργειακό πιστοποιητικό: Γ και τα δάπεδα είναι: Πλακάκια, Ξύλο. Η κατάστασή του είναι: Ανακαινισμένο, βρίσκεται κοντά σε Τραμ, Συγκοινωνίες, Θάλασσα, Κέντρο Πόλης, Αγορά, 50 Μέτρα από αγορά, 300 Μέτρα από θάλασσα (από την Παραλιακή), 500 Μέτρα από αλλο (από τραμ ΣΤ. Φλοίσβος), έχει θέα Ανοιχτωσιά. Το ακίνητο είναι Επιπλωμένο, Προσόψεως, Φωτεινό, Διαμπερές και επίσης διαθέτει τα παρακάτω χαρακτηριστικά και πλεονεκτήματα: Τέντες, Ασανσέρ, Ηλεκτρ. Συσκευές, Αποθήκη, Πόρτα Ασφαλείας, Επιτρέπονται Κατοικίδια, Ησυχη γειτονιά. Τιμή: €1.400. Golden Riviera Realty, Τηλέφωνο Επικοινωνίας: 6974316020, 2109350107, 6957550818,6957550818,, email: goldenrivierarealty@gmail.com","300",,"0","1","5",,,,,,,,,"1","0","2026-03-07","8","10","0","yes","yes","0","Αθήνα - Νότια Προάστια (Αττική)","Παλαιό Φάληρο (Αθήνα - Νότια Προάστια)","1","105103","102","2217","329496","Double","1","1","0","0","1","1219506596","https://m1.spitogatos.gr/348714843_1600x1200.jpg?v=20130730","https://m3.spitogatos.gr/348714845_1600x1200.jpg?v=20130730","https://m2.spitogatos.gr/348714847_1600x1200.jpg?v=20130730","https://m2.spitogatos.gr/348714850_1600x1200.jpg?v=20130730","https://m1.spitogatos.gr/347084925_1600x1200.jpg?v=20130730","https://m2.spitogatos.gr/347084926_1600x1200.jpg?v=20130730","https://m3.spitogatos.gr/347084927_1600x1200.jpg?v=20130730","https://m1.spitogatos.gr/347084928_1600x1200.jpg?v=20130730","https://m2.spitogatos.gr/347084929_1600x1200.jpg?v=20130730","https://m3.spitogatos.gr/347084930_1600x1200.jpg?v=20130730","https://m1.spitogatos.gr/347084931_1600x1200.jpg?v=20130730","https://m2.spitogatos.gr/347084932_1600x1200.jpg?v=20130730","https://m3.spitogatos.gr/347084933_1600x1200.jpg?v=20130730","https://m1.spitogatos.gr/347084934_1600x1200.jpg?v=20130730","https://m2.spitogatos.gr/347084935_1600x1200.jpg?v=20130730","https://m3.spitogatos.gr/347084936_1600x1200.jpg?v=20130730","https://m1.spitogatos.gr/347084937_1600x1200.jpg?v=20130730","https://m2.spitogatos.gr/347084938_1600x1200.jpg?v=20130730","https://m3.spitogatos.gr/347084939_1600x1200.jpg?v=20130730","https://m1.spitogatos.gr/347084940_1600x1200.jpg?v=20130730","https://m3.spitogatos.gr/347084942_1600x1200.jpg?v=20130730","https://m3.spitogatos.gr/347084945_1600x1200.jpg?v=20130730","https://m1.spitogatos.gr/347084946_1600x1200.jpg?v=20130730","https://m2.spitogatos.gr/347084947_1600x1200.jpg?v=20130730","https://m1.spitogatos.gr/347084949_1600x1200.jpg?v=20130730","0","0","2","1","37.92691",,"1","1","23.693054",,"0","0","0","2026-06-09","0","0",,"0",,"0","2",,,"0","0","0","1","0","0","0","1400",,,"0","0","0","0","15.91",,,"1","3","6",,"1","1","2022","0",,"2","0","1",,"1","88","1",,,"0","1","0","2026-03-07","https://www.spitogatos.gr/en/property/1219506596",,"1","0","2008",,"residential"
"1","5",,"up","2",,,,,,"0","0","0","2026-03-05","0",,"1","0",,"0",,"house",,,,,,"Παλαιό Φάληρο – Φλοίσβος: Ενοικιάζεται εξαιρετικό διαμέρισμα 65 τ.μ., 5ου ορόφου, κατασκευής 1971, πλήρως ανακαινισμένο το 2024 και σε άριστη κατάσταση.<br />
Το διαμέρισμα διαθέτει άνετο σαλόνι – καθιστικό, ξεχωριστή κουζίνα, 1 υπνοδωμάτιο και 1 μπάνιο. Είναι εξοπλισμένο με κουφώματα αλουμινίου με διπλά τζάμια, δάπεδα από μάρμαρο και ξύλο, πόρτα ασφαλείας, κεντρική θέρμανση πετρελαίου και κλιματισμό.<br />
Βρίσκεται σε εξαιρετική τοποθεσία, στην παραλιακή ζώνη του Φλοίσβου, ακριβώς απέναντι από το Τροκαντερό και τη θάλασσα. Συνδυάζει την άμεση πρόσβαση στην παραλία με την ησυχία, καθώς δεν επηρεάζεται από τον θόρυβο της λεωφόρου. Παράλληλα, βρίσκεται δίπλα στην τοπική αγορά, καταστήματα και συγκοινωνίες.<br />
Τιμή 750€.<br />
Μεσιτική εταιρεία - Property Lab",,,"0","1","6",,,,,,,,,,"0","2026-03-05","10",,,,,,"Αθήνα - Νότια Προάστια (Αττική)","Παλαιό Φάληρο (Αθήνα - Νότια Προάστια)","1","105103","102","2217","329495","Double","2","1","0",,"1","1219496060","https://m1.spitogatos.gr/346912881_1600x1200.jpg?v=20130730","https://m2.spitogatos.gr/346912882_1600x1200.jpg?v=20130730","https://m3.spitogatos.gr/346912883_1600x1200.jpg?v=20130730","https://m1.spitogatos.gr/346912884_1600x1200.jpg?v=20130730","https://m2.spitogatos.gr/346912885_1600x1200.jpg?v=20130730","https://m3.spitogatos.gr/346912886_1600x1200.jpg?v=20130730","https://m1.spitogatos.gr/346912887_1600x1200.jpg?v=20130730","https://m2.spitogatos.gr/346912888_1600x1200.jpg?v=20130730","https://m3.spitogatos.gr/346912889_1600x1200.jpg?v=20130730","https://m1.spitogatos.gr/346912890_1600x1200.jpg?v=20130730","https://m2.spitogatos.gr/346912891_1600x1200.jpg?v=20130730","https://m3.spitogatos.gr/346912892_1600x1200.jpg?v=20130730","https://m1.spitogatos.gr/346912893_1600x1200.jpg?v=20130730","https://m2.spitogatos.gr/346912894_1600x1200.jpg?v=20130730","https://m3.spitogatos.gr/346912895_1600x1200.jpg?v=20130730",,,,,,,,,,,"0",,"2","1","37.93898",,"1","1","23.69455",,,"0",,"2026-05-22","0","0",,"1",,"0","1","6","2","1","0","0",,"0",,"0","750",,,"0","0","0","0","11.54",,,"1",,,,"1","1","2024","0","1","1","0","1",,"0","65","0",,,,"1","0","2026-03-05","https://www.spitogatos.gr/en/property/1219496060",,,"0","1971",,"residential"
"1","1",,"up","2",,,,,"1","1","0","0","2026-04-27","0","1","1","0","1","0",,"house",,,,"1",,"Παλαιό Φάληρο, Πλατεία Ντάβαρη: Διατίθεται προς ενοικίαση εξαιρετικό διαμέρισμα 130 τ.μ., ιδιαίτερα φωτεινό, γωνιακό, διαμπερές και προσόψεως, κατασκευής 2012, σε άριστη κατάσταση, με Ενεργειακό Πιστοποιητικό Δ’. Αποτελείται από ευρύχωρο σαλόνι με καθιστικό και ενιαία (open plan) κουζίνα, 3 άνετα υπνοδωμάτια, 1 μπάνιο και 1 WC. Διαθέτει μεγάλες βεράντες, θέση στάθμευσης σε υπόγειο χώρο και αποθήκη 7 τ.μ. Επιπλέον παροχές: αυτόνομη θέρμανση πετρελαίου, ηλιακός θερμοσίφωνας, κουφώματα αλουμινίου με διπλά τζάμια και σίτες, τέντες, πόρτα ασφαλείας, δάπεδα από πλακάκι και παρκέ. Βρίσκεται σε εξαιρετική τοποθεσία, πολύ κοντά σε συγκοινωνίες (100 μ. από στάση τραμ), πλατεία, εκκλησία, θάλασσα, σχολεία και αγορά. Ιδανική επιλογή για οικογένειες. Τιμή: 1.400€.<br />
Μεσιτική εταιρεία - Property Lab<br />
<br />
Palaio Faliro, Davari Square: Available for rent, an excellent 130 sq.m. apartment, very bright, corner, dual-aspect and front-facing, built in 2012, in excellent condition, with Energy Certificate rating D. It consists of a spacious living room with sitting area and an open plan kitchen, 3 comfortable bedrooms, 1 bathroom and 1 WC. It features large verandas, 1 underground parking space and a 7 sq.m. storage room. Additional amenities include autonomous oil heating, solar water heater, aluminum window frames with double glazing and insect screens, awnings, security door, and flooring of tiles and parquet. It is ideally located very close to public transport (100 m from tram stop), square, church, seaside, schools and local market. An ideal choice for families. Price: €1,400.<br />
Real Estate Company - Property Lab",,,"0","1","6",,,,,,,,,"1","0","2026-04-28","6","4","1","no","yes",,"Αθήνα - Νότια Προάστια (Αττική)","Παλαιό Φάληρο (Αθήνα - Νότια Προάστια)","1","105103","102","2217","329492","Double","1","1","0",,"1","1219784700","https://m2.spitogatos.gr/351691924_1600x1200.jpg?v=20130730","https://m3.spitogatos.gr/351691922_1600x1200.jpg?v=20130730","https://m2.spitogatos.gr/351691927_1600x1200.jpg?v=20130730","https://m3.spitogatos.gr/351691931_1600x1200.jpg?v=20130730","https://m1.spitogatos.gr/351691932_1600x1200.jpg?v=20130730","https://m1.spitogatos.gr/351691935_1600x1200.jpg?v=20130730","https://m1.spitogatos.gr/351691938_1600x1200.jpg?v=20130730","https://m1.spitogatos.gr/351691941_1600x1200.jpg?v=20130730",,,,,,,,,,,,,,,,,,"0","1","6","1","37.929211",,"1","1","23.70326",,,"0","1","2026-04-28","0","0",,"1",,"1","1",,"3","1",,"1",,"0",,"0","1400",,,"0","0","0","0","10.77",,,"1",,,,"1",,,"0","1","3","1","1",,"1","130","1","7",,,"1","0","2026-04-27","https://www.spitogatos.gr/en/property/1219784700",,,,"2012",,
"1","1","yes","simple","1",,,,,"1","1","0","0","2026-09-22","0","0","1","10","1","0","true","house","0",,,"1",,"Η αναγραφόμενη τιμή αφορά μίσθωση 12 μηνών με προπληρωμή, εξαιρουμένων λογαριασμών και κοινοχρήστων.<br />
Κλείστε αυτό το διαμέρισμα τώρα:<br />
https://www.movingdoors.com/listing/furnished-apartments-athens-greece/athens-ath25001<br />
<br />
Καλώς ήρθατε στη Moving Doors! Σ' ένα πλήρως επιπλωμένο, ιδανικό διαμέρισμα 2 υπνοδωματίων στο Παλαιό Φάληρο, όπου η πολυτέλεια συναντά την άνεση. Στη Moving Doors προσφέρουμε πλήρως εξοπλισμένα διαμερίσματα με μοντέρνο σχεδιασμό, που συνδυάζουν την κομψότητα με τη ζεστή ατμόσφαιρα του σπιτιού. Είτε επισκέπτεστε την Αθήνα για δουλειά, διασκέδαση ή οικογενειακές διακοπές, αυτό το πλήρως επιπλωμένο διαμέρισμα δεν είναι απλώς ένας χώρος διαμονής – είναι το δεύτερο σπίτι σας.<br />
<br />
Τί το κάνει ξεχωριστό:<br />
✔ Ευρύχωρο, πλήρως επιπλωμένο διαμέρισμα 2 υπνοδωματίων στο Παλαιό Φάληρο, ιδανικό για οικογένειες, παρέες ή επαγγελματίες<br />
✔ Απολαύστε premium ήχο με το ηχοσύστημα Marshall ή απολαύστε τον καφέ σας με τη μηχανή Nespresso<br />
✔ Γρήγορο internet<br />
✔ Ιδανική τοποθεσία, μόλις λίγα λεπτά από τα καλύτερα αξιοθέατα, καφέ και σημεία ενδιαφέροντος<br />
✔ Καθ’ όλη τη διάρκεια της διαμονής σας, μπορείτε να επικοινωνείτε εύκολα με την ομάδα υποστήριξης πελατών<br />
✔ Επαγγελματικές υπηρεσίες καθαριότητας και concierge, στη διάθεσή σας για κάθε σας ανάγκη<br />
<br />
Είτε σχεδιάζετε μια σύντομη είτε μια παρατεταμένη διαμονή, η Moving Doors σας προσφέρει πολυτελή διαμερίσματα στην Αθήνα, που συνδυάζουν στυλ, λειτουργικότητα και άνεση. Με προσοχή στη λεπτομέρεια, σας προσφέρουμε όλα όσα χρειάζεστε για μια ευχάριστη και ξέγνοιαστη διαμονή.","800",,"1","1","3",,,,,,,,,"0","0","2025-03-11","6","4","0","yes","yes","0","Αθήνα - Νότια Προάστια (Αττική)","Παλαιό Φάληρο (Αθήνα - Νότια Προάστια)","1","105103","102","2217","329490","Double","1","2","0","1","1","1217244148","https://m1.spitogatos.gr/310051161_1600x1200.jpg?v=20130730","https://m3.spitogatos.gr/310051163_1600x1200.jpg?v=20130730","https://m1.spitogatos.gr/310051164_1600x1200.jpg?v=20130730","https://m3.spitogatos.gr/310051166_1600x1200.jpg?v=20130730","https://m2.spitogatos.gr/310051168_1600x1200.jpg?v=20130730","https://m1.spitogatos.gr/310051170_1600x1200.jpg?v=20130730","https://m1.spitogatos.gr/310051173_1600x1200.jpg?v=20130730","https://m3.spitogatos.gr/310051175_1600x1200.jpg?v=20130730","https://m2.spitogatos.gr/310051177_1600x1200.jpg?v=20130730","https://m3.spitogatos.gr/310051181_1600x1200.jpg?v=20130730","https://m1.spitogatos.gr/310051182_1600x1200.jpg?v=20130730","https://m1.spitogatos.gr/310051185_1600x1200.jpg?v=20130730","https://m2.spitogatos.gr/310051189_1600x1200.jpg?v=20130730","https://m3.spitogatos.gr/310051190_1600x1200.jpg?v=20130730","https://m2.spitogatos.gr/310051192_1600x1200.jpg?v=20130730","https://m1.spitogatos.gr/310051194_1600x1200.jpg?v=20130730","https://m2.spitogatos.gr/310051195_1600x1200.jpg?v=20130730","https://m3.spitogatos.gr/310051196_1600x1200.jpg?v=20130730","https://m1.spitogatos.gr/310051200_1600x1200.jpg?v=20130730","https://m3.spitogatos.gr/310051202_1600x1200.jpg?v=20130730","https://m2.spitogatos.gr/310051204_1600x1200.jpg?v=20130730","https://m2.spitogatos.gr/310051207_1600x1200.jpg?v=20130730","https://m3.spitogatos.gr/310051208_1600x1200.jpg?v=20130730","https://m3.spitogatos.gr/310656761_1600x1200.jpg?v=20130730","https://m3.spitogatos.gr/334862852_1600x1200.jpg?v=20130730","0","0","2","1","37.929798",,"1","1","23.696421",,"1","0","0","2026-07-31","0","0","1","0","yes","1","1","4","1","1",,"1","1","0","0","0","1590",,,"0","0","0","0","21.2",,,"1","3",,,"1","0","2023","0","1","2","1","1",,"1","75","0",,"Πρωτέως 60, Παλαιό Φάληρο 17561","1","1","0","2025-03-11","https://www.spitogatos.gr/en/property/1217244148","https://tour.giraffe360.com/8970681813914a22a47e25e365b28819","0","0","2023",,"residential"
"1","4",,"simple","1",,,,,"0","0","0","0","2026-09-06","0","0","1","0","0",,,"house",,,,"1",,"Νιώσε σαν στο σπίτι σου, όπου και αν επιλέξεις να μείνεις με την Blueground. Θα λατρέψεις αυτό το κομψά επιπλωμένο διαμέρισμα δύο υπνοδωματίων, για τη διακόσμησή του, την πλήρως εξοπλισμένη κουζίνα και το όμορφο καθιστικό του. Βρίσκεται σε ιδανική τοποθεσία, κοντά σε όλα όσα έχει να σου προσφέρει το Παλαιό Φάληρο!<br><br />
<br />
Η διαφημιζόμενη τιμή των €1,640/μήνα είναι η τιμή για 1 έτος, με ημερομηνία έναρξης Σεπτεμβρίου 5, 2026.<br />
<br>Οι τιμές διαφέρουν ανάλογα με τη διάρκεια παραμονής, την εποχικότητα και άλλους παράγοντες. Επισκεφθείτε τον ιστότοπό μας και εισάγετε τις ημερομηνίες διαμονής σας για να δείτε ενημερωμένες τιμές για την κράτησή σας. Η τιμή ισχύει μόνο με προκαταβολή· ενδέχεται να είναι υψηλότερη εάν πληρωθεί σε δόσεις.<br />
<br />
<b>Κλείστε αυτό το διαμέρισμα online!</b><br />
<br />
https://www.theblueground.com/p/furnished-apartments/ath-1975?utm_source=classified-4<br />
<br />
Aναβαθμίστε τη διαμονή σας με ένα πλήρως επιπλωμένο διαμέρισμα από τη Blueground:<br />
      – Επιπλωμένα σπίτια σε τιμές αντίστοιχες με τα ανεπίπλωτα<br />
      – Χωρίς κόστη εγκατάστασης ή αγοράς επίπλων - εξοικονομήστε χρόνο και χρήματα<br />
      – Έτοιμα για άμεση μετακόμιση - το μόνο που χρειάζεστε είναι η βαλίτσα σας<br />
<br />
<b>Ο χώρος</b><br><br />
Έπιπλα μοναδικού design, πλήρως εξοπλισμένη κουζίνα, smart TV ή/και ασύρματα ηχεία τελευταίας τεχνολογίας, είναι λίγες μόνο από τις ανέσεις που σου προσφέρει αυτό το διαμέρισμα δύο υπνοδωματίων της Blueground. Θα το αγαπήσεις όμως και για τη μοναδική του τοποθεσία, καθώς βρίσκεται σε ένα από τα πιο κεντρικά σημεία του Παλαιού Φαλήρου.<br />
<br />
<b>Διαρρύθμιση δωματίων ύπνου</b><br />
    <br />
        Υπέρδιπλο κρεβάτι: 160 εκ.<br />
<br />
        Διπλό κρεβάτι: 140 εκ.<br />
<br />
<b>Παροχές κτιρίου</b><br />
<br />
      Ασανσέρ<br />
      Πλυντήριο<br />
      Θέση στάθμευσης<br />
<br />
<br />
<b>Άφιξη και συνεχής υποστήριξη πελατών</b><br><br />
Κατά τη διάρκεια της διαμονής σου, η ομάδα μας θα είναι διαθέσιμη για να σε βοηθήσει με οτιδήποτε χρειαστείς. Μέσω της ειδικής mobile εφαρμογής της Blueground έχεις συνεχή υποστήριξη, ενώ μπορείς ακόμη να προγραμματίσεις υπηρεσίες καθαρισμού, συντήρησης ή επισκευής, με το πάτημα ενός κουμπιού.<br />
<br />
<b>Ιδανική τοποθεσία</b><br />
<br />
Το Παλαιό Φάληρο είναι μια παραθαλάσσια γειτονιά, 6 χλμ. νοτιοδυτικά του κέντρου της πόλης. Βρίσκεται στη Μαρίνα Φλοίσβου και είναι ένα δημοφιλές σημείο αγκυροβολίας για σκάφη και γιοτ. Υπάρχουν πολλές επιλογές για ποτό και φαγητό εδώ, από πολυτελή μπαρ μέχρι οικογενειακές ταβέρνες με θαλασσινά. Επίσης, το Παλαιό Φάληρο βρίσκεται πολύ κοντά στο Κέντρο Πολιτισμού Ίδρυμα Σταύρος Νιάρχος, ένα ορόσημο που φιλοξενεί την Εθνική Βιβλιοθήκη της Ελλάδας και την Εθνική Λυρική Σκηνή. Επιπλέον, υπάρχει το Πάρκο Σταύρος Νιάρχος, ένα από τα μεγαλύτερα σημεία πρασίνου στην Αθήνα. Η περιοχή εξυπηρετείται από το τραμ και πολλά λεωφορεία. Η γειτονιά αυτή συνδέεται απευθείας με το Διεθνές Αεροδρόμιο της Αθήνας μέσω του λεωφορείου εξπρές X96.",,"1",,"1","2",,,,,,,,,"0","0","2026-06-17","9",,"0","yes","yes","0","Αθήνα - Νότια Προάστια (Αττική)","Παλαιό Φάληρο (Αθήνα - Νότια Προάστια)","1","105103","102","2217",,,"1","2","0","0","1","1220141524","https://m1.spitogatos.gr/359920866_1600x1200.jpg?v=20130730","https://m3.spitogatos.gr/359920880_1600x1200.jpg?v=20130730","https://m1.spitogatos.gr/359920896_1600x1200.jpg?v=20130730","https://m1.spitogatos.gr/359920941_1600x1200.jpg?v=20130730","https://m2.spitogatos.gr/359920951_1600x1200.jpg?v=20130730","https://m1.spitogatos.gr/359920971_1600x1200.jpg?v=20130730","https://m1.spitogatos.gr/359920995_1600x1200.jpg?v=20130730","https://m3.spitogatos.gr/359921024_1600x1200.jpg?v=20130730","https://m1.spitogatos.gr/359921034_1600x1200.jpg?v=20130730","https://m1.spitogatos.gr/359921046_1600x1200.jpg?v=20130730","https://m2.spitogatos.gr/359921056_1600x1200.jpg?v=20130730","https://m1.spitogatos.gr/359921082_1600x1200.jpg?v=20130730","https://m1.spitogatos.gr/359921121_1600x1200.jpg?v=20130730","https://m3.spitogatos.gr/359921132_1600x1200.jpg?v=20130730","https://m2.spitogatos.gr/359921143_1600x1200.jpg?v=20130730","https://m1.spitogatos.gr/359921154_1600x1200.jpg?v=20130730","https://m2.spitogatos.gr/359921203_1600x1200.jpg?v=20130730","https://m3.spitogatos.gr/359921219_1600x1200.jpg?v=20130730","https://m2.spitogatos.gr/359921230_1600x1200.jpg?v=20130730","https://m3.spitogatos.gr/359921240_1600x1200.jpg?v=20130730","https://m1.spitogatos.gr/359921268_1600x1200.jpg?v=20130730","https://m2.spitogatos.gr/359921296_1600x1200.jpg?v=20130730","https://m2.spitogatos.gr/359921308_1600x1200.jpg?v=20130730","https://m2.spitogatos.gr/359921329_1600x1200.jpg?v=20130730","https://m1.spitogatos.gr/359921346_1600x1200.jpg?v=20130730","1","0",,"0","37.939789",,"2","0","23.70171",,"0",,,"2026-07-31","0","0","1","0",,"0","1",,,"1","0","1",,"0","0","0","1640",,,"0","0","0","0","21.03",,,"1","3","6",,"1","0",,,,"2","0","1",,,"78","1",,"Menelaou 3","1","1","0","2026-06-17","https://www.spitogatos.gr/en/property/1220141524","https://nodalview.com/s/1265u4ixT5iQY6YUYceBuI","0",,"2024",,
"1","8",,"simple","1",,,,,"0","1","0","0","2026-08-26","0","0","1","0","0",,,"house",,,,"1",,"Ανακάλυψε τα καλύτερα σημεία του Παλαιού Φαλήρου , με αυτό το υπέροχο διαμέρισμα τριών υπνοδωματίων της Blueground. Προσφέρει μια πλήρως εξοπλισμένη κουζίνα, ένα όμορφο καθιστικό. Επίσης, καθ’όλη τη διάρκεια της διαμονής σου θα έχεις τη δυνατότητα να επικοινωνήσεις εύκολα και άμεσα με την ομάδα υποστήριξης πελατών και να βρεις χρήσιμες πληροφορίες τόσο για το διαμέρισμά σου όσο και για τη γειτονιά μέσω της ειδικής mobile εφαρμογής.<br><br />
<br />
Η διαφημιζόμενη τιμή των €3,680/μήνα είναι η τιμή για 1 έτος, με ημερομηνία έναρξης Αυγούστου 25, 2026.<br />
<br>Οι τιμές διαφέρουν ανάλογα με τη διάρκεια παραμονής, την εποχικότητα και άλλους παράγοντες. Επισκεφθείτε τον ιστότοπό μας και εισάγετε τις ημερομηνίες διαμονής σας για να δείτε ενημερωμένες τιμές για την κράτησή σας. Η τιμή ισχύει μόνο με προκαταβολή· ενδέχεται να είναι υψηλότερη εάν πληρωθεί σε δόσεις.<br />
<br />
<b>Κλείστε αυτό το διαμέρισμα online!</b><br />
<br />
https://www.theblueground.com/p/furnished-apartments/ath-225?utm_source=classified-4<br />
<br />
Aναβαθμίστε τη διαμονή σας με ένα πλήρως επιπλωμένο διαμέρισμα από τη Blueground:<br />
      – Επιπλωμένα σπίτια σε τιμές αντίστοιχες με τα ανεπίπλωτα<br />
      – Χωρίς κόστη εγκατάστασης ή αγοράς επίπλων - εξοικονομήστε χρόνο και χρήματα<br />
      – Έτοιμα για άμεση μετακόμιση - το μόνο που χρειάζεστε είναι η βαλίτσα σας<br />
<br />
<b>Ο χώρος</b><br><br />
Σε αυτό το φωτεινό Blueground διαμέρισμα τριών υπνοδωματίων, θα βρεις ένα χώρο προσεκτικά σχεδιασμένο και πλήρως εξοπλισμένο με έπιπλα μοναδικού design και ηλεκτρικές συσκευές τελευταίας τεχνολογίας.<br />
Νιώσε όμορφα και χαλαρά στο νέο σου σπίτι κάθε στιγμή. Και όταν θα θες να διασκεδάσεις, μπορείς να βγεις και να αφεθείς στον παλμό του Παλαιού Φαλήρου ή να φέρεις τη διασκέδαση σπίτι, με τα ασύρματα ηχεία ή τη smart TV.<br />
<br />
<b>Διαρρύθμιση δωματίων ύπνου</b><br />
    <br />
        Υπέρδιπλο κρεβάτι: 160 εκ.<br />
<br />
        Υπέρδιπλο κρεβάτι: 160 εκ.<br />
<br />
<b>Παροχές κτιρίου</b><br />
<br />
      Ασανσέρ<br />
      Πλυντήριο<br />
      Θέση στάθμευσης<br />
<br />
<br />
<b>Άφιξη και συνεχής υποστήριξη πελατών</b><br><br />
Κατά τη διάρκεια της διαμονής σου, η ομάδα μας θα είναι διαθέσιμη για να σε βοηθήσει με οτιδήποτε χρειαστείς. Μέσω της ειδικής mobile εφαρμογής της Blueground έχεις συνεχή υποστήριξη, ενώ μπορείς ακόμη να προγραμματίσεις υπηρεσίες καθαρισμού, συντήρησης ή επισκευής, με το πάτημα ενός κουμπιού.<br />
<br />
<b>Ιδανική τοποθεσία</b><br />
<br />
Το Παλαιό Φάληρο είναι μια παραθαλάσσια γειτονιά, 6 χλμ. νοτιοδυτικά του κέντρου της πόλης. Βρίσκεται στη Μαρίνα Φλοίσβου και είναι ένα δημοφιλές σημείο αγκυροβολίας για σκάφη και γιοτ. Υπάρχουν πολλές επιλογές για ποτό και φαγητό εδώ, από πολυτελή μπαρ μέχρι οικογενειακές ταβέρνες με θαλασσινά. Επίσης, το Παλαιό Φάληρο βρίσκεται πολύ κοντά στο Κέντρο Πολιτισμού Ίδρυμα Σταύρος Νιάρχος, ένα ορόσημο που φιλοξενεί την Εθνική Βιβλιοθήκη της Ελλάδας και την Εθνική Λυρική Σκηνή. Επιπλέον, υπάρχει το Πάρκο Σταύρος Νιάρχος, ένα από τα μεγαλύτερα σημεία πρασίνου στην Αθήνα. Η περιοχή εξυπηρετείται από το τραμ και πολλά λεωφορεία. Η γειτονιά αυτή συνδέεται απευθείας με το Διεθνές Αεροδρόμιο της Αθήνας μέσω του λεωφορείου εξπρές X96.",,"1",,"1","6",,,,,,,,,"0","1","2026-05-29","13",,"0","yes","yes","0","Αθήνα - Νότια Προάστια (Αττική)","Παλαιό Φάληρο (Αθήνα - Νότια Προάστια)","1","105103","102","2217",,,"1","1","0","0","1","1219971767","https://m2.spitogatos.gr/359900815_1600x1200.jpg?v=20130730","https://m2.spitogatos.gr/359900830_1600x1200.jpg?v=20130730","https://m3.spitogatos.gr/359900843_1600x1200.jpg?v=20130730","https://m1.spitogatos.gr/359900856_1600x1200.jpg?v=20130730","https://m3.spitogatos.gr/359900876_1600x1200.jpg?v=20130730","https://m3.spitogatos.gr/359900894_1600x1200.jpg?v=20130730","https://m3.spitogatos.gr/359900903_1600x1200.jpg?v=20130730","https://m1.spitogatos.gr/359900925_1600x1200.jpg?v=20130730","https://m2.spitogatos.gr/359900941_1600x1200.jpg?v=20130730","https://m2.spitogatos.gr/359900953_1600x1200.jpg?v=20130730","https://m1.spitogatos.gr/359900970_1600x1200.jpg?v=20130730","https://m2.spitogatos.gr/359900989_1600x1200.jpg?v=20130730","https://m3.spitogatos.gr/359901005_1600x1200.jpg?v=20130730","https://m3.spitogatos.gr/359901017_1600x1200.jpg?v=20130730","https://m3.spitogatos.gr/359901029_1600x1200.jpg?v=20130730","https://m2.spitogatos.gr/359901040_1600x1200.jpg?v=20130730","https://m2.spitogatos.gr/359901049_1600x1200.jpg?v=20130730","https://m2.spitogatos.gr/359901061_1600x1200.jpg?v=20130730","https://m2.spitogatos.gr/359901073_1600x1200.jpg?v=20130730","https://m3.spitogatos.gr/359901083_1600x1200.jpg?v=20130730","https://m2.spitogatos.gr/359901097_1600x1200.jpg?v=20130730","https://m1.spitogatos.gr/359901108_1600x1200.jpg?v=20130730","https://m1.spitogatos.gr/359901114_1600x1200.jpg?v=20130730","https://m3.spitogatos.gr/359901116_1600x1200.jpg?v=20130730","https://m1.spitogatos.gr/359901117_1600x1200.jpg?v=20130730","1","0",,"0","37.92141",,"2","0","23.697798",,"0",,,"2026-07-31","0","0",,"0",,"2","2",,,"1","0","0",,"0","0","0","3680",,,"0","0","0","0","29.44",,,"1","3","6",,"1","0",,,,"3","0","1",,,"125","0",,"Leoforos Poseidonos 54A","1","1","0","2026-05-29","https://www.spitogatos.gr/en/property/1219971767","https://nodalview.com/RPzFXUBJDcqYPjBwBeiXvPhL","0",,"1970",,
