"AC","Floor Level","accessibleForDisabled","adType_code","adType_id","agentEmployee_firstName","agentEmployee_id","agentEmployee_lastName","agentEmployee_telephone","airy","alarm","attic","auction","availability","availableForDailyRent","awning","balcony","balconyArea","bright","builtInBBQ","byTheSea","category","caveBuilding","commonExpenses","corner","description","distanceSea","doubleGlass","electricCarChargingFacilities","elevator","energyClass","facade","fireplace","firstPublishDate","floorNumber","floorType","forCommercialUse","furnished","garage","garden","geographiesByLevel_2_fullName","geographiesByLevel_4_fullName","geographyParentIds_0","geographyParentIds_1","geographyParentIds_2","geographyParentIds_4","geographyParentIds_5","glassType","heatingController","heatingMedium","heatingUnderFloor","holidayHome","host_id","id","images/0","images/1","images/2","images/3","images/4","images/5","images/6","images/7","images/8","images/9","images/10","images/11","images/12","images/13","images/14","images/15","images/16","images/17","images/18","images/19","images/20","images/21","images/22","images/23","images/24","internal_stairs","investment","joinery","kitchens","latitude","leased","levels","livingRooms","longitude","luxHome","mannedReception","medicalOffice","modified","negotiablePrice","neoclassic","newDevelopment","nightPower","no_of_WC","no_of_bathrooms","numberOfFloors","orientation","painted","penthouse","pestNet","petsAllowed","playroom","pool","preserved","price","priceChangeDate","priceChangePercentage","priceIncludesInternet","priceIncludesPower","priceIncludesSharedExp","priceIncludesWater","pricePerSqMeters","pricePreReduction","priceReduced","propertyPublishingOptionIds/0","propertyPublishingOptionIds/1","propertyPublishingOptionIds/2","published","renovated","renovationYear","requiresRenovation","road_type","rooms","satelite","secure_door","showOnlyPartnerPhone","solar_heater","sq_meters","storage","storageArea","streetAddress","studentHome","subtype","unfinished","uploaded","url","view","wholeFloorApartment","year_of_construction","youtubeVideoId","zoning"
"0","3","no","simple","1",,,,,"0","0","0","0","2026-03-19","0","1","1","14","1","0","false","house","0","0","1","Κωδικός Ακινήτου: #10956 — Στην περιοχή του Νέου Κόσμου διατίθεται προς ενοικίαση ένα ευρύχωρο, γωνιακό διαμέρισμα 120 τ.μ., στον 3ο όροφο πολυκατοικίας με ασανσέρ, ιδανικό για οικογένεια ή για όσους αναζητούν άνετους και λειτουργικούς χώρους. Το ακίνητο είναι μερικώς ανακαινισμένο και αποτελείται από τρία ευρύχωρα υπνοδωμάτια, άνετο σαλόνι, λειτουργική κουζίνα, αποθήκη και δύο μπάνια, προσφέροντας υψηλό επίπεδο πρακτικότητας στην καθημερινότητα. Έχει κατασκευαστεί το 1980 και διαθέτει κεντρική θέρμανση πετρελαίου, ενώ περιλαμβάνει κουφώματα αλουμινίου, πόρτα ασφαλείας, τέντες και δάπεδα από μάρμαρο και ξύλο που προσδίδουν διαχρονική αισθητική στον χώρο. Η γωνιακή του θέση εξασφαλίζει άπλετο φυσικό φως και καλή κυκλοφορία αέρα, ενώ η τοποθεσία του, κοντά στο κέντρο και σε μέσα μεταφοράς, το καθιστά εξαιρετική επιλογή για άνετη αστική διαβίωση.<br><br />
Τιμή ενοικίασης: 750€ — Κωδικός Ακινήτου: #10956<br><br />
 <br><br />
ΚΑΤΑ ΤΗΝ ΥΠΟΔΕΙΞΗ ΤΟΥ ΑΚΙΝΗΤΟΥ ΑΠΑΙΤΕΙΤΑΙ ΝΑ ΓΙΝΕΤΑΙ ΕΠΙΔΕΙΞΗ ΤΗΣ ΑΣΤΥΝΟΜΙΚΗΣ ΣΑΣ ΤΑΥΤΟΤΗΤΑΣ ΣΥΜΦΩΝΑ ΜΕ ΤΟΝ Ν.4072/11-04-2012 Φ.Ε.Κ 86Α<br /><br />ΤΑ ΣΤΟΙΧΕΙΑ ΤΩΝ ΑΚΙΝΗΤΩΝ ΕΙΝΑΙ ΚΑΤΑ ΔΗΛΩΣΗ ΤΟΥ ΙΔΙΟΚΤΗΤΗ<br /><br />ΑΚΙΝΗΤΑ ΑΠΟΚΛΕΙΣΤΙΚΗΣ ΔΙΑΘΕΣΗΣ ΜΕ ΦΩΤΟΓΡΑΦΙΕΣ ΠΟΥ ΔΙΑΧΕΙΡΙΖΕΤΑΙ Η ΕΤΑΙΡΙΑ ΜΑΣ ΘΑ ΒΡΕΙΤΕ ΣΤΗΝ ΙΣΤΟΣΕΛΙΔΑ ΜΑΣ<br /><br /> ►WEBSITE: www.tzelihome.gr<br /><br /> ✔ ΓΙΑ ΤΗΝ ΚΑΛΥΤΕΡΗ ΕΞΥΠΗΡΕΤΗΣΗ ΣΑΣ ΧΡΗΣΙΜΟΠΟΙΕΙΣΤΕ ΤΟΝ ΚΩΔΙΚΟ ΑΚΙΝΗΤΟΥ ΠΟΥ ΑΝΑΓΡΑΦΕΤΑΙ ΣΤΗΝ ΠΕΡΙΓΡΑΦΗ<br /> ✔ Η ΔΙΕΥΘΥΝΣΗ ΣΤΟΝ ΧΑΡΤΗ ΕΧΕΙ ΤΟΠΟΘΕΤΗΘΕΙ ΚΑΤΑ ΠΡΟΣΕΓΓΙΣΗ<br /> ✔ ΟΙ ΑΚΡΙΒΕΙΣ ΠΛΗΡΟΦΟΡΙΕΣ ΤΗΣ ΔΙΕΥΘΥΝΣΗΣ ΠΑΡΕΧΟΝΤΑΙ ΣΤΗΝ ΥΠΟΔΕΙΞΗ ΤΟΥ ΑΚΙΝΗΤΟΥ<br /><br /> ΜΕΣΙΤΙΚΟ ΓΡΑΦΕΙΟ TZELI HOME<br /> ΥΜΗΤΤΟΥ 41 , ΚΑΙΣΑΡΙΑΝΗ , ΤΚ 16121<br /><br /> ΕΠΙΚΟΙΝΩΝΗΣΤΕ ΜΑΖΙ ΜΑΣ:<br /> ►WEBSITE : www.tzelihome.gr<br /> ►E-MAIL : tzelihome@gmail.com<br /> ►ΚΙΝΗΤΟ : 6906.062.919 <br /> ►ΤΗΛΕΦΩΝΟ : 211.001.4573 & 211.001.4574<br>","5000",,"0","1","7","0","0","2026-03-19","8","6","0","no","no","0","Αθήνα - Κέντρο (Αττική)","Νέος Κόσμος (Αθήνα - Κέντρο)","1","105103","100","2033","5144","Single","2","1","0","0","1","1219577213","https://m2.spitogatos.gr/348231790_1600x1200.jpg?v=20130730","https://m3.spitogatos.gr/348231791_1600x1200.jpg?v=20130730","https://m2.spitogatos.gr/348231793_1600x1200.jpg?v=20130730","https://m1.spitogatos.gr/348231795_1600x1200.jpg?v=20130730","https://m3.spitogatos.gr/348231797_1600x1200.jpg?v=20130730","https://m2.spitogatos.gr/348231799_1600x1200.jpg?v=20130730","https://m1.spitogatos.gr/348231801_1600x1200.jpg?v=20130730","https://m3.spitogatos.gr/348231803_1600x1200.jpg?v=20130730","https://m3.spitogatos.gr/348231806_1600x1200.jpg?v=20130730","https://m1.spitogatos.gr/348231807_1600x1200.jpg?v=20130730","https://m1.spitogatos.gr/348231810_1600x1200.jpg?v=20130730","https://m3.spitogatos.gr/348231812_1600x1200.jpg?v=20130730","https://m2.spitogatos.gr/348231814_1600x1200.jpg?v=20130730","https://m3.spitogatos.gr/348231818_1600x1200.jpg?v=20130730","https://m2.spitogatos.gr/348231820_1600x1200.jpg?v=20130730","https://m3.spitogatos.gr/348231824_1600x1200.jpg?v=20130730","https://m1.spitogatos.gr/348231828_1600x1200.jpg?v=20130730","https://m3.spitogatos.gr/348231830_1600x1200.jpg?v=20130730","https://m1.spitogatos.gr/348231834_1600x1200.jpg?v=20130730","https://m3.spitogatos.gr/348231839_1600x1200.jpg?v=20130730",,,,,,"0","0","2","1","37.95203",,"1","1","23.725283","0","0","0","2026-06-17","0","0",,"0","0","2",,"11","0","0","0",,"0","0","0","750",,,"0","0","0","0","6.25",,,"1","3","6","1","1","2023","0","1","3","0","1",,"0","120","1",,,"0","1","0","2026-03-19","https://www.spitogatos.gr/en/property/1219577213","0",,"1980","CIgaUG_qjwQ","residential"
"1","2","no","simple","1",,,,,"0","0","0","0","2026-06-05","1","0","0","6","1","0","false","house","0","10","0"," Κωδικός Ακινήτου: #11993.<br><br />
Στην ιδιαίτερα προνομιακή περιοχή του Μετς, πλησίον του Καλλιμάρμαρου και του Α’ Νεκροταφείου, διατίθεται προς ενοικίαση πλήρως ανακαινισμένο και πλήρως επιπλωμένο διαμέρισμα 50 τ.μ., στον 2ο όροφο πολυκατοικίας με ανελκυστήρα. Πρόκειται για ένα κομψό και λειτουργικό ακίνητο που συνδυάζει την άνεση της σύγχρονης κατοικίας με την εξαιρετική τοποθεσία, σε μία από τις πιο γοητευτικές και περιζήτητες γειτονιές του κέντρου της Αθήνας. Το διαμέρισμα αποτελείται από ένα άνετο υπνοδωμάτιο, φωτεινό σαλόνι, ανεξάρτητη κουζίνα και μπάνιο, ενώ η πρόσφατη ανακαίνισή του και η προσεγμένη επίπλωση δημιουργούν ένα ευχάριστο περιβάλλον, έτοιμο να φιλοξενήσει τον νέο του ενοικιαστή χωρίς καμία επιπλέον ανάγκη εξοπλισμού. Διαθέτει κουφώματα αλουμινίου με διπλά τζάμια, πόρτα ασφαλείας, κλιματισμό και δάπεδα από πλακάκι, προσφέροντας άνεση και πρακτικότητα στην καθημερινότητα. Ένα ακόμη σημαντικό πλεονέκτημα του ακινήτου είναι τα ιδιαίτερα χαμηλά κοινόχρηστα, που συμβάλλουν στη μείωση του συνολικού κόστους διαβίωσης. Επιπλέον, επιτρέπονται τα κατοικίδια, καθιστώντας το ιδανική επιλογή για όσους επιθυμούν να μοιράζονται το σπίτι τους με τους αγαπημένους τους τετράποδους φίλους. Η εξαιρετική του θέση εξασφαλίζει άμεση πρόσβαση στο κέντρο της Αθήνας, στο Παναθηναϊκό Στάδιο, σε χώρους πολιτισμού, εστίασης και αναψυχής, καθώς και σε μέσα μαζικής μεταφοράς, προσφέροντας έναν ιδανικό συνδυασμό ηρεμίας και αστικής ζωής.<br><br />
 <br><br />
Τιμή μίσθωσης: 700€ | Κωδικός Ακινήτου: #11993.<br><br />
 <br><br />
ΚΑΤΑ ΤΗΝ ΥΠΟΔΕΙΞΗ ΤΟΥ ΑΚΙΝΗΤΟΥ ΑΠΑΙΤΕΙΤΑΙ ΝΑ ΓΙΝΕΤΑΙ ΕΠΙΔΕΙΞΗ ΤΗΣ ΑΣΤΥΝΟΜΙΚΗΣ ΣΑΣ ΤΑΥΤΟΤΗΤΑΣ ΣΥΜΦΩΝΑ ΜΕ ΤΟΝ Ν.4072/11-04-2012 Φ.Ε.Κ 86Α<br /><br />ΤΑ ΣΤΟΙΧΕΙΑ ΤΩΝ ΑΚΙΝΗΤΩΝ ΕΙΝΑΙ ΚΑΤΑ ΔΗΛΩΣΗ ΤΟΥ ΙΔΙΟΚΤΗΤΗ<br /><br />ΑΚΙΝΗΤΑ ΑΠΟΚΛΕΙΣΤΙΚΗΣ ΔΙΑΘΕΣΗΣ ΜΕ ΦΩΤΟΓΡΑΦΙΕΣ ΠΟΥ ΔΙΑΧΕΙΡΙΖΕΤΑΙ Η ΕΤΑΙΡΙΑ ΜΑΣ ΘΑ ΒΡΕΙΤΕ ΣΤΗΝ ΙΣΤΟΣΕΛΙΔΑ ΜΑΣ<br /><br /> ►WEBSITE: www.tzelihome.gr<br /><br /> ✔ ΓΙΑ ΤΗΝ ΚΑΛΥΤΕΡΗ ΕΞΥΠΗΡΕΤΗΣΗ ΣΑΣ ΧΡΗΣΙΜΟΠΟΙΕΙΣΤΕ ΤΟΝ ΚΩΔΙΚΟ ΑΚΙΝΗΤΟΥ ΠΟΥ ΑΝΑΓΡΑΦΕΤΑΙ ΣΤΗΝ ΠΕΡΙΓΡΑΦΗ<br /> ✔ Η ΔΙΕΥΘΥΝΣΗ ΣΤΟΝ ΧΑΡΤΗ ΕΧΕΙ ΤΟΠΟΘΕΤΗΘΕΙ ΚΑΤΑ ΠΡΟΣΕΓΓΙΣΗ<br /> ✔ ΟΙ ΑΚΡΙΒΕΙΣ ΠΛΗΡΟΦΟΡΙΕΣ ΤΗΣ ΔΙΕΥΘΥΝΣΗΣ ΠΑΡΕΧΟΝΤΑΙ ΣΤΗΝ ΥΠΟΔΕΙΞΗ ΤΟΥ ΑΚΙΝΗΤΟΥ<br /><br /> ΜΕΣΙΤΙΚΟ ΓΡΑΦΕΙΟ TZELI HOME<br /> ΥΜΗΤΤΟΥ 41 , ΚΑΙΣΑΡΙΑΝΗ , ΤΚ 16121<br /><br /> ΕΠΙΚΟΙΝΩΝΗΣΤΕ ΜΑΖΙ ΜΑΣ:<br /> ►WEBSITE : www.tzelihome.gr<br /> ►E-MAIL : tzelihome@gmail.com<br /> ►ΚΙΝΗΤΟ : 6906.062.919 <br /> ►ΤΗΛΕΦΩΝΟ : 211.001.4573 & 211.001.4574<br>","6000",,"0","1","7","0","0","2026-06-05","7","4","0","yes","no","0","Αθήνα - Κέντρο (Αττική)","Νέος Κόσμος (Αθήνα - Κέντρο)","1","105103","100","2033","5147","Double","1","4","0","0","1","1220054395","https://m3.spitogatos.gr/356029133_1600x1200.jpg?v=20130730","https://m3.spitogatos.gr/356029142_1600x1200.jpg?v=20130730","https://m1.spitogatos.gr/356029188_1600x1200.jpg?v=20130730","https://m2.spitogatos.gr/356029228_1600x1200.jpg?v=20130730","https://m1.spitogatos.gr/356029230_1600x1200.jpg?v=20130730","https://m1.spitogatos.gr/356029275_1600x1200.jpg?v=20130730","https://m2.spitogatos.gr/356029279_1600x1200.jpg?v=20130730","https://m1.spitogatos.gr/356029314_1600x1200.jpg?v=20130730","https://m2.spitogatos.gr/356029339_1600x1200.jpg?v=20130730","https://m3.spitogatos.gr/356029382_1600x1200.jpg?v=20130730","https://m2.spitogatos.gr/356029387_1600x1200.jpg?v=20130730","https://m2.spitogatos.gr/356029420_1600x1200.jpg?v=20130730","https://m3.spitogatos.gr/356029466_1600x1200.jpg?v=20130730","https://m2.spitogatos.gr/356029486_1600x1200.jpg?v=20130730","https://m3.spitogatos.gr/356029499_1600x1200.jpg?v=20130730","https://m2.spitogatos.gr/356029549_1600x1200.jpg?v=20130730","https://m1.spitogatos.gr/356029569_1600x1200.jpg?v=20130730","https://m1.spitogatos.gr/356029590_1600x1200.jpg?v=20130730",,,,,,,,"0","0","2","1","37.960686",,"1","1","23.730757","0","0","0","2026-06-05","0","0",,"0","0","1",,"11","0","0","0","1","0","0","0","700",,,"0","0","0","0","14",,,"1","3","6","1","1","2023","0","1","1","0","1",,"0","50","0",,,"0","1","0","2026-06-05","https://www.spitogatos.gr/en/property/1220054395","0",,"1967","2PPJ_lW0x88","residential"
"1","4","no","simple","1","Αλέξιος","81463","Κοσμόπουλος","6986109593","1","0","0","0","2025-11-12","0","0","1","15","1","0",,"house","0","20","0","Διατίθεται προς ενοικίαση πλήρως ανακαινισμένο και επιπλωμένο διαμέρισμα 95 τ.μ., 4ου ορόφου, στην περιοχή Κυνοσάργους – Νέος Κόσμος.<br />
<br />
Η κατοικία αποτελείται από δύο υπνοδωμάτια (εκ των οποίων το ένα είναι master), ένα μπάνιο, ένα WC, μία κουζίνα και ένα σαλόνι. Είναι πλήρως επιπλωμένη και εξοπλισμένη με ηλεκτρικές συσκευές.<br />
<br />
Διαθέτει αυτόνομη θέρμανση με ρεύμα, κλιματισμό, κουφώματα ξύλινα με μονά τζάμια, πόρτα ασφαλείας, ασανσέρ και δάπεδα από ξύλο και laminate.<br />
<br />
Το διαμέρισμα είναι φωτεινό, διαμπερές και προσόψεως, με νοτιοδυτικό προσανατολισμό και θέα σε ανοιχτωσιά και αστικό τοπίο. Βρίσκεται σε εξαιρετική τοποθεσία, κοντά σε συγκοινωνίες, super market, αγορά και χώρους εστίασης.<br />
<br />
📍 Η αναφερόμενη τοποθεσία είναι ενδεικτική. Για περισσότερες πληροφορίες ή για να προγραμματίσετε επίσκεψη:<br />
<br />
📞 KOSMOS REAL ESTATE<br />
Υπεύθυνος Ακινήτου: Κοσμόπουλος Αλέξης – 6986109593<br />
📧 info@kosmosrealestate.gr<br />
🌐 www.kosmosrealestate.gr",,,"0","1","5","1","0","2025-11-12","9","2","0","yes","no","0","Αθήνα - Κέντρο (Αττική)","Νέος Κόσμος (Αθήνα - Κέντρο)","1","105103","100","2033","5147","Single","1","4","0","0","1","1218608709","https://m1.spitogatos.gr/333384102_1600x1200.jpg?v=20130730","https://m3.spitogatos.gr/333384107_1600x1200.jpg?v=20130730","https://m3.spitogatos.gr/333384113_1600x1200.jpg?v=20130730","https://m2.spitogatos.gr/333384121_1600x1200.jpg?v=20130730","https://m3.spitogatos.gr/333384128_1600x1200.jpg?v=20130730","https://m3.spitogatos.gr/333384134_1600x1200.jpg?v=20130730","https://m2.spitogatos.gr/333384139_1600x1200.jpg?v=20130730","https://m1.spitogatos.gr/333384147_1600x1200.jpg?v=20130730","https://m3.spitogatos.gr/333384152_1600x1200.jpg?v=20130730","https://m2.spitogatos.gr/333384157_1600x1200.jpg?v=20130730","https://m3.spitogatos.gr/333384161_1600x1200.jpg?v=20130730","https://m2.spitogatos.gr/333384166_1600x1200.jpg?v=20130730","https://m1.spitogatos.gr/333384168_1600x1200.jpg?v=20130730","https://m3.spitogatos.gr/333384170_1600x1200.jpg?v=20130730","https://m3.spitogatos.gr/333384173_1600x1200.jpg?v=20130730","https://m3.spitogatos.gr/333384176_1600x1200.jpg?v=20130730","https://m3.spitogatos.gr/333384179_1600x1200.jpg?v=20130730","https://m3.spitogatos.gr/333384182_1600x1200.jpg?v=20130730","https://m3.spitogatos.gr/333384185_1600x1200.jpg?v=20130730",,,,,,,"0","0","1","1","37.964989",,"1","1","23.728354","0","0","0","2026-07-27","0","0",,"0","1","1",,"12","1","0","0",,"0","0","0","1100",,,"0","0","0","0","11.58",,,"1","3","6","1","1","2020","0","1","2","0","1",,"0","95","0",,,"0","1","0","2025-11-12","https://www.spitogatos.gr/en/property/1218608709","1","0","1970",,"residential"
"1","2","no","simple","1","Αλεξία","39098","Αγγελοπούλου","6947863940","1","0","0","0","2026-05-01","0","1","0","0","1","0",,"house",,"30","0","Κωδικός ακινήτου: 13-15023 - Νέος Κόσμος Κυνοσάργους  ΕΝΟΙΚΙΑΖΕΤΑΙ     διαμέρισμα  στον 2 ο όροφο συνολικής επιφάνειας 75.00 τ.μ.  . Αποτελείται από 2 υπνοδωμάτια, σαλόνι, κουζίνα, μπάνιο . Είναι κατασκευασμένο το 1978 με ενεργειακή κλάση Γ  και διαθέτει θέρμανση αυτόνομη - φυσικού αερίου,  κουφώματα αλουμινίου, πατώματα από μωσαϊκό και ξύλο, πόρτα ασφαλείας, εντοιχιζόμενες ντουλάπες, ανελκυστήρα, A/C, τέντες, σίτες, διπλά τζάμια, ανοιχτωσιά      - Τιμή: 700 €  <br>Διαμερισμα σε καλο σημειο κοντα σε συγκοινωνιες και σε αγορα,για αμεση εξυπηρετηση καλεστε στο 6947863940 <br>Για περισσότερα ακίνητα επισκεφθείτε την ιστοσελίδα μας. Για ταχύτερη εξυπηρέτηση καλέστε στο 6947863940 Αλεξία Αγγελοπούλου.",,,,"1","5","0","0","2026-05-01","7","11","0","no","no","0","Αθήνα - Κέντρο (Αττική)","Νέος Κόσμος (Αθήνα - Κέντρο)","1","105103","100","2033","5147","Double","1","2","0","0","1","1219811169","https://m2.spitogatos.gr/352137274_1600x1200.jpg?v=20130730","https://m3.spitogatos.gr/352137275_1600x1200.jpg?v=20130730","https://m3.spitogatos.gr/352137278_1600x1200.jpg?v=20130730","https://m2.spitogatos.gr/352137280_1600x1200.jpg?v=20130730","https://m1.spitogatos.gr/352137282_1600x1200.jpg?v=20130730","https://m3.spitogatos.gr/352137284_1600x1200.jpg?v=20130730","https://m1.spitogatos.gr/352137285_1600x1200.jpg?v=20130730","https://m1.spitogatos.gr/352137288_1600x1200.jpg?v=20130730","https://m1.spitogatos.gr/352137291_1600x1200.jpg?v=20130730","https://m2.spitogatos.gr/352137295_1600x1200.jpg?v=20130730","https://m2.spitogatos.gr/352137298_1600x1200.jpg?v=20130730","https://m1.spitogatos.gr/352137300_1600x1200.jpg?v=20130730","https://m3.spitogatos.gr/352137302_1600x1200.jpg?v=20130730","https://m2.spitogatos.gr/352137304_1600x1200.jpg?v=20130730","https://m1.spitogatos.gr/352137306_1600x1200.jpg?v=20130730","https://m3.spitogatos.gr/352137308_1600x1200.jpg?v=20130730","https://m2.spitogatos.gr/352137310_1600x1200.jpg?v=20130730","https://m2.spitogatos.gr/352137313_1600x1200.jpg?v=20130730","https://m2.spitogatos.gr/352137316_1600x1200.jpg?v=20130730","https://m2.spitogatos.gr/352137319_1600x1200.jpg?v=20130730","https://m1.spitogatos.gr/352137321_1600x1200.jpg?v=20130730","https://m3.spitogatos.gr/352137323_1600x1200.jpg?v=20130730","https://m2.spitogatos.gr/352137325_1600x1200.jpg?v=20130730","https://m1.spitogatos.gr/352137327_1600x1200.jpg?v=20130730","https://m3.spitogatos.gr/352137329_1600x1200.jpg?v=20130730","0","0","2","1","37.962727",,,"1","23.73131","0",,,"2026-06-16","0","0",,"0","0","1",,,"0","0","1",,"0","0","0","700",,,"0","0","0","0","9.33",,,"1","3","6","1","0",,"0","2","2","0","1",,"0","75","0",,,"1","1","0","2026-05-01","https://www.spitogatos.gr/en/property/1219811169","0","0","1978","upb0GBHzUQ8","residential"
"1","4","no","simple","1",,,,,"0","0","0","0","2026-05-05","0","1","1","0","0","0",,"house","0",,"0","ID.2362053 - Διαμέρισμα Προς Ενοικίαση, όροφος: 4ος, στην περιοχή: Δάφνη -Άνω Άγιος Ιωάννης. Το εμβαδόν του ακινήτου είναι 120 τ.μ.. Αποτελείται από: 3 Υ/Δ 1 μπάνιο/α, 1 wc, 1κουζίνα/ες, 1 σαλόνι/α. Έχει κατασκευαστεί το 1980. Η θέρμανση του ακινήτου είναι Κεντρική με Πετρέλαιο, ενώ επίσης διατίθεται Κλιματισμός, έχει κουφώματα Αλουμινίου, ενεργειακό πιστοποιητικό: Ε και τα δάπεδα είναι: Ξύλο, Μάρμαρο, 600 Μέτρα από μετρό. Το ακίνητο είναι Οροφοδιαμέρισμα, Προσόψεως, Επί Λεωφόρου και επίσης διαθέτει τα παρακάτω χαρακτηριστικά και πλεονεκτήματα: Τέντες, Ασανσέρ, Πόρτα Ασφαλείας. Διαθέτει 2 a/c. ΔΙΑΤΙΘΕΤΑΙ ΚΑΙ ΜΗ ΕΠΙΠΛΩΜΕΝΟ. Οι πληροφορίες και τα χαρακτηριστικά των ακινήτων έχουν καταχωρηθεί βάσει των πληροφοριών και στοιχείων που μας προσκομίστηκαν. Η τοποθεσία του ακινήτου στον χάρτη είναι ενδεικτική. Η ενεργειακή κλάση των ακινήτων που είναι απαραίτητη η έκδοση ΠΕΑ μπορεί να διαφέρει από την αναγραφόμενη. Όλοι οι παρευρισκόμενοι κατά την υπόδειξη του ακινήτου είναι απαραίτητο να επιδείξουν την αστυνομική τους ταυτότητα και τον Α.Φ.Μ τους, σύμφωνα με τον Νόμο Ν.4072/2012 - ΦΕΚ 86/Α/11-4-2012. Τιμή: €1.000. Aspis Real Estate South, Τηλέφωνο Επικοινωνίας: 2109652230, email: glyfada@aspis-realestate.gr, website: www.aspisrealestate-south.gr",,,"0","1","7","1","0","2026-05-05","9","6","0","no","no","0","Αθήνα - Νότια Προάστια (Αττική)","Δάφνη (Αθήνα - Νότια Προάστια)","1","105103","102","2209","123191",,"2","1","0","0","1","1219825698","https://m2.spitogatos.gr/363395134_1600x1200.jpg?v=20130730","https://m3.spitogatos.gr/363395135_1600x1200.jpg?v=20130730","https://m2.spitogatos.gr/363395137_1600x1200.jpg?v=20130730","https://m1.spitogatos.gr/363395139_1600x1200.jpg?v=20130730","https://m2.spitogatos.gr/363395140_1600x1200.jpg?v=20130730","https://m3.spitogatos.gr/363395144_1600x1200.jpg?v=20130730","https://m2.spitogatos.gr/363395149_1600x1200.jpg?v=20130730","https://m2.spitogatos.gr/363395152_1600x1200.jpg?v=20130730","https://m3.spitogatos.gr/363395156_1600x1200.jpg?v=20130730","https://m1.spitogatos.gr/363395160_1600x1200.jpg?v=20130730","https://m2.spitogatos.gr/363395164_1600x1200.jpg?v=20130730","https://m2.spitogatos.gr/363395167_1600x1200.jpg?v=20130730","https://m1.spitogatos.gr/363395172_1600x1200.jpg?v=20130730","https://m1.spitogatos.gr/363395175_1600x1200.jpg?v=20130730","https://m2.spitogatos.gr/363395182_1600x1200.jpg?v=20130730","https://m1.spitogatos.gr/363395187_1600x1200.jpg?v=20130730","https://m3.spitogatos.gr/363395189_1600x1200.jpg?v=20130730","https://m3.spitogatos.gr/363395192_1600x1200.jpg?v=20130730","https://m1.spitogatos.gr/363395196_1600x1200.jpg?v=20130730","https://m1.spitogatos.gr/363395199_1600x1200.jpg?v=20130730","https://m2.spitogatos.gr/363395203_1600x1200.jpg?v=20130730","https://m1.spitogatos.gr/363395208_1600x1200.jpg?v=20130730","https://m1.spitogatos.gr/363395214_1600x1200.jpg?v=20130730",,,"0","0","2","1","37.955559",,"1","1","23.738611","0","0","0","2026-07-27","0","0",,"0","1","1",,,"0","0","0",,"0","0","0","1000",,,"0","0","0","0","8.33",,,"1","3","6","1","0",,"0",,"3","0","1",,"0","120","0",,,"0","1","0","2026-05-05","https://www.spitogatos.gr/en/property/1219825698","0","1","1980",,
"1","1","no","simple","1",,,,,"1","0","0","0","2026-03-23","0","1","0","10","1","0","false","house","0","0","0","Κωδικός Ακινήτου: #11003  Νέος Κόσμος, Κυνοσάργους: Ενοικιάζεται πλήρως ανακαινισμένο, διαμπερές διαμέρισμα 93 τ.μ., στον 1ο όροφο χωρίς ασανσέρ, ιδανικό για οικογένειες ή όσους αναζητούν άνετους και λειτουργικούς χώρους διαβίωσης. Το ακίνητο διαθέτει εξαιρετική διαρρύθμιση και αποτελείται από δύο ευρύχωρα υπνοδωμάτια, φωτεινό σαλόνι, ανεξάρτητη κουζίνα και δύο μπάνια, προσφέροντας άνεση και πρακτικότητα στην καθημερινότητα. Κατασκευής 1988, έχει ανακαινιστεί με σύγχρονες προδιαγραφές και διαθέτει αυτόνομη θέρμανση πετρελαίου, κλιματισμό, καθώς και κουφώματα αλουμινίου με διπλά τζάμια για βελτιωμένη θερμομόνωση και ηχομόνωση. Τα δάπεδα από πλακάκι και ξύλο προσδίδουν αισθητική και ζεστασιά στον χώρο, ενώ οι τέντες ενισχύουν την άνεση και την προστασία από τον ήλιο. Αποτελεί μία εξαιρετική επιλογή κατοικίας που συνδυάζει ποιότητα, λειτουργικότητα και σύγχρονες παροχές.<br><br />
 <br><br />
 <br><br />
Τιμή 950€ | Κωδικός Ακινήτου: #11003<br><br />
 <br><br />
ΚΑΤΑ ΤΗΝ ΥΠΟΔΕΙΞΗ ΤΟΥ ΑΚΙΝΗΤΟΥ ΑΠΑΙΤΕΙΤΑΙ ΝΑ ΓΙΝΕΤΑΙ ΕΠΙΔΕΙΞΗ ΤΗΣ ΑΣΤΥΝΟΜΙΚΗΣ ΣΑΣ ΤΑΥΤΟΤΗΤΑΣ ΣΥΜΦΩΝΑ ΜΕ ΤΟΝ Ν.4072/11-04-2012 Φ.Ε.Κ 86Α<br /><br />ΤΑ ΣΤΟΙΧΕΙΑ ΤΩΝ ΑΚΙΝΗΤΩΝ ΕΙΝΑΙ ΚΑΤΑ ΔΗΛΩΣΗ ΤΟΥ ΙΔΙΟΚΤΗΤΗ<br /><br />ΑΚΙΝΗΤΑ ΑΠΟΚΛΕΙΣΤΙΚΗΣ ΔΙΑΘΕΣΗΣ ΜΕ ΦΩΤΟΓΡΑΦΙΕΣ ΠΟΥ ΔΙΑΧΕΙΡΙΖΕΤΑΙ Η ΕΤΑΙΡΙΑ ΜΑΣ ΘΑ ΒΡΕΙΤΕ ΣΤΗΝ ΙΣΤΟΣΕΛΙΔΑ ΜΑΣ<br /><br /> ►WEBSITE: www.tzelihome.gr<br /><br /> ✔ ΓΙΑ ΤΗΝ ΚΑΛΥΤΕΡΗ ΕΞΥΠΗΡΕΤΗΣΗ ΣΑΣ ΧΡΗΣΙΜΟΠΟΙΕΙΣΤΕ ΤΟΝ ΚΩΔΙΚΟ ΑΚΙΝΗΤΟΥ ΠΟΥ ΑΝΑΓΡΑΦΕΤΑΙ ΣΤΗΝ ΠΕΡΙΓΡΑΦΗ<br /> ✔ Η ΔΙΕΥΘΥΝΣΗ ΣΤΟΝ ΧΑΡΤΗ ΕΧΕΙ ΤΟΠΟΘΕΤΗΘΕΙ ΚΑΤΑ ΠΡΟΣΕΓΓΙΣΗ<br /> ✔ ΟΙ ΑΚΡΙΒΕΙΣ ΠΛΗΡΟΦΟΡΙΕΣ ΤΗΣ ΔΙΕΥΘΥΝΣΗΣ ΠΑΡΕΧΟΝΤΑΙ ΣΤΗΝ ΥΠΟΔΕΙΞΗ ΤΟΥ ΑΚΙΝΗΤΟΥ<br /><br /> ΜΕΣΙΤΙΚΟ ΓΡΑΦΕΙΟ TZELI HOME<br /> ΥΜΗΤΤΟΥ 41 , ΚΑΙΣΑΡΙΑΝΗ , ΤΚ 16121<br /><br /> ΕΠΙΚΟΙΝΩΝΗΣΤΕ ΜΑΖΙ ΜΑΣ:<br /> ►WEBSITE : www.tzelihome.gr<br /> ►E-MAIL : tzelihome@gmail.com<br /> ►ΚΙΝΗΤΟ : 6906.062.919 <br /> ►ΤΗΛΕΦΩΝΟ : 211.001.4573 & 211.001.4574<br>","5000",,"0","0","7","0","0","2026-03-23","6","10","0","no","no","0","Αθήνα - Κέντρο (Αττική)","Νέος Κόσμος (Αθήνα - Κέντρο)","1","105103","100","2033","5144","Double","1","1","0","0","1","1219598789","https://m2.spitogatos.gr/348586378_1600x1200.jpg?v=20130730","https://m2.spitogatos.gr/348586381_1600x1200.jpg?v=20130730","https://m3.spitogatos.gr/348586385_1600x1200.jpg?v=20130730","https://m3.spitogatos.gr/348586388_1600x1200.jpg?v=20130730","https://m2.spitogatos.gr/348586390_1600x1200.jpg?v=20130730","https://m1.spitogatos.gr/348586392_1600x1200.jpg?v=20130730","https://m3.spitogatos.gr/348586394_1600x1200.jpg?v=20130730","https://m3.spitogatos.gr/348586397_1600x1200.jpg?v=20130730","https://m2.spitogatos.gr/348586399_1600x1200.jpg?v=20130730","https://m1.spitogatos.gr/348586401_1600x1200.jpg?v=20130730","https://m3.spitogatos.gr/348586403_1600x1200.jpg?v=20130730","https://m2.spitogatos.gr/348586405_1600x1200.jpg?v=20130730","https://m1.spitogatos.gr/348586407_1600x1200.jpg?v=20130730","https://m3.spitogatos.gr/348586409_1600x1200.jpg?v=20130730","https://m2.spitogatos.gr/348586411_1600x1200.jpg?v=20130730","https://m3.spitogatos.gr/348586412_1600x1200.jpg?v=20130730","https://m1.spitogatos.gr/348586413_1600x1200.jpg?v=20130730",,,,,,,,,"0","0","2","1","37.953495",,"1","1","23.724874","0","0","0","2026-07-23","0","0",,"0","0","2",,"3","0","0","0",,"0","0","0","950",,,"0","0","0","0","10.22",,,"1","3","6","1","1","2026","0",,"2","0","1",,"0","93","0",,,"0","1","0","2026-03-23","https://www.spitogatos.gr/en/property/1219598789","0",,"1988","w6bNASl_DKM","residential"
"1","4","no","simple","1",,,,,"0","0","0","0","2026-05-19","0","0","1","0","1","0",,"house","0","30","0","ID.2388412 - Διαμέρισμα Προς Ενοικίαση, όροφος: 4ος, στην περιοχή: Νέος Κόσμος -Κυνοσάργους. Το εμβαδόν του ακινήτου είναι 95 τ.μ.. Αποτελείται από: 2 Υ/Δ 1 μπάνιο/α, 1 wc, 1κουζίνα/ες, 1 σαλόνι/α. Έχει κατασκευαστεί το 1968 και ανακαινίστηκε το 2025, ενώ επίσης διατίθεται Κλιματισμός, έχει κουφώματα Ξύλινα, ενεργειακό πιστοποιητικό: Β και τα δάπεδα είναι: Πλακάκια, Ξύλο. Η κατάστασή του είναι: Ανακαινισμένο, Πολύ καλή. Το ακίνητο είναι Επιπλωμένο, Φωτεινό και επίσης διαθέτει τα παρακάτω χαρακτηριστικά και πλεονεκτήματα: Ασανσέρ, Ηλεκτρ. Συσκευές, Πόρτα Ασφαλείας. Τιμή: €1.100. Aspis Real Estate Καλλιθέας, Τηλέφωνο Επικοινωνίας: 2109402700, email: secalimos@aspis-realestate.gr",,,"0","1","4","0","0","2026-05-19","9","10","0","yes","no","0","Αθήνα - Κέντρο (Αττική)","Νέος Κόσμος (Αθήνα - Κέντρο)","1","105103","100","2033","5147",,,,"0","0","1","1219912091","https://m3.spitogatos.gr/353932907_1600x1200.jpg?v=20130730","https://m2.spitogatos.gr/353932912_1600x1200.jpg?v=20130730","https://m1.spitogatos.gr/353932917_1600x1200.jpg?v=20130730","https://m3.spitogatos.gr/353932922_1600x1200.jpg?v=20130730","https://m1.spitogatos.gr/353932929_1600x1200.jpg?v=20130730","https://m3.spitogatos.gr/353932934_1600x1200.jpg?v=20130730","https://m2.spitogatos.gr/353932939_1600x1200.jpg?v=20130730","https://m1.spitogatos.gr/353932947_1600x1200.jpg?v=20130730","https://m2.spitogatos.gr/353932954_1600x1200.jpg?v=20130730","https://m1.spitogatos.gr/353932959_1600x1200.jpg?v=20130730","https://m2.spitogatos.gr/353932966_1600x1200.jpg?v=20130730","https://m3.spitogatos.gr/353932973_1600x1200.jpg?v=20130730","https://m3.spitogatos.gr/353932979_1600x1200.jpg?v=20130730","https://m3.spitogatos.gr/353932985_1600x1200.jpg?v=20130730","https://m1.spitogatos.gr/353932992_1600x1200.jpg?v=20130730","https://m3.spitogatos.gr/353933000_1600x1200.jpg?v=20130730","https://m2.spitogatos.gr/353933008_1600x1200.jpg?v=20130730","https://m3.spitogatos.gr/353933015_1600x1200.jpg?v=20130730","https://m3.spitogatos.gr/353933021_1600x1200.jpg?v=20130730","https://m3.spitogatos.gr/353933024_1600x1200.jpg?v=20130730","https://m1.spitogatos.gr/353933028_1600x1200.jpg?v=20130730",,,,,"0","0","1","1","37.962097",,"1","1","23.726105","0","0","0","2026-06-19","0","0",,"0","1","1",,,"0","0","0",,"0","0","0","1100",,,"0","0","0","0","11.58",,,"1","3","6","1","1","2025","0","1","2","0","1",,"0","95","0",,,"0","1","0","2026-05-19","https://www.spitogatos.gr/en/property/1219912091","0","0","1968","FoavbWFzs-A","residential"
"1","1","no","simple","1",,,,,"0","0","0","0","2026-02-24","0","1","1","20","1","0",,"house","0",,"1","Διαμέρισμα 115 τ.μ., 1ου ορόφου, κατασκευής του 1970 και ανακαινισμένο το 2026 σε άριστη κατάσταση, διατίθεται άμεσα προς ενοικίαση στην περιοχή Χαραυγή στη Δάφνη. Βρίσκεται σε διώροφο κτίριο με 5  διαμερίσματα συνολικά. Αποτελείται από σαλόνι, αυτόνομη κουζίνα, 3 Υ/Δ, μπάνιο (με ντουζιέρα) και περιμετρικό μπαλκόνι (20 τ.μ.). Διαθέτει δάπεδα από πλακάκι, κουφώματα αλουμινίου με διπλά τζάμια, τέντες, σίτες, 1 κλιματιστική μονάδα, (θα τοποθετηθεί και δεύτερη από τον ιδιοκτήτη εφόσον το επιθυμεί ο ενοικιαστής), ηλιακός θερμοσίφωνας, πατάρι 5 τ.μ. και πόρτα ασφαλείας. Κατοικίδιο δεν επιτρέπεται. Βρίσκεται σε ήσυχη γειτονιά κοντά σε Στάσεις Λεωφορείων, Super-Market, Σχολεία, Κεντρικούς Οδικούς Άξονες, Πάρκα και Πλατείες ενώ απέχει 750 μ. από τον σταθμό μετρό Άγιος Δημήτριος και το Εμπορικό Κέντρο Athens Metro Mall (11' πεζή) και 950 μ. από σταθμό μετρό Δάφνη (14΄πεζή). VIDEO : https://youtu.be/4zWneA6NLLg<br />
Για περισσότερες πληροφορίες: KW Solutions Group, τηλ.: 2130414087, email: info@solutionsgroup.gr.<br />
Απαραίτητη για την υπόδειξη του ακινήτου είναι η προσκόμιση της αστυνομικής ταυτότητας ή διαβατηρίου ΟΛΩΝ όσοι επιθυμούν να δουν το ακίνητο, πριν από την υπογραφή (από όλους) της σχετικής Εντολής Υπόδειξης. Τέλος, ρωτήστε τον Σύμβουλό μας για τις δυνατότητες Ανακαίνισης και τα πλεονεκτήματα που σας προσφέρει η εταιρεία του ομίλου μας, «Resolutions - Renovations». Δείτε περισσότερα στο κεντρικό μας site: https://solutionsgroup.gr/<br />
For more information: KW Solutions Group, tel.: 2130414087, email: info@solutionsgroup.gr.     Χ.Μ.",,,"0","0","6","1","0","2026-02-24","6","4","0","no","no","0","Αθήνα - Νότια Προάστια (Αττική)","Δάφνη (Αθήνα - Νότια Προάστια)","1","105103","102","2209",,"Double","4","4","0","0","1","1219435459","https://m2.spitogatos.gr/361540033_1600x1200.jpg?v=20130730","https://m3.spitogatos.gr/361540034_1600x1200.jpg?v=20130730","https://m2.spitogatos.gr/361540060_1600x1200.jpg?v=20130730","https://m1.spitogatos.gr/361930299_1600x1200.jpg?v=20130730","https://m3.spitogatos.gr/361930301_1600x1200.jpg?v=20130730","https://m2.spitogatos.gr/353100916_1600x1200.jpg?v=20130730","https://m2.spitogatos.gr/361930303_1600x1200.jpg?v=20130730","https://m1.spitogatos.gr/361930305_1600x1200.jpg?v=20130730","https://m3.spitogatos.gr/361930307_1600x1200.jpg?v=20130730","https://m3.spitogatos.gr/361930310_1600x1200.jpg?v=20130730","https://m1.spitogatos.gr/361930314_1600x1200.jpg?v=20130730","https://m1.spitogatos.gr/361930317_1600x1200.jpg?v=20130730","https://m1.spitogatos.gr/361930320_1600x1200.jpg?v=20130730","https://m1.spitogatos.gr/361930323_1600x1200.jpg?v=20130730","https://m1.spitogatos.gr/361930326_1600x1200.jpg?v=20130730","https://m1.spitogatos.gr/361930329_1600x1200.jpg?v=20130730","https://m3.spitogatos.gr/361930334_1600x1200.jpg?v=20130730","https://m3.spitogatos.gr/361930340_1600x1200.jpg?v=20130730","https://m2.spitogatos.gr/361930345_1600x1200.jpg?v=20130730","https://m3.spitogatos.gr/361930352_1600x1200.jpg?v=20130730","https://m2.spitogatos.gr/361930357_1600x1200.jpg?v=20130730","https://m2.spitogatos.gr/361930363_1600x1200.jpg?v=20130730","https://m3.spitogatos.gr/361930370_1600x1200.jpg?v=20130730","https://m2.spitogatos.gr/361930375_1600x1200.jpg?v=20130730","https://m1.spitogatos.gr/361930380_1600x1200.jpg?v=20130730","0","0","2","1","37.945934",,"1","1","23.743263","0","0","0","2026-07-23","0","0",,"0","0","1",,"11","0","0","1",,"0","0","0","850",,,"0","0","0","0","7.39",,,"1","3","6","1","0",,"0","1","3","0","1",,"1","115","0",,,"0","1","0","2026-02-24","https://www.spitogatos.gr/en/property/1219435459","1","0","1970","4zWneA6NLLg","residential"
"1","1","no","simple","1",,,,,"0","0","0","0","2026-07-14","0","1","0","10","1","0","false","house","0","25","0","Κωδικός Ακινήτου: #12498  Νέος Κόσμος, Κυνοσάργους: Ενοικιάζεται πλήρως ανακαινισμένο διαμέρισμα 72 τ.μ. στον 1ο όροφο πολυκατοικίας με ασανσέρ, ιδανικό για οικογένειες, ζευγάρια ή επαγγελματίες που αναζητούν μια σύγχρονη και άνετη κατοικία. Το διαμέρισμα διαθέτει λειτουργική διαρρύθμιση και αποτελείται από δύο φωτεινά υπνοδωμάτια, ευρύχωρο σαλόνι, ανεξάρτητη κουζίνα και μπάνιο, προσφέροντας άνεση και πρακτικότητα στην καθημερινότητα. Η πλήρης ανακαίνιση έχει αναδείξει τον χώρο, συνδυάζοντας σύγχρονη αισθητική με ποιοτικά υλικά και προσεγμένες λεπτομέρειες. Διαθέτει αυτόνομη θέρμανση φυσικού αερίου, κλιματισμό, κουφώματα αλουμινίου με διπλά τζάμια, πόρτα ασφαλείας, σίτες, τέντες και δάπεδα από μάρμαρο και ξύλο που προσδίδουν κομψότητα και ζεστασιά. Επιπλέον, επιτρέπονται τα κατοικίδια, καθιστώντας το ιδανική επιλογή και για ιδιοκτήτες μικρών φίλων. Βρίσκεται σε ιδιαίτερα εξυπηρετική τοποθεσία, κοντά σε Μέσα Μαζικής Μεταφοράς, καταστήματα και όλες τις απαραίτητες καθημερινές υπηρεσίες, προσφέροντας υψηλή ποιότητα διαβίωσης σε ένα σύγχρονο και έτοιμο προς κατοίκηση σπίτι.<br><br />
 <br><br />
Τιμή 870€ | Κωδικός Ακινήτου: #12498<br><br />
 <br><br />
<br /> ΚΑΤΑ ΤΗΝ ΥΠΟΔΕΙΞΗ ΤΟΥ ΑΚΙΝΗΤΟΥ ΑΠΑΙΤΕΙΤΑΙ ΝΑ ΓΙΝΕΤΑΙ ΕΠΙΔΕΙΞΗ ΤΗΣ ΑΣΤΥΝΟΜΙΚΗΣ ΣΑΣ ΤΑΥΤΟΤΗΤΑΣ ΣΥΜΦΩΝΑ ΜΕ ΤΟΝ Ν.4072/11-04-2012 Φ.Ε.Κ 86Α<br /><br />ΤΑ ΣΤΟΙΧΕΙΑ ΤΩΝ ΑΚΙΝΗΤΩΝ ΕΙΝΑΙ ΚΑΤΑ ΔΗΛΩΣΗ ΤΟΥ ΙΔΙΟΚΤΗΤΗ<br /><br />ΑΚΙΝΗΤΑ ΑΠΟΚΛΕΙΣΤΙΚΗΣ ΔΙΑΘΕΣΗΣ ΜΕ ΦΩΤΟΓΡΑΦΙΕΣ ΠΟΥ ΔΙΑΧΕΙΡΙΖΕΤΑΙ Η ΕΤΑΙΡΙΑ ΜΑΣ ΘΑ ΒΡΕΙΤΕ ΣΤΗΝ ΙΣΤΟΣΕΛΙΔΑ ΜΑΣ<br /><br /> ►WEBSITE: www.tzelihome.gr<br /><br /> ✔ ΓΙΑ ΤΗΝ ΚΑΛΥΤΕΡΗ ΕΞΥΠΗΡΕΤΗΣΗ ΣΑΣ ΧΡΗΣΙΜΟΠΟΙΕΙΣΤΕ ΤΟΝ ΚΩΔΙΚΟ ΑΚΙΝΗΤΟΥ ΠΟΥ ΑΝΑΓΡΑΦΕΤΑΙ ΣΤΗΝ ΠΕΡΙΓΡΑΦΗ<br /> ✔ Η ΔΙΕΥΘΥΝΣΗ ΣΤΟΝ ΧΑΡΤΗ ΕΧΕΙ ΤΟΠΟΘΕΤΗΘΕΙ ΚΑΤΑ ΠΡΟΣΕΓΓΙΣΗ<br /> ✔ ΟΙ ΑΚΡΙΒΕΙΣ ΠΛΗΡΟΦΟΡΙΕΣ ΤΗΣ ΔΙΕΥΘΥΝΣΗΣ ΠΑΡΕΧΟΝΤΑΙ ΣΤΗΝ ΥΠΟΔΕΙΞΗ ΤΟΥ ΑΚΙΝΗΤΟΥ<br /><br /> ΜΕΣΙΤΙΚΟ ΓΡΑΦΕΙΟ TZELI HOME<br /> ΥΜΗΤΤΟΥ 41 , ΚΑΙΣΑΡΙΑΝΗ , ΤΚ 16121<br /><br /> ΕΠΙΚΟΙΝΩΝΗΣΤΕ ΜΑΖΙ ΜΑΣ:<br /> ►WEBSITE : www.tzelihome.gr<br /> ►E-MAIL : tzelihome@gmail.com<br /> ►ΚΙΝΗΤΟ : 6906.062.919 <br /> ►ΤΗΛΕΦΩΝΟ : 211.001.4573 & 211.001.4574<br>","5000",,"0","1","8","0","0","2026-07-14","6","6","0","no","no","0","Αθήνα - Κέντρο (Αττική)","Νέος Κόσμος (Αθήνα - Κέντρο)","1","105103","100","2033","5147","Double","1","2","0","0","1","1220384136","https://m3.spitogatos.gr/361784546_1600x1200.jpg?v=20130730","https://m3.spitogatos.gr/361784555_1600x1200.jpg?v=20130730","https://m2.spitogatos.gr/361784560_1600x1200.jpg?v=20130730","https://m1.spitogatos.gr/361784565_1600x1200.jpg?v=20130730","https://m3.spitogatos.gr/361784573_1600x1200.jpg?v=20130730","https://m2.spitogatos.gr/361784578_1600x1200.jpg?v=20130730","https://m2.spitogatos.gr/361784584_1600x1200.jpg?v=20130730","https://m3.spitogatos.gr/361784615_1600x1200.jpg?v=20130730","https://m2.spitogatos.gr/361784620_1600x1200.jpg?v=20130730","https://m3.spitogatos.gr/361784654_1600x1200.jpg?v=20130730","https://m2.spitogatos.gr/361784656_1600x1200.jpg?v=20130730","https://m1.spitogatos.gr/361784661_1600x1200.jpg?v=20130730","https://m1.spitogatos.gr/361784673_1600x1200.jpg?v=20130730","https://m1.spitogatos.gr/361784676_1600x1200.jpg?v=20130730","https://m2.spitogatos.gr/361784677_1600x1200.jpg?v=20130730","https://m2.spitogatos.gr/361784680_1600x1200.jpg?v=20130730",,,,,,,,,,"0","0","2","1","37.962196",,"1","1","23.731022","0","0","0","2026-07-20","0","0",,"0","0","1",,"3","0","0","1","1","0","0","0","870",,,"0","0","0","0","12.08",,,"1","3","6","1","1","2026","0","1","2","0","1",,"0","72","0",,,"0","1","0","2026-07-14","https://www.spitogatos.gr/en/property/1220384136","0",,"1980","f-aGSQBQ3HQ","residential"
"1","1","no","simple","1",,,,,"0","0","0","0","2026-07-07","0","1","0","6","1","0","false","house","0","0","1","Κωδικός Ακινήτου: #12391 | Νέος Κόσμος, Κέντρο:<br><br />
Ενοικιάζεται πλήρως ανακαινισμένο, γωνιακό και φωτεινό διαμέρισμα 57 τ.μ., στον 1ο όροφο χωρίς ασανσέρ, σε ήσυχη τοποθεσία με άμεση πρόσβαση στο κέντρο της πόλης. Το ακίνητο προσφέρεται πλήρως επιπλωμένο και έτοιμο προς εγκατάσταση, αποτελώντας εξαιρετική επιλογή για φοιτητές, επαγγελματίες ή ζευγάρια που αναζητούν άνεση, πρακτικότητα και εργονομία σε έναν σύγχρονο χώρο. Αποτελείται από ένα υπνοδωμάτιο, άνετο καθιστικό, ξεχωριστή κουζίνα και λουτρό. Διαθέτει κλιματιστικό, νυχτερινό τιμολόγιο ρεύματος για χαμηλότερη κατανάλωση, κουφώματα αλουμινίου με διπλά τζάμια, πόρτα ασφαλείας, σίτες, τέντες. Τα δάπεδα είναι επενδυμένα με πλακάκι, ενώ η κατοικία περιλαμβάνει πατάρι αποθήκευσης, προσφέροντας επιπλέον λειτουργικότητα στον χώρο. Το διαμέρισμα συνδυάζει ποιοτική ανακαίνιση με προσεγμένες παροχές, σε εξαιρετική τοποθεσία με εύκολη πρόσβαση σε μέσα μεταφοράς, καταστήματα και βασικές υπηρεσίες.<br><br />
Τιμή 650€ | Κωδικός Ακινήτου: #12391<br><br />
 <br><br />
ΚΑΤΑ ΤΗΝ ΥΠΟΔΕΙΞΗ ΤΟΥ ΑΚΙΝΗΤΟΥ ΑΠΑΙΤΕΙΤΑΙ ΝΑ ΓΙΝΕΤΑΙ ΕΠΙΔΕΙΞΗ ΤΗΣ ΑΣΤΥΝΟΜΙΚΗΣ ΣΑΣ ΤΑΥΤΟΤΗΤΑΣ ΣΥΜΦΩΝΑ ΜΕ ΤΟΝ Ν.4072/11-04-2012 Φ.Ε.Κ 86Α<br /><br />ΤΑ ΣΤΟΙΧΕΙΑ ΤΩΝ ΑΚΙΝΗΤΩΝ ΕΙΝΑΙ ΚΑΤΑ ΔΗΛΩΣΗ ΤΟΥ ΙΔΙΟΚΤΗΤΗ<br /><br />ΑΚΙΝΗΤΑ ΑΠΟΚΛΕΙΣΤΙΚΗΣ ΔΙΑΘΕΣΗΣ ΜΕ ΦΩΤΟΓΡΑΦΙΕΣ ΠΟΥ ΔΙΑΧΕΙΡΙΖΕΤΑΙ Η ΕΤΑΙΡΙΑ ΜΑΣ ΘΑ ΒΡΕΙΤΕ ΣΤΗΝ ΙΣΤΟΣΕΛΙΔΑ ΜΑΣ<br /><br /> ►WEBSITE: www.tzelihome.gr<br /><br /> ✔ ΓΙΑ ΤΗΝ ΚΑΛΥΤΕΡΗ ΕΞΥΠΗΡΕΤΗΣΗ ΣΑΣ ΧΡΗΣΙΜΟΠΟΙΕΙΣΤΕ ΤΟΝ ΚΩΔΙΚΟ ΑΚΙΝΗΤΟΥ ΠΟΥ ΑΝΑΓΡΑΦΕΤΑΙ ΣΤΗΝ ΠΕΡΙΓΡΑΦΗ<br /> ✔ Η ΔΙΕΥΘΥΝΣΗ ΣΤΟΝ ΧΑΡΤΗ ΕΧΕΙ ΤΟΠΟΘΕΤΗΘΕΙ ΚΑΤΑ ΠΡΟΣΕΓΓΙΣΗ<br /> ✔ ΟΙ ΑΚΡΙΒΕΙΣ ΠΛΗΡΟΦΟΡΙΕΣ ΤΗΣ ΔΙΕΥΘΥΝΣΗΣ ΠΑΡΕΧΟΝΤΑΙ ΣΤΗΝ ΥΠΟΔΕΙΞΗ ΤΟΥ ΑΚΙΝΗΤΟΥ<br /><br /> ΜΕΣΙΤΙΚΟ ΓΡΑΦΕΙΟ TZELI HOME<br /> ΥΜΗΤΤΟΥ 41 , ΚΑΙΣΑΡΙΑΝΗ , ΤΚ 16121<br /><br /> ΕΠΙΚΟΙΝΩΝΗΣΤΕ ΜΑΖΙ ΜΑΣ:<br /> ►WEBSITE : www.tzelihome.gr<br /> ►E-MAIL : tzelihome@gmail.com<br /> ►ΚΙΝΗΤΟ : 6906.062.919 <br /> ►ΤΗΛΕΦΩΝΟ : 211.001.4573 & 211.001.4574<br>","4000",,"0","0","8","0","0","2026-07-07","6","4","0","yes","no","0","Αθήνα - Κέντρο (Αττική)","Νέος Κόσμος (Αθήνα - Κέντρο)","1","105103","100","2033","5144","Double","1","4","0","0","1","1220322835","https://m1.spitogatos.gr/360775461_1600x1200.jpg?v=20130730","https://m2.spitogatos.gr/360775465_1600x1200.jpg?v=20130730","https://m2.spitogatos.gr/360775468_1600x1200.jpg?v=20130730","https://m1.spitogatos.gr/360775470_1600x1200.jpg?v=20130730","https://m1.spitogatos.gr/360775473_1600x1200.jpg?v=20130730","https://m2.spitogatos.gr/360775477_1600x1200.jpg?v=20130730","https://m3.spitogatos.gr/360775481_1600x1200.jpg?v=20130730","https://m2.spitogatos.gr/360775486_1600x1200.jpg?v=20130730","https://m1.spitogatos.gr/360775491_1600x1200.jpg?v=20130730","https://m2.spitogatos.gr/360775498_1600x1200.jpg?v=20130730","https://m1.spitogatos.gr/360775506_1600x1200.jpg?v=20130730","https://m3.spitogatos.gr/360775511_1600x1200.jpg?v=20130730","https://m2.spitogatos.gr/360775519_1600x1200.jpg?v=20130730","https://m1.spitogatos.gr/360775524_1600x1200.jpg?v=20130730","https://m2.spitogatos.gr/360775531_1600x1200.jpg?v=20130730","https://m3.spitogatos.gr/360775535_1600x1200.jpg?v=20130730",,,,,,,,,,"0","0","2","1","37.959663",,"1","1","23.722521","0","0","0","2026-07-07","0","0",,"1","0","1",,"2","0","0","1",,"0","0","0","650",,,"0","0","0","0","11.4",,,"1","3","6","1","1","2023","0","1","1","0","1",,"0","57","0",,,"0","1","0","2026-07-07","https://www.spitogatos.gr/en/property/1220322835","0",,"1970","aA50IbOwbDI","residential"
"1","2","no","simple","1",,,,,"1","0","0","0","2026-07-07","0","0","1","0","1",,,"house",,"25","0","Δάφνη, Κάτω Δάφνη (Χαραυγή), Οροφοδιαμέρισμα Προς Ενοικίαση, 90 τ.μ., Κατάσταση: Πολύ καλή, Όροφος: 2ος, 2 Υ/Δ 1 Κουζίνα/ες, 1 Μπάνιο/α, Θέρμανση: Αυτόνομη - Πετρέλαιο, Θέα: Απεριόριστη, Έτος κατασκευής: 1985, Ενεργειακό Πιστοποιητικό: Ε, Δάπεδα: Πατώματα + Μάρμαρα, Kουφώματα: Αλουμινίου, Χαρακτηριστικά: Πόρτα Ασφαλείας, Τζάκι, Διπλά Τζάμια, Βεράντες, Επιπλωμένο, Διαμπερές, Προσόψεως, Φωτεινό, Κλιματισμός, Ηλιακός,  πλήρως επιπλωμένο και εξοπλισμ΄ένο με ηλ. συσκευές, υπαρχει δυνατότητα αφαίρεσης καποιων επίπλων, πολύ κοντά στο Μετρό Αγίου Δημητρίου και Δάφνης και σε συγκοινωνίες, κουζίνα ξεχωριστή, κατάλληλο για φοιτητές, ΧΩΡΙΣ ΑΣΑΝΣΕΡ, Οι πληροφορίες και τα χαρακτηριστικά των ακινήτων έχουν καταχωρηθεί βάσει των πληροφοριών και στοιχείων που προσκόμισε ο εντολέας, Το σημείο στο χάρτη δεν ανταποκρίνεται στην πραγματική διεύθυνση του ακινήτου., κοινοχρηστα 25 ευρώ, Για την υπόδειξη ακινήτου απαιτείται επίδειξη δελτίου αστυνομικής ταυτότητας ή διαβατηρίου., Σε περίπτωση ενοικίασης η μεσιτική αμοιβή ανέρχεται σε 1 μίσθωμα συν ΦΠΑ, για περισσότερες πληροφορίες καλέστε στο 6936076084 Προβής Αναστάσιος, ΤΙΜΗ ΤΕΛΙΚΗ ΚΑΙ ΑΔΙΑΠΡΑΓΜΑΤΕΥΤΗ, Τιμή: 700€. PROVIS REAL ESTATE ΕΕ, Τηλ. Επικοινωνίας: 2114016161, email: mesitikoprovis@gmail.com",,"1",,"0","7","1","1","2026-07-07","7","6","0","yes","no","0","Αθήνα - Νότια Προάστια (Αττική)","Δάφνη (Αθήνα - Νότια Προάστια)","1","105103","102","2209","123193",,"1","1","0","0","1","1220320403","https://m1.spitogatos.gr/360731973_1600x1200.jpg?v=20130730","https://m2.spitogatos.gr/360731974_1600x1200.jpg?v=20130730","https://m2.spitogatos.gr/360731977_1600x1200.jpg?v=20130730","https://m3.spitogatos.gr/360731990_1600x1200.jpg?v=20130730","https://m3.spitogatos.gr/360731993_1600x1200.jpg?v=20130730","https://m3.spitogatos.gr/360732011_1600x1200.jpg?v=20130730","https://m3.spitogatos.gr/360732014_1600x1200.jpg?v=20130730","https://m3.spitogatos.gr/360732020_1600x1200.jpg?v=20130730","https://m2.spitogatos.gr/360732025_1600x1200.jpg?v=20130730","https://m3.spitogatos.gr/360732032_1600x1200.jpg?v=20130730","https://m3.spitogatos.gr/360732047_1600x1200.jpg?v=20130730","https://m1.spitogatos.gr/360732051_1600x1200.jpg?v=20130730","https://m2.spitogatos.gr/360732067_1600x1200.jpg?v=20130730","https://m1.spitogatos.gr/360732072_1600x1200.jpg?v=20130730","https://m1.spitogatos.gr/360732078_1600x1200.jpg?v=20130730","https://m3.spitogatos.gr/360732086_1600x1200.jpg?v=20130730","https://m2.spitogatos.gr/360732091_1600x1200.jpg?v=20130730","https://m2.spitogatos.gr/360732094_1600x1200.jpg?v=20130730","https://m2.spitogatos.gr/360732097_1600x1200.jpg?v=20130730","https://m1.spitogatos.gr/360732099_1600x1200.jpg?v=20130730",,,,,,"0","0","2","1","37.945438",,"1","1","23.743332","0",,,"2026-07-07","0","0",,"0","0","1",,,"0","0","0",,"0","0","0","700",,,"0","0","0","0","7.78",,,"1","3","6","1","0",,"0",,"2","0","1",,"1","90","0",,,"0","1","0","2026-07-07","https://www.spitogatos.gr/en/property/1220320403","1",,"1985",,"residential"
"1","4","no","simple","1",,,,,"0","0","0","0","2026-06-29","0","1","0","8","1","0","false","house","0","20","0","Κωδικός Ακινήτου: #12277<br><br />
Σε μια ήσυχη και ιδιαίτερα προνομιακή γειτονιά του Νέου Κόσμου, στον Άγιο Σώστη, διατίθεται προς ενοικίαση πλήρως ανακαινισμένο διαμέρισμα 45 τ.μ., στον 4ο όροφο πολυκατοικίας με ασανσέρ. Πρόκειται για μια σύγχρονη και κομψή κατοικία, ιδανική για έναν επαγγελματία ή ζευγάρι που αναζητά ένα ποιοτικό, πλήρως εξοπλισμένο σπίτι, έτοιμο για άμεση εγκατάσταση. Το διαμέρισμα αποτελείται από φωτεινό σαλόνι, άνετο υπνοδωμάτιο, λειτουργική κουζίνα και μοντέρνο μπάνιο, ενώ παραδίδεται πλήρως επιπλωμένο, βαμμένο και σε εξαιρετική κατάσταση. Διαθέτει αυτόνομη θέρμανση φυσικού αερίου, κλιματισμό, κουφώματα αλουμινίου με διπλά ενεργειακά τζάμια, πόρτα ασφαλείας, ηλεκτρικά ρολά, σίτες, τέντες, θυροτηλεόραση και δάπεδα από πλακάκι, εξασφαλίζοντας υψηλό επίπεδο άνεσης, ασφάλειας και ενεργειακής απόδοσης. Επιπλέον, διαθέτει πατάρι αποθήκευσης, προσφέροντας πολύτιμο επιπλέον χώρο για την οργάνωση του σπιτιού. Η εξαιρετική του τοποθεσία προσφέρει άμεση πρόσβαση στο κέντρο της Αθήνας, σε μέσα σταθερής τροχιάς, συγκοινωνίες, εμπορικά καταστήματα και όλες τις καθημερινές εξυπηρετήσεις, συνδυάζοντας την ηρεμία της γειτονιάς με την ευκολία της αστικής ζωής. Μια εξαιρετική επιλογή για όσους αναζητούν μια καλαίσθητη, πλήρως εξοπλισμένη κατοικία σε μία από τις πιο δημοφιλείς περιοχές της Αθήνας.<br><br />
 <br><br />
Τιμή ενοικίασης: 850€  Κωδικός Ακινήτου: #12277<br><br />
<br /> ΚΑΤΑ ΤΗΝ ΥΠΟΔΕΙΞΗ ΤΟΥ ΑΚΙΝΗΤΟΥ ΑΠΑΙΤΕΙΤΑΙ ΝΑ ΓΙΝΕΤΑΙ ΕΠΙΔΕΙΞΗ ΤΗΣ ΑΣΤΥΝΟΜΙΚΗΣ ΣΑΣ ΤΑΥΤΟΤΗΤΑΣ ΣΥΜΦΩΝΑ ΜΕ ΤΟΝ Ν.4072/11-04-2012 Φ.Ε.Κ 86Α<br /><br />ΤΑ ΣΤΟΙΧΕΙΑ ΤΩΝ ΑΚΙΝΗΤΩΝ ΕΙΝΑΙ ΚΑΤΑ ΔΗΛΩΣΗ ΤΟΥ ΙΔΙΟΚΤΗΤΗ<br /><br />ΑΚΙΝΗΤΑ ΑΠΟΚΛΕΙΣΤΙΚΗΣ ΔΙΑΘΕΣΗΣ ΜΕ ΦΩΤΟΓΡΑΦΙΕΣ ΠΟΥ ΔΙΑΧΕΙΡΙΖΕΤΑΙ Η ΕΤΑΙΡΙΑ ΜΑΣ ΘΑ ΒΡΕΙΤΕ ΣΤΗΝ ΙΣΤΟΣΕΛΙΔΑ ΜΑΣ<br /><br /> ►WEBSITE: www.tzelihome.gr<br /><br /> ✔ ΓΙΑ ΤΗΝ ΚΑΛΥΤΕΡΗ ΕΞΥΠΗΡΕΤΗΣΗ ΣΑΣ ΧΡΗΣΙΜΟΠΟΙΕΙΣΤΕ ΤΟΝ ΚΩΔΙΚΟ ΑΚΙΝΗΤΟΥ ΠΟΥ ΑΝΑΓΡΑΦΕΤΑΙ ΣΤΗΝ ΠΕΡΙΓΡΑΦΗ<br /> ✔ Η ΔΙΕΥΘΥΝΣΗ ΣΤΟΝ ΧΑΡΤΗ ΕΧΕΙ ΤΟΠΟΘΕΤΗΘΕΙ ΚΑΤΑ ΠΡΟΣΕΓΓΙΣΗ<br /> ✔ ΟΙ ΑΚΡΙΒΕΙΣ ΠΛΗΡΟΦΟΡΙΕΣ ΤΗΣ ΔΙΕΥΘΥΝΣΗΣ ΠΑΡΕΧΟΝΤΑΙ ΣΤΗΝ ΥΠΟΔΕΙΞΗ ΤΟΥ ΑΚΙΝΗΤΟΥ<br /><br /> ΜΕΣΙΤΙΚΟ ΓΡΑΦΕΙΟ TZELI HOME<br /> ΥΜΗΤΤΟΥ 41 , ΚΑΙΣΑΡΙΑΝΗ , ΤΚ 16121<br /><br /> ΕΠΙΚΟΙΝΩΝΗΣΤΕ ΜΑΖΙ ΜΑΣ:<br /> ►WEBSITE : www.tzelihome.gr<br /> ►E-MAIL : tzelihome@gmail.com<br /> ►ΚΙΝΗΤΟ : 6906.062.919 <br /> ►ΤΗΛΕΦΩΝΟ : 211.001.4573 & 211.001.4574<br>","6000",,"0","1","7","0","0","2026-06-29","9","4","0","yes","no","0","Αθήνα - Κέντρο (Αττική)","Νέος Κόσμος (Αθήνα - Κέντρο)","1","105103","100","2033","5145","Double","1","2","0","0","1","1220264653","https://m3.spitogatos.gr/359829782_1600x1200.jpg?v=20130730","https://m3.spitogatos.gr/359829785_1600x1200.jpg?v=20130730","https://m2.spitogatos.gr/359829787_1600x1200.jpg?v=20130730","https://m1.spitogatos.gr/359829789_1600x1200.jpg?v=20130730","https://m3.spitogatos.gr/359829791_1600x1200.jpg?v=20130730","https://m2.spitogatos.gr/359829793_1600x1200.jpg?v=20130730","https://m3.spitogatos.gr/359829794_1600x1200.jpg?v=20130730","https://m1.spitogatos.gr/359829795_1600x1200.jpg?v=20130730","https://m2.spitogatos.gr/359829796_1600x1200.jpg?v=20130730","https://m1.spitogatos.gr/359829798_1600x1200.jpg?v=20130730","https://m2.spitogatos.gr/359829799_1600x1200.jpg?v=20130730","https://m3.spitogatos.gr/359829800_1600x1200.jpg?v=20130730","https://m1.spitogatos.gr/359829801_1600x1200.jpg?v=20130730","https://m3.spitogatos.gr/359829803_1600x1200.jpg?v=20130730","https://m3.spitogatos.gr/359829806_1600x1200.jpg?v=20130730","https://m3.spitogatos.gr/359829809_1600x1200.jpg?v=20130730",,,,,,,,,,"0","0","2","1","37.954407",,"1","1","23.716333","0","0","0","2026-07-23","0","0",,"0","0","1",,"11","1","0","1",,"0","0","0","850",,,"0","0","0","0","18.89",,,"1","3","6","1","1","2024","0","1","1","0","1",,"0","45","0",,,"0","1","0","2026-06-29","https://www.spitogatos.gr/en/property/1220264653","0",,"1969","ehMhhkC-_8U",
"1","3","no","simple","4",,,,,"0","0","0","0","2026-05-11","0","0","0","6","1","0","false","house","0","25","0","Κωδικός Ακινήτου: #11580<br><br />
Στην περιοχή Άνω Αγίου Ιωάννη στη Δάφνη διατίθεται προς ενοικίαση φωτεινό και λειτουργικό διαμέρισμα 61 τ.μ., στον 3ο όροφο πολυκατοικίας με ασανσέρ, σε ιδιαίτερα προνομιακή τοποθεσία κοντά στο κέντρο και σε όλες τις καθημερινές εξυπηρετήσεις. Το ακίνητο είναι μερικώς ανακαινισμένο και μερικώς επιπλωμένο, προσφέροντας έναν άνετο και πρακτικό χώρο κατοικίας, ιδανικό για ζευγάρι, μικρή οικογένεια ή επαγγελματίες. Αποτελείται από δύο υπνοδωμάτια, άνετο σαλόνι, ξεχωριστή κουζίνα και μπάνιο, ενώ διαθέτει και πατάρι αποθήκευσης για επιπλέον λειτουργικότητα. Κατασκευής 1970, συνδυάζει κλασικά στοιχεία με σύγχρονες παρεμβάσεις, όπως κουφώματα αλουμινίου με διπλά τζάμια, πόρτα ασφαλείας, σίτες και κλιματισμό. Τα δάπεδα από μωσαϊκό και ξύλο προσδίδουν ζεστασιά και χαρακτήρα στον χώρο, ενώ η αυτόνομη θέρμανση ρεύματος εξασφαλίζει ευελιξία και άνεση. Ένα προσεγμένο ακίνητο σε ήσυχη αλλά ταυτόχρονα ιδιαίτερα εξυπηρετική γειτονιά, με άμεση πρόσβαση σε αγορά, συγκοινωνίες και βασικές υπηρεσίες.<br><br />
 <br><br />
Τιμή μίσθωσης: 750€ | Κωδικός Ακινήτου: #11580<br><br />
<br /> ΚΑΤΑ ΤΗΝ ΥΠΟΔΕΙΞΗ ΤΟΥ ΑΚΙΝΗΤΟΥ ΑΠΑΙΤΕΙΤΑΙ ΝΑ ΓΙΝΕΤΑΙ ΕΠΙΔΕΙΞΗ ΤΗΣ ΑΣΤΥΝΟΜΙΚΗΣ ΣΑΣ ΤΑΥΤΟΤΗΤΑΣ ΣΥΜΦΩΝΑ ΜΕ ΤΟΝ Ν.4072/11-04-2012 Φ.Ε.Κ 86Α<br /><br />ΤΑ ΣΤΟΙΧΕΙΑ ΤΩΝ ΑΚΙΝΗΤΩΝ ΕΙΝΑΙ ΚΑΤΑ ΔΗΛΩΣΗ ΤΟΥ ΙΔΙΟΚΤΗΤΗ<br /><br />ΑΚΙΝΗΤΑ ΑΠΟΚΛΕΙΣΤΙΚΗΣ ΔΙΑΘΕΣΗΣ ΜΕ ΦΩΤΟΓΡΑΦΙΕΣ ΠΟΥ ΔΙΑΧΕΙΡΙΖΕΤΑΙ Η ΕΤΑΙΡΙΑ ΜΑΣ ΘΑ ΒΡΕΙΤΕ ΣΤΗΝ ΙΣΤΟΣΕΛΙΔΑ ΜΑΣ<br /><br /> ►WEBSITE: www.tzelihome.gr<br /><br /> ✔ ΓΙΑ ΤΗΝ ΚΑΛΥΤΕΡΗ ΕΞΥΠΗΡΕΤΗΣΗ ΣΑΣ ΧΡΗΣΙΜΟΠΟΙΕΙΣΤΕ ΤΟΝ ΚΩΔΙΚΟ ΑΚΙΝΗΤΟΥ ΠΟΥ ΑΝΑΓΡΑΦΕΤΑΙ ΣΤΗΝ ΠΕΡΙΓΡΑΦΗ<br /> ✔ Η ΔΙΕΥΘΥΝΣΗ ΣΤΟΝ ΧΑΡΤΗ ΕΧΕΙ ΤΟΠΟΘΕΤΗΘΕΙ ΚΑΤΑ ΠΡΟΣΕΓΓΙΣΗ<br /> ✔ ΟΙ ΑΚΡΙΒΕΙΣ ΠΛΗΡΟΦΟΡΙΕΣ ΤΗΣ ΔΙΕΥΘΥΝΣΗΣ ΠΑΡΕΧΟΝΤΑΙ ΣΤΗΝ ΥΠΟΔΕΙΞΗ ΤΟΥ ΑΚΙΝΗΤΟΥ<br /><br /> ΜΕΣΙΤΙΚΟ ΓΡΑΦΕΙΟ TZELI HOME<br /> ΥΜΗΤΤΟΥ 41 , ΚΑΙΣΑΡΙΑΝΗ , ΤΚ 16121<br /><br /> ΕΠΙΚΟΙΝΩΝΗΣΤΕ ΜΑΖΙ ΜΑΣ:<br /> ►WEBSITE : www.tzelihome.gr<br /> ►E-MAIL : tzelihome@gmail.com<br /> ►ΚΙΝΗΤΟ : 6906.062.919 <br /> ►ΤΗΛΕΦΩΝΟ : 211.001.4573 & 211.001.4574<br>","5000",,"0","1","7","0","0","2026-05-11","8","11","0","yes","no","0","Αθήνα - Κέντρο (Αττική)","Νέος Κόσμος (Αθήνα - Κέντρο)","1","105103","100","2033","5146","Double","1","4","0","0","1","1219865282","https://m1.spitogatos.gr/353103510_1600x1200.jpg?v=20130730","https://m1.spitogatos.gr/353103516_1600x1200.jpg?v=20130730","https://m2.spitogatos.gr/353103520_1600x1200.jpg?v=20130730","https://m1.spitogatos.gr/353103525_1600x1200.jpg?v=20130730","https://m2.spitogatos.gr/353103529_1600x1200.jpg?v=20130730","https://m3.spitogatos.gr/353103533_1600x1200.jpg?v=20130730","https://m3.spitogatos.gr/353103536_1600x1200.jpg?v=20130730","https://m1.spitogatos.gr/353103540_1600x1200.jpg?v=20130730","https://m1.spitogatos.gr/353103543_1600x1200.jpg?v=20130730","https://m1.spitogatos.gr/353103546_1600x1200.jpg?v=20130730","https://m2.spitogatos.gr/353103550_1600x1200.jpg?v=20130730","https://m3.spitogatos.gr/353103551_1600x1200.jpg?v=20130730","https://m1.spitogatos.gr/353103555_1600x1200.jpg?v=20130730","https://m2.spitogatos.gr/353103556_1600x1200.jpg?v=20130730","https://m1.spitogatos.gr/353103561_1600x1200.jpg?v=20130730","https://m2.spitogatos.gr/353103562_1600x1200.jpg?v=20130730",,,,,,,,,,"0","0","2","1","37.958073",,"1","1","23.733606","0","0","0","2026-05-16","0","0",,"0","0","1",,"11","0","0","1",,"0","0","0","750",,,"0","0","0","0","12.3",,,"1","3","6","1","1","2026","0","1","2","0","1",,"0","61","0",,,"0","1","0","2026-05-11","https://www.spitogatos.gr/en/property/1219865282","0",,"1970","EYaOoBWvsBc","residential"
"1","Ground Floor","no","simple","1",,,,,"0","0","0","0","2026-03-03","0","0","1","0","0",,,"house",,"20","0","ΕΝΟΙΚΙΑΖΕΤΑΙ ΙΣΟΓΕΙΟ ΔΙΑΜΕΡΙΣΜΑ 55 ΤΜ, ΠΕΡΙΟΧΗ ΝΕΑ ΣΜΥΡΝΗ, 1 ΥΠΝΟΔΩΜΑΤΙΟ, ΑΝΕΞΑΡΤΗΤΗ ΚΟΥΖΙΝΑ , ΠΟΡΤΑ ΑΣΦΑΛΕΙΑΣ, ΚΛΙΜΑΤΙΣΤΙΚΑ, ΠΛΗΡΩΣ ΕΠΙΠΛΩΜΕΝΟ , ΕΞΟΠΛΙΣΜΕΝΟ ΜΕ  ΟΛΕΣ ΤΙΣ ΗΛΕΚΤΡΙΚΕΣ ΣΥΣΚΕΥΕΣ . ΚΟΝΤΑ ΣΕ ΣΥΓΚΟΙΝΩΝΙΕΣ ΚΑΙ ΣΤΗΝ ΑΓΟΡΑ.<br />
Ενοικίαση, Διαμέρισμα,  Μπάνια: 1,  Εμβαδόν: 55 τ.μ.,  Δωμάτια: 1,  Έτος κατασκευής: 1970,  Για φοιτητές,  Κλιματισμός,  Βεράντα,  Ασανσέρ,  Επιπλωμένο,  Κήπος,  Πόρτα ασφαλείας,  Όροφος: Ισόγειο,  Κατάλληλο για Επαγγ. Χρήση,  Επιτρέπονται κατοικίδια,  Ανακαινισμένο,  Διπλά τζάμια,  Κουζίνες: 1,  Κουφώματα: Συνθετικά,  Τύπος δαπέδων: Πλακάκι,  Θέρμανση: Αυτόνομη θέρμανση,  Μέσο θέρμανσης: Ρεύμα,  Πρόσβαση από: Άσφαλτο,  Ζώνη: Οικιστική ζώνη,  Νυχτερινό ρεύμα,  Ενεργειακή κλάση: Δ,  Μηνιαία κοινόχρηστα: 20",,"1",,"1","6","0","0","2026-01-23","3","4","1","yes","no","1","Αθήνα - Κέντρο (Αττική)","Νέος Κόσμος (Αθήνα - Κέντρο)","1","105103","100","2033","5144",,"1","4","0","0","1","1219243116","https://m1.spitogatos.gr/346649304_1600x1200.jpg?v=20130730","https://m3.spitogatos.gr/346649306_1600x1200.jpg?v=20130730","https://m1.spitogatos.gr/346649307_1600x1200.jpg?v=20130730","https://m3.spitogatos.gr/346649309_1600x1200.jpg?v=20130730","https://m2.spitogatos.gr/346649311_1600x1200.jpg?v=20130730","https://m3.spitogatos.gr/346649312_1600x1200.jpg?v=20130730","https://m3.spitogatos.gr/346649315_1600x1200.jpg?v=20130730","https://m2.spitogatos.gr/346649317_1600x1200.jpg?v=20130730","https://m2.spitogatos.gr/346649320_1600x1200.jpg?v=20130730","https://m1.spitogatos.gr/346649322_1600x1200.jpg?v=20130730",,,,,,,,,,,,,,,,"0","0","3","1","37.950581",,"1","0","23.72205","0",,,"2026-03-03","0","0",,"1","0","1",,,"0","0","0","1","0","0","0","700",,,"0","0","0","0","12.73",,,"1","3","6","1","1",,"0","1","1","0","1",,"0","55","0",,"Στρατούλα 4, Αθήνα 117 44, Ελλάδα","1","1","0","2026-01-23","https://www.spitogatos.gr/en/property/1219243116","0",,"1970",,"residential"
"1","Upper Ground","no","simple","1",,,,,"1","0","0","0","2026-07-23","0","0","0","0","1","0",,"house","0",,"0","ID.2531933 - Διαμέρισμα Προς Ενοικίαση, όροφος: Ημιόροφος, στην περιοχή: Δάφνη -Αγία Βαρβάρα Δάφνης. Το εμβαδόν του ακινήτου είναι 65 τ.μ.. Αποτελείται από: 1 Υ/Δ 1 μπάνιο/α,, 1κουζίνα/ες, 1 σαλόνι/α. Έχει κατασκευαστεί το 1970 και ανακαινίστηκε το 2026. Η θέρμανση του ακινήτου είναι Αυτόνομη με Φυσικό αέριο, ενώ επίσης διατίθεται Κλιματισμός, Boiler, έχει κουφώματα Αλουμινίου με Διπλά τζάμια, ενεργειακό πιστοποιητικό: Γ και τα δάπεδα είναι: Πλακάκια. Η κατάστασή του είναι: Ανακαινισμένο, Καταπληκτική, βρίσκεται κοντά σε Μετρό, Συγκοινωνίες, Σχολείο, Πλατεία, Εκκλησία, Λαική αγορά, Super Market, Κέντρο Πόλης, Αγορά, Εστίαση. Το ακίνητο είναι Βαμμένο, Προσόψεως, Φωτεινό, Ευάερο, Ευήλιο, Διαμπερές και επίσης διαθέτει τα παρακάτω χαρακτηριστικά και πλεονεκτήματα: Σίτες, Ηλεκτρ. Συσκευές, Αποθήκη, Πόρτα Ασφαλείας, Χωρίς Κοινόχρηστα, Οπτική ίνα, Ηλεκτρικά ρολά. Οι πληροφορίες και τα χαρακτηριστικά των ακινήτων έχουν καταχωρηθεί βάσει των πληροφοριών και στοιχείων που μας προσκομίστηκαν. Η τοποθεσία του ακινήτου στον χάρτη είναι ενδεικτική. Η ενεργειακή κλάση των ακινήτων που είναι απαραίτητη η έκδοση ΠΕΑ μπορεί να διαφέρει από την αναγραφόμενη. Όλοι οι παρευρισκόμενοι κατά την υπόδειξη του ακινήτου είναι απαραίτητο να επιδείξουν την αστυνομική τους ταυτότητα και τον Α.Φ.Μ τους, σύμφωνα με τον Νόμο Ν.4072/2012 - ΦΕΚ 86/Α/11-4-2012. Τιμή: €700. Aspis Real Estate South, Τηλέφωνο Επικοινωνίας: 2109652230, email: glyfada@aspis-realestate.gr, website: www.aspisrealestate-south.gr",,,"0","0","5","1","0","2026-07-23","4","4","0","no","no","0","Αθήνα - Νότια Προάστια (Αττική)","Δάφνη (Αθήνα - Νότια Προάστια)","1","105103","102","2209","123192","Double","1","2","0","0","1","1220458614","https://m3.spitogatos.gr/362860532_1600x1200.jpg?v=20130730","https://m3.spitogatos.gr/362860535_1600x1200.jpg?v=20130730","https://m3.spitogatos.gr/362860538_1600x1200.jpg?v=20130730","https://m1.spitogatos.gr/362860542_1600x1200.jpg?v=20130730","https://m1.spitogatos.gr/362860545_1600x1200.jpg?v=20130730","https://m2.spitogatos.gr/362860546_1600x1200.jpg?v=20130730","https://m2.spitogatos.gr/362860549_1600x1200.jpg?v=20130730","https://m1.spitogatos.gr/362860551_1600x1200.jpg?v=20130730","https://m1.spitogatos.gr/362860554_1600x1200.jpg?v=20130730","https://m3.spitogatos.gr/362860556_1600x1200.jpg?v=20130730","https://m2.spitogatos.gr/362860558_1600x1200.jpg?v=20130730","https://m2.spitogatos.gr/362860561_1600x1200.jpg?v=20130730","https://m3.spitogatos.gr/362860562_1600x1200.jpg?v=20130730","https://m2.spitogatos.gr/362860564_1600x1200.jpg?v=20130730","https://m2.spitogatos.gr/362860567_1600x1200.jpg?v=20130730","https://m1.spitogatos.gr/362860569_1600x1200.jpg?v=20130730","https://m1.spitogatos.gr/362860572_1600x1200.jpg?v=20130730","https://m3.spitogatos.gr/362860574_1600x1200.jpg?v=20130730","https://m2.spitogatos.gr/362860576_1600x1200.jpg?v=20130730","https://m1.spitogatos.gr/362860578_1600x1200.jpg?v=20130730",,,,,,"0","0","2","1","37.945175",,"1","1","23.729031","0","0","0","2026-07-23","0","0",,"0","0","1",,,"1","0","1",,"0","0","0","700",,,"0","0","0","0","10.77",,,"1","3","6","1","1","2026","0",,"1","0","1",,"0","65","1",,,"0","1","0","2026-07-23","https://www.spitogatos.gr/en/property/1220458614","0","0","1970",,"residential"
"1","4",,"simple","1",,,,,"1","0","0","0","2026-03-04","0","0","1","0","1",,,"house",,"20","0","ΝΕΟΣ ΚΟΣΜΟΣ, Κυνοσάργους - Διαμέρισμα 95τμ, πλήρως επιπλωμένο, 2 υ/δ, 4ος, ανακαινισμένο, κατασκευή 1968, ανακαίνιση 2020, ενεργειακή κλάση Γ, σαλόνι, κουζίνα, μπάνιο, wc, αυτόνομη θέρμανση (ηλεκτρικό ρεύμα), κλιματισμός, διαμπερές, φωτεινό, θέα ανοιχτός ορίζοντας, πρόσοψης, βαμμένο, βεράντες, ασανσέρ, εντοιχισμένες συσκευές, κουφώματα αλουμινίου, διπλά τζάμια, τύπος δαπέδων ξύλο, ανεξάρτητη κουζίνα, πόρτα ασφαλείας, εντός σχεδίου, οικιστική ζώνη, προσανατολισμός νοτιοδυτικός, πρόσβαση: άσφαλτο, βραχυπρόθεσμη ενοικίαση, πλησίον μετρό/ηλεκτρικός (έως 200μ), πλησίον αγορά (έως 100μ).<br />
🏡 Επιπλωμένο Διαμέρισμα 95 τ.μ. | Ενοικίαση | Νέος Κόσμος 🏡<br />
<br />
Ένα πολύ φωτεινό και πλήρως επιπλωμένο διαμέρισμα, με άπλετο φυσικό φως, δίπλα ακριβώς στη στάση Μετρό FIX, σε άριστα συντηρημένη πολυκατοικία. <br />
Ιδανικό για όσους θέλουν άμεση πρόσβαση στο κέντρο και άνετη καθημερινότητα.<br />
<br />
🔹 Χαρακτηριστικά Ακινήτου:<br />
<br />
4ος όροφος<br />
<br />
Εξαιρετικά φωτεινό<br />
<br />
Ανακαινισμένο πριν 5 χρόνια<br />
<br />
Προσεγμένη, σύγχρονη επίπλωση<br />
<br />
Μονάδες A/C σε όλους τους χώρους<br />
<br />
Διπλά ενεργειακά κουφώματα αλουμινίου<br />
<br />
Καλοδιατηρημένη πολυκατοικία<br />
<br />
<br />
📍 Τοποθεσία:<br />
<br />
Το διαμέρισμα βρίσκεται δίπλα στη στάση FIX (Μετρό), σε ένα εξαιρετικά κεντρικό και πρακτικό σημείο με πολύ άνετη πρόσβαση σε αγορές, καφέ, ΜΜΜ και στο κέντρο της Αθήνας!<br />
<br />
Ένα άνετο και καλαίσθητο διαμέρισμα, ιδανικό για όσους αναζητούν λειτουργικότητα και άψογη πρόσβαση σε όλα.✨<br />
<br />
Τιμή €1.100 (κωδ. 147273) +30 2109229965 GRAND ESTATE<br />
| Το στίγμα στο χάρτη δεν υποδεικνύει την ακριβή θέση του ακινήτου αλλά σημείο πλησίον του. Δείτε περισσότερα ακίνητα στο site μας www.grandestate.gr",,"0",,"1","5","1","0","2025-11-14","9","2","0","yes","no","0","Αθήνα - Κέντρο (Αττική)","Νέος Κόσμος (Αθήνα - Κέντρο)","1","105103","100","2033","5147","Double","1","4","0","0","1","1218624744","https://m2.spitogatos.gr/342767359_1600x1200.jpg?v=20130730","https://m1.spitogatos.gr/342767361_1600x1200.jpg?v=20130730","https://m2.spitogatos.gr/333744460_1600x1200.jpg?v=20130730","https://m1.spitogatos.gr/333744462_1600x1200.jpg?v=20130730","https://m1.spitogatos.gr/333744465_1600x1200.jpg?v=20130730","https://m3.spitogatos.gr/333744467_1600x1200.jpg?v=20130730","https://m2.spitogatos.gr/333744469_1600x1200.jpg?v=20130730","https://m2.spitogatos.gr/333744472_1600x1200.jpg?v=20130730","https://m1.spitogatos.gr/333744474_1600x1200.jpg?v=20130730","https://m1.spitogatos.gr/333744477_1600x1200.jpg?v=20130730","https://m2.spitogatos.gr/333744478_1600x1200.jpg?v=20130730","https://m1.spitogatos.gr/333744480_1600x1200.jpg?v=20130730","https://m3.spitogatos.gr/333744482_1600x1200.jpg?v=20130730","https://m2.spitogatos.gr/333744484_1600x1200.jpg?v=20130730","https://m3.spitogatos.gr/333744485_1600x1200.jpg?v=20130730","https://m1.spitogatos.gr/333744486_1600x1200.jpg?v=20130730","https://m2.spitogatos.gr/333744487_1600x1200.jpg?v=20130730","https://m3.spitogatos.gr/333744488_1600x1200.jpg?v=20130730","https://m1.spitogatos.gr/333744489_1600x1200.jpg?v=20130730","https://m2.spitogatos.gr/333744490_1600x1200.jpg?v=20130730","https://m3.spitogatos.gr/333744491_1600x1200.jpg?v=20130730","https://m1.spitogatos.gr/333744492_1600x1200.jpg?v=20130730","https://m2.spitogatos.gr/333744493_1600x1200.jpg?v=20130730","https://m3.spitogatos.gr/333744494_1600x1200.jpg?v=20130730",,"0","0","2","1","37.962513",,"1","1","23.728432","0",,,"2026-07-27","0","0",,"0","1","1",,"12","1","0","0",,"0","0","0","1100",,,"0","0","0","0","11.58",,,"1","3","6","1","1","2020","0","1","2","0","1",,"0","95","0",,,"0","1","0","2025-11-14","https://www.spitogatos.gr/en/property/1218624744","1",,"1968",,"residential"
"1","5","no","simple","1","Αλέξιος","81463","Κοσμόπουλος","6986109593","1","0","0","0","2026-07-27","0","1","1","20","1","0",,"house","0",,"0","Διατίθεται προς ενοικίαση ανακαινισμένο διαμέρισμα 5ου ορόφου (ρετιρέ), συνολικής επιφάνειας 50 τ.μ., στην περιοχή Νέος Κόσμος – Άγιος Ιωάννης.<br />
<br />
Το ακίνητο αποτελείται από ένα υπνοδωμάτιο, ένα μπάνιο και μία κουζίνα, προσφέροντας έναν λειτουργικό και άνετο χώρο διαβίωσης. Είναι πλήρως επιπλωμένο και ιδανικό για όσους αναζητούν μια σύγχρονη κατοικία σε εξαιρετική τοποθεσία.<br />
<br />
Κατασκευάστηκε το 2006 και διαθέτει αυτόνομη θέρμανση με φυσικό αέριο, κλιματισμό, ηλιακό θερμοσίφωνα, boiler, κουφώματα αλουμινίου με διπλά τζάμια και δάπεδα από πλακάκι και ξύλο (Ενεργειακή Κλάση Γ).<br />
<br />
Το διαμέρισμα είναι προσόψεως, φωτεινό, διαμπερές και ρετιρέ, με ανατολικομεσημβρινό προσανατολισμό και υπέροχη θέα προς την Ακρόπολη και ανοιχτωσιά.<br />
<br />
Βρίσκεται σε εξαιρετική τοποθεσία, πολύ κοντά σε μετρό, συγκοινωνίες, αγορά και χώρους εστίασης, αποτελώντας ιδανική επιλογή για κατοικία, φοιτητές ή βραχυχρόνια μίσθωση. Επιπλέον διαθέτει σίτες, τέντες, ασανσέρ, ηλεκτρικές συσκευές, πόρτα ασφαλείας, ευρύχωρη βεράντα και βρίσκεται σε ήσυχη γειτονιά.<br />
<br />
📍 Η τοποθεσία είναι ενδεικτική.<br />
<br />
KOSMOS REAL ESTATE<br />
📞 Υπεύθυνος Ακινήτου: Αλέξης Κοσμόπουλος – 6986109593<br />
📧 info@kosmosrealestate.gr<br />
🌐 www.kosmosrealestate.gr",,,"0","1","5","1","1","2026-07-27","10","10","0","yes","no","0","Αθήνα - Κέντρο (Αττική)","Νέος Κόσμος (Αθήνα - Κέντρο)","1","105103","100","2033","5146","Double","1","2","0","1","1","1220497567","https://m2.spitogatos.gr/363396325_1600x1200.jpg?v=20130730","https://m2.spitogatos.gr/363396331_1600x1200.jpg?v=20130730","https://m1.spitogatos.gr/363396333_1600x1200.jpg?v=20130730","https://m1.spitogatos.gr/363396339_1600x1200.jpg?v=20130730","https://m1.spitogatos.gr/363396345_1600x1200.jpg?v=20130730","https://m3.spitogatos.gr/363396350_1600x1200.jpg?v=20130730","https://m2.spitogatos.gr/363396355_1600x1200.jpg?v=20130730","https://m1.spitogatos.gr/363396363_1600x1200.jpg?v=20130730","https://m2.spitogatos.gr/363396367_1600x1200.jpg?v=20130730","https://m3.spitogatos.gr/363396371_1600x1200.jpg?v=20130730","https://m1.spitogatos.gr/363396375_1600x1200.jpg?v=20130730","https://m1.spitogatos.gr/363396378_1600x1200.jpg?v=20130730","https://m1.spitogatos.gr/363396381_1600x1200.jpg?v=20130730","https://m2.spitogatos.gr/363396385_1600x1200.jpg?v=20130730","https://m3.spitogatos.gr/363396386_1600x1200.jpg?v=20130730","https://m2.spitogatos.gr/363396388_1600x1200.jpg?v=20130730","https://m3.spitogatos.gr/363396389_1600x1200.jpg?v=20130730",,,,,,,,,"0","0","2","1","37.956783",,"1","0","23.736589","0","0","0","2026-07-27","0","0",,"0","0","1",,"3","0","1","1",,"0","0","0","800",,,"0","0","0","0","16",,,"1","3","6","1","1",,"0","1","1","0","1","1","1","50","0",,,"1","1","0","2026-07-27","https://www.spitogatos.gr/en/property/1220497567","1","0","2006",,"residential"
"1","2","no","simple","1",,,,,"0","1","0","0","2026-06-18","0","0","1","0","0","0",,"house",,,"0","<br>Κωδικός ακινήτου: 4290 - Δάφνη - Άγιος Ιωάννης ΕΝΟΙΚΙΑΖΕΤΑΙ ανακαινισμένο επιπλωμένο διαμέρισμα στον 2 ο όροφο συνολικής επιφάνειας 29.00 τ.μ. . Αποτελείται από 1 υπνοδωμάτιο, σαλόνι, κουζίνα, μπάνιο . Είναι κατασκευασμένο το 1981 και διαθέτει θέρμανση κλιματισμός, κουφώματα αλουμινίου, ξύλινα πατώματα, πόρτα ασφαλείας, ντουλάπες, ανελκυστήρα, A/C, συναγερμό, ηλεκτρικές συσκευές, διπλά τζάμια απόσταση από μετρό 400 μέτρα. Ιδανικό για επαγγελματίες, digital nomads, Έλληνες φοιτητές ή φοιτητές Erasmus που αναζητούν ασφαλή και οργανωμένη διαμονή. Η τιμή για 1 άτομο είναι 680€ all inclusive και περιλαμβάνει:<br>• Ρεύμα (φυσιολογικά όρια κατανάλωσης έως 350kWh)<br>• Νερό<br>• WiFi υψηλής ταχύτητας<br>• Κοινόχρηστα<br><br>- Τιμή: 680 €<br>Σε περίπτωση δύο ατόμων γίνεται προσαρμογή στα 880. <br>",,,,"1","6","0","0","2026-06-18","7","2","0","yes","no","0","Αθήνα - Νότια Προάστια (Αττική)","Δάφνη (Αθήνα - Νότια Προάστια)","1","105103","102","2209","123191","Double","4","4","0","0","1","1220150263","https://m3.spitogatos.gr/357747311_1600x1200.jpg?v=20130730","https://m1.spitogatos.gr/357747327_1600x1200.jpg?v=20130730","https://m1.spitogatos.gr/357747345_1600x1200.jpg?v=20130730","https://m3.spitogatos.gr/357747356_1600x1200.jpg?v=20130730","https://m2.spitogatos.gr/357747376_1600x1200.jpg?v=20130730","https://m1.spitogatos.gr/357747387_1600x1200.jpg?v=20130730","https://m1.spitogatos.gr/357747396_1600x1200.jpg?v=20130730","https://m3.spitogatos.gr/357747404_1600x1200.jpg?v=20130730","https://m1.spitogatos.gr/357747414_1600x1200.jpg?v=20130730","https://m2.spitogatos.gr/357747421_1600x1200.jpg?v=20130730","https://m2.spitogatos.gr/357747427_1600x1200.jpg?v=20130730","https://m2.spitogatos.gr/357747433_1600x1200.jpg?v=20130730","https://m2.spitogatos.gr/357747445_1600x1200.jpg?v=20130730","https://m2.spitogatos.gr/357747457_1600x1200.jpg?v=20130730","https://m2.spitogatos.gr/357747484_1600x1200.jpg?v=20130730","https://m2.spitogatos.gr/357747496_1600x1200.jpg?v=20130730","https://m1.spitogatos.gr/357747513_1600x1200.jpg?v=20130730","https://m2.spitogatos.gr/357747523_1600x1200.jpg?v=20130730","https://m3.spitogatos.gr/357747536_1600x1200.jpg?v=20130730",,,,,,,"0","0","2","1","37.955448",,"1","1","23.737335","1",,,"2026-07-28","0","0",,"0","0","1",,"3","0","0","0",,"0","0","0","680",,,"1","1","1","1","23.45",,,"1","3","6","1","1",,"0","1","1","0","1",,"0","29","0",,,"1","1","0","2026-06-18","https://www.spitogatos.gr/en/property/1220150263","0","0","1981","3E3IjJAiOaw","residential"
"1","4","no","simple","1",,,,,"0","0","0","0","2026-07-25","0","1","1","14","1","0","false","house","0","50","0","Κωδικός Ακινήτου: #12675   Νέος Κόσμος, Κέντρο: Ενοικιάζεται πλήρως επιπλωμένο διαμέρισμα 87 τ.μ. στον 4ο όροφο πολυκατοικίας με ανελκυστήρα, ιδανικό για όσους αναζητούν έναν άνετο και λειτουργικό χώρο σε προνομιακή τοποθεσία. Το ακίνητο, κατασκευής 2004 και πρόσφατα βαμμένο, διαθέτει φωτεινό σαλόνι, ανεξάρτητη κουζίνα, δύο ευρύχωρα υπνοδωμάτια και δύο μπάνια, προσφέροντας άνεση και πρακτικότητα για οικογένειες ή επαγγελματίες. Εξοπλίζεται με αυτόνομη θέρμανση πετρελαίου, κλιματισμό, ηλιακό θερμοσίφωνα, κουφώματα αλουμινίου με διπλά τζάμια, πόρτα ασφαλείας, τέντες και δάπεδα από πλακάκι, ενώ διαθέτει και πατάρι αποθήκευσης για επιπλέον αποθηκευτικό χώρο. Η εξαιρετική του θέση, σε μικρή απόσταση από στάσεις Μέσων Μαζικής Μεταφοράς και βασικές υπηρεσίες, το καθιστά μια ιδιαίτερα ελκυστική επιλογή για άνετη και ποιοτική διαβίωση.<br><br />
 <br><br />
Τιμή 1.000€ | Κωδικός Ακινήτου: #12675<br><br />
 <br><br />
<br /> ΚΑΤΑ ΤΗΝ ΥΠΟΔΕΙΞΗ ΤΟΥ ΑΚΙΝΗΤΟΥ ΑΠΑΙΤΕΙΤΑΙ ΝΑ ΓΙΝΕΤΑΙ ΕΠΙΔΕΙΞΗ ΤΗΣ ΑΣΤΥΝΟΜΙΚΗΣ ΣΑΣ ΤΑΥΤΟΤΗΤΑΣ ΣΥΜΦΩΝΑ ΜΕ ΤΟΝ Ν.4072/11-04-2012 Φ.Ε.Κ 86Α<br /><br />ΤΑ ΣΤΟΙΧΕΙΑ ΤΩΝ ΑΚΙΝΗΤΩΝ ΕΙΝΑΙ ΚΑΤΑ ΔΗΛΩΣΗ ΤΟΥ ΙΔΙΟΚΤΗΤΗ<br /><br />ΑΚΙΝΗΤΑ ΑΠΟΚΛΕΙΣΤΙΚΗΣ ΔΙΑΘΕΣΗΣ ΜΕ ΦΩΤΟΓΡΑΦΙΕΣ ΠΟΥ ΔΙΑΧΕΙΡΙΖΕΤΑΙ Η ΕΤΑΙΡΙΑ ΜΑΣ ΘΑ ΒΡΕΙΤΕ ΣΤΗΝ ΙΣΤΟΣΕΛΙΔΑ ΜΑΣ<br /><br /> ►WEBSITE: www.tzelihome.gr<br /><br /> ✔ ΓΙΑ ΤΗΝ ΚΑΛΥΤΕΡΗ ΕΞΥΠΗΡΕΤΗΣΗ ΣΑΣ ΧΡΗΣΙΜΟΠΟΙΕΙΣΤΕ ΤΟΝ ΚΩΔΙΚΟ ΑΚΙΝΗΤΟΥ ΠΟΥ ΑΝΑΓΡΑΦΕΤΑΙ ΣΤΗΝ ΠΕΡΙΓΡΑΦΗ<br /> ✔ Η ΔΙΕΥΘΥΝΣΗ ΣΤΟΝ ΧΑΡΤΗ ΕΧΕΙ ΤΟΠΟΘΕΤΗΘΕΙ ΚΑΤΑ ΠΡΟΣΕΓΓΙΣΗ<br /> ✔ ΟΙ ΑΚΡΙΒΕΙΣ ΠΛΗΡΟΦΟΡΙΕΣ ΤΗΣ ΔΙΕΥΘΥΝΣΗΣ ΠΑΡΕΧΟΝΤΑΙ ΣΤΗΝ ΥΠΟΔΕΙΞΗ ΤΟΥ ΑΚΙΝΗΤΟΥ<br /><br /> ΜΕΣΙΤΙΚΟ ΓΡΑΦΕΙΟ TZELI HOME<br /> ΥΜΗΤΤΟΥ 41 , ΚΑΙΣΑΡΙΑΝΗ , ΤΚ 16121<br /><br /> ΕΠΙΚΟΙΝΩΝΗΣΤΕ ΜΑΖΙ ΜΑΣ:<br /> ►WEBSITE : www.tzelihome.gr<br /> ►E-MAIL : tzelihome@gmail.com<br /> ►ΚΙΝΗΤΟ : 6906.062.919 <br /> ►ΤΗΛΕΦΩΝΟ : 211.001.4573 & 211.001.4574<br>","4500",,"0","1","6","0","0","2026-07-25","9","4","0","yes","no","0","Αθήνα - Κέντρο (Αττική)","Νέος Κόσμος (Αθήνα - Κέντρο)","1","105103","100","2033","5144","Double","1","1","0","0","1","1220486937","https://m3.spitogatos.gr/363237482_1600x1200.jpg?v=20130730","https://m1.spitogatos.gr/363237483_1600x1200.jpg?v=20130730","https://m3.spitogatos.gr/363237485_1600x1200.jpg?v=20130730","https://m2.spitogatos.gr/363237487_1600x1200.jpg?v=20130730","https://m3.spitogatos.gr/363237488_1600x1200.jpg?v=20130730","https://m2.spitogatos.gr/363237490_1600x1200.jpg?v=20130730","https://m3.spitogatos.gr/363237491_1600x1200.jpg?v=20130730","https://m1.spitogatos.gr/363237492_1600x1200.jpg?v=20130730","https://m2.spitogatos.gr/363237493_1600x1200.jpg?v=20130730","https://m3.spitogatos.gr/363237494_1600x1200.jpg?v=20130730","https://m1.spitogatos.gr/363237495_1600x1200.jpg?v=20130730","https://m2.spitogatos.gr/363237496_1600x1200.jpg?v=20130730","https://m3.spitogatos.gr/363237497_1600x1200.jpg?v=20130730","https://m1.spitogatos.gr/363237498_1600x1200.jpg?v=20130730","https://m2.spitogatos.gr/363237499_1600x1200.jpg?v=20130730",,,,,,,,,,,"0","0","2","1","37.953465",,"1","1","23.724422","0","0","0","2026-07-25","0","0",,"0","0","2",,"3","1","0","0",,"0","0","0","1000",,,"0","0","0","0","11.49",,,"1","3","6","1","0",,"0","1","2","0","1",,"1","87","0",,,"0","1","0","2026-07-25","https://www.spitogatos.gr/en/property/1220486937","0",,"2004","TsuIi5I-xGI","residential"
"0","3","no","simple","1",,,,,"1","0","0","0","2026-07-23","0","1","1","12","1","0","false","house","0","20","0"," Κωδικός Ακινήτου: #12655  Νέος Κόσμος, Κυνοσάργους: Ενοικιάζεται πλήρως ανακαινισμένο, φωτεινό και διαμπερές διαμέρισμα 80 τ.μ., στον 3ο όροφο πολυκατοικίας με ασανσέρ, σε εξαιρετική τοποθεσία με άμεση πρόσβαση σε μέσα μαζικής μεταφοράς. Το ακίνητο διαθέτει άνετο σαλόνι, ανεξάρτητη κουζίνα, δύο ευρύχωρα υπνοδωμάτια και λειτουργικό μπάνιο, αποτελώντας ιδανική επιλογή για οικογένειες, ζευγάρια ή επαγγελματίες που αναζητούν έναν σύγχρονο και άνετο χώρο κατοικίας. Κατασκευής 1980 και πλήρως ανακαινισμένο, συνδυάζει την αισθητική με τη λειτουργικότητα, προσφέροντας κεντρική θέρμανση πετρελαίου, κουφώματα αλουμινίου με διπλά ενεργειακά τζάμια, πόρτα ασφαλείας, τέντες και δάπεδα από μάρμαρο και ξύλο που χαρίζουν κομψότητα και ζεστή ατμόσφαιρα στους χώρους. Η προνομιακή του θέση, η ποιοτική ανακαίνιση και η άνετη διαρρύθμιση το καθιστούν μια εξαιρετική επιλογή για όσους επιθυμούν μια κατοικία που συνδυάζει ποιότητα, άνεση και εύκολη καθημερινή μετακίνηση.<br><br />
 <br><br />
Τιμή 750€ | Κωδικός Ακινήτου: #12655<br><br />
 <br><br />
ΚΑΤΑ ΤΗΝ ΥΠΟΔΕΙΞΗ ΤΟΥ ΑΚΙΝΗΤΟΥ ΑΠΑΙΤΕΙΤΑΙ ΝΑ ΓΙΝΕΤΑΙ ΕΠΙΔΕΙΞΗ ΤΗΣ ΑΣΤΥΝΟΜΙΚΗΣ ΣΑΣ ΤΑΥΤΟΤΗΤΑΣ ΣΥΜΦΩΝΑ ΜΕ ΤΟΝ Ν.4072/11-04-2012 Φ.Ε.Κ 86Α<br /><br />ΤΑ ΣΤΟΙΧΕΙΑ ΤΩΝ ΑΚΙΝΗΤΩΝ ΕΙΝΑΙ ΚΑΤΑ ΔΗΛΩΣΗ ΤΟΥ ΙΔΙΟΚΤΗΤΗ<br /><br />ΑΚΙΝΗΤΑ ΑΠΟΚΛΕΙΣΤΙΚΗΣ ΔΙΑΘΕΣΗΣ ΜΕ ΦΩΤΟΓΡΑΦΙΕΣ ΠΟΥ ΔΙΑΧΕΙΡΙΖΕΤΑΙ Η ΕΤΑΙΡΙΑ ΜΑΣ ΘΑ ΒΡΕΙΤΕ ΣΤΗΝ ΙΣΤΟΣΕΛΙΔΑ ΜΑΣ<br /><br /> ►WEBSITE: www.tzelihome.gr<br /><br /> ✔ ΓΙΑ ΤΗΝ ΚΑΛΥΤΕΡΗ ΕΞΥΠΗΡΕΤΗΣΗ ΣΑΣ ΧΡΗΣΙΜΟΠΟΙΕΙΣΤΕ ΤΟΝ ΚΩΔΙΚΟ ΑΚΙΝΗΤΟΥ ΠΟΥ ΑΝΑΓΡΑΦΕΤΑΙ ΣΤΗΝ ΠΕΡΙΓΡΑΦΗ<br /> ✔ Η ΔΙΕΥΘΥΝΣΗ ΣΤΟΝ ΧΑΡΤΗ ΕΧΕΙ ΤΟΠΟΘΕΤΗΘΕΙ ΚΑΤΑ ΠΡΟΣΕΓΓΙΣΗ<br /> ✔ ΟΙ ΑΚΡΙΒΕΙΣ ΠΛΗΡΟΦΟΡΙΕΣ ΤΗΣ ΔΙΕΥΘΥΝΣΗΣ ΠΑΡΕΧΟΝΤΑΙ ΣΤΗΝ ΥΠΟΔΕΙΞΗ ΤΟΥ ΑΚΙΝΗΤΟΥ<br /><br /> ΜΕΣΙΤΙΚΟ ΓΡΑΦΕΙΟ TZELI HOME<br /> ΥΜΗΤΤΟΥ 41 , ΚΑΙΣΑΡΙΑΝΗ , ΤΚ 16121<br /><br /> ΕΠΙΚΟΙΝΩΝΗΣΤΕ ΜΑΖΙ ΜΑΣ:<br /> ►WEBSITE : www.tzelihome.gr<br /> ►E-MAIL : tzelihome@gmail.com<br /> ►ΚΙΝΗΤΟ : 6906.062.919 <br /> ►ΤΗΛΕΦΩΝΟ : 211.001.4573 & 211.001.4574<br>","4500",,"0","1","7","0","0","2026-07-23","8","6","0","no","no","0","Αθήνα - Κέντρο (Αττική)","Νέος Κόσμος (Αθήνα - Κέντρο)","1","105103","100","2033","5147","Double","2","1","0","0","1","1220468982","https://m3.spitogatos.gr/363005303_1600x1200.jpg?v=20130730","https://m1.spitogatos.gr/363005304_1600x1200.jpg?v=20130730","https://m2.spitogatos.gr/363005305_1600x1200.jpg?v=20130730","https://m1.spitogatos.gr/363005307_1600x1200.jpg?v=20130730","https://m2.spitogatos.gr/363005308_1600x1200.jpg?v=20130730","https://m2.spitogatos.gr/363005311_1600x1200.jpg?v=20130730","https://m3.spitogatos.gr/363005312_1600x1200.jpg?v=20130730","https://m2.spitogatos.gr/363005314_1600x1200.jpg?v=20130730","https://m1.spitogatos.gr/363005316_1600x1200.jpg?v=20130730","https://m1.spitogatos.gr/363005319_1600x1200.jpg?v=20130730","https://m1.spitogatos.gr/363005322_1600x1200.jpg?v=20130730","https://m2.spitogatos.gr/363005323_1600x1200.jpg?v=20130730","https://m1.spitogatos.gr/363005325_1600x1200.jpg?v=20130730","https://m2.spitogatos.gr/363005326_1600x1200.jpg?v=20130730","https://m1.spitogatos.gr/363005328_1600x1200.jpg?v=20130730",,,,,,,,,,,"0","0","2","1","37.960083",,"1","1","23.730398","0","0","0","2026-07-23","0","0",,"0","0","1",,"3","0","0","0",,"0","0","0","750",,,"0","0","0","0","9.38",,,"1","3","6","1","1","2026","0","1","2","0","1",,"0","80","0",,,"0","1","0","2026-07-23","https://www.spitogatos.gr/en/property/1220468982","0",,"1980","bVFGlKXgUdw","residential"
"1","5","no","simple","1",,,,,"1","0","0","0","2026-07-10","0","0","0","0","1","0",,"house",,,"0","Κωδικός ακινήτου: 49-4668 - Νέος Κόσμος Κέντρο  ΕΝΟΙΚΙΑΖΕΤΑΙ     διαμέρισμα  στον 5 ο όροφο συνολικής επιφάνειας 100.00 τ.μ.  . Αποτελείται από 2 υπνοδωμάτια, σαλόνι, κουζίνα, μπάνιο . Είναι κατασκευασμένο το 1980 με ενεργειακή κλάση Δ και ανακαινίστηκε το 2026. Διαθέτει θέρμανση κεντρική - φυσικό αέριο, θέα σε ανοιχτό ορίζοντα, κουφώματα αλουμινίου, πατώματα από πλακάκι και ξύλο, πόρτα ασφαλείας, εντοιχιζόμενες ντουλάπες, ανελκυστήρα, A/C, διπλά τζάμια, ανοιχτωσιά     απόσταση από μετρό 350 μέτρα - Τιμή: 900 €  <br>Διατίθεται απο το γραφείο μας:Ρετιρέ διαμέρισμα 5ου ορόφου στον Νέο Κόσμο έτους κατασκύης 1980.Το διαμέρισμα ανακαινίστηκε το 2026 και διαθέτει 2 υπνοδωμάτια,σαλόνι,μπάνιο κουζίνα με εντοιχισμένη ηλεκτρική εστία και φούρνο .Το διαμέρισμα διαθέτει ανελκυστήρα για εύκολη πρόσβαση,κουφώματα αλουμινίου,πόρτα ασφαλείας και μεγάλη βεράντα με θέα την Ακρόπολη καθώς και δύο μπαλκόνια.Το διαμέρισμα βρίσκεται πλησίον του μετρο Νέου Κόσμου(350 μέτρα),κόντα σε καταστήματα,εστιατόρια και καθημερίνες αναγκές και έχει πατώματα με πλακάκι και ξύλο. <br>Τηλ: (+30)210 2201935 ,  e-mail: info@remaxlysis.com<br />
www.remax-lysis.gr<br />
<br />
| Οι πληροφορίες και τα χαρακτηριστικά των ακινήτων έχουν καταχωρηθεί βάσει των πληροφοριών και στοιχείων που προσκόμισε ο εντολέας.<br />
| Το σημείο στο χάρτη δεν ανταποκρίνεται στην πραγματική διεύθυνση του ακινήτου.<br />
| Όλα τα ακίνητα που προβάλλουμε μέσω internet είναι διαθέσιμα, καθώς γίνεται συνεχής ενημέρωση και αποσύρονται τα μη διαθέσιμα.<br />
| Κατά την υπόδειξη του ακινήτου είναι απαραίτητη η αστυνομική ταυτότητα ή ο Α.Φ.Μ, σύμφωνα με τον Νόμο Ν.4072/2012 - ΦΕΚ 86/Α/11-4-2012",,,,"1","6","1","0","2026-07-10","10","10","0","no","no","0","Αθήνα - Κέντρο (Αττική)","Νέος Κόσμος (Αθήνα - Κέντρο)","1","105103","100","2033","5144","Double","2","2","0","0","1","1220352846","https://m3.spitogatos.gr/361238285_1600x1200.jpg?v=20130730","https://m2.spitogatos.gr/361238287_1600x1200.jpg?v=20130730","https://m3.spitogatos.gr/361238288_1600x1200.jpg?v=20130730","https://m2.spitogatos.gr/361238290_1600x1200.jpg?v=20130730","https://m3.spitogatos.gr/361238291_1600x1200.jpg?v=20130730","https://m1.spitogatos.gr/361238292_1600x1200.jpg?v=20130730","https://m2.spitogatos.gr/361238293_1600x1200.jpg?v=20130730","https://m3.spitogatos.gr/361238294_1600x1200.jpg?v=20130730","https://m3.spitogatos.gr/361238297_1600x1200.jpg?v=20130730",,,,,,,,,,,,,,,,,"0","0","2","1","37.958408",,,"1","23.728168","0",,,"2026-07-10","0","0",,"0","0","1",,,"1","1","0",,"0","0","0","900",,,"0","0","0","0","9",,,"1","3","6","1","0",,"0","2","2","0","1",,"0","100","0",,"Κριτίου 11, 117 44, Αθήνα","1","1","0","2026-07-10","https://www.spitogatos.gr/en/property/1220352846","1","0","1980",,"residential"
"1","2","no","simple","1",,,,,"0","0","0","0","2026-07-28","0","1","0","0","0","0",,"house","0",,"0","Διαμέρισμα Προς Ενοικίαση, όροφος: 2ος, στην περιοχή: Δάφνη. Το εμβαδόν του ακινήτου είναι 83 τ.μ.. Αποτελείται από: 2 Υ/Δ, 1 μπάνιο/α. Έχει κατασκευαστεί το 1975 και ανακαινίστηκε το 2023. Η θέρμανση του ακινήτου είναι Κεντρική με Πετρέλαιο, ενώ επίσης διατίθεται Κλιματισμός, έχει κουφώματα Αλουμινίου με Διπλά τζάμια, ενεργειακό πιστοποιητικό: Β και τα δάπεδα είναι: Πλακάκια. Η κατάστασή του είναι: Ανακαινισμένο, Πολύ καλή, βρίσκεται κοντά σε Μετρό, Συγκοινωνίες, Πλατεία, Εμπορικό Κέντρο. Το ακίνητο είναι Προσόψεως και επίσης διαθέτει τα παρακάτω χαρακτηριστικά και πλεονεκτήματα: Τέντες, Ηλεκτρ. Συσκευές, Αποθήκη, Πόρτα Ασφαλείας.Χωρις ασανσερ. Τιμή: €790. THELO SPITI Premium Real Estate, Τηλέφωνο Επικοινωνίας: 2109681533, email: info@iwanthome.gr, website: www.thelospiti.gr",,,"0","0","4","1","0","2026-07-28","7","4","0","no","no","0","Αθήνα - Νότια Προάστια (Αττική)","Δάφνη (Αθήνα - Νότια Προάστια)","1","105103","102","2209",,"Double","2","1","0","0","1","1220508256","https://m2.spitogatos.gr/363570418_1600x1200.jpg?v=20130730","https://m1.spitogatos.gr/363570420_1600x1200.jpg?v=20130730","https://m3.spitogatos.gr/363570422_1600x1200.jpg?v=20130730","https://m1.spitogatos.gr/363570423_1600x1200.jpg?v=20130730","https://m3.spitogatos.gr/363570425_1600x1200.jpg?v=20130730","https://m2.spitogatos.gr/363570427_1600x1200.jpg?v=20130730","https://m1.spitogatos.gr/363570429_1600x1200.jpg?v=20130730","https://m1.spitogatos.gr/363570432_1600x1200.jpg?v=20130730","https://m1.spitogatos.gr/363570435_1600x1200.jpg?v=20130730","https://m3.spitogatos.gr/363570437_1600x1200.jpg?v=20130730","https://m3.spitogatos.gr/363570440_1600x1200.jpg?v=20130730","https://m1.spitogatos.gr/363570444_1600x1200.jpg?v=20130730","https://m3.spitogatos.gr/363570446_1600x1200.jpg?v=20130730","https://m1.spitogatos.gr/363570456_1600x1200.jpg?v=20130730","https://m3.spitogatos.gr/363570467_1600x1200.jpg?v=20130730","https://m2.spitogatos.gr/363570469_1600x1200.jpg?v=20130730","https://m1.spitogatos.gr/363570471_1600x1200.jpg?v=20130730","https://m1.spitogatos.gr/363570474_1600x1200.jpg?v=20130730",,,,,,,,"0","0","2","0","37.947933",,"1","0","23.732182","0","0","0","2026-07-28","0","0",,"0","0","1",,,"0","0","0",,"0","0","0","790",,,"0","0","0","0","9.52",,,"1","3","6","1","1","2023","0",,"2","0","1",,"0","83","1",,,"0","1","0","2026-07-28","https://www.spitogatos.gr/en/property/1220508256","0","0","1975",,"residential"
"1","Ground Floor","no","simple","1",,,,,"0","1","0","0","2026-04-21","0","0","0","0","1","0",,"house","0",,"1","Διαμέρισμα Προς Ενοικίαση, όροφος: Ισόγειο, στην περιοχή: Νέος Κόσμος. Το εμβαδόν του ακινήτου είναι 85 τ.μ.. Αποτελείται από: 2 Υ/Δ, 1 μπάνιο/α, 1 κουζίνα/ες, 1 σαλόνι/α. Έχει κατασκευαστεί το 1978 και ανακαινίστηκε το 2026. Η θέρμανση του ακινήτου είναι Αυτόνομη με Πετρέλαιο, ενώ επίσης διατίθεται Κλιματισμός, Boiler, έχει κουφώματα Αλουμινίου με Διπλά τζάμια, ενεργειακό πιστοποιητικό: Β+ και τα δάπεδα είναι: Πλακάκια. Η κατάστασή του είναι: Ανακαινισμένο, Φρεσκοβαμμένο, βρίσκεται κοντά σε Μετρό, Συγκοινωνίες, Πλατεία, Super Market, έχει θέα Αστικό τοπίο. Το ακίνητο είναι Επιπλωμένο, Γωνιακό, Φωτεινό, Ευάερο, είναι κατάλληλο για Συγκατοίκηση και επίσης διαθέτει τα παρακάτω χαρακτηριστικά και πλεονεκτήματα: Σίτες, Ηλεκτρ. Συσκευές, Κήπος, Συναγερμός, Χωρίς Κοινόχρηστα, Επιτρέπονται Κατοικίδια, Ησυχη γειτονιά. Τιμή: €750. Lionbridge, Τηλέφωνο Επικοινωνίας: 2109969646, 6980980431, email: info@lionbridge.gr",,,"0","0","3","0","0","2026-04-21","3","4","0","yes","no","1","Αθήνα - Κέντρο (Αττική)","Νέος Κόσμος (Αθήνα - Κέντρο)","1","105103","100","2033",,"Double","1","1","0","0","1","1219750022","https://m1.spitogatos.gr/351125952_1600x1200.jpg?v=20130730","https://m2.spitogatos.gr/351125956_1600x1200.jpg?v=20130730","https://m1.spitogatos.gr/351125958_1600x1200.jpg?v=20130730","https://m1.spitogatos.gr/351125961_1600x1200.jpg?v=20130730","https://m1.spitogatos.gr/351125964_1600x1200.jpg?v=20130730","https://m3.spitogatos.gr/351125966_1600x1200.jpg?v=20130730","https://m3.spitogatos.gr/351125969_1600x1200.jpg?v=20130730","https://m2.spitogatos.gr/351125971_1600x1200.jpg?v=20130730","https://m1.spitogatos.gr/351125973_1600x1200.jpg?v=20130730","https://m2.spitogatos.gr/351125977_1600x1200.jpg?v=20130730","https://m1.spitogatos.gr/351125982_1600x1200.jpg?v=20130730","https://m2.spitogatos.gr/351125986_1600x1200.jpg?v=20130730","https://m3.spitogatos.gr/351125990_1600x1200.jpg?v=20130730","https://m2.spitogatos.gr/351125992_1600x1200.jpg?v=20130730","https://m2.spitogatos.gr/351125995_1600x1200.jpg?v=20130730","https://m3.spitogatos.gr/351125996_1600x1200.jpg?v=20130730","https://m3.spitogatos.gr/351125999_1600x1200.jpg?v=20130730","https://m1.spitogatos.gr/351126003_1600x1200.jpg?v=20130730",,,,,,,,"0","0","2","1","37.954563",,"1","1","23.724955","0","0","0","2026-07-20","0","0",,"0","0","1",,,"0","0","1","1","0","0","0","750","2026-07-20 16:52:39","10","0","0","0","0","8.82","830","true","1","3","6","1","1","2026","0",,"2","0","0",,"0","85","0",,,"0","1","0","2026-04-21","https://www.spitogatos.gr/en/property/1219750022","1","0","1978",,"residential"
"0","2","no","simple","1",,,,,"1","0","0","0","2026-06-22","0","0","1","0","1","0",,"house","0",,"1","Στην καρδιά του Νέου Κόσμου, σε κομβικό σημείο με άμεση πρόσβαση στο κέντρο της Αθήνας, διατίθεται προς ενοικίαση σύγχρονο διαμέρισμα 110 τ.μ., στον 2ο όροφο. Το ακίνητο αποτελεί ιδανική επιλογή για όσους επιθυμούν άνεση, λειτουργικότητα και άμεση πρόσβαση σε μέσα μαζικής μεταφοράς και βασικές υπηρεσίες. Αποτελείται από τρία υπνοδωμάτια, εκ των οποίων το ένα είναι master, ευρύχωρο σαλόνι, λειτουργική κουζίνα, μπάνιο, WC και διαθέτει μία θέση στάθμευσης στην πιλοτή, προσφέροντας πρακτικότητα και ασφάλεια.<br />
<br />
Η κατοικία είναι νεόδμητη, κατασκευής του 2010, με μοντέρνα κατασκευή και ποιοτικά υλικά, διαθέτοντας αυτόνομη θέρμανση με φυσικό αέριο, ηλιακό θερμοσίφωνα, καλοριφέρ, κουφώματα αλουμινίου με διπλά τζάμια και δάπεδα από πλακάκι, εξασφαλίζοντας ενεργειακή απόδοση και άνεση όλες τις εποχές του χρόνου. Η καλή θέα προς το αστικό τοπίο προσφέρει αίσθηση ελευθερίας και φωτεινότητας, ενώ το διαμέρισμα είναι γωνιακό, προσόψεως, φωτεινό, ευάερο, ευήλιο και διαμπερές.<br />
<br />
Η τοποθεσία του είναι εξαιρετική, καθώς βρίσκεται μόλις 2 λεπτά από τον σταθμό του Μετρό, κοντά σε στάσεις Τραμ και λοιπές συγκοινωνίες, σχολεία, πανεπιστήμια, λαϊκή αγορά, σούπερ μάρκετ, παιδικούς σταθμούς, εκκλησίες, πλατείες, καταστήματα εστίασης, μουσεία και κέντρα διασκέδασης. Απέχει μόλις 6 λεπτά από το κέντρο της πόλης και είναι ιδανική επιλογή για όσους αναζητούν άνεση σε συνδυασμό με την καθημερινή εξυπηρέτηση και άμεση σύνδεση με όλα τα σημεία ενδιαφέροντος της Αθήνας.<br />
<br />
Το διαμέρισμα διαθέτει επίσης ανελκυστήρα, εσωτερικό ασανσέρ, αποθήκη, ασφαλείας θύρα, θυροτηλεόραση, τριφασικό ρεύμα, ηλεκτρικά ρολά και μεγάλη βεράντα για στιγμές χαλάρωσης. Είναι κατάλληλο για επαγγελματική χρήση, συγκατοίκηση και δέχεται κατοικίδια, σε μία ήσυχη και φιλική γειτονιά. Αποτελεί μια μοναδική πρόταση μίσθωσης για όσους αναζητούν έναν σύγχρονο και άνετο χώρο κατοικίας στον Νέο Κόσμο.  <br />
<br />
Η τοποθεσία του ακινήτου έχει εξαιρετική βαθμολογία βαδισιμότητας 98%. Συγκεκριμένα μέσα σε 15 λεπτά περπάτημα έχετε πρόσβαση σε σχολεία 200μ, εστιατόρια 100μ, supermarket 100μ, πάρκο 300μ, αγορά 200μ.  <br />
<br />
link: https://green-estate.gr/properties/diamerisma-pros-enoikiasi-sto-neo-kosmo-2305096<br />
<br />
GREEN Estate<br />
www.green-estate.gr<br />
τηλέφωνο επικοινωνίας: +302100100649<br />
e-mail: info@green-estate.gr<br />
SMS/Viber: +306947115712<br />
Facebook Messenger: https://m.me//green.estate.greece<br />
<br />
Για περισσότερες πληροφορίες μην διστάσετε να επικοινωνήστε μαζί μας!<br />
<br />
Το τεχνικό μας τμήμα, μπορεί να σας  υποστηρίξει κατά την διάρκεια όλης της διαδικασίας αγοράς με έμπειρους μηχανικούς, δικηγόρους και συμβολαιογράφους. <br />
<br />
Στις υπηρεσίες που παρέχουμε, συμπεριλαμβάνονται οι ανακαινίσεις και οι ενεργειακές αναβαθμίσεις κτιρίων και διαμερισμάτων.",,,"0","1","6","1","1","2026-06-22","7","4","1","no","yes","0","Αθήνα - Κέντρο (Αττική)","Νέος Κόσμος (Αθήνα - Κέντρο)","1","105103","100","2033","5144","Double","1","2","0","0","1","1220173219","https://m3.spitogatos.gr/358330082_1600x1200.jpg?v=20130730","https://m2.spitogatos.gr/358330084_1600x1200.jpg?v=20130730","https://m1.spitogatos.gr/358330086_1600x1200.jpg?v=20130730","https://m3.spitogatos.gr/358330088_1600x1200.jpg?v=20130730","https://m2.spitogatos.gr/358330090_1600x1200.jpg?v=20130730","https://m1.spitogatos.gr/358330092_1600x1200.jpg?v=20130730","https://m3.spitogatos.gr/358330094_1600x1200.jpg?v=20130730","https://m3.spitogatos.gr/358330097_1600x1200.jpg?v=20130730","https://m2.spitogatos.gr/358330099_1600x1200.jpg?v=20130730","https://m1.spitogatos.gr/358330101_1600x1200.jpg?v=20130730","https://m3.spitogatos.gr/358330103_1600x1200.jpg?v=20130730","https://m2.spitogatos.gr/358330105_1600x1200.jpg?v=20130730","https://m1.spitogatos.gr/358330107_1600x1200.jpg?v=20130730","https://m2.spitogatos.gr/358330108_1600x1200.jpg?v=20130730","https://m1.spitogatos.gr/358330110_1600x1200.jpg?v=20130730","https://m2.spitogatos.gr/358330111_1600x1200.jpg?v=20130730","https://m3.spitogatos.gr/358330112_1600x1200.jpg?v=20130730","https://m2.spitogatos.gr/358330114_1600x1200.jpg?v=20130730","https://m1.spitogatos.gr/358330116_1600x1200.jpg?v=20130730","https://m1.spitogatos.gr/358330119_1600x1200.jpg?v=20130730","https://m3.spitogatos.gr/358330121_1600x1200.jpg?v=20130730","https://m3.spitogatos.gr/358330124_1600x1200.jpg?v=20130730","https://m3.spitogatos.gr/358330127_1600x1200.jpg?v=20130730","https://m3.spitogatos.gr/358330130_1600x1200.jpg?v=20130730","https://m3.spitogatos.gr/358330133_1600x1200.jpg?v=20130730","0","0","2","1","37.952499",,"1","1","23.723969","0","0","0","2026-07-28","0","0",,"0","1","1",,,"0","0","0","1","0","0","0","1100",,,"0","0","0","0","10",,,"1","3","6","1","0",,"0","1","3","0","1",,"1","110","1","4",,"0","1","0","2026-06-22","https://www.spitogatos.gr/en/property/1220173219","1","1","2010","VrpXhOLwtuI","residential"
"1","Lower Ground","no","simple","1",,,,,"0","0","0","0","2026-06-05","0","0","0","0","1","0",,"house",,"9","0","Κωδικός ακινήτου: S-406 - Νέος Κόσμος Κυνοσάργους  ΕΝΟΙΚΙΑΖΕΤΑΙ   ανακαινισμένη επιπλωμένη γκαρσονιέρα/studio  ημιυπόγειο συνολικής επιφάνειας 40.00 τ.μ.  . Αποτελείται από 1 υπνοδωμάτιο,  σαλοκουζίνα, μπάνιο . Είναι κατασκευασμένη το 1975 με ενεργειακή κλάση Ε και ανακαινίστηκε το 2026. Διαθέτει θέρμανση ατομική - ηλεκτρικό, θέα σε αστικό τοπίο, κουφώματα αλουμινίου, μαρμάρινα πατώματα, πόρτα ασφαλείας, ντουλάπες, A/C, ηλεκτρικές συσκευές, σίτες, διπλά τζάμια, ηλιακό θερμοσίφωνα, boiler, οπτικές ίνες     απόσταση από μετρό 350 μέτρα - Τιμή: 680 €  <br>Ένας χώρος που δεν χρειάζεται τίποτα - απλώς να μπεις και να τον ζήσεις.<br><br>Στον Νέο Κόσμο, σε ήσυχο σημείο με άμεση πρόσβαση στο μετρό, διατίθεται για βραχυχρόνια μίσθωση πλήρως ανακαινισμένη (2026) και επιπλωμένη γκαρσονιέρα 40 τ.μ., ιδανική για επαγγελματίες, digital nomads ή όσους αναζητούν άνεση χωρίς δεσμεύσεις.<br><br>Η διαρρύθμιση είναι προσεγμένη και λειτουργική: άνετη σαλονοκουζίνα για χαλάρωση και εργασία, ξεχωριστό υπνοδωμάτιο με ντουλάπα και μοντέρνο μπάνιο που ολοκληρώνει την αίσθηση καθαριότητας και ανανέωσης.<br><br>Το ακίνητο προσφέρεται πλήρως επιπλωμένο και εξοπλισμένο με όλες τις ηλεκτρικές συσκευές - έτοιμο να καλύψει κάθε ανάγκη από την πρώτη ημέρα.- Πλήρης ανακαίνιση 2026<br>- Θερμαινόμενο πάτωμα & ατομική θέρμανση<br>- Πλήρως επιπλωμένο & εξοπλισμένο<br>- Ηλιακός θερμοσίφωνας<br>- Πατάρι για αποθήκευση<br>- Σίτες & ασανσέρ<br>- Ελάχιστα κοινόχρηστα<br><br>Η τοποθεσία, σε απόσταση αναπνοής από μετρό και αγορά, προσφέρει εύκολη πρόσβαση σε όλη την Αθήνα - ιδανικό για άνετη και ευέλικτη διαμονή.<br><br><strong>Όροι μίσθωσης:</strong><br>- Δεν επιτρέπονται κατοικίδια<br>- Δεν ενδείκνυται για οικογένειες με παιδιά<br>- Απαραίτητη η προσεκτική χρήση και διατήρηση του χώρου<br><br><strong>Μίσθωμα: 680€</strong><br><br>Ένας σύγχρονος, προσεγμένος χώρος για όσους θέλουν κάτι ποιοτικό και άμεσα διαθέσιμο.<br><br>Δείτε περισσότερα ακίνητα στο www.brightliving.gr<br><br />
info@brightliving.gr<br><br />
2130885441 - 6947590999<br><br>Χαροκόπου 115-117, Καλλιθέα Αθήνα<br>ΤΚ: 17676<br />
<strong>Ώρες Λειτουργίας:<br></strong>Δευτέρα: 10:00 - 18:00<br>Τρίτη: 10:00 - 18:00<br>Τετάρτη: 10:00 - 18:00<br>Πέμπτη: 10:00 - 18:00<br>Παρασκευή: 10:00 - 18:00<br>Σάββατο: ΚΛΕΙΣΤΑ<br>Κυριακή: ΚΛΕΙΣΤΑ <br>",,,,"0","7","1","0","2026-05-05","2","1","0","yes","no","0","Αθήνα - Κέντρο (Αττική)","Νέος Κόσμος (Αθήνα - Κέντρο)","1","105103","100","2033","5147","Double","4","4","0","0","1","1219827034","https://m3.spitogatos.gr/352403984_1600x1200.jpg?v=20130730","https://m3.spitogatos.gr/352403993_1600x1200.jpg?v=20130730","https://m1.spitogatos.gr/352404000_1600x1200.jpg?v=20130730","https://m2.spitogatos.gr/352404007_1600x1200.jpg?v=20130730","https://m3.spitogatos.gr/352404014_1600x1200.jpg?v=20130730","https://m2.spitogatos.gr/352404019_1600x1200.jpg?v=20130730","https://m2.spitogatos.gr/352404025_1600x1200.jpg?v=20130730","https://m1.spitogatos.gr/352404036_1600x1200.jpg?v=20130730","https://m3.spitogatos.gr/352404047_1600x1200.jpg?v=20130730","https://m3.spitogatos.gr/352404059_1600x1200.jpg?v=20130730","https://m1.spitogatos.gr/352404075_1600x1200.jpg?v=20130730","https://m3.spitogatos.gr/352404089_1600x1200.jpg?v=20130730","https://m2.spitogatos.gr/352404100_1600x1200.jpg?v=20130730","https://m2.spitogatos.gr/352404112_1600x1200.jpg?v=20130730","https://m1.spitogatos.gr/352404129_1600x1200.jpg?v=20130730","https://m3.spitogatos.gr/352404143_1600x1200.jpg?v=20130730","https://m2.spitogatos.gr/352404157_1600x1200.jpg?v=20130730","https://m2.spitogatos.gr/352404169_1600x1200.jpg?v=20130730","https://m2.spitogatos.gr/352404178_1600x1200.jpg?v=20130730","https://m2.spitogatos.gr/352404187_1600x1200.jpg?v=20130730","https://m1.spitogatos.gr/352404207_1600x1200.jpg?v=20130730","https://m2.spitogatos.gr/352404211_1600x1200.jpg?v=20130730","https://m3.spitogatos.gr/352404215_1600x1200.jpg?v=20130730","https://m2.spitogatos.gr/352404229_1600x1200.jpg?v=20130730","https://m3.spitogatos.gr/352404245_1600x1200.jpg?v=20130730","0","0","2","1","37.962494",,,"1","23.729713","0",,,"2026-06-08","0","0",,"0","0","1","3",,"1","0","1",,"0","0","0","680",,,"0","0","0","0","17",,,"1","3","6","1","1","2026","0","2","1","0","1",,"1","40","0",,,"0","2","0","2026-05-05","https://www.spitogatos.gr/en/property/1219827034","1","0","1975","EWw2LtQqCLI","residential"
"1","2","no","simple","1",,,,,"1","0","0","0","2026-02-15","0","1","1","0","1","0",,"house","0",,"0","✨ ΕΝΟΙΚΙΑΖΕΤΑΙ – Υπέροχο Ανακαινισμένο Διαμέρισμα 77,20 τ.μ. στον Νέο Κόσμο  €750<br />
<br />
🏡 Μια εξαιρετική ευκαιρία κατοικίας σε μία από τις πιο περιζήτητες γειτονιές της Αθήνας!<br />
<br />
Στον Νέο Κόσμο, στην όμορφη και ήσυχη περιοχή του Κυνοσάργους, διατίθεται προς ενοικίαση ένα φωτεινό, διαμπερές και πλήρως λειτουργικό διαμέρισμα 77,20 τ.μ., στον 2ο όροφο πολυκατοικίας με ασανσέρ.<br />
<br />
Το ακίνητο συνδυάζει άνεση, πρακτικότητα και προνομιακή τοποθεσία, αποτελώντας ιδανική επιλογή για ζευγάρια, οικογένειες ή επαγγελματίες που επιθυμούν να ζουν κοντά στο κέντρο, χωρίς να στερούνται την ηρεμία μιας ποιοτικής γειτονιάς.<br />
<br />
🔹 Διαρρύθμιση<br />
<br />
✔ 2 άνετα υπνοδωμάτια<br />
✔ Ευρύχωρο και φωτεινό σαλόνι<br />
✔ Ανεξάρτητη κουζίνα<br />
✔ 1 μπάνιο<br />
✔ Μεγάλη βεράντα για στιγμές χαλάρωσης<br />
<br />
🔹 Χαρακτηριστικά που ξεχωρίζουν<br />
<br />
✅ Ανακαινισμένο & φρεσκοβαμμένο<br />
✅ Κλιματισμός<br />
✅ Διπλά τζάμια για καλύτερη θερμομόνωση και ηχομόνωση<br />
✅ Πόρτα ασφαλείας<br />
✅ Σίτες & τέντες<br />
✅ Ασανσέρ<br />
✅ Επιτρέπονται κατοικίδια<br />
✅ Φωτεινό, ευήλιο και ευάερο<br />
✅ Διαμπερές με άριστο φυσικό αερισμό<br />
✅ Ήσυχη γειτονιά με αστική θέα<br />
<br />
📍 Τοποθεσία που προσφέρει τα πάντα<br />
<br />
Μόλις λίγα λεπτά από Μετρό και Τραμ, με άμεση πρόσβαση στο κέντρο της Αθήνας. Βρίσκεται κοντά σε σχολεία, πάρκα, πλατείες, super market, λαϊκή αγορά, εμπορικά καταστήματα, χώρους εστίασης και διασκέδασης, καλύπτοντας κάθε καθημερινή ανάγκη.<br />
<br />
💰 Τιμή: €750 / μήνα<br />
<br />
📞 Dream Home PA<br />
Τηλ.: 211 199 5604<br />
✉️ dreamhomepa@dreamhomepa.gr<br />
<br />
🔥 Σπάνια ευκαιρία ενοικίασης στον Νέο Κόσμο! Ένα διαμέρισμα που συνδυάζει ιδανική τοποθεσία, άνετους χώρους και εξαιρετική σχέση ποιότητας–τιμής. Μην το χάσετε! 🏡✨",,,"0","1","6","1","0","2026-02-15","7","4","0","no","no","0","Αθήνα - Κέντρο (Αττική)","Νέος Κόσμος (Αθήνα - Κέντρο)","1","105103","100","2033","5147","Double",,,"0","0","1","1219389126","https://m3.spitogatos.gr/345082493_1600x1200.jpg?v=20130730","https://m2.spitogatos.gr/345082495_1600x1200.jpg?v=20130730","https://m1.spitogatos.gr/345082497_1600x1200.jpg?v=20130730","https://m2.spitogatos.gr/345082498_1600x1200.jpg?v=20130730","https://m3.spitogatos.gr/345082499_1600x1200.jpg?v=20130730","https://m2.spitogatos.gr/345082501_1600x1200.jpg?v=20130730","https://m1.spitogatos.gr/345082503_1600x1200.jpg?v=20130730","https://m2.spitogatos.gr/345082504_1600x1200.jpg?v=20130730","https://m2.spitogatos.gr/345082507_1600x1200.jpg?v=20130730","https://m2.spitogatos.gr/345082510_1600x1200.jpg?v=20130730","https://m2.spitogatos.gr/345082513_1600x1200.jpg?v=20130730","https://m2.spitogatos.gr/345082516_1600x1200.jpg?v=20130730","https://m1.spitogatos.gr/345082518_1600x1200.jpg?v=20130730","https://m2.spitogatos.gr/345082519_1600x1200.jpg?v=20130730","https://m1.spitogatos.gr/345082521_1600x1200.jpg?v=20130730","https://m3.spitogatos.gr/345082523_1600x1200.jpg?v=20130730","https://m1.spitogatos.gr/345082524_1600x1200.jpg?v=20130730","https://m1.spitogatos.gr/345082527_1600x1200.jpg?v=20130730","https://m3.spitogatos.gr/345082529_1600x1200.jpg?v=20130730","https://m2.spitogatos.gr/345082531_1600x1200.jpg?v=20130730","https://m2.spitogatos.gr/345082534_1600x1200.jpg?v=20130730","https://m3.spitogatos.gr/345082535_1600x1200.jpg?v=20130730","https://m2.spitogatos.gr/345082537_1600x1200.jpg?v=20130730","https://m1.spitogatos.gr/345082539_1600x1200.jpg?v=20130730","https://m2.spitogatos.gr/345082540_1600x1200.jpg?v=20130730","0","0","2","1","37.960938","0","1","1","23.732298","0","0","0","2026-07-28","0","0",,"0","0","1",,,"1","0","1","1","0","0","0","750",,,"0","0","0","0","9.74",,,"1","3","6","1","1","2010","0","1","2","0","1",,"0","77","0",,,"0","1","0","2026-02-15","https://www.spitogatos.gr/en/property/1219389126","1","0","1965",,"residential"
"1","2","no","simple","1",,,,,"1","0","0","0","2025-06-02","0","1","1","0","1",,,"house",,"15","1","Διαμέρισμα 40 τ.μ. στον 2ο όροφο, στο κέντρο της Αθήνας, σε εξαιρετική τοποθεσία μόλις 1 λεπτό από τον σταθμό μετρό Συγγρού-Φιξ και σε κοντινή απόσταση από τα σημαντικότερα σημεία του ιστορικού κέντρου. Αποτελείται από ενιαίο χώρο με διπλό κρεβάτι και καναπέ-κρεβάτι, ανοιχτή ντουλάπα, πάσο κουζίνας/φαγητού, πλήρως εξοπλισμένη κουζίνα και μπάνιο ιδιαίτερης αισθητικής, με καμπίνα ντουζιέρας, κρεμαστή λεκάνη και εντοιχισμένες μπαταρίες. Διαθέτει πόρτα ασφαλείας, τέσσερις ενεργειακές μπαλκονόπορτες αλουμινίου με θερμοδιακοπή και ηχομόνωση, περιμετρικό μπαλκόνι με κάθετα σκίαστρα και εξωτερικά ρολά, κλιματιστικό Tesla 18.000 BTU, 43” Smart TV, ηλεκτρική εστία, θερμοσίφωνα και ηλεκτρική πετσετοκρεμάστρα μπάνιου. Το διαμέρισμα είναι φωτεινό, ήσυχο και ιδιαίτερα λειτουργικό. Κατάλληλο για φοιτητές, εργαζόμενους ή digital nomads που επιθυμούν διαμονή στο κέντρο της πόλης με άνεση και υψηλή αισθητική. Διατίθεται και για βραχυχρόνια μίσθωση. Στην περιοχή υπάρχουν ιδιωτικοί χώροι στάθμευσης με χρέωση. Διαθέσιμο από 1/9/26.<br />
Τιμή: 750€, Κωδ. :  41749, Look2Book Τηλ: 2108940006, e-mail: info@look2book.gr, website: www.look2book.gr",,"1",,"1","2","0","0","2025-06-02","7",,"0","yes","no","0","Αθήνα - Κέντρο (Αττική)","Νέος Κόσμος (Αθήνα - Κέντρο)","1","105103","100","2033",,,"1","4","0","0","1","1217681265","https://m1.spitogatos.gr/351458019_1600x1200.jpg?v=20130730","https://m3.spitogatos.gr/351458024_1600x1200.jpg?v=20130730","https://m1.spitogatos.gr/351458028_1600x1200.jpg?v=20130730","https://m2.spitogatos.gr/351458032_1600x1200.jpg?v=20130730","https://m1.spitogatos.gr/351458037_1600x1200.jpg?v=20130730","https://m3.spitogatos.gr/351458042_1600x1200.jpg?v=20130730","https://m1.spitogatos.gr/351458049_1600x1200.jpg?v=20130730","https://m3.spitogatos.gr/351458054_1600x1200.jpg?v=20130730","https://m3.spitogatos.gr/351458060_1600x1200.jpg?v=20130730","https://m1.spitogatos.gr/351458067_1600x1200.jpg?v=20130730","https://m2.spitogatos.gr/351458071_1600x1200.jpg?v=20130730","https://m1.spitogatos.gr/351458076_1600x1200.jpg?v=20130730","https://m2.spitogatos.gr/351458080_1600x1200.jpg?v=20130730","https://m2.spitogatos.gr/351458083_1600x1200.jpg?v=20130730","https://m2.spitogatos.gr/351458086_1600x1200.jpg?v=20130730","https://m2.spitogatos.gr/351458089_1600x1200.jpg?v=20130730","https://m1.spitogatos.gr/351458094_1600x1200.jpg?v=20130730","https://m2.spitogatos.gr/351458098_1600x1200.jpg?v=20130730","https://m2.spitogatos.gr/351458101_1600x1200.jpg?v=20130730",,,,,,,"0","1",,"1","37.964085",,"1","0","23.728889","0",,,"2026-07-27","0","0",,"0","1","1",,,"1","0","0","1","0","0","0","750",,,"0","0","0","0","18.75",,,"1","3","6","1","1","2025","0",,"1","0","1",,"0","40","0",,,"0","2","0","2025-06-02","https://www.spitogatos.gr/en/property/1217681265","1",,"1970",,
"1","4","no","simple","1",,,,,"1","0","0","0","2026-05-04","0","1","0","0","1","0",,"house","0","30","0","Σε ένα από τα πλέον δυναμικά και ανερχόμενα σημεία της Αθήνας, λίγα μόλις βήματα από τον σταθμό μετρό Συγγρού-Φιξ και σε άμεση εγγύτητα με την Ακρόπολη, διατίθεται προς ενοικίαση ένα κομψά ανακαινισμένο διαμέρισμα 4ου ορόφου, που συνδυάζει άνεση, λειτουργικότητα και προνομιακή τοποθεσία.<br />
<br />
Με συνολική επιφάνεια 95 τ.μ., το ακίνητο αποτελεί ιδανική επιλογή για όσους επιθυμούν υψηλής ποιότητας αστική διαβίωση στο κέντρο της πόλης.<br />
<br />
Η Κατοικία<br />
<br />
Η εσωτερική διαρρύθμιση έχει σχεδιαστεί με γνώμονα την άνεση και την πρακτικότητα:<br />
<br />
Δύο (2) ευρύχωρα υπνοδωμάτια<br />
Ένα (1) μπάνιο & ένα (1) WC<br />
Άνετο καθιστικό με φυσικό φωτισμό<br />
Λειτουργική κουζίνα, πλήρως εξοπλισμένη<br />
<br />
Το διαμέρισμα είναι διαμπερές, φωτεινό και ευήλιο, με νοτιοδυτικό προσανατολισμό και ανοιχτή θέα σε πλατεία και αστικό τοπίο.<br />
<br />
Ανακαίνιση & Ποιότητα<br />
<br />
Αρχικής κατασκευής 1968, το ακίνητο ανακαινίστηκε πλήρως το 2021, προσφέροντας σύγχρονη αισθητική και αναβαθμισμένες παροχές:<br />
<br />
Κουφώματα αλουμινίου με διπλά τζάμια<br />
Δάπεδα από πλακάκι και laminate<br />
Ενεργειακή κλάση: Β<br />
Φρεσκοβαμμένο και άριστα συντηρημένο<br />
Άνεση & Παροχές<br />
Κλιματισμός<br />
Πλήρης επίπλωση<br />
Ηλεκτρικές συσκευές<br />
Πόρτα ασφαλείας<br />
Ασανσέρ<br />
Τέντες & σίτες<br />
Ευρύχωρη βεράντα<br />
Τοποθεσία<br />
<br />
Η θέση του ακινήτου αποτελεί ένα από τα ισχυρότερα πλεονεκτήματά του:<br />
<br />
65 μ. από το Μετρό Συγγρού-Φιξ<br />
600 μ. από το Μουσείο Ακρόπολης & την Ακρόπολη<br />
100 μ. από το ΕΜΣΤ (Εθνικό Μουσείο Σύγχρονης Τέχνης)<br />
700 μ. από το Πάντειον Πανεπιστήμιο<br />
<br />
Σε άμεση πρόσβαση σε συγκοινωνίες, αγορά, χώρους πολιτισμού, εστίασης και ψυχαγωγίας.<br />
<br />
Ιδανικό για<br />
Στελέχη και επαγγελματίες που εργάζονται στο κέντρο<br />
Διεθνείς ενοικιαστές (expats)<br />
Φοιτητές υψηλών απαιτήσεων<br />
Μακροχρόνια ή premium αστική διαμονή<br />
<br />
 Mobilia Real Estate, Τηλέφωνο Επικοινωνίας: 2107563200, email: info@mobilia.gr, website: https://www.mobilia.gr",,,"0","1","4","0","0","2026-05-04","9","4","0","yes","no","0","Αθήνα - Κέντρο (Αττική)","Νέος Κόσμος (Αθήνα - Κέντρο)","1","105103","100","2033","5147","Double","3",,"0","0","1","1219822535","https://m3.spitogatos.gr/353224604_1600x1200.jpg?v=20130730","https://m1.spitogatos.gr/353224608_1600x1200.jpg?v=20130730","https://m2.spitogatos.gr/353224612_1600x1200.jpg?v=20130730","https://m1.spitogatos.gr/352320981_1600x1200.jpg?v=20130730","https://m2.spitogatos.gr/352320982_1600x1200.jpg?v=20130730","https://m2.spitogatos.gr/352320985_1600x1200.jpg?v=20130730","https://m2.spitogatos.gr/352320988_1600x1200.jpg?v=20130730","https://m3.spitogatos.gr/357056702_1600x1200.jpg?v=20130730","https://m1.spitogatos.gr/357056703_1600x1200.jpg?v=20130730","https://m2.spitogatos.gr/352321006_1600x1200.jpg?v=20130730","https://m2.spitogatos.gr/352321009_1600x1200.jpg?v=20130730","https://m1.spitogatos.gr/352321014_1600x1200.jpg?v=20130730","https://m3.spitogatos.gr/352321034_1600x1200.jpg?v=20130730","https://m1.spitogatos.gr/352321038_1600x1200.jpg?v=20130730","https://m1.spitogatos.gr/352321041_1600x1200.jpg?v=20130730","https://m3.spitogatos.gr/352321049_1600x1200.jpg?v=20130730","https://m1.spitogatos.gr/352321053_1600x1200.jpg?v=20130730","https://m3.spitogatos.gr/352321058_1600x1200.jpg?v=20130730","https://m1.spitogatos.gr/352321062_1600x1200.jpg?v=20130730","https://m1.spitogatos.gr/352321071_1600x1200.jpg?v=20130730","https://m3.spitogatos.gr/352321079_1600x1200.jpg?v=20130730","https://m1.spitogatos.gr/352321089_1600x1200.jpg?v=20130730",,,,"0","0","2","1","37.964367",,"1","1","23.72768","0","0","0","2026-07-27","0","0",,"0","1","1",,"12","1","0","1",,"0","0","0","1100",,,"0","0","0","0","11.58",,,"1","3","6","1","1","2021","0",,"2","0","1",,"0","95","0",,,"0","1","0","2026-05-04","https://www.spitogatos.gr/en/property/1219822535","1","0","1968",,"residential"
"1","1","no","simple","1","Αλέξιος","81463","Κοσμόπουλος","6986109593","1","0","0","0","2026-07-13","0","0","1","0","1","0",,"house","0","30","0","Διατίθεται προς ενοικίαση ανακαινισμένο διαμέρισμα 72 τ.μ., 1ου ορόφου, στην περιοχή Νέος Κόσμος, Κυνοσάργους. Το ακίνητο αποτελείται από δύο υπνοδωμάτια, ένα μπάνιο, μία κουζίνα και ένα άνετο σαλόνι, προσφέροντας λειτουργική και σύγχρονη διαρρύθμιση. Κατασκευάστηκε το 1980 και ανακαινίστηκε πλήρως το 2026. Διαθέτει αυτόνομη θέρμανση με φυσικό αέριο, κλιματισμό και ηλιακό θερμοσίφωνα. Τα κουφώματα είναι αλουμινίου με διπλά ενεργειακά τζάμια, ενώ τα δάπεδα συνδυάζουν πλακάκι, ξύλο και μάρμαρο. Το ενεργειακό πιστοποιητικό είναι κατηγορίας Δ.<br />
<br />
Το διαμέρισμα είναι χωρίς έπιπλα, φωτεινό και διαμπερές, με όμορφη θέα σε πάρκο και το αστικό τοπίο. Διαθέτει ασανσέρ, πόρτα ασφαλείας και επιτρέπεται ένα κατοικίδιο. Βρίσκεται σε εξαιρετική τοποθεσία, κοντά σε συγκοινωνίες, σχολεία, το κέντρο της πόλης, την αγορά και χώρους εστίασης, ενώ η ήσυχη γειτονιά προσφέρει άνετη και ποιοτική διαμονή.<br />
<br />
Διαθέσιμο από 20/07/2026.<br />
<br />
📍 Η αναφερόμενη τοποθεσία είναι ενδεικτική. Για περισσότερες πληροφορίες ή προγραμματισμό επίσκεψης:<br />
<br />
KOSMOS REAL ESTATE<br />
📞 Υπεύθυνος Ακινήτου: Αλέξης – 6986109593<br />
📧 info@kosmosrealestate.gr<br />
🌐 www.kosmosrealestate.gr",,,"0","1","6","0","0","2026-07-13","6","6","0","no","no","0","Αθήνα - Κέντρο (Αττική)","Νέος Κόσμος (Αθήνα - Κέντρο)","1","105103","100","2033","5147","Double","1","2","0","0","1","1220369164","https://m1.spitogatos.gr/361491732_1600x1200.jpg?v=20130730","https://m1.spitogatos.gr/361491735_1600x1200.jpg?v=20130730","https://m1.spitogatos.gr/361491738_1600x1200.jpg?v=20130730","https://m3.spitogatos.gr/361491740_1600x1200.jpg?v=20130730","https://m2.spitogatos.gr/361491742_1600x1200.jpg?v=20130730","https://m1.spitogatos.gr/361491744_1600x1200.jpg?v=20130730","https://m2.spitogatos.gr/361491745_1600x1200.jpg?v=20130730","https://m2.spitogatos.gr/361491748_1600x1200.jpg?v=20130730","https://m2.spitogatos.gr/361491751_1600x1200.jpg?v=20130730","https://m2.spitogatos.gr/361491754_1600x1200.jpg?v=20130730","https://m1.spitogatos.gr/361491756_1600x1200.jpg?v=20130730","https://m2.spitogatos.gr/361491760_1600x1200.jpg?v=20130730","https://m3.spitogatos.gr/361491767_1600x1200.jpg?v=20130730","https://m2.spitogatos.gr/361491772_1600x1200.jpg?v=20130730","https://m1.spitogatos.gr/361491774_1600x1200.jpg?v=20130730","https://m2.spitogatos.gr/361491775_1600x1200.jpg?v=20130730",,,,,,,,,,"0","0","2","1","37.963547",,"1","1","23.731993","0","0","0","2026-07-27","0","0",,"0","0","1",,,"0","0","0","1","0","0","0","870",,,"0","0","0","0","12.08",,,"1","3","6","1","1","2026","0","2","2","0","1",,"1","72","0",,,"0","1","0","2026-07-13","https://www.spitogatos.gr/en/property/1220369164","1","0","1980",,"residential"
"0","5","no","simple","1",,,,,"1","1","0","0","2026-05-02","0","0","1","1","1",,"false","house",,"15","0","Νέος Κόσμος, Κέντρο: Ενοικιάζεται νεόδμητο διαμπερές Διαμέρισμα 82τ.μ. προσόψεως στον 5ο όροφο με ασανσέρ με αυτόνομη θέρμανση φυσικού αερίου. Αποτελείται από 2 υπνοδωμάτια, 1 κουζίνα, 1 σαλόνι, αποθήκη και μπάνιο. Είναι κατασκευασμένο το 2024, βαμμένο και διαθέτει θεα στην πόλη, κουφώματα αλουμινίου με διπλά τζάμια, πόρτα ασφαλείας, εξωτερική (καλυμμένη) θέση στάθμευσης, ενεργειακή κλάση B+, δάπεδα από πλακάκι, συναγερμό. Είναι ιδανικό για φοιτητές ή οικογένειες ή εργαζόμενους και επιτρέπονται τα κατοικίδια. Τιμή 1.100€ | Κωδικός Ακινήτου: #21002-12349<br>","6000","1",,"1","3","1","0","2026-05-04","10","4","0","no","yes","0","Αθήνα - Κέντρο (Αττική)","Νέος Κόσμος (Αθήνα - Κέντρο)","1","105103","100","2033","5145",,"1","2","0","0","1","1219818432","https://m3.spitogatos.gr/352260197_1600x1200.jpg?v=20130730","https://m3.spitogatos.gr/352260206_1600x1200.jpg?v=20130730","https://m2.spitogatos.gr/352260208_1600x1200.jpg?v=20130730","https://m3.spitogatos.gr/352260227_1600x1200.jpg?v=20130730","https://m3.spitogatos.gr/352260230_1600x1200.jpg?v=20130730","https://m3.spitogatos.gr/352260233_1600x1200.jpg?v=20130730","https://m1.spitogatos.gr/352260237_1600x1200.jpg?v=20130730","https://m2.spitogatos.gr/352260262_1600x1200.jpg?v=20130730","https://m2.spitogatos.gr/352260265_1600x1200.jpg?v=20130730","https://m3.spitogatos.gr/352260269_1600x1200.jpg?v=20130730","https://m1.spitogatos.gr/352260273_1600x1200.jpg?v=20130730","https://m2.spitogatos.gr/352260277_1600x1200.jpg?v=20130730","https://m1.spitogatos.gr/352260288_1600x1200.jpg?v=20130730",,,,,,,,,,,,,"0","0","2","1","37.956581",,"1","1","23.720795","0",,,"2026-05-04","0","0","1","0","0","1",,"2","1","0","0","1","0","0","0","1100",,,"0","0","0","0","13.41",,,"1","3","6","1","0",,"0","1","2","0","1",,"0","82","1",,,"1","1","0","2026-05-04","https://www.spitogatos.gr/en/property/1219818432","1",,"2024",,"residential"
